지방청,총괄국명,관내국,우편번호,주소,전화번호
서울청,서울지방우정청,서울지방우정청,03187,"서울특별시 종로구 종로 6 (서린동, 서울지방우정청)",02-6967-9116
서울청,서울중앙우체국,동국대학교우편취급국,04620,"서울특별시 중구 필동로1길 30 (장충동2가,동국대학교)",02-2290-1451
서울청,서울중앙우체국,서울소공동우체국,04526,서울특별시 중구 남대문로1길 34 (북창동),02-757-2660
서울청,서울중앙우체국,서울신당1동우편취급국,04610,서울 중구 다산로29길 23 (신당동),02-2252-5365
서울청,서울중앙우체국,서울신당동우체국,04590,서울특별시 중구 다산로 128-8 (신당동),02-2236-0606
서울청,서울중앙우체국,서울신당현대우편취급국,04584,서울 중구 다산로36나길 7 (신당동),02-2232-3316
서울청,서울중앙우체국,서울역전우체국,04509,서울특별시 중구 통일로 21 (봉래동2가),02-757-1140
서울청,서울중앙우체국,서울을지로4가우체국,04549,서울특별시 중구 을지로 154-2 (을지로4가),02-2273-6505
서울청,서울중앙우체국,서울중앙우체국,04535,서울특별시 중구 소공로 70 (충무로1가),02-6450-1114
서울청,서울중앙우체국,서울충무로2가우체국,04553,서울특별시 중구 삼일대로6길 5 (충무로2가),02-2278-0038
서울청,서울중앙우체국,서울태평로우체국,04512,서울특별시 중구 칠패로 42 (봉래동1가),02-6949-6941
서울청,서울중앙우체국,서울퇴계로5가우체국,04618,서울특별시 중구 퇴계로 270 (장충동2가),02-2273-6508
서울청,서울중앙우체국,서울회현동우편취급국,04635,서울 중구 퇴계로6길 18 (남창동),02-756-3377
서울청,서울중앙우체국,서울흥인동우체국,04569,서울특별시 중구 다산로 253 (흥인동),02-2236-0500
서울청,광화문우체국,광화문우체국,03187,"서울특별시 종로구 종로 6 (서린동,광화문우체국)",02-3703-9011
서울청,광화문우체국,상명대학교우편취급국,03016,"서울특별시 종로구 홍지문2길 20 (홍지동,상명대학교)",02-2287-5272
서울청,광화문우체국,서울내수동우편취급국,03173,"서울특별시 종로구 새문안로3길 30, 지하121호",02-730-5497
서울청,광화문우체국,서울대학교병원우편취급국,03080,서울특별시 종로구 대학로 101 (연건동),02-742-4005
서울청,광화문우체국,서울삼청동우체국,03050,서울특별시 종로구 북촌로 112 (삼청동),02-736-3005
서울청,광화문우체국,서울세검정우체국,03018,서울특별시 종로구 세검정로 258 (신영동),02-379-0141
서울청,광화문우체국,서울숭인동우체국,03108,서울특별시 종로구 지봉로 88 (숭인동),02-745-0917
서울청,광화문우체국,서울안국동우체국,03060,서울특별시 종로구 율곡로 49 (안국동),02-735-2005
서울청,광화문우체국,서울종로2가우체국,03140,서울특별시 종로구 종로17길 8 (종로2가),02-742-0004
서울청,광화문우체국,서울종로5가우체국,03129,서울특별시 종로구 종로 207-1 (종로5가),02-742-9992
서울청,광화문우체국,서울종로6가우편취급국,03124,서울특별시 종로구 종로41길 36,02-766-0079
서울청,광화문우체국,서울창신1동우편취급국,03121,서울특별시 종로구 종로 328 (창신동),02-745-0015
서울청,광화문우체국,서울창신2동우편취급국,03092,"서울특별시 종로구 낙산길 198 (창신동,쌍용아파트)",02-742-0148
서울청,광화문우체국,서울통의동우체국,03044,서울특별시 종로구 자하문로 30 (통의동),02-738-3866
서울청,광화문우체국,서울혜화동우체국,03075,서울특별시 종로구 혜화로 1 (혜화동),02-743-0014
서울청,광화문우체국,서울홍파동우편취급국,03165,"서울특별시 종로구 송월길 99, 경희궁자이아파트 202동 상가 145호 (홍파동, 경희궁자이2단지)",02-738-7107
서울청,광화문우체국,성균관대학교우편취급국,03063,"서울특별시 종로구 성균관로 25-2 (명륜3가,성균관대학교)",02-740-1900
서울청,광화문우체국,정부서울청사우편취급국,03171,"서울특별시 종로구 세종대로 209 (세종로, 정부서울청사)",02-738-0208
서울청,광화문우체국,통신센타,04535,(null),02-720-4770
서울청,광화문우체국,한국방송통신대학교우편취급국,03087,서울시 종로구 대학로 86(동숭동),02-743-0150
서울청,서대문우체국,경찰청우편취급국,03739,"서울특별시 서대문구 통일로 97 (미근동, 경찰청)",02-365-2001
서울청,서대문우체국,명지대학교우편취급국,03674,"서울특별시 서대문구 거북골로 34 (남가좌동,명지대학교)",02-300-0950
서울청,서대문우체국,서대문우체국,03727,"서울특별시 서대문구 성산로20길 9(창천동,서대문우체국)",02-390-9114
서울청,서대문우체국,서울남가좌1동우편취급국,03712,서울특별시 서대문구 모래내로 143 (남가좌동),02-303-7500
서울청,서대문우체국,서울독립문우편취급국,03733,서울특별시 서대문구 독립문공원길 13 (현저동),02-312-0225
서울청,서대문우체국,서울모래내우체국,03690,서울특별시 서대문구 거북골로 160 (북가좌동),02-303-0119
서울청,서대문우체국,서울미근동우편취급국,03742,"서울특별시 서대문구 서소문로 21 (충정로3가,충정타워빌딩)",02-365-0315
서울청,서대문우체국,서울신촌우체국,03766,서울특별시 서대문구 신촌로 161 (대현동),02-362-0205
서울청,서대문우체국,서울연세대학교우체국,03722,서울특별시 서대문구 연세로 50 (신촌동),02-392-2491
서울청,서대문우체국,서울연희동우체국,03698,서울특별시 서대문구 증가로 12 (연희동),02-324-2005
서울청,서대문우체국,서울충정로우체국,03735,서울특별시 서대문구 통일로 127 (충정로2가),02-362-0004
서울청,서대문우체국,서울홍은2동우편취급국,03658,서울특별시 서대문구 연희로 261-28 (홍은동),02-395-1500
서울청,서대문우체국,서울홍은미성우편취급국,03650,서울특별시 서대문구 연희로41길 37 (홍은동),02-3216-6161
서울청,서대문우체국,서울홍제3동우편취급국,03619,서울특별시 서대문구 간호대로 11-24 (홍제동),02-391-8910
서울청,서대문우체국,서울홍제동우체국,03646,서울특별시 서대문구 통일로 419 (홍제동),02-379-4205
서울청,서대문우체국,이화여자대학교우편취급국,03760,"서울특별시 서대문구 이화여대길 52 학생문화관 104호 (대현동, 이화여자대학교)",02-312-0010
서울청,서울마포우체국,서강대학교우편취급국,04107,"서울특별시 마포구 백범로 35 (신수동,서강대학교)",02-716-0098
서울청,서울마포우체국,서울공덕2동우편취급국,04210,서울특별시 마포구 마포대로14길 14-1 (공덕동),02-715-0411
서울청,서울마포우체국,서울노고산동우편취급국,04102,서울특별시 마포구 백범로1길 18 (노고산동),02-706-9566
서울청,서울마포우체국,서울대흥동우편취급국,04136,서울특별시 마포구 백범로17길 3(대흥동 198-1),02-716-2005
서울청,서울마포우체국,서울도화동우편취급국,04173,서울특별시 마포구 삼개로 24 용현빌딩(도화동 288-1),02-713-6600
서울청,서울마포우체국,서울동교동우편취급국,04056,서울특별시 마포구 신촌로4길 3 (동교동),02-335-1205
서울청,서울마포우체국,서울마포우체국,04156,"서울특별시 마포구 마포대로 89 (도화동, POSTTOWER)",02-6901-7699
서울청,서울마포우체국,서울망원동우편취급국,03958,"서울특별시 마포구 망원로 49 ,1층 (망원동, 망원빌딩)",02-385-4040
서울청,서울마포우체국,서울상암동우편취급국,03927,서울특별시 마포구 월드컵북로 348 (상암동),02-304-3984
서울청,서울마포우체국,서울상암디지털우체국,03905,서울특별시 마포구 상암산로1길 75 (상암동),02-303-1841
서울청,서울마포우체국,서울서교동우체국,04045,서울특별시 마포구 양화로 62 (서교동),02-332-0288
서울청,서울마포우체국,서울서부지방법원우체국,04207,서울특별시 마포구 마포대로 174 (공덕동),02-711-4220
서울청,서울마포우체국,서울성산2동우체국,03936,서울특별시 마포구 월드컵북로 227 (성산동),02-306-2006
서울청,서울마포우체국,서울성산동우체국,03973,서울특별시 마포구 월드컵북로 112 (성산동),02-333-6117
서울청,서울마포우체국,서울성산유원우편취급국,03949,서울특별시 마포구 월드컵북로26길 17 (성산동),02-303-3791
서울청,서울마포우체국,서울신수동우편취급국,04088,서울특별시 마포구 신수로 46 (신수동),02-718-3334
서울청,서울마포우체국,서울아현동우체국,04116,서울특별시 마포구 신촌로 266 (아현동),02-313-0205
서울청,서울마포우체국,서울용강동우편취급국,04159,서울특별시 마포구 토정로 277 (용강동),02-703-1382
서울청,서울마포우체국,서울창전동우체국,04067,서울특별시 마포구 독막로 109 (상수동),02-333-6118
서울청,서울은평우체국,서울갈현1동우편취급국,03320,서울특별시 은평구 갈현로 277 (갈현동 434-4),02-358-2234
서울청,서울은평우체국,서울갈현동우체국,03335,서울특별시 은평구 서오릉로 190 (갈현동 489-5),02-359-2005
서울청,서울은평우체국,서울녹번동우편취급국,03375,"서울특별시 은평구 진흥로 184-1 (녹번동, 대원빌딩)",02-385-0004
서울청,서울은평우체국,서울대조동우체국,03391,서울특별시 은평구 통일로71길 20(대조동 84-113),02-353-2005
서울청,서울은평우체국,서울불광2동우편취급국,03344,서울특별시 은평구 통일로80길 15 (불광동 312-70),02-382-2205
서울청,서울은평우체국,서울수색우체국,03502,서울특별시 은평구 수색로 248 (수색동 101-7),02-302-0205
서울청,서울은평우체국,서울신사미성우편취급국,03445,서울특별시 은평구 은평터널로7길 2 (신사동 358),02-373-6002
서울청,서울은평우체국,서울역촌동우편취급국,03415,서울특별시 은평구 갈현로 94 (역촌동 50-55),02-354-1774
서울청,서울은평우체국,서울연신내우체국,03347,서울특별시 은평구 연서로 306 (불광동 123-1),02-357-0205
서울청,서울은평우체국,서울은평우체국,03306,서울 은평구 진관2로 29-8 (진관동 77),02-350-3514
서울청,서울은평우체국,서울응암1동우체국,03462,"서울특별시 은평구 은평로 170 (응암동,상현빌딩)",02-385-0100
서울청,서울은평우체국,서울응암동우체국,03467,서울특별시 은평구 응암로 214 (응암동 576-37),02-303-2005
서울청,동대문우체국,경희대학교우편취급국,02447,"서울특별시 동대문구 경희대로 26 (회기동,경희대학교)",02-957-5100
서울청,동대문우체국,동대문우체국,02586,"서울 동대문구 천호대로 4 (신설동, 117-23)",02-2210-3703
서울청,동대문우체국,서울답십리우편취급국,02602,"서울특별시 동대문구 황물로 103, 101호 (답십리동)",02-3390-4542
서울청,동대문우체국,서울시립대학교우편취급국,02504,"서울특별시 동대문구 서울시립대로 163, 서울시립대학교 자연과학관 (전농동)",02-6490-2960
서울청,동대문우체국,서울용두1동우편취급국,02566,"서울특별시 동대문구 정릉천동로 58 상가 113호 (용두동,롯데캐슬피렌체아파트)",02-962-2105
서울청,동대문우체국,서울이문동우체국,02403,서울특별시 동대문구 이문로 133 (이문동),02-965-2005
서울청,동대문우체국,서울장안2동우체국,02526,서울특별시 동대문구 사가정로 240 (장안동),02-2247-5018
서울청,동대문우체국,서울장안동우체국,02628,서울특별시 동대문구 한천로14길 53 (장안동),02-2244-2005
서울청,동대문우체국,서울전농동우체국,02539,서울특별시 동대문구 전농로 131 (전농동),02-2245-0205
서울청,동대문우체국,서울제기2동우편취급국,02477,"서울특별시 동대문구 안암로 86-1  1층 1호 (제기동, 서울제기2동우편취급국)",02-923-0205
서울청,동대문우체국,서울제기동우체국,02571,서울특별시 동대문구 고산자로 476 (제기동),02-968-2006
서울청,동대문우체국,서울청량리우체국,02490,서울특별시 동대문구 홍릉로 10 (청량리동),02-962-0014
서울청,동대문우체국,서울휘경동우체국,02444,서울특별시 동대문구 회기로 201 (휘경동),02-965-2336
서울청,동대문우체국,한국외국어대학교우편취급국,02450,"서울특별시 동대문구 이문로 107 (이문동,한국외국어대학교)",02-960-1311
서울청,서울중랑우체국,서울망우1동우체국,02059,서울특별시 중랑구 망우로 447 (망우동),02-496-2005
서울청,서울중랑우체국,서울면목2동우편취급국,02126,서울특별시 중랑구 중랑천로 64 (면목동),02-491-0004
서울청,서울중랑우체국,서울면목동우체국,02210,"서울특별시 중랑구 면목로 344 (면목동,면목우체국)",02-432-2005
서울청,서울중랑우체국,서울묵동우체국,02006,"서울특별시 중랑구 동일로 895 (묵동,묵동우체국)",02-975-0004
서울청,서울중랑우체국,서울상봉1동우편취급국,02091,서울특별시 중랑구 상봉중앙로1길 12 (상봉동),02-493-2003
서울청,서울중랑우체국,서울신내1동우편취급국,02054,"서울특별시 중랑구 봉화산로 221 (신내동,동성타워프라자)",02-3422-2008
서울청,서울중랑우체국,서울신내동우체국,02024,서울특별시 중랑구 신내로17길 112 (신내동),02-3421-2005
서울청,서울중랑우체국,서울중랑우체국,02098,서울특별시 중랑구 망우로 271 (상봉동),02-2239-0599
서울청,서울중랑우체국,서울중화동우체국,02088,"서울특별시 중랑구 동일로 784 (중화동,중화동우체국)",02-435-2005
서울청,서울강동우체국,서울강동우체국,05350,서울특별시 강동구 양재대로112길 57 (길동),02-440-2828
서울청,서울강동우체국,서울강일동우체국,05211,서울특별시 강동구 아리수로91길 12 (강일동),02-3427-4565
서울청,서울강동우체국,서울고덕동우체국,05273,서울특별시 강동구 고덕로80길 8 (상일동),02-6954-0556
서울청,서울강동우체국,서울고덕시영우편취급국,05226,서울특별시 강동구 동남로81길 36 (고덕동),02-441-1186
서울청,서울강동우체국,서울둔촌2동우편취급국,05362,"서울특별시 강동구 양재대로102길 11 (둔촌동,광남캐스빌아파트)",02-479-1717
서울청,서울강동우체국,서울명일동우체국,05292,서울특별시 강동구 구천면로 424-9 (명일동),02-3427-2001
서울청,서울강동우체국,서울명일삼익우편취급국,05296,"서울특별시 강동구 천중로51길 102 (명일동,금정빌딩)",02-3428-0004
서울청,서울강동우체국,서울명일현대우편취급국,05270,"서울특별시 강동구 동남로71길 23 (명일동,한양아파트)",02-442-0205
서울청,서울강동우체국,서울상일동우체국,05283,서울특별시 강동구 상일로 9 (상일동),02-426-2505
서울청,서울강동우체국,서울성내1동우편취급국,05396,서울특별시 강동구 성내로 67 (성내동),02-6487-2001
서울청,서울강동우체국,서울성내동우체국,05408,서울특별시 강동구 양재대로 1309 (성내동),02-471-0205
서울청,서울강동우체국,서울암사3동우편취급국,05237,"서울특별시 강동구 고덕로27길 19 (암사동, 용성빌딩)",02-427-4949
서울청,서울강동우체국,서울천호3동우편취급국,05332,서울특별시 강동구 성안로 191 (천호동),02-470-9009
서울청,서울강동우체국,서울천호동우체국,05328,서울특별시 강동구 구천면로 188 (천호동),02-472-3301
서울청,서울강남우체국,군인공제회우편취급국,06292,서울특별시 강남구 남부순환로 2806 (도곡동),02-2190-2727
서울청,서울강남우체국,서울AID우편취급국,06091,서울특별시 강남구 삼성로 635 (삼성동),02-548-0238
서울청,서울강남우체국,서울강남우체국,06336,서울특별시 강남구 개포로 619 (개포동),02-2040-4021
서울청,서울강남우체국,서울개포1동우체국,06325,서울특별시 강남구 선릉로 36 (개포동),02-575-0205
서울청,서울강남우체국,서울개포현대우편취급국,06303,서울특별시 강남구 개포로17길 6 (개포동),02-575-8340
서울청,서울강남우체국,서울논현2동우편취급국,06054,서울특별시 강남구 언주로148길 31-1 (논현동),02-549-4415
서울청,서울강남우체국,서울논현거평우편취급국,06121,서울특별시 강남구 봉은사로 129 (논현동),02-5454-707
서울청,서울강남우체국,서울논현동우체국,06104,서울특별시 강남구 학동로 212 (논현동),02-515-0411
서울청,서울강남우체국,서울대치4동우편취급국,06207,"서울특별시 강남구 도곡로 413(삼환쏘굿주상복합) 101호 (대치동, 삼환SOGOOD)",02-3452-0612
서울청,서울강남우체국,서울대치동아우편취급국,06196,서울특별시 강남구 역삼로71길 12 (대치동),02-563-0004
서울청,서울강남우체국,서울대치우성우편취급국,06280,서울특별시 강남구 남부순환로 2917 (대치동),02-561-0340
서울청,서울강남우체국,서울도곡서린우편취급국,06272,"서울특별시 강남구 도곡로28길 8, 도곡1차아이파크 상가내",02-3463-0336
서울청,서울강남우체국,서울도곡한신우편취급국,06296,서울특별시 강남구 논현로38길 38- 4    2층 (도곡동),02-579-1242
서울청,서울강남우체국,서울무역센터우체국,06164,서울특별시 강남구 영동대로 513 (삼성동),02-551-1607
서울청,서울강남우체국,서울미성우편취급국,06029,서울특별시 강남구 압구정로 134 (신사동),02-549-0205
서울청,서울강남우체국,서울삼성2동우편취급국,06155,서울특별시 강남구 삼성로107길 5(삼성동 120-1),02-567-3800
서울청,서울강남우체국,서울삼성동우체국,06153,서울특별시 강남구 선릉로 572 (삼성동),02-562-0208
서울청,서울강남우체국,서울상록회관우체국,06152,서울특별시 강남구 언주로 508 (역삼동),02-567-2974
서울청,서울강남우체국,서울수서동우체국,06349,서울특별시 강남구 광평로 303 (수서동),02-451-0009
서울청,서울강남우체국,서울신사현대우편취급국,06035,서울특별시 강남구 강남대로 620 (신사동),02-542-0092
서울청,서울강남우체국,서울압구정우편취급국,06018,서울특별시 강남구 압구정로 332 (신사동),02-548-0707
서울청,서울강남우체국,서울역삼1동우체국,06133,서울특별시 강남구 테헤란로 131 (역삼동),02-552-0159
서울청,서울강남우체국,서울역삼2동우체국,06225,서울특별시 강남구 역삼로 239 (역삼동),02-566-0205
서울청,서울강남우체국,서울역삼성보우편취급국,06149,서울특별시 강남구 선릉로 519 (역삼동),02-568-0205
서울청,서울강남우체국,서울역삼우성우편취급국,06241,서울특별시 강남구 테헤란로4길 46 (역삼동),02-565-0113
서울청,서울강남우체국,서울역삼한라우편취급국,06136,"서울특별시 강남구 봉은사로30길 42, 1층",02-563-0588
서울청,서울강남우체국,서울영동시장우편취급국,06110,"서울특별시 강남구 학동로4길 8, 2F (논현동)",02-549-3810
서울청,서울강남우체국,서울은마아파트우체국,06284,"서울특별시 강남구 삼성로 212 (대치동,은마아파트)",02-566-0400
서울청,서울강남우체국,서울일원동우체국,06341,서울특별시 강남구 양재대로55길 20 (일원동),02-459-2500
서울청,서울강남우체국,서울일원본동우체국,06361,서울특별시 강남구 광평로20길 8 (일원동),02-2226-0004
서울청,서울강남우체국,서울청담우편취급국,06077,서울특별시 강남구 학동로101길 26 (청담동),02-546-2005
서울청,서울강남우체국,서울청담청하우편취급국,06011,서울특별시 강남구 도산대로 507 (청담동),02-542-4668
서울청,서울강남우체국,서울해청아파트우편취급국,06092,서울특별시 강남구 학동로56길 45 (삼성동),02-547-0203
서울청,서울성북우체국,고려대학교우체국,02841,서울특별시 성북구 안암로 145 (안암동5가),02-923-2005
서울청,서울성북우체국,국민대학교우편취급국,02707,"서울특별시 성북구 정릉로 77 (정릉동,국민대학교)",02-910-4970
서울청,서울성북우체국,서경대학교우편취급국,02713,"서울특별시 성북구 서경로 124 (정릉동,서경대학교)",02-909-4180
서울청,서울성북우체국,서울돈암동우체국,02847,"서울특별시 성북구 보문로 178, 2층 (삼선동4가)",02-923-0430
서울청,서울성북우체국,서울동소문동우체국,02833,서울특별시 성북구 성북로2길 31 (동소문동1가),02-741-0204
서울청,서울성북우체국,서울삼익아파트우편취급국,02858,"서울특별시 성북구 안암로9길 30 (안암동3가,삼익아파트)",02-923-2004
서울청,서울성북우체국,서울석관1동우편취급국,,서울특별시 성북구 한천로 584 (석관동),
서울청,서울성북우체국,서울석관동우체국,2773,서울특별시 성북구 화랑로 203 (장위동),02-915-6800
서울청,서울성북우체국,서울성북2동우편취급국,2880,서울특별시 성북구 성북로 59 (성북동),02-741-0086
서울청,서울성북우체국,서울성북우체국,2733,서울특별시 성북구 동소문로 310 (하월곡동),02-3396-0124
서울청,서울성북우체국,서울월곡1동우편취급국,2748,서울특별시 성북구 화랑로5길 90 (하월곡동),02-942-1590
서울청,서울성북우체국,서울장위1동우편취급국,2744,서울특별시 성북구 장위로 60 (장위동),02-919-6900
서울청,서울성북우체국,서울장위동우체국,2776,서울특별시 성북구 돌곶이로28길 3 (장위동),02-916-2005
서울청,서울성북우체국,서울정릉우체국,2718,서울특별시 성북구 보국문로 12 (정릉동),02-914-0205
서울청,서울성북우체국,서울종암동우체국,2800,서울특별시 성북구 종암로 64 (종암동),02-912-0102
서울청,서울성북우체국,한성대학교우편취급국,2876,서울특별시 성북구 삼선교로16길 116 (삼선동2가),02-760-4235
서울청,서울서초우체국,가톨릭의과대학우편취급국,6591,"서울특별시 서초구 반포대로 222 (반포동,가톨릭대학교성의교정)",02-3478-0117
서울청,서울서초우체국,서울가정행정법원출장소,6749,서울특별시 서초구 강남대로 193 (양재동),02-529-1269
서울청,서울서초우체국,서울교대역우편취급국,6645,서울특별시 서초구 반포대로28길 72 (서초동),02-597-5356
서울청,서울서초우체국,서울대법원우편취급국,6590,서울특별시 서초구 서초대로 219 (서초동),02-3482-0191
서울청,서울서초우체국,서울무지개우편취급국,6627,서울특별시 서초구 효령로77길 34 b105 (서초동),02-581-0054
서울청,서울서초우체국,서울반포1동우편취급국,6543,서울특별시 서초구 주흥1길 22 (반포동),02-3443-3659
서울청,서울서초우체국,서울반포4동우편취급국,6577,서울특별시 서초구 서래로10길 1 (반포동),02-3478-1500
서울청,서울서초우체국,서울반포우체국,6505,서울특별시 서초구 신반포로 131 (반포동),02-593-0005
서울청,서울서초우체국,서울반포주공우편취급국,6599,"서울특별시 서초구 서초중앙로 224, 한양상가 120호 (반포동,서초한양아파트상가)",02-534-0016
서울청,서울서초우체국,서울방배1동우편취급국,6683,"서울특별시 서초구 방배로13길 18 (방배동,방배아크로타워)",02-581-2004
서울청,서울서초우체국,서울방배2동우편취급국,6693,서울특별시 서초구 방배천로2길 39-15 (방배동),02-521-3874
서울청,서울서초우체국,서울방배3동우편취급국,6705,"서울특별시 서초구 방배로6길 10-21 102호 (방배동, 평산빌딩)",02-586-3060
서울청,서울서초우체국,서울방배동우체국,6584,서울특별시 서초구 방배로 238 (방배동),02-593-0004
서울청,서울서초우체국,서울법원청사우체국,6594,서울특별시 서초구 서초중앙로 157 (서초동),02-537-7073
서울청,서울서초우체국,서울서초1동우체국,6721,서울특별시 서초구 효령로60길 13 (서초동),02-583-0205
서울청,서울서초우체국,서울서초2동우편취급국,6732,"서울특별시 서초구 서운로 19, 서초월드오피스텔 B1 (서초동)",02-3473-5264
서울청,서울서초우체국,서울서초3동우체국,6657,서울특별시 서초구 반포대로 99 (서초동),02-581-2005
서울청,서울서초우체국,서울서초우체국,6779,서울특별시 서초구 동산로 19 (양재동),02-3498-8008
서울청,서울서초우체국,서울신반포우편취급국,6512,"서울특별시 서초구 신반포로 177 (잠원동,반포쇼핑타운)",02-591-3200
서울청,서울서초우체국,서울양재동우체국,6738,서울특별시 서초구 남부순환로356길 5 (양재동),02-573-0116
서울청,서울서초우체국,서울우면동우체국,6764,서울특별시 서초구 태봉로 58 (우면동),02-3463-9950
서울청,서울서초우체국,서울잠원한신우편취급국,6530,"서울특별시 서초구 강남대로95길 41, 양지빌딩 102호 (잠원동)",02-515-3323
서울청,서울서초우체국,서울진흥아파트우편취급국,6617,"서울특별시 서초구 서초대로 385, 진흥종합상가 2층 3호 (서초동,진흥아파트)",02-3482-0450
서울청,서울송파우체국,서울가든파이브우체국,5838,서울특별시 송파구 충민로 66 (문정동),02-6949-3033
서울청,서울송파우체국,서울가락극동우편취급국,5783,"서울특별시 송파구 동남로 208 (가락동,극동아파트)",02-404-2116
서울청,서울송파우체국,서울가락본동우체국,5717,서울특별시 송파구 송파대로30길 36 (가락동),02-408-0409
서울청,서울송파우체국,서울거여동우체국,5771,서울특별시 송파구 양산로 3 (거여동),02-402-2855
서울청,서울송파우체국,서울동부지방법원우체국,5856,"서울특별시 송파구 법원로 101 (문정동, 서울동부지방법원)",02-2138-8740
서울청,서울송파우체국,서울마천동우체국,5757,서울특별시 송파구 거마로20길 34 (마천동),02-407-6661
서울청,서울송파우체국,서울문정건영우편취급국,5808,서울특별시 송파구 새말로 103 (문정동),02-404-5009
서울청,서울송파우체국,서울문정동우체국,5834,서울특별시 송파구 중대로 20 (문정동),02-448-0205
서울청,서울송파우체국,서울문정로데오우편취급국,5805,서울특별시 송파구 동남로4길 10 (문정동),02-409-0203
서울청,서울송파우체국,서울방이동우체국,5642,서울특별시 송파구 오금로 187 (방이동),02-417-0789
서울청,서울송파우체국,서울삼전동우체국,5584,서울특별시 송파구 백제고분로 256 (삼전동),02-417-0800
서울청,서울송파우체국,서울삼전서호우편취급국,5600,"서울특별시 송파구 삼전로12길 10, 1층 01호 (삼전동,경림빌딩)",02-422-6465
서울청,서울송파우체국,서울송파1동우체국,5666,서울특별시 송파구 백제고분로42길 5 (송파동),02-422-0004
서울청,서울송파우체국,서울송파우체국,5661,서울 송파구 오금로 323 (오금동),02-405-8777
서울청,서울송파우체국,서울송파한양우편취급국,5674,서울특별시 송파구 송이로 26 (송파동),02-2202-0004
서울청,서울송파우체국,서울아산병원우편취급국,5505,서울특별시 송파구 올림픽로43길 88 (풍납동),02-3010-7888
서울청,서울송파우체국,서울오금대림우편취급국,5657,서울특별시 송파구 마천로 61 (오금동),02-448-0015
서울청,서울송파우체국,서울오륜동우체국,5649,"서울특별시 송파구 양재대로 1218 (방이동,올림픽선수촌아파트)",02-404-0014
서울청,서울송파우체국,서울위례동우편취급국,5852,"서울특별시 송파구 위례광장로 290, 위례중앙푸르지오 2단지 상가동 제136호 (장지동, 위례중앙푸르지오2단지)",02-402-2005
서울청,서울송파우체국,서울잠실2동우체국,5501,서울특별시 송파구 올림픽로 107 (잠실동),02-423-0004
서울청,서울송파우체국,서울잠실3동우체국,5503,서울특별시 송파구 잠실로 51-33 (잠실동),02-412-2005
서울청,서울송파우체국,서울잠실4동우체국,5507,서울특별시 송파구 올림픽로35길 14,02-423-2005
서울청,서울송파우체국,서울잠실우성우편취급국,5571,"서울특별시 송파구 올림픽로4길 48, 프리마상가 205 (잠실동,우성아파트)",02-413-0233
서울청,서울송파우체국,서울장미아파트우편취급국,5504,"서울 송파구 올림픽로35길 124, 221호",02-415-3050
서울청,서울송파우체국,서울풍납2동우편취급국,5537,"서울특별시 송파구 올림픽로45길 19 (풍납동,풍성빌딩)",02-474-6114
서울청,서울송파우체국,서울풍납동우체국,5520,서울특별시 송파구 올림픽로 575 (풍납동),02-483-2006
서울청,서울송파우체국,헬리오시티우편취급국,5698,"서울특별시 송파구 송파대로 345, 헬리오시티 상가 1A동 2043호 (2층 43호) (가락동, 헬리오시티)",02-400-2776
서울청,서울노원우체국,광운대학교우편취급국,1897,"서울특별시 노원구 광운로 20 (월계동,광운대학교)",02-915-8405
서울청,서울노원우체국,삼육대학교우체국출장소,1795,"서울특별시 노원구 화랑로 815 (공릉동,삼육대학교)",02-935-8933
서울청,서울노원우체국,삼육대학교우편취급국,1795,"서울특별시 노원구 화랑로 815 제3과학관 지층 (공릉동, 삼육대학교)",02-935-8933
서울청,서울노원우체국,서울공릉2동우편취급국,1818,서울특별시 노원구 공릉로 168 (공릉동),02-972-3095
서울청,서울노원우체국,서울공릉동우체국,1849,서울특별시 노원구 동일로 988 (공릉동),02-972-9000
서울청,서울노원우체국,서울과학기술대우편취급국,1811,"서울특별시 노원구 공릉로 232 (공릉동,서울과학기술대학교)",02-976-2005
서울청,서울노원우체국,서울노원역우편취급국,1751,"서울특별시 노원구 노해로 492, 202호 (상계동,프린스빌딩)",02-952-0440
서울청,서울노원우체국,서울노원우체국,1740,서울특별시 노원구 중계로 123 (중계동),02-950-3226
서울청,서울노원우체국,서울상계10동우체국,1678,서울특별시 노원구 노원로 510 (상계동),02-932-0101
서울청,서울노원우체국,서울상계1동우체국,1630,서울특별시 노원구 동일로 1632 (상계동),02-937-0800
서울청,서울노원우체국,서울상계3동우체국,1640,서울특별시 노원구 덕릉로113길 18 (상계동),02-936-2005
서울청,서울노원우체국,서울상계5동우편취급국,1682,서울특별시 노원구 한글비석로31길 19 (상계동),02-933-8765
서울청,서울노원우체국,서울상계6동우체국,1762,서울특별시 노원구 노해로 448 (상계동),02-937-0100
서울청,서울노원우체국,서울상계8동우편취급국,1675,"서울특별시 노원구 한글비석로 571 (상계동,상계주공아파트(10단지))",02-934-2115
서울청,서울노원우체국,서울상계미도우편취급국,1765,서울특별시 노원구 덕릉로 459-37 (상계동),02-937-2015
서울청,서울노원우체국,서울상계한양우편취급국,1754,"서울특별시 노원구 동일로216길 92 (상계동,한양아파트)",02-938-2105
서울청,서울노원우체국,서울수락산우체국,1604,서울특별시 노원구 동일로 1693-6 (상계동),02-933-6508
서울청,서울노원우체국,서울여자대학교우편취급국,1797,"서울특별시 노원구 화랑로 621 (공릉동,서울여자대학교)",02-970-5381
서울청,서울노원우체국,서울월계2동우체국,1880,서울특별시 노원구 월계로 317 (월계동),02-990-2005
서울청,서울노원우체국,서울월계3동우체국,1911,서울특별시 노원구 마들로 57-1 (월계동),02-974-1005
서울청,서울노원우체국,서울월계시영우편취급국,1905,"서울특별시 노원구 월계로 370, 116호 (월계동,희성프라자)",02-976-0110
서울청,서울노원우체국,서울중계3동우체국,1789,서울특별시 노원구 공릉로 392 (중계동),02-974-2005
서울청,서울노원우체국,서울중계동우체국,1721,서울특별시 노원구 한글비석로 286 (중계동),02-952-0014
서울청,서울노원우체국,서울하계시영우편취급국,1809,"서울특별시 노원구 공릉로58길 78 (하계동,하정빌딩)",02-971-6827
서울청,서울노원우체국,제77군사우편출장소,1805,"서울특별시 노원구 화랑로 574, 육군사관학교 (공릉동)",02-972-2006
서울청,서울용산우체국,LS용산타워우편취급국,4386,서울특별시 용산구 한강대로 92 (한강로2가),02-0795-0004
서울청,서울용산우체국,국방부구내우편취급국,4383,서울특별시 용산구 이태원로 22 (용산동3가),02-798-9007
서울청,서울용산우체국,서울남영동우체국,4352,서울특별시 용산구 두텁바위로 6-1 (남영동),02-793-2005
서울청,서울용산우체국,서울보광동우체국,4394,서울특별시 용산구 보광로 25 (보광동),02-797-0337
서울청,서울용산우체국,서울용문동우체국,4363,서울특별시 용산구 원효로41길 47 (원효로3가),02-714-2005
서울청,서울용산우체국,서울용산2가우편취급국,4339,서울특별시 용산구 신흥로18길 3 (용산동2가),02-798-8143
서울청,서울용산우체국,서울용산우체국,4386,서울 용산구 한강대로 118 (한강로2가 142),02-6966-0808
서울청,서울용산우체국,서울원효로우체국,4316,서울특별시 용산구 원효로 227 (원효로1가),02-712-0205
서울청,서울용산우체국,서울이촌동우체국,4423,서울특별시 용산구 이촌로77길 9 (이촌동),02-795-0205
서울청,서울용산우체국,서울이태원우체국,4345,서울특별시 용산구 녹사평대로 212 (이태원동),02-798-2005
서울청,서울용산우체국,서울청파3가우편취급국,4313,서울특별시 용산구 청파로47길 7 (청파동3가),02-713-1364
서울청,서울용산우체국,서울한강로3가우편취급국,4380,"서울특별시 용산구 이촌로 101 (한강로3가, 한진빌딩)",02-798-0206
서울청,서울용산우체국,서울한남동우체국,4401,서울특별시 용산구 대사관로 49 (한남동),02-794-2205
서울청,서울용산우체국,서울후암동우체국,4327,서울특별시 용산구 후암로 58-1 (후암동),02-754-2005
서울청,동서울우편집중국,동서울우편집중국,5050,서울 광진구 자양로 76(자양동),02-450-6006
서울청,서울광진우체국,건국대학교우편취급국,5029,"서울특별시 광진구 능동로 120 학생회관 106호 (화양동, 건국대학교)",02-453-3260
서울청,서울광진우체국,서울경안우편취급국,4975,서울특별시 광진구 자양로 242 (구의동),02-446-4496
서울청,서울광진우체국,서울광나루우편취급국,4968,서울특별시 광진구 광장로 80 (광장동),02-454-0800
서울청,서울광진우체국,서울광진우체국,5048,서울특별시 광진구 강변역로 2 (구의동),02-2049-0550
서울청,서울광진우체국,서울금호동우체국,4723,서울특별시 성동구 금호로11길 2 (금호동2가),02-2236-0020
서울청,서울광진우체국,서울능동우편취급국,4995,서울특별시 광진구 면목로 17-1 (군자동),02-498-0004
서울청,서울광진우체국,서울대림아파트우편취급국,4741,서울특별시 성동구 독서당로 434 대림종합상가 209호(응봉동100),02-2294-2005
서울청,서울광진우체국,서울뚝섬우체국,4780,서울특별시 성동구 뚝섬로3길 14 (성수동1가),02-464-2005
서울청,서울광진우체국,서울마장동우체국,4748,서울특별시 성동구 고산자로 352 (마장동),02-2299-2005
서울청,서울광진우체국,서울성동우체국,4715,서울특별시 성동구 왕십리로 303 (행당동),02-2292-0014
서울청,서울광진우체국,서울성수노룬산우편취급국,5073,"서울특별시 광진구 아차산로30길 25 (자양동, 새마을금고)",02-498-3440
서울청,서울광진우체국,서울성수동우편취급국,4793,서울특별시 성동구 성수동2가 300-10,02-2038-4545
서울청,서울광진우체국,서울옥수동우편취급국,4734,서울특별시 성동구 독서당로 173(옥수동),02-2299-0851
서울청,서울광진우체국,서울왕십리우체국,4707,서울특별시 성동구 마장로 194 (홍익동),02-2295-2050
서울청,서울광진우체국,서울용답동우체국,4808,서울특별시 성동구 천호대로 378 (용답동),02-2212-2466
서울청,서울광진우체국,서울자양동우체국,5100,서울특별시 광진구 뚝섬로 640 (자양동),02-455-2004
서울청,서울광진우체국,서울장로회신학대학교우편취급국,4965,서울특별시 광진구 광장로5길 25-1 (광장동),02-453-1216
서울청,서울광진우체국,서울중곡3동우편취급국,4903,서울특별시 광진구 용마산로 189 (중곡동),02-492-9800
서울청,서울광진우체국,서울중곡동우체국,4921,서울특별시 광진구 긴고랑로 68(중곡동),02-452-0600
서울청,서울광진우체국,서울테크노마트우편취급국,5116,서울특별시 광진구 광나루로56길 85 (구의동),02-3424-0404
서울청,서울광진우체국,서울한양대학교우체국,4763,서울특별시 성동구 왕십리로 222 (사근동),02-2292-0205
서울청,서울광진우체국,서울화양동우체국,5008,서울특별시 광진구 광나루로 356 (화양동),02-465-2677
서울청,서울광진우체국,세종대학교우편취급국,5006,"서울특별시 광진구 능동로 209 (군자동,세종대학교)",02-3408-3385
서울청,서울영등포우체국,국회구내우체국,7233,"서울특별시 영등포구 의사당대로 1, 본관 (여의도동)",02-783-2005
서울청,서울영등포우체국,국회구내출장소,7233,"서울특별시 영등포구 의사당대로 1, 국회의원회관 1층 (여의도동)",02-784-2014
서울청,서울영등포우체국,서울FKI타워우편취급국,7320,"서울특별시 영등포구 여의대로 24 (여의도동, FKI타워)",02-761-0345
서울청,서울영등포우체국,서울당산2동우편취급국,7220,서울특별시 영등포구 당산로 172-1 (당산동4가),02-2675-0115
서울청,서울영등포우체국,서울대림1동우편취급국,7422,서울특별시 영등포구 대림로 146 (대림동),02-844-2850
서울청,서울영등포우체국,서울대림동우체국,7444,서울특별시 영등포구 대림로 85 (대림동),02-843-0010
서울청,서울영등포우체국,서울문래동우체국,7290,서울특별시 영등포구 도림로 429 (문래동2가),02-2676-0340
서울청,서울영등포우체국,서울문래현대A우편취급국,7283,"서울특별시 영등포구 문래로4길 6 (문래동6가,현대2차아파트)",02-2672-0071
서울청,서울영등포우체국,서울신길2동우편취급국,7313,서울특별시 영등포구 도신로 195 (신길동),02-845-5678
서울청,서울영등포우체국,서울신길3동우편취급국,7380,서울특별시 영등포구 가마산로51길 1 (신길동),02-843-9512
서울청,서울영등포우체국,서울신길5동우체국,7425,서울특별시 영등포구 신길로 65 (신길동),02-848-0114
서울청,서울영등포우체국,서울신길7동우편취급국,7390,"서울특별시 영등포구 신풍로 77 래미안에스티움 상가 씨동 117호 (신길동, 래미안에스티움)",02-847-3838
서울청,서울영등포우체국,서울신길동우체국,7391,서울특별시 영등포구 여의대방로 161 (신길동),02-843-1005
서울청,서울영등포우체국,서울양평1가우편취급국,7272,서울특별시 영등포구 선유서로26길 24 (양평동1가),02-2672-1241
서울청,서울영등포우체국,서울양평동우체국,7206,서울특별시 영등포구 양평로 92 (양평동4가),02-2676-2008
서울청,서울영등포우체국,서울여의대방로우편취급국,7333,"서울특별시 영등포구 여의대방로 379, 208,209호 (여의도동)",02-785-5651
서울청,서울영등포우체국,서울여의도광장우체국,7237,서울특별시 영등포구 국회대로68길 7 (여의도동),02-780-0100
서울청,서울영등포우체국,서울영등포3동우편취급국,7250,서울특별시 영등포구 양산로 214 (영등포동5가),02-2635-0320
서울청,서울영등포우체국,서울영등포동4가우체국,7305,서울특별시 영등포구 경인로 841 (영등포동4가),02-2678-0014
서울청,서울영등포우체국,서울영등포시범A우편취급국,7229,"서울특별시 영등포구 버드나루로19길 3, 1층(당산동,양용빌딩)",02-2634-0653
서울청,서울영등포우체국,서울영등포우체국,7219,서울특별시 영등포구 선유동2로 6 (당산동4가),02-783-0014
서울청,서울영등포우체국,여의도우체국,7328,서울특별시 영등포구 여의나루로 60 (여의도동),02-783-0410
서울청,서울영등포우체국,한국방송공사우편취급국,7235,"서울특별시 영등포구 여의공원로 13 (여의도동, 한국방송공사)",02-785-0004
서울청,서울관악우체국,서울관악삼성동우편취급국,8821,서울특별시 관악구 호암로 526 (신림동),02-883-0115
서울청,서울관악우체국,서울관악신사동우편취급국,8762,서울특별시 관악구 조원로 118 (신림동),02-857-8778
서울청,서울관악우체국,서울관악우체국,8755,서울특별시 관악구 남부순환로 1643 (신림동),02-6911-0505
서울청,서울관악우체국,서울낙성대우편취급국,8793,"서울특별시 관악구 남부순환로244가길 2,102호 (봉천동, 진빌딩)",02-839-0115
서울청,서울관악우체국,서울난곡우체국,8771,서울특별시 관악구 난곡로 275 (신림동),02-855-0004
서울청,서울관악우체국,서울남현동우편취급국,8806,서울특별시 관악구 남부순환로272길 38 (남현동),02-582-0990
서울청,서울관악우체국,서울대학교우체국,8826,서울특별시 관악구 관악로 1 (신림동),02-889-0205
서울청,서울관악우체국,서울보라매우편취급국,8708,"서울특별시 관악구 보라매로3길 29 (봉천동,보라매해태타워아파트)",02-835-0488
서울청,서울관악우체국,서울봉천동우체국,8727,서울특별시 관악구 관악로 249-1 (봉천동),02-878-2005
서울청,서울관악우체국,서울봉천역전우편취급국,8784,"서울특별시 관악구 남부순환로 1722 (봉천동,한국공인중개사협회)",02-871-0508
서울청,서울관악우체국,서울신림동부우편취급국,8775,서울특별시 관악구 문성로31길 38 (신림동),02-858-3743
서울청,서울관악우체국,서울신림동우체국,8814,서울특별시 관악구 대학5길 38 (신림동),02-889-2005
서울청,서울관악우체국,서울은천동우체국,8750,서울특별시 관악구 봉천로27길 58 (봉천동),02-886-2005
서울청,서울관악우체국,서울청룡동우편취급국,8832,서울특별시 관악구 청룡중앙길 11 1층 (봉천동),02-888-0114
서울청,서울관악우체국,서울행운동우체국,8738,서울특별시 관악구 남부순환로 1841 (봉천동),02-871-2005
서울청,서울관악우체국,제22군사우편출장소,8810,"서울특별시 관악구 과천대로 851, 군악대1층",02-584-0013
서울청,서울동작우체국,서울노량진1동우편취급국,6924,"서울특별시 동작구 장승배기로 136, 1층 (노량진동, 일등속셈학원)",02-826-2005
서울청,서울동작우체국,서울노량진2동우편취급국,6931,서울특별시 동작구 등용로14길 68 (노량진동),02-812-4992
서울청,서울동작우체국,서울노량진우체국,6916,서울특별시 동작구 노량진로 224 (본동),02-812-9052
서울청,서울동작우체국,서울동작약수우편취급국,6967,서울특별시 동작구 장승배기로 6 (상도동),02-812-1350
서울청,서울동작우체국,서울동작우체국,7056,서울특별시 동작구 여의대방로22길 77 (신대방동),02-822-0385
서울청,서울동작우체국,서울사당5동우편취급국,7009,서울특별시 동작구 사당로 204 (사당동),02-522-3720
서울청,서울동작우체국,서울사당동우체국,7013,서울특별시 동작구 동작대로 75 (사당동),02-583-2005
서울청,서울동작우체국,서울사당우성우편취급국,6999,"서울시 동작구 동작대로29길, 77 (사당2동 120)",02-596-0755
서울청,서울동작우체국,서울상도동우체국,6964,서울특별시 동작구 상도로 236 (상도동),02-814-5634
서울청,서울동작우체국,서울흑석동우체국,6972,서울특별시 동작구 서달로15길 13 (흑석동),02-812-9053
서울청,서울동작우체국,숭실대학교우편취급국,6978,"서울특별시 동작구 상도로 369 (상도동,숭실대학교)",02-815-3366
서울청,서울동작우체국,중앙대학교우편취급국,6974,"서울특별시 동작구 흑석로 84 (흑석동,중앙대학교)",02-812-3455
서울청,서울강서우체국,김포공항우편취급국,7505,서울특별시 강서구 하늘길 112 (공항동),02-2661-0004
서울청,서울강서우체국,서울가양동우체국,7525,서울특별시 강서구 허준로 95-5 (가양동),02-2668-0100
서울청,서울강서우체국,서울강서우체국,7582,서울특별시 강서구 강서로 448 (등촌동),02-2660-8900
서울청,서울강서우체국,서울공항이주우편취급국,7625,서울특별시 강서구 방화대로7길 40 (공항동),02-2664-0838
서울청,서울강서우체국,서울등촌동우체국,7588,서울특별시 강서구 화곡로63길 90 (등촌동),02-2658-2004
서울청,서울강서우체국,서울마곡나루우체국,7619,서울특별시 강서구 마곡중앙5로 28,02-2662-2005
서울청,서울강서우체국,서울마곡동우편취급국,7593,서울특별시 강서구 마곡서로205-21,02-3662-0373
서울청,서울강서우체국,서울마곡역우편취급국,7806,"서울특별시 강서구 공항대로 212  1층 105호 (마곡동, 문영퀸즈파크11차)",02-3663-0004
서울청,서울강서우체국,서울발산동우체국,7639,서울특별시 강서구 강서로 283 (내발산동),02-2663-2530
서울청,서울강서우체국,서울방화동우체국,7512,서울특별시 강서구 금낭화로26길 22 (방화동),02-2661-2002
서울청,서울강서우체국,서울염창동우체국,7558,서울특별시 강서구 공항대로 623 (염창동),02-3665-0591
서울청,서울강서우체국,서울화곡1동우편취급국,7764,서울특별시 강서구 강서로17길 6 (화곡동),02-2664-0004
서울청,서울강서우체국,서울화곡3동우편취급국,7711,"서울특별시 강서구 화곡로13길 28 (화곡동, 태화빌딩)",02-2694-0024
서울청,서울강서우체국,서울화곡4동우체국,7741,서울특별시 강서구 곰달래로 265 (화곡동),02-2653-0004
서울청,서울강서우체국,서울화곡5동우편취급국,7697,서울특별시 강서구 화곡로27길 30 (화곡동),02-2603-1234
서울청,서울강서우체국,서울화곡본동우편취급국,7688,서울특별시 강서구 화곡로53가길 18 (화곡동),02-2606-2001
서울청,서울강서우체국,우림블루나인우편취급국,7547,"서울특별시 강서구 양천로 583, B동 지하117호 (염창동, 우림블루나인비즈니스센터)",02-3663-9601
서울청,서울강서우체국,화곡우체국,7721,서울특별시 강서구 까치산로 55 (화곡동),02-2602-0014
서울청,국제우편물류센터,국제우편물류센터,22381,"인천광역시 중구 공항동로193번길 40-32 (운서동,우정사업본부국제우편물류센터)",032-745-9733
서울청,서울양천우체국,서울남부지방법원출장소,8088,서울특별시 양천구 신월로 386 (신정동),02-2644-0551
서울청,서울양천우체국,서울목2동우편취급국,7975,서울특별시 양천구 목동중앙본로 60 (목동),02-2647-9494
서울청,서울양천우체국,서울목동대림우편취급국,8006,서울특별시 양천구 오목로56길 10(목동),02-2644-2008
서울청,서울양천우체국,서울목동동신우편취급국,7946,서울특별시 양천구 목동중앙북로1길 46 (목동),02-2644-0338
서울청,서울양천우체국,서울삼보우편취급국,8040,서울특별시 양천구 지양로 46-1 (신월동),02-2691-2799
서울청,서울양천우체국,서울신월1동우편취급국,7925,서울특별시 양천구 곰달래로10길 9 (신월동),02-2698-9885
서울청,서울양천우체국,서울신월2동우체국,8028,서울특별시 양천구 중앙로 309 (신월동),02-2692-0318
서울청,서울양천우체국,서울신월3동우체국,7910,서울특별시 양천구 남부순환로 364 (신월동),02-2695-3482
서울청,서울양천우체국,서울신정1동우체국,8087,서울특별시 양천구 신월로 368 (신정동),02-2654-2005
서울청,서울양천우체국,서울신정3동우체국,8106,서울특별시 양천구 신정로 306 (신정동),02-2698-0205
서울청,서울양천우체국,서울신정6동우편취급국,8017,서울특별시 양천구 신목로5길 23 (신정동),02-2654-3838
서울청,서울양천우체국,서울신정단지우편취급국,8082,서울특별시 양천구 신월로 318 (신정동),02-2647-8600
서울청,서울양천우체국,서울양천우체국,7984,"서울특별시 양천구 목동동로 411 1층 (목동, 부영그린타운3차)",02-2646-0014
서울청,동서울물류센터,동서울물류센터,4535,서울 광진구 구남길2 (구의동 587),02-2049-8701
서울청,서서울물류센터,서서울물류센터,7988,서울 양천구 목5동 서울양천우체국,02-2061-9559
서울청,서울도봉우체국,덕성여자대학교우편취급국,1369,"서울특별시 도봉구 삼양로144길 33 (쌍문동,덕성여자대학교)",02-993-2005
서울청,서울도봉우체국,서울강북우체국,1158,서울특별시 강북구 솔매로50길 55 (미아동),02-988-2197
서울청,서울도봉우체국,서울도봉1동우체국,1304,서울특별시 도봉구 도봉로 871 (도봉동),02-954-1698
서울청,서울도봉우체국,서울도봉우체국,1450,서울특별시 도봉구 노해로 150 (쌍문동),02-3499-3600
서울청,서울도봉우체국,서울방학2동우편취급국,1357,서울특별시 도봉구 도당로13길 29-14 (방학동),02-3492-3039
서울청,서울도봉우체국,서울방학동우체국,1334,서울특별시 도봉구 도봉로 686 (방학동),02-956-0100
서울청,서울도봉우체국,서울번2동우체국,1145,서울특별시 강북구 오현로35길 65 (번동),02-987-2645
서울청,서울도봉우체국,서울번3동우체국,1230,서울특별시 강북구 한천로105길 27 (번동),02-985-3402
서울청,서울도봉우체국,서울북부지방법원우체국,1322,서울특별시 도봉구 마들로 749 (도봉동),02-972-0100
서울청,서울도봉우체국,서울삼각산동우편취급국,1198,서울특별시 강북구 삼양로19길 59 (미아동),02-945-8423
서울청,서울도봉우체국,서울삼양동우체국,1181,서울특별시 강북구 삼양로 229 (미아동),02-989-1001
서울청,서울도봉우체국,서울송천동우체국,1205,서울특별시 강북구 도봉로 71 (미아동),02-982-0114
서울청,서울도봉우체국,서울수유3동우체국,1054,서울특별시 강북구 도봉로 383 (수유동),02-994-2007
서울청,서울도봉우체국,서울수유동우체국,1039,서울특별시 강북구 삼양로 468 (수유동),02-994-0004
서울청,서울도봉우체국,서울쌍문2동우체국,1432,서울특별시 도봉구 도봉로125길 88 (쌍문동),02-992-2005
서울청,서울도봉우체국,서울쌍문한양우편취급국,1448,서울특별시 도봉구 도봉로103길 10 (쌍문동),02-900-1336
서울청,서울도봉우체국,서울우이동우편취급국,1001,"서울특별시 강북구 삼양로 660 (우이동,성원아파트 상가)",02-992-2117
서울청,서울도봉우체국,서울인수동우편취급국,1081,서울특별시 강북구 수유로 58 (수유동),02-999-2005
서울청,서울도봉우체국,서울창2동우편취급국,1471,서울특별시 도봉구 덕릉로 233-5 (창동),02-996-0004
서울청,서울도봉우체국,서울창5동우체국,1405,서울특별시 도봉구 노해로 309 (창동),02-992-4903
서울청,서울도봉우체국,서울창동동아우편취급국,1415,서울특별시 도봉구 노해로 389  B107 (창동),02-991-3500
서울청,서울구로우체국,서울가산동우체국,8528,서울 금천구 남부순환로 1288,02-864-7143
서울청,서울구로우체국,서울가산디지털우체국,8506,"서울 금천구 가산디지털2로 108, 105호",0002-2626-9400
서울청,서울구로우체국,서울개봉2동우편취급국,8347,"서울 구로구 개봉로 53, 2층",02-2060-0877
서울청,서울구로우체국,서울고척1동우편취급국,8227,"서울특별시 구로구 중앙로3길 53 B동 101호 (고척동, 동국종합상가)",02-2619-3081
서울청,서울구로우체국,서울고척2동우편취급국,8235,서울특별시 구로구 경인로33바길 5-1 (고척동),02-2060-0636
서울청,서울구로우체국,서울고척동우체국,8218,서울 구로구 중앙로 76,02-2615-1911
서울청,서울구로우체국,서울구로1동우체국,8324,서울 구로구  구일로 64,02-865-0004
서울청,서울구로우체국,서울구로4동우체국,8311,서울 구로구  구로동로 130-2,02-863-0004
서울청,서울구로우체국,서울구로5동우편취급국,8290,서울시 구로구 공원로 71,02-837-3301
서울청,서울구로우체국,서울구로디지털단지우체국,8393,"서울특별시 구로구 디지털로26길 144 (구로동,구로단지우체국)",02-855-1877
서울청,서울구로우체국,서울구로역전우편취급국,8217,"서울특별시 구로구 경인로53길 15 1층 (구로동, 중앙유통단지)",02-2633-0208
서울청,서울구로우체국,서울구로우체국,8365,서울특별시 구로구 금오로 931 (천왕동),02-6950-0599
서울청,서울구로우체국,서울궁동우편취급국,8256,서울시 구로구 부일로 11길 38 1층,02-2611-1245
서울청,서울구로우체국,서울금천우체국,8576,"서울특별시 금천구 시흥대로 410 (독산동,서울금천우체국)",02-855-8144
서울청,서울구로우체국,서울동구로우체국,8302,"서울특별시 구로구 구로중앙로18길 5 (구로동,현대오피스텔)",02-857-2004
서울청,서울구로우체국,서울성공회대우편취급국,8359,서울시 구로구 연동로 320,02-2612-5789
서울청,서울구로우체국,서울시흥1동우체국,8622,서울특별시 금천구 독산로 123,02-806-1938
서울청,서울구로우체국,서울시흥3동우편취급국,8640,서울 금천구 시흥대로 77,02-803-0205
서울청,서울구로우체국,서울시흥동우체국,8632,서울 금천구 시흥대로 217,02-802-0205
서울청,서울구로우체국,서울신도림우체국,8208,"서울특별시 구로구 경인로67길 23,  207호",02-2637-3322
서울청,서울구로우체국,서울오류동우체국,8267,서울 구로구 경인로 227,02-2613-2005
서울청,서울구로우체국,서울오류역전우편취급국,8272,"서울특별시 구로구 경인로20길 13 (오류동,철도청중앙보급사무소)",02-2616-6370
서울청,우정사업정보센터,우편고객센터,7245,"서울특별시 영등포구 영중로 83 (영등포동7가, 한국우편사업진흥원)",02-1588-1300
경인청,인천우체국,덕적우체국,23130,인천광역시 옹진군 덕적면 덕적북로133번길 40 (덕적우체국),032-831-2106
경인청,인천우체국,북도우체국,23114,인천광역시 옹진군 북도면 시도로 97 (북도우체국),032-752-4009
경인청,인천우체국,연세대학교국제캠퍼스취급국,21983,"인천광역시 연수구 송도과학로 85 (송도동,연세대학교  국제캠퍼스)",032-749-5162
경인청,인천우체국,연평우체국,23108,인천광역시 옹진군 연평면 연평로137번길 13 (연평우체국),032-831-6520
경인청,인천우체국,영종우체국,22372,인천광역시 중구 운남로128번길 7 (운남동),032-746-0002
경인청,인천우체국,영흥우체국,23119,인천광역시 옹진군 영흥면 영흥로 410 (영흥우체국),032-886-8200
경인청,인천우체국,인천공항우편취급국,22382,"인천광역시 중구 공항로 272, 제1여객터미널 2층 (운서동)",032-740-2900
경인청,인천우체국,인천대학교우편취급국,22012,인천광역시 연수구 아카데미로 119 (송도동),032-766-5567
경인청,인천우체국,인천동춘2동우편취급국,21971,"인천광역시 연수구 먼우금로63번길 13, 114호 (동춘동)",032-815-4422
경인청,인천우체국,인천만석동우체국,22506,"인천광역시 동구 제물량로 341 (만석동,만석우체국)",032-762-0803
경인청,인천우체국,인천송도G-타워우체국,22004,"인천광역시 연수구 아트센터대로 175 (송도동,G타워)",032-858-0140
경인청,인천우체국,인천송도동우체국,21996,"인천광역시 연수구 하모니로35번길 2 (송도동,인천송도동우체국)",032-858-6442
경인청,인천우체국,인천송림동우체국,22558,"인천광역시 동구 동산로 90 (송림동,인천송림동우체국)",032-762-0805
경인청,인천우체국,인천연수2동우편취급국,21929,인천광역시 연수구 샘말로8번길 20 (연수동),032-816-9944
경인청,인천우체국,인천연수동우체국,21924,인천광역시 연수구 비류대로 436 (연수동),032-812-2105
경인청,인천우체국,인천옥련동우체국,21950,"인천광역시 연수구 한진로38번길 9 (옥련동,인천옥련동우체국)",032-834-2105
경인청,인천우체국,인천용유동우편취급국,22384,인천광역시 중구 마시란로 314-32 (남북동),032-746-4569
경인청,인천우체국,인천우체국,21935,"인천광역시 연수구 함박뫼로 226 (연수동,인천우체국)",032-850-8100
경인청,인천우체국,인천운남동우체국,22375,인천광역시 중구 운남동 1699-6,032-710-6343
경인청,인천우체국,인천운서동우체국,22371,인천광역시 중구 흰바위로27번길 6 (운서동),032-752-2105
경인청,인천우체국,인천유통센터우편취급국,22530,"인천광역시 동구 방축로83번길 23, 12동 227-1호 (송림동)",032-589-0298
경인청,인천우체국,인천자월우편취급국,23125,"인천광역시 옹진군 자월면 자월서로 164 (자월리, 자월면사무소)",032-899-3771
경인청,인천우체국,인천중동우체국,22332,인천광역시 중구 서해대로 366 (신흥동3가),032-772-0801
경인청,인천우체국,인천항동우체국,22348,"인천광역시 중구 연안부두로 67 (항동7가,인천항동우체국)",032-882-4494
경인청,인천우체국,인천해상교환우체국,22336,"인천광역시 중구 축항대로165번길 15 (항동7가, KCTC인천물류센터)",032-716-6680
경인청,인천우체국,인천화평동우체국,22519,"인천광역시 동구 송화로 10 (화평동,화평우체국)",032-763-2003
경인청,서인천우체국,검단우체국,22617,인천광역시 서구 검단로 487 (마전동),032-563-5204
경인청,서인천우체국,서인천우체국,22713,인천광역시 서구 서곶로 318 (심곡동),032-590-9114
경인청,서인천우체국,인천가정동우편취급국,22777,인천광역시 서구 가정로406번길 18 (가정동),032-583-3343
경인청,서인천우체국,인천가좌1동우편취급국,22833,인천광역시 서구 건지로 278 (가좌동),032-578-3933
경인청,서인천우체국,인천가좌2동우체국,22810,인천광역시 서구 원적로96번길 27 (가좌동),032-575-2005
경인청,서인천우체국,인천검단산업단지우편취급국,22664,"인천광역시 서구 오류동 1657-2, 가동 제 102호",032-208-5757
경인청,서인천우체국,인천검암동우체국,22698,"인천광역시 서구 승학로 404 (검암동,인천검암동우체국)",032-564-3018
경인청,서인천우체국,인천공단우편취급국,22829,인천광역시 서구 가재울로 72 (가좌동),032-577-7972
경인청,서인천우체국,인천불로동우편취급국,22620,인천광역시 서구 검단로 807 (불로동),032-561-7077
경인청,서인천우체국,인천석남동우체국,22784,인천광역시 서구 가정로 314 (석남동),032-572-2155
경인청,서인천우체국,인천원당우체국,22647,인천광역시 서구 고산후로121번길 38 (원당동),032-568-4991
경인청,서인천우체국,인천청라1동우체국,22738,인천광역시 서구 청라라임로 52(연희동),032-562-1980
경인청,서인천우체국,인천청라3동우편취급국,22758,"인천광역시 서구 청라한내로 96(청라동 96-1), 108호 (청라동)",032-562-2077
경인청,남인천우체국,남인천우체국,21552,인천광역시 남동구 경인로 514 (간석동),032-453-0500
경인청,남인천우체국,인천도화아파트우편취급국,22118,"인천광역시 미추홀구 석정로 298 (도화동, 도화아파트우편취급국)",032-864-2028
경인청,남인천우체국,인천문학동우체국,22235,인천광역시 미추홀구 소성로 337 (문학동),032-424-2205
경인청,남인천우체국,인천삼덕아파트우편취급국,22124,인천광역시 미추홀구 석정로 437 (주안동),032-867-6100
경인청,남인천우체국,인천숭의3동우편취급국,22103,"인천광역시 미추홀구 석정로126번길 6 (숭의동, 새마을금고)",032-888-8503
경인청,남인천우체국,인천숭의동우체국,22171,인천광역시 미추홀구 인중로 4 (숭의동),032-882-2105
경인청,남인천우체국,인천용일우편취급국,22182,"인천광역시 미추홀구 인주대로 200 (용현동, 용일새마을금고우편취급국)",032-865-0077
경인청,남인천우체국,인천용현5동우편취급국,22186,인천광역시 미추홀구 토금북로 14-1 (용현동),032-885-0006
경인청,남인천우체국,인천주안4동우편취급국,22149,인천광역시 미추홀구 경인로 418 (주안동),032-427-6220
경인청,남인천우체국,인천주안8동우편취급국,22239,인천광역시 미추홀구 인하로 383(주안동),032-435-5162
경인청,남인천우체국,인천지방법원우체국,22220,"인천광역시 미추홀구 소성로163번길 17 (학익동, 인천지방법원)",032-862-2105
경인청,남인천우체국,인천학익동우체국,22219,인천광역시 미추홀구 한나루로 430 (학익동),032-863-2005
경인청,남인천우체국,인하대학교우편취급국,22212,인천광역시 미추홀구 인하로 100 (용현동),032-860-8867
경인청,남인천우체국,주안우체국,22153,인천광역시 미추홀구 제일로 32 (도화동),032-862-2005
경인청,인천계양우체국,인천계산동우체국,21039,인천광역시 계양구 경명대로 1053 (계산동),032-542-2106
경인청,인천계양우체국,인천계양1동우편취급국,21007,인천광역시 계양구 장기로9번길 2 (장기동),032-548-1254
경인청,인천계양우체국,인천계양2동우편취급국,21028,인천광역시 계양구 장제로 922 (병방동),032-555-5315
경인청,인천계양우체국,인천계양우체국,21066,인천광역시 계양구 계산새로 76 (계산동),032-540-9400
경인청,인천계양우체국,인천작전동우체국,21119,인천광역시 계양구 효서로 292 (작전동),032-544-7122
경인청,인천계양우체국,인천효성동우체국,21112,인천광역시 계양구 효서로 146 (효성동),032-548-2005
경인청,고양일산우체국,고양가좌동우편취급국,10210,경기 고양시 일산서구 송산로 393,031-923-0105
경인청,고양일산우체국,고양대화동우체국,10368,경기 고양시 일산서구 일산로 664,031-917-0004
경인청,고양일산우체국,고양마두1동우편취급국,10412,경기 고양시 일산동구 일산로 284,031-901-5577
경인청,고양일산우체국,고양백석동우체국,10420,경기도 고양시 일산동구 강송로 123 (백석동),031-901-0100
경인청,고양일산우체국,고양식사동우편취급국,10324,"경기도 고양시 일산동구 위시티1로 7, 상가2동 108호 (식사동,위시티블루밍5단지아파트)",031-965-4417
경인청,고양일산우체국,고양일산2동우체국,10342,경기 고양시 일산서구 원일로 90,031-975-2000
경인청,고양일산우체국,고양일산우체국,10401,경기 고양시 일산동구 중앙로 1293,031-927-0199
경인청,고양일산우체국,고양장촌우편취급국,10383,경기 고양시 일산서구 호수로838번길 65-12,031-913-6633
경인청,고양일산우체국,고양정발산동우체국,10359,경기 고양시 일산동구 일산로 425,031-915-7005
경인청,고양일산우체국,고양주엽동우체국,10387,경기 고양시 일산서구 주화로 80,031-911-0100
경인청,고양일산우체국,고양중산우체국,10333,경기 고양시 일산동구 중산로 226,031-977-2006
경인청,고양일산우체국,고양지원출장소,10413,"경기도 고양시 일산동구 장백로 209 (장항동,의정부지방법원 고양지원)",031-905-9810
경인청,고양일산우체국,고양탄현동우체국,10244,경기 고양시 일산서구 현중로36번길 7,031-917-7006
경인청,고양일산우체국,고양풍산동우체국,10306,경기 고양시 일산동구 숲속마을로 56,031-901-2106
경인청,고양일산우체국,국립암센터우편취급국,10408,경기 고양시 일산동구 일산로 323,031-920-0280
경인청,고양일산우체국,제110군사우편출장소,10319,경기 고양시 일산동구 고양대로 927,031-975-2105
경인청,고양덕양우체국,고양능곡동우체국,10509,경기도 고양시 덕양구 토당로 97 (토당동),031-974-7004
경인청,고양덕양우체국,고양덕양우체국,10498,경기도 고양시 덕양구 백양로 132 (화정동),031-968-0014
경인청,고양덕양우체국,고양동우체국,10274,경기도 고양시 덕양구 벽제관로 24 (고양동),031-962-9002
경인청,고양덕양우체국,고양삼송동우편취급국,10550,경기도 고양시 덕양구 삼원로 15 (삼송동),02-382-2121
경인청,고양덕양우체국,고양주교동우체국,10462,경기도 고양시 덕양구 호국로 793 (주교동),031-962-5005
경인청,고양덕양우체국,고양지축동우편취급국,10585,경기도 고양시 덕양구 안진6길 10. 1층 (지축동),02-381-5724
경인청,고양덕양우체국,고양행신3동우체국,10494,경기도 고양시 덕양구 중앙로558번길 84 (행신동),031-973-0014
경인청,고양덕양우체국,고양행신동우체국,10523,경기도 고양시 덕양구 충경로 34 (행신동),031-971-0205
경인청,고양덕양우체국,고양화전동우체국,10540,경기도 고양시 덕양구 중앙로 181 (화전동),02-3158-5231
경인청,고양덕양우체국,고양화정2동우편취급국,10503,경기도 고양시 덕양구 성신로 10 글로벌테마프라자 109호 (화정동),031-973-1411
경인청,고양덕양우체국,벽제우체국,10285,"경기도 고양시 덕양구 통일로 760, 124호 (관산동,더퍼스트프라임)",031-962-8002
경인청,고양덕양우체국,제111군사우편출장소,10268,경기도 고양시 덕양구 호국로 1893 (벽제동),031-962-9001
경인청,부천우체국,남부천우체국,14725,경기도 부천시 경인로 162 (송내동),032-651-6666
경인청,부천우체국,부천고강동우체국,14408,경기도 부천시 고리울로8번길 21 (고강동),032-683-2005
경인청,부천우체국,부천괴안동우체국,14696,경기도 부천시 범안로 22 (괴안동),032-341-2002
경인청,부천우체국,부천도당동우체국,14480,경기도 부천시 수도로 202 (도당동),032-679-2006
경인청,부천우체국,부천삼정동우편취급국,14449,"경기도 부천시 석천로 397 쌍용3차테크노파크 401동 107호 (삼정동, 부천테크노파크쌍용3차)",032-219-0203
경인청,부천우체국,부천상동우체국,14596,경기도 부천시 부흥로 76 (상동),032-323-2782
경인청,부천우체국,부천소사로우체국,14774,경기도 부천시 소사로 88 (소사본동),032-342-0005
경인청,부천우체국,부천심곡동우체국,14628,경기도 부천시 부일로 412 (심곡동),032-667-0009
경인청,부천우체국,부천약대동우편취급국,14516,경기도 부천시 중동로 366 (약대동),032-673-3739
경인청,부천우체국,부천역곡동우체국,14671,경기도 부천시 부일로 717 (역곡동),032-345-0005
경인청,부천우체국,부천역전우체국,14752,경기도 부천시 경인로 266 (심곡본동),032-663-0004
경인청,부천우체국,부천오정동우체국,14434,경기도 부천시 오정로 262 (오정동),032-673-0142
경인청,부천우체국,부천옥길동우편취급국,14789,"경기도 부천시 범안로219번길 19 (옥길동, 부천옥길자이)",032-664-6000
경인청,부천우체국,부천우체국,14546,경기도 부천시 소향로 103 (중동),032-310-7020
경인청,부천우체국,부천원미동우체국,14569,경기도 부천시 부천로 118-1 (원미동),032-656-1114
경인청,부천우체국,부천원종동우편취급국,14419,경기도 부천시 소사로794번길 11 (원종동),032-673-0399
경인청,부천우체국,부천중2동우체국,14581,경기도 부천시 조마루로 254 (중동),032-325-2008
경인청,부천우체국,부천중3동우체국,14535,경기도 부천시 계남로 211 (중동),032-324-0005
경인청,부천우체국,부천춘의동우편취급국,14528,경기도 부천시 부천로 243 (춘의동),032-678-0701
경인청,부천우체국,부천테크노파크우편취급국,14501,"경기도 부천시 석천로 345 (삼정동,부천테크노파크)",032-621-0031
경인청,부천우체국,인천지법부천지원우체국,14602,경기도 부천시 상일로 129 (상동),032-326-0044
경인청,부천우편집중국,부천우편집중국,14442,경기도 부천시 오정구 오정로211번길 40 (오정동),032-680-0005
경인청,안산우체국,대부우체국,15645,경기도 안산시 단원구 대부중앙로 93 (대부북동),032-886-0001
경인청,안산우체국,반월공단우체국,15433,경기도 안산시 단원구 동산로 41 (원시동),031-491-0100
경인청,안산우체국,안산공단우편취급국,15418,"경기도 안산시 단원구 지원로 107, 110호 (성곡동)",031-497-7878
경인청,안산우체국,안산반월동우편취급국,15521,"안산시 상록구 건건로82, 영무예다음아파트 근린생활시설 101호(건건동)",031-415-7733
경인청,안산우체국,안산법원우편출장소,15472,경기도 안산시 단원구 광덕서로 75 (고잔동),031-482-3120
경인청,안산우체국,안산본오동우체국,15549,경기도 안산시 상록구 각골로 53 (본오동),031-419-2005
경인청,안산우체국,안산사동우편취급국,15621,"경기도 안산시 상록구 감골2로 44, 102호 (사동,선경아파트)",031-417-3100
경인청,안산우체국,안산삼일빌딩우편취급국,15361,"경기도 안산시 단원구 중앙대로 927, 105호 (고잔동)",031-402-7535
경인청,안산우체국,안산상록수우체국,15537,경기도 안산시 상록구 용신로 364 (본오동),031-407-0205
경인청,안산우체국,안산선부동우체국,15368,경기도 안산시 단원구 선부광장1로 138 (선부동),031-401-2205
경인청,안산우체국,안산성포동우체국,15291,경기도 안산시 상록구 예술광장로 71 (성포동),031-486-2510
경인청,안산우체국,안산수암동우체국,15202,경기도 안산시 상록구 수암길 5 (수암동),031-482-7500
경인청,안산우체국,안산신안우편취급국,15541,"경기도 안산시 상록구 반석로 54, 185호 (본오동)",031-408-6516
경인청,안산우체국,안산와동우편취급국,15254,경기도 안산시 단원구 와동로 125 천년가 리더스카이 상가 133호 (와동),031-486-1114
경인청,안산우체국,안산우체국,15357,경기도 안산시 단원구 중앙대로 815 (고잔동),031-483-0014
경인청,안산우체국,안산원초우편취급국,15390,경기도 안산시 단원구 원선로 19 101호 (원곡동),031-494-1588
경인청,안산우체국,안산유통상가우편취급국,15426,"경기도 안산시 단원구 산단로 325, 스마트스퀘어 C-269",031-494-5555
경인청,안산우체국,안산이동우체국,15495,경기도 안산시 상록구 중보로 41 (이동 716-5),031-416-4466
경인청,안산우체국,안산일동우체국,15326,경기도 안산시 상록구 성호로1길 12-2 (일동),031-408-4001
경인청,안산우체국,안산중앙동우체국,15339,경기도 안산시 단원구 예술대학로 74 (고잔동),031-483-2205
경인청,안산우체국,안산초지동우체국,15445,경기도 안산시 단원구 초지동로 65 (초지동),031-475-2205
경인청,안산우체국,안산한양대학교우편취급국,15588,"경기도 안산시 상록구 한양대학로 55(사3동 1271) (사동, 한양대학교)",031-400-4546
경인청,안산우체국,안산호수동우체국,15477,경기도 안산시 단원구 광덕2로 186 (고잔동),031-475-2008
경인청,시흥우체국,시흥군자우체국,15070,경기도 시흥시 군자로 510 (거모동),031-484-5060
경인청,시흥우체국,시흥금바위우편취급국,14921,"경기도 시흥시 시흥대로 1074, 정호빌딩 101호(은행동)",031-313-3008
경인청,시흥우체국,시흥대야동우체국,14909,경기도 시흥시 호현로 58 (대야동),031-312-6420
경인청,시흥우체국,시흥매화동우편취급국,14940,경기도 시흥시 매화1로 5 (매화동),031-315-5200
경인청,시흥우체국,시흥배곧동우체국,15011,경기도 시흥시 서울대학로278번길 45 (배곧동),031-8042-2047
경인청,시흥우체국,시흥연성동우체국,15002,경기도 시흥시 장곡로54번길 42 (장곡동),031-317-8260
경인청,시흥우체국,시흥우체국,15079,경기도 시흥시 공단1대로 241 (정왕동),031-8041-2700
경인청,시흥우체국,시흥월곶동우편취급국,14963,"경기도 시흥시 월곶해안로161번길 15, 108동 105호 (월곶동, 월곶Ⅱ유호N플러스빌(상가동))",031-315-7307
경인청,시흥우체국,시흥은행동우체국,14916,경기도 시흥시 은행로 146 (은행동),031-312-8310
경인청,시흥우체국,시흥정왕동상가우편취급국,15040,"경기도 시흥시 옥구상가3길 23-11, 101호(정왕동)",031-432-2858
경인청,시흥우체국,시흥정왕동우체국,15052,경기도 시흥시 군서마을로 32 (정왕동),031-497-2205
경인청,시흥우체국,시흥하중2동우편취급국,14976,"경기도 시흥시 하중로 233, 금천프라자 105호 (하중동)",031-318-8252
경인청,안양우체국,경기안양6동우편취급국,14035,"경기도 안양시 만안구 만안로 35 (안양동, 빌로채)",031-449-3255
경인청,안양우체국,과천문원단지우편취급국,13827,경기도 과천시 문원청계길 17-12 (문원동),02-503-4132
경인청,안양우체국,과천부림우편취급국,13832,"경기도 과천시 별양로 164 과천센트럴푸르지오써밋APT상가 지하103호 (부림동, 과천센트럴파크푸르지오써밋)",02-502-7784
경인청,안양우체국,과천우면우편취급국,13818,경기도 과천시 장군마을길 32 (주암동),02-577-4243
경인청,안양우체국,과천우체국,13834,경기도 과천시 별양로 54 (별양동),02-503-2005
경인청,안양우체국,서안양우체국,14030,경기도 안양시 만안구 안양로 233 (안양동),031-445-2007
경인청,안양우체국,수원지방법원안양지원우편출장소,14054,경기도 안양시 동안구 관평로212번길 70 (관양동),031-383-3001
경인청,안양우체국,안양4동우체국,14001,경기도 안양시 만안구 병목안로 4 (안양동),031-441-1997
경인청,안양우체국,안양관양2동우편취급국,14057,"경기도 안양시 동안구 시민대로 401, 1층 115호 (관양동, 대륭테크노타운15차)",031-423-1233
경인청,안양우체국,안양관양동우체국,13939,경기도 안양시 동안구 관악대로 407-1 (관양동),031-421-1425
경인청,안양우체국,안양귀인동우체국,14103,경기도 안양시 동안구 평촌대로 102 (평촌동),031-382-2006
경인청,안양우체국,안양부림동우체국,14066,경기도 안양시 동안구 관평로176번길 18 (관양동),031-381-2004
경인청,안양우체국,안양비산1동우편취급국,13924,경기도 안양시 동안구 비산로 57(휴먼시아 상가) 가동 102호,031-443-6264
경인청,안양우체국,안양비산삼호우편취급국,13919,경기도 안양시 동안구 동안로 300 (비산동),031-385-3841
경인청,안양우체국,안양석수동우체국,13970,경기도 안양시 만안구 안양로 449 (석수동),031-472-2004
경인청,안양우체국,안양양지우편취급국,14011,경기도 안양시 만안구 양화로47번길 9 (안양동),031-446-2000
경인청,안양우체국,안양우체국,14047,경기도 안양시 동안구 평촌대로253번길 25 (비산동),031-390-9788
경인청,안양우체국,안양진흥우편취급국,13995,경기도 안양시 만안구 장내로 164 청솔프라자 101호(안양1동 1384번지),031-464-7900
경인청,안양우체국,안양호계3동우편취급국,14126,"경기도 안양시 동안구 경수대로 428 (호계동, 덕유파크)",070-5077-0602
경인청,안양우체국,안양호계동우체국,14041,경기도 안양시 동안구 시민대로 119 (호계동),031-429-1964
경인청,안양우체국,안양호계현대우편취급국,14117,"경기도 안양시 동안구 엘에스로 76, 안양디오밸리 151호 (호계동, 국제유통단지)",031-455-8290
경인청,안양우체국,정부과천청사우편취급국,13809,경기도 과천시 관문로 47 (중앙동),02-3418-6777
경인청,안양우체국,제132군사우편출장소,13915,경기도 안양시 동안구 평촌대로 491 (비산동),031-388-9685
경인청,군포우체국,군포금정동우체국,15830,경기도 군포시 당산로136번길 14,031-459-0205
경인청,군포우체국,군포당동우체국,15861,경기 군포시 군포로 495,031-396-1001
경인청,군포우체국,군포당정동우편취급국,15848,경기도 군포시 봉성로 81,031-429-8811
경인청,군포우체국,군포대야미동우편취급국,15888,군포시 대야1로11번길 4,031-502-6767
경인청,군포우체국,군포산본1동우편취급국,15806,군포시 산본천로215번길 5,031-392-0116
경인청,군포우체국,군포산본2동우체국,15814,경기도 군포시 산본로386번길 77,031-394-2004
경인청,군포우체국,군포오금동우체국,15870,경기 군포시 번영로 382,031-391-2004
경인청,군포우체국,군포우체국,15829,경기  군포시 산본로 328,031-396-8014
경인청,군포우체국,의왕내손동우체국,16037,경기 의왕시 복지로 14,031-422-8640
경인청,군포우체국,의왕내손우편취급국,16035,경기도 의왕시 백운초등교길 7 (내손동),031-423-9966
경인청,군포우체국,의왕부곡우체국,16088,경기  의왕시 부곡중앙남2길 11,031-461-3305
경인청,군포우체국,의왕신안우편취급국,16071,경기도 의왕시 경수대로 367 (오전동),031-456-0204
경인청,군포우체국,의왕우체국,16058,경기  의왕시 효행로 45,031-451-2834
경인청,군포우체국,의왕포일우편취급국,16019,경기도 의왕시 흥안대로 434번길 91,031-424-4466
경인청,수원우체국,수원북문우체국,16269,경기도 수원시 장안구 수성로 360 (영화동),031-247-2005
경인청,수원우체국,수원성균관대학교우편취급국,16419,"경기도 수원시 장안구 서부로 2066 (천천동,성균관대학교자연과학캠퍼스)",031-290-5445
경인청,수원우체국,수원송죽동우편취급국,16303,경기도 수원시 장안구 경수대로995번길 8 (송죽동),031-242-8338
경인청,수원우체국,수원역전우체국,16455,경기도 수원시 팔달구 향교로 13 (매산로1가),031-256-2005
경인청,수원우체국,수원연무동우체국,16291,경기도 수원시 장안구 광교산로 97 (하광교동),031-243-3265
경인청,수원우체국,수원우만1동우편취급국,16232,경기도 수원시 팔달구 월드컵로 361 (우만동),031-258-2000
경인청,수원우체국,수원우체국,16326,경기도 수원시 장안구 천천로 94 (천천동),031-888-1300
경인청,수원우체국,수원율전동우체국,16324,경기도 수원시 장안구 하률로 6 (천천동),031-269-5511
경인청,수원우체국,수원정자동우체국,16319,경기도 수원시 장안구 정자천로134번길 10 (정자동),031-269-2401
경인청,수원우체국,수원정자동우편취급국,16337,경기도 수원시 장안구 장안로 286-2 (정자동),031-255-5771
경인청,수원우체국,수원행궁동우편취급국,16263,경기도 수원시 팔달구 정조로 732-1(중동 72-1) (중동),031-252-0666
경인청,수원우체국,수원화서동우체국,16440,경기도 수원시 팔달구 고화로 135 (화서동),031-251-2004
경인청,수원우체국,수원화서아파트우편취급국,16436,"경기도 수원시 팔달구 동말로25번길 108,102호 (화서동, 현대프라자)",031-247-2007
경인청,동수원우체국,경기도청우체국,16508,"경기도 수원시 영통구 도청로 30 (이의동, 경기도청)",031-211-3180
경인청,동수원우체국,동수원우체국,16487,경기도 수원시 팔달구 인계로 143 (인계동),031-231-0532
경인청,동수원우체국,수원경기대학교우편취급국,16227,"경기도 수원시 영통구 광교산로 154-42 (이의동,경기대학교)",031-249-8985
경인청,동수원우체국,수원매탄1동우체국,16530,경기도 수원시 영통구 중부대로 242 (매탄동),031-215-9115
경인청,동수원우체국,수원매탄2동우체국,16527,경기도 수원시 영통구 매영로 93-20 (매탄동),031-214-2001
경인청,동수원우체국,수원매탄3동우체국,16548,경기도 수원시 영통구 동탄원천로881번길 66 (매탄동),031-214-0250
경인청,동수원우체국,수원매탄우편취급국,16549,경기도 수원시 영통구 동수원로 294(매탄3동 1181-10) (매탄동),031-235-0020
경인청,동수원우체국,수원법원우체국,16512,"경기도 수원시 영통구 법조로 105 (하동, 수원법원종합청사)",031-213-7231
경인청,동수원우체국,수원신동우편취급국,16677,경기도 수원시 영통구 신원로 33(신동 531-3) (신동),031-203-0213
경인청,동수원우체국,수원영통동우체국,16698,경기도 수원시 영통구 영통로214번길 1 (영통동),031-202-2006
경인청,동수원우체국,수원청명우체국,16704,경기도 수원시 영통구 청명남로 57 (영통동),031-206-4100
경인청,동수원우체국,수원황곡우체국,16712,경기도 수원시 영통구 봉영로1759번길 35 (영통동),031-206-2004
경인청,동수원우체국,아주대학교우편취급국,16499,"경기도 수원시 영통구 월드컵로 206 (원천동,아주대학교)",031-219-2275
경인청,수원우편집중국,수원우편집중국,16704,경기도 수원시 영통구 청명남로 57 (영통동),031-201-7320
경인청,성남우체국,성남가천대학교우편취급국,13120,경기도 성남시 수정구 성남대로 1342 (복정동),031-751-0004
경인청,성남우체국,성남고등동우체국,13105,경기도 성남시 수정구 대왕판교로982번길 2 (고등동),031-723-8400
경인청,성남우체국,성남공단우체국,13229,경기도 성남시 중원구 둔촌대로 484 시콕스타워 B106 (상대원동),031-745-0006
경인청,성남우체국,성남금광동우체국,13178,"경기도 성남시 중원구 광명로 311 (금광동,금광동우체국)",031-747-2005
경인청,성남우체국,성남금동우편취급국,13166,경기도 성남시 중원구 금빛로100번길 2 (금광동),031-741-0004
경인청,성남우체국,성남단대동우체국,13143,"경기도 성남시 수정구 산성대로 475 (단대동,단대동우체국)",031-744-0006
경인청,성남우체국,성남도촌동우체국,13420,"경기도 성남시 중원구 도촌북로 30 (도촌동,도촌동우체국)",031-752-2050
경인청,성남우체국,성남수진2동우편취급국,13312,"경기도 성남시 수정구 모란로 65 상가1층 (수진동,삼부아파트)",031-752-0001
경인청,성남우체국,성남수진동우체국,13326,"경기도 성남시 수정구 산성대로 97 (수진동,수진동우체국)",031-752-0004
경인청,성남우체국,성남수진역우편취급국,13343,경기도 성남시 수정구 탄리로 8 (신흥동),031-753-7121
경인청,성남우체국,성남우체국,13354,"경기도 성남시 수정구 산성대로 301 (신흥동,성남우체국)",031-743-0014
경인청,성남우체국,성남중원우편취급국,13368,경기도 성남시 중원구 제일로 45 (성남동),031-752-0066
경인청,성남우체국,성남태평2동우편취급국,13286,경기도 성남시 수정구 남문로 111 (태평동),031-755-8892
경인청,성남우체국,성남태평동우체국,13305,"경기도 성남시 수정구 수정로 113 (태평동,태평동우체국)",031-753-0004
경인청,성남우체국,성남하대원우편취급국,13390,경기도 성남시 중원구 둔촌대로 319 (하대원동),031-722-2004
경인청,성남우체국,위례우체국,13647,"경기도 성남시 수정구 위례서일로 6, 우대빌딩 1층 (창곡동)",031-778-6740
경인청,성남우체국,제337군사우편출장소,13102,경기도 성남시 수정구 대왕판교로 1210 (고등동),031-723-7484
경인청,성남분당우체국,성남구미동우체국,13627,경기도 성남시 분당구 돌마로90번길 6-3 (구미동),031-712-3004
경인청,성남분당우체국,성남구미무지개우편취급국,13626,"경기도 성남시 분당구 구미로 100, B03호 (구미동,굿모닝프라자)",031-718-7707
경인청,성남분당우체국,성남분당우체국,13590,경기도 성남시 분당구 황새울로 347 (서현동),031-725-8014
경인청,성남분당우체국,성남삼평동우체국,13490,경기도 성남시 분당구 동판교로266번길 20 (삼평동),031-8017-3004
경인청,성남분당우체국,성남서현1동우체국,13588,경기도 성남시 분당구 중앙공원로39번길 31 (서현동),031-701-0004
경인청,성남분당우체국,성남서현2동우체국,13587,경기도 성남시 분당구 분당로263번길 49 (서현동),031-701-0106
경인청,성남분당우체국,성남수내동우체국,13599,경기도 성남시 분당구 내정로166번길 27 (수내동),031-711-0004
경인청,성남분당우체국,성남야탑동우체국,13505,경기도 성남시 분당구 장미로86번길 17 (야탑동),031-709-8003
경인청,성남분당우체국,성남야탑목련우편취급국,13516,"경기도 성남시 분당구 판교로 700, 206호 (야탑동, 분당테크노파크)",031-707-4500
경인청,성남분당우체국,성남운중동우체국,13466,경기도 성남시 분당구 운중로138번길 7-1 (운중동),031-701-8302
경인청,성남분당우체국,성남정든마을우편취급국,13602,"경기도 성남시 분당구 불정로 119, 109호 (정자동, 한진상가)",031-717-2934
경인청,성남분당우체국,성남정자동우체국,13558,경기도 성남시 분당구 정자일로198번길 6 (정자동),031-714-9004
경인청,성남분당우체국,성남탑마을우편취급국,13522,경기도 성남시 분당구 판교로 437(야탑동 533-4) 숭문상가 206호,031-707-1379
경인청,성남분당우체국,성남한솔마을우편취급국,13610,"경기도 성남시 분당구 느티로 67, 104호 (정자동, 수내조합상가)",031-712-8866
경인청,성남분당우체국,판교테크노밸리우편취급국,13486,"경기도 성남시 분당구 판교로 253 이노밸리B동 1층 (삼평동, 판교이노밸리)",031-8018-8966
경인청,구리우체국,구리갈매우체국,11903,경기도 구리시 갈매길 97 (갈매동),0031-571-1005
경인청,구리우체국,구리교문동우체국,11934,경기도 구리시 안골로 32 (교문동),031-555-0004
경인청,구리우체국,구리수택3동우편취급국,11945,경기도 구리시 검배로 128 (토평동),031-567-9600
경인청,구리우체국,구리수택동우체국,11940,경기도 구리시 체육관로74번길 51 (수택동),0031-554-0004
경인청,구리우체국,구리우체국,11922,경기도 구리시 건원대로34번길 34 (인창동),031-560-0114
경인청,의정부우체국,의정부1동우체국,11692,경기도 의정부시 호국로 1318 (의정부동),031-856-2005
경인청,의정부우체국,의정부2동우체국,11673,경기도 의정부시 시민로 35 (의정부동),031-877-2145
경인청,의정부우체국,의정부3동우체국,11697,경기도 의정부시 평화로 482 (의정부동),031-871-0100
경인청,의정부우체국,의정부가능동우체국,11675,경기도 의정부시 의정로 169 (가능동),031-873-4014
경인청,의정부우체국,의정부민락동우체국,11805,경기도 의정부시 용현로159번길 14-10 (민락동),031-852-0100
경인청,의정부우체국,의정부신곡1동우체국,11730,경기도 의정부시 발곡로 21 (신곡동),031-826-7676
경인청,의정부우체국,의정부용현동우편취급국,11785,경기도 의정부시 충의로57번길 30 (용현동),031-851-4004
경인청,의정부우체국,의정부우체국,11778,경기도 의정부시 추동로 88 (신곡동),031-877-0014
경인청,의정부우체국,의정부지방법원 우편출장소,11616,"경기도 의정부시 녹양로34번길 23 (가능동, 의정부지방법원)",031-928-1920
경인청,의정부우체국,의정부호원동우편취급국,11644,경기도 의정부시 호암로 95 (호원동),031-877-0003
경인청,백령우체국,대청우체국,23105,인천  옹진군 대청면 대청로7번길 31,032-836-2600
경인청,백령우체국,백령소청우체국,23106,인천 옹진군 대청면 소청동로 88-40,032-836-3400
경인청,백령우체국,백령우체국,23101,인천광역시 옹진군 백령면 백령로 270,032-836-1500
경인청,백령우체국,제603군사우체국,23103,인천시 옹진군 백령면 당후길 2,032-836-0228
경인청,백령우체국,제603군사출장소,23103,인천광역시 옹진군 백령면 당후길 2 (북포리),032-836-0228
경인청,파주우체국,교하우체국,10884,경기 파주시 돌단풍길 12 (문발동),031-943-2005
경인청,파주우체국,문산우체국,10824,경기 파주시 문산읍 문향로 46,031-950-9810
경인청,파주우체국,법원리우체국,10826,경기 파주시 법원읍 사임당로 845,031-958-0005
경인청,파주우체국,봉일천우체국,10937,경기도 파주시 조리읍 봉천로 49-2,031-943-2003
경인청,파주우체국,월롱우체국,10945,경기  파주시 월롱면 쉰우물길 5-6,031-944-0004
경인청,파주우체국,적성우체국,10803,경기 파주시 적성면 청송로 1049,031-959-4000
경인청,파주우체국,제109군사우편출장소,10948,경기도 파주시 등원로 450,031-947-0212
경인청,파주우체국,탄현우체국,10858,경기도 파주시 탄현면 방촌로 651,031-942-9001
경인청,파주우체국,통일동산우체국,10861,경기 파주시 탄현면 법흥로 13,031-942-8600
경인청,파주우체국,파주광탄우편취급국,10948,"경기도 파주시 광탄면 큰여울길 18 (신산리, 경희체육관)",031-949-0002
경인청,파주우체국,파주금촌3동우편취급국,10852,경기 파주시 시청로 209 (아동동),031-946-2003
경인청,파주우체국,파주금촌동우체국,10929,경기 파주시 문화로 92 (금촌동),031-941-0100
경인청,파주우체국,파주동패우편취급국,10904,경기 파주시  교하로 421 (동패동),031-948-0004
경인청,파주우체국,파주연풍우편취급국,10834,경기도 파주시 파주읍 술이홀로 443 (연풍리),031-953-4078
경인청,파주우체국,파주우체국,10915,경기도 파주시 새꽃로 1 (금촌동),031-940-9048
경인청,파주우체국,파주운정동우체국,10894,경기도 파주시 금바위로 36 (와동동),031-957-2005
경인청,파주우체국,파주웅담우편취급국,10806,경기도 파주시 법원읍 술이홀로 1704(웅담리 386-5) (웅담리),031-0000-0000
경인청,파주우체국,파주주내우체국,10835,경기 파주시 파주읍 향교말길 8,031-952-4200
경인청,파주우체국,파평우체국,10801,경기 파주시 파평면 청송로 407,031-958-3205
경인청,김포우체국,고촌우체국,10125,경기도 김포시 고촌읍 은행영사정로5번길 54,031-985-5502
경인청,김포우체국,김포감정동우편취급국,10102,경기도 김포시 봉화로 169 (감정동),031-984-5208
경인청,김포우체국,김포구래동우편취급국,10066,경기도 김포시 김포한강3로 432 골드하임 114호 (마산동),031-997-7524
경인청,김포우체국,김포대곶우체국,10040,경기도 김포시 대곶면 율생중앙로 7,031-987-0888
경인청,김포우체국,김포북변동우체국,10098,경기도 김포시 북변중로 22 (북변동),031-8049-2027
경인청,김포우체국,김포우체국,10077,경기도 김포시 김포한강11로 157 (운양동),031-8048-0160
경인청,김포우체국,김포월곶우체국,10024,경기도 김포시 월곶면 군하로 274,031-987-2333
경인청,김포우체국,김포장기동우체국,10087,경기도 김포시 김포한강1로 28-9 (장기동),031-982-0008
경인청,김포우체국,김포풍무동우편취급국,10116,경기도 김포시 풍무로 109 (풍무동),031-997-0004
경인청,김포우체국,양곡우체국,10059,경기도 김포시 양촌읍 양곡로 540,031-981-0205
경인청,김포우체국,통진우체국,10018,경기도 김포시 통진읍 조강로 52,031-987-2005
경인청,김포우체국,하성우체국,10011,경기도 김포시 하성면 애기봉로 824,031-988-2003
경인청,강화우체국,강화갑곳리우편취급국,23024,인천광역시 강화군 강화읍 갑룡길 33-1,032-933-0018
경인청,강화우체국,강화길상우체국,23050,인천광역시 강화군 길상면 온수길 27 (온수리),032-937-2005
경인청,강화우체국,강화우체국,23036,인천광역시 강화군 강화읍 강화대로 384,032-934-8032
경인청,강화우체국,교동우체국,23002,인천광역시 강화군 교동면 교동남로 61,032-932-4205
경인청,강화우체국,내가우체국,23018,인천 강화군 내가면 강화서로 217-8,032-932-5800
경인청,강화우체국,불은우체국,23046,인천  강화군 불은면 강화동로 562-1,032-937-4600
경인청,강화우체국,삼산우체국,23005,인천광역시 강화군 삼산면 삼산북로463번길 8 (석모리),032-932-3004
경인청,강화우체국,서도우체국,23008,인천  강화군 서도면 주문도길 220,032-932-7300
경인청,강화우체국,선원우체국,23043,인천  강화군 선원면 대문고개로 18,032-932-2551
경인청,강화우체국,송해우체국,23019,인천  강화군 송해면 강화대로 669,032-932-2553
경인청,강화우체국,양도우체국,23057,인천  강화군 양도면 강화남로 711-1,032-937-3500
경인청,강화우체국,양사우체국,23012,인천  강화군 양사면 덕하로 95,032-932-5500
경인청,강화우체국,하점우체국,23014,인천 강화군 하점면 강화대로 1089,032-932-2556
경인청,강화우체국,화도우체국,23060,인천 강화군 화도면 마니산로 703-12,032-937-3600
경인청,광명우체국,광명2동우체국,14219,경기도 광명시 광명로 944 (광명동),02-2619-0040
경인청,광명우체국,광명6동우체국,14294,경기도 광명시 광명로 827 (광명동),02-2615-1977
경인청,광명우체국,광명소하동우체국,14328,경기도 광명시 오리로 332 (소하동),02-897-3027
경인청,광명우체국,광명우체국,14248,경기도 광명시 범안로 1017 (하안동),02-890-1114
경인청,광명우체국,광명철산1동우편취급국,14224,경기도 광명시 사성로103번길 14 (철산동),02-2686-8700
경인청,광명우체국,광명철산3동우체국,14232,경기도 광명시 모세로 54 (철산동),02-2686-0006
경인청,광명우체국,광명철산동우체국,14241,경기도 광명시 광덕산로 35-1 (하안동),02-899-0006
경인청,광명우체국,광명철산역전우편취급국,14235,경기도 광명시 철산로 5 (철산동),02-2683-2999
경인청,광명우체국,광명하안3동우체국,14306,경기도 광명시 금당로 45 (하안동),02-805-2005
경인청,오산우체국,오산세교우체국,18108,경기도 오산시 문헌공로 37(금암동),031-374-5790
경인청,오산우체국,오산수청동우편취급국,18114,경기도 오산시 내삼미로 31 (수청동),031-372-5559
경인청,오산우체국,오산신장동우편취급국,18118,경기도 오산시 청학로 115 (궐동),031-376-0001
경인청,오산우체국,오산우체국,18135,경기도 오산시 성호대로 85 (오산동),031-374-2001
경인청,오산우체국,오산원동우체국,18146,경기도 오산시 경기대로 95 (원동),031-375-9004
경인청,오산우체국,한신대학교우편취급국,18101,"경기도 오산시 한신대길 137 해오름관 지상 1층 (양산동, 한신대학교)",031-379-0285
경인청,용인우체국,모현우체국,17035,경기도 용인시 처인구 모현읍 백옥대로 2366,031-332-2454
경인청,용인우체국,백암우체국,17178,경기도 용인시 처인구 백암면 백암로201번길 16 ),031-333-6000
경인청,용인우체국,송전우체국,17136,경기도 용인시 처인구 이동읍 경기동로705번길 13-11,031-336-7205
경인청,용인우체국,양지우체국,17158,경기도 용인시 처인구 양지면 양지로 171,031-338-3805
경인청,용인우체국,용인김량장동우편취급국,17050,"경기도 용인시 처인구 금령로13번길 4 (김량장동,북부한의원)",031-333-4004
경인청,용인우체국,용인남사우체국,17118,경기도 용인시 처인구 남사읍 처인성로185번길 23,031-332-6000
경인청,용인우체국,용인동백우체국,17004,경기도 용인시 기흥구 동백6로 39 (중동),031-693-9848
경인청,용인우체국,용인명지대학교우편취급국,17058,"경기도 용인시 처인구 명지로 116 (남동,명지대학교용인캠퍼스)",031-324-1166
경인청,용인우체국,용인보라우편취급국,17080,"경기도 용인시 기흥구 한보라1로 42-6 (보라동,현대프라자,용인보라우편취급국)",031-274-1300
경인청,용인우체국,용인상하우편취급국,17077,"경기도 용인시 기흥구 중부대로 814 (상하동,상하우편취급소)",031-284-1616
경인청,용인우체국,용인우체국,17019,경기도 용인시 처인구 중부대로1161번길 73 (삼가동),031-330-2830
경인청,용인우체국,용인전대리우편취급국,17025,경기도 용인시 처인구 포곡읍 석성로 1149(전대리우편취급소),031-339-3396
경인청,용인우체국,용인중앙동우체국,17052,경기도 용인시 처인구 금령로 101 (김량장동),031-332-0100
경인청,용인우체국,용인한국외국어대학교우편취급국,17035,경기도 용인시 처인구 모현읍 외대로 81 (한국외국어대학교용인캠퍼스),031-330-4198
경인청,용인우체국,원삼우체국,17168,경기도 용인시 처인구 원삼면 고당로16번길 17 ),031-332-8000
경인청,용인우체국,제505군사우편출장소,17045,경기도 용인시 처인구 학산로 3-6 (역북동),031-332-2505
경인청,용인우체국,포곡우체국,17028,경기도 용인시 처인구 포곡읍 포곡로 320 ),031-332-5000
경인청,평택우체국,서탄우체국,17704,경기도 평택시 서탄면 금암2길 126,031-662-6028
경인청,평택우체국,송탄우체국,17757,경기도 평택시 탄현로 336 (지산동),031-662-9100
경인청,평택우체국,수원지법평택지원우체국,17848,경기도 평택시 평남로 1036 (동삭동),031-652-2005
경인청,평택우체국,안중우체국,17933,경기도 평택시 안중읍 안중로99번길 17-2,031-681-2002
경인청,평택우체국,오성우체국,17819,경기도 평택시 오성면 숙성시장길 61 (숙성리),031-681-4000
경인청,평택우체국,제309군사우편출장소,17759,경기도 평택시 신장로 55 (신장동),031-666-9735
경인청,평택우체국,제800군사우편출장소,17950,경기도 평택시 포승읍 2함대길 91,031-681-2314
경인청,평택우체국,진위우체국,17712,경기도 평택시 진위면 봉남길 62,031-662-6027
경인청,평택우체국,청북우체국,17811,경기도 평택시 청북면 신포길 70,031-683-5000
경인청,평택우체국,팽성우체국,17988,경기도 평택시 팽성읍 부용로55번길 39,031-691-6500
경인청,평택우체국,평택LG전자우편취급국,17709,경기도 평택시 진위면 엘지로 222,031-610-6637
경인청,평택우체국,평택고덕우체국,17770,경기도 평택시 고덕면 고덕여염6길 62 (여염리) 평택고덕우체국,031-662-6029
경인청,평택우체국,평택대학교우편취급국,17869,경기도 평택시 서동대로 3825 (용이동),031-659-8544
경인청,평택우체국,평택본정우편취급국,17979,경기도 평택시 팽성읍 본정2길 23-2 (본정리),031-618-3401
경인청,평택우체국,평택비전2동우체국,17872,경기도 평택시 평남로 726 (비전동),031-657-2005
경인청,평택우체국,평택서정동우편취급국,17769,경기도 평택시 신서로 14 (신장동),031-663-1014
경인청,평택우체국,평택세교동우편취급국,17839,경기도 평택시 세교상가5길 23 (세교동),031-658-1014
경인청,평택우체국,평택송탄공단우체국,17746,경기도 평택시 산단로64번길 8 (모곡동),031-668-2005
경인청,평택우체국,평택안정우편취급국,17985,경기도 평택시 팽성읍 안정로 48 (안정리),031-691-4836
경인청,평택우체국,평택우체국,17895,경기도 평택시 중앙로 63 (비전동),031-8053-3121
경인청,평택우체국,평택이충동우편취급국,17733,경기도 평택시 이충로108번길 17 (서정동),031-662-0014
경인청,평택우체국,평택중앙동우체국,17783,경기도 평택시 서정역로 28 (서정동),031-666-0797
경인청,평택우체국,평택하북우편취급국,17714,경기도 평택시 진위면 하북1길 15 (하북리),031-668-2014
경인청,평택우체국,평택합정동우체국,17912,경기도 평택시 평택3로 3 (합정동),031-655-0026
경인청,평택우체국,평택현화우체국,17937,경기도 평택시 안중읍 현화중앙길 69,031-684-0330
경인청,평택우체국,포승우체국,17965,경기도 평택시 포승읍 서동대로 1118,031-682-2800
경인청,평택우체국,현덕우체국,17946,경기도 평택시 현덕면 인광길 57,031-682-3101
경인청,안성우체국,고삼우체국,17505,경기도 안성시 고삼면 고삼호수로 8,031-672-7000
경인청,안성우체국,공도우체국,17562,경기도 안성시 공도읍 승두길 50,031-653-2000
경인청,안성우체국,금광우체국,17535,경기도 안성시 금광면 금광초교길 71,031-672-3000
경인청,안성우체국,미양우체국,17601,경기도 안성시 미양면 양지길 23,031-672-8000
경인청,안성우체국,보개우체국,17585,경기도 안성시 삼거리길 17 (가사동),031-672-0005
경인청,안성우체국,안성공단우편취급국,17599,경기도 안성시 미양면 안성맞춤대로 685,031-677-7906
경인청,안성우체국,안성대덕우체국,17573,경기도 안성시 공단로 12 (신건지동),031-672-1500
경인청,안성우체국,안성삼죽우편취급국,17513,경기도 안성시 삼죽면 삼백로 5,031-8046-3911
경인청,안성우체국,안성서운우편취급국,17607,"경기도 안성시 서운면 솔뫼로 241 (신촌리, 안성서운우편취급국)",031-672-9000
경인청,안성우체국,안성우체국,17578,경기도 안성시 아양로 12 (석정동),031-8046-7900
경인청,안성우체국,양성우체국,17502,경기도 안성시 양성면 읍내길 18,031-672-2000
경인청,안성우체국,원곡우체국,17556,경기도 안성시 원곡면 가천중앙1길 38 (외가천리),031-653-1300
경인청,안성우체국,일죽우체국,17527,경기도 안성시 일죽면 금일로 436,031-672-2500
경인청,안성우체국,죽산우체국,17519,경기도 안성시 죽산면 중서길 9,031-676-7000
경인청,경기광주우체국,경기광주신현우편취급국,12820,"경기도 광주시 오포읍 머루숯길 11, 101호 (신현리)",031-717-7080
경인청,경기광주우체국,경기광주우체국,12746,경기도 광주시 행정타운로 49-10,031-799-5900
경인청,경기광주우체국,경기광주태전우편취급국,12785,경기도 광주시 고불로 109-9,031-767-2008
경인청,경기광주우체국,경안동우체국,12755,경기 광주시 중앙로 123,031-797-8712
경인청,경기광주우체국,곤지암우체국,12804,경기도 광주시 곤지암읍 곤지암로 56,031-762-6001
경인청,경기광주우체국,도척우체국,12815,경기도 광주시 도척면 노곡로 47-7,031-762-5000
경인청,경기광주우체국,오포우체국,12790,경기도 광주시 오포읍 오포로 698 ),031-766-4000
경인청,경기광주우체국,초월우체국,12735,경기도 광주시 초월읍 경충대로 1243-9,031-766-2201
경인청,경기광주우체국,퇴촌우체국,12711,경기도 광주시 퇴촌면 광동로 29,031-767-3300
경인청,하남우체국,하남감북동우체국,12990,경기도 하남시 감북로 26 (감일동),02-485-0205
경인청,하남우체국,하남미사2동우편취급국,12903,경기도 하남시 미사강변한강로 152 (망월동),031-794-2206
경인청,하남우체국,하남미사우체국,12919,경기도 하남시 미사강변대로 30,031-8027-2390
경인청,하남우체국,하남석해우편취급국,12959,경기도 하남시 하남대로777번길 14 (신장동),031-791-4344
경인청,하남우체국,하남우체국,12975,경기도 하남시 신장로 165 (덕풍동),031-792-2007
경인청,하남우체국,하남창우동우체국,12954,경기도 하남시 대청로 80 (창우동),031-791-2006
경인청,이천우체국,대월우체국,17343,경기도 이천시 대월면 대평로174번길 40,031-632-1014
경인청,이천우체국,마장우체국,17387,경기도 이천시 마장면 오천로 66,031-632-2014
경인청,이천우체국,백사우체국,17312,경기도 이천시 백사면 현방로 71,031-632-4004
경인청,이천우체국,부발우체국,17324,경기도 이천시 부발읍 무촌로 147,031-632-5014
경인청,이천우체국,설성우체국,17413,경기도 이천시 설성면 진상미로 179,031-641-8014
경인청,이천우체국,신둔우체국,17303,경기도 이천시 신둔면 경충대로 3152-14,031-632-7014
경인청,이천우체국,율면우체국,17423,경기도 이천시 율면 고당로 110,031-641-8060
경인청,이천우체국,이천모가우편취급국,17408,경기도 이천시 모가면 진상미로 1272-5 (진가리),031-633-3016
경인청,이천우체국,이천설성우편취급국,17413,경기도 이천시 설성면 진상미로 179 (제요리),031-642-4399
경인청,이천우체국,이천우체국,17377,경기도 이천시 경충대로 2610 (중리동),031-635-2001
경인청,이천우체국,이천증포동우편취급국,17352,경기도 이천시 이섭대천로 1328 (증포동),031-631-2082
경인청,이천우체국,이천창전동우편취급국,17365,경기도 이천시 영창로 177 (창전동),031-635-8561
경인청,이천우체국,이천하이닉스우편취급국,17336,경기도 이천시 부발읍 경충대로 2091,031-8094-7819
경인청,이천우체국,장호원우체국,17419,경기도 이천시 장호원읍 샘재로 146,031-641-0014
경인청,이천우체국,제138군사우편출장소,17382,경기도 이천시 마장면 억만리로 137 (회억리),031-0000-0000
경인청,이천우체국,제867군사우편출장소,17400,경기도 이천시 진상미로 1700-29 (대포동),031-632-6014
경인청,이천우체국,제900군사우편출장소,17414,경기도 이천시 장호원읍 경충대로597번길 57-82,031-641-1004
경인청,이천우체국,호법우체국,17394,경기도 이천시 호법면 이섭대천로 530,031-632-9014
경인청,여주우체국,가남우체국,12662,경기도 여주시 가남읍 태평로 29 (가남우체국),031-882-0100
경인청,여주우체국,강천우체국,12616,경기도 여주시 강천면 간매1길 10-1 (강천우체국),031-882-6004
경인청,여주우체국,대신우체국,12610,경기도 여주시 대신면 여양로 1430-7 (대신우체국),031-882-8004
경인청,여주우체국,북내우체국,12613,경기도 여주시 북내면 여양2로 287-1 (북내우체국),031-882-0004
경인청,여주우체국,세종대왕우체국,12641,경기도 여주시 세종대왕면 마장로 84 (신지리),031-882-4104
경인청,여주우체국,여주상품우편취급국,12603,경기도 여주시 산북면 상품로 113,031-884-0144
경인청,여주우체국,여주오학우편취급국,12639,"경기도 여주시 여양로233번길 15-4 (오학동, 여주오학우편취급국)",031-885-0084
경인청,여주우체국,여주우체국,12627,경기도 여주시 세종로 100,031-883-0004
경인청,여주우체국,여주하리우편취급국,12623,경기도 여주시 청심로 102,031-885-0001
경인청,여주우체국,여주흥천우편취급국,12607,경기도 여주시 흥천면 부흥로 459 (효지리),031-881-0880
경인청,여주우체국,이포우체국,12604,경기도 여주시 금사면 이포로 36 (이포우체국),031-882-9004
경인청,여주우체국,점동우체국,12667,경기도 여주시 점동면 청안로 154 (점동우체국),031-882-7004
경인청,양평우체국,강상우체국,12572,경기도 양평군 강상면 양평대교길 87,031-772-3703
경인청,양평우체국,강하우체국,12574,경기도 양평군 강하면 운심길 41,031-772-4907
경인청,양평우체국,개군우체국,12568,경기도 양평군 개군면 하자포길 33,0031-0772-8004
경인청,양평우체국,경기옥천우체국,12507,경기도 양평군 옥천면 옥천길 42,031-0772-5004
경인청,양평우체국,경기용문우체국,12521,경기도 양평군 용문면 용문로 315 (경기용문우체국),0031-773-4004
경인청,양평우체국,단월우체국,12529,경기도 양평군 단월면 재인동길 2-8,0031-0773-0204
경인청,양평우체국,서종우체국,12502,경기도 양평군 서종면 하문호길 3,0031-0773-6004
경인청,양평우체국,양동우체국,12539,경기도 양평군 양동면 학둔지아래길 83,0031-0773-1004
경인청,양평우체국,양평양서우체국,12585,경기도 양평군 양서면 양수로152번길 26,0031-772-6003
경인청,양평우체국,양평우체국,12551,경기도 양평군 양평읍 중앙로111번길 11 (공흥리),031-772-2800
경인청,양평우체국,양평지평우편취급국,12541,경기도 양평군 지평면 지평의병로 87 (지평리),031-774-7006
경인청,양평우체국,양평청운우체국,12530,경기도 양평군 청운면 용두로 152,0031-773-9801
경인청,가평우체국,가평북면우체국,12407,경기도 가평군 북면 가화로 967,031-582-0012
경인청,가평우체국,가평우체국,12418,경기도 가평군 가평읍 보납로 2,031-582-2001
경인청,가평우체국,가평조종우체국,12438,경기도 가평군 조종면 현창로 31,031-585-2005
경인청,가평우체국,상면우체국,12444,경기도 가평군 상면 청군로 1107,031-585-2000
경인청,가평우체국,설악우체국,12467,경기도 가평군 설악면 신천중앙로 109,031-584-7701
경인청,가평우체국,제102군사우편출장소,12437,경기도 가평군 하면 사서함 102-1호,031-585-0102
경인청,가평우체국,제567군사우편출장소,12402,경기도 가평군 가평읍 사서함 567-1,031-582-1002
경인청,가평우체국,청평우체국,12452,경기도 가평군 청평면 잠곡로 19,031-584-0001
경인청,동두천우체국,동두천우체국,11312,경기도 동두천시 평화로 2518 (생연동),031-862-0014
경인청,동두천우체국,동두천중앙동우체국,11328,경기도 동두천시 중앙로273번길 23 (생연동),031-862-2001
경인청,동두천우체국,동두천지행동우체국,11346,경기도 동두천시 중앙로 136 (지행동),031-857-0700
경인청,동두천우체국,제92군사우편출장소,11335,경기도 동두천시 사서함 92-1 92군사우편출장소,031-863-5092
경인청,연천우체국,대광우체국,11000,경기도 연천군 신서면 연신로 1151,031-834-8001
경인청,연천우체국,연천군남우체국,11006,경기도 연천군 군남면 군남로 406 (연천군남우체국),031-833-7001
경인청,연천우체국,연천미산우체국,11044,경기도 연천군 미산면 청정로 1734,031-833-7301
경인청,연천우체국,연천백학우체국,11048,경기도 연천군 백학면 두백로 21,031-835-5205
경인청,연천우체국,연천우체국,11013,경기도 연천군 연천읍 연천로 280,031-834-2001
경인청,연천우체국,연천청산우체국,11020,경기도 연천군 청산면 아우라지길 4,031-835-3404
경인청,연천우체국,연천초성우편취급국,11023,경기도 연천군 청산면 학담로89번길 5(초성2리 214-2) (초성리),031-832-1403
경인청,연천우체국,전곡우체국,11034,경기도 연천군 전곡읍 전곡역로 69,031-832-0100
경인청,연천우체국,제106군사우편출장소,11021,경기도 연천군 청산면 청창로 719,031-835-3406
경인청,포천우체국,제105군사우편출장소,11101,경기 포천시 관인면 북원로475번길 4(사정리),031-532-6205
경인청,포천우체국,제117군사우편출장소,11112,경기도 포천시 이동면 성장로 1093(노곡리),031-532-4300
경인청,포천우체국,제118군사우편출장소,11158,경기 포천시 호국로 1231(자작동),031-532-0005
경인청,포천우체국,포천가산우체국,11164,경기 포천시 가산면 선마로 225( 마산리),031-544-2000
경인청,포천우체국,포천관인우편출장소,11101,경기 포천시 관인면 창동로 1844 (탄동리),031-533-1001
경인청,포천우체국,포천군내우체국,11152,경기 포천시 군내면 청군로 3278 (구읍리),031-532-0006
경인청,포천우체국,포천내촌우체국,11189,경기도 포천시 내촌면 포천로 16 (내리),031-532-2501
경인청,포천우체국,포천대진대우편취급국,11159,경기 포천시 호국로 1007(선단동),031-539-1436
경인청,포천우체국,포천선단우편취급국,11161,경기도 포천시 삼육사로 2224 (선단동),031-541-8337
경인청,포천우체국,포천송우우체국,11175,경기도  포천시 소흘읍 솔모루로 105( 송우리),031-542-1500
경인청,포천우체국,포천신북우체국,11136,경기 포천시 신북면 포천로 2152(심곡리),031-533-6001
경인청,포천우체국,포천신북우편출장소,11136,경기도 포천시 신북면 포천로 2151 (심곡리),031-536-8256
경인청,포천우체국,포천영북우체국,11106,경기 포천시 영북면 운천로 45(운천리),031-532-5100
경인청,포천우체국,포천영중우체국,11129,경기 포천시 영중면 양문로6길 6 (양문리),031-532-6500
경인청,포천우체국,포천우체국,11144,경기 포천시 중앙로 159(신읍동),031-535-2001
경인청,포천우체국,포천이동우체국,11111,경기 포천시 이동면 화동로 2058-5 (장암리),031-532-4500
경인청,포천우체국,포천일동우체국,11117,경기 포천시 일동면 화동로 1068(기산7리),031-532-3100
경인청,포천우체국,포천창수우체국,11134,경기 포천시 창수면 옥수로 103 (주원리),031-533-0001
경인청,포천우체국,포천창수우편출장소,11134,경기도 포천시 창수면 옥수로 103 (주원리),031-8089-7027
경인청,화성우체국,마도우체국,18537,경기도 화성시 마도면 두곡서길 3,031-356-3005
경인청,화성우체국,매송우체국,18289,"경기도 화성시 매송면 화성로 2372, 1층 (원평리)",031-292-4490
경인청,화성우체국,서신우체국,18555,경기도 화성시 서신면 매화3길 5-1,031-357-3000
경인청,화성우체국,양감우체국,18633,경기도 화성시 양감면 은행나무로 278,031-352-1015
경인청,화성우체국,장안우체국,18585,경기도 화성시 장안면 기아자동차로 748,031-351-2201
경인청,화성우체국,제14군사우편출장소,18288,경기도 화성시 매송면 화성로 2420-1,031-292-4471
경인청,화성우체국,제601군사우편출장소,18334,경기도 화성시 봉담읍 시청길 1311,031-227-2006
경인청,화성우체국,조암우체국,18584,경기도 화성시 우정읍 조암로 33,031-358-5004
경인청,화성우체국,팔탄우체국,18527,경기도 화성시 팔탄면 서촌길 13-1,031-353-3105
경인청,화성우체국,화성비봉우편취급국,18284,경기도 화성시 비봉면 비봉로 112 (양노리),031-357-0582
경인청,화성우체국,화성송산우체국,18550,경기도 화성시 송산면 송산포도로 90,031-357-1005
경인청,화성우체국,화성우체국,18270,경기도 화성시 남양읍 시청로202번길 92 (남양리),031-353-1005
경인청,화성우체국,화성장안우편취급국,18585,경기도 화성시 장안면 기아자동차로 748 (사곡리),031-351-2205
경인청,화성우체국,화성향남우체국,18598,경기도 화성시 향남읍 행정서로3길 53 (행정리),031-8055-0699
경인청,용인수지우체국,신갈우체국,17064,경기도 용인시 기흥구 신갈로58번길 16-1 (신갈동),031-283-2001
경인청,용인수지우체국,용인경희대학교우편취급국,17104,경기도 용인시 기흥구 덕영대로 1732 경희대학교 우정원1층 (서천동),031-201-3117
경인청,용인수지우체국,용인구성우체국,16917,경기도 용인시 기흥구 마북로 39 (마북동),031-283-2105
경인청,용인수지우체국,용인단국대학교우편취급국,16890,"경기도 용인시 수지구 죽전로 152 (죽전동,단국대학교)",031-8005-2897
경인청,용인수지우체국,용인동천동우체국,16824,경기도 용인시 수지구 고기로45번길 62 (동천동),031-262-0002
경인청,용인수지우체국,용인보정동우체국,16900,경기 용인시 기흥구 죽현로 47(보정동),031-889-4423
경인청,용인수지우체국,용인상현우편취급국,16928,경기도 용인시 수지구 만현로 17 (상현동),031-272-2720
경인청,용인수지우체국,용인수지우체국,16841,경기도 용인시 수지구 문정로 3 (풍덕천동),031-270-0511
경인청,용인수지우체국,용인신봉동우체국,16814,"경기도 용인시 수지구 신봉1로 114 (신봉동, 대흥빌딩)",031-548-0746
경인청,용인수지우체국,용인죽전1동우체국,16879,경기도 용인시 수지구 죽전로 250 (죽전1동),031-276-0367
경인청,용인수지우체국,용인죽전2동우편취급국,16866,"경기도 용인시 수지구 용구대로2790번길 6 (죽전동,경방프라자)",031-265-0213
경인청,용인수지우체국,용인풍덕우편취급국,16829,경기도 용인시 수지구 문인로31번길 11-1 (풍덕천동),031-261-2250
경인청,의정부우편집중국,의정부우편집중국,11787,경기도 의정부시 산단로98번길 65 (용현동),031-850-0515
경인청,안양우편집중국,안양우편물류센터,14041,경기도 안양시 동안구 시민대로 121 (호계동),031-342-9410
경인청,안양우편집중국,안양우편집중국,14067,경기도 안양시 동안구 평촌대로 212 (관양동),031-389-9405
경인청,성남우편집중국,성남우편집중국,13636,경기도 성남시 분당구 성남대로 57 (구미동),031-785-0026
경인청,고양우편집중국,고양우편집중국,10449,경기도 고양시 일산동구 호수로 366 (백석동),031-920-5288
경인청,남양주우체국,경기광릉우체국,12019,경기도 남양주시 진접읍 광릉내로 90,031-527-7115
경인청,남양주우체국,금곡우체국,12234,경기도 남양주시 사릉로 17 (금곡동),031-591-7112
경인청,남양주우체국,남양주다산2동우편취급국,12265,경기도 남양주시 경춘로476번길 56 (다산동),031-555-4655
경인청,남양주우체국,남양주법원우편취급국,12249,경기도 남양주시 다산중앙로82번안길 161,031-555-4001
경인청,남양주우체국,남양주별내동우체국,12112,경기도 남양주시 별내3로 68,031-523-2790
경인청,남양주우체국,남양주오남우편취급국,12039,경기도 남양주시 오남읍 진건오남로 564 (유호아파트),031-528-2017
경인청,남양주우체국,남양주왕숙천우편취급국,12260,경기도 남양주시 경춘로 381 (도농동),031-564-0115
경인청,남양주우체국,남양주우체국,12218,경기도 남양주시 경춘로 1288 (평내동),031-590-0700
경인청,남양주우체국,남양주장현우편취급국,12006,경기도 남양주시 진접읍 장현로107번길 6,031-572-9985
경인청,남양주우체국,남양주조안우편취급국,12280,경기도 남양주시 조안면 북한강로499번길 4,031-521-7353
경인청,남양주우체국,남양주진건우편취급국,12140,경기도 남양주시 진건읍 사능리 633-75,031-575-1800
경인청,남양주우체국,남양주청학우편취급국,12084,경기도 남양주시 별내면 청학로92번길 4,031-841-5500
경인청,남양주우체국,남양주호평우편취급국,12150,경기도 남양주시 호평로46번길 5 (호평동),031-591-1700
경인청,남양주우체국,덕소우체국,12205,경기도 남양주시 와부읍 덕소로71번길 12,031-577-6767
경인청,남양주우체국,마석우체국,12179,경기도 남양주시 화도읍 마석로 11,031-594-0004
경인청,남양주우체국,운수우체국,12031,경기도 남양주시 수동면 비룡로 720,031-593-6115
경인청,남양주우체국,진건우체국,12138,경기도 남양주시 진건읍 사릉로 405,031-573-4007
경인청,남양주우체국,진접우체국,12066,경기도 남양주시 진접읍 해밀예당1로 48,031-571-2400
경인청,남양주우체국,퇴계원우체국,12126,경기도 남양주시 퇴계원읍 경춘북로 533 (퇴계원리),031-572-9115
경인청,화성동탄우체국,남동탄우체국,18490,경기도 화성시 왕배산1길 6 (목동),031-377-7805
경인청,화성동탄우체국,병점우체국,18412,경기도 화성시 떡전골로 98 (병점동),031-267-2067
경인청,화성동탄우체국,봉담우체국,18301,경기도 화성시 봉담읍 동화새터길 111,031-227-4312
경인청,화성동탄우체국,정남우체국,18517,경기도 화성시 정남면 신백길 195,031-352-1511
경인청,화성동탄우체국,화성동탄2동우체국,18439,경기도 화성시 10용사2길 32 (반송동),031-376-5600
경인청,화성동탄우체국,화성동탄3동우체국,18431,경기도 화성시 동탄숲속로 69-39 (능동),031-613-6535
경인청,화성동탄우체국,화성동탄4동우체국,18472,경기도 화성시 동탄영천로 68,031-8055-0971
경인청,화성동탄우체국,화성동탄6동우편취급국,18478,"경기도 화성시 동탄대로 469-12. 1025호 (오산동, 동탄역린스트라우스)",031-372-6881
경인청,화성동탄우체국,화성동탄7동우편취급국,18505,경기도 화성시 동탄순환대로 127-9 우성애비뉴타워 제 212호,031-377-4720
경인청,화성동탄우체국,화성동탄우체국,18460,경기도 화성시 노작로 240 (석우동),031-8015-9516
경인청,화성동탄우체국,화성와우우편취급국,18322,경기도 화성시 봉담읍 와우로 112,031-222-4479
경인청,경인지방우정청,경인지방우정청,16626,경기도 수원시 권선구 호매실로 22-55 (탑동 909),031-8014-3005
경인청,부평우체국,부평대로우체국,21359,인천 부평구 부평대로 88 (부평4동),032-524-2167
경인청,부평우체국,부평우체국,21313,인천시 부평구 길주로 415 (청천동),032-500-4000
경인청,부평우체국,부평현대아파트우체국,21384,인천 부평구 경원대로 1269-1 (산곡3동),032-523-7995
경인청,부평우체국,북인천우체국,21389,인천  부평구 경원대로 1373 (부평1동),032-502-0004
경인청,부평우체국,인천갈산동우체국,21335,인천 부평구 주부토로 177 (갈산2동),032-511-0050
경인청,부평우체국,인천동암우체국,21452,인천 부평구 열우물로 15 (십정2동),032-439-2004
경인청,부평우체국,인천백운우편취급국,21436,인천 부평구 경인로 731 (십정2동),032-523-6362
경인청,부평우체국,인천부개동우체국,21348,인천 부평구 부흥북로 153 (부개3동),032-361-2005
경인청,부평우체국,인천부평4동우편취급국,21354,"인천광역시 부평구 신트리로8번길 29 (부평동,부평4동우편취급국)",032-527-2277
경인청,부평우체국,인천부평6동우체국,21414,인천  부평구 경인로 995 (부평6동),032-511-2005
경인청,부평우체국,인천산곡2동우체국,21376,인천 부평구 마장로272번길 95 (산곡2동),032-527-2005
경인청,부평우체국,인천삼산동우체국,21327,인천 부평구 굴포로 141 (삼산동),032-529-1780
경인청,부평우체국,인천일신동우편취급국,21419,인천광역시 부평구 일신로8번길 4 (일신동),032-511-3707
경인청,부평우체국,제317군사우편출장소,21459,인천 부평구 무네미로 447 (구산동),032-519-6813
경인청,부평물류센터,부평물류센터,21313,인천 부평구 청천동 327,032-500-4350
경인청,서수원우체국,서수원우체국,16626,경기도 수원시 권선구 호매실로 22-55 (탑동),031-8020-0701
경인청,서수원우체국,수원곡반정동우편취급국,16568,경기도 수원시 권선구 동수원로 146번길199 (곡반정동),031-233-3303
경인청,서수원우체국,수원곡선동우체국,16558,경기도 수원시 권선구 권중로 81 (권선동),031-233-2434
경인청,서수원우체국,수원구운동우편취급국,16413,경기도 수원시 권선구 일월천로16번길 6 (구운동),031-293-8601
경인청,서수원우체국,수원권선동우체국,16571,경기도 수원시 권선구 경수대로 382 (권선동),031-224-2005
경인청,서수원우체국,수원금곡동우편취급국,16396,경기도 수원시 권선구 금호로 59-15 (금곡동),031-293-2009
경인청,서수원우체국,수원세류동우체국,16655,경기도 수원시 권선구 덕영대로 1084 (세류동),031-232-2004
경인청,인천남동우체국,인천간석동우체국,21545,인천광역시 남동구 용천로 145 (간석동),032-421-2005
경인청,인천남동우체국,인천구월동우체국,21569,인천광역시 남동구 인주대로 554 (구월동),032-433-3043
경인청,인천남동우체국,인천구월아파트우편취급국,21563,인천광역시 남동구 호구포로 775 (구월동),032-465-2331
경인청,인천남동우체국,인천남동공단우체국,21632,인천광역시 남동구 남동대로239번길 86 (논현동),032-815-2005
경인청,인천남동우체국,인천남동우체국,21655,인천광역시 남동구 논현로46번길 7 (논현동),032-725-0100
경인청,인천남동우체국,인천남촌동우편취급국,21623,인천광역시 남동구 남촌로 120,032-466-6661
경인청,인천남동우체국,인천논현동우체국,21636,인천광역시 남동구 남동대로370번길 137 (논현동),0032-441-2005
경인청,인천남동우체국,인천만수1동우체국,21541,인천광역시 남동구 인주대로 907 (만수동),032-464-2005
경인청,인천남동우체국,인천만수6동우체국,21594,인천광역시 남동구 장승남로 43 (만수동),032-465-2205
경인청,인천남동우체국,인천만수단지우체국,21526,인천광역시 남동구 만수로50번길 31 (만수동),032-462-2005
경인청,인천남동우체국,인천서창동우체국,21610,인천광역시 남동구 서창방산로 67 (서창동),032-719-8310
경인청,인천남동우체국,인천한화지구우체국,21684,인천광역시 남동구 에코중앙로 178 (논현동),032-434-2005
경인청,인천남동우체국,인천효성상아우편취급국,21543,인천광역시 남동구 구월로 319 (만수동),032-469-3655
경인청,양주우체국,광적우체국,11419,경기도 양주시 광적면 가래비6길 6,031-836-3004
경인청,양주우체국,백석우체국,11508,경기도 양주시 백석읍 부흥로1036번길 26,031-879-2004
경인청,양주우체국,양주1동우체국,11496,경기도 양주시 부흥로 1565 (마전동),031-840-0004
경인청,양주우체국,양주2동우체국,11493,경기도 양주시 고읍북로 5 (만송동),031-845-2005
경인청,양주우체국,양주남면우편취급국,11404,경기도 양주시 남면 개나리길 114,031-863-5500
경인청,양주우체국,양주덕계우편취급국,11443,경기도 양주시 평화로 1445 (덕계동),031-863-0222
경인청,양주우체국,양주덕정동우체국,11450,경기도 양주시 덕정길 29 (덕정동),031-858-0005
경인청,양주우체국,양주우체국,11471,경기도 양주시 옥정동 903,031-928-6591
경인청,양주우체국,양주장흥우체국,11520,경기도 양주시 장흥면 호국로 168,031-855-5004
경인청,양주우체국,은현우체국,11427,경기도 양주시 은현면 은현로 73-36,031-863-5000
경인청,양주우체국,제94군사우편출장소,11506,경기도 양주시 백석읍  방성리 사서함 94-1 제94군사출장소,031-879-2845
경인청,양주우체국,제95군사우편출장소,11400,경기도 양주시 남면 사서함 95-1호,031-863-5595
부산청,부산지방우정청,부산지방우정청,47502,부산 연제구 법원북로 33(거제1동 1473번지),051-559-3005
부산청,부산우체국,부산구덕우편취급국,49203,부산광역시 서구 꽃마을로 42 (서대신동3가),051-243-2006
부산청,부산우체국,부산대영우편취급국,48910,부산광역시 중구 초량상로5번길 34 (영주동),051-469-2305
부산청,부산우체국,부산메리놀병원우편취급국,48972,부산광역시 중구 중구로 121 (대청동4가),051-469-8177
부산청,부산우체국,부산보수동우체국,48964,부산  중구 흑교로45번길 7(보수동),051-255-0205
부산청,부산우체국,부산서대신동우체국,49227,부산광역시 서구 구덕로 313 (서대신동2가),051-257-2005
부산청,부산우체국,부산송도우체국,49268,부산광역시 서구 충무대로 47 (암남동),051-243-0030
부산청,부산우체국,부산신동아빌딩우편취급국,48983,"부산광역시 중구 자갈치로 42, 2층 (남포동5가)",051-246-8009
부산청,부산우체국,부산아미동우체국,49241,부산광역시 서구 구덕로 193 (아미동1가),051-244-0014
부산청,부산우체국,부산우체국,48931,부산광역시 중구 중앙대로 63 (중앙동3가),051-600-3000
부산청,부산우체국,부산중앙동4가우체국,48934,부산광역시 중구 충장대로5번길 72(중앙동4가),051-462-5676
부산청,부산우체국,부산창선동우체국,48946,부산  중구 광복로39번길 3-1(창선동2가),051-246-2005
부산청,부산우체국,부산천마우편취급국,49256,부산광역시 서구 천마로 90 (남부민동),051-255-2008
부산청,부산우체국,부산충무동우체국,49254,"부산 서구 충무대로 258,충무동1가 39-10",051-243-0130
부산청,부산사하우체국,부산감천동우체국,49375,부산광역시 사하구 감천로 123 (감천동),051-206-2006
부산청,부산사하우체국,부산괴정2동우편취급국,49347,부산광역시 사하구 까치고개로 6 (괴정동),051-203-0003
부산청,부산사하우체국,부산괴정동우체국,49381,부산광역시 사하구 사하로 191 (괴정동),051-204-2005
부산청,부산사하우체국,부산기계조합우편취급국,49489,부산광역시 사하구 다산로 164-1 (다대동),051-266-4520
부산청,부산사하우체국,부산다대2동우체국,49515,부산광역시 사하구 다송로 13-4 (다대동),051-262-0030
부산청,부산사하우체국,부산다대동우체국,49523,부산광역시 사하구 다대낙조1길 21,051-261-0205
부산청,부산사하우체국,부산사하우체국,49443,부산광역시 사하구 다대로 166 (신평동),051-209-7000
부산청,부산사하우체국,부산신평2동우체국,49431,부산광역시 사하구 하신번영로 179 (신평동),051-292-2005
부산청,부산사하우체국,부산장림동우체국,49482,부산광역시 사하구 장평로 147 (장림동),051-261-4006
부산청,부산사하우체국,부산하단2동우편취급국,49304,부산광역시 사하구 하신번영로 364 (하단동),051-208-4777
부산청,부산사하우체국,부산하단동우체국,49310,부산광역시 사하구 낙동남로1423번길 8 (하단동),051-293-0205
부산청,동래우체국,동래럭키아파트우편취급국,47728,부산광역시 동래구 충렬대로107번길 96 (온천동),051-504-9000
부산청,동래우체국,동래온천우체국,47712,부산광역시 동래구 금강로 106-1 (온천동),051-552-0850
부산청,동래우체국,동래우체국,47743,부산광역시 동래구 명륜로 169 (명륜동),051-559-7013
부산청,동래우체국,부산명륜동우편취급국,47739,부산광역시 동래구 명륜로 269 (명륜동),051-556-3005
부산청,동래우체국,부산명장2동우편취급국,47750,"부산광역시 동래구 충렬사로 81 상가 101호 (명장동,국제파크아파트)",051-522-8038
부산청,동래우체국,부산명장동우체국,47774,부산광역시 동래구 명안로78번길 24 (명장동),051-521-2004
부산청,동래우체국,부산사직1동우편취급국,47859,부산광역시 동래구 사직북로 42 (사직동),051-501-0016
부산청,동래우체국,부산사직3동우편취급국,47830,부산광역시 동래구 여고로113번길 39-2 (사직동),051-501-1790
부산청,동래우체국,부산사직동우체국,47842,부산광역시 동래구 아시아드대로 154 (사직동),051-502-8156
부산청,동래우체국,부산수안동우체국,47877,부산광역시 동래구 충렬대로 244-1 (수안동),051-555-0419
부산청,동래우체국,부산안락2동우편취급국,47777,부산광역시 동래구 안락로 123-3 (안락동),051-531-3655
부산청,동래우체국,부산안락동우체국,47797,부산광역시 동래구 충렬대로 395 (안락동),051-529-2006
부산청,동래우체국,부산온천3동우체국,47851,부산광역시 동래구 석사북로 106 (온천동),051-505-8004
부산청,부산금정우체국,부산구서동우체국,46232,부산광역시 금정구 금강로 473 (구서동),051-512-0101
부산청,부산금정우체국,부산구서예그린우편취급국,46244,부산광역시 금정구 금강로391번길 8(구서동),051-514-0094
부산청,부산금정우체국,부산금사공단우편취급국,46330,부산광역시 금정구 개좌로 87 (금사동 68-35),051-526-0003
부산청,부산금정우체국,부산금정우체국,46274,부산광역시 금정구 중앙대로1793번길 20 (구서동),051-519-6114
부산청,부산금정우체국,부산남산동우체국,46219,부산광역시 금정구 범어천로52번길 28 (남산동),051-514-0608
부산청,부산금정우체국,부산남산신암우편취급국,46227,부산광역시 금정구 중앙대로2007번길 11 (남산동 73-45),051-517-0560
부산청,부산금정우체국,부산대학교우편취급국,46241,"부산광역시 금정구 부산대학로63번길 2 (장전동,엔씨백화점부산대점)",051-516-7580
부산청,부산금정우체국,부산부곡3동우편취급국,46277,부산광역시 금정구 중앙대로1719번길 29 (부곡동 225-6),051-516-6554
부산청,부산금정우체국,부산부곡4동우편취급국,46308,부산광역시 금정구 서동로 69-1 (부곡동 736-7),051-512-9888
부산청,부산금정우체국,부산부곡동우체국,46306,부산광역시 금정구 부곡로 75 (부곡동),051-517-0572
부산청,부산금정우체국,부산서동우체국,46320,부산광역시 금정구 서동로149번길 13 (서동),051-522-2998
부산청,부산금정우체국,부산외국어대학교우편취급국,46234,부산광역시 금정구 금샘로485번길 65 부산외국어대학교 A118호 (남산동),051-583-6669
부산청,부산금정우체국,부산장전동우체국,46288,부산광역시 금정구 금강로 241-1 (장전동),051-512-4007
부산청,해운대우체국,부산반송2동우체국,48009,부산광역시 해운대구 신반송로 203-11 (반송동),051-543-2003
부산청,해운대우체국,부산반송동우체국,48018,부산광역시 해운대구 아랫반송로 14 (반송동),051-544-0001
부산청,해운대우체국,부산반여1동우체국,48043,부산광역시 해운대구 선수촌로 45 (반여동),051-523-0004
부산청,해운대우체국,부산반여동우체국,48029,부산광역시 해운대구 재반로 203 (반여동),051-782-0368
부산청,해운대우체국,부산법원동부지원출장소,48053,부산광역시 해운대구 재반로112번길 20 (재송동),051-781-3350
부산청,해운대우체국,부산삼어우편취급국,48035,부산광역시 해운대구 반여로155번길 65 (반여동),051-528-0074
부산청,해운대우체국,부산센텀시티우체국,48059,부산광역시 해운대구 센텀5로 55 센텀Q (우동),051-744-0212
부산청,해운대우체국,부산신곡우체국,48110,부산광역시 해운대구 좌동순환로 304 (좌동),051-703-9501
부산청,해운대우체국,부산양운우체국,48084,부산광역시 해운대구 대천로67번길 37 (좌동),051-731-0255
부산청,해운대우체국,부산우1동우체국,48095,부산광역시 해운대구 중동1로 11 (우동),051-746-0100
부산청,해운대우체국,부산우2동우편취급국,48064,부산광역시 해운대구 해운대로 427 (우동),051-746-4717
부산청,해운대우체국,부산운봉우편취급국,48004,부산광역시 해운대구 반송로892번길 5 (반송동),051-543-1160
부산청,해운대우체국,부산장산우편취급국,48055,"부산광역시 해운대구 해운대로161번길 19 (재송동, 장산우편취급국)",051-781-4001
부산청,해운대우체국,부산재송동우체국,48054,부산광역시 해운대구 재반로 121-1 (재송동),051-781-9172
부산청,해운대우체국,부산좌1동우체국,48102,부산광역시 해운대구 양운로 87 (좌동),051-771-6600
부산청,해운대우체국,부산좌동우체국,48078,부산광역시 해운대구 좌동순환로 184 (좌동),051-703-2004
부산청,해운대우체국,부산중2동우편취급국,48117,부산광역시 해운대구 좌동순환로 441 (중동),051-742-5600
부산청,해운대우체국,해운대마린시티우편취급국,48092,"부산광역시 해운대구 마린시티3로 1 (우동,썬프라자)",051-701-7600
부산청,해운대우체국,해운대송정우체국,48070,부산광역시 해운대구 송정중앙로33번길 9 (송정동),051-703-7502
부산청,해운대우체국,해운대우체국,48002,부산광역시 해운대구 반송로 523 (석대동),051-720-4500
부산청,부산국제우체국,부산국제우체국,50635,경상남도 양산시 동면 남양산1길 30,055-371-0100
부산청,남부산우체국,경성대학교우편취급국,48434,"부산광역시 남구 수영로 309 (대연동,경성대학교)",051-663-6557
부산청,남부산우체국,남부산우체국,48314,부산광역시 수영구 수영로 448 (남천동),051-620-9000
부산청,남부산우체국,동명대학교우편취급국,48520,"부산광역시 남구 신선로 428 (용당동,동명대학교)",051-626-2005
부산청,남부산우체국,부경대학교우편취급국,48513,"부산광역시 남구 용소로 45 (대연동,부경대학교대연캠퍼스)",051-629-7401
부산청,남부산우체국,부산감만동우체국,48543,부산광역시 남구 우암로 84 (감만동),051-634-2005
부산청,남부산우체국,부산광안2동우편취급국,48300,부산광역시 수영구 광안로16번길 66 (광안동),051-752-4923
부산청,남부산우체국,부산광안동우체국,48253,부산광역시 수영구 수영로 619 (광안동),051-752-2005
부산청,남부산우체국,부산대연3동우편취급국,48508,"부산광역시 남구 수영로 312, 308호 (대연동)",051-610-1161
부산청,남부산우체국,부산대연4동우체국,48486,부산광역시 남구 석포로 107 (대연동),051-626-0205
부산청,남부산우체국,부산대연우체국,48444,부산광역시 남구 못골로 97 (대연동),051-628-0001
부산청,남부산우체국,부산망미1동우편취급국,48235,부산광역시 수영구 망미로8번길 40-1 (망미동),051-761-1551
부산청,남부산우체국,부산망미동우체국,48218,부산광역시 수영구 과정로 64 (망미동),051-755-0004
부산청,남부산우체국,부산문전우편취급국,48411,부산광역시 남구 전포대로 102-1 (문현동),051-634-5557
부산청,남부산우체국,부산문현동우체국,48457,부산광역시 남구 수영로 56 (문현동),051-635-2005
부산청,남부산우체국,부산민락동우체국,48285,부산광역시 수영구 광안해변로255번길 59 (민락동),051-753-0206
부산청,남부산우체국,부산분포우체국,48516,부산광역시 남구 신선로 566-1 (용호동),051-628-0189
부산청,남부산우체국,부산삼익비치아파트우편취급국,48308,부산광역시 수영구 남천동로24번길 22 (남천동),051-626-0207
부산청,남부산우체국,부산수영동우체국,48227,부산광역시 수영구 수영로725번길 33 (수영동),051-757-2005
부산청,남부산우체국,부산용당우편취급국,48548,부산광역시 남구 신선로 339 (용당동),051-626-0208
부산청,남부산우체국,부산용호동우체국,48585,부산광역시 남구 용호로 163 (용호동),051-623-2005
부산청,부산사상우체국,경남정보대학교우편취급국,47011,부산광역시 사상구 주례로 45 (주례동),051-323-2005
부산청,부산사상우체국,부산감전1동우편취급국,47029,"부산광역시 사상구 낙동대로 910, A-175 (감전동) (감전동,마트월드)",051-310-1808
부산청,부산사상우체국,부산감전2동우편취급국,46981,부산광역시 사상구 새벽로 178 (감전동),051-323-0110
부산청,부산사상우체국,부산덕포1동우체국,46955,부산광역시 사상구 사상로269번길 7 (덕포동),051-302-0890
부산청,부산사상우체국,부산동감전우편취급국,46986,부산광역시 사상구 학감대로237번길 39 (감전동),051-316-5852
부산청,부산사상우체국,부산모라3동우체국,46935,부산광역시 사상구 모라로192번길 25 (모라동),051-301-1005
부산청,부산사상우체국,부산모라동우체국,46917,부산광역시 사상구 사상로519번길 11 (모라동),051-302-0203
부산청,부산사상우체국,부산모라우성우편취급국,46929,부산광역시 사상구 백양대로 943 (모라동),051-327-7856
부산청,부산사상우체국,부산사상우체국,46974,부산광역시 사상구 사상로 165 (괘법동),051-320-3331
부산청,부산사상우체국,부산엄궁동우체국,47039,부산광역시 사상구 낙동대로 784-4 (엄궁동),051-325-2004
부산청,부산사상우체국,부산주례2동우편취급국,47006,부산광역시 사상구 가야대로366번길 8 (주례동),051-315-0213
부산청,부산사상우체국,부산주례동우체국,47001,부산광역시 사상구 사상로 23 (주례동),051-325-2005
부산청,부산사상우체국,부산학장공단우편취급국,47023,부산광역시 사상구 대동로 182 (학장동),051-324-0110
부산청,부산사상우체국,부산학장동우체국,47053,부산광역시 사상구 학감대로 101 (학장동),051-316-0426
부산청,부산사상우체국,신라대학교우편취급국,46958,"부산광역시 사상구 백양대로700번길 140 (괘법동,신라대학교)",051-997-2211
부산청,부산우편집중국,부산우편집중국,46700,부산광역시 강서구 대저로49번길 22(대저1동),051-600-5555
부산청,김해우체국,김해관동우체국,50998,경상남도 김해시 계동로 23,055-314-0781
부산청,김해우체국,김해구산동우체국,50905,경상남도 김해시 구산로39번길 33 (구산동),055-339-5901
부산청,김해우체국,김해남산우편취급국,50924,경상남도 김해시 김해대로 2419 (부원동),055-329-2222
부산청,김해우체국,김해대동우체국,50809,경상남도 김해시 대동면 대동로 615,055-335-6001
부산청,김해우체국,김해동광우편취급국,50914,경상남도 김해시 호계로 502 (동상동),055-333-8338
부산청,김해우체국,김해부원동우체국,50921,경상남도 김해시 가락로 58 (부원동),055-333-0100
부산청,김해우체국,김해삼계동우체국,50901,경상남도 김해시 해반천로168번길 6 (삼계동),055-332-8450
부산청,김해우체국,김해삼문우체국,50986,경상남도 김해시 능동로 35,055-312-8300
부산청,김해우체국,김해삼방동우체국,50814,경상남도 김해시 삼안로291번길 57 (삼방동),055-321-2005
부산청,김해우체국,김해삼안동우체국,50825,경상남도 김해시 삼안로77번길 17 (안동),055-334-6711
부산청,김해우체국,김해상동우체국,50805,경상남도 김해시 상동면 상동로 557,055-323-6600
부산청,김해우체국,김해생림우체국,50800,경상남도 김해시 생림면 마사로 91,055-335-9000
부산청,김해우체국,김해수로우편취급국,50924,경상남도 김해시 김해대로2371번길 24-15 A동 101호 (부원동),055-325-2444
부산청,김해우체국,김해어방우편취급국,50930,경상남도 김해시 분성로 536 (어방동),055-334-6604
부산청,김해우체국,김해연지우체국,50946,경상남도 김해시 내외중앙로 120 (내동),055-326-1201
부산청,김해우체국,김해외동우체국,50955,경상남도 김해시 함박로 31 (외동),055-328-2116
부산청,김해우체국,김해우체국,50939,경상남도 김해시 전하로176번길 83 (전하동),055-320-9090
부산청,김해우체국,김해율하우체국,51014,경상남도 김해시  율하1로 73,055-329-2753
부산청,김해우체국,김해인제대학교우편취급국,50834,"경상남도 김해시 인제로 197 (어방동,인제대학교)",055-333-6501
부산청,김해우체국,김해장유우체국,51007,경상남도 김해시 장유로 283,055-314-2001
부산청,김해우체국,김해주촌우체국,50968,경상남도 김해시 주촌면 서부로1638번길 4,055-329-1001
부산청,김해우체국,김해진례우체국,50874,경상남도 김해시 진례면 송현로 11,055-345-6601
부산청,김해우체국,김해진영우체국,50865,경상남도 김해시 진영읍 여래로20번길 21,055-342-2000
부산청,김해우체국,김해한림우체국,50848,경상남도 김해시 한림면 한림로 370,055-342-7004
부산청,김해우체국,김해활천동우체국,50929,경상남도 김해시 인제로39번길 44 (삼정동),055-333-3635
부산청,마산우체국,마산교방주공우편취급국,51270,경상남도 창원시 마산합포구 교방북2길 35-1,055-244-2005
부산청,마산우체국,마산구산우편취급국,51779,경상남도 창원시 마산합포구 구산면 구산로 509(수정리513-9),055-244-2121
부산청,마산우체국,마산구암동우체국,51204,경상남도 창원시 마산회원구 금강로 283,055-295-2050
부산청,마산우체국,마산남성동우체국,51731,경상남도 창원시 마산합포구 동서북7길 46,055-246-7566
부산청,마산우체국,마산내서우체국,51232,경상남도 창원시 마산회원구 내서읍 중리공단로 225-1,055-231-0009
부산청,마산우체국,마산대학교우편취급국,51217,"경상남도 창원시 마산회원구 내서읍 함마대로 2640 (용담리, 마산대학)",055-232-3163
부산청,마산우체국,마산동서동우편취급국,51715,경상남도 창원시 마산합포구 제2부두로 17 현대아이파크상가 301동 제109호 (신포동1가),055-245-5670
부산청,마산우체국,마산봉암동우체국,51348,경상남도 창원시 마산회원구 봉암북14길 2 (봉암동),055-296-0222
부산청,마산우체국,마산산호동우체국,51332,경상남도 창원시 마산합포구 용마로 38,055-241-2003
부산청,마산우체국,마산삼계우체국,51224,경상남도 창원시 마산회원구 내서읍 삼계로 30,055-232-4600
부산청,마산우체국,마산상남동우체국,51273,경상남도 창원시 마산합포구 북성로 96,055-242-3311
부산청,마산우체국,마산양덕동우체국,51345,경상남도 창원시 마산회원구 양덕동2길 37,055-293-4264
부산청,마산우체국,마산여항우편취급국,51795,경상남도 창원시 마산합포구 진전면 금암길 11 (금암리),055-271-6001
부산청,마산우체국,마산우체국,51738,경상남도 창원시 마산합포구 3·15대로 148,055-292-0044
부산청,마산우체국,마산월영동우체국,51751,경상남도 창원시 마산합포구 월영동서로 1 (해운동),055-222-2005
부산청,마산우체국,마산자산동우편취급국,51253,경상남도 창원시 마산합포구 자산동 19-3 한백4차아파트상가 103호 (한백4차아파트),055-244-4939
부산청,마산우체국,마산장군동4가우편취급국,51264,"경상남도 창원시 마산합포구 완월동8길 40 (장군동4가, 장군동4가우편취급국)",055-243-7835
부산청,마산우체국,마산중리우편취급국,51215,경상남도 창원시 마산회원구 내서읍 호원로 287 (호계리),055-231-7714
부산청,마산우체국,마산창포동우편취급국,51741,경상남도 창원시 마산합포구 문화동9길 21 (창포동2가),055-243-1005
부산청,마산우체국,마산태화우편취급국,51289,경상남도 창원시 마산회원구 회원동16길 50,055-248-0014
부산청,마산우체국,마산팔용우편취급국,51355,경상남도 창원시 마산회원구 팔용로 139,055-296-2005
부산청,마산우체국,마산한우아파트우편취급국,51260,"경상남도 창원시 마산합포구 자산솔밭로 52 (자산동,한우아파트)",055-245-2002
부산청,마산우체국,마산합성1동우편취급국,51209,경상남도 창원시 마산회원구 합성서1길 119 (합성동),055-292-0840
부산청,마산우체국,마산합포우체국,51738,경상남도 창원시 마산합포구 3·15대로 148 (중앙동2가),055-243-0124
부산청,마산우체국,마산현동우편취급국,51778,경상남도 창원시 마산합포구 현동7길 22 (현동),055-243-1287
부산청,마산우체국,마산회성동우체국,51311,경상남도 창원시 마산회원구 북성로 285,055-298-2005
부산청,마산우체국,마산회성시장우편취급국,51311,경상남도 창원시 마산회원구 회성시장1길 16,055-295-8248
부산청,마산우체국,진동우체국,51793,경상남도 창원시 마산합포구 진동면 진북산업로 1,055-271-2001
부산청,마산우체국,진북우체국,51794,경상남도 창원시 마산합포구 진북면 지산5길 65,055-271-3004
부산청,마산우체국,진전우체국,51797,경상남도 창원시 마산합포구 진전면 대실로 145,055-271-0101
부산청,창원우체국,창원가음정동우체국,51492,경상남도 창원시 성산구 원이대로863번길 20 (가음동),055-281-0004
부산청,창원우체국,창원감계우체국,51112,경상남도 창원시 의창구 북면 감계로110번길 54-38,055-713-1340
부산청,창원우체국,창원내동우편취급국,51527,"경상남도 창원시 성산구 연덕로184번길 23,103호 (내동,일성그라미아파트)",055-285-0105
부산청,창원우체국,창원대방동우체국,51461,경상남도 창원시 성산구 대암로105번길 6 (대방동),055-284-0106
부산청,창원우체국,창원대산우체국,51126,경상남도 창원시 의창구 대산면 진산대로 281 (제동리),055-291-4600
부산청,창원우체국,창원도계동우체국,51168,경상남도 창원시 의창구 태복산로3번길 7 (도계동),055-277-0001
부산청,창원우체국,창원도계성신우편취급국,51165,"경상남도 창원시 의창구 도계로8번길 1,101호 (도계동)",055-277-1380
부산청,창원우체국,창원동읍우체국,51132,경상남도 창원시 의창구 동읍 의창대로915번길 7,055-291-7001
부산청,창원우체국,창원두대동우체국,51414,경상남도 창원시 성산구 대원로93번길 6 (대원동),055-273-2005
부산청,창원우체국,창원명곡동우편취급국,51388,"경상남도 창원시 의창구 창이대로113번길 9-1,2호",055-238-3500
부산청,창원우체국,창원반송동우체국,51427,경상남도 창원시 성산구 원이대로473번길 15 (반림동),055-283-0205
부산청,창원우체국,창원봉곡동우체국,51181,경상남도 창원시 의창구 지귀로119번길 2 (봉곡동),055-238-2005
부산청,창원우체국,창원북면우체국,51103,경상남도 창원시 의창구 북면 신리길 20 (신촌리),055-298-0004
부산청,창원우체국,창원사림동우체국,51150,경상남도 창원시 의창구 사림로 94 (사림동),055-263-0004
부산청,창원우체국,창원상남동우체국,51502,경상남도 창원시 성산구 동산로 65 (상남동),055-266-0105
부산청,창원우체국,창원소계동우편취급국,51183,경상남도 창원시 의창구 금강로341번길 2 (소계동),055-294-2005
부산청,창원우체국,창원신월은아우편취급국,51445,"경상남도 창원시 성산구 신사로 4, 28동 상가 8-2호 (신월동)",055-285-0205
부산청,창원우체국,창원안민동우편취급국,51545,"경상남도 창원시 성산구 공단로 732,101호 (안민동)",055-261-0330
부산청,창원우체국,창원양곡동우체국,51564,경상남도 창원시 성산구 신촌로 31 (신촌동),055-286-0002
부산청,창원우체국,창원용호동우편취급국,51436,"경상남도 창원시 성산구 용지로153번길 3, 101호 (용호동, 창원오피스텔)",055-281-0205
부산청,창원우체국,창원우체국,51504,경상남도 창원시 성산구 상남로 57 (상남동),055-260-9877
부산청,창원우체국,창원우체국경남도청출장소,51154,경상남도 창원시 의창구 중앙대로 300 (사림동),055-284-0010
부산청,창원우체국,창원중동우체국,51195,경상남도 창원시 의창구 서상로 74-1 (중동),055-293-0001
부산청,창원우체국,창원중앙동우편취급국,51515,"경상남도 창원시 성산구 중앙대로 95,132호 (중앙동)",055-275-2005
부산청,창원우체국,창원지방법원우체국,51456,경상남도 창원시 성산구 창이대로 681 (사파동),055-266-2297
부산청,창원우체국,창원차룡우편취급국,51401,"경상남도 창원시 의창구 차상로150번길 68,150호 (팔용동)",055-288-0030
부산청,창원우체국,창원팔용동우체국,51374,경상남도 창원시 의창구 팔용로 437 (팔용동),055-296-2001
부산청,진해우체국,제602군사우체국,51698,경상남도 창원시 진해구 사서함 602,055-546-0602
부산청,진해우체국,진해경화동우체국,51667,경상남도 창원시 진해구 충장로 305 (경화동),055-542-1002
부산청,진해우체국,진해덕산동우체국,51649,경상남도 창원시 진해구 충장로 493 (덕산동),055-551-9701
부산청,진해우체국,진해여좌동우체국,51690,경상남도 창원시 진해구 여좌로 69 (여좌동),055-544-1400
부산청,진해우체국,진해우체국,51678,경상남도 창원시 진해구 백구로 40 (통신동),055-542-0005
부산청,진해우체국,진해웅동2동우체국,51604,경상남도 창원시 진해구 용재로 42 (용원동),055-551-7471
부산청,진해우체국,진해웅동우체국,51598,경상남도 창원시 진해구 웅동로 63 (마천동),055-551-7000
부산청,진해우체국,진해웅천동우체국,51621,경상남도 창원시 진해구 웅천중로66번길 9 (성내동),055-546-1001
부산청,진해우체국,진해이동우편취급국,51655,경상남도 창원시 진해구 충장로 432 (이동),055-551-7890
부산청,진주우체국,경상국립대학교우편취급국,52828,"경상남도 진주시 진주대로 501 (가좌동, 경상대학교)",055-753-2800
부산청,진주우체국,제306군사우체국,52634,경상남도 진주시 금산면 송백로 46,055-759-5147
부산청,진주우체국,진주가좌동우체국,52822,경상남도 진주시 가좌길15,055-759-8400
부산청,진주우체국,진주금곡우체국,52843,경상남도 진주시 금곡면 월아산로 115,055-754-2000
부산청,진주우체국,진주금산우체국,52625,경상남도 진주시 금산면 금산순환로 40,055-761-2200
부산청,진주우체국,진주내동우체국,52849,경상남도 진주시 내동면 순환로 370,055-759-5400
부산청,진주우체국,진주대곡우체국,52607,경상남도 진주시 대곡면 진의로 1090,055-744-0100
부산청,진주우체국,진주대평우체국,52643,경상남도 진주시 대평면 한들길 52,055-744-4061
부산청,진주우체국,진주도동우편취급국,52769,경상남도 진주시 대신로340번길 7 (하대동),055-758-9527
부산청,진주우체국,진주명석우편취급국,52642,경상남도 진주시 명석면 광제산로 17 (우수리),055-748-8081
부산청,진주우체국,진주문산우체국,52834,경상남도 진주시 문산읍 동부로609번길 10,055-761-5800
부산청,진주우체국,진주미천우체국,52600,경상남도 진주시 미천면 진산로 1824,055-744-1400
부산청,진주우체국,진주사봉우체국,52611,경상남도 진주시 사봉면 사군로 51,055-754-4000
부산청,진주우체국,진주상대동우체국,52788,경상남도 진주시 솔밭로 129 (상대동),055-752-3026
부산청,진주우체국,진주상봉서동우편취급국,52661,경상남도 진주시 창렬로 128 (상봉동),055-741-1301
부산청,진주우체국,진주상평공단우편취급국,52796,경상남도 진주시 돗골로117번길 13 (상평동),055-753-9957
부산청,진주우체국,진주서부우편취급국,52696,경상남도 진주시 평거로 159 (신안동),055-741-9955
부산청,진주우체국,진주수곡우체국,52645,경상남도 진주시 수곡면 곤수로 977,055-754-5000
부산청,진주우체국,진주신안동우체국,52698,경상남도 진주시 평거로 86 (신안동),055-741-5755
부산청,진주우체국,진주옥봉동우편취급국,52756,경상남도 진주시 진산로 5 (옥봉동),055-748-0180
부산청,진주우체국,진주우체국,52684,경상남도 진주시 비봉로24번길 15 (중안동),055-790-0570
부산청,진주우체국,진주이반성우체국,52614,경상남도 진주시 이반성면 오봉산로 707,055-754-7000
부산청,진주우체국,진주이현동우체국,52670,경상남도 진주시 평거로 272 (이현동),055-745-2122
부산청,진주우체국,진주일반성우체국,52616,경상남도 진주시 일반성면 동부로 1941,055-754-6800
부산청,진주우체국,진주지수우체국,52610,경상남도 진주시 지수면 지수로 488,055-754-5500
부산청,진주우체국,진주진성우체국,52621,경상남도 진주시 진성면 동부로 1316,055-754-3000
부산청,진주우체국,진주집현우체국,52638,경상남도 진주시 집현면 진산로 529,055-772-5500
부산청,진주우체국,진주천전우편취급국,52726,경상남도 진주시 진주대로856번길 9 (주약동),055-753-9976
부산청,진주우체국,진주초장동우체국,52734,경상남도 진주시 초장로14번길 18 (초전동),055-762-2101
부산청,진주우체국,진주충무공동우체국,52853,경상남도 진주시 충의로 153 (충무공동),055-790-9557
부산청,진주우체국,진주칠암동우체국,52724,경상남도 진주시 진주대로 940 (칠암동),055-752-7024
부산청,진주우체국,진주평거동우체국,52649,경상남도 진주시 진양호로125번길 15 (평거동),055-747-4717
부산청,진주우체국,진주하대동우체국,52780,경상남도 진주시 도동로 182 (하대동),055-753-1480
부산청,울산우체국,울산강동동우체국,44233,울산  북구 정자7길 37-2 (정자동 67),052-295-0001
부산청,울산우체국,울산구영우편취급국,44925,울산광역시 울주군 범서읍 구영로 158,052-211-0001
부산청,울산우체국,울산농소1동우체국,44229,울산광역시 북구 호계로 196 (호계동),052-295-6001
부산청,울산우체국,울산농소2동우편취급국,44219,울산광역시 북구 신기3길 19-11  101호 (매곡동),052-292-2100
부산청,울산우체국,울산농소3동우편취급국,44203,"울산광역시 북구 고래로 2 (천곡동,원동현대아파트)",052-298-4777
부산청,울산우체국,울산다운우편취급국,44406,울산광역시 중구 운곡길 5 (다운동),052-224-3393
부산청,울산우체국,울산두동우체국,44915,울산광역시 울주군 두동면 대밀길 22-2,052-262-7500
부산청,울산우체국,울산두서우편취급국,44912,울산광역시 울주군 두서면 노서길 10 (인보리),052-262-6000
부산청,울산우체국,울산범서우체국,44926,울산광역시 울주군 범서읍 송현길 64,052-211-8000
부산청,울산우체국,울산병영우체국,44494,울산광역시 중구 병영로 4 (남외동),052-293-2220
부산청,울산우체국,울산복산세운우편취급국,44477,울산광역시 중구 도화골길 5 (복산동),052-293-5735
부산청,울산우체국,울산북정동우체국,44468,울산광역시 중구 동헌길 165 (북정동),052-243-0205
부산청,울산우체국,울산삼남우체국,44953,울산광역시 울주군 삼남면 중남로 45,052-263-8001
부산청,울산우체국,울산삼성SDI우편취급국,44953,울산광역시 울주군 삼남면 반구대로 163,055-383-0001
부산청,울산우체국,울산상북우체국,44902,울산광역시 울주군 상북면 상북로 288,052-262-1060
부산청,울산우체국,울산성안동우체국,44420,울산광역시 중구 백양로 100 (성안동),052-246-5900
부산청,울산우체국,울산양정동우편취급국,44257,울산광역시 북구 염포로 479 (양정동),052-288-9776
부산청,울산우체국,울산언양우체국,44941,울산광역시 울주군 언양읍 동문길 49,052-262-2005
부산청,울산우체국,울산연암동우체국,44242,울산광역시 북구 화봉로 84 (연암동),052-288-2005
부산청,울산우체국,울산연암벽산우편취급국,44244,울산 북구 두부곡2길 4-7 (연암동 376-4),052-288-6552
부산청,울산우체국,울산우정동우체국,44467,울산광역시 중구 명륜로 66 (우정동),052-243-2205
부산청,울산우체국,울산우체국,44521,울산광역시 중구 구교로 77 (학성동),052-701-1300
부산청,울산우체국,울산진장동우체국,44248,"울산광역시 북구 진장유통로 34 (진장동, 울산우편집중국)",052-291-3100
부산청,울산우체국,울산태화동우체국,44539,울산광역시 중구 종가5길 57 (유곡동),052-246-5100
부산청,울산우체국,울산화진우편취급국,44436,울산광역시 중구 태화로 139(태화동 784-3) (태화동),052-222-5266
부산청,남울산우체국,남울산우체국,44701,울산광역시 남구 왕생로 142 (달동),052-260-2014
부산청,남울산우체국,울산달동우체국,44695,울산광역시 남구 삼산로 167 (달동),052-273-2006
부산청,남울산우체국,울산대학교우편취급국,44610,"울산광역시 남구 대학로 93 (무거동,울산대학교)",052-259-2958
부산청,남울산우체국,울산무거2동우체국,44614,울산광역시 남구 옥현로58번길 19 (무거동),052-277-7801
부산청,남울산우체국,울산무거동우체국,44635,울산광역시 남구 삼호로 71 (무거동),052-224-2006
부산청,남울산우체국,울산삼산동우체국,44705,울산광역시 남구 삼산중로100번길 27 (삼산동),052-256-0308
부산청,남울산우체국,울산서생우체국,45014,울산광역시 울주군 서생면 해맞이로 1604,052-239-5500
부산청,남울산우체국,울산선암동우편취급국,44771,"울산광역시 남구 산업로339번길 27-2 209(상가)동 201호 (선암동, 선암에코하이츠)",052-274-8710
부산청,남울산우체국,울산신암우편취급국,45014,울산광역시 울주군 서생면 해맞이로 888 (신암리),052-238-9952
부산청,남울산우체국,울산신정3동우편취급국,44679,울산광역시 남구 중앙로300번길 26 (신정동),052-273-7340
부산청,남울산우체국,울산신정4동우체국,44739,울산광역시 남구 수암로 81 (신정동),052-267-2005
부산청,남울산우체국,울산신정동우체국,44672,울산광역시 남구 중앙로 219 (신정동),052-272-0002
부산청,남울산우체국,울산야음동우체국,44752,울산광역시 남구 수암로 256 (야음동),052-274-0800
부산청,남울산우체국,울산야음아파트우편취급국,44763,"울산광역시 남구 신선로 92 (야음동,목화빌라)",052-276-0007
부산청,남울산우체국,울산옥동우체국,44648,울산광역시 남구 거마로5번길 17 (옥동),052-276-8200
부산청,남울산우체국,울산온산우체국,45005,울산광역시 울주군 온산읍 덕신로 244,052-238-2014
부산청,남울산우체국,울산온양우체국,44974,울산광역시 울주군 온양읍 남창2길 20,052-238-3500
부산청,남울산우체국,울산웅촌우체국,44965,울산광역시 울주군 웅촌면 곡천동문길 5,052-224-0001
부산청,남울산우체국,울산장생포동우체국,44780,울산광역시 남구 장생포고래로 193-1 (장생포동),052-261-7600
부산청,남울산우체국,울산지방법원우체국,44643,"울산광역시 남구 법대로 55 (옥동, 울산지방법원)",052-272-2005
부산청,남울산우체국,울산청량우체국,44984,울산광역시 울주군 청량읍 덕하장터길 9 (상남리),052-268-0500
부산청,남울산우체국,울산향수아파트우편취급국,44651,울산광역시 남구 봉월로67번길 11-1 (신정동),052-276-0114
부산청,부산영도우체국,부산동삼3동우체국,49089,부산시  영도구 상리로 37(동삼동),051-403-6867
부산청,부산영도우체국,부산동삼동우체국,49106,"부산광역시 영도구 동삼로 37-1 (동삼동,부산동삼동우체국)",051-403-9078
부산청,부산영도우체국,부산영도우체국,49036,부산시  영도구  태종로 89 (대교2가81),051-400-5550
부산청,부산영도우체국,부산영선동우체국,49047,부산광역시 영도구 절영로 96-1 (영선동3가),051-412-1077
부산청,부산영도우체국,부산청학동우체국,49023,부산시 영도구 청학로 87(청학동223-16),051-412-0003
부산청,부산영도우체국,한국해양대학교우편취급국,49112,"부산광역시 영도구 태종로 727 (동삼동,한국해양대학교)",051-404-1006
부산청,부산진우체국,동의대학교우편취급국,47340,부산광역시 부산진구 엄광로 176 (가야동) 수덕전2층,051-897-4203
부산청,부산진우체국,부산가평우편취급국,47379,부산광역시 부산진구 냉정로 218-1 (개금동),051-894-0288
부산청,부산진우체국,부산개금3동우편취급국,47173,"부산광역시 부산진구 개금본동로9번길 77 (개금동,우진아파트)",051-892-5103
부산청,부산진우체국,부산당감3동우체국,47179,부산광역시 부산진구 백양대로 156 (당감동),051-893-0100
부산청,부산진우체국,부산당감4동우체국,47156,부산광역시 부산진구 백양산로53번길 71 (당감동),051-897-9005
부산청,부산진우체국,부산당감동우체국,47144,부산광역시 부산진구 당감로 50-1 (당감동),051-895-9399
부산청,부산진우체국,부산범전동우편취급국,47205,부산광역시 부산진구 새싹로 72-1 (범전동),051-807-8705
부산청,부산진우체국,부산범천2동우체국,47369,부산광역시 부산진구 신암로 9 (범천동),051-643-2001
부산청,부산진우체국,부산범천동우체국,47354,부산광역시 부산진구 황령대로18번길 21 (범천동),051-643-0105
부산청,부산진우체국,부산부암동우체국,47133,부산광역시 부산진구 동평로 211 (연지동),051-803-0580
부산청,부산진우체국,부산부전2동우체국,47300,부산광역시 부산진구 중앙대로666번길 50 (부전동),051-818-2004
부산청,부산진우체국,부산서면우체국,47251,"부산광역시 부산진구 중앙대로775번길 5 삼정기업빌딩 1층 (부전동, 대림빌딩)",051-711-2077
부산청,부산진우체국,부산성지우편취급국,47104,"부산광역시 부산진구 초읍천로108번길 49-1, 부산성지우편취급국 (초읍동)",051-802-0700
부산청,부산진우체국,부산양정1동우체국,47207,부산광역시 부산진구 범양로 103 (양정동),051-867-4102
부산청,부산진우체국,부산양정동우체국,47214,부산광역시 부산진구 거제대로22번길 20 (양정동),051-862-1884
부산청,부산진우체국,부산연지동우편취급국,47123,부산광역시 부산진구 성지로 30 (연지동),051-805-0044
부산청,부산진우체국,부산전포동우편취급국,47238,부산광역시 부산진구 동성로108번길 4 (전포동),051-807-4422
부산청,부산진우체국,부산전포아파트우편취급국,47311,부산광역시 부산진구 진남로356번길 38 (전포동),051-808-3630
부산청,부산진우체국,부산진우체국,47271,부산광역시 부산진구 가야대로 579 (가야동),051-810-0700
부산청,동부산우체국,동부산우체국,48744,부산광역시 동구 조방로 15 (범일동),051-630-1425
부산청,동부산우체국,부산구봉우편취급국,48702,부산광역시 동구 망양로 893 (범일동),051-468-2625
부산청,동부산우체국,부산수정1동우편취급국,48795,부산광역시 동구 고관로 37 (수정동),051-465-1313
부산청,동부산우체국,부산수정5동우편취급국,48714,부산광역시 동구 망양로 819-3 (수정동),051-468-3625
부산청,동부산우체국,부산수정동우체국,48791,부산광역시 동구 수정로 9 (수정동),051-468-2005
부산청,동부산우체국,부산좌천동우체국,48725,부산광역시 동구 중앙대로 471 (좌천동),051-632-2005
부산청,동부산우체국,부산초량3동우체국,48733,"부산광역시 동구 중앙대로 236, 대동빌딩1층 (초량동)",051-462-3007
부산청,동부산우체국,부산초량6동우편취급국,48787,부산광역시 동구 망양로 626 (초량동),051-468-0017
부산청,동부산우체국,부산초량우체국,48812,부산광역시 동구 초량상로 71 (초량동),051-462-7004
부산청,부산강서우체국,307군사우편출장소,46718,부산 강서구 공항진입로42번길 54,051-973-2005
부산청,부산강서우체국,김해공항우편취급국,46718,부산광역시 강서구 공항진입로 108 국제선,051-941-0110
부산청,부산강서우체국,부산가덕도동우편취급국,46769,부산광역시 강서구 동선1길 12-5 (동선동),051-941-5075
부산청,부산강서우체국,부산가락동우편취급국,46708,부산 강서구 가락대로 1467,051-972-5400
부산청,부산강서우체국,부산강동동우체국,46705,부산  강서구 낙동북로 47,051-972-0071
부산청,부산강서우체국,부산강서우체국,46700,부산광역시 강서구 대저로63번길 49,051-941-2011
부산청,부산강서우체국,부산녹산공단우체국,46757,부산 강서구 녹산산단232로 38-26,051-831-2018
부산청,부산강서우체국,부산녹산동우체국,46735,부산광역시 강서구 화전산단4로7번길 25 (녹산동),051-971-5000
부산청,부산강서우체국,부산대저2동우체국,46720,부산  강서구 공항로811번길 34,051-973-7005
부산청,부산강서우체국,부산대저동우체국,46702,부산  강서구 대저로 290,051-973-0003
부산청,부산강서우체국,부산명지동우체국,46717,부산 강서구 공항로15번길 30,051-271-0008
부산청,부산강서우체국,부산명지오션시티우체국,46762,부산광역시 강서구 명지오션시티9로 45,051-271-8990
부산청,부산강서우체국,부산법원서부지원출장소,46726,"부산광역시 강서구 명지국제7로 77, 1층 (명지동)",051-714-2980
부산청,부산강서우체국,부산신호동우체국,46759,부산 강서구 신호산단2로 43-31,051-831-8172
부산청,부산강서우체국,부산지사동우체국,46743,부산 강서구 과학산단2로20번길 13,051-972-6013
부산청,기장우체국,기장대라리우편취급국,46067,부산광역시 기장군 기장읍 차성로 269,051-721-8899
부산청,기장우체국,기장신앙촌우편취급국,46078,부산광역시 기장군 기장읍 죽성로 197,051-720-7022
부산청,기장우체국,기장우체국,46080,부산광역시 기장군 기장읍 대변로 1,051-724-0014
부산청,기장우체국,기장좌천우편취급국,46033,부산광역시 기장군 장안읍 좌천리 200-1(동부산농협 맞은편),051-727-4225
부산청,기장우체국,부산모전우체국,46008,부산광역시 기장군 정관읍 모전1길 6-3  부산모전우체국,051-727-5941
부산청,기장우체국,부산정관우체국,46022,부산광역시 기장군 정관읍 정관덕산2길 14 (방곡리),051-727-3300
부산청,기장우체국,부산철마우체국,46049,부산광역시 기장군 철마면 철마로 475-1,051-721-9000
부산청,기장우체국,월내우체국,46036,부산광역시 기장군 장안읍 길천2길 5-1,051-727-2000
부산청,기장우체국,일광우체국,46044,부산광역시 기장군 일광면 삼성1길 6-6,051-721-4300
부산청,양산우체국,양산남부동우편취급국,50623,경상남도 양산시 중앙로 43 (남부동),055-387-7661
부산청,양산우체국,양산덕계동우체국,50554,경상남도 양산시 웅상대로 781 (덕계동),055-388-0601
부산청,양산우체국,양산동면우체국,50647,경상남도 양산시 동면 영천로 79,055-383-5001
부산청,양산우체국,양산동원과학기술대학교우편취급국,50578,경상남도 양산시 명곡로 321 (명곡동),055-370-8485
부산청,양산우체국,양산물금우체국,50655,경상남도 양산시 물금읍 새실로 36 (가촌리),055-382-4211
부산청,양산우체국,양산북정우편취급국,50571,경상남도 양산시 산막공단로 20 (북정동),055-383-0002
부산청,양산우체국,양산상북석계우편취급국,50558,"경상남도 양산시 상북면 상북중앙로 366, 105호 (석계리)",055-375-6701
부산청,양산우체국,양산서창동우체국,50527,경상남도 양산시 연호4길 16-4 (삼호동),055-365-1600
부산청,양산우체국,양산석산우체국,50635,경상남도 양산시 동면 남양산1길 30 (부산국제우체국),055-381-0115
부산청,양산우체국,양산소주동우편취급국,50514,경상남도 양산시 소주회야로45-8 (소주동),055-362-0003
부산청,양산우체국,양산야리우편취급국,50595,경상남도 양산시 물금읍 야리로 106,055-383-3318
부산청,양산우체국,양산우체국,50576,경상남도 양산시 중앙로 252 (신기동),055-370-7127
부산청,양산우체국,양산원동우체국,50587,경상남도 양산시 원동면 원동마을길 20,055-382-5002
부산청,양산우체국,양산유산우편취급국,50590,경상남도 양산시 새목1길 8 (어곡동),055-385-3406
부산청,양산우체국,양산중부동우체국,50621,경상남도 양산시 장터4길 17 (중부동),055-385-1377
부산청,양산우체국,양산통도사우체국,50503,경상남도 양산시 하북면 신평로 11-2,055-382-7113
부산청,양산우체국,양산황산우체국,50605,경상남도 양산시 물금읍 신주로 41,055-362-2171
부산청,밀양우체국,밀양내이동우체국,50427,경남  밀양시 약산로 53,055-354-3651
부산청,밀양우체국,밀양단장우체국,50417,경남  밀양시 단장면 표충로 355,055-356-1001
부산청,밀양우체국,밀양무안우체국,50408,경남  밀양시 무안면 사명로 511,055-352-0001
부산청,밀양우체국,밀양밀성우편취급국,50419,경상남도 밀양시 시청서길 23,055-353-5767
부산청,밀양우체국,밀양부북우체국,50402,경남  밀양시 부북면 부북로 41,055-352-3900
부산청,밀양우체국,밀양산내우체국,50414,경남  밀양시 산내면 산내로 352,055-352-6000
부산청,밀양우체국,밀양산외우체국,50412,경남  밀양시 산외면 산외로 702-1,055-352-5000
부산청,밀양우체국,밀양삼랑진우체국,50467,경남 밀양시 삼랑진읍 천태로 11,055-353-8005
부산청,밀양우체국,밀양삼문동우체국,50437,경남  밀양시 삼문중앙로3길 48,055-353-0807
부산청,밀양우체국,밀양상남우체국,50453,경남  밀양시 상남면 평촌중앙로 34,055-353-0002
부산청,밀양우체국,밀양상동우체국,50409,경남  밀양시 상동면 상동로 596-1,055-352-8000
부산청,밀양우체국,밀양예림우편취급국,50451,경남 밀양시 상남면 밀양대로 1531,055-355-5768
부산청,밀양우체국,밀양우체국,50445,경상남도 밀양시 중앙로 84 (가곡동),055-350-3122
부산청,밀양우체국,밀양청도우체국,50400,경남  밀양시 청도면 청도로 106,055-352-9000
부산청,밀양우체국,밀양초동우체국,50455,경남  밀양시 초동면 초동로 304,055-391-4000
부산청,밀양우체국,밀양하남우체국,50460,경상남도 밀양시 하남읍 수산중앙로 52,055-391-2000
부산청,밀양우체국,삼랑진임천우편취급국,50462,경남  밀양시 삼랑진읍 임천2길 5,055-353-2333
부산청,창녕우체국,창녕길곡우체국,50363,경상남도 창녕군 길곡면 낙동로 1507,055-536-9200
부산청,창녕우체국,창녕남지우체국,50360,경상남도 창녕군 남지읍 낙동로 460,055-526-2115
부산청,창녕우체국,창녕대지우체국,50316,경상남도 창녕군 대지면 우포2로 972-1,055-533-2011
부산청,창녕우체국,창녕대합우체국,50311,경상남도 창녕군 대합면 십이리2길 3,055-532-2400
부산청,창녕우체국,창녕도천우체국,50349,경상남도 창녕군 도천면 영산도천로 352,055-536-4000
부산청,창녕우체국,창녕부곡우체국,50365,경상남도 창녕군 부곡면 신촌길 2,055-536-5000
부산청,창녕우체국,창녕성산우체국,50311,경상남도 창녕군 성산면 창한로 433,055-533-0101
부산청,창녕우체국,창녕영산우체국,50347,경상남도 창녕군 영산면 연지길 11,055-536-7001
부산청,창녕우체국,창녕우체국,50329,경상남도 창녕군 창녕읍 화왕산1로 41,055-806-1100
부산청,창녕우체국,창녕유어우체국,50305,경상남도 창녕군 유어면 유어장마로 757,055-532-8000
부산청,창녕우체국,창녕장마우체국,50341,경상남도 창녕군 장마면 강리길 28 (강리),055-536-8000
부산청,의령우체국,신반우체국,52105,경상남도 의령군 부림면 대한로 1764,055-574-6000
부산청,의령우체국,의령가례우체국,52137,경상남도 의령군 가례면 의병로 56,055-573-2407
부산청,의령우체국,의령궁류우체국,52112,경상남도 의령군 궁류면 궁류로 125,055-572-8000
부산청,의령우체국,의령낙서우체국,52108,경상남도 의령군 낙서면 낙서로 506,055-572-7001
부산청,의령우체국,의령대의우체국,52135,경상남도 의령군 대의면 대의로 53-6,055-572-9000
부산청,의령우체국,의령봉수우체국,52111,경상남도 의령군 봉수면 대한로 1225,055-572-3200
부산청,의령우체국,의령용덕우체국,52127,경상남도 의령군 용덕면 의합대로 364,055-573-4400
부산청,의령우체국,의령우체국,52149,경상남도 의령군 의령읍 충익로 21,055-573-2001
부산청,의령우체국,의령유곡우편취급국,52113,"경상남도 의령군 유곡면 마장로 17 (칠곡리, 유곡다방)",055-573-1997
부산청,의령우체국,의령정곡우체국,52125,경상남도 의령군 정곡면 법정로 932-5,055-572-5001
부산청,의령우체국,의령지정우체국,52117,경상남도 의령군 지정면 함의로5길 3,055-572-5400
부산청,의령우체국,의령칠곡우체국,52134,경상남도 의령군 칠곡면 칠곡로 65,055-572-4000
부산청,의령우체국,의령화정우체국,52157,경상남도 의령군 화정면 화정로 299,055-572-4200
부산청,함안우체국,군북우체국,52065,경상남도 함안군 군북면 중암7길 6,055-585-5001
부산청,함안우체국,제80군사우편출장소,52064,경상남도 함안군 군북면 함마대로 848,055-582-7535
부산청,함안우체국,칠원우체국,52017,경상남도 함안군 칠원읍 용산1길 39 (칠원우체국),055-587-0001
부산청,함안우체국,함안대산우체국,52011,경상남도 함안군 대산면 대산중앙로 187,055-582-8001
부산청,함안우체국,함안법수우체국,52056,경상남도 함안군 법수면 우거북길 24,055-582-4001
부산청,함안우체국,함안산인우체국,52049,경상남도 함안군 산인면 가야로 221,055-582-1900
부산청,함안우체국,함안아라우편취급국,52040,경상남도 함안군 가야읍 가야로 93,055-583-3366
부산청,함안우체국,함안우체국,52043,경상남도 함안군 가야읍 함안대로 523,055-582-0114
부산청,함안우체국,함안월촌우편취급국,52060,"경상남도 함안군 군북면 월촌안길 117 (월촌리, 한복이야기)",055-582-7500
부산청,함안우체국,함안칠북우체국,52006,경상남도 함안군 칠북면 칠북로 31,055-587-3501
부산청,함안우체국,함안칠서우체국,52009,경상남도 함안군 칠서면 공단상가3길 20 (대치리),055-587-5001
부산청,함안우체국,함읍우체국,52051,경상남도 함안군 함안면 북촌2길 50-21,055-582-1400
부산청,고성우체국,고성개천우체국,52904,경상남도 고성군 개천면 옥천로 1275-1,055-672-0001
부산청,고성우체국,고성거류우체국,52925,경상남도 고성군 거류면 거류로 648,055-672-1001
부산청,고성우체국,고성구만우편취급국,52908,경상남도 고성군 구만면 영회로 1772,055-672-3001
부산청,고성우체국,고성대가우체국,52928,경상남도 고성군 대가면 대가로 551 (유흥리),055-672-4001
부산청,고성우체국,고성동해우체국,52918,경상남도 고성군 동해면 구절로 754,055-672-5001
부산청,고성우체국,고성마암우체국,52911,경남  고성군 마암면 옥천로 251,055-672-6001
부산청,고성우체국,고성삼산우체국,52959,경상남도 고성군 삼산면 미룡2길 42,055-672-7001
부산청,고성우체국,고성영현우체국,52906,경상남도 고성군 영현면 대가로 1675-9 (침점리),055-673-0001
부산청,고성우체국,고성우체국,52942,경상남도 고성군 고성읍 중앙로25번길 30 (성내리),055-673-5100
부산청,고성우체국,고성하이우체국,52961,경상남도 고성군 하이면 공룡로 7,055-834-6001
부산청,고성우체국,고성하일우체국,52956,경상남도 고성군 하일면 자란만로 1723-44,055-673-1001
부산청,고성우체국,고성회화우체국,52915,경상남도 고성군 회화면 배둔로28번길 6 (배둔리),055-673-2001
부산청,고성우체국,상리우체국,52951,경남 고성군 상리면 척번정1길 95,055-672-8001
부산청,고성우체국,영오우체국,52901,경남 고성군 영오면 영산1길 18,055-672-9001
부산청,통영우체국,욕지도우체국,53100,경상남도 통영시 욕지면 중촌길 176,055-642-5100
부산청,통영우체국,통영광도우체국,53020,경상남도 통영시 광도면 죽림3로 27,055-642-3100
부산청,통영우체국,통영도산우체국,53003,경상남도 통영시 도산면 도산일주로 32,055-643-9100
부산청,통영우체국,통영도천동우편취급국,53067,경상남도 통영시 중앙로 36 (도천동),055-648-1156
부산청,통영우체국,통영미수동우편취급국,53071,경상남도 통영시 미수로 102 (미수동),055-648-3331
부산청,통영우체국,통영봉평동우체국,53074,경상남도 통영시 도남로 187 (도남동),055-643-0010
부산청,통영우체국,통영사량우체국,53103,경상남도 통영시 사량면 진촌2길 6-23,055-642-6100
부산청,통영우체국,통영산양우체국,53084,경상남도 통영시 산양읍 산양중앙로 73,055-642-1100
부산청,통영우체국,통영용남우체국,53027,경상남도 통영시 용남면 남해안대로 442,055-646-7100
부산청,통영우체국,통영우체국,53043,경상남도 통영시 중앙로 325 (무전동),055-650-2055
부산청,통영우체국,통영중앙동우체국,53061,경상남도 통영시 세병로 5 (중앙동),055-646-8001
부산청,통영우체국,통영한산우체국,53092,경상남도 통영시 한산면 한산일주로 841-1,055-642-8100
부산청,거제우체국,거제고현우편취급국,53253,경상남도 거제시 서문로 46-1 (고현동),055-632-3566
부산청,거제우체국,거제능포동우체국,53316,경상남도 거제시 능포로 141 (능포동),055-682-4300
부산청,거제우체국,거제동부우체국,53331,경상남도 거제시 동부면 동부로 18,055-633-2001
부산청,거제우체국,거제동상우체국,53286,경상남도 거제시 거제면 읍내로2길 18,055-633-4001
부산청,거제우체국,거제둔덕우체국,53281,경상남도 거제시 둔덕면 하둔길 67-1,055-633-5601
부산청,거제우체국,거제사등우체국,53276,경상남도 거제시 사등면 성포로 144,055-632-5701
부산청,거제우체국,거제아주우편취급국,53304,경상남도 거제시 거제대로 3449 (아주동),055-682-4949
부산청,거제우체국,거제연초우체국,53212,경상남도 거제시 연초면 거제북로 42-1,055-636-6700
부산청,거제우체국,거제옥포동우체국,53229,경상남도 거제시 옥포로10길 12 (옥포동),055-687-2003
부산청,거제우체국,거제외포우편취급국,53202,경상남도 거제시 장목면 외포4길 8 (외포리),055-635-3222
부산청,거제우체국,거제우체국,53254,경상남도 거제시 거제중앙로17길 19 (고현동),055-636-0050
부산청,거제우체국,거제우체국거제남부출장소,53333,"경상남도 거제시 남부면 남부해안로 30 (저구리, 남부면사무소)",055-633-1701
부산청,거제우체국,거제일운우체국,53328,경상남도 거제시 일운면 지세포로 104,055-681-0700
부산청,거제우체국,거제장목우체국,53201,경상남도 거제시 장목면 옥포대첩로 1595-1,055-635-1701
부산청,거제우체국,거제장평동우체국,53265,경상남도 거제시 장평로 52 (장평동),055-637-0090
부산청,거제우체국,거제중곡우편취급국,53249,경상남도 거제시 중곡로1길 26-2 (고현동),055-634-3322
부산청,거제우체국,거제하청우체국,53204,경상남도 거제시 하청면 하청로 30,055-636-3001
부산청,거제우체국,장승포우체국,53319,경상남도 거제시 장승포로 59 (장승포동),055-681-2001
부산청,사천우체국,사천곤명우체국,52501,경상남도 사천시 곤명면 경서대로 3421,055-853-2251
부산청,사천우체국,사천곤양우체국,52504,경상남도 사천시 곤양면 곤양로 103-1,055-853-0601
부산청,사천우체국,사천동서금동우편취급국,52566,경상남도 사천시 남일로 52 (동금동),055-835-5600
부산청,사천우체국,사천사남우체국,52536,경상남도 사천시 사남면 진삼로 1130,055-854-4360
부산청,사천우체국,사천서포우체국,52543,경상남도 사천시 서포면 서포로 295,055-853-1601
부산청,사천우체국,사천선구동우체국,52568,경상남도 사천시 중앙로 50 (선구동),055-835-0085
부산청,사천우체국,사천용현우체국,52539,경남 사천시 용현면 진삼로 636,055-834-0001
부산청,사천우체국,사천우체국,52518,경남 사천시 사천읍 진삼로 1484,055-852-2001
부산청,사천우체국,사천정동우체국,52523,경상남도 사천시 정동면 상정대로 2540-49,055-852-1001
부산청,사천우체국,사천축동우체국,52510,경상남도 사천시 축동면 길평길 37,055-852-5001
부산청,사천우체국,삼천포우체국,52560,경남 사천시 중앙로 120,055-835-1001
부산청,사천우체국,제336군사우편출장소,52511,경상남도 사천시 사천읍 사천대로 1949 (수석리),055-852-2092
부산청,산청우체국,단성우체국,52251,경남  산청군 단성면 목화로 977,055-972-0001
부산청,산청우체국,산청금서우체국,52228,경남 산청군 금서면 동의보감로 1058,055-973-0001
부산청,산청우체국,산청삼장우체국,52235,경남 산청군 삼장면 덕산대포로 262,055-972-8001
부산청,산청우체국,산청생비량우체국,52256,경남 산청군 생비량면 비량로 49,055-972-6001
부산청,산청우체국,산청시천우체국,52234,경남 산청군 시천면 남명로 206,055-972-9001
부산청,산청우체국,산청신등우체국,52257,경남  산청군 신등면 신등가회로 30,055-972-3601
부산청,산청우체국,산청신안우체국,52249,경남  산청군 신안면 원지강변로63번길 30-18번지,055-972-0003
부산청,산청우체국,산청오부우체국,52201,경남 산청군 오부면 오동로 651,055-972-4001
부산청,산청우체국,산청우체국,52219,경남  산청군 산청읍 덕계로 7,055-973-2001
부산청,산청우체국,생초우체국,52203,경남  산청군 생초면 새실로 7,055-972-2003
부산청,산청우체국,차황우체국,52208,경남 산청군 차황면 친환경로 3582,055-972-4000
부산청,하동우체국,악양우체국,52305,경상남도 하동군 악양면 악양서로 357 (정서리),055-883-3002
부산청,하동우체국,옥종우체국,52313,경상남도 하동군 옥종면 덕천로 5,055-882-8000
부산청,하동우체국,진교우체국,52347,경상남도 하동군 진교면 민다리길 63,055-882-3002
부산청,하동우체국,청암우체국,52310,경상남도 하동군 청암면 청학로 671,055-882-5700
부산청,하동우체국,하동금남우체국,52350,경상남도 하동군 금남면 섬진강대로 973-16 (계천리),055-882-0001
부산청,하동우체국,하동금성우편취급국,52353,"경상남도 하동군 금성면 금성중앙길 16 (궁항리, 진주세탁소)",055-884-7898
부산청,하동우체국,하동노량우편취급국,52352,경상남도 하동군 금남면 노량해안길 31 (노량리),055-882-2003
부산청,하동우체국,하동북천우체국,52318,경상남도 하동군 북천면 경서대로 2448,055-882-9500
부산청,하동우체국,하동양보우체국,52336,경상남도 하동군 양보면 진양로 729,055-882-4500
부산청,하동우체국,하동우체국,52326,경상남도 하동군 하동읍 중앙로 40,055-882-2001
부산청,하동우체국,하동적량우체국,52321,경상남도 하동군 적량면 적량로 100,055-883-0100
부산청,하동우체국,하동횡천우체국,52319,경상남도 하동군 횡천면 경서대로 1177,055-882-6000
부산청,하동우체국,화개우체국,52303,경상남도 하동군 화개면 쌍계로 50,055-883-2500
부산청,남해우체국,남해고현우체국,52404,경남  남해군 고현면 탑동로 53,055-862-4110
부산청,남해우체국,남해남면우체국,52437,경남  남해군 남면 남서대로 779,055-862-9000
부산청,남해우체국,남해미조우체국,52442,경남  남해군 미조면 미송로 68,055-867-6500
부산청,남해우체국,남해삼동우체국,52444,경남  남해군 삼동면 동부대로1876번길 10,055-867-0001
부산청,남해우체국,남해상주우체국,52440,경남  남해군 상주면 남해대로675번길 8-7,055-862-6000
부산청,남해우체국,남해서면우체국,52410,경남  남해군 서면 남서대로 1661,055-862-1700
부산청,남해우체국,남해설천우체국,52401,경남  남해군 설천면 설천로 696,055-862-7088
부산청,남해우체국,남해우체국,52424,경남 남해군 남해읍 화전로78번길 6,055-863-2005
부산청,남해우체국,남해이동우체국,52431,경남  남해군 이동면 무림로 50,055-862-5000
부산청,남해우체국,남해창선우체국,52453,경남  남해군 창선면 창선로 112,055-867-1001
부산청,거창우체국,가조우체국,50118,경남 거창군 가조면 가조가야로 1082,055-942-0001
부산청,거창우체국,거창가북우체국,50117,경남 거창군 가북면 용암로 7,055-942-2001
부산청,거창우체국,거창고제우체국,50111,경남 거창군 고제면 입석2길 8,055-942-7001
부산청,거창우체국,거창남상우체국,50148,경남 거창군 남상면 수남로 1842,055-942-9501
부산청,거창우체국,거창남하우체국,50123,경남 거창군 남하면 영서로 93,055-942-9401
부산청,거창우체국,거창대동우체국,50134,경남  거창군 거창읍 중앙로2길 13,055-944-0801
부산청,거창우체국,거창마리우체국,50109,경남 거창군 마리면 빼재로 14,055-942-4000
부산청,거창우체국,거창북상우체국,50102,경남 거창군 북상면 덕유월성로 2309(갈계리 1434-1),055-942-5000
부산청,거창우체국,거창신원우체국,50153,경남 거창군 신원면 신차로 3073,055-942-8000
부산청,거창우체국,거창우체국,50132,경남  거창군 거창읍 중앙로 89,055-944-2001
부산청,거창우체국,거창주상우체국,50115,경남 거창군 주상면 당대고개길 1,055-942-6001
부산청,거창우체국,웅양우체국,50113,경남 거창군 웅양면 웅양로 1429,055-942-3001
부산청,거창우체국,위천우체국,50103,경남 거창군 위천면 원학길 359,055-943-0001
부산청,함양우체국,마천우체국,50055,경상남도 함양군 마천면 천왕봉로 1169,055-962-5001
부산청,함양우체국,서상우체국,50001,경상남도 함양군 서상면 서상로 295-1,055-963-0001
부산청,함양우체국,수동우체국,50022,경상남도 함양군 수동면 수동길 21,055-962-1001
부산청,함양우체국,안의우체국,50012,경상남도 함양군 안의면 광풍로 114,055-962-0001
부산청,함양우체국,함양백전우체국,50025,경상남도 함양군 백전면 함양남서로 2353,055-962-8001
부산청,함양우체국,함양병곡우체국,50027,경상남도 함양군 병곡면 함양남서로 1758,055-962-2001
부산청,함양우체국,함양서하우체국,50003,경상남도 함양군 서하면 함양남서로 3944,055-962-9001
부산청,함양우체국,함양우체국,50041,경상남도 함양군 함양읍 학사루길 1,055-963-2005
부산청,함양우체국,함양지곡우체국,50018,경상남도 함양군 지곡면 병곡지곡로 966-16,055-962-7001
부산청,함양우체국,함양휴천우체국,50052,경상남도 함양군 휴천면 목현옥매로 26,055-962-6001
부산청,합천우체국,대병우체국,50216,경상남도 합천군 대병면 신성동길 32 (회양리 886-2),055-933-8000
부산청,합천우체국,봉산우체국,50211,경상남도 합천군 봉산면 서부로 4351 (김봉리 320-3),055-933-6000
부산청,합천우체국,삼가우체국,50222,경상남도 합천군 삼가면 삼가1로 67 (금리 74),055-932-4200
부산청,합천우체국,야로우체국,50206,경상남도 합천군 야로면 가야산로 346-1,055-932-6500
부산청,합천우체국,초계우체국,50246,경상남도 합천군 초계면 초계중앙로 15 (초계리 404-4),055-932-1001
부산청,합천우체국,합천가야우체국,50201,경상남도 합천군 가야면 가야시장로 86-1 (야천리 465-7),055-932-7600
부산청,합천우체국,합천가회우체국,50226,경상남도 합천군 가회면 황매산로 54 (덕촌리 385-4),055-932-9100
부산청,합천우체국,합천대양우체국,50240,경상남도 합천군 대양면 대야로 272 (덕정리 665-7),055-932-3700
부산청,합천우체국,합천덕곡우체국,50248,경상남도 합천군 덕곡면 율지1길 20 (율지리 99-1),055-933-5000
부산청,합천우체국,합천묘산우체국,50209,경상남도 합천군 묘산면 묘산로 153 (산제리 28-9),055-932-6000
부산청,합천우체국,합천쌍백우체국,50218,경상남도 합천군 쌍백면 쌍백중앙로 51 (평구리 536-6),055-932-3500
부산청,합천우체국,합천쌍백우편취급국,50218,경상남도 합천군 쌍백면 쌍백중앙로 51 (평구리),055-932-3503
부산청,합천우체국,합천쌍책우체국,50252,경상남도 합천군 쌍책면 성산우회로 5 (성산리),055-932-2500
부산청,합천우체국,합천용주우체국,50213,경상남도 합천군 용주면 황계폭포로 1160 (용지리 404-4),055-933-3500
부산청,합천우체국,합천우체국,50235,경남  합천군 합천읍 동서로 56,055-933-0002
부산청,합천우체국,합천율곡우체국,50243,경상남도 합천군 율곡면 동부로 586 (영전리 464-3),055-933-3800
부산청,합천우체국,합천적중우체국,50247,경상남도 합천군 적중면 적중로 90 (상부리 830-2),055-932-2000
부산청,합천우체국,합천청덕우체국,50253,경상남도 합천군 청덕면 동부로 1748 (두곡리 340-3),055-932-8600
부산청,합천우체국,합천해인사우체국,50200,경상남도 합천군 가야면 가야산로 1816 (치인리 산20-1),055-932-7200
부산청,동울산우체국,동울산우체국,44042,울산광역시 동구 방어진순환도로 779 (전하동),052-250-0100
부산청,동울산우체국,방어진우체국,44096,울산광역시 동구 북진1길 34 (방어동),052-232-2300
부산청,동울산우체국,울산꽃바위우편취급국,44094,울산광역시 동구 화문로 47 (방어동),052-201-3355
부산청,동울산우체국,울산남목동우체국,44016,울산광역시 동구 방어진순환도로 1145 (서부동),052-233-0102
부산청,동울산우체국,울산대송동우편취급국,44070,울산광역시 동구 대송8길 29 (화정동),052-234-3366
부산청,동울산우체국,울산대학교병원우편취급국,44033,"울산광역시 동구 방어진순환도로 877 (전하동, 울산대학교병원)",052-251-7988
부산청,동울산우체국,울산동부시장우편취급국,44006,울산광역시 동구 남목17길 29 (동부동),052-233-0031
부산청,동울산우체국,울산화정월봉우편취급국,44076,울산광역시 동구 월봉로 49 (화정동),052-235-2107
부산청,창원우편집중국,창원우편집중국,51708,경남 창원시 성산구 적현로 311(신촌동 62-1),055-260-0821
부산청,진주우편집중국,진주우편집중국,52628,경남 진주시 금산면 중천로 25 (중천리 276-13),055-760-7034
부산청,북부산우체국,부산구남우편취급국,46648,부산광역시 북구 구남로14번길 62 (구포동),051-335-0110
부산청,북부산우체국,부산구포2동우편취급국,46504,부산광역시 북구 낙동대로1582번길 5 (구포동),051-304-0077
부산청,북부산우체국,부산구포동우편취급국,46502,부산광역시 북구 구포만세길 73 (구포동),051-343-2005
부산청,북부산우체국,부산금곡동우체국,46509,부산광역시 북구 금곡대로 464 (금곡동),051-362-2005
부산청,북부산우체국,부산금곡본동우체국,46506,부산광역시 북구 효열로203번길 30 (금곡동),051-362-2055
부산청,북부산우체국,부산덕천2동우체국,46576,부산광역시 북구 덕천2길 29 (덕천동),051-341-3005
부산청,북부산우체국,부산덕천동우편취급국,46568,"부산광역시 북구 만덕대로90번길 13 (덕천동,대방아파트)",051-333-0004
부산청,북부산우체국,부산만덕동우체국,46571,부산광역시 북구 만덕3로 48 (만덕동),051-341-2005
부산청,북부산우체국,부산만덕아파트우편취급국,46613,부산광역시 북구 상리로 37-1 (만덕동),051-334-0020
부산청,북부산우체국,부산화명2동우체국,46516,부산광역시 북구 양달로 62 (화명동),051-341-2007
부산청,북부산우체국,부산화명동우체국,46539,부산광역시 북구 금곡대로 182-1 (화명동),051-331-0205
부산청,북부산우체국,북부산우체국,46527,부산광역시 북구 화명신도시로 89 (화명동),051-365-0864
부산청,부산연제우체국,부산거제2동우편취급국,47525,"부산광역시 연제구 아시아드대로46번길 3 ,(거제동1011-1)",051-505-4201
부산청,부산연제우체국,부산거제동우체국,47534,부산 연제구 해맞이로 87 (거제4동 649-40),051-504-0001
부산청,부산연제우체국,부산교육대학교우편취급국,47503,"부산광역시 연제구 교대로 24 (거제동,부산교육대학교)",051-504-2005
부산청,부산연제우체국,부산물만골우편취급국,47610,"부산 연제구 연수로 110, 상가 제10호(연산동 경동메르빌아파트))",051-867-0205
부산청,부산연제우체국,부산법원우체국,47510,부산광역시 연제구 법원로 31 (거제1동 1500),051-505-7844
부산청,부산연제우체국,부산시청우체국,47545,부산 연제구 중앙대로 1001 (연산5동 1000),051-862-5062
부산청,부산연제우체국,부산연산1동우체국,47552,부산광역시 연제구 과정로 319 (연산1동 312-15),051-867-6732
부산청,부산연제우체국,부산연산4동우편취급국,47519,부산광역시 연제구 거제천로230번길 61 (연산4동 585-13),051-853-7377
부산청,부산연제우체국,부산연산5동우체국,47596,부산 연제구 월드컵대로 115 (연산5동 709-2),051-861-2005
부산청,부산연제우체국,부산연산동우체국,47594,부산 연제구 연수로 197 (연산6동 2133-54),051-862-2538
부산청,부산연제우체국,부산연산토곡우편취급국,47568,부산광역시 연제구 연안로 12 (연산동),051-756-2005
부산청,부산연제우체국,부산연일우편취급국,47589,부산광역시 연제구 쌍미천로 58 (연산6동 1777-11),051-865-0208
부산청,부산연제우체국,부산연제우체국,47502,부산 연제구 법원북로 33 (거제1동1473),051-500-0888
부산청,부산연제우체국,부산연화우편취급국,47538,부산광역시 연제구 거제천로 143-1 (거제동),051-862-1528
부산청,울산우편집중국,울산우편집중국,44248,울산시 북구 진장유통로 34(진장동),052-283-6071
충청청,충청지방우정청,충청지방우정청,35239,대전광역시 서구 둔산로 111 (둔산동),042-611-1233
충청청,대전우체국,대전가양동우체국,34534,대전광역시 동구 동대전로 278 (가양동),042-622-9802
충청청,대전우체국,대전가오동우체국,34692,대전광역시 동구 동구청로 117 (가오동),042-282-2002
충청청,대전우체국,대전낭월동우체국,34704,대전광역시 동구 산내로 1323 (낭월동),042-272-7005
충청청,대전우체국,대전대자양우편취급국,34514,"대전광역시 동구 동대전로 202 (자양동,윤내과의원)",042-632-0700
충청청,대전우체국,대전대학교우편취급국,34520,"대전광역시 동구 대학로 62 (용운동,대전대학교)",042-280-2870
충청청,대전우체국,대전비룡동우체국,34500,대전광역시 동구 옥천로 427 (비룡동),042-274-1500
충청청,대전우체국,대전산내우편취급국,34698,대전광역시 동구 대전로340번길 20 삼익세라믹아파트상가 2동 103호 (대성동),042-284-0777
충청청,대전우체국,대전삼성동우체국,34620,대전광역시 동구 우암로85번길 24 (삼성동),042-623-2005
충청청,대전우체국,대전성남2동우편취급국,34589,대전광역시 동구 계족로 330 (성남동),042-673-1218
충청청,대전우체국,대전소제동우체국,34603,대전광역시 동구 계족로 271 (소제동),042-623-2218
충청청,대전우체국,대전용운아파트우편취급국,34662,대전광역시 동구 새울로 85-2 (용운동),042-283-9009
충청청,대전우체국,대전용전동우체국,34543,"대전광역시 동구 계족로 482(용전동 123-8) (용전동,아트맥)",042-631-3002
충청청,대전우체국,대전우체국,34630,대전광역시 동구 대전로 757 (원동),042-250-7114
충청청,대전우체국,대전판암동우체국,34665,대전광역시 동구 동부로 35 (판암동),042-273-1463
충청청,대전우체국,대전홍도동우편취급국,34557,대전광역시 동구 동산초교로 15 (홍도동),042-633-2301
충청청,대전우체국,대전효천우편취급국,34639,"대전광역시 동구 계족로 65 상가 202호 (인동, 어진마을아파트)",042-272-2204
충청청,대전우체국,우송대학교우편취급국,34606,"대전광역시 동구 동대전로 171 (자양동,우송정보대학, 우송대 서캠퍼스)",042-622-3886
충청청,서대전우체국,대전대흥동우체국,34929,대전 중구 대흥로 184 (대흥동),042-254-2005
충청청,서대전우체국,대전목동우체국,34815,대전  중구 동서대로 1411(목동),042-253-3005
충청청,서대전우체국,대전문창2동우편취급국,35030,대전광역시 중구 보문로 24-1 (문창동),042-283-3690
충청청,서대전우체국,대전문화2동우체국,35008,대전  중구 당디로6번길 98(문화2동),042-584-2005
충청청,서대전우체국,대전부사동우체국,35027,대전  중구 대종로 374(부사동),042-253-6531
충청청,서대전우체국,대전선화동우체국,34838,대전광역시 중구 중앙로129번길 5 (선화동),042-257-2005
충청청,서대전우체국,대전성모병원우편취급국,34943,"대전 중구 대흥로 64(대흥동, 성모병원)",042-254-8652
충청청,서대전우체국,대전오류동우체국,34909,대전 중구 계백로 1709-10(오류동),042-534-5115
충청청,서대전우체국,대전옥계동우편취급국,35076,대전시 중구 모암로7번길 150(옥계동),042-283-9300
충청청,서대전우체국,대전용두2동우편취급국,34828,대전 중구 동서대로1321번길 19(용두동),042-252-1544
충청청,서대전우체국,대전유천1동우편취급국,34978,대전광역시 중구 당디로 123 (유천동),042-585-3388
충청청,서대전우체국,대전천근우편취급국,34998,대전광역시 중구 서문로43번길 64 (문화동),042-582-8555
충청청,서대전우체국,대전태평동우체국,34880,대전 중구 태평로 113(태평동),042-534-2041
충청청,서대전우체국,대전호동우체국,35038,대전  중구 대종로 150(호동),042-271-2005
충청청,서대전우체국,서대전우체국,34955,대전시  중구 계룡로 914(문화동),042-250-3400
충청청,서대전우체국,한밭산성우편취급국,35081,대전 중구 대둔산로 345(사정동),042-582-0090
충청청,대전유성우체국,대덕연구단지우체국,34130,대전광역시 유성구 대덕대로 587 (도룡동),042-861-6152
충청청,대전유성우체국,대덕테크노밸리우체국,34019,대전광역시 유성구 테크노4로 127 (관평동),042-935-1331
충청청,대전유성우체국,대전구암동우편취급국,34181,대전광역시 유성구 월드컵대로289번길 32 (구암동),042-823-8134
충청청,대전유성우체국,대전구즉동우편취급국,34008,대전광역시 유성구 구즉로 63 (송강동),042-934-4005
충청청,대전유성우체국,대전노은2동우체국,34069,대전광역시 유성구 반석동로 53 (반석동),042-825-0286
충청청,대전유성우체국,대전봉명동우체국,34169,대전광역시 유성구 계룡로 61 (봉명동),042-825-2006
충청청,대전유성우체국,대전신성동우체국,34107,대전광역시 유성구 신성로 73 (신성동),042-861-3200
충청청,대전유성우체국,대전어은동우체국,34140,"대전광역시 유성구 어은로 57 한빛프라자 2층 (어은동,한빛아파트)",042-862-2005
충청청,대전유성우체국,대전유성우체국,34186,대전광역시 유성구 온천로 51 (봉명동),042-828-8115
충청청,대전유성우체국,대전전민동우체국,34049,대전광역시 유성구 엑스포로 486-22 (전민동),042-862-2004
충청청,대전유성우체국,대전지족동우체국,34085,대전광역시 유성구 은구비로 52 (지족동),042-477-0930
충청청,대전유성우체국,제120군사우편출장소,34064,대전광역시 유성구 반석로 94 (반석동),042-826-6942
충청청,대전유성우체국,제78군사우체국,34059,대전광역시 유성구 자운로97번길 265 (신봉동),042-863-1195
충청청,대전유성우체국,진잠우체국,34227,대전광역시 유성구 원내로39번길 25 (원내동),042-543-3005
충청청,대전유성우체국,충남대학교우편취급국,34134,"대전광역시 유성구 대학로 99 (궁동,충남대학교)",042-825-7211
충청청,대전유성우체국,한국과학기술원우편취급국,34141,"대전광역시 유성구 대학로 291 (구성동,한국과학기술원)",042-350-2900
충청청,대전유성우체국,한국전자통신연구원우체국,34129,대전광역시 유성구 가정로 218 (가정동),042-862-0125
충청청,대전유성우체국,한밭대학교우편취급국,34158,대전광역시 유성구 동서대로 125 (덕명동),042-823-2486
충청청,대전대덕우체국,대전대덕우체국,34301,대전 대덕구 문평동로 16 (문평동),042-930-2400
충청청,대전대덕우체국,대전대덕장동우편취급국,34345,"대전광역시 대덕구 장동로 263-2 (장동,우체국)",042-635-2204
충청청,대전대덕우체국,대전대청우편취급국,34312,"대전광역시 대덕구 신탄진로 778 (신탄진동,대청우편취급국)",042-932-7270
충청청,대전대덕우체국,대전대화동우체국,34371,대전광역시 대덕구 대화로 67 (대화동),042-623-1004
충청청,대전대덕우체국,대전덕암동우체국,34333,대전광역시 대덕구 덕암로 157 (덕암동),042-932-7400
충청청,대전대덕우체국,대전법동우체국,34406,대전광역시 대덕구 동춘당로 183 (법동),042-624-0220
충청청,대전대덕우체국,대전비래동우편취급국,34417,대전광역시 대덕구 우암로 464(비래동),042-673-1122
충청청,대전대덕우체국,대전새뜸우편취급국,34438,대전 대덕구 한밭대로 986 (오정동),042-627-3336
충청청,대전대덕우체국,대전송촌동우체국,34420,대전광역시 대덕구 동춘당로 61 (송촌동),042-623-2293
충청청,대전대덕우체국,대전영진우편취급국,34356,대전광역시 대덕구 아리랑로 211 (법동),042-623-3490
충청청,대전대덕우체국,대전오정동우체국,34434,대전광역시 대덕구 대전로 1095 (오정동),042-626-5006
충청청,대전대덕우체국,대전중리동우편취급국,34427,대전 대덕구 홍도로119번길 6 (중리동),042-623-0705
충청청,대전대덕우체국,대전중리서로우편취급국,34393,대전광역시 대덕구 중리서로 17 (중리동),042-624-4009
충청청,대전대덕우체국,신탄진우체국,34318,대전광역시 대덕구 석봉로37번길 62 2층 (석봉동),042-931-2005
충청청,대전대덕우체국,한남대학교우편취급국,34430,"대전광역시 대덕구 한남로 70 (오정동,한남대학교)",042-629-7805
충청청,대전대덕우체국,회덕우체국,34346,대전  대덕구 신탄진로254번길 7 (와동),042-622-2077
충청청,공주우체국,공주계룡우체국,32616,충남 공주시 계룡면 영규대사로 497-1(월암리 384번지),041-857-9001
충청청,공주우체국,공주교육대학교우편취급국,32553,"충청남도 공주시 웅진로 27 (봉황동,공주교육대학교)",041-850-1790
충청청,공주우체국,공주대학교우편취급국,32588,"충청남도 공주시 공주대학로 56 (신관동,공주대학교)",041-850-8776
충청청,공주우체국,공주반포우편취급국,32622,충청남도 공주시 반포면 반포초교길 75 (공암리),041-856-6003
충청청,공주우체국,공주신관동우체국,32575,충남 공주시 관골1길 34-17 (신관동),041-856-6001
충청청,공주우체국,공주우체국,32546,"충청남도 공주시 우체국길 15 (반죽동,공주우체국)",041-851-2500
충청청,공주우체국,공주정안우체국,32512,충남 공주시 정안면 광정장터길 7(광정리 284-2),041-858-6001
충청청,공주우체국,사곡우체국,32523,충남 공주시 사곡면 산넘어길 6-1(호계리 340-2),041-841-7001
충청청,공주우체국,신풍우체국,32525,충남 공주시 신풍면 신풍길 82(산정리 72-9),041-841-1005
충청청,공주우체국,우성우체국,32531,충남 공주시 우성면 동대리길 63-1(동대리 414-2),041-853-6001
충청청,공주우체국,유구우체국,32506,충남 공주시 유구읍 중앙1길 109(석남리 200),041-841-1101
충청청,공주우체국,의당우체국,32517,충남 공주시 의당면 의당로 316(청룡리 824),041-852-0001
충청청,공주우체국,이인우체국,32607,충남 공주시 이인면 검바위로 230(이인리 181-7),041-857-4001
충청청,공주우체국,탄천우체국,32609,충남 공주시 탄천면 통산로 173(삼각리 485-4),041-853-5001
충청청,대전우편집중국,대전우편집중국,32840,충남 계룡시 두마면 사계로 184(두마면 왕대리 80번지),042-602-1611
충청청,천안우체국,남서울대학교우편취급국,31020,충청남도 천안시 서북구 성환읍 대학로 91,041-582-1919
충청청,천안우체국,성거우체국,31046,충청남도 천안시 서북구 성거읍 성거길 73,041-622-6400
충청청,천안우체국,성환우체국,31016,충청남도 천안시 서북구 성환읍 성환11길 20,041-581-2005
충청청,천안우체국,입장우체국,31055,충청남도 천안시 서북구 입장면 하장4길 14,041-585-5400
충청청,천안우체국,직산우체국,31037,충청남도 천안시 서북구 직산읍 삼은3길 17,041-584-3700
충청청,천안우체국,천안백석농공단지우편취급국,31094,충청남도 천안시 서북구 백석공단1로 20 (백석동),041-552-3840
충청청,천안우체국,천안불당동우체국,31165,충청남도 천안시 서북구 봉서산로 66 (불당동),041-553-7053
충청청,천안우체국,천안산업단지우편취급국,31075,충청남도 천안시 서북구 2공단5로 36 (차암동),041-621-0666
충청청,천안우체국,천안성정동우체국,31108,충청남도 천안시 서북구 서부대로 706 (성정동),041-414-7033
충청청,천안우체국,천안신당동우편취급국,31080,충청남도 천안시 서북구 천안대로 1217 (신당동),041-567-6353
충청청,천안우체국,천안쌍용2동우체국,31172,충청남도 천안시 서북구 월봉로 82 (쌍용동),041-579-4900
충청청,천안우체국,천안쌍용동우체국,31166,충청남도 천안시 서북구 쌍용11길 71 (쌍용동),041-571-4000
충청청,천안우체국,천안우체국,31158,충청남도 천안시 서북구 백석3로 105 (백석동),041-629-2550
충청청,천안우체국,천안우체국(임시창구),31158,"충청남도 천안시 서북구 백석3로 105 (백석동, 천안우편집중국)",041-629-0152
충청청,청주우체국,가덕우체국,28205,충청북도 청주시 상당구 가덕면 단재로 1426,043-298-5100
충청청,청주우체국,낭성우체국,28193,충청북도 청주시 상당구 낭성면 낭성시내길 12-2,043-225-9600
충청청,청주우체국,내수우체국,28145,충청북도 청주시 청원구 내수읍 청암로 64,043-214-0001
충청청,청주우체국,문의우체국,28208,충청북도 청주시 상당구 문의면 문의시내로 39,043-296-7100
충청청,청주우체국,미원우체국,28199,충청북도 청주시 상당구 미원면 미원시내2길 26,043-298-0100
충청청,청주우체국,북이우체국,28134,충청북도 청주시 청원구 북이면 의암로 344-3,043-212-8100
충청청,청주우체국,오창과학단지우체국,28119,충청북도 청주시 청원구 오창읍 중심상업2로 24,043-214-2383
충청청,청주우체국,오창우체국,28129,충청북도 청주시 청원구 오창읍 팔결로 695,043-218-2000
충청청,청주우체국,제308군사우편출장소,28152,"충청북도 청주시 청원구 내수읍 팔결로 164, 사서함 308",043-214-3002
충청청,청주우체국,청원화상우편취급국,28133,충청북도 청주시 청원구 북이면 화상길 45-21,043-214-1811
충청청,청주우체국,청주남일우체국,28190,충청북도 청주시 상당구 남일면 단재로 741,043-298-4001
충청청,청주우체국,청주내덕동우체국,28479,충청북도 청주시 청원구 중앙로 211 (내덕동),043-253-2001
충청청,청주우체국,청주대학교우편취급국,28503,"충청북도 청주시 청원구 대성로 298 (내덕동,청주대학교)",043-213-3988
충청청,청주우체국,청주보성우편취급국,28483,충청북도 청주시 청원구 교서로242번길 14 (내덕동),043-255-4101
충청청,청주우체국,청주석교우편취급국,28715,충청북도 청주시 상당구 영운로 166 (서운동),043-255-0300
충청청,청주우체국,청주성안동우체국,28529,충청북도 청주시 상당구 성안로 34 (북문로1가),043-211-3006
충청청,청주우체국,청주시청우편취급국,28501,"충청북도 청주시 청원구 상당로 314 (내덕동, 청주첨단문화산업단지)",043-255-4100
충청청,청주우체국,청주영운동우체국,28713,충청북도 청주시 상당구 영운로 36-2 (영운동),043-252-0100
충청청,청주우체국,청주용담동우체국,28744,충청북도 청주시 상당구 산성로116번길 14 (용담동),043-288-7011
충청청,청주우체국,청주용암1동우체국,28762,충청북도 청주시 상당구 용암북로160번길 15 (용암동),043-283-0077
충청청,청주우체국,청주용암동우체국,28782,충청북도 청주시 상당구 무농정로 51 (용암동),043-293-8008
충청청,청주우체국,청주우체국,28322,충청북도 청주시 청원구 1순환로 70 (율량동),043-711-0707
충청청,청주우체국,청주이화우편취급국,28721,충청북도 청주시 상당구 산성로49번길 21 (탑동),043-252-0110
충청청,청주우편집중국,청주우편집중국,28684,"충청북도 청주시 서원구 수곡로 106 (수곡동,청주우편집중국)",043-290-3051
충청청,충주우체국,건국대학교글로컬캠퍼스우편취급국,27478,"충청북도 충주시 충원대로 268 (단월동,건국대학교글로컬캠퍼스)",043-840-3848
충청청,충주우체국,금가우체국,27442,충청북도 충주시 금가면 강수로 321,043-853-6008
충청청,충주우체국,노은우체국,27452,충청북도 충주시 노은면 감노로 1403,043-853-0008
충청청,충주우체국,동량우체국,27320,충청북도 충주시 동량면 조동1길 53,043-851-0005
충청청,충주우체국,산척우체국,27315,충청북도 충주시 산척면 천등박달로 120,043-853-6427
충청청,충주우체국,살미우체국,27493,충청북도 충주시 살미면 세성로 68,043-851-0622
충청청,충주우체국,소태우체국,27307,충청북도 충주시 소태면 주치길 30,043-854-0040
충청청,충주우체국,수안보우체국,27497,충청북도 충주시 수안보면 온천중앙길 8,043-846-2922
충청청,충주우체국,신니우체국,27457,충청북도 충주시 신니면 신덕로 788,043-852-0002
충청청,충주우체국,앙성우체국,27303,충청북도 충주시 앙성면 가곡로 1014,043-855-0011
충청청,충주우체국,엄정우체국,27313,충청북도 충주시 엄정면 내창로 171,043-852-1104
충청청,충주우체국,제383군사우편출장소,27443,충청북도 충주시 금가면 사서함 383,043-853-9082
충청청,충주우체국,주덕우체국,27462,충청북도 충주시 주덕읍 신양로 93 (주덕우체국),043-846-0001
충청청,충주우체국,충주금릉동우체국,27339,충청북도 충주시 금제13길 8 (금릉동),043-854-6833
충청청,충주우체국,충주대소원우체국,27472,충청북도 충주시 대소원면 쇠실로 1032,043-845-2003
충청청,충주우체국,충주목행동우체국,27436,충청북도 충주시 행정9길 25 (목행동),043-853-2901
충청청,충주우체국,충주성내동우체국,27388,충청북도 충주시 관아1길 20 (성내동),043-847-3553
충청청,충주우체국,충주우체국,27406,충청북도 충주시 국원대로 20 (문화동),043-840-0000
충청청,충주우체국,충주중앙탑우편취급국,27465,충청북도 충주시 중앙탑면 원앙9길 10 (용전리),043-857-8920
충청청,충주우체국,충주칠금동우체국,27362,충청북도 충주시 신립로 23 (칠금동),043-846-8100
충청청,충주우체국,한국교통대학교우편취급국,27469,충청북도 충주시 대소원면 대학로 50 (한국교통대학교),043-841-5099
충청청,제천우체국,백운우체국,27105,충청북도 제천시 백운면 평동로2길 9,043-652-6000
충청청,제천우체국,봉양우체국,27114,충청북도 제천시 봉양읍 주포로7길 2,043-648-0012
충청청,제천우체국,세명대학교우편취급국,27136,"충청북도 제천시 세명로 65 (신월동,세명대학교)",043-649-1680
충청청,제천우체국,송학우체국,27123,충청북도 제천시 송학면 시곡포전로1길 14-1,043-642-1002
충청청,제천우체국,수산우체국,27220,충청북도 제천시 수산면 월악로26길 18-1,043-648-0011
충청청,제천우체국,제천금성우체국,27207,충청북도 제천시 금성면 청풍호로 1037,043-652-2000
충청청,제천우체국,제천덕산우체국,27223,충청북도 제천시 덕산면 약초로 62,043-642-2332
충청청,제천우체국,제천서부우편취급국,27170,충청북도 제천시 의병대로 31 (서부동),043-644-3236
충청청,제천우체국,제천신백동우편취급국,27179,충청북도 제천시 의병대로 246 (신백동),043-644-5004
충청청,제천우체국,제천영천동우체국,27185,충청북도 제천시 내제로 22 (영천동),043-648-6011
충청청,제천우체국,제천용두동우체국,27161,충청북도 제천시 용두대로23길 4 (하소동),043-647-0002
충청청,제천우체국,제천우체국,27164,충청북도 제천시 청전대로 72 (청전동),043-647-0014
충청청,제천우체국,제천중앙동우체국,27173,충청북도 제천시 의림대로 122 (중앙로2가),043-642-6047
충청청,제천우체국,제천청전동우체국,27147,충청북도 제천시 청전대로 181 (청전동),043-646-3100
충청청,제천우체국,청풍우체국,27214,충청북도 제천시 청풍면 청풍호로 2113,043-647-0100
충청청,제천우체국,한수면우편취급국,27226,충청북도 제천시 한수면 미륵송계로8길 26,043-651-1301
충청청,금산우체국,금산군북우체국,32718,충남 금산군 군북면 군북로 717,041-753-2000
충청청,금산우체국,금산금성우체국,32707,충남 금산군 금성면 진산로 361,041-752-3500
충청청,금산우체국,금산남이우체국,32751,충청남도 금산군 남이면 진악로 23 (금산남이우체국),041-753-1002
충청청,금산우체국,금산남일우체국,32760,충남 금산군 남일면 금산로 518,041-752-9001
충청청,금산우체국,금산복수우편취급국,32703,충청남도 금산군 복수면 복수로 91 (곡남리),041-752-8001
충청청,금산우체국,금산우체국,32737,충남 금산군 금산읍 인삼로 59,041-750-3611
충청청,금산우체국,금산중부대우편취급국,32713,"충청남도 금산군 추부면 대학로 201, 중부대학교 복지관 1층",041-752-5216
충청청,금산우체국,부리우체국,32757,충남  금산군 부리면 현내로 95,041-753-0001
충청청,금산우체국,제원우체국,32723,충남 금산군 제원면 금강로 111,041-752-7001
충청청,금산우체국,진산우체국,32704,충남  금산군 진산면 읍내로 61,041-752-4000
충청청,금산우체국,추부우체국,32714,충남  금산군 추부면 마전로 52,041-752-5001
충청청,논산우체국,가야곡우체국,33020,충청남도 논산시 가야곡면 육곡길 16,041-741-1005
충청청,논산우체국,강경대흥동우편취급국,32939,충청남도 논산시 강경읍 계백로 88 (대흥리 44-10),041-745-0876
충청청,논산우체국,강경우체국,32935,충청남도 논산시 강경읍 계백로167번길 53-1 (서창리 63-1),041-745-2005
충청청,논산우체국,건양대학교우편취급국,32992,충청남도 논산시 대학로 121 (내동 26),041-730-5285
충청청,논산우체국,계룡금암동우체국,32826,충남 계룡시 장안로 55  (금암동 163-4),042-841-8100
충청청,논산우체국,계룡남선우체국,32801,충청남도 계룡시 신도안면 신도안2길 63 (계룡남선우체국),042-551-2005
충청청,논산우체국,계룡엄사우체국,32810,충청남도 계룡시 엄사면 번영로 45 (엄사리 278-4),042-841-5100
충청청,논산우체국,광석우체국,32922,충청남도 논산시 광석면 광석로 106-1 (신당리 17-25),041-732-8100
충청청,논산우체국,논산내동우편취급국,32988,충청남도 논산시 시민로 221 (내동 363-10),041-735-1221
충청청,논산우체국,논산노성우편취급국,32903,충청남도 논산시 노성면 노성로 553 (읍내리),041-735-5102
충청청,논산우체국,논산연무우체국,33007,충청남도 논산시 연무읍 안심로 52 (마산리 700-8),041-742-1250
충청청,논산우체국,논산오거리우편취급국,32954,충청남도 논산시 시민로 420 (취암동 582-9),041-0732-2999
충청청,논산우체국,논산우체국,32966,충청남도 논산시 중앙로480번길 33 (화지동),041-731-9000
충청청,논산우체국,논산취암동우체국,32976,충청남도 논산시 부창로100번길 9-27 (취암동),041-736-2005
충청청,논산우체국,논산황화우체국,33014,충청남도 논산시 연무읍 황화로 143 (고내리 944-10),041-742-0834
충청청,논산우체국,벌곡우체국,33026,충청남도 논산시 벌곡면 대둔로 821-6 (한삼천리 263-1),0041-0733-9100
충청청,논산우체국,부적우체국,32914,충청남도 논산시 부적면 마구평길 4 (마구평리 73),041-732-7100
충청청,논산우체국,상월우체국,32904,충청남도 논산시 상월면 백일헌로 1047 (신충리 55-5),041-732-4100
충청청,논산우체국,성동우체국,32927,충청남도 논산시 성동면 성동로 281 (성동우체국),041-732-6100
충청청,논산우체국,양촌우체국,33023,충청남도 논산시 양촌면 매죽헌로1665번길 17 (인천리 401),041-741-2005
충청청,논산우체국,연산우체국,32911,충청남도 논산시 연산면 연산3길 4 (연산리 231-9),041-735-0100
충청청,논산우체국,은진우체국,33001,충청남도 논산시 은진면 매죽헌로 23-1 (연서리 250-3),041-741-0005
충청청,논산우체국,제501군사우체국,32800,충청남도 계룡시 신도안면 계룡대로 663,042-551-2105
충청청,논산우체국,제76군사우편출장소,33012,충남 논산시 연무읍(제76군우)죽평리 288,041-742-3100
충청청,논산우체국,채운우체국,32945,충청남도 논산시 채운면 채운로 103 (용화리 300-11),041-732-2005
충청청,부여우체국,구룡우체국,33192,충청남도 부여군 구룡면 흥수로 105,041-832-2100
충청청,부여우체국,규암우체국,33124,충청남도 부여군 규암면 규암로 5,041-836-0205
충청청,부여우체국,내산우체국,33195,충청남도 부여군 내산면 성충로 1008,041-833-4100
충청청,부여우체국,부여남면우체국,33209,충청남도 부여군 남면 남성로 430,041-832-3100
충청청,부여우체국,부여동남우편취급국,33166,충청남도 부여군 부여읍 궁남로 7,041-832-4838
충청청,부여우체국,부여석성우체국,33176,충청남도 부여군 석성면 증산로39번길 7,041-836-8800
충청청,부여우체국,부여양화우체국,33214,충청남도 부여군 양화면 입포로53번길 3,041-833-3100
충청청,부여우체국,부여옥산우체국,33205,충청남도 부여군 옥산면 대백제로 336,041-832-0100
충청청,부여우체국,부여우체국,33151,충청남도 부여군 부여읍 사비로 82,041-830-1500
충청청,부여우체국,부여장암우체국,33183,충청남도 부여군 장암면 장암로 18,041-834-3100
충청청,부여우체국,세도우체국,33227,충청남도 부여군 세도면 세도중앙로 34,041-833-0100
충청청,부여우체국,외산우체국,33103,충청남도 부여군 외산면 외산로 96,041-836-5100
충청청,부여우체국,은산우체국,33113,충청남도 부여군 은산면 충절로 2794,041-832-6100
충청청,부여우체국,임천우체국,33219,충청남도 부여군 임천면 성흥로 119,041-833-2100
충청청,부여우체국,초촌우체국,33175,충청남도 부여군 초촌면 초촌로 20,041-832-4100
충청청,부여우체국,충화우체국,33212,충청남도 부여군 충화면 팔충로 772,041-833-1100
충청청,부여우체국,홍산우체국,33199,충청남도 부여군 홍산면 동헌로 23,041-836-1100
충청청,서천우체국,기산우체국,33628,충청남도 서천군 기산면 기산길 62,041-951-1001
충청청,서천우체국,마서우체국,33654,충청남도 서천군 마서면 장서로 695-4,041-953-2008
충청청,서천우체국,비인우체국,33608,충청남도 서천군 비인면 비인로 201,041-952-5001
충청청,서천우체국,서천명신우체국,33622,충청남도 서천군 마산면 삼일로 276-1,041-953-2001
충청청,서천우체국,서천문산우체국,33617,충청남도 서천군 문산면 신농길 23,041-952-4001
충청청,서천우체국,서천서면우체국,33602,충청남도 서천군 서면 신월길 17,041-951-8101
충청청,서천우체국,서천서부우편취급국,33643,충청남도 서천군 서천읍 사곡길 4,041-951-4600
충청청,서천우체국,서천우체국,33646,충청남도 서천군 서천읍 서천로 59,041-950-8010
충청청,서천우체국,서천화양우체국,33630,충청남도 서천군 화양면 옥포길8번길 10,041-951-1501
충청청,서천우체국,시초우체국,33620,충청남도 서천군 시초면 서문로 784,041-952-4000
충청청,서천우체국,장항우체국,33669,충청남도 서천군 장항읍 신창동로 28,041-956-3677
충청청,서천우체국,장항창선우편취급국,33674,충청남도 서천군 장항읍 장서로 38,041-956-4590
충청청,서천우체국,판교우체국,33615,충청남도 서천군 판교면 종판로 901,041-951-5501
충청청,서천우체국,한산우체국,33624,충청남도 서천군 한산면 한마로 72,041-951-0001
충청청,아산우체국,둔포우체국,31403,충청남도 아산시 둔포면 둔포면로 16,041-531-2001
충청청,아산우체국,선장우체국,31546,충청남도 아산시 선장면 선장로110번길 15,041-542-0202
충청청,아산우체국,송악우체국,31557,충청남도 아산시 송악면 송악로 807,041-543-3901
충청청,아산우체국,순천향대학교우편취급국,31538,충청남도 아산시 신창면 순천향로 22 (순천향대학교),041-542-4401
충청청,아산우체국,아산권곡동우체국,31521,충청남도 아산시 삼동로 52 (모종동),041-546-2021
충청청,아산우체국,아산도고우편취급국,31550,충청남도 아산시 도고면 아산만로 199-2 (신언리),041-544-1238
충청청,아산우체국,아산배방우체국,31482,충청남도 아산시 배방읍 모산로 171,041-548-0502
충청청,아산우체국,아산신창우체국,31534,충청남도 아산시 신창면 서부북로 623,041-542-0402
충청청,아산우체국,아산온양1동우편취급국,31506,충청남도 아산시 온천대로 1431 (온천동),041-546-2323
충청청,아산우체국,아산온천동우체국,31513,충청남도 아산시 온궁로 17 (온천동),041-546-2001
충청청,아산우체국,아산용화동우체국,31569,충청남도 아산시 시민로 282 (용화동),041-532-2255
충청청,아산우체국,아산우체국,31508,충청남도 아산시 시민로 455 (온천동),041-538-2114
충청청,아산우체국,아산우체국 도고출장소,31550,충청남도 아산시 도고면 아산만로 199-2,041-542-0102
충청청,아산우체국,아산장재우체국,31467,충청남도 아산시 배방읍 공원로 51,041-548-5980
충청청,아산우체국,염치우체국,31445,충청남도 아산시 염치읍 염성길 109-7,041-543-9602
충청청,아산우체국,영인우체국,31432,충청남도 아산시 영인면 영인로 80,041-543-2904
충청청,아산우체국,음봉우체국,31443,충청남도 아산시 음봉면 음봉면로 25,041-543-2801
충청청,아산우체국,인주우체국,31436,충청남도 아산시 인주면 현대로 1291,041-533-1501
충청청,아산우체국,탕정우체국,31452,충청남도 아산시 탕정면 탕정로21번길 23,041-543-9702
충청청,아산우체국,호서대학교우편취급국,31499,충청남도 아산시 배방읍 호서로79번길 20,041-540-5509
충청청,세종우체국,고려대학교세종캠퍼스우편취급국,30019,세종특별자치시 조치원읍 세종로 2511,044-863-1288
충청청,세종우체국,세종금남우체국,30083,세종특별자치시 금남면 용포로 115,044-866-7001
충청청,세종우체국,세종다정동우편취급국,30123,"세종특별자치시  다정중앙로 52 (다정동, 페스티발2) 120호",044-862-0116
충청청,세종우체국,세종부강우체국,30075,세종특별자치시 부강면 부촌길 42,044-275-4001
충청청,세종우체국,세종소정우체국,30001,세종특별자치시 소정면 소정구길 110,044-566-6400
충청청,세종우체국,세종아름동우체국,30100,세종특별자치시 보듬3로 111(아름동),044-868-9707
충청청,세종우체국,세종연동우체국,30068,세종특별자치시 연동면 청연로 602,044-864-7005
충청청,세종우체국,세종연서우체국,30047,세종특별자치시 연서면 당산로 342,044-867-4004
충청청,세종우체국,세종우체국,30151,세종특별자치시 시청대로 180 (보람동),044-410-1004
충청청,세종우체국,세종전동우체국,30011,세종특별자치시 전동면 전동로 3,044-863-1001
충청청,세종우체국,세종전의우체국,30004,세종특별자치시 전의면 운주산로 1208-1,044-863-2005
충청청,세종우체국,세종한솔동우체국,30130,세종특별자치시 노을3로 93,044-863-7005
충청청,세종우체국,장군우체국,30053,세종특별자치시 장군면 장척로 408-4,044-857-1001
충청청,세종우체국,정부세종청사2우체국,30118,"세종특별자치시 한누리대로 402 (어진동,산업통상자원부)",044-283-2273
충청청,세종우체국,정부세종청사우체국,30103,"세종특별자치시  도움6로 11 (어진동, 국토교통부)",044-862-9545
충청청,세종우체국,제119군사우편출장소,30086,세종특별자치시  금남면 채나무길 71 (국곡리),044-857-4091
충청청,세종우체국,조치원우체국,30024,세종특별자치시  조치원읍 새내12길 3 (교리),044-414-9941
충청청,예산우체국,고덕우체국,32403,충청남도 예산군 고덕면 고덕중앙로 52,041-337-8001
충청청,예산우체국,광시우체국,32457,충청남도 예산군 광시면 예당로 177,041-332-1001
충청청,예산우체국,대술우체국,32444,충청남도 예산군 대술면 대술로 123,041-333-5000
충청청,예산우체국,대흥우체국,32450,충청남도 예산군 대흥면 의좋은형제길 25-4,041-332-0001
충청청,예산우체국,삽교우체국,32414,충청남도 예산군 삽교읍 삽교로1길 16,041-338-2005
충청청,예산우체국,신례원우체국,32421,충청남도 예산군 예산읍 신례원로 183,041-334-2005
충청청,예산우체국,신암우체국,32418,충청남도 예산군 신암면 추사로 110,041-332-9000
충청청,예산우체국,신양우체국,32453,충청남도 예산군 신양면 청신로 412,041-333-7001
충청청,예산우체국,예산덕산우체국,32406,충청남도 예산군 덕산면 봉운로 33,041-337-4001
충청청,예산우체국,예산봉산우체국,32404,충청남도 예산군 봉산면 구암길 2,0041-337-1001
충청청,예산우체국,예산역전우체국,32430,충청남도 예산군 예산읍 주교로 74-1,041-335-2400
충청청,예산우체국,예산우체국,32436,충청남도 예산군 예산읍 예산로 194,041-330-2300
충청청,예산우체국,오가우체국,32425,충청남도 예산군 오가면 오가중앙로 39,041-335-7114
충청청,예산우체국,응봉우체국,32446,충청남도 예산군 응봉면 응봉로 148,041-333-0001
충청청,당진우체국,고대우체국,31793,충청남도 당진시 고대면 고대로 20,041-353-8001
충청청,당진우체국,기지시우체국,31733,충청남도 당진시 송악읍 기지시1길 49,041-355-6001
충청청,당진우체국,당진거산리우편취급국,31748,충청남도 당진시 신평면 거산3거리길 18,041-363-1555
충청청,당진우체국,당진우체국,31776,충청남도 당진시 당진중앙2로 158 (읍내동),041-360-2505
충청청,당진우체국,당진정미우체국,31800,충청남도 당진시 정미면 정미로 706-1,041-353-2001
충청청,당진우체국,당진중흥우편취급국,31728,충청남도 당진시 송악읍 송악로 662(중흥리 375-18) (중흥리),041-352-8005
충청청,당진우체국,당진채운우편취급국,31784,충청남도 당진시 서부로 210 (채운동),041-355-3004
충청청,당진우체국,대호지우체국,31798,충청남도 당진시 대호지면 4.4만세로 37,041-353-1001
충청청,당진우체국,면천우체국,31804,충청남도 당진시 면천면 한천로 871,041-356-4001
충청청,당진우체국,석문우체국,31703,충청남도 당진시 석문면 통정3길 7,041-353-9001
충청청,당진우체국,송산우체국,31714,충청남도 당진시 송산면 상거중앙길 63-1,041-353-7001
충청청,당진우체국,순성우체국,31757,충청남도 당진시 순성면 남부로 1154,041-353-5001
충청청,당진우체국,신평우체국,31741,충청남도 당진시 신평면 신평로 837,041-362-6001
충청청,당진우체국,합덕우체국,31812,충청남도 당진시 합덕읍 버그내1길 113,041-362-2002
충청청,청양우체국,운곡우체국,33315,충청남도 청양군 운곡면 청신로 874,041-942-8205
충청청,청양우체국,정산우체국,33351,충청남도 청양군 정산면 효자길 7,041-942-0205
충청청,청양우체국,청남우체국,33363,충청남도 청양군 청남면 명덕로 247,041-942-7205
충청청,청양우체국,청양남양우체국,33306,충청남도 청양군 남양면 만수로 1604,041-942-1205
충청청,청양우체국,청양대치우체국,33345,충청남도 청양군 대치면 칠갑산로 517,041-943-3605
충청청,청양우체국,청양목면우체국,33357,충청남도 청양군 목면 안심길 164-1,041-942-9205
충청청,청양우체국,청양비봉우체국,33316,충청남도 청양군 비봉면 충절로 1985,041-942-5205
충청청,청양우체국,청양우체국,33326,충청남도 청양군 청양읍 칠갑산로 249,041-940-3012
충청청,청양우체국,청양장평우체국,33368,충청남도 청양군 장평면 닭우리고개길 30-17,041-942-6205
충청청,청양우체국,청양화성우체국,33310,충청남도 청양군 화성면 무한로 94,041-942-4205
충청청,홍성우체국,갈산우체국,32202,충청남도 홍성군 갈산면 갈산로 98-1 (상촌리),041-633-2001
충청청,홍성우체국,결성우체국,32212,충청남도 홍성군 결성면 구성남로 1 (읍내리),041-642-8001
충청청,홍성우체국,광천우체국,32292,충청남도 홍성군 광천읍 홍남로 683 (광천리),041-641-2005
충청청,홍성우체국,구항우체국,32213,충청남도 홍성군 구항면 구항길 45 (오봉리),041-632-7001
충청청,홍성우체국,서부우체국,32204,충청남도 홍성군 서부면 이호1길 13 (이호리),041-632-8001
충청청,홍성우체국,은하우체국,32210,충청남도 홍성군 은하면 은하로 249 (대천리),041-642-4001
충청청,홍성우체국,장곡우체국,32298,충청남도 홍성군 장곡면 홍남동로474번길 1 (도산리),041-642-5001
충청청,홍성우체국,충남도청 우편취급국,32255,"충청남도 홍성군 홍북읍 충남대로 21 (신경리, 충청남도청)",041-631-2832
충청청,홍성우체국,홍동우체국,32283,충청남도 홍성군 홍동면 광금남로 719 (구정리),041-633-3001
충청청,홍성우체국,홍북우체국,32278,충청남도 홍성군 홍북읍 홍북로 447 (대동리),041-632-9001
충청청,홍성우체국,홍성금당우편취급국,32283,충청남도 홍성군 홍동면 충절로430번길 3-18 (금당리),041-634-3600
충청청,홍성우체국,홍성금마우체국,32280,충청남도 홍성군 금마면 금북로 16 (죽림리),041-633-7001
충청청,홍성우체국,홍성남장우편취급국,32244,충청남도 홍성군 홍성읍 충서로1159번길 7 (남장리),041-631-0007
충청청,홍성우체국,홍성역전우편취급국,32232,충청남도 홍성군 홍성읍 조양로 196 (고암리),041-633-8817
충청청,홍성우체국,홍성우체국,32247,충청남도 홍성군 홍성읍 내포로 111 (옥암리),041-632-2005
충청청,홍성우체국,홍성우체국 내포집배센터,32261,충청남도 홍성군 홍북읍 자경로 40 (신경리),041-632-6001
충청청,보령우체국,남포우체국,33495,충청남도 보령시 남포면 충서로 1839-8,041-933-0205
충청청,보령우체국,대천해수욕장우체국,33488,충청남도 보령시 머드로 69 (신흑동),041-932-0205
충청청,보령우체국,미산우체국,33512,충청남도 보령시 미산면 만수로 1102,041-933-4205
충청청,보령우체국,보령대천동우체국,33465,충청남도 보령시 중앙로 78 (대천동),041-931-2010
충청청,보령우체국,보령성주우체국,33485,충청남도 보령시 성주면 성주중앙길 39,041-933-5205
충청청,보령우체국,보령우체국,33458,충청남도 보령시 터미널길 29 (궁촌동),041-930-7777
충청청,보령우체국,보령웅천우체국,33520,충청남도 보령시 웅천읍 장터7길 5,041-933-2205
충청청,보령우체국,보령주교우편취급국,33452,충청남도 보령시 중앙로 210 (대천동),041-932-3701
충청청,보령우체국,보령천북출장소,33402,충청남도 보령시 천북면 홍보로 462 (하만리),041-641-9001
충청청,보령우체국,보령청라출장소,33424,"충청남도 보령시 청라면 원모루길 223 (나원리, 청라면사무소)",041-932-8205
충청청,보령우체국,보령한내우편취급국,33478,충청남도 보령시 작은오랏3길 7 (동대동),041-936-2121
충청청,보령우체국,오천우체국,33412,충청남도 보령시 오천면 충청수영로 825,041-932-4205
충청청,보령우체국,원산도우체국,33411,충청남도 보령시 오천면 원산도3길 398,041-936-6205
충청청,보령우체국,주산우체국,33517,충청남도 보령시 주산면 충서로 411-7,041-933-6205
충청청,보령우체국,주포우체국,33414,충청남도 보령시 주포면 보령읍성길 80-19,041-932-7205
충청청,보령우체국,청소우체국,33418,충청남도 보령시 청소면 청소큰길 185,041-932-9205
충청청,서산우체국,고북우체국,32027,충청남도 서산시 고북면 고북1로 258,041-663-1800
충청청,서산우체국,서산대산우체국,31909,충청남도 서산시 대산읍 구진천로 22-3,041-663-8800
충청청,서산우체국,서산동문동우체국,31982,충청남도 서산시 고운로 165 (동문동),041-669-3461
충청청,서산우체국,서산부석우체국,32019,충청남도 서산시 부석면 취평2길 30-1,041-662-3800
충청청,서산우체국,서산오남우편취급국,32009,충청남도 서산시 덕지천로 437 (오남동),041-665-8392
충청청,서산우체국,서산우체국,31993,충청남도 서산시 율지16로 48 (동문동),041-661-6660
충청청,서산우체국,서산읍내동우체국,31972,충청남도 서산시 부춘1로 54 (읍내동),041-681-8114
충청청,서산우체국,서산읍내우편취급국,31990,충청남도 서산시 동헌로 83 (읍내동),041-664-0062
충청청,서산우체국,서산지곡우체국,31919,충청남도 서산시 지곡면 화천1로 96,041-662-8800
충청청,서산우체국,서산팔봉우체국,31924,충청남도 서산시 팔봉면 팔봉1로 405-1,041-662-5800
충청청,서산우체국,성연우체국,31930,충청남도 서산시 성연면 성연로 210-10,041-662-7800
충청청,서산우체국,운산우체국,31945,충청남도 서산시 운산면 운암로 1005,041-663-3800
충청청,서산우체국,음암우체국,31936,충청남도 서산시 음암면 운암로 361-3,041-663-5800
충청청,서산우체국,인지우체국,32015,충청남도 서산시 인지면 무학로 1683,041-662-1800
충청청,서산우체국,제384군사우편출장소,32024,충청남도 서산시 고북면 신성로 330-1 (신정리),041-688-8890
충청청,서산우체국,해미우체국,31960,충청남도 서산시 해미면 남문2로 117,041-688-2005
충청청,태안우체국,고남우체국,32172,충청남도 태안군 고남면 빗독1길 37,041-673-6800
충청청,태안우체국,근흥우체국,32129,충청남도 태안군 근흥면 근흥로 706-4,041-673-1500
충청청,태안우체국,만리포우체국,32123,충청남도 태안군 소원면 천리포1길 10,041-672-9800
충청청,태안우체국,소원우체국,32120,충청남도 태안군 소원면 신덕길 11-1,041-672-5800
충청청,태안우체국,안면우체국,32164,충청남도 태안군 안면읍 장터로 157,041-673-3800
충청청,태안우체국,태안남면우체국,32153,충청남도 태안군 남면 남면로 104,041-672-2800
충청청,태안우체국,태안우체국,32143,충청남도 태안군 태안읍 독샘로 5,041-674-2005
충청청,태안우체국,태안원북우체국,32109,충청남도 태안군 원북면 원이로 844,041-672-4800
충청청,태안우체국,태안이원우체국,32103,충청남도 태안군 이원면 분지길 7,041-672-7800
충청청,진천우체국,광혜원우체국,27805,"충청북도 진천군 광혜원면 중리3길 17, (광혜원리 443)",043-535-3005
충청청,진천우체국,문백우체국,27869,"충청북도 진천군 문백면 봉죽길 14 ,(봉죽리 308-11)",043-532-7001
충청청,진천우체국,백곡우체국,27823,"충청북도 진천군 백곡면 장터길 7-7 ,(석현리 312-8)",043-532-5001
충청청,진천우체국,이월우체국,27814,"충청북도 진천군 이월면 송림4길 10-5 ,(송림리 430-3)",043-536-8005
충청청,진천우체국,진천덕산우체국,27853,충청북도 진천군 덕산읍 몽촌2길 3 (용몽리),043-536-4005
충청청,진천우체국,진천우체국,27832,"충청북도 진천군 진천읍 중앙서로 48 ,(읍내리 369-1)",043-532-2005
충청청,진천우체국,진천초평우체국,27858,"충청북도 진천군 초평면 초동로 7, (용정리 594-4)",043-532-6001
충청청,괴산우체국,감물우체국,28006,충청북도 괴산군 감물면 감물로 65,043-833-9100
충청청,괴산우체국,괴산사리우체국,28046,충청북도 괴산군 사리면 모래재로 340,043-836-7100
충청청,괴산우체국,괴산우체국,28035,충청북도 괴산군 괴산읍 읍내로6길 18,043-834-6810
충청청,괴산우체국,도안우체국,27903,충청북도 증평군 도안면 화성로 55,043-836-8100
충청청,괴산우체국,목도우체국,28002,충청북도 괴산군 불정면 목도로 44,043-833-7100
충청청,괴산우체국,문광우체국,28057,충청북도 괴산군 문광면 광덕길 25,043-834-2100
충청청,괴산우체국,소수우체국,28041,충청북도 괴산군 소수면 소수로 146-1,043-832-8100
충청청,괴산우체국,연풍우체국,28013,충청북도 괴산군 연풍면 중앙로 18-1,043-833-5100
충청청,괴산우체국,장연우체국,28009,충청북도 괴산군 장연면 미선로 754,043-832-7100
충청청,괴산우체국,제310군사우편출장소,28024,충북 괴산군 괴산읍 문무로 177,043-832-1380
충청청,괴산우체국,제82군사우편출장소,27913,충북 증평군 증평읍 초평로 1717,043-836-2082
충청청,괴산우체국,증평우체국,27930,충청북도 증평군 증평읍 중앙로 208,043-836-2001
충청청,괴산우체국,청안우체국,28050,충청북도 괴산군 청안면 청안읍내로 36,043-836-9100
충청청,괴산우체국,청천우체국,28063,충청북도 괴산군 청천면 괴산로 1351,043-832-4100
충청청,괴산우체국,칠성우체국,28019,충청북도 괴산군 칠성면 도정로 57,043-832-5100
충청청,음성우체국,금왕우체국,27628,충청북도 음성군 금왕읍 금석로107번길 2-2 (무극리 162-3),043-877-0800
충청청,음성우체국,대소우체국,27668,충청북도 음성군 대소면 오태로 80-6 (오산리 117-4),043-881-7001
충청청,음성우체국,맹동우체국,27733,충청북도 음성군 맹동면 덕금로 413-1 (쌍정리 121-14),043-878-9001
충청청,음성우체국,보천출장소,27726,충청북도 음성군 원남면 보천로 75 (보룡리 339),043-872-7001
충청청,음성우체국,삼성우체국,27649,충청북도 음성군 삼성면 덕호로 3-1 (덕정리 550-2),043-878-5001
충청청,음성우체국,생극우체국,27619,충청북도 음성군 생극면 음성로 1659 (신양리 448-3),043-878-4001
충청청,음성우체국,소이우체국,27712,충청북도 음성군 소이면 소이로 354 (소이우체국),043-872-5001
충청청,음성우체국,음성감곡우체국,27604,충청북도 음성군 감곡면 장감로126번길 2 (왕장리 450-2),043-882-0001
충청청,음성우체국,음성꽃동네우체국,27732,충청북도 음성군 맹동면 꽃동네길 23 (인곡리 산1-73),043-878-9801
충청청,음성우체국,음성동성우체국,27738,충청북도 음성군 맹동면 장성2길 17 (동성리),043-750-7789
충청청,음성우체국,음성보천우편취급국,27726,충청북도 음성군 원남면 보천로 75 (보룡리),043-872-5203
충청청,음성우체국,음성우체국,27703,충청북도 음성군 음성읍 중앙로 94 (음성우체국),043-870-1100
충청청,영동우체국,매곡우체국,29121,충청북도 영동군 매곡면 노천5길 4,043-743-2100
충청청,영동우체국,심천우체국,29103,충청북도 영동군 심천면 심천로 82-1,043-742-6100
충청청,영동우체국,양강우체국,29155,충청북도 영동군 양강면 학산영동로 837,043-742-0100
충청청,영동우체국,영동계산우체국,29144,충청북도 영동군 영동읍 계산로 44,043-744-5901
충청청,영동우체국,영동부용우편취급국,29150,충청북도 영동군 영동읍 매천1길 4 (매천리),043-742-3861
충청청,영동우체국,영동상촌우체국,29123,충청북도 영동군 상촌면 민주지산로 3025,043-743-4100
충청청,영동우체국,영동양산우체국,29161,충청북도 영동군 양산면 송호로 7,043-743-9100
충청청,영동우체국,영동영산우편취급국,29147,충청북도 영동군 영동읍 영산로 52-1,043-744-0209
충청청,영동우체국,영동용산우체국,29110,충청북도 영동군 용산면 용산로 318-1,043-742-9100
충청청,영동우체국,영동우체국,29149,충청북도 영동군 영동읍 난계로 1178,043-740-8910
충청청,영동우체국,용화우체국,29158,충청북도 영동군 용화면 용화양강로 11-9,043-743-7100
충청청,영동우체국,추풍령우체국,29120,충청북도 영동군 추풍령면 추풍령로 461,043-742-3100
충청청,영동우체국,학산우체국,29166,충청북도 영동군 학산면 서산로 22,043-743-6100
충청청,영동우체국,황간우체국,29114,충청북도 영동군 황간면 영동황간로 1665,043-742-4100
충청청,옥천우체국,동이우체국,29024,충청북도 옥천군 동이면 평산4길 6,043-732-3100
충청청,옥천우체국,안남우체국,29010,충청북도 옥천군 안남면 연주길 46,043-732-7100
충청청,옥천우체국,안내우체국,29006,충청북도 옥천군 안내면 현리길 85,043-732-6100
충청청,옥천우체국,옥천군북우체국,29000,충청북도 옥천군 군북면 이백길 3-7,043-732-5211
충청청,옥천우체국,옥천군서우체국,29059,충청북도 옥천군 군서면 성왕로 498,043-732-4100
충청청,옥천우체국,옥천우체국,29037,충청북도 옥천군 옥천읍 중앙로 3,043-730-4000
충청청,옥천우체국,옥천이원우체국,29061,충청북도 옥천군 이원면 묘목로 105,043-732-2100
충청청,옥천우체국,청산우체국,29013,충청북도 옥천군 청산면 지전길 50-9,043-732-8100
충청청,옥천우체국,청성우체국,29017,충청북도 옥천군 청성면 산계길 82,043-732-9100
충청청,보은우체국,내북우체국,28900,충청북도 보은군 내북면 남부로 6268,043-542-0601
충청청,보은우체국,마로우체국,28963,충청북도 보은군 마로면 관기송현로 128,043-542-2601
충청청,보은우체국,보은산외우체국,28903,충청북도 보은군 산외면 구티1길 15,043-542-4601
충청청,보은우체국,보은우체국,28951,충청북도 보은군 보은읍 삼산로5길 4,043-542-2005
충청청,보은우체국,보은원남우체국,28925,충청북도 보은군 삼승면 삼승탄부로 7,043-542-6601
충청청,보은우체국,보은장안우체국,28912,충청북도 보은군 장안면 장안로 10-7,043-542-5601
충청청,보은우체국,보은회인우체국,28929,충청북도 보은군 회인면 회인로1길 4,043-542-9601
충청청,보은우체국,속리산우체국,28908,충청북도 보은군 속리산면 법주사로 274,043-543-3801
충청청,보은우체국,수한우체국,28920,충청북도 보은군 수한면 후평바리미길 6,043-543-3501
충청청,보은우체국,탄부우체국,28960,충청북도 보은군 탄부면 하장3길 6-6,043-542-7601
충청청,보은우체국,회남우체국,28931,충청북도 보은군 회남면 사담길 25,043-542-8601
충청청,단양우체국,가곡우체국,27021,충청북도 단양군 가곡면 남한강로 528,0043-0422-8000
충청청,단양우체국,단양단성우체국,27025,충청북도 단양군 단성면 월악로 4664,0043-0422-0708
충청청,단양우체국,단양상진우편취급국,27013,충청북도 단양군 단양읍 삼봉로 109,043-423-4411
충청청,단양우체국,단양우체국,27010,충청북도 단양군 단양읍 중앙1로 36,043-422-2001
충청청,단양우체국,단양적성우체국,27014,충청북도 단양군 적성면 금수산로 961,0043-0423-7700
충청청,단양우체국,대강우체국,27027,충청북도 단양군 대강면 단양로 156-6,043-422-0221
충청청,단양우체국,매포우체국,27005,충청북도 단양군 매포읍 단양로 1917,0043-0422-4000
충청청,단양우체국,어상천우체국,27015,충청북도 단양군 어상천면 어상천로 941,0043-0423-6000
충청청,단양우체국,영춘우체국,27018,충청북도 단양군 영춘면 온달평강로 64,0043-0423-7676
충청청,대전둔산우체국,대전가수원동우체국,35385,대전광역시 서구 가수원로 109 (가수원동),042-541-2005
충청청,대전둔산우체국,대전갈마1동우편취급국,35277,대전광역시 서구 갈마로 62 (갈마동),042-526-9443
충청청,대전둔산우체국,대전갈마동우체국,35272,대전광역시 서구 갈마중로50번길 5 (갈마동),042-535-2007
충청청,대전둔산우체국,대전강변우편취급국,35396,"대전광역시 서구 정림동로7번길 22,134호(무지개상가) (정림동)",042-582-6610
충청청,대전둔산우체국,대전관저2동우체국,35371,대전광역시 서구 관저로 63 (관저동),042-545-2272
충청청,대전둔산우체국,대전관저동우체국,35364,대전광역시 서구 관저북로 26 (관저동),042-543-2005
충청청,대전둔산우체국,대전괴정동우체국,35287,대전광역시 서구 갈마로 196 (괴정동),042-522-2105
충청청,대전둔산우체국,대전기성동우편취급국,35426,대전광역시 서구 흑석3길 5 (흑석동),042-587-1002
충청청,대전둔산우체국,대전도마동우체국,35400,대전광역시 서구 계백로 1422 (도마동),042-582-2205
충청청,대전둔산우체국,대전도안동우편취급국,35368,"대전광역시 서구 도안동로 3, 114호 (도안동, 리더스프라자에이)",042-543-7464
충청청,대전둔산우체국,대전둔산2동우체국,35205,대전광역시 서구 청사로 279 (둔산동),042-488-4166
충청청,대전둔산우체국,대전둔산우체국,35239,대전광역시 서구 둔산로 111 (둔산동),042-611-1630
충청청,대전둔산우체국,대전만년동우체국,35201,대전광역시 서구 만년로 15 (만년동),042-482-9099
충청청,대전둔산우체국,대전법원우체국,35237,대전광역시 서구 둔산중로78번길 45 (둔산동),042-472-4370
충청청,대전둔산우체국,대전변동우체국,35322,대전광역시 서구 도산로 189 (변동),042-523-3385
충청청,대전둔산우체국,대전변정우편취급국,35317,대전광역시 서구 중반5길 115 1층 (변동),042-533-1600
충청청,대전둔산우체국,대전삼천가람우편취급국,35245,"대전광역시 서구 둔산로 201, 국화라이프아파트상가106호 (둔산동,라이프아파트)",042-482-5001
충청청,대전둔산우체국,대전용문동우체국,35307,대전광역시 서구 계룡로 669 (용문동),042-522-0205
충청청,대전둔산우체국,대전월평1동우체국,35226,대전광역시 서구 월평새뜸로4번길 110 (월평동),042-485-1955
충청청,대전둔산우체국,대전월평2동우체국,35211,대전광역시 서구 갈마역로 143-12 (월평동),042-483-6626
충청청,대전둔산우체국,대전월평하나로우편취급국,35210,"대전광역시 서구 청사로 5, 하나로아파트상가112호 (월평동,하나로아파트)",042-487-0954
충청청,대전둔산우체국,대전정림동우체국,35399,대전광역시 서구 정림로 4 (정림동),042-584-0291
충청청,대전둔산우체국,대전탄방동우편취급국,35251,"대전광역시 서구 문예로 16,106호(한가람아파트상가) (탄방동,한가람아파트)",0042-472-1164
충청청,대전둔산우체국,대전향촌우편취급국,35229,대전광역시 서구 둔산북로 36 (둔산동),042-472-8844
충청청,대전둔산우체국,목원대학교우편취급국,35349,대전광역시 서구 도안북로 88 (도안동),042-822-8740
충청청,대전둔산우체국,배재대학교우편취급국,35345,대전광역시 서구 배재로 155-40 (도마동),042-525-0335
충청청,대전둔산우체국,정부대전청사우체국,35208,대전광역시 서구 청사로 189 (둔산동),042-485-1433
충청청,서청주우체국,강내우체국,28172,충청북도 청주시 흥덕구 강내면 가로수로 554-1,043-233-2002
충청청,서청주우체국,서청주우체국,28426,충북 청주시 흥덕구 죽천로 109 (복대동),043-230-5720
충청청,서청주우체국,오송생명과학단지출장소,28159,충청북도 청주시 흥덕구 오송읍 오송생명1로194-41(커뮤니케이션 및 벤처연구센타),043-233-3401
충청청,서청주우체국,오송우체국,28168,충청북도 청주시 흥덕구 오송읍 가로수로 188-9,043-238-3190
충청청,서청주우체국,청주가경동우체국,28404,충북  청주시 흥덕구 풍년로 107-2 (가경동),043-236-0045
충청청,서청주우체국,청주강서동우체국,28376,"충청북도 청주시 흥덕구 가로수로1154번길 5-16 (강서동,청주강서동우체국)",043-231-2001
충청청,서청주우체국,청주개신동우체국,28608,충청북도 청주시 서원구 경신로 43 (개신동),043-235-2870
충청청,서청주우체국,청주공단우편취급국,28594,충청북도 청주시 흥덕구 내수동로 28,043-262-0005
충청청,서청주우체국,청주남이우체국,28182,충청북도 청주시 서원구 남이면 청남로 1201 (외천리),043-260-6001
충청청,서청주우체국,청주복대1동우체국,28416,충청북도 청주시 흥덕구 진재로47번길 12-2 (복대동),043-234-5596
충청청,서청주우체국,청주복지우편취급국,28658,충북 청주시 서원구 호국로3번길 3-16 (모충동),043-264-0003
충청청,서청주우체국,청주봉명동우체국,28570,충북  청주시 흥덕구 직지대로 604 (봉명동),043-268-6100
충청청,서청주우체국,청주분평동우체국,28794,충북  청주시 서원구 월평로 80 (분평동),043-295-0034
충청청,서청주우체국,청주사직동우체국,28556,충북  청주시 서원구 호국로 107 (사직동),043-262-0100
충청청,서청주우체국,청주사창동우체국,28567,충북  청주시 서원구 사직대로 143 (사창동),043-263-0100
충청청,서청주우체국,청주수곡1동우체국,28682,충북  청주시 서원구 구룡산로 309 (수곡동),043-284-0100
충청청,서청주우체국,청주수곡동우체국,28709,충북  청주시 서원구 청남로 2026 (수곡동),043-284-2003
충청청,서청주우체국,청주옥산우체국,28113,충청북도 청주시 흥덕구 옥산면 옥산시내1길 28,043-260-0001
충청청,서청주우체국,청주운천동우체국,28472,충북  청주시 흥덕구 사운로 231 (운천동),043-267-0100
충청청,서청주우체국,청주운천아파트우편취급국,28474,충청북도 청주시 흥덕구 1순환로 453 (신봉동),043-262-4650
충청청,서청주우체국,청주지방법원우체국,28624,"충청북도 청주시 서원구 산남로62번길 51 (산남동,청주지방법원)",043-283-0100
충청청,서청주우체국,청주하이닉스우편취급국,28429,충청북도 청주시 흥덕구 대신로 215 (향정동),043-280-2334
충청청,서청주우체국,충북대학교우편취급국,28644,"충청북도 청주시 서원구 충대로 1 (개신동,충북대학교)",043-261-3123
충청청,서청주우체국,한국교원대학교우편취급국,28173,충청북도 청주시 흥덕구 강내면 태성탑연로 250 (한국교원대학교),043-230-3901
충청청,서청주우체국,현도우체국,28215,"충청북도 청주시 서원구 현도면 선동1길 4 (선동리, 농협)",043-260-8001
충청청,동천안우체국,광덕우체국,31221,충청남도 천안시 동남구 광덕면 신흥리4길 50,041-567-0400
충청청,동천안우체국,동천안우체국,31198,충청남도 천안시 동남구 청수5로 10 (청당동),041-629-6310
충청청,동천안우체국,목천우체국,31231,충청남도 천안시 동남구 목천읍 서리1길 49,041-557-2400
충청청,동천안우체국,백석대학교우편취급국,31065,충청남도 천안시 동남구 문암로 76 (안서동),041-550-0730
충청청,동천안우체국,병천우체국,31254,충청남도 천안시 동남구 병천면 충절로 1732,041-564-1400
충청청,동천안우체국,수신우체국,31251,충청남도 천안시 동남구 수신면 수신로 445,041-522-3900
충청청,동천안우체국,천안단국대학교우편취급국,31116,충청남도 천안시 동남구 단대로 119 (안서동),0041-550-1123
충청청,동천안우체국,천안대흥동우체국,31128,충청남도 천안시 동남구 대흥로 258 (대흥동),041-555-6120
충청청,동천안우체국,천안대흥동우편취급국,31128,충청남도 천안시 동남구 대흥로 258 (대흥동),041-621-3353
충청청,동천안우체국,천안동면우체국,31258,충청남도 천안시 동남구 동면 동산1길 25,041-523-4400
충청청,동천안우체국,천안봉명동우체국,31152,충청남도 천안시 동남구 봉정로 26 (봉명동),041-573-2005
충청청,동천안우체국,천안북면우체국,31238,충청남도 천안시 동남구 북면 위례성로 661-5,041-553-3400
충청청,동천안우체국,천안상명대학교우편취급국,31066,"충청남도 천안시 동남구 상명대길 31 (안서동,상명대학교천안캠퍼스)",041-623-0197
충청청,동천안우체국,천안서부우편취급국,31176,충청남도 천안시 동남구 서부대로 281 (신방동),041-577-9665
충청청,동천안우체국,천안성남우체국,31245,충청남도 천안시 동남구 성남면 신사대화로 169,041-553-0400
충청청,동천안우체국,천안신계우편취급국,31233,충청남도 천안시 동남구 목천읍 충절로 813,041-558-9009
충청청,동천안우체국,천안신방동우체국,31207,충청남도 천안시 동남구 신방동 1908,041-415-2223
충청청,동천안우체국,천안신부동우체국,31120,충청남도 천안시 동남구 터미널8길 3 (신부동),041-552-3400
충청청,동천안우체국,천안오룡동우체국,31129,충청남도 천안시 동남구 영성로 69 (오룡동),041-551-2742
충청청,동천안우체국,천안원성동우편취급국,31187,"충청남도 천안시 동남구 고재10길 3, 101호 (원성동)",041-554-0770
충청청,동천안우체국,풍세우체국,31217,충청남도 천안시 동남구 풍세면 풍년길 50,041-566-7400
충청청,동천안우체국,한국기술교육대학교우편취급국,31253,충청남도 천안시 동남구 병천면 충절로 1600,041-560-1758
충청청,중부권광역우편물류센터,중부권광역우편물류센터,34708,대전광역시 동구 안골로 11 (구도동),042-714-7220
충청청,운송용기관리국,운송용기관리국,32840,충남 계룡시 두마면 사계로 184,042-602-1827
전남청,전남지방우정청,전남지방우정청,61945,광주광역시 서구 계수로 41 (유촌동),062-600-4651
전남청,북광주우체국,85군사출장소,61048,광주광역시 북구  사서함 85,062-264-1049
전남청,북광주우체국,광주각화동우편취급국,61165,광주광역시  북구 면앙로165번길 100-2 ( 각화동),062-265-4208
전남청,북광주우체국,광주동림동우체국,61096,광주광역시  북구 북문대로 238 (동림동),0062-513-6431
전남청,북광주우체국,광주동운동우편취급국,61117,광주광역시 북구 북문대로 2 (운암동),062-525-8865
전남청,북광주우체국,광주두암1동우체국,61197,광주광역시 북구 군왕로 95-1 (두암동),062-266-8956
전남청,북광주우체국,광주두암동우체국,61168,광주광역시 북구 동문대로 160 (두암2동),062-265-1596
전남청,북광주우체국,광주매곡동우체국,61064,광주광역시 북구 서하로 88 (매곡동),062-574-5017
전남청,북광주우체국,광주문흥동우체국,61129,광주광역시 북구 대천로 140-1 (문흥1동),062-268-1755
전남청,북광주우체국,광주밤실우편취급국,61203,광주광역시 북구 필문대로 77 (풍향동),062-263-5171
전남청,북광주우체국,광주본촌공단우편취급국,61091,광주광역시 북구 하서로241번길 3 (양산동),062-571-8209
전남청,북광주우체국,광주본촌동우체국,61027,광주광역시 북구 본촌마을길 95 (본촌동),062-571-1293
전남청,북광주우체국,광주북구청우체국,61187,광주광역시 북구 우치로 77 (용봉동),062-521-1475
전남청,북광주우체국,광주석곡동우편취급국,61140,광주광역시 북구 석곡로 605 (망월동),062-266-3399
전남청,북광주우체국,광주양산동우체국,61077,광주광역시 북구 하서로 349 (양산동),062-571-9181
전남청,북광주우체국,광주오치동우체국,61122,광주광역시 북구 서하로 241 (오치1동),062-264-2704
전남청,북광주우체국,광주용두동우편취급국,61019,광주광역시 북구 하서로423번길 24 (용두동),062-571-2151
전남청,북광주우체국,광주용봉금호우편취급국,61109,광주광역시 북구 비엔날레로 94 (용봉동),062-527-8001
전남청,북광주우체국,광주우산동우체국,61209,광주광역시 북구 동문대로65번길 14,062-262-9855
전남청,북광주우체국,광주운암동우체국,61258,광주광역시 북구 서강로54번길 30 (운암동),062-525-7128
전남청,북광주우체국,광주태봉우편취급국,61220,광주광역시 북구 서암대로 159 (신안동),062-525-7400
전남청,북광주우체국,북광주우체국,61057,광주광역시 북구 양일로 314 (삼각동),062-510-9114
전남청,북광주우체국,전남대학교우편취급국,61186,"광주광역시 북구 용봉로 77 (용봉동,전남대학교)",062-530-0710
전남청,광주우체국,광주광복우편취급국,61717,광주광역시 남구 회서로11번길 16-1 (주월동),062-672-2560
전남청,광주우체국,광주군분로우편취급국,61601,광주광역시 남구 군분로109번길 12 (월산동),062-366-6997
전남청,광주우체국,광주대성우편취급국,61645,광주광역시 남구 중앙로 66 (서동),062-673-7989
전남청,광주우체국,광주대촌동우체국,61751,광주광역시 남구 포충로 594 (지석동),062-374-4801
전남청,광주우체국,광주대학교우편취급국,61743,"광주광역시 남구 효덕로 277 (진월동,광주대학교)",062-671-7091
전남청,광주우체국,광주무등로우체국,61419,광주광역시 동구 무등로 298 (계림동),062-512-6379
전남청,광주우체국,광주방림동우체국,61665,광주광역시 남구 봉선중앙로134번길 16 (방림동),062-671-6090
전남청,광주우체국,광주백운동우체국,61657,광주광역시 남구 독립로 16 (백운동),062-673-1669
전남청,광주우체국,광주법원우체국,61441,"광주광역시 동구 준법로 7-12, 광주법원 구내 (지산동)",062-228-5185
전남청,광주우체국,광주봉선동우체국,61675,광주광역시 남구 봉선2로 49 (봉선동),062-672-0619
전남청,광주우체국,광주산수동우체국,61406,광주광역시 동구 무등로 467 (산수동),062-523-1338
전남청,광주우체국,광주샘우편취급국,61678,광주광역시 남구 용대로 189 (방림동),062-652-2208
전남청,광주우체국,광주소태동우편취급국,61503,광주광역시 동구 남문로 562 (소태동),062-222-5057
전남청,광주우체국,광주송하동우편취급국,61740,광주광역시 남구 송암로24번길 4 (송하동),062-674-0175
전남청,광주우체국,광주양림동우편취급국,61643,광주광역시 남구 백서로 49-1 (양림동),062-675-1423
전남청,광주우체국,광주우체국,61470,광주광역시 동구 제봉로 211 (대인동),062-231-0280
전남청,광주우체국,광주운림동우편취급국,61492,"광주광역시 동구 의재로 149-4 (운림동,무등스위트빌라 101동)",062-226-1192
전남청,광주우체국,광주월산동우체국,61631,광주광역시 남구 구성로76번길 2 (월산동),062-363-9021
전남청,광주우체국,광주주월동우편취급국,61687,"광주광역시 남구 봉선로19번길 31(주월동 1270-16) (주월동,성민안경)",062-672-0015
전남청,광주우체국,광주지원동우체국,61497,"광주광역시 동구 학소로 109 (소태동, 무등산골드클래스)",062-232-3885
전남청,광주우체국,광주진월동우체국,61725,광주광역시 남구 서문대로 737 (주월동),062-672-2646
전남청,광주우체국,광주충장로우체국,61483,광주광역시 동구 충장로 94 (충장로2가),062-231-8130
전남청,광주우체국,광주학동우체국,61489,광주광역시 동구 제봉로 31 (학동),062-224-5759
전남청,광주우체국,광주효덕우편취급국,61727,광주광역시 남구 서문대로 659,062-676-6572
전남청,광주우체국,조선대학교우편취급국,61452,"광주광역시 동구 조선대2길 11, 체육대학 1층",062-230-6185
전남청,서광주우체국,광주광천동우체국,61915,"광주광역시 서구 죽봉대로111번길 3, (광천동 60-25)",062-361-1174
전남청,서광주우체국,광주금호동우체국,62036,광주광역시 서구 운천로32번길 4 (금호동),062-383-0102
전남청,서광주우체국,광주농성동우체국,61981,광주광역시 서구 대남대로 481(농성동),062-363-9244
전남청,서광주우체국,광주동천동우체국,61903,"광주광역시 서구 하남대로710번길 8 (동천동,광주동천동우체국)",062-526-0557
전남청,서광주우체국,광주매월동우편취급국,62074,광주광역시 서구 매월2로 53 2-1광주산업용재유통센터 9동117호(매월동),062-603-1523
전남청,서광주우체국,광주명지아파트우편취급국,61969,광주광역시 서구 상무대로935번길 3-1(쌍촌동),062-373-3788
전남청,서광주우체국,광주무진로우체국,61945,광주광역시 서구 계수로 41(유촌동),062-600-4570
전남청,서광주우체국,광주상무1동우체국,61963,광주광역시 서구 상무평화로 110 (치평동),062-371-2005
전남청,서광주우체국,광주서구청우편취급국,61928,광주광역시 서구 경열로 33 광주광역시서구청(농성동),062-360-7556
전남청,서광주우체국,광주서창동우체국,62076,광주광역시 서구 눌재로 416 (세하동),062-373-4801
전남청,서광주우체국,광주송원우편취급국,61908,광주광역시 서구 화운로323번길 2(광천동),062-373-7999
전남청,서광주우체국,광주양동금호우편취급국,61925,광주광역시 서구 천변좌로 268 (양동),062-718-7007
전남청,서광주우체국,광주치평동우체국,61952,광주광역시 서구 치평로 63 (치평동)),062-382-9493
전남청,서광주우체국,광주풍암동우체국,62063,광주광역시 서구 풍암1로 31(풍암동),062-681-6988
전남청,서광주우체국,광주풍암마재우체국,62017,광주광역시 서구 회재로 909 (금호동),062-682-7012
전남청,서광주우체국,광주현대아파트우편취급국,61979,광주광역시 서구 화운로156번길 9 (화정동),062-363-9711
전남청,서광주우체국,서광주우체국,61997,광주광역시 서구 월드컵4강로 109 (화정동),062-603-7190
전남청,광주광산우체국,305군사우편 출장소,62452,"광주광역시 광산구 송도로114번길 53, (황룡동 제305군우 사서함)",062-941-4702
전남청,광주광산우체국,광주광산우체국,62363,광주광역시 광산구 사암로171번길 32 (우산동),062-949-2114
전남청,광주광산우체국,광주동곡동우체국,62461,광주광역시 광산구 동곡로185번길 17 (하산동),062-943-4703
전남청,광주광산우체국,광주본량동우체국,62204,광주광역시 광산구 평촌길 111 (남산동),062-943-9601
전남청,광주광산우체국,광주비아동우체국,62237,광주광역시 광산구 비아안길 74 (비아동),062-953-9011
전남청,광주광산우체국,광주삼도동우체국,62406,광주광역시 광산구 삼도로 340 (도덕동),062-943-7301
전남청,광주광산우체국,광주소촌동우편취급국,62389,"광주광역시 광산구 어등대로665번길 27 (소촌동, 서라아파트상가103호)",062-945-3110
전남청,광주광산우체국,광주송정동우체국,62430,광주광역시 광산구 광산로 35 (송정동),062-942-2005
전남청,광주광산우체국,광주신창동우체국,62250,광주광역시 광산구 신창로 61 (신창동),062-955-0085
전남청,광주광산우체국,광주운남동우체국,62319,광주광역시 광산구 목련로273번안길 7 (운남동),062-955-7311
전남청,광주광산우체국,광주월계동우편취급국,62269,광주광역시 광산구 산월로 9 (월계동),062-971-3638
전남청,광주광산우체국,광주월곡동우체국,62328,광주광역시 광산구 사암로340번안길 13 (월곡동),062-956-3656
전남청,광주광산우체국,광주임곡동우체국,62201,광주광역시 광산구 고봉로 804-1 (임곡동),062-952-8001
전남청,광주광산우체국,광주첨단동우체국,62276,광주광역시 광산구 첨단중앙로124번길 6 (월계동),062-971-9111
전남청,광주광산우체국,광주평동우체국,62420,광주광역시 광산구 평동로 799 (옥동),062-943-4701
전남청,광주광산우체국,광주하남2지구우체국,62335,광주광역시 광산구 용아로379번길 83 (산정동),062-961-8995
전남청,광주광산우체국,광주하남동우체국,62231,광주광역시 광산구 하남산단4번로 172 (장덕동),062-951-8501
전남청,광주광산우체국,호남대학교우편취급국,62399,"광주광역시 광산구 호남대길 20, 1층 (서봉동, 복지관)",062-943-2005
전남청,광주우편집중국,광주우편집중국,62278,광주광역시 광산구 앰코로 11 (쌍암동),062-600-9141
전남청,목포우체국,국립목포해양대학교우편취급국,58628,전라남도 목포시 해양대학로 91 (죽교동),061-240-7570
전남청,목포우체국,도초우체국,58852,전라남도 신안군 도초면 불섬길 32,061-275-1788
전남청,목포우체국,목포대양동우편취급국,58604,전라남도 목포시 산양로 42 (대양동),061-282-3133
전남청,목포우체국,목포대향우편취급국,58642,전라남도 목포시 상동로26번길 5 (상동),061-273-1248
전남청,목포우체국,목포산정동우체국,58652,전라남도 목포시 산정로 162 (용당동),061-273-5305
전남청,목포우체국,목포삼학도우체국,58743,전라남도 목포시 동명로 10 (산정동),061-243-4427
전남청,목포우체국,목포석현동우체국,58606,전라남도 목포시 영산로 674,061-278-2161
전남청,목포우체국,목포양동우체국,58718,전라남도 목포시 북항로 30 (양동),061-242-5205
전남청,목포우체국,목포연산동우체국,58633,전라남도 목포시 원산중앙로 98 (연산동),061-274-0104
전남청,목포우체국,목포영해동우편취급국,58753,전라남도 목포시 해안로249번길 5 (보광동1가),061-242-2332
전남청,목포우체국,목포옥암동우체국,58746,전라남도 목포시 통일대로 98 (옥암동),061-284-6701
전남청,목포우체국,목포용해동우체국,58647,전라남도 목포시 양을로 220 (용당동),061-273-2205
전남청,목포우체국,목포우성우편취급국,58691,전라남도 목포시 교육로 37 (상동),061-284-2202
전남청,목포우체국,목포우체국,58706,전라남도 목포시 영산로 288 (용당동),061-270-6352
전남청,목포우체국,목포원산정우편취급국,58635,전라남도 목포시 연산로101번길 11    B101호 (산정동),061-274-7100
전남청,목포우체국,목포유달산우체국,58729,전라남도 목포시 영산로 33 (대의동2가),061-243-2004
전남청,목포우체국,목포죽교동우체국,58714,전라남도 목포시 원산로 39 (산정동),061-279-4451
전남청,목포우체국,목포창평동우체국,58723,전라남도 목포시 수문로20번길 10 (창평동),061-242-9205
전남청,목포우체국,목포하당동우체국,58664,전라남도 목포시 비파로 101 (상동),061-283-2008
전남청,목포우체국,비금우체국,58846,전라남도 신안군 비금면 비금북부길 10,061-275-4788
전남청,목포우체국,비금우체국 도고출장소,58844,전라남도 신안군 비금면 비금북부길 965-1,061-275-5788
전남청,목포우체국,신의우체국,58857,전라남도 신안군 신의면 상동길 89,061-271-6788
전남청,목포우체국,안좌우체국,58839,전라남도 신안군 안좌면 김환기길 12-3,061-262-5788
전남청,목포우체국,암태우체국,58836,전라남도 신안군 암태면 장단고길 32,061-271-1788
전남청,목포우체국,압해우체국,58824,전라남도 신안군 압해읍 복룡로 10,061-271-0788
전남청,목포우체국,임자우체국,58802,전라남도 신안군 임자면 진리길 5-1,061-275-2788
전남청,목포우체국,자은도우체국,58829,전라남도 신안군 자은면 구영2길 49-1,061-271-8288
전남청,목포우체국,장산우체국,58860,전라남도 신안군 장산면 도창길 1-22,061-271-2788
전남청,목포우체국,증도우체국,58807,전라남도 신안군 증도면 문준경길 184,061-271-7788
전남청,목포우체국,지도우체국,58813,전라남도 신안군 지도읍 읍내길 77,061-275-0788
전남청,목포우체국,팔금우체국,58838,전라남도 신안군 팔금면 삼층석탑길 163-1,061-271-1288
전남청,목포우체국,하의우체국,58856,전라남도 신안군 하의면 곰실길 16,061-275-3788
전남청,목포우체국,홍도우체국,58862,전라남도 신안군 흑산면 홍도1길 35,061-246-3988
전남청,목포우체국,흑산가거도우체국,58866,전라남도 신안군 흑산면 가거도길 40,061-246-3588
전남청,목포우체국,흑산도우체국,58863,전라남도 신안군 흑산면 예리1길 76,061-275-9788
전남청,순천우체국,낙안우체국,57918,전라남도 순천시 낙안면 삼일로 11,061-754-2502
전남청,순천우체국,별량우체국,58033,전라남도 순천시 별량면 별량길 163,061-742-7100
전남청,순천우체국,상사우체국,57919,전라남도 순천시 상사면 상사호길 332,061-745-2800
전남청,순천우체국,송광우체국,57914,전라남도 순천시 송광면 이읍2길 5,061-754-3502
전남청,순천우체국,순천남정동우체국,57959,전라남도 순천시 우석로 144 (남정동),061-743-7182
전남청,순천우체국,순천삼산동우체국,57938,전라남도 순천시 중앙로 248 (석현동),061-752-3470
전남청,순천우체국,순천서면우체국,57906,전라남도 순천시 서면 북차길 98-36,061-752-9001
전남청,순천우체국,순천연향동우체국,57990,전라남도 순천시 연향1로 24 (연향동),061-721-0100
전남청,순천우체국,순천왕조동우체국,57946,전라남도 순천시 봉화3길 3 (조례동),061-722-4113
전남청,순천우체국,순천외서우체국,57915,전라남도 순천시 외서면 반월로 2,061-755-3002
전남청,순천우체국,순천외서우편취급국,57915,전라남도 순천시 외서면 반월로 2 (월암리),0-0-0
전남청,순천우체국,순천우체국,57987,전라남도 순천시 하대석길 9 (연향동),061-720-6789
전남청,순천우체국,순천조곡동우체국,57964,전라남도 순천시 역전길 43 (조곡동),061-744-2001
전남청,순천우체국,순천조례동우체국,57975,전라남도 순천시 장선배기길 20 (조례동),061-723-2009
전남청,순천우체국,순천행동우체국,57941,전라남도 순천시 중앙로 99 (행동),061-753-0100
전남청,순천우체국,순천황전우체국,57902,전라남도 순천시 황전면 월등로 1045,061-754-0021
전남청,순천우체국,승주우체국,57908,전라남도 순천시 승주읍 승평동길 7,061-754-6132
전남청,순천우체국,월등우체국,57902,전라남도 순천시 월등면 월평1길 105,061-754-1001
전남청,순천우체국,주암우체국,57910,전라남도 순천시 주암면 동주로 2019 (광천리),061-754-1501
전남청,순천우체국,해룡우체국,58019,전라남도 순천시 해룡면 월전길 31,061-724-4151
전남청,여수우체국,거문도우체국,59790,전라남도 여수시 삼산면 거문길 28-8 (거문리),061-666-8000
전남청,여수우체국,돌산우체국,59777,전라남도 여수시 돌산읍 방답길 55-1 (군내리),061-644-1100
전남청,여수우체국,돌산우체국 화태출장소,59784,전라남도 여수시 남면 달밭금길 31-2 (화태리),061-665-9001
전남청,여수우체국,여수개도우체국,59783,전라남도 여수시 화정면 개도화산1길 6 (개도리),061-666-8600
전남청,여수우체국,여수교동우체국,59732,전라남도 여수시 충무로 46 (충무동),061-663-2100
전남청,여수우체국,여수국동우체국,59758,전라남도 여수시 신월로 629 (국동),061-642-5391
전남청,여수우체국,여수남면우체국,59786,전라남도 여수시 남면 내외진안길 13 (우학리),061-665-9500
전남청,여수우체국,여수남면우체국 안도출장소,59786,전라남도 여수시 남면 안도안길 3 (안도리),061-665-9300
전남청,여수우체국,여수동문동우체국,59741,전라남도 여수시 동문로 52 (관문동),061-662-3602
전남청,여수우체국,여수문수동우체국,59699,전라남도 여수시 좌수영로 321 (문수동),061-651-2100
전남청,여수우체국,여수미평동우체국,59629,전라남도 여수시 미평로 67 (미평동),061-652-6001
전남청,여수우체국,여수봉계동우체국,59635,전라남도 여수시 시청로 238 (여천동),061-683-0031
전남청,여수우체국,여수봉산동우체국,59763,전라남도 여수시 어항로 37 (봉산동),061-643-6105
전남청,여수우체국,여수삼일동우체국,59616,전라남도 여수시 여수산단로 274-5 (월하동),061-685-5000
전남청,여수우체국,여수선원동우체국,59640,전라남도 여수시 화산로 102 (선원동),061-681-3617
전남청,여수우체국,여수소라우체국,59649,전라남도 여수시 소라면 덕양로 445-1 (덕양리),061-683-8002
전남청,여수우체국,여수소호동우체국,59665,전라남도 여수시 소호로 506 (소호동),061-684-0521
전남청,여수우체국,여수신기동우체국,59685,전라남도 여수시 새터로 47 (신기동),061-681-2015
전남청,여수우체국,여수여서동우체국,59713,전라남도 여수시 여서1로 95-3 (여서동),061-651-6120
전남청,여수우체국,여수우체국,59676,전라남도 여수시 흥국로 24 (학동),061-660-3043
전남청,여수우체국,여수전남대학교우편취급국,59626,"전라남도 여수시 대학로 50 (둔덕동,전남대학교 여수캠퍼스)",061-659-6333
전남청,여수우체국,여수죽포우체국,59775,전라남도 여수시 돌산읍 향일암로 958 (죽포리),061-644-3600
전남청,여수우체국,여수현대아파트우편취급국,59705,전라남도 여수시 여서로 156-1 (여서동),061-652-1776
전남청,여수우체국,여수화양우체국,59779,전라남도 여수시 화양면 나진길 8 (나진리),061-682-6000
전남청,여수우체국,연도우체국,59787,전라남도 여수시 남면 연도서부길 22 (연도리),061-665-9600
전남청,여수우체국,율촌우체국,59602,전라남도 여수시 율촌면 동산개길 19 (조화리),061-682-7000
전남청,여수우체국,초도우체국,59789,전라남도 여수시 삼산면 의성길 22 (초도리),061-665-8500
전남청,여수우체국,화정우체국,59782,전라남도 여수시 화정면 백야2길 7(백야리),061-685-3200
전남청,영광우체국,군남우체국,57060,전라남도 영광군 군남면 포천길 30,061-352-5001
전남청,영광우체국,낙월우체국,57068,전라남도 영광군 낙월면 낙월길 52-4,0061-352-3201
전남청,영광우체국,대마우체국,57054,전라남도 영광군 대마면 영장로 257,0061-352-4001
전남청,영광우체국,묘량우체국,57056,전라남도 영광군 묘량면 묘량로 271,061-352-6001
전남청,영광우체국,백수우체국,57028,전라남도 영광군 백수읍 백수로 989,061-352-7001
전남청,영광우체국,법성포우체국,57013,전라남도 영광군 법성면 진굴비길 50,061-356-2001
전남청,영광우체국,불갑우체국,57059,전라남도 영광군 불갑면 함영로4길 21,061-352-8001
전남청,영광우체국,염산우체국,57066,전라남도 영광군 염산면 칠산로 75,061-352-9001
전남청,영광우체국,영광군서우체국,57033,전라남도 영광군 군서면 군서로 5,0061-0352-3001
전남청,영광우체국,영광우체국,57051,전라남도 영광군 영광읍 중앙로 200,061-352-0100
전남청,영광우체국,홍농우체국,57006,전라남도 영광군 홍농읍 홍농로 450,061-356-0001
전남청,장성우체국,동화우체국,57241,전라남도 장성군 동화면 삼동로 735,0061-0393-0212
전남청,장성우체국,북상우체국,57204,전라남도 장성군 북하면 백양로 610,061-392-0219
전남청,장성우체국,사가우체국,57201,전라남도 장성군 북이면 백양로 20,0061-0392-0090
전남청,장성우체국,삼계우체국,57238,전라남도 장성군 삼계면 사창로 64-9,0061-0394-1002
전남청,장성우체국,삼서우체국,57255,전라남도 장성군 삼서면 해삼로 1123,061-394-2001
전남청,장성우체국,서삼우체국,57232,전라남도 장성군 서삼면 축령로 365,0061-0394-0214
전남청,장성우체국,신흥우체국,57230,전라남도 장성군 북일면 신흥로 408,061-393-0400
전남청,장성우체국,약수우체국,57205,전라남도 장성군 북하면 백양로 895,061-392-0217
전남청,장성우체국,장성남면우체국,57249,전라남도 장성군 남면 못재로 81,061-392-3001
전남청,장성우체국,장성우체국,57220,전라남도 장성군 장성읍 역전로 201 (영천리),061-390-9515
전남청,장성우체국,제75군사우체국,57252,전라남도 장성군 삼서면 태청로 428,061-394-5735
전남청,장성우체국,진원우체국,57244,전라남도 장성군 진원면 노사로 489,061-0392-5001
전남청,장성우체국,황룡우체국,57227,전라남도 장성군 황룡면 뱃나드리로 184,061-392-0213
전남청,곡성우체국,겸면우체국,57516,전라남도 곡성군 겸면 곡순로 1854-3,061-0362-1002
전남청,곡성우체국,고달우체국,57546,전라남도 곡성군 고달면 목동1길 7,0061-0362-0002
전남청,곡성우체국,곡성오곡우체국,57544,전라남도 곡성군 오곡면 기차마을로 130,061-362-0001
전남청,곡성우체국,곡성오산우체국,57518,전라남도 곡성군 오산면 오산로 593,061-0362-4002
전남청,곡성우체국,곡성우체국,57537,전라남도 곡성군 곡성읍 군청로 27,061-360-2320
전남청,곡성우체국,목사동우체국,57553,전라남도 곡성군 목사동면 주목로 758,061-362-1502
전남청,곡성우체국,삼기우체국,57521,전라남도 곡성군 삼기면 원등1길 63,061-362-2002
전남청,곡성우체국,석곡우체국,57560,전라남도 곡성군 석곡면 석곡로 63-1,061-362-3002
전남청,곡성우체국,옥과우체국,57503,전라남도 곡성군 옥과면 대학로 139-2,061-362-5002
전남청,곡성우체국,입면우체국,57513,전라남도 곡성군 입면 청계동로 1215,061-362-6002
전남청,곡성우체국,죽곡우체국,57549,전라남도 곡성군 죽곡면 오죽로 25,061-362-4502
전남청,담양우체국,고서우체국,57385,전라남도 담양군 고서면 가사문학로 316 (동운리),061-382-3875
전남청,담양우체국,담양가사문학우체국,57392,전라남도 담양군 가사문학면 가사문학로 1120 (연천리),061-382-1375
전남청,담양우체국,담양금성우체국,57305,전라남도 담양군 금성면 석현길 8 (석현리),061-382-4875
전남청,담양우체국,담양대덕우체국,57380,전라남도 담양군 대덕면 대조동1길 1 (매산리),061-382-1875
전남청,담양우체국,담양대전우체국,57328,전라남도 담양군 대전면 추성1로 192 (대치리),061-382-5976
전남청,담양우체국,담양봉산우체국,57367,전라남도 담양군 봉산면 신학길 41-2 (제월리),061-382-6875
전남청,담양우체국,담양우체국,57344,전라남도 담양군 담양읍 추성로 1328 (지침리),061-380-2080
전남청,담양우체국,무정우체국,57359,전라남도 담양군 무정면 술지1길 8 (봉안리),061-382-2375
전남청,담양우체국,수북우체국,57318,전라남도 담양군 수북면 추성1로 711 (수북리),061-382-7875
전남청,담양우체국,용면우체국,57302,전라남도 담양군 용면 추월산로 376 (추성리),061-382-2475
전남청,담양우체국,월산우체국,57312,전라남도 담양군 월산면 도개길 15-51 (화방리),061-382-0875
전남청,담양우체국,창평우체국,57389,전라남도 담양군 창평면 의병로 149 (창평리),061-382-8875
전남청,화순우체국,능주우체국,58153,전남  화순군 능주면 죽수길 48,061-372-1003
전남청,화순우체국,도곡우체국,58154,전남  화순군 도곡면 지석로 1126,061-372-4003
전남청,화순우체국,동복우체국,58102,전라남도 화순군 동복면 석등길 3,061-372-2003
전남청,화순우체국,사평우체국,58144,전라남도 화순군 사평면 사호로 271 (사평리),061-372-6003
전남청,화순우체국,이양우체국,58165,전남  화순군 이양면 이양로 80,061-372-3003
전남청,화순우체국,한천우체국,58147,전남 화순군 한천면 한계1길 26,061-373-0003
전남청,화순우체국,화순대리우편취급국,58137,전남 화순군 화순읍 칠충로 98,061-375-5688
전남청,화순우체국,화순도암우체국,58158,전남  화순군 도암면 천태로 407,061-373-0503
전남청,화순우체국,화순동면우체국,58132,전남 화순군 동면 우평4길 5,061-372-8003
전남청,화순우체국,화순백아,58101,전남  화순군 백아면 학천길 24,061-372-5003
전남청,화순우체국,화순우체국,58117,전남  화순군 화순읍 중앙로 85,061-370-2511
전남청,화순우체국,화순이서우체국,58103,전남  화순군 이서면 백아로 3124,061-372-9003
전남청,화순우체국,화순청풍우체국,58162,전남 화순군 청풍면  평지촌길 23,061-372-9503
전남청,화순우체국,화순춘양우체국,58157,전남 화순군 춘양면 춘양로 87,061-372-7003
전남청,나주우체국,공산우체국,58290,전라남도 나주시 공산면 공산로 112,061-335-3101
전남청,나주우체국,나주금천우체국,58215,전라남도 나주시 금천면 금영로 923,061-331-8400
전남청,나주우체국,나주동강우체국,58292,전라남도 나주시 동강면 인동길 25-8,061-335-2002
전남청,나주우체국,나주성북동우체국,58256,전라남도 나주시 금성길 46 (성북동),061-332-0100
전남청,나주우체국,나주우체국,58263,전라남도 나주시 시청길 18 (송월동),061-330-5800
전남청,나주우체국,남평우체국,58227,전라남도 나주시 남평읍 남평2로 42-8,061-331-2001
전남청,나주우체국,노안우체국,58209,전라남도 나주시 노안면 금산로 29,061-335-8606
전남청,나주우체국,다도우체국,58319,전라남도 나주시 다도면 다도로 755,061-337-3002
전남청,나주우체국,다시우체국,58203,전라남도 나주시 다시면 다시로 187,061-335-4002
전남청,나주우체국,동신대학교우편취급국,58245,"전라남도 나주시 건재로 185 (대호동,동신대학교)",061-330-3799
전남청,나주우체국,문평우체국,58204,전라남도 나주시 문평면 체암로 297,061-336-5002
전남청,나주우체국,반남우체국,58302,전라남도 나주시 반남면 고분로 589,061-336-3000
전남청,나주우체국,봉황우체국,58307,전라남도 나주시 봉황면 봉황로 720-1,061-331-4020
전남청,나주우체국,빛가람우체국,58217,전남 나주시 그린로312,061-820-7772
전남청,나주우체국,산포우체국,58214,전라남도 나주시 산포면 산포로 420,061-337-1002
전남청,나주우체국,세지우체국,58318,전라남도 나주시 세지면 동창로 130-5,061-331-5002
전남청,나주우체국,영산포우체국,58266,전라남도 나주시 영산포로 187 (영산동),061-333-0100
전남청,나주우체국,왕곡우체국,58296,전라남도 나주시 왕곡면 나주서부로 382,061-335-6061
전남청,함평우체국,나산우체국,57129,전라남도 함평군 나산면 나산길 37,061-322-8002
전남청,함평우체국,손불우체국,57110,전라남도 함평군 손불면 손불중앙길 76-7 (대전리),061-322-4002
전남청,함평우체국,엄다우체국,57164,전라남도 함평군 엄다면 엄다길 58,061-322-7002
전남청,함평우체국,월야우체국,57124,전라남도 함평군 월야면 밀재로 1523,061-323-1002
전남청,함평우체국,학교우체국,57162,전라남도 함평군 학교면 함영로 500,061-322-6002
전남청,함평우체국,함평대동우체국,57145,전라남도 함평군 대동면 대동길 29,061-322-3002
전남청,함평우체국,함평신광우체국,57107,전라남도 함평군 신광면 신광중앙길 106,061-322-5002
전남청,함평우체국,함평우체국,57155,전라남도 함평군 함평읍 광남길 66,061-320-0110
전남청,함평우체국,함평해보우체국,57117,전라남도 함평군 해보면 밀재로 1331,061-323-0002
전남청,영암우체국,군서우체국,58434,전라남도 영암군 군서면 왕인로 498 (군서우체국),061-472-0002
전남청,영암우체국,금정우체국,58405,전라남도 영암군 금정면 용두로 5 (금정우체국),061-472-2002
전남청,영암우체국,덕진우체국,58409,전라남도 영암군 덕진면 새터신정길 72 (덕진우체국),061-473-0702
전남청,영암우체국,도포우체국,58430,전라남도 영암군 도포면 호산로 34 (도포우체국),061-472-3002
전남청,영암우체국,미암우체국,58444,전라남도 영암군 미암면 미중로 15-5 (미암우체국),061-472-5002
전남청,영암우체국,삼호우체국,58458,전라남도 영암군 삼호읍 중앙촌길 19 (삼호우체국),061-462-6002
전남청,영암우체국,서호우체국,58437,전라남도 영암군 서호면 서호로 313 (서호우체국),061-472-7002
전남청,영암우체국,시종우체국,58427,전라남도 영암군 시종면 내동중앙로 40 (시종우체국),061-472-8002
전남청,영암우체국,신북우체국,58401,전라남도 영암군 신북면 황금동로 64-3 (신북우체국),061-472-9002
전남청,영암우체국,영암삼호산단우편취급국,58462,"전라남도 영암군 삼호읍 신항로 123-11, 104호 (삼호3차사원임대아파트)",061-461-0044
전남청,영암우체국,영암우체국,58417,전라남도  영암군 영암읍 남문로 13,061-470-5112
전남청,영암우체국,영암학산우체국,58439,전라남도 영암군 학산면 영산로 22 (학산우체국),061-472-4002
전남청,영암우체국,제8군사우편출장소,58449,전라남도 영암군 삼호읍 용당로 321,061-464-0912
전남청,강진우체국,강진대구우체국,59266,전라남도 강진군 대구면 수동길 11,061-432-3002
전남청,강진우체국,강진우체국,59229,전라남도 강진군 강진읍 남문길 7,061-430-4183
전남청,강진우체국,군동우체국,59220,전라남도 강진군 군동면 진흥로 323,061-432-8802
전남청,강진우체국,도암우체국,59250,전라남도 강진군 도암면 도암중앙로 78,061-432-0002
전남청,강진우체국,마량우체국,59267,전라남도 강진군 마량면 마량공단길 18 (마량리),061-432-2002
전남청,강진우체국,병영우체국,59214,전라남도 강진군 병영면 병영성로 139,061-432-1002
전남청,강진우체국,성전우체국,59203,전라남도 강진군 성전면 별뫼로 380,061-432-5002
전남청,강진우체국,신전우체국,59252,전라남도 강진군 신전면 신전중앙길 16-1,061-432-4002
전남청,강진우체국,옴천우체국,59208,전라남도 강진군 옴천면 개산중앙길 12,061-432-3502
전남청,강진우체국,작천우체국,59213,전라남도 강진군 작천면 평리길 60,061-432-6002
전남청,강진우체국,칠량우체국,59261,전라남도 강진군 칠량면 칠량로 75,061-432-7002
전남청,장흥우체국,유치우체국,59301,전라남도 장흥군 유치면 유치로 40 (원등리),061-863-6310
전남청,장흥우체국,장평우체국,59306,전라남도 장흥군 장평면 장평중앙길 37 (용강리),061-862-3002
전남청,장흥우체국,장흥관산우체국,59347,전라남도 장흥군 관산읍 관산로 86 (옥당리),061-867-2001
전남청,장흥우체국,장흥대덕우체국,59363,전라남도 장흥군 대덕읍 대대로 939 (연정리),061-867-1001
전남청,장흥우체국,장흥부산우체국,59302,전라남도 장흥군 부산면 부유로 32 (유량리),061-863-2002
전남청,장흥우체국,장흥안양우체국,59338,전라남도 장흥군 안양면 남부관광로 741 (운흥리),061-862-6002
전남청,장흥우체국,장흥용산우체국,59344,전라남도 장흥군 용산면 용안로 3 (인암리),061-862-5001
전남청,장흥우체국,장흥우체국,59328,전라남도 장흥군 장흥읍 장흥로 15 (건산리),061-860-2100
전남청,장흥우체국,장흥장동우체국,59307,전라남도 장흥군 장동면 흥성로 1551 (북교리),061-862-0002
전남청,장흥우체국,회진우체국,59360,전라남도 장흥군 회진면 가학회진로 1605 (회진리),061-867-5002
전남청,무안우체국,남악우체국,58566,전라남도 무안군 삼향읍 남악2로74번길 45,061-285-0391
전남청,무안우체국,망운우체국,58534,전라남도 무안군 망운면 운해로 1409,061-452-1002
전남청,무안우체국,몽탄우체국,58546,전라남도 무안군 몽탄면 몽탄로 848,061-452-3002
전남청,무안우체국,무안우체국,58527,전라남도 무안군 무안읍 무안로 489,061-450-0358
전남청,무안우체국,삼향우체국,58565,전라남도 무안군 삼향읍 임성로 144-33,061-283-5706
전남청,무안우체국,운남우체국,58537,전라남도 무안군 운남면 운해로 603 (연리),061-452-4002
전남청,무안우체국,일로우체국,58574,전라남도 무안군 일로읍 일로로 57,061-281-3378
전남청,무안우체국,청계우체국,58553,전라남도 무안군 청계면 도림길 72,061-452-5002
전남청,무안우체국,해제우체국,58502,전라남도 무안군 해제면 양간로 74,061-452-7002
전남청,무안우체국,현경우체국,58512,전라남도 무안군 현경면 운해로 1599,061-452-2002
전남청,해남우체국,계곡우체국,59018,전라남도 해남군 계곡면 둔주포길 3,061-532-5701
전남청,해남우체국,산이우체국,59011,전라남도 해남군 산이면 비석길 74,061-532-4201
전남청,해남우체국,송지우체국,59063,전라남도 해남군 송지면 산정1길 66,061-533-2001
전남청,해남우체국,우수영우체국,59004,전라남도 해남군 문내면 동영길 7,061-532-1101
전남청,해남우체국,해남마산우체국,59020,전라남도 해남군 마산면 마산로 448,061-532-5201
전남청,해남우체국,해남북일우체국,59051,전라남도 해남군 북일면 만월길 18-4,061-533-0001
전남청,해남우체국,해남북평우체국,59055,전라남도 해남군 북평면 달량진길 12,061-533-0801
전남청,해남우체국,해남삼산우체국,59047,전라남도 해남군 삼산면 고산로 521,061-533-3701
전남청,해남우체국,해남옥천우체국,59021,전라남도 해남군 옥천면 해남로 395,061-532-5501
전남청,해남우체국,해남우체국,59027,전라남도 해남군 해남읍 중앙1로 70,061-530-2090
전남청,해남우체국,해남화원우체국,59002,전라남도 해남군 화원면 청용2길 7,061-532-0001
전남청,해남우체국,해남황산우체국,59007,전라남도 해남군 황산면 시등로 128,061-532-2401
전남청,해남우체국,현산우체국,59058,전라남도 해남군 현산면 현산북평로 107,061-532-7501
전남청,해남우체국,화산우체국,59049,전라남도 해남군 화산면 해남화산로 1082,061-532-6601
전남청,완도우체국,금일우체국,59140,전라남도 완도군 금일읍 금일로390번길 6,061-553-2004
전남청,완도우체국,넙도출장소,59159,전남 완도군 노화읍 넙도길 86,061-554-0004
전남청,완도우체국,노화우체국,59158,전라남도 완도군 노화읍 노화로 839,061-553-6004
전남청,완도우체국,소안우체국,59165,전라남도 완도군 소안면 비자2길 14-1 (비자리),061-553-8004
전남청,완도우체국,신지우체국,59146,전라남도 완도군 신지면 대곡길 6-1,061-552-7004
전남청,완도우체국,약산우체국,59135,전라남도 완도군 약산면 약산로 370-1,061-553-9004
전남청,완도우체국,약산우편취급국,59135,전라남도 완도군 약산면 약산로 370-1 (장용리),061-553-9004
전남청,완도우체국,완도개포우편취급국,59119,전라남도 완도군 완도읍 개포로62번길 25,061-554-4664
전남청,완도우체국,완도고금우체국,59130,전라남도 완도군 고금면 고금동로2번길 18,061-553-1004
전남청,완도우체국,완도군외우체국,59101,전라남도 완도군 군외면 원동1길 59,061-552-6004
전남청,완도우체국,완도금당우체국,59137,전라남도 완도군 금당면 차우길 22,061-844-0304
전남청,완도우체국,완도보길우체국,59161,전라남도 완도군 보길면 청별길 1 (부황리),061-553-7004
전남청,완도우체국,완도생일우체국,59144,전라남도 완도군 생일면 생일로 617,061-553-4004
전남청,완도우체국,완도우체국,59123,전라남도 완도군 완도읍 청해진남로23번길 3,061-550-0120
전남청,완도우체국,완도죽청우편취급국,59108,전라남도 완도군 완도읍 농공단지2길 35,061-555-1302
전남청,완도우체국,청산도우체국,59151,전라남도 완도군 청산면 청산로 1619-5,061-552-9004
전남청,진도우체국,고군우체국,58909,전라남도 진도군 고군면 오일시1길 33,061-543-1002
전남청,진도우체국,군내우체국,58902,전라남도 진도군 군내면 진도대로 7973 (군내우체국),061-542-4002
전남청,진도우체국,의신우체국,58935,전라남도  진도군 의신면 돈지1길 37-1,061-543-4002
전남청,진도우체국,조도우체국,58956,전라남도 진도군 조도면 창유2길 5,061-542-5002
전남청,진도우체국,지산우체국,58950,전라남도 진도군 지산면 인지인천1길 32,061-542-0001
전남청,진도우체국,진도우체국,58923,전라남도 진도군 진도읍 남동1길 63,061-544-2001
전남청,진도우체국,진도임회우체국,58942,전라남도 진도군 임회면 십일시길 47-3,061-543-3002
전남청,구례우체국,간전우체국,57628,전남  구례군 간전면 안음길 4,061-781-0051
전남청,구례우체국,광의우체국,57611,전남  구례군 광의면 구만제로 336-1,061-781-0047
전남청,구례우체국,구례마산우체국,57617,전남  구례군 마산면 화엄사로 137,061-781-0050
전남청,구례우체국,구례산동우체국,57602,전남  구례군 산동면 원촌길 109,061-781-1560
전남청,구례우체국,구례우체국,57651,전라남도 구례군 구례읍 북교길 8,061-780-5524
전남청,구례우체국,문척우체국,57630,전남  구례군 문척면 수달생태로 271,061-781-0052
전남청,구례우체국,용방우체국,57612,전남  구례군 용방면 용방로 479,061-782-0053
전남청,구례우체국,토지우체국,57624,전남  구례군 토지면 섬진강대로 5042,061-781-0054
전남청,광양우체국,광양광영우체국,57720,전라남도 광양시 금영로 125 (광영동),061-793-1560
전남청,광양우체국,광양금호우체국,57804,전라남도 광양시 폭포사랑길 99 (금호동),061-792-3002
전남청,광양우체국,광양목성우체국,57751,전라남도 광양시 광양읍 매천로 889,061-763-0100
전남청,광양우체국,광양성황동우체국,57767,전라남도 광양시 지동길 31-9 (성황동),061-791-4002
전남청,광양우체국,광양우체국,57785,전라남도 광양시 시청로 47 (중동),061-797-5566
전남청,광양우체국,광양진상우체국,57707,전라남도 광양시 진상면 신시길 217,061-772-7002
전남청,광양우체국,광양태인동우체국,57817,전라남도 광양시 담안길 81 (태인동),061-792-2555
전남청,광양우체국,다압우체국,57709,전라남도 광양시 다압면 항동2길 11,061-772-0102
전남청,광양우체국,봉강우체국,57701,전라남도 광양시 봉강면 조양길 63,061-762-6602
전남청,광양우체국,옥곡우체국,57726,전라남도 광양시 옥곡면 큰골1길 7,061-772-8002
전남청,광양우체국,옥룡우체국,57704,전라남도 광양시 옥룡면 신재로 616,061-761-1801
전남청,광양우체국,진월우체국,57712,전라남도 광양시 진월면 선소중앙길 48,061-772-2002
전남청,보성우체국,겸백우체국,59411,전라남도 보성군 겸백면 충의로 2472,061-853-6002
전남청,보성우체국,노동우체국,59444,전라남도 보성군 노동면 광곡길 16,061-852-0002
전남청,보성우체국,노동우편취급국,59444,전라남도 보성군 노동면 광곡길 16 (광곡리),061-853-7779
전남청,보성우체국,문덕우체국,59400,전라남도 보성군 문덕면 장운길 46,061-852-1002
전남청,보성우체국,미력우체국,59443,전라남도 보성군 미력면 우봉길 3,061-852-4002
전남청,보성우체국,미력우편취급국,59443,전라남도 보성군 미력면 우봉길 3 (도개리),061-852-4002
전남청,보성우체국,벌교우체국,59425,전라남도 보성군 벌교읍 채동선로 217,061-857-0001
전남청,보성우체국,보성우체국,59457,전라남도 보성군 보성읍 동산길 9,061-850-6241
전남청,보성우체국,보성조성우체국,59440,전라남도 보성군 조성면 조성로 127,061-857-9002
전남청,보성우체국,복내우체국,59405,전라남도 보성군 복내면 개기로 1658,061-852-5002
전남청,보성우체국,예당우체국,59436,전라남도 보성군 득량면 예당역전길 11,061-853-7002
전남청,보성우체국,웅치우체국,59450,전라남도 보성군 웅치면 일림로 1012,061-852-6002
전남청,보성우체국,율어우체국,59409,전라남도 보성군 율어면 율어로 552-1,061-852-7002
전남청,보성우체국,회천우체국,59471,전라남도 보성군 회천면 남부관광로 2293,061-852-8002
전남청,고흥우체국,고흥금산우체국,59564,전남  고흥군 금산면 거금중앙길 88-4,061-843-8004
전남청,고흥우체국,고흥동일우체국,59567,전남  고흥군 동일면 봉영로 1,061-833-6004
전남청,고흥우체국,고흥영남우체국,59520,전라남도 고흥군 영남면 팔영로 1071 (우체국),061-832-9004
전남청,고흥우체국,고흥오천우편취급국,59566,전남 고흥군 금산면 오천길 58,061-843-9203
전남청,고흥우체국,고흥우체국,59538,전남  고흥군 고흥읍 봉황길 5,061-830-2312
전남청,고흥우체국,고흥우체국 두원출장소,59514,"전라남도 고흥군 두원면 두원로 484 (용산리, 중앙보건지소)",061-832-0204
전남청,고흥우체국,고흥풍양우체국,59549,전라남도 고흥군 풍양면 풍양로 12 (야막리),061-832-5004
전남청,고흥우체국,과역우체국,59511,전남  고흥군 과역면 고흥로 2959,061-832-1004
전남청,고흥우체국,나로도우체국,59569,전남  고흥군 봉래면 축정2길 105,061-833-7004
전남청,고흥우체국,남양우체국,59509,전남  고흥군 남양면 남양희망길 22,061-833-2004
전남청,고흥우체국,남양우편취급국,59509,전라남도 고흥군 남양면 남양희망길 22 1층 (남양리),061-835-2001
전남청,고흥우체국,대서우체국,59507,전남 고흥군 대서면 석장2길 13,061-833-4004
전남청,고흥우체국,도덕우체국,59546,전라남도 고흥군 도덕면 고흥로 453,061-843-0204
전남청,고흥우체국,도양우체국,59559,전남  고흥군 도양읍 녹동남촌2길 26,061-844-2006
전남청,고흥우체국,도화우체국,59529,전남  고흥군 도화면 중심길 56,061-832-7004
전남청,고흥우체국,동강우체국,59502,전남  고흥군 동강면 원유둔1길 29,061-833-3004
전남청,고흥우체국,소록우체국,59562,전라남도 고흥군 도양읍 소록선창길 12-9 (소록리),0061-844-0604
전남청,고흥우체국,점암우체국,59517,전라남도 고흥군 점암면 모룡길 68 (우체국),061-832-8004
전남청,고흥우체국,포두우체국,59524,전라남도 고흥군 포두면 우주로 613-1 (포두우체국),061-832-6004
전남청,영암우편집중국,영암우편집중국,58457,전라남도 영암군 삼호읍 대불주거1로 124,061-460-0130
전남청,순천집중과,순천집중과,57987,전남 순천시 하대석길 9,061-720-6513
경북청,경북지방우정청,경북지방우정청,41142,대구광역시 동구 동촌로 1 (입석동),053-940-1518
경북청,대구우체국,국채보상우체국,41914,대구광역시 중구 동덕로 167 (동인동2가),053-422-0046
경북청,대구우체국,남대구우체국,42425,대구광역시 남구 중앙대로 200 (대명동),053-470-2014
경북청,대구우체국,대구대명9동우편취급국,42450,대구광역시 남구 자유1길 5 (대명동),053-627-9288
경북청,대구우체국,대구대명동우체국,42456,대구광역시 남구 현충로 163 (대명동),053-623-0484
경북청,대구우체국,대구대봉동우체국,41954,대구광역시 중구 대봉로 224 (대봉동),053-424-5124
경북청,대구우체국,대구동덕우편취급국,41944,대구광역시 중구 동덕로 130 (삼덕동2가),053-427-6789
경북청,대구우체국,대구동산의료원우체국,41931,대구광역시 중구 달성로 56 (동산동),053-256-2955
경북청,대구우체국,대구명덕우체국,41968,대구광역시 중구 중앙대로 265 (남산동),053-256-5017
경북청,대구우체국,대구반월당우체국,41942,대구광역시 중구 달구벌대로 2141 (삼덕동1가),053-255-5130
경북청,대구우체국,대구봉덕1동우편취급국,42429,대구광역시 남구 봉덕로 61 (봉덕동),053-475-8585
경북청,대구우체국,대구봉덕동우체국,42443,대구광역시 남구 중앙대로22길 269 (봉덕동),053-471-9233
경북청,대구우체국,대구안지랑우체국,42480,대구광역시 남구 대명로 79 (대명동),053-654-0044
경북청,대구우체국,대구우체국,41918,대구광역시 중구 경상감영길 80 (포정동),053-250-2056
경북청,동대구우체국,대구공산우체국,41009,대구광역시 동구 팔공로 1017 (백안동),053-982-0001
경북청,동대구우체국,대구동호동우체국,41086,대구광역시 동구 동호로 63 (동호동),053-961-0073
경북청,동대구우체국,대구방촌동우체국,41163,대구광역시 동구 동촌로 242 다산빌딩 202호 (방촌동),053-982-4000
경북청,동대구우체국,대구불로봉무동우체국,41026,대구광역시 동구 팔공로47길 22 (봉무동),053-983-1808
경북청,동대구우체국,대구서호모란우편취급국,41116,"대구광역시 동구 율하동로20길 30 (신기동,모란2차아파트)",053-963-0999
경북청,동대구우체국,대구신암2동우체국,41205,대구광역시 동구 신암로 76 (신암동),053-943-3007
경북청,동대구우체국,대구신암4동우체국,41216,대구광역시 동구 아양로 106 (신암동),053-719-3027
경북청,동대구우체국,대구신천3동우편취급국,41255,대구광역시 동구 동부로 76 (신천동),053-754-2832
경북청,동대구우체국,대구신천4동우체국,41243,대구광역시 동구 동부로30길 12-1 (신천동),053-756-8351
경북청,동대구우체국,대구신천동우체국,41268,대구광역시 동구 송라로 11 (신천동),053-423-5800
경북청,동대구우체국,대구안심우체국,41078,대구광역시 동구 경안로 780 (동호동),053-962-2000
경북청,동대구우체국,대구율하동우체국,41106,대구광역시 동구 안심로16길 49 (율하동),053-961-4008
경북청,동대구우체국,대구팔공우편취급국,41003,"대구광역시 동구 동화천로 372, 팔공새마을금고 팔공지점",053-743-8080
경북청,동대구우체국,대구효목동우체국,41239,대구광역시 동구 화랑로25길 13 (효목동),053-752-0645
경북청,동대구우체국,동대구우체국,41142,대구광역시 동구 동촌로 1 (입석동),053-940-1900
경북청,동대구우체국,제304군사우편출장소,41052,대구광역시 동구 아양로 352 (입석동),053-985-0014
경북청,대구우편집중국,대구우편집중국,41504,대구 북구 유통단지로 115 (산격동),053-380-7132
경북청,북대구우체국,경북대학교우편취급국,41566,"대구광역시 북구 대학로 80 (산격동,경북대학교)",053-955-5281
경북청,북대구우체국,대구고성동우체국,41596,대구광역시 북구 원대로 60 (고성동3가),053-357-4821
경북청,북대구우체국,대구노원동우체국,41558,대구광역시 북구 팔달로 195 (노원동2가),053-357-4122
경북청,북대구우체국,대구동천동우체국,41431,대구광역시 북구 동천로 3 (동천동),053-321-9606
경북청,북대구우체국,대구무태우편취급국,41477,대구광역시 북구 호국로51길 45-6 (서변동),053-951-1088
경북청,북대구우체국,대구복현동우체국,41562,대구광역시 북구 경진로 5 (복현동),053-952-0990
경북청,북대구우체국,대구산격동우체국,41542,대구광역시 북구 연암로 42 (산격동),053-941-8211
경북청,북대구우체국,대구서변동우체국,41476,대구광역시 북구 호국로43길 17 (서변동),053-951-9930
경북청,북대구우체국,대구읍내동우체국,41438,대구광역시 북구 구암로15길 16 (읍내동),053-323-5007
경북청,북대구우체국,대구제3공단우편취급국,41495,대구광역시 북구 노원로25길 23 (노원동3가),053-357-3002
경북청,북대구우체국,대구종합유통단지우체국,41504,"대구광역시 북구 유통단지로 115, 1층 (산격동,대구우편집중국)",053-381-6231
경북청,북대구우체국,대구칠곡우체국,41403,대구광역시 북구 칠곡중앙대로 577 (읍내동),053-324-0001
경북청,북대구우체국,대구침산2동우편취급국,41560,"대구광역시 북구 성북로 70, 상가 111호 (침산동, 침산화성파크드림)",053-352-5900
경북청,북대구우체국,대구태전동우체국,41471,대구광역시 북구 매전로 74 (태전동),053-314-9561
경북청,북대구우체국,북대구우체국,41424,대구광역시 북구 구암로65길 38 (구암동),053-310-3024
경북청,북대구우체국,제79군사우체국,41407,대구광역시 북구 호국로 780 (학정동),053-321-7467
경북청,서대구우체국,대구대평리우편취급국,41772,대구광역시 서구 서대구로42길 42 (평리동),053-559-4566
경북청,서대구우체국,대구비산7동우체국,41713,대구광역시 서구 서대구로 358 (비산동),053-354-0100
경북청,서대구우체국,대구비산동우체국,41780,대구광역시 서구 달서로 157 (비산동),053-558-0014
경북청,서대구우체국,대구서문우체국,41807,대구광역시 서구 큰장로 101 (내당동),053-571-3100
경북청,서대구우체국,대구염색공단우편취급국,41709,대구광역시 서구 염색공단로 17 (비산동),053-353-9005
경북청,서대구우체국,대구중리동우체국,41846,대구광역시 서구 평리로 148 (중리동),053-559-0201
경북청,서대구우체국,대구평리1동우편취급국,41745,대구광역시 서구 북비산로 311 (평리동),053-562-9717
경북청,서대구우체국,대구평리3동우체국,41775,대구광역시 서구 국채보상로 279 (평리동),053-559-0221
경북청,서대구우체국,서대구우체국,41835,대구광역시 서구 서대구로 97 (평리동),053-560-5335
경북청,대구달서우체국,대구감삼동우체국,42642,대구광역시 달서구 달구벌대로 1578-11 (감삼동),053-552-0100
경북청,대구달서우체국,대구강창우체국,42707,대구광역시 달서구 호산로 124 (호산동),053-593-9115
경북청,대구달서우체국,대구다사우체국,42910,대구광역시 달성군 다사읍 왕선로 39,053-591-1151
경북청,대구달서우체국,대구달서우체국,42731,대구광역시 달서구 학산로 65 (월성동),053-640-4679
경북청,대구달서우체국,대구도원동우체국,42832,대구광역시 달서구 도원로 6 (도원동),053-635-0013
경북청,대구달서우체국,대구두류동우체국,42668,대구광역시 달서구 성당로 247 (두류동),053-622-0017
경북청,대구달서우체국,대구명곡우체국,42959,대구광역시 달성군 화원읍 화암로 76,053-634-6400
경북청,대구달서우체국,대구본리동우체국,42677,대구광역시 달서구 당산로 36 (본리동),053-624-2005
경북청,대구달서우체국,대구삼익신협우편취급국,42661,대구광역시 달서구 달구벌대로 1862 (두류동),053-653-7100
경북청,대구달서우체국,대구상인1동우체국,42812,대구광역시 달서구 상인서로10길 6-4 (상인동),053-635-0014
경북청,대구달서우체국,대구상인3동우편취급국,42815,대구광역시 달서구 상인로 9 (상인동),053-642-4276
경북청,대구달서우체국,대구상인동우체국,42802,대구광역시 달서구 송현로 47 (상인동),053-633-0013
경북청,대구달서우체국,대구성서3동우편취급국,42696,대구광역시 달서구 성서로72길 97-10 (이곡동),053-583-0700
경북청,대구달서우체국,대구성서공단우체국,42718,대구광역시 달서구 성서공단로 118 (월암동),053-582-2105
경북청,대구달서우체국,대구성서우체국,42620,대구광역시 달서구 성서로 406 (이곡동),053-589-1500
경북청,대구달서우체국,대구신당동우체국,42609,대구광역시 달서구 선원로 58 (신당동),053-584-1491
경북청,대구달서우체국,대구용산동우체국,42631,대구광역시 달서구 용산로 214 (용산동),053-521-2005
경북청,대구달서우체국,대구월배우체국,42783,대구광역시 달서구 상원로 97 (진천동),053-632-5144
경북청,대구달서우체국,대구장기동우체국,42691,대구광역시 달서구 장기로 273 (장기동),053-522-3005
경북청,대구달서우체국,대구지법서부지원출장소,42635,대구광역시 달서구 장산남로 30 (용산동),053-563-2005
경북청,대구달서우체국,대구진천동우체국,42770,대구광역시 달서구 월배로 32 (진천동),053-636-0014
경북청,대구달서우체국,대구하빈우체국,42902,대구광역시 달성군 하빈면 하빈로90길 1,053-582-1105
경북청,대구달서우체국,대구하빈우편취급국,42902,대구광역시 달성군 하빈면 하빈로 424 (현내리),053-000-0000
경북청,대구달서우체국,대구화원우체국,42955,대구광역시 달성군 화원읍 비슬로 2589,053-632-0115
경북청,대구달서우체국,성서계명대학교우편취급국,42601,"대구광역시 달서구 달구벌대로 1095 (신당동,계명대학교성서캠퍼스)",053-592-1350
경북청,대구수성우체국,대구가창우체국,42934,대구광역시 달성군 가창면 가창로216길 1,053-767-6001
경북청,대구수성우체국,대구고산우체국,42252,대구광역시 수성구 달구벌대로 3070 (시지동),053-792-1600
경북청,대구수성우체국,대구대동우편취급국,42088,대구광역시 수성구 범어로 76 (범어동),053-752-0444
경북청,대구수성우체국,대구만촌1동우체국,42047,대구광역시 수성구 국채보상로 1075 (만촌동),053-742-0900
경북청,대구수성우체국,대구범물동우체국,42241,대구광역시 수성구 범안로16길 6 (범물동),053-782-0065
경북청,대구수성우체국,대구범어2동우체국,42029,대구광역시 수성구 달구벌대로 2465 (범어동),053-756-8361
경북청,대구수성우체국,대구범어3동우체국,42012,"대구광역시 수성구 동대구로 401 (범어동, 삼성화재빌딩 1층)",053-741-0035
경북청,대구수성우체국,대구범어우방우편취급국,42109,"대구광역시 수성구 동대구로 222, 상가 1층 5호 (범어동)",053-756-7304
경북청,대구수성우체국,대구법원우체국,42027,대구광역시 수성구 동대구로 364 (범어동),053-752-0796
경북청,대구수성우체국,대구삼남우편취급국,42184,대구광역시 수성구 무학로33길 1 (지산동),053-762-9355
경북청,대구수성우체국,대구상동우체국,42164,대구광역시 수성구 수성로 82 (상동),053-766-8077
경북청,대구수성우체국,대구수성우체국,42123,대구광역시 수성구 달구벌대로 2320 (수성동2가),053-757-1030
경북청,대구수성우체국,대구신매동우체국,42257,대구광역시 수성구 달구벌대로 3182 (신매동),053-793-6001
경북청,대구수성우체국,대구중동우체국,42155,대구광역시 수성구 들안로 137 (중동),053-764-0014
경북청,대구수성우체국,대구지산동우체국,42196,대구광역시 수성구 지범로 149 (지산동),053-782-2314
경북청,대구수성우체국,대구파동우체국,42237,대구광역시 수성구 파동로 59 (파동),053-765-0114
경북청,대구수성우체국,대구황금동우체국,42113,대구광역시 수성구 청수로 243 (황금동),053-763-0177
경북청,대구수성우체국,수성대학교우편취급국,42078,대구광역시 수성구 달구벌대로528길 15 (만촌동),053-749-7491
경북청,대구수성우체국,제134군사우편출장소,42250,대구광역시 수성구 달구벌대로568길 40 (이천동),053-792-2360
경북청,대구수성우체국,제503군사우편출장소,42066,대구광역시 수성구 무열로 56 (만촌동),053-756-0503
경북청,대구수성우체국,제96군사우편출장소,42260,대구광역시 수성구 달구벌대로 2903 사서함 96 (가천동),053-791-3999
경북청,경산우체국,경산가야우편취급국,38450,경상북도 경산시 진량읍 봉황길 27,053-0856-8228
경북청,경산우체국,경산남부우편취급국,38645,경상북도 경산시 경안로 76 (신교동),053-811-3310
경북청,경산우체국,경산남산우체국,38572,경상북도 경산시 남산면 하남로 325,053-852-5001
경북청,경산우체국,경산남천우편취급국,38695,경상북도 경산시 남천면 남천로 469 (삼성리),053-811-9001
경북청,경산우체국,경산대구대학교우편취급국,38453,경상북도 경산시 진량읍 대구대로 201 (대구대학교경산캠퍼스),053-851-1311
경북청,경산우체국,경산대동우편취급국,38531,경상북도 경산시 대동안길 2 (대동),053-818-1412
경북청,경산우체국,경산서상동우체국,38628,경상북도 경산시 경안로29길 34 (서상동),053-811-5255
경북청,경산우체국,경산압량우체국,38509,경상북도 경산시 압량면 부적길 35-4,053-817-0001
경북청,경산우체국,경산옥곡동우체국,38687,경상북도 경산시 경산로 55 (옥곡동),053-801-3100
경북청,경산우체국,경산옥산동우체국,38671,경상북도 경산시 성암로5길 4 (옥산동),053-812-0003
경북청,경산우체국,경산와촌우체국,38412,경상북도 경산시 와촌면 금송로 410,053-852-0001
경북청,경산우체국,경산용성우체국,38561,경상북도 경산시 용성면 용성당리1길 1,053-852-1001
경북청,경산우체국,경산우방우편취급국,38655,경상북도 경산시 대학로12길 9 (정평동),053-812-6166
경북청,경산우체국,경산우체국,38586,경상북도 경산시 백자로 130 (사동),053-819-3704
경북청,경산우체국,경산자인우체국,38555,경상북도 경산시 자인면 일연로 90,053-857-2001
경북청,경산우체국,경산중방동우체국,38619,경상북도 경산시 경안로 216 (중방동),053-811-4400
경북청,경산우체국,경산중산우편취급국,38661,경상북도 경산시 경산로 261 (중산동),053-814-1907
경북청,경산우체국,경산진량공단우체국,38468,경상북도 경산시 진량읍 공단4로 153-14,053-854-3008
경북청,경산우체국,경산진량우체국,38485,경상북도 경산시 진량읍 대학로 1057,053-853-0005
경북청,경산우체국,경산하양우체국,38436,경상북도 경산시 하양읍 하양로 100,053-853-0002
경북청,경산우체국,경일대학교우편취급국,38428,경상북도 경산시 하양읍 가마실길 50,053-600-4880
경북청,경산우체국,대구가톨릭대학교우편취급국,38430,경상북도 경산시 하양읍 하양로 13-13 (대구가톨릭대학교),053-856-4471
경북청,경산우체국,대구한의대학교우편취급국,38610,경상북도 경산시 한의대로 1 (유곡동),053-819-1758
경북청,경산우체국,영남대학교우편취급국,38541,"경상북도 경산시 대학로 280 (대동,영남대학교)",053-811-8246
경북청,구미우체국,구미고아원호우체국,39198,경상북도 구미시 고아읍 문장로 180,054-443-4040
경북청,구미우체국,구미공단우체국,39367,경상북도 구미시 1공단로7길 86-19 (공단동),054-463-2268
경북청,구미우체국,구미관심리우편취급국,39142,경상북도 구미시 고아읍 선산대로 1014 (관심리),054-482-8724
경북청,구미우체국,구미구평동우체국,39442,경상북도 구미시 인동43길 3 (구평동),054-474-3115
경북청,구미우체국,구미낙계우편취급국,39375,"경상북도 구미시 1공단로 182, 금오빌딩 (공단동)",054-463-6393
경북청,구미우체국,구미도개우체국,39103,경상북도 구미시 도개면 도안로 96,054-474-1001
경북청,구미우체국,구미도량동우체국,39195,경상북도 구미시 송동로 127 (도량동),054-444-0038
경북청,구미우체국,구미무을우체국,39101,경상북도 구미시 무을면 상무로 996,054-481-9001
경북청,구미우체국,구미봉곡동우체국,39208,경상북도 구미시 봉곡로 143 (봉곡동),054-451-5600
경북청,구미우체국,구미산동우체국,39159,경상북도 구미시 산동읍 강동로 1000 (적림리),054-471-3000
경북청,구미우체국,구미상모동우체국,39338,경상북도 구미시 상모로 74 (상모동),054-464-1951
경북청,구미우체국,구미선산우체국,39127,경상북도 구미시 선산읍 남문로 31,054-481-2500
경북청,구미우체국,구미신평우편취급국,39236,경상북도 구미시 구미대로 399 (신평동),054-463-6333
경북청,구미우체국,구미양포동우체국,39184,경상북도 구미시 산호대로35길 10 (옥계동),054-476-4001
경북청,구미우체국,구미옥성우체국,39102,경상북도 구미시 옥성면 주아1길 14,054-481-0001
경북청,구미우체국,구미우체국,39281,경상북도 구미시 송원서로 6 (송정동),054-450-1533
경북청,구미우체국,구미원평동우체국,39221,경상북도 구미시 구미중앙로11길 9 (원평동),054-452-7425
경북청,구미우체국,구미인동우체국,39431,경상북도 구미시 인동중앙로 11 (인의동),054-472-7797
경북청,구미우체국,구미장천우체국,39454,경상북도 구미시 장천면 강동로 143,054-471-5002
경북청,구미우체국,구미해평우체국,39154,경상북도 구미시 해평면 강동로 1662,054-474-4000
경북청,구미우체국,구미형곡동우체국,39293,경상북도 구미시 형곡로17길 19 (형곡동),054-454-2005
경북청,구미우체국,구미황상우편취급국,39428,"경북 구미시 수출대로31길 91, 한일상가 (황상동)",054-473-2336
경북청,안동우체국,가톨릭상지대학우편취급국,36686,경상북도 안동시 상지길 45 (율세동),054-851-3019
경북청,안동우체국,경북도청출장소,36759,"경상북도 안동시 풍천면 도청대로 455 (갈전리, 경상북도청)",054-805-7007
경북청,안동우체국,안동강남동우체국,36751,경상북도 안동시 강남5길 22 (정하동),054-855-0074
경북청,안동우체국,안동길안우체국,36735,경상북도 안동시 길안면 천지길 38,054-822-2001
경북청,안동우체국,안동남선우체국,36741,경상북도 안동시 남선면 충효로 3850,054-822-1991
경북청,안동우체국,안동남후우체국,36755,경상북도 안동시 남후면 무릉길 105,054-859-6301
경북청,안동우체국,안동녹전우체국,36601,경상북도 안동시 녹전면 녹전로 725,054-856-0501
경북청,안동우체국,안동대학교우편취급국,36729,"경상북도 안동시 경동로 1375 (송천동,안동대학교)",054-820-6704
경북청,안동우체국,안동도산우체국,36604,경상북도 안동시 도산면 청계길 8,054-856-1001
경북청,안동우체국,안동북후우체국,36614,경상북도 안동시 북후면 북평로 845,054-859-5001
경북청,안동우체국,안동삼산동우체국,36701,경상북도 안동시 중앙로 47 (삼산동),054-859-4050
경북청,안동우체국,안동서후우체국,36616,경상북도 안동시 서후면 학가산온천길 377,054-852-2500
경북청,안동우체국,안동신안동우편취급국,36688,"경상북도 안동시 퇴계로 155 (신안동,상일금탑맨션 상가)",054-857-8405
경북청,안동우체국,안동예안우체국,36608,경상북도 안동시 예안면 오리실길 14,054-822-1502
경북청,안동우체국,안동옥동우체국,36638,경상북도 안동시 옥서1길 50 (옥동),054-841-1042
경북청,안동우체국,안동와룡우체국,36611,경상북도 안동시 와룡면 퇴계로 833,054-856-7152
경북청,안동우체국,안동용상동우체국,36723,경상북도 안동시 경동로 935-2 (용상동),054-821-6820
경북청,안동우체국,안동우체국,36674,경상북도 안동시 경동로 560 (당북동),054-850-3009
경북청,안동우체국,안동우체국임동출장소,36732,경상북도 안동시 임동면 편항1길 22,054-822-2601
경북청,안동우체국,안동일직우체국,36756,경상북도 안동시 일직면 중앙통길 31,054-858-1800
경북청,안동우체국,안동임하우체국,36738,경상북도 안동시 임하면 충효로 3258,054-823-0001
경북청,안동우체국,안동풍산우체국,36621,경상북도 안동시 풍산읍 풍산중앙길 119,054-858-7001
경북청,안동우체국,하회마을우체국,36760,경상북도 안동시 풍천면 지풍로 1468,054-853-2001
경북청,경주우체국,경주감포우체국,38125,경상북도 경주시 감포읍 감포로3길 27,054-744-3700
경북청,경주우체국,경주강동우체국,38004,경상북도 경주시 강동면 강동로 8-3,054-762-4700
경북청,경주우체국,경주건천우체국,38178,경상북도 경주시 건천읍 내서로 1088,054-751-0001
경북청,경주우체국,경주내남우체국,38193,경상북도 경주시 내남면 이조1길 3,054-748-2700
경북청,경주우체국,경주대학교우편취급국,38065,경상북도 경주시 태종로 188 (효현동),054-748-5521
경북청,경주우체국,경주동천동우체국,38099,경상북도 경주시 양정로 278 (동천동),054-743-0822
경북청,경주우체국,경주보문우체국,38118,경상북도 경주시 경감로 587-12 (천군동),054-745-7500
경북청,경주우체국,경주산내우체국,38186,경상북도 경주시 산내면 의곡2길 17,054-751-5400
경북청,경주우체국,경주서면우체국,38053,경상북도 경주시 서면 내서로 414-1,054-751-1001
경북청,경주우체국,경주성건동우체국,38135,경상북도 경주시 봉황로 149 (성건동),054-743-0802
경북청,경주우체국,경주안강우체국,38008,경상북도 경주시 안강읍 안강중앙로 243,054-761-2001
경북청,경주우체국,경주양남우체국,38220,경상북도 경주시 양남면 하서중앙길 39,054-744-0600
경북청,경주우체국,경주외동우체국,38213,경상북도 경주시 외동읍 입실로 85,054-744-6000
경북청,경주우체국,경주용강동우체국,38090,경상북도 경주시 다불로 5-4 (용강동),054-743-2429
경북청,경주우체국,경주우체국,38153,경상북도 경주시 화랑로 136 (황오동),054-740-0114
경북청,경주우체국,경주위덕대학교우편취급국,38004,경상북도 경주시 강동면 동해대로 261,054-760-1471
경북청,경주우체국,경주중부동우체국,38156,경상북도 경주시 동성로 48-1 (성건동),054-745-2001
경북청,경주우체국,경주천북우체국,38035,경상북도 경주시 천북면 천북로 388,054-774-0700
경북청,경주우체국,경주현곡우체국,38051,경상북도 경주시 현곡면 용담로 177 우남시티빌101호(금장리 447),054-745-5801
경북청,경주우체국,경주황성동우체국,38084,경상북도 경주시 황성로 37 (황성동),054-748-8931
경북청,경주우체국,문무대왕우체국,38121,경상북도 경주시 문무대왕면 어일중앙길 9,054-744-2000
경북청,경주우체국,불국사우체국,38127,경상북도 경주시 불국신택지5길 11 (진현동),054-746-1400
경북청,포항우체국,북포항우체국,37735,경상북도 포항시 북구 불종로 43 (신흥동),054-245-3331
경북청,포항우체국,제209군사우체국,37897,경상북도 포항시  남구 오천읍 충무로 70,054-292-4850
경북청,포항우체국,포항구룡포우체국,37933,경상북도 포항시 남구 구룡포읍 호미로 267,054-276-2005
경북청,포항우체국,포항기계우체국,37528,경상북도 포항시 북구 기계면 기계로 87 (현내리),054-243-1001
경북청,포항우체국,포항기북우체국,37524,경상북도 포항시 북구 기북면 기북로 436,054-243-5001
경북청,포항우체국,포항대도동우체국,37816,경상북도 포항시 남구 상공로 130 (대도동),054-275-2005
경북청,포항우체국,포항대이동우체국,37684,경상북도 포항시 남구 대이로41번길 18 (대잠동),054-278-1921
경북청,포항우체국,포항동해우체국,37926,경상북도 포항시 남구 동해면 일월로 46 (도구리),054-284-3000
경북청,포항우체국,포항득량동우편취급국,37696,경상북도 포항시 북구 양학로 41 (득량동),054-272-7990
경북청,포항우체국,포항법원우편취급국,37573,경상북도 포항시 북구 법원로 181 (양덕동),054-250-3266
경북청,포항우체국,포항상옥우편취급국,37501,경상북도 포항시 북구 죽장면 죽장로 1831,054-262-6620
경북청,포항우체국,포항송도동우체국,37801,경상북도 포항시 남구 송림로 5 (송도동),054-283-3005
경북청,포항우체국,포항송라우체국,37511,경상북도 포항시 북구 송라면 보경로 37,054-243-5502
경북청,포항우체국,포항신광우체국,37522,경상북도 포항시 북구 신광면 토성길 19,054-243-0001
경북청,포항우체국,포항연일우체국,37843,경상북도 포항시 남구 연일읍 연일로159번길 9,054-286-0252
경북청,포항우체국,포항오천우체국,37912,"경상북도 포항시 남구 오천읍 세계길 10,(문덕리)",054-292-2001
경북청,포항우체국,포항용흥동우편취급국,37645,경상북도 포항시 북구 새마을로 98 (용흥동),054-243-9133
경북청,포항우체국,포항우목우체국,37556,경상북도 포항시 북구 흥해읍 죽천길213번길 16,054-251-7701
경북청,포항우체국,포항우체국,37771,경상북도 포항시 남구 중흥로 66 (상도동),054-271-9937
경북청,포항우체국,포항월포우체국,37517,경상북도 포항시 북구 청하면 월포로160번길 14,054-232-3501
경북청,포항우체국,포항장기우체국,37945,경상북도 포항시 남구 장기면 읍내길 95,054-276-0002
경북청,포항우체국,포항장량동우체국,37594,"경상북도 포항시 북구 양덕남로8번길 3 (장성동,우체국)",054-232-5901
경북청,포항우체국,포항죽장우체국,37507,경상북도 포항시 북구 죽장면 새마을로 3609,054-243-2501
경북청,포항우체국,포항창포동우체국,37629,경상북도 포항시 북구 새천년대로 1103 (창포동),054-246-3100
경북청,포항우체국,포항청림동우편취급국,37920,경상북도 포항시 남구 청림서길 17-6 (청림동),054-292-5570
경북청,포항우체국,포항청하우체국,37515,경상북도 포항시 북구 청하면 청하로217번길 12,054-232-4500
경북청,포항우체국,포항한동대학교우편취급국,37554,경상북도 포항시 북구 흥해읍 한동로 558,054-260-1266
경북청,포항우체국,포항항구동우체국,37715,경상북도 포항시 북구 삼호로 187 (항구동),054-242-1278
경북청,포항우체국,포항호미곶우체국,37928,경상북도 포항시 남구 호미곶면 해맞이로 195-1,054-284-9801
경북청,포항우체국,포항효곡동우체국,37667,경상북도 포항시 남구 지곡로212번길 49 (지곡동),054-272-0123
경북청,포항우체국,포항흥해우체국,37542,경상북도 포항시 북구 흥해읍 흥해로 54-8,054-261-0001
경북청,달성우체국,달성공단우체국,42981,대구  달성군 논공읍 논공중앙로33길 9,053-615-5300
경북청,달성우체국,달성구지우체국,43010,대구  달성군 구지면 창리로11길 18,053-614-4800
경북청,달성우체국,달성논공우체국,42974,대구광역시 달성군 논공읍 비슬로366길 3,053-611-1600
경북청,달성우체국,달성옥포우체국,42972,대구광역시 달성군 옥포읍 비슬로 2302 (기세리),053-614-4200
경북청,달성우체국,달성우체국,43003,대구광역시 달성군 현풍읍 비슬로130길 7 (원교리),053-611-1100
경북청,달성우체국,달성유가우체국,42993,대구광역시 달성군 유가읍 비슬로64길 52-4 (유곡리),053-614-2701
경북청,청도우체국,청도각남우체국,38321,경북 청도군 각남면 각남로 89,054-372-6001
경북청,청도우체국,청도각북우체국,38302,경북 청도군 각북면 헐티로 806,054-372-7001
경북청,청도우체국,청도고수리우편취급국,38341,경상북도 청도군 청도읍 청화로 201 (고수리),054-372-8836
경북청,청도우체국,청도금천우체국,38362,경북 청도군 금천면 선암로 612,054-372-3008
경북청,청도우체국,청도매전우체국,38354,경북 청도군 매전면 청려로 3689,054-372-5001
경북청,청도우체국,청도우체국,38344,경북 청도군 청도읍 고수뒷길 52,054-372-0100
경북청,청도우체국,청도운문우체국,38367,경북 청도군 운문면 청려로 4725,054-372-8601
경북청,청도우체국,청도유천우체국,38349,경북 청도군 청도읍 유천길 73,054-372-1001
경북청,청도우체국,청도이서우체국,38317,경북 청도군 이서면 학산1길 8,054-372-4001
경북청,청도우체국,청도풍각우체국,38307,경북 청도군 풍각면 헐티로 233,054-372-2001
경북청,청도우체국,청도화양우체국,38334,경북 청도군 화양읍 도주관로 151,054-372-0091
경북청,군위우체국,군위부계우체국,43162,대구광역시 군위군 부계면 창평길 5 (창평리),054-382-2001
경북청,군위우체국,군위산성우체국,43158,대구광역시 군위군 산성면 산성가음로 684 (화본리),054-382-3001
경북청,군위우체국,군위소보우체국,43102,대구광역시 군위군 소보면 송원3길 31 (송원리),054-382-4001
경북청,군위우체국,군위우보우체국,43142,대구광역시 군위군 우보면 이화길 113 (이화리),054-382-6001
경북청,군위우체국,군위우체국,43119,대구광역시 군위군 군위읍 중앙길 82 (서부리),054-383-2900
경북청,군위우체국,군위의흥우체국,43149,대구광역시 군위군 의흥면 읍내2길 4 (읍내리),054-382-7001
경북청,군위우체국,군위효령우체국,43129,대구광역시 군위군 효령면 치산효령로 2407 (중구리),054-382-8001
경북청,군위우체국,삼국유사우체국,43157,대구광역시 군위군 삼국유사면 삼국유사로 28 (화수리),054-382-1001
경북청,고령우체국,고령개진우체국,40149,경북 고령군 개진면 개경포로 955,054-954-8001
경북청,고령우체국,고령다산우체국,40107,경북 고령군 다산면 상곡길 73,054-955-6001
경북청,고령우체국,고령덕곡우편취급국,40126,경상북도 고령군 덕곡면 덕운로 821,054-956-5701
경북청,고령우체국,고령성산우체국,40118,경북 고령군 성산면 성산로 902-4,054-954-4001
경북청,고령우체국,고령쌍림우체국,40163,경북 고령군 쌍림면 대가야로 608,054-955-0001
경북청,고령우체국,고령우곡우체국,40152,경북 고령군 우곡면 도진3길 7,054-955-4401
경북청,고령우체국,고령우체국,40136,경북 고령군 대가야읍 중앙로 1-1,054-954-0004
경북청,고령우체국,고령운수우체국,40123,경북 고령군 운수면 잣밭길 7,054-955-5002
경북청,칠곡우체국,왜관산업단지우체국,39909,경북 칠곡군 왜관읍 공단로4길 18-26,054-974-6100
경북청,칠곡우체국,칠곡가산우체국,39852,경북 칠곡군 가산면 경북대로 1566,054-971-7701
경북청,칠곡우체국,칠곡기산출장소,39914,경북 칠곡군 기산면 대밭골1길 14,054-971-5901
경북청,칠곡우체국,칠곡동명우체국,39859,경북 칠곡군 동명면 금암중앙길 54,054-976-9001
경북청,칠곡우체국,칠곡북삼우체국,39808,경북 칠곡군 북삼읍 인평중앙로 38,054-972-4001
경북청,칠곡우체국,칠곡석적우체국,39845,경상북도 칠곡군 석적읍 남중리6길 8,054-975-5501
경북청,칠곡우체국,칠곡약목우체국,39825,경북 칠곡군 약목면 약목로 109,054-974-4008
경북청,칠곡우체국,칠곡왜관리우편취급국,39894,경북 칠곡군 왜관읍 중앙로 183,054-972-0486
경북청,칠곡우체국,칠곡우체국,39886,경북 칠곡군 왜관읍 2번도로길 86,054-970-2553
경북청,칠곡우체국,칠곡지천우체국,39864,경북 칠곡군 지천면 신동로7길 22,054-972-2003
경북청,성주우체국,성주가천우체국,40060,경북 성주군 가천면 창금로 311,054-932-4001
경북청,성주우체국,성주금수우체국,40059,경북 성주군 금수면 성주로 1900,054-932-5001
경북청,성주우체국,성주대가우체국,40056,경북 성주군 대가면 여실길 5,054-932-6001
경북청,성주우체국,성주벽진우체국,40002,경북 성주군 벽진면 벽봉로 59,054-932-7001
경북청,성주우체국,성주선남우체국,40045,경북 성주군 선남면 관화길 83-1,054-932-1001
경북청,성주우체국,성주수륜우체국,40064,경북 성주군 수륜면 신파1길 10-7,054-932-3101
경북청,성주우체국,성주용암우체국,40053,경북 성주군 용암면 운용로 1024,054-932-2101
경북청,성주우체국,성주우체국,40024,경북 성주군 성주읍 성주로 3210,054-930-1211
경북청,성주우체국,성주월항우체국,40038,경북 성주군 월항면 주산로 370,054-932-9001
경북청,성주우체국,성주초전우체국,40013,경북 성주군 초전면 대장1길 28,054-932-8001
경북청,김천우체국,김천감문우체국,39509,경상북도 김천시 감문면 감문로 1125-3,054-430-5000
경북청,김천우체국,김천개령우체국,39515,경상북도 김천시 개령면 동부길 52-5,054-436-5001
경북청,김천우체국,김천구성우체국,39685,경상북도 김천시 구성면 남김천대로 2375-1,054-434-0600
경북청,김천우체국,김천금산동우편취급국,39522,경상북도 김천시 대학로 106 (교동),054-439-0987
경북청,김천우체국,김천남면우체국,39665,경상북도 김천시 남면 농남로 496-1,054-437-3008
경북청,김천우체국,김천농소우체국,39659,경상북도 김천시 농소면 농남로 54,054-431-6000
경북청,김천우체국,김천대덕우체국,39698,경상북도 김천시 대덕면 남김천대로 726,054-435-1001
경북청,김천우체국,김천봉산우체국,39563,경상북도 김천시 봉산면 덕천2길 4,054-436-7100
경북청,김천우체국,김천부곡동우체국,39629,경상북도 김천시 부곡맛고을1길 121 (부곡동),054-433-0283
경북청,김천우체국,김천부항우체국,39688,경상북도 김천시 부항면 부항로 993,054-435-2000
경북청,김천우체국,김천신음동우체국,39551,경상북도 김천시 신음새동네길 60 (신음동),054-431-2622
경북청,김천우체국,김천아포우체국,39675,경상북도 김천시 아포읍 한지2길 2,054-431-5001
경북청,김천우체국,김천어모우체국,39504,경상북도 김천시 어모면 어모로 254,054-430-3001
경북청,김천우체국,김천역전우체국,39608,경상북도 김천시 김천로 80 (평화동),054-432-0014
경북청,김천우체국,김천우체국,39590,경상북도 김천시 중앙시장3길 22 (모암동),054-434-0014
경북청,김천우체국,김천조마우체국,39693,경상북도 김천시 조마면 강곡1길 61,054-437-8001
경북청,김천우체국,김천증산우체국,39696,경상북도 김천시 증산면 증산1로 12,054-437-0100
경북청,김천우체국,김천지례우체국,39691,경상북도 김천시 지례면 장터길 14,054-434-0700
경북청,김천우체국,김천혁신도시우체국,39660,"경상북도 김천시 혁신로 274, 1층 (율곡동, 우정사업조달센터)",054-810-7779
경북청,김천우체국,직지사우체국,39564,경상북도 김천시 대항면 황악로 1446,054-436-6000
경북청,상주우체국,상주계림우편취급국,37179,경상북도 상주시 상산로 334 (냉림동),054-534-1161
경북청,상주우체국,상주공검우편취급국,37132,경상북도 상주시 공검면 양정1길 47 (양정리),054-535-6400
경북청,상주우체국,상주공성우체국,37267,경상북도 상주시 공성면 공성중앙로 29,054-532-4100
경북청,상주우체국,상주낙동우체국,37251,경상북도 상주시 낙동면 영남제일로 89-1,054-532-8100
경북청,상주우체국,상주내서우편취급국,37151,경상북도 상주시 내서면 낙서1길 62 (낙서리),054-533-0443
경북청,상주우체국,상주모동우체국,37271,경상북도 상주시 모동면 용호1길 19,054-533-3100
경북청,상주우체국,상주모서우체국,37275,경상북도 상주시 모서면 백화로 1374,054-533-5100
경북청,상주우체국,상주사벌우체국,37127,경상북도 상주시 사벌면 덕담1길 88,054-532-1100
경북청,상주우체국,상주상촌우체국,37249,경상북도 상주시 낙동면 상촌1길 34,054-532-5100
경북청,상주우체국,상주상촌우편취급국,37249,경상북도 상주시 낙동면 장천로 460 (상촌리),054-534-2240
경북청,상주우체국,상주외남우체국,37259,경상북도 상주시 외남면 청동로 1,054-532-9100
경북청,상주우체국,상주외남우편취급국,37259,경상북도 상주시 외남면 청동로 1 (신상리),054-531-3131
경북청,상주우체국,상주외서우체국,37136,경상북도 상주시 외서면 가곡1길 9,054-532-7100
경북청,상주우체국,상주우체국,37190,경상북도 상주시 중앙로 227 (성하동),054-530-8520
경북청,상주우체국,상주은척우체국,37104,경상북도 상주시 은척면 봉중1길 19,054-541-7100
경북청,상주우체국,상주이안우체국,37107,경상북도 상주시 이안면 무운로 1485,054-541-9100
경북청,상주우체국,상주중동우체국,37245,경상북도 상주시 중동면 오상1길 16,054-532-2100
경북청,상주우체국,상주청리우체국,37255,경상북도 상주시 청리면 청리중앙로 143,054-532-6100
경북청,상주우체국,상주함창우체국,37118,경상북도 상주시 함창읍 함창중앙로 109,054-541-3100
경북청,상주우체국,상주화동우체국,37146,경상북도 상주시 화동면 이소1길 36-3,054-533-4100
경북청,상주우체국,상주화북우체국,37102,경상북도 상주시 화북면 문장로 1713 (용유리),054-533-1100
경북청,상주우체국,상주화서우체국,37139,경상북도 상주시 화서면 화령북2길 5,054-533-8100
경북청,문경우체국,문경가은우체국,36996,경상북도 문경시 가은읍 대야로 2492,054-571-6000
경북청,문경우체국,문경농암우체국,37000,경상북도 문경시 농암면 청암2길 10-3,054-571-8000
경북청,문경우체국,문경동로우체국,36903,경상북도 문경시 동로면 노은2길 18,054-552-8000
경북청,문경우체국,문경마성우체국,36924,경상북도 문경시 마성면 모곡2길 5,054-571-1002
경북청,문경우체국,문경모전동우체국,36953,경상북도 문경시 중앙로 21 (모전동),054-552-8001
경북청,문경우체국,문경산북우체국,36910,경상북도 문경시 산북면 금천로 587,054-552-7001
경북청,문경우체국,문경산양우체국,36935,경상북도 문경시 산양면 불암2길 26,054-553-4004
경북청,문경우체국,문경새재우체국,36917,경상북도 문경시 문경읍 문희로 9,054-571-1500
경북청,문경우체국,문경신기동우체국,36988,경상북도 문경시 양달마길 3 (신기동),054-552-2262
경북청,문경우체국,문경영순우체국,36942,경상북도 문경시 영순면 영순로 279,054-552-6000
경북청,문경우체국,문경우체국,36970,경상북도 문경시 중앙8길 11 (점촌동),054-550-1300
경북청,문경우체국,문경호계우체국,36929,경상북도 문경시 호계면 막곡길 10,054-552-5001
경북청,영주우체국,영주단산우체국,36008,경상북도 영주시 단산면 아호로 31,054-633-4600
경북청,영주우체국,영주문수우체국,36171,경상북도 영주시 문수면 문수로1363번길 25,054-637-0001
경북청,영주우체국,영주봉현우체국,36047,경상북도 영주시 봉현면 노좌로 20,054-637-5600
경북청,영주우체국,영주부석우체국,36004,경상북도 영주시 부석면 부석로 65-1,054-633-3115
경북청,영주우체국,영주순흥우체국,36016,경상북도 영주시 순흥면 순흥로55번길 8 (읍내리),054-633-2001
경북청,영주우체국,영주안정우체국,36050,경상북도 영주시 안정면 용주로 1409,054-634-6500
경북청,영주우체국,영주우체국,36098,경상북도 영주시 중앙로 49 (영주동),054-639-7012
경북청,영주우체국,영주이산우체국,36169,경상북도 영주시 이산면 이산로 639,054-637-2001
경북청,영주우체국,영주장수우체국,36145,경상북도 영주시 장수면 장수로 46,054-637-6001
경북청,영주우체국,영주평은우체국,36174,경상북도 영주시 평은면 평은로903 (평은리),054-637-5001
경북청,영주우체국,영주풍기우체국,36026,경상북도 영주시 풍기읍 기주로 100,054-636-2800
경북청,영주우체국,영주하망동우체국,36080,경상북도 영주시 중앙로 132 (하망동),054-631-0001
경북청,영주우체국,영주휴천동우체국,36126,경북  영주시 선비로 55 (휴천동),054-634-0100
경북청,봉화우체국,봉화명호우체국,36252,경북 봉화군 명호면 양지마을길 7-12,054-672-1001
경북청,봉화우체국,봉화물야우체국,36202,경북 봉화군 물야면 문수로 986,054-672-2001
경북청,봉화우체국,봉화법전우체국,36219,경북 봉화군 법전면 법전로 99,054-672-4501
경북청,봉화우체국,봉화봉성우체국,36230,경북 봉화군 봉성면 봉명로 558,054-672-9001
경북청,봉화우체국,봉화상운우체국,36244,경북 봉화군 상운면 예봉로 1290,054-672-5001
경북청,봉화우체국,봉화석포우체국,36272,경북 봉화군 석포면 석포로1길 54,054-672-6001
경북청,봉화우체국,봉화소천우체국,36266,경북 봉화군 소천면 소천로 1269-5,054-672-7400
경북청,봉화우체국,봉화우체국,36239,경북 봉화군 봉화읍 봉화로 1158,054-679-0100
경북청,봉화우체국,봉화재산우체국,36262,경북 봉화군 재산면 재산로 521,054-672-8001
경북청,봉화우체국,봉화춘양우체국,36216,경북 봉화군 춘양면 춘양로 175,054-672-3300
경북청,예천우체국,예천감천우체국,36810,경북 예천군 감천면 포리2길 16-7,054-652-6100
경북청,예천우체국,예천보문우체국,36815,경북 예천군 보문면 미호길 136,054-654-1100
경북청,예천우체국,예천용궁우체국,36858,경북 예천군 용궁면 용궁로 86,054-653-6100
경북청,예천우체국,예천용문우체국,36835,경북 예천군 용문면 상금시장길 6-6,054-655-8100
경북청,예천우체국,예천우체국,36822,경상북도 예천군 예천읍 군청길 27,054-653-2001
경북청,예천우체국,예천유천우체국,36840,경북 예천군 유천면 예성로 693-1,054-653-5100
경북청,예천우체국,예천은풍우체국,36803,경상북도 예천군 은풍면 은풍로 76-2,054-652-7100
경북청,예천우체국,예천지보우체국,36853,경북 예천군 지보면 지보로 160,054-653-3100
경북청,예천우체국,예천풍양우체국,36865,경북 예천군 풍양면 낙상2길 48,054-653-7100
경북청,예천우체국,예천호명우체국,36848,경북 예천군 호명면 오천길 5,054-652-3100
경북청,예천우체국,예천효자우체국,36801,경상북도 예천군 효자면 도효자로 1469,054-653-2100
경북청,예천우체국,제322군사우편출장소,36842,경북 예천군 유천면 예성로 사서함 322,054-653-9100
경북청,청송우체국,주왕산우체국,37438,경상북도 청송군 주왕산면 부동로 1008,054-873-2802
경북청,청송우체국,청송광덕우편취급국,37402,경상북도 청송군 진보면 양정길 217,054-874-3517
경북청,청송우체국,청송부남우체국,37443,경상북도 청송군 부남면 대전로 122,054-872-3400
경북청,청송우체국,청송안덕우체국,37451,경상북도 청송군 안덕면 안덕로 52 ),054-872-0001
경북청,청송우체국,청송우체국,37429,경상북도 청송군 청송읍 중앙로 249-8,054-870-2012
경북청,청송우체국,청송진보우체국,37409,경상북도 청송군 진보면 진보로 116,054-874-2001
경북청,청송우체국,청송파천우체국,37416,경상북도 청송군 파천면 청송로 5532,054-872-3200
경북청,청송우체국,청송현동우체국,37456,경상북도 청송군 현동면 도평관길 14,054-872-8001
경북청,청송우체국,청송현서우체국,37462,경상북도 청송군 현서면 구산동로 26,054-872-3020
경북청,영양우체국,영양석보우체국,36560,경상북도 영양군 석보면 원리길 6-1,054-682-8001
경북청,영양우체국,영양수비우체국,36521,경상북도 영양군 수비면 한티로 473-7 (발리리),054-682-9001
경북청,영양우체국,영양우체국,36540,경상북도 영양군 영양읍 중앙로 90,054-682-0001
경북청,영양우체국,영양일월우체국,36515,경상북도 영양군 일월면 영양로 2373,054-682-5001
경북청,영양우체국,영양입암우체국,36548,경상북도 영양군 입암면 입암로 92,054-682-4001
경북청,영양우체국,영양청기우체국,36506,경상북도 영양군 청기면 청기로 1617-6,054-683-6001
경북청,영덕우체국,영덕강구우체국,36455,경상북도 영덕군 강구면 강구대게길 23,054-733-4001
경북청,영덕우체국,영덕남정우체국,36463,경상북도 영덕군 남정면 진불길 27,054-732-5202
경북청,영덕우체국,영덕달산우체국,36448,경상북도 영덕군 달산면 팔각산로 1825,054-732-3502
경북청,영덕우체국,영덕병곡우체국,36404,경상북도 영덕군 병곡면 병곡길 40,054-732-2002
경북청,영덕우체국,영덕영해우체국,36411,경상북도 영덕군 영해면 예주시장3길 7,054-732-0002
경북청,영덕우체국,영덕우체국,36432,경상북도 영덕군 영덕읍 덕곡길 90,054-730-2003
경북청,영덕우체국,영덕지품우체국,36444,경상북도  영덕군 지품면 경동로 7159,054-732-3004
경북청,영덕우체국,영덕창수우체국,36401,경상북도  영덕군 창수면 창수영해로 21,054-732-6002
경북청,영덕우체국,영덕축산우체국,36421,경상북도 영덕군 축산면 영덕대게로 2084,054-732-4003
경북청,울진우체국,울진근남우체국,36334,경북 울진군 근남면 울진북로 148,054-782-4777
경북청,울진우체국,울진금강송우체국,36301,경상북도 울진군 금강송면 불영계곡로 1701,054-782-9001
경북청,울진우체국,울진기성우체국,36348,경상북도 울진군 기성면 척산3길 11,054-787-6205
경북청,울진우체국,울진매화우체국,36339,경상북도 울진군 매화면 매화1길 51,054-782-7001
경북청,울진우체국,울진북면우체국,36305,경상북도 울진군 북면 부구3길 14-3,054-782-0255
경북청,울진우체국,울진온정우체국,36358,경상북도 울진군 온정면 소태로 9-16,054-787-3205
경북청,울진우체국,울진우체국,36324,경상북도 울진군 울진읍 연호로 19,054-780-1261
경북청,울진우체국,울진죽변우체국,36315,경상북도 울진군 죽변면 죽변중앙로 173,054-783-7400
경북청,울진우체국,울진평해우체국,36366,경상북도 울진군 평해읍 평해로 78,054-787-5005
경북청,울진우체국,울진후포우체국,36369,경상북도 울진군 후포면 후포로 154-2,054-788-2500
경북청,의성우체국,의성가음우편취급국,37358,경상북도 의성군 가음면 금성현서로 471,054-000-0000
경북청,의성우체국,의성구천우편취급국,37367,경상북도 의성군 구천면 소보안계로 1619 (유산리),
경북청,의성우체국,의성다인우체국,37303,경상북도 의성군 다인면 서릉1길 6,054-861-6000
경북청,의성우체국,의성단밀우체국,37374,경상북도 의성군 단밀면 중동단밀로 963,054-862-0001
경북청,의성우체국,의성단북우체국,37371,경상북도 의성군 단북면 중련길 6-1,054-861-0003
경북청,의성우체국,의성단촌우체국,37327,경상북도 의성군 단촌면 장터길 20,054-833-2000
경북청,의성우체국,의성봉양우체국,37362,경상북도 의성군 봉양면 도리원3길 5,054-832-2000
경북청,의성우체국,의성비안우체국,37364,경상북도 의성군 비안면 강변길 94,054-861-5700
경북청,의성우체국,의성사곡우체국,37347,경상북도 의성군 사곡면 의성사곡로 967,054-833-0030
경북청,의성우체국,의성안계우체국,37312,경상북도 의성군 안계면 안계시장길 54,054-861-0001
경북청,의성우체국,의성안평우체국,37318,경상북도 의성군 안평면 봉호로 918,054-832-5100
경북청,의성우체국,의성옥산우체국,37322,경상북도 의성군 옥산면 입암1길 47,054-833-3551
경북청,의성우체국,의성우체국,37338,경상북도 의성군 의성읍 중앙길 60,054-830-3018
경북청,의성우체국,의성점곡우체국,37321,경상북도 의성군 점곡면 점곡길 79,054-833-4001
경북청,의성우체국,의성춘산우체국,37348,경상북도 의성군 춘산면 옥정2길 7,054-833-4900
경북청,의성우체국,의성춘산우편취급국,37348,경상북도 의성군 춘산면 옥정2길 7 (옥정리),054-000-0000
경북청,의성우체국,의성탑리우체국,37356,경상북도 의성군 금성면 탑리길 77,054-834-0001
경북청,영천우체국,영천고경우체국,38901,경북  영천시 고경면 호국로 1081,054-336-3115
경북청,영천우체국,영천교동우편취급국,38842,경북 영천시 최무선로 214(성내동),054-331-6828
경북청,영천우체국,영천금호우체국,38877,경상북도 영천시 금호읍 금호로 130 (교대리),054-334-0001
경북청,영천우체국,영천단포우체국,38900,경북  영천시 고경면 호국로 496,054-335-2001
경북청,영천우체국,영천대창우체국,38911,경북 영천시 대창면 금창로 682,054-335-4001
경북청,영천우체국,영천문외동우체국,38851,경북  영천시 최무선로 325-1(문외동),054-331-3001
경북청,영천우체국,영천북안우체국,38907,경북 영천시 북안면 임포역길 91,054-333-6801
경북청,영천우체국,영천신녕우체국,38803,경북  영천시 신녕면 장수로 1702,054-332-0001
경북청,영천우체국,영천영동우편취급국,38858,경상북도 영천시 호국로 57-1 (야사동),054-333-4588
경북청,영천우체국,영천우체국,38890,경북  영천시 완산로 11(완산동),054-339-3033
경북청,영천우체국,영천임고우체국,38817,경북 영천시 임고면 운주로 21,054-335-7001
경북청,영천우체국,영천자양우체국,38814,경북 영천시 자양면 포은로 1625-7,054-336-8001
경북청,영천우체국,영천작산동우편취급국,38897,경북 영천시 범어1길 7(작산동),054-335-9307
경북청,영천우체국,영천청통우체국,38869,경북 영천시 청통면 금송로 976,054-335-6001
경북청,영천우체국,영천화남우체국,38810,경북  영천시 화남면 천문로 1618-8,054-337-6900
경북청,영천우체국,영천화북우체국,38813,경상북도 영천시 화북면 화북길 56-1 (자천리),054-337-6001
경북청,영천우체국,영천화산우체국,38807,경북 영천시 화산면 장수로 932,054-335-5001
경북청,영천우체국,제135군사우편출장소,38900,경북 영천시 고경면 호국로 495,054-332-2114
경북청,울릉우체국,울릉서면우체국,40235,경북 울릉군 서면 남양5길 29,054-791-4900
경북청,울릉우체국,울릉우체국,40221,경상북도 울릉군 울릉읍 도동2길 80,054-791-0515
경북청,울릉우체국,울릉저동우체국,40219,경북 울릉군 울릉읍 봉래2길 14,054-791-2238
경북청,울릉우체국,울릉천부우체국,40210,경북 울릉군 북면 천부길 18,054-791-6000
경북청,울릉우체국,울릉태하우편취급국,40202,경상북도 울릉군 서면 태하2길 14 (태하리),054-791-3629
경북청,안동우편집중국,안동우편집중국,36709,경상북도 안동시 축제장길 262 (운흥동),054-850-2512
경북청,포항우편집중국,포항우편집중국,37653,경북 포항시 북구 흥해읍 새마을로 379,054-230-7915
전북청,전북지방우정청,전북지방우정청,54966,전북특별자치도 전주시 완산구 서원로 99 (효자동2가),063-240-3500
전북청,전주우체국,전북도청출장소,54968,전북특별자치도 전주시 완산구 효자로 225 (효자동3가),063-223-0497
전북청,전주우체국,전주경원동우체국,55038,전북특별자치도 전주시 완산구 전라감영5길 20 (경원동1가),063-285-2630
전북청,전주우체국,전주광진우편취급국,55095,전북특별자치도 전주시 완산구 안행로 107 (효자동1가),063-221-5114
전북청,전주우체국,전주교동우편취급국,55045,전북특별자치도 전주시 완산구 향교길 105 (교동),063-285-9170
전북청,전주우체국,전주근영우편취급국,54976,전북특별자치도 전주시 완산구 중화산로 98 (중화산동2가),063-225-6167
전북청,전주우체국,전주기전대학우편취급국,54989,전북특별자치도 전주시 완산구 전주천서로 267 (중화산동1가),063-285-0130
전북청,전주우체국,전주대학교우편취급국,55069,"전북특별자치도 전주시 완산구 천잠로 303 (효자동2가,전주대학교)",063-220-2599
전북청,전주우체국,전주동부우편취급국,55039,전북특별자치도 전주시 완산구 충경로 106 (풍남동1가),063-283-1088
전북청,전주우체국,전주삼천동우체국,55089,전북특별자치도 전주시 완산구 거마중앙로 47 (삼천동1가),063-225-0534
전북청,전주우체국,전주서부우편취급국,55088,전북특별자치도 전주시 완산구 하거마3길 25-14,063-222-2927
전북청,전주우체국,전주서신동우체국,54951,전북특별자치도 전주시 완산구 서신천변14길 6-5 (서신동),063-271-1761
전북청,전주우체국,전주서원우편취급국,55051,전북특별자치도 전주시 완산구 거마평로 218 (효자동1가),063-225-2100
전북청,전주우체국,전주서학동우체국,55102,전북특별자치도 전주시 완산구 팔달로 15 (서서학동),063-286-2004
전북청,전주우체국,전주우체국,54966,전북특별자치도 전주시 완산구 서원로 99 (효자동2가),063-230-2635
전북청,전주우체국,전주중노송동우체국,55011,전북특별자치도 전주시 완산구 인봉북로 2 (중노송동),063-287-6764
전북청,전주우체국,전주중화산동우체국,54984,전북특별자치도 전주시 완산구 백제대로 280 (중화산동2가),063-222-0115
전북청,전주우체국,전주태평동우체국,54997,전북특별자치도 전주시 완산구 태평3길 35 (태평동),063-274-4532
전북청,전주우체국,전주평화동우체국,55124,전북특별자치도 전주시 완산구 평화로 164 (평화동2가),063-227-2680
전북청,전주우체국,전주효자3동우체국,55080,전북특별자치도 전주시 완산구 효자천변2길 15 (효자동1가),063-226-5003
전북청,전주우체국,전주효자4동우체국,54956,전북특별자치도 전주시 완산구 서곡로 94 (효자동3가),063-275-7624
전북청,전주우체국,전주효자동우체국,55049,전북특별자치도 전주시 완산구 용머리로 127 (효자동1가),063-223-2300
전북청,동전주우체국,동전주우체국,54917,전북특별자치도 전주시 덕진구 백제대로 714 (인후동2가),063-240-3842
전북청,동전주우체국,전북대학교우편취급국,54896,"전북특별자치도 전주시 덕진구 백제대로 567 (금암동,전북대학교)",063-270-3643
전북청,동전주우체국,전주금암2동우편취급국,54930,전북특별자치도 전주시 덕진구 조경단로 51 (금암동),063-254-1660
전북청,동전주우체국,전주덕진동우체국,54890,전북특별자치도 전주시 덕진구 추탄로 30 (덕진동2가),063-274-4232
전북청,동전주우체국,전주법원우체국,54867,"전북특별자치도 전주시 덕진구 가인로 33 (만성동, 전주지방법원)",063-274-4120
전북청,동전주우체국,전주성덕우편취급국,54802,전북특별자치도 전주시 덕진구 번영로 214 (성덕동),063-211-3024
전북청,동전주우체국,전주송천동우체국,54835,전북특별자치도 전주시 덕진구 송천중앙로 162 (송천동1가),063-251-3271
전북청,동전주우체국,전주에코시티우편취급국,55150,"전북특별자치도 전주시 덕진구 세병로 130, 상가109호 (송천동2가, 에코시티데시앙네스트)",063-252-1050
전북청,동전주우체국,전주여의동우체국,54847,전북특별자치도 전주시 덕진구 쪽구름로 80 (여의동),063-213-4421
전북청,동전주우체국,전주인후1동우편취급국,55008,전북특별자치도 전주시 덕진구 팽나무1길 13 (인후동1가),063-246-2854
전북청,동전주우체국,전주인후3동우체국,55024,전북특별자치도 전주시 덕진구 아중로 143 (인후동1가),063-245-1708
전북청,동전주우체국,전주인후동우체국,54913,전북특별자치도 전주시 덕진구 견훤로 312 (인후동1가),063-243-0115
전북청,동전주우체국,전주장동우체국,54866,전북특별자치도 전주시 덕진구 출판로 90 (장동 1088-1),063-716-9561
전북청,동전주우체국,전주전은빌딩우편취급국,54931,전북특별자치도 전주시 덕진구 백제대로 566 (금암동),063-250-7932
전북청,동전주우체국,전주진북2동우체국,54938,전북특별자치도 전주시 덕진구 벚꽃로 25 (진북동),063-253-1251
전북청,동전주우체국,전주진북동우체국,54928,전북특별자치도 전주시 덕진구 권삼득로 142 (진북동),063-274-4631
전북청,동전주우체국,전주팔복동우체국,54845,전북특별자치도 전주시 덕진구 신복5길 4 (팔복동1가),063-212-7285
전북청,동전주우체국,전주현대우편취급국,54888,전북특별자치도 전주시 덕진구 사평로 41 (덕진동1가),063-232-7474
전북청,동전주우체국,전주호성동우체국,54903,전북특별자치도 전주시 덕진구 호성3길 10 (호성동1가),063-274-3121
전북청,전주우편집중국,전주우편집중국,55316,전북특별자치도 완주군 봉동읍 둔산3로 102,063-260-7742
전북청,익산우체국,익산2공단우체국,54586,전북특별자치도 익산시 석암로3길 67 (팔봉동),063-831-3012
전북청,익산우체국,익산금마우체국,54572,전북특별자치도 익산시 금마면 금마길 55,063-836-6002
전북청,익산우체국,익산남중동우체국,54622,전북특별자치도 익산시 인북로 242 (남중동),063-854-0011
전북청,익산우체국,익산낭산우체국,54521,전북특별자치도 익산시 낭산면 함낭로 951,063-861-5701
전북청,익산우체국,익산동산동우체국,54676,전북특별자치도 익산시 평동로 734 (동산동),063-857-5839
전북청,익산우체국,익산망성우체국,54515,전북특별자치도 익산시 망성면 무네미길 107,063-861-8700
전북청,익산우체국,익산부송동우체국,54562,전북특별자치도 익산시 부송1로 67-4 (부송동),063-832-2375
전북청,익산우체국,익산삼기우체국,54527,전북특별자치도 익산시 삼기면 황금로 516,063-858-8200
전북청,익산우체국,익산서송학우편취급국,54665,"전북특별자치도 익산시 배산로1길 50 (송학동,송학우편취급국)",063-854-0012
전북청,익산우체국,익산성당우체국,54505,전북특별자치도 익산시 성당면 성당로 200,063-861-1233
전북청,익산우체국,익산소라우편취급국,54647,전북특별자치도 익산시 인북로 327-4 (신동),063-854-4200
전북청,익산우체국,익산신동우체국,54645,전북특별자치도 익산시 익산대로64길 22 (신동),063-852-3344
전북청,익산우체국,익산여산우체국,54520,전북특별자치도 익산시 여산면 가람로 382,063-836-5000
전북청,익산우체국,익산영등2동우체국,54546,전북특별자치도 익산시 무왕로13길 20 (영등동),063-836-0119
전북청,익산우체국,익산영등동우체국,54630,전북특별자치도 익산시 동서로 370  익산비즈니스센터 B동 지하1층(영등동) 익산영등동우체국,063-831-9201
전북청,익산우체국,익산오산우체국,54670,전북특별자치도 익산시 오산면 평동로 313,063-852-7441
전북청,익산우체국,익산왕궁우체국,54576,전북특별자치도 익산시 왕궁면 왕궁로 533,063-832-4000
전북청,익산우체국,익산용동출장소,54513,전북특별자치도 익산시 용동면 용동1길 85,063-862-4001
전북청,익산우체국,익산용안우체국,54507,전북특별자치도 익산시 용안면 현내로 379,063-861-4401
전북청,익산우체국,익산우체국,54654,전북특별자치도 익산시 배산로 171 (모현동2가),063-840-8340
전북청,익산우체국,익산웅포우체국,54501,전북특별자치도 익산시 웅포면 강변로 11,063-862-6402
전북청,익산우체국,익산원광대학교우편취급국,54538,전북특별자치도 익산시 익산대로 460 원광대학교 (신동),063-852-0600
전북청,익산우체국,익산주현동우체국,54605,전북특별자치도 익산시 서동로 53 (주현동),063-856-8008
전북청,익산우체국,익산중앙동우체국,54601,전북특별자치도 익산시 평동로7길 57 (중앙동3가),063-855-5547
전북청,익산우체국,익산춘포우체국,54581,전북특별자치도 익산시 춘포면 춘포2길 17,063-842-7100
전북청,익산우체국,익산터질목우편취급국,54640,"전북특별자치도 익산시 하나로 357 (어양동,쌍용아파트)",063-831-3100
전북청,익산우체국,익산팔봉동우체국,54582,전북특별자치도 익산시 무왕로 1383 (팔봉동),063-835-2701
전북청,익산우체국,익산함라우체국,54502,전북특별자치도 익산시 함라면 천남길 2,063-856-9001
전북청,익산우체국,익산함열우체국,54511,전북특별자치도 익산시 함열읍 함열중앙로 41,063-861-7301
전북청,익산우체국,익산황등우체국,54533,전북특별자치도 익산시 황등면 황등로 105,063-856-6000
전북청,군산우체국,군산개정우체국,54064,전북특별자치도 군산시 개정면 아동남로 29,063-452-9702
전북청,군산우체국,군산경암동우체국,54037,전북특별자치도 군산시 해망로 38 (경암동),063-445-7323
전북청,군산우체국,군산나운2동우체국,54136,전북특별자치도 군산시 백토로 111 (나운동),063-462-0820
전북청,군산우체국,군산나운동우체국,54139,전북특별자치도 군산시 공단대로 400 (나운동),063-466-1831
전북청,군산우체국,군산나포우체국,54048,전북특별자치도 군산시 나포면 십자들로 648,063-453-1300
전북청,군산우체국,군산대야우체국,54060,전북특별자치도 군산시 대야면 번영로 883,063-451-2001
전북청,군산우체국,군산대학교우편취급국,54150,"전북특별자치도 군산시 대학로 558 (미룡동,군산대학교)",063-469-4991
전북청,군산우체국,군산문화동우체국,54133,전북특별자치도 군산시 팔마로 14 (문화동),063-462-2100
전북청,군산우체국,군산산업단지우체국,54005,전북특별자치도 군산시 요죽3길 14 (오식도동),063-468-5976
전북청,군산우체국,군산서수우체국,54055,전북특별자치도 군산시 서수면 항쟁로 208,063-453-3400
전북청,군산우체국,군산선유도우체국,54000,전북특별자치도 군산시 옥도면 선유북길 69,063-465-0007
전북청,군산우체국,군산성산우체국,54046,전북특별자치도 군산시 성산면 동군산로 52,063-453-0200
전북청,군산우체국,군산세종우편취급국,54074,"전북특별자치도 군산시 백릉로 162 (조촌동,삼성아파트)",063-452-9887
전북청,군산우체국,군산소룡동우체국,54011,전북특별자치도 군산시 공항로 89 (소룡동),063-468-9100
전북청,군산우체국,군산수송동우체국,54101,전북특별자치도 군산시 월명로 211 (수송동),063-731-0072
전북청,군산우체국,군산어청도우체국,54000,전북특별자치도 군산시 옥도면 어청도길 49-2,063-466-7002
전북청,군산우체국,군산옥구우체국,54172,전북특별자치도 군산시 옥구읍 상평로 17,063-464-9718
전북청,군산우체국,군산옥산우체국,54176,전북특별자치도 군산시 옥산면 산성로 227,063-464-4500
전북청,군산우체국,군산옥서우체국,54168,전북특별자치도 군산시 옥서면 원성산1길 28,063-471-4800
전북청,군산우체국,군산우체국,54025,전북특별자치도 군산시 우체통거리1길 20 (중앙로1가),063-440-6121
전북청,군산우체국,군산임피우체국,54056,전북특별자치도 군산시 임피면 동군산로 683,063-453-2300
전북청,군산우체국,군산임피우편취급국,54056,전북특별자치도 군산시 임피면 동군산로 683 (읍내리),063-451-2301
전북청,군산우체국,군산자유무역관리원,54001,전북특별자치도 군산시 자유로 482(오식도 513),063-468-5977
전북청,군산우체국,군산조촌동우체국,54078,전북특별자치도 군산시 조촌로 13 (조촌동),063-452-2106
전북청,군산우체국,군산지곡동우체국,54103,전북특별자치도 군산시 백토로 227 (지곡동),063-463-0035
전북청,군산우체국,군산지원우체국,54079,전북특별자치도 군산시 법원로 68 (조촌동),063-452-7800
전북청,군산우체국,군산회현우체국,54177,전북특별자치도 군산시 회현면 대위로 431,063-466-6000
전북청,군산우체국,군산회현우편취급국,54177,전북특별자치도 군산시 회현면 대위로 431 (대정리),063-0000-0000
전북청,정읍우체국,정읍감곡우체국,56109,전북특별자치도 정읍시 감곡면 원삼3길 2,063-571-3333
전북청,정읍우체국,정읍감곡우편취급국,56109,전북특별자치도 정읍시 감곡면 원삼3길 2 (방교리),063-0000-0000
전북청,정읍우체국,정읍고부우체국,56151,전북특별자치도 정읍시 고부면 교동3길 10-9,063-536-0002
전북청,정읍우체국,정읍금붕동우편취급국,56196,전북특별자치도 정읍시 내장산로 283 (금붕동),063-536-4043
전북청,정읍우체국,정읍덕천우체국,56149,전북특별자치도 정읍시 덕천면 내정3길 4,063-536-0201
전북청,정읍우체국,정읍북면우체국,56135,전북특별자치도 정읍시 북면 정읍북로 502,063-535-0402
전북청,정읍우체국,정읍산내우체국,56127,전북특별자치도 정읍시 산내면 능교1길 18,063-538-4002
전북청,정읍우체국,정읍산외우편취급국,56124,전북특별자치도 정읍시 산외면 운전2길 2 (평사리),063-0000-0000
전북청,정읍우체국,정읍상동우체국,56189,전북특별자치도 정읍시 충정로 120 (상동),063-536-6007
전북청,정읍우체국,정읍소성우체국,56214,전북특별자치도 정읍시 소성면 보화1길 129-1,063-537-6002
전북청,정읍우체국,정읍수성동우체국,56175,전북특별자치도 정읍시 수성로 45 (수성동),063-532-8005
전북청,정읍우체국,정읍신태인우체국,56106,전북특별자치도 정읍시 신태인읍 신태인1길 31-8,063-571-2002
전북청,정읍우체국,정읍영원우체국,56146,전북특별자치도 정읍시 영원면 영원로 1084-1,063-535-7000
전북청,정읍우체국,정읍옹동우체국,56118,전북특별자치도 정읍시 옹동면 옹지동촌로 224,063-537-8002
전북청,정읍우체국,정읍우체국,56160,전북특별자치도 정읍시 조곡천1길 27 (연지동),063-530-7755
전북청,정읍우체국,정읍이평우체국,56144,전북특별자치도 정읍시 이평면 황토현로 311,063-534-1002
전북청,정읍우체국,정읍입암우체국,56216,전북특별자치도 정읍시 입암면 정읍남로 793-4,063-534-2000
전북청,정읍우체국,정읍정우우체국,56142,전북특별자치도 정읍시 정우면 정신로 584-1,063-537-9002
전북청,정읍우체국,정읍칠보우체국,56128,전북특별자치도 정읍시 칠보면 칠보중앙로 103,063-534-3002
전북청,정읍우체국,정읍태인우체국,56115,전북특별자치도 정읍시 태인면 향교1길 5,063-534-4403
전북청,완주우체국,완주경천우편취급국,55302,전북특별자치도 완주군 경천면 대둔산로 238 (경천리),063-0000-0000
전북청,완주우체국,완주고산우체국,55311,전북특별자치도 완주군 고산면 고산로 96,063-263-4000
전북청,완주우체국,완주구이우체국,55362,전북특별자치도 완주군 구이면 하학길 6,063-222-0002
전북청,완주우체국,완주동상우체국,55345,전북특별자치도 완주군 동상면 동상로 1412,063-243-9000
전북청,완주우체국,완주봉동우체국,55326,전북특별자치도 완주군 봉동읍 봉동로 157,063-262-2002
전북청,완주우체국,완주비봉우체국,55306,전북특별자치도 완주군 비봉면 비봉소농길 27,063-262-6000
전북청,완주우체국,완주상관우체국,55359,전북특별자치도 완주군 상관면 신리로 59,063-282-5000
전북청,완주우체국,완주소양우체국,55356,전북특별자치도 완주군 소양면 소양로 232,063-243-8000
전북청,완주우체국,완주용진우체국,55349,전북특별자치도 완주군 용진읍 완주로 178,063-243-7000
전북청,완주우체국,완주우체국,55340,전북특별자치도 완주군 삼례읍 삼봉로 19,063-291-4800
전북청,완주우체국,완주운주우체국,55300,전북특별자치도 완주군 운주면 운주로 108,063-263-7000
전북청,완주우체국,완주이서우체국,55366,전북특별자치도 완주군 이서면 이서로 65,063-222-9000
전북청,완주우체국,완주화산우체국,55304,전북특별자치도 완주군 화산면 화산로 830-18,063-263-5000
전북청,완주우체국,우석대학교우편취급국,55338,전북특별자치도 완주군 삼례읍 삼례로 443,063-291-8342
전북청,완주우체국,전주과학산업단지우체국,55316,전북특별자치도 완주군 봉동읍 둔산3로 102,063-260-7890
전북청,임실우체국,89군사우편출장소,55929,전북특별자치도 임실군 임실읍 감천로 55-77,063-643-4720
전북청,임실우체국,임실강진우체국,55939,전북특별자치도 임실군 강진면 호국로 52 (갈담리),063-643-1002
전북청,임실우체국,임실관촌우체국,55910,전북특별자치도 임실군 관촌면 사선로 33,063-642-0003
전북청,임실우체국,임실덕치우체국,55941,전북특별자치도 임실군 덕치면 인덕로 1397-1,063-643-5001
전북청,임실우체국,임실삼계우체국,55946,전북특별자치도 임실군 삼계면 충효로 1293,063-642-7500
전북청,임실우체국,임실성수우체국,55918,전북특별자치도 임실군 성수면 임진로 204,063-642-9000
전북청,임실우체국,임실신덕우체국,55902,전북특별자치도 임실군 신덕면 수지로 99,063-643-0402
전북청,임실우체국,임실신평우체국,55911,전북특별자치도 임실군 신평면 원천1길 3,063-643-7001
전북청,임실우체국,임실오수우체국,55951,전북특별자치도 임실군 오수면 삼일로 19,063-642-5001
전북청,임실우체국,임실우체국,55928,전북특별자치도 임실군 임실읍 봉황8길 27,063-640-3721
전북청,임실우체국,임실운암우체국,55904,전북특별자치도 임실군 운암면 임운로 1883-6,063-643-0001
전북청,임실우체국,임실지사우체국,55921,전북특별자치도 임실군 지사면 충효로 2411,063-642-4002
전북청,임실우체국,임실청웅우체국,55934,전북특별자치도 임실군 청웅면 청웅로 164,063-643-8000
전북청,임실우체국,임실하운암우편취급국,55906,전북특별자치도 임실군 운암면 강운로  991-35,063-643-3466
전북청,진안우체국,진안동향우체국,55447,전북특별자치도 진안군 동향면 양지길 37,063-432-8001
전북청,진안우체국,진안마령우체국,55451,전북특별자치도 진안군 마령면 임진로 2097,063-432-3501
전북청,진안우체국,진안백운우체국,55453,전북특별자치도 진안군 백운면 임진로 1322,063-432-5001
전북청,진안우체국,진안부귀우체국,55416,전북특별자치도 진안군 부귀면 신거석길 8,063-432-8901
전북청,진안우체국,진안상전우체국,55412,전북특별자치도 진안군 상전면 회사길 17-4,063-432-9901
전북청,진안우체국,진안성수우체국,55459,전북특별자치도 진안군 성수면 관진로 787,063-432-9101
전북청,진안우체국,진안안천우체국,55407,전북특별자치도 진안군 안천면 보한길 16,063-432-4001
전북청,진안우체국,진안용담우체국,55405,전북특별자치도 진안군 용담면 안용로 999,063-433-7077
전북청,진안우체국,진안우체국,55432,전북특별자치도 진안군 진안읍 진무로 1114,063-430-5720
전북청,진안우체국,진안정천우체국,55409,전북특별자치도 진안군 정천면 봉학로 73,063-432-6001
전북청,진안우체국,진안주천우체국,55402,전북특별자치도 진안군 주천면 동상주천로 2232,063-432-7001
전북청,무주우체국,무주무풍우체국,55559,전북특별자치도 무주군 무풍면 현내로 230,063-324-4400
전북청,무주우체국,무주부남우체국,55503,전북특별자치도 무주군 부남면 대소길 24,063-322-0002
전북청,무주우체국,무주설천우체국,55548,전북특별자치도 무주군 설천면 무설로 1606,063-324-7001
전북청,무주우체국,무주안성우체국,55535,전북특별자치도 무주군 안성면 시장윗길 6,063-323-0001
전북청,무주우체국,무주우체국,55517,전북특별자치도 무주군 무주읍 주계로 100,063-322-4005
전북청,무주우체국,무주적상우체국,55527,전북특별자치도 무주군 적상면 적상산로 24,063-324-6001
전북청,김제우체국,김제공덕우편취급국,54320,전북특별자치도 김제시 공덕면 공덕로 238 (마현리),063-548-8787
전북청,김제우체국,김제광활우체국,54301,전북특별자치도 김제시 광활면 광활11길 30-4,063-543-6000
전북청,김제우체국,김제금구우체국,54351,전북특별자치도 김제시 금구면 금구로 45,063-546-5000
전북청,김제우체국,김제금산우체국,54347,전북특별자치도 김제시 금산면 모악로 3 (원평리),063-543-0001
전북청,김제우체국,김제만경우체국,54307,전북특별자치도 김제시 만경읍 두내산로 48,063-542-5001
전북청,김제우체국,김제백구우체국,54328,전북특별자치도 김제시 백구면 번영로 2514,063-542-2003
전북청,김제우체국,김제백산우체국,54365,전북특별자치도 김제시 백산면 학당길 6,063-542-7301
전북청,김제우체국,김제봉남우체국,54356,전북특별자치도 김제시 봉남면 봉남로 429-1,063-543-8000
전북청,김제우체국,김제부량우체국,54425,전북특별자치도 김제시 부량면 부량로 11,063-547-9000
전북청,김제우체국,김제부량우편취급국,54425,전북특별자치도 김제시 부량면 부량로 11 (대평리),063-0000-0000
전북청,김제우체국,김제성덕우체국,54316,전북특별자치도 김제시 성덕면 지평선로 90,063-543-7000
전북청,김제우체국,김제신풍동우체국,54392,전북특별자치도 김제시 중앙로 206 (신풍동),063-545-2501
전북청,김제우체국,김제역전우편취급국,54402,전북특별자치도 김제시 중앙로 283 (신풍동),063-547-1338
전북청,김제우체국,김제용지우체국,54332,전북특별자치도 김제시 용지면 용지로 448,063-542-9300
전북청,김제우체국,김제우체국,54383,전북특별자치도 김제시 중앙로 85 (요촌동),063-547-1027
전북청,김제우체국,김제월촌동우체국,54418,전북특별자치도 김제시 벽골제로 802 (입석동),063-542-7401
전북청,김제우체국,김제죽산우체국,54419,전북특별자치도 김제시 죽산면 해학로 20 (죽산리),063-547-0034
전북청,김제우체국,김제진봉우체국,54303,전북특별자치도 김제시 진봉면 진봉로 488,063-543-3301
전북청,김제우체국,김제청하우체국,54309,전북특별자치도 김제시 청하면 만경로 1433,063-543-1001
전북청,김제우체국,김제황산우체국,54353,전북특별자치도 김제시 황산면 용마로 64,063-547-1002
전북청,부안우체국,부안격포우편취급국,56337,전북특별자치도 부안군 변산면 격포로 235 (격포리),0000-0000-0000
전북청,부안우체국,부안계화우체국,56301,전북특별자치도 부안군 계화면 간재로 400,063-582-1001
전북청,부안우체국,부안곰소우체국,56346,전북특별자치도 부안군 진서면 청자로 937-1,063-582-7001
전북청,부안우체국,부안동진우체국,56303,전북특별자치도 부안군 동진면 동진로 88,063-582-7801
전북청,부안우체국,부안백산우체국,56321,전북특별자치도 부안군 백산면 시기길 14,063-582-2001
전북청,부안우체국,부안변산우체국,56342,전북특별자치도 부안군 변산면 지서로 77,063-582-8001
전북청,부안우체국,부안보안우체국,56329,전북특별자치도 부안군 보안면 부안로 1134,063-582-3001
전북청,부안우체국,부안상서우체국,56335,전북특별자치도 부안군 상서면 부안로 2004,063-582-5001
전북청,부안우체국,부안서외우편취급국,56311,전북특별자치도 부안군 부안읍 번영로 94-1,063-584-2363
전북청,부안우체국,부안우체국,56308,전북특별자치도 부안군 부안읍 석정로 192,063-582-0014
전북청,부안우체국,부안위도우체국,56348,전북특별자치도 부안군 위도면 위도로 259,063-583-3801
전북청,부안우체국,부안주산우체국,56327,전북특별자치도 부안군 주산면 선돌로 364 ),063-582-6001
전북청,부안우체국,부안줄포우체국,56326,전북특별자치도 부안군 줄포면 줄포중앙로 52,063-582-0001
전북청,부안우체국,부안하서우체국,56333,전북특별자치도 부안군 하서면 신지길 1,063-582-4001
전북청,부안우체국,부안행안우체국,56303,전북특별자치도 부안군 행안면 변산로 134,063-582-7901
전북청,고창우체국,고창고수우체국,56447,전북특별자치도 고창군 고수면 고수로 5,063-562-0002
전북청,고창우체국,고창공음우체국,56460,전북특별자치도 고창군 공음면 공음길 47-1,063-562-7002
전북청,고창우체국,고창대산우체국,56468,전북특별자치도 고창군 대산면 대성로 266-6,063-562-8002
전북청,고창우체국,고창무장우체국,56455,전북특별자치도 고창군 무장면 무장읍성길 18,063-562-9002
전북청,고창우체국,고창부안우체국,56416,전북특별자치도 고창군 부안면 복분자로 903-1,063-562-2002
전북청,고창우체국,고창삼흥우편취급국,56432,전북특별자치도 고창군 고창읍 천변북로 63,063-564-9880
전북청,고창우체국,고창상하우체국,56410,전북특별자치도 고창군 상하면 상하로 81,063-563-0002
전북청,고창우체국,고창성내우체국,56420,전북특별자치도 고창군 성내면 시기1길 41,063-562-3002
전북청,고창우체국,고창성송우체국,56465,전북특별자치도 고창군 성송면 대성로 790,063-563-1002
전북청,고창우체국,고창신림우체국,56422,전북특별자치도 고창군 신림면 임리1길 15-2,063-562-4002
전북청,고창우체국,고창심원우체국,56400,전북특별자치도 고창군 심원면 심원로 210,063-563-5002
전북청,고창우체국,고창아산우체국,56453,전북특별자치도 고창군 아산면 녹두로 798,063-562-5002
전북청,고창우체국,고창우체국,56428,전북특별자치도 고창군 고창읍 월곡1길 7,063-564-2001
전북청,고창우체국,고창해리우체국,56402,전북특별자치도 고창군 해리면 해리중앙로 96-1,063-563-6002
전북청,고창우체국,고창흥덕우체국,56413,전북특별자치도 고창군 흥덕면 선운대로 3755,063-562-6002
전북청,남원우체국,남원광한루우편취급국,55778,전북특별자치도 남원시 요천로 1288 (조산동),063-632-6690
전북청,남원우체국,남원금지우체국,55786,전북특별자치도 남원시 금지면 택내길 12,063-630-3211
전북청,남원우체국,남원대강우체국,55788,전북특별자치도 남원시 대강면 섬진로 859-1,063-626-7001
전북청,남원우체국,남원대산우체국,55779,전북특별자치도 남원시 대산면 운교2길 16,063-630-3290
전북청,남원우체국,남원도통동우체국,55757,전북특별자치도 남원시 춘향로 15 (도통동),063-630-3225
전북청,남원우체국,남원보절우체국,55706,전북특별자치도 남원시 보절면 보산로 927,063-634-4001
전북청,남원우체국,남원사매우체국,55702,전북특별자치도 남원시 사매면 덕오로 99,063-634-8001
전북청,남원우체국,남원산내우체국,55804,전북특별자치도 남원시 산내면 천왕봉로574,063-630-3232
전북청,남원우체국,남원산동우체국,55708,전북특별자치도 남원시 산동면 요천로 2912,063-626-9001
전북청,남원우체국,남원송동우체국,55793,전북특별자치도 남원시 송동면 송기안길 29-16,063-634-6001
전북청,남원우체국,남원수지우체국,55791,전북특별자치도 남원시 수지면 고주로 623,063-625-4241
전북청,남원우체국,남원아영우체국,55712,전북특별자치도 남원시 아영면 아백로 343,063-626-5001
전북청,남원우체국,남원우체국,55770,전북특별자치도 남원시 광한북로 66 (하정동),063-630-3111
전북청,남원우체국,남원운봉우체국,55718,전북특별자치도 남원시 운봉읍 운성로 27,063-630-3201
전북청,남원우체국,남원이백우체국,55722,전북특별자치도 남원시 이백면 이백로 484,063-630-3340
전북청,남원우체국,남원인월우체국,55715,전북특별자치도 남원시 인월면 인월장터로 29,063-636-2001
전북청,남원우체국,남원주생우체국,55782,전북특별자치도 남원시 주생면 요천로 817,063-631-8001
전북청,남원우체국,남원주천출장소,55802,전북특별자치도 남원시 주천면 외평2길 25,063-630-3241
전북청,남원우체국,남원향교우편취급국,55739,"전북특별자치도 남원시 충정로 128 (향교동,선원영농조합법인)",063-633-1188
전북청,순창우체국,순창구림우체국,56012,전북특별자치도 순창군 구림면 구림로 461,063-652-8900
전북청,순창우체국,순창금과우체국,56052,전북특별자치도 순창군 금과면 담순로 619,063-652-6000
전북청,순창우체국,순창동계우체국,56029,전북특별자치도 순창군 동계면 동계로 11,063-652-4000
전북청,순창우체국,순창복흥우체국,56005,전라북도 순창군 복흥면 추령로 1168,063-652-7400
전북청,순창우체국,순창쌍치우체국,56008,전북특별자치도 순창군 쌍치면 쌍계로 54,063-652-2502
전북청,순창우체국,순창우체국,56039,전북특별자치도 순창군 순창읍 장류로 342,063-653-0008
전북청,순창우체국,순창유등우편취급국,56025,전북특별자치도 순창군 유등면 유등로 404 (외이리),0000-0000-0000
전북청,순창우체국,순창적성우체국,56023,전북특별자치도 순창군 적성면 적성로 117,063-652-3400
전북청,순창우체국,순창팔덕우체국,56020,전북특별자치도 순창군 팔덕면 강천로 349,063-652-5002
전북청,순창우체국,순창풍산우체국,56054,전북특별자치도 순창군 풍산면 금풍로 1026,063-652-9500
전북청,장수우체국,장수계남우체국,55623,전북특별자치도 장수군 계남면 장수로 3078,063-352-0900
전북청,장수우체국,장수계북우체국,55602,전북특별자치도 장수군 계북면 장무로 970,063-352-1100
전북청,장수우체국,장수번암우체국,55659,전북특별자치도 장수군 번암면 장수로 471,063-353-2600
전북청,장수우체국,장수산서우체국,55647,전북특별자치도 장수군 산서면 보산로 1852,063-351-4000
전북청,장수우체국,장수우체국,55630,전북특별자치도 장수군 장수읍 싸리재로 5,063-351-5502
전북청,장수우체국,장수장계우체국,55614,전북특별자치도 장수군 장계면 한들로 94,063-352-5366
전북청,장수우체국,장수천천우체국,55607,전북특별자치도 장수군 천천면 송탄로 43,063-352-0500
강원청,강원지방우정청,강원지방우정청,26485,강원특별자치도 원주시 서원대로 412 (단구동) 강원지방우정청,033-749-2022
강원청,춘천우체국,강원대학교우편취급국,24341,"강원특별자치도 춘천시 강원대학길 1 (효자동,강원대학교)",033-250-7355
강원청,춘천우체국,김유정우체국,24412,강원특별자치도 춘천시 신동면 김유정로 1424,033-261-0921
강원청,춘천우체국,제114군사우편출장소,24203,강원특별자치도 춘천시 신북읍 천전리 사서함 114,033-241-7115
강원청,춘천우체국,춘천거두우편취급국,24327,강원특별자치도 춘천시 공지로 118 (석사동),033-261-4105
강원청,춘천우체국,춘천남산우편취급국,24465,강원특별자치도 춘천시 남산면 한치로 35 춘천남산우편취급국 (방곡리),033-261-5621
강원청,춘천우체국,춘천동면우체국,24211,강원특별자치도 춘천시 동면 가산로 82,033-241-0273
강원청,춘천우체국,춘천사북우체국,24200,강원특별자치도 춘천시 사북면 영서로 4827,033-243-3614
강원청,춘천우체국,춘천사우동우체국,24237,강원특별자치도 춘천시 영서로2771번길 3 (우두동),033-256-1339
강원청,춘천우체국,춘천서면우체국,24461,강원특별자치도 춘천시 서면 박사로 914-8,033-243-9955
강원청,춘천우체국,춘천석사동우체국,24326,강원특별자치도 춘천시 우석로 39 (석사동),033-263-0100
강원청,춘천우체국,춘천소양로우체국,24273,강원특별자치도 춘천시 금강로 34 (소양로3가),033-252-8874
강원청,춘천우체국,춘천신북우체국,24206,강원특별자치도 춘천시 신북읍 율문1길 16-4,033-243-9957
강원청,춘천우체국,춘천우체국,24364,강원특별자치도 춘천시 방송길 108(온의동),033-259-6500
강원청,춘천우체국,춘천칠전동우체국,24456,강원특별자치도 춘천시 칠전동길 51 (칠전동),033-263-8558
강원청,춘천우체국,춘천퇴계동우체국,24420,강원특별자치도 춘천시 퇴계농공로 36 (퇴계동),033-263-4588
강원청,춘천우체국,춘천한계울우편취급국,24207,강원특별자치도 춘천시 지내고탄로 6 (신동),033-253-4134
강원청,춘천우체국,춘천효자동우체국,24372,강원특별자치도 춘천시 공지로 287 (효자동),033-252-9926
강원청,춘천우체국,춘천후평3동우체국,24313,강원특별자치도 춘천시 후석로 240 (후평동),033-256-9914
강원청,춘천우체국,춘천후평동우체국,24297,강원특별자치도 춘천시 후석로 354 (후평동),033-252-9914
강원청,춘천우체국,한림대학교우편취급국,24252,강원특별자치도 춘천시 한림대학길 1 한림대학교 (옥천동),033-248-1072
강원청,강릉우체국,가톨릭관동대학교우편취급국,25601,"강원특별자치도 강릉시 범일로579번길 24 (내곡동,가톨릭관동대학교)",033-649-7747
강원청,강릉우체국,강릉교동우체국,25517,강원특별자치도 강릉시 하슬라로 114 (교동),033-643-0027
강원청,강릉우체국,강릉교리우편취급국,25505,강원특별자치도 강릉시 화부산로 10 (교동),033-643-4455
강원청,강릉우체국,강릉교항우편취급국,25423,강원특별자치도 강릉시 주문진읍 매맥이아랫길 4,033-662-0014
강원청,강릉우체국,강릉구산우체국,25450,강원특별자치도 강릉시 성산면 구산길 27,033-641-9900
강원청,강릉우체국,강릉노암동우체국,25584,강원특별자치도 강릉시 율곡로 2750 (노암동),033-642-0205
강원청,강릉우체국,강릉동부우편취급국,25568,강원특별자치도 강릉시 경강로2323번길 13 (포남동),033-652-2811
강원청,강릉우체국,강릉사천우체국,25439,강원특별자치도 강릉시 사천면 미노길 65,033-644-0014
강원청,강릉우체국,강릉옥천동우편취급국,25552,강원특별자치도 강릉시 동부시장3길 4 (옥천동),033-646-6655
강원청,강릉우체국,강릉우체국,25550,강원특별자치도 강릉시 강릉대로 326 (포남동),033-610-9711
강원청,강릉우체국,강릉원주대학교우편취급국,25457,"강원특별자치도 강릉시 죽헌길 7 (지변동,강릉원주대학교)",033-640-1570
강원청,강릉우체국,강릉입암동우편취급국,25578,강원특별자치도 강릉시 월대산로 15 (입암동),033-653-6116
강원청,강릉우체국,강릉중앙동우체국,25538,강원특별자치도 강릉시 경강로 2046 (명주동),033-652-2005
강원청,강릉우체국,경포대우체국,25460,강원특별자치도 강릉시 해안로 505 (안현동),033-644-2005
강원청,강릉우체국,구정우체국,25622,강원특별자치도 강릉시 구정면 구정중앙로 227,033-644-7800
강원청,강릉우체국,연곡우체국,25428,강원특별자치도 강릉시 연곡면 진고개로 2726-8,033-662-5000
강원청,강릉우체국,옥계우체국,25634,강원특별자치도 강릉시 옥계면 현내시장길 100,033-534-0002
강원청,강릉우체국,왕산우체국,25639,강원특별자치도 강릉시 왕산면 백두대간로 1993,033-648-7404
강원청,강릉우체국,정동우체국,25631,강원특별자치도 강릉시 강동면 헌화로 1085-1,033-644-5235
강원청,강릉우체국,제334군사우편출장소,25618,강원특별자치도 강릉시 월호평길 117 (학동),033-645-8025
강원청,강릉우체국,주문진우체국,25410,강원특별자치도 강릉시 주문진읍 주문로 141 (주문리),033-662-2004
강원청,원주우체국,강원지정우체국,26359,강원특별자치도 원주시 지정면 간현로 132 (간현리),033-732-6055
강원청,원주우체국,귀래우체국,26503,강원특별자치도 원주시 귀래면 북원로 123 (운남리),033-762-9210
강원청,원주우체국,문막우체국,26370,강원특별자치도 원주시 문막읍 건등로 2 (건등리),033-734-7002
강원청,원주우체국,부론우체국,26498,강원특별자치도 원주시 부론면 법천시장길 35 (법천리),033-732-3006
강원청,원주우체국,소초우체국,26305,강원특별자치도 원주시 소초면 치악로 2778 (평장리),033-731-9268
강원청,원주우체국,신림우체국,26506,강원특별자치도 원주시 신림면 치악로 29 (신림리),033-762-5001
강원청,원주우체국,연세대학교미래캠퍼스우편취급국,26493,"강원특별자치도 원주시 흥업면 연세대길 1 (매지리, 연세대학교)",033-760-5156
강원청,원주우체국,원주가현동우체국,26315,강원특별자치도 원주시 북원로 2711 (가현동),033-742-3110
강원청,원주우체국,원주기업도시우편취급국,26350,"강원특별자치도 원주시 지정면 기업도시로 6, 113호 (신평리)",033-746-0203
강원청,원주우체국,원주단계동우체국,26475,강원특별자치도 원주시 이화1길 27 (단계동),033-733-2800
강원청,원주우체국,원주단구동우체국,26452,강원특별자치도 원주시 치악로 1558 (단구동),033-762-3444
강원청,원주우체국,원주명륜동우편취급국,26482,"강원특별자치도 원주시 남원로469번길 80 (명륜동, 구곡동보렉스9차아파트)",033-762-7500
강원청,원주우체국,원주반곡동우체국,26460,강원특별자치도 원주시 혁신로 17 (반곡동),033-762-3444
강원청,원주우체국,원주봉산동우편취급국,26331,강원특별자치도 원주시 행구로 127 (봉산동),033-743-4161
강원청,원주우체국,원주봉화산우체국,26422,강원특별자치도 원주시 봉화로 61 (단계동),033-744-2015
강원청,원주우체국,원주우산동우체국,26343,강원특별자치도 원주시 우산초교길 33-11 (우산동),033-745-8590
강원청,원주우체국,원주우체국,26485,강원특별자치도 원주시 서원대로 412 (단구동),033-749-2727
강원청,원주우체국,원주원문로우편취급국,26408,강원특별자치도 원주시 원문로 172 (단계동),033-745-1332
강원청,원주우체국,원주중앙동우체국,26428,강원특별자치도 원주시 평원로 57 (중앙동),033-748-0014
강원청,원주우체국,원주혁신도시우편취급국,26462,"강원특별자치도 원주시 황금로 23, 203호 (반곡동)",033-748-2005
강원청,원주우체국,제323군사우편출장소,26304,"강원특별자치도 원주시 소초면 의관리 , 사서함 323",033-747-4400
강원청,원주우체국,제87군사우편출장소,26308,"강원특별자치도 원주시 소초면 수암리 , 사서함 87",033-742-8988
강원청,원주우체국,흥업우체국,26403,강원특별자치도 원주시 흥업면 울업1길 1 (흥업리),033-762-5080
강원청,원주우편집중국,원주우편집중국,26475,강원특별자치도 원주시 이화1길 27,033-749-2246
강원청,동해우체국,동해부곡우편취급국,25733,강원특별자치도 동해시 발한로 57 (부곡동),033-535-1313
강원청,동해우체국,동해북삼동우체국,25803,강원특별자치도 동해시 효자로 669 (동회동),033-521-1003
강원청,동해우체국,동해북평동우체국,25813,강원특별자치도 동해시 전천로 311 (북평동),033-521-5003
강원청,동해우체국,동해삼화동우체국,25745,강원특별자치도 동해시 삼화로 17 (이로동),033-534-8000
강원청,동해우체국,동해송정동우체국,25787,강원특별자치도 동해시 동해항3길 11 (송정동),033-522-5006
강원청,동해우체국,동해우체국,25769,강원특별자치도 동해시 천곡로 92 (천곡동),033-533-0014
강원청,동해우체국,묵호우체국,25720,강원특별자치도 동해시 발한로 211-2 (발한동),033-532-0006
강원청,동해우체국,제604군사우편출장소,25779,"강원특별자치도 동해시 대동로 430, 제604 군사우편출장소 (송정동)",033-533-1004
강원청,화천우체국,간동우체국,24137,강원특별자치도 화천군 간동면 간척월명로 307,033-442-6662
강원청,화천우체국,사내우체국,24157,강원특별자치도 화천군 사내면 사내로 15,033-441-6661
강원청,화천우체국,상서우체국,24101,강원특별자치도 화천군 상서면 영서로 7703,033-442-6001
강원청,화천우체국,제104군사우편출장소,24108,강원특별자치도 화천군 상서면 사서함 104-1,033-441-6668
강원청,화천우체국,제99군사우편출장소,24148,강원특별자치도 화천군 사내면 사서함 99-1,033-441-6667
강원청,화천우체국,화천봉오우편취급국,24103,강원특별자치도 화천군 상서면 신월동로 8,033-441-7041
강원청,화천우체국,화천우체국,24126,강원특별자치도 화천군 화천읍 중앙로 29,033-441-0100
강원청,화천우체국,화천하남우체국,24145,강원특별자치도 화천군 하남면 영서로 5494,033-441-3601
강원청,양양우체국,강현우체국,25001,강원특별자치도 양양군 강현면 동해대로 3495,033-671-5005
강원청,양양우체국,손양우체국,25044,강원특별자치도 양양군 손양면 손중로 186,033-672-2009
강원청,양양우체국,양양서면우체국,25035,강원특별자치도 양양군 서면 물윗구미길 1,033-672-2006
강원청,양양우체국,양양우체국,25023,강원특별자치도 양양군 양양읍 남문로 32,033-850-0105
강원청,양양우체국,제123군사우편출장소,25043,강원특별자치도 양양군 손양면 동해대로 2463 사서함 123 (간리),033-671-5885
강원청,양양우체국,현남우체국,25053,강원특별자치도 양양군 현남면 인구중앙길 42 (인구리),033-671-6611
강원청,양양우체국,현북우체국,25047,강원특별자치도 양양군 현북면 하조대1길 44 (현북우체국),033-672-2001
강원청,속초우체국,간성우체국,24736,강원특별자치도 고성군 간성읍 간성로67번길 3,033-681-2220
강원청,속초우체국,거진우체국,24713,강원특별자치도 고성군 거진읍 거탄진로 102,033-682-2005
강원청,속초우체국,대진우체국,24704,강원특별자치도 고성군 현내면 한나루로 87-1,033-682-0100
강원청,속초우체국,속초교동우체국,24835,강원특별자치도 속초시 교동로1길 7 (교동),033-631-0291
강원청,속초우체국,속초모래기우편취급국,24803,강원특별자치도 속초시 중앙로 405 (장사동),033-632-8839
강원청,속초우체국,속초우체국,24826,강원특별자치도 속초시 중앙로 175 (중앙동),033-630-2001
강원청,속초우체국,속초조양동우체국,24874,강원특별자치도 속초시 동해대로 4107 (조양동),033-635-7640
강원청,속초우체국,속초현대우편취급국,24815,"강원특별자치도 속초시 미시령로 3395, 1층 (교동)",033-632-0004
강원청,속초우체국,제71군사우편출장소,24753,강원특별자치도 고성군 토성면 뒷골길 116 (학야리),033-632-1880
강원청,속초우체국,죽왕우체국,24747,강원특별자치도 고성군 죽왕면 동해대로 5901,033-632-2005
강원청,속초우체국,천진우체국,24764,강원특별자치도 고성군 토성면 토성로 170,033-633-5700
강원청,횡성우체국,강림우체국,25272,강원특별자치도 횡성군 강림면 태종로 24 (강림리),033-342-7002
강원청,횡성우체국,공근우체국,25208,강원특별자치도 횡성군 공근면 학담3길 8,033-342-3601
강원청,횡성우체국,둔내우체국,25264,강원특별자치도 횡성군 둔내면 둔내로 57,033-342-1002
강원청,횡성우체국,서원우체국,25201,강원특별자치도 횡성군 서원면 서원로 150,033-342-8001
강원청,횡성우체국,안흥우체국,25271,강원특별자치도 횡성군 안흥면 안흥로 34,033-342-4002
강원청,횡성우체국,우천우체국,25248,강원특별자치도 횡성군 우천면 우항3길 9-2,033-342-6002
강원청,횡성우체국,청일우체국,25254,강원특별자치도 횡성군 청일면 청정로 851-1,033-342-5002
강원청,횡성우체국,횡성갑천우체국,25258,강원특별자치도 횡성군 갑천면 청정로매일3길 5,033-342-9001
강원청,횡성우체국,횡성갑천우편취급국,25258,강원특별자치도 횡성군 갑천면 청정로매일3길 5 (매일리),033-342-4999
강원청,횡성우체국,횡성북천우편취급국,25222,강원특별자치도 횡성군 횡성읍 화성로 45,033-345-0505
강원청,횡성우체국,횡성우체국,25234,강원특별자치도 횡성군 횡성읍 중앙로 7,033-343-2001
강원청,영월우체국,마차우체국,26209,강원특별자치도 영월군 북면 마차중앙1길 44-3 (마차리 1158-4),033-372-3002
강원청,영월우체국,상동우체국,26248,강원특별자치도 영월군 상동읍 태백산로 3193,033-378-2007
강원청,영월우체국,석항우편취급국,26242,강원특별자치도 영월군 중동면 영월로 3855 (석항리),033-378-2625
강원청,영월우체국,연당우체국,26216,강원특별자치도 영월군 남면 연당로 27,033-372-4002
강원청,영월우체국,영월김삿갓우체국,26245,강원특별자치도 영월군 김삿갓면 옥동장터길 27,033-372-9002
강원청,영월우체국,영월녹전우체국,26243,강원특별자치도 영월군 산솔면 산솔시장길 33 (녹전리),033-378-4002
강원청,영월우체국,영월덕포우편취급국,26229,강원특별자치도 영월군 영월읍 중앙로 128 (덕포리),033-373-9911
강원청,영월우체국,영월무릉도원우체국,26201,강원특별자치도 영월군 무릉도원면,033-372-8002
강원청,영월우체국,영월무릉도원우편취급국,26201,강원특별자치도 영월군 무릉도원면 중방길 58 (무릉리),033-373-2970
강원청,영월우체국,영월우체국,26233,강원특별자치도 영월군 영월읍 단종로33번길 20,033-374-0014
강원청,영월우체국,영월우체국 쌍용출장소,26214,강원특별자치도 영월군 한반도면 쌍용로 203-5,033-372-5002
강원청,영월우체국,영월한반도우체국,26212,강원특별자치도 영월군 한반도면 신천길 6,033-372-6002
강원청,영월우체국,주천우체국,26203,강원특별자치도 영월군 주천면 주천로 71,033-372-7002
강원청,평창우체국,대관령우체국,25345,강원특별자치도 평창군 대관령면 대관령로 70,033-335-5002
강원청,평창우체국,대화우체국,25358,강원특별자치도 평창군 대화면 대화중앙로 128-5,033-333-3001
강원청,평창우체국,미탄우체국,25382,강원특별자치도 평창군 미탄면 미탄중앙로 32,033-332-3640
강원청,평창우체국,방림우체국,25365,강원특별자치도 평창군 방림면 서동로 1336,033-332-1100
강원청,평창우체국,봉평우체국,25303,강원특별자치도 평창군 봉평면 기풍로 128,033-336-0601
강원청,평창우체국,용평우체국,25313,강원특별자치도 평창군 용평면 경강로 2017-18,033-332-4201
강원청,평창우체국,진부우체국,25333,강원특별자치도 평창군 진부면 청송로 80,033-335-7800
강원청,평창우체국,평창우체국,25374,강원특별자치도 평창군 평창읍 평창중앙로 66,033-332-0014
강원청,평창우체국,평창우체국 면온출장소,25309,강원특별자치도 평창군 봉평면 진조길 10,033-332-0901
강원청,정선우체국,고한우체국,26155,강원특별자치도 정선군 고한읍 고한2길 57,033-592-2700
강원청,정선우체국,구절우체국,26104,강원특별자치도 정선군 여량면 노추산로 764-11,033-562-5002
강원청,정선우체국,나전우체국,26101,강원특별자치도 정선군 북평면 북평7길 18,033-562-3701
강원청,정선우체국,신동우체국,26142,강원특별자치도 정선군 신동읍 의림로 244-1,033-378-7200
강원청,정선우체국,여량우체국,26106,강원특별자치도 정선군 여량면 서동로 2938,033-562-4001
강원청,정선우체국,임계우체국,26110,강원특별자치도 정선군 임계면 송계3길 3 (송계리),033-562-6001
강원청,정선우체국,정선남면우체국,26145,강원특별자치도 정선군 남면 문은단로 2-2,033-591-1001
강원청,정선우체국,정선사북우체국,26153,강원특별자치도 정선군 사북읍 사북중앙로 12,033-592-2001
강원청,정선우체국,정선애산우편취급국,26122,강원특별자치도 정선군 정선읍 녹송5길 41 (봉양리),033-563-2258
강원청,정선우체국,정선우체국,26129,강원특별자치도 정선군 정선읍 비봉로 25,033-563-2001
강원청,정선우체국,함백우체국,26141,강원특별자치도 정선군 신동읍 함백로 315,033-378-7502
강원청,정선우체국,화암우체국,26116,강원특별자치도 정선군 화암면 그림바위길 56,033-562-2001
강원청,태백우체국,태백구문소동우체국,26047,강원특별자치도 태백시 장성로 219 (장성동),033-581-2882
강원청,태백우체국,태백우체국,26013,강원특별자치도 태백시 황지로 132 (황지동),033-553-0014
강원청,태백우체국,태백우체국 소도동출장소,26043,강원특별자치도 태백시 소도길 41,033-552-8579
강원청,태백우체국,태백장성동우체국,26052,강원특별자치도 태백시 보드미길 21 (장성동),033-581-6002
강원청,태백우체국,태백철암동우체국,26046,강원특별자치도 태백시 갈골길 3 (철암동),033-582-1800
강원청,태백우체국,태백통리우체국,26029,강원특별자치도 태백시 통리길 65 (통동),033-552-1700
강원청,태백우체국,태백황지동우체국,26008,강원특별자치도 태백시 황지로 173 (황지동),033-552-5005
강원청,삼척우체국,근덕우체국,25933,강원특별자치도 삼척시 근덕면 삼척로 3621,033-572-3002
강원청,삼척우체국,도계우체국,25947,강원특별자치도 삼척시 도계읍 도계로 316,033-541-2002
강원청,삼척우체국,미로우체국,25904,강원특별자치도 삼척시 미로면 적병길 36,033-572-0001
강원청,삼척우체국,삼척가곡우편취급국,25954,강원특별자치도 삼척시 가곡면 가곡천로 1473,033-572-7004
강원청,삼척우체국,삼척강원대학교우편취급국,25913,"강원특별자치도 삼척시 중앙로 346 (학생회관 1층) (교동, 강원대학교삼척캠퍼스)",033-570-6753
강원청,삼척우체국,삼척교동우편취급국,25926,"강원특별자치도 삼척시 정상안길 76 (정상동,열린학원)",033-575-0609
강원청,삼척우체국,삼척우체국,25920,강원특별자치도 삼척시 진주로 36 (남양동),033-570-5816
강원청,삼척우체국,삼척정라우체국,25925,강원특별자치도 삼척시 새천년도로 23 (정상동),033-573-2431
강원청,삼척우체국,임원우체국,25956,강원특별자치도 삼척시 원덕읍 임원본촌길 23,033-572-5001
강원청,삼척우체국,제73군사우편출장소,25909,강원특별자치도 삼척시 새천년도로 648 (갈천동),033-573-4855
강원청,삼척우체국,하장우체국,25901,강원특별자치도 삼척시 하장면 하장길 54,033-552-0001
강원청,삼척우체국,호산우체국,25961,강원특별자치도 삼척시 원덕읍 삼척로 449,033-572-6001
강원청,홍천우체국,내촌우체국,25161,강원특별자치도 홍천군 내촌면 아홉사리로 1141,033-433-3001
강원청,홍천우체국,반곡우체국,25101,강원특별자치도 홍천군 서면 팔봉산로 624,033-434-0002
강원청,홍천우체국,북방우체국,25115,강원특별자치도 홍천군 북방면 영서로 2678,033-435-9001
강원청,홍천우체국,서석우체국,25166,강원특별자치도 홍천군 서석면 구룡령로 2518,033-433-4001
강원청,홍천우체국,성산우체국,25157,강원특별자치도 홍천군 화촌면 성산로 139 (성산리),033-432-2001
강원청,홍천우체국,양덕원우체국,25108,강원특별자치도 홍천군 남면 양덕원로 88,033-432-4001
강원청,홍천우체국,영귀미우체국,25154,강원특별자치도 홍천군 영귀미면 공작산로 510,033-436-6001
강원청,홍천우체국,자은우체국,25160,강원특별자치도 홍천군 두촌면 자은로 341,033-435-3001
강원청,홍천우체국,제101군사우편출장소,25115,강원특별자치도 홍천군 북방면 하화계리 264-12(홍천로 132),033-434-2104
강원청,홍천우체국,창촌우체국,25171,강원특별자치도 홍천군 내면 창촌로 45-5,033-432-6001
강원청,홍천우체국,홍천갈마곡우편취급국,25129,강원특별자치도 홍천군 홍천읍 갈마로 58 (갈마곡리),033-434-6000
강원청,홍천우체국,홍천연봉우체국,25146,강원특별자치도 홍천군 홍천읍 연봉중앙로 54,033-433-7220
강원청,홍천우체국,홍천우체국,25139,강원특별자치도 홍천군 홍천읍 홍천로 368,033-434-0014
강원청,인제우체국,기린우체국,24659,강원특별자치도 인제군 기린면 기린로 28,033-461-5001
강원청,인제우체국,상남우체국,24664,강원특별자치도 인제군 상남면 내린천로 2562,033-461-6702
강원청,인제우체국,서화우체국,24601,강원특별자치도 인제군 서화면 천도로114번길 3,033-462-4001
강원청,인제우체국,신남우체국,24649,강원특별자치도 인제군 남면 신남로 60,033-461-6001
강원청,인제우체국,원통우체국,24616,강원특별자치도 인제군 북면 금강로26번길 10(원통우체국),033-461-3001
강원청,인제우체국,인제우체국,24631,강원특별자치도 인제군 인제읍 인제로193번길 10,033-461-0014
강원청,인제우체국,제100군사우편출장소,24620,"강원특별자치도 인제군 북면 사서함 100-1, 제100군사우편출장소",033-461-3003
강원청,인제우체국,제116군사우편출장소,24657,인제군 기린면 현리 사서함 116-1호,033-461-5003
강원청,인제우체국,제81군사우편출장소,25157,강원특별자치도 인제군 남면 사서함 81-1,033-463-8878
강원청,양구우체국,방산우체국,24502,강원특별자치도  양구군 방산면 평화로 5141,033-481-5001
강원청,양구우체국,양구국토정중앙우체국,24554,강원특별자치도 양구군 국토정중앙면 정중앙로 612 (청리),033-481-4001
강원청,양구우체국,양구우체국,24522,강원특별자치도  양구군 양구읍 관공서로 26,033-482-2001
강원청,양구우체국,임당우체국,24507,강원특별자치도  양구군 동면 금강산로 1695,033-481-0001
강원청,양구우체국,제97군사우편출장소,24513,강원특별자치도 양구군 양구읍 사서함 97-1,033-481-2765
강원청,양구우체국,해안우체국,24563,강원특별자치도 양구군 해안면 펀치볼로 1306,033-481-0601
강원청,철원우체국,구철원우체국,24006,강원특별자치도 철원군 철원읍 금학로 285,033-455-7004
강원청,철원우체국,김화우체국,24054,강원특별자치도  철원군 김화읍 김화로 621,033-458-2122
강원청,철원우체국,동송우체국,24015,강원특별자치도 철원군 동송읍 이평로 27,033-455-2000
강원청,철원우체국,와수우체국,24059,강원특별자치도  철원군 서면 와수로 163-1,033-458-2005
강원청,철원우체국,제107군사우편출장소,24062,강원특별자치도 철원군 서면 사서함 107-1,033-458-5107
강원청,철원우체국,철원근남우체국,24064,강원특별자치도  철원군 근남면 하오재로 2066-1,033-458-1212
강원청,철원우체국,철원우체국,24042,강원특별자치도  철원군 갈말읍 삼부연로 25,033-452-2001
강원청,철원우체국,철원자등우체국,24062,강원특별자치도 철원군 서면 자등로 612,033-458-5100
강원청,강릉우편집중국,강릉우편집중국,25517,강원특별자치도 강릉시 하슬라로 114 (교동),033-640-3800
제주청,제주지방우정청,제주지방우정청,63219,제주 제주시 청사로 59,064-800-5961
제주청,제주우편집중국,제주우편집중국,63087,제주도  제주시 1100로 3307(노형동 707) 제주우편집중국,064-710-5200
제주청,제주우체국,김녕우체국,63357,제주특별자치도 제주시 구좌읍 김녕로 86,064-783-5002
제주청,제주우체국,세화우체국,63361,제주특별자치도 제주시 구좌읍 구좌로 26-4,064-783-2005
제주청,제주우체국,신제주우체국,63122,제주특별자치도 제주시 선덕로 5 (연동),064-742-0004
제주청,제주우체국,신창우체국,63002,제주특별자치도 제주시 한경면 두신로 71,064-773-0305
제주청,제주우체국,애월우체국,63043,제주특별자치도 제주시 애월읍 애월로11길 8,064-799-0305
제주청,제주우체국,제주고산우체국,63008,제주특별자치도 제주시 한경면 고산로 27,064-772-3400
제주청,제주우체국,제주공항우편취급국,63115,제주특별자치도 제주시 공항로 2 (용담이동),064-742-7426
제주청,제주우체국,제주관광대학우편취급국,63063,제주특별자치도 제주시 애월읍 평화로 2715,064-747-6894
제주청,제주우체국,제주국제대학교우편취급국,63309,제주특별자치도 제주시 516로 2870 (영평동),064-754-0464
제주청,제주우체국,제주노형동우체국,63097,제주특별자치도 제주시 월랑로 20 (노형동),064-744-8977
제주청,제주우체국,제주대학교우편취급국,63243,제주특별자치도 제주시 제주대학로 102 (아라일동),064-754-2382
제주청,제주우체국,제주도남동우체국,63205,제주특별자치도 제주시 도남로 87 (도남동),064-721-0014
제주청,제주우체국,제주동광우체국,63254,제주특별자치도 제주시 동광로 136-1 (일도이동),064-722-2042
제주청,제주우체국,제주삼담우체국,63184,제주특별자치도 제주시 남성로 6 (용담일동),064-752-1164
제주청,제주우체국,제주삼성우체국,63208,제주특별자치도 제주시 광양7길 3 (이도이동),064-753-2005
제주청,제주우체국,제주아라1동우편취급국,63248,제주특별자치도 제주시 중앙로 579 (아라일동),064-702-8622
제주청,제주우체국,제주연동우체국,63087,제주특별자치도 제주시 1100로 3307 (노형동),064-747-0207
제주청,제주우체국,제주외도동우편취급국,63069,제주특별자치도 제주시 우정로12길 8 (외도일동),064-742-1155
제주청,제주우체국,제주용담2동우편취급국,63161,제주특별자치도 제주시 용문로 150 (용담이동),064-743-2400
제주청,제주우체국,제주우도우체국,63365,제주특별자치도 제주시 우도면 우도로 142,064-783-0001
제주청,제주우체국,제주우체국,63166,제주특별자치도 제주시 관덕로 33 (삼도이동),064-722-0014
제주청,제주우체국,제주우체국 제주지방법원출장소,63223,제주특별자치도 제주시 남광북5길 3 (이도이동),064-721-7322
제주청,제주우체국,제주일도2동우편취급국,63261,제주특별자치도 제주시 연신로 17 (일도이동),064-724-2300
제주청,제주우체국,제주제원우편취급국,63130,"제주특별자치도 제주시 신광로6길 25 (연동,제원아파트)",064-742-0850
제주청,제주우체국,제주화북동우체국,63303,제주특별자치도 제주시 화삼로 1 (화북일동),064-805-8510
제주청,제주우체국,조천우체국,63331,제주특별자치도 제주시 조천읍 신북로 251,064-783-6588
제주청,제주우체국,추자도우체국,63000,제주특별자치도 제주시 추자면 대서2길 11,064-742-3588
제주청,제주우체국,하귀우체국,63051,제주특별자치도 제주시 애월읍 항몽로 26,064-713-2265
제주청,제주우체국,한림우체국,63032,제주특별자치도 제주시 한림읍 한림중앙로 30,064-796-2001
제주청,제주우체국,함덕우체국,63333,제주특별자치도 제주시 조천읍 신북로 480,064-783-8002
제주청,제주우체국,협재우체국,63011,제주특별자치도 제주시 한림읍 한림로 402,064-796-3521
제주청,서귀포우체국,모슬포우체국,63510,제주특별자치도 서귀포시 대정읍 상모로 316,064-794-2005
제주청,서귀포우체국,서귀포고성우체국,63640,제주특별자치도 서귀포시 성산읍 서성일로 1253,064-782-2005
제주청,서귀포우체국,서귀포법환동우체국,63573,제주특별자치도 서귀포시 법환로 27-1 (법환동),064-739-0305
제주청,서귀포우체국,서귀포안성우체국,63520,제주특별자치도 서귀포시 대정읍 추사로12번길 28,064-794-5005
제주청,서귀포우체국,서귀포예래동우체국,63538,제주특별자치도 서귀포시 하예로 58,064-738-6205
제주청,서귀포우체국,서귀포우체국,63566,제주특별자치도 서귀포시 신중로 34 (강정동),064-739-3915
제주청,서귀포우체국,서귀포중문동우체국,63545,제주특별자치도 서귀포시 천제연로 175 (중문동),064-738-5205
제주청,서귀포우체국,서귀포중앙동우체국,63591,제주특별자치도 서귀포시 중정로 57 (서귀동),064-762-0014
제주청,서귀포우체국,서귀포효돈동우체국,63606,제주특별자치도 서귀포시 효돈로 160 (하효동),064-767-0002
제주청,서귀포우체국,성산포우체국,63643,제주특별자치도 서귀포시 성산읍 성산중앙로 42,064-782-2205
제주청,서귀포우체국,안덕우체국,63530,제주특별자치도 서귀포시 안덕면 화순로 109,064-794-9002
제주청,서귀포우체국,위미우체국,63611,제주특별자치도 서귀포시 남원읍 태위로 139,064-764-0205
제주청,서귀포우체국,제주남원우체국,63621,제주특별자치도 서귀포시 남원읍 태위로 632,064-764-2005
제주청,서귀포우체국,중문관광단지우편취급국,63535,제주특별자치도 서귀포시 중문관광로110번길 15 (색달동),064-738-4979
제주청,서귀포우체국,표선우체국,63629,제주특별자치도 서귀포시 표선면 표선동서로 245,064-787-0002
