사업소명,사업소전화번호,소재지도로명주소,소재지지번주소,위도,경도,트랙터및작업기보유대수,경운기및작업기보유대수,관리기및작업기보유대수,땅속작물수확기보유대수,탈곡기및정선작업기보유대수,자주형파종기보유대수,이앙작업기보유대수,벼수확및운반작업기보유대수,기타임대농기계보유정보,관리기관전화번호,관리기관명,데이터기준일자,제공기관코드,제공기관명
영주시 농업기술센터 본소,054-639-7389,경상북도 영주시 안정면 안정로 30,경상북도 영주시 안정면 안심리 131,36.8475728,128.5588057,79,5,15,12,22,13,0,3,농용굴삭기(4)+농산물순제거기(2)+파이프밴딩성형기(2)+동력살포기(4)+동력이식기(1)+동력제초기(8)+동력파쇄기(9)+동력파종기(2)+장작제조기(1)+전지전정기(4)+콩예취기(1)+퇴비살포기(4),054-639-7377,경상북도 영주시청,2023-07-07,5090000,경상북도 영주시
영주시 농업기술센터 남부분소,054-639-3871,경상북도 영주시 문수면 종릉로 516,경상북도 영주시 문수면 만방리 918-2,36.77318427,128.6552681,95,24,15,36,30,15,0,1,농용굴삭기(5)+농산물순제거기(2)+농산물제피기(1)+동력예취기(1)+동력이식기(1)+동력제초기(10)+동력파쇄기(12)+씨감자절단기(1)+장작제조기(1)+전지전정기(4)+콩예취기(1)+퇴비살포기(5),054-639-3875,경상북도 영주시청,2023-07-07,5090000,경상북도 영주시
영주시 농업기술센터 북부분소,054-639-3783,경상북도 영주시 단산면 아호로 6,경상북도 영주시 단산면 옥대리 135-4,36.9481752,128.6173492,86,7,9,10,26,14,0,3,농용굴삭기(5)+농산물순제거기(2)+농산물제피기(1)+농업용고소작업차(3)+동력배토기(3)+동력살포기(6)+동력이식기(1)+동력제초기(16)+동력파쇄기(17)+동력파종기(4)+스피드스프레이어(3)+장작제조기(1)+콩예취기(1)+퇴비살포기(8),054-639-3782,경상북도 영주시청,2023-07-07,5090000,경상북도 영주시
계룡시농업기술센터,042-840-3414,충청남도 계룡시 두마면 사계로 177,,,,34,2,15,7,13,2,0,0,0,042-840-3414,계룡시농업기술센터,2023-07-11,5580000,충청남도 계룡시
농업기계임대사업소 본소,041-669-5951,충청남도 서산시 인지면 무학재1길 99,충청남도 서산시 인지면 산동리 565-1,36.72069284,126.4127382,118,11,19,54,61,7,0,0,82동력배토기 (4) + 육묘상자운반기 (5) + 인력파종기 (20) + 파이프벤딩기 (3) + 고속절단기 (2) + 비닐피복기 (5) + 마늘쪽선별기 (8) + 마늘선별기 (1) + 감자선별기 (1) + 마늘쪽분리기 (8) + 굴착기 (1) + 적심기 (2) + 땅콩탈피기 (1) + 동력운반차 (1) + 동력살분무기 (4) + 동력예취기 (1) + 동력채소이식기 (1) + 예초기 (2) + 동력목재파쇄기 (1) + 피트모스배합기 (1) + 종자소독기 (1) + 콩예취기 (1) + 탈망기 (7) + 전지가위 (1),041-660-3911,충청남도서산시농업기술센터,2023-06-30,4530000,충청남도 서산시
농업기계임대사업소 동부분소,041-688-7766,충청남도 서산시 운산면 홍안벌로 501,충청남도 서산시 운산면 거성리 340-19,36.758273,126.533151,99,11,14,45,46,6,0,0,63굴착기 (1) + 농산물 건조기 (1) + 마늘쪽선별기 (7) + 마늘선별기 (1) + 적심기 (2) + 줄기절단기 (1) + 동력운반차 (1) + 고속절단기 (1) + 파이프벤딩기 (2) + 동력배토기 (5) + 동력살분무기 (5) + 상토혼합기 (1) + 예초기 (2) + 동력목재파쇄기 (1) + 마늘쪽분리기 (6) + 비닐피복기 (4) + 육묘상자운반기 (2) + 종자소독기 (1) + 탈망기 (5) + 파종기 (14),041-660-3911,충청남도서산시농업기술센터,2023-06-30,4530000,충청남도 서산시
합천군 북부권 농기계대여은행,055-930-4190,경상남도 합천군 야로면 미숭산로 21,경상남도 합천군 야로면 야로리 225-5,35.7091524,128.1726799,146,8,18,15,12,4,0,7,,055-930-4190,경상남도 합천군청,2024-04-26,5480000,경상남도 합천군
김포시농기계임대사업소,031-5186-4356,경기도 김포시 통진읍 하성로 58-155,경기도 김포시 통진읍 수참리 373,37.68294393,126.6407727,162,11,25,32,38,21,6,0,농산물선별기(5)+육묘잎자르기(1)+농업용고소작업차(1)+굴삭기(농업용굴삭기)(5)+농업용동력운반차(1)+동력분무기(2)+동력배토기(5)+동력살분무기(5)+동력살포기(4)+예취기(2)+농산물제피기(2)+육묘상자세척기(2)+육묘용파종기용품(2)+비닐피복기(9)+퇴비살포기(동력퇴비살포기)(3)+쑥쑥이(지주대뽑기)(2)+농산물순제거기(1)+콩예취기(2)+곡물선별기(2)+탈망기(3)+파렛트 랩피복기(랩피복기)(1)+농용파이프벤딩성형기(3)+휴대용자동전동가위(4)+동력이식기(15)+동력구굴기(2)+동력항타기(2)+다목적유압테스터기(1)+엔진발전기(2)+오일여과장치(1)+유압호수 압착테스터기(1)+전기용접기(1)+동력제초기_논둑용(2)+동력제초기-원판형(3)+동력중격제초기(4)+동력파쇄기(9)+콤바인(3),031-5186-4356,경기도 김포시청 농업기술센터,2024-05-20,4090000,경기도 김포시
양주시농기계대여은행,031-8082-6151,경기도 양주시 은현면 그루고개로221번길262,경기도 양주시 은현면 도하리 682,37.8410157403,126.9984411659,298,16,38,21,54,11,19,22,콩콤바인(6)+농용굴삭기(4)+승용관리기(3)+승용관리기용작업기 6대 +스키드로우더 3대+볍씨파종기(4)+곡물적재함(1)+동력분무기(4)동력살분무기(5)+미스트기(6)+전정가위(2)+콩예취기(2)+동력이식기(5)+동력운반차(1)+중경제초기(2)+승용예취기(2)+목재파쇄기(자주형)(7)+보리방아(1)+색체선별기(1)+논물꼬베토기(1)+땅콜탈피기(1)+인력피복기(7)+동력제초기(2)동력이식기(5)+동력운반차(1)+중경제초기(2)+승용예취기(2)+목재파쇄기(자주형)(7)+보리방아(1)+색체선별기(1)+논물꼬베토기(1)+땅콜탈피기(1)+인력피복기(7)+동력제초기(2)+적심기(4)고구마수확기(2)+고구마순제초기(동력)(2)+보행동력예취기(2)+육묘상자정렬기(2)+농업용지주설치기(2)+볍씨탈망기(2),031-8082-6151,경기도 양주시청 농업정책과,2024-05-16,5590000,경기도 양주시
거제시농기계임대사업장,055-639-6457,경상남도 거제시 거제면 거제남서로 3585,경상남도 거제시 거제면 서정리 976-13,34.857507,128.5799097,33,7,18,8,6,0,2,0,대전동가위(2)+파쇄기(9)+이식기(3)+예취기(3)+분무기(1)+살분무기(2)+비료살포기(2)+제초기(3)+항타기(2)+굴삭기(11)+벤딩기(1)+퇴비살포기(2)+정선기(2)+파종기(14)+결속기(1)+동력운반차(3),055-639-6457,거제시농업기술센터,2024-06-18,5370000,경상남도 거제시
밀양시농기계임대사업소,055-359-6995,경상남도 밀양시 상남면 상남로 1008-18,경상남도 밀양시 상남면 기산리 1052-1,35.44556689,128.7573029,136,4,13,21,34,1,0,1,퇴비살포기(2)+농산물세척기(1)+자동릴방제기(7)+동력운반차(4)+논두렁예초기(5)+고설로터리(3)+채소이식기(2)+동력예취기(6)+마늘선별기(2)+과수박피기(8)+목재파쇄기(21)+고소작업차(5)+농용동력승용운반차(2)+농용로우더(2)+동력살분무기(3)+농산물순제거기(2)+마늘쪽분리기(2)+동력배토기(11)+심경로터리(5)+마늘종자부착기(1)+콩 파종기(10)+ 항타기(3)+심경쟁기(3)+휴대자동전정가위(8)+SS기(5)+SS기부착퇴비살포기(8)+승용동력제초기(14)+휴립복토기(13),055-359-6995,경상남도 밀양시청 농업정책과,2024-06-19,5360000,경상남도 밀양시
연천군 농업기계 임대사업소(연천본소),031-839-4261,경기도 연천군 연천읍 연천로42번길 42,경기도 연천군 연천읍 동막리 598-2,38.08457871,127.0779438,77,6,32,8,36,1,0,0,승용관리기(4)+비료살포기(1)+휴립피복기(1)+로터베이터(1)+콩파종기(3)+제초기(1)+농용굴삭기(3)+농용로우더(1)+동력분무기(2)+동력살분무기(4)+스피드스프레이어 퇴비살포기(2)+콩예취기(3)+휴대용전동가위(5)+승용예취기(3)+파이프밴딩성형기(1)+비닐피복기(인력형)(4)+채소이식기(2)+잔가지파쇄기(2)+사료절단기(1)+콩파종기(인력형)(18),031-839-4201,경기도 연천군청 농업기술센터,2024-06-20,4140000,경기도 연천군
정읍시 농기계임대사업소 북부,063-539-6292,전북특별자치도 정읍시 신태인읍 감곡로 42,전북특별자치도 정읍시 신태인읍 백산리 산 255-1,35.69550298,126.8956564,95,26,48,25,21,0,0,2,경운기_DT-10DE및DT100N(10)+고지엔진톱_KPS-24A(5)+고추세척기_고추전용(10)+고추정식기_A_동양_고추전용(3)+고추정식기_B_우진_고추전용(3)+관리기_본체포함__AMC900SM및ASC-630(18)+구굴기_관__DR-25및RT-60(10)+그레이더_TKG-2000(1)+노스탑파쇄기_KP-5-R(3)+노스탑파쇄기_KP-7-R(1)+논두렁조성기_트__AZ-700CH및SWL-450T(9)+논쟁기_트__YS-5P(3)+논쟁기_트__YS-4P(2)+농업용운반차_HSW-LD1000및ACEⅢ(1)+농용굴삭기_TE1000및U-10-3S(4)+농축산방역기_SOL-E117(5)+동력구굴기_AG400-12(3)+동력배토기_MKF345(3)+동력분무기_SOL-750W4(5)+동력살분무기_MD-6210(5)+동력살분무기_유__L3PSA(2)+동력제초기_HR-900(2)+동력파쇄기_SBX80-B90RL및JP및SBM91(5)+땅속작물수확기_트__HD-1000G및DSH1000(6)+땅속작물수확기_경__DRK-650및DS-1000(5)+땅속작물수확기_트__DR-1400ST및HD-DS1500(5)+땅속작물수확기_트__DR-1200G및1200DD(2)+땅속작물수확기_트__HD-C1600G및DRGH-1650(5)+땅속작물수확기_트__MPH670및680및690(2)+로타리_경__DT-10DE(4)+로터리_트__YJ175및DWR175MV(3)+로터리_트__DW195GM및IT및YPG-1502(2)+마늘줄기절단기_마늘전용(1)+마늘쪽분리기_마늘전용(1)+목재파쇄기_트__S-001A(2)+밭쟁기_트__YS-3B(5)+배부식예취기_TB430S(10)+배토기_경__DT-10DE(4)+보리전용배토기_T360(2)+보리전용배토기_WJG-300및DWL104(5)+비닐수거기_트__트랙터부착(3)+비닐피복기_관__AM-180(5)+비닐피복기_인__SV-20및BG-777B(5)+비료살포기_트__EC-750및EC-5000H(8)+사다리_100㎏__BA-1235(4)+사다리_19㎏__BA-0710(,063-539-6281,전북특별자치도 정읍시청,2025-01-01,4691000,전북특별자치도 정읍시
음성군 농업기술센터 농기계임대사업소 대소삼성지소,043-871-4102,충청북도 음성군 대소면 청천로 38,충청북도 음성군 대소면 오류리 414,36.98899986,127.4844392,31,3,16,4,13,1,3,0,s.s기 퇴비살포기(2)+굴삭기(2)+넝쿨파쇄기(1)+농용고소작업차(1)+스키드로더(1)+승용예취기(2)+인력파종기(2)+인삼정식기(2)+작물수확기(1)+잔가지파쇄기(2)+콩예취기(1)+풍구(1)+디스크모우어(1),043-871-1840,충청북도 음성군청,2024-12-12,4470000,충청북도 음성군
양평군농업기술센터 본소,031-770-3591,경기도 양평군 양평읍 농업기술센터길 37,경기도 양평군 양평읍 공흥리 1-1,37.50924203,127.5132942,87,15,34,21,30,1,4,2,,031-770-3592,경기도 양평군청,2023-05-23,4170000,경기도 양평군
구미농기계임대사업소 산동분소,054-480-4267,경상북도 구미시 산동면 강동로 851-21,경상북도 구미시 산동면 인덕리 520,36.163312,128.453877,53,5,16,17,7,7,0,0,농기계용사다리(17)+휴대용전동적화기(0)+인력비닐피복기(2)+농산물제피기(0)+휴대용전동가위(1)+동력운반차(4)+굴삭기(2)+로우더(1)+파이프성형기(2)+동력이식기(2)+동력비료살포기(2)+동력제초기(6)+마늘쪽분리기(2),054-480-4267,경상북도 구미시청,2023-10-20,5080000,경상북도 구미시
강화군농기계은행 북부분점,032-933-4174,인천광역시 강화군 송해면 강화대로 842-12,인천광역시 강화군 송해면 하도리 1218,37.76640828,126.4513763,84,5,21,14,15,1,0,0,,032-930-4175,인천광역시 강화군청,2024-07-11,3570000,인천광역시 강화군
강화군농기계은행 남부분점,032-937-4174,인천광역시 강화군 화도면 마니산로 348,인천광역시 강화군 화도면 덕포리 853,37.63284175,126.4549943,86,9,29,16,22,0,0,0,,032-930-4175,인천광역시 강화군청,2024-07-11,3570000,인천광역시 강화군
부여군농기계임대사업소(본소),041-830-2617,충청남도 부여군 규암면 흥수로 488,충청남도 부여군 규암면 노화리 325-1,36.25968719,126.8421623741,140,7,40,9,30,5,1,16,감박피기(1)+은행탈피기(2)+스키로더(1)+자주형콩탈곡기(1)+잔가지파쇄기(11)+SS분무기 방제기(1)+SS퇴비살포기(3)+중경제초기(3)+전동가위(5),041-830-2607,충청남도 부여군청,2024-08-06,4570000,충청남도 부여군
농기계임대사업소남부분소,041-830-2577,충청남도 부여군 임천면 충절로 923-12,충청남도 부여군 임천면 만사리 404-1,36.16724947,126.8926997,102,8,23,8,13,6,2,0,잔가지파쇄기(10)+전동가위(8)+동력과실수확기(2),041-830-2577,충청남도 부여군청,2024-08-06,4570000,충청남도 부여군
농기계임대사업소동부분소,041-830-2960,충청남도 부여군 석성면 왕릉로정각사길 8-11,충청남도 부여군 석성면 정각리 148-2,36.26500572,126.9822204,74,2,12,6,11,4,0,0,은행탈피기(1)+스키로더(1)+잔가지파쇄기(9)+용배수로 예초기(1)+탈망기(2)+전동가위(2),041-830-2960,충청남도 부여군청,2024-08-06,4570000,충청남도 부여군
농기계임대사업소 서부분소,041-830-3933,충청남도 부여군 홍산면 남성로 85,충청남도 부여군 홍산면 좌홍리 1024-4,36.21078079,126.7726556,54,0,10,3,11,2,0,0,잔가지파쇄기(6)+전동가위(5),041-830-3933,충청남도 부여군청,2024-08-06,4570000,충청남도 부여군
화순군농업기계임대사업소 능주분소,061-379-5464,전라남도 화순군 능주면 학포로 2343,전라남도 화순군 능주면 만수리 797-16,35.022312,126.950596,81,15,48,12,21,4,2,2,,061-379-5466,전라남도 화순군청,2024-08-07,4900000,전라남도 화순군
화순군농업기계임대사업소 동복분소,061-379-5497,전라남도 화순군 동복면 오지호로 335,전라남도 화순군 동복면 천변리 5-1,35.07481075,127.1282122,45,9,31,9,19,3,1,0,,061-379-5466,전라남도 화순군청,2024-08-07,4900000,전라남도 화순군
(창원시)창원농기계임대사업소,055-225-5444,경상남도 창원시 의창구 동읍 봉강가술로 70,경상남도 창원시 의창구 동읍 봉곡리 176-1,,,2,2,11,9,13,0,0,13,"98(동력살분무기 3, 광역살포기 1,탈망기 1, 볍씨발아기 1, 전엽기 5, 줄기파쇄기 1, 콩콤바인 3, 인력파종기 1,비닐피복기 5, 스키드로드 3, 사료절단기 1, SS기 9, 승용제초기 12, 고소작업차 2, 목재파쇄기 3, 잔가지파쇄기 2, 과수박피기 10, 전동가위2, 화수분기 4, 파이프성형밴딩기 4, 고추세척기 2, 농용굴삭기 6, 굴착기 1, 운반차 12, 무인예취기 1, 농산물결속기 1, 마늘쪽분리기 1, 항타기 1",055-225-5444,경상남도 창원시,2024-08-06,6480000,경상남도
(창원시)마산농기계임대사업소,055-225-5445,경상남도 창원시 마산합포구 진북면 지산1길 130,경상남도 창원시 마산합포구 진북면 지산리 262-10,,,1,3,9,10,10,1,0,2,"48(육묘상자이송기 2, 탈망기 2, 동력살분무기 5, 광역살포기 1, 인력파종기 3+, 다목적이식기 2, 정식기 2, 덩굴파쇄기 1, 콩콤바인 1, 전동가위 4, 잔가지파쇄기 3,목재파쇄기 3, 고소작업차 2, 동력제초기 4, 파이프성형밴딩기 1, 농용굴착기 6, 퇴비살포기 2, 운반차 2, 비닐피복기 2",055-225-5445,경상남도 창원시,2024-08-06,6480000,경상남도
(창원시)진해농기계임대사업소,055-225-5635,경상남도 창원시 진해구 웅천로 218,경상남도 창원시 진해구 성내동 476-2,,,1,1,4,1,3,0,0,2,"13(동력살분무기 2,비닐피복기 2,잔가지파쇄기 2,목재파쇄기 1,전동가위 3,농용굴삭기 1,운반차 1,비료살포기 1)",055-225-5635,경상남도 창원시,2024-08-06,6480000,경상남도
남부농기계임대사업소,055-749-7908,경상남도 진주시 문산읍 문정로 471-9,경상남도 진주시 문산읍 두산리 777,,,86,14,36,16,18,0,2,0,,055-749-7908,경상남도 진주시,2024-08-06,6480000,경상남도
중부농기계임대사업소,055-794-7907,경상남도 진주시 집현면 신당길 207번길 22,경상남도 진주시 집현면 신당리 95-1,,,57,12,25,9,11,0,0,0,,055-794-7907,경상남도 진주시,2024-08-06,6480000,경상남도
동부농기계임대사업소,055-794-7906,경상남도 진주시 진성면 동부로 1605,경상남도 진주시 진성면 천곡리 1151-6,,,55,10,14,8,6,0,0,0,,055-794-7906,경상남도 진주시,2024-08-06,6480000,경상남도
농기계임대사업소,055-831-3880,경상남도 사천시 용현면 진삼로 902,경상남도 사천시 용현면 신복리 500,,,26,18,14,13,17,2,0,0,,055-831-3880,경상남도 사천시,2024-08-06,6480000,경상남도
서부농기계임대사업소,055-831-3023,경상남도 사천시 곤양면 서삼로 103,경상남도 사천시 곤양면 송전리 99-6,,,5,6,6,8,5,0,0,0,,055-831-3023,경상남도 사천시,2024-08-06,6480000,경상남도
김해시농기계임대사업소 본소,055-350-4043,경상남도 김해시 전하로198번길 102,경상남도 김해시 전하동 900,,,75,6,15,10,6,5,0,0,과수표피제거기(3)+과일선별기(3)+경량사다리(6)+농용굴삭기(5)+동력분무기(4)+동력전정가위(2)+동력제초기(8)+동력파쇄기(5)+양수기(4)+종자발아기(5)+탈망기(2)+파이프성형기(4),055-350-4043,경상남도 김해시,2024-08-06,6480000,경상남도
당진시농업기술센터 본소,041-360-6382,충청남도 당진시 구봉로 46,,,,145,5,25,25,60,15,0,0,굴착기(3)+사다리(7)+줄기절단기(4)+농산물포장기(1)+농업용고압세척기(1)+농업용로우더(1)+지주설치기(6)+파이프벤딩성형기(2)+동력배토기(6)+동력살분무기(11)+비료살포기(3)+동력이식기(7)+동력제초기(9)+동력파쇄기(15)+붐스프레이어(2)+전기용접기(4)+제초기(1)+파종기(22)+전동가위(2),041-355-5959,충청남도 당진시 농업기술센터,2024-12-01,5680000,충청남도 당진시
당진시농업기술센터 남부지소,041-360-6422,충청남도 당진시 합덕읍 면천로 1580,,,,122,9,15,26,56,8,0,0,굴삭기(1)+돌수집기(4)+마늘쪽분리기(3)+무인방제보트(2)+사다리(7)+동력살포기(배부식)(6)+퇴비살포기(자주형)(1)+퇴비살포기(견인형)(5)+수확기(마늘)(11)+심토파쇄기(7련)(5)+전동가위(8)+양파전엽기(2)+제초기(11)+승용제초기(4)+색채선별기(1)+인력파종기(15)+항타기(3)+휴립복토기(2)+비닐피복기(2),041-355-5959,충청남도 당진시 농업기술센터,2024-12-01,5680000,충청남도 당진시
농업기계임대사업소 중부분소,041-662-3315,충청남도 서산시 성연면 생동사동길 21,충청남도 서산시 성연면 오사리 386-1,36.83451834,126.4392442,86,7,13,43,44,5,0,0,64굴착기 (1) + 마늘쪽선별기 (7) + 마늘선별기 (1) + 농산물세척기 (1) + 적심기 (1) + 절락형절단기 (1) + 동력운반차 (1) + 고속절단기 (1) + 파이프벤딩기 (2) + 동력배토기 (4) + 동력살분무기 (4) + 동력목재파쇄기 (1) + 마늘쪽분리기 (5) + 비닐피복기 (5) + 육묘상자운반기 (3) + 예초기 (1) + 종자소독기 (1) + 탈망기 (4) + 파종기 (20),041-660-3911,충청남도서산시농업기술센터,2023-06-30,4530000,충청남도 서산시
농업기계임대사업소 북부분소,041-681-1006,충청남도 서산시 대산읍 대산1로 70,충청남도 서산시 대산읍 대산리 91-24,36.93870929,126.438036,75,10,12,39,40,4,0,0,55굴착기 (2) + 마늘쪽선별기 (6) + 마늘선별기 (1) + 적심기 (1) + 고속절단기 (1) + 파이프벤딩기 (2) + 동력배토기 (5) + 동력살분무기 (2) + 동력목재파쇄기 (1) + 마늘쪽분리기 (5) + 비닐피복기 (4) + 육묘상자운반기 (3) + 적재기 (1) + 종자소독기 (1) + 탈망기 (5) + 파종기 (15),041-660-3911,충청남도서산시농업기술센터,2023-06-30,4530000,충청남도 서산시
괴산농기계임대사업소,043-830-2738,충청북도 괴산군 괴산읍 수진4길 66,충청북도 괴산군 괴산읍 서부리 708,36.81504418,127.7778361,43,1,31,18,22,5,0,0,가축용보정틀1+농업용굴삭기2+농산물순제거기1+농업용고소작업차2+농업용지주설치기4+농용파이프밴딩성형기8+동력제초기2+동력파쇄기5+스피드스프레이어2+원거리용방제기1+콤바인2+콩예취기1+동력퇴비살포기3+휴대용자동전동가위1,043-833-2738,괴산군 농업기술센터,2023-07-10,4460000,충청북도 괴산군
감물농기계임대사업소,043-833-2763,충청북도 괴산군 감물면 감물로이담4길 5,충청북도 괴산군 감물면 이담리 521,36.86416862,127.8660578,33,1,25,9,21,3,0,0,농업용굴삭기3+농산물세척기4+농산물순제거기1+농업용고소작업차4+농업용동력운반차2+농용파이프밴딩성형기3+동력이식기4+동력제초기2+동력파쇄기6+분무기1+스피드스프레이어1+예취기1+원거리용방제기1+콤바인2+콩예취기3+휴대용자동전동가위5,043-833-2763,괴산군 농업기술센터,2023-07-10,4460000,충청북도 괴산군
장연농기계임대사업소,043-833-2738,충청북도 괴산군 장연면 연풍로 448,충청북도 괴산군 장연면 송덕리 494-6,36.78142578,127.9247488,26,2,27,16,17,4,0,0,농업용굴삭기3+농산물세척기2+농산물절단기1+농업용고소작업차1+농용파이프벤딩성형기4+동력이식기2+동력파쇄기3+스피드스프레이어1+예취기1+콩예취기3,043-832-0981,괴산군 농업기술센터,2023-07-10,4460000,충청북도 괴산군
연풍농기계임대사업소,043-833-4551,충청북도 괴산군 연풍면 연풍로배상길 101,충청북도 괴산군 연풍면 행촌리 807,36.76680546,127.989796,29,1,13,3,15,2,0,0,농업용굴삭기2+농산물절단기1+농업용고소작업차6+농업용동력운반차1+농용파이프벤딩성형기1+동력제초기2+동력파쇄기3+스피드스프레이어2+원거리용방제기1+콩예취기2+휴대용자동전동가위5,043-836-2769,괴산군 농업기술센터,2023-07-10,4460000,충청북도 괴산군
청천농기계임대사업소,043-832-0981,충청북도 괴산군 청천면 금평진등2길 13-15,충청북도 괴산군 청천면 도원리 202-12,36.67798342,127.7642411,37,3,49,21,25,7,0,0,농업용굴삭기2+농산물순제거기1+농업용동력운반차1+농업용지주설치기1+농용파이프벤딩성형기2+동력이식기3+동력제초기1+동력파쇄기3+스피드스프레이어1+예취기1+원거리용방제기1+콩예취기3+휴대용자동전동가위4,043-830-2738,괴산군 농업기술센터,2023-07-10,4460000,충청북도 괴산군
사리농기계임대사업소,043-836-2763,충청북도 괴산군 사리면 사리로사담1길 5,충청북도 괴산군 사리면 사담리 533,36.81890849,127.6493508,40,5,34,22,20,8,0,0,농업용굴삭기3+농산물세척기2+농산물순제거기1+농업용고소작업차2+농용파이프벤딩성형기3+동력이식기2+동력제초기6+동력파쇄기4+분무기1+예취기4+휴대용자동전동가위5+동력퇴비살포기3,043-833-4551,괴산군 농업기술센터,2023-07-10,4460000,충청북도 괴산군
당진시농업기술센터 북부지소,041-360-6614,충청남도 당진시 석문면 대호로 1479-2,,,,115,10,25,22,48,5,0,0,굴착기(1)+사다리(2)+볏짚절단기(4)+항타기(3)+잔가지파쇄기(1)+줄기제초기(12)+동력방제기(5)+돌수집기(7)+동력배토기(8)+동력살분무기(1)+동력살포기(8)+미스트기(3)+동력비료살포기(4)+보행예취기(1)+승용제초기(3)+무인방제보트(10)+비닐피복작업기(1)+배터리분무기(1)+마늘수확기(2)+퇴비살포기(1)+전동가위(5),041-355-5959,충청남도 당진시 농업기술센터,2024-12-01,5680000,충청남도 당진시
당진시농업기술센터 중부지소,041-360-6410,충청남도 당진시 신평면 덕평로 1366-35,,,,53,0,6,7,22,0,0,0,굴착기(1)+사다리(3)+항타기(3)+동력살분무기(4)+동력살포기(4)+동력제초기(3)+목재파쇄기(1)+잔가지파쇄기(1)+줄기제초기(9)+마늘수확기(2)+황금파종기(10)+방제보트(3),041-355-5959,충청남도 당진시 농업기술센터,2024-12-01,5680000,충청남도 당진시
청주시 농기계 임대사업소,043-201-3844,충청북도 청주시 상당구 남일면 단재로 480,충청북도 청주시 상당구 남일면 효촌리 279,36.5885553479,127.5053143118,48,55,174,29,19,16,39,23,772,043-201-3991,청주시농업기술센터,2024-12-11,5710000,충청북도 청주시
중부임대사업소,063-640-4512,전북특별자치도 임실군 임실읍 봉황로 371,전북특별자치도 임실군 임실읍 두곡리 42-1,35.62997337,127.2900121,1,14,31,35,26,20,0,0,,063-640-2773,전북특별자치도 임실군청,2024-12-12,4761000,전북특별자치도 임실군
남부임대사업소,063-640-4515,전북특별자치도 임실군 오수면 오수로 195-60,전북특별자치도 임실군 오수면 대명리 699-2,35.540192,127.3228871,1,14,30,30,25,21,0,0,,063-640-2773,전북특별자치도 임실군청,2024-12-12,4761000,전북특별자치도 임실군
북부임대사업소,063-640-4517,전북특별자치도 임실군 신덕면 수지로 36,전북특별자치도 임실군 신덕면 수천리 894-3,35.68062597,127.1732322,1,12,21,14,16,15,0,0,,063-640-2773,전북특별자치도 임실군청,2024-12-12,4761000,전북특별자치도 임실군
서부임대사업소,063-640-4518,전북특별자치도 임실군 강진면 강동로 1346,전북특별자치도 임실군 강진면 갈담리 505,35.5282694,127.1603291,1,10,15,13,15,19,0,0,,063-640-2773,전북특별자치도 임실군청,2024-12-12,4761000,전북특별자치도 임실군
가평군농업기술센터 농기계임대사업소,031-580-4791,경기도 가평군 가평읍 아랫마장길 59,경기도 가평군 가평읍 승안리 100번지,37.845968,127.498648,136,0,36,5,32,30,29,20,박피기(1)+굴삭기(7)+스키드로더(2)+동력예초기(4)+스피드스프레이어(1)+동력퇴비살포기(2)+잔가지파쇄기(6)+콩예초기(5)+육묘상자운반기(2)+농산물제피기(1)+이식기(5)+진압기(1)+엔진브로워(2)+고소작업차(1)+대파파종기(1)+육묘상자 세척기(1),031-580-4791,경기도 가평군청,2024-12-06,4160000,경기도 가평군
고양시 농업기계 임대사업소,031-8075-4284,경기도 고양시 덕양구 고양대로 1695,경기도 고양시 덕양구 원흥동 471-10번지,37.64977718,126.8700851,21,0,14,2,2,0,0,1,광역방제기(1)+SS분무기(1)+축산세트장비(1)+인력파종기(6)+적재사다리(6),031-8075-4284,경기도 고양시청,2023-11-23,3940000,경기도 고양시
보령시 농업기계 임대사업소,041-930-7687,충청남도 보령시 주포면 충서로 3220,충청남도 보령시 주포면 관산리 432,36.39702879,126.571342,45,2,24,12,23,0,8,1,122,041-930-7655,충청남도 보령시 농업기술센터,2023-11-30,4510000,충청남도 보령시
보령시 남부 농업기계 임대사업소,041-930-7697,충청남도 보령시 웅천읍 장터7길 30,충청남도 보령시 웅천읍 대창리 349-5,36.2330029,126.5962866,31,2,14,9,14,0,6,1,81,041-930-7697,충청남도 보령시 농업기술센터,2023-11-30,4510000,충청남도 보령시
남해군 농기계임대사업소,055-860-8969,경상남도 남해군 이동면 남해대로 2465-9,경상남도 남해군 이동면 다정리 953,34.81729267,127.9216718,57,23,29,3,0,0,3,0,농용굴삭기(4)+상토제조기(8)+마늘쪽분리기(2)+잔가지파쇄기(2)+마늘선별기(4)+콩파종기(2)+방역소독기(1)+묘판이송기(2)+운반상자운반기(2)+보행시금치파종기(6)+볍씨파종기(3)+콩수확기(3)+승용콩수확기(1)+승용보리수확기(1)+승용관리기(1)+인력식비닐피복기(3)+석재파쇄기(1)+동력중경체초기전(10)+동력중경제초기답(2)+유압테스트기(1)+유압호수압착기(1)+동력마늘파종기(1)+동력살분무기(2)+농산물선별기(2)+전동가위(1)+승용퇴비살포기(2)+파이프벤딩기(1)+종자온탕소독기(1)+농업용사다리(3)+논두렁제초기(2)+농산물결속기(1)+심토파쇄기(1)+농업용드론(1)+동력운반차(1)+다목적황금파종기(2),055-860-8969,경상남도 남해군 농업기술센터,2024-03-04,5430000,경상남도 남해군
남해군 동남권 농기계임대사업소,055-860-3569,경상남도 남해군 삼동면 동부대로 1740-20,경상남도 남해군 삼동면 금송리 706-10,34.83094428,128.0122261,26,10,15,2,0,4,1,0,동력살분무기(3)+콩선별기(1)+잔가지파쇄기(3)+마늘줄기절단기(3)+마늘선별기(1)+마늘쪽선별기(1)+마늘종자부착기(1)+다목적황금파종기(2)+농용굴삭기(2)+농산물선별기(1)+마늘쪽분리기(3)+전동가위(1)+인력식비닐피복기(1)+논두렁제초기(1)+육묘용파종기(2)+시금치파종기보행(2)+상토제조기(2)+승용퇴비살포기(1)+동력운반차(1)+농업용사다리(3)+종자온탕소독기(1),055-860-3569,경상남도 남해군 농업기술센터,2024-03-04,5430000,경상남도 남해군
남해군 북부권 농기계임대사업소,055-860-3568,경상남도 남해군 고현면 남해대로 3264-55,경상남도 남해군 고현면 도마리 1891-1,34.87778389,127.8926863,35,8,24,4,0,0,1,0,동력마늘파종기(1)+잔가지파쇄기(3)+마늘선별기(2)+마늘쪽선별기(1)+마늘쪽분리기(2)+동력살분무기(2)+마늘줄기절단기(3)+인력식비닐피복기(5)+다목적파종기(4)+농용굴삭기(2)+승용관리기(1)+농업용사다리(3)+승용퇴비살포기(2)+동력운반차(1)+종자온탕소독기(1),055-860-3568,경상남도 남해군 농업기술센터,2024-03-04,5430000,경상남도 남해군
태안군농업기술센터(남부지소),041-670-2455,충청남도 태안군 안면읍 장터로 10,충청남도 태안군 안면읍 승언리 341-125,36.51117012,126.3508553,46,20,32,29,9,0,0,0,0,041-670-2455,태안군농업기술센터,2024-07-01,4620000,충청남도 태안군
태안군농업기술센터(북부지소),041-670-2249,충청남도 태안군 원북면 원이로 1015,충청남도 태안군 원북면 마산리 100-15,36.8348597,126.270938,32,14,11,30,37,2,0,0,0,041-670-2249,태안군농업기술센터,2024-07-01,4620000,충청남도 태안군
태안군농업기술센터(중부지소),041-670-5078,충청남도 태안군 근흥면 마금로 227,충청남도 태안군 근흥면 마금리 326,36.75197207,126.2256279,23,13,21,31,26,0,0,0,0,041-670-5078,태안군농업기술센터,2024-07-01,4620000,충청남도 태안군
합천군 중부권 농기계대여은행,055-930-3666,경상남도 합천군 용주면 고품부흥1길 7,경상남도 합천군 용주면 고품리 910-302,35.55210227,128.1124195,273,8,40,38,22,27,6,10,,055-930-3666,경상남도 합천군청,2024-04-26,5480000,경상남도 합천군
합천군 동부권 농기계대여은행,055-930-4184,경상남도 합천군 적중면 황강옥전로 1889,경상남도 합천군 적중면 부수리 403,35.55646382,128.2870688,207,9,32,20,12,5,0,6,,055-930-4184,경상남도 합천군청,2024-04-26,5480000,경상남도 합천군
합천군 남부권 농기계대여은행,055-930-4187,경상남도 합천군 삼가면 서부로 170,경상남도 합천군 삼가면 하판리 1314-3,35.41575375,128.1056803,159,8,22,15,12,4,0,6,,055-930-4187,경상남도 합천군청,2024-04-26,5480000,경상남도 합천군
중부 농업기계임대사업소,055-570-4266,경상남도 의령군 정곡면 법정로1길6,경상남도 의령군 정곡면 백곡리 952,,,45,9,8,26,13,6,0,3,"47대(굴착기2,농용고업세척기1,채소이식기1,목재파쇄기2,퇴비살포기7,콩수확기1,마늘통선별기3,벼직파기2,동력전정가위2,탈망기2,트레일러1,농산물줄기 절단기3,육묘잎자르기3,육묘상자세척기2,육묘상자운반기구3,승용형이식기3,마늘쪽분리기3,동력이식기3,마늘선별기3,",055-570-4266,경상남도 의령군,2024-08-06,6480000,경상남도
동부 농업기계임대사업소,055-570-4267,경상남도 의령군 부림면 한지31길6,경상남도 의령군 부림면 신반리 160-11,,,95,7,6,19,11,5,0,3,"41대(굴착기3,농용고업세척기1,채소이식기1,목재파쇄기2,퇴비살포기11,콩수확기1,마늘통선별기3,벼직파기2,동력전정가위2,탈망기2,트레일러1,농산물줄기 절단기3,육묘잎자르기3,육묘상자세척기2,육묘상자운반기구3",055-570-4267,경상남도 의령군,2024-08-06,6480000,경상남도
서부 농업기계임대사업소,055-570-4255,경상남도 의령군 칠곡면 진의로 2210-6,경상남도 의령군 칠곡면 신포리 241,,,40,5,4,5,7,1,0,1,"15대(굴착기1,농용고업세척기1,채소이식기1,목재파쇄기2,퇴비살포기7,콩수확기1,마늘통선별기2",055-570-4255,경상남도 의령군,2024-08-06,6480000,경상남도
함안군농기계임대사업소(가야권),055-580-4482,경상남도 함안군 가야읍 삼봉로 422,경상남도 함안군 가야읍 묘사리 910,,,105,5,15,20,21,1,1,0,"78대(굴착기3, 온탕소독기1, 모판이송기5, 친환경제초기4, 덩쿨파쇄기1, 톤백저울10, 곡물풍구3, 마늘쪽분리기3, 마늘양파선별기5, 비닐수거기5, 제초기(승용)2, 제초기(보행)3, 사료작물수확기1, 양파마늘줄기절단기2, 퇴비살포기(자주형)4, 목재파쇄기5, 콩콤바인3, 콩수확기3, 잡곡탈곡기2, 탈망기2, 고압세척기4, 농용로우더1, 논두령제초기2, SS1, 파이프벤딩기2, 운반차(자주형)1",055-580-4482,경상남도 함안군,2024-08-06,6480000,경상남도
함안군농기계임대사업소(삼칠권),055-580-4492,경상남도 함안군 칠서면 회산길 108,경상남도 함안군 칠서면 회산리 34-3,,,91,5,10,10,18,1,0,0,"50대(굴착기3, 온탕소독기1, 모판이송기3, 친환경제초기2, 덩쿨파쇄기1, 톤백저울6, 곡물풍구2, 마늘쪽분리기2, 마늘양파선별기3, 비닐수거기2, 제초기(승용)2, 제초기(보행)2, 사료작물수확기1, 양파마늘줄기절단기1, 퇴비살포기(자주형)3, 목재파쇄기3, 콩수확기3, 잡곡탈곡기1, 탈망기2, 고압세척기2, 논두령제초기2, 파이프벤딩기2, 운반차(자주형)1",055-580-4492,경상남도 함안군,2024-08-06,6480000,경상남도
함안군농기계임대사업소(중부권),055-580-4442,경상남도 함안군 산인면 서봉로 13,경상남도 함안군 산인면 부봉리 469-1,,,25,0,6,5,9,0,1,0,"12대(굴착기1, 곡물풍구1, 비닐수거기2, 제초기(보행)1, 퇴비살포기(자주형)2, 목재파쇄기2, 콩수확기1, 잡곡탈곡기1, 무논직파기1)",055-580-4442,경상남도 함안군,2024-08-06,6480000,경상남도
창녕군 농기계임대사업소 본소,055-530-6186,경상남도 창녕군 대지면 우포2로 1069-15,경상남도 창녕군 대지면 효정리 291,,,441,66,82,103,24,74,0,0,,055-530-6195,경상남도 창녕군,2024-08-06,6480000,경상남도
창녕군 농기계임대사업소 분소,055-530-6192,경상남도 창녕군 도천면 신제로 357-3,경상남도 창녕군 도천면 일리 666,,,155,20,43,82,17,29,0,0,,055-530-6192,경상남도 창녕군,2024-08-06,6480000,경상남도
고성군 농기계임대사업소 본소,055-670-4238,경상남도 고성군 고성읍 남해안대로 2829-60,경상남도 고성군 고성읍 우산리 206-2,,,189,35,107,38,23,6,15,0,,055-670-4238,경상남도 고성군,2024-08-06,6480000,경상남도
고성군 농기계임대사업소 북부권역,055-670-4294,경상남도 고성군 영오면 옥천로 1447,경상남도 고성군 영오면 연당리 926,,,57,5,35,8,6,2,6,0,,055-670-4294,경상남도 고성군,2024-08-06,6480000,경상남도
고성군 농기계임대사업소 서부권역,055-670-4284,경상남도 고성군 하일면 자란만로 1700,경상남도 고성군 하일면 학림리 381,,,47,5,43,4,5,0,5,0,,055-670-4284,경상남도 고성군,2024-08-06,6480000,경상남도
남해군 임대사업소(본소),055-860-8969,경상남도 남해군 이동면 남해대로 2465-9,경상남도 남해군 이동면 다정리 953,,,14,10,22,6,3,8,2,2,농용굴삭기(4)+상토제조기(8)+마늘쪽분리기(2)+잔가지파쇄기(2)+마늘선별기(4)+콩파종기(2)+방역소독기(1)+묘판이송기(2)+운반상자운반기(2)+보행시금치파종기(6)+볍씨파종기(3)+콩수확기(3)+승용콩수확기(1)+승용보리수확기(1)+승용관리기(1)+인력식비닐피복기(3)+석재파쇄기(1)+동력중경체초기전(10)+동력중경제초기답(2)+유압테스트기(1)+유압호수압착기(1)+동력마늘파종기(1)+동력살분무기(2)+농산물선별기(2)+전동가위(1)+승용퇴비살포기(2)+파이프벤딩기(1)+종자온탕소독기(1)+농업용사다리(3)+논두렁제초기(2)+농산물결속기(1)+심토파쇄기(1)+농업용드론(1)+동력운반차(1)+다목적황금파종기(2),055-860-8969,경상남도 남해군,2024-08-06,6480000,경상남도
남해군 동남권임대사업소,055-860-3569,경상남도 남해군 삼동면 동부대로 1740-20,경상남도 남해군 삼동면 금송리 706-10,,,4,4,17,5,2,7,1,0,동력살분무기(3)+콩선별기(1)+잔가지파쇄기(3)+마늘줄기절단기(3)+마늘선별기(1)+마늘쪽선별기(1)+마늘종자부착기(1)+다목적황금파종기(2)+농용굴삭기(2)+농산물선별기(1)+마늘쪽분리기(3)+전동가위(1)+인력식비닐피복기(1)+논두렁제초기(1)+육묘용파종기(2)+시금치파종기보행(2)+상토제조기(2)+승용퇴비살포기(1)+동력운반차(1)+농업용사다리(3)+종자온탕소독기(1),055-860-3569,경상남도 남해군,2024-08-06,6480000,경상남도
남해군 북부권임대사업소,055-869-3568,경상남도 남해군 고현면 남해대로 3264-55,경상남도 남해군 고현면 도마리 1891-1,,,6,2,22,7,1,6,1,0,동력마늘파종기(1)+잔가지파쇄기(3)+마늘선별기(2)+마늘쪽선별기(1)+마늘쪽분리기(2)+동력살분무기(2)+마늘줄기절단기(3)+인력식비닐피복기(5)+다목적파종기(4)+농용굴삭기(2)+승용관리기(1)+농업용사다리(3)+승용퇴비살포기(2)+동력운반차(1)+종자온탕소독기(1),055-869-3568,경상남도 남해군,2024-08-06,6480000,경상남도
하동군 본점 임대사업소,055-880-2686,경상남도 하동군 적량면 한옥정길90,경상남도 하동군 적량면 동산리 1830-1,,,111,31,54,22,28,6,3,0,,055-880-2686,경상남도 하동군,2024-08-06,6480000,경상남도
하동군 동부권 임대사업소,055-884-2688,경상남도 하동군 북천면 금천길 21,경상남도 하동군 북천면 직전리 556-10,,,30,11,34,6,3,2,0,0,,055-884-2688,경상남도 하동군,2024-08-06,6480000,경상남도
하동군 남부권 임대사업소,055-883-2686,경상남도 하동군 고전면 죽전길 9,경상남도 하동군 고전면 고하리 154-1,,,55,16,15,6,5,2,2,0,,055-883-2686,경상남도 하동군,2024-08-06,6480000,경상남도
산청 농기계임대사업소,055-970-7953,경상남도 산청군 산청읍 정곡척지로3번길 62,경상남도 산청군 산청읍 병정리 326-1,,,100,17,35,32,17,6,0,0,,055-970-7953,경상남도 산청군,2024-08-06,6480000,경상남도
단성 농기계임대사업소,055-970-7961,경상남도 산청군 단성면 목화로 909,경상남도 산청군 단성면 사월리 22,,,56,10,16,16,6,7,0,0,,055-970-7961,경상남도 산청군,2024-08-06,6480000,경상남도
함양군농기계임대사업소(중부권),055-960-5299,경상남도 함양군 함양읍 고운로 539,경상남도 함양군 함양읍 백천리 408-2,,,63,6,17,9,9,1,0,0,,055-960-5299,경상남도 함양군,2024-08-06,6480000,경상남도
함양군농기계임대사업소(북부권),055-960-5297,경상남도 함양군 안의면 거함대로 1712,경상남도 함양군 안의면 교북리 37,,,44,5,12,10,6,1,0,0,,055-960-5297,경상남도 함양군,2024-08-06,6480000,경상남도
인제군농업기술센터 농업기계임대사업소 인제본소,033-460-2254,강원도 인제군 인제읍 비봉로44번길 105,강원도 인제군 인제읍 남북리 816,38.05881329,128.1659613,87,6,74,17,19,0,8,6,탈망기(2)+종자발아기(2)+농용굴삭기(3)+인력파종기(23)+인력비닐피복기(7)+동력이식기(7)+동력살분무기(7)+동력분무기(4)+자주식베일러(1)+동력예취기(2)+승용예취기(2)+팥정선기(1)+콩예취기(5)+콩정선기(3)+오일여과장치(1)+잡곡콤바인(1)+콩콤바인(1)+풍구(4)+목재파쇄기(7)+농용파이프밴딩성형기(1)+농용동력운반차(1)+육묘파종기(1)+승용관리기(2)+퇴비살포기 차량용(4)+퇴비살포기 자주식(3),033-460-2254,강원도 인제군청,2023-06-07,4331000,강원특별자치도 인제군
인제군농업기술센터 농업기계임대사업소 기린지소,033-463-4191,강원도 인제군 기린면 창암길 15-8,강원도 인제군 기린면 현리 840-14,37.94554815,128.3122705,57,5,46,20,15,0,5,6,종자발아기(2)+농용굴삭기(2)+인력파종기(19)+인력비닐피복기(3)+동력이식기(3)+퇴비살포기 자주식(5)+퇴비살포기 차량용(2)+동력살분무기(5)+동력분무기(5)+승용예취기(1)+콩예취기(5)+콩정선기(4)+잡곡콤바인(2)+풍구(3)+목재파쇄기(3)+농용동력운반차(1)+농용파이프벤팅성형기(1)+승용관리기(2)+육묘용파종기(2)+휴립피복기(1),033-463-4191,강원도 인제군청,2023-06-07,4331000,강원특별자치도 인제군
합천군 동부권 농기계대여은행,055-930-4184,경상남도 합천군 적중면 황강옥전로 1889,경상남도 합천군 적중면 부수리 403,,,144,9,27,0,13,13,0,2,"116(굴착기4,노면청소기1,농기계용사다리18,딸기배지파쇄기1,농산물선별기13,농산물줄기절단기2,농업용고소작업차1,과수박피기1,동력운반차6,스키드로더2,동력항타기1,콘베어2,톱밥복토기3,동력분무기(차량용)4,동력살분무기1,동력수확기2,동력예취기2,논두렁제초기1,동력제초기(승용)2,덩굴파쇄기2,잔가지파쇄기5,마늘쪽분리기12,동력분무기(충전식)1,잡곡수확기1,양파수집기(보행형)1,광역살포기1,,유압도끼1,육묘파종기등4,양파전엽기6,붐스프레이어1,탈망기1,축분교반기1,퇴비살포기(ss기용)7,퇴비살포기(차량용)1,파렛트랩핑기1,다목적파종기(트레이)1,다목적파종기(인력)1,전정가위1",055-930-4184,경상남도 합천군,2024-08-06,6480000,경상남도
합천군 남부권 농기계대여은행,055-930-4187,경상남도 합천군 삼가면 서부로 170,경상남도 합천군 삼가면 하판리 1314-3,,,102,8,23,0,15,13,0,2,"98(굴착기2,노면청소기1,농기계용사다리13,농산물선별기13,농업용고소작업차1,과수박피기1,동력운반차6,스키드로더1,동력항타기1,콘베어2,톱밥복토기2,동력분무기(차량용)4,동력살분무기1,동력예취기2,논두렁제초기1,동력제초기(승용)2,톱밥제조기2,덩굴파쇄기1,잔가지파쇄기5,마늘쪽분리기8,동력분무기(충전식)1,스피드스프레이어1,양파수집기(보행형)1,에어콤프레셔1,원거리방제기1,유압도끼1,육묘파종기등4,양파전엽기6,붐스프레이어1,탈망기1,퇴비살포기(ss기용)7,퇴비살포기(차량용)1,파렛트랩핑기1,다목적파종기1,전정가위1",055-930-4187,경상남도 합천군,2024-08-06,6480000,경상남도
합천군 북부권 농기계대여은행,055-930-4190,경상남도 합천군 야로면 미숭산로 21,경상남도 합천군 야로면 야로리 225-5,,,95,8,18,0,14,6,0,2,"99(굴착기2,노면청소기1,농기계용사다리13,농산물선별기12,농업용고소작업차1,과수박피기1,동력운반차7,스키드로더1,동력항타기1,콘베어2,톱밥복토기2,동력분무기(차량용)4,동력살분무기1,동력예취기2,논두렁제초기2,동력제초기(승용)3,톱밥제조기1,덩굴파쇄기1,잔가지파쇄기5,마늘쪽분리기7,동력분무기(충전식)1,스피드스프레이어4,양파수집기(보행형)1,에어콤프레셔2,원거리방제기1,유압도끼1,육묘파종기등4,양파전엽기4,붐스프레이어1,탈망기1,퇴비살포기(ss기용)5,퇴비살포기(차량용)1,파렛트랩핑기1,다목적파종기1,전정가위1,무논정지기1",055-930-4190,경상남도 합천군,2024-08-06,6480000,경상남도
농기계임대사업 본소,054-789-5282,경상북도 울진군 매화면 매화매실길 76,경상북도 울진군 매화면 매화리 1032-28,36.91801441,129.3797739,225,20,61,35,19,1,7,2,가정용도정기(2)+결속기(3)+농산물제피기(1)+농업용고압세척기(5)+농업용굴착기(7)+농업용동력운반차(2)+농업용로우더(2)+농업용베일러(2)+농업용지주설치기(3)+농용양수기(6)+농용파이프벤딩성형기(1)+동력분무기(1)+동력살분무기(1)+동력수확기(1)+동력예취기(2)+동력이식기(14)+동력제초기(6)+동력파쇄기(11)+무인항공방제기(10)+볍씨발아기(3)+분무기(3)+비료살포기(7)+살분무기(5)+스피드스프레이어(3)+원거리용방제기(1)+육묘잎자르기(1)+자주형동력문무기(1)+자주형심토파쇄기(1)+장작제조기(1)+제초기(6)+종자발아기(9)+종자선별기(1)+친환경제재제조기(2)+칼날연마기(1)+콩예취기(3)+휴대용자동전동가위(4),054-789-5280,경상북도 울진군농업기술센터,2024-07-31,5250000,경상북도 울진군
농기계임대사업 남부지소,054-789-5272,경상북도 울진군 평해읍 평오곡길 30,경상북도 울진군 평해읍 평해리 1315,36.7305659,129.4444332,107,14,47,16,12,1,3,1,결속기(7)+농산물세척기(1)+농업용고소작업차(1)+농업용고압세척기(1)+농업용굴착기(3)+농업용동력운반차(1)+농업용로우더(2)+농용양수기(4)+농용파이프벤딩성형기(1)+동력분무기(1)+동력살분무기(1)+동력상토조제기(1)+동력수확기(1)+동력이식기(5)+동력제초기(4)+동력중경제초기(2)+동력퇴비살포기(1)+동력파쇄기(3)+볍씨발아기(2)+분무기(1)+비닐피복기(1)+살분무기(2)+육묘잎자르기(1)+종자발아기(7)+종자선별기(2)+콩예취기(4)+휴대용자동전동가위(3),054-789-5280,경상북도 울진군농업기술센터,2024-07-31,5250000,경상북도 울진군
농기계임대사업 서부지소,054-789-5276,경상북도 울진군 금강송면 불영계곡로 1524,경상북도 울진군 금강송면 삼근리 529,36.93457205,129.240293,35,4,17,7,4,0,2,0,그레이터(2)+농업용고압세척기(1)+농업용굴착기(3)+농업용로우더(1)+농업용지주설치기(1)+농용양수기(1)+동력분무기(1)+동력살분무기(1)+동력예취기(1)+동력이식기(2)+동력제초기(2)+동력중경제초기(1)+동력퇴비살포기(1)+동력파쇄기(3)+분무기(1)+비료살포기(2)+살분무기(2)+스피드스프레이어(1)+육묘잎자르기(1)+장작제조기(1)+종자발아기(6)+종자선별기(1)+콩예취기(1)+휴대용자동전동가위(2),054-789-5280,경상북도 울진군농업기술센터,2024-07-31,5250000,경상북도 울진군
농기계임대사업 북부지소,054-789-5273,경상북도 울진군 북면 박금소야로 448,경상북도 울진군 북면 소곡리 126,37.05164832,129.3516707,60,5,29,4,6,0,2,1,결속기(3)+농업용고소작업차(1)+농업용고압세척기(1)+농업용굴착기(5)+농업용로우더(1)+농업용지주설치기(1)+농용양수기(1)+농용호스릴(1)+동력분무기(1)+동력살분무기(1)+동력예취기(1)+동력이식기(5)+동력제초기(2)+동력퇴비살포기(1)+동력파쇄기(2)+분무기(1)+비료살포기(1)+살분무기(1)+육묘잎자르기(1)+장작제조기(1)+제초기(1)+종자발아기(1)+종자선별기(1)+콩예취기(2)+휴대용자동전동가위(1),054-789-5280,경상북도 울진군농업기술센터,2024-07-31,5250000,경상북도 울진군
농기계임대사업 온정지소,054-789-5582,경상북도 울진군 온정면 소태하암길 46,경상북도 울진군 온정면 소태리 419,36.7213322298,129.3545295521,23,8,15,5,2,4,2,0,농업용굴착기(1)+농업용로우더(1)+동력이식기(1)+동력제초기(1)+동력중경제초기(3)+동력파쇄기(3)+비료살포기(3)+살분무기(2)+장작제조기(1)+종자발아기(2)+종자선별기(1),054-789-5280,경상북도 울진군농업기술센터,2024-07-31,5250000,경상북도 울진군
영양군농업기술센터,054-680-5245,경상북도 영양군 영양읍 영양창수로 323,경상북도 영양군 영양읍 대천리 569,36.65617485,129.1468288,150,44,50,26,35,1,6,15,굴삭기(7)+목재파쇄기(19)+고추세척기(3)+동력분무기(5)+살분부기(25)+스키드로더(2)+인력파종기(28)+콩예취기(7)+파이프벵딩기(4)+예도형예취기(9)+동력운반차(4),054-680-5212,경상북도 영양군청,2024-07-24,5170000,경상북도 영양군
북부농기계임대사업소,043-539-7577,충청북도 진천군 이월면 진광로 902-27,충청북도 진천군 이월면 내촌리 436,36.9417815,127.4333316,46,28,57,13,8,8,0,0,,055-748-0245,㈜샘밑,2025-02-03,4450000,충청북도 진천군
음성군 농업기술센터 농기계임대사업소 본소,043-871-2356,충청북도 음성군 음성읍 용광로 81-5,충청북도 음성군 음성읍 용산리 258,36.9449492,127.6845246,43,3,23,6,19,1,3,0,s.s기 퇴비살포기(4)+굴삭기(4)+넝쿨파쇄기(1)+농용고소작업차(1)+스키드로더(1)+승용예취기(5)+인력파종기(3)+인삼정식기(2)+인삼종자 파종기(1)+작물수확기(2)+잔가지파쇄기(4)+콩예취기(1)+스피드스프레이어(1)+풍구(2)+동력항타기(1),043-871-1840,충청북도 음성군청,2024-12-12,4470000,충청북도 음성군
음성군 농업기술센터 농기계임대사업소 서부지소,043-871-2372,충청북도 음성군 금왕읍 멍심이길 209,충청북도 음성군 금왕읍 도청리 474-33,36.97680291,127.5412077,47,4,21,4,18,1,4,0,s.s기 퇴비살포기(4)+굴삭기(3)+넝쿨파쇄기(1)+스키드로더(1)+동력운반차(2)+승용예취기(2)+인력파종기(3)+인삼 정식기(2)+작물수확기(1)+잔가지파쇄기(2)+콩예취기(1)+스피드스프레이어(1)+풍구(2),043-871-1840,충청북도 음성군청,2024-12-12,4470000,충청북도 음성군
음성군 농업기술센터 농기계임대사업소 북부지소,043-871-2382,충청북도 음성군 생극면 음성로 1985-3,충청북도 음성군 생극면 방축리 240-3,37.0621525,127.6053298,42,3,23,5,15,1,5,0,s.s기 퇴비살포기(3)+굴삭기(2)+넝쿨파쇄기(1)+농용고소작업차(2)+스키드로더(1)+동력운반차(1)+승용예취기(5)+인력파종기(2)+인삼정식기(2)+작물수확기(1)+잔가지파쇄기(3)+콩예취기(1)+스피드스프레이어(1)+풍구(1)+동력항타기(1),043-871-1840,충청북도 음성군청,2024-12-12,4470000,충청북도 음성군
음성군 농업기술센터 농기계임대사업소 동부지소,043-871-2392,충청북도 음성군 소이면 한불로 584-1,충청북도 음성군 소이면 금고리 853,36.9144437,127.7574529,34,4,16,5,15,1,3,0,s.s기 퇴비살포기(2)+굴삭기(2)+넝쿨파쇄기(1)+농용고소작업차(1)+스키드로더(1)+승용예취기(3)+인력파종기(2)+인삼정식기(2)+작물수확기(1)+잔가지파쇄기(2)+콩예취기(1)+풍구(1),043-871-1840,충청북도 음성군청,2024-12-12,4470000,충청북도 음성군
무안군농업기술센터농기계임대사업소-운남분소,061-452-1812,전라남도 무안군 운남면 운해로 578-7,전라남도 무안군 운남면 연리 403,34.96026245,126.3408909,41,0,21,3,13,10,0,1,농업용굴착기(2) 논두렁조성기(2) 마늘선별기(1) 콩적심기(4) 농용파이프밴딩성형기(1) 동력배토기(보행)(1) 동력배토기(1) 동력분무기(7) 동력살분무기(5) 동력비료살포기(3) 동력제초기(2) 승용예취기(2) 동력이식기 양파 정식(이식)기(2) 승용양파정식기(1) 동력예취기(2) (잔가지)동력파쇄기(1) 마늘쪽분리기(3) 볍씨발아기(5) 분무기(2) 승용붐스프레이어(1) 동력피복기(1) 인력비닐피복기(1) 승용비료살포기(1) 수확기(2) 동력예취기 전엽기(3) 농업진압기(1) 콩예취기(1) 콩정선기(2) 탈망기(2) 농용트럭 퇴비살포기(2) 플라우(2),061-452-1812,전라남도 무안군 농업기술센터,2024-04-24,4950000,전라남도 무안군
무안군농업기술센터농기계임대사업소-무안본소,061-450-4004,전라남도 무안군 무안읍 무안로 339,전라남도 무안군 무안읍 성남리 582-1,34.97767806,126.4658791,85,0,36,5,20,26,0,1,곡물적재함(3) 농업용굴착기(2) 논두렁조성기(3) 마늘선별기(2) 콩적심기(6) 농용파이프밴딩성형기(1) 동력배토기(보행)(3) 동력배토기(3) 동력분무기(11) 동력살분무기(4) 동력비료살포기(6) 승용예취기(5) 동력이식기 양파 정식(이식)기(8) 동력이식기고구마이식기(1) 동력이식기야채이식기(1) 승용양파정식기(2) 동력예취기(3) 동력제초기(6) (잔가지)동력파쇄기(1) 잔가지파쇄기(1) 로타베이터(2) 마늘쪽분리기(3) 볍씨발아기(9) 분무기(2) 승용붐스프레이어(1) 동력피복기(1) 인력비닐피복기(1) 승용비료살포기(1) 수확기(2) 심토파쇄기(3) 엔진항타기(1) 육묘상자운반기구(1) 동력예취기 전엽기(7) 전동지게차(1) 고구마순제초기(2) 농업진압기(1) 콩예취기(1) 탈망기(2) 농용트럭 퇴비살포기(3) 동력퇴비살포기(1) 플라우(2) 휴대용자동전동가위(4),061-450-4004,전라남도 무안군 농업기술센터,2024-04-24,4950000,전라남도 무안군
김해시농기계임대사업소 한림분소,055-350-6432,경상남도 김해시 한림면 한림로618번길 36,경상남도 김해시 한림면 장방리 1403,,,30,3,17,5,4,4,0,2,과수표피제거기(5)+과일선별기(3)+경량사다리(5)+농용굴삭기(5)+동력분무기(3)+동력운반차(4)+동력이식기(3)+동력전정가위(3)+동력제초기(4)+동력퇴비살포기(2)+동력파쇄기(4)+양수기(5)+탈망기(2)+파이프성형기(3),055-350-6422,경상남도 김해시,2024-08-06,6480000,경상남도
김해시농기계임대사업소 대동분소,055-350-6422,경상남도 김해시 대동면 동남로41번길 25-15,경상남도 김해시 대동면 초정리 952-670,,,102,5,34,13,7,0,0,4,과수표피제거기(1)+경량사다리(3)+농용굴삭기(2)+동력분무기(1)+동력운반차(2)+동력이식기(1)+동력전정가위(4)+동력제초기(2)+동력퇴비살포기(1)+동력파쇄기(2)+양수기(2)+파이프성형기(1),055-350-6432,경상남도 김해시,2024-08-06,6480000,경상남도
밀양시 농기계임대사업소,055-359-6995,경상남도 밀양시 상남면 상남로 1008-18,경상남도 밀양시 상남면 기산리 1052-3,,,119,5,13,21,34,1,0,0,퇴비살포기(2)+농산물세척기(1)+자동릴방제기(7)+동력운반차(4)+논두렁예초기(5)+고설로터리(3)+채소이식기(2)+동력예취기(6)+마늘선별기(2)+과수박피기(8)+목재파쇄기(21)+고소작업차(5)+농용동력승용운반차(2)+농용로우더(2)+동력살분무기(3)+농산물순제거기(2)+마늘쪽분리기(2)+동력배토기(11)+심경로터리(5)+마늘종자부착기(1)+콩 파종기(10)+ 항타기(3)+심경쟁기(3)+휴대자동전정가위(8)+SS기(5)+SS기부착퇴비살포기(8)+승용동력제초기(14)+휴립복토기(13),055-359-6995,경상남도 밀양시,2024-08-06,6480000,경상남도
거제시 농기계임대사업장,055-639-6457,경상남도 거제시 거제면 거제남서로 3585,경상남도 거제시 거제면 서정리 976-13,,,39,7,22,11,4,0,2,0,,055-639-6457,경상남도 거제시,2024-08-06,6480000,경상남도
양산시농기계임대사업소,055-392-5316,경상남도 양산시 동면 양산대로 618,경상남도 양산시 동면 석산리 392,,,104,3,21,10,11,0,2,0,,055-392-5316,경상남도 양산시,2024-08-06,6480000,경상남도
의령 농업기계임대사업소,055-570-4268,경상남도 의령군 의령읍 의합대로 69,경상남도 의령군 의령읍 무전리 249-7,,,110,18,15,81,33,11,0,3,"49대(굴착기4,농용고업세척기1,채소이식기1,목재파쇄기2,퇴비살포기7,콩수확기1,마늘통선별기3,벼직파기2,동력전정가위2,탈망기2,트레일러1,농산물줄기 절단기3,육묘잎자르기3,육묘상자세척기2,육묘상자운반기구3,승용형이식기3,마늘쪽분리기3,동력이식기3,마늘선별기3,",055-570-4268,경상남도 의령군,2024-08-06,6480000,경상남도
예산군 농기계임대사업장(서부농업지원팀),041-339-8183,충청남도 예산군 봉산면 효교냉천길 20,충청남도 예산군 봉산면 효교리 156-4,36.73095172,126.6917036,106,5,12,12,38,6,0,0,,041-339-8183,예산군 농업기술센터,2024-11-07,4610000,충청남도 예산군
단성농기계임대사업소,055-970-7961,경상남도 산청군 단성면 목화로909,경상남도 산청군 단성면 사월리 22,35.292441,127.958154,61,18,16,5,5,9,0,1,전엽기(2)+농용굴착기(3)+퇴비살포기(2)+논두렁제초기(1)+동력살분무기(2)+분무기(2)+운반차(1)+박피기(4)+스피드스프레이어(4)+승용제초기(5)+잔가지파쇄기(3)+파이프밴딩성형기(3)+휴대용전동가위(5)+농용로우더(1),055-970-7961,경상남도 산청군청,2024-11-13,5450000,경상남도 산청군
산청농기계임대사업소,055-970-7953,경상남도 산청군 산청읍 정곡척지로3번길62,경상남도 산청군 산청읍 병정리326-1,35.402696,127.900767,107,29,35,6,11,11,0,5,농산물선별기(3)+마늘쪽분리기(4)+마늘쪽선별기(2)+전엽기(2)+농용굴착기(3)+퇴비살포기(6)+트레일러차축(2)+논두렁제초기(6)+동력살분무기(2)+분무기(7)+예취기(3)+운반차(4)+박피기(4)+스피드스프레이어(4)+승용제초기(13)+잔가지파쇄기(7)+파이프밴딩성형기(4)+휴대용전동가위(4)+농용로우더(3),055-970-7953,경상남도 산청군청,2024-11-13,5450000,경상남도 산청군
중부농기계임대사업소,055-749-7907,경상남도 진주시 집현면 신당길207번길 22,경상남도 진주시 집현면 신당리 95-1,35.2270979,128.1218464,56,16,40,12,15,0,1,0,,055-749-6141,경상남도 진주시청,2024-11-14,5310000,경상남도 진주시
남부농기계임대사업소,055-749-7908,경상남도 진주시 문산읍 문정로 471-9,경상남도 진주시 문산읍 두산리 777,35.14798435,128.1440323,82,20,61,20,22,0,1,0,,055-749-6141,경상남도 진주시청,2024-11-14,5310000,경상남도 진주시
동부농기계임대사업소,055-749-7906,경상남도 진주시 진성면 동부로 1605,경상남도 진주시 진성면 천곡리 1151-6,35.18899859,128.249956,53,10,15,7,6,0,0,0,,055-749-6141,경상남도 진주시청,2024-11-14,5310000,경상남도 진주시
기장군농업기술센터,051-709-5315,부산광역시 기장군 기장읍 반송로 1370-22,부산광역시 기장군 기장읍 만화리 333-28,35.25259076,129.195309,58,8,29,3,2,2,2,0,사다리(5)+파쇄기(5)+건조기(33)+결속기(1)+파이프밴딩성형기(1)+양봉채밀기(1)+양수기(1)+굴삭기(10)+동력살분무기(1)+스키드로더(2)+탈망기(1),051-709-5307,기장군농업기술센터,2024-11-28,3400000,부산광역시 기장군
스마트농업지원관,032-440-6936,인천광역시 계양구 살라리로 2번길 33,인천광역시 계양구 서운동 207-1,,,18,11,8,0,4,1,0,0,농용굴삭기(2)+농용로우더(1)+동력분무기(2)+동력살분무기(1)+동력예취기(3)+동력파종기(1)+콩예취기(1)+탈망기(2)+자동전동가위(2)+농용파이프밴딩성형기(1)+동력이식기(1)+목재파쇄기(3)+농업용드론(1),032-440-6932,인천광역시농업기술센터,2024-11-19,6280000,인천광역시
인천광역시농업기계교육관,032-746-7920,인천광역시 중구 공항서로 587,인천광역시 중구 을왕동 488-5,,,16,10,7,0,3,0,0,0,농산물선별기(1)+농용굴삭기(2)+동력예취기(1)+동력배토기(1)+탈망기(2)+목재파쇄기(2),032-746-7920,인천광역시 중구농업인상담소,2024-11-19,6280000,인천광역시
동해시농업기술센터 망상지소,033-530-2438,강원특별자치도 동해시 초구길 2-1,강원특별자치도 동해시 초구동 110,37.57653187,129.087711,6,6,53,4,8,0,5,0,굴착기(1)+건조기(3)+동력운반차(1)+스키드로더(1)+파이프밴딩(1)+농용호스릴(1)+동력살분무기(1)+정전노즐(2)+자주식베일러(2)+비료살포기(2)+동력이식기(3)+동력제초기(3)+동력파쇄기(14)+방제기(1)+전동가위(2)+수동파종기(1)+동력예취기(1)+자주식퇴비살포기(1)+퇴비살포기(경운기)(1)+파종기(육묘용)(1)+이륜관리기(22)+일륜관리기(5)+정선작업기(3),033-530-2438,동해시농업기술센터,2024-11-15,4211000,강원특별자치도 동해시
동해시농업기술센터 북평지소,033-530-2439,강원특별자치도 동해시 이원길 77-5,강원특별자치도 동해시 이도동 657-4,37.48098442,129.1006996,5,8,23,4,12,1,4,0,굴착기(2)+전조기(2)+동력운반차(3)+스키드로더(2)+파이프밴딩(1)+농용호스릴(1)+동력살분무기(1)+정전노즐(2)+비료살포기(3)+동력이식기(2)+동력제초기(2)+동력파쇄기(8)+방제기(1)+전동가위(5)+수동파종기(1)+동력예취기(1)+자주식퇴비살포기(1)+퇴비살포기(경운기)(1)+곡물선별기(1)+승용관리기(1)+이륜관리기(20)+일륜관리기(12)+정선작업기(2),033-530-2438,동해시농업기술센터,2024-11-15,4211000,강원특별자치도 동해시
김천시농기계임대사업소중부지점,054-437-9711,경상북도 김천시 조마면 용호로 110-10,경상북도 김천시 조마면 강곡리 12-1,36.03962741,128.1152584,45,8,4,8,11,0,5,0,농업용굴착기3+농용운반차3+목재파쇄기15+퇴비살포기4+파이프밴딩기3+양파모종정리기2,054-421-2551,경상북도 김천시청,2024-07-09,5060000,경상북도 김천시
함양군농기계임대사업소(북부권),055-960-5297,경상남도 함양군 안의면 거함대로 1712,경상남도 함양군 안의면 교북리 37,35.63418597,127.8152199,27,11,15,8,5,1,0,0,,055-960-8350,경상남도 함양군청,2024-07-09,5460000,경상남도 함양군
함양군농기계임대사업소(중부권),055-960-5299,경상남도 함양군 함양읍 고운로 539,경상남도 함양군 함양읍 백천리 405-1,35.52563065,127.779145,38,15,22,10,10,1,0,1,,055-960-8350,경상남도 함양군청,2024-07-09,5460000,경상남도 함양군
함양군농기계임대사업소(서부권),055-960-5296,경상남도 함양군 백전면 백현길 28-2,경상남도 함양군 백전면 경백리 507,35.53376985,127.6556564,15,9,8,2,2,0,0,0,,055-960-8350,경상남도 함양군청,2024-07-09,5460000,경상남도 함양군
함양군농기계임대사업소(남부권),055-960-5570,경상남도 함양군 휴천면 천왕봉로 2426,경상남도 함양군 휴천면 남호리 372,35.43840979,127.7653347,15,8,7,8,3,1,0,0,,055-960-8350,경상남도 함양군청,2024-07-09,5460000,경상남도 함양군
태안군농업기술센터(본소),041-673-8282,충청남도 태안군 태안읍 송암로 523,충청남도 태안군 태안읍 송암리 770-2,36.73320335,126.3055443,93,45,37,83,56,0,0,0,0,041-673-8282,태안군농업기술센터,2024-07-01,4620000,충청남도 태안군
의성군농업기술센터(금성지소),054-830-6483,경상북도 의성군 금성면 탑운길 115,경상북도 의성군 금성면 탑리리 990,36.262311,128.6871162,47,16,5,12,28,0,0,0,굴삭기(12)+농산물제피기(1)+마늘쪽분리기(5)+농산물선별기(6)+동력파쇄기(17)+사료작물수확기(1)+동력제초기(14)+콩범용수확기(1)+콩예취기(5)+탈망기(8)+퇴비살포기(3)+파이프벤딩성형기(2),054-830-6483,경상북도 의성군청,2024-09-13,5150000,경상북도 의성군
의성군농업기술센터(안계지소),054-830-6486,경상북도 의성군 안계면 서부로 1800,경상북도 의성군 안계면 시안리 367-2,36.39297311,128.4318318,75,8,6,10,19,1,0,0,굴삭기(7)+농산물제피기(1)+마늘쪽분리기(3)+농산물선별기(2)+동력파쇄기(9)+동력제초기(9)+콩범용수확기(1)+콩예취기(4)+탈망기(3)+퇴비살포기(3)+파이프벤딩성형기(2),054-830-6486,경상북도 의성군청,2024-09-13,5150000,경상북도 의성군
의성군농업기술센터(점곡지소),054-830-6482,경상북도 의성군 점곡면 동변길 159,경상북도 의성군 점곡면 동변리 1075-1,36.425014,128.7815124,35,12,4,11,24,0,0,0,굴삭기(10)+농산물제피기(1)+마늘쪽분리기(5)+농산물선별기(5)+동력파쇄기(15)+동력제초기(11)+콩범용수확기(1)+콩예취기(5)+탈망기(8)+퇴비살포기(3)+파이프벤딩성형기(2),054-830-6482,경상북도 의성군청,2024-09-13,5150000,경상북도 의성군
의성군농업기술센터(다인지소),054-830-6754,경상북도 의성군 다인면 비안다인로 1786-5,경상북도 의성군 다인면 도암리 971-1,36.455507,128.354529,54,1,0,6,19,0,0,0,굴삭기(6)+마늘쪽분리기(1)+농산물선별기(1)+동력파쇄기(8)+동력제초기(8)+콩범용수확기(1)+퇴비살포기(3)+파이프벤딩성형기(3),054-830-6754,경상북도 의성군청,2024-09-13,5150000,경상북도 의성군
경주시 농업기술센터 본소,054-779-8737,경상북도 경주시 서악2길 14(서악동),경상북도 경주시 서악동 1153,35.82859141,129.1894005,133,12,75,13,28,0,0,1,143 → 과수인공교배기(14)+농기계용사다리(31)+농업용고소작업차(1)+농업용굴삭기(10)+농업용로우더(1)+농용계량기(1)+농용파이프밴딩성형기(2)+동력배토기(10)+동력살포기(4)+동력제초기(11)+동력파쇄기(11)+마늘쪽분리기(1)+볍씨발아기(11)+육묘상자운반기구(1)+친환경제재제조기(1)+콩예취기(5)+인력파종기(21)+사료배합기(1)+동력분무기(6),054-760-2248,경상북도 경주시청,2024-11-15,5050000,경상북도 경주시
경주시 농업기술센터 동부사업소,054-741-8737,경상북도 경주시 양북면 감은로 288-11,경상북도 경주시 양북면 어일리 430-17,35.77053088,129.4487423,53,5,24,3,14,0,0,1,67 → 농업용고압세척기(1)+농기계용사다리(22)+농업용굴삭기(4)+농업용로우더(1)+농용파이프밴딩성형기(2)+동력배토기(2)+동력제초기(3)+동력살포기(3)+동력파쇄기(3)+볍씨발아기(10)+동력분무기(1)+탈망기(4)+인력파종기(10)+농용양수기(1),054-760-2248,경상북도 경주시청,2024-11-15,5050000,경상북도 경주시
경주시 농업기술센터 북부사업소,054-763-6461,경상북도 경주시 안강읍 안현로 1294-42,경상북도 경주시 안강읍 갑산리 927,35.97214821,129.2355127,85,11,41,9,16,4,0,1,115 → 과수인공교배기(9)+농기계용사다리(28)+농업용고소작업차(1)+농업용고압세척기(1)+농업용굴삭기(5)+농업용로우더(1)+농용파이프밴딩성형기(3)+동력분무기(4)+동력배토기(6)+동력제초기(9)+동력살포기(4)+농용양수기(1)+동력파쇄기(9)+볍씨발아기(20)+육묘상자운반기구(1)+탈망기(3)+인력파종기(10),054-760-2248,경상북도 경주시청,2024-11-15,5050000,경상북도 경주시
경주시 농업기술센터 남부사업소,054-776-8735,경상북도 경주시 시동로 303,경상북도 경주시 시동 998-81,35.75778183,129.2759864,51,7,23,6,11,1,0,2,72 → 농기계용사다리(16)+농업용굴삭기(4)+농업용동력운반차(1)+농용파이프밴딩성형기(2)+동력배토기(4)+동력살포기(4)+동력제초기(6)+동력파쇄기(6)+볍씨발아기(10)+육묘상자운반기구(1)+탈망기(3)+인력파종기(10)+친환경제재제조기(1)+동력분무기(3)+농용양수기(1),054-760-2248,경상북도 경주시청,2024-11-15,5050000,경상북도 경주시
농기계임대사업소 석정분소,062-373-5805,광주광역시 남구 용곡동 회농길 229,광주광역시 남구 석정동 389-4,35.083142,126.809141,31,8,25,11,9,9,0,0,농용굴삭기(2)+동력분무기(2)+잔가지파쇄기(3)+육묘용파종기(4)+덩굴파쇄기(2)+동력제초기(2)+인력파종기(8)+자주식퇴비살포기(1)+승용제초기(3)+육묘상자적재기(3)+양수기(5)+휴대용자동전동가위(6)+논두렁제초기(1)+예초기(10),062-613-5302,광주광역시농업기술센터,2023-12-11,6290000,광주광역시
영동군농업기술센터(본소),043-740-5552,충청북도 영동군 영동읍 학산영동로 1065,충청북도 영동군 영동읍 부용리 610,36.16351045,127.7590166,101,11,84,18,21,16,8,8,"농용굴삭기(8)+동력분무기(4)+동력비료살포기(1)+동력운반차(6)+잔가지파쇄기(24)+목재파쇄기(1)+제초기(승용,보행)(29)+콩예취기(2)+퇴비살포기(보행,승용)(10)+파이프밴딩성형기(2)+SS기(5)+콩콤바인(2)+감박피기(10)+지주목설치기(3)+휴대용자동전동가위(12)+사료작물수확기(2)+지게차(2)+과실수확기(1)+풍구(2)+농용로더(1)+곡물탱크(1)+덩쿨예취기(4)+탈망기(1)+기타(2)",043-740-5555,충청북도 영동군,2023-12-04,4440000,충청북도 영동군
영동군농업기술센터(남부지소),043-740-5556,충청북도 영동군 매곡면 민주지산로 3894,충청북도 영동군 매곡면 노천리 379-1,36.21604153,127.9269346,46,2,29,4,15,4,3,0,"농용굴삭기(4)+동력분무기(2)+동력비료살포기(2)+동력운반차(3)+잔가지파쇄기(22)+제초기(승용,보행)(9)+콩예취기(2)+퇴비살포기(보행,승용)(6)+파이프밴딩성형기(2)+SS기(2)+지주목설치기(2)+휴대용자동전동가위(2)+지게차(1)+덩쿨예취기(3)+기타(1)",043-740-5555,충청북도 영동군,2023-12-04,4440000,충청북도 영동군
영동군농업기술센터(서부지소),043-740-5917,충청북도 영동군 학산면 서산로 88,충청북도 영동군 학산면 서산리 844-1,36.09933071,127.685566,47,3,24,4,12,7,2,0,"농용굴삭기(3)+동력비료살포기(2)+동력운반차(4)+잔가지파쇄기(14)+제초기(승용,보행)(9)+콩예취기(2)+퇴비살포기(보행,승용)(5)+파이프밴딩성형기(2)+SS기(3)+지주목설치기(2)+휴대용자동전동가위(3)+배합기(1)+지게차(1)+덩쿨예취기(3)",043-740-5555,충청북도 영동군,2023-12-04,4440000,충청북도 영동군
대청면 농기계임대사업소,032-899-3284,인천광역시 옹진군 대청면 대청로 186,인천광역시 옹진군 대청면 대청리 454-9,37.83564799,124.7074673,10,9,16,4,1,0,2,1,콤바인(1)+동력분무기(8)+동력운반차(2),032-899-3272,인천광역시 옹진군농업기술센터,2024-04-11,3580000,인천광역시 옹진군
덕적면 농기계임대사업소,032-899-3285,인천광역시 옹진군 덕적면 덕적남로 867번길 70,인천광역시 옹진군 덕적면 서포리 868,37.2390537,126.100508,20,15,37,7,9,0,1,0,굴착기(1)+동력분무기(11)+동력운반차(2)+자주식파쇄기(1)+잡곡도정기(1)+지대포장기(1),032-899-3272,인천광역시 옹진군농업기술센터,2024-04-11,3580000,인천광역시 옹진군
자월면 농기계임대사업소,032-899-3286,인천광역시 옹진군 자월면 자월서로 88,인천광역시 옹진군 자월면 자월리 1065-12,37.250558,126.313828,11,3,15,2,2,0,0,0,굴착기(1)+동력분무기(3)+동력운반차(3)+자주식파쇄기(1),032-899-3272,인천광역시 옹진군농업기술센터,2024-04-11,3580000,인천광역시 옹진군
자월면 농기계임대사업소 승봉분소,032-899-3286,인천광역시 옹진군 자월면 승봉로67번길 90,인천광역시 옹진군 자월면 승봉리 771-7,37.1721906,126.2976843050,9,3,11,2,1,0,0,0,굴착기(1)+동력분무기(3)+동력운반차(3),032-899-3272,인천광역시 옹진군농업기술센터,2024-04-11,3580000,인천광역시 옹진군
영흥면 농기계임대사업소,032-899-3288,인천광역시 옹진군 영흥면 영흥남로 435번길 29,인천광역시 옹진군 영흥면 외리 728-2,37.2531738,126.460277,19,11,48,5,5,0,0,0,굴착기(1)+동력분무기(8)+동력운반차(3)+과수방제기(3)+채소이식기 등(5)+고구마순치기(4)+자주식파쇄기(3),032-899-3272,인천광역시 옹진군농업기술센터,2024-04-11,3580000,인천광역시 옹진군
김천시농기계임대사업소서부지점,054-432-5166,경상북도 김천시 봉산면 봉산2로 30,경상북도 김천시 봉산면 신리 205,36.132835,128.056821,30,3,4,5,9,0,6,0,농업용굴착기3+농용운반차4+ 목재파쇄기15+퇴비살포기5+파이프밴딩기3,054-421-2551,경상북도 김천시청,2024-07-09,5060000,경상북도 김천시
김천시농기계임대사업소남부지점,054-435-1044,경상북도 김천시 지례면 지례로 40,경상북도 김천시 지례면 상부리 111,35.988717,128.034491,33,4,4,6,10,0,5,0,농업용굴착기2+농용운반차2+목재파쇄기5+퇴비살포기5+파이프밴딩기1,054-421-2551,경상북도 김천시청,2024-07-09,5060000,경상북도 김천시
김천시농기계임대사업소북부지점,054-433-5273,경상북도 김천시 감문면 감문로 1043,경상북도 김천시 감문면 보광리 393,36.213514,128.180068,42,3,4,8,10,0,8,0,농업용굴착기3+농용운반차2+목재파쇄기15+퇴비살포기5+파이프밴딩기3,054-421-2551,경상북도 김천시청,2024-07-09,5060000,경상북도 김천시
대소원임대사업소,043-850-3238,충청북도 충주시 대소원면 화곡1길 30-29,충청북도 충주시 대소원면 영평리 479-69,36.97762275,127.8062796,48,5,16,21,31,8,3,5,,043-850-3233,충청북도 충주시 농업기술센터,2024-05-31,4390000,충청북도 충주시
용관동임대사업소,043-850-3237,충청북도 충주시 창현로 1239,충청북도 충주시 용관동 305-1,36.9456828,127.8835892,10,2,6,11,13,3,2,1,,043-850-3233,충청북도 충주시 농업기술센터,2024-05-31,4390000,충청북도 충주시
앙성면임대사업소,043-850-3226,충청북도 충주시 앙성면 동막고개길 346,충청북도 충주시 앙성면 능암리 747-2,37.0862831,127.7995434,13,2,8,3,8,2,0,0,,043-850-3233,충청북도 충주시 농업기술센터,2024-05-31,4390000,충청북도 충주시
수안보임대사업소,043-850-3228,충청북도 충주시 수회리로 186,충청북도 충주시 수안보면 중산리 479,36.88160231,127.9836477,12,4,6,4,3,4,1,0,,043-850-3233,충청북도 충주시 농업기술센터,2024-05-31,4390000,충청북도 충주시
김천시농기계임대사업소본점,054-421-2563,경상북도 김천시 구성면 남김천대로 3296-22,경상북도 김천시 구성면 하강리 56,36.077713,128.099372,11,0,0,0,9,0,10,0,광역살포기2+탕콩탈피기5+목재파쇄기7+진동수확기5+휴립복토기5,054-421-2551,경상북도 김천시청,2024-07-09,5060000,경상북도 김천시
김천시농기계임대사업소동부지점,054-430-1429,경상북도 김천시 초곡길 25(율곡동),경상북도 김천시 율곡동 6-1691,36.130361,128.178097,32,3,4,8,14,0,4,0,농업용굴착기3+농용운반차2+목재파쇄기15+퇴비살포기4+풍구3+파이프밴딩기3+동력예취기4,054-421-2551,경상북도 김천시청,2024-07-09,5060000,경상북도 김천시
영월군 농업기술센터 농기계임대사업소(본소),033-370-7891,강원특별자치도 영월군 북면 영월로 1315,,,,249,20,42,37,82,2,17,10,194(발전기6+보통형콤바인6+농용굴삭기6+동력예취기3+동력제초기10+동력퇴비살포기14+콩예취기24+인력파종기28+볍씨발아기4+파이프밴딩기2+동력이식기10+고소작업차3+비료살포기5+잔가지파쇄기소형4+잔가지파쇄기대형10+넝쿨파쇄기19+동력사료절단기3+보행제초기4+차량탑재형퇴비살포기3+동력제초기4륜7+자주식베일러3+스키드로더6+목초모아2+농용드론2+하우스비닐피복기2+아로니아꼭지선별기1+관리기형옥수수수확기1+콩적심기4+볍씨파종기2),033-370-7891,강원특별자치도 영월군 농업기술센터,2024-08-22,4271000,강원특별자치도 영월군
영월군 농업기술센터 농기계임대사업소(서부분소),033-370-7911,강원특별자치도 영월군 주천면 금용강변로 26-15,,,,56,5,8,11,23,1,6,0,56(발전기2+농용굴삭기2+동력예취기1+동력제초기4+동력퇴비살포기6+콩예취기6+인력파종기4+볍씨발아기3+파이브밴딩성형기1+동력이식기5+고소작업차2+비료살포기4+잔가지파쇄기대형3+사료절단기1+넝쿨파쇄기5+동력제초기4륜3+스키드로더2+볍씨파종기1),033-370-7891,강원특별자치도 영월군 농업기술센터,2024-08-22,4271000,강원특별자치도 영월군
울산광역시농업기술센터,052-229-5431,울산광역시 울주군 청량읍 청량천변로 211,울산광역시 울주군 청량읍 문죽리 252,35.52401516,129.26676527,89,21,51,14,11,0,0,0,굴삭기(20)+동력박피기(5)+동력퇴비살포기(7)+SS기(6)+콩예취기(2)+탈망기(4)+자동전동가위(15)+인력파종기(8)+동력이식기(10)+승용제초기(6)+동력제초기(9)+잔가지파쇄기(10)+동력운반차(5)+승용배토기(5)+분무기(4)+천공기(2)+고소작업차(1)+인공수분기(5)+농산물절단기(2)+파이프밴딩기(2)+동력살분무기(3)+비닐피복기(6)+비닐하우스피복장치(5),052-229-5431,울산광역시농업기술센터,2024-08-21,6310000,울산광역시
무주군농기계임대사업장,063-320-2899,전북특별자치도 무주군 무주읍 한풍루로 416,전북특별자치도 무주군 무주읍 당산리 530,36.00398923,127.6714698,116,21,83,44,33,0,11,4,항타기(25)+발전기(3)+잔가지파쇄기(23)+승용예취기(34)+동력운반차(8)+ss기(52),063-320-2863,전북특별자치도 무주군청,2024-08-21,4741000,전북특별자치도 무주군
고령군농업기술센터,054-956-1234,경상북도 고령군 대가야읍 일량본길 139,경상북도 고령군 대가야읍 내곡리 772,35.695394,128.2818471,466,30,59,92,20,18,15,0,곡물정선기(5)+농산물건조기(2)+농산물선별기(29)+농업용콘베이어(5)+농용양수기(20)+농용파이프밴딩성형기(13)+동력파쇄기(7)+마늘쪽분리기(11)+비닐피복기(8)+승용관리기(9)+볍씨 발아기(50)+농업용굴삭기(7)+농용호스릴(10)+동력살분무기(10)+비료살포기(12)+동력퇴비살포기(7)+콤바인(1)+콩정선기(14)+휴대용자동전동가위(2)+동력예취기(4)+농산물세척기(1)+농산물제피기(1)+농업용동력운반차(2),054-956-1234,경상북도고령군청,2024-08-16,5200000,경상북도 고령군
남원시 농기계임대사업(이백사업소),063-620-8024,전북특별자치도 남원시 이백로 309,전북특별자치도 남원시 이백면 서곡리 429,35.42531028,127.4409093,87,14,28,29,27,10,2,0,육묘상자세척기(1)+콩+팥정선기(2)+양파씨앗파종기(1),063-620-8024,전북특별자치도 남원시 농업기술센터,2024-08-16,4701000,전북특별자치도 남원시
남원시 농기계임대사업(인월사업소),063-620-5558,전북특별자치도 남원시 황산로 1733,전북특별자치도 남원시 인월면 서무리 1055-4,35.461738,127.593555,92,22,32,15,30,2,2,0,콩정선선별기(1),063-620-5558,전북특별자치도 남원시 농업기술센터,2024-08-16,4701000,전북특별자치도 남원시
남원시 농기계임대사업(금지사업소),063-620-5554,전북특별자치도 남원시 물머리로 12,전북특별자치도 남원시 금지면 창산리 72-2,35.34609856,127.303245,92,14,38,10,21,2,2,0,연무기(3)+고설로타리(1)+탈피기곶감용(1),063-620-5554,전북특별자치도 남원시 농업기술센터,2024-08-16,4701000,전북특별자치도 남원시
남원시 농기계임대사업(사매사업소),063-620-5551,전북특별자치도 남원시 덕오로 52,전북특별자치도 남원시 사매면 오신리 818-1,35.49468295,127.3578413,86,18,25,12,16,2,3,0,0,063-620-5551,전북특별자치도 남원시 농업기술센터,2024-08-16,4701000,전북특별자치도 남원시
영광군농기계임대사업소 본소,061-350-4835,전라남도 영광군 군서면 복호로 57-25,전라남도 영광군 군서면 만곡리 95-60,35.28633666,126.4733133,176,29,67,40,55,2,5,10,농업용고소작업차(1)+동력제초방제기(1)+마늘쪽분리기(1)+박피기(1)+스피드스프레이어(1)+예취기(1)+농산물순제거기(2)+농산물절단기(2)+농업용굴착기(2)+농업용로우더(2)+농업용콘베이어(2)+무인자동방제기(2)+분무기(2)+비닐피복기(2)+농산물파쇄기(3)+농용파이프벤딩성형기(3)+동력중경제초기(3)+휴대용자동전동가위(3)+콩예취기(4)+동력살분무기(5)+육묘잎자르기(5)+탈망기(5)+동력분무기(6)+농산물선별기(7)+종자소독기(7)+동력배토기(10)+동력파쇄기(13)+동력제초기(14)+동력이식기(16)+육묘상자운반기구(17)+동력살포기(19)+종자발아기(23),061-350-4834,전라남도 영광군청,2024-08-14,4970000,전라남도 영광군
영광군농기계임대사업소 북부분소,061-350-4685,전라남도 영광군 홍농읍 상단길 195,전라남도 영광군 홍농읍 상하리 1185-5,35.382608,126.4434354,78,18,18,10,14,0,1,4,농산물세척기(1)+농산물절단기(1)+농업용굴착기(1)+농용파이프벤딩성형기(1)+농용호스릴(1)+동력중경제초기(1)+종자선별기(1)+콤바인(1)+퇴비살포기(1)+농산물선별기(2)+농산물순제거기(2)+육묘잎자르기(2)+콩예취기(2)+동력분무기(3)+동력제초기(3)+휴대용자동전동가위(3)+농업용콘베이어(4)+탈망기(4)+동력파쇄기(5)+비닐피복기(5)+종자소독기(5)+동력살포기(6)+동력배토기(7)+육묘상자운반기구(7)+종자발아기(18),061-350-4834,전라남도 영광군청,2024-08-14,4970000,전라남도 영광군
포천시 농기계임대사업소(본소),031-538-3787,경기도 포천시 신북면 틀못이길 11-88,경기도 포천시 신북면 기지리 647-1,37.9232987,127.2252129,50,27,49,15,29,20,15,8,24,031-538-3753,경기도 포천시청,2022-10-31,5600000,경기도 포천시
영북분소,031-538-3766,경기도 포천시 영북면 호국로 4147-21,경기도 포천시 영북면 자일리 845-6,38.10002011,127.2770214,36,1,18,5,4,6,0,0,12,031-538-3753,경기도 포천시청,2022-10-31,5600000,경기도 포천시
농기계임대사업소 용곡분소,062-613-5328,광주광역시 광산구 용곡동 기곡길9,광주광역시 광산구 용곡동 32-6,35.126477,126.74197208,49,11,51,22,24,16,0,0,자주식퇴비살포기(2)+농용굴삭기(2)+동력분무기(5)+농용잔가지파쇄기(7)+동력배토기(3)+동력예취기(1)+동력제초기(5)+휴대용전동가위(8)+과실수확기(2)+승용예취기(5)+인력파종기(8)+덩굴파쇄기(2)+양봉약품분사기(1)+육묘상자세척기(2)+동력운반차(3)+수거형제초기(1)+과수박피기(2)+예초기(20)+양수기(5)+딸기고설재배로터리(1)+육묘상자적재기(4)+목재파쇄기(2)+종자소독발아기(2),062-613-5302,광주광역시농업기술센터,2023-12-11,6290000,광주광역시
농기계임대사업소 용강분소,062-575-5745,광주광역시 북구 용강길 126,광주광역시 북구 용강동 332-1,35.25230124,126.9055414,41,8,25,17,14,6,0,0,휴대용자동전동가위(7)+콩예취기(1)+콩수확기(1)+자주식퇴비살포기(2)+인력파종기(7)+육묘용파종기(5)+육묘상자적재기(4)+육묘상자세척기(1)+예초기(10)+양수기(5)+양봉약품분사기(1)+승용예취기(3)+수거형제초기(1)+못자리성형기(1)+땅콩탈피기(2)+딸기고설재배로터리(1)+동력제초기(1)+동력운반차(1)+동력예취기(1)+동력배토기(2)+덩굴파쇄기(2)+농용잔가지파쇄기(5)+동력분무기(3)+농용굴삭기(2)+논두렁제초기(2)+딸기두둑성형기(1)+종자소독기(1),062-613-5302,광주광역시농업기술센터,2023-12-11,6290000,광주광역시
정선군농업기계임대사업소 임계분소,033-560-2696,강원특별자치도 정선군 임계면 송계4길 24,강원특별자치도 정선군 임계면 송계리 955,37.49630501,128.8536074,49,1,39,8,27,6,2,0,,033-560-2696,정선군농업기술센터,2024-07-10,4291000,강원특별자치도 정선군
정선군농업기계임대사업소 신동분소,033-378-1223,강원특별자치도 정선군 신동읍 의림로 420,강원특별자치도 정선군 신동읍 예미리 319-2,37.22749094,128.6505236,30,1,26,1,36,1,0,0,,033-378-1223,정선군농업기술센터,2024-07-10,4291000,강원특별자치도 정선군
정선군농업기계임대사업소 화암분소,033-560-4081,강원특별자치도 정선군 화암면 그림바위길 17,강원특별자치도 정선군 화암면 화암리 401-1,37.3424544090,128.7897823551,31,0,12,3,16,1,1,0,,033-560-4081,정선군농업기술센터,2024-07-10,4291000,강원특별자치도 정선군
삼척시농업기술센터 근덕본소,033-570-4273,강원특별자치도 삼척시 근덕면 맹방해변로49,강원특별자치도 삼척시 근덕면 교가리 424-85,37.38363101,129.2290927,46,12,46,4,16,10,3,3,스키드로더(1)+충전분무기(5)+전동전지가위(2)+종자발아기(1)+베일집게(3)등,033-570-4261,강원특별자치도 삼척시청,2024-07-22,4241000,강원특별자치도 삼척시
삼척시농업기술센터 남부지소,033-570-4391,강원특별자치도 삼척시 원덕읍 산양서원 1길16-36,강원특별자치도 삼척시 원덕읍 산양리 777-3,37.14072196,129.2855294,50,13,43,6,15,6,3,2,스키드로더(1)+충전분무기(2)+전동전지가위(2)+종자발아기(1)+베일집게(1)등,033-570-4261,강원특별자치도 삼척시청,2024-07-22,4241000,강원특별자치도 삼척시
삼척시농업기술센터 서부지소,033-572-4265,강원특별자치도 삼척시 미로면 강원남부로 3922,강원특별자치도 삼척시 미로면 하거노리 434,37.41162092,129.1071842,43,15,55,11,22,14,3,3,스키드로더(2)+충전분무기(5)+전동전지가위(3)+베일집게(1)등,033-570-4261,강원특별자치도 삼척시청,2024-07-22,4241000,강원특별자치도 삼척시
삼척시농업기술센터 하장지소,033-553-4423,강원특별자치도 삼척시 하장면 백두대간로2681-10,강원특별자치도 삼척시 하장면 장전리 84-24,37.35509838,128.9258181,23,4,38,3,11,6,0,1,스키드로더(1)+전동전지가위(1)+베일집게(2)+스피드스프레이어(2),033-570-4261,강원특별자치도 삼척시청,2024-07-22,4241000,강원특별자치도 삼척시
고성군 농기계임대사업소 본소,055-670-4238,경상남도 고성군 고성읍 남해안대로 2829-60,,34.99601513,128.3257666,190,35,107,38,23,6,15,3,,055-670-4232,경상남도 고성군농업기술센터,2024-07-14,5420000,경상남도 고성군
고성군 농기계임대사업소 북부권역,055-670-4294,경상남도 고성군 영오면 옥천로 1447,,35.106261,128.2417474,57,5,35,8,6,2,6,0,,055-670-4232,경상남도 고성군농업기술센터,2024-07-14,5420000,경상남도 고성군
고성군 농기계임대사업소 서부권역,055-670-4284,경상남도 고성군 하일면 자란만로 1700,,34.93854296,128.1980112,47,5,43,4,5,0,5,0,,055-670-4232,경상남도 고성군농업기술센터,2024-07-14,5420000,경상남도 고성군
북부농기계임대사업소,055-530-6186,경상남도 창녕군 대지면 우포2로 1069-15,경상남도 창녕군 대지면 효정리 291,35.55257438,128.4777005,175,22,37,71,17,19,1,1,"곡물적재함(1),굴착기(8),농기계용사다리(10),농산물결속기(1),농산물선별기(24),농산물줄기절단기(2),농업용고소작업차(1),농업용고압세척기(4),농업용동력운반차(3),농업용로우더(1),농업용콘베이어(3),농용계량기(2),농용파이프밴딩성형기(3),농용호스릴(9),동력배토기(1),동력살분무기(7),동력제초기(7),동력파쇄기(12),마늘쪽분리기(17),무인항공방제기(1),볍씨발아기(5),붐스프레이어(2),비료살포기(1),스피드스프레이어(1),승용관리기(3),원거리용방제기(1),육묘상자운반기구(3),육묘용파종기(6),육묘입자르기(1),콩예취기(3),탈망기(6),SS퇴비살포기(5),인력파종기(2),당도측정기(1),휴대용전동가위(1)",055-530-6183,경상남도창녕군청,2024-07-23,5410000,경상남도 창녕군
남부농기계임대사업소,055-530-6192,경상남도 창녕군 도천면 신제로 357-3,경상남도 창녕군 도천면 일리 666,35.43633702,128.5145427,159,22,35,75,14,13,0,1,"굴착기(9),농기계용사다리(7),농산물선별기(27),농산물순제거기(1),농업용고소작업차(1),농업용고압세척기(8),농업용동력운반차(4),농업용로우더(3),농업용콘베이어(2),농용계량기(2),농용파이프밴딩성형기(3),농용호스릴(9),동력배토기(1),동력살분무기(5),동력제초기(7),동력파쇄기(13),랩피복기(1),마늘쪽분리기(10),볍씨발아기(7),붐스프레이어(2),비료살포기(1),스피드스프레이어(3),승용관리기(2),원거리용방제기(1),육묘상자운반기구(1),육묘상자이송기(1),육묘용파종기(5),육묘입자르기(2),콩예취기(3),탈망기(5),SS퇴비살포기(9),인력파종기(2),당도측정기(1),휴대용전동가위(3)",055-530-6183,경상남도창녕군청,2024-07-23,5410000,경상남도 창녕군
농업기계임대사업소 금마분소,063-859-4955,전북특별자치도 익산시 금마면 제석사지로 21-2,전북특별자치도 익산시 금마면 동고도리 952-17,35.9842958,127.056385,45,1,35,7,10,5,0,0,고추세척기(3)외 14종(29),063-859-4954,익산시농업기술센터,2024-07-24,4681000,전북특별자치도 익산시
농업기계임대사업소 함열본소,063-859-4325,전북특별자치도 익산시 함열읍 익산대로 1366-20,전북특별자치도 익산시 함열읍 다송리 721-36,36.04015187,126.9586473,75,4,66,13,20,15,0,0,고추세척기(2)외 18종(46),063-859-4959,익산시농업기술센터,2024-07-24,4681000,전북특별자치도 익산시
충주시 농업기술센터(본소),043-850-3234,충청북도 충주시 동량면 충원대로1350,충청북도 충주시 대전리 1667,37.0468328,127.9303298,43,3,22,25,22,5,3,3,,043-850-3233,충청북도 충주시 농업기술센터,2024-05-31,4390000,충청북도 충주시
논산시농업기술센터,041-746-8363,충청남도 논산시 부적면 백일헌로 3,충청남도 논산시 부적면 덕평리 40-8,36.2138695,127.1417982,202,20,98,36,40,48,1,0,과수인공교배기(13)+배지로타리(15)+땅콩제피기(1)+농용굴삭기(10)+농업용동력운반차(1)+농업용로우더(1)+농업용지주설치기(7)+농용파이프성형기(6)+동력배토기(33)+동력파쇄기(10)+동력퇴비살포기(1)+마늘쪽분리기(2)+다용도적재함(2)+인력피복기(5)+스피드스프레이서(1)+육묘파종기(4)+하우스비닐피복기(2)+탈망기(2)+토양소독기(1)+휴대용전동가위(9),041-746-8363,충청남도 논산시 농업기술센터 융복합지원과,2024-12-18,4540000,충청남도 논산시
농기계임대사업장,043-539-7576,충청북도 진천군 진천읍 삼덕1길 45-16,충청북도 진천군 진천읍 삼덕리 1519,36.8625964424,127.4635712943,145,58,92,33,22,16,2,1,,055-748-0245,㈜샘밑,2025-02-03,4450000,충청북도 진천군
구미농기계임대사업소,054-480-4288,경상북도 구미시 선산읍 김선로 947,경상북도 구미시 선산읍 이문리 857,36.233195,128.289641,143,13,27,48,42,31,0,0,농기계용사다리(24)+휴대용전동적화기(5)+인력비닐피복기(8)+농산물제피기(7)+휴대용전동가위(4)+동력운반차(9)+굴삭기(5)+로우더(1)+파이프성형기(2)+동력이식기(19)+동력비료살포기(3)+동력제초기(13)+고소작업차(2)+마늘쪽분리기(3)+무논점파기(2),054-480-4286,경상북도 구미시청,2023-10-20,5080000,경상북도 구미시
북부임대사업소,054-270-3905,경상북도 포항시 북구 흥해읍 신흥로 572,경상북도 포항시 북구 흥해읍 매산리 16-1번지,36.11357755,129.3049275,67,3,20,3,18,3,0,2,탈망기+퇴비살포기+파이프맨딩기+농용굴삭기+굴착기+이식기+승용제초기+잔가지파쇄기 등 35종 41대,054-270-3933,포항시 농업기술센터,2024-07-15,5020000,경상북도 포항시
서부임대사업소,054-270-4834,경상북도 포항시 북구 기계면 봉좌로 383번길 32-43,경상북도 포항시 북구 기계면 인비리 784번지,36.08400508,129.1569913,26,5,16,8,16,0,0,2,퇴비살포기+농용굴삭기+이식기+승용제초기+잔가지파쇄기+동력예초기 등 22종 37대,054-270-3934,포항시 농업기술센터,2024-07-15,5020000,경상북도 포항시
동부임대사업소,054-270-8174,경상북도 포항시 남구 호미곶면 해맞이로167번길 7,,36.07678785,129.5622372,14,2,7,5,6,10,0,0,퇴비살포기+농용굴삭기+이식기+승용제초기+잔가지파쇄기+동력예초기 등 22종 37대,054-270-3935,포항시 농업기술센터,2024-07-15,5020000,경상북도 포항시
순천시농업기술센터 북부 농기계임대사업소,061-749-4681,전라남도 순천시 승주읍 유흥길 48,전라남도 순천시 승주읍 유흥리 104,35.03071558,127.348865,45,2,26,5,11,0,3,0,0,061-749-8700,전라남도 순천시청,2024-07-14,4820000,전라남도 순천시
순천시농업기술센터 남부 농기계임대사업소,061-749-4888,전라남도 순천시 지현길 96,전라남도 순천시 덕월동 377,34.93024998,127.4912649,39,2,28,3,15,0,3,5,0,061-749-8700,전라남도 순천시청,2024-07-14,4820000,전라남도 순천시
순천시농업기술센터 서부 농기계임대사업소,061-749-4875,전라남도 순천시 외서면 쌍향수길 369-12,전라남도 순천시 외서면 화전리 98,34.9084909,127.2801023,34,2,17,3,5,0,0,0,0,061-749-8700,전라남도 순천시청,2024-07-14,4820000,전라남도 순천시
정선군농업기계임대사업소,033-562-1222,강원특별자치도 정선군 북평면 송석길 146-7,강원특별자치도 정선군 북평면 남평리 412-1,37.43070735,128.6646838,58,2,37,5,70,4,2,0,,033-562-1222,정선군농업기술센터,2024-07-10,4291000,강원특별자치도 정선군
농기계임대사업소 본소,043-420-3428,충청북도 단양군 단양읍 중앙1로 20,충청북도 단양군 단양읍 별곡리 310,36.9852067,128.3667028,39,45,35,13,19,0,1,7,,043-420-3428,충청북도 단양군 농업기술센터,2023-04-06,4480000,충청북도 단양군
농기계임대사업소 북부지소,043-420-3416,충청북도 단양군 가곡면 남한강로 1093,충청북도 단양군 가곡면 향산리 552,37.06077618,128.4203657,28,36,36,25,22,9,1,3,,043-420-3416,충청북도 단양군 농업기술센터,2023-04-06,4480000,충청북도 단양군
농기계임대사업소 남부지소,043-420-3436,충청북도 단양군 단성면 월악로 4541,충청북도 단양군 단성면 중방리 414,36.93560724,128.313713,18,16,24,9,9,9,0,6,,043-420-3436,충청북도 단양군 농업기술센터,2023-04-06,4480000,충청북도 단양군
농기계임대사업소 중부지소,043-420-3476,충청북도 단양군 매포읍 단양산업단지2로 90-14,충청북도 단양군 매포읍 우덕리 893,37.01509817,128.3024937,19,23,20,10,7,7,0,5,,043-420-3476,충청북도 단양군 농업기술센터,2023-04-06,4480000,충청북도 단양군
농기계임대사업소 북부분소,063-540-2963,,전북특별자치도 김제시 공덕면 황산리 1502-1,35.875613,126.937848,102,0,47,18,28,10,0,0,스피드스프레이어(1)+농용굴삭기(4)+동력배토기(8)+동력분무기(엔진분무기)(7)+동력살분무기(4)+동력퇴비살포기(4)+동력파쇄기(3)+농용파이프벤딩성형기(2)+풍구(5)+비료살포기(자주식)(5)+예취기(자주식)(7)+차량용분무기(6)+탈망기(4)+다목적운반차(5)+농산물세척기(고추세척기)(2)+농산물순제거기(4)+승용예취기(3)+종자코팅기(2)+동력중경제초기(5),063-540-4521,전북특별자치도 김제시청 농업기술센터 농촌지원과,2024-04-24,4711000,전북특별자치도 김제시
북도면 농기계임대사업소,032-899-3281,인천광역시 옹진군 북도면 시도로 86번길 78,인천광역시 옹진군 북도면 시도리 277-7,37.5355653,126.4311789,27,8,34,5,4,0,0,0,굴착기(1)+동력분무기(9)+동력운반차(3)+자주식파쇄기(2),032-899-3272,인천광역시 옹진군농업기술센터,2024-04-11,3580000,인천광역시 옹진군
북도면 농기계임대사업소 장봉분소,032-899-3282,인천광역시 옹진군 북도면 장봉로 694번길 16,인천광역시 옹진군 북도면 장봉리 546-3,37.5443257,126.333722,16,6,26,3,5,0,0,0,굴착기(1)+동력분무기(8)+동력운반차(2)+자주식파쇄기(1),032-899-3272,인천광역시 옹진군농업기술센터,2024-04-11,3580000,인천광역시 옹진군
연평면 농기계임대사업소,032-899-3283,인천광역시 옹진군 연평면 연평로 821번길 37,인천광역시 옹진군 연평면 연평리 493-5,37.65923958,125.698208,10,7,15,3,1,0,1,1,콤바인(1)+굴착기(1)+동력분무기(6)+동력운반차(2)+곡물이송기(1)+곡물적재함(1)+자주식파쇄기(1),032-899-3272,인천광역시 옹진군농업기술센터,2024-04-11,3580000,인천광역시 옹진군
백령면 농기계임대사업소,032-899-2667,인천광역시 옹진군 백령면 화동로 264,인천광역시 옹진군 백령면 남포리 1774-7,37.94553458,124.6740812,30,17,95,15,12,0,2,3,콤바인(3)+동력분무기(14)+동력운반차(3)+일괄파종기 등(33)+자주식파쇄기(3),032-899-3272,인천광역시 옹진군농업기술센터,2024-04-11,3580000,인천광역시 옹진군
북부분소,054-537-5341,경상북도 상주시 이안면 양범안룡길 90,경상북도 상주시 이안면 양범리 87-3,36.58203115,128.1422973,70,0,27,7,28,0,0,0,퇴비살포기(9)+감박피기및작업기(8)+농업용굴착기(5)+인력파종기(0)+동력배토기(0)+탈곡기(22)+보행제초기(6)+승용제초기(10)+잔가지파쇄기(16)+탈망기(3)+휴대용전동가위(8)등,054-537-5322,경상북도 상주시청,2024-07-01,5110000,경상북도 상주시
화령분소,054-537-5356,경상북도 상주시 화서면 효자로 571,경상북도 상주시 화서면 달천리 23,36.44266392,127.9418653,72,9,23,17,13,0,0,0,퇴비살포기(22)+감박피기및작업기(8)+농업용굴착기(7)+인력파종기(0)+동력배토기(2)+탈곡기(9)+보행제초기(8)+승용제초기(17)+잔가지파쇄기(24)+휴대용전동가위(6)등,054-537-5322,경상북도 상주시청,2024-07-01,5110000,경상북도 상주시
영덕군농업기술센터 농기계임대사업소 본소,054-730-6891,경상북도 영덕군 영덕읍 구미2길 16,경상북도 영덕군 영덕읍 구미리 70,36.43522602,129.3573676,30,4,19,8,17,0,0,0,농용동력운반차(2)+농용굴삭기(5)+동력제초기(7)+스프드스프레이어(3)+동력파쇄기(7)+동력퇴비살포기(4),054-730-6861,경상북도 영덕군청,2024-08-12,5180000,경상북도 영덕군
영덕군농업기술센터 농기계임대사업소 북부분소,054-730-7761,경상북도 영덕군 영해면 창수영해로 487,경상북도 영덕군 영해면 벌영리 563-2,36.54231091,129.396328,31,4,16,10,14,0,0,0,농용동력운반차(2)+농용굴삭기(5)+동력제초기(9)+스프드스프레이어(2)+동력파쇄기(6)+동력퇴비살포기(4),054-730-6861,경상북도 영덕군청,2024-08-12,5180000,경상북도 영덕군
구례군농업기계임대사업소본소,061-780-2109,전라남도 구례군 구례읍 동산1길 37-11,전라남도 구례군 구례읍 봉서리 895-2,35.19598474,127.459948,106,5,13,17,34,3,0,1,농용굴삭기(2)+ 고소작업차(2)+ 엔진형 농업용고압세척기(2)+전기형 농업용고압세척기(1) + 농업용 동력운반차(보행궤도형)(4)+농업용 동력운반차(승용운반차)(1) + 스키스로더(5) + 농업용 리프트(3) + 굴착기(2) + 항타기(타공기)(1) + 파이프벤딩머신(4) + 동력가지절단기(22) + 인력파종기(7)+콩예취기(보행형)(2)+밀콤바인(1)+콩콤바인(2) + ss퇴비살포기(탑재형)(8) + 진압기(2) + 스피드스프레이어(4) + 동력파쇄기(잔가지)(7)+목재파쇄기(2) + 승용동력제초기(자주식)(7)+승용동력중경제초기(1)+논두렁제초기(4) + 진동수확기(1)+진동수확기(대)(4) + 나물수확기(1) + 사각베일러(2) + 스파이더(1) +트랙터용로더(1),061-780-2109,전라남도 구례군청,2024-08-12,4870000,전라남도 구례군
구례군농업기계임대사업소분소,061-780-2698,전라남도 구례군 용방면 용방로 320,전라남도 구례군 용방면 용강리 424-15,35.23963396,127.4437551,27,3,6,4,11,0,0,0,농용굴삭기(1) + 농업용 동력운반차(승용)(1)+농업용 동력운반차(보행궤도형)(2) + 스키로더(1)+ 굴착기(2) + 항타기(타공기)(1) + 파이프벤딩머신(2) + 동력살분무기(2) + 진동수확기(휴대)(2) + 논두렁제초기(1)+승용제초기(6) + 동력파쇄기(잔가지)(2) + 인력파종기(5)+콩예취기(자주식)(1) + ss퇴비살포기(1톤)(4) + 동력가지절단기(3),061-780-2698,전라남도 구례군청,2024-08-12,4870000,전라남도 구례군
증평군 농업기술센터,043-835-3675,충청북도 증평군 증평읍 내룡길 69-50,충청북도 증평군 증평읍 사곡리 316,36.78196498,127.6121861,113,10,65,17,17,0,10,9,휴대용전동가위(3)+잔가지파쇄기(3)+농업용굴착기(2)+스키드스티어로더(1)+파이프벤딩성형기(2)+동력(덩굴)예취기(3)+동력(콩)예취기(3)+참깨수확기(2)+볍씨파종기(2)+인력파종기(6)+탈망기(2)+풍구(2)+보행퇴비살포기(1),043-835-3675,충청북도 증평군청,2024-08-08,5570000,충청북도 증평군
대구광역시농기계임대사업소,053-803-7616,대구광역시 동구 도평로 52,대구광역시 동구 지저동 886-43,,,25,15,37,3,12,0,0,0,잔가지파쇄기(12)+수동파종기(10)+동력운반차(1)+주행형분무기(3)+콩예취기(2)+굴착기(5)+스키드로더(1)+승용관리기(1)+로터베이터(2)+동력살분무기(2)+항타기 (2)+자주식퇴비살포기(1)+예초기(2)+파이프밴딩기(2)+붐스프레이어(1)+휴대용전동가위(5),053-803-7610,대구광역시농업기술센터,2024-08-05,6270000,대구광역시
농기계임대사업소 본소,054-371-6522,경상북도 청도군 청도읍 원정3길 49,경상북도 청도군 청도읍 원정리 777-2,35.64783946,128.7637635,38,9,18,11,21,0,0,0,과수박피기(1)+농용굴삭기(7)+사다리(16)+마늘쪽선별기(2)+통마늘선별기(1)+농산물순제거기(1)+고소작업차(1)+동력운반차(3)+로우더(1)+항타기(2)+농용블로워(2)+파이프벤딩성형기(1)+동력호스권취기(1)+동력살분무기(4)+대추수확기(17)+동력예취기(10)+승용예취기(11)+목재파쇄기(15)+작물줄기파쇄기(1)+마늘쪽분리기(2)+발전기(1)+비료살포기(2)+동력분무기(2)+잡곡수확기(1)+운반트럭(2)+콩예취기(4)+보행퇴비살포기(1)+자주식퇴비살포기(4)+파종기(10)+비파괴당도측정기(1)+전동가위(6),054-370-6277,경상북도 청도군청,2024-08-08,5190000,경상북도 청도군
농기계임대사업소 산서분소,054-372-7312,경상북도 청도군 풍각면 헐티로 119,경상북도 청도군 풍각면 송서리 300,35.64003001,128.6283577,44,9,18,30,23,0,0,0,풍구(1)+과수박피기(1)+농용굴삭기(7)+사다리(21)+마늘쪽선별기(5)+통마늘선별기(1)+농산물순제거기(1)+농산물흙분리기(1)+고소작업차(2)+동력운반차(5)+로우더(1)+항타기(2)+농용블로워(2)+파이프벤딩성형기(1)+동력호스권취기(1)+동력살분무기(2)+비료살포기(3)+대추수확기(10)+동력이식기(2)+동력예취기(8)+승용예취기(16)+작물줄기파쇄기(2)+목재파쇄기(16)+마늘쪽분리기(6)+발전기(1)+동력분무기(5)+잡곡수확기(2)+운반트럭(3)+양파전엽기(2)+콩예취기(3)+보행퇴비살포기(1)+자주식퇴비살포기(10)+파종기(10)+비파괴당도측정기(1)+전동가위(5),054-370-6277,경상북도 청도군청,2024-08-08,5190000,경상북도 청도군
공주시농업기계임대사업소(본소),041-840-8720,충청남도 공주시 우성면 내산목천길 52-15,충청남도 공주시 우성면 도천리 1-2,36.49230245,127.1001077,141,26,43,25,35,9,0,0,승용관리기및부속작업기(30)+동력분무기(2)+잔가지파쇄기(5),041-840-8720,공주시농업기술센터,2022-11-21,4500000,충청남도 공주시
고흥군농업기계임대사업소,061-830-5840,전라남도 고흥군 풍양면 풍남로 143,전라남도 고흥군 풍양면 율치리 1506,34.566122,127.257761,14,11,35,3,15,44,1,0,215,061-830-5840,고흥군농업기술센터,2017-05-22,4880000,전라남도 고흥군
농기계임대사업소 서부분소,063-540-2987,전북특별자치도 김제시 만경읍 만경로 799-21,전북특별자치도 김제시 만경읍 만경리 508-1,35.851052,126.814978,121,0,45,13,30,12,0,0,농용굴삭기(4)+동력배토기(8)+동력분무기(엔진분무기)(7)+동력살분무기(4)+동력퇴비살포기(1)+동력파쇄기(3)+농용파이프벤딩성형기(2)+풍구(6)+비료살포기(자주식)(4)+예취기(자주식)(11)+차량용분무기(6)+탈망기(4)+다목적운반차(4)+농산물세척기(고추세척기)(2)+마늘쪽분리기(1)+농산물순제거기(5)+승용예취기(5)+종자코팅기(3),063-540-4521,전북특별자치도 김제시청 농업기술센터 농촌지원과,2024-04-24,4711000,전북특별자치도 김제시
농업기계임대사업소,051-970-3752,부산광역시 강서구 공항로 1285,부산광역시 강서구 대저1동 2426-2,35.213225,128.9867234,23,3,5,2,2,6,0,1,파이브밴딩기(2)+퇴비살포기(3)+전정가위(1)+스키드로우더(2)+충전용분무기(3)+제초기(3)+농용굴삭기(6)+드론(1)+잔가지파쇄기(1)+덩쿨파쇄기(1),051-970-3752,부산광역시농업기술센터,2024-11-28,6260000,부산광역시
농기계임대사업소(봉성),054-679-6824,경상북도 봉화군 봉성면 농업인길 24,경상북도 봉화군 봉성면 다덕로 374-47,36.90366985,128.7725329,132,12,40,28,38,0,0,6,110(사다리(3)+동력제초기(18)+동력파쇄기(17)+장작제조기(4)+굴삭기(10)+고소작업차(4)+동력파쇄기(3)+콩정선기(8)+동력퇴비살포기(7)+콤바인(1)+곡물정선기(2)+농산물선별기(1)+농산물제피기(1)+농용파이프밴딩기(4)+동력이식기(1)+승용관리기(1)+콩예취기(2)+참깨정선기(3)+파종기(14)+휴대용전동가위(5)+휴립피복기(1)),054-679-6825,경상북도 봉화군청,2024-11-20,5240000,경상북도 봉화군
강릉시농업기술센터 농업기계임대사업소 본소,033-660-3160,강원도 강릉시 사천면 동해대로3738-17,강원도 강릉시 사천면 미노리 440-1,37.81826767,128.8543781,136,13,54,23,27,14,12,0,관리장비(38),033-660-3160,강원도 강릉시청,2023-05-31,4201000,강원특별자치도 강릉시
강릉시농업기술센터 농업기계임대사업소 남부지소,033-640-4850,강원도 강릉시 칠성로 520,강원도 강릉시 유산동 286-3,37.733533,128.9135017,47,9,30,15,20,4,0,0,관리장비(9),033-660-3160,강원도 강릉시청,2023-05-31,4201000,강원특별자치도 강릉시
강릉시농업기술센터 농업기계임대사업소 서부지소,033-660-3519,강원도 강릉시 성산면 공제로 277,강원도 강릉시 성산면 금산리 1044,37.73885149,128.8543991,51,8,23,13,24,2,0,0,관리장비(2),033-660-3160,강원도 강릉시청,2023-05-31,4201000,강원특별자치도 강릉시
여주시농업기술센터 농기계임대은행,031-887-3714,경기도 여주시 농산로 71,경기도 여주시 상거동 5-5,37.2537575,127.6377736,137,11,39,45,56,31,2,0,승용예초기(14)+광역살포기(2)+굴삭기(8)+동력분무기(26)+로더(1)+운반차(1)+이식기(2)+인삼파종기(2)+비닐피복기(15)+잔가지파쇄기(5)+콩참깨수확기(9)+파이프정형기(5)+인력파종기(25),031-887-3714,경기도 여주시청,2023-08-01,5700000,경기도 여주시
이천시 농기계임대사업소,031-644-4139,경기도 이천시 모가면 사실로 720,경기도 이천시 모가면 어농리 615-7,37.17591657,127.4402069,75,12,25,12,12,19,0,10,,031-644-4139,경기도 이천시 연구개발과,2024-07-05,4070000,경기도 이천시
이천시 농기계임대사업소(남부분소),031-645-3499,경기도 이천시 장호원읍 서동대로8759번길 97-80,경기도 이천시 장호원읍 진암리 328-5,37.12032373,127.6112318,59,6,14,8,8,8,1,0,,031-645-3499,경기도 이천시 연구개발과,2024-07-05,4070000,경기도 이천시
문경시 농업기계임대사업소 본점,054-553-8502,경상북도 문경시 창리강변길 45,경상북도 문경시 흥덕동 729-69,36.61411825,128.208622,75,8,20,16,25,10,0,0,잔가지파쇄기(16)+승용제초기(12)+비닐피복기(5)+농용굴착기(4)+사다리(4)+탈망기(3)+덩굴파쇄기(3)+전동가위(2)+보행제초기(2)+사료작물수확기(2)+콩콤바인(1)+종자코팅기(1)+육묘용파종기(1)+동력운반차(1)+풍구(1)+옥수수베일러(1)+마늘쪽분리기(1)+참깨예취기(1),054-550-8248,문경시농업기술센터,2024-07-12,5120000,경상북도 문경시
문경시 농업기계임대사업소 서부지점,054-571-5241,경상북도 문경시 마성면 외어1길 75,경상북도 문경시 마성면 외어리 750,36.69488696,128.1290813,38,5,19,8,30,9,0,0,잔가지파쇄기(18)+승용제초기(11)+굴착기(5)+사다리(5)+보행제초기(5)+동력운반차(3)+덩굴파쇄기(3)+비닐피복기(3)+탈망기(3)+전동가위(2)+풍구(1)+직파기(1)+콩예취기(1),054-571-5241,문경시농업기술센터,2024-07-12,5120000,경상북도 문경시
문경시 농업기계임대사업소 동부지점,054-555-0246,경상북도 문경시 산북면 금천로 489,경상북도 문경시 산북면 대상리 256,36.6488311,128.2528518,40,4,16,8,30,8,0,0,잔가지파쇄기(17)+승용제초기(9)+보행제초기(5)+사다리(5)+굴착기(3)+비닐피복기(3)+탈망기(3)+덩굴파쇄기(3)+동력운반차(2)+전동가위(2)+풍구(1)+유압도끼(1),054-555-0246,문경시농업기술센터,2024-07-12,5120000,경상북도 문경시
남부임대사업소,054-270-4838,경상북도 포항시 남구 오천읍 철강로 799,경상북도 포항시 남구 오천읍 문덕리 51-6번지,35.961757,129.4138238,48,5,14,6,15,4,0,2,탈망기+퇴비살포기+파이프맨딩기+농용굴삭기+굴착기+이식기+승용제초기+잔가지파쇄기 등 27종 33대,054-270-3932,포항시 농업기술센터,2024-07-15,5020000,경상북도 포항시
용인시 농업기술센터 농업기계임대사업소,031-6193-1055,경기도 용인시 처인구 원삼면 농촌파크로 80,경기도 용인시 처인구 원삼면 사암리 858-1,37.17229221,127.2992797,66,8,44,20,10,0,0,0,농용파이프밴딩성형기(2)+동력살분무기(8)+논두렁제초기(1)+동력퇴비살포기(2)+승용예초기(2)+인력비닐피복기(5)+인력파종기(10)+자동전동가위(6)+주행형동력분무기(3)+지주설치기(5)+콩예취기(4),031-6193-1055,용인시 농업기술센터,2024-11-19,4050000,경기도 용인시
농업기술센터,055-831-3880,경상남도 사천시 용현면 진삼로 902,,35.03744961,128.0673333,10,20,15,10,20,5,0,0,잔가지파쇄기(8)+베일러(4)+모우어(4)+제초기(8)+탈망기(2)+퇴비살포기(4),055-831-3880,경상남도 사천시 농업기술센터,2024-11-20,5340000,경상남도 사천시
양양군농업기술센터 본소,033-670-2758,강원특별자치도 양양군 손양면 학포길 354,강원특별자치도 양양군 손양면 송현리 662-3,38.0678811252,128.6426207603,33,2,15,4,18,1,15,13,,033-670-2478,강원특별자치도 양양군청,2024-11-26,4351000,강원특별자치도 양양군
양양군농업기술센터 남부지소,070-8824-2478,강원특별자치도 양양군 현남면 북죽로 179,강원특별자치도 양양군 현남면 두리 159-2,37.975474,128.746788,22,2,7,2,7,1,9,8,,033-670-2478,강원특별자치도 양양군청,2024-11-26,4351000,강원특별자치도 양양군
양양군농업기술센터 북부지소,033-673-2958,강원특별자치도 양양군 강현면 장산1길 30-8,강원특별자치도 양양군 강현면 정암리 561-1,38.148154,128.597752,16,2,6,1,5,0,5,3,,033-670-2478,강원특별자치도 양양군청,2024-11-26,4351000,강원특별자치도 양양군
해남군농업기술센터 본소농기계임대사업소,061-531-3835,전라남도 해남군 해남읍 용머리길 51,전라남도 해남군 해남읍 용정리 305-1,34.5627355059,126.5859511139,86,3,12,13,36,1,1,0,농업용굴착기(4)+농산물선별기(3)+동력배토기(6)+동력제초기(3)+동력중경제초기(4)+마늘쪽분리기(6)+동력파쇄기(4)+비닐피복기(2)+육묘용파종기(1)+육묘잎자르기(2)+제초기(4)+전동가위(3)+차량용퇴비살포기(4)+파이프밴딩성형기(1)+인력식파종기(10),061-531-3835,전라남도 해남군농업기술센터,2024-11-29,4930000,전라남도 해남군
해남군농업기술센터 동부농기계임대사업소,061-531-3838,전라남도 해남군 옥천면 흑석로 99,전라남도 해남군 옥천면 신계리 791-1,34.6091964548,126.6307380978,43,3,9,6,18,1,0,0,농업용굴착기(4)+농산물선별기(2)+동력배토기(4)+동력제초기(3)+동력예취기(1)+마늘쪽분리기(3)+동력파쇄기(2)+비닐피복기(2)+전동가위(1)+종자소독기(1)+차량용퇴비살포기(2)+파이프밴딩성형기(1)+인력식파종기(10),061-531-3838,전라남도 해남군농업기술센터,2024-11-29,4930000,전라남도 해남군
상서농기계임대사업소(본소),063-580-3981,전북특별자치도 부안군 상서면 내변산로 1840-5,전북특별자치도 부안군 상서면 통정리 380-3,35.7095182,126.6592985,118,28,54,26,42,42,2,1,파이프밴딩성형기(3)+동력제초기(6)+목재파쇄기(4)+전동가위(14)+농업용굴착기(3)+적심기(10)+동력살포기(8)+동력배토기(11)+동력예취기(9)+마늘쪽분리기(4)+마늘선별기(2)+항타기(5)+동력이식기(1)+농산물세척기(2)+종자코팅기(2)+탈망기(2),063-580-3833,전북특별자치도 부안군 농업기술센터,2025-01-03,4791000,전북특별자치도 부안군
남부권 농기계임대사업소,063-580-3156,전북특별자치도 부안군 보안면 와동안길 21-16,전북특별자치도 부안군 보안면 영전리 390-4,35.61273529,126.6715591,79,18,48,20,28,24,3,0,파이프밴딩성형기(2)+동력제초기(5)+목재파쇄기(4)+전동가위(3)+농업용굴착기(2)+적심기(3)+동력살포기(11)+동력배토기(5)+동력예취기(4)+마늘쪽분리기(4)+농산물선별기(1)+항타기(2)+양파정식기(2)+마늘줄기절단기(1),063-580-3833,전북특별자치도 부안군 농업기술센터,2025-01-03,4791000,전북특별자치도 부안군
동부권 농기계임대사업소,063-580-3060,전북특별자치도 부안군 동진면 신광로 20,전북특별자치도 부안군 동진면 하장리 1096,35.72783225,126.7760868,96,18,56,15,49,34,3,0,파이프밴딩성형기(2)+동력제초기(6)+목재파쇄기(4)+전동가위(5)+농업용굴착기(2)+적심기(3)+동력살포기(10)+동력배토기(12)+동력예취기(9)+마늘쪽분리기(2)+농산물선별기(2)+항타기(4)+동력이식기(1)+비닐피복기(2),063-580-3833,전북특별자치도 부안군 농업기술센터,2025-01-03,4791000,전북특별자치도 부안군
농업기계 임대사업장,054-974-0855,경상북도 칠곡군 약목면 동덕로 146,경상북도 칠곡군 약목면 동안리 831,36.0392069,128.3831681,186,42,29,23,33,7,17,2,161,054-979-8302,칠곡군농업기술센터,2022-12-12,5220000,경상북도 칠곡군
농기계임대사업 본소,033-680-3938,강원특별자치도 고성군 간성읍 간성북로 87,강원특별자치도 고성군 간성읍 신안리 390,38.38652918,128.4736581,62,7,21,10,31,6,2,6,,033-680-3536,강원특별자치도 고성군농업기술센터,2023-08-29,4341000,강원특별자치도 고성군
농기계임대사업 남부지소,033-680-4211,강원특별자치도 고성군 토성면 천금길 144,,38.27151016,128.5469982,80,5,24,10,29,3,3,0,,033-680-4211,강원특별자치도 고성군농업기술센터,2023-08-29,4341000,강원특별자치도 고성군
농기계임대사업 북부지소,033-680-4211,강원특별자치도 고성군 현내면 화진포서길 146,,38.47266654,128.4222597,68,5,29,11,27,2,2,0,,033-680-4191,강원특별자치도 고성군농업기술센터,2023-08-29,4341000,강원특별자치도 고성군
동부권,055-884-2688,경상남도 하동군 북천면 금천길 21,경상남도 하동군 북천면 직전리 556-10,,,27,11,29,6,5,2,0,0,농업용굴착기(2)+농기계용사다리(3)+농산물분쇄기(7)+농업용고압세척기(4)+농업용동력운반차(3)+농업용로우더(1)+농용파이프벤딩성형기(1)+동력분무기(1)+비료살포기(2)+동력상토조제기(1)+동력예취기(1)+동력제초기(1)+동력파쇄기(3)+스피드스프레이어(1)+콩정선기(1)+휴대용자동전동가위(3),055-884-2688,하동군 농업기술센터 농업소득과,2024-08-13,5440000,경상남도 하동군
남부권,055-883-2686,경상남도 하동군 고전면 죽전길 9,경상남도 하동군 고전면 고하리 154-1,,,48,14,15,4,4,2,2,3,농업용굴착기(2)+농기계용사다리(5)+농산물선별기(2)+농산물제피기(1)+농산물줄기절단기(1)+농업용고압세척기(1)+농업용로우더(1)+농용파이프벤딩성형기(2)+동력분무기(1)+비료살포기(4)+동력예취기(3)+동력제초기(2)+동력파쇄기(2)+마늘쪽분리기(2)+콩정선기(2)+탈망기(1)+휴대용전동가위(4),055-883-2686,하동군 농업기술센터 농업소득과,2024-08-13,5440000,경상남도 하동군
상주시농업기술센터 본소,054-537-5325,경상북도 상주시 발산로 71,경상북도 상주시 초산동 720-1,36.45434886,128.1682133,266,5,83,26,60,0,0,0,퇴비살포기(42)+감박피기및작업기(10)+농업용굴착기(11)+동력배토기(2)+탈곡기(46)+보행제초기(14)+승용제초기(16)+잔가지파쇄기(28)+탈망기(4)+휴대용전동가위(14)등,054-537-5322,경상북도 상주시청,2024-07-01,5110000,경상북도 상주시
동부분소,054-537-5344,경상북도 상주시 낙동면 신상1길 109,경상북도 상주시 낙동면 신상리 466,36.4045926,128.2381173,78,8,24,20,21,0,0,0,퇴비살포기(9)+감박피기및작업기(6)+농업용굴착기(6)+인력파종기(2)+동력배토기(2)+탈곡기(15)+보행제초기(6)+승용제초기(10)+잔가지파쇄기(20)+탈망기(3)+휴대용전동가위(8) 등,054-537-5322,경상북도 상주시청,2024-07-01,5110000,경상북도 상주시
서부분소,054-537-5353,경상북도 상주시 모서면 중화로 845,경상북도 상주시 모서면 삼포리 350-2,36.33825413,127.9627756,52,3,14,7,23,0,0,0,퇴비살포기(18)+감박피기및작업기(7)+농업용굴착기(5)+인력파종기(0)+동력배토기(2)+탈곡기(17)+보행제초기(3)+승용제초기(10)+잔가지파쇄기(23)+탈망기(3)+휴대용전동가위(7)등,054-537-5322,경상북도 상주시청,2024-07-01,5110000,경상북도 상주시
남부분소,054-537-5350,경상북도 상주시 공성면 남상주로 512,경상북도 상주시 공성면 평천리 631,36.29042718,128.0995841,52,4,17,7,20,0,0,0,퇴비살포기(8)+감박피기및작업기(2)+농업용굴착기(6)+인력파종기(0)+동력배토기(0)+탈곡기(17)+보행제초기(5)+승용제초기(9)+잔가지파쇄기(13)+휴대용전동가위(9)등,054-537-5322,경상북도 상주시청,2024-07-01,5110000,경상북도 상주시
농업기계 임대사업소 옥천분소,043-730-4915,충청북도 옥천군 옥천읍 옥천동이로 234,충청북도 옥천군 옥천읍 매화리 236-5,36.30004266,127.5954576,72,7,29,6,14,0,3,3,농용굴삭기(2)+농용동력운반차(2)+농용잔가지파쇄기(2)+동력예취기(4)+동력퇴비살포기(5)+콩예취기(1)+탈망기(1)+휴대용자동전동가위(2)+광역방제기(1)+승용예취기(2)+인력파종기(12)+볍씨발아기(1)+농용파이프밴딩성형기(1)+동력이식기(3)+농용고소작업차(1)+동력살포기(2)+다목적이식기(2)+은행탈피기(1)+상토쇄토기(2)+풍구(2)+잡곡수확기(1)+스키드스티어로우더(1),043-730-4915,옥천군농업기술센터,2024-09-24,4430000,충청북도 옥천군
농업기계 임대사업소 청산분소,043-730-4966,충청북도 옥천군 청산면 남부로 2257,충청북도 옥천군 청산면 지전리 343,36.34495851,127.7859398,65,6,21,7,21,0,3,1,농용굴삭기(2)+농용동력운반차(2)+농용잔가지파쇄기(2)+동력예취기(4)+동력퇴비살포기(3)+콩예취기(1)+탈망기(2)+휴대용자동전동가위(2)+소형일륜관리기(3)+승용예취기(1)+인력파종기(5)+볍씨발아기(1)+농용파이프밴딩성형기(1)+동력이식기(1)+동력살포기(3)+감박피기(2)+고구마동력이식기(1)+다목적이식기(1)+휴대용심토파쇄기(1)+풍구(2)+잡곡수확기(1)+땅콩탈피기(1)+인삼종자파종기(2),043-730-4966,옥천군농업기술센터,2024-09-24,4430000,충청북도 옥천군
농업기계 임대사업소 안남분소,043-730-4929,충청북도 옥천군 안남면 화학3길 63,충청북도 옥천군 안남면 화학리 630-1,36.37799798,127.6681356,39,7,15,7,11,0,2,0,농용굴삭기(2)+농용동력운반차(2)+농용잔가지파쇄기(2)+동력제초기(2)+동력퇴비살포기(2)+콩예취기(2)+콩정선기(3)+탈망기(1)+휴대용자동전동가위(2)+승용예취기(2)+인력파종기(5)+농용파이프밴딩성형기(1)+동력살포기(1)+점파식이식기(2)+풍구(2)+호두제피기(1)+감자선별기(1)+잡곡색채선별기(1),043-730-4929,옥천군농업기술센터,2024-09-24,4430000,충청북도 옥천군
아산시농업기술센터 농업기계임대사업소,041-537-3896,충청남도 아산시 염치읍 염성길 70-30,충청남도 아산시 염치읍 염성리 186-1,36.81571903,126.978084,139,43,114,41,111,0,19,0,농업용굴착기(12)+농업용로더(4)+동력배토기(8)+동력비닐피복기(1)+동력중경제초기(6)+미스트기(4)+볍씨발아기_전기(4)+사다리(30)+육묘파종기_전기(8)+인력비닐피복기(7)+인력파종기(17)+잔가지파쇄기_자주형(10)+전동가위(6)+종자선별기_콩(2)+참깨파종기_인력(10)+콩예취기(2)+탈망기_전기(4)+퇴비살포기_자주형(4)+파이프밴딩성형기_전기(2)+항타기(4),041-542-2235,충청남도 아산시청,2024-08-30,4520000,충청남도 아산시
농기계임대사업소,054-650-8200,경상북도 예천군 예천읍 도효자로 87-56,경상북도 예천군 예천읍 생천리 721-25,36.677143,128.461609,177,61,62,82,73,2,0,2,자주형잔가지파쇄기(23)+스피드스프레이어(6)+자주형승용제초기(8)+자주형콩수확기(16)+모터형콩탈곡기(12)+자주형농용굴삭기(9)+인력파종기(40)+모터형파이프밴딩성형기(5)+모터형탈망기(5)+SS기탑재형퇴비살포기(7)+자주형덩굴파쇄기(17)+모터형잡곡탈곡기(5)+엔진형콩탈곡기(10)+자주형보행제초기(10)+자주형야채이식기(3)+모터형풍구(10)+모터형땅콩탈곡기(1)+땅콩탈피기(1)+자주형참깨수확기(4)+자주형들깨탈곡기(2),054-650-8200,경상북도 예천군농업기술센터,2024-09-16,5230000,경상북도 예천군
남부농기계임대사업소,054-650-8144,경상북도 예천군 풍양면 삼강로 451-1,경상북도 예천군 풍양면 낙상리 205,36.5096399,128.302591,48,10,16,20,16,1,0,0,인력파종기(20)+농용굴삭기(1)+자주형콩탈곡기(1)+자주형야채이식기(1)+엔진형콩탈곡기(5)+자주형콩탈곡기(3)+보행제초기(3)+자주형퇴비살포기(1)+자주형잔가지파쇄기(3)+모터형잡곡탈곡기(1)+모터형파이프밴딩성형기(2)+자주형콩수확기(1)+모터형탈망기(1)+자주형동력배토기(4)+거치식풍구(1)+동력덩굴파쇄기(3)+동력파종기(1)+콩정선기(2)+부착형제초기(2)+부착형배토기(2),054-650-8144,경상북도 예천군농업기술센터,2024-09-16,5230000,경상북도 예천군
의성군농업기술센터(본소),054-830-6751,경상북도 의성군 봉양면 경북대로 5225,경상북도 의성군 봉양면 분토리 928,36.32302198,128.6462094,53,15,5,8,24,0,0,0,굴삭기(10)+농산물제피기(1)+마늘쪽분리기(3)+농산물선별기(4)+동력파쇄기(12)+사료작물수확기(2)+농업용로우더(1)+동력제초기(15)+콩범용수확기(1)+콩예취기(4)+탈망기(6)+퇴비살포기(3)+파이프벤딩성형기(2),054-830-6751,경상북도 의성군청,2024-09-13,5150000,경상북도 의성군
정읍시 농기계임대사업소 동부,063-539-6295,전북특별자치도 정읍시 옹동면 빗재로 12,전북특별자치도 정읍시 옹동면 비봉리 1667-7,35.61692725,126.9860217,35,21,10,17,5,10,0,0,감자수확기_수집형__SH-T1400(1)+경운기_DT-10DE및DT100N(10)+관리기_본체포함__AMC900SM및ASC-630(10)+논두렁조성기_트__AZ-700CH및SWL-450T(1)+논쟁기_트__YS-5P(2)+농업용운반차_HSW-LD1000및ACEⅢ(2)+농용굴삭기_TE1000및U-10-3S(3)+농축산방역기_SOL-E117(5)+다목적파종기_트__HG-400A(1)+다목적파종기_트__HG-800A(1)+동력분무기_SOL-750W4(10)+동력분무기_탑재형__SW1020VB(2)+동력살분무기_MD-6210(5)+동력살분무기_유__L3PSA(2)+동력예취기_HRM-70(2)+동력제초기_HR-900(2)+두둑성형기_DWL102-3및4(3)+들깨탈곡기_SWB5006A(2)+땅속작물수확기_트__HD-1000G및DSH1000(2)+땅속작물수확기_경__DRK-650및DS-1000(5)+땅속작물수확기_경__DR-700및DRG-900(3)+땅속작물수확기_트__DR-1400ST및HD-DS1500(1)+땅속작물수확기_트__DR-1300CA(3)+땅속작물수확기_트__HD-C1600G및DRGH-1650(2)+로타리_경__DT-10DE(3)+로타리_트__YJ215GM(1)+로터리_트__YJ175및DWR175MV(2)+밭쟁기_트__YS-3B(2)+배부식예취기_TB430S(10)+보리전용배토기_WJG-300및DWL104(3)+비닐피복기_관__AM-180(5)+비료살포기_트__EC-750및EC-5000H(3)+비료살포기_트__DPM-460H(2)+사다리_100㎏__BA-1235(2)+사다리_19㎏__BA-0710(0815)+및SW0820(10)+스키드로더_본체__DL-165및M60(1)+승용예취기_HA-RM970및RM950-4WD(1)+쇄토기_4조(1)+유기질살포기_IOD-900H(2)+잔가지파쇄기_HTI-WC100및DLK15TRC-H(1)+전동가위_FELCO820및INFACO(2)+진압기_트__트랙터부착식(1)+충전식분무기_EL696-3및BS720PC및PK400(2)+콩탈곡,063-539-6281,전북특별자치도 정읍시청,2025-01-01,4691000,전북특별자치도 정읍시
동송임대사업소(본소),033-450-5548,강원도 철원군 동송읍 장흥로 311,강원도 철원군 동송읍 장흥리 846,38.20350833,127.2501882,123,4,50,9,25,2,0,0,160,033-450-5548,동송임대사업소,2022-06-02,4301000,강원특별자치도 철원군
김화임대사업소(분소),033-450-5540,강원도 철원군 서면 약수로 25,강원도 철원군 서면 와수리 580-1,38.24644779,127.4292095,138,10,91,11,21,0,0,1,176,033-450-5540,김화임대사업소,2022-06-02,4301000,강원특별자치도 철원군
갈말임대사업소(분소),033-450-5681,강원도 철원군 갈말읍 태봉로 1500-9,강원도 철원군 문혜리 623-3,38.18642779,127.3237577,101,4,57,8,19,1,0,1,153,033-450-5681,갈말임대사업소,2022-06-02,4301000,강원특별자치도 철원군
북부농기임대사업소(분소),033-450-5684,강원도 철원군 동송읍 금강산로 681,강원도 철원군 동송읍 대위리 520,38.2454913339,127.2357184836,49,3,41,5,22,0,0,1,71,033-450-5684,북부임대사업소,2022-06-02,4301000,강원특별자치도 철원군
동부농기계임대사업소,063-290-3294,전북특별자치도 완주군 소양면 명덕로 130,전북특별자치도 완주군 소양면 명덕리 361-1,35.86735392,127.2125162,15,5,9,13,9,3,1,0,파쇄기(6)+ss퇴비살포기(3)+굴삭기(1)+방제기(10)+배토기(2)+예취기(4)+파종기(13)+비료농약살포기(5)+전동가위(1)+세척기(3)+마늘쪽분리기(1)+비닐피복기(3)+이식기(1)+볍씨탈망기(1)+스키로더(1)+파이프밴딩기(1)+,063-290-3280,전북특별자치도 완주군농업기술센터,2024-06-04,4721000,전북특별자치도 완주군
서부농기계임대사업소,063-290-3270,전북특별자치도 완주군 삼례읍 별산길 36,전북특별자치도 완주군 삼례읍 신금리 937-2,35.9180481,127.0951949,58,8,38,21,39,0,3,0,파쇄기(4)+ss퇴비살포기(1)+굴삭기(1)+방제기(3)+배토기(3)+예취기(3)+파종기(10)+비료농약살포기(2)+전동가위(1)+마늘쪽분리기(1)+비닐피복기(6)+볍씨탈망기(1)+파이프밴딩기(2)+박피기(1),063-290-3280,전북특별자치도 완주군농업기술센터,2024-06-04,4721000,전북특별자치도 완주군
남부농기계임대사업소,063-290-3308,전북특별자치도 완주군 구이면 구이로 1481,전북특별자치도 완주군 구이면 원기리 583-1,35.7314673,127.119047,29,7,13,8,16,0,4,0,파쇄기(1)+ss퇴비살포기(2)+방제기(1)+배토기(1)+예취기(5)+마늘선별기(1)+파종기(5)+비료농약살포기(2)+전동가위(1)+마늘쪽분리기(2)+비닐피복기(4),063-290-3280,전북특별자치도 완주군농업기술센터,2024-06-04,4721000,전북특별자치도 완주군
농기계임대사업소(춘양),054-679-6805,경상북도 봉화군 춘양면 춘양로 216,경상북도 봉화군 춘양면 춘양로 214,36.94032227,128.9182482,27,2,23,2,14,0,0,1,53(사다리(3)+동력제초기(13)+동력파쇄기(6)+장작제조기(2)+굴삭기(6)+콩정선기(2)+동력퇴비살포기(4)+곡물정선기(1)+승용관리기(2)+콩예취기(1)+파종기(12)+휴립피복기(1)),054-679-6825,경상북도 봉화군청,2024-11-20,5240000,경상북도 봉화군
농기계임대사업소(명호),054-679-6804,경상북도 봉화군 명호면 봉명로 1369,경상북도 봉화군 명호면 봉명로 1369,36.86253146,128.8846654,32,6,14,9,15,0,0,3,36(사다리(3)+동력제초기(5)+동력파쇄기(2)+장작제조기(1)+농용굴삭기(5)+동력퇴비살포기(4)+곡물정선기(1)+승용관리기(1)+콩예취기(1)+파종기(8),054-679-6825,경상북도 봉화군청,2024-11-20,5240000,경상북도 봉화군
신북읍사무소,033-245-5287,강원특별자치도 춘천시 신북읍 율문길 75,강원특별자치도 춘천시 신북읍 율문리 293-1,37.925584,127.745946,1,0,0,0,1,0,2,0,"자주형방재기(2,) 승용형제초기(2),고소작업차(1)",033-245-5287,강원특별자치도 춘천시 신북읍사무소,2024-11-22,4181000,강원특별자치도 춘천시
동면사무소,033-245-5331,강원특별자치도 춘천시 동면 가산로 69,강원특별자치도 춘천시 동면 지내리 209-15,37.91034112,127.7811107,8,2,3,1,1,0,1,0,자주형파쇄기(1),033-245-5331,강원특별자치도 춘천시 동면사무소,2024-11-22,4181000,강원특별자치도 춘천시
동산면사무소,033-245-5203,강원특별자치도 춘천시 동산면 조양길 270,강원특별자치도 춘천시 동산면 조양리 363-4,37.752334,127.796292,17,0,12,0,4,0,2,0,"자주형방재기(1), 승용제초기(1),자주형고소작업차(1),자주형파쇄기(1)",033-245-5203,강원특별자치도 춘천시 동산면사무소,2024-11-22,4181000,강원특별자치도 춘천시
동내면사무소,033-245-5394,강원특별자치도 춘천시 동내면 동내로 78,강원특별자치도 춘천시 동내면 신촌리 583-1,37.84789144,127.7611516,8,2,6,0,0,0,1,0,자주형고소작업차(1),033-245-5394,강원특별자치도 춘천시 동내면사무소,2024-11-22,4181000,강원특별자치도 춘천시
남면사무소,033-245-5205,강원특별자치도 춘천시 남면 충효로 1130-10,강원특별자치도 춘천시 남면 발산리 693,37.732161,127.599821,21,0,5,0,1,0,2,2,농용굴착기(1),033-245-5205,강원특별자치도 춘천시 남면사무소,2024-11-22,4181000,강원특별자치도 춘천시
나주시농기계임대사업소,061-339-2601,전라남도 나주시 동방1길 14,전라남도 나주시 동수동 144-21,34.980134,126.678681,620,53,115,32,98,7,28,0,,061-339-7444,전라남도 나주시청,2022-12-01,4830000,전라남도 나주시
공주시농업기계임대사업소(북부지소),041-840-2495,충청남도 공주시 신풍면 신풍길 35,충청남도 공주시 신풍면 산정리 336-1,36.5186311717,126.9547081998,52,13,17,12,12,0,0,0,승용관리기및부속작업기(7)+동력분무기(1)+잔가지파쇄기(2),041-840-2495,공주시농업기술센터,2022-11-21,4500000,충청남도 공주시
공주시농업기계임대사업소(남부지소),041-840-8725,충청남도 공주시 이인면 구부내로 321,충청남도 공주시 이인면 반송리 421-12,36.35200675,127.0960325,81,16,24,20,18,0,0,0,승용관리기및부속작업기(6)+동력분무기(1)+잔가지파쇄기(2),041-840-8725,공주시농업기술센터,2022-11-21,4500000,충청남도 공주시
경상북도 경산시 농정유통과 농기계팀 농기계임대사업소 본소(자인면),053-810-6716,경상북도 경산시 자인면 계정길 7,경상북도 경산시 자인면 북사리 514-2,35.81666212,128.8131865,50,36,43,14,37,9,0,0,농업용고소작업차(5)+과수인공교배기(3)+농업용굴삭기(10)+농업용지주설치기(12)+농산물선별기(7)+농산물세척기(3)+동력분무기(16)+동력살분무기(13)+동력살포기(7)+동력수확기(32)+동력예취기(0)+농업용동력운반차(0)+동력이식기(1)+동력제초기(60)+동력파쇄기(30)+농업용로우더(1)+마늘쪽분리기(5)+분무기(17)+비닐피복기(14)+농업용사다리(35)+스피드스프레이어(1)+농용양수기(16)+콩예취기(6)+퇴비살포기(15)+풍구(14)+휴대용자동전동가위(8)+휴대용비파괴당도측정기(6)+파이프밴딩기(1),053-810-6716,경상북도 경산시 농정유통과 농기계팀,2023-12-01,5130000,경상북도 경산시
경상북도 경산시 농정유통과 농기계팀 농기계임대사업소 지소(자인면),053-810-6718,경상북도 경산시 하양읍 한사들길 54-24,경상북도 경산시 하양읍 한사리 1160,35.92580026,128.833428,24,17,27,0,11,3,0,0,농업용고소작업차(1)+과수인공교배기(2)+농업용굴삭기(4)+농업용지주설치기(2)+농산물선별기(2)+농산물세척기(2)+동력분무기(2)+동력살포기(6)+동력살분무기(3)+동력수확기(7)+동력예취기(0)+농업용동력운반차(0)+동력이식기(0)+동력제초기(22)+동력파쇄기(10)+농업용로우더(0)+마늘쪽분리기(2)+분무기(6)+비닐피복기(8)+농업용사다리(11)+스피드스프레이어(0)+농용양수기(5)+콩예취기(2)+퇴비살포기(6)+풍구(6)+휴대용자동전동가위(0)+휴대용비파괴당도측정기(4)+파이프밴딩기(0),053-810-6718,경상북도 경산시 농정유통과 농기계팀,2023-12-01,5130000,경상북도 경산시
농기계임대사업소,041-950-6651,충청남도 서천군 마서면 장서로 689,충청남도 서천군 마서면 계동리 88-10,36.06226184,126.7060101,102,5,35,21,31,3,2,0,과실수집기(2)+농용굴착기(2)+농산물선별기(4)+콩적심기(2)+고소작업차(1)+농업용로우더(2)+파이프밴딩기(2)+동력살분무기(5)+동력제초기(2)+중경제초기(3)+동력파종기(3)+마늘쪽분리기(6)+무인항공방제기(1)+동력배토기(5)+잡곡수확기(1)+육묘용파종기(7)+고구마순제거관리기(9)+종자발아기(6)+종자소독기(2)+주행형분무기(1)+콩예취기(6)+탈망기(14)+동력퇴비살포기(2)+인력파종기(23),041-950-6651,충청남도 서천군농업기술센터,2023-12-08,4580000,충청남도 서천군
세종시농기계임대사업소,044-301-2525,세종특별자치시 연서면 쌍전길 27-31,세종특별자치시 연서면 쌍전리 667,36.573051475,127.282257329,167,18,161,36,93,5,0,6,농용굴삭기(10)+잔가지파쇄기(17)+승용예초기(20)+ss기퇴비살포기(7)+기타(409),044-301-2511,세종시농업기술센터,2024-02-08,5690000,세종특별자치시
무안군농업기술센터농기계임대사업소-일로분소,061-281-8990,전라남도 무안군 일로읍 백련로 112,전라남도 무안군 일로읍 용산리 1363,34.85240404,126.5077777,37,0,21,0,12,18,0,1,곡물적재함(1) 농업용굴착기(2) 논두렁조성기(2) 마늘선별기(1) 콩적심기(4) 농용파이프밴딩성형기(1) 동력배토기(보행)(6) 동력배토기(1) 동력분무기(7) 동력살분무기(3) 동력비료살포기(4) 동력이식기 양파 정식(이식)기(2) 동력이식기(1) 동력이식기야채이식기(1) 동력예취기(4) 동력제초기(4) 잔가지파쇄기(1) 마늘쪽분리기(1) 무논직파기(1) 볍씨발아기(7) 분무기(2) 승용붐스프레이어(1) 동력피복기(1) 인력비닐피복기(1) 승용비료살포기(1) 수확기(2) 동력예취기 전엽기(3) 농업진압기(1) 콩예취기(1) 탈망기(2) 농용트럭 퇴비살포기(1) 동력퇴비살포기(1) 농용트랙터 이랑쟁기(1) 휴대용자동전동가위(2),061-281-8990,전라남도 무안군 농업기술센터,2024-04-24,4950000,전라남도 무안군
무안군농업기술센터농기계임대사업소-해제분소,061-452-4020,전라남도 무안군 해제면 양간로 7,전라남도 무안군 해제면 신정리 124-1,35.11162983,126.2911244,48,0,18,3,11,17,0,1,농업용굴착기(2) 논두렁조성기(1) 마늘선별기(1) 콩적심기(4) 농용파이프밴딩성형기(1) 동력배토기(보행)(2) 동력배토기(1) 동력분무기(7) 동력살분무기(6) 동력비료살포기(6) 동력제초기(2) 동력이식기 양파 정식(이식)기(3) 동력이식기(1) 동력예취기(4) (잔가지)동력파쇄기(1) 마늘줄기절단기(1) 마늘쪽분리기(2) 무논직파기(1) 볍씨발아기(4) 분무기(2) 승용붐스프레이어(1) 동력피복기(1) 인력비닐피복기(1) 승용비료살포기(1) 심토파쇄기(1) 동력예취기 전엽기(4) 농업진압기(1) 콩예취기(1) 탈망기(1) 농용트럭 퇴비살포기(2) 동력퇴비살포기(1) 플라우(2) 휴대용자동전동가위(2),061-452-4020,전라남도 무안군 농업기술센터,2024-04-24,4950000,전라남도 무안군
함양군농기계임대사업소(남부권),055-960-5570,경상남도 함양군 휴천면 천왕봉로 2426,경상남도 함양군 휴천면 남호리 372,,,26,5,10,9,4,0,0,0,,055-960-5570,경상남도 함양군,2024-08-06,6480000,경상남도
함양군농기계임대사업소(서부권),055-960-5296,경상남도 함양군 백전면 백현길 28-2,경상남도 함양군 백전면 경백리 507,,,23,9,9,5,3,1,0,0,,055-960-5296,경상남도 함양군,2024-08-06,6480000,경상남도
거창군농기계임대사업소(본소),055-940-8218,경상남도 거창군 거창읍 거함대로 3322,경상남도 거창군 거창읍 대평리 1359-19,,,127,33,68,29,40,1,18,0,,055-940-8218,경상남도 거창군,2024-08-06,6480000,경상남도
북부권역 농기계임대사업소,055-940-7396,경상남도 거창군 주상면 당대고개길 86,경상남도 거창군 주상면 도평리 461-3,,,51,18,26,11,11,0,5,0,,055-940-7396,경상남도 거창군,2024-08-06,6480000,경상남도
수승대권역 농기계임대사업소,055-940-7596,경상남도 거창군 위천면 송계로 326-31,경상남도 거창군 위천면 장기리 269-9,,,40,19,28,13,11,0,5,0,,055-940-7596,경상남도 거창군,2024-08-06,6480000,경상남도
동부권역 농기계임대사업소,055-940-7846,경상남도 거창군 가조면 가북로 20,경상남도 거창군 가조면 장기리 1569,,,61,18,28,25,11,0,4,0,,055-940-7846,경상남도 거창군,2024-08-06,6480000,경상남도
남부권역 농기계임대사업소,055-940-7796,경상남도 거창군 신원면 신차로 3013,경상남도 거창군 신원면 과정리 967,,,31,16,26,11,9,1,2,0,,055-940-7796,경상남도 거창군,2024-08-06,6480000,경상남도
농기계임대사업소(본소),054-931-8272,경상북도 성주군 대가면 참별로 2479,경상북도 성주군 대가면 옥성리 197,35.91568328,128.2529061,52,7,7,6,11,0,0,0,22,054-933-1621,경상북도 성주군 농업기술센터,2020-07-10,5210000,경상북도 성주군
농기계임대사업소(서부분소),054-930-8088,경상북도 성주군 수륜면 참별로 1363,경상북도 성주군 수륜면 수성리 184,35.86809217,128.1830156,41,7,5,6,12,1,0,0,20,054-933-1621,경상북도 성주군 농업기술센터,2020-07-10,5210000,경상북도 성주군
장성군농업기술센터농기계임대사업소,061-390-8512,전라남도 장성군 장성읍 단풍로 220,전라남도 장성군 장성읍 유탕리 1391-1,35.32156788,126.8020469,66,12,48,10,23,4,0,0,휴대용전동가위13+승용제초기13+잔가지파쇄기9+동력운반차8+콩파종기7+농용굴삭기7+동력살분무기6+동력분무기6+농용고압세척기5+자주형퇴비살포기4+상차용2톤분무기4+딸기고설배지파쇄기4 등,061-390-8512,전라남도 장성군 농업기술센터,2024-05-01,4980000,전라남도 장성군
장성군농업기술센터농기계임대사업소 서부분소,061-390-7191,전라남도 장성군 삼계면 영장로 1620-82,전라남도 장성군 삼계면 사창리 427-1,35.25686685,126.659414,42,13,40,9,20,2,0,0,콩파종기15+휴대용전동가위10+승용제초기10+잔가지파쇄기7+동력운반차5+과수인공교배기5+자주형퇴비살포기4+육묘용파종기4+상차용2톤분무기+농용굴삭기4+농용고압세척기4 등,061-390-7191,전라남도 장성군 농업기술센터,2024-05-01,4980000,전라남도 장성군
장성군농업기술센터농기계임대사업소 북부분소,061-390-7195,전라남도 장성군 북이면 방장로 950-10,전라남도 장성군 북이면 사거리 787-32,35.43062362,126.8054696,27,8,33,11,14,2,0,0,승용제초기10+휴대용전동가위8+콩파종기5+잔가지파쇄기5+동력살분무기5+동력분무기4+농용굴삭기4+육묘용파종기3+상차용2톤분무기3+동력운반차3+동력보행제초기3+농용고압세척기3 등0,061-390-7195,전라남도 장성군 농업기술센터,2024-05-01,4980000,전라남도 장성군
파주시 농업기술센터 본소,031-940-4509,경기도 파주시 월롱면 통일로620번길 35,경기도 파주시 월롱면 영태리 379-2,37.7651568193,126.7962248274,66,4,29,11,30,1,0,1,굴삭기(5)+비료동력살포기(3)+동력살분무기(2)+채소이식기(3)+잔가지파쇄기(7)+예취기(4)+밀차형분무기(2)+인력파종기(8)+인력피복기(5)+육묘적재이송기(2)+고추세척기(2)+콩적심기(2)+선별기(1),031-940-5260,경기도 파주시농업기술센터,2024-05-20,4060000,경기도 파주시
파주시 농업기술센터 북부지소,031-940-5263,경기도 파주시 파평면 청송로 503-5,경기도 파주시 파평면 덕천리 479-2,37.9353494970,126.8655263019,111,4,24,16,32,1,0,1,굴삭기(5)+비료동력살포기(4)+동력살분무기(4)+채소이식기(5)+잔가지파쇄기(5)+승용퇴비살포기(2)+예취기(7)+밀차형분무기(2)+인력파종기(7)+인력피복기(5)+육묘적재이송기(3)+고추세척기(2)+승용제초기(2)+콩적심기(4)+붐스프레이어(1)+선별기(1),031-940-5260,경기도 파주시농업기술센터,2024-05-20,4060000,경기도 파주시
본소농기계임대사업소,063-290-3306,전북특별자치도 완주군 고산면 고산천로 720-45,전북특별자치도 완주군 고산면 삼기리 945-70,35.98427991,127.2202532,75,13,78,35,52,7,16,0,파쇄기(12)+ss퇴비살포기(3)+굴삭기(3)+방제기(6)+베토기(3)+예취기(20)+마늘선별기(4)+파종기(38)+비료농약살포기(10)+전동가위(5)+세척기(3)+마늘쪽분리기(9)+비닐피복기(6)+이식기(5)+볍씨탈망기(2)+스키로더(1)+파이프벤딩기(6)+박피기(10)+콤바인(2)+블로워(2)+트리마(2)+비닐하우스견인기(2),063-290-3280,전북특별자치도 완주군농업기술센터,2024-06-04,4721000,전북특별자치도 완주군
영광군농기계임대사업소 남부분소,061-350-4688,전라남도 영광군 군남면 천년로 626-3,전라남도 영광군 군남면 설매리 1434-1,35.24009052,126.4301945,103,20,44,16,25,0,2,4,농업용로우더(1)+농용파이프벤딩성형기(1)+농산물선별기(2)+농산물순제거기(2)+농업용굴착기(2)+농업용콘베이어(2)+동력중경제초기(2)+퇴비살포기(2)+동력이식기(3)+비닐피복기(3)+육묘잎자르기(3)+동력살포기(4)+탈망기(4)+종자소독기(5)+휴대용자동전동가위(5)+동력살분무기(6)+동력파쇄기(6)+동력제초기(7)+동력분무기(8)+육묘상자운반기구(8)+동력배토기(10)+종자발아기(19),061-350-4834,전라남도 영광군청,2024-08-14,4970000,전라남도 영광군
제주농업기술센터,064-760-7749,제주특별자치도 제주시 애월읍 상귀길 173,,33.4592643,126.4036806,75,0,3,1,6,0,0,0,,064-760-7511,제주특별자치도 농업기술원,2024-08-14,6500000,제주특별자치도
서귀포농업기술센터,064-760-7816,제주특별자치도 서귀포시 남원읍 중산간동로 7413,,33.28797192,126.6077967,11,0,10,0,0,0,0,0,,064-760-7511,제주특별자치도 농업기술원,2024-08-14,6500000,제주특별자치도
동부농업기술센터,064-760-7671,제주특별자치도 제주시 구좌읍 충렬로 166,,33.51094222,126.8426837,89,0,16,6,0,22,0,0,,064-760-7511,제주특별자치도 농업기술원,2024-08-14,6500000,제주특별자치도
동부농업기술센터 분소,064-760-7685,제주특별자치도 서귀포시 표선면 서성일로 138,,33.40074936,126.8089363,47,0,5,6,0,5,0,0,,064-760-7511,제주특별자치도 농업기술원,2024-08-14,6500000,제주특별자치도
서부농업기술센터,064-760-7974,제주특별자치도 제주시 한림읍 월림7길 90,,33.35346624,126.2476976,52,0,7,8,4,4,0,0,,064-760-7511,제주특별자치도 농업기술원,2024-08-14,6500000,제주특별자치도
청양군농업기술센터농기계임대사업소,041-940-4744,충청남도 청양군 청양읍 구봉로 1026-84,충청남도 청양군 청양읍 정좌리 455,36.42289429,126.7796519,104,39,41,28,49,4,3,11,농용굴삭기(4)+농용파이프벤딩성형기(1)+동력분무기(10)+동력살분무기(20)+동력배토기(8)+은행탈피기(7)+탑재형동력분무기(11),041-940-4744,충청남도 청양군청,2025-01-02,4590000,충청남도 청양군
청양군농업기술센터농기계임대사업소(동부지소),041-940-4747,충청남도 청양군 정산면 효자길 62,충청남도 청양군 정산면 서정리 221,36.40861994,126.9463166,128,22,37,30,45,4,3,9,농용굴삭기(5)+농용파이프벤딩성형기(3)+동력분무기(10)+동력살분무기(20)+동력배토기(5)+은행탈피기(8)+탑재형동력분무기(10),041-940-4747,충청남도 청양군청,2025-01-02,4590000,충청남도 청양군
강진군 농기계임대사업소 본소,061-430-3675,전라남도 강진군 군동면 진흥로 85,전라남도 강진군 군동면 호계리 420,34.64482214,126.7900403,84,5,20,14,13,6,3,0,,061-430-3675,전라남도 강진군 농업기술센터,2024-12-30,4920000,전라남도 강진군
농기계임대사업소 칠량분점,061-430-3678,전라남도 강진군 칠량면 장포길 6,전라남도 강진군 칠량면 장계리 463-2,34.55120037,126.805184,39,5,14,9,9,2,0,0,,061-430-3678,전라남도 강진군 농업기술센터,2024-12-30,4920000,전라남도 강진군
농기계임대사업소 도암분점,061-430-3690,전라남도 강진군 도암면 학장로 8,전라남도 강진군 도암면 항촌리 431-1,34.54887684,126.7281087,49,5,14,11,11,2,0,0,,061-430-3690,전라남도 강진군 농업기술센터,2024-12-30,4920000,전라남도 강진군
농기계임대사업소 작천분점,061-430-3670,전라남도 강진군 작천면 까치내로 919,전라남도 강진군 작천면 군자리 197-5,34.70945809,126.7669578,50,6,17,12,10,3,0,0,,061-430-3670,전라남도 강진군 농업기술센터,2024-12-30,4920000,전라남도 강진군
남산면사무소,033-245-5452,강원특별자치도 춘천시 남산면 한치로 73,강원특별자치도 춘천시 남산면 창촌리 67-3,37.791861,127.646189,14,2,4,0,0,0,2,2,,033-245-5452,강원특별자치도 춘천시 남산면사무소,2024-11-22,4181000,강원특별자치도 춘천시
평창군농기계임대센터 평창본소,033-330-4710,강원특별자치도 평창군 평창읍 여만길 46,강원특별자치도 평창군 평창읍 여만리 357-6,37.37806678,128.3955482,276,26,45,40,77,33,5,22,장작제조기(1)+사료배합기(1),033-330-4777,평창군농업기술센터,2023-07-31,4281000,강원특별자치도 평창군
평창군농기계임대센터 용평분소,033-330-4711,강원특별자치도 평창군 용평면 새터마을길 4-21,강원특별자치도 평창군 용평면 백옥포리 181-5,37.58643182,128.406524,148,5,35,25,28,36,2,8,육묘용파종기(1)+전엽기(1),033-330-4711,평창군농업기술센터,2023-07-31,4281000,강원특별자치도 평창군
평창군농기계임대센터 진부분소,033-335-0091,강원특별자치도 평창군 진부면 오대천로 1970-6,강원특별자치도 평창군 진부면 하진부리 351,37.62991784,128.5543644,103,5,25,18,26,31,0,0,,033-335-0091,평창군농업기술센터,2023-07-31,4281000,강원특별자치도 평창군
평창군농기계임대센터 대관령분소,033-330-4714,강원특별자치도 평창군 대관령면 솔재길 12,강원특별자치도 평창군 대관령면 용산리 1-74,37.6804572,128.6699085,65,0,15,3,4,8,0,1,,033-330-4714,평창군농업기술센터,2023-07-31,4281000,강원특별자치도 평창군
농기계임대사업소,061-470-6618,전라남도 영암군 덕진면 금호길 11,전라남도 영암군 덕진면 장선리 676-6,34.82703253,126.671985,121,0,28,11,47,0,0,0,,061-470-6611,전라남도 영암군청,2023-11-09,4940000,전라남도 영암군
농기계임대서부사업소,061-470-6638,전라남도 영암군 삼호읍 오복길 298-28,전라남도 영암군 삼호읍 망산리 878,34.72420684,126.5123513,73,0,18,11,27,0,0,0,,061-470-6611,전라남도 영암군청,2023-11-09,4940000,전라남도 영암군
농기계임대북부사업소,061-470-6658,전라남도 영암군 시종면 달보는길 19,전라남도 영암군 시종면 만수리 750-1,34.8755219,126.6128307,60,0,14,7,18,0,0,0,,061-470-6611,전라남도 영암군청,2023-11-09,4940000,전라남도 영암군
서면사무소,033-245-5480,강원특별자치도 춘천시 서면 금산길 31,강원특별자치도 춘천시 서면 금산리 925-2,37.898711,127.692796,19,0,17,4,0,0,1,0,,033-245-5480,강원특별자치도 춘천시 서면사무소,2024-11-22,4181000,강원특별자치도 춘천시
사북면사무소,033-245-5499,강원특별자치도 춘천시 사북면 영서로 4721,강원특별자치도 춘천시 사북면 신포리 413-3,38.0297575,127.640628,18,2,6,3,3,0,5,2,"농용굴착기(1),퇴비살포기(1)",033-245-5499,강원특별자치도 춘천시 사북면사무소,2024-11-22,4181000,강원특별자치도 춘천시
북산면사무소,033-245-5526,강원특별자치도 춘천시 북산면 북산로 493,강원특별자치도 춘천시 북산면 오항리 398,37.987332,127.885967,9,2,0,0,0,0,3,0,"농용굴착기(1), 자주형파쇄기(1),보행재초기(2)",033-245-5526,강원특별자치도 춘천시 북산면사무소,2024-11-22,4181000,강원특별자치도 춘천시
농업기술센터,033-250-3381,강원특별자치도 춘천시 신북읍 신북로 262,강원특별자치도 춘천시 신북읍 산천리 342-2,37.949293,127.750516,105,11,52,11,20,4,0,1,"농용굴착기(9),다목적터스터기(1),승용제초기(4),보행제초기(10), 자주형 파쇄기(7),스키로더(1),무인방재기(1),콤바인(4),동력운반차(1),동력예취기(2),인력파종기(6)",033-250-3381,강원특별자치도 춘천시 농업기술센터,2024-11-22,4181000,강원특별자치도 춘천시
양산시농기계임대사업소,055-392-5316,경상남도 양산시 동면 양산대로 618,경상남도 양산시 동면 석산리 392,35.32391639,129.0333864,78,3,21,18,11,0,2,3,굴삭기(2)+농산물건조기(4)+지주설치기(1)+파이프벤딩기(1)+동력분무기(1)+동력제초기(9)+동력파쇄기(5)+콤파인(2)+탈망기(1)+퇴비살포기(5),055-392-5361,경상남도 양산시청 농정과,2024-11-29,5380000,경상남도 양산시
경기도 광주시 농업기술센터,031-760-2253,경기도 광주시 이배재로 209-5,경기도 광주시 목현동 42-1번지,37.43194566,127.2343488,26,21,33,9,11,2,4,3,파이프성형기(1)+농용굴삭기(1)+콩예취기(1)+무동력비닐피복기(2)+목재파쇄기(3)+진동배토기(2)+드럼모우어(1)+진동휴립복토기(1)+탈망기(1)+씨앗파종기(2),031-760-2253,경기도 광주시 농업기술센터,2024-10-30,5540000,경기도 광주시
금산군농업기술센터 농기계임대사업소,041-750-3951,충청남도 금산군 금성면 의총길 25,,36.1265390649,127.4959091584,50,28,55,49,65,0,0,0,농용굴삭기(15)+그레이더(1)+돌수집기(8)+동력살분무기(11)+동력운반차(2)+로타베이터(6)+비료살포기(6)+심토파쇄기(1)+쟁기(26)+진압로울러(1)+콤프레셔(9)+퇴비살포기(16)+트랙터(6)+감자수확기(4)+고구마수확기(12)+덩쿨파쇄기(3)+굴착기(14)+깨탈곡기(8)+들깨대파쇄기(3)+다목적수확기(8)+땅콩탈피기(3)+마늘파종기(2)+마늘쪽분리기(2)+비닐피복기(11)+약초수확기(14)+묘삼수확기(3)+인삼수동파종기(17)+인삼수확기(21)+일륜관리기(17)+작판정지기(10)+중경제초기(10)+진동배토기(3)+인력파종기(21)+콩예취기(3)+콩탈곡기(40)+정선기(9)+콩정선기(4)+휴립기(3)+동력제초기(2)+잔가지파쇄기(11)+전정가위(6)+파이프밴딩기(6)+승용인삼작판정지기(5)+농두렁조성기(10)+논두렁제초기(2)+벼육묘용파종기(5)+볍씨발아기(10)+탈망기(3)+디스크모아(2)+랩피복기(3)+반전집초기(3)+베일러(5)+스키로더(2)+옥수수파종기(4),041-750-3943,금산군농업기술센터,2024-11-07,4550000,충청남도 금산군
예산군 농기계임대사업장(농기계팀),041-339-8132,충청남도 예산군 신암면 오신로 852,충청남도 예산군 신암면 종경리 281-22,36.74272204,126.8140246,162,16,28,25,68,7,3,2,,041-339-8132,예산군 농업기술센터,2024-11-07,4610000,충청남도 예산군
예산군 농기계임대사업장(동부농업지원팀),041-339-8188,충청남도 예산군 신양면 예당남로 700,충청남도 예산군 신양면 녹문리 370-1,36.60581394,126.8546939,106,5,12,13,40,3,0,0,,041-339-8188,예산군 농업기술센터,2024-11-07,4610000,충청남도 예산군
대전광역시농업기술센터,042-270-6932,대전광역시 유성구 교촌대정로 97,대전광역시 유성구 교촌동 568,36.3078889602,127.3063613676,4,5,14,8,18,0,0,0,80,042-270-6931,대전광역시농업기술센터,2020-12-17,6300000,대전광역시
농기계임대사업소(동부분소),054-930-8025,경상북도 성주군 초전면 문덕로 417-5,경상북도 성주군 초전면 대장리 764,35.97262041,128.2607585915,36,3,4,4,3,0,0,0,19,054-933-1621,경상북도 성주군 농업기술센터,2020-07-10,5210000,경상북도 성주군
완도군농업기계 임대사업장,061-550-5966,전라남도 완도군 완도읍 청해진로 1263-82,,34.36978957,126.7287206,48,4,20,12,6,3,0,0,,061-550-5961,전라남도 완도군,2022-12-15,4990000,전라남도 완도군
농기계임대사업(본점),061-320-2502,전라남도 함평군 학교면 학교화산길 88,전라남도 함평군 학교면 월산리 1544-2,35.0530551,126.5408856,24,1,13,6,12,0,3,2,0,061-320-2470,함평군 농업기술센터,2023-03-20,4960000,전라남도 함평군
농기계임대사업(동부점),061-320-2900,전라남도 함평군 해보면 해삼로 392-12,전라남도 함평군 해보면 문장리 647,35.18428906,126.6066281,24,4,8,4,14,0,3,0,0,061-320-2470,함평군 농업기술센터,2023-03-20,4960000,전라남도 함평군
농기계임대사업(서부점),061-320-2903,전라남도 함평군 손불면 손무로 728,전라남도 함평군 손불면 대전리 190-3,35.14173886,126.4338171,22,0,9,5,17,0,2,0,0,061-320-2470,함평군 농업기술센터,2023-03-20,4960000,전라남도 함평군
횡성군농기계임대사업소 서부지소,033-340-5529,강원특별자치도 횡성군 서원면 서원로 454,강원특별자치도 횡성군 서원면 압곡리 271,37.4892311,127.8813583,13,8,11,3,26,3,4,0,항타기(1)+분무기(4)+ 비료살포기(2)동력이식기(1)+ 동력파쇄기(2)+ 인력피복기(2)+ 육묘용파종기(4)+ 콩예취기(3)+ 파종기(5)+ 전동가위(1) +계(25),033-340-5532,강원특별자치도 횡성군농업기술센터,2023-08-31,4261000,강원특별자치도 횡성군
횡성군농기계임대사업소 동부지소,033-340-5536,강원특별자치도 횡성군 둔내면 고원남로 38,강원특별자치도 횡성군 둔내면 자포곡리 463-75,37.5069950894,128.2125557,44,11,14,15,33,2,2,0,항타기(2)+분무기(4)+ 비료살포기(2)+동력이식기(3)+ 동력파쇄기(3)+ 인력피복기(4)+ 육묘용파종기(4)+ 파종기(6)+ 전동가위(2)+ 동력퇴비살포기(3) +계(33),033-340-5532,강원특별자치도 횡성군농업기술센터,2023-08-31,4261000,강원특별자치도 횡성군
횡성군농기계임대사업소,033-340-5532,강원특별자치도 횡성군 공근면 영서로 152-1,강원특별자치도 횡성군 공근면 학담리 786,37.5274642,127.9616389,148,27,21,45,75,5,12,0,항타기(3)+분무기(8)+ 비료살포기(4)+동력이식기(5)+ 동력파쇄기(9)+ 인력피복기(3)+ 육묘용파종기(8)+ 콩예취기(2)+ 파종기(22)+ 전동가위(2)+ 동력퇴비살포기(24) +계(90),033-340-5532,강원특별자치도 횡성군농업기술센터,2023-08-31,4261000,강원특별자치도 횡성군
홍성군 농업기술센터,041-630-9129,충청남도 홍성군 홍성읍 내포로 230,충청남도 홍성군 홍성읍 옥암리 420-4,36.59308386,126.6452045,143,21,64,47,55,29,4,0,농업용사다리(34)+농용굴삭기(6)+농용로우더(3)+인력파종기(23)+동력이식기(7)+동력살분무기(13)+파이프성형기(10)+지주목설치기(7)+잔가지파쇄기(5)+넝쿨파쇄기(6)+육묘상자적재기(8)+육묘상자운반기(2)+퇴비살포기(11)+중경제초기(8)+무인제초보트(3)+벼종자탈망기(11)+마늘쪽분리기(6)+무인항공방제기(3)+전동가위(4)+양수기(1),041-630-9129,충청남도 홍성군청,2024-06-28,4600000,충청남도 홍성군
달성군농업기술센터,053-668-3240,대구광역시 달성군 옥포읍 비슬로 2040,대구광역시 달성군 옥포읍 교항리 2521-7,35.78270118,128.4467745,259,34,97,18,40,3,10,3,없음,053-668-3240,대구광역시 달성군 농업기술센터,2024-07-02,3480000,대구광역시 달성군
안동시농업기술센터 농기계 임대사업소 (서부분소),054-840-5664,경상북도 안동시 풍산읍 풍산태사로 948-16,경상북도 안동시 풍산읍 안교리 539-5,36.580901,128.561005,76,18,35,21,25,17,0,0,동력이식기(3)+동력파쇄기(6)+동력예취기(6)+농용굴삭기(6)+퇴비살포기(3)+동력운반차(9)+동력제초기(14)+콩순제거기(3)+파이프밴딩성형기(4)+동력살분무기(3)+농산물선별기(1)+휴대용전동가위(5)+풍구(2)+땅콩박피기(2)+양파전엽기(1)+고소작업차(1)+동력분무기(1),054-840-5664,경상북도 안동시청,2024-08-26,5070000,경상북도 안동시
안동시농업기술센터 농기계 임대사업소 (북부분소),054-840-5659,경상북도 안동시 와룡면 퇴계로 1281,경상북도 안동시 와룡면 가야리 990,36.653543,128.7702696,88,22,32,27,23,18,0,0,SS기(5)+이식기(1)+동력제초기(14)+동력파쇄기(8)+동력예취기(9)+콩순제거기(2)+땅콩탈피기(2)+감자선별기(1)+고소작업차(1)+농용굴착기(7)+퇴비살포기(5)+파이프밴딩기(2)+동력운반차(3)+동력분무기(3)+전동가위(5),054-840-5659,경상북도 안동시청,2024-08-26,5070000,경상북도 안동시
보성군농기계 임대사업소 남부지소,061-857-2917,전라남도 보성군 조성면 조성대동길 54,전라남도 보성군 조성면 우천리 169-1,34.803527,127.2309402,38,12,14,1,8,10,0,0,분무기(5)+알류미늄사다리(2)+퇴비살포기차량용(1)+벼탈망기(3)+볍씨 발아기(6)+승용배토기(3)+종자소독기(1)+1인용차나무전지기(2)+감자순제초기(3)+농용굴삭기(2)+농용운반차(1)+동력제초기(1)+딸기배지로타리(2)+사료작물수확기(3)+승용제초기(4)+잔가지파쇄기(1)+전동전정가위(3)+파이프밴딩기(3),061-857-7161,전라남도 보성군 농업기술센터,2024-12-04,4890000,전라남도 보성군
정읍시 농기계임대사업소 본소,063-539-6286,전북특별자치도 정읍시 정우면 정우남로 282,전북특별자치도 정읍시 정우면 우산리 661,35.62260212,126.8954573,134,38,40,49,39,0,0,4,감자수확기_수집형__SH-T1400(1)+감자파종기_KG-PH9000(2)+건초모우기_R482(4)+경운기_DT-10DE및DT100N(17)+고구마이식기_TSP-1(1)+고지엔진톱_KPS-24A(4)+과일박피기_SW-A(2)+관리기_본체포함__AMC900SM및ASC-630(23)+구굴기_관__DR-25및RT-60(2)+구굴기_트__JY270-500(2)+그레이더_TKG-2000(1)+그레이더_TKG-3000및JHRG-2400(2)+노스탑파쇄기_KP-5-R(1)+노스탑파쇄기_KP-7-R(1)+논두렁조성기_트__AZ-700CH및SWL-450T(6)+논쟁기_트__YS-4P(3)+농업용운반차_HSW-LD1000및ACEⅢ(2)+농용고소차_SSC3000H(1)+농용굴삭기_TE1000및U-10-3S(6)+농축산방역기_SOL-E117(2)+농축산용방역장비_HA-1000CSTS(1)+다목적파종기_트__HG-400A(3)+다목적파종기_트__HG-800A(2)+동력구굴기_AG400-12(3)+동력배토기_MKF345(5)+동력분무기_SOL-750W4(15)+동력분무기_탑재형__SW1020VB(3)+동력살분무기_MD-6210(10)+동력살분무기_유__L3PSA(3)+동력예취기_HRM-70(5)+동력전정기_트리머__KHT2650EZ및E8FL750(3)+동력제초기_HR-900(3)+동력파쇄기_SBX80-B90RL및JP및SBM91(1)+두둑성형기_DWL102-3및4(4)+들깨탈곡기_SWB5006A(3)+딸기묘두둑성형기_DS-B004(1)+땅속작물수확기_트__HD-1000G및DSH1000(8)+땅속작물수확기_경__DRK-650및DS-1000(8)+땅속작물수확기_경__DR-700및DRG-900(5)+땅속작물수확기_트__DR-1400ST및HD-DS1500(8)+땅속작물수확기_트__DR-1200G및1200DD(6)+땅속작물수확기_트__HD-C1600G및DRGH-1650(6)+땅속작물수확기_트__DRPH-1400(4)+땅속작물수확기_트__MPH670및680및690(4)+랩핑기_대형__LW900A(,063-539-6281,전북특별자치도 정읍시청,2025-01-01,4691000,전북특별자치도 정읍시
마산 농기계임대사업소,055-225-5639,경상남도 창원시 마산합포구 진북면 지산1길 130,경상남도 창원시 마산합포구 진북면 지산리 262-10,35.11533461,128.4616011,1,3,11,6,13,1,0,4,굴삭기(6)+동력살분무기(9)+비닐피복기(5)+인력파종기(4)+전동가위(5)+동력제초기(9)+목재파쇄기(3)+고소작업차(2)+육묘상자이송기(2)+이식기(1)+원판쟁기(8)+이랑쟁기(1)+회전쟁기(1)+정지기(2)+구굴기(1)+논두렁조성기(9)+그레이드(2)+탈망기(2)+광역살포기(1)+돌수집기(2)+진압로울러(1)+전엽기(1)+배토기(11)+두둑성형기(1)+덩굴파쇄기(1)+콩콤바인(1)+잔가지파쇄기(2)+단근기(1)+박피기(1)+원형결속기(2)+랩피복기(2)+반전집초기(6)+디스크모우어(2)+파이프성형밴딩기(1)+퇴비살포기(7)+동력분무기(1)+승용관리기(2)+로타베이터(8)+비료살포기(5),055-225-5445,경상남도 창원시청,2025-02-13,5670000,경상남도 창원시
창원 농기계임대사업소,055-225-5635,경상남도 창원시 의창구 동읍 봉강가술로 70,경상남도 창원시 의창구 동읍 봉곡리 176-1,35.35289845,128.664357,2,2,36,13,14,0,0,19,동력살분무기(3)+광역살포기(1)+볍씨발아기(1)+탈망기(1)+전엽기(5)+콩콤바인(1)+줄기파쇄기(2)+콩콤바인(2)+S인력파종기(1)+동력비닐비복기(5)+스키드로드(3)+사료절단기(1)+SS기(14)+승용제초기(14)+목재파쇄기(5)+잔가지파쇄기(2)+과수박피기(13)+전동가위(2)+화수분기(4)+파이프밴딩기(4)+고추세척기(2)+굴삭기(9)+퇴비살포기(자주형)(1)+무인예취기(1)+농산물결속기(1)+트랙터(2)+굴착기(1)+승용관리기(3)+마늘쪽분리기(1)+항타기(1),055-225-5444,경상남도 창원시청,2025-02-13,5670000,경상남도 창원시
진해 농기계임대사업소,055-225-5636,경상남도 창원시 진해구 웅천로 218,경상남도 창원시 진해구 성내동 476-2,35.11399909,128.7543128,1,2,5,1,2,0,0,1,동력비닐피복기(2)+동력살분무기(2)+전동가위(3)+(1)+자동호스릴(1)+목재파쇄기(1)+굴삭기(1)+잔가지파쇄기(2)+퇴비살포기(1)+소형트랙터(1),055-225-5444,경상남도 창원시청,2025-02-13,5670000,경상남도 창원시
농기계임대사업소 본소,063-540-2981,전북특별자치도 김제시 동서로 46,,35.792802,126.877567,265,0,113,35,38,36,0,0,농산물탈피기(2)+농용굴삭기(4)+동력배토기(8)+동력분무기(엔진분무기)(9)+동력살분무기(10)+동력퇴비살포기(1)+동력파쇄기(5)+농용파이프벤딩성형기(6)+풍구(7)+비료살포기(자주식)(13)+예취기(자주식)(24)+차량용분무기(8)+탈망기(7)+다목적운반차(9)+농산물세척기(고추세척기)(2)+마늘쪽분리기(1)+동력절단기(1)+마늘쪽선별기(3)+농산물순제거기(9)+승용예취기(8)+종자코팅기(3),063-540-4521,전북특별자치도 김제시청 농업기술센터 농촌지원과,2024-04-24,4711000,전북특별자치도 김제시
농기계임대사업소 동부분소,063-540-2984,,전북특별자치도 김제시 봉남면 대송리 708-2,35.761062,126.9670101869,130,0,57,17,31,15,0,0,농용굴삭기(4)+동력배토기(9)+동력분무기(엔진분무기)(8)+동력살분무기(4)+동력퇴비살포기(1)+동력파쇄기(3)+농용파이프벤딩성형기(2)+풍구(7)+비료살포기(자주식)(6)+예취기(자주식)(10)+차량용분무기(9)+탈망기(6)+다목적운반차(5)+농산물세척기(고추세척기)(2)+마늘쪽분리기(1)+농산물순제거기(7)+승용예취기(4)+종자코팅기(2),063-540-4521,전북특별자치도 김제시청 농업기술센터 농촌지원과,2024-04-24,4711000,전북특별자치도 김제시
농기계임대사업소 산동분소,054-372-4751,경상북도 청도군 금천면 청려로 4312,경상북도 청도군 금천면 동곡리 1076,35.68497988,128.8959468,42,9,18,12,22,0,0,0,풍구(2)+과수박피기(1)+농용굴삭기(7)+사다리(21)+마늘쪽선별기(1)+대추선별기(2)+농산물순제거기(1)+고소작업차(1)+동력운반차(5)+로우더(1)+항타기(2)+파레트저울(2)+농용블로워(2)+파이프벤딩기(1)+동력호스권취기(1)+동력살분무기(3)+비료살포기(2)+대추수확기(17)+옆채류수확기(1)+동력이식기(2)+승용예취기(9)+동력예취기(7)+작물줄기파쇄기(1)+동력중경제초기(2)+땅콩탈피기(1)+목재파쇄기(14)+마늘쪽분리기(1)+발전기(1)+동력분무기(3)+잡곡수확기(1)+운반트럭(2)+콩예취기(4)+보행퇴비살포기(1)+자주식퇴비살포기(5)+파종기(10)+당도측정기(1)+전동가위(5),054-370-6277,경상북도 청도군청,2024-08-08,5190000,경상북도 청도군
농업기술센터,055-940-8218,경상남도 거창군 거창읍 거함대로 3322,경상남도 거창군 거창읍 대평리 1359-19,35.67800539,127.9230349,85,28,86,12,41,3,10,1,잔가지파쇄기(15)+굴삭기(12)+동력살분무기(6)+보행제초기(17)+진동배토기(9)+전지가위(26)+콩탈곡기(25)+그외 기종(103),055-940-8212,경상남도 거창군청,2024-08-08,5470000,경상남도 거창군
북부권역 농기계임대사업소,055-940-7396,경상남도 거창군 주상면 당대고개길 86,경상남도 거창군 주상면 도평리 462-1,35.75668762,127.916839,53,11,15,12,12,5,5,0,잔가지파쇄기(9)+굴삭기(6)+동력살분무기(4)+보행제초기(7)+진동배토기(8)+전지가위(8)+콩탈곡기(8)+그외 기종(30),055-940-8212,경상남도 거창군청,2024-08-08,5470000,경상남도 거창군
수승대권역 농기계임대사업소,055-940-7596,경상남도 거창군 위천면 송계로 326-31,경상남도 거창군 위천면 장기리 269-9,35.75115135,127.8350337,42,20,34,14,9,0,2,0,잔가지파쇄기(5)+굴삭기(5)+동력살분무기(4)+보행제초기(4)+진동배토기(2)+전지가위(7)+콩탈곡기(8)+그외 기종(32),055-940-8212,경상남도 거창군청,2024-08-08,5470000,경상남도 거창군
동부권역 농기계임대사업소,055-940-7846,경상남도 거창군 가조면 가북로 20,경상남도 거창군 가조면 장기리 1569,35.715683,128.0003127,38,16,42,10,11,4,4,0,잔가지파쇄기(5)+굴삭기(5)+동력살분무기(2)+보행제초기(4)+전지가위(7)+콩탈곡기(6)+그외 기종(32),055-940-8212,경상남도 거창군청,2024-08-08,5470000,경상남도 거창군
남부권역 농기계임대사업소,055-940-7795,경상남도 거창군 신원면 신차로 3013,경상남도 거창군 신원면 과정리 967,35.56308826,127.9256688,33,14,26,9,9,3,3,0,잔가지파쇄기(3)+굴삭기(4)+동력살분무기(5)+보행제초기(4)+진동배토기(4)+콩탈곡기(9)+그외 기종(3),055-940-8212,경상남도 거창군청,2024-08-08,5470000,경상남도 거창군
강화군농기계은행 본점,032-930-4174,인천광역시 강화군 불은면 중앙로 742-2,인천광역시 강화군 불은면 삼성리 1027-42,37.70416807,126.4364707,119,10,40,24,28,2,0,0,,032-930-4175,인천광역시 강화군청,2024-07-11,3570000,인천광역시 강화군
강화군농기계은행 교동분점,032-932-4121,인천광역시 강화군 교동면 교동남로 333,인천광역시 강화군 교동면 상용리 876-9,37.77597405,126.305462,62,3,17,3,17,0,0,0,,032-930-4175,인천광역시 강화군청,2024-07-11,3570000,인천광역시 강화군
강화군농기계은행 삼산분점,032-932-3209,인천광역시 강화군 삼산면 삼산북로 468-8,인천광역시 강화군 삼산면 석모리 525-1,37.70511304,126.3222589,54,1,11,2,13,0,0,0,,032-930-4175,인천광역시 강화군청,2024-07-11,3570000,인천광역시 강화군
홍천군 농업기술센터 본소,033-430-4180,강원특별자치도 홍천군 홍천읍 홍천로 677,,37.70916774,127.9105176,93,22,59,10,46,10,28,20,굴삭기(5)+파이프밴딩성형기(2)+동력수확기(3)+동력이식기(6)+동력제초기(6)+동력중경제초기(1)+동력파쇄기(6)+비료살포기(1)+콩예초기(3)+퇴비살포기(8)+파종기(20),033-430-4180,강원특별자치도 홍천군청,2023-10-05,4251000,강원특별자치도 홍천군
홍천군 농업기술센터 남부지소,033-430-4158,강원특별자치도 홍천군 남면 시동로 50,,37.61119924,127.7708508,44,9,24,5,14,2,9,6,굴삭기(1)+동력제초기(1)+동력파쇄기(2)+육묘잎자르기(1)+콩예취기(1)+파종기(6),033-430-4158,강원특별자치도 홍천군청,2023-10-05,4251000,강원특별자치도 홍천군
홍천군 농업기술센터 동부지소,033-430-4188,강원특별자치도 홍천군 서석면 구룡령로 2429,,37.718446,128.177342,82,9,72,6,29,2,15,3,굴삭기(3)+동력배토기(1)+동력이식기(3)+동력파쇄기(6),033-430-4188,강원특별자치도 홍천군청,2023-10-05,4251000,강원특별자치도 홍천군
홍천군 농업기술센터 서부지소,033-430-4178,강원특별자치도 홍천군 서면 감물악길 72,,37.69627386,127.6647384,39,11,22,3,15,3,6,10,굴삭기(2)+동력이식기(3)+돌력제초기(2)+동력파쇄기(2)+콩예취기(4)+퇴비살포기(1)+파종기(7),033-430-4178,강원특별자치도 홍천군청,2023-10-05,4251000,강원특별자치도 홍천군
홍천군 농업기술센터 내면지소,033-430-4197,강원특별자치도 홍천군 내면 구룡령로 5100,,37.759938,,48,2,26,8,10,0,0,0,굴삭기(2)+동력파쇄기(1)+콩예취기(1)+파종기(9),033-430-4197,강원특별자치도 홍천군청,2023-10-05,4251000,강원특별자치도 홍천군
홍천군 농업기술센터 철정지소,033-430-4194,강원특별자치도 홍천군 두촌면 북창길 24,,37.803233,127.991938,38,7,22,6,20,3,9,6,굴삭기(3)+농업용지주설치기(1)+동력이식기(2)+동력제초기(3)+동력파쇄기(3)+퇴비살포기(1)+파종기(3),033-430-4194,강원특별자치도 홍천군청,2023-10-05,4251000,강원특별자치도 홍천군
장수 농기계 임대사업장,063-351-5398,전북특별자치도 장수군 장수읍 와동길 56,전북특별자치도 장수군 장수읍 개정리 621,35.61814628,127.5104176,53,6,36,11,24,2,3,0,SS기(15)+고소작업차(4)+굴삭기(4)+동력분무기(1)+동력살분무기(2)+동력예취기(3)+동력운반차(3)+동력퇴비살포기(3)+승용비료살포기(1)+스키로우더(3)+승용제초기(11)+인력파종기(8)+잔가지파쇄기(4)+적심기(1)+휴대용전동가위(2)+점파식묘삼이식기(1)+채소이식기(1)+콩예취기(1)+파이프굴착기(1)+파이프밴딩기(2)+자주식심토파쇄기(1)+승용휴립피복기(1)+휴립피복기(1)+집게(1)+트레일러(1),063-350-2840,전북특별자치도 장수군청 농업기술센터,2024-02-22,4751000,전북특별자치도 장수군
연천군 농업기계 임대사업소(서부지소),031-839-4265,경기도 연천군 미산면 청정로 800,경기도 연천군 미산면 아미리 763-8,38.03736705,126.9412994,67,6,24,10,34,0,0,1,승용관리기(3)+비료살포기(1)+휴립피복기(1)+로터베이터(1)+콩파종기(3)+제초기(1)+농용굴삭기(2)+농용로우더(1)+동력분무기(2)+동력살분무기(2)+스피드스프레이어 퇴비살포기(2)+콩예취기(3)+휴대용전동가위(6)+승용예취기(2)+파이프밴딩성형기(1)+비닐피복기(인력형)(2)+채소이식기(2)+잔가지파쇄기(1)+사료절단기(1)+콩파종기(인력형)(9)+양파파종기(1)+자주식옥수수수확기(1)+농용고소작업차(1)+방제기(주행형)(1)+양파이식기(2)+양파전엽기(1),031-839-4201,경기도 연천군청 농업기술센터,2024-06-20,4140000,경기도 연천군
천안시농업기술센터동남구임대사업장,041-521-2966,충청남도 천안시 동남구 성남면 성남로 360,충청남도 천안시 동남구 성남면 신사리 559-20,36.7452333,127.2247618,134,21,69,27,28,3,4,1,굴착기(9)+선별기(2)+동력운반차(3)+로더(4)+파이프벤딩성형기(2)+동력배토기(2)+동력분무기(1)+동력살포기(7)+동력이식기(9)+동력제초기(10)+동력파쇄기(10)+마늘쪽분리기(1)+모판성형기(2)+무인항공방제기(1)+분무기(1)+비닐수거기(1)+ss기(1)+잔가지파쇄기(5)+콩예취기(2)+퇴비살포기(9)+휴대용전동가위(7),041-521-2864,충청남도천안시농업기술센터,2024-06-17,4490000,충청남도 천안시
천안시농업기술센터서북구임대사업장,041-521-2967,충청남도 천안시 서북구 성거읍 오목모전길38-17,충청남도 천안시 서북구 성거읍 오목리 산 35-1,36.89851218,127.2083234,81,19,49,22,31,2,2,1,굴착기(6)+선별기(1)+제피기(1)+동력운반차(3)+로더(1)+파이프벤딩성형기(2)+동력살포기(4)+동력이식기(2)+동력제초기(20)+동력파쇄기(8)+마늘쪽분리기(1)+모판성형기(2)+분무기(1)+비닐수거기(1)+육묘상자운반기구(1)+잔가지파쇄기(9)+콩예취기(4)+퇴비살포기(3)+휴대용전동가위(7),041-521-2864,충청남도천안시농업기술센터,2024-06-17,4490000,충청남도 천안시
곡성군 농업기술센터 농기계 임대사업소,061-360-8854,전라남도 곡성군 곡성읍 학정3길9,,35.28343916,127.2886527,9,4,0,20,16,3,8,0,,061-360-8854,곡성군 농업기술센터,2024-06-19,4860000,전라남도 곡성군
남양주시농업기계은행,031-590-4558,경기도 남양주시 진건읍 사릉로 234-46,경기도 남양주시 진건읍 사능리 92-1번지,37.64900034,127.1970232,76,1,25,2,16,5,16,11,자주식베일러 등(67),031-590-4564,경기도 남양주시농업기술센터,2024-07-01,3990000,경기도 남양주시
화성시농기계임대사업소,031-5189-3612,경기도 화성시 팔탄면 버들로 1613,경기도 화성시 팔탄면 매곡리 172-9번지,37.11452794,126.879548,159,75,45,50,58,2,5,22,,031-5189-3612,경기도 화성시농업기술센터,2024-06-30,5530000,경기도 화성시
태백시 농기계임대사업소,033-550-2728,강원특별자치도 태백시 구와우길 34-6,강원특별자치도 태백시 황지동 288-5,37.20659752,128.9870843,40,13,39,3,1,1,0,0,"32(굴착기5, 동력운반차3, 동력예취기1, 동력이식기(전자동)1, 동력이식기(반자동)2, 동력제초기1, 스피드스프레어1, 약초흙털이기1, 예취기5, 심토파쇄기3, 잔가지파쇄기2, 제초기(소형)3, 퇴비살포기(자주형)1, 파종기3)",033-550-2728,강원특별자치도 태백시 농업기술센터,2024-09-06,4221000,강원특별자치도 태백시
진도군농기계임대사업소(본점),061-540-6126,전라남도 진도군 군내면 가흥로 691,,34.51179054,126.2964395,122,2,44,17,13,0,12,2,농업용굴삭기(4)+농업용파이프밴딩기(1)+농산물탈수기(1)+다목적세척기(1)+동력배토기(1)+동력채소정식기(20)+마늘쪽분리기(1)+볍씨발아기(10)+볍씨온탕소독기(9)+비닐피복기(자주형)(1)+육묘상자세척기(2)+육묘상자정렬기(1)+육묘적재이송기(2)+육묘파종기(7)+울금절간기(11)+육묘 잎 자르기(4)+제초기(17)+잔가지파쇄기(1)+전동전정가위(4)+진동롤러(1)+퇴비살포기(12)+인력파종기(11),061-540-6142,전라남도 진도군청,2024-09-04,5000000,전라남도 진도군
진도군농기계임대사업소(서부),061-544-6117,전라남도 진도군 임회면 광석길 35,,34.42687553,126.2316299,141,1,43,10,20,0,14,2,굴삭기(4)+농업용파이프밴딩기(2)+다목적세척기(2)+동력배토기(3)+동력채소정식기(28)+마늘쪽분리기(1)+못자리 성형기(1)+볍씨발아기(10)+볍씨온탕소독기(7)+비닐피복기(자주형)(1)+스키로더(1)+육묘상자세척기(1)+육묘상자정렬기(1)+육묘적재이송기(3)+육묘파종기(12)+울금절간기(7)+육묘 잎 자르기(6)+제초기(24)+잔가지파쇄기(2)+전동전정가위(3)+진동롤러(1)+철코팅믹서기(1)+퇴비살포기(차량용)(9)+인력파종기(9),061-540-6142,전라남도 진도군청,2024-09-04,5000000,전라남도 진도군
진도군농기계임대사업소(조도),061-542-2276,전라남도 진도군 조도면 조도대로 512,,34.30083802,126.0485281,29,5,23,1,4,0,1,0,농업용굴착기(2)+동력배토기(1)+볍씨발아기(3)+볍씨온탕소독기(1)+비닐피복기(자주형)(1)+육묘적재이송기(1)+육묘파종기(1)+울금절간기(1)+제초기(5)+잔가지파쇄기(1)+진동로러(1)+퇴비살포기(차량용)(1)+인력파종기(4),061-540-6142,전라남도 진도군청,2024-09-04,5000000,전라남도 진도군
안동시농업기술센터 농기계 임대사업소,054-840-5674,경상북도 안동시 경동로 1462-28,경상북도 안동시 송천동 1319-68,36.538284,128.801832,102,18,33,24,36,28,0,0,SS기(5)+농업용굴삭기(14)+휴대용전동가위(8)+동력비료살포기(5)+동력제초기(14)+동력살분무기(5)+콩순제거기(4)+농업용고소작업차(4)+파이프밴딩성형기(5)+농산물세척기(2)+동력운반차(4)+땅콩박피기(2)+양파줄기절단기(1)+퇴비살포기(11)+동력파쇄기(18)+콩예취기(15)+동력이식기(4),054-840-5673,경상북도 안동시청,2024-08-26,5070000,경상북도 안동시
횡성군농기계임대사업소 북부지소,033-340-5527,강원특별자치도 횡성군 갑천면 청정로 295,강원특별자치도 횡성군 갑천면 매일리 627-7,37.5606058476,128.1105302296,13,11,16,6,22,3,5,0,항타기(1)+분무기(4)+비료살포기(1)+동력이식기(1)+동력파쇄기(1)+인력피복기(2)+육묘용파종기(4)+콩예취기(2)+ 파종기(5)+전동가위(1) +계 (22),033-340-5532,강원특별자치도 횡성군농업기술센터,2023-08-31,4261000,강원특별자치도 횡성군
횡성군농기계임대사업소 남부지소,033-340-5525,강원특별자치도 횡성군 안흥면 안흥동2길 119,강원특별자치도 횡성군 안흥면 안흥리 1088-1,37.4047910130,128.1508466799,21,11,16,6,25,3,3,0,항타기(2)+분무기(4)+ 비료살포기(2)+동력이식기(1)+ 동력파쇄기(2)+ 인력피복기(2)+ 육묘용파종기(4)+ 콩예취기(3)+ 파종기(5)+ 전동가위(1) +계(26),033-340-5532,강원특별자치도 횡성군농업기술센터,2023-08-31,4261000,강원특별자치도 횡성군
해남군농업기술센터 서부농기계임대사업소,061-531-4291,전라남도 해남군 문내면 심동길 7,전라남도 해남군 문내면 용암리 889,34.6028505600,126.3279563000,52,3,9,6,18,1,0,0,농업용굴착기(4)+농산물선별기(2)+동력배토기(5)+동력제초기(2)+마늘쪽분리기(2)+동력파쇄기(2)+비닐피복기(2)+육묘잎자르기(2)+전동가위(3)+차량용퇴비살포기(1)+파이프밴딩성형기(1)+인력식파종기(7),061-531-4291,전라남도 해남군농업기술센터,2024-11-29,4930000,전라남도 해남군
해남군농업기술센터 남부농기계임대사업소,061-531-4294,전라남도 해남군 현산면 매화길 37-15,전라남도 해남군 현산면 월송리 207,34.4119750020,126.5832195369,50,3,10,9,23,1,0,0,농업용굴착기(4)+농산물선별기(4)+동력배토기(5)+동력제초기(2)+마늘쪽분리기(6)+동력파쇄기(2)+비닐피복기(2)+전동가위(3)+차량용퇴비살포기(2)+파이프밴딩성형기(1)+인력식파종기(9),061-531-4294,전라남도 해남군농업기술센터,2024-11-29,4930000,전라남도 해남군
해남군농업기술센터 북부농기계임대사업소,061-531-4297,전라남도 해남군 산이면 원금길 428,전라남도 해남군 산이면 금송리 847-2,34.6209488651,126.4859000766,54,2,10,9,22,1,0,0,농업용굴착기(4)+농산물선별기(2)+동력배토기(3)+동력제초기(3)+마늘쪽분리기(3)+동력파쇄기(2)+비닐피복기(2)+육묘잎자르기(1)+전동가위(2)+차량용퇴비살포기(2)+파이프밴딩성형기(1)+인력식파종기(9),061-531-4297,전라남도 해남군농업기술센터,2024-11-29,4930000,전라남도 해남군
함안군농업기술센터 가야권 농기계임대사업소,055-580-4484,경상남도 함안군 가야읍 삼봉로 422,경상남도 함안군 가야읍 묘사리 910,35.2909803855,128.3813671953,113,5,28,17,20,0,0,0,농용고압세척기(3)+자주형퇴비살포기(6)+온탕소독기(1)+탈망기(1)+콩수확기(2)+콩콤바인(1)+잔가지파쇄기(3)+마늘선별기(4)+마늘쪽분리기(2)+농업용굴착기(3)+덩쿨파쇄기(1)+그래플(2)+잡곡탈곡기(2)+톤백저울(10)+벼직파기(2)+파이프벤딩기(4)+동력운반차(1)+사료작물수확기(1)+동력제초기(5)+다목적 파종기(5),055-580-4484,경상남도 함안군농업기술센터,2024-10-18,5400000,경상남도 함안군
함안군농업기술센터 삼칠권 농기계임대사업소,055-580-4492,경상남도 함안군 칠서면 회산길 108,경상남도 함안군 칠서면 회산리 34-3,35.3180957967,128.4992958659,98,5,16,154,15,0,1,0,농용고압세척기(2)+자주형퇴비살포기(4)+온탕소독기(1)+탈망기(2)+콩수확기(3)+잔가지파쇄기(3)+마늘선별기(2)+마늘쪽분리기(2)+농업용굴착기(2)+덩쿨파쇄기(1)+그래플(1)+잡곡탈곡기(1)+톤백저울(5)+벼직파기(1)+파이프벤딩기(2)+동력운반차(2)+사료작물수확기(2)+동력제초기(3)+고소작업차(1)+다목적 파종기(8),055-580-4492,경상남도 함안군농업기술센터,2024-10-18,5400000,경상남도 함안군
함안군농업기술센터 중부권 농기계임대사업소,055-580-4442,경상남도 함안군 산인면 서봉로 13,경상남도 함안군 산인면 부봉리 469-1,35.3039771278,128.437555,25,0,6,8,8,0,1,0,농용고압세척기(1)+자주형퇴비살포기(1)+콩수확기(1)+잔가지파쇄기(1)+농업용굴착기(1)+잡곡탈곡기(1)+벼직파기(1)+스피드스프레이어(1)+동력제초기(1)+다목적 파종기(8),055-580-4442,경상남도 함안군농업기술센터,2024-10-18,5400000,경상남도 함안군
장흥군농업기계임대사업소,061-863-9088,전라남도 장흥군 장흥읍 잣두길 8,전라남도 장흥군 장흥읍 행원리 982-5,34.69212182,126.9013018,132,4,41,9,11,22,3,2,굴착기(7)+예취기(37)+동력살분무기(11)+목재파쇄기(6)+스키드로더(2)+양파전엽기(2)+자주식퇴비살포기(1)+전동가위(11)+종자소독(5)+동력제취기(4)+파이프밴딩성형기(1)+동력분무기(2)+다목적운반차(2)+동력배토기(2)+탈망기(2),061-860-6562,전라남도 장흥군농업기술센터,2024-10-16,4910000,전라남도 장흥군
남부농업기계임대사업소,061-860-6570,전라남도 장흥군 관산읍 장흥대로 1375,전라남도 장흥군 관산읍 외동리 35,34.5296191226,126.9532940076,66,2,25,4,9,5,4,2,굴삭기(3)+예취기(12)+동력살분무기(5)+목재파쇄기(4)+스키드로더(1)+양파전엽기(1)+자주식퇴비살포기(1)+전동가위(3)+종자소독(2)+동력제취기(3)+동력분무기(1)+다목적운반차(1)+동력배토기(3)+탈망기(1)+순제거기(3)+마늘분리기(2)+스피드스프레이(1)+콤바인(1)+쪼그리(1)+지주대항타기(1)+인력파종(2)+이식기(1),061-860-6562,전라남도 장흥군농업기술센터,2024-10-16,4910000,전라남도 장흥군
북부농업기계임대사업소,061-860-6550,전라남도 장흥군 장평면 곰치로 256,전라남도 장흥군 장동면 조양리 873-1,34.7668544312,126.9777735879,51,4,22,2,8,2,0,0,굴착기(3)+예취기(8)+동력살분무기(3)+동력분무기(3)+목재파쇄기(4)+자주식퇴비살포기(1)+전동가위(4)+동력파쇄기(2)+탈망기(2)+농작업편이기구(1),061-860-6562,전라남도 장흥군농업기술센터,2024-10-16,4910000,전라남도 장흥군
제천시 농업기술센터,043-641-3412,충청북도 제천시 봉양읍 제천북로3길20,충청북도 제천시 봉양읍 미당리 211-11,37.1622265,128.1753077,159,0,85,56,70,0,0,8,예초기(37)+베일러(5)+스피드스프레이어(8)+파종기(5)+콤바인(3)+파쇄기(17)+일륜관리기(22)+굴삭기(10)+로우더(1)+이식기(3)+탈망기(5)+나무수확기(2)+밴딩기(2),043-641-3412,충청북도 제천시청,2024-10-16,4400000,충청북도 제천시
농업기술센터,061-240-4161,전라남도 신안군 압해읍 압해로 1042,전라남도 신안군 압해읍 동서리 520,34.86111813,126.2992816,110,1,8,5,6,0,0,1,굴삭기(2)+양파정식기(2),061-240-4025,농업기술센터,2024-10-15,5010000,전라남도 신안군
지도읍농기계임대센터,061-275-7997,전라남도 신안군 지도읍 봉리길 112,전라남도 신안군 지도읍 광정리 1040,35.06837214,126.2127367,99,0,10,2,4,0,0,0,굴삭기(2)+양파정식기(4),061-240-4025,농업기술센터,2024-10-15,5010000,전라남도 신안군
증도면농기계임대센터,061-271-1158,전라남도 신안군 증도면 문준경길 227-28,전라남도 신안군 증도면 증동리 1971-2,34.99924285,126.138593,74,0,10,2,5,0,0,0,굴삭기(2)+양파정식기(3)+대파정식기(2)+대파파종기(1),061-240-4025,농업기술센터,2024-10-15,5010000,전라남도 신안군
임자면농기계임대센터,061-240-4951,전라남도 신안군 임자면 임자로 113-4,전라남도 신안군 임자면 진리 431-35,35.0848537291,126.1099135523,95,0,10,4,5,0,0,0,굴삭기(2)+양파정식기(3)+대파정식기(3)+대파파종기(4),061-240-4025,농업기술센터,2024-10-15,5010000,전라남도 신안군
정읍시 농기계임대사업소 서남권,063-539-6294,전북특별자치도 정읍시 소성면 보화1길 88,전북특별자치도 정읍시 소성면 보화리 455-2,35.55391694,126.7736189,54,27,33,25,22,0,0,2,경운기_DT-10DE및DT100N(13)+관리기_본체포함__AMC900SM및ASC-630(16)+구굴기_관__DR-25및RT-60(5)+그레이더_TKG-3000및JHRG-2400(1)+논두렁조성기_트__AZ-700CH및SWL-450T(6)+논쟁기_트__YS-5P(3)+논쟁기_트__YS-4P(1)+농업용운반차_HSW-LD1000및ACEⅢ(1)+농용굴삭기_TE1000및U-10-3S(3)+농축산방역기_SOL-POWER100-2(3)+다목적파종기_트__HG-800A(3)+동력배토기_MKF345(3)+동력분무기_SOL-750W4(10)+동력살분무기_MD-6210(8)+동력살분무기_유__L3PSA(3)+동력예취기_HRM-70(5)+동력전정기_트리머__KHT2650EZ및E8FL750(2)+동력제초기_HR-900(2)+땅속작물수확기_트__HD-1000G및DSH1000(2)+땅속작물수확기_경__DRK-650및DS-1000(7)+땅속작물수확기_경__DR-700및DRG-900(6)+땅속작물수확기_트__DR-1200G및1200DD(4)+땅속작물수확기_트__HD-C1600G및DRGH-1650(2)+땅속작물수확기_트__MPH670및680및690(4)+땅콩탈곡기_모__SB-200(1)+땅콩탈피기_모__SB-500및GO-PPL1000(3)+로타리_경__DT-10DE(3)+로타리_이동식165__WJ165GO및165MV(1)+로타리_트__YJ215GM(3)+로타리_트160__YJ-160OS및DWL102-4(1)+로터리_트__DW195GM및IT및YPG-1502(2)+밭쟁기_트__YS-3B(3)+밭쟁기_트__DWP2S(2)+배부식예취기_TB430S(10)+배토기_경__DT-10DE(3)+보리전용배토기_WJG-300및DWL104(5)+비닐피복기_관__AM-180(5)+비닐피복기_인__SV-20및BG-777B(5)+비료살포기_트__EC-750및EC-5000H(5)+사다리_116㎏__BA-1355(3)+사다리_19㎏__BA-0710(0815)+및SW0820(15)+석회살포기_EC-1000A(2)+스키,063-539-6281,전북특별자치도 정읍시청,2025-01-01,4691000,전북특별자치도 정읍시
군위군 농업기술센터,054-380-7055,대구광역시 군위군 효령면 효우로 97,대구광역시 군위군 효령면 성리 111-2,,,130,46,24,38,24,3,0,5,0,054-380-7055,대구광역시 군위군 농업기술센터,2023-07-13,5141000,대구광역시 군위군
자은면농기계임대센터,061-240-4088,전라남도 신안군 자은면 구영2길 28-10,전라남도 신안군 자은면 구영리 378-1,34.88331763,126.047683,103,1,15,3,3,0,0,0,굴삭기(3)+양파정식기(2)+대파정식기(4)+대파파종기(3),061-240-4025,농업기술센터,2024-10-15,5010000,전라남도 신안군
비금면농기계임대센터,061-275-7878,전라남도 신안군 비금면 서남문로 811,전라남도 신안군 비금면 덕산리 145-43,34.75102781,125.930303,94,1,10,3,4,0,0,0,굴삭기(2)+양파(2)+대파정식기(3)+대파파종기(3),061-240-4025,농업기술센터,2024-10-15,5010000,전라남도 신안군
도초면농기계임대센터,061-240-4953,전라남도 신안군 도초면 서남문로 1527,전라남도 신안군 도초면 수항리324-2,34.70246598,125.9547909,74,1,8,1,3,0,0,1,굴삭기(1),061-240-4025,농업기술센터,2024-10-15,5010000,전라남도 신안군
하의면농기계임대센터,061-275-4050,전라남도 신안군 하의면 곰실길 12,전라남도 신안군 하의면 웅곡리 250-2,34.60707552,126.0366692,54,1,9,2,3,0,2,0,굴삭기(1),061-240-4025,농업기술센터,2024-10-15,5010000,전라남도 신안군
신의면농기계임대센터,061-271-9267,전라남도 신안군 신의면 가락길 12,전라남도 신안군 신의면 상태동리 602-1,34.59010233,126.0951759,55,4,7,1,2,0,0,0,굴삭기(2),061-240-4025,농업기술센터,2024-10-15,5010000,전라남도 신안군
장산면농기계임대센터,061-271-2551,전라남도 신안군 장산면 현터길 6,전라남도 신안군 장산면 대리 99-1,34.637954,126.146119,81,0,9,2,4,0,0,0,굴삭기(1)+양파정식기(1),061-240-4025,농업기술센터,2024-10-15,5010000,전라남도 신안군
안좌면농기계임대센터,061-275-6716,전라남도 신안군 안좌면 중부로 692,전라남도 신안군 안좌면 대척리 685-1,34.74136252,126.131589,96,0,12,2,5,0,0,0,굴삭기(3)+양파정식기(3)+대파정식기(2)+대파파종기(1),061-240-4025,농업기술센터,2024-10-15,5010000,전라남도 신안군
팔금면농기계임대센터,061-240-4178,전라남도 신안군 팔금면 삼층석탑길 145,전라남도 신안군 팔금면 읍리 417-1,34.784958,126.1422301,59,0,9,2,2,0,0,1,굴삭기(1)+양파정식기(1)+대파정식기(1)+대파파종기(1),061-240-4025,농업기술센터,2024-10-15,5010000,전라남도 신안군
암태면농기계임대센터,061-240-4106,전라남도 신안군 암태면 승봉로 12,전라남도 신안군 암태면 단고리 968-4,34.82618045,126.1123419,68,0,10,2,2,0,0,1,굴삭기(1)+양파정식기(1)+대파정식기(3)+대파파종기(1),061-240-4025,농업기술센터,2024-10-15,5010000,전라남도 신안군
본소,063-454-5236,전북특별자치도 군산시 개정면 운회길 32,전북특별자치도 군산시 개정면 운회리 633-7,35.96046969,126.781959,117,3,64,13,30,15,0,1,고추세척기(1)+농산물세척기(1)+굴삭기(3)+주행형분무기(2)+기타(67),063-454-5236,군산시농업기술센터,2024-10-14,4671000,전북특별자치도 군산시
동부,063-454-5285,전북특별자치도 군산시 임피면 서원석곡로 584,전북특별자치도 군산시 임피면 읍내리 204-2,35.98160505,126.8498059,63,2,31,8,23,23,0,1,고추세척기(1)+농산물선별기(1)+굴삭기(3)+주행형분무기(3)+기타(82),063-454-5285,군산시농업기술센터,2024-10-14,4671000,전북특별자치도 군산시
서부,063-454-5280,전북특별자치도 군산시 옥서면 옥봉들3길 12,전북특별자치도 군산시 옥서면 옥봉리 1316-3,35.923267,126.643291,60,2,26,6,16,13,0,0,굴삭기(2)+주행형분무기(1)+동력배토기(7)+동력살분무기(7)+기타(25),063-454-5280,군산시농업기술센터,2024-10-14,4671000,전북특별자치도 군산시
광양시 농업기계임대사업장 본소,061-797-3433,전라남도 광양시 봉강면 인덕로 1169-20,전라남도 광양시 봉강면 지곡리 862-36,34.98789317,127.576521,55,16,208,15,36,10,16,48,상하차사다리(42)+소형관리기(43)+잔가지파쇄기(13)+제초기(6)+원판쟁기(12)+이식기(10)+승용관리기(15)+피복기(15)+비료살포기(9)+전정가위(35)+기타 농기계(47),061-797-3558,전라남도 광양시청,2024-10-11,4840000,전라남도 광양시
광양시 농업기계임대사업장 분소,061-797-3533,전라남도 광양시 진상면 지원길 16,전라남도 광양시 진상면 지원리 1528-1,35.0167424800,127.724349,16,8,39,3,7,1,2,5,상하차사다리(6)+소형관리기(4)+잔가지파쇄기(10)+제초기(7)+원판쟁기(4)+이식기(1)+승용관리기(2)+피복기(2)+비료살포기(3)+전정가위(5)+기타 농기계(49),061-797-3558,전라남도 광양시청,2024-10-11,4840000,전라남도 광양시
영천시농기계임대사업소,054-339-7228,경상북도 영천시 청통면 호당1길 66-17,경상북도 영천시 청통면 호당리 436,35.99374194,128.8887524,179,67,151,35,61,32,0,0,승용제초기(66)+동력운반차(15)+농용굴삭기(33)+기타(420),054-339-7225,경상북도 영천시청,2024-10-10,5100000,경상북도 영천시
농업기술센터,061-380-0133,전라남도 담양군 담양읍 면앙정로 730,전라남도 담양군 담양읍 천변리 396-2,35.31185443,126.9741805,146,21,48,16,10,0,22,6,논두렁제초기(10)+논두렁조성기(10)+다목적파종기(15),061-380-0129,담양군 농업기술센터,2023-12-01,4850000,전라남도 담양군
남부지소,061-380-0136,전라남도 담양군 창평면 용운길 31,전라남도 담양군 창평면 삼천리 192-3,35.23314499,127.0238243,63,10,20,9,6,0,5,3,논두렁제초기(5)+논두렁조성기(5)+다목적파종기(5),061-380-0135,담양군 농업기술센터,2023-12-01,4850000,전라남도 담양군
고창군 본소 농기계임대사업소,063-560-8847,전북특별자치도 고창군 고창읍 중거리당산로 94,전북특별자치도 고창군 고창읍 읍내리 515-1,,,5,2,30,22,37,15,0,2,,063-560-8849,전북특별자치도 고창군청,2024-05-13,4781000,전북특별자치도 고창군
고창군 서부권 농기계임대사업소,063-560-8860,전북특별자치도 고창군 해리면 동시길 15,전북특별자치도 고창군 해리면 하련리 104-4,,,4,2,30,22,35,22,0,1,,063-560-8849,전북특별자치도 고창군청,2024-05-13,4781000,전북특별자치도 고창군
고창군 남부권 농기계임대사업소,063-560-8557,전북특별자치도 고창군 대산면 칠거리로 411-7,전북특별자치도 고창군 대산면 성남리 635-1,,,3,3,29,18,32,20,0,2,,063-560-8849,전북특별자치도 고창군청,2024-05-13,4781000,전북특별자치도 고창군
고창군 북부권 농기계임대사업소,063-560-8536,전북특별자치도 고창군 흥덕면 죽정길 5,전북특별자치도 고창군 흥덕면 동사리 167-1,,,4,2,18,16,30,18,0,1,,063-560-8849,전북특별자치도 고창군청,2024-05-13,4781000,전북특별자치도 고창군
수원시 농업기술센터 농기계 임대사업소,031-228-2566,경기도 수원시 권선구 온정로45,경기도 수원시 권선구 오목천동 40,37.25012337,126.9631655,4,5,13,1,4,1,0,0,동력분무기(1)+파이프성형기(1)+스키드로더(1)+농용굴착기(1),031-228-2562,경기도 수원시청,2024-05-12,3740000,경기도 수원시
의령농기계임대사업소,055-570-4268,경상남도 의령군 의령읍 의합대로 69,경상남도 의령군 의령읍 무전리 249-7,35.32347821,128.281739,105,16,13,81,29,11,0,3,휴대용전동가위(10)+탈봉기(2)+탈망기(2)+농산물선별기(8)+농산물줄기절단기(4)+굴삭기(6)+동력운반차(1)+농업용지수설치기(3)+농업용콘베이어(3)+농업용파이프밴딩성형기(5)+동력베토기(3)+동력수확기(1)+동력예취기(3)+동력이식기(5)+동력제초기(8)+동력퇴비살포기(11)+동력파쇄기(6)+동력파종기(3)+마늘쪽분리기(3)+승용관리기(12)+육묘상자운반기구(12)+콤바인(1)+콩정선기(3),055-570-4260,경상남도 의령군농업기술센터,2024-04-23,5390000,경상남도 의령군
중부농기계임대사업소,055-572-4125,경상남도 의령군 정곡면 법정로1길 6,경상남도 의령군 정곡면 백곡리 952,35.34427855,128.3608812,56,7,6,24,10,6,0,3,휴대용전동가위(2)+농산물선별기(4)+농산물줄기절단기(2)+굴삭기(1)+농업용파이프밴딩성형기(1)+동력베토기(1)+동력예취기(1)+동력이식기(5)+동력제초기(3)+동력퇴비살포기(3)+동력파쇄기(3)+동력파종기(3)+마늘쪽분리기(3)+승용관리기(2)+육묘상자운반기구(6)+콤바인(1)+콩정선기(2),055-570-4260,경상남도 의령군농업기술센터,2024-04-23,5390000,경상남도 의령군
동부농기계임대사업소,055-570-4267,경상남도 의령군 부림면 한지31길 6,경상남도 의령군 부림면 신반리 160-11,35.4638151,128.3217417,85,3,5,17,10,5,0,3,휴대용전동가위(1)+농산물선별기(6)+농산물줄기절단기(1)+굴삭기(3)+동력운반차(1)+농업용파이프밴딩성형기(2)+동력베토기(1)+동력예취기(2)+동력이식기(2)+동력제초기(3)+동력퇴비살포기(5)+동력파쇄기(3)+마늘쪽분리기(3)+승용관리기(3)+육묘상자운반기구(6)+콤바인(4)+콩정선기(2),055-570-4260,경상남도 의령군농업기술센터,2024-04-23,5390000,경상남도 의령군
합천군 중부권 농기계대여은행,055-930-3666,경상남도 합천군 용주면 고품부흥1길 7,경상남도 합천군 용주면 고품리 910-302,,,198,8,33,0,23,20,6,17,"195(가정용도정기1,굴착기4,굴착기시뮬레이터1,노면청소기1,농기계용사다리18,농산물건조기1,농산물포장기1,농산물분쇄기2,농산물선별기15,농산물소포장기1,농산물줄기절단기2,농산물제피기1,농업용고소작업차2,과수박피기3,동력운반차6,스키드로더2,옥수수베일러1,동력항타기1,콘베어2,파이프밴딩성형기2,톱밥복토기4,딸기배지파쇄기1,동력분무기(차량용)4,동력살분무기1,동력살포기2,동력수확기1,동력예취기3,논두렁제초기2,동력제초기(승용)3,동력제초기(원격)1,덩굴파쇄기2,잔가지파쇄기5,자주형랩피복기1,마늘쪽분리기14,드론2,방제용드론2,발전기3,버섯배지침봉기1,무논벼직파기1,동력분무기(충전식)1,부직포수거기1,잡곡수확기2,스피드스프레이어1,양파수집기(보행형)1,에어콤프레셔9,오일여과장치1,광역살포기2,원거리방제기(SS기형)1,원거리방제기(차량용)1,유압도끼1,양파파종기5,육묘파종기등8,양파전엽기6,붐스프레이어2,자주형동력분무기2,마늘종자부착기1,탈망기1,종자소독기4,축분교반기1,퇴비교반기1,콩콤바인3,퇴비살포기(ss기용)7,퇴비살포기(차량용)1,파렛트랩핑기1,다목적드럼파종기1,다목적파종기(트레이)1,다목적파종기(인력)2,양파파종기(진공)4,전정가위2,퇴비살포기(궤도형)1",055-930-3666,경상남도 합천군,2024-08-06,6480000,경상남도
원주시농업기계 임대사업소,033-737-4164,강원특별자치도 원주시 흥업면 흥대길 7,강원특별자치도 원주시 흥업면 흥업리 1572-5,37.296514,127.915127,29,7,27,10,24,4,15,11,농업용굴삭기(2)+고압박피기(1)+동력분무기(1)+동력이식기(1)+승용제초기(3)+보행제초기(2)+심토파쇄기(1)+자주형퇴비살포기(1)+스피드스프레이어(1)+잔가지파쇄기(5)+전동가위(1)+중경제초기(1)+콩예취기(2)+콩콤바인(1)+인력파종기(5),033-737-4164,강원특별자치도 원주시청,2024-11-30,4191000,강원특별자치도 원주시
원주시농업기계 임대사업소 동부분소,033-737-4656,강원특별자치도 원주시 소초면 치악로 2810-5,강원특별자치도 원주시 소초면 평장리 808,37.418301,128.004581,26,6,18,8,22,2,9,8,농업용굴삭기(2)+농업용운반차(1)+농업용로우더(1)+동력분무기(1)+동력이식기(1)+보행제초기(2)+승용제초기(4)+잔가지파쇄기(3)+스피드스프레이어(1)+양파전엽기(1)+콩예취기(2)+전동가위(3)+인력파종기(6),033-737-4656,강원특별자치도 원주시청,2024-11-30,4191000,강원특별자치도 원주시
원주시농업기계 임대사업소 서부분소,033-737-4105,강원특별자치도 원주시 문막읍 건등로 11,강원특별자치도 원주시 문막읍 건등리 1718,37.312927,127.817377,30,6,22,9,23,4,9,10,농업용굴삭기(2)+농업용로우더(1)+동력분무기(1)+보행제초기(1)+중경제초기(1)+잔가지파쇄기(3)+동력예취기(1)+스피드스프레이어(1)+콩예취기(2)+자주형퇴비살포기(2)+전동가위(1)+승용제초기(1)+땅콩탈피기(1),033-737-4105,강원특별자치도 원주시청,2024-11-30,4191000,강원특별자치도 원주시
원주시농업기계 임대사업소 남부분소,033-737-4417,강원특별자치도 원주시 신림면 치악로 28-9,강원특별자치도 원주시 신림면 신림리 526,37.231237,128.079885,19,2,14,5,17,2,3,4,농업용굴삭기(1)+농업용로우더(1)+동력분무기(1)+SS퇴비살포기(1)+잔가지파쇄기(1)+전동가위(1)+보행제초기(2)+동력이식기(1)+양파전엽기(1)+인력파종기(5),033-737-4417,강원특별자치도 원주시청,2024-11-30,4191000,강원특별자치도 원주시
보성군농기계 임대사업소 본점,061-850-5772,전라남도 보성군 보성읍 녹차로 1357,전라남도 보성군 보성읍 옥평리 781,34.76288304,127.091748,44,13,15,3,10,10,0,0,분무기(5)+알류미늄사다리(2)+퇴비살포기차량용(1)+벼탈망기(4)+볍씨 발아기(3)+승용배토기(3)+종자소독기(1)+1인용차나무전지기(6)+감자순제초기(4)+녹차채엽기(3)+농용굴삭기(2)+동력제초기(2)+마늘쪽분리기(1)+사료작물수확기(3)+승용제초기(4)+잔가지파쇄기(1)+전동전정가위(3)+쪽파분리기(3)+차나무강전지기(2)+차나무중전지기(1)+파이프밴딩기(3)+치즐플라우5련(1),061-850-5772,전라남도 보성군 농업기술센터,2024-12-04,4890000,전라남도 보성군
보성군농기계 임대사업소 벌교지소,061-858-5716,전라남도 보성군 벌교읍 채동선로 578-8,전라남도 보성군 벌교읍 고읍리 1549-1,34.865502,127.3232656,33,11,13,5,15,10,0,0,분무기(5)+알류미늄사다리(2)+퇴비살포기차량용(1)+벼탈망기(2)+볍씨 발아기(4)+승용배토기(5)+종자소독기(1)+감자순제초기(6)+농용굴삭기(2)+동력제초기(3)+딸기배지로타리(3)+땅콩탈피기(1)+사료작물수확기(3)+승용제초기(4)+잔가지파쇄기(1)+전동전정가위(4),061-858-5716,전라남도 보성군 농업기술센터,2024-12-04,4890000,전라남도 보성군
보성군농기계 임대사업소 북부지소,061-852-7167,전라남도 보성군 복내면 송재로 1670,전라남도 보성군 복내면 유정리 796,34.88290082,127.123713,38,12,15,2,8,10,0,0,분무기(5)+알류미늄사다리(2)+퇴비살포기차량용(1)+벼탈망기(3)+볍씨 발아기(6)+승용배토기(3)+종자소독기(1)+1인용차나무전지기(2)+감자순제초기(4)+농용굴삭기(2)+동력제초기(2)+사료작물수확기(3)+승용제초기(4)+잔가지파쇄기(1)+전동전정가위(3)+파이프밴딩기(3),061-852-7167,전라남도 보성군 농업기술센터,2024-12-04,4890000,전라남도 보성군
안성시농기계임대사업소 본소,031-678-3077,경기도 안성시 보개면 보개원삼로 219,경기도 안성시 보개면 불현리 189-2번지,37.02339983,127.2868005,40,4,54,9,20,0,0,0,인력파종기 10대+콩정선기 5대+동력제초기 5대+그 외 50대,031-678-3031,경기도 안성시농업기술센터,2024-03-04,4080000,경기도 안성시
안성시농기계임대사업소 동부분소,031-678-3035,경기도 안성시 죽산면 상삼로 95,경기도 안성시 죽산면 두현리 456-6번지,37.08079265,127.4019946,65,6,68,12,15,0,0,0,인력파종기 10대+콩정선기 5대+동력제초기 6대+그 외 66대,031-678-3031,경기도 안성시농업기술센터,2024-03-04,4080000,경기도 안성시
안성시농기계임대사업소 서부분소,031-678-0711,경기도 안성시 양성면 만세로 523-34,경기도 안성시 양성면 덕봉리 88-35번지,37.048953,127.1998902,54,4,59,12,23,0,0,0,인력파종기 10대+콩정선기 5대+동력제초기 5대+그 외 48대,031-678-3031,경기도 안성시농업기술센터,2024-03-04,4080000,경기도 안성시
안성시농기계임대사업소 남부분소,031-678-3056,경기도 안성시 서운면 안성맞춤대로 237-23,경기도 안성시 서운면 송산리 205-5번지,36.943708,127.234857,55,2,45,13,0,0,0,0,인력파종기 10대+콩정선기 6대+동력제초기 4대+그 외 52대,031-678-3031,경기도 안성시농업기술센터,2024-03-04,4080000,경기도 안성시
여수시농기계임대사업소,061-659-4466,전라남도 여수시 주동1길 32,전라남도 여수시 주삼동 812-2,34.78818427,127.6532869,53,0,50,10,5,9,5,2,범용콤바인(1)+동력이식기(2)+파이프밴딩기(1)+동력제초기(4)+콩예취기(2)+동력운반차(2)+동력분무기(3)+스키드로더(2)+베일러집게(1)+퇴비살포기(1)+자동전동가위(5)+전동핸드톱(1)+잔가지파쇄기(2),061-659-4466,전라남도 여수시농업기술센터,2024-02-23,4810000,전라남도 여수시
농기계 임대사업소(본소),063-430-8791,전북특별자치도 진안군 진안읍 진무로 702-30,전북특별자치도 진안군 진안읍 반월리 1032-1,35.76285258,127.437246,4+104,6+7,17+17,11,32,1,0,0,굴삭기(6)+스피드스프레이어(10)+하우스밴딩기(2)+인력파종기(10),063-430-8791,농기계 임대사업소(본소),2024-01-22,4731000,전북특별자치도 진안군
농기계 임대사업소(정천면),063-430-8488,전북특별자치도 진안군 정천면 진용로 1107,전북특별자치도 진안군 정천면 봉학리 321,35.87366665,127.4420487,2+34,3+3,8+8,5,18,0,0,0,굴삭기(2)+하우스밴딩기(1)+인력파종기(6),063-430-8488,농기계 임대사업소(정천면),2024-01-22,4731000,전북특별자치도 진안군
농기계 임대사업소(마령면),063-430-8468,전북특별자치도 진안군 마령면 임진로 2132,전북특별자치도 진안군 마령면 평지리 1356,35.73577988,127.3685051,2+36,4+4,9+9,6,15,0,0,0,굴삭기(1)+하우스밴딩기(1)+인력파종기(5),063-430-8468,농기계 임대사업소(마령면),2024-01-22,4731000,전북특별자치도 진안군
농기계 임대사업소(동향면),063-430-8428,전북특별자치도 진안군 동향면 창촌길 40,전북특별자치도 진안군 동향면 대량리 184-1,35.83539946,127.5708515,2+22,2+2,6+6,3,10,0,0,0,굴삭기(2)+하우스밴딩기(1)+인력파종기(4),063-430-8428,농기계 임대사업소(동향면),2024-01-22,4731000,전북특별자치도 진안군
농기계 임대사업소(부귀면),063-430-8458,,전북특별자치도 진안군 부귀면 거석리 879-2,35.8354061083,127.3505988715,1+27,3+3,10+10,5,13,0,0,0,굴삭기(3)+하우스밴딩기(2)+인력파종기(5),063-430-8458,농기계 임대사업소(부귀면),2024-01-22,4731000,전북특별자치도 진안군
평택시농업기술센터 본소 농기계임대사업소,031-8024-4585,경기도 평택시 오성면 청오로 33-58,경기도 평택시 오성면 숙성리 95-3,37.014605,126.981159,177,12,82,45,58,0,0,4,동력배토기(21)+고구마이식기(1)+채소이식기(2)+자주식덩굴파쇄기(5)+잔가지파쇄기(6대)+마늘쪽분리기(3)+휴대용 전동가위(5)+콩콤바인(3대)+농용굴삭기(5)+농용로우더(1)+승용제초기(3)+보행제초기(2)+종자탈수기(2)+파이프 성형기(3) 등,031-8024-4585,평택시농업기술센터,2024-02-16,3910000,경기도 평택시
평택시농업기술센터 북부 농기계임대사업소,031-8024-7481,경기도 평택시 진위면 신리길 150,경기도 평택시 진위면 마산리 257,37.096349,127.080980,63,7,37,17,31,0,0,0,동력배토기(10)+잔가지파쇄기(2)+자주식 덩굴파쇄기(3)+자주식 퇴비살포기(2)+승용제초기(2)+휴대용 전동가위(3)+농용굴삭기(2)+농용로우더(1) 등,031-8024-7481,평택시농업기술센터,2024-02-16,3910000,경기도 평택시
본소임대사업소,063-650-5141,전라북도 순창군 유등면 담순로 1548,전라북도 순창군 유등면 건곡리 750-1,35.379684,127.1638439,123,11,9,16,13,21,1,55,농용굴삭기(6)+다목적운반차(4)+제초기(22)+살포기(21)+세척기(10)+전지기(37)+피복기(9)+콩수확기(6)+진동수확기(23)+파쇄기(9)+결속기(12)+파이프밴딩성형기(2),063-650-5128,순창군농업기술센터,2022-06-15,4771000,전북특별자치도 순창군
서부권임대사업소,063-650-5158,전라북도 순창군 구림면 삭골길 37,전라북도 순창군 구림면 월정리 498-1,35.43552857,127.0414133,71,8,10,16,12,15,0,10,농용굴삭기(4)+다목적운반차(2)+제초기(11)+살포기(16)+세척기(26)+전지기(18)+피복기(11)+콩수확기(6)+진동수확기(20)+파쇄기(8)+결속기(10)+파이프밴딩성형기(3),063-650-5128,순창군농업기술센터,2022-06-15,4771000,전북특별자치도 순창군
산서 농기계 임대사업장,063-353-5398,전북특별자치도 장수군 산서면 충효로 2843,전북특별자치도 장수군 산서면 신창리 991,35.585085,127.391213,47,5,35,11,12,2,1,0,SS기(2)+고소작업차(1)+굴삭기(2)+동력분무기(1)+동력살분무기(3)+동력예취기(1)+동력퇴비살포기(3)+동력파종기양파(1)+승용비료살포기(1)+붐스프레이어(1)+스키로우더(1)+승용제초기(3)+인력파종기(7)+잔가지파쇄기(1)+휴대용전동가위(3)+전엽기(1)+콩예취기(1)+파이프굴착기(1)+파이프밴딩기(1)+승용휴립피복기(2),063-350-2840,전북특별자치도 장수군청 농업기술센터,2024-02-22,4751000,전북특별자치도 장수군
번암 농기계 임대사업장,063-352-5398,전북특별자치도 장수군 번암면 지지로 70,전북특별자치도 장수군 번암면 노단리 962-4,35.5378864,127.546363,27,5,19,9,9,2,2,0,SS기(2)+고소작업차(3)+굴삭기(2)+동력분무기(2)+동력살분무기(2)+동력예취기(2)+동력운반차(2)+동력이식기(1)+동력퇴비살포기(4)+승용비료살포기(1)+스키로우더(2)+적심기(1)+승용제초기(4)+인력파종기(4)+잔가지파쇄기(1)+휴대용전동가위(2)+전엽기(1)+파이프굴착기(1)+파이프밴딩기(1)+승용휴립피복기(2)+퇴비살포기(1)+휴립피복기(1),063-350-2840,전북특별자치도 장수군청 농업기술센터,2024-02-22,4751000,전북특별자치도 장수군
장계 농기계 임대사업장,063-351-5399,전북특별자치도 장수군 장계면 장무로 334-11,전북특별자치도 장수군 장계면 금덕리 637,35.740611,127.585954,56,5,31,12,15,2,3,0,SS기(6)+고소작업차(2)+굴삭기(4)+동력분무기(2)+동력살분무기(3)+동력예취기(2)+동력운반차(3)+동력퇴비살포기(4)+승용비료살포기(1)+스키로우더(6)+승용제초기(7)+인력파종기(7)+잔가지파쇄기(4)+휴대용전동가위(3)+채소이식기(1)+콩예취기(1)+파이프굴착기(1)+파이프밴딩기(2)+승용휴립피복기(2)+비료살포기(편심)(1),063-350-2840,전북특별자치도 장수군청 농업기술센터,2024-02-22,4751000,전북특별자치도 장수군
천천 농기계 임대사업장,063-352-5399,전북특별자치도 장수군 천천면 장천로 1144-11,전북특별자치도 장수군 천천면 봉덕리 687,35.72968998,127.5315396,27,4,23,6,7,2,2,0,SS기(3)+고소작업차(2)+굴삭기(3)+동력분무기(1)+동력살분무기(2)+동력운반차(2)+동력퇴비살포기(5)+승용비료살포기(1)+붐스프레이어(1)+스키로우더(1)+승용제초기(5)+인력파종기(4)+적심기(1)+잔가지파쇄기(2)+휴대용전동가위(2)+파이프굴착기(1)+파이프밴딩기(1)+승용휴립피복기(2)+양파전엽기(1)+동력예취기(1),063-350-2840,전북특별자치도 장수군청 농업기술센터,2024-02-22,4751000,전북특별자치도 장수군
계북 농기계 임대사업장,063-352-5400,,전북특별자치도 장수군 계남면 신전리 2099,35.69803513,127.5744469,22,7,18,5,9,1,2,0,SS기(2)+고소작업차(2)+굴삭기(2)+동력분무기(1)+동력살분무기(2)+동력예취기(1)+동력운반차(1)+동력퇴비살포기(4)+스키로우더(2)+적심기(1)+승용제초기(2)+인력파종기(5)+인삼종자파종기(1)+인력파종기(4)+잔가지파쇄기(2)+휴대용전동가위(1)+파이프굴착기(1)+파이프밴딩기(1)+승용휴립피복기(1)+비료살포기(2)+휴립피복기(1)+항타기(1),063-350-2840,전북특별자치도 장수군청 농업기술센터,2024-02-22,4751000,전북특별자치도 장수군
계남 농기계 임대사업장,063-353-5399,전북특별자치도 장수군 계북면 소비재로 750,전북특별자치도 장수군 계북면 어전리 1239,35.781257,127.6120421,14,3,9,3,8,1,2,0,SS기(4)+고소작업차(3)+굴삭기(3)+동력분무기(1)+동력살분무기(4)+동력예취기(2)+동력운반차(2)+동력퇴비살포기(3)+스키로우더(3)+승용제초기(2)+인력파종기(4)+인삼종자파종기(1)+잔가지파쇄기(2)+휴대용전동가위(2)+파이프굴착기(1)+파이프밴딩기(1)+적심기(1)+비료살포기(2),063-350-2840,전북특별자치도 장수군청 농업기술센터,2024-02-22,4751000,전북특별자치도 장수군
농기계임대 화천본소,033-441-6258,강원특별자치도 화천군 상서면 영서로 6387-6,강원특별자치도 화천군 상서면 신풍리 795,38.1165463944,127.6829362804,82,3,13,17,15,6,7,9,,033-440-2991,강원특별자치도 화천군 농업기술센터,2024-03-15,4311000,강원특별자치도 화천군
농기계임대 간동분소,033-441-8484,강원특별자치도 화천군 간동면 온수길 23-15,강원특별자치도 화천군 간동면 유촌리 1533-4,38.0525481883,127.7906073040,72,4,10,12,14,0,3,6,,033-440-2991,강원특별자치도 화천군 농업기술센터,2024-03-15,4311000,강원특별자치도 화천군
농기계임대 상서(부촌)분소,033-442-7141,강원특별자치도 화천군 상서면 영서로 7321,강원특별자치도 화천군 상서면 부촌리 1386,38.1793972782,127.6654706245,28,2,12,7,10,2,1,3,,033-440-2991,강원특별자치도 화천군 농업기술센터,2024-03-15,4311000,강원특별자치도 화천군
농기계임대 상서(장촌)분소,033-442-2688,강원특별자치도 화천군 상서면 장촌리길 141,강원특별자치도 화천군 상서면 장촌리 869-3,38.1406450017,127.6553000692,46,3,13,4,16,0,1,3,,033-440-2991,강원특별자치도 화천군 농업기술센터,2024-03-15,4311000,강원특별자치도 화천군
농기계임대 하남(원천)분소,033-441-1400,강원특별자치도 화천군 하남면 공단길 10,강원특별자치도 화천군 하남면 원천리 999,38.0553695240,127.6680637499,50,3,7,2,4,0,1,0,,033-440-2991,강원특별자치도 화천군 농업기술센터,2024-03-15,4311000,강원특별자치도 화천군
농기계임대 하남(용암)분소,033-441-1401,강원특별자치도 화천군 하남면 용화산로 1321-20 화천생태영상센터,강원특별자치도 화천군 하남면 용암리 1015-3,38.0902073353,127.6973317889,39,1,7,4,11,0,0,4,,033-440-2991,강원특별자치도 화천군 농업기술센터,2024-03-15,4311000,강원특별자치도 화천군
농기계임대 사내(사내)분소,033-441-9494,강원특별자치도 화천군 사내면 창안산길 34,강원특별자치도 화천군 사내면 사창리 410-2,38.0730491785,127.5246307561,37,2,11,1,10,0,1,3,,033-440-2991,강원특별자치도 화천군 농업기술센터,2024-03-15,4311000,강원특별자치도 화천군
농기계임대 사내(광덕)분소,033-441-9994,강원특별자치도 화천군 사내면 포화로 686,강원특별자치도 화천군 사내면 광덕리 516-15,38.0761187851,127.4887005217,24,1,7,0,5,0,0,0,,033-440-2991,강원특별자치도 화천군 농업기술센터,2024-03-15,4311000,강원특별자치도 화천군
전주시농업기계 임대사업소,063-281-6721,전북특별자치도 전주시 덕진구 원장동길 111-17,전북특별자치도 전주시 덕진구 장동 452-32,35.85036273,127.0602097,7,5,22,8,20,8,0,0,파이프밴딩기(1)+전동가위(3)+전동가위연장폴대(1)+논두렁제초기(3)+비료살포기 엔진형(2)+엽무살포기 엔진형(2)+동력운반차(2)+잔가지파쇄기(2)+SS퇴비살포기(1)+농업용 굴삭기(2)+승용제초기(2),063-281-6721,전북특별자치도 전주시청,2024-01-17,4641000,전북특별자치도 전주시
농업기계임대센터본소,054-873-2161,경상북도 청송군 청송읍 주왕산로 172-9,경상북도 청송군 청송읍 송생리 715,36.39031629,129.0782279,115,8,57,6,21,5,8,9,SS기(5)+농용굴삭기(8)+농용고소작업차(8)+제초기(18)+잔가지파쇄기(12)+운반차(6)+농용로우더(5)+채소이식기(7)+살분무기(1)+휴대전동가위(2),054-873-2440,경상북도 청송군 농업기술센터,2024-08-27,5160000,경상북도 청송군
농업기계임대센터남부상담소,054-870-6557,경상북도 청송군 안덕면 안덕로 47,경상북도 청송군 안덕면 명당리 368,36.28831789,128.9565754,34,5,22,4,15,4,3,0,SS기(3)+농용굴삭기(6)+농용고소작업차(3)+제초기(13)+잔가지파쇄기(7)+운반차(3)+수확기(5)+살분무기(3)+퇴비살포기(6),054-873-2440,경상북도 청송군 농업기술센터,2024-08-27,5160000,경상북도 청송군
농업기계임대센터진보상담소,054-870-6893,경상북도 청송군 진보면 양정길 47,경상북도 청송군 진보면 각산리 501-1,36.53359844,129.053435,57,4,33,5,6,5,4,1,SS기(4)+농용굴삭기(9)+농용고소작업차(5)+제초기(12)+잔가지파쇄기(11)+운반차(4)+수확기(7)+퇴비살포기(5)+수확기(7)+방제기(2)+넝쿨파쇄기(2)+두둑성형기(3)+적심기(3),054-873-2440,경상북도 청송군 농업기술센터,2024-08-27,5160000,경상북도 청송군
김해시농기계임대사업소,055-350-4043,경상남도 김해시 전하로198번길 102(전하동),경상남도 김해시 전하동 900,35.21343298,128.8703822,75,6,15,10,6,5,0,0,콤바인(1)+선별기(2)+고압세척기(2)+굴착기(5)+로우더(1)+콘베이어(1)+동력배토기(4)+동력제초기(7)+퇴비살포기(2)+잔가지파쇄기(7)+스피드스프레이어(3)+볍씨발아기(6)+콩예취기(1)+콩전선기(4)+탈망기(2)+휴대용자동전동가위(4)+사다리(7)+양수기(6)+파이프벤딩성형기(4)+분무기(2)+수동식파종기(4),055-350-4042,경상남도 김해시청,2024-07-31,5350000,경상남도 김해시
김해시농기계임대사업소한림분소,055-350-6432,경상남도 김해시 한림면 한림로618번길 36,경상남도 김해시 한림면 장방리 1403,35.33628422,128.7934936,102,5,34,13,7,0,0,4,결속기(1)+선별기(3)+줄기절단기(2)+고압세척기(4)+굴착기(5)+로우더(1)+콘베이어(2)+동력배토기(4)+동력분무기(3)+동력이식기(3)+동력제초기(5)+퇴비살포기(3)+동력파쇄기(7)+마늘쪽분리기(1)+종자소독기(1)+콩예취기(1)+콩정선기(3)+탈망기(2)+휴대용자동전동가위(4)+사다리(6)+양수기(5)+파이프벤딩성형기(3)+분무기(1)+수동식파종기(4)+보행관리기(1),055-350-6433,경상남도 김해시청,2024-07-31,5350000,경상남도 김해시
김해시농기계임대사업소대동분소,055-350-6422,경상남도 김해시 대동면 동남로41번길 25-15,경상남도 김해시 대동면 초정리 952-670,35.23517446,128.9934412,30,3,17,5,4,4,0,2,농업용고압세척기(1)+굴착기(2)+동력항타기(2)+동력배토기(3)+동력분무기(2)+동력이식기(3)+동력제초기(3)+퇴비살포기(1)+잔가지파쇄기(3)+휴대용자동전동가위(4)+사다리(4)+양수기(2)+파이프벤딩성형기(1)+농용호스릴(1)+분무기(1)+수동식파종기(8),055-350-6423,경상남도 김해시청,2024-07-31,5350000,경상남도 김해시
보은군농업기술센터 농기계임대사업소,043-540-5753,충청북도 보은군 보은읍 남부로 4737,충청북도 보은군 보은읍 강산리 55-1,36.50481131,127.7153866,160,101,155,81,90,2,7,7,굴착기(5)+동력살분기(31)+동력파쇄기(19)+예취기(8)+파종기(106),043-543-5753,보은군농업기술센터,2024-07-31,4420000,충청북도 보은군
하동군 농업기술센터 임대사업소,055-880-2686,경상남도 하동군 적량면 한옥정길 91,경상남도 하동군 적량면 동산리 1694,,,110,31,54,28,24,10,3,14,농업용굴착기(6)+농기계용사다리(10)+농산물선별기(3)+농산물제피기(8)+농산물줄기절단기(1)+농업용고소작업차(3)+농업용고압세척기(6)+농업용로우터(1)+농업용지주설치기(6)+농용파이프벤딩성형기(3)+동력배토기(3)+비료살포기(7)+동력상토조제기(1)+동력예취기(7)+동력이식기(6)+동력분무기(3)+동력제초기(31)+동력파쇄기(34)+마늘쪽분리기(3)+스피드스프레이어(5)+전지전정기(6)+콤바인(2)+콩예취기(3)+콩전선기(3)+탈망기(3)+동력퇴비살포기(7)+휴대용전동가위(21),055-880-2697,하동군 농업기술센터 농업소득과,2024-08-13,5440000,경상남도 하동군