Business_Type,Conve_Name,County,City,Town,Address,Latitude,Longitude
편의점,씨유목포동부로점,전라남도,목포시,용당동,1187-1,34.8096176,126.3915485
편의점,지에스25목포,전라남도,목포시,용당동,964-83,34.8056614,126.390905
편의점,델리카페백년로점,전라남도,목포시,용당동,1028-42,34.7994168,126.4013952
편의점,씨유목포한일,전라남도,목포시,용당동,1091-1,34.8078541,126.3999826
편의점,GS25목포하은점,전라남도,목포시,용당동,960-156,34.8029849,126.3949891
편의점,세븐일레븐목포용당아름점,전라남도,목포시,용당동,982-70,34.8080278,126.398427
편의점,이마트24목포마실점,전라남도,목포시,용당동,1130-3,34.8017606,126.3955322
편의점,동방편의점,전라남도,목포시,용당동,1064-28,34.7968279,126.4024778
편의점,세븐목포광장점,전라남도,목포시,용당동,1044-37,34.8041326,126.3952102
편의점,씨유목포양을로점,전라남도,목포시,용당동,1200-1,34.8116712,126.3954479
편의점,뉴파워마트,전라남도,목포시,용당동,1136-28,34.8024071,126.3969263
편의점,미니스톱MBC점,전라남도,목포시,용당동,1088-10,34.8060508,126.4012913
편의점,씨유목포유정점,전라남도,목포시,용당동,960-211,34.803308,126.3946642
편의점,코피노마트,전라남도,목포시,용당동,1155-1,34.799425,126.3951369
편의점,씨유목포용당점,전라남도,목포시,용당동,964-81,34.8051846,126.3914384
편의점,세븐일레븐목포3,전라남도,목포시,용당동,1103-12,34.8054362,126.400235
편의점,미니스톱목포진플라자점,전라남도,목포시,산정동,1753-8,34.8069666,126.373612
편의점,GS25목포신비점,전라남도,목포시,산정동,1259-3,34.8061476,126.3676052
편의점,씨유산정라인점,전라남도,목포시,산정동,1752-10,34.807474,126.3743763
편의점,세븐일레븐목포산정라인점,전라남도,목포시,산정동,1750-12,34.8085083,126.3735265
편의점,세븐일레븐목포양을로점,전라남도,목포시,산정동,278-13,34.8093866,126.3859942
편의점,씨유목포삼학도점,전라남도,목포시,산정동,1424-12,34.7867678,126.3976523
편의점,지에스25산정하이츠점,전라남도,목포시,산정동,1786-2,34.8030494,126.3791892
편의점,세븐산정점,전라남도,목포시,산정동,1082-2,34.7939067,126.3934199
편의점,세븐일레븐목포산정파크점,전라남도,목포시,산정동,1319-18,34.7902633,126.3977119
편의점,씨제이올리브영목포,전라남도,목포시,산정동,1753,34.8071283,126.3738925
편의점,지에스25목포신비점,전라남도,목포시,산정동,1259-3,34.8061476,126.3676052
편의점,씨유목포산정,전라남도,목포시,산정동,203-30,34.805616,126.3860524
편의점,목포,전라남도,목포시,산정동,1808-3,34.802459,126.3695062
편의점,씨유목포자유점,전라남도,목포시,산정동,1285-9,34.7937037,126.4005106
편의점,지에스25목포자유점,전라남도,목포시,산정동,1283-16,34.7943111,126.399166
편의점,지에스25목포신비점(상품권),전라남도,목포시,산정동,1259-3,34.8061476,126.3676052
편의점,씨유목포동명로점,전라남도,목포시,산정동,1080-97,34.7930308,126.3955533
편의점,씨유목포보건소점,전라남도,목포시,산정동,1675-8,34.8042563,126.3742767
편의점,씨유목포연산,전라남도,목포시,산정동,1741,34.8084782,126.3772518
편의점,지에스25목포신,전라남도,목포시,산정동,1671,34.8055585,126.3739285
편의점,세븐목포연산2호점,전라남도,목포시,산정동,1744-3,34.8083177,126.3759926
편의점,GS25목포,전라남도,목포시,산정동,1739,34.8075157,126.3781832
편의점,씨유목포삼학초점,전라남도,목포시,산정동,1360-19,34.791638,126.4000457
편의점,세븐일레븐목포원산점,전라남도,목포시,산정동,1781-11,34.8044354,126.3775151
편의점,씨유목포라송,전라남도,목포시,산정동,1837,34.8047658,126.3789433
편의점,지에스25산정사랑,전라남도,목포시,산정동,1080-85,34.7937524,126.3955648
편의점,미니스톱목포실크밸리점,전라남도,목포시,산정동,101-2,34.8007507,126.3870438
편의점,CU목포,전라남도,목포시,산정동,1771-1,34.8056865,126.3759052
편의점,지에스25목포양을로점,전라남도,목포시,산정동,278-13,34.8093866,126.3859942
편의점,세븐일레븐목포,전라남도,목포시,산정동,1712-10,34.8109276,126.3795434
편의점,미니스톱목포노을공원점,전라남도,목포시,산정동,1110-32,34.8079193,126.3656157
편의점,세븐일레븐목포연산,전라남도,목포시,산정동,1744-3,34.8083177,126.3759926
편의점,GS25목포,전라남도,목포시,산정동,1109-2,34.7903536,126.3932738
편의점,GS25목포양을로점,전라남도,목포시,산정동,278-13,34.8093866,126.3859942
편의점,씨유목포,전라남도,목포시,산정동,1202,34.8079876,126.3697478
편의점,세븐일레븐목포산정자유점,전라남도,목포시,산정동,1294,34.79325,126.3975526
편의점,이마트24시목포,전라남도,목포시,산정동,1768,34.8064395,126.3736191
편의점,미니스톱뉴산정,전라남도,목포시,산정동,1733-10,34.8090337,126.3769749
편의점,씨유목포,전라남도,목포시,연산동,1962-1,34.8175701,126.3913572
편의점,GS25목포유진점,전라남도,목포시,연산동,1156-15,34.8111057,126.3742593
편의점,지에스25연산주공점,전라남도,목포시,연산동,1260-4,34.8127406,126.3817907
편의점,미니스톱삽진,전라남도,목포시,연산동,616,34.8218709,126.3834382
편의점,청호편의점,전라남도,목포시,연산동,661-5,34.8198172,126.3849348
편의점,CU목포연산주공점,전라남도,목포시,연산동,1261-3,34.8134803,126.3815825
편의점,세안편의점,전라남도,목포시,연산동,787-10,34.8170555,126.3797269
편의점,씨유목포,전라남도,목포시,연산동,2024-1,34.8198672,126.3897211
편의점,지에스25목포유진점,전라남도,목포시,연산동,1156-15,34.8111057,126.3742593
편의점,미니스톱연산주공점,전라남도,목포시,연산동,1260-6,34.8119369,126.3803783
편의점,씨유목포,전라남도,목포시,대성동,89-2,34.797027,126.383801
편의점,씨유목포천년나무점,전라남도,목포시,대성동,222,34.8006639,126.3818302
편의점,GS25목포불종대점,전라남도,목포시,남교동,23-1,34.7944956,126.3794636
편의점,지에스25목포불종대점,전라남도,목포시,남교동,23-1,34.7944956,126.3794636
편의점,지에스25목포불종대점(상품권),전라남도,목포시,남교동,23-1,34.7944956,126.3794636
편의점,목포역맞이방종합편의점,전라남도,목포시,호남동,1-864,34.7940221,126.3884253
편의점,씨유목포역점,전라남도,목포시,호남동,177,34.7915039,126.3862812
편의점,이마트24목포대안점,전라남도,목포시,대안동,12-16,34.7917754,126.3844765
편의점,영광24시편의점,전라남도,목포시,창평동,8-2,34.7927808,126.3843102
편의점,지에스25목포역점,전라남도,목포시,명륜동,9-1,34.7907596,126.3855337
편의점,씨유목포명륜점,전라남도,목포시,명륜동,7-1,34.7913078,126.3853212
편의점,세븐일레븐목포,전라남도,목포시,죽동,95-1,34.7925949,126.3823198
편의점,씨제이올리브영목포역점,전라남도,목포시,죽동,20-2,34.7910067,126.3839224
편의점,이마트24목포블루오션점,전라남도,목포시,동명동,7,34.7883666,126.3907311
편의점,이마트24목포항동,전라남도,목포시,영해동1가,7,34.7857538,126.3865911
편의점,씨유목포세진점,전라남도,목포시,보광동3가,4-10,34.7876741,126.3871037
편의점,세븐일레븐목포,전라남도,목포시,보광동3가,5,34.788125,126.3866106
편의점,에스엘퀸제누비아점,전라남도,목포시,해안동1가,10-6,34.7804361,126.3824313
편의점,세븐일레븐목포퀸메리,전라남도,목포시,해안동1가,10-6,34.7804361,126.3824313
편의점,에스엘퀸메리2,전라남도,목포시,해안동1가,10-6,34.7804361,126.3824313
편의점,세븐일레븐목포퀸메리호점,전라남도,목포시,해안동1가,10-6,34.7804361,126.3824313
편의점,이마트24목포항구점,전라남도,목포시,해안동3가,6,34.7819835,126.3813917
편의점,씨유목포여객,전라남도,목포시,항동,6-38,34.7829216,126.3844449
편의점,씨유목포유달점,전라남도,목포시,경동1가,7,34.785402,126.3821152
편의점,씨유항구미래점,전라남도,목포시,금화동,12-88,34.7806408,126.3753776
편의점,씨유목포,전라남도,목포시,죽교동,620-42,34.8039664,126.366336
편의점,씨유목포죽교점,전라남도,목포시,죽교동,17-3,34.8005252,126.3743637
편의점,미니스톱목포,전라남도,목포시,죽교동,620-184,34.8018134,126.3700827
편의점,씨유목포해양,전라남도,목포시,죽교동,536-15,34.8010921,126.3700052
편의점,세븐일레븐목포신안비치호텔점,전라남도,목포시,죽교동,440-4,34.7854428,126.3687206
편의점,지에스25목포대반점,전라남도,목포시,죽교동,465-95,34.788092,126.367662
편의점,에스에이치24죽교점,전라남도,목포시,죽교동,580-29,34.8002716,126.3751302
편의점,미니스톱하당평화점,전라남도,목포시,상동,1159-1,34.7968994,126.4342669
편의점,세븐일레븐목포상동하늘점,전라남도,목포시,상동,954-6,34.8008523,126.4205212
편의점,GS25목포예은점,전라남도,목포시,상동,917-4,34.8029378,126.4165703
편의점,평광24시편의점,전라남도,목포시,상동,1129-22,34.7990429,126.4342219
편의점,이마트24목포교육청점,전라남도,목포시,상동,971,34.7986308,126.422054
편의점,세븐일레븐목포하당,전라남도,목포시,상동,992-11,34.8029158,126.4257666
편의점,미니스톱목포,전라남도,목포시,상동,957-10,34.7996785,126.4205011
편의점,이마트24목포한국,전라남도,목포시,상동,135-2,34.8093818,126.4166462
편의점,지에스25목포평화,전라남도,목포시,상동,1139-21,34.7976279,126.4332953
편의점,세븐일레븐목포하당,전라남도,목포시,상동,994-1,34.801828,126.4252598
편의점,지에스25상동호반,전라남도,목포시,상동,251-16,34.8148312,126.4185399
편의점,미니스톱목포미항점,전라남도,목포시,상동,1116-8,34.7970801,126.4277844
편의점,지에스25목포,전라남도,목포시,상동,991-4,34.8023086,126.4242969
편의점,씨유목포하당현대점,전라남도,목포시,상동,1026-8,34.8004727,126.4278958
편의점,씨유목포상동,전라남도,목포시,상동,903,34.8032299,126.4178163
편의점,한국미니스톱하당로고스점,전라남도,목포시,상동,1003-3,34.8028344,126.4281143
편의점,씨제이올리브영목포,전라남도,목포시,상동,220,34.812729,126.4175588
편의점,세븐일레븐목포하당지구점,전라남도,목포시,상동,1006-2,34.8021234,126.4285581
편의점,다솔편의점,전라남도,목포시,상동,1129-6,34.7993231,126.433214
편의점,씨유목포우리점,전라남도,목포시,상동,871,34.8053627,126.42628
편의점,지에스25목포꿈동산점,전라남도,목포시,상동,1023,34.7986427,126.4274164
편의점,GS25하당,전라남도,목포시,상동,1154-5,34.7955709,126.4314848
편의점,씨유목포입암점,전라남도,목포시,상동,941,34.800665,126.4184151
편의점,세븐일레븐목과대캠퍼스점,전라남도,목포시,상동,525,34.8074613,126.4098776
편의점,이마트24목포비파점,전라남도,목포시,상동,843-4,34.8076035,126.4208322
편의점,씨유목포,전라남도,목포시,상동,179-9,34.8120382,126.4178594
편의점,씨유목포,전라남도,목포시,상동,1139-2,34.7986521,126.4329715
편의점,지에스25목포한국,전라남도,목포시,상동,508-11,34.8089246,126.4158398
편의점,지에스25하당비파점,전라남도,목포시,상동,857,34.8091176,126.42365
편의점,미니스톱하당타운점,전라남도,목포시,상동,851,34.8085907,126.4225126
편의점,세븐일레븐목포상동우성점,전라남도,목포시,상동,889-3,34.8034546,126.4209341
편의점,씨유목포착한점,전라남도,목포시,상동,813-9,34.8070594,126.4169708
편의점,세븐일레븐목포상동,전라남도,목포시,상동,1038-1,34.8049276,126.4151134
편의점,세븐목포부흥점,전라남도,목포시,상동,821-4,34.8060209,126.419947
편의점,지에스25하당,전라남도,목포시,상동,862,34.8077088,126.4246311
편의점,이마트24목포영흥점,전라남도,목포시,상동,823-8,34.8047161,126.4184855
편의점,세븐목포평화광장점,전라남도,목포시,상동,1123-10,34.798988,126.4308286
편의점,지에스25상동,전라남도,목포시,상동,795-7,34.8093676,126.420902
편의점,씨유목포영산로점,전라남도,목포시,상동,251-45,34.8163727,126.4181576
편의점,세븐일레븐목포우미점,전라남도,목포시,상동,1117-10,34.7964963,126.4281612
편의점,지에스25하당원룸점,전라남도,목포시,상동,801,34.8096974,126.4185663
편의점,식품편의점,전라남도,목포시,상동,189-4,34.8123656,126.416764
편의점,지에스25목포,전라남도,목포시,상동,1018,34.7997936,126.4238211
편의점,세븐일레븐목포비파로점,전라남도,목포시,상동,1004-1,34.8018595,126.4272397
편의점,CU목포한,전라남도,목포시,상동,849-14,34.8063615,126.4237665
편의점,미니스톱하당블루점,전라남도,목포시,상동,1122-5,34.7983159,126.4297489
편의점,이마트24목포어울림점,전라남도,목포시,상동,251-5,34.8167002,126.4184954
편의점,세븐일레븐목포상동아이점,전라남도,목포시,상동,819-6,34.8062133,126.41807
편의점,씨유메디,전라남도,목포시,상동,779,34.8110212,126.4192916
편의점,미니스톱하당,전라남도,목포시,상동,1030-5,34.801572,126.4300269
편의점,세븐일레븐목포하당원룸점,전라남도,목포시,상동,787-12,34.8103072,126.4206961
편의점,씨유하당으뜸점,전라남도,목포시,상동,988,34.801239,126.4246803
편의점,씨유목포상동주공점,전라남도,목포시,상동,745-1,34.8140579,126.4148296
편의점,세븐일레븐목포해양점,전라남도,목포시,상동,923-4,34.8020956,126.4147473
편의점,씨유목포에메랄드점,전라남도,목포시,상동,1142-12,34.7980636,126.4342657
편의점,지에스25목포태율점,전라남도,목포시,상동,1132-2,34.7978692,126.4312264
편의점,세븐목포상동목화점,전라남도,목포시,상동,457-6,34.8116354,126.4162387
편의점,씨제이올리브영목포평화,전라남도,목포시,상동,1139,34.7984351,126.4326545
편의점,씨유하당,전라남도,목포시,상동,1033-2,34.800155,126.4299369
편의점,씨유목포비파점,전라남도,목포시,상동,849-13,34.8072074,126.4231741
편의점,지에스25목포,전라남도,목포시,상동,829-14,34.8050824,126.4188652
편의점,미니스톱목포포르모점,전라남도,목포시,상동,867-5,34.808199,126.4253619
편의점,씨유목포우성점,전라남도,목포시,상동,983-2,34.8014463,126.4224911
편의점,씨유목포우성점,전라남도,목포시,상동,983-2,34.8014463,126.4224911
편의점,씨유목포시네마점,전라남도,목포시,상동,1129-6,34.7993231,126.433214
편의점,씨유목포기독,전라남도,목포시,상동,833-1,34.8044309,126.4206091
편의점,CU목포,전라남도,목포시,상동,788-9,34.8107891,126.4224156
편의점,미니스톱목포대양점,전라남도,목포시,상동,1131,34.7988193,126.4314509
편의점,지에스25상동호반(상품권),전라남도,목포시,상동,251-16,34.8148312,126.4185399
편의점,세븐일레븐목포현대,전라남도,목포시,상동,1027,34.8010684,126.4288462
편의점,세븐목포중앙여중점,전라남도,목포시,상동,897,34.8020514,126.4186153
편의점,세븐일레븐목포평화,전라남도,목포시,상동,1132,34.7983444,126.4309081
편의점,지에스25목포으뜸점,전라남도,목포시,상동,932,34.8012403,126.4169257
편의점,세븐목포상동아이점,전라남도,목포시,상동,819-6,34.8062133,126.41807
편의점,한국한방,전라남도,목포시,상동,855,34.8095992,126.4247024
편의점,세븐일레븐목포부흥점,전라남도,목포시,상동,821-4,34.8060209,126.419947
편의점,세븐목포상동유성점,전라남도,목포시,상동,1038-1,34.8049276,126.4151134
편의점,미니스톱목포우리점,전라남도,목포시,상동,179-6,34.8122047,126.4173503
편의점,지에스25하당,전라남도,목포시,상동,782-2,34.8112363,126.4207275
편의점,지에스25목포이로점,전라남도,목포시,용해동,240-14,34.8053928,126.4058398
편의점,세븐일레븐목포용해,전라남도,목포시,용해동,143-6,34.8007637,126.4080928
편의점,GS25용해,전라남도,목포시,용해동,992-1,34.8167283,126.3975772
편의점,지에스25목포포미타운점,전라남도,목포시,용해동,426-1,34.8177942,126.3996053
편의점,씨유목포,전라남도,목포시,용해동,143-121,34.8001806,126.4065238
편의점,이마트24목포,전라남도,목포시,용해동,152-292,34.7980113,126.4085555
편의점,세븐일레븐목포포미타운점,전라남도,목포시,용해동,975,34.819286,126.3978937
편의점,세븐일레븐목포,전라남도,목포시,용해동,982-3,34.8164669,126.3990462
편의점,세븐일레븐목포과학대점,전라남도,목포시,용해동,274-24,34.8064853,126.4087935
편의점,김밥나라현대24시편의점,전라남도,목포시,용해동,380-39,34.8160594,126.4008252
편의점,씨유목포환영점,전라남도,목포시,석현동,927-1,34.8268349,126.4210689
편의점,세븐목포신청호점,전라남도,목포시,석현동,1170-14,34.8153071,126.4236449
편의점,세븐일레븐목포석현점,전라남도,목포시,석현동,1168-25,34.8134912,126.4221675
편의점,세븐일레븐목포신청호점,전라남도,목포시,석현동,1170-14,34.8153071,126.4236449
편의점,지에스25G목포합동점,전라남도,목포시,석현동,489-2,34.8270968,126.4216847
편의점,지에스25목포청호점,전라남도,목포시,석현동,1170-11,34.8149646,126.4220174
편의점,지에스25목포,전라남도,목포시,석현동,1170-23,34.8159079,126.4232155
편의점,씨유목포석현라송점,전라남도,목포시,석현동,623-15,34.821161,126.4223384
편의점,세븐일레븐목포중앙,전라남도,목포시,석현동,621-5,34.8207875,126.42167
편의점,디오션편의점,전라남도,목포시,달동,1330-49,34.7559085,126.3571265
편의점,세븐일레븐목포신항만점,전라남도,목포시,달동,1336-35,34.7531137,126.358348
편의점,씨유목포고하도점,전라남도,목포시,달동,1330-25,34.7589072,126.3585849
편의점,지에스25대양,전라남도,목포시,대양동,1199-8,34.8283994,126.4028
편의점,씨유목포근화,전라남도,목포시,대양동,75-1,34.8367005,126.4278673
편의점,웨이스토리,전라남도,목포시,대양동,261-3,34.8380566,126.4228797
편의점,이마트24목포내트럭하우스점,전라남도,목포시,대양동,1186,34.8349811,126.4050516
편의점,씨유목포대양,전라남도,목포시,대양동,1199-5,34.8289866,126.4029985
편의점,세븐일레븐목포대양,전라남도,목포시,대양동,257-36,34.8370253,126.4270462
편의점,세븐목포옥암부티크점,전라남도,목포시,옥암동,1244,34.8125728,126.4501703
편의점,세븐일레븐목포평화로점,전라남도,목포시,옥암동,1098-1,34.7979134,126.4363898
편의점,지에스25옥암,전라남도,목포시,옥암동,916-3,34.8128299,126.4273428
편의점,미니스톱하당로즈점,전라남도,목포시,옥암동,1016,34.8050863,126.4327274
편의점,GS25옥암상품권,전라남도,목포시,옥암동,916-3,34.8128299,126.4273428
편의점,세븐일레븐목포옥암,전라남도,목포시,옥암동,1148,34.810032,126.4378919
편의점,미니스톱남악모아점,전라남도,목포시,옥암동,1329,34.8072379,126.4586416
편의점,이마트24목포왓츠점,전라남도,목포시,옥암동,1333-2,34.8057057,126.4569194
편의점,미니스톱하당우미점,전라남도,목포시,옥암동,1096,34.8002852,126.4357526
편의점,세븐일레븐목포옥암초원점,전라남도,목포시,옥암동,967-9,34.8078997,126.4269497
편의점,이마트24목포소방서점,전라남도,목포시,옥암동,972-1,34.8090257,126.4300809
편의점,GS25목포옥암,전라남도,목포시,옥암동,1044,34.8049036,126.4371085
편의점,씨유목포,전라남도,목포시,옥암동,1011,34.8056952,126.4313812
편의점,세븐일레븐옥암현이점,전라남도,목포시,옥암동,955-14,34.8112449,126.4275182
편의점,세븐목포옥암사랑점,전라남도,목포시,옥암동,1256,34.8113072,126.4501403
편의점,미니스톱옥암,전라남도,목포시,옥암동,1032,34.8021228,126.4310069
편의점,세븐목포옥암2호점,전라남도,목포시,옥암동,1010-3,34.8056449,126.4319389
편의점,세븐일레븐목포옥암,전라남도,목포시,옥암동,1002,34.8044968,126.4297031
편의점,씨유목포백년대로점,전라남도,목포시,옥암동,977-8,34.8090721,126.4319953
편의점,알리바이하당,전라남도,목포시,옥암동,1007-5,34.8045617,126.4317666
편의점,지에스25목포나이스점,전라남도,목포시,옥암동,1028,34.8032759,126.4315249
편의점,씨스페이스아야나호텔점,전라남도,목포시,옥암동,1091-4,34.8011447,126.4350226
편의점,GS25목포,전라남도,목포시,옥암동,1017,34.8064719,126.4328737
편의점,씨유목포일등,전라남도,목포시,옥암동,1033-1,34.8013655,126.4315415
편의점,씨유목포미항점,전라남도,목포시,옥암동,1095-8,34.8000205,126.4375358
편의점,지에스25목포우미점,전라남도,목포시,옥암동,962,34.8110208,126.4282587
편의점,황금단한복점,전라남도,목포시,옥암동,1345-7,34.8072895,126.4518537
편의점,세븐일레븐목포옥암,전라남도,목포시,옥암동,1010-3,34.8056449,126.4319389
편의점,밥끼목포남악,전라남도,목포시,옥암동,1274-2,34.8101556,126.4552559
편의점,미니스톱목포,전라남도,목포시,옥암동,1250-9,34.8111864,126.4488731
편의점,씨유목포옥암원룸점,전라남도,목포시,옥암동,1253-5,34.8105562,126.4489552
편의점,씨유하당,전라남도,목포시,옥암동,1030,34.8033631,126.4301377
편의점,GS25옥암부흥점,전라남도,목포시,옥암동,1167-2,34.8094193,126.4407267
편의점,지에스25목포풍경채점,전라남도,목포시,옥암동,915-26,34.8127569,126.424048
편의점,GS25옥암,전라남도,목포시,옥암동,1153-8,34.8077803,126.4375541
편의점,씨유목포옥암,전라남도,목포시,옥암동,1151-4,34.8089832,126.4392785
편의점,씨유옥암천년점,전라남도,목포시,옥암동,1345-7,34.8072895,126.4518537
편의점,세븐일레븐목포솔빛점,전라남도,목포시,옥암동,1040-32,34.8026761,126.4356564
편의점,지에스25우미평화점,전라남도,목포시,옥암동,1097,34.7991485,126.436518
편의점,세븐일레븐목포옥암,전라남도,목포시,옥암동,1256,34.8113072,126.4501403
편의점,GS25옥암,전라남도,목포시,옥암동,916-3,34.8128299,126.4273428
편의점,GS25목포,전라남도,목포시,옥암동,1192-2,34.8123554,126.4444322
편의점,씨유목포옥암,전라남도,목포시,옥암동,1157-2,34.8072155,126.4369384
편의점,GS25목포나이스점상품권,전라남도,목포시,옥암동,1028,34.8032759,126.4315249
편의점,세븐여수해양공원점,전라남도,여수시,종화동,470,34.7375551,127.7434899
편의점,이마트24여수낭만포차점,전라남도,여수시,종화동,282,34.7368347,127.7500121
편의점,씨제이올리브영여수해양공원점,전라남도,여수시,종화동,1217,34.7375177,127.7426714
편의점,세븐일레븐여수하멜등대점,전라남도,여수시,종화동,458,34.7376948,127.7470154
편의점,지에스25여수하멜등대점,전라남도,여수시,종화동,338-1,34.7372222,127.7479364
편의점,씨유여수해양공원점,전라남도,여수시,종화동,463-1,34.7382379,127.7460392
편의점,세븐일레븐여수낭만포차점,전라남도,여수시,종화동,288,34.73644,127.7498106
편의점,세븐일레븐여수야,전라남도,여수시,종화동,589-1,34.7390211,127.7457873
편의점,이마트24여수해양공원점,전라남도,여수시,종화동,581-7,34.7390684,127.7448694
편의점,세븐일레븐여수해양공원점,전라남도,여수시,종화동,470,34.7375551,127.7434899
편의점,씨유여수오동도점,전라남도,여수시,수정동,222,34.7431148,127.7502225
편의점,지에스25여수소노캄점,전라남도,여수시,수정동,772,34.7422918,127.7542771
편의점,세븐일레븐여수해야점,전라남도,여수시,수정동,80,34.7402741,127.7525753
편의점,해빛오동도호텔점,전라남도,여수시,수정동,99-3,34.7415498,127.7522137
편의점,씨유여수유탑,전라남도,여수시,수정동,777-1,34.7442854,127.7505819
편의점,지에스25여수베네치아점,전라남도,여수시,수정동,774-4,34.7457874,127.7517613
편의점,지에스25여수신라스테이점,전라남도,여수시,수정동,621,34.7442671,127.748575
편의점,GS25여수오동도,전라남도,여수시,수정동,245,34.7427089,127.7507898
편의점,세븐일레븐여수호스텔점,전라남도,여수시,수정동,195-1,34.7434047,127.7493518
편의점,씨유여수공화점,전라남도,여수시,공화동,1260,34.7459431,127.7431563
편의점,이마트24여수엑스포,전라남도,여수시,공화동,343-1,34.7484082,127.7447261
편의점,지에스25여수공화,전라남도,여수시,공화동,1268-3,34.7466689,127.743309
편의점,씨유여수관문점,전라남도,여수시,관문동,984,34.7434758,127.7407666
편의점,GS25여수경찰서점,전라남도,여수시,관문동,311,34.7414139,127.7400253
편의점,세븐일레븐여수,전라남도,여수시,중앙동,243,34.7374757,127.7413531
편의점,지에스25여수해양공원점,전라남도,여수시,중앙동,256,34.7377913,127.7395617
편의점,세븐일레븐여수,전라남도,여수시,중앙동,428,34.7399977,127.7364378
편의점,씨유여수진남점,전라남도,여수시,중앙동,711,34.740413,127.7360241
편의점,지에스25여수,전라남도,여수시,중앙동,803,34.7395071,127.7354998
편의점,씨유여수그랜드점,전라남도,여수시,교동,634,34.740015,127.7310393
편의점,세븐일레븐여수,전라남도,여수시,교동,428-1,34.7403716,127.7339071
편의점,세븐여수교동점,전라남도,여수시,교동,428-1,34.7403716,127.7339071
편의점,씨유여수충무점,전라남도,여수시,충무동,439,34.7422631,127.7311329
편의점,이마트24호텔케니,전라남도,여수시,충무동,502-1,34.7412796,127.7316662
편의점,지에스25여수충무점,전라남도,여수시,충무동,424,34.7421546,127.7307896
편의점,이디야연등메트하임점,전라남도,여수시,연등동,311,34.7493042,127.7274713
편의점,이마트24여수연등점,전라남도,여수시,연등동,724-7,34.7557602,127.7245916
편의점,에이치케이건설자산관리,전라남도,여수시,연등동,311,34.7493042,127.7274713
편의점,세븐일레븐여수메트하임점,전라남도,여수시,연등동,311,34.7493042,127.7274713
편의점,세븐여수광무점,전라남도,여수시,광무동,171,34.7436421,127.7280292
편의점,세븐일레븐여수광무점,전라남도,여수시,광무동,171,34.7436421,127.7280292
편의점,세븐일레븐여수,전라남도,여수시,서교동,692,34.7399301,127.7263091
편의점,지에스25여수시민회관점,전라남도,여수시,서교동,12-2,34.7460571,127.7288609
편의점,GS25여수,전라남도,여수시,봉산동,276-20,34.7322291,127.7240691
편의점,GS25봉산타운점,전라남도,여수시,봉산동,266-13,34.7338728,127.7212252
편의점,세븐여수봉산점,전라남도,여수시,봉산동,260-12,34.7321744,127.7247695
편의점,씨유편의점여수,전라남도,여수시,봉산동,222-2,34.7340669,127.7267928
편의점,이마트24여수,전라남도,여수시,봉산동,248-5,34.735552,127.7237498
편의점,세븐일레븐여수,전라남도,여수시,봉산동,260-12,34.7321744,127.7247695
편의점,지에스25봉산스트릿점,전라남도,여수시,봉산동,247-12,34.734864,127.724664
편의점,세븐일레븐여수장,전라남도,여수시,봉산동,263-8,34.7330414,127.7229052
편의점,세븐일레븐여수구봉점,전라남도,여수시,봉산동,273-14,34.7321712,127.7217025
편의점,씨유여수봉산,전라남도,여수시,봉산동,261-1,34.7334463,127.7245779
편의점,미니스톱봉산어항점,전라남도,여수시,봉산동,263-1,34.7339069,127.723516
편의점,씨유여수,전라남도,여수시,남산동,233,34.7341964,127.7311354
편의점,지에스25여수남산로점,전라남도,여수시,남산동,453,34.7359797,127.7322513
편의점,지에스25여수,전라남도,여수시,국동,1082-31,34.7262963,127.7156403
편의점,이마트24여수,전라남도,여수시,국동,37-6,34.7300702,127.7238583
편의점,이마트24여수어항단지로점,전라남도,여수시,국동,1093-12,34.7256347,127.7121517
편의점,여수비치리조트여수국동유탑지점,전라남도,여수시,국동,105,34.7266235,127.7188428
편의점,이마트24R여수에덴점,전라남도,여수시,국동,462-1,34.730936,127.7176739
편의점,세븐일레븐여수국동대주점,전라남도,여수시,국동,543,34.7318958,127.7190283
편의점,미니스톱여수,전라남도,여수시,국동,1053,34.7287531,127.7153278
편의점,씨유여수한화,전라남도,여수시,신월동,805,34.7336469,127.6970825
편의점,씨유여수바다,전라남도,여수시,신월동,112-6,34.7239161,127.7101207
편의점,씨유여수,전라남도,여수시,신월동,1,34.7281336,127.7137414
편의점,GS25여서원룸점,전라남도,여수시,여서동,382-1,34.7509734,127.7086538
편의점,씨유여수여서점,전라남도,여수시,여서동,479,34.7496074,127.7021158
편의점,씨유여수여서로점,전라남도,여수시,여서동,248,34.7523835,127.7077197
편의점,지에스25여수여서로점,전라남도,여수시,여서동,228-5,34.752513,127.7042934
편의점,씨유여수여서,전라남도,여수시,여서동,479,34.7496074,127.7021158
편의점,지에스25여수GS점,전라남도,여수시,여서동,226-3,34.7533453,127.7058288
편의점,지에스25여수,전라남도,여수시,여서동,457-3,34.7498108,127.700803
편의점,세븐일레븐여수여서,전라남도,여수시,여서동,225-10,34.7537765,127.7075346
편의점,세븐일레븐여수여서,전라남도,여수시,여서동,215-6,34.7533548,127.7044815
편의점,씨유여수한,전라남도,여수시,여서동,61,34.7535345,127.7142678
편의점,이마트24여수여문점,전라남도,여수시,여서동,208,34.7518247,127.7017921
편의점,세븐일레븐여수현대점,전라남도,여수시,여서동,490-9,34.7476572,127.6993421
편의점,GS25여수여문,전라남도,여수시,여서동,218-4,34.7538622,127.7054164
편의점,GS25여서부영,전라남도,여수시,여서동,479,34.7496074,127.7021158
편의점,미니스톱여서공원점,전라남도,여수시,여서동,211-1,34.7523527,127.7031707
편의점,이마트24여수경남점,전라남도,여수시,여서동,43-3,34.7543867,127.7110288
편의점,씨유여수문수,전라남도,여수시,문수동,2-18,34.7569036,127.7091107
편의점,GS25여수흥화점,전라남도,여수시,문수동,192,34.7505306,127.6993861
편의점,세븐일레븐여수문수,전라남도,여수시,문수동,478,34.7542485,127.6934863
편의점,씨유여수호텔라라점,전라남도,여수시,문수동,190-6,34.751011,127.7004805
편의점,이마트24여수흥화점,전라남도,여수시,문수동,675-1,34.7511008,127.6964299
편의점,GS25여서공원점,전라남도,여수시,문수동,123-2,34.7537019,127.7027722
편의점,이마트24여수문수,전라남도,여수시,문수동,80-18,34.7586747,127.7088508
편의점,지에스25여수문수,전라남도,여수시,문수동,456-10,34.7551351,127.6943532
편의점,씨유여수여문로점,전라남도,여수시,문수동,471-1,34.7545123,127.6943465
편의점,이마트24여수여서점,전라남도,여수시,문수동,123-5,34.7539169,127.7031694
편의점,지에스25여수이글점,전라남도,여수시,문수동,1-7,34.7577887,127.7104169
편의점,씨유여문,전라남도,여수시,문수동,120-3,34.7538761,127.7045787
편의점,씨유여수문수북점,전라남도,여수시,문수동,76-1,34.7591186,127.7075033
편의점,지에스25여수피오레점,전라남도,여수시,문수동,928,34.7578164,127.7040401
편의점,세븐일레븐여수문수,전라남도,여수시,문수동,187-6,34.7522312,127.7005667
편의점,세븐일레븐여수문수주공점,전라남도,여수시,문수동,715-3,34.7491396,127.6942655
편의점,이마트24R여수문수한려점,전라남도,여수시,문수동,146-3,34.7549913,127.7045188
편의점,GS25,전라남도,여수시,문수동,690-1,34.7496443,127.694022
편의점,세븐일레븐여수여문공원점,전라남도,여수시,문수동,122-12,34.7531959,127.7028052
편의점,미니스톱여수,전라남도,여수시,오림동,406-12,34.7576254,127.7161287
편의점,이마트24여수오림점,전라남도,여수시,오림동,403-3,34.7564978,127.7153459
편의점,GS25여수,전라남도,여수시,오림동,386-1,34.7584036,127.7159588
편의점,미니스톱여수,전라남도,여수시,오림동,405-2,34.7576985,127.7156623
편의점,GS25,전라남도,여수시,미평동,668-1,34.7705603,127.7050715
편의점,이마트24R여수,전라남도,여수시,미평동,756-7,34.7729229,127.7026812
편의점,지에스25여수,전라남도,여수시,미평동,756-3,34.7731632,127.7020758
편의점,일레븐마트귀인점,전라남도,여수시,미평동,488,34.7661649,127.7094913
편의점,GS25미평원룸점,전라남도,여수시,미평동,683-11,34.7681591,127.7063759
편의점,씨유,전라남도,여수시,미평동,670-1,34.7697294,127.7044017
편의점,퍼스트세븐,전라남도,여수시,미평동,750,34.7739639,127.7019226
편의점,씨유여수,전라남도,여수시,미평동,756-1,34.7732814,127.701776
편의점,지에스25여수선경,전라남도,여수시,미평동,759-8,34.7714339,127.7018333
편의점,세븐일레븐여수미평메디컬점,전라남도,여수시,미평동,569-5,34.7673504,127.7021171
편의점,이마트24여수미평동점,전라남도,여수시,미평동,569-1,34.7676159,127.7026618
편의점,미니스톱미평,전라남도,여수시,미평동,705-7,34.7706796,127.7038133
편의점,지에스25여수둔덕,전라남도,여수시,둔덕동,520-1,34.7659609,127.7025778
편의점,이마트24전남대여수청경점,전라남도,여수시,둔덕동,산96-1,34.7747794,127.6977845
편의점,GS25여수둔덕,전라남도,여수시,둔덕동,520-1,34.7659609,127.7025778
편의점,지에스25여수둔덕상품권,전라남도,여수시,둔덕동,520-1,34.7659609,127.7025778
편의점,지에스25여수한려점,전라남도,여수시,둔덕동,654,34.7664871,127.6901978
편의점,씨유여수중앙하이츠점,전라남도,여수시,둔덕동,583,34.7674477,127.6938984
편의점,씨유여수전대,전라남도,여수시,둔덕동,414,34.7764594,127.6954725
편의점,이마트24여수,전라남도,여수시,오천동,134-2,34.7945567,127.7563061
편의점,씨유여수팔레트카페점,전라남도,여수시,오천동,384-5,34.7950236,127.7528862
편의점,블랙샌드편의점,전라남도,여수시,만흥동,252-1,34.7744526,127.7426986
편의점,이마트24여수만성,전라남도,여수시,만흥동,100,34.7735735,127.7458821
편의점,세븐일레븐여수만성로점,전라남도,여수시,만흥동,1240-2,34.7742192,127.7271896
편의점,씨유여수덕충점,전라남도,여수시,덕충동,1650-11,34.7538404,127.735753
편의점,지에스25,전라남도,여수시,덕충동,1797,34.7553737,127.7377637
편의점,씨유,전라남도,여수시,덕충동,2035-1,34.7536129,127.7454405
편의점,아이스앤스낵창고,전라남도,여수시,덕충동,2025-4,34.7550781,127.745466
편의점,지에스25여수,전라남도,여수시,덕충동,2042-1,34.7526833,127.7438023
편의점,스토리웨이,전라남도,여수시,덕충동,61-7,34.7530028,127.7485627
편의점,이마트24여수덕충점,전라남도,여수시,덕충동,2043,34.7519185,127.7443327
편의점,이마트24,전라남도,여수시,덕충동,2005,34.7509357,127.7469462
편의점,이마트24여수,전라남도,여수시,덕충동,2037-1,34.753157,127.744632
편의점,세븐여수경도골프앤리조트점,전라남도,여수시,경호동,1024,34.71387,127.7251219
편의점,세븐일레븐여수여천흥국점,전라남도,여수시,학동,94-15,34.7590356,127.6654691
편의점,세븐여수여천중앙점,전라남도,여수시,학동,95-5,34.7586147,127.664411
편의점,미니스톱여천,전라남도,여수시,학동,177-6,34.7576569,127.6643851
편의점,씨유여수,전라남도,여수시,학동,99-6,34.7594568,127.6638174
편의점,코리아세븐여수,전라남도,여수시,학동,84-1,34.7602404,127.6665723
편의점,씨유여수오케이점,전라남도,여수시,학동,4-26,34.7667702,127.6581544
편의점,지에스25여수선소점,전라남도,여수시,학동,182-11,34.7567681,127.6644122
편의점,세븐여수학동엑스포점,전라남도,여수시,학동,91-4,34.7584632,127.6661108
편의점,세븐여수여천흥국점,전라남도,여수시,학동,94-15,34.7590356,127.6654691
편의점,미니스톱여천,전라남도,여수시,학동,40-1,34.7660496,127.6640165
편의점,지에스25여수,전라남도,여수시,학동,92-5,34.7587084,127.6655544
편의점,지에스25여수,전라남도,여수시,학동,44-2,34.7656033,127.6624409
편의점,지에스25,전라남도,여수시,학동,4-12,34.7667453,127.6592212
편의점,GS25여천,전라남도,여수시,학동,99-3,34.7595081,127.6643551
편의점,세븐일레븐여수선소점,전라남도,여수시,학동,198-7,34.7574713,127.6582075
편의점,세븐일레븐여수학동,전라남도,여수시,학동,91-4,34.7584632,127.6661108
편의점,씨유여수쌍봉,전라남도,여수시,학동,11-12,34.7667369,127.6614129
편의점,씨유여수,전라남도,여수시,학동,85-29,34.7587389,127.6671674
편의점,미니스톱여수선소점,전라남도,여수시,학동,202-13,34.7571137,127.6585515
편의점,지에스25여수,전라남도,여수시,학동,196-10,34.7569363,127.6569449
편의점,이마트24여수스위트엠점,전라남도,여수시,학동,61-1,34.7613306,127.6570283
편의점,세븐일레븐여수,전라남도,여수시,학동,84-1,34.7602404,127.6665723
편의점,세븐일레븐여수선소점,전라남도,여수시,학동,179-2,34.7573911,127.6657875
편의점,세븐일레븐여수학동,전라남도,여수시,학동,108-14,34.7603138,127.6577656
편의점,이마트24R여수,전라남도,여수시,학동,93-4,34.7581257,127.6651773
편의점,씨유여수선소점,전라남도,여수시,학동,206-6,34.757296,127.6598856
편의점,마리나편의점,전라남도,여수시,학동,182-11,34.7567681,127.6644122
편의점,세븐일레븐여수여천,전라남도,여수시,학동,95-5,34.7586147,127.664411
편의점,씨유여수인피니트점,전라남도,여수시,학동,34-11,34.7637939,127.6639576
편의점,세븐여수학동선소점,전라남도,여수시,학동,179-2,34.7573911,127.6657875
편의점,세븐여수학동2호점,전라남도,여수시,학동,85-32,34.7587553,127.6666524
편의점,지에스25여수거북점,전라남도,여수시,학동,75-3,34.762032,127.6652573
편의점,지에스25여수,전라남도,여수시,학동,85-30,34.7585644,127.6670694
편의점,씨유,전라남도,여수시,학동,30-10,34.7627888,127.6676685
편의점,세븐일레븐여수학동,전라남도,여수시,학동,85-32,34.7587553,127.6666524
편의점,CU여수우체국점,전라남도,여수시,학동,74-2,34.7619918,127.664899
편의점,씨유여수,전라남도,여수시,학동,182-14,34.7571709,127.6643111
편의점,GS25여수,전라남도,여수시,안산동,726-13,34.7546972,127.6530336
편의점,부영할인마트,전라남도,여수시,안산동,440,34.7599967,127.653715
편의점,세븐일레븐여수안산,전라남도,여수시,안산동,440-6,34.7590859,127.6544063
편의점,세븐일레븐여수장성지구점,전라남도,여수시,안산동,728-1,34.7540311,127.6538374
편의점,지에스25여수소호점,전라남도,여수시,안산동,722-8,34.7546742,127.6564786
편의점,CU여수,전라남도,여수시,안산동,725-11,34.7546823,127.655259
편의점,지에스25여수광주방송점,전라남도,여수시,안산동,470-1,34.7606851,127.6468154
편의점,씨유여수부영,전라남도,여수시,안산동,441-1,34.7606546,127.6552556
편의점,지에스25여수도원,전라남도,여수시,안산동,438-1,34.7607013,127.6502029
편의점,이마트24여수,전라남도,여수시,안산동,726-13,34.7546972,127.6530336
편의점,GS25여수도원상품권,전라남도,여수시,안산동,438-1,34.7607013,127.6502029
편의점,GS25여수도원,전라남도,여수시,안산동,438-1,34.7607013,127.6502029
편의점,지에스25소호주공,전라남도,여수시,소호동,352-1,34.7464205,127.6484393
편의점,지에스25소호지에스점,전라남도,여수시,소호동,360-4,34.7441956,127.6517409
편의점,마마트여수시소호점,전라남도,여수시,소호동,443-4,34.7390228,127.6496412
편의점,지에스25여수송소점(상품권),전라남도,여수시,소호동,1040-1,34.7277026,127.6413359
편의점,지에스25여수송소점,전라남도,여수시,소호동,1040-1,34.7277026,127.6413359
편의점,지에스25여수요트장점,전라남도,여수시,소호동,443-1,34.7393955,127.6497114
편의점,GS25여수송소점,전라남도,여수시,소호동,1040-1,34.7277026,127.6413359
편의점,지에스25소호,전라남도,여수시,소호동,1199-7,34.7479263,127.6549651
편의점,일화로지스,전라남도,여수시,소호동,923,34.733606,127.6432262
편의점,미니스톱소호,전라남도,여수시,소호동,355-22,34.7457171,127.6522029
편의점,세븐일레븐여수신기남점,전라남도,여수시,신기동,106-1,34.7604263,127.6704723
편의점,지에스25여수신기점,전라남도,여수시,신기동,75-4,34.761491,127.6743007
편의점,이마트24여수흥국점,전라남도,여수시,신기동,64-1,34.7619499,127.6696109
편의점,지에스25여수신기(상품권),전라남도,여수시,신기동,137,34.7580059,127.6694259
편의점,이마트24R여수신기점,전라남도,여수시,신기동,10-2,34.7638497,127.6794038
편의점,응응스크르여수신기점,전라남도,여수시,신기동,137-4,34.7573961,127.6710309
편의점,미니스톱여천신기점,전라남도,여수시,신기동,117-7,34.7582498,127.671464
편의점,세븐일레븐여수첨단소재,전라남도,여수시,신기동,90,34.7575217,127.676054
편의점,지에스25여수신기,전라남도,여수시,신기동,137,34.7580059,127.6694259
편의점,씨유여수신기남점,전라남도,여수시,신기동,70-3,34.7606037,127.672584
편의점,지에스25여수신기,전라남도,여수시,신기동,137,34.7580059,127.6694259
편의점,세븐일레븐여수디아일랜드점,전라남도,여수시,웅천동,1875-1,34.7428623,127.6728532
편의점,세븐여수웅천지구점,전라남도,여수시,웅천동,1678-7,34.7479179,127.6760084
편의점,대영편의점,전라남도,여수시,웅천동,1558-2,34.7355231,127.6794927
편의점,씨유웅천캐슬,전라남도,여수시,웅천동,1887-1,34.7386339,127.6795094
편의점,씨유여수웅천점,전라남도,여수시,웅천동,1695-3,34.7469128,127.670934
편의점,이마트24여수웅천,전라남도,여수시,웅천동,1722-3,34.7475834,127.6788166
편의점,이마트24여수웅천점,전라남도,여수시,웅천동,1883-8,34.7395231,127.6769156
편의점,씨유웅천퍼스트시티점,전라남도,여수시,웅천동,1868-2,34.7420797,127.6759368
편의점,세븐일레븐여수웅천,전라남도,여수시,웅천동,1666-2,34.7489214,127.6753723
편의점,씨제이올리브영여수웅천,전라남도,여수시,웅천동,1699-1,34.7464695,127.671551
편의점,씨유여수트리마제점,전라남도,여수시,웅천동,1869-1,34.7440164,127.6750495
편의점,팍스웅천지점,전라남도,여수시,웅천동,1720-1,34.7491047,127.6789523
편의점,이마트24여수웅천로점,전라남도,여수시,웅천동,1795-10,34.7484607,127.6835749
편의점,지에스25한화여수벨메르점,전라남도,여수시,웅천동,1875-1,34.7428623,127.6728532
편의점,씨유웅천베이원파크점,전라남도,여수시,웅천동,1876-1,34.7431107,127.6741745
편의점,씨유웅천비고시티점,전라남도,여수시,웅천동,1719-4,34.7483206,127.6781928
편의점,개그웅천점,전라남도,여수시,웅천동,1696-4,34.7462878,127.6705293
편의점,이마트24웅천디아일랜드점,전라남도,여수시,웅천동,1875-1,34.7428623,127.6728532
편의점,세븐일레븐여수웅천로점,전라남도,여수시,웅천동,1783-1,34.748948,127.6824014
편의점,이마트24여수무선점,전라남도,여수시,선원동,1270-6,34.775072,127.6521284
편의점,지에스25무선,전라남도,여수시,선원동,1280-1,34.7753174,127.6504648
편의점,이마트24여수남양점,전라남도,여수시,선원동,1256,34.7714119,127.6513199
편의점,미니스톱무선,전라남도,여수시,선원동,1279-7,34.7750574,127.6490213
편의점,씨유여수남양점,전라남도,여수시,선원동,1250-16,34.7727963,127.6531034
편의점,세븐일레븐여수무선,전라남도,여수시,선원동,1282-8,34.7737513,127.6500904
편의점,이마트24여수무선로점,전라남도,여수시,선원동,1284-10,34.7744168,127.6496645
편의점,지에스25여수도원초점,전라남도,여수시,선원동,1326-13,34.7639478,127.6518017
편의점,미니스톱무선남양점,전라남도,여수시,선원동,1256-7,34.7712328,127.6527389
편의점,세븐일레븐여수여천,전라남도,여수시,선원동,53,34.7687139,127.6637389
편의점,GS25여수무선로점,전라남도,여수시,선원동,1228-1,34.7755709,127.6533548
편의점,GS25무선주공점,전라남도,여수시,선원동,1244-6,34.7726582,127.6501365
편의점,씨유여수선원점,전라남도,여수시,선원동,1278-7,34.7760381,127.6499962
편의점,CU여천,전라남도,여수시,선원동,150-46,34.7654941,127.6558438
편의점,씨유여수선원우미점,전라남도,여수시,선원동,1343-7,34.7614169,127.6505932
편의점,여천역맞이방스토리웨이,전라남도,여수시,여천동,903-19,34.7790023,127.6635778
편의점,씨유여수석창대로점,전라남도,여수시,여천동,384,34.7821197,127.6672235
편의점,이마트24여수화장점,전라남도,여수시,화장동,774-20,34.7721411,127.6432964
편의점,씨유여수호수점,전라남도,여수시,화장동,728-1,34.7737546,127.6475068
편의점,씨유여수화장점,전라남도,여수시,화장동,797-12,34.7763252,127.6495612
편의점,지에스25여수고인돌점,전라남도,여수시,화장동,841-8,34.7771999,127.6464159
편의점,세븐일레븐여수성산점,전라남도,여수시,화장동,789-12,34.7762427,127.6461864
편의점,세븐일레븐여수무선성산점,전라남도,여수시,화장동,870-1,34.7741811,127.6406452
편의점,세븐여수성산점,전라남도,여수시,화장동,789-12,34.7762427,127.6461864
편의점,미니스톱여천무선점,전라남도,여수시,화장동,771-11,34.7730442,127.6442808
편의점,씨유여수무선공원점,전라남도,여수시,화장동,761-10,34.7745841,127.6435353
편의점,지에스25여수화산점,전라남도,여수시,화장동,892-6,34.7716769,127.640096
편의점,지에스25여수화장점,전라남도,여수시,화장동,842-7,34.7762764,127.6454891
편의점,씨유여수화장대로점,전라남도,여수시,화장동,788-7,34.7771664,127.6471803
편의점,GS25여수무선점,전라남도,여수시,화장동,787-6,34.7767649,127.6483741
편의점,씨유여수무선지구점,전라남도,여수시,화장동,849-9,34.7767453,127.6430238
편의점,미니스톱여수,전라남도,여수시,화장동,797-7,34.7770702,127.6503028
편의점,씨유여수무선원룸점,전라남도,여수시,화장동,763-14,34.7733495,127.6410423
편의점,씨유여수무선점,전라남도,여수시,화장동,733-1,34.7733323,127.6494242
편의점,지에스25여수죽림주공점,전라남도,여수시,화장동,877-1,34.7744779,127.6375916
편의점,세븐일레븐여수무선화산로점,전라남도,여수시,화장동,773-1,34.7717999,127.6417519
편의점,지에스25여수무선초점,전라남도,여수시,화장동,739-15,34.7728308,127.6460905
편의점,세븐일레븐여수무선주공점,전라남도,여수시,화장동,740-1,34.7728757,127.6491882
편의점,씨유여수,전라남도,여수시,화장동,796-7,34.7774091,127.6498158
편의점,세븐여수무선주공점,전라남도,여수시,화장동,740-1,34.7728757,127.6491882
편의점,세븐일레븐여수주동,전라남도,여수시,주삼동,771-1,34.7896534,127.6541866
편의점,이마트24여수삼동,전라남도,여수시,주삼동,1035-3,34.7952197,127.6597316
편의점,지에스25여수주삼점,전라남도,여수시,주삼동,729-8,34.7893634,127.6558363
편의점,이마트24여수석창점,전라남도,여수시,봉계동,747-1,34.7839534,127.6636743
편의점,지에스25여수석창,전라남도,여수시,봉계동,465,34.7872592,127.6638678
편의점,씨유여수공단점,전라남도,여수시,봉계동,454-1,34.788174,127.6641198
편의점,이마트24여수둔덕점,전라남도,여수시,봉계동,33-8,34.7836793,127.6947297
편의점,세븐일레븐여수공단점,전라남도,여수시,봉계동,457-1,34.7879682,127.6640712
편의점,지에스25여수아주타운점,전라남도,여수시,봉계동,32-32,34.7837703,127.6904603
편의점,GS25여수석창,전라남도,여수시,봉계동,465,34.7872592,127.6638678
편의점,씨유여수봉계점,전라남도,여수시,봉계동,27,34.7842903,127.6899151
편의점,GS25여수석창상품권,전라남도,여수시,봉계동,465,34.7872592,127.6638678
편의점,미니스톱화치,전라남도,여수시,화치동,1327,34.8204653,127.6407702
편의점,세븐일레븐여수산단,전라남도,여수시,화치동,1431,34.8263871,127.6454684
편의점,지에스25뉴공단타운점,전라남도,여수시,화치동,1325,34.821694,127.6405916
편의점,지에스25여수산단로점,전라남도,여수시,월하동,1164-4,34.8076607,127.6686379
편의점,씨유여수월하,전라남도,여수시,월하동,1147-2,34.8069229,127.6689343
편의점,GS25여수산단로점상품권,전라남도,여수시,월하동,1164-4,34.8076607,127.6686379
편의점,GS25여수산단로점,전라남도,여수시,월하동,1164-4,34.8076607,127.6686379
편의점,지에스25월하,전라남도,여수시,월하동,1117,34.80638,127.6685777
편의점,세븐여수롯데첨단소재점,전라남도,여수시,평여동,64,34.8165931,127.6799897
편의점,해빛공단마켓,전라남도,여수시,중흥동,1765-8,34.8273211,127.6855952
편의점,GS25여수,전라남도,여수시,중흥동,1674-2,34.8262687,127.681987
편의점,세븐일레븐편의점,전라남도,여수시,묘도동,1306-7,34.8790824,127.7151231
편의점,씨유여수삼일점,전라남도,여수시,상암동,866,34.8349677,127.7407927
편의점,씨유여수,전라남도,여수시,상암동,2040-9,34.8229081,127.7300469
편의점,세븐일레븐여수상암,전라남도,여수시,상암동,1243-3,34.8326749,127.7385095
편의점,이마트24여수,전라남도,여수시,상암동,1702-2,34.8258585,127.7327909
편의점,미니스톱여수해오름점,전라남도,여수시,상암동,883,34.8345156,127.7403449
편의점,이마트24여수상암로점,전라남도,여수시,상암동,836,34.8338937,127.7399365
편의점,지에스25여수,전라남도,여수시,상암동,516-12,34.8276954,127.7339512
편의점,GS25여수향일암점,전라남도,여수시,돌산읍,율림리 6-16,34.5946516,127.8040861
편의점,지에스25돌산오션점,전라남도,여수시,돌산읍,우두리 1047-10,34.7191033,127.746285
편의점,GS25돌산청솔점,전라남도,여수시,돌산읍,우두리 1088-9,34.7181703,127.7551573
편의점,세븐일레븐여수신기항점,전라남도,여수시,돌산읍,신복리 892-8,34.6005144,127.7449876
편의점,미니스톱여수우두리점,전라남도,여수시,돌산읍,우두리 1080-8,34.7205191,127.7529271
편의점,세븐일레븐여수진두,전라남도,여수시,돌산읍,우두리 796-35,34.7330717,127.7425908
편의점,지에스25돌산환영점,전라남도,여수시,돌산읍,우두리 707-3,34.7277624,127.7437181
편의점,해빛편의점,전라남도,여수시,돌산읍,우두리 1066-1,34.7194293,127.7506804
편의점,씨유돌산평사로점,전라남도,여수시,돌산읍,평사리 972-57,34.6617853,127.7394274
편의점,지에스25여수돌산점,전라남도,여수시,돌산읍,우두리 1032-7,34.7206799,127.7498021
편의점,GS25돌산,전라남도,여수시,돌산읍,우두리 675-35,34.7228706,127.7524676
편의점,이마트24여수낭만바다점,전라남도,여수시,돌산읍,평사리 1334,34.6931842,127.7673603
편의점,씨유돌산청솔점,전라남도,여수시,돌산읍,우두리 1036-15,34.7212357,127.748577
편의점,씨유여수무슬목점,전라남도,여수시,돌산읍,평사리 1257-1,34.6828985,127.7754707
편의점,씨유여수오션힐점,전라남도,여수시,돌산읍,우두리 661-21,34.718767,127.7452816
편의점,지에스25여수예술랜드점,전라남도,여수시,돌산읍,평사리 1292-29,34.6946038,127.776397
편의점,세븐일레븐여수돌산크루즈점,전라남도,여수시,돌산읍,우두리 813-2,34.7298198,127.7374445
편의점,세븐일레븐여수진두바다점,전라남도,여수시,돌산읍,우두리 796-37,34.7329723,127.7430985
편의점,호레나,전라남도,여수시,돌산읍,우두리 1047-8,34.7184892,127.7465155
편의점,지에스25여수돌산항,전라남도,여수시,돌산읍,군내리 505,34.614584,127.7237669
편의점,케이블카편의점,전라남도,여수시,돌산읍,우두리 710-12,34.7286827,127.7431501
편의점,씨유여수우두리점,전라남도,여수시,돌산읍,우두리 1096-17,34.7191424,127.7519828
편의점,이마트24여수오션힐점,전라남도,여수시,돌산읍,우두리 1047-8,34.7184892,127.7465155
편의점,GS25돌산,전라남도,여수시,돌산읍,우두리 794-89,34.7305255,127.7416676
편의점,지에스25여수라마다점,전라남도,여수시,돌산읍,우두리 1048-4,34.7172091,127.7484103
편의점,세븐일레븐여수돌산청솔점,전라남도,여수시,돌산읍,우두리 1134-2,34.719288,127.7572386
편의점,씨유돌산금봉점,전라남도,여수시,돌산읍,금봉리 872-18,34.6501587,127.7209177
편의점,세븐일레븐여수돌산라온점,전라남도,여수시,돌산읍,우두리 1048-7,34.7173088,127.7478869
편의점,씨유여수돌산로점,전라남도,여수시,돌산읍,평사리 1395-92,34.7027417,127.7581537
편의점,세븐일레븐여수돌산로점,전라남도,여수시,돌산읍,군내리 1114-1,34.619438,127.7195299
편의점,씨유여수돌산,전라남도,여수시,돌산읍,우두리 1069-14,34.7216913,127.7521881
편의점,이마트24제이씨에스호텔점,전라남도,여수시,돌산읍,평사리 1404-1,34.7038549,127.7575803
편의점,세븐일레븐여수,전라남도,여수시,소라면,죽림리 1198-6,34.7637531,127.639546
편의점,지에스25여수그리올점,전라남도,여수시,소라면,죽림리 1180-3,34.7616294,127.6338079
편의점,씨유여수죽림양우점,전라남도,여수시,소라면,죽림리 1247,34.7598301,127.6413404
편의점,지에스25여수루지점,전라남도,여수시,소라면,죽림리 116,34.7499433,127.6419617
편의점,씨유여수,전라남도,여수시,소라면,죽림리 1201-3,34.7627481,127.6362755
편의점,지에스25여수,전라남도,여수시,소라면,덕양리 1311,34.7991302,127.6303511
편의점,지에스25여수소라점,전라남도,여수시,소라면,관기리 355-1,34.7500181,127.6278871
편의점,지에스25죽림호반점,전라남도,여수시,소라면,죽림리 1139-2,34.7659291,127.6363505
편의점,지에스25여수공항로점,전라남도,여수시,소라면,대포리 626,34.8180954,127.6219374
편의점,씨유여수죽림현대점,전라남도,여수시,소라면,죽림리 1186-1,34.7649394,127.6380601
편의점,씨유여수소라점,전라남도,여수시,소라면,덕양리 1051-36,34.7908975,127.6335432
편의점,지에스25죽림,전라남도,여수시,소라면,죽림리 1229-1,34.7618784,127.6395801
편의점,씨유여수죽림사랑,전라남도,여수시,소라면,죽림리 1226-2,34.762757,127.6395493
편의점,세븐일레븐여수화양로점,전라남도,여수시,소라면,관기리 392-10,34.7476216,127.6283791
편의점,세븐일레븐여수죽림대로점,전라남도,여수시,소라면,죽림리 1158-3,34.7637648,127.6366339
편의점,씨유여수율촌,전라남도,여수시,율촌면,여동리 374,34.8947516,127.603043
편의점,세븐일레븐여수공항로점,전라남도,여수시,율촌면,신풍리 1020,34.8408234,127.6115104
편의점,씨유여수율촌점,전라남도,여수시,율촌면,조화리 209-1,34.8822418,127.578997
편의점,씨유여수율촌대로점,전라남도,여수시,율촌면,취적리 713-1,34.860366,127.5920966
편의점,GS25여수동양점,전라남도,여수시,율촌면,월산리 1501-1,34.8832594,127.5703207
편의점,세븐일레븐여수율촌월산점,전라남도,여수시,율촌면,월산리 313-1,34.87941,127.5710471
편의점,지에스25여수애양,전라남도,여수시,율촌면,신풍리 77,34.8432713,127.6245375
편의점,지에스25여수나진점,전라남도,여수시,화양면,나진리 436-4,34.7077893,127.6139756
편의점,이마트24여수나진점,전라남도,여수시,화양면,나진리 434-1,34.7072669,127.613401
편의점,세븐일레븐여수금오도점,전라남도,여수시,남면,우학리 241-6,34.5124808,127.766665
편의점,지에스25순천영동점,전라남도,순천시,영동,46,34.9532149,127.4815099
편의점,세븐일레븐순천의료원점,전라남도,순천시,행동,30,34.9567868,127.4834536
편의점,지에스25순천대,전라남도,순천시,매곡동,400-1,34.9657685,127.4803813
편의점,지에스25순천,전라남도,순천시,매곡동,50-65,34.9620152,127.4841993
편의점,씨유순천,전라남도,순천시,매곡동,472-5,34.9653334,127.4851825
편의점,세븐일레븐순천대학사점,전라남도,순천시,매곡동,502,34.9673912,127.4803743
편의점,GS순천대,전라남도,순천시,석현동,99-5,34.9673783,127.4846493
편의점,CU순천대청춘점,전라남도,순천시,석현동,273-4,34.9711373,127.4787477
편의점,씨유순천석현점,전라남도,순천시,석현동,176-1,34.9713657,127.4862621
편의점,세븐일레븐순천대,전라남도,순천시,석현동,276,34.9712284,127.479307
편의점,세븐일레븐순천향림점,전라남도,순천시,석현동,496-2,34.9732408,127.4762086
편의점,미니스톱순천대점,전라남도,순천시,석현동,91-5,34.9687391,127.4842464
편의점,GS25순천대학로,전라남도,순천시,석현동,86-5,34.969636,127.4842192
편의점,씨유순천대,전라남도,순천시,석현동,52-19,34.9684709,127.4867461
편의점,이마트24순천가곡대광점,전라남도,순천시,가곡동,10-2,34.9897492,127.4936645
편의점,이마트24순천가곡점,전라남도,순천시,가곡동,1001-7,34.9737024,127.4825163
편의점,씨유순천가곡인토점,전라남도,순천시,가곡동,973-4,34.9791047,127.481663
편의점,쎄븐일네븐순천가곡점,전라남도,순천시,가곡동,986-1,34.9760406,127.481813
편의점,GS25순천이편한점상품권,전라남도,순천시,용당동,614,34.9745424,127.4894861
편의점,쎄븐일레븐순천용당점,전라남도,순천시,용당동,213-3,34.973756,127.4944592
편의점,CU순천용당,전라남도,순천시,용당동,245,34.9759187,127.4964518
편의점,GS25순천이편한점,전라남도,순천시,용당동,614,34.9745424,127.4894861
편의점,이마트24순천용당점,전라남도,순천시,용당동,566-2,34.9729808,127.4928814
편의점,와싸다아이스크림,전라남도,순천시,용당동,564-5,34.9731896,127.4932413
편의점,지에스25순천이편한점,전라남도,순천시,용당동,614,34.9745424,127.4894861
편의점,세븐순천용당점,전라남도,순천시,용당동,213-3,34.973756,127.4944592
편의점,씨유용당,전라남도,순천시,용당동,756,34.9768711,127.4870483
편의점,씨유순천용당피오레점,전라남도,순천시,용당동,433,34.9711016,127.4944962
편의점,씨유순천용당현대점,전라남도,순천시,용당동,191-1,34.9749686,127.49342
편의점,세븐일레븐순천,전라남도,순천시,조곡동,158-1,34.9456448,127.5009177
편의점,GS25순천이수점,전라남도,순천시,조곡동,118-8,34.9483669,127.5005174
편의점,미니스톱순천하늘점,전라남도,순천시,조곡동,139-18,34.9473957,127.4996755
편의점,씨유순천역점,전라남도,순천시,조곡동,159-7,34.9452482,127.5012021
편의점,세븐순천역전점,전라남도,순천시,조곡동,158-1,34.9456448,127.5009177
편의점,씨유순천조곡조은점,전라남도,순천시,조곡동,546-5,34.9577237,127.4977569
편의점,씨유순천어반,전라남도,순천시,조곡동,634,34.9621443,127.4914685
편의점,세븐순천신역점,전라남도,순천시,조곡동,160-8,34.9450943,127.5024957
편의점,GS25순천첼시빌,전라남도,순천시,생목동,65-4,34.9515199,127.5086056
편의점,세븐일레븐순천,전라남도,순천시,덕암동,161-1,34.9413846,127.5092836
편의점,칼라힐편의점,전라남도,순천시,덕암동,151,34.9412389,127.510869
편의점,지에스25순천하나,전라남도,순천시,덕암동,153,34.9410639,127.5103924
편의점,씨유순천메가박스점,전라남도,순천시,덕암동,151,34.9412389,127.510869
편의점,순천역스토리웨이,전라남도,순천시,덕암동,188-100,34.9456452,127.5031891
편의점,지에스25연향,전라남도,순천시,연향동,1342-5,34.9511336,127.5183287
편의점,미니스톱순천한국,전라남도,순천시,연향동,1434-1,34.9477078,127.5129001
편의점,세븐순천연향4호점,전라남도,순천시,연향동,1337-5,34.951987,127.5200033
편의점,지에스연향2지구점,전라남도,순천시,연향동,1610-7,34.9395038,127.5269919
편의점,은성,전라남도,순천시,연향동,1433-1,34.9481936,127.5147381
편의점,지에스25연향시티점,전라남도,순천시,연향동,1320-8,34.9521858,127.5173835
편의점,세븐일레븐순천금당,전라남도,순천시,연향동,1492-4,34.9460026,127.5246059
편의점,씨제이올리브영순천,전라남도,순천시,연향동,1322-1,34.9527444,127.5182658
편의점,씨유금당,전라남도,순천시,연향동,1504-1,34.9456048,127.5250595
편의점,세븐순천연향금당점,전라남도,순천시,연향동,1479-7,34.9478751,127.5238445
편의점,이마트24순천,전라남도,순천시,연향동,1339-2,34.9517448,127.5191567
편의점,에스에이치연향,전라남도,순천시,연향동,1345,34.9487495,127.521247
편의점,씨유연향2지구점,전라남도,순천시,연향동,1589-2,34.9415841,127.524909
편의점,이마트24순천연향세영점,전라남도,순천시,연향동,1660-2,34.9347948,127.5143681
편의점,더까까주까호반점,전라남도,순천시,연향동,1614-6,34.9384068,127.5265963
편의점,알리바이,전라남도,순천시,연향동,1505-5,34.9456326,127.5262872
편의점,알리바이,전라남도,순천시,연향동,1505-5,34.9456326,127.5262872
편의점,세븐순천연향금당점,전라남도,순천시,연향동,1479-7,34.9478751,127.5238445
편의점,미니스톱연향,전라남도,순천시,연향동,1374-18,34.9450217,127.5155295
편의점,세븐일레븐순천율산길점,전라남도,순천시,연향동,1587-8,34.9415433,127.5244831
편의점,세븐일레븐순천연향,전라남도,순천시,연향동,1337-5,34.951987,127.5200033
편의점,지에스25연향하우스점,전라남도,순천시,연향동,1375-6,34.9455318,127.5165695
편의점,세븐일레븐순천연향지구점,전라남도,순천시,연향동,1369-10,34.945754,127.5154987
편의점,지에스25순천모아점,전라남도,순천시,연향동,1335-4,34.9512387,127.5216639
편의점,지에스25연향대주점,전라남도,순천시,연향동,1506-7,34.9449667,127.5268913
편의점,지에스25순천LG점,전라남도,순천시,연향동,1329-8,34.9529243,127.5200052
편의점,씨유순천세무서점,전라남도,순천시,연향동,1361-11,34.9476745,127.5177191
편의점,씨유순천샤르망점,전라남도,순천시,연향동,1688-1,34.9335133,127.5170497
편의점,유에프오편의점,전라남도,순천시,연향동,1333,34.9515867,127.5213185
편의점,미니스톱연향,전라남도,순천시,연향동,1348-22,34.9505122,127.5175705
편의점,GS25연향타운점,전라남도,순천시,연향동,1687-3,34.9341194,127.5176098
편의점,세븐순천팔마점,전라남도,순천시,연향동,1665-6,34.9331089,127.513877
편의점,지에스25순천프레시점,전라남도,순천시,연향동,1251-6,34.9460872,127.5125035
편의점,씨유순천율산점,전라남도,순천시,연향동,1607-4,34.9406627,127.5272815
편의점,지에스25연향,전라남도,순천시,연향동,1321-7,34.9512841,127.5176151
편의점,씨유금당,전라남도,순천시,연향동,1489-2,34.946818,127.5238396
편의점,GS25금당,전라남도,순천시,연향동,1473-1,34.9468588,127.5258238
편의점,씨유순천팔마점,전라남도,순천시,연향동,1676-1,34.9332179,127.5153572
편의점,세븐순천연향지구점,전라남도,순천시,연향동,1369-10,34.945754,127.5154987
편의점,세븐일레븐순천만S호텔점,전라남도,순천시,연향동,1690-1,34.9338853,127.5185778
편의점,간이역,전라남도,순천시,풍덕동,1264,34.9453204,127.4953718
편의점,지에스25풍덕원룸점,전라남도,순천시,풍덕동,285-23,34.9400457,127.5068623
편의점,이마트24순천헐크세차점,전라남도,순천시,풍덕동,290-10,34.9402682,127.5081081
편의점,씨스페이스순천,전라남도,순천시,풍덕동,883-8,34.9439794,127.4993335
편의점,에이치제이개발,전라남도,순천시,풍덕동,290-10,34.9402682,127.5081081
편의점,씨유순천풍덕대로점,전라남도,순천시,풍덕동,290-3,34.9409811,127.5087569
편의점,오대양,전라남도,순천시,풍덕동,876-44,34.9407786,127.5034751
편의점,씨제이올리브영홈플러스순천풍덕,전라남도,순천시,풍덕동,300,34.9400589,127.5090201
편의점,지에스25순천풍덕,전라남도,순천시,풍덕동,878-19,34.9397643,127.5023817
편의점,CU순천풍덕원룸점,전라남도,순천시,풍덕동,862-13,34.9403514,127.5051478
편의점,세븐일레븐순천장평점,전라남도,순천시,남정동,552-9,34.9427087,127.4937475
편의점,지에스25남,전라남도,순천시,남정동,540-8,34.9396466,127.4906222
편의점,씨유순천샹그릴라점,전라남도,순천시,남정동,547-8,34.9372836,127.4894425
편의점,세븐일레븐순천인제점,전라남도,순천시,인제동,377-3,34.9437866,127.4937765
편의점,지에스25순천우석로점,전라남도,순천시,인제동,33-4,34.944405,127.488111
편의점,세븐순천인제점,전라남도,순천시,인제동,377-3,34.9437866,127.4937765
편의점,씨유순천아랫장점,전라남도,순천시,인제동,377-1,34.9442348,127.4938227
편의점,세븐일레븐순천우석점,전라남도,순천시,인제동,38-5,34.9460229,127.4894992
편의점,지에스25순천인제점,전라남도,순천시,인제동,371-1,34.9455381,127.4939453
편의점,GS25순천남교점,전라남도,순천시,저전동,203-3,34.9506548,127.4839068
편의점,지에스25순천,전라남도,순천시,저전동,229-5,34.947597,127.4870182
편의점,세븐일레븐순천,전라남도,순천시,장천동,31-6,34.9486529,127.489517
편의점,씨유순천,전라남도,순천시,장천동,46-7,34.9511514,127.4880519
편의점,GS25스카이장천상품권,전라남도,순천시,장천동,85-80,34.9468199,127.4906925
편의점,지에스25스카이장천,전라남도,순천시,장천동,85-80,34.9468199,127.4906925
편의점,GS25스카이장천,전라남도,순천시,장천동,85-80,34.9468199,127.4906925
편의점,포시즌마트,전라남도,순천시,장천동,85-21,34.9475476,127.4904733
편의점,이마트24순천,전라남도,순천시,장천동,119-14,34.9513206,127.486323
편의점,세븐순천사랑점,전라남도,순천시,장천동,31-6,34.9486529,127.489517
편의점,이마트24순천시민로점,전라남도,순천시,남내동,3-21,34.9541555,127.4863048
편의점,지에스25순천교차로점,전라남도,순천시,중앙동,59-2,34.9567931,127.4845115
편의점,세븐일레븐순천,전라남도,순천시,중앙동,68-6,34.9556041,127.4839141
편의점,이마트24순천중앙,전라남도,순천시,동외동,178-13,34.9571549,127.4868092
편의점,이마트,전라남도,순천시,동외동,168-1,34.9588078,127.4852026
편의점,씨유순천시립,전라남도,순천시,동외동,164-3,34.9571959,127.4859709
편의점,지에스25순천,전라남도,순천시,오천동,971-1,34.9328472,127.4944707
편의점,세븐일레븐순천오천호반점,전라남도,순천시,오천동,950,34.9378232,127.4927879
편의점,CU순천,전라남도,순천시,오천동,959-1,34.9347887,127.494386
편의점,지에스25순천(상품권),전라남도,순천시,오천동,971-1,34.9328472,127.4944707
편의점,이마트24오천호반점,전라남도,순천시,오천동,951,34.9359215,127.4923611
편의점,씨제이올리브영순천오천지구점,전라남도,순천시,오천동,967-6,34.9336211,127.4949724
편의점,이마트24순천,전라남도,순천시,오천동,963,34.9340275,127.4943858
편의점,지에스GS25순천,전라남도,순천시,오천동,971-1,34.9328472,127.4944707
편의점,지에스25오천,전라남도,순천시,오천동,988-1,34.9308416,127.496008
편의점,이마트24순천오천지구점,전라남도,순천시,오천동,980-5,34.9314316,127.4955772
편의점,이마트24SMART순천덕월신보점,전라남도,순천시,덕월동,1370-2,34.9326434,127.4888461
편의점,세븐일레븐순천청해점,전라남도,순천시,덕월동,2-58,34.9250692,127.4945255
편의점,세븐순천청해점,전라남도,순천시,덕월동,2-58,34.9250692,127.4945255
편의점,지에스25순천덕월점,전라남도,순천시,덕월동,1375-6,34.9309537,127.4894772
편의점,씨유순천제일대,전라남도,순천시,덕월동,450,34.9334826,127.4893952
편의점,GS25순천제일대점,전라남도,순천시,덕월동,387-3,34.931511,127.4876286
편의점,이마트24순천오천해광점,전라남도,순천시,덕월동,472-2,34.9356813,127.4895763
편의점,이마트24순천만점,전라남도,순천시,대대동,216-7,34.8869175,127.5080198
편의점,순천만홈마트,전라남도,순천시,대대동,38-23,34.8928086,127.5096037
편의점,지에스25순천,전라남도,순천시,왕지동,850-9,34.9702281,127.5229134
편의점,세븐일레븐순천,전라남도,순천시,왕지동,877-12,34.9681019,127.5245659
편의점,이마트24순천왕지,전라남도,순천시,왕지동,861-5,34.9700296,127.5267755
편의점,코리아세븐순천,전라남도,순천시,왕지동,877-12,34.9681019,127.5245659
편의점,지에스25순천,전라남도,순천시,왕지동,766-11,34.973136,127.5232328
편의점,세븐일레븐순천,전라남도,순천시,왕지동,869-1,34.9696314,127.5233954
편의점,이마트24순천왕지호수점,전라남도,순천시,왕지동,868-6,34.9681595,127.5228507
편의점,씨유조례,전라남도,순천시,왕지동,864-6,34.9681517,127.5222802
편의점,세븐일레븐순천,전라남도,순천시,왕지동,877-12,34.9681019,127.5245659
편의점,CU순천,전라남도,순천시,왕지동,872-5,34.9692359,127.525417
편의점,씨제이올리브영순천,전라남도,순천시,왕지동,865-1,34.967835,127.5222577
편의점,알리바이24시편의점왕지점,전라남도,순천시,조례동,1834-1,34.9533841,127.5319172
편의점,이마트24순천조례,전라남도,순천시,조례동,975-17,34.9604397,127.5203493
편의점,GS25조례,전라남도,순천시,조례동,1587-6,34.9535951,127.5220671
편의점,이마트24순천왕지점,전라남도,순천시,조례동,1805-1,34.957262,127.5326013
편의점,씨유순천왕지현대점,전라남도,순천시,조례동,1801,34.9580448,127.5323868
편의점,이마트24R순천조례주공점,전라남도,순천시,조례동,1344-5,34.9521758,127.5151466
편의점,이마트24순천에코그라드점,전라남도,순천시,조례동,1587-4,34.9539497,127.5218884
편의점,지에스25편의점조례3차마트,전라남도,순천시,조례동,372-1,34.9590551,127.5271713
편의점,미니스톱금당고점,전라남도,순천시,조례동,1601-7,34.953288,127.5242358
편의점,CU금당,전라남도,순천시,조례동,1622-10,34.9521319,127.5294502
편의점,로그인순천이노스점,전라남도,순천시,조례동,591-1,34.9637403,127.5209342
편의점,지에스25조례봉화점,전라남도,순천시,조례동,1099-3,34.958248,127.5181145
편의점,씨유순천조례,전라남도,순천시,조례동,560,34.9616577,127.5226791
편의점,지에스25금당,전라남도,순천시,조례동,1602-16,34.9539088,127.524611
편의점,지에스25조례시티점,전라남도,순천시,조례동,1348-1,34.953774,127.5152855
편의점,세븐일레븐순천조례공원점,전라남도,순천시,조례동,1701-4,34.9554652,127.5194749
편의점,씨유순천금나와라뚝딱점,전라남도,순천시,조례동,1616-1,34.9539091,127.5271925
편의점,미니스톱순천조례점,전라남도,순천시,조례동,1715-6,34.9545086,127.5187947
편의점,씨제이올리브영순천조례,전라남도,순천시,조례동,1722-13,34.9540611,127.5190147
편의점,지에스25순천명성점,전라남도,순천시,조례동,957-11,34.9610723,127.5178174
편의점,씨제이올리브영홈플러스,전라남도,순천시,조례동,975-1,34.9612203,127.5202891
편의점,미니스톱조례시대점,전라남도,순천시,조례동,1732-9,34.9718912,127.5212282
편의점,지에스25조례동신점,전라남도,순천시,조례동,1610,34.9550274,127.529263
편의점,씨유순천,전라남도,순천시,조례동,1594,34.953885,127.5226006
편의점,이마트24순천조례봉화점,전라남도,순천시,조례동,1688-10,34.9565181,127.5187994
편의점,쎄븐일레븐순천조례,전라남도,순천시,조례동,955-1,34.960901,127.5188903
편의점,세븐금당3호점,전라남도,순천시,조례동,1602-8,34.9544289,127.5256631
편의점,세븐일레븐순천조례미래점,전라남도,순천시,조례동,839-3,34.9632837,127.5199877
편의점,세븐순천조례점,전라남도,순천시,조례동,891-1,34.96182,127.5178614
편의점,지에스25왕지대주점,전라남도,순천시,조례동,1813-8,34.9565838,127.5352707
편의점,GS25조례원룸점,전라남도,순천시,조례동,936-1,34.9596339,127.5164695
편의점,지에스25순천동신,전라남도,순천시,조례동,1607,34.9555566,127.5270867
편의점,이마트24R순천금당,전라남도,순천시,조례동,1630,34.9516657,127.531104
편의점,미니스톱조례지구점,전라남도,순천시,조례동,1698-8,34.9557885,127.518427
편의점,지에스25뉴순천왕지점,전라남도,순천시,조례동,1832-4,34.9546216,127.5321353
편의점,세븐일레븐순천조례점,전라남도,순천시,조례동,891-1,34.96182,127.5178614
편의점,미니스톱순천프라임점,전라남도,순천시,조례동,1814-4,34.9582698,127.5351507
편의점,이마트24순천조례벨류점,전라남도,순천시,조례동,525-1,34.9584617,127.5226589
편의점,씨유순천,전라남도,순천시,조례동,1593-8,34.9542379,127.5241023
편의점,씨유조례봉화,전라남도,순천시,조례동,1434-6,34.9585998,127.5123653
편의점,세븐일레븐순천금당,전라남도,순천시,조례동,1602-8,34.9544289,127.5256631
편의점,세븐순천금당2,전라남도,순천시,조례동,1588-5,34.9546806,127.5238256
편의점,씨유순천조례슈퍼맨점,전라남도,순천시,조례동,1693-7,34.9561149,127.5194533
편의점,세븐일레븐순천금당,전라남도,순천시,조례동,1624-1,34.9516823,127.5275842
편의점,이마트24순천공고점,전라남도,순천시,조례동,1372-1,34.9554431,127.5148467
편의점,씨유순천조례동산점,전라남도,순천시,조례동,1696-9,34.9549295,127.5169181
편의점,이마트24순천시대,전라남도,순천시,조례동,1731-3,34.9716839,127.5206666
편의점,지에스25조례W,전라남도,순천시,조례동,1721-1,34.9539064,127.5177916
편의점,세븐일레븐순천금당,전라남도,순천시,조례동,1588-5,34.9546806,127.5238256
편의점,씨유순천조례봉화점,전라남도,순천시,조례동,1361,34.9534274,127.5132269
편의점,세븐일레븐순천조례봉화점,전라남도,순천시,조례동,1684-4,34.9577946,127.5190277
편의점,세븐일레븐순천조례,전라남도,순천시,조례동,1661-1,34.962531,127.5148978
편의점,미니스톱왕지지구점,전라남도,순천시,조례동,1832-3,34.95476,127.5320678
편의점,씨유순천성가롤로,전라남도,순천시,조례동,1742,34.9647108,127.5431308
편의점,씨유순천조례휴튼점,전라남도,순천시,조례동,550,34.9623145,127.5270747
편의점,이마트24순천조례비봉점,전라남도,순천시,조례동,816-2,34.9665501,127.5202727
편의점,이마트24순천,전라남도,순천시,조례동,544,34.9609715,127.5251706
편의점,지에스25조례,전라남도,순천시,조례동,1587-6,34.9535951,127.5220671
편의점,GS25조례상품권,전라남도,순천시,조례동,1587-6,34.9535951,127.5220671
편의점,더까까주까순천조례점,전라남도,순천시,조례동,1367-7,34.9551571,127.514217
편의점,GS25순천엔씨점,전라남도,순천시,조례동,1735-8,34.9710253,127.5206294
편의점,세븐일레븐순천조례원룸점,전라남도,순천시,조례동,1696-14,34.9557573,127.5175789
편의점,세븐일레븐순천조례동산점,전라남도,순천시,조례동,1719-2,34.9525993,127.5156609
편의점,씨유순천조례,전라남도,순천시,조례동,1096-1,34.9578948,127.5176711
편의점,씨유승주사랑방점,전라남도,순천시,승주읍,서평리 426-3,35.0132884,127.3872526
편의점,더까까주까순천,전라남도,순천시,해룡면,상삼리 622-9,34.9502276,127.5301075
편의점,브라보편의점,전라남도,순천시,해룡면,상삼리 383-30,34.9483398,127.5337815
편의점,CU신대월드점,전라남도,순천시,해룡면,신대리 2053-3,34.9277373,127.5486694
편의점,지에스25순천현대제철점,전라남도,순천시,해룡면,신성리 897,34.9141198,127.5842612
편의점,미니스톱율촌,전라남도,순천시,해룡면,신성리 905-2,34.9010739,127.5870698
편의점,씨제이올리브영순천신대지,전라남도,순천시,해룡면,신대리 1978-5,34.9340023,127.5481633
편의점,이마트24순천신대매안점,전라남도,순천시,해룡면,신대리 2006,34.9323734,127.5527609
편의점,씨유순천신대베스트,전라남도,순천시,해룡면,신대리 1981-5,34.9353293,127.5510245
편의점,GS25신대2지구,전라남도,순천시,해룡면,신대리 2038-5,34.9270731,127.5517943
편의점,씨유순천율촌,전라남도,순천시,해룡면,신성리 905-3,34.9008376,127.5867067
편의점,세븐순천신대점,전라남도,순천시,해룡면,신대리 1986-3,34.9338882,127.5512033
편의점,세븐순천금당사랑점,전라남도,순천시,해룡면,상삼리 651-7,34.9477922,127.5304025
편의점,이마트24SMART순천와온,전라남도,순천시,해룡면,상내리 839-3,34.8471296,127.5251522
편의점,씨유순천,전라남도,순천시,해룡면,복성리 산19-5,34.9619073,127.5444389
편의점,미니스톱신대타운점,전라남도,순천시,해룡면,신대리 2010-4,34.9319185,127.5534761
편의점,픽미픽미아이스신대점,전라남도,순천시,해룡면,신대리 1965,34.9392,127.5440933
편의점,씨유순천신대,전라남도,순천시,해룡면,신대리 1985-4,34.933788,127.5492414
편의점,지에스25신대원룸점,전라남도,순천시,해룡면,신대리 2110,34.9266878,127.5457288
편의점,씨유모다아울렛,전라남도,순천시,해룡면,남가리 99,34.9258722,127.5443418
편의점,세븐일레븐순천고바우점,전라남도,순천시,해룡면,호두리 1084-5,34.8916731,127.5644261
편의점,씨유신대클래스점,전라남도,순천시,해룡면,신대리 2002-2,34.9323639,127.555343
편의점,이마트24,전라남도,순천시,해룡면,신대리 1978-3,34.9341009,127.5476804
편의점,이마트24순천신대타운점,전라남도,순천시,해룡면,신대리 1968,34.9363899,127.5440581
편의점,세븐일레븐순천해룡,전라남도,순천시,해룡면,선월리 942-1,34.9070186,127.5645332
편의점,씨유순천기적점,전라남도,순천시,해룡면,상삼리 630-22,34.9503037,127.52625
편의점,씨유순천,전라남도,순천시,해룡면,상삼리 648-8,34.9476634,127.5289129
편의점,세븐일레븐순천신대지구점,전라남도,순천시,해룡면,신대리 2031,34.9281236,127.552496
편의점,지에스25금당지구점,전라남도,순천시,해룡면,상삼리 630-10,34.9497557,127.5272025
편의점,지에스25해룡부영6차점,전라남도,순천시,해룡면,상삼리 661,34.9464353,127.5298104
편의점,씨유순천에듀힐스점,전라남도,순천시,해룡면,신대리 1965,34.9392,127.5440933
편의점,세븐일레븐,전라남도,순천시,해룡면,신대리 1986-3,34.9338882,127.5512033
편의점,이마트24순천금당팔마점,전라남도,순천시,해룡면,상삼리 644-8,34.9495909,127.5301933
편의점,세븐일레븐순천율촌,전라남도,순천시,해룡면,신성리 906-3,34.8998154,127.5850442
편의점,세븐일레븐순천유아숲점,전라남도,순천시,해룡면,신대리 2149-8,34.9226721,127.5478477
편의점,지에스25금당대광점,전라남도,순천시,해룡면,상삼리 929,34.9430648,127.5330626
편의점,세븐일레븐순천해룡상삼점,전라남도,순천시,해룡면,상삼리 644-1,34.9495433,127.5291278
편의점,이마트24순천신대송산점,전라남도,순천시,해룡면,신대리 2107-1,34.9279085,127.5456222
편의점,세븐일레븐순천해광로점,전라남도,순천시,해룡면,신대리 2150,34.9207104,127.5493257
편의점,씨유뉴서순천IC점,전라남도,순천시,서면,동산리 89-2,34.9956169,127.4898085
편의점,씨유순천선평,전라남도,순천시,서면,선평리 1094,34.9839797,127.4996321
편의점,펜트하우스,전라남도,순천시,서면,판교리 541,35.040557,127.5018851
편의점,이마트24순천청소골점,전라남도,순천시,서면,지본리 595,34.9960045,127.506557
편의점,이마트24순천,전라남도,순천시,서면,선평리 300-2,34.9879164,127.5083323
편의점,세븐일레븐순천서면라송점,전라남도,순천시,서면,선평리 1089,34.9856226,127.4995953
편의점,CU순천서면LH점,전라남도,순천시,서면,선평리 471-6,34.9887462,127.4963623
편의점,이마트24순천,전라남도,순천시,서면,선평리 300-2,34.9879164,127.5083323
편의점,씨유순천선평점,전라남도,순천시,서면,선평리 234-5,34.985763,127.5036371
편의점,지에스25서면포레나점,전라남도,순천시,서면,선평리 337-3,34.9901517,127.500188
편의점,이마트24R서순천IC점,전라남도,순천시,서면,동산리 93-1,34.9960322,127.4890295
편의점,씨유주암,전라남도,순천시,주암면,광천리 163-4,35.0766737,127.2342829
편의점,미니스톱주암IC점,전라남도,순천시,주암면,요곡리 186-1,35.0632408,127.2678022
편의점,GS25낙안읍성,전라남도,순천시,낙안면,동내리 468-1,34.905926,127.3432456
편의점,지에스25낙안,전라남도,순천시,낙안면,동내리 265-38,34.9044531,127.3439103
편의점,지에스25순천별량점,전라남도,순천시,별량면,봉림리 619-2,34.8719333,127.4513251
편의점,세븐일레븐순천별량점,전라남도,순천시,별량면,두고리 351,34.8499813,127.4303272
편의점,새희망복권미니스톱순천별량점,전라남도,순천시,별량면,두고리 351,34.8499813,127.4303272
편의점,미니스톱순천상사점,전라남도,순천시,상사면,흘산리 92-1,34.9342768,127.4586234
편의점,미니스톱나주달빛점,전라남도,나주시,송월동,1269,35.0185813,126.7148142
편의점,이마트24나주,전라남도,나주시,송월동,1098-11,35.014594,126.7127503
편의점,세븐나주역점,전라남도,나주시,송월동,1252,35.0166081,126.7160521
편의점,나주농협송월지점,전라남도,나주시,송월동,1427,35.0167707,126.7175431
편의점,씨유나주송월,전라남도,나주시,송월동,650-1,35.0269126,126.715211
편의점,미니스톱나주시청,전라남도,나주시,송월동,1095-9,35.0172669,126.7137055
편의점,세븐일레븐나주,전라남도,나주시,송월동,1095-9,35.0172669,126.7137055
편의점,씨유나주,전라남도,나주시,송월동,747-7,35.0232861,126.7154774
편의점,미니스톱나주송월점,전라남도,나주시,송월동,680-1,35.0263727,126.7153634
편의점,세븐일레븐나주역점,전라남도,나주시,송월동,1252,35.0166081,126.7160521
편의점,미니스톱나주,전라남도,나주시,삼영동,161-4,35.0044656,126.7074251
편의점,알리바이나주점,전라남도,나주시,금성동,2-2,35.0313486,126.7171502
편의점,세븐일레븐나주남고문점,전라남도,나주시,남내동,57-1,35.0298127,126.7204617
편의점,이마트24나주성북주공점,전라남도,나주시,성북동,11-4,35.0366572,126.7187343
편의점,세븐일레븐나주,전라남도,나주시,성북동,100-11,35.0362074,126.7211758
편의점,지에스25나주,전라남도,나주시,중앙동,95-5,35.0331313,126.7213095
편의점,지에스25나주,전라남도,나주시,중앙동,76,35.0322962,126.7198509
편의점,씨유나주,전라남도,나주시,중앙동,29,35.0331403,126.7191346
편의점,씨제이올리브영-나주터미널,전라남도,나주시,중앙동,31-2,35.0327109,126.7187684
편의점,세븐일레븐나주다솔점,전라남도,나주시,중앙동,3-1,35.0342904,126.7219469
편의점,이마트24나주동신대점,전라남도,나주시,대호동,312-6,35.0506207,126.7213573
편의점,응응스크르나주대호점,전라남도,나주시,대호동,1023-5,35.0433288,126.7168728
편의점,세븐일레븐나주동신대점,전라남도,나주시,대호동,1029-1,35.0428582,126.7162694
편의점,GS25동신대점,전라남도,나주시,대호동,252,35.0518314,126.7170101
편의점,GS25나주대호점,전라남도,나주시,대호동,1040-11,35.0402112,126.7175124
편의점,지에스25나주대방점,전라남도,나주시,대호동,1026-1,35.0431782,126.7179297
편의점,지에스이십오동신대나래관점,전라남도,나주시,대호동,252-15,35.0509013,126.7174435
편의점,씨유나주동신점,전라남도,나주시,대호동,1031-1,35.0427059,126.7171139
편의점,이마트24나주대호점,전라남도,나주시,대호동,1034-6,35.042335,126.7169888
편의점,지에스25동신대,전라남도,나주시,대호동,236,35.0487362,126.7207597
편의점,씨유나주영산교점,전라남도,나주시,영산동,96-3,34.9991586,126.7106864
편의점,지에스25영산포,전라남도,나주시,이창동,191,34.9946586,126.7125299
편의점,씨유나주영,전라남도,나주시,이창동,157-4,34.9956112,126.7140156
편의점,7-ELEVEN나주이창점,전라남도,나주시,이창동,160-3,34.9957992,126.7133552
편의점,미니스톱뉴나주이창점,전라남도,나주시,이창동,719-7,34.9949145,126.7070053
편의점,GS25나주이창점,전라남도,나주시,이창동,718-6,34.9953887,126.7060917
편의점,세븐나주이창점,전라남도,나주시,이창동,160-3,34.9957992,126.7133552
편의점,비지에프리테일나주큐브에스점,전라남도,나주시,운곡동,238-1,34.9891263,126.6831944
편의점,비지에프로지스나주점,전라남도,나주시,동수동,386-2,34.9847192,126.6849606
편의점,레인보우207,전라남도,나주시,빛가람동,330-4,35.0164953,126.7941392
편의점,씨유나주스마트점,전라남도,나주시,빛가람동,210-1,35.0220298,126.7937213
편의점,바이25,전라남도,나주시,빛가람동,850,35.0111988,126.7969467
편의점,이마트24나주휴로스점,전라남도,나주시,빛가람동,204-1,35.0220328,126.7913189
편의점,씨유나주휴로스1차점,전라남도,나주시,빛가람동,194-1,35.0220426,126.7879113
편의점,GS25나주메가티움,전라남도,나주시,빛가람동,200,35.0229508,126.7903724
편의점,이마트24R나주혁신,전라남도,나주시,빛가람동,348-20,35.0197603,126.7859768
편의점,세븐일레븐나주혁신,전라남도,나주시,빛가람동,210-2,35.0215982,126.7937212
편의점,씨유나주휴로스,전라남도,나주시,빛가람동,190-1,35.022062,126.7859773
편의점,우노산업나주동신대한방병원지점,전라남도,나주시,빛가람동,937,35.0186428,126.7788018
편의점,이마트24나주스마트파크점,전라남도,나주시,빛가람동,353-1,35.0202709,126.7799254
편의점,지에스25에너지공대점,전라남도,나주시,빛가람동,863,35.0086743,126.8012789
편의점,세븐일레븐나주혁신KD,전라남도,나주시,빛가람동,288-3,35.0189632,126.7939129
편의점,알리바이케이원점,전라남도,나주시,빛가람동,273-1,35.0226639,126.7970389
편의점,이마트24나주스카이점,전라남도,나주시,빛가람동,334,35.0150961,126.7836885
편의점,지에스25나주루멘하임점,전라남도,나주시,빛가람동,330-7,35.0157878,126.7945821
편의점,지에스GS25에너지공대점상품권,전라남도,나주시,빛가람동,863,35.0086743,126.8012789
편의점,지에스25혁신루체점,전라남도,나주시,빛가람동,279-4,35.0203688,126.7938215
편의점,씨유나주,전라남도,나주시,빛가람동,160-6,35.0231589,126.7790222
편의점,씨제이올리브영나주,전라남도,나주시,빛가람동,348-1,35.0207975,126.7853409
편의점,세븐일레븐나주한전,전라남도,나주시,빛가람동,196-1,35.0237016,126.7859987
편의점,알리바이한전공대점,전라남도,나주시,빛가람동,256-4,35.0214869,126.7986969
편의점,GS25나주혁신코어점,전라남도,나주시,빛가람동,348-17,35.020397,126.786125
편의점,미니스톱나주,전라남도,나주시,빛가람동,197,35.0229558,126.7888546
편의점,이마트24나주,전라남도,나주시,빛가람동,336-1,35.0164823,126.7853036
편의점,포시즌마트빛가람희망로또,전라남도,나주시,빛가람동,288-7,35.017901,126.7938988
편의점,알리바이메가티움점,전라남도,나주시,빛가람동,200,35.0229508,126.7903724
편의점,지에스25나주우정국점,전라남도,나주시,빛가람동,266-1,35.0231549,126.7977174
편의점,씨유나주그린로점,전라남도,나주시,빛가람동,643-1,35.0092229,126.787289
편의점,지에스25빛가람엘에이치점,전라남도,나주시,빛가람동,394,35.0157357,126.778272
편의점,알앤에스,전라남도,나주시,빛가람동,266-1,35.0231549,126.7977174
편의점,지에스이십오에너지공대점,전라남도,나주시,빛가람동,863,35.0086743,126.8012789
편의점,빛가람편의점,전라남도,나주시,빛가람동,892-13,35.0245168,126.7991867
편의점,씨제이올리브영나주,전라남도,나주시,빛가람동,204-2,35.0216063,126.7913223
편의점,이마트24빛가람황동점,전라남도,나주시,빛가람동,419-1,35.0142489,126.7761113
편의점,씨유나주우미점,전라남도,나주시,빛가람동,144-2,35.0255249,126.7786887
편의점,씨유나주,전라남도,나주시,빛가람동,3,35.0318157,126.7848669
편의점,CU나주,전라남도,나주시,빛가람동,277-1,35.0208477,126.791274
편의점,씨유남평,전라남도,나주시,남평읍,동사리 363-1,35.0405757,126.8501847
편의점,지에스25남평리리버시티점,전라남도,나주시,남평읍,동사리 409,35.0425236,126.8492288
편의점,씨유나주드들강점,전라남도,나주시,남평읍,동사리 421,35.0376223,126.8537106
편의점,세븐일레븐나주,전라남도,나주시,남평읍,남평리 176-28,35.0459752,126.8379668
편의점,씨유남평,전라남도,나주시,남평읍,남평리 89,35.0466379,126.840392
편의점,씨유남평한국점,전라남도,나주시,남평읍,교원리 828,35.0259228,126.832274
편의점,세븐일레븐나주남평,전라남도,나주시,남평읍,남평리 65-1,35.0452557,126.8402179
편의점,지에스25남평리버시티점(상품권),전라남도,나주시,남평읍,동사리 409,35.0425236,126.8492288
편의점,지에스25나주,전라남도,나주시,남평읍,남평리 32,35.0467963,126.8421836
편의점,알리바이군계휴게소토토판매점,전라남도,나주시,세지면,송제리 801-3,34.9270525,126.7074391
편의점,알리바이군계휴게소점,전라남도,나주시,세지면,송제리 801-3,34.9270525,126.7074391
편의점,지에스25나주예향점,전라남도,나주시,세지면,죽동리 213-25,34.9406046,126.7118468
편의점,씨유세지,전라남도,나주시,세지면,오봉리 727-173,34.9208744,126.7482251
편의점,씨유나주세지,전라남도,나주시,세지면,송제리 664-15,34.9344703,126.7115176
편의점,씨유나주갑산,전라남도,나주시,왕곡면,양산리 21-7,34.972343,126.7059519
편의점,세븐일레븐나주혁신,전라남도,나주시,왕곡면,덕산리 809-6,34.9720412,126.6893345
편의점,세븐일레븐나주공산점,전라남도,나주시,공산면,금곡리 868-2,34.9425859,126.6076334
편의점,지에스25나주노안점,전라남도,나주시,노안면,도산리 64-7,35.0766627,126.7617578
편의점,씨유나주노안점,전라남도,나주시,노안면,장동리 604,35.0682431,126.7405785
편의점,씨유나주금천,전라남도,나주시,금천면,석전리 96-3,35.0364675,126.7807545
편의점,지에스25나주,전라남도,나주시,금천면,오강리 158-14,35.0318167,126.7540174
편의점,이서방편의점,전라남도,나주시,금천면,원곡리 227-3,35.0357942,126.7525616
편의점,CU나주산포,전라남도,나주시,산포면,매성리 1264-3,35.0383282,126.8032494
편의점,씨유나주,전라남도,나주시,봉황면,죽석리 540-4,34.9580383,126.7850846
편의점,봉황편의점마트,전라남도,나주시,봉황면,죽석리 628-16,34.9571591,126.7812192
편의점,이마트24내트럭하우스점,전라남도,광양시,황금동,1108-1,34.8964883,127.6370305
편의점,세븐일레븐광양항선원회관점,전라남도,광양시,도이동,780,34.9082205,127.66953
편의점,세븐일레븐광양,전라남도,광양시,중동,1589-1,34.950411,127.6884235
편의점,이마트24광양중마,전라남도,광양시,중동,1457-4,34.9474905,127.6884879
편의점,지에스25광양사동로점,전라남도,광양시,중동,1459-5,34.9467473,127.6874803
편의점,GS25중마,전라남도,광양시,중동,1539-5,34.947455,127.6894777
편의점,이마트24광양중마터미널,전라남도,광양시,중동,1758-15,34.9355245,127.6988385
편의점,지에스25광양항만,전라남도,광양시,중동,1255,34.9279975,127.6879635
편의점,GS25중마,전라남도,광양시,중동,1831-5,34.9318114,127.697325
편의점,씨유광양항,전라남도,광양시,중동,1252,34.9283147,127.688099
편의점,지에스25광양,전라남도,광양시,중동,1770-1,34.9337081,127.7001116
편의점,세븐일레븐,전라남도,광양시,중동,1380-8,34.9413625,127.6872585
편의점,세븐일레븐동,전라남도,광양시,중동,1386-1,34.9411192,127.6888651
편의점,CU광양중마,전라남도,광양시,중동,1433-10,34.9460769,127.6864664
편의점,세븐일레븐광양시티,전라남도,광양시,중동,1674,34.9354159,127.6939573
편의점,코리아세븐광양중마,전라남도,광양시,중동,1757-1,34.9356551,127.70013
편의점,세븐일레븐광양중마,전라남도,광양시,중동,1413-4,34.9434105,127.6885399
편의점,미니스톱중마성호점,전라남도,광양시,중동,1837-10,34.9312512,127.6960553
편의점,세븐일레븐광양이편한점,전라남도,광양시,중동,1308-13,34.9397699,127.6990541
편의점,이마트24광양이편한점,전라남도,광양시,중동,1305-5,34.9405158,127.6985813
편의점,CU광양중마,전라남도,광양시,중동,1296-15,34.9425818,127.6983636
편의점,세븐일레븐광양중마,전라남도,광양시,중동,1401-8,34.9424143,127.6868287
편의점,세븐일레븐광양중마대로점,전라남도,광양시,중동,1321-3,34.9436123,127.6976969
편의점,지에스25중동이편한점,전라남도,광양시,중동,1309-1,34.9392908,127.6988752
편의점,이마트24광양항만대로점,전라남도,광양시,중동,1812-14,34.927774,127.6980713
편의점,세븐일레븐광양중마,전라남도,광양시,중동,1643-6,34.9377,127.6969546
편의점,세븐일레븐광양중마,전라남도,광양시,중동,1757-1,34.9356551,127.70013
편의점,이마트24광양동광점,전라남도,광양시,중동,1354,34.9434588,127.6941768
편의점,GS25광양호반점,전라남도,광양시,중동,1647-1,34.9376945,127.6952926
편의점,미니스톱중마길호점,전라남도,광양시,중동,1881-13,34.9258454,127.6976203
편의점,세븐일레븐광양중마주공점,전라남도,광양시,중동,1432-7,34.9454592,127.6868553
편의점,세븐일레븐,전라남도,광양시,중동,1639-7,34.93654,127.6969406
편의점,이마트24광양중마,전라남도,광양시,중동,1300-3,34.9420075,127.6998729
편의점,지에스25중마,전라남도,광양시,중동,1361-29,34.9403033,127.6896417
편의점,세븐일레븐광양마동공원점,전라남도,광양시,중동,1552-1,34.9493896,127.6917387
편의점,씨유동광양원룸점,전라남도,광양시,중동,1362-1,34.9403029,127.6881981
편의점,이마트24,전라남도,광양시,중동,1643-4,34.9372298,127.6969467
편의점,씨유광양,전라남도,광양시,중동,1641-2,34.9360405,127.6965872
편의점,지에스25광양,전라남도,광양시,중동,1406-4,34.9441251,127.6872905
편의점,미니스톱중마,전라남도,광양시,중동,1345-10,34.9448836,127.6953318
편의점,GS25중마동광점,전라남도,광양시,중동,1319,34.9427352,127.6956721
편의점,세븐일레븐광양,전라남도,광양시,중동,1317-4,34.9414653,127.6966147
편의점,세븐일레븐광양중마호반점,전라남도,광양시,중동,1649-4,34.9366635,127.6960375
편의점,지에스25중동,전라남도,광양시,중동,1676-16,34.9355954,127.6952537
편의점,세븐광양중마성호점,전라남도,광양시,중동,1853-2,34.9309946,127.6973059
편의점,세븐광양중마시영점,전라남도,광양시,중동,1401-8,34.9424143,127.6868287
편의점,씨제이올리브영홈플러스광양,전라남도,광양시,중동,1811-1,34.9283716,127.6948092
편의점,씨제이올리브영,전라남도,광양시,중동,1641-2,34.9360405,127.6965872
편의점,지에스25중마,전라남도,광양시,중동,1679-4,34.9348208,127.6977503
편의점,씨유광양호반점,전라남도,광양시,중동,1626-1,34.9379949,127.6937357
편의점,세븐일레븐백운대로점,전라남도,광양시,중동,1603-1,34.9388545,127.6894395
편의점,씨유광양와우행복,전라남도,광양시,마동,1311,34.9454086,127.7105661
편의점,씨유광양마동대로점,전라남도,광양시,마동,1120-4,34.9504559,127.6979544
편의점,씨유광양사동로점,전라남도,광양시,마동,1053-1,34.9541953,127.6892204
편의점,지에스GS25광양스위트점상품권,전라남도,광양시,마동,1157-14,34.9374951,127.70692
편의점,미니스톱광양눈소로점,전라남도,광양시,마동,1163-1,34.9386409,127.7084789
편의점,세븐일레븐광양사동로점,전라남도,광양시,마동,1103-1,34.9520087,127.6953341
편의점,이마트24광양,전라남도,광양시,마동,1035-1,34.9548936,127.6906283
편의점,지에스이십오마동,전라남도,광양시,마동,1021-4,34.9546712,127.6893198
편의점,GS25광양스위트점,전라남도,광양시,마동,1157-14,34.9374951,127.70692
편의점,지에스25광양송보점,전라남도,광양시,마동,1037-5,34.9548838,127.6920923
편의점,지에스25광양스위트점,전라남도,광양시,마동,1157-14,34.9374951,127.70692
편의점,굿타임편의점,전라남도,광양시,마동,1123-3,34.9504603,127.6960712
편의점,세븐광양예스현대점,전라남도,광양시,광영동,755-2,34.9663244,127.7164425
편의점,씨유광양광영,전라남도,광양시,광영동,741-1,34.9609202,127.7286042
편의점,CU광양광영점,전라남도,광양시,광영동,718-1,34.9618243,127.7238681
편의점,세븐일레븐광양광영,전라남도,광양시,광영동,802-4,34.9621914,127.7235724
편의점,지에스25광영,전라남도,광양시,광영동,729-1,34.9617968,127.7250516
편의점,이마트24광양힐링점,전라남도,광양시,광영동,744-6,34.9599791,127.7290745
편의점,GS25광영마루,전라남도,광양시,광영동,767-10,34.9654968,127.7190436
편의점,세븐일레븐광양예스현대점,전라남도,광양시,광영동,755-2,34.9663244,127.7164425
편의점,이마트24광양광영로점,전라남도,광양시,광영동,729-6,34.9617872,127.7257228
편의점,세븐일레븐광양브라운스폰점,전라남도,광양시,광영동,846,34.9645275,127.7123576
편의점,이마트24광양광영점,전라남도,광양시,광영동,778-9,34.9644918,127.7185017
편의점,세븐일레븐광양현대점,전라남도,광양시,광영동,764-4,34.9639512,127.7168522
편의점,씨유광양광영로점,전라남도,광양시,광영동,758-4,34.9661099,127.7173972
편의점,지에스25광양광영로,전라남도,광양시,광영동,787-4,34.9624687,127.7194058
편의점,알리바이광영점,전라남도,광양시,광영동,763-2,34.9637799,127.7163391
편의점,GS25포스코태인점,전라남도,광양시,태인동,303-6,34.9346985,127.7466147
편의점,세븐일레븐광양태인점,전라남도,광양시,태인동,303-41,34.9355797,127.7455088
편의점,세븐일레븐태인,전라남도,광양시,태인동,1651-3,34.9413951,127.7500223
편의점,씨유광양태인점,전라남도,광양시,태인동,125-33,34.9432044,127.7581347
편의점,이마트24광양태인점,전라남도,광양시,태인동,125-65,34.9429975,127.7581277
편의점,이마트24포스코,전라남도,광양시,금호동,624-24,34.9352493,127.7231615
편의점,씨제이올리브영몰오브,전라남도,광양시,금호동,624-24,34.9352493,127.7231615
편의점,세븐일레븐광양초남공단점,전라남도,광양시,광양읍,초남리 764,34.9373049,127.6050988
편의점,세븐일레븐광양칠성주공점,전라남도,광양시,광양읍,칠성리 89-5,34.9822828,127.583064
편의점,씨유광양덕례원룸점,전라남도,광양시,광양읍,덕례리 1670-12,34.9650539,127.5726617
편의점,지에스25덕례에르가점,전라남도,광양시,광양읍,덕례리 1774-1,34.9686494,127.5630854
편의점,씨유광양매천로점,전라남도,광양시,광양읍,구산리 836-1,34.9782175,127.5776567
편의점,지에스25광양,전라남도,광양시,광양읍,인서리 484-1,34.9670417,127.5847429
편의점,세븐일레븐광양,전라남도,광양시,광양읍,칠성리 524-18,34.9720394,127.5819496
편의점,씨유광양덕례수시아점,전라남도,광양시,광양읍,덕례리 1758-2,34.9681872,127.5670788
편의점,지에스25덕례하우스,전라남도,광양시,광양읍,덕례리 1728-10,34.964303,127.5740578
편의점,세븐일레븐광양,전라남도,광양시,광양읍,칠성리 39-9,34.9786452,127.5870663
편의점,이마트24광양교차로점,전라남도,광양시,광양읍,용강리 133-1,34.9642599,127.6038494
편의점,씨유칠성로고스점,전라남도,광양시,광양읍,인서리 455-1,34.9698049,127.5842373
편의점,씨유광양칠성매화점,전라남도,광양시,광양읍,구산리 769-7,34.9815964,127.5807255
편의점,CU광양,전라남도,광양시,광양읍,칠성리 512-9,34.9701875,127.5821994
편의점,씨유광양,전라남도,광양시,광양읍,인동리 414-3,34.9698414,127.5892433
편의점,세븐일레븐광양창덕점,전라남도,광양시,광양읍,용강리 892,34.9746702,127.6089783
편의점,CU광양칠성,전라남도,광양시,광양읍,칠성리 901-7,34.9790397,127.583967
편의점,미니스톱광양메디컬점,전라남도,광양시,광양읍,인서리 145-15,34.9706565,127.5858491
편의점,이마트24광양서평로점,전라남도,광양시,광양읍,구산리 838-11,34.9769531,127.5767218
편의점,지에스25광양이편한점,전라남도,광양시,광양읍,구산리 850-1,34.9750385,127.5755894
편의점,세븐일레븐광양계원점,전라남도,광양시,광양읍,덕례리 1678-15,34.964955,127.569506
편의점,씨유광양주공점,전라남도,광양시,광양읍,칠성리 67-2,34.9820311,127.5838856
편의점,이마트24광양인서점,전라남도,광양시,광양읍,인동리 410-3,34.9704949,127.588512
편의점,지에스25덕례원룸점,전라남도,광양시,광양읍,덕례리 1676-5,34.9646691,127.570662
편의점,씨유광양,전라남도,광양시,광양읍,우산리 555-3,34.9807217,127.5892968
편의점,지에스25광양서천점,전라남도,광양시,광양읍,칠성리 951-9,34.9710625,127.57881
편의점,씨유광양부영알짜점,전라남도,광양시,광양읍,인서리 476-4,34.9680221,127.5835494
편의점,씨유광양금나와라뚝딱점,전라남도,광양시,광양읍,읍내리 116-2,34.9753207,127.587525
편의점,지에스25광양영신점,전라남도,광양시,광양읍,덕례리 1695-1,34.9630131,127.5727146
편의점,씨유광양우리,전라남도,광양시,광양읍,인서리 149-4,34.9705969,127.5866641
편의점,씨유광양덕례점,전라남도,광양시,광양읍,덕례리 1678-8,34.9658549,127.5698869
편의점,세븐일레븐광양칠성희양점,전라남도,광양시,광양읍,칠성리 388-3,34.9747816,127.5840749
편의점,GS25광양오성,전라남도,광양시,광양읍,덕례리 1736-8,34.9643705,127.5770588
편의점,세븐일레븐광양덕례,전라남도,광양시,광양읍,덕례리 1665-15,34.9671995,127.5700503
편의점,세븐일레븐광양덕례점,전라남도,광양시,광양읍,덕례리 1784-11,34.9657125,127.5656697
편의점,미니스톱광양,전라남도,광양시,광양읍,덕례리 1784-1,34.9667029,127.5660022
편의점,씨제이올리브영광양LF,전라남도,광양시,광양읍,덕례리 1834,34.962571,127.5668503
편의점,이마트24광양서천마루점,전라남도,광양시,광양읍,칠성리 957-1,34.9707003,127.5784357
편의점,세븐일레븐광양인서점,전라남도,광양시,광양읍,인서리 61,34.9745001,127.5860506
편의점,세븐일레븐광양덕례회암점,전라남도,광양시,광양읍,덕례리 1727-13,34.9643554,127.5751115
편의점,지에스25광양매화점,전라남도,광양시,광양읍,구산리 768-2,34.9834821,127.5799525
편의점,픽미픽미플러스,전라남도,광양시,광양읍,용강리 908-8,34.9693587,127.6110657
편의점,씨유광양읍,전라남도,광양시,광양읍,칠성리 947-10,34.9726821,127.5811368
편의점,세븐일레븐광양창덕에버빌점,전라남도,광양시,광양읍,용강리 896-1,34.9719382,127.6090673
편의점,이마트24광양교차로점,전라남도,광양시,광양읍,용강리 133-1,34.9642599,127.6038494
편의점,지에스25덕례수시아점,전라남도,광양시,광양읍,덕례리 1761-1,34.9689363,127.5671859
편의점,씨유광양용강송보점,전라남도,광양시,광양읍,용강리 901-5,34.970006,127.6116657
편의점,세븐광양매화점,전라남도,광양시,광양읍,구산리 769-7,34.9815964,127.5807255
편의점,씨유광양덕례퍼플점,전라남도,광양시,광양읍,덕례리 1727-8,34.964676,127.5766582
편의점,세븐일레븐광양옥룡점,전라남도,광양시,옥룡면,운평리 707-7,35.0163776,127.6190587
편의점,CU광양매화점,전라남도,광양시,옥곡면,신금리 1321-1,34.9883354,127.7016282
편의점,오션마린,전라남도,광양시,옥곡면,신금리 1507-104,34.9652177,127.7258867
편의점,GS25신금,전라남도,광양시,옥곡면,신금리 1582-13,34.9766053,127.7170576
편의점,씨유옥곡강변로점,전라남도,광양시,옥곡면,신금리 365-3,34.9809029,127.7137166
편의점,씨유광양황금알점,전라남도,광양시,진상면,섬거리 299-4,35.0187308,127.7199806
편의점,이마트24광양망덕점,전라남도,광양시,진월면,망덕리 28,34.9698423,127.7588305
편의점,세븐일레븐광양매화,전라남도,광양시,다압면,도사리 540,35.0793951,127.7163403
편의점,이마트24담양공고,전라남도,담양군,담양읍,강쟁리 1649,35.3012298,126.9801561
편의점,GS25담양,전라남도,담양군,담양읍,천변리 34-1,35.3186864,126.9825826
편의점,이마트24담양죽녹원,전라남도,담양군,담양읍,운교리 77-6,35.3329733,126.9864827
편의점,씨유담양호텔드몽드,전라남도,담양군,담양읍,학동리 703,35.3215709,127.0050372
편의점,지에스25담양매화점,전라남도,담양군,담양읍,오계리 292,35.2985717,126.9994134
편의점,컬투패밀리테지움점,전라남도,담양군,담양읍,학동리 642,35.329696,127.0174095
편의점,씨유담양백동점,전라남도,담양군,담양읍,백동리 278-4,35.3129313,126.9822291
편의점,씨유담양추성로점,전라남도,담양군,담양읍,양각리 314-2,35.3180917,126.9698596
편의점,지에스25담양,전라남도,담양군,담양읍,지침리 664,35.3149697,126.9837382
편의점,씨유담양,전라남도,담양군,담양읍,지침리 138-3,35.3178812,126.9832179
편의점,세븐일레븐담양,전라남도,담양군,담양읍,학동리 664-3,35.3217817,127.0039279
편의점,이마트24전남담양점,전라남도,담양군,담양읍,백동리 342-24,35.3099516,126.9817575
편의점,메타편의점,전라남도,담양군,담양읍,학동리 662-2,35.3206336,127.0028544
편의점,GS25담양무정점,전라남도,담양군,담양읍,백동리 88-6,35.3084449,126.9851304
편의점,지에스25담양백동점,전라남도,담양군,담양읍,백동리 103-2,35.3079725,126.9861443
편의점,씨유담양,전라남도,담양군,담양읍,객사리 71,35.320016,126.9850579
편의점,GS25담양,전라남도,담양군,담양읍,지침리 114-3,35.3155072,126.9851125
편의점,씨유창평아름점,전라남도,담양군,창평면,창평리 217-1,35.2373969,127.0142273
편의점,이마트24담양창평점,전라남도,담양군,창평면,창평리 244-12,35.2385958,127.013571
편의점,세븐일레븐담양무정공단점,전라남도,담양군,무정면,봉안리 635-6,35.2939521,127.0306866
편의점,세븐일레븐담양수북점,전라남도,담양군,수북면,수북리 262,35.3015313,126.9317495
편의점,지에스25담양수북점,전라남도,담양군,수북면,수북리 137,35.3019714,126.9302479
편의점,세븐일레븐담양,전라남도,담양군,대전면,대치리 1405,35.2752731,126.8845991
편의점,세븐일레븐담양한빛,전라남도,담양군,대전면,행성리 34-22,35.2901221,126.9175279
편의점,지에스25곡성,전라남도,곡성군,곡성읍,읍내리 718-7,35.2832174,127.2910975
편의점,세븐일레븐곡성군청점,전라남도,곡성군,곡성읍,읍내리 327-3,35.2804563,127.2929877
편의점,지에스25곡성,전라남도,곡성군,곡성읍,읍내리 243-6,35.2792524,127.2935637
편의점,씨유곡성,전라남도,곡성군,곡성읍,읍내리 296-6,35.2804601,127.2939163
편의점,세븐일레븐곡성하이빌점,전라남도,곡성군,곡성읍,읍내리 723-1,35.2824634,127.2900275
편의점,지에스25곡성오곡점,전라남도,곡성군,오곡면,오지리 547-2,35.2715282,127.3151943
편의점,GS25곡성압록점,전라남도,곡성군,오곡면,압록리 31-6,35.1954469,127.374853
편의점,지에스25곡성압록점,전라남도,곡성군,오곡면,압록리 31-6,35.1954469,127.374853
편의점,씨유곡성압록점,전라남도,곡성군,오곡면,압록리 97,35.1945722,127.3751436
편의점,지에스25곡성압록점(상품권),전라남도,곡성군,오곡면,압록리 31-6,35.1954469,127.374853
편의점,지에스25곡성IC점,전라남도,곡성군,삼기면,괴소리 256-1,35.2271349,127.2273944
편의점,씨유곡성석곡점,전라남도,곡성군,석곡면,석곡리 224-1,35.1321275,127.2535223
편의점,이마트24곡성석곡점,전라남도,곡성군,석곡면,석곡리 170-1,35.1310941,127.2556712
편의점,지에스25곡성,전라남도,곡성군,옥과면,죽림리 119-14,35.2761945,127.1410735
편의점,씨유옥과소연점,전라남도,곡성군,옥과면,리문리 220-1,35.276097,127.1356149
편의점,세븐일레븐곡성옥과하늘점,전라남도,곡성군,옥과면,옥과리 220-26,35.2750473,127.1343491
편의점,지에스25곡성옥과점,전라남도,곡성군,옥과면,옥과리 221-8,35.2745842,127.1330642
편의점,이마트24옥과,전라남도,곡성군,옥과면,옥과리 149-4,35.2753512,127.1335791
편의점,지에스25곡성,전라남도,곡성군,입면,창정리 164-1,35.3055387,127.1882589
편의점,세븐일레븐곡성옥과IC점,전라남도,곡성군,오산면,연화리 9-1,35.2654931,127.1214922
편의점,미니스톱구례동광점,전라남도,구례군,구례읍,봉동리 358-1,35.2092521,127.4674901
편의점,세븐일레븐구례봉동점,전라남도,구례군,구례읍,봉동리 302,35.2087596,127.4642047
편의점,GS25구례,전라남도,구례군,구례읍,봉북리 1438-10,35.2152379,127.4640157
편의점,세븐일레븐구례,전라남도,구례군,구례읍,봉남리 1,35.2065105,127.4683847
편의점,CU구례,전라남도,구례군,구례읍,봉동리 179-1,35.2109919,127.4728456
편의점,이마트24구례군청점,전라남도,구례군,구례읍,봉남리 10-3,35.2033561,127.4646025
편의점,씨유구례,전라남도,구례군,구례읍,봉남리 12,35.2059718,127.4680688
편의점,세븐일레븐,전라남도,구례군,구례읍,봉북리 389,35.2143359,127.4674769
편의점,GS25구례,전라남도,구례군,구례읍,봉남리 103-3,35.2061098,127.4646264
편의점,세븐구례봉동점,전라남도,구례군,구례읍,봉동리 302,35.2087596,127.4642047
편의점,지에스이십오구례봉동점,전라남도,구례군,구례읍,봉동리 219,35.2098701,127.4727298
편의점,벚꽃길스토어,전라남도,구례군,문척면,죽마리 574-5,35.1871193,127.4721703
편의점,세븐일레븐구례토지점,전라남도,구례군,토지면,파도리 853,35.1972914,127.5256459
편의점,세븐일레븐구례화엄사점,전라남도,구례군,마산면,황전리 423-3,35.2383148,127.4874127
편의점,자연세계편의점,전라남도,구례군,산동면,수기리 249-4,35.3468346,127.4587271
편의점,이마트24성삼재휴게소점,전라남도,구례군,산동면,좌사리 산110-6,35.3060822,127.5106597
편의점,세븐일레븐구례지리산점,전라남도,구례군,산동면,관산리 711-2,35.3171898,127.45843
편의점,세븐일레븐고흥,전라남도,고흥군,고흥읍,서문리 219-73,34.607385,127.281815
편의점,씨유고흥,전라남도,고흥군,고흥읍,남계리 335-4,34.613834,127.2900162
편의점,지에스25전남,전라남도,고흥군,고흥읍,등암리 168-5,34.599816,127.2773618
편의점,미니스톱고흥,전라남도,고흥군,고흥읍,남계리 631-7,34.6073219,127.2839445
편의점,씨유고흥,전라남도,고흥군,고흥읍,남계리 547-6,34.6100772,127.2873904
편의점,지에스25고흥빅리치점,전라남도,고흥군,고흥읍,남계리 1047,34.6065475,127.2810516
편의점,미니스톱고흥,전라남도,고흥군,고흥읍,남계리 673-3,34.609426,127.288687
편의점,씨유고흥라온하우스점,전라남도,고흥군,고흥읍,남계리 939-1,34.6091641,127.2839235
편의점,세븐일레븐고흥등암점,전라남도,고흥군,고흥읍,등암리 167-2,34.6010902,127.278172
편의점,씨유고흥목화점,전라남도,고흥군,고흥읍,서문리 217-9,34.6072642,127.279148
편의점,씨유고흥행정점,전라남도,고흥군,고흥읍,행정리 167-1,34.6128715,127.2802147
편의점,씨유고흥남계점,전라남도,고흥군,고흥읍,남계리 651-21,34.6076307,127.2885204
편의점,데이앤데이고흥목화점,전라남도,고흥군,고흥읍,서문리 217-9,34.6072642,127.279148
편의점,세븐일레븐고흥주공점,전라남도,고흥군,고흥읍,남계리 647-18,34.6066198,127.2898296
편의점,세븐일레븐고흥남계메디컬점,전라남도,고흥군,고흥읍,남계리 1035,34.6051635,127.2803763
편의점,GS25선라이즈호점,전라남도,고흥군,도양읍,봉암리 3907,34.5221386,127.1455044
편의점,미니스톱녹동신항점,전라남도,고흥군,도양읍,봉암리 3397,34.5262927,127.1411705
편의점,씨유고흥녹동,전라남도,고흥군,도양읍,봉암리 1615-26,34.532222,127.1389334
편의점,미니스톱녹동천마점,전라남도,고흥군,도양읍,봉암리 3245,34.528169,127.145004
편의점,씨유고흥녹동신항점,전라남도,고흥군,도양읍,봉암리 3874,34.5241762,127.1438061
편의점,지에스25고흥도양점,전라남도,고흥군,도양읍,봉암리 2785-6,34.5263591,127.1353996
편의점,지에스25고흥도양주공점,전라남도,고흥군,도양읍,봉암리 1514-4,34.5283823,127.1438447
편의점,세븐일레븐고흥녹동항점,전라남도,고흥군,도양읍,봉암리 2783-3,34.5276158,127.1348991
편의점,씨유녹동썬비치점,전라남도,고흥군,도양읍,봉암리 2787,34.525113,127.1362655
편의점,세븐고흥녹동중앙점,전라남도,고흥군,도양읍,봉암리 3120,34.5279098,127.140277
편의점,행운나눔로또판매점미니스톱,전라남도,고흥군,도양읍,봉암리 2072-46,34.5290051,127.136107
편의점,에스케이디이마트24고흥녹동점,전라남도,고흥군,도양읍,봉암리 2699-255,34.5287983,127.1385144
편의점,이마트24녹동점1등복권방,전라남도,고흥군,도양읍,봉암리 2699-255,34.5287983,127.1385144
편의점,씨유고흥녹동점,전라남도,고흥군,도양읍,봉암리 2070-22,34.5296494,127.1364341
편의점,지에스25고흥녹동,전라남도,고흥군,도양읍,봉암리 2699-210,34.5288679,127.1408159
편의점,고흥만힐링편의점,전라남도,고흥군,도덕면,용동리 산6,34.6476233,127.1964168
편의점,지에스25고흥도덕점,전라남도,고흥군,도덕면,도덕리 47-13,34.5658768,127.1759328
편의점,씨유R고흥썬밸리리조트점,전라남도,고흥군,도덕면,용동리 산4,34.645516,127.197997
편의점,지에스25고흥금산점,전라남도,고흥군,금산면,대흥리 736-16,34.4602648,127.1261205
편의점,미니스톱고흥금산점,전라남도,고흥군,금산면,대흥리 361-2,34.4618769,127.1275519
편의점,씨유도화소설점,전라남도,고흥군,도화면,당오리 646-13,34.5091372,127.3174992
편의점,세븐일레븐고흥포두점,전라남도,고흥군,포두면,길두리 1345-15,34.5717706,127.3395295
편의점,씨유고흥우주점,전라남도,고흥군,포두면,상대리 1-5,34.5705517,127.3407249
편의점,지에스25고흥포두점,전라남도,고흥군,포두면,상대리 88-1,34.5703221,127.3412286
편의점,해창빌딩,전라남도,고흥군,봉래면,신금리 1000-1,34.4645245,127.4542433
편의점,씨유나로우주점,전라남도,고흥군,봉래면,신금리 1252-3,34.4654996,127.4546977
편의점,이마트24고흥파랑새점,전라남도,고흥군,점암면,연봉리 477-1,34.6597945,127.3512517
편의점,씨유고흥과역점,전라남도,고흥군,과역면,과역리 408-30,34.6801723,127.3608365
편의점,선정편의점,전라남도,고흥군,남양면,월정리 684,34.7518114,127.385562
편의점,씨유고흥동강점,전라남도,고흥군,동강면,유둔리 194-4,34.7792066,127.3331636
편의점,씨유나로산들점,전라남도,고흥군,동일면,백양리 813-2,34.5025321,127.4674852
편의점,다향아트밸리편의점,전라남도,보성군,보성읍,봉산리 1264-3,34.7159376,127.0860963
편의점,GS25보성,전라남도,보성군,보성읍,보성리 93-13,34.7676942,127.0843795
편의점,씨유보성주공점,전라남도,보성군,보성읍,우산리 631-2,34.7655697,127.088067
편의점,지에스25보성해,전라남도,보성군,보성읍,원봉리 5-20,34.7633712,127.0752821
편의점,세븐일레븐보성경찰서점,전라남도,보성군,보성읍,보성리 757-1,34.7696897,127.0817946
편의점,씨유보성역점,전라남도,보성군,보성읍,보성리 893-12,34.7677915,127.0814982
편의점,씨유보성,전라남도,보성군,보성읍,보성리 88,34.767475,127.0850892
편의점,지에스25보성군청점,전라남도,보성군,보성읍,보성리 556,34.7730664,127.0810509
편의점,GS25보성군청점상품권,전라남도,보성군,보성읍,보성리 556,34.7730664,127.0810509
편의점,GS25보성군청점,전라남도,보성군,보성읍,보성리 556,34.7730664,127.0810509
편의점,세븐일레븐보성현충로점,전라남도,보성군,보성읍,원봉리 5-29,34.7642902,127.0757967
편의점,씨유벌교읍점,전라남도,보성군,벌교읍,벌교리 867-2,34.8468889,127.3432145
편의점,삼성편의점,전라남도,보성군,벌교읍,장좌리 292,34.8339828,127.3455699
편의점,미니스톱벌교,전라남도,보성군,벌교읍,회정리 435-4,34.8474856,127.3510086
편의점,대광편의점,전라남도,보성군,벌교읍,척령리 666-3,34.8382358,127.3097341
편의점,세븐일레븐벌교,전라남도,보성군,벌교읍,벌교리 873-6,34.8447003,127.3439053
편의점,지에스25벌교장좌점,전라남도,보성군,벌교읍,장좌리 605-1,34.8359306,127.342455
편의점,씨유보성조성점,전라남도,보성군,조성면,조성리 899-4,34.8073895,127.2454797
편의점,지에스25보성조성점,전라남도,보성군,조성면,조성리 640,34.8080754,127.247495
편의점,세븐일레븐보성예당점,전라남도,보성군,득량면,예당리 433-6,34.7799377,127.2008695
편의점,쉬면뭐하니,전라남도,보성군,득량면,오봉리 907-2,34.7621478,127.1666107
편의점,세븐일레븐,전라남도,보성군,회천면,동율리 560-10,34.6707476,127.0895608
편의점,씨유보성회천점,전라남도,보성군,회천면,율포리 312-3,34.6722391,127.0867295
편의점,씨유보성웅치점,전라남도,보성군,웅치면,중산리 57-18,34.7159845,127.0208785
편의점,씨유화순,전라남도,화순군,화순읍,만연리 220,35.0602606,126.9914413
편의점,씨유화순그랜드점,전라남도,화순군,화순읍,교리 224-5,35.0624853,126.9829182
편의점,씨제이올리브영,전라남도,화순군,화순읍,만연리 241-5,35.060823,126.9919102
편의점,씨유화순군청점,전라남도,화순군,화순읍,훈리 38-1,35.0637806,126.9872581
편의점,지에스25화순,전라남도,화순군,화순읍,만연리 33,35.0619298,126.9900356
편의점,미니스톱화순,전라남도,화순군,화순읍,만연리 243,35.0612365,126.9935775
편의점,지에스25화순,전라남도,화순군,화순읍,만연리 242-1,35.061884,126.9921971
편의점,세븐일레븐화순,전라남도,화순군,화순읍,일심리 823,35.0556232,126.9928704
편의점,지에스25화순칠충로점,전라남도,화순군,화순읍,대리 37-8,35.0589219,126.9789597
편의점,세븐일레븐화순광덕점,전라남도,화순군,화순읍,광덕리 321,35.0574796,126.9915279
편의점,큐이디골프아카데미,전라남도,화순군,화순읍,삼천리 612-4,35.0578222,126.9824764
편의점,세븐화순군청점,전라남도,화순군,화순읍,훈리 37-10,35.0636018,126.9865934
편의점,이마트24화순서라점,전라남도,화순군,화순읍,벽라리 34-4,35.0524949,126.9690301
편의점,채널-큐,전라남도,화순군,화순읍,교리 250-2,35.059916,126.9818776
편의점,씨유화순부처샘점,전라남도,화순군,화순읍,신기리 404-8,35.0659873,126.9906128
편의점,씨유화순,전라남도,화순군,화순읍,교리 405,35.0610915,126.9825101
편의점,미니스톱화순,전라남도,화순군,화순읍,신기리 395-8,35.0669878,126.9904638
편의점,씨유화순광덕점,전라남도,화순군,화순읍,만연리 238-8,35.0616792,126.9915429
편의점,CU화순서양로점,전라남도,화순군,화순읍,일심리 410,35.0605994,127.0001518
편의점,세븐일레븐화순고점,전라남도,화순군,화순읍,삼천리 498,35.0541858,126.9854192
편의점,지에스25화순,전라남도,화순군,화순읍,만연리 225,35.0600941,126.9922079
편의점,지에스25화순산이,전라남도,화순군,화순읍,삼천리 824-1,35.0528782,126.9819245
편의점,GS25화순광덕점,전라남도,화순군,화순읍,광덕리 370,35.055883,126.9903602
편의점,이마트24R화순광신점,전라남도,화순군,화순읍,대리 935,35.0587408,126.9771347
편의점,씨유화순부영5차점,전라남도,화순군,화순읍,만연리 244,35.0626912,126.9935945
편의점,세븐일레븐화순만연원룸점,전라남도,화순군,화순읍,일심리 868-8,35.0608906,126.996135
편의점,씨유화순성심점,전라남도,화순군,화순읍,광덕리 289,35.0581267,126.9903738
편의점,세븐일레븐화순군청점,전라남도,화순군,화순읍,훈리 37-10,35.0636018,126.9865934
편의점,이마트24화순자치샘점,전라남도,화순군,화순읍,향청리 93-1,35.0614259,126.9863643
편의점,세븐일레븐화순능주,전라남도,화순군,능주면,석고리 194-4,34.992148,126.9576992
편의점,씨유화순,전라남도,화순군,도곡면,원화리 337,35.0387143,126.905086
편의점,세븐일레븐화순,전라남도,화순군,도곡면,원화리 618,35.0278911,126.9062678
편의점,씨유도곡일등점,전라남도,화순군,도곡면,효산리 722-10,34.9975411,126.9161206
편의점,이마트24화순도곡애점,전라남도,화순군,도곡면,원화리 329-3,35.0374687,126.9054914
편의점,세븐일레븐화순,전라남도,화순군,동면,대포리 468,35.026625,127.017186
편의점,GS25화순,전라남도,화순군,동면,대포리 468,35.026625,127.017186
편의점,세븐일레븐화순동연점,전라남도,화순군,동면,대포리 468,35.026625,127.017186
편의점,지에스25장흥,전라남도,장흥군,장흥읍,원도리 290-1,34.6838664,126.9116347
편의점,세븐일레븐장흥터미날점,전라남도,장흥군,장흥읍,건산리 384-16,34.6776349,126.9097144
편의점,미니스톱장흥건산점,전라남도,장흥군,장흥읍,건산리 406-13,34.6778125,126.9107134
편의점,씨유장흥,전라남도,장흥군,장흥읍,기양리 87-5,34.6791921,126.9024874
편의점,지에스25뉴장흥고점,전라남도,장흥군,장흥읍,건산리 95,34.6801,126.9139564
편의점,세븐일레븐전남장흥점,전라남도,장흥군,장흥읍,건산리 477-4,34.6796269,126.908779
편의점,미니스톱장흥코아점,전라남도,장흥군,장흥읍,원도리 279-1,34.6854552,126.912139
편의점,미니스톱장흥탐진점,전라남도,장흥군,장흥읍,건산리 737-17,34.6782302,126.9072505
편의점,씨유장흥대로점,전라남도,장흥군,장흥읍,건산리 174-3,34.6772602,126.9155118
편의점,지에스25장흥,전라남도,장흥군,장흥읍,건산리 383-7,34.6770755,126.9105816
편의점,CU장흥,전라남도,장흥군,장흥읍,건산리 670-2,34.6847536,126.9069848
편의점,세븐일레븐장흥,전라남도,장흥군,장흥읍,원도리 308-4,34.6818655,126.9092176
편의점,미니스톱장흥코아복권,전라남도,장흥군,장흥읍,원도리 279-1,34.6854552,126.912139
편의점,미니스톱장흥한빛점,전라남도,장흥군,장흥읍,건산리 754-6,34.6768717,126.9078061
편의점,세븐일레븐장흥미래점,전라남도,장흥군,장흥읍,건산리 684-15,34.684236,126.9046713
편의점,씨유장흥우량점,전라남도,장흥군,장흥읍,건산리 720-31,34.6809209,126.9074864
편의점,GS25장흥관산점,전라남도,장흥군,관산읍,옥당리 451-3,34.5632548,126.9387201
편의점,씨유장흥관산점,전라남도,장흥군,관산읍,옥당리 454-6,34.562373,126.9386313
편의점,씨유장흥,전라남도,장흥군,대덕읍,신월리 57-14,34.4988072,126.8884465
편의점,지에스25장흥,전라남도,장흥군,대덕읍,신월리 193-9,34.4985657,126.886363
편의점,지에스25장흥,전라남도,장흥군,용산면,인암리 803-12,34.6153276,126.9143765
편의점,세븐일레븐장흥,전라남도,장흥군,안양면,운흥리 682-3,34.6489573,126.9722674
편의점,씨유장흥장평점,전라남도,장흥군,장평면,용강리 36-4,34.7742464,126.9749002
편의점,지에스25장흥회진점,전라남도,장흥군,회진면,회진리 925-5,34.4827856,126.9402148
편의점,씨유장흥회진점,전라남도,장흥군,회진면,회진리 1901-11,34.4844844,126.9402458
편의점,이마트24강진,전라남도,강진군,강진읍,남성리 23-1,34.6376872,126.7693334
편의점,지에스25강진,전라남도,강진군,강진읍,평동리 177-7,34.6369588,126.7693855
편의점,지에스25강진후레쉬점,전라남도,강진군,강진읍,서성리 94-3,34.6377821,126.7634019
편의점,미니스톱,전라남도,강진군,강진읍,남성리 61-7,34.6399165,126.7692945
편의점,씨유강진우량점,전라남도,강진군,강진읍,동성리 218-15,34.6412005,126.7738837
편의점,CU강진,전라남도,강진군,강진읍,평동리 168-3,34.6382782,126.7675595
편의점,세븐일레븐강진청자점,전라남도,강진군,강진읍,남성리 22-12,34.6387624,126.7704758
편의점,지에스25강진서성점,전라남도,강진군,강진읍,서성리 171,34.6399992,126.7654961
편의점,미니스톱강진산호점,전라남도,강진군,강진읍,남성리 61-7,34.6399165,126.7692945
편의점,세븐일레븐강진,전라남도,강진군,강진읍,평동리 177-11,34.6361831,126.7697216
편의점,씨유강진LH점,전라남도,강진군,강진읍,동성리 263-9,34.6441027,126.7744754
편의점,미니스톱강진,전라남도,강진군,강진읍,남성리 5-7,34.6386168,126.7686107
편의점,세븐일레븐강진읍점,전라남도,강진군,강진읍,남성리 22-19,34.6382461,126.7698096
편의점,로또편의점,전라남도,강진군,강진읍,남성리 24-36,34.6369683,126.7713777
편의점,이마트24대산점,전라남도,강진군,강진읍,동성리 403,34.6424132,126.7687485
편의점,이마트24SMART강진아뜨리움점,전라남도,강진군,강진읍,평동리 10-35,34.6328097,126.7718853
편의점,씨유강진로또점,전라남도,강진군,강진읍,남성리 24-36,34.6369683,126.7713777
편의점,세븐일레븐강진서성점,전라남도,강진군,강진읍,서성리 112-5,34.638481,126.7643181
편의점,세븐일레븐강진다산점,전라남도,강진군,강진읍,남성리 28-6,34.6380648,126.7726732
편의점,이마트24강진군동점,전라남도,강진군,군동면,호계리 1054,34.6427256,126.7823512
편의점,이마트24가우도휴게소,전라남도,강진군,칠량면,송로리 29-6,34.6108804,126.789485
편의점,씨유강진칠량점,전라남도,강진군,칠량면,영동리 1042-16,34.5712984,126.7992696
편의점,지에스25강진칠량점,전라남도,강진군,칠량면,영동리 1068-8,34.5717969,126.7991598
편의점,세븐일레븐강진가우도점바다다,전라남도,강진군,대구면,저두리 320-1,34.535807,126.7904457
편의점,세븐일레븐강진신전,전라남도,강진군,신전면,수양리 165-8,34.5167827,126.7211622
편의점,씨유강진,전라남도,강진군,병영면,삼인리 334-3,34.7131111,126.816416
편의점,씨유강진마량점,전라남도,강진군,마량면,마량리 987-90,34.4499295,126.8172176
편의점,이마트24self가온주유소점,전라남도,강진군,마량면,수인리 322-5,34.4641303,126.8133459
편의점,지에스25강진마량점,전라남도,강진군,마량면,마량리 986-57,34.4495442,126.8184863
편의점,이마트24self가온주유소점,전라남도,강진군,마량면,수인리 322-5,34.4641303,126.8133459
편의점,GS25해남오뚜기점,전라남도,해남군,해남읍,평동리 21,34.56894,126.6005184
편의점,씨유해남고점,전라남도,해남군,해남읍,구교리 292,34.5770289,126.5943101
편의점,크리스탈편의점,전라남도,해남군,해남읍,수성리 211,34.5759379,126.5973728
편의점,이마트24해남,전라남도,해남군,해남읍,해리 456-1,34.5713858,126.6070243
편의점,세븐일레븐해남웰빙점,전라남도,해남군,해남읍,수성리 200-5,34.5756506,126.5978463
편의점,이마트24R해남,전라남도,해남군,해남읍,성내리 24-1,34.5711693,126.5982859
편의점,지에스25해남교육청점,전라남도,해남군,해남읍,해리 686-1,34.5678416,126.6077244
편의점,세븐일레븐해남로터리,전라남도,해남군,해남읍,해리 361-28,34.570189,126.6070171
편의점,씨유해남,전라남도,해남군,해남읍,해리 411-2,34.5707182,126.6052129
편의점,지에스25해남,전라남도,해남군,해남읍,해리 166-7,34.5710948,126.6083397
편의점,세븐일레븐해남,전라남도,해남군,해남읍,해리 361-28,34.570189,126.6070171
편의점,이마트24해남남부점,전라남도,해남군,해남읍,남외리 361,34.570666,126.5920843
편의점,씨유해남군청점,전라남도,해남군,해남읍,수성리 178-1,34.574337,126.5998204
편의점,씨유해남평동점,전라남도,해남군,해남읍,평동리 92-2,34.5689846,126.5978665
편의점,GS25해남읍점,전라남도,해남군,해남읍,성내리 19-16,34.5711062,126.5985731
편의점,씨유해남주연점,전라남도,해남군,해남읍,해리 350-1,34.5688273,126.6065054
편의점,오투보울편의점,전라남도,해남군,해남읍,고도리 99-5,34.5680376,126.5977168
편의점,세븐일레븐해남소방서점,전라남도,해남군,해남읍,해리 688-6,34.5670364,126.6082514
편의점,세븐일레븐해남,전라남도,해남군,해남읍,구교리 805,34.581421,126.5797061
편의점,응응스크르해남,전라남도,해남군,해남읍,해리 704,34.565567,126.6093291
편의점,세븐일레븐해남,전라남도,해남군,해남읍,해리 435-6,34.5712531,126.604226
편의점,세븐일레븐해남남외점,전라남도,해남군,해남읍,남외리 544-2,34.5668958,126.5934196
편의점,세븐일레븐해남,전라남도,해남군,해남읍,해리 589-1,34.5730836,126.602414
편의점,세븐일레븐해남주공점,전라남도,해남군,해남읍,구교리 312,34.5761379,126.5941944
편의점,미니스톱해남우슬점,전라남도,해남군,해남읍,해리 177-7,34.5710583,126.6115566
편의점,미니스톱해남,전라남도,해남군,해남읍,해리 510,34.5723341,126.6040547
편의점,세븐일레븐해남금강점,전라남도,해남군,해남읍,구교리 91-10,34.5777257,126.5923472
편의점,씨유해남남부점,전라남도,해남군,해남읍,고도리 475-7,34.565536,126.5967637
편의점,세븐일레븐해남고산점,전라남도,해남군,해남읍,읍내리 24-1,34.571229,126.5993183
편의점,지에스25해남스위트점,전라남도,해남군,해남읍,고도리 88,34.5663806,126.6033661
편의점,씨유해남서림점,전라남도,해남군,해남읍,남외리 14-1,34.5729948,126.5936885
편의점,미니스톱해남,전라남도,해남군,삼산면,평활리 884-8,34.5216642,126.6090858
편의점,지에스25해남삼산쉼터점,전라남도,해남군,삼산면,평활리 889-8,34.5207636,126.6093167
편의점,세븐일레븐해남대흥사점,전라남도,해남군,삼산면,구림리 819-3,34.4967629,126.6169931
편의점,이마트24해남화산점,전라남도,해남군,화산면,석호리 882-5,34.4511201,126.4858462
편의점,지에스25해남화산점,전라남도,해남군,화산면,방축리 339-5,34.491564,126.5147473
편의점,이마트24해남현산월송점,전라남도,해남군,현산면,구산리 524-67,34.4179831,126.587551
편의점,지에스25해남현산점,전라남도,해남군,현산면,일평리 836-5,34.458159,126.5533351
편의점,이마트24해남송지,전라남도,해남군,송지면,산정리 1106-16,34.3683093,126.5146416
편의점,씨유해남송호점,전라남도,해남군,송지면,송호리 808,34.3184879,126.517784
편의점,미니스톱해남땅끝점,전라남도,해남군,송지면,송호리 1205,34.3002749,126.527172
편의점,편의점,전라남도,해남군,송지면,송호리 1061-4,34.3126433,126.5220572
편의점,세븐일레븐해남송지,전라남도,해남군,송지면,산정리 785,34.3714077,126.5199261
편의점,이마트24해남땅끝점,전라남도,해남군,송지면,송호리 891-5,34.3165879,126.5172071
편의점,미니스톱해남송지점,전라남도,해남군,송지면,산정리 722-7,34.368868,126.5190392
편의점,지에스25해남송지어란점,전라남도,해남군,송지면,어란리 1381,34.3510108,126.4739063
편의점,씨유해남송지어란점,전라남도,해남군,송지면,어란리 1393-12,34.3508205,126.4760649
편의점,CU해남땅끝점,전라남도,해남군,송지면,송호리 1188-2,34.2993574,126.5282658
편의점,씨유해남남창점,전라남도,해남군,북평면,남창리 368-10,34.4058848,126.6278229
편의점,세븐일레븐해남북평점,전라남도,해남군,북평면,남창리 410-1,34.409285,126.6256327
편의점,세븐일레븐해남북일점,전라남도,해남군,북일면,신월리 179-4,34.4637673,126.6747861
편의점,지에스25옥천,전라남도,해남군,옥천면,영춘리 523-2,34.5669462,126.6468605
편의점,지에스25해남,전라남도,해남군,옥천면,영신리 260-3,34.5817005,126.6473699
편의점,세븐일레븐해남흑석점,전라남도,해남군,계곡면,성진리 91-2,34.6454315,126.6590254
편의점,이마트24해남,전라남도,해남군,마산면,화내리 632-1,34.6184282,126.5704121
편의점,미니스톱해남우항리점,전라남도,해남군,황산면,우항리 418-3,34.5763784,126.434442
편의점,세븐일레븐해남산이점,전라남도,해남군,산이면,초송리 591-8,34.6441342,126.4479961
편의점,지에스25해남산이점,전라남도,해남군,산이면,금호리 664,34.6965925,126.3672197
편의점,세븐일레븐해남산이,전라남도,해남군,산이면,상공리 563-3,34.6773091,126.4088985
편의점,씨유해남울돌목점,전라남도,해남군,문내면,학동리 1432-9,34.576904,126.3093723
편의점,지에스25해남우,전라남도,해남군,문내면,동외리 874-3,34.5966156,126.3128176
편의점,세븐일레븐해남울돌목점,전라남도,해남군,문내면,학동리 1036-12,34.5752635,126.3094053
편의점,CU해남우,전라남도,해남군,문내면,동외리 859-1,34.5973622,126.3125427
편의점,명인낚시편의점,전라남도,해남군,문내면,학동리 1367-5,34.5789269,126.3103845
편의점,세븐일레븐해남화원점,전라남도,해남군,화원면,금평리 239-69,34.6688394,126.3285221
편의점,등대편의점,전라남도,해남군,화원면,영호리 973-1,34.6973356,126.3418899
편의점,지에스이십오해남화원점,전라남도,해남군,화원면,금평리 239-69,34.6688394,126.3285221
편의점,명가편의점,전라남도,해남군,화원면,장춘리 669-26,34.6530213,126.3203493
편의점,씨유해남청용점,전라남도,해남군,화원면,금평리 239-27,34.6682034,126.3286659
편의점,지에스25해남화원점,전라남도,해남군,화원면,금평리 239-69,34.6688394,126.3285221
편의점,지에스25영암역리점,전라남도,영암군,영암읍,역리 163-4,34.8039685,126.6995849
편의점,세븐영암월출점,전라남도,영암군,영암읍,남풍리 123-1,34.7959689,126.702468
편의점,세븐일레븐영암,전라남도,영암군,영암읍,서남리 49-12,34.7978066,126.6958924
편의점,이마트24R영암,전라남도,영암군,영암읍,남풍리 4-1,34.7968481,126.7029287
편의점,씨유영암,전라남도,영암군,영암읍,망호리 13-4,34.8153736,126.6982654
편의점,백년편의점,전라남도,영암군,영암읍,역리 199-6,34.8025554,126.6956172
편의점,씨유영암,전라남도,영암군,영암읍,동무리 142-5,34.7994947,126.6973845
편의점,GS25영암,전라남도,영암군,영암읍,서남리 16,34.798844,126.6974178
편의점,세븐일레븐영암풍차휴게소점,전라남도,영암군,삼호읍,망산리 653-9,34.7332748,126.5257876
편의점,이마트24영암삼호용당점,전라남도,영암군,삼호읍,삼포리 604-1,34.7515421,126.4111084
편의점,세븐일레븐영암대불하늘점,전라남도,영암군,삼호읍,난전리 1689-64,34.7706842,126.4219476
편의점,다은엑스퍼,전라남도,영암군,삼호읍,용앙리 1642-7,34.7573364,126.4539122
편의점,씨유영암삼호원룸점,전라남도,영암군,삼호읍,용당리 1924-4,34.7488938,126.3762401
편의점,미니스톱영암,전라남도,영암군,삼호읍,용당리 1870,34.7461187,126.379621
편의점,씨유영암삼호대불점,전라남도,영암군,삼호읍,용앙리 1702-23,34.7527592,126.4515884
편의점,지에스25삼호현대점(상품권),전라남도,영암군,삼호읍,용당리 2176-2,34.7480169,126.3717275
편의점,데이앤데이영암,전라남도,영암군,삼호읍,용앙리 410,34.7475471,126.4649758
편의점,지에스25삼호현대점,전라남도,영암군,삼호읍,용당리 2176-2,34.7480169,126.3717275
편의점,이마트24영암,전라남도,영암군,삼호읍,용앙리 391-39,34.7463489,126.4647667
편의점,세븐일레븐목포영암삼호현대점,전라남도,영암군,삼호읍,용당리 1853-3,34.7484288,126.37615
편의점,세븐일레븐영암삼호대불점,전라남도,영암군,삼호읍,용앙리 1659-5,34.7546334,126.4537182
편의점,세븐일레븐영암아르미안점,전라남도,영암군,삼호읍,용앙리 216-1,34.7466012,126.4735767
편의점,세븐일레븐영암현대,전라남도,영암군,삼호읍,용당리 2175-2,34.7478561,126.3710017
편의점,지에스25N목포공병대점,전라남도,영암군,삼호읍,용당리 12-1,34.7605403,126.4058767
편의점,세븐일레븐영암삼호용앙점,전라남도,영암군,삼호읍,용앙리 13-2,34.7458872,126.4767625
편의점,미니스톱대불,전라남도,영암군,삼호읍,나불리 604-14,34.7756732,126.450298
편의점,미니스톱대불항점,전라남도,영암군,삼호읍,난전리 1691-7,34.7729292,126.4261222
편의점,미니스톱영암대불점,전라남도,영암군,삼호읍,용앙리 1648-4,34.7561364,126.4528832
편의점,세븐일레븐영암삼호조선소,전라남도,영암군,삼호읍,삼포리 1014-31,34.7386078,126.3891027
편의점,지에스25영암,전라남도,영암군,삼호읍,용앙리 1698-1,34.7528621,126.4526558
편의점,GS25대불공단,전라남도,영암군,삼호읍,나불리 338-6,34.7663217,126.4384187
편의점,지에스25삼호,전라남도,영암군,삼호읍,용앙리 1661-6,34.7543082,126.4553583
편의점,미니스톱영암,전라남도,영암군,삼호읍,용앙리 1680-1,34.753131,126.4570979
편의점,아이지에이마트대불,전라남도,영암군,삼호읍,용앙리 1703-19,34.7571251,126.4488163
편의점,세븐일레븐영암중흥리버티점,전라남도,영암군,삼호읍,용앙리 1681-4,34.7539712,126.4565219
편의점,이마트24영암대불공단점,전라남도,영암군,삼호읍,나불리 338-10,34.7663735,126.4378449
편의점,지에스25목포바다점,전라남도,영암군,삼호읍,용당리 563-6,34.7646091,126.3928478
편의점,지에스25삼호,전라남도,영암군,삼호읍,용앙리 1672-10,34.7544782,126.4601829
편의점,씨유대불항점,전라남도,영암군,삼호읍,난전리 1685-39,34.7757078,126.4280489
편의점,씨유세한대학점,전라남도,영암군,삼호읍,산호리 280-1,34.7486176,126.4841185
편의점,미니스톱대불타운점,전라남도,영암군,삼호읍,용앙리 1697-12,34.7528662,126.4547787
편의점,이마트24영암삼호용앙점,전라남도,영암군,삼호읍,용앙리 213-1,34.745868,126.4747438
편의점,세븐일레븐영암대불원룸점,전라남도,영암군,삼호읍,용앙리 1691-22,34.7510893,126.45413
편의점,세븐영암삼호조선소점,전라남도,영암군,삼호읍,삼포리 1014-31,34.7386078,126.3891027
편의점,씨유삼호,전라남도,영암군,삼호읍,용앙리 313-27,34.7452694,126.4661322
편의점,씨유영암,전라남도,영암군,삼호읍,용앙리 1664-6,34.7548109,126.4560274
편의점,세븐일레븐영암,전라남도,영암군,삼호읍,산호리 863-2,34.7636788,126.4708127
편의점,세븐일레븐영암기찬휴게점,전라남도,영암군,덕진면,덕진리 23-1,34.824378,126.6957815
편의점,씨유영암덕진,전라남도,영암군,덕진면,덕진리 204-1,34.8192968,126.6977481
편의점,세븐일레븐영암신북점,전라남도,영암군,신북면,월평리 127-4,34.8885755,126.6918411
편의점,지에스이십오신북지에스점,전라남도,영암군,신북면,월평리 106-1,34.8871525,126.6897424
편의점,이마트24SMART영암연안주유소점,전라남도,영암군,신북면,이천리 735-4,34.8808957,126.685828
편의점,GS25영암시종점,전라남도,영암군,시종면,만수리 924-6,34.8688384,126.6088993
편의점,세븐일레븐영암시종점,전라남도,영암군,시종면,만수리 937-11,34.867433,126.6087211
편의점,미니스톱영암군서점,전라남도,영암군,군서면,동구림리 48-69,34.7618546,126.6321707
편의점,세븐일레븐영암독천,전라남도,영암군,학산면,독천리 1237-25,34.724893,126.5694768
편의점,씨유목포,전라남도,영암군,학산면,학계리 195,34.7011021,126.6223205
편의점,GS25영암학산점,전라남도,영암군,학산면,독천리 28-3,34.7256366,126.5703574
편의점,이마트24영암독천점,전라남도,영암군,학산면,독천리 39-5,34.7256882,126.5741072
편의점,현대편의점,전라남도,영암군,학산면,금계리 1094-3,34.7291436,126.5862774
편의점,GS25무안,전라남도,무안군,무안읍,성동리 872,34.9885259,126.4787781
편의점,세븐일레븐무안,전라남도,무안군,무안읍,성내리 22-50,34.9913684,126.4737704
편의점,이마트24무안읍점,전라남도,무안군,무안읍,교촌리 192-1,34.9878561,126.4693242
편의점,이마트24R초당대생활관점,전라남도,무안군,무안읍,성남리 419,34.9773738,126.4735718
편의점,미니스톱무안대로점,전라남도,무안군,무안읍,성동리 564,34.9955929,126.4845598
편의점,이마트24무안,전라남도,무안군,무안읍,성남리 54-2,34.9896262,126.4752456
편의점,씨유무안,전라남도,무안군,무안읍,성남리 1001,34.9862426,126.4703827
편의점,세븐일레븐무안금광브니엘점,전라남도,무안군,무안읍,성내리 272-12,34.9935068,126.4716126
편의점,미니스톱무안,전라남도,무안군,무안읍,교촌리 1042-2,34.9884012,126.4726407
편의점,세븐일레븐무안황토골점,전라남도,무안군,무안읍,용월리 91,35.0047195,126.496429
편의점,GS25초당대점,전라남도,무안군,무안읍,성남리 383-4,34.9811477,126.4711886
편의점,씨유무안,전라남도,무안군,무안읍,성남리 88-1,34.987869,126.4741983
편의점,이마트24무안초당대점,전라남도,무안군,무안읍,성남리 419,34.9773738,126.4735718
편의점,씨유무안,전라남도,무안군,무안읍,성남리 157-1,34.9848803,126.4746126
편의점,세븐일레븐무안일로공원점,전라남도,무안군,일로읍,월암리 186-140,34.8485561,126.4937717
편의점,지에스25오룡써밋점,전라남도,무안군,일로읍,오룡리 1,34.8083778,126.4827091
편의점,세븐일레븐무안일로월암점,전라남도,무안군,일로읍,월암리 351-21,34.8528261,126.4958811
편의점,씨유오룡푸르지오,전라남도,무안군,일로읍,오룡리 111,34.8035418,126.4851335
편의점,세븐일레븐무안일로인의점,전라남도,무안군,일로읍,월암리 109-5,34.847756,126.4957793
편의점,씨유오룡푸르지오1차점,전라남도,무안군,일로읍,오룡리 17,34.8055113,126.4867717
편의점,세븐일레븐무안일로휴리브점,전라남도,무안군,일로읍,월암리 186-192,34.8467487,126.4889519
편의점,씨유무안일로점,전라남도,무안군,일로읍,월암리 207-51,34.8507846,126.4908576
편의점,세븐일레븐무안일로공원점,전라남도,무안군,일로읍,월암리 186-140,34.8485561,126.4937717
편의점,씨제이올리브영남악,전라남도,무안군,삼향읍,남악리 2129,34.8131605,126.4620855
편의점,세븐일레븐남악,전라남도,무안군,삼향읍,남악리 2254,34.8105616,126.4648952
편의점,씨유남악,전라남도,무안군,삼향읍,남악리 2094,34.8130571,126.4585301
편의점,세븐무안에드가점,전라남도,무안군,삼향읍,남악리 2116,34.8140493,126.4643216
편의점,지에스25남악,전라남도,무안군,삼향읍,남악리 1515,34.8111662,126.4676755
편의점,세븐일레븐무안남악하늘점,전라남도,무안군,삼향읍,남악리 2359,34.8086724,126.4745736
편의점,씨유남악파라뷰,전라남도,무안군,삼향읍,남악리 1473,34.8134543,126.4663774
편의점,세븐일레븐남악센트레빌점,전라남도,무안군,삼향읍,남악리 2624,34.800661,126.467741
편의점,지에스25남악센트레빌점,전라남도,무안군,삼향읍,남악리 2624,34.800661,126.467741
편의점,세븐일레븐남악세영리첼점,전라남도,무안군,삼향읍,남악리 2314,34.8087881,126.4696927
편의점,씨유남악베아채점,전라남도,무안군,삼향읍,남악리 2532,34.8063299,126.4733216
편의점,지에스25남악채움점,전라남도,무안군,삼향읍,남악리 2317,34.8078432,126.4664041
편의점,세븐일레븐무안남악하늘점,전라남도,무안군,삼향읍,남악리 2359,34.8086724,126.4745736
편의점,세븐일레븐목포남악,전라남도,무안군,삼향읍,남악리 2622,34.8025561,126.4650565
편의점,미니스톱남악으뜸점,전라남도,무안군,삼향읍,남악리 2192,34.8111472,126.462201
편의점,씨유무안남악로점,전라남도,무안군,삼향읍,남악리 2338,34.8096228,126.4718555
편의점,아이지에이마트유탑점,전라남도,무안군,삼향읍,남악리 1476,34.8140181,126.4677766
편의점,코리아세븐무안비치,전라남도,무안군,삼향읍,남악리 2160,34.8120981,126.4612733
편의점,세븐일레븐무안에드가,전라남도,무안군,삼향읍,남악리 2118,34.814044,126.4649634
편의점,GS25남악,전라남도,무안군,삼향읍,남악리 2179,34.8126609,126.4623693
편의점,이마트24무안상룡점,전라남도,무안군,삼향읍,임성리 248-2,34.8238994,126.4490037
편의점,미니스톱남악회룡점,전라남도,무안군,삼향읍,남악리 2101,34.8112925,126.4585223
편의점,세븐무안남악시장점,전라남도,무안군,삼향읍,남악리 1721,34.8103388,126.4727652
편의점,지에스25남악에드가점,전라남도,무안군,삼향읍,남악리 2250,34.8117309,126.4648942
편의점,이마트24남악원룸점,전라남도,무안군,삼향읍,남악리 1714,34.8107389,126.4733534
편의점,세븐무안에드가2호점,전라남도,무안군,삼향읍,남악리 2118,34.814044,126.4649634
편의점,씨유남악어반점,전라남도,무안군,삼향읍,남악리 2231,34.8127093,126.4644206
편의점,세븐무안펠리시티점,전라남도,무안군,삼향읍,남악리 2272,34.8091511,126.4597747
편의점,씨제이올리브영남악,전라남도,무안군,삼향읍,남악리 2103,34.812596,126.4597795
편의점,세븐일레븐무안에드가점,전라남도,무안군,삼향읍,남악리 2116,34.8140493,126.4643216
편의점,지에스25남악베아체점,전라남도,무안군,삼향읍,남악리 1497,34.8131195,126.4680751
편의점,지에스25남악사랑,전라남도,무안군,삼향읍,남악리 1475,34.8140157,126.4670508
편의점,세븐목포남악아울렛점,전라남도,무안군,삼향읍,남악리 2622,34.8025561,126.4650565
편의점,세븐일레븐무안남악88,전라남도,무안군,삼향읍,남악리 2164,34.8111692,126.4612669
편의점,편의점,전라남도,무안군,삼향읍,남악리 2317,34.8078432,126.4664041
편의점,세븐무안남악하늘점,전라남도,무안군,삼향읍,남악리 2359,34.8086724,126.4745736
편의점,미니스톱,전라남도,무안군,삼향읍,남악리 2024,34.8156161,126.4593649
편의점,씨유남악유탑점,전라남도,무안군,삼향읍,남악리 1476,34.8140181,126.4677766
편의점,세븐일레븐무안삼향지산점,전라남도,무안군,삼향읍,지산리 876-9,34.8690636,126.4218846
편의점,해바라기편의점,전라남도,무안군,삼향읍,남악리 2255,34.8126822,126.4654703
편의점,스타편의점,전라남도,무안군,삼향읍,남악리 2253,34.811215,126.4648926
편의점,비지에프리테일전남도청북카페점,전라남도,무안군,삼향읍,남악리 1000,34.8161501,126.4640351
편의점,세븐일레븐무안비치,전라남도,무안군,삼향읍,남악리 2160,34.8120981,126.4612733
편의점,씨유남악,전라남도,무안군,삼향읍,남악리 2311,34.8091671,126.4676426
편의점,세븐일레븐목포대학사점,전라남도,무안군,청계면,도림리 61,34.9084825,126.4347415
편의점,씨유목포대하늘점,전라남도,무안군,청계면,도림리 311-11,34.9104827,126.4337883
편의점,이마트24목포대학점,전라남도,무안군,청계면,도림리 319-7,34.9095049,126.4318606
편의점,지에스25목포대학점,전라남도,무안군,청계면,도림리 319,34.9093163,126.4320751
편의점,미니스톱목대,전라남도,무안군,청계면,도림리 480-2,34.9100991,126.4308771
편의점,씨유무안캠퍼스시티점,전라남도,무안군,청계면,도림리 435-2,34.9094988,126.4308176
편의점,픽미픽미아이스목포대점,전라남도,무안군,청계면,도림리 316-2,34.9097174,126.4326485
편의점,세븐무안목포대점,전라남도,무안군,청계면,도림리 311-7,34.910768,126.4340418
편의점,이마트24무안영산,전라남도,무안군,청계면,도림리 488,34.9114109,126.4296875
편의점,세븐일레븐,전라남도,무안군,청계면,도림리 311-7,34.910768,126.4340418
편의점,씨유무안,전라남도,무안군,청계면,도림리 467-1,34.9097348,126.4296381
편의점,지에스25현경점,전라남도,무안군,현경면,외반리 571-25,35.0214276,126.4112349
편의점,씨유무안현경점,전라남도,무안군,현경면,외반리 556-7,35.020923,126.4120837
편의점,세븐무안국제공항점,전라남도,무안군,망운면,피서리 1050,34.9916684,126.3835992
편의점,세븐일레븐무안해제우리마트,전라남도,무안군,해제면,신정리 10-9,35.1127069,126.2944443
편의점,세븐일레븐무안해제점,전라남도,무안군,해제면,양월리 98-2,35.0613572,126.2806439
편의점,미니스톱무안운남점,전라남도,무안군,운남면,연리 408-13,34.9611699,126.3410115
편의점,세븐일레븐함평군청점,전라남도,함평군,함평읍,기각리 1035,35.0640167,126.5169956
편의점,미니스톱함평점,전라남도,함평군,함평읍,내교리 183,35.0619221,126.5230266
편의점,미니스톱함평나비점,전라남도,함평군,함평읍,내교리 200-4,35.063035,126.5205573
편의점,GS25함평내교점,전라남도,함평군,함평읍,내교리 202-1,35.0635082,126.5201839
편의점,씨유함평마루점,전라남도,함평군,함평읍,내교리 135,35.063656,126.5184722
편의점,세븐일레븐함평주공점,전라남도,함평군,함평읍,내교리 103-6,35.0620117,126.5194239
편의점,비지에프휴먼넷CUE함평천지휴게소,전라남도,함평군,손불면,죽암리 46,35.1310746,126.4822783
편의점,씨유함평손불점,전라남도,함평군,손불면,대전리 184-3,35.1424712,126.4321796
편의점,씨유함평학교점,전라남도,함평군,학교면,사거리 657-1,35.0225874,126.5331808
편의점,해남쌀,전라남도,함평군,학교면,사거리 202,35.0342813,126.5358116
편의점,이마트24함평천지점,전라남도,함평군,대동면,향교리 845-2,35.0680953,126.5308367
편의점,미니스톱함평나산점,전라남도,함평군,나산면,삼축리 1212-7,35.1113498,126.6091086
편의점,이마트24함평해보점,전라남도,함평군,해보면,문장리 63-40,35.1797364,126.6050786
편의점,지에스25함평월야점,전라남도,함평군,월야면,월야리 494-32,35.1797975,126.6287475
편의점,GS25영광,전라남도,영광군,영광읍,도동리 324,35.2762616,126.5126063
편의점,씨유,전라남도,영광군,영광읍,도동리 111-10,35.2735536,126.5122683
편의점,GS25영광,전라남도,영광군,영광읍,단주리 630-14,35.276194,126.5003398
편의점,지에스25영광어울림점,전라남도,영광군,영광읍,학정리 974,35.2665171,126.510953
편의점,세븐일레븐영광,전라남도,영광군,영광읍,신하리 830-1,35.274188,126.5014024
편의점,미니스톱영광신하점,전라남도,영광군,영광읍,신하리 831-7,35.2727804,126.501148
편의점,씨유영광원룸점,전라남도,영광군,영광읍,신하리 827-10,35.2742151,126.4989214
편의점,지에스25영광스카이,전라남도,영광군,영광읍,단주리 359,35.2820091,126.4997458
편의점,해빛편의점,전라남도,영광군,영광읍,단주리 303-1,35.284502,126.5013731
편의점,알리바이24시편의점,전라남도,영광군,영광읍,백학리 22-1,35.2764452,126.5114496
편의점,이마트24시R영광,전라남도,영광군,영광읍,남천리 251,35.2752153,126.5116584
편의점,씨유영광,전라남도,영광군,영광읍,남천리 315,35.2761101,126.5043563
편의점,세븐일레븐영광열린점,전라남도,영광군,영광읍,남천리 13-3,35.2699522,126.5116576
편의점,미니스톱영광,전라남도,영광군,영광읍,신하리 828-11,35.2757238,126.499802
편의점,편의점기독점,전라남도,영광군,영광읍,남천리 221,35.274539,126.5111472
편의점,세븐일레븐영광국제점,전라남도,영광군,영광읍,녹사리 19-10,35.270787,126.5049133
편의점,씨유영광단주점,전라남도,영광군,영광읍,단주리 629-1,35.2777886,126.4992014
편의점,알리바이24시편의점,전라남도,영광군,영광읍,백학리 22-1,35.2764452,126.5114496
편의점,씨유영광,전라남도,영광군,영광읍,도동리 304-5,35.2762142,126.5153099
편의점,세븐일레븐영광스카이점,전라남도,영광군,영광읍,단주리 346-16,35.2804007,126.4997141
편의점,GS25영광글로리점,전라남도,영광군,영광읍,남천리 364-6,35.2736769,126.5045187
편의점,주아킹,전라남도,영광군,영광읍,백학리 47,35.2762474,126.5096186
편의점,GS25영광목화,전라남도,영광군,영광읍,단주리 581-13,35.2768103,126.5024354
편의점,씨유영광하늘점,전라남도,영광군,영광읍,단주리 346-21,35.2801858,126.4997918
편의점,씨유영광,전라남도,영광군,영광읍,남천리 315,35.2761101,126.5043563
편의점,씨유영광백수점,전라남도,영광군,백수읍,죽사리 435,35.2803445,126.4267941
편의점,해빛백수해안도로점,전라남도,영광군,백수읍,대신리 783-15,35.3502284,126.3880473
편의점,세븐일레븐영광가마미점,전라남도,영광군,홍농읍,계마리 880-7,35.3970555,126.4074396
편의점,맘마엘한빛2발전소점,전라남도,영광군,홍농읍,계마리 973,35.4108719,126.4169497
편의점,맘마엘한빛3발전소점,전라남도,영광군,홍농읍,계마리 974,35.41392,126.4222727
편의점,맘마엘한빛원전본부점,전라남도,영광군,홍농읍,계마리 986,35.4099257,126.4228353
편의점,GS25영광홍농점,전라남도,영광군,홍농읍,상하리 258-8,35.3957112,126.4459468
편의점,세븐일레븐,전라남도,영광군,홍농읍,상하리 150-4,35.3945009,126.4451682
편의점,맘마엘한빛1발전소점,전라남도,영광군,홍농읍,계마리 972,35.4081287,126.4121293
편의점,씨유영광홍농점,전라남도,영광군,홍농읍,상하리 254-4,35.3954134,126.4464379
편의점,씨유영광대마,전라남도,영광군,대마면,송죽리 1034-1,35.2867649,126.5801924
편의점,이마트24R영광대마,전라남도,영광군,대마면,송죽리 1039-6,35.2854243,126.5801837
편의점,불갑사힐링편의점,전라남도,영광군,불갑면,모악리 359,35.2029714,126.5375375
편의점,씨유영광염산점,전라남도,영광군,염산면,봉남리 1077-52,35.2169653,126.3745146
편의점,지에스25영광법성포점다우리,전라남도,영광군,법성면,대덕리 633-5,35.3553066,126.4519661
편의점,지에스25법성포,전라남도,영광군,법성면,법성리 1229,35.3582858,126.4449699
편의점,세븐일레븐법성,전라남도,영광군,법성면,법성리 1149-4,35.3554813,126.4509656
편의점,씨유법성,전라남도,영광군,법성면,법성리 1141-8,35.3567459,126.4472128
편의점,씨유영광굴비로점,전라남도,영광군,법성면,법성리 690-30,35.3619762,126.4440762
편의점,씨유장성호점,전라남도,장성군,장성읍,백계리 617-4,35.3453284,126.8146267
편의점,지에스25,전라남도,장성군,장성읍,영천리 1086-3,35.3028982,126.7856645
편의점,이마트24장성영천주공점,전라남도,장성군,장성읍,기산리 491-12,35.2997393,126.7758591
편의점,지에스25장성문화로점,전라남도,장성군,장성읍,영천리 1458-6,35.2931064,126.7756935
편의점,GS25장성히든,전라남도,장성군,장성읍,기산리 477-16,35.3059262,126.7810074
편의점,씨유장성,전라남도,장성군,장성읍,영천리 1090-3,35.3036096,126.7860569
편의점,로그인,전라남도,장성군,장성읍,봉덕리 산37-13,35.3659273,126.8232485
편의점,세븐일레븐장성단풍점,전라남도,장성군,장성읍,영천리 1511-13,35.3084657,126.7914054
편의점,장성씨유,전라남도,장성군,장성읍,영천리 1090-3,35.3036096,126.7860569
편의점,이마트24R장성단풍로점,전라남도,장성군,장성읍,유탕리 1517-9,35.3162075,126.7958152
편의점,이마트24장성황룡,전라남도,장성군,장성읍,영천리 1356-6,35.2915233,126.7757109
편의점,미니스톱장성프라임점,전라남도,장성군,장성읍,단광리 482-4,35.2868624,126.7874829
편의점,씨유장성,전라남도,장성군,장성읍,영천리 1029-9,35.2997124,126.7814475
편의점,씨유장성진원점,전라남도,장성군,진원면,선적리 100,35.273756,126.8305966
편의점,씨유장성,전라남도,장성군,남면,분향리 산34-1,35.2444522,126.8115695
편의점,세븐장성나노산단점,전라남도,장성군,남면,삼태리 873-5,35.2349092,126.8339561
편의점,씨유장성나노,전라남도,장성군,남면,삼태리 874-5,35.2349171,126.832771
편의점,이마트24장성나노,전라남도,장성군,남면,삼태리 860-2,35.2372013,126.8339785
편의점,GS25장성나노산단,전라남도,장성군,남면,삼태리 864-13,35.236462,126.833947
편의점,세븐일레븐장성나노,전라남도,장성군,남면,삼태리 873-5,35.2349092,126.8339561
편의점,세븐일레븐장성동화점,전라남도,장성군,동화면,구림리 18-1,35.2835879,126.7372549
편의점,씨유동화점,전라남도,장성군,동화면,용정리 666-34,35.2840544,126.741041
편의점,세븐광주냉동센터,전라남도,장성군,동화면,용정리 83-28,35.2931586,126.7456614
편의점,GS25상무대학성회관점올가베스트상품권,전라남도,장성군,삼서면,학성리 100,35.2493425,126.6150541
편의점,GS25상무대학성회관점올가베스트,전라남도,장성군,삼서면,학성리 100,35.2493425,126.6150541
편의점,아이스앤스낵창고장성삼서점,전라남도,장성군,삼서면,유평리 756-1,35.2489358,126.630469
편의점,올가베스트GS25상무대학성회관점,전라남도,장성군,삼서면,학성리 100,35.2493425,126.6150541
편의점,지에스25장성,전라남도,장성군,삼계면,사창리 165-2,35.2631051,126.6721609
편의점,GS25장성상무대점,전라남도,장성군,삼계면,주산리 716,35.2558423,126.6702715
편의점,세븐일레븐장성,전라남도,장성군,삼계면,사창리 397-2,35.2591531,126.6653894
편의점,이마트24장성상무대점,전라남도,장성군,삼계면,사창리 70,35.259246,126.6726878
편의점,세븐일레븐장성,전라남도,장성군,삼계면,사창리 326-2,35.256272,126.6692743
편의점,씨유장성상무대점,전라남도,장성군,삼계면,주산리 715-9,35.2555203,126.6697199
편의점,미니스톱백양사IC점,전라남도,장성군,북이면,신평리 479-16,35.4333149,126.8005974
편의점,씨유장성백양사점,전라남도,장성군,북하면,약수리 259-11,35.4254975,126.8785912
편의점,세븐일레븐장성백양사점,전라남도,장성군,북하면,중평리 450,35.4103029,126.8830619
편의점,알리바이솔룡휴게소점,전라남도,장성군,북하면,단전리 272-6,35.3823364,126.8697215
편의점,씨유완도농공단지점,전라남도,완도군,완도읍,죽청리 1012,34.3369863,126.7311607
편의점,GS25뉴완도청해,전라남도,완도군,완도읍,가용리 1064-3,34.320881,126.7432118
편의점,지에스25완도청해진점,전라남도,완도군,완도읍,군내리 765-2,34.3125641,126.7558526
편의점,지에스25완도무등점,전라남도,완도군,완도읍,가용리 1052,34.3221647,126.7419672
편의점,지에스25완도학림점,전라남도,완도군,완도읍,가용리 1023-5,34.3237743,126.746836
편의점,지에스이십오뉴완도,전라남도,완도군,완도읍,군내리 1230,34.3183142,126.7450813
편의점,지에스25완도어,전라남도,완도군,완도읍,가용리 1014,34.3258325,126.7492226
편의점,미니스톱완도공단점,전라남도,완도군,완도읍,죽청리 996,34.3379377,126.7335163
편의점,씨유완도,전라남도,완도군,완도읍,가용리 1040-37,34.3202733,126.7469953
편의점,씨유완도해림점,전라남도,완도군,완도읍,가용리 1021,34.324419,126.7479309
편의점,씨유완도,전라남도,완도군,완도읍,군내리 1261-5,34.3171407,126.7516283
편의점,지에스25뉴완도점,전라남도,완도군,완도읍,군내리 1259,34.318893,126.7494523
편의점,세븐일레븐완도주도점,전라남도,완도군,완도읍,군내리 1434,34.3144899,126.756153
편의점,CU완도,전라남도,완도군,완도읍,군내리 1232-16,34.3189483,126.7440453
편의점,GS25완도대로,전라남도,완도군,완도읍,가용리 1040-19,34.3206871,126.7458913
편의점,GS25완도장보고점,전라남도,완도군,완도읍,가용리 1031-2,34.3224675,126.747764
편의점,이마트24완도청해점,전라남도,완도군,완도읍,가용리 9-89,34.3231435,126.7410606
편의점,세븐일레븐완도군내점,전라남도,완도군,완도읍,군내리 1239,34.3186198,126.7467387
편의점,미니스톱완도장보고점,전라남도,완도군,완도읍,군내리 310-143,34.3146683,126.7577745
편의점,세븐완도군내점,전라남도,완도군,완도읍,군내리 1239,34.3186198,126.7467387
편의점,미니스톱완도,전라남도,완도군,완도읍,군내리 1265-7,34.3180377,126.7496233
편의점,씨유완도우성점,전라남도,완도군,완도읍,가용리 1013,34.3263969,126.7495574
편의점,지에스이십오완도빙그레점,전라남도,완도군,완도읍,가용리 841-1,34.3342457,126.7304938
편의점,씨유완도주은점,전라남도,완도군,완도읍,군내리 1453,34.3137295,126.73986
편의점,씨유완도해신점,전라남도,완도군,완도읍,군내리 1246-1,34.3173662,126.7468225
편의점,세븐일레븐완도,전라남도,완도군,완도읍,군내리 1229-7,34.3177815,126.7448628
편의점,미니스톱완도군내점,전라남도,완도군,완도읍,군내리 1150-1,34.3150374,126.7424794
편의점,세븐완도대성병원점,전라남도,완도군,완도읍,가용리 56,34.317131,126.7356173
편의점,세븐일레븐완도대성,전라남도,완도군,완도읍,가용리 54,34.316109,126.7355575
편의점,씨유완도은성점,전라남도,완도군,완도읍,군내리 363-24,34.3132013,126.7580778
편의점,미니스톱완도,전라남도,완도군,완도읍,군내리 1261,34.3168414,126.7509805
편의점,이마트24완도화흥포점,전라남도,완도군,완도읍,정도리 830-6,34.3049762,126.6797443
편의점,씨유완도은성점,전라남도,완도군,완도읍,군내리 363-24,34.3132013,126.7580778
편의점,씨유완도,전라남도,완도군,완도읍,군내리 782-84,34.3138711,126.7565648
편의점,아싸비어완도점,전라남도,완도군,완도읍,가용리 1070-1,34.3199237,126.7436454
편의점,이마트24R완도금일점,전라남도,완도군,금일읍,화목리 739-17,34.3540412,127.0202203
편의점,씨유완도금일점,전라남도,완도군,금일읍,화목리 965,34.3492905,127.0286546
편의점,유진종합식품,전라남도,완도군,노화읍,이포리 678-14,34.1771489,126.5730722
편의점,세븐일레븐완도노화점,전라남도,완도군,노화읍,이포리 881-2,34.1767297,126.5710636
편의점,지에스25완도노화점,전라남도,완도군,노화읍,이포리 890-2,34.1766977,126.573653
편의점,GS25완도노화점상품권,전라남도,완도군,노화읍,이포리 890-3,34.1768137,126.5736336
편의점,CU완도노화점,전라남도,완도군,노화읍,이포리 885-2,34.1768985,126.5721668
편의점,지에스25완도노화점,전라남도,완도군,노화읍,이포리 890-3,34.1768137,126.5736336
편의점,씨유완도대교점,전라남도,완도군,군외면,원동리 1066-4,34.3916402,126.6481685
편의점,GS25완도군외점,전라남도,완도군,군외면,원동리 1070-6,34.3897921,126.6474232
편의점,GS25명사십리점,전라남도,완도군,신지면,신리 807-5,34.3275806,126.8068623
편의점,씨유완도신지점,전라남도,완도군,신지면,대곡리 732,34.3336244,126.8286174
편의점,세븐일레븐완도명사십리점,전라남도,완도군,신지면,신리 813-2,34.3278807,126.8066844
편의점,이마트24완도고금점,전라남도,완도군,고금면,덕암리 761,34.4013072,126.8013073
편의점,GS25완도고금,전라남도,완도군,고금면,덕암리 602-9,34.3963831,126.8031885
편의점,씨유완도고금점,전라남도,완도군,고금면,농상리 20-3,34.3961245,126.8044446
편의점,이마트24완도약산점,전라남도,완도군,약산면,장용리 522-7,34.3946388,126.8995199
편의점,이마트24R완도당목항점,전라남도,완도군,약산면,해동리 750-5,34.3779951,126.9462706
편의점,씨유완도청산도점,전라남도,완도군,청산면,도청리 1180-2,34.1804009,126.8577738
편의점,세븐일레븐완도소안도점,전라남도,완도군,소안면,비자리 1053-1,34.170286,126.6530798
편의점,세븐일레븐완도소안비자점,전라남도,완도군,소안면,비자리 1186-50,34.1726007,126.6506424
편의점,씨유완도보길도점,전라남도,완도군,보길면,부황리 12-1,34.1695159,126.5647944
편의점,GS25완도생,전라남도,완도군,생일면,유서리 390-2,34.336762,126.9955942
편의점,씨유진도농민후계점,전라남도,진도군,진도읍,남동리 515-3,34.4820223,126.2636462
편의점,지에스25진도상품권,전라남도,진도군,진도읍,남동리 500,34.48127,126.263452
편의점,세븐일레븐진도군내점,전라남도,진도군,진도읍,남동리 775-8,34.480956,126.2624283
편의점,씨유진도,전라남도,진도군,진도읍,교동리 594-8,34.4833,126.2600428
편의점,CU진도읍점,전라남도,진도군,진도읍,쌍정리 151-6,34.480365,126.2667384
편의점,씨유진도군점,전라남도,진도군,진도읍,남동리 468,34.4774907,126.2636575
편의점,세븐일레븐진도쌍정점,전라남도,진도군,진도읍,쌍정리 257-1,34.4803904,126.2658268
편의점,지에스25진도으뜸점,전라남도,진도군,진도읍,쌍정리 134-4,34.4809667,126.26745
편의점,GS25진도맘모스,전라남도,진도군,진도읍,성내리 39-13,34.4836518,126.2651969
편의점,미니스톱진도군청점,전라남도,진도군,진도읍,성내리 46-47,34.484664,126.2638559
편의점,씨유진도,전라남도,진도군,진도읍,남동리 777-1,34.4807699,126.2639015
편의점,꼬마편의점,전라남도,진도군,진도읍,성내리 39-17,34.485047,126.2652521
편의점,이마트24진도남동점,전라남도,진도군,진도읍,남동리 732-45,34.4814944,126.2587414
편의점,씨유진도남동점,전라남도,진도군,진도읍,남동리 589-15,34.4841849,126.2620779
편의점,응응스크르,전라남도,진도군,진도읍,남동리 500,34.48127,126.263452
편의점,세븐일레븐진도,전라남도,진도군,진도읍,남동리 500,34.48127,126.263452
편의점,지에스25진도,전라남도,진도군,진도읍,남동리 500,34.48127,126.263452
편의점,세븐일레븐진도아름점,전라남도,진도군,진도읍,남동리 130-2,34.4740178,126.2641329
편의점,미니스톱진도금골산점,전라남도,진도군,군내면,둔전리 1844-16,34.5369893,126.2974199
편의점,CU진도대교점,전라남도,진도군,군내면,녹진리 1-31,34.5691058,126.3034579
편의점,이마트24진도오일시점,전라남도,진도군,고군면,도평리 654,34.5032815,126.3159194
편의점,아마트24진도고군지수점,전라남도,진도군,고군면,오산리 1048-6,34.4911365,126.3431642
편의점,세븐일레븐진도지산점,전라남도,진도군,고군면,오산리 1046-12,34.4912413,126.3438775
편의점,씨유진도의신점,전라남도,진도군,의신면,돈지리 577-1,34.4413532,126.2805103
편의점,지에스25진도서망항점,전라남도,진도군,임회면,남동리 561,34.3640367,126.1371121
편의점,세븐일레븐진도임회점,전라남도,진도군,임회면,석교리 257-4,34.4095496,126.1914479
편의점,씨유진도임회점,전라남도,진도군,임회면,석교리 348-4,34.4089417,126.1933412
편의점,세븐일레븐진도팽목하늘점,전라남도,진도군,임회면,연동리 1229-19,34.3746743,126.1354548
편의점,씨유진도지산,전라남도,진도군,지산면,인지리 312-44,34.4244987,126.1671678
편의점,세븐일레븐진도조도점,전라남도,진도군,조도면,창유리 2876,34.3062157,126.0519374
편의점,이마트24R신안,전라남도,신안군,지도읍,자동리 473-1,35.0572038,126.2591314
편의점,씨유신안,전라남도,신안군,지도읍,읍내리 293-1,35.0594443,126.2109131
편의점,씨유신안조선점,전라남도,신안군,지도읍,읍내리 353-7,35.057985,126.2052164
편의점,지에스25신안천사대교점,전라남도,신안군,압해읍,대천리 784-8,34.8599923,126.2690698
편의점,미니스톱신안천사점,전라남도,신안군,압해읍,학교리 703-1,34.8628765,126.3186608
편의점,씨유신안압해점,전라남도,신안군,압해읍,학교리 620-1,34.8649446,126.3143447
편의점,CU신안임자점,전라남도,신안군,임자면,진리 458-28,35.0853419,126.1098956
편의점,씨유신안자은점,전라남도,신안군,자은면,구영리 402-2,34.8836103,126.0455963
편의점,스타박씨유통,전라남도,신안군,자은면,한운리 629,34.9158505,126.0623565
편의점,세븐일레븐신안자은점,전라남도,신안군,자은면,유각리 245-1,34.8664091,126.0601845
편의점,씨유신안자은라마다,전라남도,신안군,자은면,유각리 931-2,34.8501735,126.0413563
편의점,씨유신안비금점,전라남도,신안군,비금면,덕산리 137-14,34.753344,125.9290355
편의점,씨유신안도초점,전라남도,신안군,도초면,수항리 1480-24,34.7027451,125.9514549
편의점,GS25N흑산도전진점,전라남도,신안군,흑산면,예리 165-6,34.6904962,125.443673
편의점,씨유신안신의점,전라남도,신안군,신의면,상태동리 산149-25,34.5809105,126.0860408
편의점,씨유신안안좌점,전라남도,신안군,안좌면,읍동리 911-2,34.75189,126.1265316
편의점,미니스톱신안안좌점,전라남도,신안군,안좌면,읍동리 896,34.7533245,126.126168
편의점,씨유신안암태점,전라남도,신안군,암태면,단고리 28-1,34.8285417,126.1143773
편의점,세븐일레븐신안암태점,전라남도,신안군,암태면,단고리 536-14,34.8268435,126.1142396
편의점,세븐일레븐포항상도미래점,경상북도,포항시,남구,상도동 579-8,36.0144328,129.3501119
편의점,세븐포항밸류점,경상북도,포항시,남구,상도동 586-10,36.0120674,129.3491476
편의점,GS25포항상도점,경상북도,포항시,남구,상도동 18-167,36.0155783,129.3587344
편의점,지에스포항대왕점,경상북도,포항시,남구,상도동 640,36.0116225,129.3548575
편의점,씨유포항상도,경상북도,포항시,남구,상도동 674,36.0091759,129.3455943
편의점,세븐일레븐포항상도점,경상북도,포항시,남구,상도동 615,36.0148543,129.3554901
편의점,세븐포항상도점,경상북도,포항시,남구,상도동 615,36.0148543,129.3554901
편의점,GS25상도해피점,경상북도,포항시,남구,상도동 584-18,36.011965,129.3474497
편의점,지에스25포항대로점,경상북도,포항시,남구,상도동 2-12,36.0192712,129.3585828
편의점,세븐일레븐포항상도영암점,경상북도,포항시,남구,상도동 632-31,36.0135562,129.3592182
편의점,미니스톱포항,경상북도,포항시,남구,상도동 615-12,36.0142561,129.355868
편의점,세븐일레븐포항밸류점,경상북도,포항시,남구,상도동 586-10,36.0120674,129.3491476
편의점,세븐일레븐포항상도,경상북도,포항시,남구,상도동 605-15,36.0142932,129.3531474
편의점,지에스25상도센타점,경상북도,포항시,남구,상도동 660-11,36.0115811,129.350399
편의점,지에스25포항상도쌍용,경상북도,포항시,남구,상도동 33-141,36.0147864,129.3566221
편의점,세븐일레븐포항밸류점,경상북도,포항시,남구,상도동 586-10,36.0120674,129.3491476
편의점,7-ELEVEN상도원룸점,경상북도,포항시,남구,상도동 33-133,36.0154921,129.3559354
편의점,씨유포항남부점,경상북도,포항시,남구,상도동 617-7,36.0135928,129.3571147
편의점,씨유포항상도파크점,경상북도,포항시,남구,상도동 332-1,36.0112884,129.3533901
편의점,세븐상도원룸점,경상북도,포항시,남구,상도동 33-133,36.0154921,129.3559354
편의점,씨유포항터미널앞점,경상북도,포항시,남구,상도동 609-3,36.0133091,129.3509635
편의점,씨유포항상도민들레점,경상북도,포항시,남구,상도동 625-20,36.0126728,129.3545521
편의점,GS25포항대왕점,경상북도,포항시,남구,상도동 640,36.0116225,129.3548575
편의점,GS25포항대왕점상품권,경상북도,포항시,남구,상도동 640,36.0116225,129.3548575
편의점,GS25포항상도,경상북도,포항시,남구,대도동 135-96,36.0151487,129.3603493
편의점,GS25포항대도점,경상북도,포항시,남구,대도동 94-6,36.0174223,129.3620758
편의점,씨유포항대도점,경상북도,포항시,남구,대도동 124-14,36.0145245,129.3651273
편의점,지에스25포항,경상북도,포항시,남구,대도동 86-19,36.020371,129.3624952
편의점,씨유포항대도,경상북도,포항시,남구,대도동 441,36.0114289,129.3575642
편의점,지에스25대도대로점,경상북도,포항시,남구,대도동 138-25,36.0145668,129.3645679
편의점,25포항문예로점,경상북도,포항시,남구,대도동 118-1,36.0159299,129.3662541
편의점,세븐일레븐포항대도타운점,경상북도,포항시,남구,대도동 100-5,36.0187802,129.3626046
편의점,세븐일레븐포항대도,경상북도,포항시,남구,대도동 172-1,36.0115096,129.359862
편의점,씨유포항세명기독,경상북도,포항시,남구,대도동 94-5,36.0175673,129.3619494
편의점,세븐일레븐포항세명기독,경상북도,포항시,남구,대도동 94-1,36.018003,129.3611374
편의점,지에스25대도상공로점,경상북도,포항시,남구,대도동 57-16,36.0220475,129.3647523
편의점,미니스톱포항남,경상북도,포항시,남구,대도동 647-4,36.0093496,129.3588682
편의점,씨유포항,경상북도,포항시,남구,대도동 96-38,36.0192659,129.3621402
편의점,레전드편의점,경상북도,포항시,남구,대도동 125-13,36.0150809,129.3648694
편의점,지에스25포항현대점,경상북도,포항시,남구,대도동 18-2,36.0269183,129.3630932
편의점,GS25해도형산로점,경상북도,포항시,남구,해도동 98-9,36.0157677,129.370167
편의점,세븐일레븐포항해도점,경상북도,포항시,남구,해도동 78-30,36.017918,129.3675453
편의점,세븐포항해도원룸점,경상북도,포항시,남구,해도동 34-70,36.0270623,129.3664728
편의점,세븐일레븐포항해도원룸점,경상북도,포항시,남구,해도동 34-70,36.0270623,129.3664728
편의점,GS25포항형산점,경상북도,포항시,남구,해도동 172-28,36.0118687,129.3689714
편의점,세븐일레븐포항해도,경상북도,포항시,남구,해도동 82-9,36.0186079,129.3699428
편의점,씨유포항해도,경상북도,포항시,남구,해도동 416-4,36.0240947,129.3685705
편의점,세븐포항해도중앙점,경상북도,포항시,남구,해도동 82-9,36.0186079,129.3699428
편의점,GS25해도해동로점,경상북도,포항시,남구,해도동 23-26,36.0279816,129.3718791
편의점,씨유포항해도타운점,경상북도,포항시,남구,해도동 102-12,36.0165717,129.3681519
편의점,미니스톱포항문예점,경상북도,포항시,남구,해도동 109-1,36.0155307,129.3676019
편의점,지에스25포항해도,경상북도,포항시,남구,해도동 471-25,36.0235784,129.3734869
편의점,세븐일레븐포항해도,경상북도,포항시,남구,해도동 412-10,36.0260232,129.3680666
편의점,GS25포스코로점,경상북도,포항시,남구,해도동 208-7,36.0137163,129.3676754
편의점,GS25해도,경상북도,포항시,남구,해도동 14-11,36.0287047,129.3688279
편의점,이마트24포항해도대로점,경상북도,포항시,남구,해도동 88-25,36.0186282,129.3738149
편의점,씨유포항해도,경상북도,포항시,남구,해도동 436-17,36.0249742,129.3731248
편의점,편의점,경상북도,포항시,남구,해도동 171-4,36.0140505,129.3700188
편의점,콜마트,경상북도,포항시,남구,송도동 485-1,36.0294188,129.3752732
편의점,찬늘라면포항송도,경상북도,포항시,남구,송도동 254-139,36.0346584,129.3802307
편의점,GS25포항,경상북도,포항시,남구,송도동 501-21,36.0275998,129.3758071
편의점,씨유포항,경상북도,포항시,남구,송도동 439-22,36.0332025,129.3758187
편의점,보물마켓,경상북도,포항시,남구,송도동 386-1,36.0414312,129.3735465
편의점,CU포항송도,경상북도,포항시,남구,송도동 254-359,36.0345644,129.3799732
편의점,이마트24포항,경상북도,포항시,남구,송도동 441-1,36.0333474,129.3744499
편의점,지에스리테일GS25N포항6전점,경상북도,포항시,남구,청림동 90-1,35.9945725,129.4082447
편의점,씨유포항청림,경상북도,포항시,남구,청림동 3-2,35.9960802,129.4117576
편의점,씨유포항청림진달래점,경상북도,포항시,남구,청림동 1180,35.9904759,129.4045596
편의점,이마트24포항청림점,경상북도,포항시,남구,청림동 507-6,35.9968421,129.4077766
편의점,GS25청림대로점,경상북도,포항시,남구,청림동 1172-23,35.9942807,129.4029801
편의점,GS25청림북문점,경상북도,포항시,남구,청림동 21-14,35.995106,129.412842
편의점,지에스25N포항청림점,경상북도,포항시,남구,청림동 44,35.9928273,129.4118653
편의점,지에스25N포항상륙점,경상북도,포항시,남구,일월동 731-2,35.9961466,129.425673
편의점,지에스25포항일월,경상북도,포항시,남구,일월동 679-458,35.9961868,129.4226234
편의점,제철복지회복지센타,경상북도,포항시,남구,괴동동 1-33,35.9961117,129.3864616
편의점,이마트24포항제철소파이넥스점,경상북도,포항시,남구,동촌동 5,35.99882,129.3894712
편의점,이마트24포항제철소선강점,경상북도,포항시,남구,동촌동 5,35.99882,129.3894712
편의점,이마트24R포항동촌,경상북도,포항시,남구,동촌동 5,35.99882,129.3894712
편의점,이마트24포항기술연구소점,경상북도,포항시,남구,동촌동 5,35.99882,129.3894712
편의점,세븐일레븐포항공단점,경상북도,포항시,남구,동촌동 1011-1,36.0027012,129.3813942
편의점,이마트24포항제철소압연점,경상북도,포항시,남구,동촌동 5,35.99882,129.3894712
편의점,제철복지회복지센터-이마트24포항,경상북도,포항시,남구,동촌동 5,35.99882,129.3894712
편의점,CU포항장흥점,경상북도,포항시,남구,장흥동 569-18,35.9861095,129.3637946
편의점,지에스25포항공단점,경상북도,포항시,남구,장흥동 1274-2,35.9778417,129.3680238
편의점,이마트24포항인덕점,경상북도,포항시,남구,인덕동 161-250,35.9902676,129.3976253
편의점,GS25포항인덕점,경상북도,포항시,남구,인덕동 161-371,35.990806,129.3970961
편의점,GS25포항해병로점,경상북도,포항시,남구,인덕동 71-12,35.9844498,129.4051923
편의점,청춘시니어협동조합GS25호동로점,경상북도,포항시,남구,호동 194-2,35.9901038,129.3836182
편의점,세븐일레븐포항,경상북도,포항시,남구,효자동 253-147,36.007772,129.3286095
편의점,씨유포항,경상북도,포항시,남구,효자동 253-110,36.0078674,129.3290343
편의점,온놀포항,경상북도,포항시,남구,효자동 575-5,36.0062268,129.3366285
편의점,씨유포항효리단길점,경상북도,포항시,남구,효자동 150-5,36.0090537,129.3343642
편의점,GS25포항,경상북도,포항시,남구,효자동 574-5,36.0065142,129.3368594
편의점,GS25포항효자,경상북도,포항시,남구,효자동 566,36.0060602,129.3331698
편의점,지에스GS25포항효성로점,경상북도,포항시,남구,효자동 597,36.0059575,129.3396228
편의점,포코,경상북도,포항시,남구,효자동 595-6,36.0060355,129.3387023
편의점,이마트24포항효성로점,경상북도,포항시,남구,효자동 591,36.0059232,129.3355024
편의점,지에스25효자,경상북도,포항시,남구,효자동 588-11,36.0058734,129.34367
편의점,세븐일레븐포항효자SK뷰점,경상북도,포항시,남구,효자동 569,36.0063184,129.3351016
편의점,세븐일레븐포항효자원룸점,경상북도,포항시,남구,효자동 578-20,36.0067613,129.3385023
편의점,이마트24포항,경상북도,포항시,남구,효자동 308-5,36.0090833,129.3333206
편의점,지에스25포항효자,경상북도,포항시,남구,효자동 566,36.0060602,129.3331698
편의점,GS25포항효자상품권,경상북도,포항시,남구,효자동 566,36.0060602,129.3331698
편의점,코리아세븐포항,경상북도,포항시,남구,효자동 253-147,36.007772,129.3286095
편의점,C.U포항효성로점,경상북도,포항시,남구,효자동 588-9,36.005967,129.3428223
편의점,세븐포항효자SK뷰점,경상북도,포항시,남구,효자동 569,36.0063184,129.3351016
편의점,이마트24포항효자SK점,경상북도,포항시,남구,효자동 604-4,36.0051425,129.3423465
편의점,지에스25포스텍학술정보관점(상품권),경상북도,포항시,남구,지곡동 166-14,36.0129564,129.3266303
편의점,GS25포스텍지곡회관점,경상북도,포항시,남구,지곡동 166-14,36.0129564,129.3266303
편의점,이마트24포항지곡점,경상북도,포항시,남구,지곡동 166-14,36.0129564,129.3266303
편의점,GS25포스텍학생회관점,경상북도,포항시,남구,지곡동 166-14,36.0129564,129.3266303
편의점,포항공과대학교복지회복지관,경상북도,포항시,남구,지곡동 166-14,36.0129564,129.3266303
편의점,지에스25지곡,경상북도,포항시,남구,지곡동 949-2,36.0319374,129.3160257
편의점,GS25지곡애드빌점,경상북도,포항시,남구,지곡동 480,36.0291925,129.3239035
편의점,GS25포스텍실험동점,경상북도,포항시,남구,지곡동 166-14,36.0129564,129.3266303
편의점,GS25포스텍학술정보관점,경상북도,포항시,남구,지곡동 166-14,36.0129564,129.3266303
편의점,씨유대잠,경상북도,포항시,남구,대잠동 964-12,36.0130083,129.3473161
편의점,씨유포항대잠철길점,경상북도,포항시,남구,대잠동 983-3,36.0153195,129.3434407
편의점,이마트24SMART대잠아델리아점,경상북도,포항시,남구,대잠동 970,36.0177967,129.3453488
편의점,세븐일레븐포항대잠원룸점,경상북도,포항시,남구,대잠동 982,36.0146059,129.3423016
편의점,씨유이동파크빌점,경상북도,포항시,남구,대잠동 470-6,36.0261446,129.3436374
편의점,GS25대잠,경상북도,포항시,남구,대잠동 938-13,36.0139242,129.3461395
편의점,이마트24,경상북도,포항시,남구,대잠동 972-6,36.0168056,129.3425757
편의점,씨유포항세명점,경상북도,포항시,남구,대잠동 926-15,36.01594,129.3474365
편의점,씨유포항이동,경상북도,포항시,남구,대잠동 469-11,36.0246538,129.3414149
편의점,지에스25포항대잠,경상북도,포항시,남구,대잠동 990,36.0211969,129.3441728
편의점,지에스25대잠라온점,경상북도,포항시,남구,대잠동 957,36.0115236,129.3449752
편의점,이마트24포항대이로점,경상북도,포항시,남구,대잠동 999-8,36.0188913,129.3407779
편의점,세븐일레븐포항시청,경상북도,포항시,남구,대잠동 991-6,36.0203934,129.3432767
편의점,이마트24포항대잠점,경상북도,포항시,남구,대잠동 954-21,36.012345,129.3462604
편의점,이마트24포항대이로점,경상북도,포항시,남구,대잠동 999-8,36.0188913,129.3407779
편의점,씨유포항,경상북도,포항시,남구,대잠동 1036,36.0093223,129.342933
편의점,세븐포항이동사거리점,경상북도,포항시,남구,대잠동 469-3,36.0254709,129.3416157
편의점,GS포항세명점,경상북도,포항시,남구,대잠동 921-24,36.0162378,129.34947
편의점,GS25,경상북도,포항시,남구,대잠동 995,36.0204505,129.3412039
편의점,미니스톱포항,경상북도,포항시,남구,대잠동 938,36.0141582,129.3464791
편의점,지에스25포항,경상북도,포항시,남구,대잠동 160-57,36.0136174,129.3385006
편의점,GS25포항대잠점,경상북도,포항시,남구,대잠동 928-7,36.0151452,129.3470883
편의점,씨유포항시청앞점,경상북도,포항시,남구,대잠동 993-6,36.0200985,129.3426599
편의점,세븐포항성모병원점,경상북도,포항시,남구,대잠동 270-1,36.0165138,129.3397229
편의점,이마트24포항이동,경상북도,포항시,남구,대잠동 464-7,36.0227432,129.3399193
편의점,세븐포항성모,경상북도,포항시,남구,대잠동 270-1,36.0165138,129.3397229
편의점,세븐일레븐포항이동,경상북도,포항시,남구,대잠동 469-3,36.0254709,129.3416157
편의점,씨유이동현대홈타운점,경상북도,포항시,남구,대잠동 469-14,36.0238286,129.3425605
편의점,세븐일레븐포항대잠,경상북도,포항시,남구,대잠동 952,36.0128399,129.3452566
편의점,이마트24에스포항,경상북도,포항시,남구,이동 542-3,36.0351884,129.3318293
편의점,씨유포항이동다올점,경상북도,포항시,남구,이동 649-15,36.0288006,129.3374962
편의점,GS25포항,경상북도,포항시,남구,이동 655-8,36.0276171,129.3387127
편의점,GS25이동센타점,경상북도,포항시,남구,이동 661-2,36.0260669,129.3399083
편의점,씨제이올리브영포항,경상북도,포항시,남구,이동 661-7,36.0261195,129.3404866
편의점,이마트24포항,경상북도,포항시,남구,이동 646-1,36.0303673,129.3379068
편의점,이마트24구룡포동백꽃점,경상북도,포항시,남구,구룡포읍 구룡포리 223-98,35.9900243,129.56119
편의점,이마트24포항구룡포점,경상북도,포항시,남구,구룡포읍 구룡포리 9-19,35.9966665,129.5655071
편의점,세븐포항구룡포2,경상북도,포항시,남구,구룡포읍 구룡포리 958-2,35.991143,129.5560255
편의점,씨유구룡포가는길점,경상북도,포항시,남구,구룡포읍 병포리 507,35.9863679,129.5498019
편의점,인재원편의점,경상북도,포항시,남구,구룡포읍 하정리 9,35.9761835,129.5494518
편의점,씨유포항블루밸리점,경상북도,포항시,남구,구룡포읍 구평리 508-1,35.9413405,129.5298647
편의점,세븐일레븐포항구룡포,경상북도,포항시,남구,구룡포읍 구룡포리 958-2,35.991143,129.5560255
편의점,이마트24구룡포,경상북도,포항시,남구,구룡포읍 구평리 435,35.9381944,129.525744
편의점,씨유구룡포점,경상북도,포항시,남구,구룡포읍 구룡포리 949-21,35.9914246,129.5579231
편의점,씨유포항,경상북도,포항시,남구,연일읍 유강리 133-3,36.0058732,129.318543
편의점,씨유포항연일최고점,경상북도,포항시,남구,연일읍 동문리 102-1,35.9931884,129.3516959
편의점,지에스25연일베르체점,경상북도,포항시,남구,연일읍 오천리 642-1,35.9919502,129.3514119
편의점,세븐일레븐포항연일최고점,경상북도,포항시,남구,연일읍 오천리 178-26,35.9973363,129.3513965
편의점,지에스25포항연일희망,경상북도,포항시,남구,연일읍 생지리 333-3,35.9985878,129.3429372
편의점,라온아이,경상북도,포항시,남구,연일읍 유강리 591-4,36.0044677,129.3184838
편의점,지에스25유강,경상북도,포항시,남구,연일읍 유강리 588-4,36.0044421,129.3173507
편의점,세븐일레븐포항연일,경상북도,포항시,남구,연일읍 생지리 86-7,35.9984181,129.3490361
편의점,띵동아이스크림할인점,경상북도,포항시,남구,연일읍 유강리 581-14,36.004935,129.3155765
편의점,세븐일레븐포항유강용진점,경상북도,포항시,남구,연일읍 유강리 596-7,36.0054582,129.3217906
편의점,미니스톱포항유강,경상북도,포항시,남구,연일읍 유강리 585,36.004703,129.3157199
편의점,지에스25포항연일(상품권),경상북도,포항시,남구,연일읍 생지리 333-3,35.9985878,129.3429372
편의점,지에스25포항택전점,경상북도,포항시,남구,연일읍 택전리 592-4,35.9875966,129.3324619
편의점,씨유연일대로점,경상북도,포항시,남구,연일읍 오천리 391,35.989053,129.3578612
편의점,세븐일레븐포항,경상북도,포항시,남구,연일읍 생지리 317-4,35.9954142,129.3458913
편의점,지에스25포항유강타운점,경상북도,포항시,남구,연일읍 유강리 593-7,36.0062451,129.3217524
편의점,씨유포항형산,경상북도,포항시,남구,연일읍 생지리 287-11,35.9971215,129.3441276
편의점,GS25연일,경상북도,포항시,남구,연일읍 오천리 178-29,35.9970018,129.3522205
편의점,씨유포항,경상북도,포항시,남구,연일읍 유강리 133-3,36.0058732,129.318543
편의점,씨유포항연일타운점,경상북도,포항시,남구,연일읍 오천리 168,35.9981218,129.3517587
편의점,씨유포항연일,경상북도,포항시,남구,연일읍 동문리 260-1,35.9933614,129.3484893
편의점,이마트24포항,경상북도,포항시,남구,연일읍 유강리 581-5,36.0054099,129.3157525
편의점,지에스25포항연일,경상북도,포항시,남구,연일읍 생지리 333-3,35.9985878,129.3429372
편의점,지에스25연일철강로,경상북도,포항시,남구,연일읍 생지리 254-3,35.9973126,129.3459668
편의점,지에스25문덕타운점,경상북도,포항시,남구,오천읍 문덕리 277-9,35.9607735,129.403979
편의점,지에스25포항오천,경상북도,포항시,남구,오천읍 원리 1000,35.9718873,129.3990049
편의점,신구멍가게24문덕점,경상북도,포항시,남구,오천읍 원리 1000,35.9718873,129.3990049
편의점,세븐일레븐포항원리점,경상북도,포항시,남구,오천읍 원리 893-36,35.9699294,129.40059
편의점,세븐포항원동점,경상북도,포항시,남구,오천읍 원리 895-7,35.9703849,129.4046486
편의점,지에스25오천원룸점,경상북도,포항시,남구,오천읍 문덕리 196-4,35.963672,129.4058209
편의점,지에스25원동,경상북도,포항시,남구,오천읍 원리 923-8,35.9682939,129.4085352
편의점,지에스25원리,경상북도,포항시,남구,오천읍 원리 932-4,35.9677825,129.4047747
편의점,CU오천영일점,경상북도,포항시,남구,오천읍 용덕리 261-8,35.9680798,129.4162074
편의점,GS25포항오천,경상북도,포항시,남구,오천읍 원리 1000,35.9718873,129.3990049
편의점,세븐일레븐포항문덕점,경상북도,포항시,남구,오천읍 문덕리 357-4,35.9579617,129.4042468
편의점,이마트24오천메가박스점,경상북도,포항시,남구,오천읍 원리 1134,35.9745058,129.4034278
편의점,씨유포항문덕로점,경상북도,포항시,남구,오천읍 문덕리 385-2,35.9568623,129.4026193
편의점,세븐일레븐포항문덕,경상북도,포항시,남구,오천읍 원리 981-8,35.9658603,129.4038193
편의점,씨유포항오천서희점,경상북도,포항시,남구,오천읍 구정리 570,35.9779952,129.4104985
편의점,진서,경상북도,포항시,남구,오천읍 문덕리 1188-741,35.9604698,129.4103162
편의점,지에스25원동,경상북도,포항시,남구,오천읍 원리 981-8,35.9658603,129.4038193
편의점,GS25포항원리점,경상북도,포항시,남구,오천읍 원리 942-12,35.9662993,129.4075591
편의점,지에스25문덕베스트점,경상북도,포항시,남구,오천읍 문덕리 305-7,35.960762,129.4067354
편의점,지에스25문덕행복길점,경상북도,포항시,남구,오천읍 원리 908,35.9701378,129.4055985
편의점,씨유포항원리,경상북도,포항시,남구,오천읍 원리 947-1,35.967028,129.4048643
편의점,이마트24오천해병로점,경상북도,포항시,남구,오천읍 구정리 33-22,35.9783426,129.4129508
편의점,지에스25오천두배점,경상북도,포항시,남구,오천읍 원리 1187,35.9718385,129.4027933
편의점,씨유포항,경상북도,포항시,남구,오천읍 세계리 834-12,35.9664364,129.4155845
편의점,에스비더블유,경상북도,포항시,남구,오천읍 원리 1554-9,35.9786586,129.4040412
편의점,이마트24포항문덕점,경상북도,포항시,남구,오천읍 문덕리 275-6,35.9608101,129.4032631
편의점,씨유포항오천원룸점,경상북도,포항시,남구,오천읍 원리 915-10,35.9682119,129.403983
편의점,CU포항팰리시티점,경상북도,포항시,남구,오천읍 원리 1127,35.974726,129.4025814
편의점,지에스25문덕힐링,경상북도,포항시,남구,오천읍 문덕리 339-10,35.958093,129.4001808
편의점,지에스25오천용덕,경상북도,포항시,남구,오천읍 용덕리 315-67,35.9724217,129.4132997
편의점,미소씨유포항오천,경상북도,포항시,남구,오천읍 원리 948-5,35.9661831,129.4043719
편의점,지에스25오천두배점(상품권),경상북도,포항시,남구,오천읍 원리 1187,35.9718385,129.4027933
편의점,씨유포항천마타운점,경상북도,포항시,남구,오천읍 문덕리 1188-242,35.9503105,129.4093933
편의점,세븐일레븐오천용산,경상북도,포항시,남구,오천읍 용산리 360-29,35.9413609,129.4013589
편의점,CU오천신세계점,경상북도,포항시,남구,오천읍 세계리 842-20,35.9675687,129.4137579
편의점,씨유포항문덕,경상북도,포항시,남구,오천읍 문덕리 217-6,35.9624379,129.3999327
편의점,코리아세븐포항애플,경상북도,포항시,남구,오천읍 원리 893-22,35.9675529,129.4024291
편의점,이마트24오천해병로점,경상북도,포항시,남구,오천읍 구정리 33-22,35.9783426,129.4129508
편의점,씨유포항강변대로점,경상북도,포항시,남구,오천읍 용덕리 351-8,35.9763944,129.4110506
편의점,아이스앤스낵창고,경상북도,포항시,남구,오천읍 세계리 857-39,35.9657577,129.4153168
편의점,씨유문덕하와이점,경상북도,포항시,남구,오천읍 문덕리 282-3,35.9619703,129.4050223
편의점,찬늘라면,경상북도,포항시,남구,오천읍 원리 893-106,35.9671443,129.4008587
편의점,지에스25포항문덕해병점,경상북도,포항시,남구,오천읍 문덕리 57,35.9605595,129.4115324
편의점,씨유포항문덕냉천점,경상북도,포항시,남구,오천읍 문덕리 352-2,35.9587111,129.406493
편의점,세븐포항문덕센터점,경상북도,포항시,남구,오천읍 문덕리 266-14,35.961798,129.4006412
편의점,CU포항원동,경상북도,포항시,남구,오천읍 원리 893-28,35.9666542,129.4008768
편의점,세븐일레븐포항오천,경상북도,포항시,남구,오천읍 원리 1000,35.9718873,129.3990049
편의점,세븐일레븐포항애플,경상북도,포항시,남구,오천읍 원리 893-22,35.9675529,129.4024291
편의점,씨유포항문덕다채움점,경상북도,포항시,남구,오천읍 문덕리 332-1,35.9591589,129.400882
편의점,GS25포항문덕점,경상북도,포항시,남구,오천읍 문덕리 328-11,35.959433,129.4053513
편의점,세븐일레븐포항문덕센트럴,경상북도,포항시,남구,오천읍 문덕리 217-9,35.9624182,129.4006607
편의점,GS25오천용덕점,경상북도,포항시,남구,오천읍 용덕리 309-29,35.9726456,129.414921
편의점,씨제이올리브영포항문덕점,경상북도,포항시,남구,오천읍 문덕리 176-5,35.9642558,129.4026952
편의점,세븐일레븐포항원리,경상북도,포항시,남구,오천읍 원리 918-4,35.9681384,129.4059614
편의점,지에스25문덕웰빙점(상품권),경상북도,포항시,남구,오천읍 문덕리 272-6,35.9608116,129.4027179
편의점,GS25오천구정점,경상북도,포항시,남구,오천읍 구정리 50-1,35.979319,129.4120283
편의점,지에스25포항,경상북도,포항시,남구,오천읍 용덕리 362-5,35.9760292,129.4139942
편의점,GS25문덕웰빙점,경상북도,포항시,남구,오천읍 문덕리 272-6,35.9608116,129.4027179
편의점,지에스25포항,경상북도,포항시,남구,오천읍 용덕리 364-5,35.9760111,129.414227
편의점,CU문덕포은점,경상북도,포항시,남구,오천읍 문덕리 198-1,35.963751,129.4039089
편의점,M편의점,경상북도,포항시,남구,오천읍 원리 1134,35.9745058,129.4034278
편의점,찬늘라면오천,경상북도,포항시,남구,오천읍 문덕리 4-7,35.9676817,129.4116675
편의점,씨유포항원리원농점,경상북도,포항시,남구,오천읍 원리 893-12,35.9697149,129.4022709
편의점,찬늘라면포항,경상북도,포항시,남구,오천읍 문덕리 187-3,35.9635364,129.4035668
편의점,씨유포항원리베스트점,경상북도,포항시,남구,오천읍 원리 985-10,35.9649368,129.4066058
편의점,세븐일레븐포항문덕,경상북도,포항시,남구,오천읍 문덕리 266-14,35.961798,129.4006412
편의점,씨유포항오천,경상북도,포항시,남구,오천읍 원리 929,35.9679927,129.407407
편의점,지에스25포항(상품권),경상북도,포항시,남구,오천읍 용덕리 364-5,35.9760111,129.414227
편의점,씨유오천,경상북도,포항시,남구,오천읍 원리 892,35.9676127,129.3995688
편의점,씨유문덕,경상북도,포항시,남구,오천읍 문덕리 263-3,35.9630572,129.4075104
편의점,지에스25문덕웰빙점,경상북도,포항시,남구,오천읍 문덕리 272-6,35.9608116,129.4027179
편의점,세븐포항원리점,경상북도,포항시,남구,오천읍 원리 893-36,35.9699294,129.40059
편의점,세븐일레븐포항문덕다채움점,경상북도,포항시,남구,오천읍 문덕리 878-1,35.9600136,129.3990189
편의점,지에스25포항4공단점,경상북도,포항시,남구,대송면 대각리 301,35.9547631,129.3650373
편의점,씨유포항대송점,경상북도,포항시,남구,대송면 제내리 1046,35.9830365,129.3628358
편의점,미니스톱포항,경상북도,포항시,남구,대송면 제내리 509,35.9808737,129.3691968
편의점,지에스25포항,경상북도,포항시,남구,동해면 신정리 527,35.9818786,129.4435686
편의점,GS25N포항16,경상북도,포항시,남구,동해면 도구리 97,35.9851549,129.4385138
편의점,세븐일레븐포항도구,경상북도,포항시,남구,동해면 약전리 436,35.9878261,129.4486174
편의점,지에스25포항,경상북도,포항시,남구,동해면 도구리 697-6,35.988013,129.4436197
편의점,미니스톱포항도구점,경상북도,포항시,남구,동해면 도구리 694-3,35.9880822,129.4423367
편의점,지에스25N포항마린점,경상북도,포항시,남구,동해면 임곡리 194-4,35.9998777,129.457996
편의점,씨유포항,경상북도,포항시,남구,동해면 약전리 293-2,35.9884538,129.4501508
편의점,세븐일레븐포항동해중고점,경상북도,포항시,남구,동해면 도구리 621,35.990036,129.439704
편의점,씨유포항도구점,경상북도,포항시,남구,동해면 도구리 633-5,35.9889962,129.4406673
편의점,세븐포항도구대박점,경상북도,포항시,남구,동해면 약전리 436,35.9878261,129.4486174
편의점,지에스25포항양포점,경상북도,포항시,남구,장기면 양포리 294-1,35.8781576,129.5167025
편의점,세븐일레븐포항,경상북도,포항시,남구,장기면 대진리 202,35.9271799,129.5168691
편의점,레몬비,경상북도,포항시,남구,장기면 신창리 234-9,35.8926102,129.5240514
편의점,세븐일레븐포항호미곶점,경상북도,포항시,남구,호미곶면 구만리 3-3,36.0851612,129.5568096
편의점,씨유포항해맞이점,경상북도,포항시,남구,호미곶면 대보리 860-5,36.0782522,129.5605923
편의점,CU호미곶,경상북도,포항시,남구,호미곶면 대보리 220-6,36.0761949,129.5691867
편의점,이마트24포항호미곶점,경상북도,포항시,남구,호미곶면 대보리 286-50,36.0775835,129.5653076
편의점,지에스25포항,경상북도,포항시,북구,대흥동 596-11,36.0367734,129.3625059
편의점,이마트24포항,경상북도,포항시,북구,대흥동 600-20,36.0376159,129.3622595
편의점,GS25포항,경상북도,포항시,북구,신흥동 700-11,36.0388582,129.3633269
편의점,세븐일레븐포항중앙,경상북도,포항시,북구,신흥동 818-5,36.039553,129.3652597
편의점,씨유포항,경상북도,포항시,북구,상원동 463-3,36.0380346,129.3653549
편의점,세븐일레븐,경상북도,포항시,북구,여천동 32,36.0394257,129.3685833
편의점,씨유포항여,경상북도,포항시,북구,여천동 92,36.0385007,129.3684089
편의점,세븐포항여천점,경상북도,포항시,북구,여천동 32,36.0394257,129.3685833
편의점,지에스25뉴포항육,경상북도,포항시,북구,여천동 9-1,36.0402688,129.3680136
편의점,세븐포항중앙제일점,경상북도,포항시,북구,중앙동 58-1,36.038344,129.3669296
편의점,세븐일레븐포항중앙,경상북도,포항시,북구,중앙동 58-1,36.038344,129.3669296
편의점,GS25포항,경상북도,포항시,북구,중앙동 67,36.0380951,129.3664257
편의점,북포항CU,경상북도,포항시,북구,덕산동 235-4,36.0407456,129.3681826
편의점,지에스25포항용당로점,경상북도,포항시,북구,덕산동 125-3,36.0422447,129.3644731
편의점,씨유포항대신포은점,경상북도,포항시,북구,덕수동 34-29,36.0449381,129.3679267
편의점,이마트24포항선린점,경상북도,포항시,북구,대신동 69-1,36.0485875,129.3673007
편의점,지에스25포항대신,경상북도,포항시,북구,대신동 953-17,36.048055,129.3641195
편의점,씨스페이스,경상북도,포항시,북구,대신동 80-16,36.0470892,129.3644039
편의점,지에스25포항삼호로점,경상북도,포항시,북구,대신동 50-10,36.0471759,129.3700363
편의점,씨유포항나루끝점,경상북도,포항시,북구,대신동 951-5,36.0489361,129.3628811
편의점,이마트24포항삼호로점,경상북도,포항시,북구,대신동 1-9,36.0486476,129.3707644
편의점,지에스25포항북,경상북도,포항시,북구,동빈1가 84-74,36.044128,129.3693923
편의점,씨유포항동빈점,경상북도,포항시,북구,동빈1가 74-23,36.0453193,129.3699232
편의점,세븐일레븐포항죽도,경상북도,포항시,북구,동빈2가 144-4,36.0373708,129.3692667
편의점,세븐포항죽도시장점,경상북도,포항시,북구,동빈2가 144-4,36.0373708,129.3692667
편의점,집똑이마트24포항북,경상북도,포항시,북구,동빈2가 113-3,36.0424897,129.3690485
편의점,세븐일레븐포항학산,경상북도,포항시,북구,학산동 191-7,36.0499237,129.3689422
편의점,세븐일레븐포항항구점,경상북도,포항시,북구,항구동 17-91,36.0551688,129.3771101
편의점,세븐포항항구대로점,경상북도,포항시,북구,항구동 17-2,36.0528507,129.374963
편의점,포항여객선터미널매점,경상북도,포항시,북구,항구동 58-54,36.0517388,129.3777873
편의점,씨유영일대해수욕장,경상북도,포항시,북구,항구동 338,36.0557766,129.3772398
편의점,지에스25영일대비치점,경상북도,포항시,북구,항구동 17-124,36.0536902,129.3766814
편의점,세븐일레븐포항항구대로점,경상북도,포항시,북구,항구동 17-2,36.0528507,129.374963
편의점,세븐포항항구점,경상북도,포항시,북구,항구동 17-91,36.0551688,129.3771101
편의점,세븐포항학전로점,경상북도,포항시,북구,항구동 45-4,36.0550284,129.3745991
편의점,지에스25포항도뮤토점,경상북도,포항시,북구,득량동 174,36.028727,129.3459051
편의점,씨유포항철길숲점,경상북도,포항시,북구,득량동 286-15,36.0244589,129.3508386
편의점,GS25포항철길숲점,경상북도,포항시,북구,득량동 288-16,36.0230179,129.3499976
편의점,지에스25포항,경상북도,포항시,북구,득량동 305-1,36.031837,129.3400561
편의점,신구멍가게24포항양학점,경상북도,포항시,북구,득량동 150-2,36.027552,129.348782
편의점,지에스25포항철길숲점,경상북도,포항시,북구,득량동 288-16,36.0230179,129.3499976
편의점,GS25포항철길숲점상품권,경상북도,포항시,북구,득량동 288-16,36.0230179,129.3499976
편의점,씨유양학퀘렌시아점,경상북도,포항시,북구,득량동 141,36.0262137,129.3493698
편의점,찬늘라면양학점,경상북도,포항시,북구,득량동 78-1,36.0220036,129.349114
편의점,지에스25포항삼성푸른점,경상북도,포항시,북구,득량동 155-2,36.027828,129.3484172
편의점,씨유포항대림힐타운점,경상북도,포항시,북구,학잠동 21-1,36.0280018,129.351587
편의점,세븐포항학잠점,경상북도,포항시,북구,학잠동 53-1,36.0270818,129.350205
편의점,씨유포항학잠일등점,경상북도,포항시,북구,학잠동 252,36.0319104,129.3470668
편의점,지에스25포항동아점(상품권),경상북도,포항시,북구,학잠동 203,36.0343138,129.3423791
편의점,지에스25포항동아점,경상북도,포항시,북구,학잠동 203,36.0343138,129.3423791
편의점,지에스25포항동아점,경상북도,포항시,북구,학잠동 203,36.0343138,129.3423791
편의점,GS25포항학잠보성점,경상북도,포항시,북구,학잠동 117-16,36.0301359,129.3478217
편의점,GS25죽도,경상북도,포항시,북구,죽도동 70-42,36.0304535,129.3630001
편의점,지에스25포항필로스점,경상북도,포항시,북구,죽도동 199-1,36.0288644,129.3585894
편의점,씨유포항,경상북도,포항시,북구,죽도동 618-2,36.0235902,129.3583545
편의점,씨유포항,경상북도,포항시,북구,죽도동 646-12,36.0217963,129.3518518
편의점,지에스25포항으뜸점(상품권),경상북도,포항시,북구,죽도동 55-18,36.0292413,129.3652761
편의점,CU포항죽도파크점,경상북도,포항시,북구,죽도동 709-13,36.0161045,129.3517611
편의점,지에스25포항죽도,경상북도,포항시,북구,죽도동 677-18,36.0185499,129.3503644
편의점,이마트24뉴포항죽도점,경상북도,포항시,북구,죽도동 334-52,36.0213771,129.3600783
편의점,CU포항,경상북도,포항시,북구,죽도동 42-17,36.0338328,129.3646735
편의점,세븐일레븐죽도,경상북도,포항시,북구,죽도동 65-9,36.028758,129.3639905
편의점,지에스25포항죽도대로점,경상북도,포항시,북구,죽도동 47-19,36.0316949,129.3647154
편의점,GS25포항으뜸점,경상북도,포항시,북구,죽도동 55-18,36.0292413,129.3652761
편의점,세븐일레븐포항쌍용대로점,경상북도,포항시,북구,죽도동 674-4,36.0165443,129.3533735
편의점,지에스25포항죽도,경상북도,포항시,북구,죽도동 78-4,36.0337134,129.360857
편의점,지에스25포항죽도,경상북도,포항시,북구,죽도동 58-10,36.0283407,129.3668369
편의점,지에스25포항죽도,경상북도,포항시,북구,죽도동 650-1,36.0208812,129.3525405
편의점,지에스25포항,경상북도,포항시,남구,상도동 27-39,36.0168976,129.3556315
편의점,GS25포항,경상북도,포항시,북구,죽도동 207-21,36.0260356,129.3602866
편의점,지에스25죽도,경상북도,포항시,북구,죽도동 568-3,36.035623,129.3697522
편의점,씨유포항에스점,경상북도,포항시,북구,죽도동 113-51,36.0280509,129.3609342
편의점,씨유포항,경상북도,포항시,북구,죽도동 87-1,36.0312452,129.3609568
편의점,GS25포항,경상북도,포항시,북구,죽도동 718-15,36.0156015,129.3533053
편의점,씨유포항해오름점,경상북도,포항시,북구,죽도동 58-2,36.0290506,129.3662659
편의점,포항CU복권,경상북도,포항시,북구,죽도동 42-17,36.0338328,129.3646735
편의점,씨유포항죽도,경상북도,포항시,북구,죽도동 572-7,36.0351328,129.369944
편의점,지에스25포항으뜸점,경상북도,포항시,북구,죽도동 55-18,36.0292413,129.3652761
편의점,CU포항대해로점,경상북도,포항시,북구,죽도동 611-20,36.0258616,129.3561913
편의점,씨유포항,경상북도,포항시,북구,죽도동 718-37,36.0156195,129.3542048
편의점,지에스25죽도,경상북도,포항시,북구,죽도동 659-16,36.0184592,129.3533284
편의점,씨유포항죽도원룸점,경상북도,포항시,북구,죽도동 659-18,36.0186805,129.3528106
편의점,GS25포항,경상북도,포항시,북구,죽도동 617-7,36.022624,129.3582794
편의점,세븐일레븐포항죽도최고점,경상북도,포항시,북구,죽도동 92-57,36.0290768,129.3618241
편의점,세븐포항시그너스점,경상북도,포항시,북구,죽도동 114-10,36.0294419,129.3583041
편의점,CU포항,경상북도,포항시,북구,죽도동 91-20,36.0304806,129.3591502
편의점,씨유포항스마일점,경상북도,포항시,북구,죽도동 636-4,36.0232358,129.3540766
편의점,씨유포항용흥형제점,경상북도,포항시,북구,용흥동 115-8,36.0332104,129.3599518
편의점,지에스25포항동지점,경상북도,포항시,북구,용흥동 511-3,36.0385981,129.3481981
편의점,씨유포항용흥,경상북도,포항시,북구,용흥동 70-1,36.0371106,129.3585936
편의점,세븐일레븐포항우방스포츠,경상북도,포항시,북구,용흥동 366,36.0428044,129.3527309
편의점,용흥편의점,경상북도,포항시,북구,용흥동 622-4,36.0255819,129.3537416
편의점,GS25포항용흥우방점,경상북도,포항시,북구,용흥동 357-1,36.0412124,129.3512655
편의점,GS25포항금잔디점,경상북도,포항시,북구,용흥동 626-21,36.0240422,129.3533062
편의점,지에스25포항용흥점,경상북도,포항시,북구,용흥동 302-9,36.0336356,129.3555693
편의점,씨유포항용흥한라점,경상북도,포항시,북구,용흥동 369-9,36.0398797,129.3531299
편의점,CU포항용흥점,경상북도,포항시,북구,용흥동 327-6,36.0361008,129.3521439
편의점,씨유용흥우방점,경상북도,포항시,북구,용흥동 366,36.0428044,129.3527309
편의점,GS25포항,경상북도,포항시,북구,우현동 50-10,36.055265,129.3615842
편의점,씨유포항우현,경상북도,포항시,북구,우현동 산9,36.0569037,129.3664526
편의점,세븐우현우방대동점,경상북도,포항시,북구,우현동 108-14,36.0502091,129.3602086
편의점,세븐일레븐포항우현점,경상북도,포항시,북구,우현동 129-3,36.0507912,129.3570697
편의점,신구멍가게24포항우현,경상북도,포항시,북구,우현동 541-5,36.0545286,129.3590539
편의점,씨유포항우현점,경상북도,포항시,북구,우현동 118-1,36.0501571,129.3580488
편의점,신구멍가게24포항중앙초점,경상북도,포항시,북구,우현동 산9,36.0569037,129.3664526
편의점,세븐일레븐우현우방,경상북도,포항시,북구,우현동 108-14,36.0502091,129.3602086
편의점,인생로또새천년점,경상북도,포항시,북구,창포동 642-1,36.063825,129.3710336
편의점,세븐일레븐포항,경상북도,포항시,북구,창포동 632-3,36.0624629,129.3685298
편의점,이마트24포항,경상북도,포항시,북구,창포동 611-8,36.0632983,129.3664176
편의점,지에스25포항두호주공점,경상북도,포항시,북구,창포동 613-3,36.0650387,129.3648089
편의점,GS25포항,경상북도,포항시,북구,창포동 394,36.0622336,129.3654034
편의점,신구멍가게24포항우창로점,경상북도,포항시,북구,창포동 466-15,36.069716,129.3675667
편의점,씨유포항메트로,경상북도,포항시,북구,창포동 산26,36.0682726,129.3681687
편의점,씨유포항,경상북도,포항시,북구,창포동 657,36.0653807,129.3666352
편의점,지에스뉴창포,경상북도,포항시,북구,창포동 640,36.0645856,129.3710906
편의점,씨유포항,경상북도,포항시,북구,창포동 618-12,36.063019,129.367303
편의점,세븐일레븐포항두호,경상북도,포항시,북구,두호동 1105-1,36.0631728,129.3743505
편의점,씨유두호,경상북도,포항시,북구,두호동 1100-1,36.0667653,129.3733919
편의점,지에스25포항산호점,경상북도,포항시,북구,두호동 1041-8,36.0569358,129.3764677
편의점,씨유두호점,경상북도,포항시,북구,두호동 1034-13,36.0602922,129.3787501
편의점,지에스25포항우방타운점(상품권),경상북도,포항시,북구,두호동 995-2,36.0590783,129.3737191
편의점,세븐일레븐포항영일대,경상북도,포항시,북구,두호동 178-1,36.0648633,129.3858514
편의점,지에스25포항용두산길점,경상북도,포항시,북구,두호동 1081-4,36.0662849,129.3814396
편의점,이마트24R영일대해수욕장점,경상북도,포항시,북구,두호동 688,36.0570073,129.3777478
편의점,지에스25포항천호타운점,경상북도,포항시,북구,두호동 1069,36.0707407,129.3815214
편의점,지에스25두호,경상북도,포항시,북구,두호동 1101-3,36.0648091,129.3741431
편의점,아이스앤스낵창고,경상북도,포항시,북구,두호동 205-10,36.0668282,129.3834134
편의점,씨유포항두호하이츠점,경상북도,포항시,북구,두호동 960-11,36.0623188,129.3760516
편의점,지에스25포항영일대점,경상북도,포항시,북구,두호동 1011-14,36.0591965,129.378865
편의점,세븐포항두호아이파크점,경상북도,포항시,북구,두호동 1105-1,36.0631728,129.3743505
편의점,GS25포항베스트점,경상북도,포항시,북구,두호동 367,36.0615061,129.3796682
편의점,GS25두호푸르지오상품권,경상북도,포항시,북구,두호동 1022,36.0617371,129.3721063
편의점,씨제이올리브영포항두호점,경상북도,포항시,북구,두호동 1026-7,36.0601063,129.3760099
편의점,지에스25포항우방타운점,경상북도,포항시,북구,두호동 995-2,36.0590783,129.3737191
편의점,이마트24포항학전점,경상북도,포항시,북구,두호동 1047-1,36.0585546,129.3747338
편의점,GS25북구두호점,경상북도,포항시,북구,두호동 1034-9,36.0604357,129.3784319
편의점,씨유영일대해수욕장,경상북도,포항시,북구,두호동 684,36.0574087,129.3779219
편의점,지에스25두호타운점,경상북도,포항시,북구,두호동 1096-6,36.0671646,129.3731324
편의점,씨유포항두호일등점,경상북도,포항시,북구,두호동 1052-6,36.059778,129.3744209
편의점,GS25포항천호타운점,경상북도,포항시,북구,두호동 1069,36.0707407,129.3815214
편의점,지에스25포항천호타운점상품권,경상북도,포항시,북구,두호동 1069,36.0707407,129.3815214
편의점,GS25두호푸르지오,경상북도,포항시,북구,두호동 1022,36.0617371,129.3721063
편의점,씨유포항보름달점,경상북도,포항시,북구,두호동 1077-3,36.0677847,129.3828412
편의점,세븐포항두호점,경상북도,포항시,북구,두호동 1035-5,36.0596131,129.3779025
편의점,GS25포항우방점,경상북도,포항시,북구,두호동 753,36.0584436,129.3719962
편의점,세븐일레븐포항두호점,경상북도,포항시,북구,두호동 1035-5,36.0596131,129.3779025
편의점,CU포항영일대점,경상북도,포항시,북구,두호동 159-2,36.0645824,129.3870466
편의점,씨유장성그랜드점,경상북도,포항시,북구,장성동 1425-14,36.0798137,129.3942259
편의점,씨유포항시티,경상북도,포항시,북구,장성동 1495-8,36.0873601,129.3848194
편의점,GS25포항장원점상품권,경상북도,포항시,북구,장성동 1534-5,36.0819061,129.383664
편의점,에스스토리,경상북도,포항시,북구,장성동 1620,36.0877119,129.3797065
편의점,지에스25포항장성,경상북도,포항시,북구,장성동 1456-4,36.0771721,129.3875716
편의점,이마트24산호,경상북도,포항시,북구,장성동 1350-1,36.067943,129.3803101
편의점,지에스25포항장량원룸점,경상북도,포항시,북구,장성동 1395-6,36.0831926,129.3899359
편의점,세븐일레븐포항장량체육관,경상북도,포항시,북구,장성동 1378-7,36.0828087,129.3864254
편의점,씨유포항장성장원점,경상북도,포항시,북구,장성동 1539-1,36.0805325,129.3840348
편의점,세븐일레븐포항장성,경상북도,포항시,북구,장성동 1512-10,36.0837329,129.3839583
편의점,지에스25장성프라임점,경상북도,포항시,북구,장성동 1352-2,36.0669346,129.3809884
편의점,씨제이올리브영포항,경상북도,포항시,북구,장성동 1576-8,36.0749076,129.3854979
편의점,지에스25포항상품권,경상북도,포항시,북구,장성동 1620,36.0877119,129.3797065
편의점,지에스25포항장성(상품권),경상북도,포항시,북구,장성동 1561-16,36.0774744,129.3857481
편의점,GS25포항장성로점,경상북도,포항시,북구,장성동 1377-7,36.0833352,129.3857124
편의점,GS25포항장성,경상북도,포항시,북구,장성동 1561-16,36.0774744,129.3857481
편의점,지에스25포항현진점,경상북도,포항시,북구,장성동 1607,36.0673151,129.3742493
편의점,이마트24포항장성,경상북도,포항시,북구,장성동 1419-1,36.0816208,129.3922986
편의점,씨유포항장성,경상북도,포항시,북구,장성동 1578-1,36.0819325,129.3779075
편의점,씨유포항온정점,경상북도,포항시,북구,장성동 1510-9,36.0848055,129.3851806
편의점,이마트24포항낙천대점,경상북도,포항시,북구,장성동 1461-13,36.0760647,129.3878886
편의점,세븐일레븐포항장성한빛점,경상북도,포항시,북구,장성동 1392-1,36.0847445,129.3892559
편의점,지에스25포항장성,경상북도,포항시,북구,장성동 1561-16,36.0774744,129.3857481
편의점,세븐일레븐포항장성용진점,경상북도,포항시,북구,장성동 1559-10,36.0774517,129.3838219
편의점,씨제이올리브영,경상북도,포항시,북구,장성동 1406-1,36.0864259,129.3910524
편의점,씨유포항장성위브점,경상북도,포항시,북구,장성동 1554-13,36.0773624,129.3811272
편의점,지에스25포항,경상북도,포항시,북구,장성동 1620,36.0877119,129.3797065
편의점,씨스페이스,경상북도,포항시,북구,장성동 1437-9,36.0767403,129.3956846
편의점,지에스25포항장성타운점,경상북도,포항시,북구,장성동 1570-4,36.0771315,129.3823083
편의점,씨유장량이레점,경상북도,포항시,북구,장성동 1517-13,36.0840698,129.3819985
편의점,지에스25포항뷰엔빌점,경상북도,포항시,북구,장성동 1491-7,36.0884296,129.3837605
편의점,GS25포항장원점,경상북도,포항시,북구,장성동 1534-5,36.0819061,129.383664
편의점,GS25포항천마로점,경상북도,포항시,북구,장성동 1422-1,36.0804809,129.3944765
편의점,지에스25포항장원점,경상북도,포항시,북구,장성동 1534-5,36.0819061,129.383664
편의점,블루25시장성고점,경상북도,포항시,북구,장성동 1373-4,36.0851686,129.3860016
편의점,씨유포항,경상북도,포항시,북구,장성동 1381-15,36.0835392,129.3886878
편의점,씨유장성알뜰점,경상북도,포항시,북구,장성동 475,36.0757174,129.3795742
편의점,이마트24포항법원로점,경상북도,포항시,북구,장성동 1542-7,36.0795404,129.3826481
편의점,씨유포항장성,경상북도,포항시,북구,장성동 1565-8,36.0762276,129.3855404
편의점,씨유포항장성에버빌점,경상북도,포항시,북구,장성동 866-317,36.0681275,129.3785122
편의점,세븐일레븐포항장성현대점,경상북도,포항시,북구,장성동 1412-1,36.0828652,129.3945837
편의점,이마트24포항,경상북도,포항시,북구,장성동 1523-6,36.0830496,129.3835976
편의점,지에스25포항제니스점,경상북도,포항시,북구,장성동 1577-1,36.0745341,129.3837825
편의점,이마트24포항장성고점,경상북도,포항시,북구,장성동 1497-14,36.0864469,129.3859193
편의점,세븐일레븐포항양덕삼구,경상북도,포항시,북구,양덕동 467-1,36.0897865,129.3837859
편의점,씨유양덕원룸점,경상북도,포항시,북구,양덕동 1639,36.0805389,129.3998896
편의점,세븐일레븐포항양덕원룸점,경상북도,포항시,북구,양덕동 1569,36.0791676,129.3993014
편의점,이마트24,경상북도,포항시,북구,양덕동 1751,36.0829366,129.4034912
편의점,씨유양덕원룸단지점,경상북도,포항시,북구,양덕동 1522,36.0805095,129.3980925
편의점,지에스25양덕원룸점,경상북도,포항시,북구,양덕동 1629,36.0805457,129.3996406
편의점,씨유포항양덕하나로점,경상북도,포항시,북구,양덕동 1586,36.0823483,129.3995373
편의점,이마트24포항양덕공원점,경상북도,포항시,북구,양덕동 1901,36.0814321,129.405371
편의점,씨유포항양덕삼구점,경상북도,포항시,북구,양덕동 467-1,36.0897865,129.3837859
편의점,이마트24포항신덕로점,경상북도,포항시,북구,양덕동 1187,36.0862596,129.3924253
편의점,세븐일레븐포항양덕천마점,경상북도,포항시,북구,양덕동 1391,36.0831932,129.3974293
편의점,GS25포항양덕,경상북도,포항시,북구,양덕동 646-3,36.0892668,129.3873183
편의점,세븐일레븐포항장량,경상북도,포항시,북구,양덕동 1233,36.084466,129.395914
편의점,세븐일레븐포항양덕타운점,경상북도,포항시,북구,양덕동 2039,36.0829333,129.4069766
편의점,신구멍가게24,경상북도,포항시,북구,양덕동 1876,36.0829758,129.4056497
편의점,씨유양덕원룸타운점,경상북도,포항시,북구,양덕동 1970,36.081171,129.4063186
편의점,세븐일레븐포항장량천년점,경상북도,포항시,북구,양덕동 785-1,36.0878268,129.3933737
편의점,지에스25포항양덕,경상북도,포항시,북구,양덕동 1383,36.0844427,129.3974057
편의점,GS25포항양덕,경상북도,포항시,북구,양덕동 1383,36.0844427,129.3974057
편의점,찬늘라면,경상북도,포항시,북구,양덕동 657-3,36.0903196,129.3882134
편의점,이마트24포항양덕남로점,경상북도,포항시,북구,양덕동 1801,36.0788319,129.402172
편의점,씨유포항양덕,경상북도,포항시,북구,양덕동 1335,36.0831205,129.3961581
편의점,지에스25양덕타운점,경상북도,포항시,북구,양덕동 2081,36.081656,129.4072924
편의점,GS25포항양덕상품권,경상북도,포항시,북구,양덕동 1383,36.0844427,129.3974057
편의점,씨유포항로스터리맨점,경상북도,포항시,북구,환호동 367,36.0677221,129.3900535
편의점,씨유환호,경상북도,포항시,북구,환호동 510,36.0699195,129.3977681
편의점,지에스25포항환호점,경상북도,포항시,북구,환호동 512,36.0695501,129.3988395
편의점,씨유환호해맞이그린빌점,경상북도,포항시,북구,환호동 409-1,36.0695328,129.3912491
편의점,이마트24포항환호등대점,경상북도,포항시,북구,환호동 119,36.0721752,129.4054151
편의점,지에스25포항여남,경상북도,포항시,북구,환호동 53,36.0700286,129.4013029
편의점,GS25환호,경상북도,포항시,북구,환호동 409-1,36.0695328,129.3912491
편의점,씨유포항스카이워크점,경상북도,포항시,북구,여남동 416-2,36.0734524,129.4110015
편의점,지에스25포항신항만점(상품권),경상북도,포항시,북구,흥해읍 용한리 7-21,36.1110324,129.430005
편의점,지에스25선린대,경상북도,포항시,북구,흥해읍 초곡리 146-1,36.0909036,129.3332127
편의점,씨유포항흥해대유점,경상북도,포항시,북구,흥해읍 이인리 424,36.0704202,129.3338088
편의점,영남슈퍼,경상북도,포항시,북구,흥해읍 남성리 252,36.1086073,129.3486903
편의점,씨유포항신항만점,경상북도,포항시,북구,흥해읍 용한리 7-29,36.1108064,129.4303802
편의점,씨유영일만점,경상북도,포항시,북구,흥해읍 초곡리 9-12,36.0937732,129.3428364
편의점,웨이스탑편의점,경상북도,포항시,북구,흥해읍 오도리 270-5,36.1555368,129.397782
편의점,GS25포항오도리점,경상북도,포항시,북구,흥해읍 오도리 270-5,36.1555368,129.397782
편의점,지에스25포항흥해남성점,경상북도,포항시,북구,흥해읍 남성리 191,36.1089979,129.3493667
편의점,스토리웨이편의점,경상북도,포항시,북구,흥해읍 이인리 137-1,36.0705351,129.3419355
편의점,지에스25한동대기숙사점,경상북도,포항시,북구,흥해읍 남송리 3,36.1032254,129.3888431
편의점,씨유포항양덕용진점,경상북도,포항시,북구,흥해읍 남송리 743-5,36.0974175,129.3710266
편의점,마을누리사회적협동조합,경상북도,포항시,북구,흥해읍 망천리 916,36.1117596,129.3514047
편의점,씨유포항대학교점,경상북도,포항시,북구,흥해읍 죽천리 311,36.0858579,129.410369
편의점,GS25포항신항만점,경상북도,포항시,북구,흥해읍 용한리 7-21,36.1110324,129.430005
편의점,지에스25포항신항만점,경상북도,포항시,북구,흥해읍 용한리 7-21,36.1110324,129.430005
편의점,지에스25포항,경상북도,포항시,북구,흥해읍 남성리 249-1,36.1076103,129.3450615
편의점,씨유포항흥해,경상북도,포항시,북구,흥해읍 남성리 123-13,36.1088591,129.3514911
편의점,세븐일레븐포항흥해대로점,경상북도,포항시,북구,흥해읍 성곡리 994,36.084348,129.3425468
편의점,씨유포항학천점,경상북도,포항시,북구,흥해읍 학천리 427,36.0795698,129.3307431
편의점,이마트24포항신항만점,경상북도,포항시,북구,흥해읍 용한리 7-30,36.1122084,129.4280436
편의점,"새론에프앤에스GS25선린대1호,2호",경상북도,포항시,북구,흥해읍 초곡리 146-1,36.0909036,129.3332127
편의점,세븐일레븐포항대학교점,경상북도,포항시,북구,흥해읍 죽천리 311,36.0858579,129.410369
편의점,지에스25포항달전점,경상북도,포항시,북구,흥해읍 학천리 430-1,36.0791008,129.3302461
편의점,씨유포항신흥로점,경상북도,포항시,북구,흥해읍 마산리 198,36.1114674,129.3378153
편의점,씨유흥해신,경상북도,포항시,북구,흥해읍 옥성리 87,36.1094382,129.3463926
편의점,씨제이올리브영포항,경상북도,포항시,북구,흥해읍 초곡리 1214,36.0966293,129.3384517
편의점,새론에프앤에스GS25선린대,경상북도,포항시,북구,흥해읍 초곡리 146-1,36.0909036,129.3332127
편의점,씨유학천골든시티점,경상북도,포항시,북구,흥해읍 학천리 9-6,36.0794274,129.3344104
편의점,씨유오도라붐점,경상북도,포항시,북구,흥해읍 오도리 151-2,36.1609269,129.3971775
편의점,세븐일레븐포항흥해성곡점,경상북도,포항시,북구,흥해읍 성곡리 1346-34,36.0790339,129.339436
편의점,지에스25포항오도리점,경상북도,포항시,북구,흥해읍 오도리 270-5,36.1555368,129.397782
편의점,씨유포항나들목점,경상북도,포항시,북구,흥해읍 남송리 740,36.0983063,129.3712581
편의점,이마트24포항칠포리점,경상북도,포항시,북구,흥해읍 칠포리 917,36.135947,129.3858285
편의점,GS25흥해옥성점,경상북도,포항시,북구,흥해읍 옥성리 64-4,36.1103536,129.3464957
편의점,씨유흥해남성점,경상북도,포항시,북구,흥해읍 남성리 331-6,36.1052193,129.3449493
편의점,세븐일레븐포항흥해약성점,경상북도,포항시,북구,흥해읍 약성리 106-3,36.1134254,129.3456309
편의점,씨유오도해수욕장점,경상북도,포항시,북구,흥해읍 오도리 293,36.1548926,129.3980712
편의점,GS25흥해옥성점상품권,경상북도,포항시,북구,흥해읍 옥성리 64-4,36.1103536,129.3464957
편의점,신구멍가게24,경상북도,포항시,북구,흥해읍 초곡리 1761,36.0989157,129.334062
편의점,세븐일레븐포항IC점,경상북도,포항시,북구,흥해읍 대련리 328-4,36.0458912,129.3276997
편의점,씨유,경상북도,포항시,북구,흥해읍 초곡리 1492,36.0941099,129.3387634
편의점,지에스25포항오도리점(상품권),경상북도,포항시,북구,흥해읍 오도리 270-5,36.1555368,129.397782
편의점,씨유흥해,경상북도,포항시,북구,흥해읍 마산리 127-4,36.1113592,129.3419018
편의점,CU흥해,경상북도,포항시,북구,흥해읍 옥성리 242-10,36.1041014,129.3420767
편의점,씨유포항흥해성곡,경상북도,포항시,북구,흥해읍 성곡리 1059-3,36.0806956,129.3422508
편의점,씨유포항칠포리점,경상북도,포항시,북구,흥해읍 칠포리 152-3,36.1436301,129.3953737
편의점,지에스25흥해옥성점,경상북도,포항시,북구,흥해읍 옥성리 64-4,36.1103536,129.3464957
편의점,지에스25포항흥해대로점,경상북도,포항시,북구,흥해읍 성곡리 913,36.0860992,129.3414747
편의점,씨유초곡,경상북도,포항시,북구,흥해읍 초곡리 1512,36.0932605,129.3373388
편의점,하얀고래편의점,경상북도,포항시,북구,청하면 방어리 8-5,36.2168457,129.3845826
편의점,세븐일레븐포항청하파크점,경상북도,포항시,북구,청하면 덕성리 159-4,36.2006776,129.340564
편의점,지에스25청하미남점,경상북도,포항시,북구,청하면 미남리 131-1,36.1830138,129.3427258
편의점,이마트24월포해안로점,경상북도,포항시,북구,청하면 용두리 88-25,36.1944414,129.3723166
편의점,청솔마트편의점,경상북도,포항시,북구,청하면 청진리 280-7,36.172828,129.3948177
편의점,세븐일레븐포항청하대로점,경상북도,포항시,북구,청하면 미남리 214-1,36.1883783,129.3480558
편의점,CU포항월포비치점,경상북도,포항시,북구,청하면 월포리 275-26,36.2034644,129.3695734
편의점,세븐일레븐포항청하,경상북도,포항시,북구,청하면 미남리 383-8,36.1971312,129.3394685
편의점,이마트24포항청하점,경상북도,포항시,북구,청하면 미남리 212-5,36.185469,129.3451371
편의점,씨유송라오션뷰점,경상북도,포항시,북구,송라면 화진리 175-2,36.2373873,129.3823719
편의점,지에스25편의점포항화진점,경상북도,포항시,북구,송라면 지경리 410-7,36.251063,129.3732659
편의점,씨스페이스포항화진점,경상북도,포항시,북구,송라면 지경리 410-7,36.251063,129.3732659
편의점,이마트24SMART포항보경사점,경상북도,포항시,북구,송라면 중산리 607-1,36.2505796,129.319526
편의점,세븐일레븐포항송라점,경상북도,포항시,북구,송라면 광천리 40-2,36.2278901,129.3593713
편의점,이마트24포항화진점,경상북도,포항시,북구,송라면 지경리 406,36.2514526,129.3730532
편의점,대한불교조계종보경사지점찬늘라면,경상북도,포항시,북구,송라면 중산리 산88,36.2513216,129.317816
편의점,지에스25편의점포항화진점,경상북도,포항시,북구,송라면 지경리 410-7,36.251063,129.3732659
편의점,이마트24서포항IC점,경상북도,포항시,북구,기계면 내단리 446-2,36.0625922,129.2293722
편의점,포시즌24포항기계점,경상북도,포항시,북구,기계면 현내리 481-1,36.0700618,129.210881
편의점,씨유기계,경상북도,포항시,북구,기계면 현내리 348-1,36.0703838,129.2060954
편의점,세븐일레븐서,경상북도,포항시,북구,기계면 현내리 481-1,36.0700618,129.210881
편의점,미니스톱포항기계점,경상북도,포항시,북구,기계면 현내리 481-1,36.0700618,129.210881
편의점,세븐경주명사마을점,경상북도,경주시,동부동,180-2,35.8472519,129.2102043
편의점,지에스25화랑현대점,경상북도,경주시,동부동,2-36,35.8443273,129.2128687
편의점,세븐일레븐경주명사,경상북도,경주시,동부동,180-2,35.8472519,129.2102043
편의점,씨유경주동산,경상북도,경주시,서부동,124-4,35.8459013,129.2100305
편의점,씨스페이스경주읍성점,경상북도,경주시,성동동,386-1,35.8455496,129.2147791
편의점,세븐일레븐경주읍성점,경상북도,경주시,성동동,259-32,35.8472753,129.2141666
편의점,GS25경주원화점,경상북도,경주시,성동동,142-5,35.8482946,129.2170153
편의점,세븐일레븐경주황오점,경상북도,경주시,황오동,118-7,35.8419258,129.2167672
편의점,지에스25경주역점,경상북도,경주시,황오동,203-7,35.8442823,129.2152086
편의점,세븐일레븐경주황오,경상북도,경주시,황오동,144-39,35.8418814,129.2196921
편의점,세븐일레븐경주황오,경상북도,경주시,황오동,6-16,35.8431256,129.2289932
편의점,이마트24경주황오점,경상북도,경주시,황오동,337-1,35.8418019,129.2148887
편의점,세븐경주황오점,경상북도,경주시,황오동,118-7,35.8419258,129.2167672
편의점,씨유경주,경상북도,경주시,황오동,85-5,35.8415061,129.2204544
편의점,씨유경주황오,경상북도,경주시,황오동,204-2,35.8440512,129.2137016
편의점,씨유경주노동점,경상북도,경주시,노동동,38,35.8419354,129.2118195
편의점,세븐일레븐경주노서점,경상북도,경주시,노서동,121-17,35.8408843,129.206812
편의점,지에스25경주고속점,경상북도,경주시,노서동,170-6,35.8386952,129.2039286
편의점,세븐일레븐경주,경상북도,경주시,노서동,170-5,35.8387144,129.204185
편의점,더까까주까노서점,경상북도,경주시,노서동,120-10,35.8394325,129.2072993
편의점,세븐경주노서점,경상북도,경주시,노서동,121-17,35.8408843,129.206812
편의점,지에스25경주원효점,경상북도,경주시,노서동,121-1,35.8421018,129.2067866
편의점,미니스톱노서,경상북도,경주시,노서동,133-12,35.840738,129.2048476
편의점,세븐일레븐경주노서,경상북도,경주시,노서동,179-1,35.8421974,129.2027769
편의점,세븐일레븐경주신라점,경상북도,경주시,노서동,169-7,35.8396359,129.2047984
편의점,지에스25경주노서점,경상북도,경주시,노서동,241-14,35.8393252,129.2029791
편의점,씨유경주노서점,경상북도,경주시,노서동,178-12,35.8410093,129.2030183
편의점,씨유경주노서,경상북도,경주시,노서동,177-7,35.8421542,129.2037621
편의점,씨유경주성건봉황로점,경상북도,경주시,성건동,677-111,35.8514422,129.2102114
편의점,지에스25경주흥무점,경상북도,경주시,성건동,454-15,35.8474084,129.2038725
편의점,GS25경주,경상북도,경주시,성건동,205-1,35.8463792,129.2068076
편의점,지에스25경주성건원룸점,경상북도,경주시,성건동,620-694,35.8552237,129.2076042
편의점,CU경주성건원룸점,경상북도,경주시,성건동,620-236,35.8552804,129.2100649
편의점,GS25경주평화점,경상북도,경주시,성건동,620-477,35.8555975,129.2054539
편의점,세븐일레븐경주성건미래점,경상북도,경주시,성건동,176-15,35.8488381,129.2066312
편의점,씨유경주성건원룸점,경상북도,경주시,성건동,620-236,35.8552804,129.2100649
편의점,이마트24경주,경상북도,경주시,성건동,650-26,35.8528813,129.2126012
편의점,세븐경주성건점,경상북도,경주시,성건동,680,35.8553409,129.2055864
편의점,세븐일레븐경주,경상북도,경주시,성건동,680,35.8553409,129.2055864
편의점,이마트24경주한마음점,경상북도,경주시,성건동,677-94,35.8511006,129.2083814
편의점,씨유경주,경상북도,경주시,성건동,700-1,35.8528956,129.2056587
편의점,GS25경주,경상북도,경주시,성건동,352-23,35.843624,129.2045686
편의점,세븐경주동국대점,경상북도,경주시,성건동,629,35.8537956,129.2070711
편의점,지에스25성건,경상북도,경주시,성건동,632-11,35.8531751,129.2098847
편의점,지에스25경주,경상북도,경주시,성건동,620-720,35.8554876,129.2062354
편의점,이마트24경주성건,경상북도,경주시,성건동,645-25,35.85191,129.2071532
편의점,CU동대,경상북도,경주시,성건동,697-1,35.8539514,129.2065611
편의점,GS25성건한빛점,경상북도,경주시,성건동,711-4,35.8513657,129.2048127
편의점,씨유경주성건화랑,경상북도,경주시,성건동,207-22,35.8460616,129.2062092
편의점,GS25성건,경상북도,경주시,성건동,369-40,35.8436677,129.2031009
편의점,지에스25경주장미점,경상북도,경주시,성건동,660-19,35.8515472,129.2139932
편의점,세븐일레븐경주,경상북도,경주시,성건동,629,35.8537956,129.2070711
편의점,지에스25경주황리단길점,경상북도,경주시,사정동,74-1,35.8366526,129.2073306
편의점,이마트24경주교촌,경상북도,경주시,황남동,150-3,35.8329042,129.2139964
편의점,씨유경주황리단길점,경상북도,경주시,황남동,273-6,35.8385956,129.2096501
편의점,세븐경주대릉원점,경상북도,경주시,황남동,194-13,35.8342891,129.2153164
편의점,세븐일레븐경주황남,경상북도,경주시,황남동,293-2,35.8365903,129.2094469
편의점,씨유경주황남점,경상북도,경주시,황남동,309-1,35.8353547,129.2097113
편의점,세븐일레븐경주대릉원점,경상북도,경주시,황남동,194-13,35.8342891,129.2153164
편의점,미니스톱경주천마총점,경상북도,경주시,황남동,194-10,35.8345928,129.2154239
편의점,GS25경주첨성대점,경상북도,경주시,인왕동,815-1,35.8358808,129.2185763
편의점,세븐일레븐경주국립박물관점,경상북도,경주시,인왕동,76,35.8291795,129.2279182
편의점,이마트24경주IC점,경상북도,경주시,탑동,343-2,35.8166943,129.2031236
편의점,세븐일레븐경주충효,경상북도,경주시,충효동,2973-5,35.8431967,129.1824825
편의점,태영유통한양마트/세븐일레븐한양충효점,경상북도,경주시,충효동,3020-1,35.8413896,129.1902551
편의점,씨유충효대우점,경상북도,경주시,충효동,2946-2,35.8451874,129.1796791
편의점,씨유충효,경상북도,경주시,충효동,2987-5,35.8422313,129.185355
편의점,서라벌대학산학협력단,경상북도,경주시,충효동,165,35.8396978,129.184828
편의점,지에스25경주충효점,경상북도,경주시,충효동,2986-4,35.8431503,129.1858075
편의점,서라벌대학교학생식당,경상북도,경주시,충효동,165,35.8396978,129.184828
편의점,지에스25경주충효,경상북도,경주시,충효동,2945-8,35.8442232,129.1791989
편의점,편의점,경상북도,경주시,충효동,2980,35.8432624,129.1845551
편의점,서라벌대학교,경상북도,경주시,충효동,165,35.8396978,129.184828
편의점,GS25충효대로점,경상북도,경주시,충효동,466,35.8431683,129.1799833
편의점,GS25충효제일,경상북도,경주시,충효동,3007-1,35.841839,129.1885017
편의점,세븐일레븐경주충효미래점,경상북도,경주시,충효동,2971-3,35.8435088,129.1837777
편의점,GS25충효대우,경상북도,경주시,충효동,2934-4,35.8450461,129.175949
편의점,씨스페이스충효,경상북도,경주시,충효동,2982,35.8430992,129.1850347
편의점,세븐일레븐경주충효이안점,경상북도,경주시,충효동,1491,35.8461268,129.171419
편의점,세븐일레븐경주충효미래점,경상북도,경주시,충효동,2971-3,35.8435088,129.1837777
편의점,블루25씨스페이스경주구황점,경상북도,경주시,구황동,857-61,35.8407002,129.2292561
편의점,이마트24R경주화랑점,경상북도,경주시,구황동,857-55,35.8412015,129.2292383
편의점,씨유경주삼보타운점,경상북도,경주시,황성동,309-1,35.864268,129.2178999
편의점,이마트24경주,경상북도,경주시,황성동,509-5,35.8670929,129.2143175
편의점,세븐일레븐경주,경상북도,경주시,황성동,800-23,35.8805035,129.2179818
편의점,GS25경주,경상북도,경주시,황성동,506-6,35.8652857,129.2148304
편의점,이마트24경주용강공단점,경상북도,경주시,황성동,70-12,35.8733107,129.2212003
편의점,이마트24경주,경상북도,경주시,황성동,509-5,35.8670929,129.2143175
편의점,씨유황성유림점,경상북도,경주시,황성동,550-1,35.8694589,129.2154802
편의점,씨유황성,경상북도,경주시,황성동,898,35.8660796,129.2100484
편의점,씨유경주,경상북도,경주시,황성동,472-8,35.8657811,129.2143997
편의점,씨유경주용담로점,경상북도,경주시,황성동,538-8,35.8683749,129.2121035
편의점,더까까주까,경상북도,경주시,황성동,450-10,35.8648664,129.213586
편의점,세븐일레븐경주황성타운점,경상북도,경주시,황성동,269-17,35.8670662,129.2191518
편의점,씨유경주황성대로점,경상북도,경주시,황성동,441-8,35.8638433,129.2125969
편의점,씨유황성,경상북도,경주시,황성동,244-8,35.8682062,129.2196072
편의점,지에스25황성,경상북도,경주시,황성동,533-4,35.8667054,129.2121291
편의점,세븐일레븐경주황성,경상북도,경주시,황성동,447-1,35.8653988,129.2124851
편의점,더까까주까프렌즈황성청우점,경상북도,경주시,황성동,273-1,35.8681521,129.2172691
편의점,씨유황성에버빌점,경상북도,경주시,황성동,1235,35.8839715,129.2226692
편의점,세븐일레븐경주황성,경상북도,경주시,황성동,302-22,35.8627591,129.2168592
편의점,CU경주황성,경상북도,경주시,황성동,1168,35.8653336,129.2202575
편의점,씨유경주황성대로점,경상북도,경주시,황성동,441-8,35.8638433,129.2125969
편의점,지에스25경주용강공단점,경상북도,경주시,황성동,57-9,35.8727008,129.2228663
편의점,GS25용강고분점,경상북도,경주시,용강동,1331-1,35.8617119,129.223951
편의점,세븐일레븐경주용강센타점,경상북도,경주시,용강동,1328-6,35.8627401,129.2235928
편의점,GS25용강,경상북도,경주시,용강동,732-13,35.878132,129.2255643
편의점,지에스25용강스파점,경상북도,경주시,용강동,1299-6,35.8765139,129.2302486
편의점,CU경주양정로점,경상북도,경주시,용강동,1320-8,35.8628408,129.2221728
편의점,지에스25용강에버빌점,경상북도,경주시,황성동,1240,35.8843789,129.2238248
편의점,세븐일레븐경주용강,경상북도,경주시,용강동,1356-5,35.8600124,129.2224864
편의점,지에스25경주용황점,경상북도,경주시,용강동,1462,35.8826115,129.2258477
편의점,CU경주용강주공점,경상북도,경주시,용강동,1285-7,35.8789668,129.2297146
편의점,씨유경주용황점,경상북도,경주시,용강동,1533,35.883166,129.2277124
편의점,지에스25경주용강타운점,경상북도,경주시,용강동,1326-1,35.8637997,129.2248434
편의점,씨유경주용강원룸K점,경상북도,경주시,용강동,1338-1,35.8609375,129.2247569
편의점,지에스25경주,경상북도,경주시,용강동,1310-8,35.8650109,129.222882
편의점,세븐경주동천2호점,경상북도,경주시,동천동,733-448,35.8541839,129.218727
편의점,민부동산,경상북도,경주시,동천동,801-1,35.8549979,129.2239501
편의점,지에스25경주,경상북도,경주시,동천동,817-3,35.8529036,129.2264089
편의점,세븐경주동천,경상북도,경주시,동천동,787-12,35.8552608,129.2244339
편의점,세븐일레븐경주동천,경상북도,경주시,동천동,877,35.8517238,129.2285571
편의점,GS25동천우방점,경상북도,경주시,동천동,987-31,35.8587068,129.2255761
편의점,씨유동천선주점,경상북도,경주시,동천동,586-100,35.8488833,129.2245841
편의점,씨유경주,경상북도,경주시,동천동,791-7,35.8565387,129.2228451
편의점,씨유경주동천선덕,경상북도,경주시,동천동,821-6,35.8523925,129.2267306
편의점,지에스25경주(상품권),경상북도,경주시,동천동,817-3,35.8529036,129.2264089
편의점,세븐일레븐경주,경상북도,경주시,동천동,771-5,35.8567956,129.2253445
편의점,GS25경주,경상북도,경주시,동천동,790-15,35.8562678,129.2233156
편의점,씨유현대새화랑점,경상북도,경주시,동천동,936,35.8467584,129.23504
편의점,세븐일레븐경주로얄점,경상북도,경주시,동천동,702-13,35.8533638,129.2220212
편의점,세븐경주동천3호점,경상북도,경주시,동천동,787-12,35.8552608,129.2244339
편의점,이마트24경주,경상북도,경주시,동천동,884-7,35.8494414,129.227743
편의점,세븐일레븐경주동천베스트점,경상북도,경주시,동천동,733-221,35.8518375,129.2243263
편의점,지에스25경주초당타운점,경상북도,경주시,동천동,926-17,35.8465433,129.2337176
편의점,세븐일레븐경주동천,경상북도,경주시,동천동,794-9,35.8552659,129.2228248
편의점,지에스25동천원룸점,경상북도,경주시,동천동,733-116,35.8509245,129.2266859
편의점,세븐일레븐경주동천,경상북도,경주시,동천동,908-7,35.8493469,129.2302234
편의점,GS25경주탈해점,경상북도,경주시,동천동,889-6,35.8504248,129.2295428
편의점,지에스25경주동천,경상북도,경주시,동천동,601-4,35.8518698,129.222791
편의점,씨유경주동천,경상북도,경주시,동천동,826-9,35.8542499,129.2267261
편의점,지에스GS25경주,경상북도,경주시,동천동,817-3,35.8529036,129.2264089
편의점,세븐일레븐경주교육청점,경상북도,경주시,동천동,919-6,35.8459114,129.2303144
편의점,세븐일레븐경주동천,경상북도,경주시,동천동,733-448,35.8541839,129.218727
편의점,지에스25경주백률점,경상북도,경주시,동천동,785-6,35.855953,129.2264378
편의점,씨유경주초당길점,경상북도,경주시,동천동,950-6,35.8449155,129.2330521
편의점,씨유경주동천선덕점,경상북도,경주시,동천동,733-34,35.8484252,129.2287622
편의점,GS25동천타운점,경상북도,경주시,동천동,898-9,35.8485073,129.2315546
편의점,씨유경주동천,경상북도,경주시,동천동,903-3,35.8472239,129.2322163
편의점,GS25경주,경상북도,경주시,동천동,801-4,35.8542473,129.2239418
편의점,세븐일레븐경주시청,경상북도,경주시,동천동,779,35.8564753,129.2278545
편의점,이마트24경주초당점,경상북도,경주시,동천동,930-9,35.8473846,129.2331332
편의점,씨유경주불국사점,경상북도,경주시,시래동,326-6,35.7748338,129.3007391
편의점,이마트24경주,경상북도,경주시,시래동,305,35.7735639,129.3023428
편의점,CU경주시래,경상북도,경주시,시래동,1053,35.7723311,129.3067369
편의점,세븐일레븐경주시래대로점,경상북도,경주시,시래동,355-11,35.7733723,129.3027173
편의점,지에스25경주시래점,경상북도,경주시,시래동,1141,35.7701945,129.3102512
편의점,지에스25시래하이빌점,경상북도,경주시,시래동,1051,35.7722028,129.3078048
편의점,씨유경주시래,경상북도,경주시,시래동,1044,35.7732719,129.3080837
편의점,GS25경주구정점,경상북도,경주시,구정동,455-19,35.7774434,129.2979784
편의점,이마트24경주불국사초점,경상북도,경주시,구정동,431-5,35.7768211,129.3012888
편의점,지에스25경주구정원룸점,경상북도,경주시,구정동,616-211,35.7763026,129.3036592
편의점,씨유경주하동점,경상북도,경주시,하동,694-1,35.7951552,129.3132828
편의점,지에스25경주하동점,경상북도,경주시,하동,604-4,35.7999105,129.3139648
편의점,씨유경주민속공예촌점,경상북도,경주시,하동,201-14,35.8045267,129.3111896
편의점,석굴암쉼터,경상북도,경주시,진현동,999,35.7949811,129.3502243
편의점,씨유경주불국사앞점,경상북도,경주시,진현동,64-1,35.7865944,129.3271616
편의점,아리수델리마켓,경상북도,경주시,진현동,850-17,35.7815483,129.3247595
편의점,씨유경주불국사,경상북도,경주시,진현동,785,35.7789522,129.3220603
편의점,GS25경주,경상북도,경주시,진현동,834-19,35.7812839,129.3241293
편의점,GS25경주월드점,경상북도,경주시,천군동,205-52,35.8361563,129.2848454
편의점,씨유경주월드점,경상북도,경주시,천군동,206-3,35.8354532,129.2850161
편의점,지에스25경주,경상북도,경주시,천군동,157-16,35.8341974,129.2909065
편의점,지에스25경주월드점,경상북도,경주시,천군동,205-52,35.8361563,129.2848454
편의점,GS25경주월드점상품권,경상북도,경주시,천군동,205-52,35.8361563,129.2848454
편의점,지에스25블루원콘도점,경상북도,경주시,천군동,산30-4,35.8287881,129.2928519
편의점,세븐경주보문호반점,경상북도,경주시,신평동,719-143,35.8431355,129.2836659
편의점,일성티엔씨,경상북도,경주시,신평동,601-19,35.8485195,129.2810452
편의점,씨유경주보문,경상북도,경주시,신평동,375,35.8428484,129.2858243
편의점,블루25,경상북도,경주시,신평동,355,35.8453171,129.2901358
편의점,지에스25경주북천점,경상북도,경주시,신평동,719-218,35.8358339,129.2910841
편의점,세븐일레븐경주보문점,경상북도,경주시,신평동,611-12,35.8472859,129.2803198
편의점,GS25보문,경상북도,경주시,신평동,436,35.8441922,129.2881607
편의점,레몬비경주GT점,경상북도,경주시,신평동,150-10,35.8394215,129.2912173
편의점,GS25경주북군점,경상북도,경주시,북군동,225-4,35.8520835,129.263454
편의점,세븐일레븐경주보문북군점,경상북도,경주시,북군동,227-6,35.8516621,129.2631022
편의점,세븐경주보문북군점,경상북도,경주시,북군동,227-6,35.8516621,129.2631022
편의점,이마트24경주북군점,경상북도,경주시,북군동,364-22,35.8588783,129.2626373
편의점,지에스25한화리조트경주담톤점,경상북도,경주시,북군동,30-3,35.8595812,129.2701881
편의점,씨유R켄싱턴경주점,경상북도,경주시,북군동,11-1,35.8601696,129.2684916
편의점,지에스25한화리조트경주에톤점,경상북도,경주시,북군동,30-3,35.8595812,129.2701881
편의점,리도,경상북도,경주시,손곡동,227,35.8581046,129.2950709
편의점,하프타임,경상북도,경주시,율동,1812-7,35.7958319,129.1790603
편의점,씨유경주,경상북도,경주시,석장동,837-6,35.8614744,129.1894673
편의점,세븐일레븐경주석장,경상북도,경주시,석장동,771-5,35.863252,129.189435
편의점,세븐동국대경주병원점,경상북도,경주시,석장동,1090-1,35.8582588,129.1950526
편의점,세븐일레븐동국대경주,경상북도,경주시,석장동,1090-1,35.8582588,129.1950526
편의점,씨유동국대생활관점,경상북도,경주시,석장동,707,35.8642079,129.1939725
편의점,세븐경주석장스타점,경상북도,경주시,석장동,771-5,35.863252,129.189435
편의점,씨유경주석장뜰안에점,경상북도,경주시,석장동,886-11,35.8601265,129.193059
편의점,GS25동국대원룸점,경상북도,경주시,석장동,843-2,35.8618496,129.1896032
편의점,세븐일레븐경주석장원룸점,경상북도,경주시,석장동,881-1,35.8607841,129.1918977
편의점,이마트24R경주동국대화랑점,경상북도,경주시,석장동,875-1,35.8611609,129.1910209
편의점,씨유와이즈,경상북도,경주시,석장동,707,35.8642079,129.1939725
편의점,미니스톱신경주,경상북도,경주시,석장동,772-1,35.8623804,129.1896512
편의점,CU석장영,경상북도,경주시,석장동,846-5,35.8616766,129.191042
편의점,씨유경주,경상북도,경주시,석장동,757-1,35.8639297,129.1903129
편의점,세븐일레븐경주감포대,경상북도,경주시,감포읍,대본리 607-1,35.7469603,129.4861546
편의점,씨유감포항구길점,경상북도,경주시,감포읍,감포리 48-5,35.8074504,129.5029276
편의점,세븐일레븐경주나정,경상북도,경주시,감포읍,나정리 68,35.7828607,129.4898118
편의점,씨유감포파도소리점,경상북도,경주시,감포읍,오류리 233-5,35.8235513,129.5076543
편의점,이마트24경주감포캐스팅점,경상북도,경주시,감포읍,나정리 71-5,35.7820246,129.4900673
편의점,씨유감포해맞이점,경상북도,경주시,감포읍,전촌리 685-32,35.7885303,129.4908342
편의점,지에스25경주감포나정점,경상북도,경주시,감포읍,나정리 20-1,35.7816724,129.4907726
편의점,이마트24경주감포신현대점,경상북도,경주시,감포읍,대본리 450-10,35.7486825,129.4881169
편의점,씨유감포이끌림점,경상북도,경주시,감포읍,전동리 113,35.803466,129.4972718
편의점,이마트24경주감포점,경상북도,경주시,감포읍,감포리 387-3,35.8044971,129.5022921
편의점,송림상회,경상북도,경주시,감포읍,전촌리 685-32,35.7885303,129.4908342
편의점,씨유감포점,경상북도,경주시,감포읍,감포리 388-1,35.804571,129.502335
편의점,이마트24감포연동점,경상북도,경주시,감포읍,오류리 130-6,35.837733,129.5193707
편의점,편의점사랑,경상북도,경주시,감포읍,대본리 36-1,35.7659552,129.4934231
편의점,이마트24R경주안강우방점,경상북도,경주시,안강읍,산대리 2400-9,36.000955,129.1964318
편의점,지에스25안강,경상북도,경주시,안강읍,옥산리 783-5,35.9912974,129.172345
편의점,CU,경상북도,경주시,안강읍,양월리 1195-3,35.9923392,129.2227519
편의점,세븐일레븐경주안강,경상북도,경주시,안강읍,산대리 1913-1,35.9909688,129.2151487
편의점,씨유안강우방점,경상북도,경주시,안강읍,산대리 2389-6,36.003395,129.1965069
편의점,"한양마트,세븐일레븐경주안강한동점",경상북도,경주시,안강읍,산대리 1346-21,36.0002919,129.1833244
편의점,씨유안강호국,경상북도,경주시,안강읍,하곡리 469-7,35.9817388,129.1467321
편의점,띵동아이스크림,경상북도,경주시,안강읍,산대리 2388,36.0033209,129.1968515
편의점,세븐일레븐경주,경상북도,경주시,안강읍,안강리 319-150,35.9920595,129.2267693
편의점,씨유안강예일점,경상북도,경주시,안강읍,산대리 2022-1,35.9917413,129.2118968
편의점,지에스25경주한동점,경상북도,경주시,안강읍,산대리 1346-27,35.9999581,129.1837992
편의점,한양마트,경상북도,경주시,안강읍,산대리 1346-21,36.0002919,129.1833244
편의점,씨유안강양월점,경상북도,경주시,안강읍,양월리 1223-10,35.9928182,129.2188872
편의점,GS25경주,경상북도,경주시,안강읍,안강리 351-3,35.9906264,129.2253655
편의점,세븐일레븐경주안강한동점,경상북도,경주시,안강읍,산대리 1346-21,36.0002919,129.1833244
편의점,씨유안강삼도점,경상북도,경주시,안강읍,산대리 2404,36.0021147,129.1943066
편의점,이마트24경주안강삼도점,경상북도,경주시,안강읍,산대리 2394-6,36.0022826,129.1952939
편의점,이마트24경주안강삼도점,경상북도,경주시,안강읍,산대리 2394-6,36.0022826,129.1952939
편의점,씨스페이스경주,경상북도,경주시,안강읍,두류리 150-16,35.9863107,129.1526255
편의점,지에스25경주산대점,경상북도,경주시,안강읍,산대리 2400-1,36.0018188,129.1966205
편의점,세븐일레븐경주건천공단점,경상북도,경주시,건천읍,용명리 2590-2,35.8695065,129.1117781
편의점,세븐일레븐대현건천휴게소점,경상북도,경주시,건천읍,건천리 461-2,35.8452731,129.1150939
편의점,세븐일레븐경주건천,경상북도,경주시,건천읍,천포리 1107-5,35.839352,129.0847876
편의점,세븐일레븐경주건천LH점,경상북도,경주시,건천읍,건천리 628,35.8468464,129.1085038
편의점,씨유뉴건천점,경상북도,경주시,건천읍,건천리 224,35.8497538,129.1034534
편의점,이마트24self대동주유소점,경상북도,경주시,건천읍,용명리 1209-3,35.8745429,129.0842823
편의점,GS25건천터미널,경상북도,경주시,건천읍,천포리 459-4,35.8521983,129.1002972
편의점,씨유경주뉴건천원룸점,경상북도,경주시,건천읍,건천리 177-50,35.8517181,129.1052204
편의점,CU경주건천선덕점,경상북도,경주시,건천읍,건천리 139-6,35.8527201,129.1016548
편의점,코레일유통스토리웨이편의점,경상북도,경주시,건천읍,화천리 1010,35.7996762,129.140004
편의점,지에스25경주모화점,경상북도,경주시,외동읍,모화리 196-1,35.670776,129.3360719
편의점,세븐일레븐경주모화원룸,경상북도,경주시,외동읍,모화리 273-4,35.6738336,129.3368447
편의점,씨유경주외동서라벌점,경상북도,경주시,외동읍,제내리 770-2,35.7106216,129.2715317
편의점,이마트24경주외동원룸점,경상북도,경주시,외동읍,모화리 1324-13,35.6760357,129.327751
편의점,세븐일레븐경주석계타운점,경상북도,경주시,외동읍,석계리 175-1,35.6802616,129.308891
편의점,GS25문산공단점,경상북도,경주시,외동읍,문산리 407-2,35.6783579,129.3201231
편의점,GS25경주입실,경상북도,경주시,외동읍,입실리 876-1,35.7101142,129.3260902
편의점,한서몰,경상북도,경주시,외동읍,냉천리 75,35.7235876,129.300222
편의점,세븐일레븐경주모화점,경상북도,경주시,외동읍,모화리 1817,35.6810521,129.3254766
편의점,CU경주정일,경상북도,경주시,외동읍,문산리 390,35.6802382,129.3170934
편의점,이마트24경주미소지움점,경상북도,경주시,외동읍,입실리 1396,35.7208443,129.3442501
편의점,지에스25문산공단점,경상북도,경주시,외동읍,문산리 407-2,35.6783579,129.3201231
편의점,비지에프휴먼넷CUE외동휴게소,경상북도,경주시,외동읍,석계리 산231-6,35.6725564,129.2853851
편의점,CU경주입실원룸,경상북도,경주시,외동읍,입실리 1280-12,35.710982,129.3224882
편의점,CU연안휴게소점,경상북도,경주시,외동읍,연안리 877,35.7268545,129.3205252
편의점,씨유경주,경상북도,경주시,외동읍,입실리 1005-5,35.7143901,129.3242282
편의점,세븐일레븐석계녹동점,경상북도,경주시,외동읍,녹동리 59-2,35.6566557,129.294335
편의점,비어앤크림,경상북도,경주시,외동읍,입실리 1022-11,35.7149598,129.3252334
편의점,세븐일레븐경주입실원룸점,경상북도,경주시,외동읍,입실리 725-1,35.712219,129.3286367
편의점,지에스25경주산업로점,경상북도,경주시,외동읍,연안리 594-1,35.7271439,129.3216559
편의점,세븐일레븐경주외동연안점,경상북도,경주시,외동읍,연안리 601-56,35.728822,129.3220324
편의점,세븐일레븐경주구어공단점,경상북도,경주시,외동읍,구어리 658-7,35.7004803,129.3186329
편의점,씨유경주구어산업로점,경상북도,경주시,외동읍,구어리 328,35.7085076,129.3248587
편의점,지에스25경주구어점,경상북도,경주시,외동읍,구어리 76-2,35.6951521,129.3308816
편의점,씨유경주문산,경상북도,경주시,외동읍,문산리 251,35.6861908,129.3138423
편의점,픽미픽미아이스경주,경상북도,경주시,외동읍,입실리 891-5,35.7134905,129.3245662
편의점,GS25괘릉휴게소점,경상북도,경주시,외동읍,괘릉리 701,35.7572816,129.3148983
편의점,이마트24경주석계관문점,경상북도,경주시,외동읍,석계리 1394-29,35.6696055,129.3018066
편의점,세븐경주외동베스트점,경상북도,경주시,외동읍,입실리 613-8,35.7152908,129.3308917
편의점,지에스25경주문무로점,경상북도,경주시,외동읍,괘릉리 697-2,35.757177,129.3138385
편의점,이마트24경주구어블루점,경상북도,경주시,외동읍,구어리 1411-21,35.7044821,129.2987883
편의점,지에스25경주입실,경상북도,경주시,외동읍,입실리 1046-14,35.7158018,129.3238015
편의점,GS25경주구어공단,경상북도,경주시,외동읍,구어리 1411-36,35.6979174,129.3021155
편의점,씨유경주냉천,경상북도,경주시,외동읍,냉천리 444,35.7135599,129.2985108
편의점,GS25경주입실러블리,경상북도,경주시,외동읍,입실리 547,35.7153063,129.3266953
편의점,CU경주모화점,경상북도,경주시,외동읍,모화리 390,35.6776936,129.3355114
편의점,세븐일레븐경주외동베스트점,경상북도,경주시,외동읍,입실리 613-8,35.7152908,129.3308917
편의점,CU경주냉천공단점,경상북도,경주시,외동읍,냉천리 237,35.7148256,129.300974
편의점,세븐일레븐경주냉천공단점,경상북도,경주시,외동읍,냉천리 1200,35.7098127,129.293412
편의점,씨유문산2공단점,경상북도,경주시,외동읍,문산리 산80,35.6726045,129.3122453
편의점,이마트24경주,경상북도,경주시,외동읍,입실리 1344-38,35.7119354,129.3255179
편의점,지에스25문산공단점상품권,경상북도,경주시,외동읍,문산리 407-2,35.6783579,129.3201231
편의점,이마트24경주문산공단점,경상북도,경주시,외동읍,문산리 948,35.6712921,129.3234426
편의점,세븐일레븐경주구어2공단점,경상북도,경주시,외동읍,구어리 1411-22,35.7046564,129.2985963
편의점,이마트24경주부성휴게소점,경상북도,경주시,외동읍,모화리 1189,35.6823922,129.3313584
편의점,세븐일레븐경주문산우박점,경상북도,경주시,외동읍,문산리 416,35.6779813,129.3205809
편의점,미니스톱경주양북점,경상북도,경주시,문무대왕면,어일리 1295-2,35.7935704,129.439749
편의점,지에스25경주문무왕릉점,경상북도,경주시,문무대왕면,봉길리 24-2,35.739234,129.4831545
편의점,이마트24경주문무왕릉점,경상북도,경주시,문무대왕면,봉길리 18,35.7405707,129.4829493
편의점,그린낚시,경상북도,경주시,양남면,하서리 158-2,35.6810907,129.4666998
편의점,지에스25경주읍천점,경상북도,경주시,양남면,읍천리 28-1,35.6982512,129.4712589
편의점,이마트24경주,경상북도,경주시,양남면,상계리 79,35.6699841,129.4247356
편의점,이마트24경주양남점,경상북도,경주시,양남면,나아리 415-1,35.7003467,129.4711234
편의점,씨유양남주상절리점,경상북도,경주시,양남면,읍천리 413-2,35.6864802,129.4731002
편의점,MKPE&C월성원자력본부점,경상북도,경주시,양남면,나아리 260,35.712299,129.4763677
편의점,세븐일레븐경주주상절리점,경상북도,경주시,양남면,나아리 412-12,35.700672,129.4706724
편의점,세븐일레븐경주하서점,경상북도,경주시,양남면,하서리 88,35.6801052,129.4673987
편의점,이마트24경주하서점,경상북도,경주시,양남면,하서리 595-8,35.6746498,129.462126
편의점,이마트24경주관성솔밭점,경상북도,경주시,양남면,수렴리 429-6,35.6608848,129.4513056
편의점,이마트24경주양남비치점,경상북도,경주시,양남면,수렴리 185,35.6668308,129.4592011
편의점,씨로드,경상북도,경주시,양남면,하서리 616-1,35.6766287,129.4634988
편의점,이마트24경주양남,경상북도,경주시,양남면,읍천리 101,35.6964893,129.4734661
편의점,씨유경주양남테라점,경상북도,경주시,양남면,하서리 1508,35.6744693,129.4636845
편의점,엠오디,경상북도,경주시,양남면,신대리 산140-1,35.6880802,129.3729803
편의점,씨유내남,경상북도,경주시,내남면,이조리 812-3,35.7504227,129.1983064
편의점,씨유경주산내점,경상북도,경주시,산내면,의곡리 159-2,35.7588079,129.0451959
편의점,씨유경주산내큐브S점,경상북도,경주시,산내면,신원리 647,35.754246,129.0009542
편의점,씨유경주아화,경상북도,경주시,서면,아화리 389-2,35.8930366,129.0503245
편의점,세븐일레븐경주현곡,경상북도,경주시,현곡면,하구리 1004-2,35.8862156,129.1775622
편의점,GS25경주금장점,경상북도,경주시,현곡면,금장리 392-1,35.8705077,129.2033924
편의점,세븐일레븐경주현곡별빛,경상북도,경주시,현곡면,금장리 391-5,35.8711792,129.2037714
편의점,씨유경주금장래미안점,경상북도,경주시,현곡면,금장리 410,35.8682634,129.2036576
편의점,코리아세븐경주현곡,경상북도,경주시,현곡면,하구리 1285,35.8914775,129.1734509
편의점,씨유경주현곡새한점,경상북도,경주시,현곡면,금장리 347-4,35.8720482,129.2072344
편의점,씨스페이스경주,경상북도,경주시,현곡면,가정리 671-6,35.9013592,129.1571806
편의점,지에스25경주위덕점,경상북도,경주시,강동면,유금리 409-2,36.0067633,129.2852856
편의점,세븐일레븐위덕대,경상북도,경주시,강동면,유금리 525,36.012849,129.2828392
편의점,이마트24R경주인동점,경상북도,경주시,강동면,인동리 188-1,35.9853984,129.2713415
편의점,세븐일레븐위덕대,경상북도,경주시,강동면,유금리 525,36.012849,129.2828392
편의점,세븐일레븐위덕대학사,경상북도,경주시,강동면,유금리 560,36.0032862,129.2815419
편의점,세븐일레븐경주강동산업점,경상북도,경주시,강동면,왕신리 산116,35.9561307,129.3122887
편의점,세븐일레븐위덕대,경상북도,경주시,강동면,유금리 525,36.012849,129.2828392
편의점,씨유경주,경상북도,경주시,강동면,인동리 36-1,35.9874815,129.2741678
편의점,씨유경주모아,경상북도,경주시,천북면,모아리 587-5,35.9195655,129.2465263
편의점,세븐일레븐경주천북,경상북도,경주시,천북면,신당리 1222-3,35.9036523,129.241972
편의점,GS25경주휴엔하임점,경상북도,경주시,천북면,동산리 913,35.8983412,129.2684876
편의점,지에스25경주천북,경상북도,경주시,천북면,화산리 616-1,35.9161113,129.2862208
편의점,세븐경주천북신당점,경상북도,경주시,천북면,신당리 775,35.891335,129.2456373
편의점,CU경주천북,경상북도,경주시,천북면,오야리 12-82,35.9423033,129.2709172
편의점,케이호텔편의점,경상북도,경주시,천북면,화산리 834-1,35.9158011,129.2800749
편의점,부림씨앤에프,경상북도,경주시,천북면,모아리 938,35.9164857,129.2441724
편의점,지에스25경주휴엔하임점,경상북도,경주시,천북면,동산리 913,35.8983412,129.2684876
편의점,세븐일레븐경주모아동산점,경상북도,경주시,천북면,모아리 592-1,35.9202601,129.2480972
편의점,씨유경주,경상북도,경주시,천북면,동산리 441-3,35.895768,129.2682326
편의점,세븐경주천북공단점,경상북도,경주시,천북면,오야리 12-82,35.9423033,129.2709172
편의점,지에스25경주휴엔하임점(상품권),경상북도,경주시,천북면,동산리 913,35.8983412,129.2684876
편의점,세븐일레븐경주천북신당점,경상북도,경주시,천북면,신당리 775,35.891335,129.2456373
편의점,세븐일레븐경주천북공단점,경상북도,경주시,천북면,오야리 12-82,35.9423033,129.2709172
편의점,씨유김천,경상북도,김천시,용두동,244,36.1175309,128.1269953
편의점,세븐일레븐김천,경상북도,김천시,용두동,55-2,36.1213405,128.1280669
편의점,지에스25김천모암점,경상북도,김천시,모암동,132-53,36.1214375,128.1268503
편의점,세븐일레븐김천모암원룸점,경상북도,김천시,모암동,186-1,36.1241636,128.1278686
편의점,씨유김천모암점,경상북도,김천시,모암동,186-4,36.1237195,128.1288797
편의점,이마트24김천의료원점,경상북도,김천시,모암동,85-1,36.1224629,128.1266926
편의점,씨유김천,경상북도,김천시,성내동,22-4,36.1272413,128.120571
편의점,세븐일레븐김천성남교점,경상북도,김천시,성내동,75-9,36.1214781,128.1193135
편의점,GS25김천,경상북도,김천시,성내동,35-12,36.1246279,128.1181599
편의점,GS25김천역점,경상북도,김천시,평화동,264-78,36.1238175,128.1136927
편의점,GS25김천,경상북도,김천시,평화동,150-32,36.1272667,128.1082884
편의점,세븐김천부곡점,경상북도,김천시,평화동,359-56,36.1258844,128.1071094
편의점,세븐일레븐뉴김천평화점,경상북도,김천시,평화동,245-133,36.125645,128.1100638
편의점,이마트24R김천장미점,경상북도,김천시,평화동,73-32,36.1285007,128.115
편의점,지에스25김천장미점,경상북도,김천시,평화동,72-53,36.1279593,128.1154799
편의점,세븐일레븐김천,경상북도,김천시,평화동,359-42,36.1258939,128.1070143
편의점,세븐일레븐김천평화,경상북도,김천시,평화동,300-30,36.1227105,128.1146483
편의점,이마트24김천평화점,경상북도,김천시,평화동,341-1,36.1243327,128.1098908
편의점,세븐김천평화점,경상북도,김천시,평화동,245-130,36.1257813,128.1094311
편의점,GS25김천,경상북도,김천시,황금동,25-12,36.1167985,128.1264303
편의점,GS25김천상품권,경상북도,김천시,황금동,25-12,36.1167985,128.1264303
편의점,지에스25김천,경상북도,김천시,황금동,25-12,36.1167985,128.1264303
편의점,GS25김천현대점,경상북도,김천시,신음동,394-9,36.1319952,128.1191012
편의점,지에스25김천대신,경상북도,김천시,신음동,991-4,36.1342986,128.1166171
편의점,지에스25김천,경상북도,김천시,신음동,1008-2,36.1335213,128.115886
편의점,이마트24SMART김천태찬점,경상북도,김천시,신음동,45,36.1323522,128.1357991
편의점,이마트24김천시청대로점,경상북도,김천시,신음동,792-4,36.1362123,128.1169012
편의점,세븐일레븐김천,경상북도,김천시,신음동,989-17,36.135537,128.1164557
편의점,씨유김천신양길점,경상북도,김천시,신음동,1009-3,36.1339067,128.115593
편의점,이마트24김천삼도점,경상북도,김천시,신음동,1318,36.1365034,128.1118419
편의점,씨유김천제일병원,경상북도,김천시,신음동,462-14,36.1354917,128.1190092
편의점,씨스페이스김천신음점,경상북도,김천시,신음동,471-113,36.1359989,128.1191047
편의점,씨유김천무지개점,경상북도,김천시,신음동,739-5,36.1400946,128.117517
편의점,지에스25김천제일,경상북도,김천시,신음동,471-72,36.1358588,128.1183786
편의점,지에스25김천삼도점,경상북도,김천시,신음동,1318,36.1365034,128.1118419
편의점,GS25김천주공점,경상북도,김천시,신음동,1301-3,36.1330251,128.1211786
편의점,GS25김천삼도점,경상북도,김천시,신음동,1318,36.1365034,128.1118419
편의점,씨유김천신기로점,경상북도,김천시,신음동,1019-3,36.1357062,128.1146973
편의점,지에스25김천시티홀점,경상북도,김천시,신음동,1282,36.1408241,128.1141725
편의점,세븐일레븐김천,경상북도,김천시,신음동,1287-3,36.138826,128.1140819
편의점,이마트24신음동,경상북도,김천시,신음동,997-2,36.1334344,128.1169078
편의점,지에스25김천,경상북도,김천시,교동,744-10,36.1351444,128.0951603
편의점,세븐일레븐김천,경상북도,김천시,교동,899,36.1376556,128.0916213
편의점,GS25김천대기숙사점,경상북도,김천시,삼락동,745,36.1387537,128.0811418
편의점,씨스페이스김천실내체육관점,경상북도,김천시,삼락동,488-1,36.1405131,128.0871474
편의점,우리들다함께협동조합,경상북도,김천시,삼락동,864,36.13744,128.0773053
편의점,cu김천대학마트강점,경상북도,김천시,삼락동,891-24,36.1381186,128.0761949
편의점,씨유김천에비앙점,경상북도,김천시,삼락동,1191,36.1423184,128.0923646
편의점,세븐일레븐김천,경상북도,김천시,부곡동,424-14,36.1241147,128.1026963
편의점,지에스25김천부곡,경상북도,김천시,부곡동,420-2,36.1253806,128.1011223
편의점,지에스25김천부곡,경상북도,김천시,부곡동,409-1,36.1257073,128.1044918
편의점,씨유김천해바라기점,경상북도,김천시,부곡동,1356,36.1244184,128.090707
편의점,씨유김천맛고을점,경상북도,김천시,부곡동,1526,36.1242068,128.0946899
편의점,지에스25김천타운점,경상북도,김천시,부곡동,990-6,36.1237712,128.0855881
편의점,GS25김천부곡센타점,경상북도,김천시,부곡동,1057-2,36.1234779,128.0892892
편의점,이마트24김천부곡한남점,경상북도,김천시,부곡동,428-4,36.123692,128.1031374
편의점,지에스25김천신,경상북도,김천시,부곡동,1492,36.1243899,128.0929616
편의점,팝스토어,경상북도,김천시,부곡동,442-4,36.1259452,128.1057165
편의점,씨유부곡,경상북도,김천시,부곡동,417-6,36.1261585,128.1026934
편의점,세븐일레븐김천고등학교점,경상북도,김천시,부곡동,777-1,36.1225912,128.0927563
편의점,씨유김천센트럴,경상북도,김천시,부곡동,1558,36.1264395,128.0963173
편의점,세븐일레븐김천IC점,경상북도,김천시,부곡동,395-9,36.1283283,128.1019371
편의점,GS25김천지좌점,경상북도,김천시,지좌동,440-104,36.1194049,128.1440627
편의점,씨유김천황산로점,경상북도,김천시,지좌동,706-23,36.117023,128.1343306
편의점,씨유김천팔달점,경상북도,김천시,지좌동,515-5,36.1187823,128.1424777
편의점,씨유김천아포대로점,경상북도,김천시,덕곡동,693-12,36.1178965,128.157049
편의점,GS25김천,경상북도,김천시,덕곡동,760,36.1139722,128.1576241
편의점,지에스25김천,경상북도,김천시,덕곡동,760,36.1139722,128.1576241
편의점,세븐일레븐김천무실,경상북도,김천시,덕곡동,963,36.1162765,128.1558252
편의점,지에스25김천(상품권),경상북도,김천시,덕곡동,760,36.1139722,128.1576241
편의점,지에스25김천대로점,경상북도,김천시,덕곡동,995-9,36.1168944,128.1516045
편의점,씨유김천대광점,경상북도,김천시,대광동,940-5,36.1403308,128.1389783
편의점,세븐일레븐김천산업단지점,경상북도,김천시,응명동,700-2,36.14638,128.123247
편의점,씨유김천,경상북도,김천시,응명동,852-4,36.1515626,128.1177006
편의점,픽미픽미아이스혁신,경상북도,김천시,율곡동,704,36.1213849,128.1915341
편의점,씨제이올리브영김천혁신도시,경상북도,김천시,율곡동,783,36.1173236,128.1829363
편의점,GS25율곡,경상북도,김천시,율곡동,770,36.1202856,128.1893111
편의점,지에스25김천,경상북도,김천시,율곡동,270,36.1238275,128.1814906
편의점,지에스25율곡,경상북도,김천시,율곡동,783,36.1173236,128.1829363
편의점,이마트24김천,경상북도,김천시,율곡동,366,36.1214234,128.1825462
편의점,미니스톱김천,경상북도,김천시,율곡동,416,36.1249846,128.1881022
편의점,지에스25율곡(상품권),경상북도,김천시,율곡동,770,36.1202856,128.1893111
편의점,씨유김천영무점,경상북도,김천시,율곡동,415,36.1266622,128.1880233
편의점,지에스25김천,경상북도,김천시,율곡동,811,36.1149063,128.1807275
편의점,씨유김천로제니아점,경상북도,김천시,율곡동,777,36.1175822,128.1820054
편의점,씨스페이스김천,경상북도,김천시,율곡동,38,36.1218006,128.1755105
편의점,세븐일레븐김천한신점,경상북도,김천시,율곡동,797,36.1160773,128.1794204
편의점,CU김천교통안전공단점,경상북도,김천시,율곡동,279,36.1238456,128.1833808
편의점,GS25율곡,경상북도,김천시,율곡동,783,36.1173236,128.1829363
편의점,씨유뉴김천,경상북도,김천시,율곡동,664,36.1214733,128.1889354
편의점,씨유김천화성파크점,경상북도,김천시,율곡동,798,36.1155022,128.1792035
편의점,미니스톱김천,경상북도,김천시,율곡동,1111,36.1278722,128.1817056
편의점,이마트24김천혁신,경상북도,김천시,율곡동,812,36.1145638,128.1805773
편의점,씨유김천천년나무점,경상북도,김천시,율곡동,11,36.1209338,128.1734049
편의점,문화사,경상북도,김천시,아포읍,국사리 572-11,36.1594283,128.2462961
편의점,지에스25아포덕일점,경상북도,김천시,아포읍,국사리 1118-27,36.1580367,128.2623751
편의점,로또GS25김천아포대로점,경상북도,김천시,아포읍,국사리 567-7,36.1588023,128.2450554
편의점,지에스25김천아포대로점,경상북도,김천시,아포읍,국사리 567-7,36.1588023,128.2450554
편의점,이마트24김천영남대로점,경상북도,김천시,농소면,입석리 107,36.0968332,128.2030366
편의점,지에스25김천영남대로점,경상북도,김천시,농소면,월곡리 1297-4,36.1128711,128.1607391
편의점,씨유김천4번국도점,경상북도,김천시,농소면,월곡리 602,36.1096022,128.1723867
편의점,시큐리티에스,경상북도,김천시,남면,부상리 260,36.0665064,128.2687726
편의점,씨유김천,경상북도,김천시,남면,부상리 555-33,36.0673974,128.2671404
편의점,지에스25김천,경상북도,김천시,남면,부상리 260,36.0665064,128.2687726
편의점,김천구미역맞이방편의점,경상북도,김천시,남면,옥산리 787-1,36.1139321,128.181191
편의점,동부리상회,경상북도,김천시,개령면,동부리 128-3,36.1665597,128.1918941
편의점,씨유김천배시내점,경상북도,김천시,감문면,태촌리 890-65,36.1896137,128.2284346
편의점,씨유김천어모,경상북도,김천시,어모면,남산리 1895,36.1587975,128.1169995
편의점,씨유김천어모점,경상북도,김천시,어모면,옥율리 36-1,36.1775048,128.1173038
편의점,씨유김천어모,경상북도,김천시,어모면,남산리 2008-24,36.1633713,128.1318089
편의점,남풍김천지사,경상북도,김천시,어모면,남산리 2005,36.1649396,128.1303762
편의점,지에스25김천공단점,경상북도,김천시,어모면,남산리 2003,36.1656045,128.1303564
편의점,세븐일레븐김천직지점,경상북도,김천시,대항면,향천리 812-1,36.1272935,128.0217717
편의점,지에스25직지사점,경상북도,김천시,대항면,향천리 311-13,36.1150024,128.0176083
편의점,씨유김천직지사점,경상북도,김천시,대항면,운수리 15-5,36.1138338,128.0158108
편의점,GS25직지사점,경상북도,김천시,대항면,향천리 311-13,36.1150024,128.0176083
편의점,지에스25직지사점(상품권),경상북도,김천시,대항면,향천리 311-13,36.1150024,128.0176083
편의점,지에스25김천지례점,경상북도,김천시,지례면,교리 697,35.9893829,128.0301798
편의점,씨유김천,경상북도,김천시,대덕면,관기리 177-58,35.9191437,127.971131
편의점,세븐일레븐안동웅부공원점,경상북도,안동시,삼산동,59-11,36.5661128,128.7323588
편의점,지에스25안동문화,경상북도,안동시,삼산동,93-9,36.5655636,128.7316558
편의점,GS25안동,경상북도,안동시,북문동,321-1,36.5679828,128.7311879
편의점,씨유안동행복,경상북도,안동시,북문동,11-2,36.5672992,128.7325273
편의점,씨유안동강변펠리시아점,경상북도,안동시,법흥동,277,36.5630613,128.7406512
편의점,지에스25안동마뜰점,경상북도,안동시,용상동,1179-322,36.5548656,128.7534908
편의점,세븐일레븐안동용상,경상북도,안동시,용상동,1234-1,36.5589108,128.751504
편의점,지에스25안동용상타운점,경상북도,안동시,용상동,1594-17,36.5591294,128.744525
편의점,씨유안동용정교점,경상북도,안동시,용상동,1179-246,36.5544841,128.7544916
편의점,세븐일레븐안동용상주공점,경상북도,안동시,용상동,1631,36.5535294,128.7607545
편의점,세븐일레븐안동강변이편한점,경상북도,안동시,용상동,1517-255,36.5556593,128.7506185
편의점,씨유안동용상5주공점,경상북도,안동시,용상동,1626,36.5531732,128.7612793
편의점,씨유안동용상현대점,경상북도,안동시,용상동,600,36.5548047,128.763658
편의점,씨유안동풍림점,경상북도,안동시,용상동,1179-158,36.5555734,128.7524236
편의점,지에스25용상길주점,경상북도,안동시,용상동,1129,36.555676,128.756365
편의점,웨이스탑안동용상점,경상북도,안동시,용상동,1441-14,36.5595369,128.7484924
편의점,씨유안동용상4주공점,경상북도,안동시,용상동,1563-9,36.5582108,128.7432759
편의점,씨유안동용상,경상북도,안동시,용상동,1610-6,36.5597672,128.7458753
편의점,지에스25용상,경상북도,안동시,용상동,1239-3,36.5594032,128.7507876
편의점,지에스25안동용상,경상북도,안동시,용상동,1441-13,36.5596435,128.7486044
편의점,지에스25용상센타점,경상북도,안동시,용상동,536-3,36.5519733,128.7621513
편의점,세븐안동용상점,경상북도,안동시,용상동,1608-5,36.5602011,128.7470863
편의점,씨유안동,경상북도,안동시,동문동,129-5,36.5657892,128.7353251
편의점,세븐일레븐안동,경상북도,안동시,동부동,134-5,36.5648593,128.7341874
편의점,세븐일레븐안동,경상북도,안동시,동부동,119-4,36.564666,128.7328801
편의점,씨유안동,경상북도,안동시,운흥동,141-14,36.5640599,128.7327299
편의점,씨유안동운흥점,경상북도,안동시,운흥동,278-26,36.5622533,128.7277734
편의점,지에스25안동운흥점,경상북도,안동시,운흥동,348,36.5608594,128.7295143
편의점,씨유안동,경상북도,안동시,남부동,244-1,36.5637604,128.730366
편의점,예술회관편의점,경상북도,안동시,안흥동,373-4,36.5594801,128.7257651
편의점,지에스25안동센타점,경상북도,안동시,대석동,272-2,36.5655599,128.7259277
편의점,지에스25안동옥야점,경상북도,안동시,옥야동,414-4,36.5610243,128.7210922
편의점,세븐일레븐안동,경상북도,안동시,당북동,333-149,36.5612015,128.7180139
편의점,씨유안동자이대로점,경상북도,안동시,당북동,333-16,36.5613676,128.7169009
편의점,지에스25안동,경상북도,안동시,당북동,333-149,36.5612015,128.7180139
편의점,지에스25안동타운점,경상북도,안동시,태화동,897,36.5655781,128.7057358
편의점,씨유태화,경상북도,안동시,태화동,843-1,36.5664342,128.7112797
편의점,GS25안동으뜸점,경상북도,안동시,태화동,183-12,36.5624556,128.7145012
편의점,지에스25안동태화샛별점,경상북도,안동시,태화동,633-3,36.5674613,128.7086452
편의점,세븐일레븐안동태화,경상북도,안동시,태화동,582-18,36.5585084,128.7055624
편의점,지에스25안동,경상북도,안동시,태화동,58-1,36.5654646,128.7156985
편의점,이마트24안동태화점,경상북도,안동시,태화동,207-16,36.5660931,128.710455
편의점,씨유안동태화동점,경상북도,안동시,태화동,227-60,36.5603462,128.7135137
편의점,GS25안동태화점,경상북도,안동시,태화동,71-25,36.5663993,128.7177562
편의점,세븐일레븐안동태화,경상북도,안동시,태화동,231-2,36.5588645,128.7101804
편의점,세븐일레븐안동,경상북도,안동시,태화동,175-3,36.5651896,128.7171129
편의점,씨유안동퇴계로점,경상북도,안동시,목성동,65-39,36.5662552,128.7274327
편의점,지에스25안동성소본관점,경상북도,안동시,금곡동,177-6,36.5674912,128.7230373
편의점,세븐일레븐안동단원로점,경상북도,안동시,금곡동,30-1,36.5701441,128.7231264
편의점,지에스25안동성소,경상북도,안동시,금곡동,177-6,36.5674912,128.7230373
편의점,세븐일레븐안동평화점,경상북도,안동시,평화동,108-21,36.5704851,128.716905
편의점,지에스25안동평화점,경상북도,안동시,평화동,156-4,36.5676442,128.7120386
편의점,지에스25안동평화점(상품권),경상북도,안동시,평화동,156-4,36.5676442,128.7120386
편의점,GS25안동평화점,경상북도,안동시,평화동,156-4,36.5676442,128.7120386
편의점,세븐일레븐안동,경상북도,안동시,안기동,167-17,36.5731881,128.7188466
편의점,지에스25안기세영점,경상북도,안동시,안기동,285,36.5845447,128.7139818
편의점,세븐일레븐안동안기점,경상북도,안동시,안기동,236-6,36.5763145,128.7181778
편의점,씨유안기하은점,경상북도,안동시,안기동,142-1,36.5724597,128.7162535
편의점,지에스25안동안기점,경상북도,안동시,안기동,182-1,36.5731331,128.7193622
편의점,씨유안동운안,경상북도,안동시,운안동,344-64,36.5716718,128.7131358
편의점,씨유안동댐점,경상북도,안동시,상아동,527,36.578196,128.7585911
편의점,이마트24안동댐점,경상북도,안동시,상아동,504-1,36.5774128,128.7576766
편의점,세븐일레븐안동안막점,경상북도,안동시,안막동,581-1,36.5782106,128.7334199
편의점,지에스25옥동,경상북도,안동시,옥동,934-6,36.5590336,128.6953741
편의점,씨유안동옥동5주공점,경상북도,안동시,옥동,764-1,36.5638206,128.6988976
편의점,GS25안동옥송점상품권,경상북도,안동시,옥동,976-1,36.5663329,128.697178
편의점,세븐일레븐안동옥동3주공점,경상북도,안동시,옥동,977-2,36.5657543,128.6963662
편의점,지에스25안동옥송점,경상북도,안동시,옥동,976-1,36.5663329,128.697178
편의점,씨유안동고객만족점,경상북도,안동시,옥동,773-1,36.5629581,128.7003913
편의점,세븐일레븐안동세영점,경상북도,안동시,옥동,786-1,36.561662,128.6999468
편의점,씨유안동롯데,경상북도,안동시,옥동,639-18,36.5613139,128.7041938
편의점,씨유안동옥동,경상북도,안동시,옥동,991-5,36.5675505,128.6987682
편의점,GS25옥동,경상북도,안동시,옥동,787-2,36.5625223,128.7010581
편의점,세븐안동옥동타운점,경상북도,안동시,옥동,984-22,36.5598105,128.7012185
편의점,세븐일레븐안동옥동,경상북도,안동시,옥동,638-1,36.5627984,128.7048688
편의점,세븐일레븐안동옥동,경상북도,안동시,옥동,773-10,36.5639319,128.7014034
편의점,이마트24R안동옥동주공점,경상북도,안동시,옥동,764-6,36.564055,128.6992519
편의점,지에스25안동수목점,경상북도,안동시,옥동,985-1,36.5594202,128.7016947
편의점,GS25안동옥송점,경상북도,안동시,옥동,976-1,36.5663329,128.697178
편의점,씨유안동옥동타운점,경상북도,안동시,옥동,984-15,36.559087,128.7001784
편의점,지에스25옥동센타점,경상북도,안동시,옥동,773-8,36.5636053,128.7010881
편의점,GS25옥동주공점,경상북도,안동시,옥동,937-5,36.5608676,128.6939308
편의점,씨유안동옥동호반점,경상북도,안동시,옥동,942-1,36.5609087,128.6942826
편의점,지에스25옥동주공점(상품권),경상북도,안동시,옥동,937-5,36.5608676,128.6939308
편의점,세븐일레븐안동옥동7주공점,경상북도,안동시,옥동,942-6,36.5604242,128.6950789
편의점,이마트24R안동옥동세영점,경상북도,안동시,옥동,770-17,36.562108,128.6996037
편의점,세븐일레븐옥동대로점,경상북도,안동시,옥동,983-7,36.5613668,128.7031463
편의점,씨유옥동,경상북도,안동시,옥동,792-3,36.5619638,128.7020054
편의점,지에스25옥동주공점,경상북도,안동시,옥동,937-5,36.5608676,128.6939308
편의점,씨유안동옥동대로점,경상북도,안동시,옥동,791-2,36.5628724,128.7022127
편의점,씨유옥동,경상북도,안동시,옥동,773-18,36.5632635,128.7011174
편의점,씨유옥동,경상북도,안동시,옥동,638-1,36.5627984,128.7048688
편의점,세븐일레븐신안동,경상북도,안동시,노하동,133-9,36.5771366,128.6844168
편의점,지에스GS25안동이안점,경상북도,안동시,송현동,592-7,36.5757835,128.6841954
편의점,지에스25안동경동로점,경상북도,안동시,송현동,514-9,36.5735554,128.6933837
편의점,세븐안동송현대로점,경상북도,안동시,송현동,371-7,36.5725953,128.696239
편의점,GS25안동송하점,경상북도,안동시,송현동,350-4,36.5722962,128.6952994
편의점,씨유안동송현2주공점,경상북도,안동시,송현동,298-15,36.5704674,128.6981996
편의점,지에스25안동극동점,경상북도,안동시,송현동,528-20,36.5691492,128.6933656
편의점,씨유송현,경상북도,안동시,송현동,340-7,36.5716038,128.6966756
편의점,세븐일레븐안동대해스파랜드점,경상북도,안동시,송현동,517-16,36.5748396,128.6915328
편의점,지에스25안동이안점,경상북도,안동시,송현동,592-7,36.5757835,128.6841954
편의점,지에스25안동송하점(상품권),경상북도,안동시,송현동,350-4,36.5722962,128.6952994
편의점,지에스25안동송하점,경상북도,안동시,송현동,350-4,36.5722962,128.6952994
편의점,세븐일레븐안동송현점,경상북도,안동시,송현동,290-25,36.5693933,128.6993288
편의점,이마트24안동경북대로점,경상북도,안동시,송현동,367-4,36.5735216,128.6971781
편의점,지에스25송현,경상북도,안동시,송현동,298-5,36.5710125,128.6977131
편의점,지에스GS25안동이안점상품권,경상북도,안동시,송현동,592-7,36.5757835,128.6841954
편의점,안동역맞이방스토리웨이편의점,경상북도,안동시,송현동,726-2,36.5745843,128.6748996
편의점,세븐일레븐안동경동로점,경상북도,안동시,송현동,257-10,36.5719748,128.7010016
편의점,이마트24R안동송현점,경상북도,안동시,송현동,287-10,36.5680912,128.6989726
편의점,지에스서안동IC점,경상북도,안동시,송현동,605-1,36.574963,128.6789392
편의점,세븐일레븐안동송현2주공점,경상북도,안동시,송현동,316-1,36.5700181,128.696911
편의점,지에스25안동,경상북도,안동시,송천동,363-1,36.5447195,128.7949506
편의점,GS25안동대복지관점상품권,경상북도,안동시,송천동,388,36.5419603,128.7969023
편의점,지에스25안동대,경상북도,안동시,송천동,478-1,36.5407538,128.7969166
편의점,GS25안동대생활관점,경상북도,안동시,송천동,388,36.5419603,128.7969023
편의점,씨유안동대학사원룸점,경상북도,안동시,송천동,476-2,36.540366,128.7967544
편의점,씨유안동,경상북도,안동시,송천동,865-4,36.5431265,128.7919453
편의점,씨유솔뫼점,경상북도,안동시,송천동,899-4,36.5449107,128.7937315
편의점,GS25안동대복지관점,경상북도,안동시,송천동,388,36.5419603,128.7969023
편의점,GS25안동대학생회관점,경상북도,안동시,송천동,388,36.5419603,128.7969023
편의점,세븐일레븐안동대원룸점,경상북도,안동시,송천동,868,36.5434183,128.7926322
편의점,GS25안동솔뫼점,경상북도,안동시,송천동,885-9,36.5432515,128.7935904
편의점,세븐일레븐안동정하,경상북도,안동시,정하동,298-16,36.5490742,128.7328202
편의점,지에스25안동강남길점,경상북도,안동시,정하동,292-5,36.549306,128.7351944
편의점,이마트24,경상북도,안동시,정하동,251-2,36.5517685,128.7358951
편의점,세븐일레븐,경상북도,안동시,정하동,315-6,36.5483737,128.7351791
편의점,씨유안동정하점,경상북도,안동시,정하동,291-11,36.5491961,128.734191
편의점,씨유안동석미점,경상북도,안동시,정하동,259-1,36.5495126,128.7306385
편의점,이마트24,경상북도,안동시,정하동,251-2,36.5517685,128.7358951
편의점,GS25안동,경상북도,안동시,정하동,257-10,36.5507906,128.7339314
편의점,씨유안동병원행복대로점,경상북도,안동시,수상동,590-6,36.5472062,128.7014547
편의점,세븐일레븐안동SK바이오점,경상북도,안동시,풍산읍,매곡리 1103-7,36.5991207,128.5447731
편의점,이마트24안동휴게소점부산방향,경상북도,안동시,풍산읍,계평리 산140-1,36.5532082,128.6424457
편의점,씨유안동,경상북도,안동시,풍산읍,안교리 82-11,36.5790373,128.573439
편의점,세븐일레븐안동풍산대로점,경상북도,안동시,풍산읍,상리리 396-4,36.5869553,128.5822522
편의점,이마트24안동풍산고점,경상북도,안동시,풍산읍,안교리 320,36.5833415,128.5655302
편의점,지에스25풍산베스트점,경상북도,안동시,풍산읍,안교리 135-7,36.5802192,128.5711973
편의점,씨유안동풍산산업단지점,경상북도,안동시,풍산읍,매곡리 1109,36.5997058,128.5458276
편의점,세븐일레븐안동,경상북도,안동시,풍산읍,안교리 595,36.5789634,128.5704377
편의점,씨유안동와룡휴게소점,경상북도,안동시,와룡면,태리 604-3,36.6372356,128.7644177
편의점,지에스안동북후점,경상북도,안동시,북후면,옹천리 554-9,36.6833792,128.7018432
편의점,세븐일레븐안동과학대점,경상북도,안동시,서후면,교리 502-9,36.5885714,128.6522813
편의점,씨유안동학,경상북도,안동시,서후면,명리 465-20,36.5902182,128.6487756
편의점,씨유경북도청,경상북도,안동시,풍천면,갈전리 1658,36.5729618,128.5070479
편의점,이마트24경북도청,경상북도,안동시,풍천면,갈전리 1155,36.5753884,128.5054504
편의점,지에스25풍천메트로점,경상북도,안동시,풍천면,갈전리 1669,36.5719377,128.5075206
편의점,지에스25풍천소담헌점,경상북도,안동시,풍천면,갈전리 1635,36.5733222,128.5022865
편의점,이마트24안동씨엠호텔점,경상북도,안동시,풍천면,갈전리 1296,36.5756513,128.4948741
편의점,GS25풍천하늘채점상품권,경상북도,안동시,풍천면,갈전리 1177,36.5798972,128.4974404
편의점,씨엠파크,경상북도,안동시,풍천면,갈전리 1296,36.5756513,128.4948741
편의점,지에스25풍천베스트점,경상북도,안동시,풍천면,갈전리 1402,36.5756973,128.498228
편의점,이마트24안동갈전점,경상북도,안동시,풍천면,갈전리 1320,36.5766266,128.4981757
편의점,씨유경북경찰청앞점,경상북도,안동시,풍천면,갈전리 1330,36.5764718,128.5001202
편의점,GS25풍천하늘채점,경상북도,안동시,풍천면,갈전리 1177,36.5798972,128.4974404
편의점,지에스25안동풍천점,경상북도,안동시,풍천면,갈전리 1430,36.5752546,128.5011232
편의점,씨유안동코아루어반스위트점,경상북도,안동시,풍천면,갈전리 1648,36.5713685,128.5029586
편의점,북카페,경상북도,안동시,풍천면,갈전리 1155,36.5753884,128.5054504
편의점,세븐일레븐안동도산,경상북도,안동시,도산면,동부리 67-1,36.7074171,128.821529
편의점,"세븐일레븐안동도산,도산민물휴게실민박",경상북도,안동시,도산면,동부리 67-1,36.7074171,128.821529
편의점,이마트24R구미,경상북도,구미시,원평동,1028-5,36.1265361,128.3410901
편의점,미니스톱구미,경상북도,구미시,원평동,150-6,36.1291328,128.3336992
편의점,GS25원평라이프점,경상북도,구미시,원평동,1051-14,36.124991,128.3469664
편의점,세븐일레븐구미원평,경상북도,구미시,원평동,1029,36.1262598,128.3392196
편의점,지에스25구미중앙로,경상북도,구미시,원평동,106-15,36.1300211,128.3282045
편의점,이마트24R구미금오산로점,경상북도,구미시,원평동,964-565,36.1244163,128.3284226
편의점,세븐구미원평3호,경상북도,구미시,원평동,1042-21,36.1250059,128.344593
편의점,동백상회,경상북도,구미시,원평동,964-2,36.1276216,128.3366601
편의점,씨유구미광신점,경상북도,구미시,원평동,937-97,36.1221703,128.3580572
편의점,세븐일레븐구미원평,경상북도,구미시,원평동,1042-21,36.1250059,128.344593
편의점,착한편의점구미,경상북도,구미시,원평동,344-2,36.1278054,128.3363202
편의점,씨유구미,경상북도,구미시,원평동,1027-8,36.1260975,128.3400642
편의점,세븐일레븐신강남,경상북도,구미시,원평동,1032-51,36.1249868,128.341581
편의점,세븐구미원평드림점,경상북도,구미시,원평동,1045,36.1243928,128.346003
편의점,세븐일레븐구미역점,경상북도,구미시,원평동,123-15,36.1290514,128.3305296
편의점,세븐일레븐구미원평,경상북도,구미시,원평동,1022-17,36.1275017,128.3419367
편의점,세븐일레븐구미원평분수점,경상북도,구미시,원평동,129-9,36.1296711,128.332746
편의점,세븐일레븐구미,경상북도,구미시,원평동,1072-6,36.1228771,128.3507822
편의점,씨유구미역,경상북도,구미시,원평동,1008-41,36.1287524,128.331312
편의점,이마트24구미원평동,경상북도,구미시,원평동,161,36.131086,128.3328037
편의점,지에스25구미문화,경상북도,구미시,원평동,375-14,36.1287901,128.3345172
편의점,이마트24구미원평,경상북도,구미시,원평동,1060-17,36.1227871,128.3481699
편의점,세븐일레븐구미원평,경상북도,구미시,원평동,1051-13,36.1254019,128.3459961
편의점,세븐일레븐구미원평타운점,경상북도,구미시,원평동,1069-9,36.1228721,128.3500022
편의점,씨유구미역,경상북도,구미시,원평동,90-6,36.1275688,128.3309569
편의점,씨유원평,경상북도,구미시,원평동,1060-14,36.123097,128.3463012
편의점,코리아세븐구미,경상북도,구미시,원평동,1072-6,36.1228771,128.3507822
편의점,지에스25구미,경상북도,구미시,원평동,1032-4,36.1260522,128.3412517
편의점,씨유구미2번가점,경상북도,구미시,원평동,964-224,36.1273884,128.3374901
편의점,지에스25구미아이파크더샵점,경상북도,구미시,원평동,192-3,36.1312318,128.3357071
편의점,씨유구미원평점,경상북도,구미시,원평동,1066,36.1229093,128.3493085
편의점,세븐일레븐구미원평,경상북도,구미시,원평동,397-2,36.1271569,128.3302209
편의점,세븐일레븐구미원평,경상북도,구미시,원평동,1045,36.1243928,128.346003
편의점,씨유구미지산,경상북도,구미시,지산동,108-7,36.1431247,128.3468135
편의점,미니스톱구미도봉로점,경상북도,구미시,도량동,228-4,36.1390388,128.3165294
편의점,씨유도량미소지움점,경상북도,구미시,도량동,366-9,36.1346704,128.3241161
편의점,씨유구미문장로점,경상북도,구미시,도량동,792-15,36.1372328,128.3321272
편의점,세븐일레븐구미카톨릭,경상북도,구미시,도량동,586-7,36.135021,128.3351986
편의점,씨유도량롯데,경상북도,구미시,도량동,868,36.1429506,128.33019
편의점,씨유구미도량타운점,경상북도,구미시,도량동,744-12,36.1419379,128.3342872
편의점,세븐일레븐구미도량타운점,경상북도,구미시,도량동,114-3,36.1411452,128.3236012
편의점,씨유구미도량뜨란채점,경상북도,구미시,도량동,222,36.1407992,128.3189007
편의점,씨스페이스구미야은로점,경상북도,구미시,도량동,264-1,36.1372849,128.324788
편의점,디씨마트,경상북도,구미시,도량동,101-5,36.1450395,128.3206961
편의점,이마트24구미송동로점,경상북도,구미시,도량동,90,36.1459247,128.3227253
편의점,지에스25구미도량타운점,경상북도,구미시,도량동,140,36.143826,128.3210985
편의점,세븐일레븐구미도량,경상북도,구미시,도량동,687-4,36.1456681,128.330726
편의점,씨유구미도량점,경상북도,구미시,도량동,27,36.1487013,128.3231685
편의점,지에스25구미문장로점,경상북도,구미시,도량동,687-7,36.1465308,128.330792
편의점,지에스구미송동로점,경상북도,구미시,도량동,792-80,36.13914,128.3240551
편의점,세븐구미도량타운점,경상북도,구미시,도량동,114-3,36.1411452,128.3236012
편의점,씨유구미도량한아름점,경상북도,구미시,도량동,323-9,36.1410072,128.3202775
편의점,세븐일레븐구미봉곡원룸점,경상북도,구미시,봉곡동,275-6,36.1512808,128.309905
편의점,지에스25봉곡현대점,경상북도,구미시,봉곡동,387-9,36.1506574,128.3160393
편의점,세븐일레븐구미봉곡,경상북도,구미시,봉곡동,232-2,36.1524206,128.3120413
편의점,씨유구미도봉로점,경상북도,구미시,봉곡동,19-6,36.1412066,128.3137378
편의점,세븐일레븐봉곡대로점,경상북도,구미시,봉곡동,442-1,36.1437187,128.3096224
편의점,지에스25봉곡(상품권),경상북도,구미시,봉곡동,209-4,36.1525957,128.3134109
편의점,미니스톱봉곡서로점,경상북도,구미시,봉곡동,244-7,36.1526654,128.3057944
편의점,세븐일레븐구미봉곡로점,경상북도,구미시,봉곡동,546-4,36.1426471,128.3117818
편의점,미니스톱봉곡동로점,경상북도,구미시,봉곡동,218-11,36.1525051,128.3160231
편의점,이마트24구미봉곡,경상북도,구미시,봉곡동,258-10,36.1500778,128.3088521
편의점,씨유구미영남네오빌점,경상북도,구미시,봉곡동,157-2,36.1549417,128.3098099
편의점,GS25봉곡청마루,경상북도,구미시,봉곡동,57-14,36.1575331,128.3067266
편의점,세븐일레븐구미봉곡,경상북도,구미시,봉곡동,399-4,36.1486594,128.3126245
편의점,지에스25봉곡대로점,경상북도,구미시,봉곡동,541-5,36.1420154,128.3101859
편의점,세븐일레븐구미,경상북도,구미시,봉곡동,225-10,36.1513564,128.3146183
편의점,세븐일레븐구미봉곡,경상북도,구미시,봉곡동,154-3,36.1552657,128.3091744
편의점,씨유구미봉곡원룸점,경상북도,구미시,봉곡동,235-1,36.1524988,128.3103523
편의점,GS25봉곡남로점,경상북도,구미시,봉곡동,305-6,36.1492235,128.3096429
편의점,세븐구미봉곡점,경상북도,구미시,봉곡동,225-10,36.1513564,128.3146183
편의점,GS25봉곡,경상북도,구미시,봉곡동,209-4,36.1525957,128.3134109
편의점,씨유봉곡서로점,경상북도,구미시,봉곡동,244-3,36.1524993,128.3064106
편의점,지에스25구미봉곡,경상북도,구미시,봉곡동,163-4,36.1544106,128.3091045
편의점,세븐일레븐구미봉곡푸른빛점,경상북도,구미시,봉곡동,201-1,36.1536555,128.3093967
편의점,지에스25봉곡,경상북도,구미시,봉곡동,209-4,36.1525957,128.3134109
편의점,지에스25봉곡타운점,경상북도,구미시,봉곡동,406-8,36.1483188,128.3131763
편의점,지에스25봉곡도서관점,경상북도,구미시,봉곡동,201-9,36.1527673,128.3093378
편의점,씨유구미봉곡이편한점,경상북도,구미시,봉곡동,182-1,36.1539292,128.3124608
편의점,지에스25봉곡이편한점(상품권),경상북도,구미시,봉곡동,764,36.1557727,128.313183
편의점,GS25봉곡이편한점,경상북도,구미시,봉곡동,764,36.1557727,128.313183
편의점,씨유구미선주원남점,경상북도,구미시,봉곡동,438-6,36.142845,128.3104416
편의점,지에스25봉곡원룸점,경상북도,구미시,봉곡동,395-5,36.1491346,128.3152476
편의점,지에스25봉곡대로점,경상북도,구미시,봉곡동,541-5,36.1420154,128.3101859
편의점,씨유구미봉곡,경상북도,구미시,봉곡동,402-8,36.1474686,128.3109342
편의점,씨유구미봉곡타운점,경상북도,구미시,봉곡동,273-5,36.1499225,128.3091776
편의점,씨유,경상북도,구미시,봉곡동,294-3,36.1510681,128.315797
편의점,세븐일레븐구미봉곡,경상북도,구미시,봉곡동,146-12,36.1559435,128.3070869
편의점,GS25구미대,경상북도,구미시,부곡동,445,36.1509813,128.2909251
편의점,씨유구미대,경상북도,구미시,부곡동,509-1,36.1518694,128.2915585
편의점,GS25금,경상북도,구미시,남통동,270-3,36.1116792,128.3151542
편의점,더까까주까,경상북도,구미시,남통동,20-1,36.1289609,128.320416
편의점,지에스25구미원남점,경상북도,구미시,남통동,16-16,36.1299441,128.3221368
편의점,씨유구미금,경상북도,구미시,남통동,270-6,36.1114526,128.3147043
편의점,씨유구미,경상북도,구미시,남통동,26-1,36.1292811,128.3192938
편의점,세븐구미형곡중앙점,경상북도,구미시,형곡동,179-4,36.1097935,128.3407847
편의점,씨유구미형곡원룸점,경상북도,구미시,형곡동,235-6,36.1084423,128.3331625
편의점,세븐일레븐구미차,경상북도,구미시,형곡동,855,36.1144706,128.3405344
편의점,GS25구미형곡동로점상품권,경상북도,구미시,형곡동,345-5,36.1033567,128.336327
편의점,세븐일레븐구미형곡,경상북도,구미시,형곡동,286-4,36.1079496,128.3332356
편의점,씨유구미형곡대경점,경상북도,구미시,형곡동,186-4,36.1084463,128.3399077
편의점,세븐일레븐구미형곡형일점,경상북도,구미시,형곡동,140-1,36.1139871,128.332109
편의점,지에스25형곡,경상북도,구미시,형곡동,143-27,36.1124905,128.3372475
편의점,세븐구미형곡타운점,경상북도,구미시,형곡동,334-8,36.1043436,128.3368318
편의점,지에스25형곡주공점,경상북도,구미시,형곡동,256-1,36.1087671,128.3365496
편의점,씨유형곡,경상북도,구미시,형곡동,145-8,36.1124621,128.338049
편의점,지에스25구미형곡스톤점,경상북도,구미시,형곡동,131-2,36.116052,128.3303799
편의점,씨제이올리브영구미,경상북도,구미시,형곡동,144-11,36.1135878,128.3387397
편의점,지에스25형곡,경상북도,구미시,형곡동,234,36.1091329,128.3326172
편의점,지에스25뉴형곡로점,경상북도,구미시,형곡동,117-8,36.1159056,128.3343611
편의점,씨유형곡3주공점,경상북도,구미시,형곡동,141-12,36.113001,128.3334317
편의점,지에스25형곡센타점,경상북도,구미시,형곡동,170-1,36.1100725,128.3386274
편의점,세븐일레븐구미형곡어울림점,경상북도,구미시,형곡동,74,36.1183114,128.3378744
편의점,세븐구미형곡중앙점,경상북도,구미시,형곡동,179-4,36.1097935,128.3407847
편의점,씨유구미,경상북도,구미시,형곡동,348,36.1041009,128.3351172
편의점,나이스편의점,경상북도,구미시,형곡동,278-5,36.1071454,128.3358189
편의점,세븐일레븐구미형곡,경상북도,구미시,형곡동,195,36.1080356,128.3399647
편의점,씨유구미형곡아인점,경상북도,구미시,형곡동,301-2,36.106221,128.3335929
편의점,GS25구미형곡동로점,경상북도,구미시,형곡동,345-5,36.1033567,128.336327
편의점,씨유구미형곡타운점,경상북도,구미시,형곡동,112-4,36.1157752,128.3357282
편의점,씨유구미원경점,경상북도,구미시,형곡동,132-3,36.1152275,128.3320901
편의점,세븐일레븐구미형곡타운점,경상북도,구미시,형곡동,334-8,36.1043436,128.3368318
편의점,씨유구미형곡,경상북도,구미시,형곡동,333-5,36.1061957,128.3369795
편의점,세븐일레븐형곡센타점,경상북도,구미시,형곡동,322-6,36.1070178,128.3377428
편의점,지에스25구미형곡서로점,경상북도,구미시,형곡동,310-1,36.1050927,128.334558
편의점,세븐구미차병원점,경상북도,구미시,형곡동,855,36.1144706,128.3405344
편의점,세븐일레븐형곡,경상북도,구미시,형곡동,286-4,36.1079496,128.3332356
편의점,지에스25구미형곡동로점,경상북도,구미시,형곡동,345-5,36.1033567,128.336327
편의점,지에스25구미형곡타운점,경상북도,구미시,형곡동,304,36.1072013,128.3339364
편의점,세븐일레븐구미형곡대영점,경상북도,구미시,형곡동,287,36.1081091,128.3320054
편의점,지에스25구미,경상북도,구미시,송정동,2,36.1250583,128.3370824
편의점,GS25구미,경상북도,구미시,송정동,479-9,36.1169621,128.3458298
편의점,GS25구미차,경상북도,구미시,송정동,466-10,36.1151197,128.3404539
편의점,세븐일레븐구미송정신시로점,경상북도,구미시,송정동,478-10,36.1164884,128.3457419
편의점,지에스25구미푸르지오,경상북도,구미시,송정동,4-2,36.1216211,128.3408803
편의점,지에스25구미,경상북도,구미시,송정동,479-9,36.1169621,128.3458298
편의점,GS25구미푸르지오상품권,경상북도,구미시,송정동,4-2,36.1216211,128.3408803
편의점,GS25구미태왕점,경상북도,구미시,송정동,74,36.1181363,128.3476264
편의점,GS25구미상품권,경상북도,구미시,송정동,479-9,36.1169621,128.3458298
편의점,씨유구미송정타운점,경상북도,구미시,송정동,469,36.1163618,128.3420602
편의점,지에스GS25구미푸르지오,경상북도,구미시,송정동,4-2,36.1216211,128.3408803
편의점,씨유구미형곡,경상북도,구미시,송정동,463,36.1161326,128.3396154
편의점,지에스25송정한라점,경상북도,구미시,송정동,455,36.1163905,128.3502047
편의점,이마트24구미,경상북도,구미시,송정동,34-4,36.1186294,128.3424695
편의점,씨유구미신시로점,경상북도,구미시,송정동,25-1,36.1183979,128.3389529
편의점,세븐일레븐구미푸르나임점,경상북도,구미시,송정동,77,36.1174121,128.3496196
편의점,지에스25구미송정타운점,경상북도,구미시,송정동,22-4,36.1186911,128.3399679
편의점,씨유구미송정힐스점,경상북도,구미시,송정동,529,36.1217071,128.3438113
편의점,씨유구미신평대로점,경상북도,구미시,신평동,326-2,36.1157892,128.3634259
편의점,세븐일레븐구미신평대로점,경상북도,구미시,신평동,313-19,36.1158554,128.365956
편의점,CU구미신평타운점,경상북도,구미시,신평동,9,36.1246652,128.3589146
편의점,세븐일레븐구미신평,경상북도,구미시,신평동,70-220,36.1240599,128.3644958
편의점,씨유구미,경상북도,구미시,신평동,168-25,36.1207794,128.3637649
편의점,세븐일레븐구미,경상북도,구미시,신평동,188,36.1194382,128.3651873
편의점,지에스25신평,경상북도,구미시,신평동,27,36.1241888,128.3616201
편의점,지에스25신평대로점,경상북도,구미시,신평동,326-5,36.115537,128.3635354
편의점,씨유구미찬이점,경상북도,구미시,신평동,132-10,36.1237817,128.3629252
편의점,씨유구미비산공단점,경상북도,구미시,비산동,103-1,36.120983,128.3801433
편의점,씨유구미하늘채점,경상북도,구미시,비산동,443-3,36.1226659,128.3749252
편의점,지에스25비산,경상북도,구미시,비산동,359-7,36.1218176,128.3772628
편의점,이마트24구미,경상북도,구미시,비산동,266,36.1207043,128.3828229
편의점,세븐일레븐구미,경상북도,구미시,비산동,32-11,36.1210082,128.3843858
편의점,씨유구미비산타운점,경상북도,구미시,비산동,504-32,36.120816,128.3742828
편의점,지에스25구미보성점,경상북도,구미시,비산동,28,36.1221628,128.3837006
편의점,LG전자구미새마을금고,경상북도,구미시,공단동,299,36.0905971,128.3836369
편의점,씨유구미효정구내매점점,경상북도,구미시,공단동,265-37,36.0987332,128.3824655
편의점,세븐일레븐구미삼성SDI점,경상북도,구미시,공단동,290,36.0910249,128.366429
편의점,편의점,경상북도,구미시,공단동,205,36.1102388,128.3770223
편의점,GS25구미공단점,경상북도,구미시,공단동,203,36.1099406,128.3776875
편의점,미니스톱구미1공단점,경상북도,구미시,공단동,296-21,36.0939155,128.3896419
편의점,아이스크림까까신평동,경상북도,구미시,공단동,601,36.1229315,128.3667265
편의점,씨유구미산업단지점,경상북도,구미시,공단동,201,36.1099431,128.3784355
편의점,GS25구미상품권,경상북도,구미시,공단동,759,36.1213387,128.372844
편의점,씨유구미낙동점,경상북도,구미시,공단동,262,36.1005056,128.3849956
편의점,GS25구미,경상북도,구미시,공단동,264-8,36.1016922,128.3830206
편의점,세븐일레븐구미시그마밸리점,경상북도,구미시,공단동,260-10,36.1014208,128.3859539
편의점,씨유순천향복지점,경상북도,구미시,공단동,250-1,36.102331,128.383077
편의점,이마트24시비산파라디아점,경상북도,구미시,공단동,759,36.1213387,128.372844
편의점,GS25구미,경상북도,구미시,공단동,759,36.1213387,128.372844
편의점,덕우,경상북도,구미시,공단동,114-4,36.1176765,128.3746835
편의점,아이스크림까까광평동,경상북도,구미시,광평동,792-15,36.102755,128.3653934
편의점,세븐일레븐,경상북도,구미시,광평동,792-119,36.1035229,128.3643821
편의점,세븐구미광평점,경상북도,구미시,광평동,792-119,36.1035229,128.3643821
편의점,씨유,경상북도,구미시,광평동,549-2,36.1061084,128.3656076
편의점,씨제이올리브영홈플러스,경상북도,구미시,광평동,792-21,36.1027449,128.3637886
편의점,씨유구미사곡원룸점,경상북도,구미시,사곡동,603-56,36.1014383,128.3573388
편의점,씨유구미사곡이편한점,경상북도,구미시,사곡동,749,36.1041534,128.3527432
편의점,이마트24사곡,경상북도,구미시,사곡동,705-8,36.09345,128.3600421
편의점,세븐일레븐구미사곡,경상북도,구미시,사곡동,669-8,36.0989223,128.3611889
편의점,세븐일레븐구미사곡원룸점,경상북도,구미시,사곡동,677-1,36.0972953,128.3579341
편의점,GS25구미사곡,경상북도,구미시,사곡동,685-8,36.0950151,128.35828
편의점,미니스톱구미사곡점,경상북도,구미시,사곡동,659-5,36.1001141,128.3588547
편의점,씨유사곡,경상북도,구미시,사곡동,687-1,36.0967216,128.3609916
편의점,세븐일레븐구미사곡,경상북도,구미시,사곡동,703-1,36.0946383,128.3591158
편의점,지에스25사곡이편한점,경상북도,구미시,사곡동,749,36.1041534,128.3527432
편의점,세븐일레븐구미사곡,경상북도,구미시,사곡동,300-2,36.096466,128.3589496
편의점,로그인편의점,경상북도,구미시,사곡동,481-7,36.0980034,128.3587089
편의점,씨유구미사곡초등원룸점,경상북도,구미시,사곡동,665-2,36.1004625,128.3595002
편의점,지에스25사곡원룸점,경상북도,구미시,사곡동,220-5,36.0962257,128.3592234
편의점,세븐구미사곡원룸점,경상북도,구미시,사곡동,677-1,36.0972953,128.3579341
편의점,CU구미사곡,경상북도,구미시,사곡동,682-1,36.0960664,128.3569811
편의점,세븐구미사곡중앙점,경상북도,구미시,사곡동,300-2,36.096466,128.3589496
편의점,지에스25사곡역점,경상북도,구미시,사곡동,674-1,36.0977611,128.3568351
편의점,씨유구미사곡점,경상북도,구미시,사곡동,481-7,36.0980034,128.3587089
편의점,GS25상모해오름점,경상북도,구미시,상모동,35-1,36.0867994,128.3545643
편의점,씨유구미한신점,경상북도,구미시,상모동,541,36.0854638,128.352255
편의점,지에스25구미상모한울점(상품권),경상북도,구미시,상모동,62-7,36.0883422,128.3571528
편의점,이마트24상모센터,경상북도,구미시,상모동,67-2,36.0887537,128.3582965
편의점,세븐일레븐구미상모베스트점,경상북도,구미시,상모동,36-6,36.0860059,128.3552888
편의점,씨유구미상모청마루점,경상북도,구미시,상모동,266,36.0863988,128.3505253
편의점,GS25구미상모한울점,경상북도,구미시,상모동,62-7,36.0883422,128.3571528
편의점,세븐일레븐구미상모대영점,경상북도,구미시,상모동,539-3,36.0918563,128.3576542
편의점,씨유구미상모원룸점,경상북도,구미시,상모동,12-1,36.0906592,128.3541755
편의점,GS25상모,경상북도,구미시,상모동,9-2,36.0917394,128.355163
편의점,미니스톱상모,경상북도,구미시,상모동,36-1,36.0868167,128.3549964
편의점,씨유구미상모점,경상북도,구미시,상모동,54-6,36.0877973,128.355722
편의점,세븐일레븐구미상모,경상북도,구미시,상모동,50-8,36.0896967,128.3569603
편의점,씨제이올리브영구미상모점,경상북도,구미시,상모동,32-6,36.087419,128.3550449
편의점,지에스25구미상모한울점,경상북도,구미시,상모동,62-7,36.0883422,128.3571528
편의점,세븐일레븐구미상모원룸점,경상북도,구미시,상모동,30-2,36.0883392,128.3545443
편의점,미니스톱구미상모점,경상북도,구미시,상모동,537-7,36.0923795,128.3569074
편의점,세븐일레븐구미상림금전수점,경상북도,구미시,임은동,808-9,36.0925462,128.3605784
편의점,GS25임은하늘채점,경상북도,구미시,임은동,818,36.085702,128.3664026
편의점,GS25임은하늘채점상품권,경상북도,구미시,임은동,818,36.085702,128.3664026
편의점,씨유구미백산점,경상북도,구미시,임은동,444-3,36.0893948,128.3597859
편의점,지에스25임은하늘채점,경상북도,구미시,임은동,818,36.085702,128.3664026
편의점,씨유구미임은,경상북도,구미시,임은동,317-9,36.0884116,128.3674975
편의점,씨유구미삼도점,경상북도,구미시,임은동,822,36.0850988,128.3628982
편의점,미니스톱구미임은점,경상북도,구미시,임은동,173,36.0858246,128.3689594
편의점,씨유구미임오점,경상북도,구미시,임은동,325-8,36.088049,128.3648458
편의점,세븐일레븐구미임은타운점,경상북도,구미시,임은동,475-1,36.0868393,128.3589178
편의점,세븐일레븐남구미IC점,경상북도,구미시,오태동,155-19,36.0757985,128.3766618
편의점,지에스25구미대원점,경상북도,구미시,오태동,757-2,36.0696476,128.3520009
편의점,씨유현대하이웨이셀프점,경상북도,구미시,오태동,163-5,36.0738735,128.3747156
편의점,지에스25구미오태(상품권),경상북도,구미시,오태동,764,36.0702327,128.3554277
편의점,GS25구미대원점,경상북도,구미시,오태동,757-2,36.0696476,128.3520009
편의점,지에스25구미오태,경상북도,구미시,오태동,764,36.0702327,128.3554277
편의점,세븐일레븐구미구평,경상북도,구미시,구평동,437-3,36.0959885,128.4337584
편의점,세븐일레븐구미구평,경상북도,구미시,구평동,453,36.0925453,128.4356237
편의점,세븐구미구평부영점,경상북도,구미시,구평동,453,36.0925453,128.4356237
편의점,씨유구평,경상북도,구미시,구평동,456-1,36.0927161,128.4407682
편의점,지에스25구미구평점,경상북도,구미시,구평동,1044,36.0910246,128.4463838
편의점,지에스25인동가산로점,경상북도,구미시,구평동,105-10,36.0922562,128.4541847
편의점,세븐일레븐구미구평원룸점,경상북도,구미시,구평동,441-19,36.0944895,128.434265
편의점,세븐일레븐구미구평점,경상북도,구미시,구평동,450-1,36.0931651,128.432524
편의점,세븐일레븐구미구평,경상북도,구미시,구평동,437-15,36.0957526,128.4345662
편의점,씨유구평예다음점,경상북도,구미시,구평동,941,36.0933133,128.445545
편의점,씨유구미구평천생점,경상북도,구미시,구평동,427-2,36.0953392,128.437646
편의점,세븐일레븐구미구평,경상북도,구미시,구평동,453,36.0925453,128.4356237
편의점,세븐구미구평점,경상북도,구미시,구평동,450-1,36.0931651,128.432524
편의점,세븐일레븐구미구평,경상북도,구미시,구평동,470-12,36.0901644,128.4412847
편의점,데우고구평,경상북도,구미시,구평동,447-1,36.0938862,128.4332883
편의점,지에스25구평,경상북도,구미시,구평동,438-19,36.0947983,128.4332032
편의점,세븐구미구평센터점,경상북도,구미시,구평동,437-15,36.0957526,128.4345662
편의점,세븐구미구평본점,경상북도,구미시,구평동,437-3,36.0959885,128.4337584
편의점,씨유구미별빛공원점,경상북도,구미시,구평동,448-9,36.0932175,128.4340117
편의점,미니스톱구미구평타운점,경상북도,구미시,구평동,461-2,36.0924146,128.4415471
편의점,지에스25인동,경상북도,구미시,황상동,305-63,36.1086751,128.418604
편의점,지에스25황상타운점,경상북도,구미시,황상동,205-15,36.1136231,128.4250474
편의점,미니스톱구미황상점,경상북도,구미시,황상동,191-4,36.1180745,128.4284764
편의점,황상D.C마트,경상북도,구미시,황상동,118,36.1194375,128.4307959
편의점,씨유황상,경상북도,구미시,황상동,201,36.1167015,128.4252124
편의점,GS25황상센타점,경상북도,구미시,황상동,319,36.1096752,128.4204437
편의점,세븐일레븐구미인동,경상북도,구미시,황상동,303-4,36.1090871,128.4187834
편의점,세븐일레븐구미황상원룸점,경상북도,구미시,황상동,348,36.1120952,128.4228018
편의점,세븐구미황상주공점,경상북도,구미시,황상동,199,36.1175831,128.4268407
편의점,세븐일레븐구미인동,경상북도,구미시,황상동,307-22,36.1084244,128.4204638
편의점,GS25인동센타점,경상북도,구미시,황상동,318-34,36.1068154,128.4195259
편의점,CU황상점,경상북도,구미시,황상동,313-3,36.1076427,128.4192685
편의점,씨유황상,경상북도,구미시,황상동,305-60,36.1080665,128.419576
편의점,세븐일레븐구미검성로점,경상북도,구미시,황상동,191-4,36.1180745,128.4284764
편의점,씨유구미황상현대점,경상북도,구미시,황상동,275-52,36.1108822,128.42312
편의점,지에스25인동센타점,경상북도,구미시,황상동,318-34,36.1068154,128.4195259
편의점,씨유구미라마다호텔점,경상북도,구미시,황상동,322-3,36.1098568,128.4183214
편의점,세븐일레븐구미황상주공점,경상북도,구미시,황상동,199,36.1175831,128.4268407
편의점,씨유구미화진금봉점,경상북도,구미시,황상동,119-3,36.1194825,128.4288306
편의점,지에스25구미황상주공점,경상북도,구미시,황상동,211,36.1171796,128.4248607
편의점,세븐일레븐구미황상대로점,경상북도,구미시,황상동,275-28,36.1109107,128.4238995
편의점,세븐일레븐구미화진금봉점,경상북도,구미시,황상동,118,36.1194375,128.4307959
편의점,GS25구미인평점,경상북도,구미시,인의동,840-1,36.1038277,128.4221456
편의점,세븐일레븐구미여헌점,경상북도,구미시,인의동,337-2,36.1090896,128.4257633
편의점,GS25뉴구미인평점,경상북도,구미시,인의동,837-8,36.1040851,128.4219134
편의점,지에스25뉴구미인평점(상품권),경상북도,구미시,인의동,837-8,36.1040851,128.4219134
편의점,세븐일레븐구미여헌점,경상북도,구미시,인의동,337-2,36.1090896,128.4257633
편의점,지에스25뉴구미인평점,경상북도,구미시,인의동,837-8,36.1040851,128.4219134
편의점,세븐일레븐구미인동타운점,경상북도,구미시,인의동,346-6,36.1098109,128.4229709
편의점,씨유구미인의원룸점,경상북도,구미시,인의동,655-7,36.1006047,128.4276777
편의점,세븐일레븐구미인의점,경상북도,구미시,인의동,696-7,36.0989893,128.4277419
편의점,씨유구미인의서한점,경상북도,구미시,인의동,636,36.1034392,128.4249559
편의점,미니스톱구미인의대로점,경상북도,구미시,인의동,700-5,36.0977975,128.4282539
편의점,세븐일레븐인의센타점,경상북도,구미시,인의동,381-8,36.1064318,128.4217605
편의점,달콤공주얼음왕자,경상북도,구미시,인의동,814,36.1166373,128.4259107
편의점,세븐일레븐,경상북도,구미시,인의동,656-1,36.1010893,128.4286467
편의점,씨유구미인의한아름점,경상북도,구미시,인의동,991-5,36.0968227,128.4337179
편의점,세븐일레븐인의타운점,경상북도,구미시,인의동,577-8,36.1052129,128.42341
편의점,씨유구미인동,경상북도,구미시,인의동,702-2,36.0971497,128.4298727
편의점,씨유구미여헌로점,경상북도,구미시,인의동,839-2,36.1044783,128.4226208
편의점,GS25구미인의,경상북도,구미시,인의동,584-2,36.1022618,128.4246924
편의점,데우고,경상북도,구미시,인의동,342,36.1105118,128.4257583
편의점,GS25구미인의점,경상북도,구미시,인의동,672-5,36.1001195,128.4267741
편의점,씨유구미인의청구점,경상북도,구미시,인의동,656-10,36.1003047,128.4293029
편의점,이마트24구미황상점,경상북도,구미시,인의동,827-19,36.1109111,128.4257224
편의점,세븐일레븐구미인의,경상북도,구미시,인의동,665-11,36.0993207,128.4301039
편의점,씨유구미인동,경상북도,구미시,인의동,361-8,36.1091974,128.4240715
편의점,미니스톱,경상북도,구미시,인의동,843-4,36.1029427,128.4237025
편의점,GS25인의,경상북도,구미시,인의동,669-17,36.0978723,128.4308785
편의점,세븐구미인의점,경상북도,구미시,인의동,696-7,36.0989893,128.4277419
편의점,미니스톱구미인동,경상북도,구미시,인의동,367-21,36.1077322,128.4223391
편의점,세븐일레븐구미인의,경상북도,구미시,인의동,435-10,36.108709,128.4240934
편의점,세븐일레븐구미인의청구점,경상북도,구미시,인의동,652,36.1002602,128.4309367
편의점,이마트24구미인의,경상북도,구미시,인의동,997-6,36.095636,128.433117
편의점,GS25인의센타점,경상북도,구미시,인의동,433-4,36.107931,128.4239745
편의점,씨유구미인의공원점,경상북도,구미시,인의동,687-1,36.1003763,128.426069
편의점,CU인의이화점,경상북도,구미시,인의동,995-3,36.096503,128.4316627
편의점,씨유구미수출대로점,경상북도,구미시,인의동,292-13,36.1108151,128.4263333
편의점,지에스25구미진평길점,경상북도,구미시,진평동,273-2,36.100436,128.4213388
편의점,씨유창조점,경상북도,구미시,진평동,1011-3,36.0952325,128.4229603
편의점,미니스톱구미진평,경상북도,구미시,진평동,34-6,36.0968146,128.4249422
편의점,씨유구미인의주공점,경상북도,구미시,진평동,32-7,36.0976229,128.4228129
편의점,GS25진평베스트점,경상북도,구미시,진평동,590,36.1034631,128.4196594
편의점,세븐일레븐구미진평,경상북도,구미시,진평동,1048-1,36.0915384,128.4281739
편의점,지에스25LGD구미A1점,경상북도,구미시,진평동,642-3,36.0994549,128.404092
편의점,세븐구미진평점,경상북도,구미시,진평동,84-1,36.0937735,128.4307638
편의점,지에스25진평우리점,경상북도,구미시,진평동,76-9,36.0951968,128.4288745
편의점,미니스톱구미진평점,경상북도,구미시,진평동,108-1,36.0950713,128.4270219
편의점,GS25구미,경상북도,구미시,진평동,120-1,36.0952149,128.4234852
편의점,세븐구미진평제일점,경상북도,구미시,진평동,85-7,36.0928581,128.4316212
편의점,씨유진평타운점,경상북도,구미시,진평동,20-7,36.0960573,128.4278442
편의점,씨유인동길점,경상북도,구미시,진평동,82-1,36.09444,128.4294129
편의점,이마트24,경상북도,구미시,진평동,416-7,36.1045048,128.4179278
편의점,이마트24시구미진평,경상북도,구미시,진평동,115-1,36.0950407,128.4252074
편의점,세븐일레븐구미진평,경상북도,구미시,진평동,414-5,36.1047015,128.4176862
편의점,지에스25구미인의주공점,경상북도,구미시,진평동,40-8,36.097796,128.42127
편의점,GS25진평우리점상품권,경상북도,구미시,진평동,76-9,36.0951968,128.4288745
편의점,씨유구미진평로즈마리점,경상북도,구미시,진평동,1051-2,36.0931714,128.4259742
편의점,지에스25구미진평,경상북도,구미시,진평동,22-9,36.097316,128.4257205
편의점,세븐일레븐구미인동,경상북도,구미시,진평동,1038-12,36.102435,128.4222331
편의점,CU구미진평,경상북도,구미시,진평동,24-1,36.0972196,128.426082
편의점,GS25진평센타점,경상북도,구미시,진평동,1047-12,36.0910589,128.4294755
편의점,씨유진평미래타운점,경상북도,구미시,진평동,1059-5,36.0920797,128.4245662
편의점,지에스25진평,경상북도,구미시,진평동,1023-2,36.107138,128.4179407
편의점,지에스25진평타운점,경상북도,구미시,진평동,89-8,36.0940508,128.4267597
편의점,씨유진평점,경상북도,구미시,진평동,50-3,36.0957064,128.4255735
편의점,세븐일레븐구미진평원룸점,경상북도,구미시,진평동,101-4,36.0926087,128.4298485
편의점,GS25구미진평주공점상품권,경상북도,구미시,진평동,1063,36.0912411,128.4242785
편의점,세븐일레븐구미인의주공점,경상북도,구미시,진평동,42-9,36.0969351,128.4215024
편의점,GS25구미진평주공점,경상북도,구미시,진평동,1063,36.0912411,128.4242785
편의점,씨유뉴진평센타점,경상북도,구미시,진평동,133-5,36.0925976,128.4286351
편의점,씨유진평,경상북도,구미시,진평동,126-12,36.0942978,128.4242632
편의점,세븐일레븐구미진평,경상북도,구미시,진평동,85-7,36.0928581,128.4316212
편의점,미니스톱구미,경상북도,구미시,진평동,127-1,36.0950711,128.4229757
편의점,GS25진평,경상북도,구미시,진평동,92-17,36.0929671,128.4300606
편의점,세븐일레븐구미진평,경상북도,구미시,진평동,17-10,36.097862,128.4242425
편의점,세븐일레븐구미진평,경상북도,구미시,진평동,126-6,36.0938424,128.4251031
편의점,세븐일레븐구미진평길점,경상북도,구미시,진평동,311,36.1011185,128.4197229
편의점,지에스25구미인동도서관점,경상북도,구미시,진평동,16-1,36.0988067,128.4242084
편의점,세븐일레븐구미진평점,경상북도,구미시,진평동,84-1,36.0937735,128.4307638
편의점,미니스톱구미인동대로점,경상북도,구미시,진평동,1039-15,36.1010971,128.4234551
편의점,세븐일레븐구미진평대로점,경상북도,구미시,진평동,1046-2,36.0906936,128.4308493
편의점,세븐일레븐구미인의주공점,경상북도,구미시,진평동,42-9,36.0969351,128.4215024
편의점,이마트24구미진평,경상북도,구미시,진평동,18-11,36.0982778,128.4252251
편의점,세븐일레븐구미진평미래점,경상북도,구미시,진평동,1059-1,36.0925021,128.4248485
편의점,씨유구미,경상북도,구미시,진평동,603,36.1038691,128.4199028
편의점,지에스25LGD구미복지동점,경상북도,구미시,시미동,163,36.0951092,128.4084462
편의점,씨유구미임수,경상북도,구미시,임수동,269-1,36.1168894,128.4026677
편의점,씨유구미센츄리호텔,경상북도,구미시,임수동,447-2,36.1085884,128.4020148
편의점,지에스25(LGD)동락원점,경상북도,구미시,임수동,401-3,36.1119087,128.4021726
편의점,이마트24구미보미더리즌점,경상북도,구미시,임수동,92-14,36.1073201,128.4036535
편의점,지에스25구미전자공고점,경상북도,구미시,임수동,200,36.1155713,128.4053443
편의점,행복채움,경상북도,구미시,임수동,274,36.11586,128.4018992
편의점,지에스25구미임수점,경상북도,구미시,임수동,92-77,36.1072856,128.4024564
편의점,이마트24금오공대학생회관점,경상북도,구미시,양호동,1,36.1454515,128.3885492
편의점,이마트24금오공대기숙사점,경상북도,구미시,양호동,1,36.1454515,128.3885492
편의점,지에스25구미옥계대로점,경상북도,구미시,거의동,616-3,36.1369588,128.4115869
편의점,GS25구미옥계대로점,경상북도,구미시,거의동,616-3,36.1369588,128.4115869
편의점,씨유금오공대,경상북도,구미시,거의동,469-1,36.1414166,128.3963098
편의점,세븐일레븐구미거의대영점,경상북도,구미시,거의동,611-1,36.1378299,128.41083
편의점,미니스톱구미금오공대점,경상북도,구미시,거의동,387-14,36.1377427,128.3972359
편의점,지에스25금오공대점,경상북도,구미시,거의동,456,36.1395487,128.3963393
편의점,GS25구미,경상북도,구미시,옥계동,919,36.1398901,128.4306513
편의점,세븐일레븐구미옥계원룸점,경상북도,구미시,옥계동,789-6,36.138141,128.4274003
편의점,지에스25구미옥계,경상북도,구미시,옥계동,560,36.146937,128.4163234
편의점,지에스25구미옥계,경상북도,구미시,옥계동,831-4,36.1379136,128.4181356
편의점,씨유구미옥계,경상북도,구미시,옥계동,618-11,36.1404156,128.4166749
편의점,KOREA25,경상북도,구미시,옥계동,635-2,36.1383661,128.4164938
편의점,세븐구미옥계삼구점,경상북도,구미시,옥계동,891-7,36.1386601,128.419962
편의점,세븐일레븐구미옥계에덴점,경상북도,구미시,옥계동,555-2,36.1473524,128.4167641
편의점,GS25옥계센타점,경상북도,구미시,옥계동,956,36.1363388,128.4144951
편의점,지에스25구미산호점,경상북도,구미시,옥계동,632-4,36.1385866,128.4169816
편의점,씨유구미옥계타운점,경상북도,구미시,옥계동,799-1,36.1378297,128.4269053
편의점,씨유구미,경상북도,구미시,옥계동,563,36.146531,128.417704
편의점,세븐구미옥계드림점,경상북도,구미시,옥계동,746-1,36.1359212,128.4222049
편의점,GS25옥계타운점,경상북도,구미시,옥계동,743-11,36.136942,128.4238427
편의점,씨유뉴옥계삼구점,경상북도,구미시,옥계동,834-1,36.1380806,128.4215429
편의점,미니스톱구미,경상북도,구미시,옥계동,842-1,36.1371675,128.4219684
편의점,이마트24구미옥계삼구점,경상북도,구미시,옥계동,907,36.1391902,128.4213835
편의점,세븐일레븐구미옥계대영점,경상북도,구미시,옥계동,890-3,36.1387936,128.4187386
편의점,세븐일레븐구미옥계,경상북도,구미시,옥계동,621-1,36.1408479,128.4176821
편의점,지에스25구미한천점,경상북도,구미시,옥계동,752-7,36.1355525,128.4250911
편의점,씨유구미양포점,경상북도,구미시,옥계동,863-12,36.1356168,128.4181152
편의점,씨유구미옥계남로점,경상북도,구미시,옥계동,748-8,36.1353105,128.422914
편의점,씨유옥계현진에버빌점,경상북도,구미시,옥계동,744-2,36.137727,128.4243557
편의점,GS25옥계원룸점,경상북도,구미시,옥계동,793-6,36.1369909,128.426885
편의점,세븐구미옥계현진에버빌점,경상북도,구미시,옥계동,788-2,36.1380036,128.4255848
편의점,아이스크림까까,경상북도,구미시,옥계동,630-10,36.1390378,128.415935
편의점,지에스25옥계,경상북도,구미시,옥계동,625-2,36.1399257,128.4162489
편의점,씨유옥계삼구트리니엔점,경상북도,구미시,옥계동,885-2,36.139438,128.4201046
편의점,세븐구미옥계센터점,경상북도,구미시,옥계동,824-4,36.1352624,128.4216586
편의점,씨스페이스구미옥계,경상북도,구미시,옥계동,545,36.1468718,128.4144233
편의점,세븐일레븐구미,경상북도,구미시,옥계동,632-1,36.138654,128.416382
편의점,세븐구미옥계중앙점,경상북도,구미시,옥계동,634-4,36.1380002,128.4168892
편의점,이마트24R구미,경상북도,구미시,옥계동,636-3,36.137665,128.4163709
편의점,세븐구미옥계점,경상북도,구미시,옥계동,632-1,36.138654,128.416382
편의점,세븐일레븐구미옥계현진에버빌점,경상북도,구미시,옥계동,788-2,36.1380036,128.4255848
편의점,씨유구미옥계세영점,경상북도,구미시,옥계동,936,36.1391056,128.4354582
편의점,씨유옥계4공단점,경상북도,구미시,옥계동,731-3,36.1374348,128.4224736
편의점,이마트24R구미,경상북도,구미시,구포동,684-1,36.1290729,128.4168055
편의점,씨유구미,경상북도,구미시,구포동,681-6,36.1283042,128.4161775
편의점,세븐일레븐선산이편한점,경상북도,구미시,선산읍,교리 1172,36.2520555,128.3049456
편의점,CU선산이문점,경상북도,구미시,선산읍,이문리 107-4,36.2405209,128.2981155
편의점,이마트24구미선산,경상북도,구미시,선산읍,동부리 390-6,36.2413483,128.3017424
편의점,지에스25선산단계점,경상북도,구미시,선산읍,노상리 119-7,36.2425356,128.2978525
편의점,세븐일레븐구미선산점,경상북도,구미시,선산읍,완전리 11-3,36.2419802,128.3012676
편의점,세븐일레븐구미선산교리점,경상북도,구미시,선산읍,교리 1153-2,36.2479731,128.3033459
편의점,씨유선산,경상북도,구미시,선산읍,동부리 477,36.2432931,128.3033202
편의점,세븐일레븐구미선산,경상북도,구미시,선산읍,완전리 251-3,36.2395248,128.3018175
편의점,미니스톱구미선산단계점,경상북도,구미시,선산읍,노상리 149-2,36.2422716,128.29782
편의점,세븐일레븐구미선산,경상북도,구미시,선산읍,완전리 251-3,36.2395248,128.3018175
편의점,농심편의점,경상북도,구미시,선산읍,북산리 289-2,36.2159604,128.26818
편의점,세븐구미선산점,경상북도,구미시,선산읍,완전리 11-3,36.2419802,128.3012676
편의점,씨유문성레이크,경상북도,구미시,고아읍,문성리 1845,36.1590391,128.345982
편의점,지에스25구미원호점,경상북도,구미시,고아읍,원호리 434-3,36.151471,128.3292535
편의점,씨유구미아너스점,경상북도,구미시,고아읍,문성리 1098,36.1632098,128.3431884
편의점,씨유구미,경상북도,구미시,고아읍,문성리 1323,36.1622709,128.350063
편의점,세븐구미원호점,경상북도,구미시,고아읍,원호리 444-8,36.1500843,128.3310709
편의점,씨유구미문성스타힐스점,경상북도,구미시,고아읍,문성리 1796,36.1522193,128.345852
편의점,GS25선산대로점,경상북도,구미시,고아읍,관심리 724-2,36.2121786,128.325535
편의점,세븐일레븐구미지산대로점,경상북도,구미시,고아읍,문성리 804-1,36.148688,128.3489383
편의점,구미문성지점,경상북도,구미시,고아읍,문성리 1402,36.1605275,128.344423
편의점,씨유구미원호세영리첼점,경상북도,구미시,고아읍,원호리 533,36.1588057,128.3383286
편의점,세븐일레븐구미문성레이크,경상북도,구미시,고아읍,문성리 1855,36.1592857,128.3475028
편의점,지에스25구미고아점,경상북도,구미시,고아읍,항곡리 634-32,36.1883827,128.3481993
편의점,씨유뉴원호점,경상북도,구미시,고아읍,원호리 442-2,36.1512905,128.3303295
편의점,지에스25구미고아대로점,경상북도,구미시,고아읍,문성리 162-21,36.1606719,128.3532841
편의점,씨스페이스구미,경상북도,구미시,고아읍,문성리 1604,36.1548355,128.3512354
편의점,이마트24구미,경상북도,구미시,고아읍,문성리 1355-1,36.1625715,128.3513466
편의점,이마트24편의점구미문성,경상북도,구미시,고아읍,문성리 1795,36.1521787,128.3438267
편의점,세븐일레븐구미문장로점,경상북도,구미시,고아읍,원호리 442-4,36.1515275,128.3303819
편의점,이마트24들성로점,경상북도,구미시,고아읍,원호리 221-4,36.1555521,128.3337742
편의점,지에스25구미신당점,경상북도,구미시,산동읍,신당리 1366,36.1516675,128.4431374
편의점,세븐일레븐구미경운대,경상북도,구미시,산동읍,인덕리 60-1,36.1625514,128.4657447
편의점,씨유구미4공단,경상북도,구미시,산동읍,봉산리 581,36.139367,128.4388475
편의점,GS25구미,경상북도,구미시,산동읍,봉산리 380,36.1398377,128.4394268
편의점,씨유경운대생활관앞점,경상북도,구미시,산동읍,인덕리 52-1,36.1622464,128.4673444
편의점,GS25구미산동점,경상북도,구미시,산동읍,적림리 68,36.1684301,128.4368134
편의점,세븐일레븐구미산동원룸점,경상북도,구미시,산동읍,봉산리 381-13,36.1398338,128.4415424
편의점,씨유구미,경상북도,구미시,산동읍,신당리 1435,36.1549425,128.4317445
편의점,지에스25경운대글로벌점,경상북도,구미시,산동읍,인덕리 36-3,36.1619106,128.4686275
편의점,씨유옥계,경상북도,구미시,산동읍,인덕리 1102,36.1631522,128.436558
편의점,씨유옥계,경상북도,구미시,산동읍,신당리 1383,36.1593306,128.4329339
편의점,지에스25경운대점,경상북도,구미시,산동읍,인덕리 171-3,36.1674223,128.4679201
편의점,이마트24구미옥계세영점,경상북도,구미시,산동읍,봉산리 588,36.1393224,128.4377047
편의점,씨스페이스구미산동점,경상북도,구미시,산동읍,신당리 1416,36.1543668,128.4299658
편의점,미니스톱구미4공단점,경상북도,구미시,산동읍,봉산리 380-2,36.1404591,128.4394344
편의점,씨유구미5공단점,경상북도,구미시,산동읍,적림리 64-6,36.1695163,128.4370506
편의점,씨유구미산동점,경상북도,구미시,산동읍,인덕리 824-6,36.1665854,128.4425267
편의점,지에스25구미산동호반점,경상북도,구미시,산동읍,신당리 1474,36.1455918,128.4273977
편의점,이마트24구미,경상북도,구미시,산동읍,신당리 1430,36.1543705,128.431179
편의점,세븐일레븐구미골드,경상북도,구미시,산동읍,신당리 1419,36.155815,128.4312182
편의점,씨유구미골드클래스점,경상북도,구미시,산동읍,신당리 1388,36.1569315,128.4302474
편의점,씨유경운대학교,경상북도,구미시,산동읍,인덕리 171-3,36.1674223,128.4679201
편의점,GS25구미4공단점,경상북도,구미시,산동읍,봉산리 385-5,36.140502,128.443942
편의점,이마트24구미산동점,경상북도,구미시,산동읍,인덕리 826,36.164968,128.442367
편의점,세븐일레븐구미산동대로점,경상북도,구미시,산동읍,봉산리 328,36.1373206,128.4538864
편의점,세븐일레븐구미골드클래스점,경상북도,구미시,산동읍,신당리 1388,36.1569315,128.4302474
편의점,씨유구미4공단점,경상북도,구미시,산동읍,봉산리 386-7,36.1398357,128.442042
편의점,세븐일레븐구미,경상북도,구미시,산동읍,인덕리 1107,36.1634887,128.4400426
편의점,씨유구미쌍용예가점,경상북도,구미시,산동읍,신당리 1790,36.1607076,128.4275663
편의점,씨제이올리브네트웍스구미,경상북도,구미시,산동읍,신당리 1462,36.1558343,128.4340045
편의점,Cu구미도개점,경상북도,구미시,도개면,궁기리 751-2,36.3007783,128.3299877
편의점,지에스25도개휴게소점,경상북도,구미시,도개면,용산리 1,36.3294612,128.3100638
편의점,씨유구미,경상북도,구미시,장천면,상장리 879-1,36.1270306,128.4951814
편의점,지에스25구미,경상북도,구미시,장천면,상장리 889-5,36.1252631,128.4952875
편의점,씨유영주분수대점,경상북도,영주시,영주동,327-79,36.825943,128.6242296
편의점,렌탈스튜디오의미세븐일레븐영주시네마점,경상북도,영주시,영주동,494-2,36.8264563,128.6172921
편의점,씨유영주,경상북도,영주시,영주동,550-11,36.8226034,128.6244545
편의점,씨유영주원당로점,경상북도,영주시,영주동,393-1,36.8207934,128.6239939
편의점,씨유영주,경상북도,영주시,영주동,283-8,36.8270492,128.6197113
편의점,씨유영주가톨릭,경상북도,영주시,영주동,3-2,36.8267449,128.6250459
편의점,씨제이올리브영경북영주점,경상북도,영주시,영주동,378-18,36.8243196,128.6242485
편의점,세븐일레븐영주,경상북도,영주시,영주동,470-37,36.8207715,128.6210404
편의점,씨유영주,경상북도,영주시,영주동,554,36.8223005,128.6186308
편의점,세븐일레븐영주상망대로점,경상북도,영주시,상망동,255-5,36.8379848,128.6495337
편의점,씨유영주상망,경상북도,영주시,상망동,834,36.833055,128.6358608
편의점,세븐일레븐영주광복로점,경상북도,영주시,하망동,143-28,36.8276106,128.6268399
편의점,세븐일레븐영주카페점,경상북도,영주시,하망동,344-63,36.825379,128.6255141
편의점,세븐일레븐영주휴천청구점,경상북도,영주시,하망동,524-14,36.8210903,128.6360956
편의점,세븐일레븐영주,경상북도,영주시,하망동,196-3,36.8275226,128.6312498
편의점,씨유영주하망점,경상북도,영주시,하망동,252-56,36.8272074,128.6321487
편의점,지에스25영주원당로점,경상북도,영주시,하망동,305-1,36.8251677,128.6297207
편의점,씨유영주,경상북도,영주시,하망동,340-26,36.8244682,128.6266699
편의점,지에스25영주휴천타운점,경상북도,영주시,휴천동,716,36.8211603,128.6287439
편의점,CU영주지천로점,경상북도,영주시,휴천동,642-124,36.8112909,128.6191711
편의점,CU휴천석미점,경상북도,영주시,휴천동,707-5,36.8188618,128.6279671
편의점,이마트24영주휴천현대점,경상북도,영주시,휴천동,573-5,36.8041281,128.6190262
편의점,세븐일레븐영주휴천,경상북도,영주시,휴천동,462-2,36.8057354,128.619358
편의점,씨유영주역점,경상북도,영주시,휴천동,309-10,36.8111934,128.6234386
편의점,세븐일레븐영주,경상북도,영주시,휴천동,706-5,36.8188107,128.6287506
편의점,지에스25영주,경상북도,영주시,휴천동,413-2,36.8069741,128.6290874
편의점,씨유영주꽃동산점,경상북도,영주시,휴천동,642-76,36.8140703,128.6206946
편의점,씨제이올리브영경북영주역점,경상북도,영주시,휴천동,491-1,36.8090021,128.6205093
편의점,세븐일레븐영주,경상북도,영주시,휴천동,327-4,36.8099756,128.6231696
편의점,이마트24영주육,경상북도,영주시,휴천동,642-1161,36.8092205,128.619524
편의점,이마트24영주휴천점,경상북도,영주시,휴천동,687-7,36.812433,128.6281907
편의점,세븐일레븐경북전문대점,경상북도,영주시,휴천동,630,36.8049989,128.6142425
편의점,씨유영주열매점,경상북도,영주시,휴천동,499-2,36.8064729,128.6192194
편의점,씨유영주자인병원앞점,경상북도,영주시,가흥동,1735,36.8158355,128.6061346
편의점,씨유영주가흥공원점,경상북도,영주시,가흥동,1904-1,36.8118327,128.6052057
편의점,세븐일레븐영주세무서점,경상북도,영주시,가흥동,1478-5,36.8190106,128.6180693
편의점,씨유영주가흥대로점,경상북도,영주시,가흥동,1821,36.814697,128.6083078
편의점,지에스25영주,경상북도,영주시,가흥동,521-57,36.8332547,128.6112615
편의점,씨유영주,경상북도,영주시,가흥동,1559-1,36.8221819,128.608987
편의점,세븐영주가흥점,경상북도,영주시,가흥동,1381-658,36.8078068,128.6154924
편의점,세븐일레븐영주가흥로또점,경상북도,영주시,가흥동,1976-2,36.8096576,128.609663
편의점,세븐일레븐영주가흥현대점,경상북도,영주시,가흥동,520-3,36.8342776,128.6107866
편의점,GS25영주꽃동산점,경상북도,영주시,가흥동,1460-3,36.8144025,128.6192211
편의점,택지복권방,경상북도,영주시,가흥동,1721,36.8168006,128.60501
편의점,이마트24영주가흥점,경상북도,영주시,가흥동,1693-1,36.81839,128.6082215
편의점,세븐일레븐영주가흥조선점,경상북도,영주시,가흥동,1866-1,36.8129755,128.6043391
편의점,씨유뉴영주대명점,경상북도,영주시,가흥동,521-9,36.8327522,128.6112501
편의점,씨유영주가흥도서관점,경상북도,영주시,가흥동,1591,36.8204357,128.6066349
편의점,이마트24R영주호텔점,경상북도,영주시,가흥동,1722,36.8166804,128.6052776
편의점,세븐일레븐영주가흥,경상북도,영주시,가흥동,1647,36.8184534,128.6064006
편의점,세븐일레븐영주가흥점,경상북도,영주시,가흥동,1381-658,36.8078068,128.6154924
편의점,씨유영주가흥점,경상북도,영주시,가흥동,1950-3,36.8111469,128.6089495
편의점,GS25영주,경상북도,영주시,가흥동,1629,36.8171103,128.6039071
편의점,코리아세븐영주,경상북도,영주시,가흥동,1964-12,36.8114643,128.6096517
편의점,세븐일레븐영주가흥,경상북도,영주시,가흥동,521-32,36.8328966,128.6099795
편의점,지에스25영주호텔점,경상북도,영주시,가흥동,1732,36.8166888,128.6063482
편의점,세븐일레븐가흥택지,경상북도,영주시,가흥동,1730-3,36.8154904,128.6056995
편의점,지에스25영주,경상북도,영주시,가흥동,1950-2,36.8110876,128.6087898
편의점,GS25영주리첼점,경상북도,영주시,가흥동,1809-4,36.8148229,128.6050612
편의점,세븐일레븐영주가흥플레이스점,경상북도,영주시,가흥동,1683,36.8168889,128.607087
편의점,집밥뚝딱영주가흥점,경상북도,영주시,가흥동,1744,36.8165604,128.6076703
편의점,이마트24영주가흥,경상북도,영주시,가흥동,1807-1,36.8135352,128.6052519
편의점,GS25경북전문대점,경상북도,영주시,가흥동,1381-134,36.8076315,128.615111
편의점,세븐일레븐영주IC점,경상북도,영주시,문정동,205-18,36.803426,128.6038496
편의점,세븐일레븐영주남산현대점,경상북도,영주시,조암동,1187-62,36.8061067,128.6292587
편의점,세븐영주남산현대점,경상북도,영주시,조암동,1187-62,36.8061067,128.6292587
편의점,세븐일레븐경북전문대자주점생활관,경상북도,영주시,조암동,1302,36.8037388,128.6130932
편의점,씨유풍기동양대원룸점,경상북도,영주시,풍기읍,산법리 628,36.8824293,128.5287342
편의점,씨유풍기풍금점,경상북도,영주시,풍기읍,서부리 116-4,36.871428,128.5266297
편의점,씨유풍기인삼로점,경상북도,영주시,풍기읍,성내리 149-29,36.8706502,128.5234267
편의점,씨유풍기동양,경상북도,영주시,풍기읍,동부리 295-12,36.8761258,128.5327622
편의점,지에스영주,경상북도,영주시,풍기읍,동부리 488-6,36.8673046,128.5332183
편의점,씨유풍기인삼로점,경상북도,영주시,풍기읍,성내리 149-29,36.8706502,128.5234267
편의점,편의점,경상북도,영주시,문수면,수도리 233,36.7313818,128.6209904
편의점,씨유영주장수,경상북도,영주시,장수면,반구리 1001-3,36.7762008,128.5800335
편의점,이마트24R풍기IC점,경상북도,영주시,봉현면,대촌리 441-6,36.8495032,128.5269036
편의점,세븐일레븐풍기IC점,경상북도,영주시,봉현면,오현리 156,36.8578503,128.5262832
편의점,이마트24SMART선비세상민속촌,경상북도,영주시,순흥면,청구리 303,36.9312054,128.5863845
편의점,이마트24SMART선비세상민속촌,경상북도,영주시,순흥면,청구리 303,36.9312054,128.5863845
편의점,지에스25영주부석점,경상북도,영주시,부석면,소천리 417,36.9754395,128.6548374
편의점,씨유영천조교점,경상북도,영천시,조교동,731,35.9712212,128.9510657
편의점,세븐일레븐호국로점,경상북도,영천시,망정동,189-15,35.9753221,128.9498136
편의점,지에스25영천망정점,경상북도,영천시,망정동,116,35.9721799,128.9502193
편의점,GS25영천청솔점,경상북도,영천시,망정동,461-1,35.9889408,128.9551336
편의점,세븐일레븐영천,경상북도,영천시,망정동,131,35.9726719,128.9490122
편의점,씨유영천창신점,경상북도,영천시,망정동,471-3,35.9862513,128.95404
편의점,씨유영천망정원룸,경상북도,영천시,망정동,417-1,35.9886129,128.9562551
편의점,씨유영천청호점,경상북도,영천시,망정동,186-2,35.9758438,128.9501555
편의점,세븐일레븐영천창신점,경상북도,영천시,망정동,471-6,35.9861322,128.9528991
편의점,지에스25영천창신점,경상북도,영천시,망정동,462-2,35.9871167,128.9554265
편의점,지에스25영천호국로점,경상북도,영천시,야사동,293-7,35.972017,128.9413462
편의점,세븐일레븐영천관호점,경상북도,영천시,야사동,183-9,35.9742993,128.9458074
편의점,씨유영천동부,경상북도,영천시,야사동,232-8,35.9713543,128.9444479
편의점,지에스25영천,경상북도,영천시,야사동,192-14,35.9731368,128.9483544
편의점,지에스25영천호국로점,경상북도,영천시,야사동,292-7,35.9719261,128.9413942
편의점,지에스25,경상북도,영천시,야사동,335-62,35.9737535,128.9426895
편의점,CU영천,경상북도,영천시,야사동,182-8,35.9737216,128.9455622
편의점,지에스25영천상품권,경상북도,영천시,야사동,192-14,35.9731368,128.9483544
편의점,씨유영천야사주공점,경상북도,영천시,야사동,148-2,35.9764502,128.9439627
편의점,GS25영천,경상북도,영천시,야사동,192-14,35.9731368,128.9483544
편의점,씨유영천망정점,경상북도,영천시,야사동,192-1,35.9737407,128.9481791
편의점,씨유영천다은점,경상북도,영천시,문내동,5-5,35.9750313,128.9316433
편의점,씨유영천문내점,경상북도,영천시,문내동,209-3,35.9707132,128.9315617
편의점,씨유,경상북도,영천시,문외동,38-3,35.9719599,128.937993
편의점,씨제이올리브영영천,경상북도,영천시,문외동,40-4,35.9716213,128.9386329
편의점,씨유영천문외원룸점,경상북도,영천시,문외동,198-1,35.9732809,128.9341266
편의점,마이데이,경상북도,영천시,문외동,138-6,35.9733825,128.9332058
편의점,지에스25영천무궁화점,경상북도,영천시,문외동,49,35.9749199,128.9393778
편의점,GS25영천타운점,경상북도,영천시,문외동,126-4,35.974423,128.9325044
편의점,지에스25영천문외점,경상북도,영천시,문외동,250-11,35.9729045,128.9362077
편의점,세븐일레븐영천시청,경상북도,영천시,문외동,12-8,35.9730894,128.9376668
편의점,이마트24R,경상북도,영천시,문외동,198-14,35.9723304,128.9350728
편의점,씨유영천,경상북도,영천시,창구동,42-1,35.9674381,128.9313878
편의점,세븐일레븐영천보건,경상북도,영천시,창구동,37-6,35.9679719,128.9319072
편의점,씨유영천서남점,경상북도,영천시,화룡동,291-1,35.9648901,128.920266
편의점,씨유영천주남네,경상북도,영천시,금노동,396-4,35.9532705,128.9312012
편의점,세븐일레븐영천,경상북도,영천시,금노동,586-2,35.9606627,128.9284863
편의점,다와아이엔씨,경상북도,영천시,금노동,413-11,35.9500609,128.9301674
편의점,코리아세븐영천,경상북도,영천시,금노동,586-2,35.9606627,128.9284863
편의점,세븐일레븐영천완산,경상북도,영천시,완산동,1082-34,35.9622245,128.9361417
편의점,지에스25영천완산점,경상북도,영천시,완산동,902-8,35.9612045,128.9376739
편의점,코리아세븐영천완산,경상북도,영천시,완산동,1082-34,35.9622245,128.9361417
편의점,지에스25영천,경상북도,영천시,완산동,987-40,35.9632669,128.9371008
편의점,씨유영천완산,경상북도,영천시,완산동,1084-6,35.9616195,128.9360405
편의점,이마트24영천이편한,경상북도,영천시,완산동,1432,35.9617276,128.9413512
편의점,로그인영천역점,경상북도,영천시,완산동,930-16,35.9599555,128.9385862
편의점,카페고니휴게실,경상북도,영천시,완산동,62,35.9623305,128.9610672
편의점,세븐일레븐영천완산,경상북도,영천시,완산동,906-12,35.9625548,128.9374554
편의점,씨유이편한,경상북도,영천시,완산동,1413,35.9635016,128.9443281
편의점,씨유영천역점,경상북도,영천시,완산동,933-10,35.9605945,128.9389472
편의점,씨스페이스영천한방로점,경상북도,영천시,작산동,140-6,35.9416926,128.9513333
편의점,세븐일레븐영천IC점,경상북도,영천시,봉동,669-7,35.9332644,128.9449054
편의점,이마트24영천IC점,경상북도,영천시,봉동,271-4,35.9358802,128.9445377
편의점,씨유영천도남공단점,경상북도,영천시,봉동,650,35.9312464,128.9440251
편의점,GS25영천IC점,경상북도,영천시,봉동,668-5,35.9330968,128.9448651
편의점,씨유영천천문,경상북도,영천시,대전동,192-1,35.9852873,128.9235992
편의점,지에스25북영천IC점,경상북도,영천시,도림동,1325-3,36.0167943,128.928619
편의점,지에스25영천오미점,경상북도,영천시,오미동,874-2,35.9966767,128.9245537
편의점,씨유영남대영천,경상북도,영천시,오수동,120,35.958355,128.9130565
편의점,세븐일레븐영천도남공단점,경상북도,영천시,도남동,544,35.934916,128.9361152
편의점,별빛편의점,경상북도,영천시,언하동,801,36.0040132,128.9567287
편의점,솔롱고편의점,경상북도,영천시,금호읍,약남리 358-1,35.9022953,128.9263014
편의점,지에스25영천공단점,경상북도,영천시,채신동,752-2,35.9143276,128.948188
편의점,씨유영천경제자유구역,경상북도,영천시,채신동,752,35.914951,128.9482114
편의점,세븐영천윤성점,경상북도,영천시,금호읍,원제리 17-2,35.9423842,128.8993116
편의점,씨유금호,경상북도,영천시,금호읍,냉천리 692-2,35.9321311,128.8773378
편의점,세븐일레븐영천윤성점,경상북도,영천시,금호읍,원제리 17-2,35.9423842,128.8993116
편의점,세븐일레븐영천금호우방점,경상북도,영천시,금호읍,교대리 404-1,35.9327328,128.8704381
편의점,CU영천금호,경상북도,영천시,금호읍,교대리 107,35.9339531,128.8710171
편의점,이마트24R영천,경상북도,영천시,금호읍,교대리 180-6,35.9321187,128.8750741
편의점,씨유,경상북도,영천시,금호읍,덕성리 114-4,35.9308258,128.8697223
편의점,세븐일레븐영천청통,경상북도,영천시,청통면,신학리 640,35.9969872,128.8202475
편의점,지에스25영천청통점,경상북도,영천시,청통면,치일리 11-3,35.9912135,128.8233764
편의점,세븐일레븐영천청통,경상북도,영천시,청통면,신학리 640,35.9969872,128.8202475
편의점,세븐일레븐영천동길점,경상북도,영천시,신녕면,부산리 898,36.0636795,128.7302682
편의점,다와아이엔씨신녕점,경상북도,영천시,신녕면,화성리 871-3,36.0428021,128.7879933
편의점,씨유영천화산,경상북도,영천시,화산면,유성리 497,36.0182545,128.8550544
편의점,세븐일레븐영천천문로점채송화,경상북도,영천시,화북면,자천리 2212-1,36.1006813,128.9117616
편의점,씨유영천화남점,경상북도,영천시,화남면,선천리 939-5,36.0534608,128.893292
편의점,이마트24영천고경점,경상북도,영천시,고경면,해선리 323-5,36.0009753,129.0472388
편의점,세븐일레븐영천석계대로점,경상북도,영천시,고경면,석계리 308-9,35.9964143,129.0855744
편의점,씨유영천고경,경상북도,영천시,고경면,덕암리 53,35.992055,129.0902234
편의점,씨스페이스영천3사점,경상북도,영천시,고경면,도암리 924-2,35.9899498,128.9972081
편의점,데이앤데이석계점,경상북도,영천시,고경면,석계리 264-8,35.9982432,129.0837648
편의점,세븐일레븐영천단포대로점,경상북도,영천시,고경면,단포리 220-1,35.9797904,128.9736736
편의점,세븐일레븐영천송포점,경상북도,영천시,북안면,송포리 780,35.9367968,128.9833639
편의점,세븐일레븐영천북안,경상북도,영천시,북안면,임포리 328-1,35.9187154,129.0088953
편의점,다와아이엔씨대창점,경상북도,영천시,대창면,대창리 743-1,35.8762789,128.8956092
편의점,씨유상주,경상북도,상주시,성동동,117-5,36.4159733,128.1695156
편의점,GS25상주,경상북도,상주시,성동동,157-10,36.415727,128.1674144
편의점,세븐일레븐상주삼백로점,경상북도,상주시,복룡동,283,36.4189075,128.1724157
편의점,이마트24상주복룡점,경상북도,상주시,복룡동,246,36.4192523,128.1717606
편의점,지에스25상주냉림점,경상북도,상주시,냉림동,93-94,36.4231633,128.1656151
편의점,씨유상주성모,경상북도,상주시,냉림동,350-5,36.4202871,128.1597689
편의점,씨유상주냉림현대점,경상북도,상주시,냉림동,360,36.4234065,128.1583706
편의점,씨유냉림주공점,경상북도,상주시,냉림동,93-78,36.4227283,128.1646199
편의점,씨유상주서성점,경상북도,상주시,서성동,59-5,36.4178176,128.1594185
편의점,세븐일레븐상주,경상북도,상주시,서성동,136-1,36.4169123,128.1590909
편의점,이마트24상주신봉점,경상북도,상주시,남성동,198-10,36.40774,128.1597729
편의점,GS25남성,경상북도,상주시,남성동,158-2,36.4115318,128.1620523
편의점,이마트24남성,경상북도,상주시,남성동,128,36.4127426,128.157229
편의점,세븐일레븐상주남성점,경상북도,상주시,남성동,84-2,36.414168,128.1591424
편의점,세븐상주남성점,경상북도,상주시,남성동,84-2,36.414168,128.1591424
편의점,씨유상주적십자병원앞점,경상북도,상주시,남성동,36-17,36.415232,128.155871
편의점,세븐일레븐상주남성점,경상북도,상주시,남성동,84-2,36.414168,128.1591424
편의점,씨유상주,경상북도,상주시,남성동,120-6,36.412742,128.1588161
편의점,씨유뉴상주동수로점,경상북도,상주시,서문동,59-2,36.4196405,128.1559195
편의점,세븐일레븐상주카페점,경상북도,상주시,서문동,146-20,36.4159819,128.1535219
편의점,GS25무양원룸점,경상북도,상주시,무양동,133,36.4211711,128.1532567
편의점,씨유상주예식장앞점,경상북도,상주시,무양동,231-1,36.4209109,128.1588899
편의점,편의점,경상북도,상주시,무양동,281-4,36.418089,128.1533102
편의점,씨유상주,경상북도,상주시,무양동,273-4,36.4197244,128.1513481
편의점,지에스25무양센타점,경상북도,상주시,무양동,286-4,36.4177155,128.1514622
편의점,세븐일레븐상주점,경상북도,상주시,무양동,276-2,36.41867,128.1533904
편의점,지에스25상주리더스점,경상북도,상주시,무양동,180-8,36.4232224,128.1565018
편의점,이마트24상주동보점,경상북도,상주시,무양동,175,36.4220636,128.1560821
편의점,세븐일레븐무양,경상북도,상주시,무양동,1-164,36.4211086,128.1505546
편의점,이마트24상주무양점,경상북도,상주시,무양동,281-4,36.418089,128.1533102
편의점,씨유무양점,경상북도,상주시,무양동,281,36.4181855,128.1521745
편의점,지에스25뉴무양원룸점,경상북도,상주시,무양동,1-442,36.4211669,128.1516215
편의점,이마트24R상주삼백로점,경상북도,상주시,무양동,55-22,36.4186529,128.1551468
편의점,이마트24상주경상대로점,경상북도,상주시,무양동,285-8,36.4168832,128.1514294
편의점,GS25상주리더스점,경상북도,상주시,무양동,180-8,36.4232224,128.1565018
편의점,GS25낙양센타점,경상북도,상주시,낙양동,118,36.412518,128.1541216
편의점,이마트24상주낙양,경상북도,상주시,낙양동,146-127,36.4099882,128.1510279
편의점,씨유상주낙양주공점,경상북도,상주시,낙양동,123-92,36.4114072,128.1540902
편의점,지에스25상주,경상북도,상주시,낙양동,146-130,36.4094318,128.1508905
편의점,씨유상주개운점,경상북도,상주시,신봉동,534-4,36.3982452,128.1498173
편의점,씨유상주신봉점,경상북도,상주시,신봉동,179-22,36.4055157,128.1605104
편의점,GSV편의점,경상북도,상주시,신봉동,513-6,36.3993802,128.1504136
편의점,지에스25상주,경상북도,상주시,가장동,305-3,36.3831222,128.1514161
편의점,이마트24상주대로점,경상북도,상주시,가장동,7-5,36.3911784,128.1518842
편의점,GS25편의점상주경북대점,경상북도,상주시,가장동,691,36.3772154,128.1481807
편의점,이마트24상주경북대점,경상북도,상주시,가장동,689,36.3775049,128.1483824
편의점,씨유상주경북대점,경상북도,상주시,가장동,685,36.378078,128.1489617
편의점,선산산업상주휴게소,경상북도,상주시,거동동,산107-14,36.3733722,128.1814893
편의점,씨유상주IC점,경상북도,상주시,외답동,727-1,36.4181608,128.1947554
편의점,지에스25뉴상주IC점,경상북도,상주시,외답동,779-4,36.4180274,128.197043
편의점,이삭푸드서비스낙생관씨유,경상북도,상주시,도남동,산39-21,36.4443506,128.2550163
편의점,지에스25상주,경상북도,상주시,계산동,518-1,36.4289468,128.1586789
편의점,더까까주까상주점,경상북도,상주시,계산동,290-1,36.4258782,128.1681931
편의점,세븐일레븐상주만산점,경상북도,상주시,만산동,486-2,36.4334761,128.1534349
편의점,지에스25상주대로점,경상북도,상주시,만산동,693-12,36.4280936,128.1522054
편의점,지에스25상주함창점,경상북도,상주시,함창읍,구향리 166-10,36.5685708,128.17616
편의점,세븐일레븐상주뉴함창점/정육점,경상북도,상주시,함창읍,구향리 100-1,36.5712209,128.1821054
편의점,구멍가게정육점,경상북도,상주시,함창읍,구향리 100-1,36.5712209,128.1821054
편의점,세븐일레븐상주뉴함창점,경상북도,상주시,함창읍,구향리 100-1,36.5712209,128.1821054
편의점,이마트24Self사벌주유소점,경상북도,상주시,사벌국면,덕담리 1059-1,36.4635108,128.204372
편의점,지에스25상주낙동점,경상북도,상주시,낙동면,낙동리 712-3,36.3628974,128.2983775
편의점,씨유상주낙동점,경상북도,상주시,낙동면,낙동리 721,36.3631227,128.2977165
편의점,씨유상주공성점,경상북도,상주시,공성면,옥산리 166-6,36.2838162,128.093089
편의점,GS25상주공성점,경상북도,상주시,공성면,옥산리 169-10,36.2845282,128.0935415
편의점,씨유상주,경상북도,상주시,모동면,용호리 34-3,36.3180124,127.9613646
편의점,GS25상주모서점,경상북도,상주시,모서면,삼포리 233-1,36.3417092,127.960261
편의점,지에스25상주화동점,경상북도,상주시,화동면,이소리 369-5,36.3885816,127.9538158
편의점,CU상주화서점,경상북도,상주시,화서면,신봉리 155-9,36.444312,127.9489622
편의점,씨유화서IC점,경상북도,상주시,화서면,신봉리 108-7,36.4463594,127.9595764
편의점,GS25화령,경상북도,상주시,화서면,신봉리 380-2,36.4436938,127.9486699
편의점,씨유상주화북점,경상북도,상주시,화북면,용유리 364,36.5620602,127.9190433
편의점,원트상주점,경상북도,상주시,화북면,운흥리 275-2,36.599305,127.820931
편의점,이마트24self북상주IC주유충전소점,경상북도,상주시,공검면,화동리 368-2,36.5112378,128.1648274
편의점,이마트24문경보건소점,경상북도,문경시,점촌동,235-5,36.5960844,128.1981528
편의점,세븐일레븐문경점촌대로점,경상북도,문경시,점촌동,82-6,36.5908261,128.2018036
편의점,CU점촌역점,경상북도,문경시,점촌동,166-1,36.5958946,128.2024659
편의점,씨유문경점,경상북도,문경시,점촌동,202-15,36.5951028,128.1972014
편의점,GS25문경,경상북도,문경시,점촌동,197-13,36.5959796,128.2008196
편의점,세븐일레븐문경점촌이레점,경상북도,문경시,점촌동,288-6,36.5922708,128.199919
편의점,세븐일레븐문경점촌에스더점,경상북도,문경시,점촌동,433-12,36.5980377,128.1939119
편의점,세븐일레븐문경점촌애플점,경상북도,문경시,점촌동,132-7,36.5979709,128.2038688
편의점,씨유문경점촌점,경상북도,문경시,점촌동,274-2,36.594033,128.1986296
편의점,씨유문경,경상북도,문경시,흥덕동,198-1,36.5998565,128.202569
편의점,세븐일레븐문경중학교점,경상북도,문경시,흥덕동,709-7,36.6055022,128.2052393
편의점,지에스25문경,경상북도,문경시,흥덕동,321-1,36.6023223,128.2026316
편의점,비어엔크림,경상북도,문경시,흥덕동,317-1,36.6028103,128.203109
편의점,우호문경흥덕보건당점,경상북도,문경시,흥덕동,682-5,36.6074737,128.2066022
편의점,씨유문경흥덕보건당점,경상북도,문경시,흥덕동,682-5,36.6074737,128.2066022
편의점,GS25문경,경상북도,문경시,흥덕동,340-11,36.6043377,128.2021459
편의점,편의점,경상북도,문경시,흥덕동,321-1,36.6023223,128.2026316
편의점,지에스문경신기점,경상북도,문경시,신기동,1130,36.6425101,128.1785901
편의점,세븐일레븐문경휴게소하행점,경상북도,문경시,유곡동,460-10,36.6203536,128.1502166
편의점,지에스25문경영풍점,경상북도,문경시,모전동,873-7,36.5863639,128.1829392
편의점,세븐일레븐문경제일,경상북도,문경시,모전동,1243,36.5849576,128.1885045
편의점,지에스25문경,경상북도,문경시,모전동,99-5,36.5901406,128.1947204
편의점,씨유문경,경상북도,문경시,모전동,883-9,36.5852742,128.1848709
편의점,지에스25문경제일,경상북도,문경시,모전동,1251,36.5852948,128.1901332
편의점,씨유문경매봉점,경상북도,문경시,모전동,718-2,36.5879983,128.1819421
편의점,씨유점촌,경상북도,문경시,모전동,114-4,36.5868401,128.1923399
편의점,이마트24R점촌,경상북도,문경시,모전동,861-2,36.5859154,128.1915814
편의점,이마트24문경로또명당점,경상북도,문경시,모전동,885-15,36.5847444,128.1823952
편의점,GS25문경,경상북도,문경시,모전동,883-5,36.585474,128.1857595
편의점,만물상,경상북도,문경시,모전동,558-24,36.596551,128.1926004
편의점,씨유문경모전여중점,경상북도,문경시,모전동,960-8,36.5944408,128.1900756
편의점,지에스25문경여중점,경상북도,문경시,모전동,964-4,36.5934159,128.1898472
편의점,세븐일레븐문경모전대로점,경상북도,문경시,모전동,924-1,36.5859078,128.1815986
편의점,이마트24R점촌,경상북도,문경시,모전동,861-2,36.5859154,128.1915814
편의점,이마트24문경로또명당점,경상북도,문경시,모전동,885-15,36.5847444,128.1823952
편의점,씨유문경모전보건당점,경상북도,문경시,모전동,1282,36.5850673,128.1909706
편의점,세븐일레븐문경모전,경상북도,문경시,모전동,869,36.5873235,128.1833928
편의점,씨유문경당교점,경상북도,문경시,모전동,1165,36.584523,128.1865485
편의점,세븐일레븐문경모전,경상북도,문경시,모전동,277-5,36.588717,128.1898473
편의점,응응스크르문경,경상북도,문경시,모전동,941-1,36.5834754,128.1822975
편의점,씨유문경새재리조트점,경상북도,문경시,문경읍,고요리 1063,36.7380401,128.1602663
편의점,GS25문경문희로점상품권,경상북도,문경시,문경읍,하리 197-3,36.7328261,128.1080494
편의점,킹스토어,경상북도,문경시,문경읍,하리 387-7,36.7302126,128.1099554
편의점,지에스25문경새재점(상품권),경상북도,문경시,문경읍,상초리 288-52,36.7605637,128.0771366
편의점,세븐일레븐문경온천월드점,경상북도,문경시,문경읍,하리 398-2,36.7285973,128.1089975
편의점,GS25문경문희로점,경상북도,문경시,문경읍,하리 197-3,36.7328261,128.1080494
편의점,지에스25문경,경상북도,문경시,문경읍,하리 366-2,36.7313282,128.1108007
편의점,지에스GS25문경문희로점,경상북도,문경시,문경읍,하리 197-3,36.7328261,128.1080494
편의점,씨유문경새재점,경상북도,문경시,문경읍,상초리 288-38,36.7600319,128.0773197
편의점,세븐일레븐문경온천힐링점,경상북도,문경시,문경읍,하리 367,36.7311325,128.109017
편의점,지에스25문경새재점,경상북도,문경시,문경읍,상초리 288-52,36.7605637,128.0771366
편의점,GS25문경,경상북도,문경시,문경읍,하리 366-2,36.7313282,128.1108007
편의점,로그인문경새재점,경상북도,문경시,문경읍,상초리 288-52,36.7605637,128.0771366
편의점,지에스25문경가은,경상북도,문경시,가은읍,왕능리 397-65,36.648257,128.0611824
편의점,세븐일레븐문경가은점,경상북도,문경시,가은읍,왕능리 346-17,36.6434575,128.0639155
편의점,지에스25문경가은,경상북도,문경시,가은읍,왕능리 397-65,36.648257,128.0611824
편의점,씨유문경가은점,경상북도,문경시,가은읍,왕능리 397-28,36.6486023,128.0606231
편의점,이마트24문경,경상북도,문경시,호계면,견탄리 585,36.6468712,128.1495079
편의점,씨유문경동로점,경상북도,문경시,동로면,노은리 188-20,36.7708098,128.316277
편의점,지에스25문경마성점,경상북도,문경시,마성면,외어리 853-3,36.6937754,128.1252726
편의점,GS25문경마성점,경상북도,문경시,마성면,외어리 853-3,36.6937754,128.1252726
편의점,지에스25문경대로점,경상북도,문경시,마성면,오천리 434-4,36.6897643,128.1253433
편의점,세븐일레븐문경마성점,경상북도,문경시,마성면,오천리 823-1,36.6923818,128.1216014
편의점,씨유마성대로점,경상북도,문경시,마성면,오천리 833-5,36.6922831,128.1206914
편의점,지에스25문경마성점(상품권),경상북도,문경시,마성면,외어리 853-3,36.6937754,128.1252726
편의점,에스티엑스리조트,경상북도,문경시,농암면,내서리 257-1,36.5681821,127.962523
편의점,씨유문경농암점,경상북도,문경시,농암면,종곡리 27,36.5955535,128.0043561
편의점,CU경산경안로점,경상북도,경산시,삼북동,274-14,35.8202653,128.7381994
편의점,지에스25경산서상점,경상북도,경산시,서상동,135-5,35.8183623,128.7347018
편의점,씨유경산새벽,경상북도,경산시,상방동,157,35.81305,128.7419303
편의점,GS25경산상방점,경상북도,경산시,상방동,241-2,35.8100707,128.7401479
편의점,세븐일레븐경산삼성,경상북도,경산시,백천동,4-2,35.8088642,128.7402635
편의점,지에스25경산백천공원점,경상북도,경산시,백천동,576-12,35.8033664,128.7367657
편의점,CU경산백천원룸점,경상북도,경산시,백천동,583-1,35.8024303,128.7366291
편의점,지에스25백천삼도점,경상북도,경산시,백천동,619,35.8024867,128.7440041
편의점,지에스25백천삼도점,경상북도,경산시,백천동,619,35.8024867,128.7440041
편의점,지에스25경산백천점,경상북도,경산시,백천동,574-3,35.8040487,128.7388551
편의점,지에스25백천유스파점,경상북도,경산시,백천동,115-65,35.8060166,128.7422643
편의점,세븐경산백천점,경상북도,경산시,백천동,572-1,35.8040844,128.7370748
편의점,씨유경산윤성타운점,경상북도,경산시,백천동,104-5,35.8046879,128.7414665
편의점,세븐일레븐경산경청점,경상북도,경산시,백천동,578-12,35.8031296,128.7375738
편의점,지에스25백천빌리지,경상북도,경산시,백천동,586-14,35.80118,128.7370315
편의점,씨유백천,경상북도,경산시,백천동,595-3,35.800786,128.7385864
편의점,세븐일레븐경산백천점,경상북도,경산시,백천동,572-1,35.8040844,128.7370748
편의점,세븐일레븐경산백천점,경상북도,경산시,백천동,572-1,35.8040844,128.7370748
편의점,씨유경산백천동화점,경상북도,경산시,백천동,572-2,35.8043165,128.7380565
편의점,지에스25백천원룸점,경상북도,경산시,백천동,592-10,35.8020318,128.7406045
편의점,GS25백천삼도점상품권,경상북도,경산시,백천동,619,35.8024867,128.7440041
편의점,지에스25경산옥곡대로점,경상북도,경산시,옥곡동,816-1,35.8159984,128.731295
편의점,지에스경산옥곡우방점,경상북도,경산시,옥곡동,3-2,35.8184198,128.7321964
편의점,씨유경산옥곡점,경상북도,경산시,옥곡동,826-4,35.8128221,128.7320546
편의점,씨유옥곡해피점,경상북도,경산시,옥곡동,813-9,35.8149697,128.7305585
편의점,세븐일레븐경산파밀리에점,경상북도,경산시,옥곡동,89-4,35.8145154,128.7288794
편의점,지에스25경산파밀리에점,경상북도,경산시,옥곡동,86-9,35.8150415,128.7277269
편의점,미니스톱경산옥곡대로점,경상북도,경산시,옥곡동,828,35.8138268,128.7331799
편의점,코레일유통경산역맞이방편의점,경상북도,경산시,사정동,84-1,35.8198418,128.7278005
편의점,씨유경산역점,경상북도,경산시,사정동,83,35.8193907,128.7283481
편의점,세븐일레븐경산해오름점,경상북도,경산시,옥산동,884-4,35.8197839,128.7204369
편의점,세븐일레븐경산옥산한남점,경상북도,경산시,옥산동,851-1,35.8245305,128.7210922
편의점,지에스25옥산우방점,경상북도,경산시,옥산동,351-1,35.8225221,128.7203311
편의점,씨유옥산,경상북도,경산시,옥산동,826-5,35.8252028,128.7224532
편의점,지에스25옥산성암로점,경상북도,경산시,옥산동,837-6,35.8239517,128.7183528
편의점,GS25옥산,경상북도,경산시,옥산동,820,35.8255441,128.7209511
편의점,지에스25옥산타운점,경상북도,경산시,옥산동,749-11,35.8249305,128.7284355
편의점,세븐일레븐경산옥산대로점,경상북도,경산시,옥산동,860,35.8249701,128.7240099
편의점,GS25경산,경상북도,경산시,옥산동,731-1,35.8276374,128.7265215
편의점,지에스25옥산센타점,경상북도,경산시,옥산동,732-1,35.8270678,128.7261892
편의점,지에스25경산,경상북도,경산시,옥산동,804-4,35.8229207,128.7275536
편의점,세븐일레븐경산옥산,경상북도,경산시,옥산동,759-2,35.8255263,128.7264331
편의점,씨유옥산,경상북도,경산시,옥산동,742-7,35.8260678,128.7274031
편의점,지에스25경산옥산타운,경상북도,경산시,옥산동,883-4,35.8197394,128.7237196
편의점,지에스25옥산공원점,경상북도,경산시,옥산동,868-1,35.8228482,128.7235757
편의점,이마트24R경산,경상북도,경산시,옥산동,727-2,35.8286943,128.7254774
편의점,세븐일레븐경산옥산,경상북도,경산시,옥산동,880,35.8201391,128.7250205
편의점,지에스25옥산,경상북도,경산시,옥산동,852-9,35.8237797,128.7217902
편의점,씨유경산옥산,경상북도,경산시,옥산동,817-7,35.824908,128.7188893
편의점,세븐일레븐경산옥산파워점,경상북도,경산시,옥산동,847-6,35.8220945,128.7189738
편의점,지에스25중산,경상북도,경산시,중산동,663,35.8258196,128.7177805
편의점,코리아세븐경산,경상북도,경산시,중산동,641,35.8265499,128.7160483
편의점,지에스25중산,경상북도,경산시,중산동,663,35.8258196,128.7177805
편의점,동네점빵,경상북도,경산시,중산동,637,35.827981,128.7192904
편의점,GS25중산상품권,경상북도,경산시,중산동,663,35.8258196,128.7177805
편의점,세븐일레븐경산정평공원점,경상북도,경산시,정평동,246-92,35.8300148,128.7314356
편의점,세븐일레븐정평하늘카페점,경상북도,경산시,정평동,64,35.8391264,128.7259304
편의점,씨유경산정평현대점,경상북도,경산시,정평동,246-25,35.8300199,128.7304814
편의점,지에스25정평한서점,경상북도,경산시,정평동,255-52,35.835533,128.7299366
편의점,세븐일레븐경산정평점,경상북도,경산시,정평동,222-62,35.8312895,128.7307714
편의점,씨유경산정평,경상북도,경산시,정평동,158-1,35.8386838,128.7274087
편의점,씨유경산정평점,경상북도,경산시,정평동,214-2,35.8320758,128.7277374
편의점,GS25경산정평점,경상북도,경산시,정평동,246-29,35.8302399,128.729864
편의점,씨유경산현대타운점,경상북도,경산시,정평동,130-10,35.8349808,128.7293933
편의점,GS25정평현대점,경상북도,경산시,정평동,147-1,35.834871,128.7273541
편의점,지에스25정평센타점,경상북도,경산시,정평동,184-5,35.8361738,128.7255716
편의점,지에스25정평우방점,경상북도,경산시,정평동,140-3,35.8327221,128.7293957
편의점,이마트24정평리버뷰엘점,경상북도,경산시,대평동,437-2,35.8352225,128.7328017
편의점,씨유경산대평점,경상북도,경산시,대평동,438-6,35.8357311,128.7333622
편의점,세븐경산대평점,경상북도,경산시,대평동,429-13,35.8362721,128.7320031
편의점,지에스25경산대평,경상북도,경산시,대평동,438-3,35.8351737,128.7333127
편의점,GS25경산대평점,경상북도,경산시,대평동,427-1,35.8400809,128.7317463
편의점,세븐일레븐경산대평점,경상북도,경산시,대평동,429-13,35.8362721,128.7320031
편의점,씨유경산대평타운점,경상북도,경산시,대평동,424-1,35.8413748,128.7325672
편의점,지에스25경산대평점,경상북도,경산시,대평동,427-1,35.8400809,128.7317463
편의점,씨유경산뉴임당점,경상북도,경산시,임당동,570-4,35.8428324,128.7499053
편의점,씨유경산임당,경상북도,경산시,임당동,643-12,35.8409858,128.752229
편의점,GS25임당공원점,경상북도,경산시,임당동,647-1,35.8422163,128.75115
편의점,이마트24임당,경상북도,경산시,임당동,563-6,35.8437319,128.7499199
편의점,지에스25영대둥지점,경상북도,경산시,임당동,574-16,35.8432223,128.748468
편의점,세븐일레븐경산영남대역점,경상북도,경산시,대동,201-1,35.835862,128.7522267
편의점,이마트24R경산,경상북도,경산시,대동,29-8,35.8385431,128.7527595
편의점,지에스25영남대국제교류관점,경상북도,경산시,대동,214-1,35.8331266,128.7539828
편의점,이마트24,경상북도,경산시,대동,170-16,35.836939,128.7534794
편의점,세븐영남대상경관점,경상북도,경산시,대동,214-1,35.8331266,128.7539828
편의점,세븐영남대자연대점,경상북도,경산시,대동,214-1,35.8331266,128.7539828
편의점,세븐일레븐영남대자,경상북도,경산시,대동,214-1,35.8331266,128.7539828
편의점,세븐일레븐영남대생활관점,경상북도,경산시,대동,214-1,35.8331266,128.7539828
편의점,지에스25영남대상경관점,경상북도,경산시,대동,214-1,35.8331266,128.7539828
편의점,지에스25경산,경상북도,경산시,대동,61,35.8381356,128.7503683
편의점,지에스25영대천마점,경상북도,경산시,대동,154-6,35.8374296,128.7526533
편의점,세븐일레븐영대온누리점,경상북도,경산시,대동,148-2,35.838166,128.7520437
편의점,이마트24,경상북도,경산시,대동,170-7,35.8367952,128.7532867
편의점,GS25영남대학생회관점,경상북도,경산시,대동,214-1,35.8331266,128.7539828
편의점,지에스25영대청운로점,경상북도,경산시,대동,167-1,35.8368799,128.7527751
편의점,지에스25영남대자연계점,경상북도,경산시,대동,214-1,35.8331266,128.7539828
편의점,이마트24경산계양타운점,경상북도,경산시,계양동,660-13,35.8219364,128.7505171
편의점,씨유경산계양점,경상북도,경산시,계양동,670-16,35.8208064,128.7512165
편의점,씨유영남대서문점,경상북도,경산시,계양동,113-5,35.8315687,128.7489761
편의점,지에스25영남대생활관점,경상북도,경산시,계양동,112,35.8278627,128.7481192
편의점,씨유경산계양주공점,경상북도,경산시,계양동,687,35.8184174,128.7500266
편의점,지에스25경산동신점,경상북도,경산시,계양동,669-4,35.817903,128.7522262
편의점,지에스25임당호반점,경상북도,경산시,계양동,713,35.8328202,128.7416577
편의점,지에스25계양베스트점,경상북도,경산시,계양동,678-5,35.8207096,128.7487097
편의점,이마트24경산,경상북도,경산시,계양동,810,35.8318637,128.7432766
편의점,지에스25임당블루핀점,경상북도,경산시,계양동,723,35.8336781,128.7435744
편의점,씨스페이스경산임당점,경상북도,경산시,계양동,717,35.8337204,128.7419245
편의점,세븐영남대생활관점,경상북도,경산시,계양동,112,35.8278627,128.7481192
편의점,GS25영대장원점,경상북도,경산시,계양동,134,35.8310415,128.7478933
편의점,GS25경산동신점상품권,경상북도,경산시,계양동,669-4,35.817903,128.7522262
편의점,GS25경산동신점,경상북도,경산시,계양동,669-4,35.817903,128.7522262
편의점,미니스톱경산,경상북도,경산시,중방동,879-18,35.8228784,128.7382654
편의점,세븐일레븐경산중방,경상북도,경산시,중방동,831-3,35.8296001,128.7377774
편의점,세븐일레븐경산중방,경상북도,경산시,중방동,352-4,35.8195477,128.7334331
편의점,건원태양광발전소,경상북도,경산시,중방동,99-1,35.8331753,128.7402715
편의점,지에스25경산,경상북도,경산시,중방동,852-41,35.8243,128.7356044
편의점,이마트24경산중방점,경상북도,경산시,중방동,852-48,35.8254772,128.7354046
편의점,지에스25임당엘리트점,경상북도,경산시,중방동,888,35.8332036,128.7373445
편의점,세븐일레븐경산중방,경상북도,경산시,중방동,872-6,35.8216883,128.7344246
편의점,지에스25중방보금자리점,경상북도,경산시,중방동,842-26,35.8282372,128.7377881
편의점,씨제이올리브영홈플러스,경상북도,경산시,중방동,896,35.8328437,128.7356743
편의점,지에스25경산,경상북도,경산시,중방동,864-34,35.824707,128.7382695
편의점,세븐경산세명점,경상북도,경산시,중방동,848-5,35.8259686,128.7370101
편의점,지에스25경산중방점,경상북도,경산시,중방동,450-2,35.8268106,128.7350533
편의점,이마트24경산중방,경상북도,경산시,중방동,818-57,35.830639,128.7319241
편의점,씨유경산중방대로점,경상북도,경산시,중방동,826-8,35.8303014,128.7373864
편의점,씨유경산,경상북도,경산시,중방동,440-10,35.8279354,128.7345046
편의점,씨유경산메디,경상북도,경산시,중방동,364-8,35.8223693,128.7344051
편의점,세븐일레븐경산시청,경상북도,경산시,중방동,865-31,35.8247253,128.7389745
편의점,씨제이올리브영경산,경상북도,경산시,중방동,538-14,35.8228729,128.7354741
편의점,지에스25경산세명점,경상북도,경산시,중방동,845-5,35.8261056,128.7380509
편의점,세븐일레븐경산서희스타힐스점,경상북도,경산시,중방동,431-1,35.8265836,128.7337615
편의점,미니스톱경산조영점,경상북도,경산시,조영동,571-12,35.8422905,128.7547549
편의점,세븐일레븐영대원룸점,경상북도,경산시,조영동,573-30,35.8402186,128.7531076
편의점,지에스25뉴영대타운점,경상북도,경산시,조영동,370-2,35.8383127,128.7589476
편의점,씨유영대,경상북도,경산시,조영동,324,35.838377,128.756427
편의점,세븐일레븐경산조영점,경상북도,경산시,조영동,250-1,35.8397373,128.7556843
편의점,씨유영남대둥지로점,경상북도,경산시,조영동,572-2,35.84164,128.7551411
편의점,블루25시,경상북도,경산시,조영동,243-13,35.8388698,128.7592865
편의점,씨유영대보연점,경상북도,경산시,조영동,583-10,35.837981,128.7538748
편의점,지에스25영대센타점,경상북도,경산시,조영동,579-8,35.8390669,128.7534603
편의점,지에스25영대조영점,경상북도,경산시,조영동,233-16,35.8408647,128.7558511
편의점,GS25경산,경상북도,경산시,조영동,249-6,35.8391865,128.7563493
편의점,GS25영대센타점,경상북도,경산시,조영동,579-8,35.8390669,128.7534603
편의점,세븐일레븐경산영대제일원룸,경상북도,경산시,조영동,373,35.8385607,128.7597639
편의점,지에스25영대빌리지,경상북도,경산시,조영동,577-24,35.8394684,128.7521483
편의점,GS25영대원룸,경상북도,경산시,조영동,561-5,35.8419589,128.7530683
편의점,지에스25한의대,경상북도,경산시,여천동,240-3,35.7868605,128.7885806
편의점,세븐일레븐대구한의대기숙사점,경상북도,경산시,유곡동,289-1,35.7946398,128.7756208
편의점,세븐대구한의대기숙사점,경상북도,경산시,유곡동,290-1,35.7967333,128.7757445
편의점,지에스25한의대,경상북도,경산시,유곡동,290,35.7963216,128.7785573
편의점,씨유대구한의대점,경상북도,경산시,유곡동,298-14,35.7986179,128.7752625
편의점,다와아이엔씨대구한의대학교점,경상북도,경산시,유곡동,290,35.7963216,128.7785573
편의점,씨스페이스경산미래로점,경상북도,경산시,평산동,271-4,35.8149862,128.7658446
편의점,이마트24사동,경상북도,경산시,사동,585-8,35.8164395,128.7559154
편의점,씨유경산삼성현점,경상북도,경산시,사동,666-1,35.8121457,128.7596355
편의점,이마트24사동타운점,경상북도,경산시,사동,560-4,35.8188484,128.7569789
편의점,세븐일레븐대구미래대점,경상북도,경산시,사동,644-9,35.815362,128.7636379
편의점,지에스25사동,경상북도,경산시,사동,180,35.8087236,128.7591907
편의점,지에스25경산창신백조점,경상북도,경산시,사동,598-12,35.8155431,128.7542078
편의점,지에스25경산공원점,경상북도,경산시,사동,30,35.8120116,128.7545742
편의점,승리,경상북도,경산시,사동,589,35.8173729,128.7524729
편의점,씨유경산진명초원점,경상북도,경산시,사동,600-3,35.8151159,128.7520021
편의점,씨유경산사동,경상북도,경산시,사동,310,35.8078649,128.7468313
편의점,CU사동,경상북도,경산시,사동,591,35.816382,128.7546599
편의점,지에스25경산박물관점,경상북도,경산시,사동,651-1,35.8156447,128.7613158
편의점,GS25사동,경상북도,경산시,사동,670-1,35.8113197,128.7615552
편의점,세븐일레븐경산사동원룸점,경상북도,경산시,사동,160,35.8103463,128.7589491
편의점,씨유경산사동,경상북도,경산시,사동,637-1,35.8164491,128.760311
편의점,세븐일레븐경산사동,경상북도,경산시,사동,599-8,35.8157286,128.7551224
편의점,아모르씨유사동센타점,경상북도,경산시,사동,49,35.8135327,128.7579652
편의점,씨유경산삼풍점,경상북도,경산시,삼풍동,508-1,35.8224231,128.7554867
편의점,지에스25경산,경상북도,경산시,삼풍동,509-4,35.821294,128.7547424
편의점,지에스25뉴경산삼풍점,경상북도,경산시,삼풍동,507-2,35.8227322,128.7557857
편의점,세븐일레븐사랑혜영점,경상북도,경산시,삼풍동,512-4,35.8217788,128.756369
편의점,씨스페이스경산갑제점,경상북도,경산시,갑제동,86,35.8328763,128.771623
편의점,세븐일레븐경산조폐본부점신우웰,경상북도,경산시,갑제동,124,35.8306392,128.7674708
편의점,GS25하양원룸점,경상북도,경산시,하양읍,금락리 116-206,35.911323,128.8172794
편의점,세븐일레븐경산하양,경상북도,경산시,하양읍,금락리 116-9,35.9084891,128.8131935
편의점,세븐경일대점,경상북도,경산시,하양읍,부호리 33,35.907961,128.8012756
편의점,씨유호산대학교점,경상북도,경산시,하양읍,부호리 224-1,35.9014333,128.8000262
편의점,세븐일레븐경일대점,경상북도,경산시,하양읍,부호리 327,35.9074336,128.7993746
편의점,세븐일레븐경산하양베스트점,경상북도,경산시,하양읍,금락리 116-20,35.9106795,128.8158715
편의점,GS25경일대,경상북도,경산시,하양읍,부호리 251,35.9038535,128.8007696
편의점,세븐일레븐경산하양역점,경상북도,경산시,하양읍,금락리 157,35.9089968,128.8163411
편의점,GS25하양,경상북도,경산시,하양읍,금락리 135-187,35.9126282,128.8205881
편의점,이삭푸드서비스GS25대가대기숙사점,경상북도,경산시,하양읍,금락리 산35,35.9089675,128.8074211
편의점,다와아이엔씨하양,경상북도,경산시,하양읍,서사리 292,35.9186614,128.8112088
편의점,씨유대가대점,경상북도,경산시,하양읍,금락리 131-30,35.9097625,128.8140845
편의점,세븐일레븐THE사랑혜영점,경상북도,경산시,하양읍,금락리 16-3,35.9136372,128.8197073
편의점,씨유반딧불,경상북도,경산시,하양읍,대학리 1117,35.9338618,128.8242493
편의점,세븐일레븐경일대공대점,경상북도,경산시,하양읍,부호리 33,35.907961,128.8012756
편의점,씨유대가대,경상북도,경산시,하양읍,금락리 237,35.9081261,128.8119049
편의점,GS25하양,경상북도,경산시,하양읍,동서리 751-1,35.9150687,128.8252294
편의점,이마트24경일대,경상북도,경산시,하양읍,부호리 255-2,35.9039164,128.8004467
편의점,풍경을그리다하양무학점,경상북도,경산시,하양읍,서사리 344,35.9166025,128.8125923
편의점,GS25하양금락점,경상북도,경산시,하양읍,금락리 4-164,35.9139722,128.8214002
편의점,씨유대가대교양관점,경상북도,경산시,하양읍,금락리 산35,35.9089675,128.8074211
편의점,GS25하양청구점,경상북도,경산시,하양읍,동서리 1160-3,35.9174462,128.8238307
편의점,씨유하양금락점,경상북도,경산시,하양읍,금락리 407-6,35.9095973,128.8215857
편의점,세븐일레븐경일대구내점,경상북도,경산시,하양읍,부호리 33,35.907961,128.8012756
편의점,미니스톱경산,경상북도,경산시,하양읍,금락리 116-31,35.9112242,128.8164403
편의점,이마트24하양대로점,경상북도,경산시,하양읍,동서리 874-1,35.918263,128.8327916
편의점,코리아세븐경산,경상북도,경산시,하양읍,금락리 133-11,35.912537,128.8179425
편의점,다와아이엔씨다와어울림점,경상북도,경산시,하양읍,서사리 378,35.9174689,128.803504
편의점,세븐일레븐경산대가대점,경상북도,경산시,하양읍,금락리 130-26,35.9105776,128.813063
편의점,이마트24경산하양,경상북도,경산시,하양읍,금락리 50-5,35.9153128,128.8171903
편의점,씨유하양,경상북도,경산시,하양읍,금락리 131-71,35.9116142,128.8153775
편의점,쿨이십오마트,경상북도,경산시,하양읍,부호리 187-1,35.9014563,128.8019028
편의점,CU무학센타점,경상북도,경산시,하양읍,동서리 607-4,35.9181804,128.8189721
편의점,스위티움카톨릭효성캠퍼스점,경상북도,경산시,하양읍,금락리 산35,35.9089675,128.8074211
편의점,CU하양센타점,경상북도,경산시,하양읍,금락리 392-2,35.9120641,128.8254324
편의점,세븐일레븐경일대일청관점,경상북도,경산시,하양읍,부호리 33,35.907961,128.8012756
편의점,GS25호산대,경상북도,경산시,하양읍,부호리 227-2,35.9019164,128.8013597
편의점,이마트24R,경상북도,경산시,하양읍,금락리 116-268,35.9088037,128.8136348
편의점,세븐일레븐대가대학생회관점,경상북도,경산시,하양읍,금락리 330,35.9068781,128.8041674
편의점,이마트24하양타운점,경상북도,경산시,하양읍,금락리 129-8,35.9109817,128.8135487
편의점,세븐일레븐경산,경상북도,경산시,하양읍,금락리 133-11,35.912537,128.8179425
편의점,씨유하양메가박스점,경상북도,경산시,하양읍,금락리 607,35.9136647,128.823289
편의점,지에스25하양공단점,경상북도,경산시,하양읍,대학리 1156,35.9330799,128.8270671
편의점,GS25진량초원점,경상북도,경산시,진량읍,양기리 404-1,35.8918633,128.8362474
편의점,지에스25진량신상점,경상북도,경산시,진량읍,신상리 681-6,35.8762732,128.8214317
편의점,지에스25진량초원점,경상북도,경산시,진량읍,양기리 404-1,35.8918633,128.8362474
편의점,이마트24진량대로점,경상북도,경산시,진량읍,신상리 675-5,35.875992,128.8193237
편의점,씨스페이스경산진량점,경상북도,경산시,진량읍,신상리 1199-2,35.8703094,128.8281714
편의점,지에스25경산공단점,경상북도,경산시,진량읍,신제리 549,35.8638025,128.8345669
편의점,GS25진량신상대로점,경상북도,경산시,진량읍,신상리 1225-2,35.8751779,128.8174252
편의점,이마트24대구대도서관점,경상북도,경산시,진량읍,내리리 15,35.9026233,128.8429085
편의점,GS25대구대,경상북도,경산시,진량읍,내리리 100-1,35.8968034,128.8489778
편의점,씨유경산평사점,경상북도,경산시,진량읍,내리리 70-14,35.8939084,128.8527401
편의점,지에스25진량다문점,경상북도,경산시,진량읍,다문리 635-1,35.8751977,128.8513338
편의점,씨유진량대원점,경상북도,경산시,진량읍,대원리 423,35.8582996,128.8210209
편의점,세븐일레븐경산공단대로점,경상북도,경산시,진량읍,신상리 335-5,35.8756714,128.8246907
편의점,세븐진량삼주봉황점,경상북도,경산시,진량읍,북리 100,35.8833713,128.8258947
편의점,씨유진량우방힐타운점,경상북도,경산시,진량읍,신상리 868,35.8789099,128.8169626
편의점,이마트24진량신상점,경상북도,경산시,진량읍,신상리 786-5,35.8756261,128.8166301
편의점,씨유경산상림점,경상북도,경산시,진량읍,상림리 280,35.9024701,128.8335083
편의점,씨유진량봉황로점,경상북도,경산시,진량읍,봉회리 62-3,35.884758,128.8208544
편의점,씨유진량볼파크점,경상북도,경산시,진량읍,선화리 210-1,35.8663801,128.8049021
편의점,씨유경산,경상북도,경산시,진량읍,선화리 720-32,35.8736351,128.7989643
편의점,세븐진량공단사거리점,경상북도,경산시,진량읍,신상리 366-1,35.8736357,128.8227453
편의점,지에스25뉴대구대,경상북도,경산시,진량읍,내리리 275,35.9051743,128.8402023
편의점,사나푸드세븐일레븐대구대기숙사점,경상북도,경산시,진량읍,내리리 15,35.9026233,128.8429085
편의점,CU대구대점,경상북도,경산시,진량읍,평사리 30-10,35.8931504,128.8531473
편의점,세븐일레븐경산산업단지점,경상북도,경산시,진량읍,신제리 594,35.857852,128.8367284
편의점,위드미진량,경상북도,경산시,진량읍,양기리 404-1,35.8918633,128.8362474
편의점,녹색향기플라워이마트24진량플라워점,경상북도,경산시,진량읍,신상리 181-6,35.8741658,128.8174852
편의점,지에스25시대구대베스트점,경상북도,경산시,진량읍,내리리 72-73,35.8945102,128.8518263
편의점,이마트24대구대복지관점,경상북도,경산시,진량읍,내리리 1-5,35.9040222,128.8510998
편의점,지에스25진량원룸점,경상북도,경산시,진량읍,신상리 351-1,35.8749749,128.8227508
편의점,세븐경산진량공단점,경상북도,경산시,진량읍,신상리 332-15,35.8760583,128.8222486
편의점,씨유진량원룸점,경상북도,경산시,진량읍,신상리 365-9,35.8731891,128.8233417
편의점,지에스25진량우림점,경상북도,경산시,진량읍,북리 122-3,35.8847742,128.8246425
편의점,씨유대구대,경상북도,경산시,진량읍,내리리 94-4,35.8968481,128.8510845
편의점,씨유진량윤성점,경상북도,경산시,진량읍,선화리 1089,35.865184,128.7940933
편의점,씨유현대진량현대점,경상북도,경산시,진량읍,신상리 1083,35.8762251,128.8080825
편의점,씨유진량황제점,경상북도,경산시,진량읍,황제리 362,35.8592128,128.8179585
편의점,씨유진량,경상북도,경산시,진량읍,신상리 355-12,35.8743589,128.8246885
편의점,이마트24진량,경상북도,경산시,진량읍,선화리 405,35.8727095,128.8052072
편의점,세븐일레븐경산진량점,경상북도,경산시,진량읍,신상리 368-5,35.8717187,128.82333
편의점,씨유진량이안점,경상북도,경산시,진량읍,선화리 482-1,35.874476,128.8029088
편의점,씨유신상,경상북도,경산시,진량읍,신상리 346-3,35.8743964,128.8204453
편의점,지에스25뉴대구대점,경상북도,경산시,진량읍,내리리 72-17,35.892965,128.853707
편의점,씨유진량삼주,경상북도,경산시,진량읍,북리 103-3,35.8836479,128.8271743
편의점,GS25진량대원점,경상북도,경산시,진량읍,대원리 422,35.8584847,128.8210068
편의점,스위티움,경상북도,경산시,진량읍,내리리 15,35.9026233,128.8429085
편의점,지에스뉴진량공단점,경상북도,경산시,진량읍,신상리 206-6,35.872878,128.8186144
편의점,세븐일레븐대구대센타점,경상북도,경산시,진량읍,내리리 94-5,35.8967915,128.8513726
편의점,GS25대구대로점,경상북도,경산시,진량읍,상림리 130-20,35.900584,128.8378998
편의점,세븐경산진량원룸점,경상북도,경산시,진량읍,신상리 352-3,35.8743636,128.8233428
편의점,GS25진량점,경상북도,경산시,진량읍,신상리 1130-7,35.8756876,128.8120905
편의점,세븐일레븐진량공단,경상북도,경산시,진량읍,신상리 366-1,35.8736357,128.8227453
편의점,세븐일레븐경산진량원룸점,경상북도,경산시,진량읍,신상리 352-3,35.8743636,128.8233428
편의점,씨유대구대비호생활관점,경상북도,경산시,진량읍,내리리 15,35.9026233,128.8429085
편의점,지에스25진량신상센타점,경상북도,경산시,진량읍,신상리 359-1,35.8735971,128.8236156
편의점,씨유대구대원룸점,경상북도,경산시,진량읍,상림리 188-2,35.9020172,128.8321367
편의점,씨유경산장미타운점,경상북도,경산시,진량읍,양기리 403-3,35.8922192,128.836781
편의점,CU경산공단점,경상북도,경산시,진량읍,신제리 551,35.8639089,128.8352282
편의점,지에스25진량봉회점,경상북도,경산시,진량읍,봉회리 191-9,35.8835155,128.8177374
편의점,씨유대구대,경상북도,경산시,진량읍,내리리 354,35.9051289,128.8415635
편의점,세븐일레븐진량신상영웅점,경상북도,경산시,진량읍,신상리 1221-1,35.876623,128.8185557
편의점,씨유진량공단점,경상북도,경산시,진량읍,신상리 497-8,35.8717117,128.8223907
편의점,지에스25진량상림점,경상북도,경산시,진량읍,상림리 172-8,35.9028754,128.8323953
편의점,지에스25진량,경상북도,경산시,진량읍,봉회리 52-4,35.884381,128.820287
편의점,지에스25신대부적점,경상북도,경산시,압량읍,신대리 389,35.8425605,128.7628355
편의점,씨유압량점,경상북도,경산시,압량읍,부적리 460-3,35.8436034,128.7602776
편의점,씨유압량,경상북도,경산시,압량읍,신대리 500,35.8412167,128.7654813
편의점,세븐대구냉동센타,경상북도,경산시,압량읍,용암리 212,35.8533044,128.7686356
편의점,세븐일레븐영대,경상북도,경산시,압량읍,부적리 486-16,35.8407918,128.7575762
편의점,GS25신대E편한점,경상북도,경산시,압량읍,신대리 709,35.8362478,128.7680449
편의점,다와아이엔씨가일영돈점,경상북도,경산시,압량읍,가일리 208,35.8395315,128.7815816
편의점,GS25신대타운점,경상북도,경산시,압량읍,신대리 692,35.83868,128.7663709
편의점,이마트24경산압량점,경상북도,경산시,압량읍,부적리 578-6,35.8404479,128.7622308
편의점,이마트24경산압량공원,경상북도,경산시,압량읍,부적리 340-11,35.8444962,128.7576269
편의점,지에스25압량부적점,경상북도,경산시,압량읍,부적리 388-6,35.8412297,128.758739
편의점,이마트24경산신대원룸점,경상북도,경산시,압량읍,신대리 625,35.8386734,128.765771
편의점,세븐경산신대미소점,경상북도,경산시,압량읍,신대리 395-1,35.8426008,128.7633326
편의점,씨유러브,경상북도,경산시,압량읍,부적리 482-17,35.8415051,128.7579649
편의점,지에스25신대센타점,경상북도,경산시,압량읍,신대리 426,35.8416288,128.7643183
편의점,세븐일레븐경산신대,경상북도,경산시,압량읍,신대리 395-1,35.8426008,128.7633326
편의점,씨유경산신대부적지점,경상북도,경산시,압량읍,신대리 453,35.8415428,128.7632967
편의점,세븐대구냉장센타,경상북도,경산시,압량읍,용암리 212,35.8533044,128.7686356
편의점,이마트24R신대부적점,경상북도,경산시,압량읍,신대리 435,35.8419458,128.7623923
편의점,지에스25신대,경상북도,경산시,압량읍,신대리 485,35.8412607,128.7683119
편의점,세븐일레븐경산영대,경상북도,경산시,압량읍,부적리 415,35.8425882,128.7571066
편의점,씨유신대아트점,경상북도,경산시,압량읍,신대리 576,35.8394646,128.7650311
편의점,지에스25경산압량점,경상북도,경산시,압량읍,신대리 530,35.8405066,128.7645393
편의점,씨유압량네,경상북도,경산시,압량읍,부적리 390-1,35.8431473,128.7563929
편의점,지에스25압량공원,경상북도,경산시,압량읍,부적리 434-3,35.8434729,128.7590168
편의점,씨유경산용암,경상북도,경산시,압량읍,용암리 162-6,35.8538223,128.7678604
편의점,착한편의점,경상북도,경산시,와촌면,신한리 461,35.959413,128.7869125
편의점,지에스25와촌IC점,경상북도,경산시,와촌면,동강리 104-4,35.9515081,128.8361644
편의점,이마트24경산갓바위로점,경상북도,경산시,와촌면,신한리 278-7,35.9596108,128.7926326
편의점,세븐일레븐경산와촌대로점,경상북도,경산시,와촌면,박사리 73,35.9568857,128.8015981
편의점,씨유와촌금송로점,경상북도,경산시,와촌면,동강리 121,35.9521765,128.8351061
편의점,씨유와촌IC점,경상북도,경산시,와촌면,동강리 112-10,35.9519196,128.8358918
편의점,지에스25경산와촌점,경상북도,경산시,와촌면,소월리 31-1,35.9453627,128.8355809
편의점,이마트24경산갓바위로점,경상북도,경산시,와촌면,신한리 278-7,35.9596108,128.7926326
편의점,이마트24관음휴게소점,경상북도,경산시,와촌면,대한리 553-6,35.9853998,128.7471951
편의점,이마트24경산지식산업단지점,경상북도,경산시,와촌면,덕촌리 1035,35.9407479,128.829333
편의점,씨유자인,경상북도,경산시,자인면,동부리 205-7,35.8161618,128.8264175
편의점,씨유경산남촌네,경상북도,경산시,자인면,남촌리 256-1,35.8275757,128.8161685
편의점,씨유대경점,경상북도,경산시,자인면,단북리 산24,35.8353552,128.8234306
편의점,씨유자인북사점,경상북도,경산시,자인면,북사리 1093-11,35.8250394,128.8233459
편의점,세븐일레븐경산자인,경상북도,경산시,자인면,북사리 188-1,35.8226188,128.8234782
편의점,씨유자인점,경상북도,경산시,자인면,서부리 148-1,35.8188407,128.8221347
편의점,세븐일레븐경산자인,경상북도,경산시,자인면,북사리 240-7,35.8206283,128.8216807
편의점,씨유경산용성점,경상북도,경산시,용성면,곡신리 858-3,35.7922209,128.8764507
편의점,세븐일레븐경산남산지점,경상북도,경산시,남산면,하대리 243-3,35.7995588,128.8042705
편의점,씨유경산,경상북도,경산시,남산면,산양리 168-3,35.7934594,128.8354555
편의점,씨유경산남천,경상북도,경산시,남천면,삼성리 52-6,35.7673697,128.7272104
편의점,포시즌마트,경상북도,경산시,남천면,흥산리 27-1,35.7493277,128.7391236
편의점,CU의성상리점,경상북도,의성군,의성읍,상리리 707-11,36.3501457,128.7037662
편의점,씨유의성,경상북도,의성군,의성읍,후죽리 585-1,36.3508403,128.6969083
편의점,세븐의성북원점,경상북도,의성군,의성읍,후죽리 858-54,36.35692,128.6943087
편의점,이마트24SMART의성대로점,경상북도,의성군,의성읍,업리 1119-2,36.3893824,128.675659
편의점,지에스25의성군청점,경상북도,의성군,의성읍,후죽리 508-23,36.3525884,128.6961303
편의점,세븐일레븐의성북원점,경상북도,의성군,의성읍,후죽리 858-54,36.35692,128.6943087
편의점,이마트24의성에이스,경상북도,의성군,의성읍,후죽리 630-8,36.3494632,128.6967925
편의점,세븐의성역점,경상북도,의성군,의성읍,후죽리 480-1,36.3540004,128.6948026
편의점,행복편의점,경상북도,의성군,의성읍,후죽리 475-1,36.354921,128.6948546
편의점,지에스25의성군청점,경상북도,의성군,의성읍,후죽리 508-23,36.3525884,128.6961303
편의점,씨유의성북원점,경상북도,의성군,의성읍,후죽리 470-1,36.3560511,128.6944971
편의점,세븐일레븐의성,경상북도,의성군,금성면,산운리 650-2,36.2518941,128.6846258
편의점,씨유의성봉양,경상북도,의성군,봉양면,화전리 106-8,36.2991168,128.5797921
편의점,세븐일레븐의성봉양점,경상북도,의성군,봉양면,화전리 118-8,36.2980635,128.5783745
편의점,이마트24의성봉양점,경상북도,의성군,봉양면,화전리 463,36.30244,128.5773452
편의점,GS25의성안계점,경상북도,의성군,안계면,용기리 469-56,36.3838701,128.4385
편의점,씨유안계,경상북도,의성군,안계면,용기리 820,36.3860416,128.4346397
편의점,씨유의성다인점,경상북도,의성군,다인면,서릉리 208-1,36.4498266,128.3524761
편의점,GO마트고마트,경상북도,의성군,다인면,서릉리 57-8,36.4474336,128.3560527
편의점,씨유청송,경상북도,청송군,청송읍,월막리 347-1,36.4338315,129.0561067
편의점,지에스25청송점,경상북도,청송군,청송읍,금곡리 843-13,36.4294355,129.0553899
편의점,GS25청송주왕산점,경상북도,청송군,주왕산면,상의리 341-4,36.392675,129.1442839
편의점,세븐일레븐주왕산점,경상북도,청송군,주왕산면,하의리 780-34,36.3807078,129.1024738
편의점,단풍편의점,경상북도,청송군,주왕산면,상의리 341-4,36.392675,129.1442839
편의점,세븐일레븐청송부남,경상북도,청송군,부남면,대전리 97-3,36.3453541,129.0643232
편의점,지에스25청송,경상북도,청송군,현동면,도평리 796-6,36.29034,129.0166643
편의점,포시즌마트,경상북도,청송군,현서면,구산리 444-2,36.2751533,128.8930045
편의점,씨유청송현서점,경상북도,청송군,현서면,구산리 445,36.2759224,128.8937544
편의점,씨유진보점,경상북도,청송군,진보면,진안리 384-3,36.5285149,129.0448656
편의점,세븐일레븐청송진보점,경상북도,청송군,진보면,이촌리 56-8,36.5309765,129.0396928
편의점,세븐일레븐청송진보대로점,경상북도,청송군,진보면,각산리 544-1,36.5288364,129.0518286
편의점,세븐일레븐영양,경상북도,영양군,영양읍,동부리 84-14,36.6618145,129.1273385
편의점,씨유영양창생점,경상북도,영양군,영양읍,서부리 221-2,36.6650616,129.1141781
편의점,GS25영양점,경상북도,영양군,영양읍,서부리 256-1,36.6625028,129.1142895
편의점,세븐일레븐영양점,경상북도,영양군,영양읍,동부리 510-3,36.667817,129.11492
편의점,씨유영양점,경상북도,영양군,영양읍,서부리 247-12,36.6628788,129.1133837
편의점,세븐일레븐영양읍점,경상북도,영양군,영양읍,서부리 189,36.6644761,129.1135391
편의점,새봄편의점,경상북도,영양군,일월면,곡강리 148-6,36.6893116,129.1237115
편의점,CU영덕,경상북도,영덕군,영덕읍,덕곡리 150-35,36.4100566,129.3719197
편의점,세븐일레븐영덕,경상북도,영덕군,영덕읍,남석리 69-49,36.4108815,129.3687367
편의점,미니스톱영덕우진점,경상북도,영덕군,영덕읍,우곡리 515,36.4101447,129.3732649
편의점,이마트24R,경상북도,영덕군,영덕읍,덕곡리 162-1,36.4123448,129.3684601
편의점,이마트24영덕,경상북도,영덕군,영덕읍,우곡리 520,36.4102204,129.3746212
편의점,지에스25영덕군청점,경상북도,영덕군,영덕읍,화개리 142-1,36.4154772,129.3666439
편의점,지에스25영덕군청점(상품권),경상북도,영덕군,영덕읍,화개리 142-1,36.4154772,129.3666439
편의점,GS25영덕군청점,경상북도,영덕군,영덕읍,화개리 142-1,36.4154772,129.3666439
편의점,GS25뉴영덕,경상북도,영덕군,영덕읍,덕곡리 246-3,36.414068,129.3725213
편의점,세븐일레븐,경상북도,영덕군,영덕읍,덕곡리 202-34,36.4141744,129.371157
편의점,지에스25영덕우곡점,경상북도,영덕군,영덕읍,우곡리 180-22,36.4062575,129.3750732
편의점,지에스25영덕우곡대로점,경상북도,영덕군,영덕읍,우곡리 457-7,36.4016432,129.3773144
편의점,이마트24영덕공원점,경상북도,영덕군,영덕읍,남석리 17-5,36.4092076,129.3690395
편의점,세븐영덕우곡점,경상북도,영덕군,영덕읍,우곡리 330-2,36.407602,129.3730934
편의점,지에스25영덕,경상북도,영덕군,영덕읍,남석리 5-10,36.4107436,129.3704638
편의점,씨유삼사공원점,경상북도,영덕군,강구면,삼사리 134-8,36.3487726,129.3842174
편의점,이마트24강구해파랑점,경상북도,영덕군,강구면,강구리 253-26,36.3598334,129.3908229
편의점,강구편의점,경상북도,영덕군,강구면,오포리 74-9,36.3571981,129.3808275
편의점,씨유영덕강구대게로점,경상북도,영덕군,강구면,오포리 539,36.3609325,129.378939
편의점,씨스페이스강구해안길점,경상북도,영덕군,강구면,삼사리 494-8,36.3426181,129.3817328
편의점,이마트24강구하저점,경상북도,영덕군,강구면,하저리 19-2,36.3915129,129.4135295
편의점,세븐일레븐영덕강구용진점,경상북도,영덕군,강구면,강구리 370,36.3599727,129.3829935
편의점,이마트24영덕강구항점,경상북도,영덕군,강구면,강구리 344-3,36.3595499,129.384999
편의점,씨유영덕,경상북도,영덕군,강구면,오포리 1-10,36.3564661,129.3854257
편의점,씨유강구,경상북도,영덕군,강구면,오포리 557-5,36.3587273,129.3793274
편의점,씨유영덕하저비치점,경상북도,영덕군,강구면,하저리 472-1,36.3886216,129.4070165
편의점,GS25영덕강구점,경상북도,영덕군,강구면,오포리 652,36.3522773,129.3780865
편의점,지에스25해상공원,경상북도,영덕군,강구면,삼사리 348-3,36.3449828,129.3817314
편의점,지이편의점,경상북도,영덕군,강구면,삼사리 627-3,36.3409193,129.3816513
편의점,세븐일레븐영덕삼사해상공원점,경상북도,영덕군,강구면,삼사리 9-87,36.3495856,129.3841361
편의점,CU강구항점,경상북도,영덕군,강구면,강구리 256-79,36.3600099,129.3874566
편의점,프레그런스,경상북도,영덕군,강구면,강구리 232-26,36.3605392,129.39172
편의점,지에스25영덕구계항점,경상북도,영덕군,남정면,구계리 254-5,36.3208677,129.380201
편의점,세븐일레븐7번,경상북도,영덕군,남정면,원척리 220-4,36.2992294,129.3778277
편의점,이마트24영덕동해대로점,경상북도,영덕군,남정면,부경리 199,36.2710129,129.3761016
편의점,씨스페이스영덕구계항점,경상북도,영덕군,남정면,구계리 254-5,36.3208677,129.380201
편의점,지에스25영덕장사점,경상북도,영덕군,남정면,장사리 70-1,36.2828103,129.3745218
편의점,금강산편의점,경상북도,영덕군,남정면,원척리 267-9,36.2961946,129.3766051
편의점,지에스25영덕남정점,경상북도,영덕군,남정면,부경리 156,36.2722847,129.3773437
편의점,씨유장사,경상북도,영덕군,남정면,장사리 68-8,36.2835504,129.3739726
편의점,이마트24알장사해수욕장점,경상북도,영덕군,남정면,장사리 73-10,36.2822086,129.3745264
편의점,이마트24영덕남정점,경상북도,영덕군,남정면,구계리 13,36.3231613,129.3811597
편의점,CU축산항점,경상북도,영덕군,축산면,축산리 110-2,36.5072935,129.4439824
편의점,세븐일레븐영덕축산점,경상북도,영덕군,축산면,축산리 97-5,36.508181,129.4463769
편의점,세븐일레븐영덕,경상북도,영덕군,영해면,성내리 470-31,36.5392792,129.4077447
편의점,씨유,경상북도,영덕군,영해면,성내리 654-4,36.5383225,129.4046161
편의점,이마트24영덕,경상북도,영덕군,영해면,성내리 442-3,36.541006,129.4083903
편의점,CU영해로타리점,경상북도,영덕군,영해면,성내리 436-2,36.5395624,129.4094382
편의점,씨유영덕해맞이휴게소점,경상북도,영덕군,병곡면,금곡리 10,36.6436496,129.4216321
편의점,세븐일레븐청도연지이슬미로점,경상북도,청도군,화양읍,유등리 730-8,35.6775465,128.6931545
편의점,지에스25용암,경상북도,청도군,화양읍,삼신리 929,35.6888723,128.7190983
편의점,씨유청도화양점,경상북도,청도군,화양읍,범곡리 126-1,35.6477768,128.7353942
편의점,세븐일레븐청도,경상북도,청도군,화양읍,범곡리 562-1,35.6466613,128.7311902
편의점,씨유청도,경상북도,청도군,화양읍,삼신리 926,35.6889558,128.7182864
편의점,씨유청도역점,경상북도,청도군,청도읍,고수리 846-12,35.6410301,128.746458
편의점,이마트24청도역점,경상북도,청도군,청도읍,고수리 854-7,35.6398759,128.7472847
편의점,GS25청도IC점,경상북도,청도군,청도읍,원정리 471-1,35.6457105,128.7512775
편의점,지에스25,경상북도,청도군,청도읍,고수리 152-14,35.6473422,128.7373973
편의점,지에스25청도,경상북도,청도군,청도읍,고수리 582-13,35.6430615,128.7420091
편의점,지에스25청도늘푸른점,경상북도,청도군,청도읍,고수리 779-2,35.6428296,128.744652
편의점,이마트24청도ic점,경상북도,청도군,청도읍,송읍리 631-3,35.6542293,128.7496804
편의점,GS25청도,경상북도,청도군,청도읍,고수리 582-13,35.6430615,128.7420091
편의점,청도역맞이방편의점,경상북도,청도군,청도읍,고수리 969-2,35.639721,128.746243
편의점,청도볼링편의점,경상북도,청도군,청도읍,고수리 815-5,35.6430646,128.746936
편의점,씨유,경상북도,청도군,청도읍,고수리 478-153,35.6445378,128.7414446
편의점,엘라고편의점,경상북도,청도군,풍각면,흑석리 1622-2,35.6129401,128.5800716
편의점,씨유풍각점,경상북도,청도군,풍각면,송서리 577-8,35.6414645,128.619429
편의점,엘라고편의점,경상북도,청도군,풍각면,흑석리 1619-1,35.6138353,128.5805898
편의점,세븐일레븐풍각,경상북도,청도군,풍각면,송서리 557,35.6407532,128.6156931
편의점,세븐일레븐청도이서점,경상북도,청도군,이서면,학산리 226-1,35.666495,128.6676326
편의점,씨유이서점,경상북도,청도군,이서면,학산리 577-6,35.663047,128.6668079
편의점,미가람편의점,경상북도,청도군,운문면,신원리 579,35.6824478,128.9738692
편의점,씨유청도운문점,경상북도,청도군,운문면,대천리 1444-15,35.7161014,128.9150229
편의점,씨유청도동곡점,경상북도,청도군,금천면,동곡리 794-2,35.6913355,128.8928237
편의점,씨유청도,경상북도,청도군,금천면,동곡리 400-1,35.6950245,128.887913
편의점,지에스25고령시장길점,경상북도,고령군,대가야읍,고아리 129-2,35.7258112,128.2674734
편의점,테마파크매점,경상북도,고령군,대가야읍,지산리 471-1,35.7189224,128.2609146
편의점,세븐일레븐경북,경상북도,고령군,대가야읍,헌문리 50-5,35.7297137,128.2708101
편의점,씨유,경상북도,고령군,대가야읍,쾌빈리 447-1,35.7301475,128.2679347
편의점,지에스25,경상북도,고령군,대가야읍,연조리 123-2,35.7329661,128.2696145
편의점,지에스GS25고령문화원점상품권,경상북도,고령군,대가야읍,지산리 307-2,35.7244717,128.2632757
편의점,지에스25고령문화원점,경상북도,고령군,대가야읍,지산리 307-2,35.7244717,128.2632757
편의점,지에스GS25고령문화원점,경상북도,고령군,대가야읍,지산리 307-2,35.7244717,128.2632757
편의점,세븐일레븐고령장기로또점,경상북도,고령군,대가야읍,장기리 277-5,35.7244897,128.2730162
편의점,씨유고령대,경상북도,고령군,대가야읍,고아리 107-3,35.7275459,128.2705163
편의점,세븐일레븐고령대,경상북도,고령군,대가야읍,지산리 914-2,35.7139118,128.2586893
편의점,이마트24고령우륵점,경상북도,고령군,대가야읍,쾌빈리 356-1,35.7349812,128.2708971
편의점,세븐일레븐고령운수점,경상북도,고령군,운수면,봉평리 1124-3,35.7659968,128.2886984
편의점,이마트24고령운수신간점,경상북도,고령군,운수면,신간리 960,35.7875192,128.3096618
편의점,세븐일레븐고령성산점,경상북도,고령군,성산면,기족리 581-4,35.7475197,128.3511874
편의점,이마트24고령성산해돋이점,경상북도,고령군,성산면,기족리 484-1,35.7474076,128.3467773
편의점,GS25고령성산로점,경상북도,고령군,성산면,기족리 742,35.7474295,128.3542454
편의점,이마트24동고령,경상북도,고령군,성산면,무계리 519-14,35.7669602,128.3833745
편의점,세븐일레븐동고령IC점,경상북도,고령군,성산면,득성리 119-1,35.7520825,128.3763054
편의점,명진편의점,경상북도,고령군,다산면,벌지리 948-7,35.811354,128.3921974
편의점,지에스25고령다산점,경상북도,고령군,다산면,상곡리 53,35.8289575,128.4494974
편의점,CU다산공단점,경상북도,고령군,다산면,송곡리 1623-1,35.787625,128.3981691
편의점,세븐일레븐고령다산공단점,경상북도,고령군,다산면,송곡리 1833,35.7922329,128.3807086
편의점,씨유다산상곡점,경상북도,고령군,다산면,상곡리 151-14,35.824855,128.4483606
편의점,세븐일레븐고령다산주공점,경상북도,고령군,다산면,상곡리 162-7,35.823218,128.4502641
편의점,더대빵무인아이스크림,경상북도,고령군,다산면,상곡리 151-58,35.8240081,128.4496359
편의점,씨유다산,경상북도,고령군,다산면,평리리 236-9,35.8232721,128.4540574
편의점,세븐일레븐고령,경상북도,고령군,개진면,부리 369-17,35.7086522,128.4244392
편의점,지에스25고령쌍림점,경상북도,고령군,쌍림면,고곡리 296-1,35.7059205,128.2513944
편의점,이마트24고령안림교차로점,경상북도,고령군,쌍림면,고곡리 825-1,35.7012221,128.2533591
편의점,이마트24R고령귀원점,경상북도,고령군,쌍림면,귀원리 324-1,35.6768818,128.239491
편의점,세븐일레븐,경상북도,고령군,쌍림면,고곡리 268,35.7034374,128.2522969
편의점,세븐일레븐고령쌍림점,경상북도,고령군,쌍림면,귀원리 139-6,35.6819627,128.2429043
편의점,이마트24고령IC점,경상북도,고령군,쌍림면,안림리 506-3,35.6943332,128.2551644
편의점,지에스25성주,경상북도,성주군,성주읍,학산리 871-1,35.9349582,128.2891267
편의점,이마트24성주,경상북도,성주군,성주읍,경산리 42-15,35.9192955,128.2872021
편의점,씨유성주순환대로점,경상북도,성주군,성주읍,예산리 365,35.9241749,128.2866618
편의점,씨유성주일반,경상북도,성주군,성주읍,학산리 865,35.93565,128.2904216
편의점,이마트24성주점,경상북도,성주군,성주읍,백전리 710,35.9209863,128.2787629
편의점,세븐일레븐성주원룸점,경상북도,성주군,성주읍,성산리 2092-17,35.9201468,128.2907522
편의점,"세븐일레븐,성주역사공원점",경상북도,성주군,성주읍,예산리 904,35.9224122,128.2824104
편의점,씨유성주성산점,경상북도,성주군,성주읍,성산리 2103,35.9189212,128.2882879
편의점,세븐일레븐성주,경상북도,성주군,성주읍,성산리 53-21,35.918031,128.2877822
편의점,씨유성주찬현점,경상북도,성주군,성주읍,경산리 678-3,35.9181349,128.286549
편의점,GS25성주티박스점,경상북도,성주군,성주읍,경산리 770-3,35.9205175,128.2894406
편의점,씨유성주루지움점,경상북도,성주군,성주읍,백전리 707,35.9200209,128.2781086
편의점,지에스25성주성밖숲점,경상북도,성주군,성주읍,경산리 760-9,35.9139559,128.2836852
편의점,세븐일레븐성주산업단지점,경상북도,성주군,성주읍,학산리 926,35.9406455,128.2919903
편의점,이마트24R성주성밖숲점,경상북도,성주군,성주읍,경산리 371-1,35.9178245,128.2792739
편의점,씨유성주성밖숲점,경상북도,성주군,성주읍,경산리 499,35.9149166,128.2816036
편의점,세븐일레븐성주,경상북도,성주군,성주읍,경산리 626-2,35.9174447,128.2848664
편의점,지에스25성주대로점,경상북도,성주군,성주읍,성산리 545-1,35.9182598,128.2938068
편의점,미니스톱성주,경상북도,성주군,성주읍,학산리 857,35.9365443,128.2904916
편의점,GS25성주선남점,경상북도,성주군,선남면,관화리 452-7,35.8997289,128.3527845
편의점,씨유성주선노로점,경상북도,성주군,선남면,소학리 1079-1,35.8857317,128.3744765
편의점,GS25편의점성주용신점,경상북도,성주군,선남면,도성리 790-5,35.882353,128.372731
편의점,세븐일레븐성주대교점,경상북도,성주군,선남면,소학리 371-1,35.8829629,128.3807877
편의점,지에스25달성성주로점,경상북도,성주군,선남면,도성리 1094-2,35.8831502,128.3637234
편의점,씨유성주선남,경상북도,성주군,선남면,도성리 1107,35.8856295,128.3623869
편의점,씨유뉴성주선남점,경상북도,성주군,선남면,선원리 743-4,35.8821046,128.3796825
편의점,씨유성주선남도흥점,경상북도,성주군,선남면,도흥리 392-1,35.9015646,128.3870464
편의점,GS25성주,경상북도,성주군,용암면,상언리 614-5,35.8365272,128.3359349
편의점,지에스25성주가천점,경상북도,성주군,가천면,창천리 560-5,35.8855072,128.1653945
편의점,아라매점,경상북도,성주군,금수면,봉두리 558,35.9099246,128.1369672
편의점,씨유성주대가점,경상북도,성주군,대가면,옥성리 729-7,35.9104953,128.2322613
편의점,지에스25성주,경상북도,성주군,초전면,대장리 667-12,35.9721569,128.2643597
편의점,씨유성주,경상북도,성주군,초전면,대장리 655-3,35.9728354,128.2642492
편의점,이마트24성주,경상북도,성주군,초전면,대장리 588-15,35.9751955,128.2637431
편의점,이마트24성주초전,경상북도,성주군,초전면,대장리 688-2,35.9703231,128.2639588
편의점,씨유뉴성주월항점,경상북도,성주군,월항면,안포리 285-1,35.9442791,128.3138732
편의점,세븐일레븐성주월항점,경상북도,성주군,월항면,용각리 667-3,35.9609271,128.3024768
편의점,GS25왜관점,경상북도,칠곡군,왜관읍,왜관리 250-2,35.9918032,128.398355
편의점,세븐일레븐왜관금산공단점,경상북도,칠곡군,왜관읍,금산리 604-6,35.9628944,128.4059634
편의점,씨유왜관,경상북도,칠곡군,왜관읍,왜관리 788-31,35.9800633,128.3952786
편의점,지에스25왜관그랜드점,경상북도,칠곡군,왜관읍,석전리 612-4,35.9986657,128.4098753
편의점,씨유왜관,경상북도,칠곡군,왜관읍,왜관리 376,35.9882298,128.4079466
편의점,이마트24왜관태왕점,경상북도,칠곡군,왜관읍,왜관리 1459,35.9784056,128.4015778
편의점,씨유석전점,경상북도,칠곡군,왜관읍,석전리 536-26,36.001008,128.4100589
편의점,씨유왜관,경상북도,칠곡군,왜관읍,삼청리 476-9,35.9830943,128.4259449
편의점,씨유왜관,경상북도,칠곡군,왜관읍,왜관리 211-99,35.9939739,128.3976759
편의점,씨유왜관2번도로점,경상북도,칠곡군,왜관읍,왜관리 248-13,35.9912514,128.3977439
편의점,지에스25왜관우방점,경상북도,칠곡군,왜관읍,왜관리 774,35.9853383,128.3996325
편의점,세븐일레븐왜관수자인점,경상북도,칠곡군,왜관읍,석전리 525-3,36.0013478,128.4083872
편의점,씨유왜관공단점,경상북도,칠곡군,왜관읍,금산리 389-5,35.9657591,128.4119094
편의점,GS25왜관3공단점,경상북도,칠곡군,왜관읍,낙산리 1327,35.9306771,128.4180205
편의점,지에스25왜관2공단점,경상북도,칠곡군,왜관읍,낙산리 698-2,35.9371934,128.4082651
편의점,세븐일레븐칠곡왜관,경상북도,칠곡군,왜관읍,석전리 424-30,36.0021227,128.4110278
편의점,씨유왜관더,경상북도,칠곡군,왜관읍,왜관리 571-6,35.9843616,128.414352
편의점,왜관역맞이방편의점,경상북도,칠곡군,왜관읍,왜관리 216-1,35.9917591,128.3999634
편의점,지에스25왜관,경상북도,칠곡군,왜관읍,왜관리 777-93,35.9828663,128.4002859
편의점,씨유왜관3주공점,경상북도,칠곡군,왜관읍,왜관리 417-3,35.9879589,128.4121781
편의점,씨유왜관타운점,경상북도,칠곡군,왜관읍,왜관리 777-77,35.9845652,128.398962
편의점,세븐일레븐왜관,경상북도,칠곡군,왜관읍,왜관리 1279-56,35.9808964,128.3944156
편의점,GS25왜관,경상북도,칠곡군,왜관읍,왜관리 789-6,35.9808614,128.3983709
편의점,이마트24왜관2공단점,경상북도,칠곡군,왜관읍,낙산리 229-6,35.946131,128.4160358
편의점,미니스톱왜관공단점,경상북도,칠곡군,왜관읍,금산리 986-9,35.9680842,128.4187821
편의점,지에스25왜관,경상북도,칠곡군,왜관읍,금산리 859-7,35.9531172,128.3991018
편의점,씨유왜관석전로점,경상북도,칠곡군,왜관읍,석전리 494-6,36.0028929,128.4079696
편의점,미니스톱왜관석전점,경상북도,칠곡군,왜관읍,석전리 536-3,36.000969,128.4088554
편의점,씨유뉴왜관점,경상북도,칠곡군,왜관읍,왜관리 191-16,35.9960367,128.3993263
편의점,씨유왜관우방타운점,경상북도,칠곡군,왜관읍,왜관리 776-103,35.9861969,128.3981517
편의점,세븐일레븐칠곡뉴왜관점,경상북도,칠곡군,왜관읍,왜관리 211-4,35.994891,128.3976119
편의점,세븐일레븐칠곡왜관타운점,경상북도,칠곡군,왜관읍,왜관리 1469-2,35.9775359,128.4000194
편의점,씨유왜관IC점,경상북도,칠곡군,왜관읍,삼청리 483-12,35.9834816,128.4231609
편의점,지에스25왜관1공단점,경상북도,칠곡군,왜관읍,금산리 986-9,35.9680842,128.4187821
편의점,세븐왜관역점,경상북도,칠곡군,왜관읍,왜관리 230-35,35.9920566,128.3992688
편의점,지에스25왜관,경상북도,칠곡군,왜관읍,왜관리 789-114,35.9809689,128.3983773
편의점,씨유왜관공단,경상북도,칠곡군,왜관읍,금산리 986-31,35.9677218,128.4190023
편의점,씨유왜관휴포레,경상북도,칠곡군,왜관읍,왜관리 1571,35.9850072,128.4019371
편의점,지에스25왜관리버빌점,경상북도,칠곡군,왜관읍,왜관리 210-196,35.9971515,128.3971353
편의점,GS25왜관상품권,경상북도,칠곡군,왜관읍,왜관리 789-6,35.9808614,128.3983709
편의점,지에스25칠곡왜관타운점,경상북도,칠곡군,왜관읍,왜관리 1433,35.9789472,128.3995583
편의점,세븐일레븐칠곡왜관석전점,경상북도,칠곡군,왜관읍,석전리 706-50,35.9970689,128.406735
편의점,씨유왜관남부터미널,경상북도,칠곡군,왜관읍,왜관리 291-1,35.9890778,128.399715
편의점,지에스25왜관다숲점,경상북도,칠곡군,왜관읍,왜관리 692-8,35.9859919,128.4062374
편의점,씨유왜관2공단점,경상북도,칠곡군,왜관읍,낙산리 694-2,35.9370636,128.4072056
편의점,씨유왜관,경상북도,칠곡군,왜관읍,왜관리 785-60,35.9828815,128.394454
편의점,세븐일레븐왜관,경상북도,칠곡군,왜관읍,왜관리 777-127,35.9830274,128.3989733
편의점,세븐일레븐칠곡왜관,경상북도,칠곡군,왜관읍,삼청리 946,35.9740039,128.4333169
편의점,세븐왜관금산공단점,경상북도,칠곡군,왜관읍,금산리 604-4,35.9629635,128.4058136
편의점,씨유북삼원룸점,경상북도,칠곡군,북삼읍,인평리 681-10,36.0671354,128.3376036
편의점,씨스페이스북삼인평점,경상북도,칠곡군,북삼읍,인평리 685-3,36.0681985,128.3392575
편의점,지에스25북삼현대점,경상북도,칠곡군,북삼읍,숭오리 18-15,36.067205,128.3355876
편의점,세븐일레븐칠곡북삼인평점,경상북도,칠곡군,북삼읍,인평리 1085-5,36.0692332,128.3486969
편의점,세븐일레븐북삼중학교점,경상북도,칠곡군,북삼읍,인평리 1062-7,36.0705672,128.3418139
편의점,지에스25북삼인평점,경상북도,칠곡군,북삼읍,인평리 658-5,36.0711352,128.3374856
편의점,씨유북삼오태점,경상북도,칠곡군,북삼읍,인평리 1038-2,36.0679081,128.3516834
편의점,GS25칠곡북삼점,경상북도,칠곡군,북삼읍,인평리 1035-9,36.0681862,128.3513095
편의점,GS25칠곡금오대로점,경상북도,칠곡군,북삼읍,율리 637-4,36.0525819,128.3446774
편의점,지에스25북삼,경상북도,칠곡군,북삼읍,숭오리 30-4,36.0649713,128.3337878
편의점,씨유북삼인평,경상북도,칠곡군,북삼읍,인평리 1056-6,36.0717792,128.3431541
편의점,지에스25북삼인평공원점,경상북도,칠곡군,북삼읍,인평리 1057-1,36.0718535,128.3422549
편의점,이마트24북삼대로점,경상북도,칠곡군,북삼읍,어로리 105,36.0473372,128.3413777
편의점,세븐일레븐칠곡북삼,경상북도,칠곡군,북삼읍,인평리 244,36.0679437,128.3445687
편의점,이마트24R북삼인평점,경상북도,칠곡군,북삼읍,인평리 674-2,36.0700982,128.3402528
편의점,지에스25북삼대로점,경상북도,칠곡군,북삼읍,인평리 1094-10,36.0678125,128.3465442
편의점,세븐일레븐북삼도서관점,경상북도,칠곡군,북삼읍,인평리 417-14,36.0623414,128.3426178
편의점,세븐일레븐칠곡북삼,경상북도,칠곡군,북삼읍,인평리 685-2,36.0694419,128.338624
편의점,GS25북삼,경상북도,칠곡군,북삼읍,숭오리 30-4,36.0649713,128.3337878
편의점,지에스25북삼서희점,경상북도,칠곡군,북삼읍,인평리 1131,36.0680102,128.3380711
편의점,칠곡명당,경상북도,칠곡군,북삼읍,인평리 1076-6,36.070343,128.3467424
편의점,씨유북삼,경상북도,칠곡군,북삼읍,숭오리 30-6,36.0646935,128.3344143
편의점,씨유북삼금오현대점,경상북도,칠곡군,북삼읍,숭오리 22-7,36.0659474,128.334859
편의점,세븐일레븐칠곡북삼현대점,경상북도,칠곡군,북삼읍,인평리 681-1,36.0663168,128.3367695
편의점,지에스25북삼,경상북도,칠곡군,북삼읍,인평리 1028-1,36.0710514,128.3479248
편의점,이마트24북삼인평타운점,경상북도,칠곡군,북삼읍,인평리 1093-2,36.0676962,128.3503042
편의점,GS25북삼상품권,경상북도,칠곡군,북삼읍,숭오리 30-4,36.0649713,128.3337878
편의점,썬플러스,경상북도,칠곡군,북삼읍,보손리 165-1,36.0561952,128.3065833
편의점,씨유북삼,경상북도,칠곡군,북삼읍,인평리 657-13,36.0697848,128.3362883
편의점,씨유북삼인평,경상북도,칠곡군,북삼읍,인평리 371-6,36.0624193,128.3438319
편의점,로손편의점,경상북도,칠곡군,북삼읍,인평리 1057-5,36.0714663,128.3427851
편의점,세븐일레븐북삼인평대로,경상북도,칠곡군,북삼읍,인평리 1039-9,36.0668245,128.3499538
편의점,세븐칠곡북삼드림점,경상북도,칠곡군,북삼읍,인평리 1066-10,36.0714206,128.3388009
편의점,세븐일레븐칠곡북삼,경상북도,칠곡군,북삼읍,인평리 1066-10,36.0714206,128.3388009
편의점,씨유석적,경상북도,칠곡군,석적읍,중리 140-5,36.0784369,128.4109636
편의점,씨유칠곡석적,경상북도,칠곡군,석적읍,중리 219-2,36.0752918,128.4170286
편의점,지에스25석적서,경상북도,칠곡군,석적읍,중리 170-4,36.0761447,128.4029907
편의점,씨유칠곡석적해피점,경상북도,칠곡군,석적읍,중리 239-10,36.0741307,128.4201916
편의점,세븐일레븐칠곡금호어울림점,경상북도,칠곡군,석적읍,중리 641-7,36.0756676,128.4061427
편의점,비지에프리테일대구큐브에스점,경상북도,칠곡군,석적읍,반계리 22-3,36.0334131,128.4393154
편의점,씨유석적북,경상북도,칠곡군,석적읍,중리 87-11,36.0798298,128.41069
편의점,GS25칠곡보점,경상북도,칠곡군,석적읍,중지리 559,36.0160641,128.4008159
편의점,세븐일레븐칠곡석적점,경상북도,칠곡군,석적읍,중리 168-19,36.0775995,128.4031097
편의점,씨유석적,경상북도,칠곡군,석적읍,중리 227-3,36.0778261,128.4188195
편의점,씨스페이스,경상북도,칠곡군,석적읍,남율리 1077,36.0676414,128.4023123
편의점,GS25석적,경상북도,칠곡군,석적읍,중리 125-2,36.0775737,128.4092097
편의점,세븐일레븐칠곡석적,경상북도,칠곡군,석적읍,중리 90-8,36.0788714,128.4104152
편의점,씨유칠곡석적원룸점,경상북도,칠곡군,석적읍,중리 161-24,36.0775157,128.4009928
편의점,세븐일레븐칠곡석적다래점,경상북도,칠곡군,석적읍,중리 83-1,36.0810102,128.4128904
편의점,씨유석적,경상북도,칠곡군,석적읍,중리 207-2,36.0761771,128.4135964
편의점,씨유석적,경상북도,칠곡군,석적읍,중리 206-2,36.0767975,128.4143223
편의점,지에스25칠곡북,경상북도,칠곡군,석적읍,중리 153-6,36.0773109,128.4120322
편의점,GS25석적나래원점,경상북도,칠곡군,석적읍,중리 204-9,36.0766243,128.4159185
편의점,씨유칠곡남율해링턴점,경상북도,칠곡군,석적읍,남율리 1348,36.0689886,128.4074195
편의점,지에스25석적장곡점,경상북도,칠곡군,석적읍,중리 236-1,36.0752727,128.419368
편의점,이마트24석적,경상북도,칠곡군,석적읍,중리 127-1,36.0775803,128.4083967
편의점,GS25중리으뜸점,경상북도,칠곡군,석적읍,중리 207-11,36.0758661,128.4129755
편의점,GS25석적어울림점,경상북도,칠곡군,석적읍,중리 172-9,36.0765185,128.4045947
편의점,씨유칠곡석적,경상북도,칠곡군,석적읍,중리 142-5,36.0781395,128.4129832
편의점,세븐일레븐칠곡석적,경상북도,칠곡군,석적읍,중리 154-23,36.0765435,128.4112006
편의점,세븐일레븐칠곡석적,경상북도,칠곡군,석적읍,중리 125-9,36.0768722,128.4081009
편의점,GS25칠곡,경상북도,칠곡군,석적읍,중리 87-5,36.0795779,128.4113644
편의점,지에스25중리타운점,경상북도,칠곡군,석적읍,중리 251-2,36.0739819,128.4118567
편의점,세븐일레븐칠곡석적,경상북도,칠곡군,석적읍,중리 201-5,36.0772144,128.4137906
편의점,세븐일레븐칠곡석적도서관점,경상북도,칠곡군,석적읍,중리 262-1,36.0740767,128.4091451
편의점,세븐칠곡석적중리점,경상북도,칠곡군,석적읍,중리 201-5,36.0772144,128.4137906
편의점,씨유석적우방신천지점,경상북도,칠곡군,석적읍,남율리 737,36.0745914,128.3931882
편의점,씨유석적,경상북도,칠곡군,석적읍,중리 250-1,36.0740099,128.4123201
편의점,세븐일레븐칠곡석적,경상북도,칠곡군,석적읍,중리 249-2,36.073904,128.4131229
편의점,세븐일레븐석적타운점,경상북도,칠곡군,석적읍,남율리 884-6,36.0763814,128.4013988
편의점,에스브이피로또편의점,경상북도,칠곡군,석적읍,중리 207-1,36.0762992,128.4134326
편의점,미니스톱칠곡,경상북도,칠곡군,석적읍,중리 203-4,36.0774884,128.4141876
편의점,씨유칠곡남율점,경상북도,칠곡군,석적읍,남율리 1072,36.0672525,128.4013242
편의점,이마트24R석적중리원룸점,경상북도,칠곡군,석적읍,중리 83-9,36.0802989,128.4120665
편의점,세븐일레븐칠곡석적,경상북도,칠곡군,석적읍,중리 210-6,36.0752039,128.4152516
편의점,세븐칠곡저온센터,경상북도,칠곡군,지천면,연화리 560,35.9617454,128.4498417
편의점,비지에프리테일칠곡큐브에스점,경상북도,칠곡군,지천면,연화리 700,35.957153,128.4502872
편의점,세븐일레븐칠곡물류,경상북도,칠곡군,지천면,금호리 41-5,35.9514969,128.4447274
편의점,지에스25칠곡지천대로점,경상북도,칠곡군,지천면,송정리 158-1,35.9634512,128.4734677
편의점,씨유칠곡지천점,경상북도,칠곡군,지천면,신리 358-10,35.9555762,128.4910509
편의점,이마트영남물류,경상북도,칠곡군,지천면,연화리 700,35.957153,128.4502872
편의점,미니스톱칠곡지천점,경상북도,칠곡군,지천면,금호리 15,35.9558939,128.4447099
편의점,GS25칠곡지천점,경상북도,칠곡군,지천면,신리 511-1,35.9567865,128.4868181
편의점,이마트24칠곡경북대로점,경상북도,칠곡군,동명면,학명리 465-1,36.0142924,128.5503025
편의점,지에스25동명대로점,경상북도,칠곡군,동명면,봉암리 193-1,35.9749218,128.5537839
편의점,지에스25팔공,경상북도,칠곡군,동명면,기성리 690,36.0000587,128.6040728
편의점,세븐일레븐팔공휴게소점,경상북도,칠곡군,동명면,기성리 406-1,36.0017598,128.6019854
편의점,씨유팔공산정상점,경상북도,칠곡군,동명면,기성리 171-7,36.0109993,128.5929536
편의점,마켓80,경상북도,칠곡군,동명면,기성리 584-2,35.9986747,128.607882
편의점,GS25칠곡,경상북도,칠곡군,동명면,금암리 355-1,35.9850273,128.5540916
편의점,브라더아이스크림할인점,경상북도,칠곡군,동명면,금암리 232-6,35.9830537,128.5528966
편의점,산성편의점,경상북도,칠곡군,동명면,남원리 624-2,36.0188298,128.5893145
편의점,씨유가좌,경상북도,칠곡군,동명면,기성리 694-8,36.0008009,128.6026269
편의점,세븐일레븐칠곡동명대로점,경상북도,칠곡군,동명면,봉암리 554-1,35.9618155,128.5517084
편의점,이마트24팔공한티로점,경상북도,칠곡군,동명면,기성리 860,36.0002493,128.6004981
편의점,씨유현대가산IC셀프점,경상북도,칠곡군,가산면,천평리 4,36.0957206,128.5317369
편의점,지에스25칠곡금화점,경상북도,칠곡군,가산면,금화리 179-3,36.0645658,128.5377412
편의점,씨유가산낙동대로점,경상북도,칠곡군,가산면,심곡리 377-9,36.1205277,128.4937259
편의점,씨유칠곡가산대로점,경상북도,칠곡군,가산면,천평리 350-1,36.0765725,128.5390262
편의점,세븐일레븐칠곡가산대로점,경상북도,칠곡군,가산면,천평리 554-1,36.0620557,128.5376332
편의점,논스톱24시,경상북도,칠곡군,가산면,천평리 2-5,36.0960887,128.5313436
편의점,지에스25가산소복이점,경상북도,칠곡군,가산면,학하리 525-3,36.0992755,128.4894665
편의점,세븐일레븐칠곡관호점,경상북도,칠곡군,약목면,관호리 889-15,36.0018708,128.3896669
편의점,지에스25칠곡대로점,경상북도,칠곡군,약목면,관호리 952-27,36.0001468,128.3912631
편의점,세븐일레븐약목대로점,경상북도,칠곡군,약목면,관호리 739-1,36.0091355,128.3872016
편의점,씨유약목,경상북도,칠곡군,약목면,복성리 861-9,36.0339794,128.3654067
편의점,지에스25약목복성점,경상북도,칠곡군,약목면,복성리 577-1,36.0451455,128.3457378
편의점,이마트24칠곡월드피아점,경상북도,칠곡군,기산면,죽전리 275-3,35.9854747,128.3804285
편의점,씨유칠곡기산점,경상북도,칠곡군,기산면,죽전리 254-6,35.9853853,128.3830267
편의점,세븐일레븐경북과학대점,경상북도,칠곡군,기산면,봉산리 123,35.9825671,128.3467386
편의점,씨유예천대심점,경상북도,예천군,예천읍,대심리 441-10,36.6512258,128.4410611
편의점,씨유예천서본,경상북도,예천군,예천읍,서본리 54-4,36.6557124,128.4504928
편의점,세븐일레븐예천양궁로점,경상북도,예천군,예천읍,남본리 88-7,36.6486975,128.4601251
편의점,지에스25예천으뜸점,경상북도,예천군,예천읍,백전리 108-9,36.6611453,128.4602983
편의점,씨유예천서,경상북도,예천군,예천읍,서본리 3-38,36.6567258,128.4530594
편의점,지에스25예천권,경상북도,예천군,예천읍,동본리 495-4,36.6573919,128.4584477
편의점,지에스25예천,경상북도,예천군,예천읍,노하리 64-1,36.6578683,128.4545434
편의점,지에스25예천,경상북도,예천군,예천읍,동본리 551-7,36.6555185,128.455999
편의점,씨유예천,경상북도,예천군,예천읍,남본리 218-5,36.6528555,128.4555251
편의점,지에스25예천,경상북도,예천군,예천읍,대심리 64-12,36.6486393,128.4439056
편의점,씨유예천,경상북도,예천군,예천읍,동본리 537-1,36.6563277,128.4556597
편의점,씨유예천효자,경상북도,예천군,예천읍,백전리 94-1,36.662677,128.4606265
편의점,GS25예천주공점,경상북도,예천군,예천읍,대심리 429-2,36.6521952,128.4410368
편의점,씨유예천파라다이스점,경상북도,예천군,예천읍,노하리 20-3,36.6580879,128.4562763
편의점,이마트24예천트레젠웰가점,경상북도,예천군,호명읍,금능리 769,36.5763334,128.4713359
편의점,씨제이올리브영경북도청,경상북도,예천군,호명읍,산합리 1414,36.5765681,128.4899908
편의점,세븐일레븐예천동일스위트점,경상북도,예천군,호명읍,산합리 1393,36.5795247,128.4828107
편의점,이마트24G플레이스점,경상북도,예천군,호명읍,산합리 1417,36.5758574,128.4898137
편의점,세븐일레븐경북도청,경상북도,예천군,호명읍,산합리 1406,36.5759988,128.4884365
편의점,지에스25예천호명타운점,경상북도,예천군,호명읍,산합리 1242,36.5764168,128.477992
편의점,지에스25호명우방점,경상북도,예천군,호명읍,산합리 1401,36.577363,128.4931829
편의점,마마트와고르드,경상북도,예천군,호명읍,산합리 1405,36.5757736,128.4881534
편의점,이마트24예천IC점,경상북도,예천군,보문면,작곡리 444-2,36.6678496,128.5312181
편의점,세븐일레븐예천,경상북도,예천군,유천면,매산리 386-4,36.620737,128.3760542
편의점,씨유예천신공항휴게소점,경상북도,예천군,유천면,매산리 380-3,36.6229277,128.3774771
편의점,우호,경상북도,예천군,용궁면,읍부리 269-8,36.6076694,128.276495
편의점,GS25예천공군점상품권,경상북도,예천군,개포면,가곡리 52,36.6063595,128.3548111
편의점,지에스25예천공군점,경상북도,예천군,개포면,가곡리 52,36.6063595,128.3548111
편의점,지에스25예천지보점,경상북도,예천군,지보면,소화리 501-16,36.5446153,128.3873471
편의점,GS25예천풍양점,경상북도,예천군,풍양면,낙상리 157-6,36.509992,128.3001758
편의점,지에스25예천풍양점,경상북도,예천군,풍양면,낙상리 157-6,36.509992,128.3001758
편의점,GS25예천풍양점상품권,경상북도,예천군,풍양면,낙상리 157-6,36.509992,128.3001758
편의점,씨유봉화,경상북도,봉화군,봉화읍,내성리 190-13,36.8884049,128.7379565
편의점,세븐일레븐봉화점,경상북도,봉화군,봉화읍,삼계리 32-15,36.8948036,128.7389481
편의점,씨유봉화,경상북도,봉화군,봉화읍,내성리 274-1,36.8905368,128.7406271
편의점,세븐일레븐봉화역점,경상북도,봉화군,봉화읍,해저리 107-5,36.8912633,128.7292267
편의점,세븐일레븐봉화춘양점,경상북도,봉화군,춘양면,의양리 366-35,36.9379587,128.9143481
편의점,씨유춘양중앙,경상북도,봉화군,춘양면,의양리 366-17,36.9384064,128.9143881
편의점,고운축산세븐일레븐봉화춘양점,경상북도,봉화군,춘양면,의양리 366-35,36.9379587,128.9143481
편의점,세븐일레븐봉화춘양점,경상북도,봉화군,춘양면,의양리 366-35,36.9379587,128.9143481
편의점,이삭푸드서비스GS25백두대간수목원점,경상북도,봉화군,춘양면,서벽리 485-1,37.0101467,128.827352
편의점,"고운축산,세븐일레븐봉화춘양점",경상북도,봉화군,춘양면,의양리 366-35,36.9379587,128.9143481
편의점,GS25봉화,경상북도,봉화군,소천면,현동리 696-1,36.9412637,129.0012048
편의점,GS25봉화석포점,경상북도,봉화군,석포면,석포리 474-40,37.0442354,129.0623443
편의점,씨유봉화석포점,경상북도,봉화군,석포면,석포리 569-12,37.044531,129.0619889
편의점,씨유울진뉴월변점,경상북도,울진군,울진읍,읍내리 302-1,36.9878075,129.398199
편의점,공원옷가게,경상북도,울진군,울진읍,읍내리 70-1,36.9927561,129.4013701
편의점,GS25울진,경상북도,울진군,울진읍,읍내리 582-9,36.9977786,129.4030076
편의점,세븐일레븐울진점,경상북도,울진군,울진읍,읍내리 298-8,36.9887947,129.3990087
편의점,지에스25울진군청점,경상북도,울진군,울진읍,읍내리 82-4,36.9921735,129.4009116
편의점,지에스25울진,경상북도,울진군,울진읍,읍내리 222-2,36.9848705,129.3969678
편의점,씨유울진연호로점,경상북도,울진군,울진읍,읍내리 532-23,36.9937504,129.4025019
편의점,GS25울진연호점,경상북도,울진군,울진읍,읍내리 551-13,36.9950391,129.4037647
편의점,씨유울진뉴,경상북도,울진군,울진읍,고성리 26-34,36.9973556,129.4014664
편의점,세븐일레븐울진연호점,경상북도,울진군,울진읍,읍내리 42-9,36.9919591,129.4038556
편의점,씨유울진,경상북도,울진군,울진읍,읍내리 85-2,36.9912465,129.4011006
편의점,씨유울진연호공원점,경상북도,울진군,울진읍,읍내리 1-4,36.9935851,129.4052286
편의점,CU,경상북도,울진군,울진읍,읍내리 576-25,36.9973311,129.4013643
편의점,지에스25울진베스트점,경상북도,울진군,울진읍,읍내리 48-1,36.9926681,129.4040151
편의점,GS25울진월변점,경상북도,울진군,울진읍,읍내리 437-5,36.9895938,129.3993342
편의점,씨유울진점,경상북도,울진군,울진읍,읍내리 196-7,36.9837633,129.3976099
편의점,씨유울진오션뷰점,경상북도,울진군,울진읍,온양리 306-13,37.015901,129.4122501
편의점,씨유평해점,경상북도,울진군,평해읍,평해리 934-4,36.7265441,129.4414919
편의점,세븐일레븐울진부구,경상북도,울진군,북면,부구리 143-7,37.1030653,129.374182
편의점,cu북면점로또복권방,경상북도,울진군,북면,부구리 164-2,37.104669,129.3744163
편의점,씨유덕구콘도점,경상북도,울진군,북면,덕구리 575,37.078836,129.283338
편의점,씨유덕구,경상북도,울진군,북면,덕구리 575,37.078836,129.283338
편의점,호텔덕구온천던킨,경상북도,울진군,북면,덕구리 575,37.078836,129.283338
편의점,세븐울진부구점,경상북도,울진군,북면,부구리 146-19,37.1016499,129.3730015
편의점,세븐일레븐울진북면원룸점,경상북도,울진군,북면,부구리 344,37.10144,129.3662754
편의점,지에스편의점(북면점),경상북도,울진군,북면,부구리 137-12,37.1038301,129.3745818
편의점,세븐일레븐울진북면혜광점,경상북도,울진군,북면,부구리 304-14,37.1009728,129.3694065
편의점,씨유북면점,경상북도,울진군,북면,부구리 164-2,37.104669,129.3744163
편의점,씨유울진근남점,경상북도,울진군,근남면,노음리 212-4,36.9638908,129.3974259
편의점,지에스25울진근남점,경상북도,울진군,근남면,노음리 303-3,36.9618225,129.3948939
편의점,세븐일레븐울진백암,경상북도,울진군,온정면,소태리 940-4,36.7221706,129.3437105
편의점,지에스25죽변면사무소점,경상북도,울진군,죽변면,후정리 329-32,37.0549458,129.4151653
편의점,세븐일레븐울진발전소점,경상북도,울진군,죽변면,후정리 715-3,37.0743215,129.4012764
편의점,GS25울진봉평점,경상북도,울진군,죽변면,봉평리 93,37.0444481,129.412013
편의점,씨유죽변,경상북도,울진군,죽변면,죽변리 390-77,37.0588488,129.4205675
편의점,세븐일레븐울진죽변점,경상북도,울진군,죽변면,후정리 184-8,37.0643951,129.4148336
편의점,이마트24울진봉평점,경상북도,울진군,죽변면,봉평리 259-3,37.0357093,129.4151814
편의점,CU울진죽변후정점,경상북도,울진군,죽변면,후정리 35-17,37.0658547,129.4176388
편의점,씨유울진봉평점,경상북도,울진군,죽변면,봉평리 187,37.0391369,129.4133442
편의점,GS25울진죽변점,경상북도,울진군,죽변면,죽변리 400-1,37.059046,129.4201593
편의점,씨유죽변점,경상북도,울진군,죽변면,죽변리 255-5,37.0615619,129.4210844
편의점,GS25죽변,경상북도,울진군,죽변면,죽변리 36-82,37.0590554,129.4231516
편의점,지에스25뉴죽변원룸점,경상북도,울진군,죽변면,후정리 177,37.0660176,129.4163818
편의점,지에스25울진후포,경상북도,울진군,후포면,후포리 316-120,36.6824874,129.4578646
편의점,GS25울진,경상북도,울진군,후포면,후포리 623-18,36.6796768,129.4518135
편의점,지에스25울진대게로점,경상북도,울진군,후포면,후포리 1157,36.6790839,129.4636043
편의점,씨유7번국도점,경상북도,울진군,후포면,후포리 917-18,36.6930623,129.4432537
편의점,세븐일레븐울진후포마린점,경상북도,울진군,후포면,삼율리 278-4,36.6779802,129.4413179
편의점,지에스25후포대로점,경상북도,울진군,후포면,금음리 4-3,36.6731921,129.4391155
편의점,씨유후포해수욕장점,경상북도,울진군,후포면,후포리 1036-78,36.678314,129.4467909
편의점,GS25후포삼율점,경상북도,울진군,후포면,삼율리 290-1,36.6786552,129.4416052
편의점,GS25후포,경상북도,울진군,후포면,삼율리 344-1,36.6828093,129.4417299
편의점,지에스25후포,경상북도,울진군,후포면,삼율리 52-1,36.6811151,129.4431294
편의점,이마트24울진후포삼율점,경상북도,울진군,후포면,삼율리 543-3,36.6849656,129.4424692
편의점,지에스25후포해수욕장점,경상북도,울진군,후포면,삼율리 124-28,36.6771412,129.444618
편의점,씨유울진후포서광E1,경상북도,울진군,후포면,금음리 66,36.669186,129.4351462
편의점,세븐일레븐울진후포,경상북도,울진군,후포면,삼율리 310-3,36.6800073,129.4418737
편의점,세븐일레븐울진,경상북도,울진군,후포면,후포리 623-133,36.6813665,129.455059
편의점,씨스페이스울진,경상북도,울진군,후포면,후포리 1036-12,36.6790143,129.446311
편의점,GS25울릉도동점,경상북도,울릉군,울릉읍,도동리 71,37.4827875,130.9082154
편의점,씨유울릉저동항점,경상북도,울릉군,울릉읍,저동리 60-3,37.4964463,130.9096887
편의점,지에스25울릉저동점,경상북도,울릉군,울릉읍,도동리 338-9,37.4923294,130.9091315
편의점,씨유울릉,경상북도,울릉군,울릉읍,사동리 678,37.4657207,130.8787469
편의점,씨유울릉사동비치점,경상북도,울릉군,울릉읍,사동리 193-6,37.4757388,130.8942341
편의점,씨유울릉도점,경상북도,울릉군,울릉읍,도동리 49-15,37.4834485,130.9087579
편의점,씨유울릉,경상북도,울릉군,울릉읍,사동리 570,37.462655,130.8763792
편의점,씨유울릉,경상북도,울릉군,울릉읍,도동리 297-10,37.4920877,130.9095469
편의점,씨유울릉,경상북도,울릉군,울릉읍,사동리 678,37.4657207,130.8787469
편의점,씨유울릉도동,경상북도,울릉군,울릉읍,도동리 224-4,37.4851021,130.9024976
편의점,씨유울릉남양점,경상북도,울릉군,서면,남양리 603,37.4660952,130.8385767
편의점,GS25울릉크루즈점상품권,경상북도,울릉군,북면,현포리 766-1,37.5189983,130.8142835
편의점,씨유울릉천부,경상북도,울릉군,북면,천부리 527-1,37.5409023,130.8739153
편의점,지에스25창원유니1단지점,경상남도,창원시,의창구,중동 790,35.2539763,128.6256129
편의점,씨유창원어반브릭스점,경상남도,창원시,의창구,중동 784-1,35.2566626,128.6250406
편의점,지에스25창원어반브릭스점,경상남도,창원시,의창구,중동 784-1,35.2566626,128.6250406
편의점,씨제이올리브영창원,경상남도,창원시,의창구,중동 784-1,35.2566626,128.6250406
편의점,씨유창원서상원룸점,경상남도,창원시,의창구,서상동 706-16,35.2553341,128.6200057
편의점,세븐일레븐창원서상,경상남도,창원시,의창구,서상동 702-14,35.2555685,128.6220752
편의점,세븐일레븐창원어반브릭스,경상남도,창원시,의창구,중동 784-1,35.2566626,128.6250406
편의점,지에스25중동,경상남도,창원시,의창구,서상동 665-11,35.2602516,128.6254247
편의점,지에스25창원,경상남도,창원시,의창구,서상동 691-6,35.2563895,128.6229541
편의점,이마트24창원서상원룸점,경상남도,창원시,의창구,서상동 671-9,35.2589662,128.6241768
편의점,씨유창원중동원룸점,경상남도,창원시,의창구,서상동 663-22,35.2609011,128.6239041
편의점,이마트24창원대동다숲점,경상남도,창원시,의창구,서상동 651-19,35.2610471,128.6205504
편의점,이마트24창원중동원룸점,경상남도,창원시,의창구,서상동 684-10,35.2567589,128.6211356
편의점,세븐일레븐창원서상,경상남도,창원시,의창구,서상동 422,35.2634603,128.6209176
편의점,씨유창원중동,경상남도,창원시,의창구,서상동 688-7,35.2567911,128.6227531
편의점,세븐창원소답센타점,경상남도,창원시,의창구,소답동 139-22,35.2617045,128.6266101
편의점,블루25세안,경상남도,창원시,의창구,소답동 116-4,35.2626371,128.6263061
편의점,씨유창원중동해오름점,경상남도,창원시,의창구,중동 769-2,35.2600212,128.6306328
편의점,GS25소답,경상남도,창원시,의창구,소답동 138-1,35.26235,128.6267077
편의점,GS25창원미도점,경상남도,창원시,의창구,소답동 142-33,35.2627299,128.6291665
편의점,씨유창원소답베스트점,경상남도,창원시,의창구,소답동 134-1,35.2643546,128.6267773
편의점,지에스25소답의안로,경상남도,창원시,의창구,소답동 113-21,35.2618093,128.6239394
편의점,세븐창원소답1호점,경상남도,창원시,의창구,소답동 121-4,35.2651807,128.6264957
편의점,세븐일레븐창원소답,경상남도,창원시,의창구,소답동 121-4,35.2651807,128.6264957
편의점,세븐일레븐창원소답,경상남도,창원시,의창구,소답동 106-1,35.2654549,128.6240511
편의점,씨유,경상남도,창원시,의창구,소답동 120-1,35.2647044,128.6255307
편의점,씨제이올리브영,경상남도,창원시,의창구,소답동 121-6,35.2651813,128.6258399
편의점,씨유창원중동디세븐파크점,경상남도,창원시,의창구,중동 776-3,35.2593393,128.6277526
편의점,지에스25중동유니스타,경상남도,창원시,의창구,중동 778-1,35.2596409,128.6288388
편의점,세븐일레븐창원소답센타점,경상남도,창원시,의창구,소답동 139-22,35.2617045,128.6266101
편의점,씨유장수소답점,경상남도,창원시,의창구,소답동 111-2,35.2627416,128.6239705
편의점,미니스톱창원,경상남도,창원시,의창구,중동 759-6,35.2607895,128.6287608
편의점,지에스25창원도계로점,경상남도,창원시,의창구,도계동 412-6,35.2567679,128.640117
편의점,지에스25도계학원점,경상남도,창원시,의창구,도계동 307-7,35.2609511,128.6354067
편의점,씨유도계화목점,경상남도,창원시,의창구,도계동 323-3,35.2604482,128.6390823
편의점,씨제이올리브영창원,경상남도,창원시,의창구,도계동 353-2,35.2587334,128.6379535
편의점,씨유도계,경상남도,창원시,의창구,도계동 410-15,35.256827,128.6387226
편의점,씨유창원,경상남도,창원시,의창구,도계동 349-1,35.2581049,128.6358977
편의점,미니스톱창원도계태백점,경상남도,창원시,의창구,도계동 402-1,35.2568547,128.6363426
편의점,씨유창원도계,경상남도,창원시,의창구,도계동 307-4,35.2603937,128.634279
편의점,지에스25창원도계,경상남도,창원시,의창구,도계동 408-1,35.2564216,128.6381508
편의점,세븐일레븐창원도계스마일점,경상남도,창원시,의창구,도계동 421-4,35.254962,128.6393864
편의점,세븐일레븐창원도계상생점,경상남도,창원시,의창구,도계동 353-2,35.2587334,128.6379535
편의점,지에스25도계,경상남도,창원시,의창구,도계동 311-21,35.2607036,128.6377581
편의점,창원역맞이종합편의점스토리웨이,경상남도,창원시,의창구,동정동 708-76,35.2584237,128.6072567
편의점,씨유창원동정점,경상남도,창원시,의창구,동정동 290-31,35.262887,128.6158834
편의점,씨유창원소계점,경상남도,창원시,의창구,소계동 707-6,35.2575248,128.600465
편의점,이마트24시창원소계점,경상남도,창원시,의창구,소계동 710-24,35.257876,128.601467
편의점,GS25창원소계점,경상남도,창원시,의창구,소계동 712-37,35.2560933,128.6001948
편의점,창원중앙역맞이방,경상남도,창원시,의창구,용동 144-7,35.2416169,128.7016956
편의점,세븐일레븐창원봉림,경상남도,창원시,의창구,봉림동 714,35.2510516,128.6657063
편의점,씨유창원봉림주공점,경상남도,창원시,의창구,봉림동 529,35.254271,128.6700059
편의점,코리아세븐창원봉림,경상남도,창원시,의창구,봉림동 714,35.2510516,128.6657063
편의점,지에스25봉림애플점,경상남도,창원시,의창구,봉림동 713-1,35.2513154,128.6673115
편의점,GS25창원,경상남도,창원시,의창구,봉림동 704-8,35.2504827,128.6709219
편의점,창원대학교생활협동조합-미니빈,경상남도,창원시,의창구,퇴촌동 69,35.2468189,128.6920771
편의점,이마트24창원대봉림관점,경상남도,창원시,의창구,퇴촌동 69,35.2468189,128.6920771
편의점,이마트24창원대점창원대학교생활협동조합,경상남도,창원시,의창구,퇴촌동 69,35.2468189,128.6920771
편의점,이마트24창원대위성점,경상남도,창원시,의창구,퇴촌동 69,35.2468189,128.6920771
편의점,세븐일레븐창원대학교생활관점,경상남도,창원시,의창구,퇴촌동 산69,35.2489093,128.6889761
편의점,지에스25팔용대로점,경상남도,창원시,의창구,서상동 709-10,35.2549199,128.6192659
편의점,더큰편의점,경상남도,창원시,의창구,명서동 206-3,35.2397106,128.6487424
편의점,씨유창원서부대로점,경상남도,창원시,의창구,명서동 13-1,35.2517536,128.6383837
편의점,지에스25명서우곡점,경상남도,창원시,의창구,명서동 205-5,35.2404495,128.648931
편의점,블루25하나편의점,경상남도,창원시,의창구,명서동 163-30,35.2470166,128.6509153
편의점,씨유창원명서베스트점,경상남도,창원시,의창구,명서동 83-1,35.2482473,128.6412902
편의점,GS25창원명서로점,경상남도,창원시,의창구,명서동 18-13,35.2494331,128.6428334
편의점,씨유창원명서점,경상남도,창원시,의창구,명서동 201-6,35.2413271,128.6496501
편의점,지에스25명서드림,경상남도,창원시,의창구,명서동 167-14,35.248036,128.6491569
편의점,세븐일레븐창원명서일번가점,경상남도,창원시,의창구,명서동 36-1,35.2507479,128.6457914
편의점,흥부점,경상남도,창원시,의창구,명서동 180-20,35.2439762,128.6483883
편의점,세븐일레븐창원명서,경상남도,창원시,의창구,명서동 207-6,35.240041,128.6485527
편의점,GS25명서,경상남도,창원시,의창구,명서동 208-1,35.2404189,128.6476575
편의점,씨유창원명서,경상남도,창원시,의창구,명서동 201-10,35.2417921,128.6488357
편의점,세븐일레븐창원명서점,경상남도,창원시,의창구,명서동 74-1,35.2492184,128.6471407
편의점,지에스25창원명서점,경상남도,창원시,의창구,명서동 199-6,35.2424638,128.6494391
편의점,씨유창원명서월드점,경상남도,창원시,의창구,명서동 52-14,35.2497014,128.6466743
편의점,씨유창원,경상남도,창원시,의창구,명서동 27,35.2527858,128.644489
편의점,뉴아람마트명서점,경상남도,창원시,의창구,명서동 42-14,35.2478948,128.6434728
편의점,세븐창원명서점,경상남도,창원시,의창구,명서동 74-1,35.2492184,128.6471407
편의점,CU창원파티마,경상남도,창원시,의창구,명서동 212,35.2372409,128.645665
편의점,씨유창원명서대로점,경상남도,창원시,의창구,명서동 167-8,35.247599,128.6499231
편의점,세븐일레븐창원명서,경상남도,창원시,의창구,명서동 199-1,35.2431102,128.6483092
편의점,창원미래리움점,경상남도,창원시,의창구,사림동 162-5,35.238467,128.6981961
편의점,세븐일레븐창원미래리움점,경상남도,창원시,의창구,사림동 162-5,35.238467,128.6981961
편의점,이마트24경남대표도서관점,경상남도,창원시,의창구,사림동 129-1,35.2493866,128.6820073
편의점,씨유창원,경상남도,창원시,의창구,사림동 161-1,35.2366364,128.6973334
편의점,CU창원대,경상남도,창원시,의창구,사림동 47-5,35.2424318,128.6857545
편의점,씨유창원한마음,경상남도,창원시,의창구,사림동 164-1,35.237912,128.69905
편의점,씨유창원사림원룸점,경상남도,창원시,의창구,사림동 99-1,35.2449358,128.6743525
편의점,씨유창원대,경상남도,창원시,의창구,사림동 55-19,35.2422709,128.6880684
편의점,이마트24R창원시그니처M점,경상남도,창원시,의창구,사림동 162-4,35.2382188,128.6977667
편의점,세븐일레븐창원미래리움카페점,경상남도,창원시,의창구,사림동 162-7,35.2390872,128.6976355
편의점,미니스톱창원사림점,경상남도,창원시,의창구,사림동 54-1,35.2423285,128.6892421
편의점,GS25창원사림점,경상남도,창원시,의창구,사림동 144-13,35.2452754,128.6830411
편의점,GS25사림미래점,경상남도,창원시,의창구,사림동 114-1,35.2470624,128.679163
편의점,지에스25창원,경상남도,창원시,의창구,사림동 161-1,35.2366364,128.6973334
편의점,씨유창원대원룸점,경상남도,창원시,의창구,사림동 14-16,35.240471,128.6881626
편의점,세븐창원미래리움점,경상남도,창원시,의창구,사림동 162-5,35.238467,128.6981961
편의점,이마트24경남도청점,경상남도,창원시,의창구,사림동 1,35.2371167,128.6912658
편의점,세븐일레븐창원사림부일점,경상남도,창원시,의창구,사림동 84-1,35.2466153,128.6788787
편의점,지에스25창원대학교점,경상남도,창원시,의창구,사림동 54-6,35.2423372,128.6900116
편의점,세븐일레븐창원대원룸점,경상남도,창원시,의창구,사림동 27-7,35.2412575,128.6867539
편의점,세븐일레븐창원사림,경상남도,창원시,의창구,사림동 43-1,35.2444895,128.6839834
편의점,이마트24창원,경상남도,창원시,의창구,사림동 166-2,35.2392206,128.7004214
편의점,씨유창원,경상남도,창원시,의창구,봉곡동 33-1,35.2445238,128.6501183
편의점,지에스25창원하늘채점,경상남도,창원시,의창구,봉곡동 58-1,35.2468785,128.6553272
편의점,이마트24창원푸른점,경상남도,창원시,의창구,봉곡동 64-11,35.2460847,128.6594494
편의점,세븐일레븐창원,경상남도,창원시,의창구,봉곡동 34-8,35.2442896,128.6494647
편의점,씨유창원봉림점,경상남도,창원시,의창구,봉곡동 136-12,35.2475378,128.6707822
편의점,세븐창원봉곡점,경상남도,창원시,의창구,봉곡동 38-1,35.2429168,128.6518273
편의점,지에스25창원지귀,경상남도,창원시,의창구,봉곡동 59-10,35.2457033,128.6579414
편의점,씨유창원봉곡,경상남도,창원시,의창구,봉곡동 15-10,35.2471986,128.6541216
편의점,세븐일레븐창원,경상남도,창원시,의창구,봉곡동 38-1,35.2429168,128.6518273
편의점,세븐일레븐창원봉곡,경상남도,창원시,의창구,봉곡동 175-1,35.247274,128.675795
편의점,지에스창원,경상남도,창원시,의창구,봉곡동 34-5,35.2437473,128.6490043
편의점,씨유창원봉곡월드점,경상남도,창원시,의창구,봉곡동 75-1,35.2477104,128.6591406
편의점,씨유창원지귀점,경상남도,창원시,의창구,봉곡동 61-15,35.2451126,128.6598261
편의점,지에스25창원봉곡로점,경상남도,창원시,의창구,봉곡동 110-1,35.2490769,128.6664414
편의점,코리아세븐창원봉곡,경상남도,창원시,의창구,봉곡동 175-1,35.247274,128.675795
편의점,GS25봉곡성우점,경상남도,창원시,의창구,봉곡동 31-4,35.2446582,128.6494849
편의점,씨유창원,경상남도,창원시,의창구,봉곡동 36-5,35.2431616,128.6504258
편의점,씨유명곡로타리점,경상남도,창원시,의창구,봉곡동 29-9,35.2441327,128.6524292
편의점,세븐일레븐창원봉곡햇살점,경상남도,창원시,의창구,봉곡동 37-2,35.2429896,128.6511096
편의점,지에스25창원대명점,경상남도,창원시,의창구,봉곡동 175-14,35.2477131,128.677598
편의점,지에스25창원봉림점,경상남도,창원시,의창구,봉곡동 140-1,35.2463522,128.6711369
편의점,세븐창원봉곡햇살점,경상남도,창원시,의창구,봉곡동 37-2,35.2429896,128.6511096
편의점,세븐일레븐,경상남도,창원시,의창구,봉곡동 38-1,35.2429168,128.6518273
편의점,이마트24창원팔용,경상남도,창원시,의창구,팔용동 114-7,35.2549839,128.6119355
편의점,GS25창원팔용점,경상남도,창원시,의창구,팔용동 155-1,35.2563955,128.607785
편의점,씨유창원팔용네오점,경상남도,창원시,의창구,팔용동 14-7,35.2341236,128.6393255
편의점,씨유창원팔용,경상남도,창원시,의창구,팔용동 174-6,35.2593379,128.6134029
편의점,블루25시,경상남도,창원시,의창구,팔용동 61-11,35.2447923,128.6137884
편의점,이마트24창원팔용동행복권점,경상남도,창원시,의창구,팔용동 166-13,35.2597612,128.6110674
편의점,GS25팔용,경상남도,창원시,의창구,팔용동 154-5,35.2557476,128.6077426
편의점,세븐창원팔용사화점,경상남도,창원시,의창구,팔용동 116-8,35.2555245,128.6124342
편의점,세븐창원팔용중앙점,경상남도,창원시,의창구,팔용동 161-4,35.2568006,128.6094245
편의점,씨유창원팔용영웅점,경상남도,창원시,의창구,팔용동 135-7,35.2560718,128.6092348
편의점,씨유창원팔용산업단지점,경상남도,창원시,의창구,팔용동 39-15,35.2420538,128.6326755
편의점,지에스25창원무역로점,경상남도,창원시,의창구,팔용동 8-43,35.2276174,128.6385337
편의점,이마트24창원팔용점,경상남도,창원시,의창구,팔용동 166-13,35.2597612,128.6110674
편의점,세븐창원팔용벽산점,경상남도,창원시,의창구,팔용동 122,35.2530624,128.6176752
편의점,이마트24창원스마트업점,경상남도,창원시,의창구,팔용동 40-11,35.2408059,128.6319897
편의점,이마트24창원공구,경상남도,창원시,의창구,팔용동 15-10,35.2329404,128.641423
편의점,GS25창원드림타운점,경상남도,창원시,의창구,팔용동 40-9,35.240001,128.6333101
편의점,씨제이올리브영창원팔용점,경상남도,창원시,의창구,팔용동 102-7,35.2561862,128.6135845
편의점,지에스25팔용,경상남도,창원시,의창구,팔용동 159-1,35.2567473,128.608651
편의점,세븐일레븐창원팔용,경상남도,창원시,의창구,팔용동 161-4,35.2568006,128.6094245
편의점,씨유창원팔용스타일점,경상남도,창원시,의창구,팔용동 31-2,35.2349016,128.6424393
편의점,CU창원팔용SK점,경상남도,창원시,의창구,팔용동 212,35.2539259,128.6062568
편의점,지에스25팔용원풍점,경상남도,창원시,의창구,팔용동 78-14,35.252461,128.6148605
편의점,세븐창원팔용점,경상남도,창원시,의창구,팔용동 169-1,35.2596436,128.6124647
편의점,씨유차룡단지점,경상남도,창원시,의창구,팔용동 58-4,35.2380213,128.6322927
편의점,지에스25창원프라하점,경상남도,창원시,의창구,팔용동 34-17,35.2376176,128.6403087
편의점,지에스25창원반계LH점,경상남도,창원시,의창구,팔용동 216,35.253291,128.6041132
편의점,씨제이올리브영창원역점,경상남도,창원시,의창구,팔용동 157-3,35.2569492,128.60769
편의점,지에스25창원웰빙점,경상남도,창원시,의창구,팔용동 42-1,35.2516195,128.6197661
편의점,세븐일레븐창원팔용사화점,경상남도,창원시,의창구,팔용동 116-8,35.2555245,128.6124342
편의점,GS25창원극동점,경상남도,창원시,의창구,팔용동 104-1,35.2549972,128.6123939
편의점,씨유창원팔용쉼터점,경상남도,창원시,의창구,팔용동 194-8,35.2608548,128.6159915
편의점,지에스25창원서상,경상남도,창원시,의창구,팔용동 187-10,35.2601399,128.6168713
편의점,씨유창원팔용디오점,경상남도,창원시,의창구,팔용동 34-9,35.2369454,128.6428409
편의점,이마트24창원팔용벽산점,경상남도,창원시,의창구,팔용동 123-1,35.254398,128.6178608
편의점,GS25창원,경상남도,창원시,의창구,팔용동 100,35.2545916,128.6128088
편의점,지에스25신화,경상남도,창원시,의창구,팔용동 23-7,35.2468951,128.6137752
편의점,지에스25팔용중앙,경상남도,창원시,의창구,팔용동 154-10,35.2561129,128.6082818
편의점,GS25창원새미래점,경상남도,창원시,의창구,팔용동 101,35.2553239,128.6134721
편의점,씨스페이스창원,경상남도,창원시,의창구,팔용동 35-8,35.2364644,128.6403593
편의점,대운,경상남도,창원시,의창구,팔용동 40-5,35.2411591,128.6314033
편의점,세븐일레븐창원동읍주남점,경상남도,창원시,의창구,동읍 다호리 101-4,35.2991815,128.6697099
편의점,GS25동,경상남도,창원시,의창구,동읍 용잠리 385-5,35.2778797,128.6859532
편의점,씨유동,경상남도,창원시,의창구,동읍 용잠리 227-3,35.2788465,128.6894922
편의점,지에스25창원자여점,경상남도,창원시,의창구,동읍 용정리 22-14,35.2754189,128.7050279
편의점,이마트24창원동읍로점,경상남도,창원시,의창구,동읍 화양리 169-3,35.3082827,128.6559734
편의점,세븐창원주남점,경상남도,창원시,의창구,동읍 용잠리 419-10,35.2776328,128.6844345
편의점,씨유창원자여주공점,경상남도,창원시,의창구,동읍 송정리 21-1,35.2780345,128.7016317
편의점,지에스25창원원창호수점,경상남도,창원시,의창구,동읍 용잠리 372-1,35.2769623,128.6850982
편의점,지에스25창원동읍한가족점,경상남도,창원시,의창구,동읍 신방리 383,35.2943495,128.6748769
편의점,씨유창원동읍,경상남도,창원시,의창구,동읍 용잠리 369-4,35.277306,128.6839382
편의점,이마트24창원동읍봉강점,경상남도,창원시,의창구,동읍 봉강리 135-1,35.3526331,128.6568766
편의점,세븐일레븐창원주남점,경상남도,창원시,의창구,동읍 용잠리 419-10,35.2776328,128.6844345
편의점,씨유창원자여베스트점,경상남도,창원시,의창구,동읍 봉산리 4-2,35.2782854,128.6992099
편의점,세븐일레븐창원동읍,경상남도,창원시,의창구,동읍 신방리 361-4,35.2955027,128.6744964
편의점,씨유창원모암주유소점,경상남도,창원시,의창구,동읍 신방리 440,35.2921641,128.6755801
편의점,씨유창원북면내곡점,경상남도,창원시,의창구,북면 신촌리 1226-9,35.3401845,128.6005459
편의점,씨유창원감계힐스점,경상남도,창원시,의창구,북면 감계리 231-10,35.3032935,128.5993129
편의점,씨유창원동전,경상남도,창원시,의창구,북면 동전리 713-1,35.315839,128.6028003
편의점,세븐일레븐창원무동점,경상남도,창원시,의창구,북면 무동리 147-2,35.3166223,128.5852593
편의점,이마트24감계,경상남도,창원시,의창구,북면 감계리 225-2,35.3007029,128.5854213
편의점,세븐창원감계아내점,경상남도,창원시,의창구,북면 감계리 227-2,35.3031998,128.5911322
편의점,슬기로운맥주창고창원북면감계점,경상남도,창원시,의창구,북면 감계리 249-4,35.3019969,128.5921885
편의점,세븐일레븐창원동전,경상남도,창원시,의창구,북면 화천리 432-21,35.3079701,128.6006103
편의점,씨유창원감계점,경상남도,창원시,의창구,북면 감계리 234-2,35.3020144,128.5940529
편의점,GS25신북면,경상남도,창원시,의창구,북면 신촌리 1461-7,35.3534982,128.6122458
편의점,지에스25북면,경상남도,창원시,의창구,북면 신촌리 567-1,35.3495331,128.6073022
편의점,CU창원무동점,경상남도,창원시,의창구,북면 무동리 122-1,35.3204376,128.5834501
편의점,씨유창원감계점,경상남도,창원시,의창구,북면 감계리 234-2,35.3020144,128.5940529
편의점,GS25북면,경상남도,창원시,의창구,북면 신촌리 443-4,35.353874,128.609099
편의점,지에스25신북면,경상남도,창원시,의창구,북면 신촌리 1461-7,35.3534982,128.6122458
편의점,씨유창원북면감계점,경상남도,창원시,의창구,북면 감계리 233-1,35.3019395,128.5955644
편의점,미니스톱,경상남도,창원시,의창구,북면 화천리 329,35.3025272,128.6015216
편의점,씨유창원감계점,경상남도,창원시,의창구,북면 감계리 234-2,35.3020144,128.5940529
편의점,지에스25동전산업단지점,경상남도,창원시,의창구,북면 동전리 708-1,35.3169142,128.6038069
편의점,씨제이올리브영창원감계점,경상남도,창원시,의창구,북면 감계리 234-2,35.3020144,128.5940529
편의점,영준유통,경상남도,창원시,의창구,북면 동전리 709-2,35.316306,128.6035947
편의점,GS25북면대호점,경상남도,창원시,의창구,북면 신촌리 995-1,35.3454279,128.6054416
편의점,세븐창원무동지구점,경상남도,창원시,의창구,북면 무동리 154-1,35.3157794,128.5811946
편의점,씨유창원감계현대점,경상남도,창원시,의창구,북면 감계리 227-1,35.3032126,128.5885284
편의점,씨유창원북면,경상남도,창원시,의창구,북면 신촌리 406-4,35.3545926,128.6093982
편의점,씨유창원대산,경상남도,창원시,의창구,대산면 가술리 10-5,35.3453648,128.7097288
편의점,세븐일레븐창원대산제동점,경상남도,창원시,의창구,대산면 제동리 543-1,35.3206046,128.6986279
편의점,씨유창원대산공단점,경상남도,창원시,의창구,대산면 가술리 388-9,35.3324024,128.7068093
편의점,지에스25대산조은점,경상남도,창원시,의창구,대산면 제동리 265-5,35.3363981,128.7093678
편의점,씨유창원대산해강점,경상남도,창원시,의창구,대산면 가술리 108-1,35.3386997,128.7083505
편의점,지에스25창원대산글로벌점,경상남도,창원시,의창구,대산면 가술리 707-1,35.3320937,128.7018087
편의점,지에스25창원다은2점,경상남도,창원시,성산구,가음정동 391-5,35.2059905,128.6861775
편의점,이마트24창원라포레점,경상남도,창원시,성산구,가음정동 391-9,35.208812,128.6848921
편의점,지에스25창원다은1점,경상남도,창원시,성산구,가음정동 391-12,35.2077652,128.6857891
편의점,세븐일레븐,경상남도,창원시,성산구,외동 853-35,35.2121306,128.6790844
편의점,씨유창원외동월드점,경상남도,창원시,성산구,외동 853-16,35.2129859,128.6766785
편의점,지에스25성산대방점,경상남도,창원시,성산구,대방동 362-1,35.2092349,128.707021
편의점,대방상회,경상남도,창원시,성산구,대방동 344-9,35.2145752,128.7093454
편의점,세븐일레븐창원대방덕산점,경상남도,창원시,성산구,대방동 356,35.2127965,128.7065623
편의점,씨유창원성산대영점,경상남도,창원시,성산구,대방동 362-5,35.2093863,128.7078338
편의점,씨유창원대방대로점,경상남도,창원시,성산구,대방동 350-1,35.2125481,128.7101269
편의점,씨유창원,경상남도,창원시,성산구,대방동 355,35.2148396,128.7068887
편의점,지에스25창원성원,경상남도,창원시,성산구,대방동 355,35.2148396,128.7068887
편의점,찬늘라면,경상남도,창원시,성산구,대방동 365-3,35.2078788,128.7081664
편의점,지에스25대방덕산,경상남도,창원시,성산구,대방동 375,35.204441,128.7091675
편의점,GS25창원,경상남도,창원시,성산구,대방동 366-4,35.2073043,128.708311
편의점,위드미창원남산,경상남도,창원시,성산구,남산동 629-12,35.2016711,128.6984394
편의점,씨유현대위아이룸재점,경상남도,창원시,성산구,남산동 601-19,35.2042032,128.692051
편의점,씨유현대위아2공장점,경상남도,창원시,성산구,남산동 601-2,35.2028048,128.6923772
편의점,지에스25창원,경상남도,창원시,성산구,남산동 601-23,35.2018959,128.6960906
편의점,지에스25창원경상대,경상남도,창원시,성산구,성주동 146-1,35.1995024,128.7075978
편의점,씨유창원천선점,경상남도,창원시,성산구,천선동 1168-10,35.1854109,128.6932053
편의점,지에스25안민청솔점,경상남도,창원시,성산구,안민동 163-1,35.1870261,128.6895702
편의점,씨유창원안민,경상남도,창원시,성산구,안민동 43-3,35.1883643,128.6936534
편의점,씨유창원안민점,경상남도,창원시,성산구,안민동 100,35.1860151,128.6905684
편의점,지에스25창원위드필점,경상남도,창원시,성산구,안민동 196,35.1901005,128.6865965
편의점,GS25창원안민점,경상남도,창원시,성산구,안민동 34-1,35.1889592,128.6937337
편의점,세븐일레븐창원,경상남도,창원시,성산구,내동 456-21,35.2182609,128.668217
편의점,이마트24두산모트롤점,경상남도,창원시,성산구,내동 456-3,35.21605,128.6689934
편의점,씨유창원내동,경상남도,창원시,성산구,내동 454-5,35.2207697,128.663982
편의점,GS25뉴효성1공장점,경상남도,창원시,성산구,내동 454-2,35.2196155,128.6604132
편의점,지에스25뉴효성1공장점,경상남도,창원시,성산구,내동 454-2,35.2196155,128.6604132
편의점,제일정성,경상남도,창원시,성산구,내동 456-8,35.2150486,128.6665105
편의점,지에스25창원삼귀점,경상남도,창원시,성산구,귀산동 404-3,35.1656887,128.6143982
편의점,지에스25성산귀산점,경상남도,창원시,성산구,귀산동 552,35.1634606,128.6075874
편의점,씨유창원,경상남도,창원시,성산구,귀곡동 721-2,35.1698909,128.5990764
편의점,이마트24창원귀산점,경상남도,창원시,성산구,귀곡동 703,35.1724069,128.5948388
편의점,GS25창원귀곡등대점,경상남도,창원시,성산구,귀곡동 655-3,35.168887,128.6001737
편의점,지에스25두산기숙사점,경상남도,창원시,성산구,귀현동 100,35.1899672,128.6026925
편의점,지에스25한화디펜스점,경상남도,창원시,성산구,신촌동 69-2,35.2136565,128.6328951
편의점,씨유창원신촌메디컬점,경상남도,창원시,성산구,신촌동 33-13,35.1999793,128.6284309
편의점,지에스25창원,경상남도,창원시,성산구,신촌동 33-8,35.1984151,128.6282554
편의점,씨유창원,경상남도,창원시,성산구,신촌동 34-2,35.202137,128.6277607
편의점,지에스25성산창곡로점,경상남도,창원시,성산구,신촌동 122,35.2111709,128.6465305
편의점,지에스성산월림공단점,경상남도,창원시,성산구,신촌동 103-1,35.2082919,128.6413096
편의점,지에스25창원,경상남도,창원시,성산구,신촌동 21-7,35.204631,128.62834
편의점,세븐일레븐창원반지점,경상남도,창원시,성산구,반지동 82-22,35.2405509,128.6620902
편의점,지에스25반지,경상남도,창원시,성산구,반지동 90-9,35.239277,128.6591624
편의점,지에스25성산반딧불점,경상남도,창원시,성산구,반지동 102-15,35.2414234,128.6609487
편의점,씨유창원반지점,경상남도,창원시,성산구,반지동 41-20,35.2415572,128.6617993
편의점,GS25반지,경상남도,창원시,성산구,반지동 23,35.2446908,128.6699975
편의점,세븐일레븐창원반지,경상남도,창원시,성산구,반지동 40-19,35.2420062,128.6614354
편의점,지에스25성산반지점,경상남도,창원시,성산구,반지동 76-6,35.2393793,128.6626862
편의점,씨유창원반지,경상남도,창원시,성산구,반지동 103-1,35.2440964,128.6602769
편의점,씨유창원반지,경상남도,창원시,성산구,반지동 69-1,35.2387687,128.6625933
편의점,지에스25창원까치,경상남도,창원시,성산구,반지동 24,35.2450996,128.6674531
편의점,행복플러스25시편의점,경상남도,창원시,성산구,반지동 117-10,35.2407857,128.6555221
편의점,씨유창원중앙스타일점,경상남도,창원시,성산구,중앙동 60-10,35.2252472,128.6755218
편의점,씨유창원리제스점,경상남도,창원시,성산구,중앙동 96-4,35.2229356,128.6782711
편의점,지에스25창원스포츠파크점,경상남도,창원시,성산구,중앙동 1,35.2324575,128.6664262
편의점,씨유창원인터빌점,경상남도,창원시,성산구,중앙동 101-2,35.219063,128.6749898
편의점,지에스25창원서광점,경상남도,창원시,성산구,중앙동 100-4,35.2201466,128.6759086
편의점,세븐일레븐창원중앙,경상남도,창원시,성산구,중앙동 3-9,35.2297513,128.6756851
편의점,지에스25성산코아점,경상남도,창원시,성산구,중앙동 80-6,35.2264473,128.6778951
편의점,GS25블루힐스점,경상남도,창원시,성산구,중앙동 99-2,35.221116,128.675511
편의점,지에스25용지,경상남도,창원시,성산구,중앙동 2-1,35.2313636,128.6729355
편의점,씨유창원중앙오피스점,경상남도,창원시,성산구,중앙동 88-1,35.2270827,128.6792101
편의점,이마트24창원,경상남도,창원시,성산구,중앙동 97-6,35.2212244,128.6768262
편의점,이마트24R창원외동반림점,경상남도,창원시,성산구,중앙동 31-9,35.2259625,128.6742742
편의점,세븐일레븐창원중앙용지점,경상남도,창원시,성산구,중앙동 16-16,35.2291932,128.6736322
편의점,세븐창원오거리점,경상남도,창원시,성산구,중앙동 70-8,35.2272365,128.677249
편의점,GS25창원동광뷰엘점,경상남도,창원시,성산구,중앙동 94-2,35.2250057,128.6788107
편의점,이마트24창원홈런점,경상남도,창원시,성산구,중앙동 67-11,35.2242923,128.6771564
편의점,GS25창원,경상남도,창원시,성산구,중앙동 79-1,35.2273846,128.677784
편의점,세븐일레븐창원,경상남도,창원시,성산구,중앙동 70-8,35.2272365,128.677249
편의점,지에스25창원,경상남도,창원시,성산구,중앙동 78-6,35.226988,128.6784242
편의점,세븐일레븐창원중앙,경상남도,창원시,성산구,중앙동 95-1,35.224133,128.6780699
편의점,세븐일레븐창원중앙2점,경상남도,창원시,성산구,중앙동 81-7,35.2262516,128.6774533
편의점,세븐일레븐창원중앙4호,경상남도,창원시,성산구,중앙동 70-1,35.2278326,128.676227
편의점,위드미창원홈런점,경상남도,창원시,성산구,중앙동 67-11,35.2242923,128.6771564
편의점,세븐창원4호점,경상남도,창원시,성산구,중앙동 70-1,35.2278326,128.676227
편의점,세븐창원중앙7호점,경상남도,창원시,성산구,중앙동 95-1,35.224133,128.6780699
편의점,세븐창원중앙2점,경상남도,창원시,성산구,중앙동 81-7,35.2262516,128.6774533
편의점,씨유창원중앙키다리점,경상남도,창원시,성산구,중앙동 46-10,35.2214397,128.6739477
편의점,지에스25창원,경상남도,창원시,성산구,중앙동 104-1,35.2185021,128.6714167
편의점,세븐일레븐창원라큐비점,경상남도,창원시,성산구,중앙동 96-3,35.2231752,128.6784814
편의점,지에스25창원기산점,경상남도,창원시,성산구,중앙동 96-1,35.2236625,128.6788954
편의점,세븐일레븐창원성산폴리텍점,경상남도,창원시,성산구,중앙동 38-8,35.2246553,128.6727979
편의점,GS25창원용지점,경상남도,창원시,성산구,중앙동 77-1,35.2279459,128.6782688
편의점,지에스25노블파크점,경상남도,창원시,성산구,반림동 15,35.2348101,128.6694239
편의점,씨유창원반림현대점,경상남도,창원시,성산구,반림동 3-1,35.23812,128.676526
편의점,씨유창원반림럭키점,경상남도,창원시,성산구,반림동 8,35.2390143,128.6680864
편의점,GS25반림,경상남도,창원시,성산구,반림동 10,35.2364671,128.6674552
편의점,우리동네,경상남도,창원시,성산구,반림동 4-1,35.2370292,128.6747694
편의점,지에스25반림제일,경상남도,창원시,성산구,반림동 17-11,35.2350485,128.6714219
편의점,지에스25성산덕산점,경상남도,창원시,성산구,상남동 69-1,35.2180563,128.6774115
편의점,GS25상남모아점,경상남도,창원시,성산구,상남동 22-4,35.2200889,128.684231
편의점,GS25상남,경상남도,창원시,성산구,상남동 21-1,35.2210201,128.6836304
편의점,세븐일레븐창원CNN점,경상남도,창원시,성산구,상남동 7-5,35.223476,128.6831145
편의점,씨제이올리브영창원,경상남도,창원시,성산구,상남동 45-1,35.2166948,128.6920668
편의점,지에스25상남미광점,경상남도,창원시,성산구,상남동 31-5,35.2193317,128.6816542
편의점,씨유창원상남공원점,경상남도,창원시,성산구,상남동 33,35.2198081,128.6817403
편의점,씨유창원토월,경상남도,창원시,성산구,상남동 52-5,35.2154635,128.6900341
편의점,지에스25상남네스트점,경상남도,창원시,성산구,상남동 25,35.221535,128.6823212
편의점,씨유창원상남,경상남도,창원시,성산구,상남동 65-1,35.2155664,128.6801802
편의점,지에스25상남,경상남도,창원시,성산구,상남동 11-4,35.2220453,128.6858134
편의점,세븐창원상남스타점,경상남도,창원시,성산구,상남동 20-3,35.2210514,128.6846698
편의점,세븐일레븐창원상남,경상남도,창원시,성산구,상남동 20-3,35.2210514,128.6846698
편의점,GS25상남번영점,경상남도,창원시,성산구,상남동 34-1,35.2207392,128.6813084
편의점,지에스25창원한,경상남도,창원시,성산구,상남동 36-1,35.2195826,128.6836704
편의점,캐스크앤뀌베창원,경상남도,창원시,성산구,상남동 20-7,35.2210593,128.6841943
편의점,지에스성산신텍,경상남도,창원시,성산구,상남동 74-6,35.2204346,128.6782093
편의점,세븐일레븐창원상남베스트점,경상남도,창원시,성산구,상남동 18-10,35.2216639,128.684202
편의점,씨유상남봉림점,경상남도,창원시,성산구,상남동 22-1,35.2205345,128.683288
편의점,지에스25성산신텍(상품권),경상남도,창원시,성산구,상남동 74-6,35.2204346,128.6782093
편의점,씨유상남,경상남도,창원시,성산구,상남동 23-1,35.2212194,128.681829
편의점,GS25창원,경상남도,창원시,성산구,상남동 74-2,35.2214786,128.6790973
편의점,지에스25상남조이점,경상남도,창원시,성산구,상남동 34-6,35.2200582,128.6822605
편의점,세븐일레븐,경상남도,창원시,성산구,상남동 9-4,35.2228934,128.6864018
편의점,지에스25토월,경상남도,창원시,성산구,상남동 44-1,35.2194884,128.6884832
편의점,이마트24R,경상남도,창원시,성산구,상남동 13-4,35.2233043,128.6850241
편의점,세븐일레븐상남건우점,경상남도,창원시,성산구,상남동 18-5,35.2212358,128.6853199
편의점,씨유창원상남하이점,경상남도,창원시,성산구,상남동 90-16,35.2165525,128.6853688
편의점,지에스25창원MK점,경상남도,창원시,성산구,상남동 75-2,35.2226295,128.680073
편의점,씨유창원상남단정점,경상남도,창원시,성산구,상남동 88-1,35.2175322,128.6856369
편의점,씨유창원상남,경상남도,창원시,성산구,상남동 7-2,35.2240997,128.6836432
편의점,씨유창원교보점,경상남도,창원시,성산구,상남동 78-3,35.223475,128.6807891
편의점,지에스25상남교보점,경상남도,창원시,성산구,상남동 78-3,35.223475,128.6807891
편의점,씨유창원상남위드필점,경상남도,창원시,성산구,상남동 73-2,35.2210078,128.6799222
편의점,세븐창원CNN점,경상남도,창원시,성산구,상남동 7-5,35.223476,128.6831145
편의점,미니스톱상남FLEX점,경상남도,창원시,성산구,상남동 82-9,35.2182902,128.6860048
편의점,지에스25창원,경상남도,창원시,성산구,상남동 1-5,35.2242438,128.6851325
편의점,미니스톱상남광동점,경상남도,창원시,성산구,상남동 11-7,35.2224385,128.684866
편의점,지에스25,경상남도,창원시,성산구,상남동 2-5,35.2234033,128.6866341
편의점,지에스25상남,경상남도,창원시,성산구,상남동 81-1,35.2192291,128.6845254
편의점,세븐창원상남베스트점,경상남도,창원시,성산구,상남동 18-10,35.2216639,128.684202
편의점,세븐일레븐창원상남,경상남도,창원시,성산구,상남동 100-7,35.2168375,128.6844355
편의점,씨유상남피아노점,경상남도,창원시,성산구,상남동 10-5,35.2216917,128.6862107
편의점,지에스25상남,경상남도,창원시,성산구,상남동 12-1,35.2230671,128.6854391
편의점,세븐창원상남점,경상남도,창원시,성산구,상남동 9-4,35.2228934,128.6864018
편의점,지에스25상남동산점,경상남도,창원시,성산구,상남동 56-1,35.2156478,128.6875716
편의점,미니스톱상남스타일점,경상남도,창원시,성산구,상남동 20-5,35.2206942,128.6848359
편의점,씨유한마음창원,경상남도,창원시,성산구,상남동 43-3,35.2210236,128.6868566
편의점,지에스25성산신텍,경상남도,창원시,성산구,상남동 74-6,35.2204346,128.6782093
편의점,씨제이올리브영창원고인돌사거리,경상남도,창원시,성산구,상남동 35-6,35.219742,128.6831401
편의점,씨유상남스타,경상남도,창원시,성산구,상남동 76-1,35.2224022,128.6811054
편의점,지에스25성원종합,경상남도,창원시,성산구,상남동 45-1,35.2166948,128.6920668
편의점,지에스25상남지원점,경상남도,창원시,성산구,상남동 14-1,35.2234309,128.6836513
편의점,씨유창원,경상남도,창원시,성산구,성주동 163-1,35.1951243,128.7141017
편의점,신원유통씨유C한국지엠창원공장,경상남도,창원시,성산구,성주동 23,35.1964691,128.702002
편의점,세븐일레븐창원더,경상남도,창원시,성산구,성주동 100,35.2038448,128.7116559
편의점,지에스25한국전기연구원점,경상남도,창원시,성산구,성주동 28-1,35.1891644,128.7182622
편의점,씨유해성DS,경상남도,창원시,성산구,성주동 42-1,35.1976942,128.6883029
편의점,지에스25성산성주점,경상남도,창원시,성산구,성주동 127,35.1987717,128.7110285
편의점,GS25창원불모산점,경상남도,창원시,성산구,성주동 189,35.1903083,128.7251469
편의점,신원유통씨유한국지엠창원공장,경상남도,창원시,성산구,성주동 23,35.1964691,128.702002
편의점,세븐창원더스퀘어점,경상남도,창원시,성산구,성주동 100,35.2038448,128.7116559
편의점,GS25효성3공장점,경상남도,창원시,성산구,웅남동 43-1,35.2131686,128.658727
편의점,씨유창원공단로점,경상남도,창원시,성산구,웅남동 48,35.2145665,128.6487993
편의점,세븐일레븐창원웅남공단점,경상남도,창원시,성산구,웅남동 61-47,35.2077187,128.6544007
편의점,세븐창원웅남공단점,경상남도,창원시,성산구,웅남동 61-47,35.2077187,128.6544007
편의점,지에스25창원웅남가람점,경상남도,창원시,성산구,웅남동 61-30,35.209633,128.6512432
편의점,씨유창원사파,경상남도,창원시,성산구,사파동 120-6,35.2231919,128.6994521
편의점,씨유창원사파,경상남도,창원시,성산구,사파동 112-22,35.2213165,128.696579
편의점,지에스25사파법무점,경상남도,창원시,성산구,사파동 126-23,35.2248084,128.6981853
편의점,지에스25더사파향기점,경상남도,창원시,성산구,사파동 130-9,35.2240089,128.6953242
편의점,세븐일레븐창원사파점,경상남도,창원시,성산구,사파동 98,35.2224551,128.6996633
편의점,지에스25창원삼익점,경상남도,창원시,성산구,사파동 145,35.2193636,128.6960981
편의점,GS25창원사파점,경상남도,창원시,성산구,사파동 47-6,35.2277596,128.7006709
편의점,이마트24사파,경상남도,창원시,성산구,사파동 87-1,35.2216414,128.7013441
편의점,씨유창원사파,경상남도,창원시,성산구,사파동 69-18,35.2234069,128.7022858
편의점,세븐창원사파점,경상남도,창원시,성산구,사파동 98,35.2224551,128.6996633
편의점,씨유창원사파,경상남도,창원시,성산구,사파동 12-12,35.2260371,128.6990434
편의점,더까까주까,경상남도,창원시,성산구,가음동 12,35.2093886,128.6908054
편의점,지에스25창원남산초점,경상남도,창원시,성산구,가음동 36-7,35.2059636,128.7027575
편의점,미니스톱창원,경상남도,창원시,성산구,가음동 38-1,35.2067278,128.7004585
편의점,GS25창원더샵1단지점,경상남도,창원시,성산구,가음동 17,35.2081681,128.7001427
편의점,GS25창원은아점,경상남도,창원시,성산구,가음동 23-1,35.2078994,128.6945956
편의점,씨유창원가음정,경상남도,창원시,성산구,가음동 20-1,35.2075478,128.6989206
편의점,지에스25창원은아점은정슈퍼,경상남도,창원시,성산구,가음동 23-1,35.2078994,128.6945956
편의점,LG전자창원공장신용협동조합2,경상남도,창원시,성산구,성산동 76,35.2078574,128.6662675
편의점,지에스25창원,경상남도,창원시,성산구,성산동 77-1,35.205668,128.6637567
편의점,이마트24self한국NSK점,경상남도,창원시,성산구,성산동 60,35.1988666,128.6689368
편의점,씨유현대위아3공장점,경상남도,창원시,성산구,성산동 73,35.2054428,128.6763706
편의점,GS25LG전자창원2점,경상남도,창원시,성산구,성산동 76,35.2078574,128.6662675
편의점,지에스25창원,경상남도,창원시,성산구,남양동 1,35.2141159,128.7036272
편의점,지에스25창원람세스점,경상남도,창원시,성산구,남양동 6,35.2137065,128.7008674
편의점,이마트24창원,경상남도,창원시,성산구,남양동 25-4,35.208397,128.7022323
편의점,세븐일레븐창원남양,경상남도,창원시,성산구,남양동 23,35.2101915,128.7041029
편의점,지에스25창원가로수길점,경상남도,창원시,성산구,용호동 30-6,35.2375422,128.6829685
편의점,씨유창원가로수길점,경상남도,창원시,성산구,용호동 32-1,35.238552,128.6837772
편의점,씨유창원용호무학점,경상남도,창원시,성산구,용호동 67-1,35.2359044,128.6772074
편의점,세븐일레븐창원,경상남도,창원시,성산구,용호동 73-18,35.2294857,128.6809065
편의점,씨제이올리브영창원,경상남도,창원시,성산구,용호동 73-49,35.2287303,128.6805212
편의점,창원용호지점쎄븐일레븐,경상남도,창원시,성산구,용호동 73-27,35.2303062,128.6813177
편의점,GS25창원일동점,경상남도,창원시,성산구,용호동 67-1,35.2359044,128.6772074
편의점,씨유창원용호,경상남도,창원시,성산구,용호동 17-10,35.235293,128.6865293
편의점,세븐창원용지점,경상남도,창원시,성산구,용호동 73-27,35.2303062,128.6813177
편의점,미니스톱창원레드유점,경상남도,창원시,성산구,용호동 73-3,35.2300765,128.6805758
편의점,씨유창원레이크펄스점,경상남도,창원시,성산구,용호동 73-1,35.2306392,128.6806864
편의점,GS25창원정우점,경상남도,창원시,성산구,용호동 73-62,35.2284239,128.6794857
편의점,GS25창원진성,경상남도,창원시,성산구,용호동 73-14,35.2295463,128.6799941
편의점,지에스25용지더샵레이크,경상남도,창원시,성산구,용호동 69,35.2318059,128.6751401
편의점,세븐창원용호점,경상남도,창원시,성산구,용호동 73-18,35.2294857,128.6809065
편의점,GS25,경상남도,창원시,성산구,신월동 41-1,35.2306428,128.6897364
편의점,씨유창원신월백제점,경상남도,창원시,성산구,신월동 67-12,35.2285494,128.6917806
편의점,이마트24창원,경상남도,창원시,성산구,신월동 49-3,35.2287587,128.6875589
편의점,지에스25창원,경상남도,창원시,성산구,신월동 93,35.2252932,128.68741
편의점,지에스신월명랑점,경상남도,창원시,성산구,신월동 77-1,35.2261406,128.694615
편의점,지에스창원,경상남도,창원시,성산구,신월동 69-5,35.2271912,128.6927635
편의점,세븐일레븐창원,경상남도,창원시,성산구,신월동 93,35.2252932,128.68741
편의점,아이스크림드슈,경상남도,창원시,성산구,신월동 64-9,35.2279177,128.6912424
편의점,씨유창원신월,경상남도,창원시,성산구,신월동 39-7,35.2311253,128.6898332
편의점,세븐창원신월점,경상남도,창원시,성산구,신월동 93,35.2252932,128.68741
편의점,지에스25,경상남도,창원시,성산구,대원동 121,35.240057,128.6528932
편의점,씨유창원더시티몰점,경상남도,창원시,성산구,대원동 121,35.240057,128.6528932
편의점,GS25상품권,경상남도,창원시,성산구,대원동 121,35.240057,128.6528932
편의점,세븐일레븐창원컨벤션,경상남도,창원시,성산구,대원동 123,35.2385877,128.6568237
편의점,씨유창원레포츠공원점,경상남도,창원시,성산구,대원동 94-16,35.2324729,128.6494417
편의점,씨유창원대원수정,경상남도,창원시,성산구,대원동 40,35.2342209,128.6485772
편의점,씨제이올리브영,경상남도,창원시,성산구,대원동 121,35.240057,128.6528932
편의점,블루25복권명당대원점,경상남도,창원시,성산구,대원동 95-17,35.2318241,128.6505651
편의점,지에스25창원점,경상남도,창원시,성산구,대원동 91-10,35.220769,128.6366942
편의점,씨유창원대원스타일점,경상남도,창원시,성산구,대원동 105-1,35.2313962,128.6517225
편의점,씨유문성대중앙도서관점,경상남도,창원시,성산구,두대동 196,35.2330779,128.6602315
편의점,씨유문성대학교,경상남도,창원시,성산구,두대동 196,35.2330779,128.6602315
편의점,씨유마산가포점,경상남도,창원시,마산합포구,가포동 494,35.1682698,128.5715287
편의점,데이앤데이가포점,경상남도,창원시,마산합포구,가포동 192-1,35.1559474,128.5822415
편의점,지에스25가포LH점,경상남도,창원시,마산합포구,가포동 789,35.1584261,128.5837292
편의점,이마트24마산교방점,경상남도,창원시,마산합포구,교방동 369-2,35.2144939,128.563567
편의점,씨유마산교방대로점,경상남도,창원시,마산합포구,교방동 380-12,35.2113987,128.5633472
편의점,씨유마산킹덤점,경상남도,창원시,마산합포구,교방동 359-9,35.2163936,128.5642993
편의점,지에스25마산,경상남도,창원시,마산합포구,교원동 46,35.2143342,128.5688694
편의점,이마트24마산어,경상남도,창원시,마산합포구,남성동 247-6,35.2020248,128.5772055
편의점,씨유마산,경상남도,창원시,마산합포구,남성동 142-60,35.2050688,128.5753333
편의점,씨유마산월영,경상남도,창원시,마산합포구,대내동 5-8,35.1818538,128.557147
편의점,지에스25마산대내점,경상남도,창원시,마산합포구,대내동 6-2,35.1814849,128.5576244
편의점,씨유마산대창점,경상남도,창원시,마산합포구,대창동 67,35.185751,128.5557719
편의점,해빛,경상남도,창원시,마산합포구,덕동동 613-1,35.1398039,128.5746592
편의점,씨유마산M호텔점,경상남도,창원시,마산합포구,동성동 315,35.2037037,128.5796317
편의점,이마트24마산,경상남도,창원시,마산합포구,동성동 245-5,35.2062905,128.576423
편의점,GS25마산두월점,경상남도,창원시,마산합포구,두월동1가 1-3,35.1882298,128.5615693
편의점,지에스25마산반딧불점,경상남도,창원시,마산합포구,두월동3가 4-10,35.1854746,128.5598495
편의점,지에스25마산제일여중고점,경상남도,창원시,마산합포구,문화동 14-1,35.1890194,128.5567124
편의점,씨유마산제일,경상남도,창원시,마산합포구,문화동 9-2,35.1878641,128.5575674
편의점,씨유마산산호,경상남도,창원시,마산합포구,산호동 9-4,35.2204595,128.5857958
편의점,세븐마산용마점,경상남도,창원시,마산합포구,산호동 36-18,35.2174045,128.5799821
편의점,씨제이올리브영마산산호점,경상남도,창원시,마산합포구,산호동 7-25,35.2214548,128.5853628
편의점,지에스25산호,경상남도,창원시,마산합포구,산호동 49-4,35.2181728,128.5799936
편의점,지에스25마산용마점,경상남도,창원시,마산합포구,산호동 453-7,35.2109248,128.5808635
편의점,세븐마산산호야구장점,경상남도,창원시,마산합포구,산호동 24-57,35.2208117,128.5837238
편의점,씨유마산운동장점,경상남도,창원시,마산합포구,산호동 6-1,35.2222407,128.5846369
편의점,세븐일레븐마산삼성타운점,경상남도,창원시,마산합포구,산호동 16-10,35.2169272,128.58495
편의점,GS25마산산호점,경상남도,창원시,마산합포구,산호동 13-55,35.218848,128.5868684
편의점,지에스25산호대로점,경상남도,창원시,마산합포구,산호동 202-7,35.2193938,128.5874618
편의점,씨유마산산호프렌즈점,경상남도,창원시,마산합포구,산호동 50-34,35.2187533,128.5806719
편의점,씨유마산용마점,경상남도,창원시,마산합포구,산호동 19-35,35.2174103,128.5846935
편의점,CU마산산호비젼점,경상남도,창원시,마산합포구,산호동 426-3,35.2097746,128.5831073
편의점,씨유마산산호경동점,경상남도,창원시,마산합포구,산호동 211-17,35.2163728,128.5885281
편의점,세븐일레븐마산산호야구장점,경상남도,창원시,마산합포구,산호동 24-57,35.2208117,128.5837238
편의점,씨유마산산호점,경상남도,창원시,마산합포구,산호동 24-31,35.2203903,128.5843407
편의점,이마트24마산야구,경상남도,창원시,마산합포구,산호동 24-9,35.2203846,128.5849766
편의점,이마트24마산산호,경상남도,창원시,마산합포구,산호동 46-19,35.2170309,128.5804941
편의점,지에스25마산북성로점,경상남도,창원시,마산합포구,상남동 21-7,35.2134532,128.5714503
편의점,GS25마산북성로점상품권,경상남도,창원시,마산합포구,상남동 21-7,35.2134532,128.5714503
편의점,GS25마산,경상남도,창원시,마산합포구,상남동 230-25,35.2096327,128.5763589
편의점,이마트24마산북성로점,경상남도,창원시,마산합포구,상남동 28-3,35.2146407,128.5709546
편의점,GS25마산북성로점,경상남도,창원시,마산합포구,상남동 21-7,35.2134532,128.5714503
편의점,GS25마산성호점,경상남도,창원시,마산합포구,성호동 50-4,35.2105716,128.5710274
편의점,씨유마산신포,경상남도,창원시,마산합포구,신포동1가 15-1,35.1991045,128.5703572
편의점,이마트24마산,경상남도,창원시,마산합포구,신포동1가 2-10,35.1986211,128.5713789
편의점,씨유마산신포,경상남도,창원시,마산합포구,신포동2가 93-4,35.2008718,128.5727071
편의점,지에스25마산세정점,경상남도,창원시,마산합포구,신포동2가 23,35.2019679,128.5741914
편의점,지에스25마산리베라점,경상남도,창원시,마산합포구,신포동2가 117-45,35.2004816,128.5748582
편의점,GS25마산,경상남도,창원시,마산합포구,신흥동 4-21,35.1944104,128.5650712
편의점,세븐일레븐마산성지점,경상남도,창원시,마산합포구,완월동 217-3,35.1973774,128.5618426
편의점,씨유마산완월청구점,경상남도,창원시,마산합포구,완월동 421,35.1973421,128.5579454
편의점,씨유마산완월점,경상남도,창원시,마산합포구,완월동 207-2,35.1974904,128.5598631
편의점,씨유마산연세점,경상남도,창원시,마산합포구,월남동2가 5,35.1862968,128.5615863
편의점,씨유마산연세,경상남도,창원시,마산합포구,월남동2가 2-2,35.186828,128.5618407
편의점,세븐일레븐마산대내점,경상남도,창원시,마산합포구,월남동4가 11-8,35.1818793,128.5586042
편의점,더컵,경상남도,창원시,마산합포구,월남동5가 4-1,35.1807994,128.5597752
편의점,지에스25마산시네마점,경상남도,창원시,마산합포구,월남동5가 4-1,35.1807994,128.5597752
편의점,지에스25월영,경상남도,창원시,마산합포구,월영동 708-1,35.1723811,128.557786
편의점,GS25경남대,경상남도,창원시,마산합포구,월영동 423,35.1821069,128.5562543
편의점,지에스25경남대고운관점,경상남도,창원시,마산합포구,월영동 449,35.1807698,128.5550026
편의점,지에스25경남대학사점,경상남도,창원시,마산합포구,월영동 449,35.1807698,128.5550026
편의점,씨유마산가포,경상남도,창원시,마산합포구,월영동 732,35.169695,128.5610704
편의점,빅마트24시,경상남도,창원시,마산합포구,월영동 736,35.1759633,128.5606923
편의점,씨유마산마린애시앙점,경상남도,창원시,마산합포구,월영동 614-110,35.1755642,128.5622829
편의점,씨유마산,경상남도,창원시,마산합포구,월영동 430-31,35.1804175,128.5570764
편의점,씨유경남대교육관점,경상남도,창원시,마산합포구,월영동 449,35.1807698,128.5550026
편의점,씨유경남대도서관점,경상남도,창원시,마산합포구,월영동 449,35.1807698,128.5550026
편의점,지에스25월영현대점,경상남도,창원시,마산합포구,월영동 710-1,35.1711109,128.5584183
편의점,세븐일레븐마산SK뷰,경상남도,창원시,마산합포구,월영동 614-321,35.1768382,128.560604
편의점,세븐일레븐마산월영BNK점,경상남도,창원시,마산합포구,월영동 703-2,35.1751188,128.5580751
편의점,씨유마산월포,경상남도,창원시,마산합포구,월포동 1-1,35.1923756,128.5663001
편의점,이마트24마산예곡,경상남도,창원시,마산합포구,예곡동 106-5,35.1615733,128.5532223
편의점,GS25오동점,경상남도,창원시,마산합포구,오동동 149-39,35.2070646,128.5785274
편의점,세븐마산포세이돈점,경상남도,창원시,마산합포구,오동동 318-1,35.2035955,128.5807894
편의점,세븐일레븐마산오동,경상남도,창원시,마산합포구,오동동 147-7,35.2070922,128.5793066
편의점,GS25마산세진점,경상남도,창원시,마산합포구,오동동 319-1,35.2047453,128.5823701
편의점,세븐마산오동점,경상남도,창원시,마산합포구,오동동 113-6,35.208754,128.5782627
편의점,세븐일레븐마산오동프리존점,경상남도,창원시,마산합포구,오동동 10-1,35.2075966,128.5813331
편의점,세븐일레븐마산오동점,경상남도,창원시,마산합포구,오동동 113-6,35.208754,128.5782627
편의점,하프타임마산,경상남도,창원시,마산합포구,우산동 92,35.1523379,128.5524985
편의점,지에스25자산솔밭점,경상남도,창원시,마산합포구,자산동 331-2,35.2007516,128.5592276
편의점,지에스25자산월드점,경상남도,창원시,마산합포구,자산동 188-4,35.2054372,128.5633463
편의점,지에스25자산샘터점,경상남도,창원시,마산합포구,자산동 302-38,35.2024862,128.5673694
편의점,씨유마산자산,경상남도,창원시,마산합포구,자산동 296-4,35.2034024,128.5646601
편의점,씨유마산,경상남도,창원시,마산합포구,자산동 299-26,35.2027209,128.5660408
편의점,지에스25마산반월,경상남도,창원시,마산합포구,장군동1가 5-1,35.1922854,128.5627306
편의점,씨유마산장군천하점,경상남도,창원시,마산합포구,장군동3가 12-2,35.1964405,128.5651837
편의점,마산장군데파트점,경상남도,창원시,마산합포구,장군동5가 6-2,35.2008638,128.5664234
편의점,GS25마산중성점,경상남도,창원시,마산합포구,중성동 83,35.2071132,128.5763088
편의점,지에스25마산,경상남도,창원시,마산합포구,중성동 20-73,35.2082503,128.5743674
편의점,씨유마산통술,경상남도,창원시,마산합포구,중앙동1가 9-12,35.189458,128.5617883
편의점,이마트24마산,경상남도,창원시,마산합포구,중앙동1가 3-4,35.1906422,128.5628596
편의점,지에스25마산프레시점,경상남도,창원시,마산합포구,중앙동2가 6-9,35.1933736,128.5661217
편의점,지에스25마산합포점,경상남도,창원시,마산합포구,중앙동2가 7-4,35.1924232,128.5651524
편의점,이마트24마산,경상남도,창원시,마산합포구,중앙동3가 1-13,35.2006635,128.5676282
편의점,지에스25마산신,경상남도,창원시,마산합포구,중앙동3가 4-37,35.198906,128.5675409
편의점,은세계,경상남도,창원시,마산합포구,창동 28,35.2070759,128.5739123
편의점,지에스25창동상상길점,경상남도,창원시,마산합포구,창동 120-8,35.2060382,128.5747359
편의점,GS25창동상상길점,경상남도,창원시,마산합포구,창동 120-8,35.2060382,128.5747359
편의점,씨제이올리브영마산,경상남도,창원시,마산합포구,창동 137-2,35.2059537,128.5751957
편의점,세븐일레븐마산합포,경상남도,창원시,마산합포구,창포동2가 1-42,35.1835762,128.5600917
편의점,가마솥옛날만세통닭호프,경상남도,창원시,마산합포구,창포동3가 8-2,35.1817889,128.5609338
편의점,세븐일레븐마산,경상남도,창원시,마산합포구,창포동3가 8-2,35.1817889,128.5609338
편의점,지에스25마산,경상남도,창원시,마산합포구,창포동3가 1-19,35.1821606,128.5614153
편의점,GS25경남대,경상남도,창원시,마산합포구,화영동 4-10,35.1850894,128.5539124
편의점,세븐일레븐마산선진빌딩점,경상남도,창원시,마산합포구,해운동 13-13,35.1794002,128.5581282
편의점,씨유월영,경상남도,창원시,마산합포구,해운동 18-29,35.1768938,128.5586538
편의점,세븐마산선진빌딩점,경상남도,창원시,마산합포구,해운동 13-13,35.1794002,128.5581282
편의점,미니스톱마산해안로점,경상남도,창원시,마산합포구,해운동 46,35.1813075,128.5647287
편의점,지에스25마산댓,경상남도,창원시,마산합포구,해운동 5-87,35.1795695,128.5599063
편의점,GS25마산,경상남도,창원시,마산합포구,해운동 43-9,35.179942,128.5639337
편의점,씨유,경상남도,창원시,마산합포구,해운동 42-10,35.1797015,128.5631592
편의점,씨유프로토해운점,경상남도,창원시,마산합포구,해운동 18-29,35.1768938,128.5586538
편의점,지에스25월영,경상남도,창원시,마산합포구,해운동 5-51,35.1801693,128.5591856
편의점,GS25마산남부점,경상남도,창원시,마산합포구,해운동 5-75,35.1796009,128.5592407
편의점,세븐일레븐마산해운,경상남도,창원시,마산합포구,해운동 37-2,35.1802561,128.5620423
편의점,씨유마산합포도서관점,경상남도,창원시,마산합포구,해운동 67,35.1821277,128.5632538
편의점,지에스25마산서중점,경상남도,창원시,마산합포구,해운동 15-7,35.178161,128.5582046
편의점,이마트24마산해운,경상남도,창원시,마산합포구,해운동 50,35.1787512,128.5641838
편의점,이마트24마산현동파크점,경상남도,창원시,마산합포구,현동 527,35.1459197,128.5559342
편의점,씨유마산현동,경상남도,창원시,마산합포구,현동 606,35.1447712,128.5558294
편의점,세븐일레븐마산현동길점,경상남도,창원시,마산합포구,현동 275,35.146302,128.5511766
편의점,세븐일레븐마산,경상남도,창원시,마산합포구,현동 703,35.1481304,128.5578207
편의점,세븐일레븐마산현동,경상남도,창원시,마산합포구,현동 376,35.1503601,128.5541923
편의점,코리아세븐마산,경상남도,창원시,마산합포구,현동 703,35.1481304,128.5578207
편의점,이마트24홍문점,경상남도,창원시,마산합포구,홍문동 10-1,35.1840593,128.5592403
편의점,씨유마산원전점,경상남도,창원시,마산합포구,구산면 심리 84-2,35.0685198,128.630259
편의점,씨유,경상남도,창원시,마산합포구,구산면 옥계리 784-6,35.1004283,128.5856864
편의점,이마트24마산,경상남도,창원시,마산합포구,구산면 유산리 92-7,35.1327113,128.5659563
편의점,지에스25마산원전항점,경상남도,창원시,마산합포구,구산면 심리 산3-2,35.0700317,128.6350214
편의점,옥이편의점,경상남도,창원시,마산합포구,구산면 반동리 623,35.0849156,128.5725164
편의점,씨유마산반동점,경상남도,창원시,마산합포구,구산면 반동리 396-7,35.0874413,128.5853799
편의점,세븐일레븐마산저도연육교점,경상남도,창원시,마산합포구,구산면 구복리 381-3,35.0657801,128.5619578
편의점,세븐일레븐마산구산,경상남도,창원시,마산합포구,구산면 수정리 511-3,35.116435,128.5802159
편의점,지에스25진동,경상남도,창원시,마산합포구,진동면 진동리 624-10,35.1160473,128.4864063
편의점,씨유마산진동대로점,경상남도,창원시,마산합포구,진동면 태봉리 122,35.1453974,128.509142
편의점,이마트24창원진동점,경상남도,창원시,마산합포구,진동면 진동리 627-5,35.1163673,128.4849712
편의점,세븐일레븐마산진동새천년점,경상남도,창원시,마산합포구,진동면 인곡리 1011-1,35.1360242,128.501554
편의점,GS25진동원룸점,경상남도,창원시,마산합포구,진동면 진동리 123-4,35.1172624,128.4920293
편의점,지에스25진동한일점,경상남도,창원시,마산합포구,진동면 진동리 432-11,35.1180071,128.4876091
편의점,이마트24마산진동,경상남도,창원시,마산합포구,진동면 진동리 495-3,35.1166847,128.4887262
편의점,세븐일레븐마산진동,경상남도,창원시,마산합포구,진동면 진동리 435-5,35.1187559,128.4864836
편의점,지에스25마산기조점,경상남도,창원시,마산합포구,진동면 태봉리 135-4,35.144066,128.5081585
편의점,이마트24창원진동점,경상남도,창원시,마산합포구,진동면 진동리 627-5,35.1163673,128.4849712
편의점,세븐일레븐마산진동,경상남도,창원시,마산합포구,진동면 진동리 437-4,35.1179902,128.486101
편의점,지에스25진동,경상남도,창원시,마산합포구,진동면 진동리 414-1,35.1142118,128.4854421
편의점,씨유마산진동반딧불점,경상남도,창원시,마산합포구,진동면 진동리 628-12,35.1155155,128.4863015
편의점,씨유마산진동협성점,경상남도,창원시,마산합포구,진동면 진동리 425-1,35.1198594,128.4872935
편의점,지에스25마산진북,경상남도,창원시,마산합포구,진북면 지산리 245-36,35.1151032,128.4691225
편의점,이마트24마산진북점,경상남도,창원시,마산합포구,진북면 망곡리 177,35.1299424,128.486811
편의점,GS25마산진전점,경상남도,창원시,마산합포구,진전면 오서리 655-1,35.0998092,128.4163334
편의점,씨유마산진전,경상남도,창원시,마산합포구,진전면 창포리 74-3,35.0871428,128.463021
편의점,이마트24마산,경상남도,창원시,마산합포구,진전면 이명리 51-2,35.0914327,128.4553331
편의점,씨유마산근곡점,경상남도,창원시,마산합포구,진전면 근곡리 98-21,35.1073234,128.4480367
편의점,씨유마산구암오렌지점,경상남도,창원시,마산회원구,구암동 11-7,35.2480133,128.5923901
편의점,이마트24R마산구암,경상남도,창원시,마산회원구,구암동 95-20,35.250431,128.6006707
편의점,씨유마산,경상남도,창원시,마산회원구,구암동 85-1,35.2498444,128.5988366
편의점,세븐일레븐마산구암하이츠점,경상남도,창원시,마산회원구,구암동 51-1,35.2474234,128.5944986
편의점,지에스25마산구암,경상남도,창원시,마산회원구,구암동 19-1,35.2481028,128.591945
편의점,씨유구암학원점,경상남도,창원시,마산회원구,구암동 266-19,35.2551641,128.596664
편의점,씨유마산구암,경상남도,창원시,마산회원구,구암동 97-8,35.249786,128.601111
편의점,세븐일레븐마산구암마크원점,경상남도,창원시,마산회원구,구암동 78-5,35.2467796,128.5921482
편의점,씨유구암학원점,경상남도,창원시,마산회원구,구암동 266-19,35.2551641,128.596664
편의점,세븐일레븐마산,경상남도,창원시,마산회원구,구암동 278-7,35.2520837,128.5939746
편의점,세븐마산구암마크원점,경상남도,창원시,마산회원구,구암동 78-5,35.2467796,128.5921482
편의점,이마트24마산구암중점,경상남도,창원시,마산회원구,구암동 1332-10,35.2557246,128.5979583
편의점,더까까주까,경상남도,창원시,마산회원구,구암동 1332-10,35.2557246,128.5979583
편의점,씨유마산양덕,경상남도,창원시,마산회원구,봉암동 436-1,35.2219364,128.5934065
편의점,이마트24마산봉암점,경상남도,창원시,마산회원구,봉암동 469-21,35.2190748,128.5956594
편의점,아이지에이마트마산봉암점,경상남도,창원시,마산회원구,봉암동 660-116,35.2135424,128.5976634
편의점,CU봉암공단점,경상남도,창원시,마산회원구,봉암동 666-64,35.2122702,128.6049659
편의점,GS25수출2공구점,경상남도,창원시,마산회원구,봉암동 658-4,35.2167891,128.6061604
편의점,GS25마산봉암점,경상남도,창원시,마산회원구,봉암동 451-25,35.22259,128.5974234
편의점,이마트24마산봉암공단점,경상남도,창원시,마산회원구,봉암동 660-100,35.2135132,128.6001239
편의점,세븐일레븐마산회원봉암점,경상남도,창원시,마산회원구,봉암동 461-12,35.2209033,128.5965307
편의점,세븐일레븐마산자유무역점,경상남도,창원시,마산회원구,봉암동 660-199,35.2159696,128.6000719
편의점,씨유마산봉암무역점,경상남도,창원시,마산회원구,봉암동 660-229,35.2174021,128.6000286
편의점,씨유마산봉암대로점,경상남도,창원시,마산회원구,봉암동 461-40,35.2205169,128.5973904
편의점,GS25봉암공단,경상남도,창원시,마산회원구,봉암동 666-54,35.2114015,128.6005953
편의점,씨유마산수출3공구점,경상남도,창원시,마산회원구,봉암동 666,35.2171022,128.6010127
편의점,씨유현대극동셀프점,경상남도,창원시,마산회원구,석전동 270-32,35.2322511,128.5665618
편의점,세븐마산석전건우점,경상남도,창원시,마산회원구,석전동 47-3,35.2246152,128.5699208
편의점,이마트24마산365,경상남도,창원시,마산회원구,석전동 232-5,35.2337652,128.5794802
편의점,씨유마산석전메트로점,경상남도,창원시,마산회원구,석전동 300,35.2286107,128.5711622
편의점,세븐마산역점,경상남도,창원시,마산회원구,석전동 226-9,35.235623,128.5786756
편의점,씨유마산석전,경상남도,창원시,마산회원구,석전동 245-19,35.2316049,128.5785166
편의점,이마트24마산석전동로점,경상남도,창원시,마산회원구,석전동 251-4,35.2323026,128.5741644
편의점,빅마트24동,경상남도,창원시,마산회원구,석전동 237-2,35.233278,128.5770035
편의점,씨유마산석전,경상남도,창원시,마산회원구,석전동 224-8,35.2342817,128.5804186
편의점,씨유마산석전점,경상남도,창원시,마산회원구,석전동 273-52,35.230991,128.5686355
편의점,세븐일레븐마산역점,경상남도,창원시,마산회원구,석전동 226-9,35.235623,128.5786756
편의점,세븐일레븐마산석전건우점,경상남도,창원시,마산회원구,석전동 47-3,35.2246152,128.5699208
편의점,세븐일레븐마산석전,경상남도,창원시,마산회원구,석전동 222-15,35.2371261,128.5800608
편의점,지에스25석전센트리움점,경상남도,창원시,마산회원구,석전동 232-1,35.2334569,128.5797936
편의점,세븐일레븐마산석전메트로점,경상남도,창원시,마산회원구,석전동 303,35.2273404,128.5701107
편의점,석전플러스원,경상남도,창원시,마산회원구,석전동 258-1,35.2301921,128.5753637
편의점,CU마산석전,경상남도,창원시,마산회원구,석전동 256-41,35.2298498,128.573905
편의점,씨유석전은혜점,경상남도,창원시,마산회원구,석전동 248-1,35.2315667,128.5756057
편의점,씨유마산석전스마일점,경상남도,창원시,마산회원구,석전동 264-30,35.2267239,128.5719344
편의점,지에스25메트로석전점,경상남도,창원시,마산회원구,석전동 264-1,35.2280807,128.5726764
편의점,지에스25동,경상남도,창원시,마산회원구,석전동 231-12,35.2339336,128.57861
편의점,GS25마산석전점,경상남도,창원시,마산회원구,석전동 234-1,35.2335323,128.5778126
편의점,GS25양덕,경상남도,창원시,마산회원구,양덕동 96-1,35.2365121,128.5836931
편의점,씨유마산메트로6점,경상남도,창원시,마산회원구,양덕동 59-3,35.2288913,128.5845129
편의점,세븐일레븐마산,경상남도,창원시,마산회원구,양덕동 12-42,35.2339106,128.5826164
편의점,빅마트24,경상남도,창원시,마산회원구,양덕동 90-19,35.2362959,128.5846617
편의점,이마트24마산양덕,경상남도,창원시,마산회원구,양덕동 154-11,35.2223257,128.5875112
편의점,씨유마산메트로5점,경상남도,창원시,마산회원구,양덕동 77-4,35.2293949,128.5815222
편의점,지에스25메트로,경상남도,창원시,마산회원구,양덕동 149-20,35.223456,128.5859272
편의점,세븐일레븐마산팔용로점,경상남도,창원시,마산회원구,양덕동 23-2,35.2343129,128.5877106
편의점,씨유마산양덕,경상남도,창원시,마산회원구,양덕동 105-1,35.233668,128.585779
편의점,씨유마산양덕베스트점,경상남도,창원시,마산회원구,양덕동 163-4,35.2220977,128.5899158
편의점,씨유마산자유무역점,경상남도,창원시,마산회원구,양덕동 975-1,35.2134734,128.5898595
편의점,이마트24마산양덕,경상남도,창원시,마산회원구,양덕동 826-54,35.2360476,128.5872574
편의점,지에스25마산혁신,경상남도,창원시,마산회원구,양덕동 410-60,35.220512,128.5936411
편의점,GS25마산양덕로점,경상남도,창원시,마산회원구,양덕동 19-2,35.2320694,128.5860191
편의점,씨유자유무역점,경상남도,창원시,마산회원구,양덕동 975-1,35.2134734,128.5898595
편의점,CU마산양덕대로점,경상남도,창원시,마산회원구,양덕동 61-2,35.2315904,128.5832918
편의점,씨유마산자유무역,경상남도,창원시,마산회원구,양덕동 410-47,35.2206043,128.5914065
편의점,씨유마산양덕,경상남도,창원시,마산회원구,양덕동 52-26,35.230493,128.5867377
편의점,세븐일레븐마산양덕우성점,경상남도,창원시,마산회원구,양덕동 888-25,35.2274413,128.5777123
편의점,이마트24마산한일여고점,경상남도,창원시,마산회원구,양덕동 888-9,35.2290184,128.5789165
편의점,지에스25마산양덕,경상남도,창원시,마산회원구,양덕동 97-14,35.2347814,128.5830221
편의점,"용마정보통신,이마트24마산",경상남도,창원시,마산회원구,양덕동 163-12,35.2216473,128.5899049
편의점,씨유지오모터스점,경상남도,창원시,마산회원구,양덕동 975-1,35.2134734,128.5898595
편의점,씨유마산양덕,경상남도,창원시,마산회원구,양덕동 154-3,35.2227519,128.5876821
편의점,세븐마산터미널2호,경상남도,창원시,마산회원구,합성동 267,35.2389458,128.5837211
편의점,로그인마산,경상남도,창원시,마산회원구,합성동 126-4,35.2375637,128.5823881
편의점,GS25마산합성금강점,경상남도,창원시,마산회원구,합성동 99-1,35.2384979,128.5803396
편의점,GS25합성서로점,경상남도,창원시,마산회원구,합성동 122-1,35.2420005,128.5844196
편의점,지에스25합성서로점(상품권),경상남도,창원시,마산회원구,합성동 122-1,35.2420005,128.5844196
편의점,씨유뉴창신대학교점,경상남도,창원시,마산회원구,합성동 1,35.2439435,128.6001162
편의점,씨유마산,경상남도,창원시,마산회원구,합성동 316-37,35.2422384,128.5902349
편의점,세븐마산점,경상남도,창원시,마산회원구,합성동 350-12,35.2357277,128.5886143
편의점,코레일유통역(맞이방)편의점마산,경상남도,창원시,마산회원구,합성동 764-3,35.2359896,128.5772569
편의점,씨유합성,경상남도,창원시,마산회원구,합성동 160-1,35.2409726,128.5848871
편의점,이마트24마산만복점,경상남도,창원시,마산회원구,합성동 266-17,35.2382735,128.5838914
편의점,세븐마산터미널1호,경상남도,창원시,마산회원구,합성동 267,35.2389458,128.5837211
편의점,세븐일레븐마산합성,경상남도,창원시,마산회원구,합성동 323-19,35.2400122,128.586087
편의점,씨유마산합성,경상남도,창원시,마산회원구,합성동 85-20,35.2387332,128.581871
편의점,씨유마산합성,경상남도,창원시,마산회원구,합성동 207-33,35.2380658,128.5871585
편의점,세븐일레븐마산합성중앙,경상남도,창원시,마산회원구,합성동 266-1,35.2391152,128.5846283
편의점,세븐일레븐마산점,경상남도,창원시,마산회원구,합성동 350-12,35.2357277,128.5886143
편의점,세븐마산터미널3호점,경상남도,창원시,마산회원구,합성동 161-20,35.2397485,128.5843627
편의점,지에스25마산,경상남도,창원시,마산회원구,합성동 265-13,35.2378391,128.5847418
편의점,지에스25합성서로점,경상남도,창원시,마산회원구,합성동 122-1,35.2420005,128.5844196
편의점,지에스25마산합성,경상남도,창원시,마산회원구,합성동 161-18,35.2399568,128.5849952
편의점,세븐일레븐마산터미널,경상남도,창원시,마산회원구,합성동 267,35.2389458,128.5837211
편의점,GS25합성로,경상남도,창원시,마산회원구,합성동 265-1,35.2386944,128.5854903
편의점,씨유마산합성,경상남도,창원시,마산회원구,합성동 157-8,35.2421725,128.5868109
편의점,다바다솔루션,경상남도,창원시,마산회원구,합성동 50,35.2426153,128.5922368
편의점,세븐일레븐마산합성,경상남도,창원시,마산회원구,합성동 732-7,35.2356077,128.5819791
편의점,지에스25합성,경상남도,창원시,마산회원구,합성동 125-5,35.2372884,128.5833316
편의점,씨유합성스마일점,경상남도,창원시,마산회원구,합성동 126-9,35.2372808,128.5826891
편의점,지에스리테일GS25마산,경상남도,창원시,마산회원구,합성동 265-13,35.2378391,128.5847418
편의점,GS25마산회성점,경상남도,창원시,마산회원구,회성동 448-1,35.2335951,128.5582045
편의점,씨유마산회성현대점,경상남도,창원시,마산회원구,회성동 195-5,35.2356226,128.5597009
편의점,세븐일레븐마산신우점,경상남도,창원시,마산회원구,회원동 21-4,35.2240815,128.5714715
편의점,이마트24마산회원점,경상남도,창원시,마산회원구,회원동 62-54,35.2170688,128.5750391
편의점,지에스25마산팔,경상남도,창원시,마산회원구,회원동 659-21,35.2185949,128.5630877
편의점,지에스25회원이편한,경상남도,창원시,마산회원구,회원동 314,35.2201342,128.568996
편의점,씨유마산산호무학점,경상남도,창원시,마산회원구,회원동 1-14,35.2195761,128.578441
편의점,세븐일레븐마산회원스마일점,경상남도,창원시,마산회원구,회원동 48-21,35.2188867,128.5727518
편의점,씨유마산회원국제점,경상남도,창원시,마산회원구,회원동 362-12,35.2215981,128.5707355
편의점,씨유마산무학여고,경상남도,창원시,마산회원구,회원동 112-11,35.2220862,128.5750285
편의점,씨유마산육호,경상남도,창원시,마산회원구,회원동 45-12,35.2192137,128.5748647
편의점,씨유마산회원,경상남도,창원시,마산회원구,회원동 352-5,35.2193602,128.5701509
편의점,지에스25마산무학여중고점,경상남도,창원시,마산회원구,회원동 112-11,35.2220862,128.5750285
편의점,세븐마산회원동로점,경상남도,창원시,마산회원구,회원동 64-16,35.2183245,128.5768087
편의점,채널큐편의점,경상남도,창원시,마산회원구,회원동 45-12,35.2192137,128.5748647
편의점,씨유마산혁성점,경상남도,창원시,마산회원구,회원동 669-15,35.2187177,128.564361
편의점,지에스25회원대로점,경상남도,창원시,마산회원구,회원동 651-2,35.2170451,128.5604162
편의점,세븐일레븐마산회원동로점,경상남도,창원시,마산회원구,회원동 64-16,35.2183245,128.5768087
편의점,세븐마산신우점,경상남도,창원시,마산회원구,회원동 21-4,35.2240815,128.5714715
편의점,이마트24마산회원동로점,경상남도,창원시,마산회원구,회원동 47-11,35.2187521,128.5737316
편의점,세븐마산대동삼계점,경상남도,창원시,마산회원구,내서읍 삼계리 33-5,35.2309505,128.5036111
편의점,GS25마산,경상남도,창원시,마산회원구,내서읍 삼계리 30-6,35.2316615,128.5041016
편의점,GS25내서호원로점,경상남도,창원시,마산회원구,내서읍 중리 331-1,35.2497491,128.522927
편의점,세븐일레븐마산내서그랜드점,경상남도,창원시,마산회원구,내서읍 호계리 790-124,35.2615187,128.5210139
편의점,세븐일레븐마산내서안계점,경상남도,창원시,마산회원구,내서읍 삼계리 501-6,35.2316939,128.4952833
편의점,씨유마산삼계미래점,경상남도,창원시,마산회원구,내서읍 삼계리 35-10,35.2306588,128.5017321
편의점,씨유마산삼계숲속점,경상남도,창원시,마산회원구,내서읍 삼계리 538,35.2302802,128.4989322
편의점,씨유중리공단점,경상남도,창원시,마산회원구,내서읍 중리 1127-10,35.240769,128.5091725
편의점,지에스25중리원룸점,경상남도,창원시,마산회원구,내서읍 중리 1041-13,35.2487068,128.5091308
편의점,지에스25마산대학사점,경상남도,창원시,마산회원구,내서읍 용담리 190-2,35.2616087,128.5030368
편의점,씨유마산호계국제점,경상남도,창원시,마산회원구,내서읍 호계리 790-23,35.2641621,128.5217816
편의점,씨유마산호계성우점,경상남도,창원시,마산회원구,내서읍 호계리 352,35.2554901,128.5190583
편의점,씨유마산삼계,경상남도,창원시,마산회원구,내서읍 삼계리 31-4,35.2308026,128.5046727
편의점,씨유마산상곡주공점,경상남도,창원시,마산회원구,내서읍 상곡리 190-10,35.2452212,128.5001115
편의점,지에스25중리공단점,경상남도,창원시,마산회원구,내서읍 중리 1122-16,35.2459436,128.513065
편의점,씨유마산중리비젼점,경상남도,창원시,마산회원구,내서읍 중리 659-2,35.2508722,128.5160116
편의점,지에스25마산내서대로점,경상남도,창원시,마산회원구,내서읍 상곡리 196-1,35.241805,128.5048572
편의점,이마트24마산대창의관점,경상남도,창원시,마산회원구,내서읍 용담리 181-1,35.2599661,128.502822
편의점,씨제이올리브영마산내서점,경상남도,창원시,마산회원구,내서읍 삼계리 26-8,35.2324636,128.5036922
편의점,세븐마산호계리치점,경상남도,창원시,마산회원구,내서읍 호계리 177-7,35.2612068,128.5228133
편의점,세븐일레븐마산대동,경상남도,창원시,마산회원구,내서읍 삼계리 33-5,35.2309505,128.5036111
편의점,세븐일레븐마산삼계대로점,경상남도,창원시,마산회원구,내서읍 삼계리 4-3,35.2372873,128.5039081
편의점,지에스25내서,경상남도,창원시,마산회원구,내서읍 중리 1043-1,35.2490389,128.5106842
편의점,마마트24마산대동,경상남도,창원시,마산회원구,내서읍 삼계리 34,35.2307206,128.5027174
편의점,세븐일레븐마산경남대로점,경상남도,창원시,마산회원구,내서읍 삼계리 264-5,35.2242527,128.5040435
편의점,세븐일레븐창원호계서광점,경상남도,창원시,마산회원구,내서읍 호계리 357,35.2562282,128.5197743
편의점,지에스25마산,경상남도,창원시,마산회원구,내서읍 호계리 53-2,35.2664154,128.5227045
편의점,이마트24마산대50주년,경상남도,창원시,마산회원구,내서읍 용담리 181-1,35.2599661,128.502822
편의점,이마트24마산중리현대점,경상남도,창원시,마산회원구,내서읍 중리 338-1,35.2506645,128.5225419
편의점,세븐일레븐마산삼계,경상남도,창원시,마산회원구,내서읍 삼계리 493,35.2308652,128.4973736
편의점,GS25호계하늘채점,경상남도,창원시,마산회원구,내서읍 호계리 10,35.2672291,128.5257407
편의점,지에스25내서한우리점,경상남도,창원시,마산회원구,내서읍 삼계리 38,35.2285502,128.5046129
편의점,씨유마산삼계포스점,경상남도,창원시,마산회원구,내서읍 삼계리 275-1,35.2249267,128.5028958
편의점,바틀앤아이스벙커,경상남도,창원시,마산회원구,내서읍 삼계리 26-5,35.2324485,128.5034714
편의점,지에스25호계,경상남도,창원시,마산회원구,내서읍 호계리 284-2,35.2538581,128.5215833
편의점,씨유마산내서점,경상남도,창원시,마산회원구,내서읍 중리 1117-5,35.2494851,128.5155852
편의점,씨유마산,경상남도,창원시,마산회원구,내서읍 중리 1042-6,35.2485673,128.5095889
편의점,현대편의점,경상남도,창원시,마산회원구,내서읍 호계리 282,35.2533419,128.5216104
편의점,씨유마산,경상남도,창원시,마산회원구,내서읍 삼계리 22-6,35.2335863,128.5035903
편의점,세븐일레븐마산,경상남도,창원시,마산회원구,내서읍 호계리 10,35.2672291,128.5257407
편의점,지에스25진해해군점,경상남도,창원시,진해구,도천동 8-2,35.1534162,128.6553797
편의점,지에스리테일GS25N진해동산점,경상남도,창원시,진해구,현동 18-1,35.1527909,128.6518561
편의점,지에스25남원로타리점,경상남도,창원시,진해구,태평동 14-17,35.1459821,128.659571
편의점,지에스25진해,경상남도,창원시,진해구,태평동 41-18,35.1460145,128.6631218
편의점,GS25진해해군마린점,경상남도,창원시,진해구,충의동 63-1,35.1448158,128.6669235
편의점,이마트24진해속천점,경상남도,창원시,진해구,제황산동 25-23,35.1446328,128.6716466
편의점,GS25진해속천점,경상남도,창원시,진해구,제황산동 51,35.1439265,128.6736178
편의점,세븐진해수송중앙점,경상남도,창원시,진해구,수송동 2-11,35.1490624,128.6565833
편의점,세븐일레븐진해수송중앙점,경상남도,창원시,진해구,수송동 2-11,35.1490624,128.6565833
편의점,세븐일레븐진해수송해군점,경상남도,창원시,진해구,수송동 13-44,35.1517635,128.6563408
편의점,이마트24진해,경상남도,창원시,진해구,수송동 4-5,35.1498088,128.6563327
편의점,세븐진해익선중앙점,경상남도,창원시,진해구,익선동 14-3,35.1497172,128.6576772
편의점,세븐일레븐진해익선,경상남도,창원시,진해구,익선동 14-3,35.1497172,128.6576772
편의점,이마트24진해중원,경상남도,창원시,진해구,대천동 2-3,35.1496607,128.6590505
편의점,씨유진해중원,경상남도,창원시,진해구,광화동 2-1,35.148848,128.6597934
편의점,세븐일레븐,경상남도,창원시,진해구,중앙동 8-3,35.1497883,128.6612162
편의점,GS25진해,경상남도,창원시,진해구,화천동 19-2,35.1520736,128.6597744
편의점,GS25진해,경상남도,창원시,진해구,화천동 45-5,35.1517937,128.6630075
편의점,지에스25진해군항,경상남도,창원시,진해구,화천동 36-4,35.1516215,128.6619477
편의점,이마트24진해송학점,경상남도,창원시,진해구,송학동 7-2,35.1515824,128.658617
편의점,세븐일레븐경남진해충무점,경상남도,창원시,진해구,충무동 25-48,35.1513107,128.667024
편의점,지에스25진해중앙시장,경상남도,창원시,진해구,충무동 22-1,35.1519002,128.665727
편의점,세븐진해충무점,경상남도,창원시,진해구,충무동 25-48,35.1513107,128.667024
편의점,GS25여좌태백점,경상남도,창원시,진해구,여좌동 820-1,35.1527618,128.672731
편의점,세븐일레븐진해여좌네이비점,경상남도,창원시,진해구,여좌동 110-33,35.1570311,128.6608357
편의점,씨유진해여좌벚꽃점,경상남도,창원시,진해구,여좌동 104-14,35.158272,128.6602764
편의점,씨유진해여좌,경상남도,창원시,진해구,여좌동 122-1,35.1567318,128.6623297
편의점,씨유북원,경상남도,창원시,진해구,여좌동 760-188,35.1537404,128.6562174
편의점,지에스25진해고,경상남도,창원시,진해구,여좌동 46-20,35.1602132,128.662958
편의점,씨유진해로망스점,경상남도,창원시,진해구,여좌동 131-1,35.1550243,128.6595741
편의점,GS25경화,경상남도,창원시,진해구,경화동 917-1,35.1577419,128.6907563
편의점,세븐일레븐진해경화위브점,경상남도,창원시,진해구,경화동 1301-17,35.1603061,128.6847736
편의점,지에스25진해경화중앙,경상남도,창원시,진해구,경화동 1133-42,35.1566461,128.6813033
편의점,씨유진해경화점,경상남도,창원시,진해구,경화동 786-9,35.1600466,128.6908637
편의점,세븐일레븐진해경화루나점,경상남도,창원시,진해구,경화동 1283-1,35.1611304,128.6828328
편의점,씨유진해루휴게소점,경상남도,창원시,진해구,경화동 1007-14,35.1472204,128.684965
편의점,이마트24진해중앙고,경상남도,창원시,진해구,경화동 829-7,35.1592266,128.6903915
편의점,세븐일레븐진해경화위브점,경상남도,창원시,진해구,경화동 1301-17,35.1603061,128.6847736
편의점,세븐진해경화역점,경상남도,창원시,진해구,경화동 1135-1,35.1580728,128.6840046
편의점,씨유진해경화,경상남도,창원시,진해구,경화동 1163-37,35.154709,128.6811428
편의점,세븐진해석동오거리점,경상남도,창원시,진해구,석동 327-8,35.1587431,128.7005556
편의점,지에스25진해석동공원점,경상남도,창원시,진해구,석동 141-12,35.1521192,128.703867
편의점,지에스25석동국제점,경상남도,창원시,진해구,석동 223-8,35.1566591,128.7018875
편의점,세븐일레븐진해석동스마일점,경상남도,창원시,진해구,석동 100-12,35.1502097,128.7018642
편의점,씨유진해석동마루점,경상남도,창원시,진해구,석동 642-1,35.1570865,128.7055428
편의점,세븐일레븐진해석동노른자점,경상남도,창원시,진해구,석동 142-9,35.151607,128.702586
편의점,씨제이올리브영진해,경상남도,창원시,진해구,석동 663-10,35.1530341,128.7058289
편의점,GS25진해,경상남도,창원시,진해구,석동 175-1,35.1527237,128.7022915
편의점,이마트24SMART진해상지점,경상남도,창원시,진해구,석동 493,35.1609176,128.694205
편의점,이마트24진해석동,경상남도,창원시,진해구,석동 177-8,35.1523022,128.703363
편의점,지에스25석동그린,경상남도,창원시,진해구,석동 655-2,35.1552774,128.7051721
편의점,세븐일레븐진해석동,경상남도,창원시,진해구,석동 115-12,35.1507732,128.7046225
편의점,이마트24진해석동,경상남도,창원시,진해구,석동 651-9,35.1580415,128.7035562
편의점,이마트24진해벚꽃점,경상남도,창원시,진해구,석동 663-6,35.1534524,128.7070894
편의점,씨유진해,경상남도,창원시,진해구,석동 543-3,35.1588076,128.6974143
편의점,세븐일레븐진해석동,경상남도,창원시,진해구,석동 327-8,35.1587431,128.7005556
편의점,씨유진해석동,경상남도,창원시,진해구,석동 223-14,35.1570765,128.7010365
편의점,이마트24진해석동,경상남도,창원시,진해구,석동 104-17,35.1499515,128.705073
편의점,GS25석동타운,경상남도,창원시,진해구,석동 648-2,35.1574454,128.7045118
편의점,씨유진해석동,경상남도,창원시,진해구,석동 278-1,35.1582036,128.7018507
편의점,씨유진해석동,경상남도,창원시,진해구,석동 204-5,35.1548781,128.7031337
편의점,씨유진해석동아쿠아점,경상남도,창원시,진해구,석동 87-1,35.1532213,128.6997921
편의점,지에스25진해이동원룸점,경상남도,창원시,진해구,이동 503-5,35.1574198,128.6941836
편의점,씨유진해석동일루스점,경상남도,창원시,진해구,이동 462-3,35.1558451,128.6981641
편의점,세븐진해이동점,경상남도,창원시,진해구,이동 611-1,35.1508104,128.696088
편의점,세븐일레븐진해,경상남도,창원시,진해구,이동 611-1,35.1508104,128.696088
편의점,지에스25진해연세,경상남도,창원시,진해구,이동 675-6,35.1545731,128.697574
편의점,이마트24진해,경상남도,창원시,진해구,이동 519-3,35.1555924,128.692377
편의점,이마트24진해연세,경상남도,창원시,진해구,이동 676-3,35.1543665,128.6982789
편의점,씨유진해이동대로점,경상남도,창원시,진해구,이동 649-7,35.1475638,128.6993474
편의점,씨유진해이동무지개점,경상남도,창원시,진해구,이동 512-12,35.1564396,128.6925314
편의점,세븐일레븐진해아이존빌점,경상남도,창원시,진해구,이동 445-2,35.1553445,128.6934474
편의점,세븐일레븐진해이동스카이점,경상남도,창원시,진해구,이동 57-7,35.1502385,128.6995203
편의점,씨유진해한스마일점,경상남도,창원시,진해구,이동 161-20,35.1510783,128.6980112
편의점,씨유진해,경상남도,창원시,진해구,이동 407-6,35.1531101,128.6950824
편의점,GS25진해이동원룸점,경상남도,창원시,진해구,이동 503-5,35.1574198,128.6941836
편의점,세븐일레븐진해이동,경상남도,창원시,진해구,이동 633-6,35.1490869,128.6979086
편의점,씨유진해연세,경상남도,창원시,진해구,이동 3-3,35.1545681,128.6995179
편의점,세븐일레븐진해이동,경상남도,창원시,진해구,이동 61-3,35.1503278,128.7002729
편의점,세븐일레븐진해이동스마일점,경상남도,창원시,진해구,이동 610-1,35.1508113,128.6949527
편의점,점빵무인편의점,경상남도,창원시,진해구,자은동 627-1,35.1404628,128.7054872
편의점,GS25진해자은점,경상남도,창원시,진해구,자은동 880-14,35.1474776,128.7031696
편의점,지에스25자은더샵점,경상남도,창원시,진해구,자은동 525-3,35.1420424,128.7097301
편의점,씨유진해자은,경상남도,창원시,진해구,자은동 963-19,35.1490832,128.7086978
편의점,지에스25N진해해양의료원,경상남도,창원시,진해구,자은동 417-3,35.1462741,128.7129279
편의점,씨유진해자은협성점,경상남도,창원시,진해구,자은동 657-56,35.140778,128.7053613
편의점,지에스25자은엘에이치(LH)점,경상남도,창원시,진해구,자은동 121,35.1524429,128.7208705
편의점,이마트편의점,경상남도,창원시,진해구,자은동 867-25,35.1473327,128.7045763
편의점,지에스25자은프레시,경상남도,창원시,진해구,자은동 959-2,35.1508168,128.7092694
편의점,씨유진해자은월드점,경상남도,창원시,진해구,자은동 284-3,35.1516852,128.7107225
편의점,픽미픽미다온점,경상남도,창원시,진해구,자은동 615-1,35.1402945,128.707831
편의점,GS25진해벚꽃마을,경상남도,창원시,진해구,자은동 834-4,35.1471323,128.7076589
편의점,씨유진해자은빌딩점,경상남도,창원시,진해구,자은동 135-1,35.1556579,128.7138739
편의점,GS25덕산,경상남도,창원시,진해구,덕산동 79-10,35.1441854,128.7013154
편의점,씨유진해풍호마루점,경상남도,창원시,진해구,풍호동 813-15,35.1361317,128.7101131
편의점,지에스25진해바다,경상남도,창원시,진해구,풍호동 305-14,35.1330415,128.7049617
편의점,세븐진해풍호,경상남도,창원시,진해구,풍호동 481-1,35.1358109,128.7028713
편의점,세븐진해풍호오거리점,경상남도,창원시,진해구,풍호동 481-1,35.1358109,128.7028713
편의점,노브랜드진해풍호점,경상남도,창원시,진해구,풍호동 320-1,35.1352761,128.7064824
편의점,씨유진해풍호,경상남도,창원시,진해구,풍호동 722-25,35.1399491,128.7020069
편의점,씨유진해풍호마린점,경상남도,창원시,진해구,풍호동 305-17,35.1312616,128.7071998
편의점,씨유진해덕산점,경상남도,창원시,진해구,풍호동 745-2,35.1429408,128.7034718
편의점,지에스25진해,경상남도,창원시,진해구,풍호동 807-9,35.1353232,128.7098096
편의점,씨유진해장천,경상남도,창원시,진해구,장천동 119-12,35.1284348,128.7063839
편의점,씨유진해뉴휴,경상남도,창원시,진해구,장천동 246,35.1291448,128.7093284
편의점,이마트24진해,경상남도,창원시,진해구,장천동 422-6,35.1305395,128.7065725
편의점,지에스25진해,경상남도,창원시,진해구,장천동 507-3,35.1310076,128.7034858
편의점,씨유진해웅천점,경상남도,창원시,진해구,북부동 536-1,35.1137131,128.7490143
편의점,이마트24내트럭신항웅동점,경상남도,창원시,진해구,남문동 1190-3,35.0895278,128.7776412
편의점,이마트24진해남문시티,경상남도,창원시,진해구,남문동 1256-1,35.1035156,128.7522851
편의점,지에스25진해남문W(상품권),경상남도,창원시,진해구,남문동 1254,35.1051256,128.7518791
편의점,지에스25진해남문W,경상남도,창원시,진해구,남문동 1254,35.1051256,128.7518791
편의점,씨유진해남문대로점,경상남도,창원시,진해구,남문동 1245-7,35.1068364,128.7524141
편의점,세븐일레븐진해남문호반점,경상남도,창원시,진해구,남문동 1293-1,35.1034111,128.7578327
편의점,세븐일레븐진해남문시티SM아이스할인점,경상남도,창원시,진해구,남문동 1246-1,35.1071365,128.7535879
편의점,이마트24R진해남문,경상남도,창원시,진해구,남문동 1250-1,35.1056177,128.752396
편의점,GS25진해남문시티점,경상남도,창원시,진해구,남문동 1246-1,35.1071365,128.7535879
편의점,GS25진해남문W점,경상남도,창원시,진해구,남문동 1254,35.1051256,128.7518791
편의점,에스엠아이스크림,경상남도,창원시,진해구,남문동 1255-3,35.1049464,128.7514695
편의점,구구플레이스레스토랑,경상남도,창원시,진해구,명동 656,35.0920911,128.7209188
편의점,투썸플레이스진해해양공원점,경상남도,창원시,진해구,명동 656,35.0920911,128.7209188
편의점,세븐일레븐진해케이조선점,경상남도,창원시,진해구,죽곡동 384-11,35.1103067,128.7195071
편의점,씨유진해마천공단점,경상남도,창원시,진해구,남양동 29-4,35.1197198,128.7816677
편의점,세븐일레븐진해남양칸점,경상남도,창원시,진해구,남양동 20,35.119697,128.7806167
편의점,이마트24진해마천공단점,경상남도,창원시,진해구,남양동 30,35.1206209,128.7816088
편의점,씨유진해남양우방점,경상남도,창원시,진해구,남양동 25-16,35.1202337,128.7786099
편의점,씨유진해,경상남도,창원시,진해구,마천동 95-12,35.1245817,128.785069
편의점,씨유진해남명점,경상남도,창원시,진해구,마천동 98-3,35.1245546,128.7841345
편의점,GS25진해두동점,경상남도,창원시,진해구,두동 1222-2,35.1148459,128.7921882
편의점,씨유진해쿠팡물류,경상남도,창원시,진해구,두동 1611,35.1234272,128.8023021
편의점,GS25용원풍림점,경상남도,창원시,진해구,청안동 472,35.10532,128.8069823
편의점,이마트24진해용원,경상남도,창원시,진해구,청안동 473,35.1052292,128.8045581
편의점,GS25진해신항,경상남도,창원시,진해구,안골동 821,35.0941081,128.7910608
편의점,씨유진해안골바다점,경상남도,창원시,진해구,안골동 375,35.0971043,128.8046736
편의점,씨유진해안청점,경상남도,창원시,진해구,안골동 356-11,35.1006134,128.8066131
편의점,씨유진해안골신항점,경상남도,창원시,진해구,안골동 826-6,35.0924181,128.7898859
편의점,씨유진해안골마린점,경상남도,창원시,진해구,안골동 379-11,35.0972451,128.8057184
편의점,이마트24진해안골점,경상남도,창원시,진해구,안골동 370-1,35.0983865,128.8055471
편의점,지에스25안골신세계점,경상남도,창원시,진해구,안골동 360-6,35.0993955,128.8043116
편의점,씨유진해안골청안점,경상남도,창원시,진해구,안골동 362-1,35.0999495,128.8032119
편의점,지에스25부산한진점,경상남도,창원시,진해구,안골동 산118,35.0804779,128.7899474
편의점,씨유한진부산터미널,경상남도,창원시,진해구,안골동 산132,35.0836922,128.7861402
편의점,GS25진해마린,경상남도,창원시,진해구,안골동 376-1,35.098728,128.8069198
편의점,세븐일레븐진해안청점,경상남도,창원시,진해구,안골동 358-12,35.1001172,128.8053596
편의점,세븐진해용원도서관점,경상남도,창원시,진해구,용원동 1186-8,35.101005,128.818066
편의점,씨유진해용원하늘점,경상남도,창원시,진해구,용원동 1236-12,35.0990437,128.8192395
편의점,씨유진해용원해청점,경상남도,창원시,진해구,용원동 1169-1,35.1042978,128.8126763
편의점,미니스톱진해용원,경상남도,창원시,진해구,용원동 1195-10,35.1020385,128.815121
편의점,씨제이올리브영진해신항점,경상남도,창원시,진해구,용원동 1342,35.0884158,128.8149955
편의점,세븐일레븐진해용원원룸점,경상남도,창원시,진해구,용원동 1242-2,35.0977029,128.819389
편의점,세븐진해용원드림점,경상남도,창원시,진해구,용원동 1215-1,35.100261,128.8131913
편의점,GS25진해웅동점,경상남도,창원시,진해구,용원동 1243-9,35.0968631,128.8187322
편의점,씨유진해용원그랜드점,경상남도,창원시,진해구,용원동 1211-1,35.1020543,128.8103031
편의점,지에스25용원부영5차점,경상남도,창원시,진해구,용원동 1337-3,35.0868761,128.8062171
편의점,씨유진해용원,경상남도,창원시,진해구,용원동 1252-1,35.0984472,128.8175719
편의점,이마트24진해용재점,경상남도,창원시,진해구,용원동 1203-10,35.1027059,128.8117815
편의점,씨유진해용원스마일점,경상남도,창원시,진해구,용원동 1263-2,35.099043,128.8146828
편의점,씨스페이스진해편의점,경상남도,창원시,진해구,용원동 1179-1,35.1032649,128.8178341
편의점,지에스25진해용원중앙,경상남도,창원시,진해구,용원동 1212-12,35.1014839,128.8125081
편의점,지에스25진해코아,경상남도,창원시,진해구,용원동 1214-3,35.1006799,128.8111069
편의점,씨유진해신항부영6단지점,경상남도,창원시,진해구,용원동 1338,35.0880749,128.8086501
편의점,세븐일레븐진해용원스마일점,경상남도,창원시,진해구,용원동 1213-5,35.1012722,128.8116883
편의점,지에스용원대로점,경상남도,창원시,진해구,용원동 1201-11,35.1020126,128.8130071
편의점,씨제이올리브영진해,경상남도,창원시,진해구,용원동 1212-1,35.1019115,128.8109398
편의점,이마트24신항시티점,경상남도,창원시,진해구,용원동 1343-6,35.0872051,128.8166143
편의점,세븐진해용원스마일점,경상남도,창원시,진해구,용원동 1213-5,35.1012722,128.8116883
편의점,씨유진해용원,경상남도,창원시,진해구,용원동 1213-10,35.101016,128.8129595
편의점,세븐일레븐진해용원도서관점,경상남도,창원시,진해구,용원동 1186-8,35.101005,128.818066
편의점,씨유용원학원점,경상남도,창원시,진해구,용원동 1232-1,35.1003351,128.8195963
편의점,세븐일레븐진해,경상남도,창원시,진해구,용원동 1225-1,35.1012163,128.8151673
편의점,세븐일레븐진해,경상남도,창원시,진해구,용원동 1209,35.1011318,128.8080227
편의점,지에스25용원마이다스점,경상남도,창원시,진해구,용원동 1211-2,35.1016599,128.8101859
편의점,씨유진해신항부영,경상남도,창원시,진해구,용원동 1337-5,35.0868708,128.803038
편의점,세븐일레븐진해용원도선장점,경상남도,창원시,진해구,용원동 1054,35.0928664,128.8189953
편의점,씨유진해용원,경상남도,창원시,진해구,용원동 1194-20,35.1018351,128.813895
편의점,세븐일레븐진해용원드라이브점,경상남도,창원시,진해구,용원동 541-6,35.109688,128.8058847
편의점,이마트24진해다인,경상남도,창원시,진해구,용원동 1347,35.0904536,128.8188963
편의점,GS25용원,경상남도,창원시,진해구,용원동 1172-1,35.1039646,128.8142613
편의점,세븐일레븐진해용원중로점,경상남도,창원시,진해구,용원동 1257-1,35.0987408,128.8161735
편의점,씨유진해오송,경상남도,창원시,진해구,용원동 1351,35.0884066,128.8187626
편의점,세븐일레븐SK내트럭부산신항점,경상남도,창원시,진해구,용원동 1336,35.0877948,128.799209
편의점,씨유진해용원마루점,경상남도,창원시,진해구,용원동 1123-10,35.0979729,128.8199772
편의점,지에스25용원어,경상남도,창원시,진해구,용원동 1133-12,35.0945937,128.8197245
편의점,씨유진해신항애플점,경상남도,창원시,진해구,용원동 1340,35.0883656,128.8134853
편의점,편의점,경상남도,창원시,진해구,용원동 1338-2,35.0880801,128.8119376
편의점,이마트24용원제일,경상남도,창원시,진해구,용원동 1225-10,35.1009501,128.8165003
편의점,지에스25용원원룸점,경상남도,창원시,진해구,용원동 1256-2,35.0986087,128.8168324
편의점,이마트24용원원룸점,경상남도,창원시,진해구,용원동 1269-8,35.099215,128.8137943
편의점,이마트24진해용원,경상남도,창원시,진해구,용원동 1182-5,35.1005727,128.8213444
편의점,지에스25용원중로점,경상남도,창원시,진해구,용원동 1257-11,35.0978187,128.8159017
편의점,세븐진해용원점,경상남도,창원시,진해구,용원동 1225-1,35.1012163,128.8151673
편의점,씨유진해웅동점,경상남도,창원시,진해구,용원동 1221-10,35.0999458,128.8147897
편의점,세븐일레븐진해신항,경상남도,창원시,진해구,용원동 1343-8,35.0872008,128.8158882
편의점,지에스25용원신항점,경상남도,창원시,진해구,용원동 1347-1,35.0906007,128.8196327
편의점,세븐일레븐진해용원,경상남도,창원시,진해구,용원동 1119,35.0999202,128.8218885
편의점,GS25용원도서관점,경상남도,창원시,진해구,용원동 1186-14,35.1011716,128.8172342
편의점,세븐일레븐진해신항,경상남도,창원시,진해구,용원동 1345-2,35.0877424,128.8179277
편의점,이마트24진해용원일등점,경상남도,창원시,진해구,용원동 1173-10,35.1034607,128.815509
편의점,로그인편의점창원,경상남도,창원시,진해구,가주동 55-4,35.1115465,128.8387614
편의점,씨유진주망경점,경상남도,진주시,망경동,241-8,35.1829666,128.0795222
편의점,지에스25진주망경로점,경상남도,진주시,망경동,86-12,35.1834395,128.0825313
편의점,씨유진주망경대로점,경상남도,진주시,망경동,535-50,35.1770463,128.0864079
편의점,이마트24진주칠암기숙사점,경상남도,진주시,주약동,168-16,35.1773355,128.0926021
편의점,세븐일레븐진주석류점,경상남도,진주시,주약동,79-30,35.1734952,128.0943596
편의점,지에스25진주주약점,경상남도,진주시,주약동,156-4,35.1770691,128.0916487
편의점,씨유진주주약현대점,경상남도,진주시,주약동,111-82,35.1734786,128.0927744
편의점,세븐일레븐진주석류점,경상남도,진주시,주약동,79-30,35.1734952,128.0943596
편의점,지에스25진주주약점(상품권),경상남도,진주시,주약동,156-4,35.1770691,128.0916487
편의점,이마트24R진주주약원룸점,경상남도,진주시,주약동,110-8,35.1747913,128.0925329
편의점,GS25진주주약점,경상남도,진주시,주약동,156-4,35.1770691,128.0916487
편의점,블루25주약점,경상남도,진주시,주약동,111-5,35.1745198,128.0925723
편의점,이마트24진주미라주점,경상남도,진주시,강남동,245-35,35.1828027,128.0877602
편의점,이마트24진주다솜방,경상남도,진주시,강남동,242,35.1791916,128.0906609
편의점,씨유진주,경상남도,진주시,강남동,127,35.1852038,128.0857035
편의점,세븐일레븐진주동성카페점,경상남도,진주시,강남동,219,35.1809127,128.0893555
편의점,씨유진주강남대경점,경상남도,진주시,강남동,235-11,35.1806167,128.0900696
편의점,지에스25진주미라주점,경상남도,진주시,강남동,387,35.1835317,128.0881726
편의점,제일편의점,경상남도,진주시,강남동,239-2,35.1796872,128.0900584
편의점,GS25진주칠암,경상남도,진주시,칠암동,527-1,35.1836667,128.0944168
편의점,씨유진주칠암현대점,경상남도,진주시,칠암동,277-2,35.187587,128.0882768
편의점,GS25진주천전점,경상남도,진주시,칠암동,293-6,35.186184,128.088349
편의점,씨유진주칠암원룸점,경상남도,진주시,칠암동,513-16,35.1833937,128.0900671
편의점,씨유진주아주,경상남도,진주시,칠암동,490-1,35.1785337,128.0936276
편의점,지에스25뉴진주고려,경상남도,진주시,칠암동,486-1,35.1780625,128.0919648
편의점,GS25칠암중앙,경상남도,진주시,칠암동,513-11,35.182661,128.0901305
편의점,씨유진주강남로점,경상남도,진주시,칠암동,530-20,35.1830777,128.0956129
편의점,세븐일레븐진주천전점,경상남도,진주시,칠암동,457-1,35.1791005,128.0933307
편의점,이마트24R진주과기대점,경상남도,진주시,칠암동,526-6,35.1829723,128.0943268
편의점,지에스25진주세무서점,경상남도,진주시,칠암동,519-12,35.1822616,128.0922648
편의점,세븐일레븐경상대학교,경상남도,진주시,칠암동,90,35.1771531,128.0953978
편의점,지에스25진주칠암점,경상남도,진주시,칠암동,448,35.179251,128.0942824
편의점,GS25경상대의대점,경상남도,진주시,칠암동,488-15,35.1777512,128.0934497
편의점,씨유의대칠암점,경상남도,진주시,칠암동,491-41,35.1781449,128.0950897
편의점,GS25진주하늘,경상남도,진주시,칠암동,42-15,35.1798503,128.0962045
편의점,GS25진주산업대점,경상남도,진주시,칠암동,492-1,35.1787249,128.0952036
편의점,지에스25진주칠암원룸점,경상남도,진주시,칠암동,506-34,35.184134,128.0915526
편의점,세븐일레븐진주경상대,경상남도,진주시,칠암동,90,35.1771531,128.0953978
편의점,씨유진주칠암,경상남도,진주시,칠암동,519-1,35.1830068,128.0920809
편의점,지에스25칠암한주점,경상남도,진주시,칠암동,78,35.1775757,128.0972476
편의점,세븐일레븐진주성점,경상남도,진주시,본성동,3-13,35.1913884,128.0818634
편의점,이마트24진주성점,경상남도,진주시,본성동,17-15,35.1907458,128.0804991
편의점,세븐진주골든튤립점,경상남도,진주시,동성동,212-11,35.1916733,128.0865506
편의점,세븐일레븐진주골든튤립점,경상남도,진주시,동성동,212-11,35.1916733,128.0865506
편의점,GS25진주뉴본성,경상남도,진주시,동성동,10-3,35.192603,128.083391
편의점,세븐진주동성효천점,경상남도,진주시,동성동,1-4,35.193214,128.0860787
편의점,세븐일레븐진주동성효천점,경상남도,진주시,동성동,1-4,35.193214,128.0860787
편의점,이마트24진주인사원룸점,경상남도,진주시,인사동,142-1,35.1906593,128.0754601
편의점,GS25진주인사점,경상남도,진주시,인사동,144-17,35.1920752,128.0744718
편의점,지에스25진주인사대로점,경상남도,진주시,인사동,143-51,35.1900121,128.0737683
편의점,씨유진주인사,경상남도,진주시,인사동,112-4,35.1927677,128.0745604
편의점,GS25진주평안점,경상남도,진주시,평안동,64,35.1980596,128.0826908
편의점,씨유진주,경상남도,진주시,중안동,1-3,35.1952827,128.082155
편의점,지에스25중안스트릿점,경상남도,진주시,중안동,6-3,35.1943731,128.0823636
편의점,이마트24진주,경상남도,진주시,중안동,4,35.194317,128.0812955
편의점,GS25중안스트릿점,경상남도,진주시,중안동,6-3,35.1943731,128.0823636
편의점,GS25진주,경상남도,진주시,중안동,4,35.194317,128.0812955
편의점,지에스25진주,경상남도,진주시,중안동,4,35.194317,128.0812955
편의점,GS25진주뉴계동점,경상남도,진주시,계동,86,35.1956501,128.0820353
편의점,씨유진주계동,경상남도,진주시,계동,94,35.1953644,128.0812198
편의점,세븐일레븐진주하얀메디컬점,경상남도,진주시,계동,38,35.1972609,128.0811677
편의점,미니스톱진주,경상남도,진주시,봉곡동,79,35.195104,128.0801783
편의점,지에스25진주서부,경상남도,진주시,봉곡동,467-3,35.1931704,128.075028
편의점,씨유진주뉴,경상남도,진주시,봉곡동,12-8,35.1956134,128.0779856
편의점,지에스25진주북장대로점,경상남도,진주시,봉곡동,441-2,35.1956601,128.0735495
편의점,지에스25진주대로점,경상남도,진주시,봉곡동,484-1,35.1940192,128.0711473
편의점,GS25봉곡햇살점,경상남도,진주시,봉곡동,4-2,35.1958058,128.0799471
편의점,씨유진주봉곡,경상남도,진주시,봉곡동,482-16,35.1925157,128.0706894
편의점,위드미진주봉곡,경상남도,진주시,봉곡동,479-30,35.1926215,128.0730503
편의점,씨유진주봉곡,경상남도,진주시,봉곡동,475-37,35.1946722,128.0723147
편의점,이마트24진주봉곡초점,경상남도,진주시,봉곡동,467-13,35.1933191,128.0743169
편의점,세븐일레븐진주봉곡,경상남도,진주시,봉곡동,2-2,35.1964646,128.0790007
편의점,씨유진주우리들점,경상남도,진주시,상봉동,1106-18,35.1955936,128.0686618
편의점,이마트24진주여고점,경상남도,진주시,상봉동,838-1,35.2000037,128.0784567
편의점,씨유진주상봉일신점,경상남도,진주시,상봉동,838-13,35.1998527,128.0778747
편의점,씨유진주상봉,경상남도,진주시,상봉동,845-9,35.1990773,128.0734491
편의점,CU진주,경상남도,진주시,상봉동,834-13,35.1980161,128.0679327
편의점,씨유진주상봉,경상남도,진주시,상봉동,1074-32,35.1966797,128.0726604
편의점,이마트24진주보건대,경상남도,진주시,상봉동,1142,35.1979955,128.06641
편의점,지에스25의병로,경상남도,진주시,상봉동,756-22,35.2000224,128.0687234
편의점,세븐진주보건대점,경상남도,진주시,상봉동,806-16,35.1976303,128.0685274
편의점,GS25진주,경상남도,진주시,상봉동,1091-3,35.1978269,128.0699491
편의점,세븐일레븐진주,경상남도,진주시,상봉동,806-16,35.1976303,128.0685274
편의점,씨유진주봉원점,경상남도,진주시,상봉동,615-9,35.2005782,128.0688291
편의점,씨유진주평안,경상남도,진주시,봉래동,246-2,35.1987908,128.0823559
편의점,지에스25진주,경상남도,진주시,장대동,95-9,35.1917748,128.0890128
편의점,세븐일레븐진주장대,경상남도,진주시,장대동,93-9,35.1927878,128.0890592
편의점,지에스25진주,경상남도,진주시,장대동,106-15,35.1916824,128.08758
편의점,GS25진주동방점,경상남도,진주시,옥봉동,806-9,35.1912195,128.0911351
편의점,지에스25진주옥봉점,경상남도,진주시,옥봉동,369-24,35.1962904,128.0920661
편의점,씨유진주삼현베스트점,경상남도,진주시,상대동,301-32,35.1782318,128.112488
편의점,세븐일레븐상대자이,경상남도,진주시,상대동,296-35,35.1784767,128.1042405
편의점,씨유진주해피데이점,경상남도,진주시,상대동,303-50,35.1800486,128.1147102
편의점,GS25진주다인점,경상남도,진주시,상대동,291-4,35.1799792,128.1044881
편의점,씨유진주상대선우점,경상남도,진주시,상대동,384-2,35.1844713,128.1121515
편의점,진주선학산점,경상남도,진주시,상대동,565,35.1846444,128.1094996
편의점,지에스25상대,경상남도,진주시,상대동,507,35.1884632,128.1151247
편의점,지에스25상대한보점,경상남도,진주시,상대동,308-10,35.1819186,128.1148236
편의점,세븐일레븐진주동진로점,경상남도,진주시,상대동,301-83,35.1778113,128.1148409
편의점,GS25진주삼현,경상남도,진주시,상대동,300-112,35.178772,128.1121164
편의점,세븐일레븐진주상대대로점,경상남도,진주시,상대동,310-67,35.1797749,128.1170842
편의점,지에스25진주대신로점,경상남도,진주시,상대동,192-23,35.1866452,128.1182087
편의점,GS25진주상대로점,경상남도,진주시,상대동,203-42,35.1843615,128.1157516
편의점,GS25상대현대점,경상남도,진주시,상대동,201-11,35.18464,128.1130747
편의점,씨유진주상대베스트점,경상남도,진주시,상대동,193-11,35.1870718,128.1167125
편의점,지에스25진주극동점,경상남도,진주시,상대동,331-14,35.1856318,128.119604
편의점,세븐일레븐진주상대신화점,경상남도,진주시,상대동,248-37,35.1819921,128.1118679
편의점,씨제이올리브영홈플러스진주점,경상남도,진주시,상대동,181-1,35.1875794,128.1177079
편의점,이마트24진주상대동진로점,경상남도,진주시,상대동,296-50,35.1790984,128.103366
편의점,씨스페이스진주구,경상남도,진주시,상대동,292-21,35.1796572,128.1034987
편의점,씨유진주시청,경상남도,진주시,상대동,297-26,35.1790903,128.1067656
편의점,씨유진주,경상남도,진주시,상대동,282-7,35.181568,128.1069918
편의점,GS25진주,경상남도,진주시,상대동,302-60,35.179681,128.1147385
편의점,세븐일레븐진주하대,경상남도,진주시,하대동,332,35.1917038,128.1233922
편의점,세븐일레븐진주스마일카페점,경상남도,진주시,하대동,334-1,35.1906927,128.1170346
편의점,CU진주하대,경상남도,진주시,하대동,125-20,35.1867484,128.1211057
편의점,씨제이올리브영진주하대점,경상남도,진주시,하대동,316-35,35.193075,128.1222614
편의점,GS25진주모덕로점,경상남도,진주시,하대동,350-1,35.188634,128.1196889
편의점,지에스25하대럭키점,경상남도,진주시,하대동,135-28,35.1868249,128.1274458
편의점,이마트24뉴진주하대점,경상남도,진주시,하대동,137-22,35.1857113,128.1221626
편의점,세븐일레븐진주하대점,경상남도,진주시,하대동,329-15,35.1910577,128.1205508
편의점,이마트24진주하대,경상남도,진주시,하대동,106-20,35.1887516,128.1226752
편의점,씨유진주선학점,경상남도,진주시,하대동,350-38,35.1886815,128.1207459
편의점,GS25하대,경상남도,진주시,하대동,317-40,35.1931545,128.1243891
편의점,씨유진주하대자유점,경상남도,진주시,하대동,319-20,35.1916603,128.117865
편의점,이마트24진주,경상남도,진주시,하대동,300-6,35.1931991,128.1158359
편의점,이마트24진주진명점,경상남도,진주시,하대동,129-40,35.1869873,128.1264076
편의점,씨유진주하대점,경상남도,진주시,하대동,322-1,35.1922752,128.1207129
편의점,GS25진주중앙,경상남도,진주시,하대동,345-24,35.1902019,128.1218598
편의점,세븐일레븐진주,경상남도,진주시,하대동,300-6,35.1931991,128.1158359
편의점,씨유진주제일여고점,경상남도,진주시,하대동,498,35.1902731,128.1150307
편의점,지에스25진주하대국제점,경상남도,진주시,하대동,606-5,35.1942558,128.1151935
편의점,씨유진주하대,경상남도,진주시,하대동,110,35.1890007,128.1275916
편의점,이마트24진주하대,경상남도,진주시,하대동,124-2,35.1870533,128.1203056
편의점,씨유진주하대,경상남도,진주시,하대동,338,35.1909211,128.1221885
편의점,이마트24진주월드점,경상남도,진주시,하대동,308-28,35.1938077,128.1264099
편의점,지에스25뉴하대동진점,경상남도,진주시,하대동,126-8,35.1868096,128.122486
편의점,지에스25진주성창점,경상남도,진주시,하대동,103-106,35.1891051,128.1245012
편의점,세븐일레븐진주하대,경상남도,진주시,하대동,108-4,35.1888407,128.1252297
편의점,이마트24진주중앙고점,경상남도,진주시,하대동,312-12,35.1928664,128.1176432
편의점,씨유진주하대,경상남도,진주시,하대동,453-7,35.1926796,128.1144655
편의점,씨유진주하대주공점,경상남도,진주시,하대동,75-22,35.1859533,128.1277364
편의점,씨유뉴하대아름점,경상남도,진주시,하대동,306-2,35.1934025,128.1232751
편의점,세븐일레븐진주상평공단점,경상남도,진주시,상평동,306-5,35.171759,128.1229832
편의점,씨유진주대교주유소점,경상남도,진주시,상평동,166-2,35.1702431,128.1177172
편의점,위메이크베버리지,경상남도,진주시,상평동,251-6,35.1695922,128.1136415
편의점,이마트24진주상평공단점,경상남도,진주시,상평동,306-1,35.1722111,128.1230879
편의점,이마트24진주상평,경상남도,진주시,상평동,247-7,35.1684013,128.1127427
편의점,세븐일레븐진주삼현점,경상남도,진주시,상평동,198-45,35.1766149,128.112569
편의점,세븐진주상평공단2호점,경상남도,진주시,상평동,211-9,35.1708074,128.1103128
편의점,씨유진주상평공단점,경상남도,진주시,상평동,197-47,35.1777324,128.1173771
편의점,세븐일레븐진주상평,경상남도,진주시,상평동,226-1,35.1708547,128.11005
편의점,세븐일레븐진주상평서동점,경상남도,진주시,상평동,205-24,35.1700509,128.115312
편의점,이마트24진주,경상남도,진주시,상평동,219-31,35.178323,128.1083854
편의점,씨유진주상평우신점,경상남도,진주시,상평동,191-3,35.1709805,128.1155704
편의점,지에스25진주기계공고점,경상남도,진주시,상평동,269-18,35.1771532,128.1046183
편의점,지에스25진주상평,경상남도,진주시,상평동,196-80,35.1756912,128.1152111
편의점,씨유진주상평만나점,경상남도,진주시,상평동,210-3,35.1699696,128.1103672
편의점,세븐진주삼현점,경상남도,진주시,상평동,198-45,35.1766149,128.112569
편의점,이마트24진주상평,경상남도,진주시,상평동,217-23,35.1764942,128.1099231
편의점,GS25진주,경상남도,진주시,상평동,219-2,35.1782419,128.1072528
편의점,픽미픽미아이스,경상남도,진주시,초전동,1639-7,35.2063591,128.1143374
편의점,세븐진주초전점,경상남도,진주시,초전동,702-7,35.1967875,128.11362
편의점,씨유진주초장아빌점,경상남도,진주시,초전동,1725-5,35.20955,128.1125238
편의점,이마트24R진주초전,경상남도,진주시,초전동,1633-1,35.2083852,128.1138449
편의점,씨유진주,경상남도,진주시,초전동,803-3,35.2014637,128.11469
편의점,GS25진주,경상남도,진주시,초전동,1669,35.2133147,128.1085386
편의점,씨유진주초장세화점,경상남도,진주시,초전동,1706-1,35.2133946,128.1127964
편의점,봉봉24진주,경상남도,진주시,초전동,1641-4,35.2054687,128.1142224
편의점,세븐일레븐진주초전,경상남도,진주시,초전동,1349-12,35.2080457,128.1095953
편의점,씨유진주초장,경상남도,진주시,초전동,1713-8,35.211248,128.1132719
편의점,씨제이올리브영진주,경상남도,진주시,초전동,1638-8,35.2060963,128.1137797
편의점,지에스25진주초장,경상남도,진주시,초전동,1687-1,35.2084887,128.1113867
편의점,세븐일레븐진주초전더원점,경상남도,진주시,초전동,1683-5,35.2096889,128.1107322
편의점,씨유진주초전핫플점,경상남도,진주시,초전동,1345-1,35.2049643,128.1112965
편의점,미니스톱진주,경상남도,진주시,초전동,1643-1,35.206288,128.1147949
편의점,코코마해피스튜디오,경상남도,진주시,초전동,1684-4,35.2098392,128.1114307
편의점,세븐일레븐진주초전청구점,경상남도,진주시,초전동,808-1,35.2019563,128.1131183
편의점,세븐일레븐진주초전,경상남도,진주시,초전동,1631-1,35.2087668,128.1127753
편의점,GS25진주초장,경상남도,진주시,초전동,1626-5,35.2091206,128.1135168
편의점,씨유진주초장해모로점,경상남도,진주시,초전동,1670,35.2120538,128.1097067
편의점,한국,경상남도,진주시,초전동,1673,35.2104079,128.1100044
편의점,세븐일레븐진주,경상남도,진주시,초전동,702-7,35.1967875,128.11362
편의점,CU진주초장루비채,경상남도,진주시,초전동,1667,35.2147946,128.1078973
편의점,세븐진주초전청구점,경상남도,진주시,초전동,808-1,35.2019563,128.1131183
편의점,지에스25진주촉석로점(상품권),경상남도,진주시,신안동,5-84,35.1903078,128.068854
편의점,지에스25진주촉석로,경상남도,진주시,신안동,5-84,35.1903078,128.068854
편의점,씨유진주신안,경상남도,진주시,신안동,27-10,35.1822416,128.072825
편의점,세븐일레븐진주,경상남도,진주시,신안동,753-5,35.1796115,128.0645047
편의점,지에스25진주뉴우정점,경상남도,진주시,신안동,12-38,35.1860243,128.0691523
편의점,지에스25진주촉석로점,경상남도,진주시,신안동,5-84,35.1903078,128.068854
편의점,세븐진주교대점,경상남도,진주시,신안동,435-17,35.1822445,128.0666525
편의점,지에스25진주KBS점,경상남도,진주시,신안동,10-13,35.1871109,128.0708628
편의점,GS25진주석갑로점,경상남도,진주시,신안동,796,35.1781799,128.0619494
편의점,세븐일레븐진주운동장점,경상남도,진주시,신안동,2-16,35.1898649,128.0682809
편의점,세븐일레븐진주신안동신점,경상남도,진주시,신안동,15-74,35.1859667,128.0716142
편의점,세븐일레븐진주신안,경상남도,진주시,신안동,24-1,35.1850568,128.0738001
편의점,진주교대점,경상남도,진주시,신안동,435-14,35.1823083,128.0665212
편의점,씨유진주신안,경상남도,진주시,신안동,25-12,35.1836094,128.0728115
편의점,씨유진주신안반딧불점,경상남도,진주시,신안동,582-5,35.1780679,128.0641221
편의점,지에스25진주대명점,경상남도,진주시,신안동,445-1,35.1830483,128.0694777
편의점,GS25신안주공점,경상남도,진주시,신안동,707-5,35.1776613,128.0672952
편의점,세븐진주신안스타점,경상남도,진주시,신안동,24-1,35.1850568,128.0738001
편의점,씨유진주여중연호점,경상남도,진주시,신안동,35-23,35.1862849,128.0650085
편의점,씨유진주석갑로점,경상남도,진주시,신안동,426-2,35.1828569,128.0651392
편의점,이마트24진주평거,경상남도,진주시,평거동,781-1,35.1719518,128.0652279
편의점,지에스25진주,경상남도,진주시,평거동,787-6,35.1708465,128.0633961
편의점,씨유진주파란하늘점,경상남도,진주시,평거동,723-4,35.1684367,128.0517522
편의점,지에스25진주순환로점,경상남도,진주시,평거동,300-14,35.1723897,128.0585494
편의점,세븐일레븐진주평거BYC점,경상남도,진주시,평거동,900,35.1722923,128.0597887
편의점,GS25평거한보점,경상남도,진주시,평거동,739-30,35.1689192,128.0501593
편의점,씨유진주들말흥한점,경상남도,진주시,평거동,191-1,35.1754604,128.0648428
편의점,씨유진주,경상남도,진주시,평거동,200-1,35.1731161,128.0618083
편의점,씨유진주평거엘크루점,경상남도,진주시,평거동,952,35.16855,128.0608812
편의점,씨유,경상남도,진주시,평거동,785-9,35.1712519,128.0640493
편의점,지에스25진주한보점,경상남도,진주시,평거동,297-12,35.1733577,128.0595647
편의점,지에스25평거들말점,경상남도,진주시,평거동,858,35.1667921,128.0582522
편의점,성경빌딩,경상남도,진주시,평거동,165-11,35.1756401,128.0618325
편의점,세븐일레븐진주평거,경상남도,진주시,평거동,1113-6,35.1668487,128.0487974
편의점,지에스25평거대도점,경상남도,진주시,평거동,727-4,35.1685091,128.0529732
편의점,세븐일레븐평거경해점,경상남도,진주시,평거동,1082-5,35.1659112,128.0427241
편의점,세븐일레븐진주평거,경상남도,진주시,평거동,786-1,35.1717273,128.0630553
편의점,지에스25진주신평공원점,경상남도,진주시,평거동,758-9,35.1733253,128.0669362
편의점,씨유현대진주셀프점,경상남도,진주시,평거동,194-2,35.1746483,128.0617052
편의점,씨유진주평거,경상남도,진주시,평거동,1115-5,35.1660924,128.0489527
편의점,석갑산자연농원편의점,경상남도,진주시,평거동,71-1,35.1742822,128.0536466
편의점,더존마트,경상남도,진주시,평거동,300-14,35.1723897,128.0585494
편의점,지에스25평거한보점,경상남도,진주시,평거동,739-30,35.1689192,128.0501593
편의점,세븐진주평거중앙점,경상남도,진주시,평거동,786-1,35.1717273,128.0630553
편의점,씨제이올리브영진주,경상남도,진주시,평거동,205-5,35.171585,128.0621223
편의점,씨유진주평거코앞점,경상남도,진주시,평거동,910,35.1712385,128.0607546
편의점,지에스25진주평거아름점,경상남도,진주시,평거동,784-1,35.1726604,128.0641438
편의점,세븐일레븐진주평거한보점,경상남도,진주시,평거동,770-12,35.1735571,128.0648329
편의점,씨유진주남강댐점,경상남도,진주시,평거동,660-28,35.1628309,128.0395409
편의점,세븐진주평거BYC점,경상남도,진주시,평거동,900,35.1722923,128.0597887
편의점,GS25평거LH점,경상남도,진주시,평거동,518-2,35.1691941,128.0549846
편의점,코리아세븐진주평거,경상남도,진주시,평거동,802,35.1666586,128.0563751
편의점,GS25평거스카이점,경상남도,진주시,평거동,202-6,35.1717412,128.0624161
편의점,지에스25평거허니점,경상남도,진주시,평거동,162-29,35.1760057,128.0608144
편의점,씨유진주평거,경상남도,진주시,평거동,768-1,35.1727358,128.0667968
편의점,세븐일레븐진주평거주공점,경상남도,진주시,평거동,326-1,35.1714511,128.0583895
편의점,이마트24진주이현IC점,경상남도,진주시,이현동,23-17,35.1922701,128.06528
편의점,세븐진주이현점,경상남도,진주시,이현동,27-31,35.1898203,128.0633906
편의점,GS25이현,경상남도,진주시,이현동,98-6,35.1868365,128.0642417
편의점,지에스25서진주점,경상남도,진주시,이현동,23-1,35.1918898,128.0638307
편의점,세븐일레븐진주이현점,경상남도,진주시,이현동,27-31,35.1898203,128.0633906
편의점,씨유진주이현경남빌점,경상남도,진주시,이현동,239-6,35.1867854,128.0606406
편의점,진주편의점,경상남도,진주시,이현동,21-3,35.1919877,128.0661319
편의점,세븐일레븐이현웰가점,경상남도,진주시,유곡동,417-3,35.1950511,128.0591945
편의점,진주친환경급식센타,경상남도,진주시,판문동,1189,35.2012071,128.0262873
편의점,지에스25진주진양호점,경상남도,진주시,판문동,307-1,35.1678175,128.0419429
편의점,지에스25진주그린빌점,경상남도,진주시,가좌동,573-1,35.1486624,128.1022642
편의점,이마트24R경상대,경상남도,진주시,가좌동,478-8,35.1542187,128.1070053
편의점,GS25진주개양점,경상남도,진주시,가좌동,639-15,35.1595855,128.106489
편의점,지에스25진주그린빌점(상품권),경상남도,진주시,가좌동,573-1,35.1486624,128.1022642
편의점,이마트24경상국립대느티마루점,경상남도,진주시,가좌동,900,35.1519619,128.0979621
편의점,이마트24경상국립대학생회관점,경상남도,진주시,가좌동,900,35.1519619,128.0979621
편의점,씨유경상대,경상남도,진주시,가좌동,481-8,35.1532579,128.1071311
편의점,지에스25연암공과대학점,경상남도,진주시,가좌동,780,35.1646854,128.0990852
편의점,씨유진주가좌원룸점,경상남도,진주시,가좌동,479-12,35.1554414,128.1083773
편의점,세븐일레븐진주경,경상남도,진주시,가좌동,492-11,35.1517205,128.1050691
편의점,씨유진주센트럴웰가점,경상남도,진주시,가좌동,1981,35.1539467,128.1118059
편의점,씨유진주가좌우리점,경상남도,진주시,가좌동,683,35.1611229,128.1090569
편의점,세븐진주경상대점,경상남도,진주시,가좌동,492-11,35.1517205,128.1050691
편의점,GS25경상,경상남도,진주시,가좌동,1442-15,35.157178,128.1067013
편의점,금정씨유진주더퍼스트웰가점,경상남도,진주시,가좌동,2064-1,35.151979,128.1164321
편의점,GS25경상대지에스,경상남도,진주시,가좌동,492-1,35.1526471,128.1059562
편의점,씨유경대,경상남도,진주시,가좌동,1446-7,35.1563313,128.1058869
편의점,씨유신진주줌시티점,경상남도,진주시,가좌동,2068-2,35.1542632,128.1186462
편의점,지에스25진주이주단지점,경상남도,진주시,가좌동,1850,35.145298,128.102987
편의점,이마트24경상국립대느티마루위성점,경상남도,진주시,가좌동,900,35.1519619,128.0979621
편의점,이마트24진주경,경상남도,진주시,가좌동,1444-1,35.1567125,128.1048676
편의점,지에스25진주경,경상남도,진주시,가좌동,1441-1,35.1577804,128.1052146
편의점,GS25가좌,경상남도,진주시,가좌동,448-7,35.1560337,128.1077488
편의점,씨유신진주줌,경상남도,진주시,가좌동,2068-1,35.1544881,128.1182629
편의점,씨유진주경,경상남도,진주시,가좌동,492-4,35.1522879,128.1058948
편의점,씨유진주,경상남도,진주시,가좌동,1439-1,35.1585222,128.1054671
편의점,GS25기숙사,경상남도,진주시,가좌동,1171-2,35.1584941,128.1004745
편의점,세븐일레븐진주율곡,경상남도,진주시,가좌동,2064-2,35.1522087,128.1168268
편의점,코리아세븐진주경상대,경상남도,진주시,가좌동,1437-26,35.1593534,128.1057582
편의점,이마트24진주경,경상남도,진주시,가좌동,1444-1,35.1567125,128.1048676
편의점,이마트24R경상국립대공학관점,경상남도,진주시,가좌동,900,35.1519619,128.0979621
편의점,이마트24경상국립대교육,경상남도,진주시,가좌동,900,35.1519619,128.0979621
편의점,지에스25진주MBC점,경상남도,진주시,가좌동,695-14,35.1632044,128.107052
편의점,씨유,경상남도,진주시,호탄동,606-1,35.1642453,128.11465
편의점,가호로또,경상남도,진주시,호탄동,695,35.1618597,128.1139328
편의점,미니스톱호탄공원점,경상남도,진주시,호탄동,605-12,35.1634277,128.1140809
편의점,지에스25호탄원룸점,경상남도,진주시,호탄동,615-3,35.1631395,128.1152369
편의점,미니스톱,경상남도,진주시,호탄동,610-4,35.1634994,128.1160295
편의점,씨유진주엠비씨점,경상남도,진주시,호탄동,961-31,35.1635791,128.111234
편의점,씨유진주개양점,경상남도,진주시,호탄동,618-6,35.162396,128.1161136
편의점,GS25진주가호점,경상남도,진주시,호탄동,979-1,35.1647892,128.1109269
편의점,GS25진주드림,경상남도,진주시,충무공동,225-1,35.1806302,128.143954
편의점,세븐진주만덕화점,경상남도,진주시,충무공동,284-3,35.1755769,128.1472409
편의점,GS25진주혁신,경상남도,진주시,충무공동,22-14,35.1774552,128.1374132
편의점,씨유진주혁신,경상남도,진주시,충무공동,331-5,35.1725248,128.1490374
편의점,씨유진주아슬란점,경상남도,진주시,충무공동,277-7,35.1745047,128.1531805
편의점,GS25진주혁신,경상남도,진주시,충무공동,86-1,35.1688287,128.1322963
편의점,씨유진주혁신엠에스점,경상남도,진주시,충무공동,284-1,35.1762978,128.1471028
편의점,지에스25진주라온시티점,경상남도,진주시,충무공동,287-7,35.1763746,128.1447924
편의점,금정,경상남도,진주시,충무공동,287-9,35.1765462,128.1439087
편의점,지에스25진주혁신(상품권),경상남도,진주시,충무공동,86-1,35.1688287,128.1322963
편의점,세븐일레븐진주만덕화점,경상남도,진주시,충무공동,284-3,35.1755769,128.1472409
편의점,지에스25진주드림,경상남도,진주시,충무공동,225-1,35.1806302,128.143954
편의점,지에스25진주혁신,경상남도,진주시,충무공동,145,35.1684355,128.1376607
편의점,행복마트블루25,경상남도,진주시,충무공동,217-2,35.1819873,128.1518451
편의점,씨제이올리브영진주,경상남도,진주시,충무공동,284-1,35.1762978,128.1471028
편의점,CU진주혁신우람점,경상남도,진주시,충무공동,38-3,35.1782137,128.1403179
편의점,GS수퍼충무공점,경상남도,진주시,충무공동,196-4,35.1816643,128.1502531
편의점,씨제이올리브영진주점,경상남도,진주시,충무공동,35,35.1801162,128.1399333
편의점,이마트24진주혁신중흥,경상남도,진주시,충무공동,293,35.1734303,128.1433306
편의점,세븐일레븐진주혁신,경상남도,진주시,충무공동,132-2,35.1696848,128.1363823
편의점,씨유진주혁신한림점,경상남도,진주시,충무공동,77,35.1716049,128.1331989
편의점,이마트24진주한일,경상남도,진주시,충무공동,69-1,35.1667357,128.1286466
편의점,이마트24진주,경상남도,진주시,충무공동,234,35.1785375,128.1522974
편의점,세븐일레븐진주혁신,경상남도,진주시,충무공동,40-2,35.1788611,128.1397304
편의점,지에스더프레시진주,경상남도,진주시,충무공동,298,35.1735036,128.1450563
편의점,씨유진주혁신일번지점,경상남도,진주시,충무공동,82-2,35.1696867,128.1311277
편의점,세븐일레븐진주혁신,경상남도,진주시,충무공동,282-5,35.1754011,128.1483326
편의점,지에스25진주혁신,경상남도,진주시,충무공동,86-1,35.1688287,128.1322963
편의점,세븐진주혁신롯데점,경상남도,진주시,충무공동,40-2,35.1788611,128.1397304
편의점,GS25진주윙스,경상남도,진주시,충무공동,69-3,35.1649529,128.1272605
편의점,GS25진주드림상품권,경상남도,진주시,충무공동,225-1,35.1806302,128.143954
편의점,씨유문산IC점,경상남도,진주시,문산읍,소문리 287-5,35.170871,128.1614195
편의점,씨유진주문산고려점,경상남도,진주시,문산읍,삼곡리 1350,35.1640926,128.1607399
편의점,지마트24,경상남도,진주시,문산읍,소문리 275-4,35.170353,128.1620768
편의점,GS25진주문산삼곡점,경상남도,진주시,문산읍,삼곡리 1213-5,35.1649749,128.1647961
편의점,씨유한국국제대점,경상남도,진주시,문산읍,상문리 산270,35.1746075,128.206293
편의점,씨유뉴진주,경상남도,진주시,문산읍,삼곡리 1214-1,35.1641752,128.1649163
편의점,럭키편의점,경상남도,진주시,문산읍,옥산리 945,35.1611482,128.1405875
편의점,세븐일레븐진주르네상스점,경상남도,진주시,내동면,삼계리 682-10,35.1614465,128.0312222
편의점,씨유진주정촌,경상남도,진주시,정촌면,예하리 1302-1,35.1288053,128.1046062
편의점,W마트1,경상남도,진주시,정촌면,예하리 1289-10,35.1261776,128.0994452
편의점,GS25진주정촌삼일로점,경상남도,진주시,정촌면,예하리 1282-4,35.1299059,128.1029949
편의점,아싸비어진주정촌점,경상남도,진주시,정촌면,예하리 1285-14,35.1289685,128.1008072
편의점,비지에프리테일진주큐브에스점,경상남도,진주시,정촌면,예하리 1251-1,35.1217519,128.1006007
편의점,세븐일레븐진주정촌,경상남도,진주시,정촌면,예하리 1397-6,35.1146079,128.1045414
편의점,씨유정촌아울렛포유점,경상남도,진주시,정촌면,예하리 1270-1,35.1330526,128.0992381
편의점,CU정촌강남,경상남도,진주시,정촌면,예하리 876-6,35.1144581,128.0929439
편의점,GS25진주정촌점,경상남도,진주시,정촌면,예하리 1299-5,35.1252618,128.1030897
편의점,씨유진주정촌올리움점,경상남도,진주시,정촌면,예하리 1295,35.1233758,128.0985624
편의점,씨유진주금곡점,경상남도,진주시,금곡면,두문리 599-3,35.0933885,128.1870168
편의점,씨유진성IC,경상남도,진주시,진성면,상촌리 142-2,35.187303,128.2247889
편의점,진성기업,경상남도,진주시,진성면,동산리 497-4,35.1942819,128.221735
편의점,지에스GS25진주일반성점상품권,경상남도,진주시,일반성면,창촌리 729-32,35.1712752,128.2766603
편의점,지에스GS25진주일반성점,경상남도,진주시,일반성면,창촌리 729-32,35.1712752,128.2766603
편의점,씨유진주반성,경상남도,진주시,일반성면,창촌리 727-32,35.1720493,128.2752039
편의점,지에스25진주일반성점,경상남도,진주시,일반성면,창촌리 729-32,35.1712752,128.2766603
편의점,씨유진주사봉산업단지점,경상남도,진주시,사봉면,사곡리 1802-1,35.1901596,128.2741429
편의점,씨유진주,경상남도,진주시,대곡면,유곡리 21-7,35.2608216,128.1663068
편의점,이마트24진주,경상남도,진주시,대곡면,광석리 315-4,35.2621293,128.1682552
편의점,아이스앤스낵창고흥한점,경상남도,진주시,금산면,장사리 1000,35.2149358,128.1501475
편의점,지에스25새진주금산점,경상남도,진주시,금산면,장사리 987-20,35.2155612,128.1467117
편의점,씨유진주금산우리점,경상남도,진주시,금산면,장사리 953-7,35.2152205,128.1458893
편의점,이마트24진주금산점,경상남도,진주시,금산면,중천리 331-7,35.2139524,128.1402994
편의점,씨유진주금산흥한점,경상남도,진주시,금산면,장사리 1000-5,35.2152303,128.1484049
편의점,세븐일레븐진주금산위브점,경상남도,진주시,금산면,장사리 705,35.2205025,128.1488059
편의점,씨유진주금산루벤스점,경상남도,진주시,금산면,중천리 336-9,35.2138589,128.1419487
편의점,씨유금산,경상남도,진주시,금산면,장사리 965-1,35.2164076,128.1455684
편의점,GS25금산번영,경상남도,진주시,금산면,장사리 962-3,35.2179462,128.1460922
편의점,GS25공군교육사령부점,경상남도,진주시,금산면,송백리 41,35.200473,128.1451422
편의점,이마트24진주명석점,경상남도,진주시,명석면,우수리 110-1,35.2169786,128.0390953
편의점,GS25진주명석점,경상남도,진주시,명석면,우수리 95-5,35.217085,128.0408268
편의점,세븐통영도천점,경상남도,통영시,도천동,52-18,34.8395372,128.4163174
편의점,씨유통영,경상남도,통영시,도천동,181-11,34.8395116,128.4119856
편의점,GS25통영도천점,경상남도,통영시,도천동,220-10,34.8388895,128.4146078
편의점,세븐일레븐통영도천점,경상남도,통영시,도천동,52-18,34.8395372,128.4163174
편의점,드림편의점,경상남도,통영시,서호동,316,34.8396377,128.4202758
편의점,세븐일레븐통영바다점,경상남도,통영시,서호동,177-358,34.8407366,128.4212375
편의점,GS25통영서호점,경상남도,통영시,서호동,177-21,34.8421483,128.4194855
편의점,코리아세븐,경상남도,통영시,항남동,249-66,34.8418579,128.4209675
편의점,이마트24,경상남도,통영시,항남동,151-70,34.8405375,128.4227138
편의점,씨유통영항구점,경상남도,통영시,항남동,239-5,34.8404411,128.421836
편의점,GS25,경상남도,통영시,항남동,151-11,34.8410193,128.4224711
편의점,씨유,경상남도,통영시,항남동,197-14,34.8423959,128.4226277
편의점,GS25통영,경상남도,통영시,항남동,106-2,34.8423349,128.4237713
편의점,세븐일레븐,경상남도,통영시,항남동,249-66,34.8418579,128.4209675
편의점,이마트24뉴통영,경상남도,통영시,중앙동,55,34.8448525,128.4241045
편의점,씨유통영동피랑점,경상남도,통영시,태평동,403,34.8463385,128.4243109
편의점,지에스25통영동호점,경상남도,통영시,동호동,171-6,34.8441503,128.427266
편의점,비지에프리테일통영동호대로점,경상남도,통영시,동호동,317-1,34.8398074,128.4342203
편의점,씨유통영디피랑점,경상남도,통영시,동호동,249-1,34.8431682,128.4268763
편의점,씨유동피랑벽화,경상남도,통영시,동호동,95-2,34.8445731,128.4268498
편의점,세븐일레븐통영동호바다점,경상남도,통영시,동호동,347-12,34.8406899,128.4322429
편의점,세븐일레븐통영일등점,경상남도,통영시,정량동,1374-6,34.8433831,128.4311306
편의점,씨유통영정량점,경상남도,통영시,정량동,1372-2,34.8444665,128.4316382
편의점,세븐일레븐통영정량바다점,경상남도,통영시,정량동,1375-1,34.843444,128.4321021
편의점,세븐일레븐통영동호점,경상남도,통영시,정량동,1372,34.8445806,128.4317546
편의점,씨유통영삼부점,경상남도,통영시,정량동,1158-58,34.8454231,128.4309947
편의점,씨유통영로얄듀크점,경상남도,통영시,정량동,170-2,34.8491704,128.4292006
편의점,세븐일레븐정량동원점,경상남도,통영시,정량동,275-10,34.8491467,128.4309827
편의점,세븐일레븐통영정량,경상남도,통영시,정량동,1368-16,34.8452671,128.4329992
편의점,세븐일레븐통영해모로점,경상남도,통영시,북신동,666-28,34.8536615,128.4281701
편의점,씨유통영북신,경상남도,통영시,북신동,52-18,34.8530096,128.4293347
편의점,세븐일레븐통영북신화목점,경상남도,통영시,북신동,691,34.8582016,128.4227618
편의점,씨유통영해모로점,경상남도,통영시,북신동,714,34.8527048,128.4266824
편의점,GS25통영OK점,경상남도,통영시,북신동,694,34.857615,128.4265592
편의점,세븐일레븐통영북신화목점,경상남도,통영시,북신동,691,34.8582016,128.4227618
편의점,GS25통영,경상남도,통영시,무전동,356-138,34.8539501,128.4324653
편의점,세븐일레븐통영무전,경상남도,통영시,무전동,1015-6,34.8602581,128.4217683
편의점,지에스무전원룸점,경상남도,통영시,무전동,236-13,34.8560451,128.4354648
편의점,세븐일레븐통영무전스마일점,경상남도,통영시,무전동,1027-9,34.8584099,128.4258548
편의점,이마트24통영무전원룸점,경상남도,통영시,무전동,379-4,34.85672,128.4322617
편의점,이마트24통영휴엔하임점,경상남도,통영시,무전동,1025-2,34.8585429,128.4248228
편의점,GS25통영르네상스점,경상남도,통영시,무전동,1060-1,34.8618122,128.4251387
편의점,미니스톱통영,경상남도,통영시,무전동,374-46,34.8564656,128.4300088
편의점,씨유통영,경상남도,통영시,무전동,992-15,34.8584812,128.430549
편의점,씨유통영북신,경상남도,통영시,무전동,1030-7,34.859553,128.4268782
편의점,씨유통영무전,경상남도,통영시,무전동,1019-13,34.859783,128.4222434
편의점,세븐일레븐통영만남의장소점,경상남도,통영시,무전동,1065-9,34.8607622,128.4265067
편의점,세븐일레븐통영무전블루점,경상남도,통영시,무전동,767-9,34.8653296,128.4211429
편의점,씨유무전로즈힐점,경상남도,통영시,무전동,1056-12,34.8612524,128.4235888
편의점,세븐통영무전중앙점,경상남도,통영시,무전동,1015-6,34.8602581,128.4217683
편의점,세븐통영무전스마일점,경상남도,통영시,무전동,1027-10,34.8585805,128.4258759
편의점,세븐일레븐통영무전,경상남도,통영시,무전동,980-2,34.8599289,128.4290881
편의점,씨유통영,경상남도,통영시,무전동,990-9,34.8576081,128.4293929
편의점,씨유무전동원룸점,경상남도,통영시,무전동,977-33,34.8574838,128.4330898
편의점,씨유북신,경상남도,통영시,무전동,1034-6,34.8578278,128.4275289
편의점,씨제이올리브영통영무전점,경상남도,통영시,무전동,1037-6,34.8577432,128.4281692
편의점,세븐일레븐통영무전,경상남도,통영시,무전동,991-1,34.8585498,128.429868
편의점,GS25통영,경상남도,통영시,무전동,374-5,34.8571644,128.4303989
편의점,코리아세븐통영무전,경상남도,통영시,무전동,991-1,34.8585498,128.429868
편의점,지에스25통영무전점,경상남도,통영시,무전동,1033-12,34.8588029,128.4272523
편의점,세븐일레븐통영경,경상남도,통영시,인평동,180-5,34.8399501,128.399874
편의점,씨유통영인평점,경상남도,통영시,인평동,430-23,34.8405394,128.3985024
편의점,지에스25통영인평LH점,경상남도,통영시,인평동,402-1,34.8417146,128.3964706
편의점,세븐통영인평점,경상남도,통영시,인평동,113-8,34.8369617,128.4019427
편의점,씨유통영인평,경상남도,통영시,인평동,434-13,34.8402707,128.3976222
편의점,세븐일레븐통영인평점,경상남도,통영시,인평동,113-8,34.8369617,128.4019427
편의점,천함골편의점,경상남도,통영시,당동,360,34.8356968,128.4033883
편의점,씨유통영,경상남도,통영시,당동,210,34.8349238,128.4085243
편의점,씨유통영미수공원점,경상남도,통영시,미수동,291-3,34.8289744,128.4073684
편의점,지에스25통영미동점,경상남도,통영시,미수동,585-3,34.8243168,128.40038
편의점,GS25,경상남도,통영시,미수동,363,34.8266881,128.4029765
편의점,GS25산양일주로점,경상남도,통영시,미수동,626-12,34.8220031,128.3947838
편의점,좋은편의점블루25,경상남도,통영시,봉평동,62-9,34.8313944,128.4166456
편의점,GS25통영봉평점,경상남도,통영시,봉평동,87-7,34.8303277,128.419676
편의점,지에스25통영바다점,경상남도,통영시,봉평동,446-1,34.8330341,128.4128373
편의점,씨유통영뉴한바다점,경상남도,통영시,봉평동,5-7,34.8315866,128.4215091
편의점,세븐일레븐통영봉평점,경상남도,통영시,봉평동,3-12,34.8327464,128.4207813
편의점,지에스25통영21세기점,경상남도,통영시,봉평동,12-2,34.8326664,128.419309
편의점,GS25통영용화사점,경상남도,통영시,봉평동,292-3,34.8243498,128.4155216
편의점,씨유통영도경점,경상남도,통영시,도남동,494-13,34.8297983,128.4183236
편의점,씨유통영도남점,경상남도,통영시,도남동,201-15,34.828845,128.432633
편의점,씨유통영도남,경상남도,통영시,도남동,516-27,34.828266,128.4211478
편의점,씨유스탠포드호텔,경상남도,통영시,도남동,660,34.8245516,128.439427
편의점,호산나편의점,경상남도,통영시,도남동,634,34.8286802,128.4337179
편의점,씨유도남관광단지점,경상남도,통영시,도남동,198-12,34.8274562,128.4325003
편의점,씨유통영청솔점,경상남도,통영시,도남동,410-1,34.8285795,128.4243605
편의점,이마트24통영루지점,경상남도,통영시,도남동,572-10,34.827058,128.4176499
편의점,블루25씨스페이스,경상남도,통영시,도남동,560-3,34.8264793,128.4187082
편의점,지에스25통영연명항점,경상남도,통영시,산양읍,연화리 205-2,34.7770595,128.3970437
편의점,세븐일레븐통영산양점,경상남도,통영시,산양읍,삼덕리 713,34.8086855,128.3869717
편의점,씨유통영삼덕항점,경상남도,통영시,산양읍,삼덕리 371,34.7947086,128.3839025
편의점,이마트24SMART통영풍화점,경상남도,통영시,산양읍,남평리 1312-21,34.813795,128.3866055
편의점,씨유통영바다,경상남도,통영시,산양읍,영운리 529-1,34.7995413,128.4308357
편의점,달아낚시,경상남도,통영시,산양읍,미남리 723-9,34.7684197,128.4077045
편의점,씨유통영바다풍차점,경상남도,통영시,산양읍,연화리 699-3,34.790779,128.388961
편의점,리틀뮤지엄통영,경상남도,통영시,산양읍,영운리 169-23,34.8171229,128.4223286
편의점,씨유통영산양일주로점,경상남도,통영시,산양읍,삼덕리 548,34.805311,128.3869489
편의점,"행복플러스25편의점척포은진점,은진낚시",경상남도,통영시,산양읍,미남리 353,34.7655013,128.4213385
편의점,씨유통영달아점,경상남도,통영시,산양읍,미남리 723-9,34.7684197,128.4077045
편의점,이마트24통영산양점,경상남도,통영시,산양읍,영운리 724-3,34.8038369,128.4319574
편의점,GS25통영청구점,경상남도,통영시,용남면,동달리 952-6,34.8641102,128.4407432
편의점,세븐일레븐통영이지비아점,경상남도,통영시,용남면,화삼리 978,34.8606992,128.4427343
편의점,씨유통영견내량점,경상남도,통영시,용남면,장평리 337,34.8859309,128.4670364
편의점,씨유통영,경상남도,통영시,용남면,동달리 860,34.8640156,128.4435495
편의점,이마트24통영용남점,경상남도,통영시,용남면,동달리 750-6,34.8692347,128.4445468
편의점,GS25통영용남점,경상남도,통영시,용남면,장평리 353-6,34.8878234,128.4659818
편의점,미니스톱거제대교점,경상남도,통영시,용남면,장평리 49,34.8908651,128.473971
편의점,세븐일레븐통영바다휴게소점,경상남도,통영시,도산면,원산리 1186-1,34.9362851,128.3474484
편의점,세븐일레븐통영남해안대로점,경상남도,통영시,도산면,관덕리 945,34.9016411,128.3732632
편의점,씨유도산장생점,경상남도,통영시,도산면,법송리 1053-4,34.9029044,128.3621296
편의점,이마트24R통영,경상남도,통영시,광도면,죽림리 1570,34.8855431,128.4175027
편의점,세븐일레븐통영안정공단점,경상남도,통영시,광도면,황리 1075-1,34.9587912,128.4116967
편의점,씨유뉴죽림스마일점,경상남도,통영시,광도면,죽림리 1571-18,34.8871084,128.4203525
편의점,세븐일레븐통영죽림스마일점,경상남도,통영시,광도면,죽림리 1570-41,34.8852574,128.4203184
편의점,지에스25죽림주공점,경상남도,통영시,광도면,죽림리 1577-5,34.8803496,128.4153114
편의점,지에스25죽림원룸점,경상남도,통영시,광도면,죽림리 1585-12,34.8744162,128.420423
편의점,세븐일레븐통영죽림,경상남도,통영시,광도면,죽림리 1583-34,34.8766436,128.4176262
편의점,세븐통영죽림중앙점,경상남도,통영시,광도면,죽림리 1574-59,34.8798676,128.4218833
편의점,이마트24통영충무도서관점,경상남도,통영시,광도면,죽림리 1585-18,34.8736867,128.419734
편의점,세븐일레븐퉁영죽림원룸점,경상남도,통영시,광도면,죽림리 1585-4,34.8746378,128.4187893
편의점,세븐일레븐통영죽림,경상남도,통영시,광도면,죽림리 1569-14,34.8831247,128.4179687
편의점,세븐일레븐통영죽림바다점,경상남도,통영시,광도면,죽림리 1565-6,34.8878257,128.4200645
편의점,집밥뚝딱통영,경상남도,통영시,광도면,죽림리 1575-6,34.8815818,128.4181323
편의점,지에스25통영죽림,경상남도,통영시,광도면,죽림리 1565-2,34.8884786,128.4189499
편의점,씨유에이치에스지성동조선점,경상남도,통영시,광도면,황리 1609-4,34.9581223,128.4266149
편의점,씨유죽림해안로점,경상남도,통영시,광도면,죽림리 1574-64,34.8804209,128.4224318
편의점,세븐일레븐통영죽림타운점,경상남도,통영시,광도면,죽림리 1583-11,34.8762856,128.4187201
편의점,씨유통영죽림원룸점,경상남도,통영시,광도면,죽림리 1569-25,34.8838131,128.417471
편의점,씨유통영안정공단점,경상남도,통영시,광도면,황리 1582-2,34.9576745,128.413095
편의점,씨유통영,경상남도,통영시,광도면,죽림리 1606,34.8745253,128.4134265
편의점,씨유죽림희가로점,경상남도,통영시,광도면,죽림리 1565-29,34.8885969,128.4195325
편의점,씨유푸르지오,경상남도,통영시,광도면,죽림리 1580-42,34.8773757,128.4207749
편의점,씨유통영안정,경상남도,통영시,광도면,황리 840-4,34.9578864,128.4181359
편의점,세븐일레븐통영안정벽방점,경상남도,통영시,광도면,안정리 1033-3,34.9479258,128.4114756
편의점,이마트24통영죽림일성점,경상남도,통영시,광도면,죽림리 280-44,34.8809772,128.4141143
편의점,에이치에스지성동조선,경상남도,통영시,광도면,황리 1592,34.9546148,128.4134329
편의점,지에스25통영안정점,경상남도,통영시,광도면,안정리 1123-3,34.945628,128.4130368
편의점,씨유죽림e조은점,경상남도,통영시,광도면,죽림리 1572-76,34.8849839,128.421123
편의점,세븐일레븐통영,경상남도,통영시,광도면,죽림리 1569,34.8846383,128.4167347
편의점,이마트24통영,경상남도,통영시,광도면,죽림리 1570-52,34.8845396,128.4193552
편의점,GS25죽림원룸점,경상남도,통영시,광도면,죽림리 1585-12,34.8744162,128.420423
편의점,서원탑훼밀리마트안정점,경상남도,통영시,광도면,황리 1583-1,34.9576445,128.413796
편의점,씨유통영더,경상남도,통영시,광도면,죽림리 1573-2,34.8835059,128.4207666
편의점,GS25죽림원룸점상품권,경상남도,통영시,광도면,죽림리 1585-12,34.8744162,128.420423
편의점,세븐일레븐통영조은점,경상남도,통영시,광도면,죽림리 1570-6,34.8865629,128.4192514
편의점,씨유통영,경상남도,통영시,광도면,죽림리 349-4,34.8791523,128.4122083
편의점,미니스톱통영안정공단점,경상남도,통영시,광도면,황리 1583-2,34.9575934,128.4143416
편의점,세븐일레븐통영죽림,경상남도,통영시,광도면,죽림리 1574-59,34.8798676,128.4218833
편의점,지에스25통영바다,경상남도,통영시,광도면,죽림리 1580-54,34.8769253,128.4216703
편의점,신구멍가게24통영,경상남도,통영시,광도면,죽림리 1577-11,34.8783432,128.4148854
편의점,씨유통영죽림,경상남도,통영시,광도면,죽림리 1574-57,34.8799496,128.4212995
편의점,씨유신,경상남도,통영시,광도면,죽림리 1577-9,34.8789651,128.4150271
편의점,세븐통영죽림원룸점,경상남도,통영시,광도면,죽림리 1585-4,34.8746378,128.4187893
편의점,씨유통영사량도점,경상남도,통영시,사량면,금평리 44,34.8442991,128.224493
편의점,씨유사천용궁점,경상남도,사천시,동동,378-4,34.9339486,128.0700223
편의점,씨유사천동서공원점,경상남도,사천시,서동,346-40,34.9269878,128.065396
편의점,미니스톱삼천포해태점,경상남도,사천시,서동,257-2,34.929355,128.0689491
편의점,GS25사천선구점,경상남도,사천시,선구동,58-16,34.927707,128.0731386
편의점,세븐일레븐삼천포용궁점,경상남도,사천시,선구동,81-6,34.9279313,128.0725174
편의점,씨유사천바다점,경상남도,사천시,선구동,41-43,34.9279998,128.0740042
편의점,미니스톱삼천포선구점,경상남도,사천시,선구동,284-44,34.9356755,128.0755933
편의점,금양낚시프라자,경상남도,사천시,동금동,490,34.9280465,128.077661
편의점,세븐일레븐사천노산점,경상남도,사천시,동금동,187-2,34.9297671,128.0825544
편의점,세븐일레븐사천동금점,경상남도,사천시,동금동,89-16,34.9318602,128.077762
편의점,씨유삼천포서울,경상남도,사천시,동금동,61-2,34.9337613,128.0808008
편의점,CU사천팔포점,경상남도,사천시,동금동,577,34.9278832,128.0776205
편의점,GS25사천해피점,경상남도,사천시,동금동,69-13,34.9329615,128.0803728
편의점,씨유사천팔포점,경상남도,사천시,동금동,577,34.9278832,128.0776205
편의점,씨유사천동금점,경상남도,사천시,동금동,43-1,34.9322041,128.0833949
편의점,미니스톱삼천포점,경상남도,사천시,서금동,141-1,34.9262279,128.0754636
편의점,씨유삼천포,경상남도,사천시,서금동,145-1,34.9258138,128.0761028
편의점,GS25사천바다점,경상남도,사천시,서금동,143-14,34.9241186,128.0748681
편의점,씨유사천대로점,경상남도,사천시,동림동,103-4,34.9424669,128.0774034
편의점,지에스25사천,경상남도,사천시,벌리동,252-11,34.9394357,128.0855709
편의점,지에스25사천,경상남도,사천시,벌리동,22-12,34.9446443,128.0790565
편의점,씨유사천주공점,경상남도,사천시,벌리동,254-1,34.9405179,128.0860024
편의점,씨유사천,경상남도,사천시,벌리동,450-1,34.9383871,128.0824707
편의점,GS25사천벌리주공점,경상남도,사천시,벌리동,369,34.9388293,128.0889471
편의점,GS25삼천포공고점,경상남도,사천시,벌리동,431-6,34.9350345,128.0837067
편의점,세븐일레븐삼천포핫플레이스점,경상남도,사천시,벌리동,257-1,34.9409761,128.0869528
편의점,삼천포세븐일레븐,경상남도,사천시,벌리동,464-10,34.9369018,128.079807
편의점,씨유사천,경상남도,사천시,벌리동,254-8,34.9396096,128.0861748
편의점,지에스25사천신항로점,경상남도,사천시,벌리동,263-14,34.937455,128.0858459
편의점,씨유삼천포다,경상남도,사천시,벌리동,192-3,34.9418319,128.0834715
편의점,씨제이올리브영사천,경상남도,사천시,벌리동,253-10,34.9391953,128.0861408
편의점,GS25사천OK점,경상남도,사천시,벌리동,59-29,34.9399489,128.0810556
편의점,미니스톱,경상남도,사천시,용강동,838,34.9438587,128.0881622
편의점,세븐일레븐사천향촌점,경상남도,사천시,향촌동,827-1,34.9335268,128.0951298
편의점,미니스톱삼천포카페리점,경상남도,사천시,향촌동,1287,34.9268105,128.0885364
편의점,GS25사천향촌점,경상남도,사천시,향촌동,1010-5,34.9317665,128.0892011
편의점,지에스25사천남일대점,경상남도,사천시,향촌동,815-30,34.931442,128.0967637
편의점,씨유사천에덴점,경상남도,사천시,향촌동,919-6,34.9372137,128.0877823
편의점,이마트24사천향촌예미지점,경상남도,사천시,향촌동,925-7,34.9344355,128.0863763
편의점,씨유사천향촌,경상남도,사천시,향촌동,993-6,34.9316124,128.0906974
편의점,씨유사천향촌우리점,경상남도,사천시,향촌동,992-1,34.9321266,128.0885285
편의점,이마트24사천남일대해수욕장,경상남도,사천시,향촌동,709-1,34.9266527,128.0976448
편의점,이마트24사천,경상남도,사천시,대방동,683-4,34.9325965,128.0525293
편의점,세븐일레븐삼천포대방점,경상남도,사천시,대방동,180,34.9314513,128.059567
편의점,웰빙팜아르떼레스토랑,경상남도,사천시,실안동,1265,34.9494921,128.0375514
편의점,씨유사천아르떼점,경상남도,사천시,실안동,1265,34.9494921,128.0375514
편의점,인원레저아라마루편의점,경상남도,사천시,늑도동,512,34.9265057,128.0437565
편의점,편의점,경상남도,사천시,신수동,227-1,34.903468,128.0739816
편의점,이마트24사천대,경상남도,사천시,대포동,418-5,34.9904361,128.0411876
편의점,씨유사천남양점,경상남도,사천시,송포동,277-3,34.9687212,128.063392
편의점,세븐사천송포점,경상남도,사천시,송포동,276,34.9685839,128.0625713
편의점,세븐일레븐사천송포점,경상남도,사천시,송포동,276,34.9685839,128.0625713
편의점,씨유사천뉴송포점,경상남도,사천시,송포동,346-9,34.9694505,128.0613684
편의점,지에스25사천,경상남도,사천시,사천읍,평화리 152-1,35.0825465,128.0883078
편의점,GS25사천정의,경상남도,사천시,사천읍,정의리 48-3,35.086973,128.0911517
편의점,지에스25사천사주점,경상남도,사천시,사천읍,사주리 34-24,35.0781612,128.0842325
편의점,CU사천선인점,경상남도,사천시,사천읍,선인리 639-11,35.0854657,128.0975653
편의점,세븐일레븐사천서울아동,경상남도,사천시,사천읍,평화리 1-15,35.080152,128.0913996
편의점,세븐일레븐사천옥성,경상남도,사천시,사천읍,구암리 1440-1,35.092237,128.0995403
편의점,데이앤데이,경상남도,사천시,사천읍,정의리 422-6,35.087736,128.0970265
편의점,블루25씨스페이스사천투데이점,경상남도,사천시,사천읍,선인리 447-4,35.0803764,128.0957079
편의점,GS25사천희망,경상남도,사천시,사천읍,사주리 90-15,35.0749854,128.0832121
편의점,씨유사천정의점,경상남도,사천시,사천읍,정의리 52-15,35.0873099,128.0937692
편의점,이마트24뉴사천대로점,경상남도,사천시,사천읍,사주리 79-5,35.0764217,128.08177
편의점,세븐일레븐사천꿈에,경상남도,사천시,사천읍,사주리 153-6,35.0704039,128.0794377
편의점,세븐일레븐사천선인대경점,경상남도,사천시,사천읍,선인리 646-1,35.0850936,128.0988163
편의점,세븐일레븐,경상남도,사천시,사천읍,수석리 268-49,35.0829337,128.0846589
편의점,씨유사천차이나점,경상남도,사천시,사천읍,수석리 340-1,35.0813637,128.0828292
편의점,비지에프리테일사천,경상남도,사천시,사천읍,구암리 1720-1,35.0919121,128.0863294
편의점,이마트24사천,경상남도,사천시,사천읍,구암리 1663-10,35.0935938,128.0888157
편의점,세븐일레븐사천선인대로점,경상남도,사천시,사천읍,선인리 146-30,35.0829603,128.0971405
편의점,세븐사천선인대로점,경상남도,사천시,사천읍,선인리 146-30,35.0829603,128.0971405
편의점,씨유사천,경상남도,사천시,사천읍,평화리 166-8,35.0815299,128.0872858
편의점,씨유신사천,경상남도,사천시,사천읍,선인리 195-5,35.0796952,128.0968729
편의점,이마트24사천수석점,경상남도,사천시,사천읍,수석리 270-9,35.0818811,128.0864566
편의점,위드미사천호텔점,경상남도,사천시,사천읍,수석리 348-26,35.0821698,128.0852295
편의점,씨유사천카이점,경상남도,사천시,사천읍,사주리 280-1,35.0802186,128.0803079
편의점,GS,경상남도,사천시,사천읍,수석리 281-5,35.0812502,128.0861247
편의점,지에스25사천평화점,경상남도,사천시,사천읍,평화리 176-8,35.0809321,128.0896209
편의점,지에스25사천뉴,경상남도,사천시,사천읍,수석리 237-3,35.084293,128.0868588
편의점,씨유사천은하수점,경상남도,사천시,사천읍,수석리 269-4,35.0830086,128.0857922
편의점,세븐일레븐사천사주리점,경상남도,사천시,사천읍,사주리 10-41,35.0767751,128.0836494
편의점,지에스25사천더,경상남도,사천시,사천읍,선인리 301-6,35.0799067,128.0952055
편의점,공우이엔씨씨유,경상남도,사천시,사천읍,사주리 263-1,35.0851654,128.0764647
편의점,세븐사천사주리점,경상남도,사천시,사천읍,사주리 10-41,35.0767751,128.0836494
편의점,지에스25사천구암리점,경상남도,사천시,사천읍,구암리 1340-9,35.0903877,128.0983304
편의점,GS25사천,경상남도,사천시,정동면,예수리 847,35.0622399,128.0856975
편의점,삼성점,경상남도,사천시,정동면,풍정리 388-1,35.06507,128.1097204
편의점,씨유사천송보점,경상남도,사천시,정동면,풍정리 520,35.0682371,128.1116374
편의점,GS25사천정동고읍점,경상남도,사천시,정동면,고읍리 601-25,35.0740401,128.0847649
편의점,응응스크르사천,경상남도,사천시,정동면,고읍리 465-14,35.0769181,128.0869436
편의점,씨유사천,경상남도,사천시,정동면,예수리 847,35.0622399,128.0856975
편의점,금정기프트샵,경상남도,사천시,정동면,예수리 847,35.0622399,128.0856975
편의점,지에스25사천KCC,경상남도,사천시,정동면,예수리 847,35.0622399,128.0856975
편의점,GS25사천상품권,경상남도,사천시,정동면,예수리 847,35.0622399,128.0856975
편의점,GS25사천정동,경상남도,사천시,정동면,고읍리 548-20,35.0758791,128.0858535
편의점,GS25사천유진점,경상남도,사천시,정동면,고읍리 439-7,35.0782379,128.0864709
편의점,GS25사천리가점,경상남도,사천시,사남면,월성리 85-25,35.0629745,128.0790308
편의점,세븐일레븐사천진삼로점,경상남도,사천시,사남면,월성리 9-3,35.0663093,128.0787081
편의점,지에스25사천한주점,경상남도,사천시,사남면,월성리 12-7,35.0673026,128.0783914
편의점,GS25사천리가점상품권,경상남도,사천시,사남면,월성리 85-25,35.0629745,128.0790308
편의점,씨유사천꿈에,경상남도,사천시,사남면,유천리 7-41,35.0692643,128.0776448
편의점,세븐일레븐사천공단점,경상남도,사천시,사남면,방지리 697,35.0636174,128.0481438
편의점,세븐일레븐사천사남점,경상남도,사천시,사남면,계양리 379-1,34.9785615,128.132509
편의점,지에스25사천리가점,경상남도,사천시,사남면,월성리 85-25,35.0629745,128.0790308
편의점,씨유사천카이,경상남도,사천시,사남면,유천리 802,35.0774302,128.0649578
편의점,씨유사천사남,경상남도,사천시,사남면,화전리 1233-8,35.0540854,128.0759385
편의점,GS25사천,경상남도,사천시,사남면,죽천리 16-12,35.0531134,128.0748568
편의점,씨유사천리가점,경상남도,사천시,사남면,월성리 94-2,35.0617852,128.0783964
편의점,GS25사천공단점,경상남도,사천시,사남면,방지리 701,35.062849,128.0487895
편의점,세븐일레븐사천대로점,경상남도,사천시,사남면,유천리 9-4,35.0689497,128.0749875
편의점,지에스25사천위드필점,경상남도,사천시,사남면,유천리 888,35.0696242,128.0663681
편의점,씨유사천들샘점,경상남도,사천시,사남면,방지리 681,35.0655405,128.04474
편의점,세븐일레븐사천카이점,경상남도,사천시,사남면,유천리 162-3,35.0756229,128.0718228
편의점,씨유사천사남두인점,경상남도,사천시,사남면,월성리 474-20,35.0609847,128.067154
편의점,위드미사천공단점,경상남도,사천시,사남면,방지리 728,35.0618833,128.0494959
편의점,씨유사남공단점,경상남도,사천시,사남면,죽천리 119-9,35.0541691,128.0723176
편의점,지에스25사천엘크루점,경상남도,사천시,사남면,월성리 548-6,35.0621731,128.0686635
편의점,지에스25사천용장군점,경상남도,사천시,용현면,금문리 44-2,35.0035692,128.054933
편의점,블루25목화점,경상남도,사천시,용현면,주문리 4,35.0017883,128.0540854
편의점,이마트24사천,경상남도,사천시,용현면,선진리 91-6,35.0415676,128.0666442
편의점,아싸비어,경상남도,사천시,용현면,송지리 1270,35.0079893,128.0612286
편의점,씨유사천,경상남도,사천시,용현면,송지리 232-4,35.0128078,128.0615764
편의점,세븐일레븐사천서정우성점,경상남도,사천시,곤양면,서정리 1029,35.0555482,127.9555633
편의점,씨유사천곤양IC점,경상남도,사천시,곤양면,남문외리 145-3,35.0531012,127.9599446
편의점,씨유사천곤양점,경상남도,사천시,곤양면,남문외리 68-1,35.0568155,127.961265
편의점,씨유사천완사점,경상남도,사천시,곤명면,정곡리 843-5,35.1310104,127.9768213
편의점,진양호캐리비안온천편의점,경상남도,사천시,곤명면,신흥리 1-11,35.1389669,127.9973614
편의점,씨유사천서포,경상남도,사천시,서포면,구평리 657-1,35.0077295,127.9768076
편의점,씨유사천서포점,경상남도,사천시,서포면,구평리 865-2,35.0096321,127.974466
편의점,세븐일레븐김해동상점,경상남도,김해시,동상동,717-5,35.2333609,128.8873107
편의점,세븐일레븐김해동상,경상남도,김해시,동상동,1125-8,35.2400239,128.8836563
편의점,이마트24김해동상점,경상남도,김해시,동상동,1120-16,35.2397237,128.8851292
편의점,씨유김해동상점,경상남도,김해시,동상동,639-14,35.2326434,128.8889769
편의점,씨유김해동상,경상남도,김해시,동상동,928-4,35.2352726,128.8842504
편의점,세븐일레븐김해동상,경상남도,김해시,동상동,1125-8,35.2400239,128.8836563
편의점,GS25김해동상점,경상남도,김해시,동상동,1108-1,35.2386204,128.8879075
편의점,세븐일레븐김해호계로점,경상남도,김해시,동상동,807-1,35.2368278,128.8842232
편의점,씨유김해동상,경상남도,김해시,동상동,1101-6,35.2407323,128.8863683
편의점,씨유동상사라점,경상남도,김해시,동상동,1123-15,35.2406314,128.8824784
편의점,CU김해왕릉점,경상남도,김해시,서상동,330-10,35.2332386,128.878338
편의점,세븐김해서상가락점,경상남도,김해시,서상동,25-31,35.2357932,128.8812938
편의점,세븐김해서상점,경상남도,김해시,서상동,114-4,35.2334933,128.8826848
편의점,세븐일레븐김해서상,경상남도,김해시,서상동,25-31,35.2357932,128.8812938
편의점,세븐김해서상점,경상남도,김해시,서상동,114-4,35.2334933,128.8826848
편의점,세븐김해서상중앙점,경상남도,김해시,서상동,154,35.2336242,128.8811267
편의점,세븐일레븐김해서상,경상남도,김해시,서상동,154,35.2336242,128.8811267
편의점,지에스25김해시청상류점,경상남도,김해시,부원동,619-7,35.2285078,128.8873624
편의점,이마트24부원조은점,경상남도,김해시,부원동,69,35.2314297,128.8877568
편의점,세븐일레븐김해부원메디컬점,경상남도,김해시,부원동,609-10,35.2287022,128.8825664
편의점,GS25김해,경상남도,김해시,부원동,607-6,35.227909,128.8838029
편의점,블루25부원점,경상남도,김해시,부원동,616-7,35.2282956,128.8853649
편의점,씨유부원아이,경상남도,김해시,부원동,1043,35.2251683,128.884589
편의점,GS25아이,경상남도,김해시,부원동,1043,35.2251683,128.884589
편의점,세븐일레븐김해시청,경상남도,김해시,부원동,111-11,35.2303165,128.8892782
편의점,세븐일레븐김해부원,경상남도,김해시,부원동,838-2,35.2308872,128.881846
편의점,지에스25김해,경상남도,김해시,부원동,610-33,35.2294123,128.8833914
편의점,세븐김해부원원룸점,경상남도,김해시,부원동,602-34,35.2288031,128.8809045
편의점,씨유김해부원,경상남도,김해시,부원동,835-5,35.2320162,128.8809866
편의점,세븐김해시청점,경상남도,김해시,부원동,627-1,35.2285852,128.8910567
편의점,이마트24김해IS,경상남도,김해시,부원동,827-4,35.23122,128.8815848
편의점,세븐일레븐김해부원,경상남도,김해시,부원동,604-29,35.2272968,128.8819554
편의점,미니스톱김해,경상남도,김해시,부원동,628-5,35.2281998,128.8906942
편의점,씨유,경상남도,김해시,부원동,610-7,35.2299006,128.8833421
편의점,케이마트,경상남도,김해시,부원동,18-5,35.231657,128.887309
편의점,씨유김해부원시티점,경상남도,김해시,부원동,624-1,35.227627,128.8877498
편의점,씨유김해부원,경상남도,김해시,부원동,835-5,35.2320162,128.8809866
편의점,세븐일레븐김해부원원룸점,경상남도,김해시,부원동,602-34,35.2288031,128.8809045
편의점,세븐김해부원스타점,경상남도,김해시,부원동,838-2,35.2308872,128.881846
편의점,세븐일레븐김해,경상남도,김해시,부원동,627-1,35.2285852,128.8910567
편의점,세븐일레븐김해부원SK점,경상남도,김해시,부원동,461,35.2160899,128.8883964
편의점,씨유김해부원중파점,경상남도,김해시,부원동,602-4,35.2289876,128.8820908
편의점,지에스25김해분성로점(상품권),경상남도,김해시,부원동,18-5,35.231657,128.887309
편의점,지에스25김해분성로점,경상남도,김해시,부원동,18-5,35.231657,128.887309
편의점,이마트24김해봉리단길점,경상남도,김해시,봉황동,21-5,35.2274326,128.8795697
편의점,지에스25김해도서관점,경상남도,김해시,봉황동,461-3,35.2327543,128.874393
편의점,씨유김해봉리단길점,경상남도,김해시,봉황동,4-3,35.2303387,128.8801399
편의점,씨유뉴김해봉황원룸점,경상남도,김해시,봉황동,99-21,35.2273816,128.8760797
편의점,씨유김해봉황,경상남도,김해시,봉황동,26-5,35.2272587,128.8808863
편의점,지에스25김해여고점,경상남도,김해시,대성동,183-3,35.2400011,128.8794418
편의점,씨유김해대성원룸점,경상남도,김해시,대성동,359-5,35.2376134,128.8780629
편의점,이마트24김해대성,경상남도,김해시,대성동,85-5,35.2388094,128.875595
편의점,세븐일레븐김해,경상남도,김해시,대성동,403-2,35.2374489,128.8766666
편의점,씨유김해대성,경상남도,김해시,대성동,269-4,35.2385333,128.8804445
편의점,블루25강일점,경상남도,김해시,구산동,706-8,35.2565874,128.870118
편의점,씨유구산주공,경상남도,김해시,구산동,419,35.2508836,128.8740096
편의점,지에스25구산캐스빌점,경상남도,김해시,구산동,1076,35.2515416,128.866359
편의점,씨유김해구산,경상남도,김해시,구산동,274-1,35.2486249,128.8698823
편의점,이마트24김해한라비발디점,경상남도,김해시,구산동,576,35.2555705,128.8728184
편의점,씨유김해구산캐스빌점,경상남도,김해시,구산동,1083-1,35.2530043,128.8670646
편의점,씨유김해구산,경상남도,김해시,구산동,256,35.2461527,128.8738217
편의점,지에스25김해구산로점,경상남도,김해시,구산동,1070-1,35.2490569,128.8717634
편의점,이마트24김해,경상남도,김해시,구산동,440-3,35.2497562,128.8731014
편의점,이마트24김해백조아파트점,경상남도,김해시,구산동,257,35.2450841,128.8740598
편의점,이마트24김해구산주공점,경상남도,김해시,구산동,417,35.2512479,128.8738046
편의점,씨스페이스김해,경상남도,김해시,구산동,275-6,35.2486342,128.872672
편의점,씨유,경상남도,김해시,구산동,1062-5,35.2504505,128.8715019
편의점,이마트24김해구산일동점,경상남도,김해시,구산동,1074,35.2545588,128.8651062
편의점,세븐일레븐김해구산스마일점,경상남도,김해시,구산동,275-18,35.2471278,128.8727598
편의점,지에스25김해구산5단지점,경상남도,김해시,구산동,417,35.2512479,128.8738046
편의점,씨유김해한라비발디점,경상남도,김해시,구산동,521-1,35.2558167,128.8707948
편의점,이마트24김해,경상남도,김해시,삼계동,1455-12,35.2635871,128.8745443
편의점,씨유삼계원룸점,경상남도,김해시,삼계동,1496-12,35.2590292,128.8659699
편의점,씨유김해삼계,경상남도,김해시,삼계동,1459-1,35.2634303,128.8725386
편의점,세븐일레븐김해금강,경상남도,김해시,삼계동,392-1,35.2621904,128.8601959
편의점,세븐김해삼계신화점,경상남도,김해시,삼계동,1502-6,35.2600821,128.8694823
편의점,미니스톱김해삼계천로점,경상남도,김해시,삼계동,1503-6,35.260185,128.8706019
편의점,에스제이할인점,경상남도,김해시,삼계동,404-2,35.2665344,128.8616976
편의점,지에스25김해해반천로점,경상남도,김해시,삼계동,1489-1,35.2609795,128.8686082
편의점,GS25삼계비발디점,경상남도,김해시,삼계동,522-2,35.2702235,128.8662806
편의점,씨유김해삼계삼정점,경상남도,김해시,삼계동,1561,35.273726,128.8605014
편의점,씨유삼계,경상남도,김해시,삼계동,1488-7,35.2609001,128.8704777
편의점,GS25김해부영,경상남도,김해시,삼계동,1439-6,35.2660862,128.870057
편의점,지에스25김해,경상남도,김해시,삼계동,1489-6,35.2608209,128.8693905
편의점,지에스25가야대학교점,경상남도,김해시,삼계동,60,35.2707015,128.8720096
편의점,씨제이올리브영김해,경상남도,김해시,삼계동,1488-8,35.2608778,128.8702332
편의점,세븐김해삼계중앙점,경상남도,김해시,삼계동,1496-7,35.2583341,128.8661935
편의점,지에스25삼계,경상남도,김해시,삼계동,1478-8,35.2621959,128.8708552
편의점,세븐일레븐김해삼계,경상남도,김해시,삼계동,1478-4,35.2614912,128.8707517
편의점,지에스25삼계부전점,경상남도,김해시,삼계동,1487-4,35.261217,128.8713755
편의점,GS25삼계타운점,경상남도,김해시,삼계동,1483-7,35.2616664,128.8737855
편의점,세븐일레븐김해삼계,경상남도,김해시,삼계동,1461-6,35.2625155,128.8712298
편의점,세븐일레븐김해삼계,경상남도,김해시,삼계동,1478-4,35.2614912,128.8707517
편의점,GS25삼계비발디점상품권,경상남도,김해시,삼계동,522-2,35.2702235,128.8662806
편의점,이마트24김해삼계,경상남도,김해시,삼계동,1462-9,35.2632182,128.8707316
편의점,이마트24김해삼계,경상남도,김해시,삼계동,1505-4,35.2603848,128.8716205
편의점,세븐일레븐김해삼계,경상남도,김해시,삼계동,1481-1,35.2624066,128.8727047
편의점,씨유삼계솔파크점,경상남도,김해시,삼계동,1428-5,35.2678811,128.8701989
편의점,씨유김해삼계,경상남도,김해시,삼계동,1502-2,35.2602657,128.8689852
편의점,GS25삼계,경상남도,김해시,삼계동,1500-7,35.2572536,128.867466
편의점,지에스25삼계,경상남도,김해시,삼계동,1436-19,35.2615137,128.8653268
편의점,지에스25가야,경상남도,김해시,삼계동,1439-5,35.2644793,128.8702339
편의점,이마트24삼계,경상남도,김해시,삼계동,1501-8,35.2599738,128.8681868
편의점,씨유김해삼계,경상남도,김해시,삼계동,1451-1,35.2646064,128.8747401
편의점,씨유김해,경상남도,김해시,삼계동,1506-3,35.2595778,128.8715707
편의점,달크림아이스크림할인점,경상남도,김해시,삼계동,1413-2,35.2696011,128.8632369
편의점,세븐일레븐김해삼계신화점,경상남도,김해시,삼계동,1502-6,35.2600821,128.8694823
편의점,이마트24김해원점,경상남도,김해시,삼계동,1428-1,35.2690603,128.8664547
편의점,세븐일레븐김해삼계,경상남도,김해시,삼계동,1439-1,35.2655107,128.866647
편의점,씨유삼계하승점,경상남도,김해시,삼계동,1115-6,35.2709256,128.8604739
편의점,지에스25삼계비발디점,경상남도,김해시,삼계동,522-2,35.2702235,128.8662806
편의점,씨유김해삼계러블리점,경상남도,김해시,삼계동,1507-7,35.2588894,128.8710788
편의점,씨유김해가야대,경상남도,김해시,삼계동,1440-1,35.2665847,128.8715654
편의점,세븐삼계가야점,경상남도,김해시,삼계동,1478-4,35.2614912,128.8707517
편의점,세븐김해삼계아이파크점,경상남도,김해시,삼계동,1461-6,35.2625155,128.8712298
편의점,씨유내동원룸점,경상남도,김해시,내동,1074-18,35.2432061,128.8661803
편의점,씨유김해내외로점,경상남도,김해시,내동,1105-5,35.2371872,128.8597793
편의점,지에스25,경상남도,김해시,내동,1142-1,35.2366873,128.8678427
편의점,지에스25김해건영점(상품권),경상남도,김해시,내동,1127-4,35.2392213,128.8668005
편의점,GS25김해건영점,경상남도,김해시,내동,1127-4,35.2392213,128.8668005
편의점,씨유내동화인점,경상남도,김해시,내동,1084-7,35.2406306,128.8642441
편의점,이마트24,경상남도,김해시,내동,1138-1,35.2386752,128.8682302
편의점,GS25김해,경상남도,김해시,내동,1117-6,35.2348217,128.8659438
편의점,세븐일레븐김해거북공원점,경상남도,김해시,내동,1117-1,35.2356851,128.8661072
편의점,씨유내동한진점,경상남도,김해시,내동,129-1,35.2460117,128.8652331
편의점,세븐김해내동드림점,경상남도,김해시,내동,1124-4,35.2382303,128.8665989
편의점,이마트24R김해내동경보점,경상남도,김해시,내동,1138-1,35.2386752,128.8682302
편의점,E마트24시김해,경상남도,김해시,내동,1085-14,35.2406147,128.8648157
편의점,지에스25연지공원점,경상남도,김해시,내동,1070-3,35.2444108,128.8681678
편의점,씨유김해내동삼오점,경상남도,김해시,내동,465-4,35.2395036,128.8592105
편의점,GS25김해내외,경상남도,김해시,내동,1119-1,35.2368032,128.8667528
편의점,CU내동수인점,경상남도,김해시,내동,150-1,35.2435081,128.862361
편의점,씨유김해내동삐에로점,경상남도,김해시,내동,1145-1,35.2354928,128.8676147
편의점,씨유김해평전,경상남도,김해시,내동,1097-1,35.2393298,128.8610246
편의점,지에스25내외함박점,경상남도,김해시,내동,1102-8,35.236601,128.85908
편의점,씨제이올리브영홈플러스,경상남도,김해시,내동,1131-2,35.2418326,128.8701888
편의점,씨유김해,경상남도,김해시,내동,1119-3,35.2362657,128.8666523
편의점,세븐김해금관대로점,경상남도,김해시,외동,1212-8,35.2330902,128.856231
편의점,GS25김해한국점,경상남도,김해시,외동,1249-4,35.2309884,128.8638881
편의점,세븐일레븐김해외동한국점,경상남도,김해시,외동,1261-9,35.2309235,128.8675627
편의점,지에스25김해,경상남도,김해시,외동,703-11,35.2331615,128.851053
편의점,세븐일레븐김해반야점,경상남도,김해시,외동,1186-10,35.2336476,128.8603732
편의점,이마트24김해,경상남도,김해시,외동,1264,35.229141,128.8721389
편의점,이마트24이마트,경상남도,김해시,외동,1264,35.229141,128.8721389
편의점,세븐일레븐,경상남도,김해시,외동,1212-8,35.2330902,128.856231
편의점,지에스25뉴내동생명점,경상남도,김해시,외동,672-3,35.2385494,128.856443
편의점,이마트24김해쌍용플래티넘점,경상남도,김해시,외동,1428,35.2296613,128.8517867
편의점,씨유더큰,경상남도,김해시,외동,1263-5,35.2302115,128.8695912
편의점,세븐김해반야점,경상남도,김해시,외동,1186-10,35.2336476,128.8603732
편의점,하프타임김해,경상남도,김해시,외동,1197-5,35.2347338,128.8570861
편의점,지에스25외동원룸점,경상남도,김해시,외동,1188-1,35.2336103,128.8592767
편의점,구.ASIANMART,경상남도,김해시,외동,1196-4,35.2355284,128.858083
편의점,씨유김해외동한신점,경상남도,김해시,외동,1029-12,35.2318747,128.8525275
편의점,세븐일레븐김해외동,경상남도,김해시,외동,1242-4,35.2315571,128.8573194
편의점,씨유김해외동함박점,경상남도,김해시,외동,1197-10,35.2351297,128.8578015
편의점,이마트24김해외동대로점,경상남도,김해시,외동,909-3,35.2316429,128.8509372
편의점,지에스25김해우가주치과점,경상남도,김해시,외동,1394,35.2287589,128.8708395
편의점,김바라김밥김해중앙,경상남도,김해시,외동,1044-5,35.2307669,128.8569942
편의점,씨유김해외동블루점,경상남도,김해시,외동,1256-3,35.2339759,128.8668895
편의점,지에스25김해,경상남도,김해시,외동,1252-4,35.2337916,128.865743
편의점,세븐일레븐김해외동,경상남도,김해시,외동,1248-12,35.2315042,128.8599539
편의점,지에스25외동상류점,경상남도,김해시,외동,1234-6,35.2322744,128.8545046
편의점,세븐김해외동오렌지점,경상남도,김해시,외동,1249-4,35.2309884,128.8638881
편의점,세븐일레븐김해덕산금메달점,경상남도,김해시,외동,1260-1,35.2331372,128.8682072
편의점,이마트24김해외동,경상남도,김해시,외동,1239-5,35.2316867,128.8563402
편의점,지에스25김해임호점,경상남도,김해시,외동,241,35.2293534,128.8652333
편의점,세븐김해외동함박점,경상남도,김해시,외동,1183-14,35.2362725,128.8586582
편의점,세븐일레븐김해중앙,경상남도,김해시,외동,1044-3,35.2306929,128.8578195
편의점,지에스25함박공원점,경상남도,김해시,외동,1210-8,35.2338886,128.8556178
편의점,씨유외동,경상남도,김해시,외동,1185-14,35.2346677,128.8605757
편의점,GS25김해우가주치과점,경상남도,김해시,외동,1394,35.2287589,128.8708395
편의점,GS25김해덕산점,경상남도,김해시,외동,1259-1,35.2342669,128.8673771
편의점,지에스25외동초교점,경상남도,김해시,외동,1245-8,35.2318506,128.8586671
편의점,이마트24김해신세계점,경상남도,김해시,외동,1263-2,35.2306141,128.8703581
편의점,세븐김해외동중앙점,경상남도,김해시,외동,1242-4,35.2315571,128.8573194
편의점,씨유김해외동,경상남도,김해시,외동,1309,35.2288703,128.8683059
편의점,세븐일레븐김해외동,경상남도,김해시,외동,697-1,35.2348798,128.8521628
편의점,지에스25김해한국점상품권,경상남도,김해시,외동,1249-4,35.2309884,128.8638881
편의점,씨유김해흥동점김해지역자활센터,경상남도,김해시,흥동,391-5,35.2222014,128.8629494
편의점,이마트24김해,경상남도,김해시,흥동,418-1,35.2220321,128.8659193
편의점,씨유흥동다,경상남도,김해시,흥동,904-7,35.2222583,128.8669866
편의점,지에스25흥동대로점,경상남도,김해시,흥동,30-1,35.2221372,128.8527582
편의점,지에스25김해청호점,경상남도,김해시,흥동,555,35.2224705,128.8545572
편의점,GS25김해흥동점,경상남도,김해시,흥동,914-12,35.2113889,128.8511795
편의점,지에스25서김해(상품권),경상남도,김해시,풍유동,1004-4,35.2101905,128.8439903
편의점,세븐일레븐김해풍유점,경상남도,김해시,풍유동,44-1,35.2228255,128.8488823
편의점,미니스톱김해풍유점,경상남도,김해시,풍유동,204-8,35.2183128,128.8444144
편의점,지에스25서김해,경상남도,김해시,풍유동,1004-4,35.2101905,128.8439903
편의점,GS25서김해,경상남도,김해시,풍유동,1004-4,35.2101905,128.8439903
편의점,이마트24smart김해칠산점,경상남도,김해시,이동,111-11,35.1919537,128.8412286
편의점,씨유김해화목대로점,경상남도,김해시,화목동,696-9,35.1958936,128.8453904
편의점,씨유김해반도,경상남도,김해시,전하동,41-1,35.2245801,128.8735882
편의점,지에스25김해전하원룸점,경상남도,김해시,전하동,507-3,35.2229449,128.8719554
편의점,세븐일레븐김해,경상남도,김해시,전하동,20-6,35.2237743,128.8731955
편의점,GS24시,경상남도,김해시,전하동,10-1,35.2237991,128.8715713
편의점,GS25삼정스마트점,경상남도,김해시,삼정동,653-16,35.2305283,128.9030324
편의점,금강엘에스,경상남도,김해시,삼정동,98-17,35.2306281,128.893197
편의점,이마트24김해삼정,경상남도,김해시,삼정동,664-1,35.229271,128.9021503
편의점,CU김해삼정마루점,경상남도,김해시,삼정동,634-15,35.2334578,128.8988788
편의점,지에스25김해활천,경상남도,김해시,삼정동,599-14,35.2292105,128.8940625
편의점,세븐일레븐김해활천원룸점,경상남도,김해시,삼정동,590-5,35.2304922,128.8950485
편의점,씨제이올리브영메가마트,경상남도,김해시,삼정동,426,35.226078,128.9003717
편의점,지에스25삼정성도점,경상남도,김해시,삼정동,76-6,35.2340915,128.8968869
편의점,지에스25김해삼정점,경상남도,김해시,삼정동,643-12,35.2326553,128.8995712
편의점,세븐일레븐김해삼정로또점,경상남도,김해시,삼정동,607-13,35.2288727,128.896033
편의점,세븐일레븐김해삼정블루점,경상남도,김해시,삼정동,200-11,35.2337713,128.8956075
편의점,씨유김해삼정인제로점,경상남도,김해시,삼정동,650-15,35.2316498,128.901234
편의점,GS25김해삼정햇살점,경상남도,김해시,삼정동,197-16,35.232493,128.896234
편의점,김해복음던킨도너츠김해복음,경상남도,김해시,삼정동,98-17,35.2306281,128.893197
편의점,세븐일레븐김해고점,경상남도,김해시,삼정동,603-4,35.2300286,128.8986053
편의점,이마트24김해복음,경상남도,김해시,삼정동,250-3,35.2314707,128.8937614
편의점,씨유삼정화인점,경상남도,김해시,삼정동,608-5,35.2289507,128.8949729
편의점,씨유뉴김해활천고개점,경상남도,김해시,삼정동,74-16,35.2338316,128.8932921
편의점,금강엘에스,경상남도,김해시,삼정동,89-7,35.2319455,128.8931683
편의점,세븐김해삼정로또점,경상남도,김해시,삼정동,607-13,35.2288727,128.896033
편의점,세븐일레븐삼정원룸점,경상남도,김해시,삼정동,654-1,35.2304757,128.902298
편의점,지에스25김해,경상남도,김해시,삼정동,18,35.2347198,128.8946731
편의점,세븐일레븐김해활천스마트점,경상남도,김해시,삼정동,216-7,35.2323816,128.8934974
편의점,씨유김해활천점로또,경상남도,김해시,어방동,1131-8,35.2367945,128.903621
편의점,씨유김해어방공단점,경상남도,김해시,어방동,1069-1,35.2355602,128.9070352
편의점,씨유김해어방패밀리점,경상남도,김해시,어방동,1058-9,35.2346159,128.9009071
편의점,미니스톱김해어방장군점,경상남도,김해시,어방동,1088-8,35.2367209,128.9026346
편의점,이마트24김해신성미소지움점,경상남도,김해시,어방동,725-2,35.2360834,128.899734
편의점,세븐일레븐김해활천점,경상남도,김해시,어방동,1093-1,35.2359412,128.9027169
편의점,씨유김해활천점,경상남도,김해시,어방동,1131-8,35.2367945,128.903621
편의점,지에스25김해어방점,경상남도,김해시,어방동,459-7,35.2439842,128.9035094
편의점,씨제이올리브영,경상남도,김해시,어방동,463-5,35.2455608,128.9041819
편의점,씨유인제대인,경상남도,김해시,어방동,607,35.2503976,128.9011807
편의점,이마트24김해어방점,경상남도,김해시,어방동,1096-9,35.2345891,128.9045243
편의점,씨유김해어방코스마점,경상남도,김해시,어방동,1099-8,35.234433,128.9023493
편의점,씨유김해,경상남도,김해시,어방동,520-1,35.2462648,128.9045394
편의점,세븐일레븐김해어방,경상남도,김해시,어방동,529-10,35.2447162,128.9048503
편의점,세븐일레븐김해분성로점,경상남도,김해시,어방동,1092-1,35.2364177,128.9019577
편의점,씨유동,경상남도,김해시,어방동,522-8,35.2449953,128.9052719
편의점,씨유인제대늘빛관점,경상남도,김해시,어방동,607,35.2503976,128.9011807
편의점,씨유김해어방,경상남도,김해시,어방동,724-1,35.2370921,128.8997261
편의점,세븐일레븐김해어방점,경상남도,김해시,어방동,529-5,35.244077,128.9045843
편의점,크림에이스,경상남도,김해시,어방동,359-14,35.2400222,128.9020137
편의점,이마트24뉴어방,경상남도,김해시,어방동,457-5,35.2430203,128.905747
편의점,GS25김해활천점,경상남도,김해시,어방동,1098-15,35.2350224,128.9027971
편의점,지에스25어방빌라점,경상남도,김해시,어방동,719-19,35.238063,128.8986865
편의점,CU어방원룸점,경상남도,김해시,어방동,506-1,35.2394522,128.9001688
편의점,세븐일레븐김해대로점,경상남도,김해시,어방동,1116-1,35.2288343,128.9035608
편의점,씨유김해어방쉼터점,경상남도,김해시,어방동,362-22,35.2393867,128.9031042
편의점,데이앤데이노마드호텔점,경상남도,김해시,어방동,1095-1,35.2364951,128.9040026
편의점,이마트24김해어방,경상남도,김해시,어방동,1129-12,35.2375524,128.9030643
편의점,씨스페이스어방,경상남도,김해시,어방동,531-4,35.2440778,128.9058009
편의점,세븐일레븐김해어방,경상남도,김해시,어방동,521-5,35.2455849,128.9056698
편의점,GS25어방,경상남도,김해시,어방동,358-1,35.2414635,128.9013331
편의점,GS25어방,경상남도,김해시,어방동,365-5,35.2390292,128.9014655
편의점,씨유인제대원룸점,경상남도,김해시,삼방동,172-1,35.2462873,128.9061362
편의점,위드미김해,경상남도,김해시,삼방동,171-7,35.2465842,128.9072567
편의점,지에스25삼방타운점,경상남도,김해시,삼방동,688-11,35.2480472,128.9108323
편의점,세븐일레븐김해삼방,경상남도,김해시,삼방동,189,35.2463134,128.9107083
편의점,이마트24김해삼방성심점,경상남도,김해시,삼방동,27-5,35.2410257,128.9160472
편의점,GS김해삼방대로점,경상남도,김해시,삼방동,655-9,35.2522604,128.9082229
편의점,지에스25안동한일점,경상남도,김해시,삼방동,34-4,35.239901,128.9139079
편의점,지에스25삼방,경상남도,김해시,삼방동,153-7,35.2482695,128.9062316
편의점,씨유김해삼방,경상남도,김해시,삼방동,188-10,35.246841,128.9094024
편의점,씨유김해삼방동원타운점,경상남도,김해시,삼방동,690-1,35.2485726,128.9119819
편의점,emart24편의점이마트24,경상남도,김해시,삼방동,171-7,35.2465842,128.9072567
편의점,세븐김해삼방한일점,경상남도,김해시,삼방동,666-7,35.2499286,128.9100946
편의점,세븐김해위더스점,경상남도,김해시,삼방동,182-4,35.2435569,128.9086641
편의점,지에스25삼방스마일,경상남도,김해시,삼방동,186-1,35.2465273,128.90838
편의점,세븐일레븐김해위더스점,경상남도,김해시,삼방동,182-4,35.2435569,128.9086641
편의점,세븐일레븐김해삼방한일점,경상남도,김해시,삼방동,666-7,35.2499286,128.9100946
편의점,이마트24김해삼방,경상남도,김해시,삼방동,680-8,35.2473887,128.9097505
편의점,지에스25유나,경상남도,김해시,삼방동,563-11,35.2530525,128.906069
편의점,지에스25김해인덕점,경상남도,김해시,삼방동,160-7,35.2465531,128.9040947
편의점,GS25삼방타운점,경상남도,김해시,삼방동,688-11,35.2480472,128.9108323
편의점,더세일마트,경상남도,김해시,삼방동,239-1,35.243531,128.9131132
편의점,씨유김해삼방삼안점,경상남도,김해시,삼방동,641-8,35.2534644,128.9081744
편의점,지에스25삼방(상품권),경상남도,김해시,삼방동,153-7,35.2482695,128.9062316
편의점,GS25신어,경상남도,김해시,삼방동,141-3,35.2488372,128.9047692
편의점,GS25김해삼방쉼터점,경상남도,김해시,삼방동,239-7,35.2437529,128.9139584
편의점,지에스김해,경상남도,김해시,삼방동,177-4,35.2447461,128.9082375
편의점,CU삼방해피점,경상남도,김해시,삼방동,579-1,35.2501325,128.9064939
편의점,지에스25삼방타운점(상품권),경상남도,김해시,삼방동,688-11,35.2480472,128.9108323
편의점,씨스페이스김해,경상남도,김해시,삼방동,203-20,35.2472514,128.911569
편의점,이마트24김해,경상남도,김해시,삼방동,171-7,35.2465842,128.9072567
편의점,지에스GS25김해,경상남도,김해시,삼방동,177-4,35.2447461,128.9082375
편의점,CU김해,경상남도,김해시,삼방동,184-3,35.2447369,128.9092627
편의점,GS25김해삼안로점,경상남도,김해시,삼방동,566-4,35.2521888,128.9046253
편의점,씨유김해대학점,경상남도,김해시,삼방동,산77-9,35.25324,128.9132284
편의점,씨유인제대,경상남도,김해시,삼방동,571-1,35.2517087,128.9035411
편의점,씨유김해삼방교점,경상남도,김해시,삼방동,553-1,35.2534692,128.9026773
편의점,GS25김해,경상남도,김해시,안동,259-50,35.2292564,128.9148068
편의점,씨유김해안동은하점,경상남도,김해시,안동,279-46,35.237221,128.9146976
편의점,씨유김해,경상남도,김해시,안동,538-19,35.2286147,128.9149808
편의점,지에스25김해,경상남도,김해시,안동,659-8,35.2273853,128.9103665
편의점,세븐일레븐김해활천,경상남도,김해시,안동,744-3,35.2356214,128.9098613
편의점,세븐일레븐김해뉴,경상남도,김해시,안동,539-35,35.2268536,128.9107193
편의점,씨유김해지내동원점,경상남도,김해시,지내동,67,35.2303544,128.9237494
편의점,씨유김해지내,경상남도,김해시,지내동,267-16,35.234007,128.9179354
편의점,지에스25김해새롬점,경상남도,김해시,지내동,313-9,35.2315472,128.9219208
편의점,이마트24김해지내동원점,경상남도,김해시,지내동,327-15,35.2301512,128.9229353
편의점,GS25김해뉴지내공단점,경상남도,김해시,지내동,277-1,35.232929,128.9178913
편의점,세븐일레븐김해지내공단점,경상남도,김해시,지내동,276-12,35.2330558,128.9206678
편의점,세븐일레븐,경상남도,김해시,지내동,279-5,35.2330431,128.9219074
편의점,씨유지내다온점,경상남도,김해시,지내동,391-1,35.2346856,128.9214305
편의점,이마트24,경상남도,김해시,불암동,450-24,35.2218397,128.9255953
편의점,CU김해불암해피점,경상남도,김해시,불암동,220-72,35.2223027,128.9263325
편의점,이마트24김해불암점,경상남도,김해시,불암동,450-24,35.2218397,128.9255953
편의점,탑플러스마트,경상남도,김해시,불암동,450-24,35.2218397,128.9255953
편의점,지에스25김해유하,경상남도,김해시,유하동,446-1,35.2155201,128.8158668
편의점,지에스25장유내덕,경상남도,김해시,내덕동,237-5,35.2056167,128.8186329
편의점,지에스25장유내덕,경상남도,김해시,내덕동,237-5,35.2056167,128.8186329
편의점,지에스25장유내덕점,경상남도,김해시,내덕동,240-14,35.206875,128.8195334
편의점,세븐일레븐김해내덕점,경상남도,김해시,내덕동,195-1,35.2057567,128.8147589
편의점,씨유김해장유내덕점,경상남도,김해시,내덕동,251-15,35.2056949,128.8232543
편의점,세븐일레븐김해장유역점,경상남도,김해시,내덕동,246-1,35.2066153,128.8213108
편의점,세븐김해장유부곡점,경상남도,김해시,부곡동,1158-1,35.2039792,128.808848
편의점,굿25시편의점,경상남도,김해시,부곡동,1163-9,35.2014395,128.8116139
편의점,미니스톱장유부곡,경상남도,김해시,부곡동,804-1,35.203648,128.8007256
편의점,태양쉼터,경상남도,김해시,부곡동,189-20,35.21765,128.7974001
편의점,지에스25,경상남도,김해시,부곡동,1159,35.2034345,128.807657
편의점,씨유장유석봉,경상남도,김해시,부곡동,1157-1,35.2041706,128.8071932
편의점,세븐일레븐김해장유,경상남도,김해시,부곡동,1158-1,35.2039792,128.808848
편의점,세븐일레븐장유삼문점,경상남도,김해시,부곡동,1163-4,35.2010641,128.8105612
편의점,이마트24장유넥스코아점,경상남도,김해시,부곡동,1161-12,35.2031895,128.8089595
편의점,씨유장유프리코아점,경상남도,김해시,부곡동,1157-7,35.2027241,128.8068718
편의점,씨제이올리브영김해장유,경상남도,김해시,부곡동,1161-6,35.2024541,128.8079569
편의점,세븐일레븐갑을장유,경상남도,김해시,부곡동,752-2,35.2082929,128.8057305
편의점,씨유장유월산점,경상남도,김해시,부곡동,803-2,35.2051069,128.8009321
편의점,지에스25장유,경상남도,김해시,부곡동,809-1,35.2070804,128.805524
편의점,지에스25장유무계점,경상남도,김해시,무계동,191-7,35.2000095,128.8150407
편의점,세븐일레븐장유무계점,경상남도,김해시,무계동,191-72,35.2001476,128.8151172
편의점,씨유김해장유남명점,경상남도,김해시,무계동,575,35.2024343,128.8194794
편의점,씨유장유무계점,경상남도,김해시,무계동,149-17,35.2050209,128.8093569
편의점,이마트24김해,경상남도,김해시,신문동,497-4,35.197146,128.8161448
편의점,세븐일레븐김해장유,경상남도,김해시,신문동,1414,35.1850622,128.8290116
편의점,세븐일레븐김해쌍용예가점,경상남도,김해시,신문동,527-2,35.193089,128.816823
편의점,씨유장유,경상남도,김해시,신문동,530-8,35.1947254,128.8168138
편의점,세븐일레븐김해2층점,경상남도,김해시,신문동,1414,35.1850622,128.8290116
편의점,세븐김해워터파크점,경상남도,김해시,신문동,1417,35.1804178,128.8286896
편의점,지에스25장유삼문,경상남도,김해시,삼문동,521,35.1917203,128.8088407
편의점,세븐일레븐장유삼문,경상남도,김해시,삼문동,62-2,35.195269,128.7952644
편의점,씨유장유횃불점,경상남도,김해시,삼문동,79-1,35.196563,128.7960308
편의점,지에스25삼문예가점,경상남도,김해시,삼문동,572-12,35.1939266,128.8068076
편의점,씨유장유한림점,경상남도,김해시,삼문동,67-1,35.1978386,128.7936836
편의점,세븐일레븐장유삼문동행점,경상남도,김해시,삼문동,579-3,35.1931081,128.805201
편의점,이마트24장유삼문동행점,경상남도,김해시,삼문동,577-9,35.1919798,128.8060345
편의점,지에스25장유덕산아내,경상남도,김해시,삼문동,산128-1,35.1941818,128.7906098
편의점,씨유장유이안,경상남도,김해시,삼문동,1069,35.1997852,128.7906844
편의점,씨유김해장유삼문점,경상남도,김해시,삼문동,94-8,35.198286,128.7978559
편의점,세븐일레븐엠아이점,경상남도,김해시,대청동,303-2,35.1909544,128.8012549
편의점,GS25장유메가,경상남도,김해시,대청동,314-1,35.1916039,128.8033142
편의점,GS25장유번화점,경상남도,김해시,대청동,309-1,35.1903089,128.8029402
편의점,씨제이올리브영김해장유,경상남도,김해시,대청동,318-14,35.193273,128.8025602
편의점,이마트24장유번화점,경상남도,김해시,대청동,306-16,35.1896018,128.8012735
편의점,세븐장유중앙점,경상남도,김해시,대청동,59-5,35.19411,128.7994068
편의점,GS25뉴장유,경상남도,김해시,대청동,68-1,35.1939393,128.8000713
편의점,지에스25장유갑오,경상남도,김해시,대청동,332-1,35.1860162,128.7977171
편의점,씨유김해장유파로스,경상남도,김해시,대청동,303-1,35.1910702,128.8008221
편의점,씨유장유갑오,경상남도,김해시,대청동,334-4,35.1827689,128.7983815
편의점,세븐일레븐장유,경상남도,김해시,대청동,317-1,35.1928067,128.8027586
편의점,이마트24김해대청계곡점,경상남도,김해시,대청동,800-53,35.1838122,128.7769734
편의점,씨유장유갑오,경상남도,김해시,대청동,321-1,35.1860102,128.7948477
편의점,CU김해장유반딧불점,경상남도,김해시,대청동,275-7,35.189131,128.7942403
편의점,씨유장유엔트로점,경상남도,김해시,대청동,61-1,35.1938611,128.7974085
편의점,씨유장유명진파크뷰점,경상남도,김해시,대청동,318-8,35.1935405,128.8040072
편의점,지에스25장유,경상남도,김해시,대청동,302-5,35.1919384,128.8020045
편의점,세븐일레븐장유,경상남도,김해시,대청동,59-5,35.19411,128.7994068
편의점,미니스톱장유대청,경상남도,김해시,대청동,68-7,35.1941586,128.8014982
편의점,무인시스템더까까주까,경상남도,김해시,대청동,62-5,35.194969,128.8007793
편의점,씨유장유,경상남도,김해시,대청동,56-8,35.1935564,128.7996452
편의점,이마트24장유대청,경상남도,김해시,대청동,56-11,35.1932613,128.7987491
편의점,지에스25뉴장유계동점,경상남도,김해시,대청동,286-1,35.1879645,128.793837
편의점,세븐일레븐장유대청,경상남도,김해시,대청동,320-2,35.1875153,128.798943
편의점,씨유장유갑오,경상남도,김해시,대청동,333-3,35.1848015,128.797188
편의점,세븐일레븐장유대청로점,경상남도,김해시,대청동,303-2,35.1909544,128.8012549
편의점,지에스25장유율곡,경상남도,김해시,관동동,1057-1,35.175379,128.806115
편의점,지에스25장유한림점,경상남도,김해시,관동동,1112-1,35.1758608,128.8160203
편의점,씨유율하카페,경상남도,김해시,관동동,1104-14,35.1760167,128.8144765
편의점,씨유장유관동서희점,경상남도,김해시,관동동,1165,35.1785108,128.8142609
편의점,지에스25김해,경상남도,김해시,관동동,1073-5,35.1777328,128.8100056
편의점,지에스25장유팔판,경상남도,김해시,관동동,427-8,35.1779727,128.7906464
편의점,세븐일레븐김해,경상남도,김해시,관동동,451-3,35.1777648,128.7957103
편의점,씨유장유세영점,경상남도,김해시,관동동,469-7,35.1763076,128.8029385
편의점,세븐김해장유점,경상남도,김해시,관동동,451-3,35.1777648,128.7957103
편의점,지에스25장유관동점,경상남도,김해시,관동동,1076-1,35.1771738,128.8085613
편의점,미니스톱장유덕정점,경상남도,김해시,관동동,458-10,35.1775979,128.80125
편의점,지에스25김해,경상남도,김해시,관동동,1113-9,35.1780847,128.8161483
편의점,씨유장유팔판,경상남도,김해시,관동동,452-1,35.1785094,128.7970753
편의점,세븐일레븐김해문화,경상남도,김해시,율하동,1377,35.1726141,128.8208219
편의점,씨유김해율하,경상남도,김해시,율하동,1354,35.1720208,128.815373
편의점,씨유김해율현,경상남도,김해시,율하동,1404,35.1694112,128.8204269
편의점,이마트24김해율하모아점,경상남도,김해시,율하동,1317,35.1734088,128.8130644
편의점,지에스25율현주공점,경상남도,김해시,율하동,1400-6,35.169689,128.819215
편의점,세븐일레븐김해율하네오점,경상남도,김해시,율하동,1335-2,35.171972,128.8140392
편의점,편의점,경상남도,김해시,율하동,1331-2,35.1745693,128.8160179
편의점,씨유율하샹그릴라,경상남도,김해시,율하동,1336-1,35.1718062,128.813451
편의점,씨스페이스&B,경상남도,김해시,율하동,1339-4,35.1712292,128.8133796
편의점,이마트24율하스마일점,경상남도,김해시,율하동,1384-1,35.1749766,128.8213105
편의점,세븐일레븐김해,경상남도,김해시,율하동,1349-1,35.1713324,128.8142572
편의점,씨제이올리브영김해장유,경상남도,김해시,율하동,1334-4,35.1728107,128.8148361
편의점,이마트24김해,경상남도,김해시,율하동,1323-3,35.1738492,128.8147799
편의점,GS25율하대로점,경상남도,김해시,율하동,1306-10,35.1710681,128.8108306
편의점,지에스25장유,경상남도,김해시,율하동,1299-1,35.1728954,128.8076822
편의점,블루25,경상남도,김해시,율하동,1346-1,35.1695973,128.8125676
편의점,씨유김해모아미래도점,경상남도,김해시,율하동,1318-4,35.1741881,128.8142218
편의점,씨유김해율하원룸점,경상남도,김해시,율하동,1315-10,35.1702232,128.8122507
편의점,세븐일레븐장유율현,경상남도,김해시,율하동,1403,35.1678396,128.8193197
편의점,지에스25율하원메이저점,경상남도,김해시,장유동,873,35.1670481,128.8293666
편의점,GS25율하상품권,경상남도,김해시,장유동,594,35.1632773,128.8287051
편의점,이마트24율하엔,경상남도,김해시,장유동,839-5,35.1706706,128.8224857
편의점,지에스25율하시티점,경상남도,김해시,장유동,870,35.1653576,128.8271309
편의점,씨유김해율하리슈빌점,경상남도,김해시,장유동,869,35.163039,128.8269722
편의점,씨유김해율하,경상남도,김해시,장유동,846,35.1710179,128.8279199
편의점,GS25율하,경상남도,김해시,장유동,594,35.1632773,128.8287051
편의점,씨유김해율하,경상남도,김해시,장유동,899,35.1639146,128.8249898
편의점,지에스25율하,경상남도,김해시,장유동,826-4,35.1718256,128.8241056
편의점,세븐일레븐율하,경상남도,김해시,장유동,825-1,35.1724064,128.8233532
편의점,세븐율하자이점,경상남도,김해시,장유동,847,35.1697718,128.826319
편의점,씨유율하센트럴,경상남도,김해시,장유동,842-1,35.1713239,128.8239053
편의점,지에스25율하,경상남도,김해시,장유동,843-2,35.1704979,128.8236861
편의점,세븐일레븐장유율하,경상남도,김해시,장유동,849,35.1676904,128.8251895
편의점,지에스25R부경,경상남도,김해시,수가동,1333,35.1552353,128.8712361
편의점,대한민국전몰군경미망인회CUL부경관람대2층점,경상남도,김해시,수가동,1333,35.1552353,128.8712361
편의점,씨유L부경관람대3층점,경상남도,김해시,수가동,1333,35.1552353,128.8712361
편의점,지에스25R부산관람대1점,경상남도,김해시,수가동,1333,35.1552353,128.8712361
편의점,한국지체장애인협회씨유엘부경경마공원점,경상남도,김해시,수가동,1333,35.1552353,128.8712361
편의점,씨유L부경관람대4층점,경상남도,김해시,수가동,1333,35.1552353,128.8712361
편의점,GS25진영라이프점상품권,경상남도,김해시,진영읍,진영리 359-13,35.303666,128.7240892
편의점,씨스페이스진영대로점,경상남도,김해시,진영읍,신용리 217-3,35.2990725,128.7590147
편의점,씨유김해진영,경상남도,김해시,진영읍,진영리 674-117,35.3239339,128.7188846
편의점,CU진영일심프라자,경상남도,김해시,진영읍,진영리 1608-10,35.3079035,128.7293065
편의점,세븐김해진영원룸점,경상남도,김해시,진영읍,진영리 1595-7,35.3076067,128.7252758
편의점,씨유진영클래스점,경상남도,김해시,진영읍,진영리 1630-1,35.3094809,128.7355139
편의점,씨유진영하계,경상남도,김해시,진영읍,방동리 341-19,35.2850562,128.713237
편의점,씨유김해진영하계로점,경상남도,김해시,진영읍,여래리 409-1,35.3004936,128.7380014
편의점,씨유두원켐테크점,경상남도,김해시,진영읍,본산리 303-1,35.3158967,128.7475044
편의점,GS25진영라이프점,경상남도,김해시,진영읍,진영리 359-13,35.303666,128.7240892
편의점,씨유진영대로점,경상남도,김해시,진영읍,신용리 383,35.2999525,128.7586882
편의점,GS25진영타운점,경상남도,김해시,진영읍,진영리 1607-7,35.307363,128.7283836
편의점,이마트24진영하늬점,경상남도,김해시,진영읍,진영리 597-1,35.3060853,128.7173474
편의점,씨유진영,경상남도,김해시,진영읍,진영리 1523,35.3064881,128.7261211
편의점,미니스톱진영장등로점,경상남도,김해시,진영읍,진영리 1633-1,35.3105754,128.7356374
편의점,지에스25진영IC점,경상남도,김해시,진영읍,신용리 221-1,35.2984403,128.7609757
편의점,이마트24진영,경상남도,김해시,진영읍,진영리 1598-8,35.3075067,128.7265258
편의점,씨유진영,경상남도,김해시,진영읍,여래리 136-6,35.3022163,128.7418714
편의점,씨유진영진산대로점,경상남도,김해시,진영읍,진영리 319-106,35.3213831,128.7214808
편의점,씨제이올리브영김해,경상남도,김해시,진영읍,진영리 1612-5,35.3078611,128.7298209
편의점,스토리웨이,경상남도,김해시,진영읍,설창리 131-1,35.2985819,128.7739541
편의점,씨유봉하대통점,경상남도,김해시,진영읍,본산리 121-210,35.3145741,128.7603652
편의점,이마트24뉴진영,경상남도,김해시,진영읍,진영리 1586-22,35.3107608,128.7275718
편의점,씨유진영,경상남도,김해시,진영읍,진영리 275-57,35.305047,128.7293538
편의점,씨제이올리브영김해진영대로점,경상남도,김해시,진영읍,진영리 305-6,35.3062845,128.7315962
편의점,씨유진영본산점,경상남도,김해시,진영읍,본산리 1013-7,35.3139568,128.742867
편의점,씨유진영원룸점,경상남도,김해시,진영읍,진영리 1617-8,35.3070376,128.732671
편의점,씨유김해진영대진점,경상남도,김해시,진영읍,죽곡리 232-5,35.2738474,128.7631307
편의점,이마트24진영,경상남도,김해시,진영읍,진영리 343-21,35.3040325,128.721741
편의점,이마트24진영수홍점,경상남도,김해시,진영읍,진영리 1568,35.3050504,128.722719
편의점,씨유김해진영,경상남도,김해시,진영읍,진영리 1588-8,35.3087262,128.7259219
편의점,지에스25진영라이프점,경상남도,김해시,진영읍,진영리 359-13,35.303666,128.7240892
편의점,이마트24진영죽곡공단점,경상남도,김해시,진영읍,죽곡리 63-2,35.2835329,128.7705639
편의점,씨유진영여래점,경상남도,김해시,진영읍,여래리 710-21,35.302541,128.7360675
편의점,GS25진영래온빌점,경상남도,김해시,진영읍,진영리 1555,35.3055208,128.7238577
편의점,지에스25진영비전점,경상남도,김해시,진영읍,진영리 1613-1,35.3079606,128.7302914
편의점,씨유진영클래스점,경상남도,김해시,진영읍,진영리 1630-1,35.3094809,128.7355139
편의점,이마트24진영BK점,경상남도,김해시,진영읍,진영리 1621-10,35.3078197,128.7348453
편의점,씨유진영새,경상남도,김해시,진영읍,여래리 700-166,35.304317,128.7343968
편의점,미니스톱김해,경상남도,김해시,진영읍,진영리 11-2,35.3100881,128.7419761
편의점,지에스25진영,경상남도,김해시,진영읍,여래리 515-1,35.3054489,128.737489
편의점,지에스25진영장등로점,경상남도,김해시,진영읍,진영리 1726-2,35.3139547,128.7405196
편의점,이마트24진영진남로점,경상남도,김해시,진영읍,진영리 638-117,35.3048648,128.7109957
편의점,씨유진영그랜드점,경상남도,김해시,진영읍,진영리 1614-9,35.3070255,128.7298374
편의점,씨유진영,경상남도,김해시,진영읍,진영리 1732-1,35.3143646,128.7383863
편의점,세븐일레븐김해진영원룸점,경상남도,김해시,진영읍,진영리 1595-7,35.3076067,128.7252758
편의점,씨유진영서부로점,경상남도,김해시,진영읍,내룡리 56-1,35.2936064,128.7618329
편의점,지에스25진영진등점,경상남도,김해시,진영읍,진영리 1609-1,35.3086308,128.7272734
편의점,행복25편의점,경상남도,김해시,진영읍,죽곡리 203,35.2779453,128.7667827
편의점,미니스톱죽곡OB점,경상남도,김해시,진영읍,죽곡리 169,35.2826615,128.7693347
편의점,이마트24진영하계공단점,경상남도,김해시,진영읍,하계리 480-1,35.2801236,128.725538
편의점,씨유진영죽곡점,경상남도,김해시,진영읍,죽곡리 175,35.2815111,128.7692657
편의점,씨유진영,경상남도,김해시,진영읍,진영리 1611-3,35.3113505,128.7339832
편의점,슬기로운맥주창고김해,경상남도,김해시,진영읍,여래리 966-3,35.3077507,128.7380193
편의점,지에스25진영원룸점,경상남도,김해시,진영읍,진영리 1624-6,35.306909,128.7343481
편의점,씨유진영굿프라임점,경상남도,김해시,진영읍,여래리 969-1,35.3066944,128.7365742
편의점,GS25진영좌곤점,경상남도,김해시,진영읍,좌곤리 368-6,35.2926664,128.708004
편의점,이마트24R진영자이,경상남도,김해시,진영읍,진영리 1610,35.3101467,128.7286841
편의점,지에스25주촌서부로점,경상남도,김해시,주촌면,내삼리 820-4,35.2262071,128.8192215
편의점,GS25덕암공단점,경상남도,김해시,주촌면,덕암리 881-2,35.2561857,128.8215152
편의점,GS25김해산업단지점,경상남도,김해시,주촌면,농소리 637-1,35.2133611,128.8305385
편의점,지에스25주촌공원점,경상남도,김해시,주촌면,내삼리 684-12,35.2344681,128.8218926
편의점,세븐일레븐김해주촌일등점,경상남도,김해시,주촌면,양동리 257-1,35.2210224,128.8097894
편의점,씨유김해센텀큐시티점,경상남도,김해시,주촌면,선지리 1476,35.2294966,128.8471794
편의점,세븐일레븐김해센텀큐시티점,경상남도,김해시,주촌면,선지리 1515-3,35.2287067,128.8463902
편의점,세븐일레븐김해주촌양동점,경상남도,김해시,주촌면,양동리 127,35.2274144,128.8030766
편의점,씨유김해골든루트점,경상남도,김해시,주촌면,망덕리 904-3,35.2220703,128.8245265
편의점,씨유김해덕암,경상남도,김해시,주촌면,덕암리 493-1,35.2571167,128.8231368
편의점,세븐김해센텀큐시티점,경상남도,김해시,주촌면,선지리 1515-3,35.2287067,128.8463902
편의점,GS25주촌제니스점,경상남도,김해시,주촌면,선지리 1374,35.2362086,128.8448594
편의점,이마트24김해주촌점,경상남도,김해시,주촌면,선지리 312-6,35.2418441,128.8368397
편의점,씨유내삼공단점,경상남도,김해시,주촌면,내삼리 751,35.2312931,128.8195678
편의점,세븐일레븐김해주촌,경상남도,김해시,주촌면,천곡리 9-2,35.2398042,128.8308165
편의점,지에스25주촌선천점,경상남도,김해시,주촌면,선지리 1506-9,35.2302026,128.8446512
편의점,GS25주촌제니스점상품권,경상남도,김해시,주촌면,선지리 1374,35.2362086,128.8448594
편의점,이마트24김해골든루트점,경상남도,김해시,주촌면,망덕리 902-5,35.2225285,128.8236177
편의점,성호상사,경상남도,김해시,주촌면,망덕리 354,35.2215768,128.8313177
편의점,세븐일레븐김해진례,경상남도,김해시,진례면,고모리 1566-7,35.2774007,128.7718378
편의점,씨유김해진례,경상남도,김해시,진례면,송현리 266-8,35.2495911,128.7672294
편의점,세븐일레븐김해진례공단점,경상남도,김해시,진례면,고모리 141-12,35.2765324,128.776456
편의점,GS25진례,경상남도,김해시,진례면,송정리 330-3,35.2488956,128.7520637
편의점,씨유김해진례점,경상남도,김해시,진례면,담안리 951-2,35.256486,128.7666411
편의점,이마트24김해,경상남도,김해시,진례면,담안리 1522-5,35.2665385,128.7655617
편의점,미니스톱김해,경상남도,김해시,진례면,담안리 117-1,35.2634245,128.7757661
편의점,블루25진례점,경상남도,김해시,진례면,초전리 523-5,35.2480267,128.7563905
편의점,이마트24김해남진례점,경상남도,김해시,진례면,산본리 142,35.2277642,128.7696078
편의점,세븐일레븐김해진례IC점,경상남도,김해시,진례면,산본리 211,35.2284862,128.767411
편의점,찬늘라면김해진례점,경상남도,김해시,진례면,고모리 1566-3,35.2778231,128.771173
편의점,씨유김해테크노,경상남도,김해시,진례면,고모리 1565-1,35.2783189,128.7702826
편의점,이마트24진례돈이요점,경상남도,김해시,진례면,송현리 486-7,35.2484915,128.7673122
편의점,씨유진례,경상남도,김해시,진례면,고모리 1584-10,35.2659474,128.7734597
편의점,세븐일레븐김해진례스마일점,경상남도,김해시,진례면,산본리 219,35.2288103,128.767925
편의점,지에스25진례클레이아크점,경상남도,김해시,진례면,송정리 336-6,35.2524683,128.7473525
편의점,지에스25진례서부로점,경상남도,김해시,진례면,산본리 111-2,35.2305386,128.7674885
편의점,씨유김해진례,경상남도,김해시,진례면,송정리 233-3,35.248024,128.7487134
편의점,씨유김해진례,경상남도,김해시,진례면,고모리 1573-2,35.2687902,128.7665774
편의점,이마트24김해고모점,경상남도,김해시,진례면,송현리 711,35.2416456,128.7694954
편의점,세븐일레븐김해한림빙그레점,경상남도,김해시,한림면,병동리 966,35.2929482,128.7849072
편의점,지에스25한림,경상남도,김해시,한림면,장방리 459-25,35.3224649,128.8027846
편의점,이마트24김해한림용덕점,경상남도,김해시,한림면,용덕리 714-12,35.2893172,128.8303546
편의점,씨유한림공단점,경상남도,김해시,한림면,병동리 768-5,35.2855429,128.7901896
편의점,씨유한림병동점,경상남도,김해시,한림면,병동리 794-1,35.2880042,128.791269
편의점,지에스25김해한림점,경상남도,김해시,한림면,용덕리 792,35.2972194,128.8301921
편의점,씨유진영봉하점,경상남도,김해시,한림면,가산리 634-3,35.3193285,128.7626689
편의점,세븐일레븐김해한림공단점,경상남도,김해시,한림면,명동리 1277-1,35.2953149,128.8005701
편의점,씨유빙그레휴게소점,경상남도,김해시,한림면,병동리 980-7,35.2932638,128.7829434
편의점,지에스25명동휴게소점,경상남도,김해시,한림면,명동리 1159-6,35.2960479,128.8063946
편의점,세븐일레븐김해안곡공단점,경상남도,김해시,한림면,안하리 544,35.3032287,128.834823
편의점,세븐일레븐김해명동대로점,경상남도,김해시,한림면,명동리 59-1,35.3052397,128.8076389
편의점,씨유김해한림,경상남도,김해시,한림면,신천리 265-2,35.2760162,128.8394248
편의점,씨유명동,경상남도,김해시,한림면,명동리 409-5,35.298257,128.8102053
편의점,이마트24김해한림점,경상남도,김해시,한림면,안하리 766-5,35.306656,128.8239029
편의점,씨유명동,경상남도,김해시,한림면,명동리 409-5,35.298257,128.8102053
편의점,씨스페이스한림,경상남도,김해시,한림면,신천리 789-7,35.2771679,128.8285774
편의점,세븐일레븐김해한림,경상남도,김해시,한림면,퇴래리 1098-6,35.2940813,128.7958181
편의점,지에스25김해생림,경상남도,김해시,생림면,봉림리 537-1,35.3257715,128.8500232
편의점,씨유김해,경상남도,김해시,생림면,나전리 574-4,35.2979606,128.8779617
편의점,세븐김해생림점,경상남도,김해시,생림면,사촌리 427-1,35.3191009,128.8656026
편의점,씨유생림봉림점,경상남도,김해시,생림면,봉림리 633-3,35.3270265,128.8491698
편의점,씨유김해생림점,경상남도,김해시,생림면,나전리 697-1,35.3059215,128.8740921
편의점,블루25생림점,경상남도,김해시,생림면,생철리 264-5,35.3517186,128.8510088
편의점,세븐일레븐김해생림점,경상남도,김해시,생림면,사촌리 427-1,35.3191009,128.8656026
편의점,씨유김해생림,경상남도,김해시,생림면,나전리 388-3,35.288346,128.8846727
편의점,탑훼미리마트,경상남도,김해시,생림면,나전리 596-6,35.2998675,128.877051
편의점,씨유김해상동IC점,경상남도,김해시,상동면,대감리 18-8,35.3144932,128.9418596
편의점,세븐일레븐김해상동공단점,경상남도,김해시,상동면,우계리 739-2,35.3027898,128.9020874
편의점,지에스25상동매리공단,경상남도,김해시,상동면,매리 238-11,35.318087,128.9628102
편의점,세븐일레븐김해상동매리점,경상남도,김해시,상동면,매리 96,35.3149112,128.96749
편의점,이마트24김해상동,경상남도,김해시,상동면,우계리 247-1,35.3053411,128.9097078
편의점,이마트24김해상동IC점,경상남도,김해시,상동면,매리 749-2,35.3155522,128.9555594
편의점,씨유김해매리공단점,경상남도,김해시,상동면,매리 132-29,35.3100298,128.9642924
편의점,GS25상동매리공단,경상남도,김해시,상동면,매리 238-11,35.318087,128.9628102
편의점,지에스25상동매리공단(상품권),경상남도,김해시,상동면,매리 238-11,35.318087,128.9628102
편의점,GS25김해,경상남도,김해시,상동면,대감리 568-3,35.3091354,128.9329358
편의점,지에스25김해,경상남도,김해시,대동면,초정리 136-5,35.2363472,128.9859601
편의점,지에스25김해주중,경상남도,김해시,대동면,주중리 54-7,35.2347957,128.9478957
편의점,이마트24김해,경상남도,김해시,대동면,초정리 348-1,35.2433769,128.9733066
편의점,세븐일레븐김해수안점,경상남도,김해시,대동면,수안리 362-3,35.2243219,128.9321139
편의점,씨유김해대동쉼터점,경상남도,김해시,대동면,조눌리 203-61,35.2510265,128.9981654
편의점,이마트24밀양파미르점,경상남도,밀양시,내일동,445-4,35.4989018,128.7539474
편의점,이마트24밀양영남루점,경상남도,밀양시,내일동,196-19,35.4931418,128.7538394
편의점,세븐일레븐밀양,경상남도,밀양시,내이동,1584-1,35.501778,128.747266
편의점,이마트24밀양내이,경상남도,밀양시,내이동,1184-4,35.4993963,128.7453714
편의점,세븐일레븐밀양현주,경상남도,밀양시,내이동,1535-18,35.5033355,128.7427819
편의점,이마트24밀양내이점,경상남도,밀양시,내이동,1403-4,35.4897584,128.7410367
편의점,세븐일레븐밀양,경상남도,밀양시,내이동,1187-1,35.4985496,128.7432768
편의점,GS25,경상남도,밀양시,내이동,908,35.4930384,128.7507458
편의점,세븐밀양원룸센타점,경상남도,밀양시,내이동,1583-5,35.5008038,128.7481624
편의점,씨유밀양,경상남도,밀양시,내이동,1531-21,35.5038865,128.744413
편의점,씨유밀성점,경상남도,밀양시,내이동,1594-5,35.4989829,128.7499986
편의점,세븐일레븐밀양원룸카페점,경상남도,밀양시,내이동,1590-4,35.5012953,128.7494025
편의점,세븐일레븐밀양북성로점,경상남도,밀양시,내이동,1185-8,35.4986232,128.7447515
편의점,세븐일레븐밀양,경상남도,밀양시,내이동,446-4,35.5040213,128.7375678
편의점,지에스25밀양판타블점,경상남도,밀양시,내이동,1533,35.504201,128.7425497
편의점,씨유뉴밀양창밀로점,경상남도,밀양시,내이동,184-5,35.5058164,128.7354494
편의점,세븐일레븐밀양원룸센타점,경상남도,밀양시,내이동,1583-5,35.5008038,128.7481624
편의점,세븐일레븐밀양영신점,경상남도,밀양시,내이동,858-2,35.4941764,128.7496586
편의점,지에스25밀양내이대로점,경상남도,밀양시,내이동,1577-1,35.4986135,128.7482665
편의점,이마트24밀양신촌,경상남도,밀양시,내이동,1554-1,35.5008986,128.7425093
편의점,씨유밀양내이대웅점,경상남도,밀양시,내이동,925-1,35.4916676,128.7510386
편의점,씨유밀양터미널,경상남도,밀양시,내이동,1180-12,35.4993989,128.7441963
편의점,씨유밀양내이,경상남도,밀양시,내이동,1535-10,35.5023076,128.7430759
편의점,씨유밀양내이점,경상남도,밀양시,내이동,1563-9,35.500749,128.7464029
편의점,씨유밀양,경상남도,밀양시,내이동,300,35.5066779,128.7374411
편의점,GS25밀양밀성,경상남도,밀양시,내이동,709-2,35.496573,128.7494877
편의점,세븐일레븐밀양,경상남도,밀양시,내이동,1540-12,35.502468,128.7451944
편의점,세븐일레븐밀양내이점,경상남도,밀양시,내이동,1566-6,35.4994084,128.746652
편의점,씨유밀양우신점,경상남도,밀양시,교동,1232,35.5087922,128.7532677
편의점,씨유밀양밀성학원점,경상남도,밀양시,교동,882-15,35.5010556,128.7527832
편의점,지에스25밀양행운대로점,경상남도,밀양시,교동,861-2,35.5038981,128.7554449
편의점,세븐일레븐밀양교동스마일점,경상남도,밀양시,교동,1218-10,35.5110851,128.7569224
편의점,GS25밀양신삼문점,경상남도,밀양시,삼문동,503-7,35.4854702,128.749681
편의점,GS25밀양도서관점,경상남도,밀양시,삼문동,234-10,35.4874959,128.755414
편의점,이마트24밀양미리벌점,경상남도,밀양시,삼문동,711-21,35.4861246,128.7486427
편의점,지에스25신삼문,경상남도,밀양시,삼문동,738-8,35.4820467,128.7469525
편의점,재형상회떡,경상남도,밀양시,삼문동,184-200,35.4857623,128.7541348
편의점,지에스신삼문,경상남도,밀양시,삼문동,738-8,35.4820467,128.7469525
편의점,씨유밀양,경상남도,밀양시,삼문동,734,35.4839184,128.7454736
편의점,지에스25신삼문(상품권),경상남도,밀양시,삼문동,738-8,35.4820467,128.7469525
편의점,세븐일레븐밀양미리벌,경상남도,밀양시,삼문동,719-7,35.4823209,128.7501851
편의점,세븐일레븐밀양,경상남도,밀양시,삼문동,158-6,35.4851136,128.7556912
편의점,GS25밀양미리벌점경남밀양지역자활센터,경상남도,밀양시,삼문동,567,35.4802803,128.7504353
편의점,씨유밀양청구점,경상남도,밀양시,삼문동,15-1,35.4852862,128.7597251
편의점,GS25밀양,경상남도,밀양시,삼문동,735-7,35.4833651,128.7453849
편의점,씨유밀양삼문점,경상남도,밀양시,삼문동,221-34,35.4877626,128.7542091
편의점,지에스25밀양(상품권),경상남도,밀양시,삼문동,735-7,35.4833651,128.7453849
편의점,미니스톱밀양삼문점,경상남도,밀양시,삼문동,111-158,35.479214,128.7521613
편의점,이마트24밀양삼문점,경상남도,밀양시,삼문동,94-16,35.4805093,128.7533372
편의점,지에스25밀양,경상남도,밀양시,삼문동,735-7,35.4833651,128.7453849
편의점,GS25밀양미리벌점상품권,경상남도,밀양시,삼문동,567,35.4802803,128.7504353
편의점,GS25밀양,경상남도,밀양시,삼문동,654,35.4802342,128.7456274
편의점,씨유밀양삼문,경상남도,밀양시,삼문동,724-1,35.4837285,128.7484303
편의점,세븐일레븐밀양미리벌,경상남도,밀양시,삼문동,729-5,35.4848812,128.7474368
편의점,씨유밀양미리벌,경상남도,밀양시,삼문동,717-2,35.4831314,128.749522
편의점,씨유밀양대로점,경상남도,밀양시,삼문동,551-1,35.4823573,128.7524385
편의점,GS25밀양,경상남도,밀양시,삼문동,171-6,35.4855572,128.7571194
편의점,세븐일레븐밀양암새들점,경상남도,밀양시,용평동,280-19,35.4893898,128.771749
편의점,행복플러스편의점,경상남도,밀양시,용평동,964-16,35.4892624,128.772438
편의점,이마트24밀양용평점,경상남도,밀양시,용평동,964-16,35.4892624,128.772438
편의점,이마트24밀양용평점,경상남도,밀양시,용평동,964-2,35.4891493,128.7725636
편의점,씨유밀양역,경상남도,밀양시,가곡동,447-1,35.473347,128.7716625
편의점,씨유밀양가곡,경상남도,밀양시,가곡동,602-2,35.4753434,128.7677649
편의점,세븐일레븐밀양성원,경상남도,밀양시,가곡동,718-1,35.4798214,128.7631491
편의점,이마트24밀양가곡점,경상남도,밀양시,가곡동,580-5,35.475574,128.7662747
편의점,GS25밀양호텔점,경상남도,밀양시,가곡동,586-35,35.474578,128.767329
편의점,씨유밀양가곡,경상남도,밀양시,가곡동,590-31,35.4739971,128.7672915
편의점,지에스25밀양가곡,경상남도,밀양시,가곡동,590-31,35.4739971,128.7672915
편의점,지에스25밀양점,경상남도,밀양시,가곡동,651-24,35.4782243,128.7643778
편의점,훼미리마트,경상남도,밀양시,가곡동,457-1,35.4729585,128.7710073
편의점,씨유부대밀양캠퍼스점,경상남도,밀양시,삼랑진읍,숭진리 557-5,35.4535132,128.8059779
편의점,GS25삼랑진송지점,경상남도,밀양시,삼랑진읍,송지리 173-26,35.4002371,128.8421488
편의점,미니스톱밀양용전공단점,경상남도,밀양시,삼랑진읍,용전리 632,35.4250782,128.8284837
편의점,이마트24밀양삼랑진송지점,경상남도,밀양시,삼랑진읍,송지리 185-5,35.4016487,128.8418711
편의점,세븐일레븐밀양삼랑진역점,경상남도,밀양시,삼랑진읍,송지리 156-59,35.3999002,128.8428846
편의점,지에스25밀양미전공단점,경상남도,밀양시,삼랑진읍,미전리 1053,35.408781,128.813752
편의점,GS25삼랑진송지점상품권,경상남도,밀양시,삼랑진읍,송지리 173-26,35.4002371,128.8421488
편의점,지에스25삼랑진송지점,경상남도,밀양시,삼랑진읍,송지리 173-26,35.4002371,128.8421488
편의점,GS25밀양송진점,경상남도,밀양시,삼랑진읍,송지리 430-7,35.3944919,128.8363282
편의점,지에스25밀양미전공단점(상품권),경상남도,밀양시,삼랑진읍,미전리 1053,35.408781,128.813752
편의점,씨유밀양삼랑진,경상남도,밀양시,삼랑진읍,삼랑리 12-8,35.3893765,128.8330728
편의점,GS25밀양송진점상품권,경상남도,밀양시,삼랑진읍,송지리 430-7,35.3944919,128.8363282
편의점,씨유밀양삼랑진송지점,경상남도,밀양시,삼랑진읍,송지리 175-16,35.4007253,128.8431238
편의점,GS25삼랑진IC점,경상남도,밀양시,삼랑진읍,송지리 420-8,35.3963281,128.8364495
편의점,지에스25밀양송진점,경상남도,밀양시,삼랑진읍,송지리 430-7,35.3944919,128.8363282
편의점,임대,경상남도,밀양시,하남읍,수산리 814-95,35.3747981,128.7089175
편의점,씨유밀양수산점,경상남도,밀양시,하남읍,수산리 814-95,35.3747981,128.7089175
편의점,씨유밀양양동리점,경상남도,밀양시,하남읍,양동리 622-3,35.3734694,128.7149459
편의점,씨유밀양,경상남도,밀양시,하남읍,수산리 489-43,35.3760806,128.7101518
편의점,씨유한국신소재점,경상남도,밀양시,부북면,용지리 181-1,35.5083543,128.7416264
편의점,세븐일레븐사포공단점,경상남도,밀양시,부북면,전사포리 874-3,35.4710149,128.7359749
편의점,지에스25밀양나노,경상남도,밀양시,부북면,제대리 168-8,35.4861262,128.7271883
편의점,씨유밀양사포공단점,경상남도,밀양시,부북면,전사포리 387-3,35.4728311,128.7454206
편의점,이마트24밀양위,경상남도,밀양시,부북면,위양리 221-6,35.5501658,128.7171135
편의점,세븐일레븐밀양부북점,경상남도,밀양시,부북면,운전리 494,35.5109519,128.7287348
편의점,하프타임사포점,경상남도,밀양시,부북면,전사포리 241-2,35.4720985,128.7389302
편의점,위양지편의점&대궁,경상남도,밀양시,부북면,위양리 393-1,35.5501377,128.7105457
편의점,이마트24밀양산외카페점,경상남도,밀양시,산외면,금천리 836-11,35.5064942,128.7878597
편의점,이마트24편의점밀양IC점,경상남도,밀양시,산외면,남기리 1073-14,35.5137277,128.7740285
편의점,세븐일레븐밀양송림유원지점,경상남도,밀양시,산외면,남기리 997-3,35.5128228,128.7750987
편의점,지에스밀양얼음골점/제일농원,경상남도,밀양시,산내면,남명리 1000-3,35.5871808,128.9530915
편의점,하늘하루,경상남도,밀양시,단장면,고례리 1315,35.4977281,128.9320598
편의점,GS25밀양표충사점,경상남도,밀양시,단장면,구천리 642-5,35.5235056,128.9235268
편의점,이마트24밀양표충사점,경상남도,밀양시,단장면,범도리 774-19,35.5237521,128.9104039
편의점,씨유밀양표충로점,경상남도,밀양시,단장면,단장리 63-1,35.5129345,128.8578246
편의점,씨유밀양단장,경상남도,밀양시,단장면,단장리 865-4,35.509975,128.8462508
편의점,세븐일레븐밀양밸리표충사점,경상남도,밀양시,단장면,구천리 2358-21,35.5261646,128.9322856
편의점,세븐일레븐밀양,경상남도,밀양시,상남면,평촌리 705-21,35.4122651,128.7788864
편의점,지에스25밀양예림점,경상남도,밀양시,상남면,예림리 942-152,35.4691095,128.7618073
편의점,씨유밀양예림점,경상남도,밀양시,상남면,예림리 923-4,35.4677293,128.7605504
편의점,씨유한국카본2공장점,경상남도,밀양시,상남면,연금리 383,35.4225434,128.7694375
편의점,이마트24밀양한마음점,경상남도,밀양시,상남면,평촌리 928,35.4112383,128.7696041
편의점,세븐일레븐밀양상남대로점,경상남도,밀양시,상남면,예림리 1453,35.4648302,128.757411
편의점,지에스25밀양무안명당점,경상남도,밀양시,무안면,무안리 767-15,35.4677785,128.6507979
편의점,씨유밀양무안&숙이,경상남도,밀양시,무안면,성덕리 662-1,35.4280974,128.6502893
편의점,씨유밀양무안점,경상남도,밀양시,무안면,무안리 809-12,35.4707806,128.6522615
편의점,씨유밀양,경상남도,밀양시,청도면,인산리 168-8,35.5428721,128.6435166
편의점,지에스25거제능포점,경상남도,거제시,능포동,669-3,34.8747043,128.731899
편의점,GS25능포항구점,경상남도,거제시,능포동,480-28,34.884314,128.7370343
편의점,씨유장승포,경상남도,거제시,능포동,616-5,34.8778937,128.7324222
편의점,세븐일레븐거제능포점,경상남도,거제시,능포동,660-6,34.876775,128.7325177
편의점,씨유거제능포,경상남도,거제시,능포동,488-5,34.8828235,128.7365046
편의점,블루25씨스페이스능포점,경상남도,거제시,능포동,326-6,34.87717,128.7340738
편의점,씨유거제능포점,경상남도,거제시,능포동,718-2,34.8738485,128.7315859
편의점,이마트24거제능포,경상남도,거제시,능포동,681-13,34.8756,128.7317205
편의점,세븐일레븐거제능포원룸점,경상남도,거제시,능포동,395-26,34.8792057,128.7338921
편의점,씨유거제장승포,경상남도,거제시,장승포동,221-5,34.8666297,128.730202
편의점,세븐일레븐거제장승,경상남도,거제시,장승포동,698-3,34.8676922,128.7279379
편의점,이마트24거제장승,경상남도,거제시,장승포동,535-3,34.8645515,128.7228922
편의점,씨유거제대학교,경상남도,거제시,장승포동,654-1,34.8502754,128.7272371
편의점,지에스25장승포항구점,경상남도,거제시,장승포동,692-1,34.8672091,128.7247511
편의점,GS25마전예지점,경상남도,거제시,장승포동,548,34.8618899,128.7240697
편의점,미니스톱장승포점,경상남도,거제시,장승포동,291-19,34.8682242,128.7283427
편의점,이마트24R거제장승포,경상남도,거제시,장승포동,695-1,34.8677624,128.7258071
편의점,지에스25장승포시립점,경상남도,거제시,장승포동,264-1,34.869512,128.7313197
편의점,지심도터미널편의점,경상남도,거제시,장승포동,703-2,34.8673406,128.7276926
편의점,씨유거제장승포차점,경상남도,거제시,장승포동,699-3,34.8676437,128.7270878
편의점,세븐일레븐거제대학교점,경상남도,거제시,장승포동,654-1,34.8502754,128.7272371
편의점,세븐일레븐거제대우북문점,경상남도,거제시,두모동,416-1,34.8728108,128.7195941
편의점,아소카인도커리,경상남도,거제시,두모동,470-1,34.8710123,128.7215841
편의점,세븐일레븐거제대우,경상남도,거제시,두모동,363,34.8715018,128.7225634
편의점,씨유거제대우점,경상남도,거제시,두모동,376-3,34.8712829,128.72166
편의점,블루25씨스페이스두모점,경상남도,거제시,두모동,329,34.8738898,128.7211193
편의점,씨유거제아주반딧불,경상남도,거제시,아주동,1696-6,34.8653738,128.6898297
편의점,세븐일레븐거제아주이편한점,경상남도,거제시,아주동,1575,34.8696099,128.6762665
편의점,씨유대우조선,경상남도,거제시,아주동,445-2,34.8671607,128.6940101
편의점,씨제이올리브영거제아주점,경상남도,거제시,아주동,1686-8,34.8664742,128.6868509
편의점,세븐일레븐거제아주원룸점,경상남도,거제시,아주동,349-4,34.86535,128.692232
편의점,세븐일레븐거제아주용소점,경상남도,거제시,아주동,1662-3,34.8738135,128.6902584
편의점,지에스25아주운동장점,경상남도,거제시,아주동,318,34.8647173,128.6900391
편의점,씨유거제아주내곡점,경상남도,거제시,아주동,1395,34.8695942,128.6789917
편의점,씨유현대조선해양점,경상남도,거제시,아주동,246-7,34.8660744,128.6961597
편의점,세븐일레븐거제아주대우점,경상남도,거제시,아주동,752-4,34.8760064,128.6926184
편의점,지에스25거제아주로점,경상남도,거제시,아주동,1673-11,34.8684577,128.6816984
편의점,미니스톱거제대우점,경상남도,거제시,아주동,419,34.8670732,128.6941149
편의점,씨유거제아주행복한점,경상남도,거제시,아주동,273-3,34.865676,128.6955974
편의점,GS25아주,경상남도,거제시,아주동,1695-17,34.8649387,128.6870858
편의점,씨유거제아주조은점,경상남도,거제시,아주동,1677-11,34.8675502,128.6831391
편의점,세븐일레븐거제아주,경상남도,거제시,아주동,1689-6,34.8676126,128.6896731
편의점,씨유거제아주,경상남도,거제시,아주동,1688-15,34.8664552,128.6877476
편의점,GS거제아주점,경상남도,거제시,아주동,1678-9,34.8677469,128.6849007
편의점,지에스25거제아주,경상남도,거제시,아주동,1201-10,34.8624343,128.6848942
편의점,더달달거제아주점,경상남도,거제시,아주동,1688-10,34.8665623,128.6886626
편의점,지에스25아주,경상남도,거제시,아주동,1690-1,34.8670274,128.6892555
편의점,세븐일레븐거제아주대우점,경상남도,거제시,아주동,752-4,34.8760064,128.6926184
편의점,씨유아주대동다숲점,경상남도,거제시,아주동,1011,34.8696507,128.6833559
편의점,미니스톱거제아주조은점,경상남도,거제시,아주동,1699-10,34.8664396,128.6912474
편의점,세븐일레븐거제아주공원점,경상남도,거제시,아주동,1697-23,34.8662211,128.6897249
편의점,세븐일레븐거제현진점,경상남도,거제시,아주동,1658-1,34.8749576,128.6893249
편의점,지에스25옥포,경상남도,거제시,옥포동,509-1,34.896264,128.6958655
편의점,이마트24,경상남도,거제시,옥포동,1290-8,34.897732,128.6882436
편의점,씨유거제옥포아름점,경상남도,거제시,옥포동,815-10,34.897561,128.6976938
편의점,지에스25거제,경상남도,거제시,옥포동,531-1,34.8944197,128.6925175
편의점,지에스25거제대우조선점,경상남도,거제시,옥포동,1977,34.8896473,128.6952914
편의점,데이앤데이거제,경상남도,거제시,옥포동,510-10,34.8962038,128.695544
편의점,씨유거제옥포호텔케이점,경상남도,거제시,옥포동,552-22,34.8896751,128.6929844
편의점,지에스25옥포비치점,경상남도,거제시,옥포동,1914-1,34.8924718,128.6958619
편의점,미니스톱거제,경상남도,거제시,옥포동,534-1,34.8936771,128.6926507
편의점,이마트24거제옥포,경상남도,거제시,옥포동,1950,34.8915698,128.6961095
편의점,세븐일레븐거제대우조선점,경상남도,거제시,옥포동,555-21,34.8879342,128.6942709
편의점,씨유거제옥포이편한점,경상남도,거제시,옥포동,878-4,34.8998483,128.6969254
편의점,씨유거제미진오션점,경상남도,거제시,옥포동,551-7,34.8883829,128.692664
편의점,지에스25옥포예다음점,경상남도,거제시,옥포동,503-1,34.8960982,128.6887365
편의점,이마트24R거제싱글벙글점,경상남도,거제시,옥포동,551-7,34.8883829,128.692664
편의점,미니스톱옥포,경상남도,거제시,옥포동,423-5,34.8914203,128.6943065
편의점,지에스25옥포성안로점,경상남도,거제시,옥포동,533-14,34.8933805,128.6946393
편의점,웰리브호텔앤리조트,경상남도,거제시,옥포동,330,34.8899361,128.6878671
편의점,지에스25옥포대우해양,경상남도,거제시,옥포동,550-24,34.8899613,128.6911422
편의점,세븐일레븐거제옥포SK점,경상남도,거제시,옥포동,525-1,34.8945695,128.6891219
편의점,슈가랜드국산점,경상남도,거제시,옥포동,866-6,34.8973434,128.6938888
편의점,세븐거제성안점,경상남도,거제시,옥포동,366-1,34.889933,128.6934197
편의점,씨유거제오션호텔점,경상남도,거제시,옥포동,1958-3,34.8909197,128.6961775
편의점,미니스톱거제옥포대첩로점,경상남도,거제시,옥포동,537-6,34.8931885,128.6891596
편의점,지에스25옥포국산점,경상남도,거제시,옥포동,932-2,34.8970232,128.6924128
편의점,씨유거제,경상남도,거제시,옥포동,548-1,34.891075,128.6917415
편의점,씨유거제옥포조은점,경상남도,거제시,옥포동,518-12,34.8950735,128.6904223
편의점,씨유거제옥포성은점,경상남도,거제시,옥포동,1271-1,34.9021996,128.6837952
편의점,GS25옥포석천점,경상남도,거제시,옥포동,869-15,34.8978182,128.6948833
편의점,세븐일레븐거제,경상남도,거제시,옥포동,366-1,34.889933,128.6934197
편의점,블루25옥포,경상남도,거제시,옥포동,1290-1,34.8984778,128.6873054
편의점,세븐일레븐거제옥포국산점,경상남도,거제시,옥포동,514-12,34.8960264,128.6902753
편의점,세븐일레븐거제옥포,경상남도,거제시,옥포동,537-33,34.8926833,128.6892312
편의점,이마트24거제옥포로점,경상남도,거제시,옥포동,548-23,34.8902023,128.6924168
편의점,세븐일레븐거제옥포덕산점,경상남도,거제시,옥포동,1274,34.9021483,128.6859051
편의점,씨유거제옥포원룸점,경상남도,거제시,옥포동,866-7,34.8973466,128.6940793
편의점,지에스25거제대로점,경상남도,거제시,옥포동,546-1,34.8913104,128.6894666
편의점,씨유거제,경상남도,거제시,옥포동,516-4,34.8954452,128.6862086
편의점,미니스톱옥포,경상남도,거제시,옥포동,883-21,34.8961649,128.6969864
편의점,씨유옥포명성점,경상남도,거제시,옥포동,544-15,34.8919668,128.6926626
편의점,나눔로또씨유거제옥포성은점,경상남도,거제시,옥포동,1271-1,34.9021996,128.6837952
편의점,세븐거제옥포국산점,경상남도,거제시,옥포동,514-12,34.8960264,128.6902753
편의점,지에스25옥포자이온점,경상남도,거제시,옥포동,785-1,34.8953072,128.6996661
편의점,GS25옥포덕산점,경상남도,거제시,옥포동,1284-3,34.8982531,128.6856928
편의점,신구멍가게24,경상남도,거제시,옥포동,538-12,34.8914938,128.6893335
편의점,씨유옥포부자점,경상남도,거제시,옥포동,586,34.8918105,128.6953354
편의점,지에스25옥포원룸점,경상남도,거제시,옥포동,1931-1,34.8969156,128.6965342
편의점,지에스25거제덕포비치점,경상남도,거제시,덕포동,363,34.9117041,128.7105937
편의점,세븐일레븐거제덕포점,경상남도,거제시,덕포동,479,34.9093981,128.6996971
편의점,이마트24R거제장평스마일점,경상남도,거제시,장평동,380-25,34.892922,128.6108154
편의점,GS25장평타운점,경상남도,거제시,장평동,121-6,34.8876957,128.6040359
편의점,씨유거제,경상남도,거제시,장평동,1195-3,34.8929242,128.6144251
편의점,씨유삼성사외기숙사점,경상남도,거제시,장평동,1223,34.8843269,128.6086811
편의점,지에스25거제,경상남도,거제시,장평동,14,34.8935944,128.6136871
편의점,씨유지중해점,경상남도,거제시,장평동,31-15,34.8913513,128.6144255
편의점,이마트24거제장평점,경상남도,거제시,장평동,85-1,34.8904733,128.6103537
편의점,세븐거제장평주공점,경상남도,거제시,장평동,144,34.8858394,128.608546
편의점,미니스톱장평,경상남도,거제시,장평동,66-1,34.8903993,128.6139377
편의점,세븐일레븐새,경상남도,거제시,장평동,861-3,34.8948667,128.5868121
편의점,씨유장평,경상남도,거제시,장평동,1200,34.8943534,128.6145404
편의점,세븐일레븐거제장평,경상남도,거제시,장평동,721-23,34.8897874,128.6048921
편의점,미니스톱뉴장평주공점,경상남도,거제시,장평동,619-2,34.8919334,128.6056813
편의점,지에스25거제장평점,경상남도,거제시,장평동,371-1,34.8925564,128.6103809
편의점,씨유장평덕산점,경상남도,거제시,장평동,133-5,34.8871086,128.6066456
편의점,씨유거제유림노르웨이점,경상남도,거제시,장평동,1212-2,34.8912894,128.6172133
편의점,씨유장평조은점,경상남도,거제시,장평동,341-1,34.8925626,128.6065646
편의점,씨유거제장평점,경상남도,거제시,장평동,320-1,34.892747,128.6093355
편의점,씨유장평스마일,경상남도,거제시,장평동,660-3,34.8904181,128.60265
편의점,GS25거제,경상남도,거제시,장평동,346-86,34.8936278,128.6054543
편의점,씨유장평대한점,경상남도,거제시,장평동,43-18,34.8907108,128.6111213
편의점,지에스25장평제니스점,경상남도,거제시,장평동,247,34.8897004,128.6080315
편의점,세븐일레븐거제장평주공점,경상남도,거제시,장평동,144,34.8858394,128.608546
편의점,세븐일레븐거제장평원룸점,경상남도,거제시,장평동,124-6,34.8874604,128.6048901
편의점,미니스톱장평진들점,경상남도,거제시,장평동,95-75,34.8896452,128.6126417
편의점,씨유거제장평,경상남도,거제시,장평동,571-3,34.8924965,128.6028296
편의점,씨제이올리브영디큐브,경상남도,거제시,장평동,1211,34.8910818,128.6165933
편의점,GS25장평,경상남도,거제시,장평동,95-57,34.8896355,128.6118362
편의점,세븐일레븐금강점,경상남도,거제시,장평동,731-8,34.8910966,128.6033215
편의점,지에스25장평,경상남도,거제시,장평동,380-43,34.8936021,128.6113601
편의점,지에스삼성기숙사점,경상남도,거제시,장평동,1115-7,34.9047671,128.5823122
편의점,씨유거제장평도서관점,경상남도,거제시,장평동,86-6,34.8898309,128.6099867
편의점,지에스25거제장평점,경상남도,거제시,장평동,371-1,34.8925564,128.6103809
편의점,씨유장평삼성중공업점,경상남도,거제시,장평동,346-25,34.8927282,128.604604
편의점,이마트24거제장평,경상남도,거제시,장평동,56-1,34.8908631,128.6131134
편의점,씨유거제장평아네점,경상남도,거제시,장평동,73-2,34.8905185,128.6131489
편의점,이마트24,경상남도,거제시,장평동,14,34.8935944,128.6136871
편의점,이마트24거제장평아내점,경상남도,거제시,장평동,126-3,34.8867714,128.6049235
편의점,씨유거제삼성중공업점,경상남도,거제시,장평동,1242,34.9051787,128.60624
편의점,미니스톱새,경상남도,거제시,장평동,861-3,34.8948667,128.5868121
편의점,씨유장평,경상남도,거제시,장평동,382-1,34.8921048,128.6111013
편의점,데이앤데이,경상남도,거제시,고현동,1018,34.8923361,128.6251708
편의점,세븐일레븐거제햇님점,경상남도,거제시,고현동,823-8,34.8859528,128.6211763
편의점,세븐일레븐거제,경상남도,거제시,고현동,999-4,34.8939703,128.628367
편의점,세븐거제고현우정점,경상남도,거제시,고현동,95-1,34.8860435,128.624761
편의점,씨유거제신현점,경상남도,거제시,고현동,961-33,34.889124,128.6232488
편의점,GS25중곡덕산점,경상남도,거제시,고현동,1062,34.8971527,128.6353746
편의점,지에스25고현,경상남도,거제시,고현동,961-169,34.8883446,128.6246151
편의점,씨유거제동화점,경상남도,거제시,고현동,173-1,34.8810901,128.6269919
편의점,세븐일레븐거제,경상남도,거제시,고현동,961-55,34.8895857,128.6243833
편의점,세븐일레븐거제신현,경상남도,거제시,고현동,160-4,34.8820704,128.6234108
편의점,씨유거제고현레고점,경상남도,거제시,고현동,37-35,34.8867048,128.6251803
편의점,세븐일레븐거제고현,경상남도,거제시,고현동,1010-3,34.8928484,128.6271394
편의점,씨유거제고현신유점,경상남도,거제시,고현동,266-1,34.882566,128.6285648
편의점,지에스25거제고현원룸점,경상남도,거제시,고현동,791-7,34.8858084,128.6203954
편의점,지에스25고현해안로점,경상남도,거제시,고현동,991-10,34.8945664,128.6254961
편의점,이마트24거제운동장점,경상남도,거제시,고현동,751-2,34.8842878,128.6201019
편의점,세븐거제수월서희점,경상남도,거제시,고현동,1,34.8916095,128.6312605
편의점,세븐일레븐거제수월서희점,경상남도,거제시,고현동,1,34.8916095,128.6312605
편의점,씨유거제고현가온점,경상남도,거제시,고현동,1035-3,34.877423,128.6267077
편의점,씨유거제고려아파트점,경상남도,거제시,고현동,1051,34.8944403,128.6320895
편의점,GS25거제,경상남도,거제시,고현동,1007-1,34.8935259,128.6259811
편의점,세븐일레븐거제고현,경상남도,거제시,고현동,868-2,34.8884807,128.6190741
편의점,씨유거제중곡원룸점,경상남도,거제시,고현동,1003-1,34.894382,128.6266141
편의점,GS25,경상남도,거제시,고현동,961-24,34.8888312,128.6223642
편의점,세븐거제고현롯데점,경상남도,거제시,고현동,868-2,34.8884807,128.6190741
편의점,씨유거제해금강점,경상남도,거제시,고현동,997-5,34.8941435,128.6302069
편의점,이마트24,경상남도,거제시,고현동,961-107,34.8883139,128.6226267
편의점,GS25중곡덕산점상품권,경상남도,거제시,고현동,1062,34.8971527,128.6353746
편의점,세븐일레븐고현,경상남도,거제시,고현동,162-23,34.8808544,128.6242747
편의점,씨유뉴고현운동장점,경상남도,거제시,고현동,755-48,34.8847823,128.6213007
편의점,씨유고현뉴그랜드점,경상남도,거제시,고현동,155-1,34.8840377,128.6250933
편의점,세븐거제고현점,경상남도,거제시,고현동,961-56,34.8898347,128.6242624
편의점,세븐일레븐거제,경상남도,거제시,고현동,979-2,34.8904905,128.6243536
편의점,이마트24거제중앙,경상남도,거제시,고현동,814-1,34.8865098,128.6222595
편의점,이마트24R거제고현,경상남도,거제시,고현동,150-4,34.8833645,128.6243512
편의점,세븐일레븐거제고현우정점,경상남도,거제시,고현동,95-1,34.8860435,128.624761
편의점,씨유고현점,경상남도,거제시,고현동,206,34.8828015,128.6257206
편의점,블루25씨스페이스거제중곡,경상남도,거제시,고현동,1009-1,34.8936074,128.6269777
편의점,지에스25거제고현로점,경상남도,거제시,고현동,37-10,34.8871814,128.6252222
편의점,세븐일레븐,경상남도,거제시,고현동,961-56,34.8898347,128.6242624
편의점,CU거제시티점,경상남도,거제시,고현동,961-119,34.8874566,128.6218003
편의점,세븐일레븐거제고현파크점,경상남도,거제시,고현동,222-1,34.8837035,128.6272469
편의점,GS25고현,경상남도,거제시,고현동,189-1,34.8819261,128.6251071
편의점,세븐일레븐거제고현타운점,경상남도,거제시,고현동,98-6,34.8866772,128.623741
편의점,세븐일레븐거제신현점,경상남도,거제시,고현동,112-1,34.8848894,128.6239081
편의점,지에스25거제고현화성,경상남도,거제시,고현동,683-5,34.8833426,128.6219413
편의점,세븐일레븐거제이편한점,경상남도,거제시,고현동,1081-18,34.8954044,128.640384
편의점,GS25거제다숲점상품권,경상남도,거제시,상동동,716,34.8701051,128.6331931
편의점,미니스톱거제,경상남도,거제시,상동동,735,34.8684052,128.6297454
편의점,세븐거제상동점,경상남도,거제시,상동동,121,34.8645668,128.6396086
편의점,이마트24거제디클리브점,경상남도,거제시,상동동,810-4,34.8665313,128.6342109
편의점,세븐일레븐거제백,경상남도,거제시,상동동,943-5,34.8732934,128.6264433
편의점,지에스25거제다숲점,경상남도,거제시,상동동,716,34.8701051,128.6331931
편의점,씨유거제벽산솔렌스힐점,경상남도,거제시,상동동,1041,34.8615105,128.6324264
편의점,이마트24R거제명가점,경상남도,거제시,상동동,475-8,34.8762927,128.628023
편의점,GS25거제다숲점,경상남도,거제시,상동동,716,34.8701051,128.6331931
편의점,씨유거제신우점,경상남도,거제시,상동동,118-2,34.863404,128.6379834
편의점,씨유거제,경상남도,거제시,상동동,438-13,34.8771517,128.6289763
편의점,이마트24거제디클리브점,경상남도,거제시,상동동,810-4,34.8665313,128.6342109
편의점,GS25거제문동점상품권,경상남도,거제시,문동동,238,34.8576439,128.6455864
편의점,지에스25거제,경상남도,거제시,문동동,756,34.8589496,128.6419922
편의점,지에스25거제문동점,경상남도,거제시,문동동,238,34.8576439,128.6455864
편의점,씨유거제센트럴,경상남도,거제시,문동동,756,34.8589496,128.6419922
편의점,GS25거제,경상남도,거제시,문동동,756,34.8589496,128.6419922
편의점,씨유거제내담점,경상남도,거제시,양정동,955-5,34.8912377,128.636131
편의점,세븐일레븐거제,경상남도,거제시,양정동,869-10,34.8888347,128.6431964
편의점,세븐일레븐거제해수,경상남도,거제시,양정동,976-14,34.8915688,128.634552
편의점,지에스25거제수양로,경상남도,거제시,양정동,1096,34.866576,128.6511764
편의점,세븐일레븐거제해수,경상남도,거제시,양정동,976-14,34.8915688,128.634552
편의점,씨유거제수양,경상남도,거제시,양정동,682-2,34.8876407,128.6459684
편의점,GS25거제수월,경상남도,거제시,양정동,885,34.889262,128.6417777
편의점,GS25거제,경상남도,거제시,수월동,1086,34.8927668,128.6447475
편의점,CU거제수월,경상남도,거제시,수월동,1043-75,34.8949293,128.6427693
편의점,지에스25거제,경상남도,거제시,수월동,1086,34.8927668,128.6447475
편의점,CU거제수양점,경상남도,거제시,수월동,1120-40,34.892997,128.6411583
편의점,CU거제수월더블점,경상남도,거제시,수월동,1092-2,34.8915771,128.642636
편의점,지에스25거제(상품권),경상남도,거제시,수월동,1086,34.8927668,128.6447475
편의점,씨유거제수월점,경상남도,거제시,수월동,1140,34.8910833,128.6415611
편의점,유람선편의점,경상남도,거제시,일운면,지세포리 929-90,34.8310023,128.7039705
편의점,씨유거제지세포라티움점,경상남도,거제시,일운면,지세포리 931-84,34.8290177,128.7060349
편의점,세븐일레븐거제구조라항점,경상남도,거제시,일운면,구조라리 79,34.805592,128.6947813
편의점,지에스25지세,경상남도,거제시,일운면,지세포리 775-4,34.8308477,128.7026591
편의점,세븐일레븐소동점,경상남도,거제시,일운면,소동리 97-1,34.842739,128.7006122
편의점,씨유거제,경상남도,거제시,일운면,지세포리 943-1,34.8284613,128.7035529
편의점,GS25와현,경상남도,거제시,일운면,와현리 425-37,34.8139581,128.7064592
편의점,세븐일레븐거제망치몽돌점,경상남도,거제시,일운면,망치리 122-1,34.813005,128.6674622
편의점,세븐일레븐거제망치몽돌점,경상남도,거제시,일운면,망치리 122-1,34.813005,128.6674622
편의점,GS25거제구조라점,경상남도,거제시,일운면,구조라리 41,34.8073391,128.6960462
편의점,지에스25거제일운점,경상남도,거제시,일운면,소동리 687,34.8382103,128.6890106
편의점,지에스25지세포대로점,경상남도,거제시,일운면,소동리 523-4,34.8349498,128.699233
편의점,씨유거제일운,경상남도,거제시,일운면,소동리 160,34.84229,128.6982164
편의점,씨유거제바다그리고점,경상남도,거제시,일운면,망치리 733-33,34.7924711,128.6652965
편의점,씨유커피와현모래숲점,경상남도,거제시,일운면,와현리 381-5,34.8138784,128.7071398
편의점,씨유거제학동바다점,경상남도,거제시,동부면,학동리 322,34.7727345,128.6390432
편의점,이마트24거제,경상남도,거제시,동부면,구천리 953-2,34.7861529,128.632539
편의점,"세븐일레븐거제몽돌점,마트25편의점",경상남도,거제시,동부면,학동리 276-2,34.7752191,128.6411181
편의점,세븐일레븐거제동부로점,경상남도,거제시,동부면,구천리 368-8,34.8128503,128.6332088
편의점,미니스톱학동몽돌점,경상남도,거제시,동부면,학동리 262-4,34.7764381,128.6424552
편의점,고향마트편의점,경상남도,거제시,동부면,학동리 105-1,34.7786157,128.6522188
편의점,씨유거제학동몽돌점,경상남도,거제시,동부면,학동리 281-1,34.7759251,128.6419471
편의점,미니스톱거제연담점,경상남도,거제시,동부면,구천리 531-1,34.8103842,128.6292604
편의점,이마트24거제학동해수욕장점,경상남도,거제시,동부면,학동리 291,34.774217,128.6407797
편의점,씨유거제동부산양점,경상남도,거제시,동부면,산양리 924-3,34.8221476,128.6056379
편의점,씨유거제바람의언덕점,경상남도,거제시,남부면,갈곶리 339-7,34.7408149,128.6619256
편의점,"거제유스호스텔,이마트24거제유스호스텔점",경상남도,거제시,남부면,다대리 246-1,34.7380913,128.6394761
편의점,GS25거제해금강점,경상남도,거제시,남부면,갈곶리 72-1,34.7382764,128.6742164
편의점,은하수편의점,경상남도,거제시,남부면,저구리 477-1,34.7208259,128.5872778
편의점,이마트24거제썬트리팜,경상남도,거제시,남부면,다대리 246-1,34.7380913,128.6394761
편의점,이마트24바람의언덕점,경상남도,거제시,남부면,갈곶리 262-4,34.7404437,128.663105
편의점,GS25거제아델하임점,경상남도,거제시,거제면,서정리 731-37,34.8495099,128.5865648
편의점,씨유거제면쉼터점,경상남도,거제시,거제면,동상리 612-3,34.849606,128.5930308
편의점,지에스25거제,경상남도,거제시,거제면,동상리 427,34.8498188,128.5901126
편의점,세븐일레븐거제오수대로점,경상남도,거제시,거제면,오수리 376-1,34.8358456,128.598663
편의점,아티스트굽찌,경상남도,거제시,거제면,서상리 381,34.8500023,128.5898292
편의점,지에스25거제,경상남도,거제시,거제면,서정리 757-3,34.8499878,128.5886075
편의점,GS25거제오션,경상남도,거제시,거제면,옥산리 1512,34.883038,128.5899812
편의점,굿모닝대박24시편의점,경상남도,거제시,거제면,법동리 373,34.8141807,128.5317946
편의점,이마트24거제남서로,경상남도,거제시,거제면,내간리 56-1,34.8458849,128.5643035
편의점,씨유거제둔덕점,경상남도,거제시,둔덕면,하둔리 365-48,34.8378702,128.5066574
편의점,세븐일레븐거제사등점,경상남도,거제시,사등면,사등리 1960,34.9109328,128.5429356
편의점,씨유거제가조도점,경상남도,거제시,사등면,창호리 2020,34.9302664,128.5256427
편의점,아싸비어,경상남도,거제시,사등면,사곡리 867-6,34.8957768,128.5668431
편의점,씨유거제사등등대점,경상남도,거제시,사등면,사등리 569,34.9082042,128.5473177
편의점,"씨유거제경남아너스빌점,백발백중",경상남도,거제시,사등면,사곡리 918,34.8971245,128.5629301
편의점,GS25거제대교점,경상남도,거제시,사등면,덕호리 139-10,34.8830919,128.4788132
편의점,세븐일레븐거제라모타점,경상남도,거제시,사등면,창호리 319,34.9707823,128.532731
편의점,씨유거제사등,경상남도,거제시,사등면,지석리 1224-1,34.9076019,128.5120547
편의점,씨유거제사등새아침점,경상남도,거제시,사등면,사등리 1949,34.9101829,128.5435201
편의점,씨유거제성내공단점,경상남도,거제시,사등면,사등리 433-1,34.9023119,128.5542108
편의점,씨유거제삼성휴게소점,경상남도,거제시,사등면,성포리 389,34.9178019,128.5228252
편의점,씨유거제사등새아침점,경상남도,거제시,사등면,사등리 1949,34.9101829,128.5435201
편의점,세븐일레븐거제사등,경상남도,거제시,사등면,청곡리 90-1,34.901448,128.510854
편의점,씨유거제한내공단점,경상남도,거제시,연초면,한내리 621-2,34.9352231,128.5993352
편의점,씨유거제오비,경상남도,거제시,연초면,오비리 1077-1,34.9112198,128.6187281
편의점,지에스25한내,경상남도,거제시,연초면,한내리 564-2,34.9330451,128.6006239
편의점,이마트24거제오비,경상남도,거제시,연초면,오비리 1201,34.9178284,128.6196788
편의점,씨유거제맑은샘,경상남도,거제시,연초면,연사리 1399-3,34.8977001,128.6436119
편의점,지에스25연초럭키점,경상남도,거제시,연초면,죽토리 1048-24,34.917064,128.6551187
편의점,GS25한내공단점,경상남도,거제시,연초면,한내리 38-1,34.925361,128.6067036
편의점,씨유거제연초,경상남도,거제시,연초면,오비리 1168-1,34.8989616,128.6321833
편의점,지에스25거제연초점,경상남도,거제시,연초면,연사리 325-30,34.9097831,128.6458848
편의점,세븐일레븐거제오비점,경상남도,거제시,연초면,오비리 1164-2,34.8996353,128.629887
편의점,미니스톱거제,경상남도,거제시,연초면,오비리 682-2,34.9208661,128.6223758
편의점,세븐일레븐거제칠천도점,경상남도,거제시,하청면,어온리 582-1,34.9810545,128.6458714
편의점,칠천도와라편의점,경상남도,거제시,하청면,대곡리 46-3,35.0119491,128.642898
편의점,"케이에스25시낚시,마트",경상남도,거제시,하청면,어온리 587,34.980722,128.6466532
편의점,세븐일레븐거제하청점,경상남도,거제시,하청면,하청리 575-9,34.9587528,128.6556816
편의점,G25거제하청점,경상남도,거제시,하청면,하청리 1212,34.9592643,128.6478123
편의점,칠천도세븐일레븐낚시,경상남도,거제시,하청면,어온리 582-1,34.9810545,128.6458714
편의점,세븐일레븐거제,경상남도,거제시,장목면,장목리 240-56,34.9874532,128.6810853
편의점,지에스25한화리조트,경상남도,거제시,장목면,농소리 25,35.0077628,128.7117549
편의점,참편의점,경상남도,거제시,장목면,외포리 1338-1,34.9305471,128.7144855
편의점,세븐일레븐거제매,경상남도,거제시,장목면,대금리 262-7,34.9681754,128.7022808
편의점,세븐일레븐거제외포점,경상남도,거제시,장목면,외포리 57-27,34.9405391,128.7171712
편의점,편의점,경상남도,거제시,장목면,관포리 57-4,34.9898767,128.6964651
편의점,해빛거제,경상남도,거제시,장목면,장목리 238-4,34.9862421,128.6786395
편의점,이마트24거제농소바다점,경상남도,거제시,장목면,송진포리 83-2,35.0028443,128.7001932
편의점,씨유거제매,경상남도,거제시,장목면,대금리 17,34.9671991,128.70421
편의점,씨유거제대계,경상남도,거제시,장목면,외포리 1219-3,34.9339947,128.7165028
편의점,지에스25양산,경상남도,양산시,다방동,462-5,35.3323226,129.0396518
편의점,이마트24편의점양산,경상남도,양산시,다방동,432,35.334178,129.0390735
편의점,씨유양산남부,경상남도,양산시,남부동,607-3,35.3314622,129.0274187
편의점,세븐일레븐양산,경상남도,양산시,남부동,461-2,35.3391514,129.0376118
편의점,이마트24양산남부동원점,경상남도,양산시,남부동,608-4,35.3303085,129.0269036
편의점,지에스25양산,경상남도,양산시,중부동,692-1,35.3369772,129.0276837
편의점,에쿠찌,경상남도,양산시,중부동,423-5,35.3428196,129.0372106
편의점,세븐일레븐양산젊음의,경상남도,양산시,중부동,687-3,35.3374391,129.0277674
편의점,세븐양산젊음의거리점,경상남도,양산시,중부동,687-3,35.3374391,129.0277674
편의점,지에스25양산,경상남도,양산시,중부동,693-2,35.3351966,129.0278318
편의점,웨더양산,경상남도,양산시,중부동,679-14,35.3397485,129.0308791
편의점,수림복권방,경상남도,양산시,중부동,687-2,35.3374947,129.0274204
편의점,씨유양산,경상남도,양산시,중부동,679-23,35.3395177,129.0297168
편의점,세븐일레븐양산중부동점,경상남도,양산시,중부동,658-14,35.3421597,129.0313402
편의점,세븐일레븐양산,경상남도,양산시,중부동,710-1,35.3356552,129.0265494
편의점,지에스25양산삼부점,경상남도,양산시,중부동,690-4,35.3360735,129.0288165
편의점,코리아세븐양산,경상남도,양산시,중부동,686-7,35.3379852,129.0274454
편의점,지에스25중부(상품권),경상남도,양산시,중부동,696-1,35.3382497,129.0338683
편의점,세븐양산터미널,경상남도,양산시,중부동,710-1,35.3356552,129.0265494
편의점,세븐일레븐양산중부타운점,경상남도,양산시,중부동,680-16,35.3397946,129.031656
편의점,지에스25양산,경상남도,양산시,중부동,688-13,35.3379262,129.0286462
편의점,지에스25양산중부자연점,경상남도,양산시,중부동,432-12,35.3418714,129.0371616
편의점,지에스25양산뜰안채점,경상남도,양산시,중부동,694-1,35.3358556,129.0305976
편의점,이마트24양산,경상남도,양산시,중부동,688-10,35.3373281,129.0285495
편의점,지에스25에스(S)뉴양산역점,경상남도,양산시,중부동,721,35.3401477,129.0274853
편의점,씨유양산중부블루점,경상남도,양산시,중부동,603-10,35.3402451,129.0363953
편의점,이마트24양산중부공원점,경상남도,양산시,중부동,669-9,35.3408745,129.031305
편의점,씨유양산,경상남도,양산시,중부동,668-1,35.3411143,129.0304336
편의점,지에스25양산삼일점,경상남도,양산시,중부동,346-2,35.343821,129.0383913
편의점,세븐일레븐양산강변로점,경상남도,양산시,중부동,673-10,35.3404049,129.0286087
편의점,양산역씨유점,경상남도,양산시,중부동,685-8,35.3378193,129.0266021
편의점,GS25중부,경상남도,양산시,중부동,696-1,35.3382497,129.0338683
편의점,지에스25양산양주점,경상남도,양산시,중부동,671-1,35.3416052,129.0293725
편의점,씨유양산역점,경상남도,양산시,중부동,685-8,35.3378193,129.0266021
편의점,편의점,경상남도,양산시,중부동,686-7,35.3379852,129.0274454
편의점,씨유양산양주점,경상남도,양산시,중부동,694-3,35.3367022,129.0317789
편의점,씨유양산양주현대점,경상남도,양산시,중부동,697-1,35.3355355,129.0336948
편의점,블루25씨스페이스양산,경상남도,양산시,북부동,386-11,35.3453019,129.0391765
편의점,세븐일레븐양산,경상남도,양산시,북부동,686-5,35.3497422,129.0399958
편의점,지에스25양산북안점,경상남도,양산시,북부동,490-3,35.3450706,129.0373051
편의점,씨유양산북부,경상남도,양산시,북부동,392-7,35.3456953,129.0389663
편의점,미니스탑양산상공점,경상남도,양산시,북부동,147-18,35.3491245,129.041631
편의점,지에스25양산,경상남도,양산시,북부동,491-9,35.3442093,129.0358637
편의점,세븐양산점,경상남도,양산시,북부동,487-7,35.3455373,129.0366875
편의점,세븐양산제일점,경상남도,양산시,북부동,686-5,35.3497422,129.0399958
편의점,씨유양산북부대로점,경상남도,양산시,북부동,698-15,35.34878,129.0373395
편의점,씨유양산황제점,경상남도,양산시,북부동,491-4,35.3439775,129.03548
편의점,세븐일레븐양산북안,경상남도,양산시,북부동,480-8,35.3466195,129.0364926
편의점,세븐일레븐양산고점,경상남도,양산시,북부동,266,35.3470861,129.0428536
편의점,미니스톱양산,경상남도,양산시,북부동,694-1,35.3502349,129.0388499
편의점,미니스톱양산,경상남도,양산시,북부동,691-5,35.3480737,129.0391464
편의점,세븐일레븐,경상남도,양산시,북부동,487-7,35.3455373,129.0366875
편의점,GS25양산,경상남도,양산시,북부동,491-9,35.3442093,129.0358637
편의점,미니스톱양산,경상남도,양산시,북부동,161-17,35.3468145,129.0392076
편의점,이마트24양산토파즈점,경상남도,양산시,북부동,490-15,35.3440831,129.0370919
편의점,GS25양산상품권,경상남도,양산시,북부동,491-9,35.3442093,129.0358637
편의점,씨유동원과학기술대학교점,경상남도,양산시,명곡동,922-2,35.3429618,129.0675676
편의점,지에스25양산대학점,경상남도,양산시,명곡동,910-6,35.3409202,129.0643822
편의점,이마트24편의점양산신기점,경상남도,양산시,신기동,116-4,35.3552081,129.0469458
편의점,세븐일레븐양산신기점,경상남도,양산시,신기동,172-1,35.3532817,129.0469311
편의점,지에스25양산뉴,경상남도,양산시,신기동,424-18,35.3522986,129.0425488
편의점,이마트24양산신기주공점,경상남도,양산시,신기동,508-4,35.3527065,129.0410893
편의점,씨유양산신기우방점,경상남도,양산시,신기동,648-8,35.3522512,129.0365638
편의점,미니스톱양산신기점,경상남도,양산시,신기동,114-6,35.3552033,129.0462603
편의점,지에스25양산신기점,경상남도,양산시,신기동,123-7,35.3544243,129.0479631
편의점,이마트24양산신기강변,경상남도,양산시,신기동,647-24,35.3524484,129.0355815
편의점,GS25양산산막점,경상남도,양산시,북정동,107-1,35.3690573,129.0520592
편의점,지에스25양산네오점,경상남도,양산시,북정동,885-1,35.3591823,129.0432136
편의점,세븐일레븐양산고향의봄점,경상남도,양산시,북정동,628-7,35.3580488,129.0470647
편의점,하프타임북정점,경상남도,양산시,북정동,891-5,35.3583025,129.0438185
편의점,수카카오편의점,경상남도,양산시,북정동,906-6,35.3562153,129.0432021
편의점,지에스25양산북정점,경상남도,양산시,북정동,633-1,35.3587912,129.0460356
편의점,GS25북정대로점,경상남도,양산시,북정동,888-9,35.3581133,129.0402122
편의점,세븐일레븐북정,경상남도,양산시,북정동,889-5,35.3588441,129.0417218
편의점,세븐양산북정제일점,경상남도,양산시,북정동,889-5,35.3588441,129.0417218
편의점,지에스25북정,경상남도,양산시,북정동,403-9,35.3638438,129.0490491
편의점,씨유양산북정,경상남도,양산시,북정동,885-9,35.3590103,129.0437102
편의점,지에스25북정,경상남도,양산시,북정동,530-4,35.3612547,129.0473675
편의점,세븐일레븐양산북정,경상남도,양산시,북정동,552-2,35.3607642,129.0478997
편의점,씨유산막공단점,경상남도,양산시,북정동,178,35.3706283,129.0468907
편의점,지에스25북정동원점,경상남도,양산시,북정동,434,35.3640893,129.0498935
편의점,씨유산막산업로점,경상남도,양산시,산막동,566-3,35.3724502,129.063194
편의점,씨유교동우리점,경상남도,양산시,교동,207-16,35.3456208,129.0244795
편의점,지에스25양산,경상남도,양산시,교동,226-59,35.3443367,129.0271893
편의점,미니스톱양산,경상남도,양산시,교동,203-9,35.3451427,129.0258382
편의점,세븐양산냉장센터,경상남도,양산시,유산동,159-25,35.3570874,129.0337535
편의점,세븐양산물류센터,경상남도,양산시,유산동,159-25,35.3570874,129.0337535
편의점,이마트24양산공단점,경상남도,양산시,유산동,159-71,35.3577854,129.0349445
편의점,씨유양산어곡공단점,경상남도,양산시,유산동,356-1,35.3724549,129.0242654
편의점,비지에프리테일,경상남도,양산시,어곡동,700-5,35.3879965,129.0213812
편의점,지에스양산어곡점,경상남도,양산시,어곡동,597-4,35.3807902,129.0245627
편의점,세븐일레븐양산어곡공단점,경상남도,양산시,어곡동,184-2,35.3737749,129.0266882
편의점,블루25씨스페이스어실로점,경상남도,양산시,어곡동,600-3,35.3817661,129.023833
편의점,씨유양산어곡점,경상남도,양산시,어곡동,753-3,35.386716,129.0189634
편의점,세븐일레븐양산어곡점,경상남도,양산시,어곡동,596-1,35.3805468,129.0246992
편의점,화룡편의점,경상남도,양산시,어곡동,1240,35.3911128,129.0153787
편의점,미니스톱양산어곡공단점,경상남도,양산시,어곡동,230,35.3728527,129.0245648
편의점,세븐양산어곡점,경상남도,양산시,어곡동,596-1,35.3805468,129.0246992
편의점,미니스톱고연공단점,경상남도,양산시,용당동,978-1,35.4312894,129.1790539
편의점,이마트24양산용당점,경상남도,양산시,용당동,215-6,35.4272847,129.1881858
편의점,지에스25서창한내들점,경상남도,양산시,삼호동,857,35.4075927,129.1753015
편의점,CU서창대로점,경상남도,양산시,삼호동,782-9,35.4147195,129.1713246
편의점,GS25삼호,경상남도,양산시,삼호동,191-12,35.4128672,129.176469
편의점,지에스25양산대동,경상남도,양산시,삼호동,171,35.4153939,129.180155
편의점,GS25웅산,경상남도,양산시,삼호동,861,35.4056665,129.1727592
편의점,지에스25양산삼호로점,경상남도,양산시,삼호동,1007-7,35.414384,129.1695426
편의점,세븐일레븐양산삼호,경상남도,양산시,삼호동,985-17,35.4113764,129.1714795
편의점,씨제이올리브영,경상남도,양산시,삼호동,1006-3,35.4145092,129.1683704
편의점,CU서창,경상남도,양산시,삼호동,189-8,35.4113532,129.1754485
편의점,이마트24양산,경상남도,양산시,삼호동,986-6,35.4110559,129.1701293
편의점,세븐일레븐양산삼호빙고점,경상남도,양산시,삼호동,790-8,35.4116143,129.1741129
편의점,세븐일레븐양산삼호연호점,경상남도,양산시,삼호동,567-17,35.4150125,129.1725654
편의점,이마트24양산삼호,경상남도,양산시,삼호동,995-15,35.4101178,129.1674847
편의점,지에스25양산대운로점,경상남도,양산시,삼호동,804-7,35.4106453,129.1731244
편의점,씨유삼호그린빌점,경상남도,양산시,삼호동,860,35.4063344,129.1743193
편의점,아이지에이마트양산,경상남도,양산시,삼호동,142-9,35.4140011,129.177602
편의점,이마트24양산대한점,경상남도,양산시,삼호동,117-4,35.416581,129.1752811
편의점,씨유뉴서창원룸점,경상남도,양산시,삼호동,142-10,35.4140896,129.1774984
편의점,이마트24웅상,경상남도,양산시,삼호동,861,35.4056665,129.1727592
편의점,씨유양산삼호원룸점,경상남도,양산시,삼호동,477-16,35.413652,129.1756025
편의점,이마트24삼호,경상남도,양산시,삼호동,765-1,35.4125813,129.1735993
편의점,세븐일레븐양산삼호대운점,경상남도,양산시,삼호동,811-1,35.4093525,129.1718159
편의점,GS25웅상,경상남도,양산시,삼호동,861,35.4056665,129.1727592
편의점,지에스25양산대동(상품권),경상남도,양산시,삼호동,171,35.4153939,129.180155
편의점,지에스25삼호,경상남도,양산시,삼호동,446-9,35.4198076,129.1759971
편의점,씨유양산웅상점,경상남도,양산시,삼호동,519-6,35.417141,129.1732872
편의점,미니스톱,경상남도,양산시,삼호동,762-5,35.4139274,129.1716884
편의점,씨유블루데이점,경상남도,양산시,삼호동,135-8,35.4155296,129.1774733
편의점,이마트24양산대진칸트리점,경상남도,양산시,삼호동,653-4,35.4151291,129.1700782
편의점,GS25양산대동,경상남도,양산시,삼호동,171,35.4153939,129.180155
편의점,지에스25서창,경상남도,양산시,삼호동,988-14,35.41136,129.1678549
편의점,CU서창,경상남도,양산시,명동,1077-1,35.4041661,129.1697434
편의점,지에스양산,경상남도,양산시,명동,706-4,35.408297,129.1657522
편의점,GS25웅상중앙,경상남도,양산시,명동,774-6,35.4064282,129.1644872
편의점,웅상중앙편의점,경상남도,양산시,명동,774-6,35.4064282,129.1644872
편의점,승우유통,경상남도,양산시,명동,774-6,35.4064282,129.1644872
편의점,지에스25양산석호점상품권,경상남도,양산시,명동,994,35.3967753,129.1646335
편의점,지에스25웅상중앙,경상남도,양산시,명동,774-6,35.4064282,129.1644872
편의점,지에스25양산석호점,경상남도,양산시,명동,994,35.3967753,129.1646335
편의점,지에스25웅상중앙(상품권),경상남도,양산시,명동,774-6,35.4064282,129.1644872
편의점,세븐영산대학생회관점,경상남도,양산시,주남동,산150,35.4288119,129.1482082
편의점,세븐영산대기숙사점,경상남도,양산시,주남동,산150,35.4288119,129.1482082
편의점,지에스25소주공단점,경상남도,양산시,주남동,51-1,35.4164388,129.1665519
편의점,이마트24양산서창공단점,경상남도,양산시,주남동,425,35.4232489,129.1555715
편의점,세븐일레븐양산소주공단점,경상남도,양산시,주남동,49-1,35.417688,129.1639632
편의점,세븐일레븐영산대학생회관점,경상남도,양산시,주남동,산150,35.4288119,129.1482082
편의점,세븐일레븐영산대기숙사점,경상남도,양산시,주남동,산150,35.4288119,129.1482082
편의점,CU소주천성점,경상남도,양산시,소주동,1239-27,35.4101299,129.1607146
편의점,지에스25양산장백점,경상남도,양산시,소주동,147-1,35.4103962,129.1597779
편의점,지에스25양산세신점,경상남도,양산시,소주동,306,35.4102042,129.1570954
편의점,이마트24양산소주점,경상남도,양산시,소주동,409-24,35.4068253,129.1579466
편의점,세븐일레븐양산리버블루점,경상남도,양산시,소주동,335-1,35.4078598,129.1576674
편의점,세븐일레븐양산로즈힐점,경상남도,양산시,주진동,182-1,35.3900387,129.1509759
편의점,세븐일레븐양산평산,경상남도,양산시,평산동,73-2,35.3842517,129.1523282
편의점,지에스뉴양산혜인점,경상남도,양산시,평산동,31-5,35.3848464,129.1550568
편의점,세븐일레븐편의점평산엠티점,경상남도,양산시,평산동,100-3,35.3806222,129.1535937
편의점,씨유평산크로바점,경상남도,양산시,평산동,84-7,35.3830793,129.1508203
편의점,씨유평산스카이,경상남도,양산시,평산동,564-95,35.3854791,129.1466762
편의점,지에스25평산공원점(상품권),경상남도,양산시,평산동,106-1,35.3801648,129.1508686
편의점,이마트24양산,경상남도,양산시,평산동,155-8,35.3792681,129.1536066
편의점,지에스25평산공원점,경상남도,양산시,평산동,106-1,35.3801648,129.1508686
편의점,씨유평산원룸점,경상남도,양산시,평산동,73-4,35.3843652,129.1527557
편의점,세븐일레븐양산아리골점,경상남도,양산시,평산동,85,35.3839563,129.1503693
편의점,GS25평산공원점,경상남도,양산시,평산동,106-1,35.3801648,129.1508686
편의점,지에스25덕계봉우점,경상남도,양산시,평산동,568-26,35.3866775,129.1437864
편의점,지에스25평산,경상남도,양산시,평산동,109-2,35.3814552,129.1503737
편의점,다판다아이스평산점,경상남도,양산시,평산동,568-26,35.3866775,129.1437864
편의점,씨유양산경보,경상남도,양산시,평산동,1108-29,35.3717052,129.1445984
편의점,씨유평산선우점,경상남도,양산시,평산동,189-4,35.3778844,129.149989
편의점,이마트24평산조아점,경상남도,양산시,평산동,108-10,35.3802702,129.1515737
편의점,이마트24평산은하수점,경상남도,양산시,평산동,328,35.3768906,129.1478892
편의점,지에스25,경상남도,양산시,평산동,102-7,35.3812841,129.1532937
편의점,개그스토리,경상남도,양산시,평산동,190-3,35.378253,129.1494572
편의점,세븐일레븐양산평산,경상남도,양산시,평산동,73-2,35.3842517,129.1523282
편의점,세븐일레븐양산평산로점,경상남도,양산시,평산동,494,35.3817733,129.1458492
편의점,세븐양산평산중앙점,경상남도,양산시,평산동,73-2,35.3842517,129.1523282
편의점,지에스25우성,경상남도,양산시,덕계동,1187,35.3716824,129.1475803
편의점,이마트24양산,경상남도,양산시,덕계동,170,35.3710066,129.1620703
편의점,씨유양산덕계럭키점,경상남도,양산시,덕계동,330-2,35.3764425,129.1559965
편의점,씨유양산덕계서원점,경상남도,양산시,덕계동,754-16,35.3704204,129.1470047
편의점,지에스25웅상,경상남도,양산시,덕계동,718-34,35.376954,129.1541951
편의점,세븐일레븐양산덕계벽산점,경상남도,양산시,덕계동,963,35.3762486,129.1526317
편의점,씨제이올리브영양산덕계점,경상남도,양산시,덕계동,1012,35.3743416,129.1507691
편의점,지에스25매곡공단점,경상남도,양산시,덕계동,77-11,35.3682832,129.1640122
편의점,세븐일레븐양산웅상대로점,경상남도,양산시,덕계동,802-5,35.3649197,129.1456905
편의점,씨스페이스양산덕계점,경상남도,양산시,덕계동,1224,35.3695258,129.1437747
편의점,GS25덕계동일점,경상남도,양산시,덕계동,752-85,35.3721831,129.1490685
편의점,세븐일레븐양산덕계대승점,경상남도,양산시,덕계동,234-19,35.3840966,129.1569938
편의점,지에스25양산덕계점,경상남도,양산시,덕계동,925,35.3752218,129.1519109
편의점,씨유덕계동일점,경상남도,양산시,덕계동,1126,35.3728587,129.1486475
편의점,세븐일레븐양산덕계,경상남도,양산시,덕계동,732,35.3738472,129.1513125
편의점,지에스리테일웅상점,경상남도,양산시,덕계동,743-8,35.3730685,129.1502249
편의점,세븐양산덕계센터점,경상남도,양산시,덕계동,732,35.3738472,129.1513125
편의점,씨유양산매곡공단점,경상남도,양산시,덕계동,126-1,35.3684785,129.1646484
편의점,이마트24양산매곡공단점,경상남도,양산시,매곡동,1116-3,35.3615564,129.1725651
편의점,세븐일레븐물금바젤나인점,경상남도,양산시,물금읍,가촌리 1298-3,35.3102525,129.0073853
편의점,지에스25물금,경상남도,양산시,물금읍,범어리 2676-13,35.331399,129.0133089
편의점,씨유범어원룸,경상남도,양산시,물금읍,범어리 2725-14,35.3238255,129.0147101
편의점,씨유양산퍼스트빌점,경상남도,양산시,물금읍,범어리 2676-6,35.3325952,129.0149315
편의점,GS25신양산,경상남도,양산시,물금읍,범어리 2775-10,35.3162303,129.0109179
편의점,미니스톱양산,경상남도,양산시,물금읍,가촌리 1296-1,35.3106203,129.0053037
편의점,이마트24양산미건점,경상남도,양산시,물금읍,가촌리 1288-3,35.312835,129.0103466
편의점,이마트24R양산범구점,경상남도,양산시,물금읍,범어리 2716-12,35.3252574,129.0160846
편의점,세븐양산물금양우점,경상남도,양산시,물금읍,가촌리 1270-12,35.3174561,129.0011456
편의점,이마트24R물금스위트점,경상남도,양산시,물금읍,물금리 879-2,35.3070694,128.9887688
편의점,GS25물금,경상남도,양산시,물금읍,범어리 847-5,35.331536,129.001595
편의점,세븐일레븐범어,경상남도,양산시,물금읍,범어리 2711-35,35.3276302,129.0140526
편의점,씨유뉴물금우리점,경상남도,양산시,물금읍,물금리 873-1,35.3079364,128.9879549
편의점,이마트24양산,경상남도,양산시,물금읍,범어리 2676-15,35.3327725,129.0117417
편의점,씨유양산범어현대점,경상남도,양산시,물금읍,범어리 682-1,35.3339388,129.0062735
편의점,세븐물금바젤나인점,경상남도,양산시,물금읍,가촌리 1298-3,35.3102525,129.0073853
편의점,지에스25양산청운점,경상남도,양산시,물금읍,범어리 2715-18,35.3266397,129.0162656
편의점,지에스25양산빅토리점,경상남도,양산시,물금읍,범어리 2712-12,35.3288143,129.016567
편의점,리얼야구존편의점,경상남도,양산시,물금읍,가촌리 1293-1,35.3111553,129.0084259
편의점,지에스25양산반도1차점,경상남도,양산시,물금읍,범어리 2676-1,35.3340535,129.0131693
편의점,GS25부산의대학사점,경상남도,양산시,물금읍,범어리 2762-1,35.3251523,129.0068556
편의점,지에스25물금,경상남도,양산시,물금읍,범어리 2673-8,35.33432,129.0169855
편의점,씨유물금청송점,경상남도,양산시,물금읍,범어리 681-9,35.3334274,129.0032922
편의점,지에스25황산공원점(상품권),경상남도,양산시,물금읍,물금리 881-11,35.3067116,128.9872002
편의점,지에스25양산라피에,경상남도,양산시,물금읍,가촌리 1292,35.3098713,129.0093999
편의점,씨유물금,경상남도,양산시,물금읍,범어리 649-6,35.331538,129.0011597
편의점,지에스25신양산,경상남도,양산시,물금읍,범어리 2775-10,35.3162303,129.0109179
편의점,씨유물금반도점,경상남도,양산시,물금읍,범어리 2768-2,35.3171385,129.0056472
편의점,천년나무로또,경상남도,양산시,물금읍,증산리 848-5,35.2930752,129.0102541
편의점,지에스25양산,경상남도,양산시,물금읍,범어리 2711-20,35.3290594,129.0134656
편의점,세븐양산로얄팰리스1호점,경상남도,양산시,물금읍,범어리 2715-29,35.3251362,129.0186565
편의점,씨유양산행복주택점,경상남도,양산시,물금읍,물금리 895-3,35.3074837,128.9927893
편의점,세븐일레븐물금바젤나인점,경상남도,양산시,물금읍,가촌리 1298-3,35.3102525,129.0073853
편의점,이마트24양산증산지오점,경상남도,양산시,물금읍,가촌리 1296-3,35.3101079,129.0059156
편의점,세븐양산물금애비뉴점,경상남도,양산시,물금읍,가촌리 1280-2,35.3163632,129.0036741
편의점,씨유물금나래점,경상남도,양산시,물금읍,가촌리 1297,35.3108363,129.0064767
편의점,세븐양산가촌LH점,경상남도,양산시,물금읍,가촌리 707-6,35.3241235,128.9950606
편의점,유니벅스나래점픽미픽미,경상남도,양산시,물금읍,가촌리 1280-4,35.3152821,129.0043973
편의점,씨유증산네오,경상남도,양산시,물금읍,증산리 1776-4,35.3083017,129.0090822
편의점,씨제이올리브영양산,경상남도,양산시,물금읍,범어리 2711-9,35.3279049,129.0153164
편의점,지에스25양산양우점,경상남도,양산시,물금읍,가촌리 1269-4,35.3186913,128.9997342
편의점,세븐일레븐물금,경상남도,양산시,물금읍,범어리 2678-2,35.3312276,129.0110962
편의점,편의점사랑남양산역점,경상남도,양산시,물금읍,범어리 2826,35.3249155,129.0193118
편의점,세븐일레븐양산복합물류,경상남도,양산시,물금읍,증산리 848-5,35.2930752,129.0102541
편의점,지에스25범서미라클,경상남도,양산시,물금읍,범어리 2715-8,35.3258207,129.0187453
편의점,지에스25양산범어원룸점,경상남도,양산시,물금읍,범어리 2697-6,35.3292716,129.0088752
편의점,세븐일레븐양산본바른,경상남도,양산시,물금읍,범어리 2711-30,35.3271196,129.0151595
편의점,지에스25물금미래점,경상남도,양산시,물금읍,범어리 773-1,35.3292997,129.0042794
편의점,지에스25물금(상품권),경상남도,양산시,물금읍,범어리 2673-8,35.33432,129.0169855
편의점,지에스25물금(상품권),경상남도,양산시,물금읍,범어리 2676-13,35.331399,129.0133089
편의점,씨유양산범어,경상남도,양산시,물금읍,범어리 2695-16,35.3299711,129.0097538
편의점,세븐일레븐양산유니,경상남도,양산시,물금읍,범어리 2715-3,35.326588,129.0168362
편의점,이마트24양산목화점,경상남도,양산시,물금읍,범어리 648-4,35.3319539,129.0005619
편의점,하프타임양산,경상남도,양산시,물금읍,가촌리 1286-1,35.3138376,129.0106762
편의점,씨유물금양우점,경상남도,양산시,물금읍,가촌리 1267-16,35.317681,128.9977573
편의점,이마트24양산라피에,경상남도,양산시,물금읍,가촌리 1292,35.3098713,129.0093999
편의점,블루25물금킹콩점,경상남도,양산시,물금읍,범어리 413-9,35.3322336,129.0086046
편의점,굿마트,경상남도,양산시,물금읍,가촌리 990,35.3263444,128.9950982
편의점,GS25신양산상품권,경상남도,양산시,물금읍,범어리 2775-10,35.3162303,129.0109179
편의점,씨제이올리브영양산물금점,경상남도,양산시,물금읍,가촌리 1280-1,35.3166577,129.0033363
편의점,씨유물금중부,경상남도,양산시,물금읍,물금리 882-1,35.3077889,128.9898792
편의점,세븐일레븐가촌,경상남도,양산시,물금읍,가촌리 1265-18,35.3186118,128.9971182
편의점,지에스25범어,경상남도,양산시,물금읍,범어리 2689-7,35.3289715,129.0118485
편의점,씨유물금,경상남도,양산시,물금읍,범어리 409,35.3322067,129.0073402
편의점,씨유가촌대로점,경상남도,양산시,물금읍,가촌리 549-15,35.3205688,128.9932521
편의점,굿샵,경상남도,양산시,물금읍,범어리 2675-3,35.3330763,129.0165633
편의점,지에스25,경상남도,양산시,물금읍,물금리 381-1,35.3086746,128.9857346
편의점,천일위드미,경상남도,양산시,물금읍,가촌리 1269-13,35.3180165,129.0018986
편의점,세윤지에스,경상남도,양산시,물금읍,범어리 716-25,35.3325946,129.005228
편의점,씨유양산물금하늘채점,경상남도,양산시,물금읍,가촌리 558-6,35.3195994,128.9901721
편의점,씨유가촌새길점,경상남도,양산시,물금읍,가촌리 1319-1,35.3154905,128.9908841
편의점,세븐양산물금청운점,경상남도,양산시,물금읍,물금리 894-5,35.3078998,128.9923939
편의점,이마트24R물금가촌점,경상남도,양산시,물금읍,가촌리 1263-11,35.3185778,128.9985351
편의점,이마트24양산,경상남도,양산시,물금읍,범어리 549-1,35.3263996,128.9988018
편의점,세븐일레븐양산유니,경상남도,양산시,물금읍,범어리 2715-3,35.326588,129.0168362
편의점,씨유양산,경상남도,양산시,물금읍,범어리 2711-1,35.3293198,129.0136756
편의점,오늘은호이테,경상남도,양산시,물금읍,범어리 2796-1,35.3391514,129.0180904
편의점,지에스25물금오션점,경상남도,양산시,물금읍,가촌리 1269-19,35.3168896,129.0020993
편의점,경희빌,경상남도,양산시,물금읍,물금리 873-1,35.3079364,128.9879549
편의점,이마트24물금원룸점,경상남도,양산시,물금읍,범어리 2775-1,35.317609,129.0090457
편의점,세븐일레븐양산로얄팰리스,경상남도,양산시,물금읍,범어리 2715-29,35.3251362,129.0186565
편의점,씨유신양산,경상남도,양산시,물금읍,범어리 2775-10,35.3162303,129.0109179
편의점,이마트24남양산역점,경상남도,양산시,물금읍,범어리 2715-8,35.3258207,129.0187453
편의점,지에스25범어경민점,경상남도,양산시,물금읍,범어리 683-6,35.3335488,129.0093955
편의점,지에스25물금,경상남도,양산시,물금읍,물금리 881-9,35.3069126,128.9869571
편의점,씨유양산물금동중점,경상남도,양산시,물금읍,범어리 721-1,35.3313103,129.0044916
편의점,씨유가촌양우점,경상남도,양산시,물금읍,가촌리 1269-20,35.3167359,129.0018971
편의점,씨유범어,경상남도,양산시,물금읍,범어리 2702-7,35.3285799,129.0100363
편의점,씨유양산범,경상남도,양산시,물금읍,범어리 2716-6,35.3258293,129.0154022
편의점,씨유물금삼정,경상남도,양산시,물금읍,가촌리 1290-3,35.3112072,129.010359
편의점,세븐일레븐양산물금애비뉴점,경상남도,양산시,물금읍,가촌리 1280-2,35.3163632,129.0036741
편의점,GS25황산공원점,경상남도,양산시,물금읍,물금리 881-11,35.3067116,128.9872002
편의점,세븐일레븐양산가촌LH점,경상남도,양산시,물금읍,가촌리 707-6,35.3241235,128.9950606
편의점,신구멍가게24양산,경상남도,양산시,물금읍,가촌리 1301-4,35.3112673,129.0060494
편의점,이마트24물금,경상남도,양산시,물금읍,범어리 2682-9,35.3300958,129.0116294
편의점,이마트24양산범어원룸점,경상남도,양산시,물금읍,범어리 2696-6,35.3298104,129.0082405
편의점,씨유가촌원룸점,경상남도,양산시,물금읍,가촌리 1254-9,35.3197788,128.9982281
편의점,세븐일레븐양산물금청운점,경상남도,양산시,물금읍,물금리 894-5,35.3078998,128.9923939
편의점,세븐일레븐양산범어,경상남도,양산시,물금읍,범어리 2684-7,35.329644,129.0110376
편의점,블루25양산물금,경상남도,양산시,물금읍,범어리 2782-4,35.3152001,129.0121028
편의점,법기리즈편의점,경상남도,양산시,동면,법기리 359-5,35.348104,129.1082769
편의점,지에스양산석산,경상남도,양산시,동면,석산리 1457-7,35.3160189,129.0272656
편의점,지에스25사송더샵,경상남도,양산시,동면,내송리 891-1,35.3195582,129.0666904
편의점,씨유양산,경상남도,양산시,동면,석산리 1472-19,35.3138647,129.0248529
편의점,GS25양산석산,경상남도,양산시,동면,석산리 1457-7,35.3160189,129.0272656
편의점,창기휴게소,경상남도,양산시,동면,법기리 886-9,35.3356927,129.1227298
편의점,지에스양산창기점(상품권),경상남도,양산시,동면,법기리 886-9,35.3356927,129.1227298
편의점,이마트24양산,경상남도,양산시,동면,석산리 1457-1,35.3161647,129.0256469
편의점,지에스25양산극동점,경상남도,양산시,동면,석산리 300,35.3280165,129.0358591
편의점,씨유금산공원,경상남도,양산시,동면,금산리 1454-1,35.3116358,129.0267289
편의점,지에스양산석산(상품권),경상남도,양산시,동면,석산리 1457-7,35.3160189,129.0272656
편의점,세븐일레븐양산동면원룸점,경상남도,양산시,동면,금산리 1421-18,35.3121525,129.0233089
편의점,이마트24양산,경상남도,양산시,동면,금산리 1436-11,35.3110382,129.0216719
편의점,씨유뉴석산해강점,경상남도,양산시,동면,석산리 702-1,35.3150533,129.0284328
편의점,세븐일레븐양산동면,경상남도,양산시,동면,석산리 1472-6,35.3139836,129.0230558
편의점,세븐일레븐양산대로,경상남도,양산시,동면,석산리 304,35.3285697,129.0354374
편의점,지에스양산창기점,경상남도,양산시,동면,법기리 886-9,35.3356927,129.1227298
편의점,씨유양산사송점,경상남도,양산시,동면,사송리 1166,35.3132977,129.0760448
편의점,씨유금산다온점,경상남도,양산시,동면,금산리 1434-9,35.3120274,129.0217912
편의점,씨유양산,경상남도,양산시,동면,석산리 1453-6,35.3176332,129.0271264
편의점,세븐양산대로스타점,경상남도,양산시,동면,석산리 304,35.3285697,129.0354374
편의점,씨유금산,경상남도,양산시,동면,금산리 855,35.3020725,129.0256905
편의점,씨유석산한신점,경상남도,양산시,동면,석산리 518,35.311935,129.0304397
편의점,지에스25사송트루엘점,경상남도,양산시,동면,내송리 908,35.3212081,129.0720882
편의점,지에스25양산,경상남도,양산시,동면,석산리 1478-2,35.3147428,129.0254404
편의점,씨제이올리브영양산,경상남도,양산시,동면,석산리 1452-7,35.3165911,129.0256547
편의점,이마트24양산,경상남도,양산시,동면,석산리 1464-9,35.3142863,129.0220609
편의점,이마트24SMART사송,경상남도,양산시,동면,사송리 1124-2,35.3157877,129.067868
편의점,씨유석산원룸점,경상남도,양산시,동면,석산리 1471-15,35.314993,129.0234243
편의점,하늘창편의점,경상남도,양산시,원동면,선리 136-4,35.5180671,129.0054575
편의점,노르웨이편의점,경상남도,양산시,원동면,대리 907-3,35.4557459,128.9663524
편의점,블루25진수캠프닉점,경상남도,양산시,원동면,화제리 376,35.3584841,128.9883292
편의점,세븐일레븐양산소토점,경상남도,양산시,상북면,소토리 456-3,35.3795113,129.0487133
편의점,GS25양산IC점,경상남도,양산시,상북면,소토리 566-3,35.3798986,129.0483839
편의점,GS25양산소토점,경상남도,양산시,상북면,소토리 913-5,35.3861995,129.0515604
편의점,지에스25양산석계점,경상남도,양산시,상북면,석계리 240-1,35.4146021,129.0589618
편의점,씨유양산석계점,경상남도,양산시,상북면,석계리 269-12,35.4142392,129.060375
편의점,이마트24양산석계산업단지점,경상남도,양산시,상북면,석계리 1120-1,35.4131873,129.070196
편의점,씨유석계대로점,경상남도,양산시,상북면,석계리 539-2,35.4106722,129.0565452
편의점,세븐일레븐양산산막공단점,경상남도,양산시,상북면,소토리 412-8,35.3767053,129.0560141
편의점,씨유양산상북점,경상남도,양산시,상북면,석계리 272-18,35.4187839,129.0639201
편의점,세븐일레븐양산통도사점,경상남도,양산시,하북면,순지리 813-5,35.4938336,129.0838627
편의점,세븐일레븐양산대로점,경상남도,양산시,하북면,용연리 888-1,35.436485,129.0693943
편의점,GS25양산,경상남도,양산시,하북면,순지리 691-32,35.4910492,129.0865813
편의점,세븐일레븐양산하북용연점,경상남도,양산시,하북면,용연리 479-2,35.4464677,129.0747525
편의점,이마트24양산하북점,경상남도,양산시,하북면,순지리 822-11,35.4940583,129.087044
편의점,씨유통도대로점,경상남도,양산시,하북면,순지리 825-5,35.4927068,129.0889674
편의점,GS25통도사점,경상남도,양산시,하북면,순지리 524-26,35.4936269,129.0822283
편의점,GS25양산하북점,경상남도,양산시,하북면,순지리 819-7,35.4934393,129.0856207
편의점,씨유의령,경상남도,의령군,의령읍,중동리 412-5,35.3183059,128.2618773
편의점,지에스25의령,경상남도,의령군,의령읍,중동리 393-7,35.3196946,128.2628113
편의점,씨유의령동동점,경상남도,의령군,의령읍,동동리 981,35.3190127,128.2681071
편의점,G25편의점,경상남도,의령군,의령읍,무전리 220-1,35.3262238,128.2833719
편의점,세븐일레븐의령점,경상남도,의령군,의령읍,서동리 478-14,35.3195172,128.2587021
편의점,씨유의령,경상남도,의령군,의령읍,동동리 1025-6,35.3204342,128.2641876
편의점,씨유의령서동점,경상남도,의령군,의령읍,서동리 289-3,35.3198176,128.2541672
편의점,세븐일레븐의령중동,경상남도,의령군,의령읍,중동리 435-19,35.3174706,128.2622917
편의점,씨유의령서동점,경상남도,의령군,의령읍,서동리 289-3,35.3198176,128.2541672
편의점,씨유의령서동원룸점,경상남도,의령군,의령읍,서동리 499-24,35.3176855,128.2589712
편의점,GS25의령점,경상남도,의령군,의령읍,서동리 490-36,35.3194201,128.2599718
편의점,지에스25의령신반점,경상남도,의령군,부림면,신반리 161-38,35.4644721,128.3219666
편의점,씨유의령신반점,경상남도,의령군,부림면,신반리 545-12,35.4665522,128.324476
편의점,지에스25함안말산점,경상남도,함안군,가야읍,말산리 183-2,35.274318,128.4093212
편의점,복마니마트,경상남도,함안군,가야읍,말산리 527-4,35.2775507,128.4077616
편의점,씨유가야도항점,경상남도,함안군,가야읍,도항리 322-3,35.2752072,128.3996538
편의점,GS25함마대로점,경상남도,함안군,가야읍,도항리 321-9,35.27582,128.3999304
편의점,씨유함안IC점,경상남도,함안군,가야읍,도항리 254-105,35.2836479,128.4029191
편의점,세븐일레븐함안아라타운점,경상남도,함안군,가야읍,가야리 893,35.2709867,128.3876713
편의점,씨유가야아라점,경상남도,함안군,가야읍,말산리 460-20,35.2772454,128.4053201
편의점,씨유함안아라점,경상남도,함안군,가야읍,말산리 144-1,35.2746754,128.4069237
편의점,응응스크르함안,경상남도,함안군,가야읍,말산리 234-4,35.2726684,128.4087986
편의점,GS25함안말산점,경상남도,함안군,가야읍,말산리 183-2,35.274318,128.4093212
편의점,세븐함안가야점,경상남도,함안군,가야읍,검암리 970-2,35.2791048,128.4174587
편의점,지에스25함안동신점,경상남도,함안군,가야읍,도항리 224-4,35.2836591,128.4064369
편의점,씨유함안군청,경상남도,함안군,가야읍,말산리 203-4,35.2726786,128.4083192
편의점,씨유함안노블리안점,경상남도,함안군,가야읍,말산리 23,35.2797919,128.4145859
편의점,세븐일레븐함안,경상남도,함안군,가야읍,검암리 970-2,35.2791048,128.4174587
편의점,이마트24함안가야,경상남도,함안군,가야읍,도항리 101-2,35.2769318,128.4031092
편의점,씨제이올리브영함안,경상남도,함안군,가야읍,말산리 480-2,35.2775041,128.4049475
편의점,미니스톱함안말산점,경상남도,함안군,가야읍,말산리 183-2,35.274318,128.4093212
편의점,하프타임함안,경상남도,함안군,가야읍,말산리 131,35.2761788,128.407275
편의점,지에스25함안성내남점,경상남도,함안군,가야읍,도항리 327-2,35.2742789,128.3996302
편의점,이마트24함안칠원점,경상남도,함안군,칠원읍,무기리 946-2,35.298314,128.5333755
편의점,세븐일레븐함안칠원,경상남도,함안군,칠원읍,용산리 321-22,35.309366,128.5159146
편의점,빅마트편의점,경상남도,함안군,칠원읍,오곡리 125-10,35.2752597,128.5210897
편의점,세븐일레븐함안칠원용정점,경상남도,함안군,칠원읍,용정리 1113-1,35.2991253,128.5016867
편의점,세븐일레븐함안칠원오곡점,경상남도,함안군,칠원읍,예곡리 704,35.277594,128.5231995
편의점,씨유함안칠원,경상남도,함안군,칠원읍,유원리 471-1,35.2988265,128.4983965
편의점,지에스25용산,경상남도,함안군,칠원읍,구성리 665-3,35.3090148,128.5194101
편의점,GS25함안칠원점,경상남도,함안군,칠원읍,예곡리 400-12,35.2750992,128.531596
편의점,지에스25칠원,경상남도,함안군,칠원읍,용산리 37-7,35.30757,128.5176782
편의점,세븐일레븐함안칠원세중점,경상남도,함안군,칠원읍,구성리 209,35.3007078,128.5289951
편의점,GS25칠원벽산점,경상남도,함안군,칠원읍,오곡리 87,35.2757363,128.519455
편의점,씨유함안칠원점,경상남도,함안군,칠원읍,예곡리 426-3,35.2759461,128.5312423
편의점,블루25영동,경상남도,함안군,칠원읍,용산리 325-26,35.3089592,128.5156426
편의점,이마트24함안,경상남도,함안군,칠원읍,구성리 723-2,35.3069268,128.5213779
편의점,세븐일레븐함안칠원주공점,경상남도,함안군,칠원읍,구성리 804-13,35.3044518,128.5217911
편의점,이마트24함안칠원,경상남도,함안군,칠원읍,용산리 99,35.3061411,128.5180477
편의점,세븐일레븐함안칠원공단점,경상남도,함안군,칠원읍,무기리 939-6,35.2965395,128.5333151
편의점,세븐일레븐함안일등점,경상남도,함안군,함안면,북촌리 913-3,35.2425687,128.4243782
편의점,씨유뉴함안군북점,경상남도,함안군,군북면,중암리 97-8,35.2620941,128.345654
편의점,비지에프휴먼넷CUE함안휴게소,경상남도,함안군,군북면,유현리 804-1,35.2938712,128.3476951
편의점,지에스25함안유현점,경상남도,함안군,군북면,유현리 1171,35.3031602,128.3454616
편의점,CU함안산업단지점,경상남도,함안군,군북면,월촌리 2002,35.2905419,128.3137113
편의점,지에스25뉴함안군북점,경상남도,함안군,군북면,소포리 512-8,35.2633597,128.3495012
편의점,세븐일레븐함안월촌휴게소점,경상남도,함안군,군북면,월촌리 246-1,35.2854268,128.312834
편의점,비지에프휴먼넷CUE함안휴게소,경상남도,함안군,군북면,장지리 996-3,35.2827205,128.3342819
편의점,씨유함안장지IC점,경상남도,함안군,군북면,장지리 685-11,35.2950986,128.3380708
편의점,에스더블유산업,경상남도,함안군,군북면,사도리 1326,35.2874269,128.32019
편의점,세븐일레븐함안법수점,경상남도,함안군,법수면,우거리 708-2,35.3127414,128.3578204
편의점,씨유함안강주점,경상남도,함안군,법수면,강주리 1410,35.3108635,128.331424
편의점,씨유함안법수점,경상남도,함안군,법수면,윤외리 169-24,35.318041,128.3841724
편의점,씨유함안공단점,경상남도,함안군,법수면,우거리 765-5,35.3139124,128.35209
편의점,세븐일레븐함안법수공단점,경상남도,함안군,법수면,윤외리 1758-2,35.3106582,128.367139
편의점,세븐일레븐함안대산점,경상남도,함안군,대산면,구혜리 255-7,35.3518846,128.4289542
편의점,씨유칠서공단점,경상남도,함안군,칠서면,대치리 319-7,35.3616542,128.4848678
편의점,지에스25함안칠서점,경상남도,함안군,칠서면,무릉리 1060-1,35.3148755,128.5069892
편의점,세븐일레븐칠서공단점,경상남도,함안군,칠서면,계내리 1048-2,35.3783495,128.4784822
편의점,씨유함안칠서IC점,경상남도,함안군,칠서면,무릉리 842,35.3214887,128.5102709
편의점,세븐일레븐함안칠서스마일점,경상남도,함안군,칠서면,무릉리 925-3,35.3179577,128.5088372
편의점,씨유함안칠서점,경상남도,함안군,칠서면,계내리 251-2,35.3827876,128.4888405
편의점,세븐일레븐함안칠서,경상남도,함안군,칠서면,대치리 327-4,35.3587836,128.4855077
편의점,세븐일레븐함안칠북점,경상남도,함안군,칠북면,검단리 1393-48,35.3473929,128.5217133
편의점,세븐일레븐함안칠북휴게소점,경상남도,함안군,칠북면,화천리 68-2,35.3498234,128.5172605
편의점,블루Blue25창녕함안보,경상남도,함안군,칠북면,봉촌리 산158-1,35.3771399,128.5512205
편의점,씨유SK함마대로점,경상남도,함안군,산인면,신산리 167-1,35.2655364,128.4814203
편의점,이마트24함안산인점,경상남도,함안군,산인면,신산리 121,35.2644062,128.4869705
편의점,이마트24함안부봉점,경상남도,함안군,산인면,부봉리 545,35.3039652,128.4391622
편의점,이마트24SMART함안대박주유소점,경상남도,함안군,산인면,송정리 792-5,35.2767304,128.4299116
편의점,하프타임함안산인점,경상남도,함안군,산인면,내인리 289-1,35.2932225,128.4318823
편의점,지에스25산인공단점,경상남도,함안군,산인면,신산리 725,35.2673235,128.4818995
편의점,지에스25창녕시니어점,경상남도,창녕군,창녕읍,말흘리 776-1,35.5312364,128.5025977
편의점,GS25창녕술정점,경상남도,창녕군,창녕읍,술정리 13-3,35.5410595,128.4941029
편의점,씨유창녕교하파크점,경상남도,창녕군,창녕읍,교하리 250-1,35.5347535,128.498616
편의점,씨유창녕,경상남도,창녕군,창녕읍,술정리 247-1,35.5386105,128.4936708
편의점,CU창녕뉴스마트점,경상남도,창녕군,창녕읍,말흘리 873-2,35.5349375,128.5019823
편의점,지에스25창녕넥센점,경상남도,창녕군,창녕읍,조산리 104,35.538151,128.4849814
편의점,세븐일레븐창녕,경상남도,창녕군,창녕읍,교리 1040-1,35.5424846,128.4907963
편의점,GS25창녕군청점상품권,경상남도,창녕군,창녕읍,교리 1035-2,35.5426584,128.4925121
편의점,인지,경상남도,창녕군,창녕읍,퇴천리 135-3,35.5183185,128.504409
편의점,GS25창녕군청점,경상남도,창녕군,창녕읍,교리 1035-2,35.5426584,128.4925121
편의점,지에스25창녕석빙고점,경상남도,창녕군,창녕읍,교리 245,35.5430544,128.498056
편의점,세븐일레븐창녕말흘,경상남도,창녕군,창녕읍,말흘리 781-3,35.5305206,128.5023448
편의점,이마트24,경상남도,창녕군,창녕읍,교리 968-48,35.5450064,128.487455
편의점,세븐일레븐창녕,경상남도,창녕군,창녕읍,교리 1073-1,35.5422142,128.4907524
편의점,세븐일레븐창녕서호점,경상남도,창녕군,창녕읍,술정리 177-5,35.5363061,128.496933
편의점,지에스25창녕화왕점,경상남도,창녕군,창녕읍,말흘리 198-20,35.5377302,128.5011222
편의점,세븐일레븐창녕신라점,경상남도,창녕군,창녕읍,말흘리 177-2,35.5395699,128.5024186
편의점,씨유창녕말흘점,경상남도,창녕군,창녕읍,말흘리 222-6,35.5375227,128.5035516
편의점,씨유창녕명덕점,경상남도,창녕군,창녕읍,교리 272-10,35.5429947,128.4958086
편의점,지에스25창녕군청점,경상남도,창녕군,창녕읍,교리 1035-2,35.5426584,128.4925121
편의점,씨유창녕,경상남도,창녕군,창녕읍,교하리 99-4,35.5412674,128.4993796
편의점,이마트24창녕,경상남도,창녕군,남지읍,남지리 991-5,35.3927462,128.4795257
편의점,지엔에스편의점,경상남도,창녕군,남지읍,남지리 663-26,35.3887135,128.4778153
편의점,세븐일레븐창녕남지,경상남도,창녕군,남지읍,남지리 663-26,35.3887135,128.4778153
편의점,이마트24창녕남지,경상남도,창녕군,남지읍,남지리 167-1,35.3925951,128.4832367
편의점,세븐일레븐창녕남지유채점,경상남도,창녕군,남지읍,남지리 979-1,35.3915439,128.4756615
편의점,지에스25남지유채점,경상남도,창녕군,남지읍,마산리 992-8,35.3900553,128.4702152
편의점,씨유창녕남지원룸점,경상남도,창녕군,남지읍,남지리 985-13,35.3927716,128.4772333
편의점,씨유남지소윤점,경상남도,창녕군,남지읍,마산리 943,35.3883039,128.4697433
편의점,씨유남지,경상남도,창녕군,남지읍,남지리 833-2,35.3872287,128.4730928
편의점,씨유창녕남지유채점,경상남도,창녕군,남지읍,남지리 968-16,35.3909621,128.4737555
편의점,씨유창녕남지,경상남도,창녕군,남지읍,남지리 534-15,35.3899569,128.4815412
편의점,GS25남지,경상남도,창녕군,남지읍,남지리 734-8,35.3885778,128.4733906
편의점,씨유남지대로점,경상남도,창녕군,남지읍,남지리 995-13,35.393522,128.4808708
편의점,GS25창녕,경상남도,창녕군,남지읍,남지리 985-14,35.3921445,128.477466
편의점,빅마트24,경상남도,창녕군,남지읍,남지리 534-10,35.3902096,128.4814968
편의점,씨유남지,경상남도,창녕군,남지읍,남지리 300-1,35.3923656,128.4816387
편의점,세븐창녕남지유채점,경상남도,창녕군,남지읍,남지리 979-1,35.3915439,128.4756615
편의점,씨유뉴창녕대합공단점,경상남도,창녕군,대합면,합리 1381,35.6143461,128.4347341
편의점,씨유창녕대합점,경상남도,창녕군,대합면,십이리 436-1,35.6131982,128.4703308
편의점,세븐일레븐창녕이방옥야점,경상남도,창녕군,이방면,장천리 2-7,35.6013194,128.3820884
편의점,세븐창녕이방옥야점,경상남도,창녕군,이방면,장천리 2-7,35.6013194,128.3820884
편의점,이마트24창녕옥야고점,경상남도,창녕군,이방면,장천리 49,35.5997504,128.3803481
편의점,이마트24대지,경상남도,창녕군,대지면,모산리 476-2,35.5549917,128.4693338
편의점,이마트24창녕대지점,경상남도,창녕군,대지면,왕산리 24,35.5660967,128.4816446
편의점,이마트24창녕,경상남도,창녕군,계성면,봉산리 24-9,35.4588748,128.514681
편의점,이마트24창녕계성점,경상남도,창녕군,계성면,명리 923-2,35.4672554,128.5164884
편의점,세븐일레븐창녕계성,경상남도,창녕군,계성면,신당리 715-5,35.4857342,128.5105367
편의점,세븐일레븐창녕영산,경상남도,창녕군,영산면,서리 134-11,35.4555717,128.5285267
편의점,비지에프휴먼넷CUE영산휴게소,경상남도,창녕군,영산면,신제리 1479-1,35.4293613,128.4957822
편의점,지에스25영산,경상남도,창녕군,영산면,성내리 612-1,35.4593262,128.5259524
편의점,이마트24창녕,경상남도,창녕군,영산면,동리 202-3,35.4533264,128.5275075
편의점,씨유창녕영산만년교점,경상남도,창녕군,영산면,동리 128-10,35.4538221,128.5294327
편의점,지에스25뉴창녕영산점,경상남도,창녕군,영산면,서리 136-6,35.4556945,128.5278411
편의점,씨유창녕도천점,경상남도,창녕군,도천면,도천리 1033-8,35.4354127,128.5159645
편의점,세븐일레븐창녕도천점,경상남도,창녕군,도천면,도천리 1030-1,35.4356549,128.5164235
편의점,씨유창녕송진점,경상남도,창녕군,도천면,송진리 205-8,35.4055267,128.5069898
편의점,이마트24R창녕,경상남도,창녕군,부곡면,거문리 745-3,35.4414451,128.5846992
편의점,지에스25창녕부곡,경상남도,창녕군,부곡면,거문리 215-12,35.4407207,128.586626
편의점,GS25창녕부곡,경상남도,창녕군,부곡면,거문리 215-12,35.4407207,128.586626
편의점,세븐일레븐부곡,경상남도,창녕군,부곡면,거문리 224-1,35.4385463,128.5899187
편의점,세븐일레븐부곡,경상남도,창녕군,부곡면,거문리 222-5,35.4394524,128.5880446
편의점,GS25창녕부곡상품권,경상남도,창녕군,부곡면,거문리 215-12,35.4407207,128.586626
편의점,세븐고성스마일점,경상남도,고성군,고성읍,교사리 318-5,34.9767435,128.3108095
편의점,이마트24고성월평태광점,경상남도,고성군,고성읍,월평리 473-3,34.9459011,128.3448992
편의점,씨유고성중앙,경상남도,고성군,고성읍,서외리 45-7,34.9773271,128.3195505
편의점,씨유둘리점,경상남도,고성군,고성읍,성내리 158-5,34.9742418,128.3220748
편의점,지에스25고성양강점,경상남도,고성군,고성읍,송학리 260-13,34.9769356,128.3259095
편의점,씨유고성왕릉점,경상남도,고성군,고성읍,송학리 416-49,34.9811854,128.3236091
편의점,세븐일레븐고성남산,경상남도,고성군,고성읍,동외리 403-3,34.9720817,128.3271927
편의점,씨유고성,경상남도,고성군,고성읍,수남리 486,34.9636333,128.3206432
편의점,씨유고성송학점,경상남도,고성군,고성읍,송학리 244-87,34.9779579,128.3265772
편의점,씨유고성스쿠버,경상남도,고성군,고성읍,동외리 125-18,34.9770747,128.3331105
편의점,씨유고성율대점,경상남도,고성군,고성읍,율대리 656-24,34.9717714,128.3355057
편의점,씨유고성명성점,경상남도,고성군,고성읍,동외리 316-8,34.9730126,128.3248098
편의점,세븐일레븐고성동외무지개점,경상남도,고성군,고성읍,동외리 160-7,34.9754712,128.3298954
편의점,씨유고성금강점,경상남도,고성군,고성읍,서외리 219-11,34.9766959,128.3150701
편의점,씨유고성해피점,경상남도,고성군,고성읍,동외리 293-4,34.9749096,128.3248297
편의점,세븐일레븐고성스마일점,경상남도,고성군,고성읍,교사리 318-5,34.9767435,128.3108095
편의점,씨유고성흑룡점,경상남도,고성군,고성읍,수남리 534-18,34.969872,128.3212606
편의점,지에스25고성,경상남도,고성군,고성읍,서외리 113-3,34.9748631,128.3206506
편의점,씨유고성,경상남도,고성군,고성읍,수남리 486,34.9636333,128.3206432
편의점,이마트24고성남산공원점,경상남도,고성군,고성읍,신월리 836-2,34.9581753,128.3244227
편의점,GS25,경상남도,고성군,고성읍,동외리 287-8,34.9759137,128.3258575
편의점,씨유고성제일리버스점,경상남도,고성군,고성읍,율대리 147,34.9656661,128.3509859
편의점,이마트24고성,경상남도,고성군,고성읍,서외리 152,34.9754277,128.3190812
편의점,지에스25고성다이노스점,경상남도,고성군,고성읍,동외리 313-3,34.9730393,128.3259519
편의점,씨유고성,경상남도,고성군,고성읍,수남리 528-13,34.9680211,128.3205139
편의점,씨유고성동외타운점,경상남도,고성군,고성읍,동외리 159-8,34.9766029,128.3297396
편의점,씨유고성,경상남도,고성군,고성읍,송학리 271-4,34.9780332,128.324373
편의점,세븐일레븐고성동외무지개점,경상남도,고성군,고성읍,동외리 160-7,34.9754712,128.3298954
편의점,자린만편의점,경상남도,고성군,하일면,춘암리 906-6,34.9008476,128.1745078
편의점,이마트24고성하이점,경상남도,고성군,하이면,덕호리 628-2,34.9277266,128.1223779
편의점,씨유고성하이점,경상남도,고성군,하이면,덕호리 539-6,34.9286702,128.1218846
편의점,DS편의점,경상남도,고성군,하이면,덕명리 27,34.9092268,128.1551865
편의점,이마트24상족암군립공원점,경상남도,고성군,하이면,덕명리 148-1,34.9112278,128.1522663
편의점,세븐일레븐삼천포발전본부점,경상남도,고성군,하이면,덕호리 952,34.9109737,128.108977
편의점,"뷰편의점,뷰카페",경상남도,고성군,하이면,덕명리 15-14,34.9103897,128.1551897
편의점,지에스25고성하이점,경상남도,고성군,하이면,덕호리 535-3,34.9284246,128.1202387
편의점,씨유고성휴게소점,경상남도,고성군,상리면,고봉리 526-22,35.029181,128.169285
편의점,이마트24고성상리점,경상남도,고성군,상리면,척번정리 61-8,34.9953439,128.1884471
편의점,씨유고성영오점,경상남도,고성군,영오면,영산리 220-11,35.1088689,128.2385226
편의점,씨유고성배둔,경상남도,고성군,회화면,배둔리 1288-49,35.0557387,128.3686009
편의점,GS25고성배둔점,경상남도,고성군,회화면,배둔리 344-6,35.0601871,128.3727619
편의점,세븐일레븐고성배둔,경상남도,고성군,회화면,배둔리 829-2,35.0562833,128.3674077
편의점,지에스25고성배둔점(상품권),경상남도,고성군,회화면,배둔리 344-6,35.0601871,128.3727619
편의점,지에스25고성쉼터점,경상남도,고성군,회화면,삼덕리 산67-6,35.0944683,128.3821296
편의점,지에스25고성성심,경상남도,고성군,회화면,삼덕리 1335-1,35.0809994,128.3725015
편의점,지에스25고성배둔점,경상남도,고성군,회화면,배둔리 344-6,35.0601871,128.3727619
편의점,씨스페이스삼락휴게소점,경상남도,고성군,마암면,삼락리 87,35.0338861,128.360303
편의점,GS25고성휴게소점,경상남도,고성군,마암면,보전리 843-1,35.0415373,128.3561891
편의점,세븐일레븐고성,경상남도,고성군,동해면,내산리 15-1,35.0650078,128.4751812
편의점,씨유고성동해특구점,경상남도,고성군,동해면,장좌리 179-2,34.9947411,128.4576807
편의점,지에스25고성천해지점,경상남도,고성군,동해면,장기리 56-2,35.0433328,128.4331325
편의점,씨유고성,경상남도,고성군,동해면,내산리 141-2,35.0574603,128.4764565
편의점,세븐일레븐고성삼강해맞이점,경상남도,고성군,동해면,장좌리 123-2,34.9920105,128.4607482
편의점,씨유당동점,경상남도,고성군,거류면,당동리 173-5,34.9897467,128.4046851
편의점,세븐일레븐고성거류점,경상남도,고성군,거류면,당동리 176-2,34.9892349,128.4045034
편의점,씨유고성하늘점,경상남도,고성군,거류면,신용리 980-1,34.9857849,128.4039364
편의점,이마트24R,경상남도,남해군,남해읍,아산리 174-7,34.844625,127.8948702
편의점,GS25남해체육관점,경상남도,남해군,남해읍,서변리 183-6,34.8344155,127.8942485
편의점,씨유남해,경상남도,남해군,남해읍,차산리 783-1,34.8466332,127.8949615
편의점,지에스25남해보물섬점,경상남도,남해군,남해읍,북변리 96-12,34.8380987,127.8956891
편의점,씨유남해현대점,경상남도,남해군,남해읍,남변리 395-10,34.8366571,127.8945224
편의점,씨유남해심천점,경상남도,남해군,남해읍,심천리 821-1,34.8543324,127.8932342
편의점,지에스25남해유림점,경상남도,남해군,남해읍,아산리 177-3,34.8440326,127.8943887
편의점,로그인,경상남도,남해군,남해읍,북변리 231-1,34.8396737,127.8930538
편의점,씨유,경상남도,남해군,남해읍,북변리 212-3,34.8383114,127.895159
편의점,씨유남해남변문학관점,경상남도,남해군,남해읍,남변리 490,34.8331954,127.8983229
편의점,씨유남해,경상남도,남해군,남해읍,북변리 125-15,34.8380261,127.8939459
편의점,GS25남해대로점,경상남도,남해군,남해읍,남변리 272,34.8352,127.8990621
편의점,"우리주유소,세븐일레븐남해",경상남도,남해군,이동면,석평리 802-1,34.805108,127.9513072
편의점,레몬비,경상남도,남해군,이동면,석평리 822-7,34.8103757,127.9432895
편의점,지에스25남해앵강만점,경상남도,남해군,이동면,신전리 1030-1,34.769021,127.9521461
편의점,세븐일레븐남해,경상남도,남해군,이동면,석평리 802-2,34.8048429,127.9514557
편의점,세븐일레븐남해미국,경상남도,남해군,이동면,용소리 1168-12,34.7792807,127.9293527
편의점,"행복Plus25편의점,원천수산",경상남도,남해군,이동면,신전리 1502-2,34.7509637,127.9461035
편의점,세븐일레븐남해정감점,경상남도,남해군,이동면,초음리 1535-1,34.8175096,127.9250721
편의점,이마트24남해보리암,경상남도,남해군,이동면,신전리 산114-3,34.7748596,127.9850389
편의점,씨유남해,경상남도,남해군,이동면,무림리 1223-7,34.8018769,127.9530875
편의점,마마트편의점,경상남도,남해군,상주면,상주리 1357,34.7195483,127.9838413
편의점,지에스25남해상주비치점,경상남도,남해군,상주면,상주리 1294-2,34.721289,127.9858017
편의점,GS25남해은모래점,경상남도,남해군,상주면,상주리 1250-3,34.7219763,127.9876226
편의점,씨유남해삼동점,경상남도,남해군,삼동면,동천리 1132-1,34.8106211,128.035694
편의점,미니스톱남해삼동점,경상남도,남해군,삼동면,지족리 534-1,34.8295878,127.998642
편의점,이마트24남해독일,경상남도,남해군,삼동면,물건리 406,34.7943918,128.0463829
편의점,세븐남해독일마을점,경상남도,남해군,삼동면,물건리 562-1,34.7905823,128.0501339
편의점,GS25남해독일,경상남도,남해군,삼동면,물건리 254-4,34.7988268,128.0436759
편의점,씨유남해독일,경상남도,남해군,삼동면,물건리 289-16,34.7968736,128.0436806
편의점,본하우스,경상남도,남해군,삼동면,물건리 1142,34.7991294,128.0401237
편의점,이마트24R남해삼동점,경상남도,남해군,삼동면,지족리 280-1,34.831334,128.0001501
편의점,지에스25남해미조바다점,경상남도,남해군,미조면,미조리 104-7,34.7129049,128.0456154
편의점,세븐일레븐남해미조점,경상남도,남해군,미조면,미조리 168-34,34.7100681,128.048077
편의점,세븐일레븐남해설리해수욕장점,경상남도,남해군,미조면,송정리 962,34.7051317,128.0254917
편의점,지에스25남해,경상남도,남해군,미조면,송정리 615-1,34.7286491,128.0316961
편의점,씨유남해미조나폴리점,경상남도,남해군,미조면,미조리 100-9,34.711811,128.0467502
편의점,GS25남해다랭이,경상남도,남해군,남면,선구리 122-1,34.7283303,127.8734743
편의점,세븐일레븐남해아난티점,경상남도,남해군,남면,덕월리 297,34.7768008,127.8579798
편의점,"남해라운지32,세븐일레븐남해이끌림점",경상남도,남해군,남면,당항리 32,34.7695608,127.910748
편의점,세븐일레븐남해이끌림점,경상남도,남해군,남면,당항리 32,34.7695608,127.910748
편의점,씨유남해힐튼점,경상남도,남해군,남면,덕월리 293,34.7787891,127.8578679
편의점,이마트24남해다랭이,경상남도,남해군,남면,홍현리 1386-6,34.7243239,127.888665
편의점,씨유남해다랭이,경상남도,남해군,남면,선구리 488-1,34.7299706,127.867667
편의점,세븐일레븐남해사촌바다점,경상남도,남해군,남면,임포리 1173-37,34.741627,127.856588
편의점,씨유남해남면바다점,경상남도,남해군,남면,석교리 333,34.7541955,127.9034302
편의점,씨유남해평산점,경상남도,남해군,남면,평산리 1658,34.7686805,127.8520729
편의점,화전,경상남도,남해군,서면,서상리 1182-9,34.804094,127.8357109
편의점,미소,경상남도,남해군,서면,서상리 1182-9,34.804094,127.8357109
편의점,그란디오소,경상남도,남해군,서면,서상리 1182-9,34.804094,127.8357109
편의점,씨유남해스포츠파크점,경상남도,남해군,서면,서상리 1182-9,34.804094,127.8357109
편의점,GS25남해스포츠파크점,경상남도,남해군,서면,서상리 1286-4,34.8104737,127.8357236
편의점,남해스포츠파크호텔,경상남도,남해군,서면,서상리 1182-9,34.804094,127.8357109
편의점,렌토,경상남도,남해군,서면,서상리 1182-9,34.804094,127.8357109
편의점,세븐일레븐남해고현점,경상남도,남해군,고현면,대사리 958-7,34.9020152,127.8709691
편의점,씨유남해고현점,경상남도,남해군,고현면,대사리 758-4,34.8959955,127.8729591
편의점,씨유남해노량점,경상남도,남해군,설천면,노량리 410-51,34.9401921,127.8747146
편의점,미니스톱남해대교엔젤점,경상남도,남해군,설천면,노량리 439-13,34.9411551,127.8745431
편의점,씨유남해보물섬시작점,경상남도,남해군,창선면,대벽리 497-5,34.9168204,128.0152906
편의점,지에스25남해동대만점,경상남도,남해군,창선면,동대리 480,34.8721736,128.0088921
편의점,씨유남해오션뷰점,경상남도,남해군,창선면,동대리 100-13,34.8869982,128.0120068
편의점,지에스25남해창선점,경상남도,남해군,창선면,지족리 293,34.8363745,128.0002
편의점,지에스25남해창선스쿨점,경상남도,남해군,창선면,상죽리 101-10,34.8577069,128.0129243
편의점,지에스25남해바다전망점,경상남도,남해군,창선면,대벽리 86-1,34.9115184,128.0288014
편의점,씨유남해창선,경상남도,남해군,창선면,수산리 196-2,34.8564171,128.013199
편의점,동대편의점,경상남도,남해군,창선면,수산리 279-6,34.8554392,128.0151891
편의점,GS25하동점,경상남도,하동군,하동읍,광평리 276-7,35.0650986,127.7484992
편의점,세븐일레븐하동,경상남도,하동군,하동읍,읍내리 428-3,35.0711282,127.7468416
편의점,이마트24R하동,경상남도,하동군,하동읍,읍내리 233-15,35.0684963,127.7492708
편의점,씨유하동,경상남도,하동군,하동읍,읍내리 333-14,35.0707424,127.7508688
편의점,씨유하동녹차,경상남도,하동군,하동읍,비파리 433-3,35.0714549,127.758915
편의점,달콤아이스크림과자할인점,경상남도,하동군,하동읍,읍내리 222-20,35.0675816,127.7490018
편의점,미니스톱하동점,경상남도,하동군,하동읍,읍내리 319-24,35.0705836,127.7484642
편의점,하프타임화개장터점,경상남도,하동군,화개면,탑리 726-13,35.1890492,127.6251175
편의점,씨유하동화개장터점,경상남도,하동군,화개면,탑리 737-1,35.1877728,127.624814
편의점,세븐일레븐하동화개점,경상남도,하동군,화개면,탑리 662-7,35.1899903,127.623839
편의점,씨유켄싱턴리조트하동점,경상남도,하동군,화개면,운수리 384-17,35.2263705,127.6446491
편의점,씨유전도365점,경상남도,하동군,금남면,계천리 983,34.9972933,127.8091246
편의점,지에스25하동,경상남도,하동군,금남면,중평리 774-1,34.9796839,127.8947275
편의점,GS25하동,경상남도,하동군,금남면,덕천리 1088-5,34.986703,127.8366155
편의점,지에스25하동노량점,경상남도,하동군,금남면,노량리 738-6,34.9483191,127.8619935
편의점,씨유하동금남,경상남도,하동군,금남면,덕천리 1078-3,34.986499,127.8354102
편의점,지에스25남해대교점,경상남도,하동군,금남면,노량리 558-6,34.9476202,127.8721155
편의점,지에스25하동진교IC점,경상남도,하동군,진교면,진교리 482-1,35.0339144,127.9037002
편의점,씨유진교,경상남도,하동군,진교면,고룡리 3,35.0208944,127.9027593
편의점,씨유하동진교점,경상남도,하동군,진교면,진교리 426-88,35.0286166,127.9025216
편의점,달콤아이스크림과자할인점,경상남도,하동군,진교면,진교리 302-12,35.0284346,127.9025957
편의점,GS25진교,경상남도,하동군,진교면,진교리 426-66,35.0295638,127.9032271
편의점,이마트24R진교,경상남도,하동군,진교면,진교리 426-75,35.0287341,127.9031455
편의점,세븐일레븐하동진교대로점,경상남도,하동군,진교면,진교리 302-127,35.0260157,127.9067377
편의점,7세븐일레븐진교점,경상남도,하동군,진교면,진교리 123-50,35.0232117,127.9032045
편의점,GS25하동진교I.C점,경상남도,하동군,진교면,진교리 482-1,35.0339144,127.9037002
편의점,씨유하동비바체리조트점,경상남도,하동군,청암면,중이리 30-1,35.1626112,127.7828138
편의점,씨유하동옥종청룡점,경상남도,하동군,옥종면,청룡리 215-18,35.1798153,127.8798941
편의점,씨유하동화력발전소점,경상남도,하동군,금성면,가덕리 310,34.9516292,127.8205132
편의점,씨유하동,경상남도,하동군,금성면,고포리 543-64,34.9619615,127.7827139
편의점,GS25산청스마일점,경상남도,산청군,산청읍,옥산리 447-22,35.4147142,127.875647
편의점,세븐산청삼한점,경상남도,산청군,산청읍,지리 357-1,35.4153738,127.8797801
편의점,샬롬카페편의점,경상남도,산청군,산청읍,산청리 200,35.4176724,127.8785729
편의점,지에스25산청성우점,경상남도,산청군,산청읍,옥산리 690,35.4113705,127.8737872
편의점,지에스25산청대명점,경상남도,산청군,산청읍,산청리 187-1,35.416075,127.8783758
편의점,CU산청경호강점,경상남도,산청군,산청읍,옥산리 240-5,35.4121332,127.8737159
편의점,씨유생초IC점,경상남도,산청군,생초면,하촌리 130-2,35.4880446,127.8294962
편의점,지에스25산청금서점,경상남도,산청군,금서면,매촌리 1327-2,35.4171465,127.8541894
편의점,씨유산청금서공단점,경상남도,산청군,금서면,매촌리 718-8,35.4175857,127.8637091
편의점,씨유산청덕산점,경상남도,산청군,시천면,사리 931-10,35.2769968,127.8384867
편의점,GS25산청덕산점,경상남도,산청군,시천면,사리 923-7,35.2773779,127.8388779
편의점,GS25산청덕산점상품권,경상남도,산청군,시천면,사리 923-7,35.2773779,127.8388779
편의점,지에스25산청덕산점,경상남도,산청군,시천면,사리 923-7,35.2773779,127.8388779
편의점,씨유단성IC점,경상남도,산청군,단성면,사월리 28-3,35.2951079,127.9588147
편의점,C&H,경상남도,산청군,단성면,운리 393-1,35.3170214,127.8929895
편의점,신구멍가게24산청원지로점,경상남도,산청군,신안면,하정리 635-6,35.3026719,127.97522
편의점,지에스25산청,경상남도,산청군,신안면,하정리 924-20,35.3028768,127.9696195
편의점,씨유산청원지점,경상남도,산청군,신안면,하정리 635-7,35.303091,127.9746336
편의점,세븐일레븐산청신안,경상남도,산청군,신안면,문대리 600,35.3366068,128.001271
편의점,세븐일레븐산청신안원지점,경상남도,산청군,신안면,하정리 630-9,35.3016761,127.974344
편의점,씨유원지설레임점,경상남도,산청군,신안면,하정리 726-1,35.3021364,127.9708053
편의점,픽미픽미아이스함양점,경상남도,함양군,함양읍,용평리 611-3,35.5200439,127.7288074
편의점,세븐일레븐함양용평대로점,경상남도,함양군,함양읍,용평리 672-6,35.5200113,127.7321313
편의점,씨유함양장미점,경상남도,함양군,함양읍,교산리 357-5,35.5286475,127.730294
편의점,세븐일레븐함양한들로점,경상남도,함양군,함양읍,백연리 137-1,35.513124,127.7230987
편의점,이마트24R함양,경상남도,함양군,함양읍,용평리 688-6,35.5209291,127.7287491
편의점,씨유함양뉴,경상남도,함양군,함양읍,교산리 879,35.5245567,127.7269576
편의점,지에스25함양,경상남도,함양군,함양읍,용평리 721-4,35.518391,127.7275522
편의점,지에스25함양주공점(상품권),경상남도,함양군,함양읍,교산리 379,35.5289239,127.7328426
편의점,씨유함양두루침점,경상남도,함양군,함양읍,운림리 225,35.5165867,127.7251482
편의점,7-세븐함양교산,경상남도,함양군,함양읍,교산리 182-23,35.5226097,127.7301444
편의점,씨유함양상림공원점,경상남도,함양군,함양읍,교산리 1034-12,35.5235116,127.7221764
편의점,세븐함양용평대로점,경상남도,함양군,함양읍,용평리 672-6,35.5200113,127.7321313
편의점,세븐함양교산점,경상남도,함양군,함양읍,교산리 329,35.5263409,127.7294958
편의점,세븐일레븐상림공원복권판매점,경상남도,함양군,함양읍,운림리 341-1,35.5229608,127.720924
편의점,씨유함양현대점,경상남도,함양군,함양읍,교산리 328-7,35.5254786,127.7294656
편의점,GS25함양용평점,경상남도,함양군,함양읍,용평리 609-14,35.5191681,127.7291022
편의점,세븐일레븐함양상림공원점,경상남도,함양군,함양읍,운림리 341-1,35.5229608,127.720924
편의점,썬편의점,경상남도,함양군,함양읍,용평리 612-27,35.5203456,127.7289161
편의점,지에스25함양주공점,경상남도,함양군,함양읍,교산리 379,35.5289239,127.7328426
편의점,씨유함양한주점,경상남도,함양군,함양읍,용평리 684-8,35.5208727,127.7302151
편의점,씨유함양용평점,경상남도,함양군,함양읍,용평리 713-11,35.5191061,127.7272753
편의점,씨유함양,경상남도,함양군,마천면,가흥리 307-3,35.3979554,127.6677447
편의점,세븐일레븐함양수동점,경상남도,함양군,수동면,화산리 1199-1,35.5218002,127.7852327
편의점,씨유함양수동점,경상남도,함양군,수동면,화산리 1194-1,35.5221877,127.7850012
편의점,씨유함양한옥,경상남도,함양군,지곡면,창평리 515-9,35.5650357,127.7743341
편의점,이마트24R함양안의점,경상남도,함양군,안의면,금천리 66-5,35.6288103,127.8130734
편의점,씨유안의,경상남도,함양군,안의면,금천리 19-1,35.6301933,127.8154205
편의점,씨유용추그린하우스점,경상남도,함양군,안의면,신안리 480-2,35.6454562,127.8066332
편의점,씨유함양안의점,경상남도,함양군,안의면,금천리 100,35.6277711,127.8140777
편의점,이마트24함양서하,경상남도,함양군,서하면,송계리 894-5,35.6482099,127.699944
편의점,씨유함양서상점,경상남도,함양군,서상면,도천리 981-6,35.6820647,127.6865689
편의점,씨유거창점,경상남도,거창군,거창읍,상림리 144,35.6847013,127.9108575
편의점,이마트24거창송림원룸점,경상남도,거창군,거창읍,송정리 1132-1,35.6813161,127.9070387
편의점,세븐일레븐거창중앙,경상남도,거창군,거창읍,중앙리 346-1,35.6904252,127.9121784
편의점,씨유거창,경상남도,거창군,거창읍,대동리 702,35.689866,127.9147416
편의점,샤르망아뜰리에,경상남도,거창군,거창읍,상림리 783,35.6905735,127.9063251
편의점,세븐일레븐거창상림,경상남도,거창군,거창읍,상림리 816-3,35.6884526,127.9073735
편의점,CU거창,경상남도,거창군,거창읍,상림리 131-25,35.6856905,127.9094557
편의점,GS25거창,경상남도,거창군,거창읍,대동리 95-16,35.6894587,127.9229192
편의점,씨유거창상림점,경상남도,거창군,거창읍,상림리 800,35.6883095,127.9044033
편의점,지에스25거창대경점,경상남도,거창군,거창읍,상림리 772,35.6890083,127.9015481
편의점,이마트24알거창소만점,경상남도,거창군,거창읍,대동리 984-1,35.6925533,127.919999
편의점,씨유거창,경상남도,거창군,거창읍,대평리 444-14,35.6875605,127.9249206
편의점,세븐일레븐거창향교점,경상남도,거창군,거창읍,상림리 371-6,35.6911739,127.9041797
편의점,씨유거창더,경상남도,거창군,거창읍,중앙리 212,35.6855147,127.9132312
편의점,서경매점,경상남도,거창군,거창읍,송정리 1096-2,35.6816809,127.8985064
편의점,세븐일레븐거창,경상남도,거창군,거창읍,대평리 1005,35.6864111,127.9225642
편의점,세븐일레븐거창대동,경상남도,거창군,거창읍,대동리 860,35.6874133,127.9154396
편의점,세븐거창대평점,경상남도,거창군,거창읍,대평리 1005-25,35.6862828,127.9211299
편의점,미니스톱거창가지점,경상남도,거창군,거창읍,가지리 402-2,35.6953308,127.9057544
편의점,씨유거창아림점,경상남도,거창군,거창읍,상림리 771,35.6899141,127.9007923
편의점,세븐일레븐거창대동,경상남도,거창군,거창읍,대동리 698-5,35.6905146,127.9145227
편의점,지에스25거창주공점,경상남도,거창군,거창읍,김천리 99-3,35.6822114,127.9152656
편의점,지에스25거창헤리티지점,경상남도,거창군,거창읍,중앙리 74-1,35.6886323,127.9144663
편의점,GSA편의점,경상남도,거창군,거창읍,대평리 1498-1,35.6840322,127.9219515
편의점,씨유거창창남점,경상남도,거창군,거창읍,김천리 102-6,35.6816682,127.9127746
편의점,지에스25거창원룸점,경상남도,거창군,거창읍,상림리 845,35.6872098,127.9026065
편의점,이마트24R거창상림점,경상남도,거창군,거창읍,상림리 235-61,35.6848427,127.9032989
편의점,GS25거창대평점,경상남도,거창군,거창읍,대평리 1005-16,35.6861239,127.920609
편의점,좋은편의점,경상남도,거창군,거창읍,김천리 117-10,35.6807469,127.9130213
편의점,세븐일레븐,경상남도,거창군,거창읍,상림리 216-1,35.6851846,127.9050094
편의점,GS25거창상림점,경상남도,거창군,거창읍,상림리 39-1,35.689427,127.9092441
편의점,지에스25거창여고점,경상남도,거창군,거창읍,중앙리 436-6,35.6914733,127.9090416
편의점,씨유거창,경상남도,거창군,거창읍,대동리 702,35.689866,127.9147416
편의점,코리아세븐거창,경상남도,거창군,거창읍,대평리 1005,35.6864111,127.9225642
편의점,GS25거창소만점,경상남도,거창군,거창읍,대동리 989-2,35.6938145,127.9220505
편의점,씨유거창정장산업단지점,경상남도,거창군,거창읍,정장리 95-1,35.6696593,127.931012
편의점,지에스25거창,경상남도,거창군,거창읍,중앙리 2-21,35.6940512,127.9120452
편의점,세븐일레븐거창거열로점,경상남도,거창군,거창읍,대동리 159-4,35.6928293,127.917987
편의점,미니스톱거창군청점,경상남도,거창군,거창읍,중앙리 306-1,35.686614,127.9110167
편의점,미니스톱거창,경상남도,거창군,거창읍,김천리 218-19,35.6772815,127.9086297
편의점,세븐일레븐거창점,경상남도,거창군,거창읍,김천리 255-16,35.6802043,127.9117576
편의점,GS25거창럭키점,경상남도,거창군,거창읍,대평리 1265-5,35.6835424,127.9174378
편의점,씨유거창가지점,경상남도,거창군,거창읍,가지리 209-6,35.6952029,127.9064363
편의점,씨유거창거고점,경상남도,거창군,거창읍,중앙리 4-8,35.6927451,127.913427
편의점,세븐거창대동제일점,경상남도,거창군,거창읍,대동리 698-5,35.6905146,127.9145227
편의점,씨유뉴거창대학,경상남도,거창군,거창읍,김천리 274-50,35.6766786,127.9114657
편의점,씨유거창,경상남도,거창군,거창읍,상림리 813-3,35.6875976,127.9063931
편의점,세븐일레븐거창도립대점,경상남도,거창군,거창읍,대평리 1396,35.6740784,127.9133907
편의점,이마트24거창,경상남도,거창군,거창읍,중앙리 274-1,35.685696,127.9109529
편의점,준편의점,경상남도,거창군,웅양면,산포리 702-2,35.850628,127.941983
편의점,이마트24거창수승대,경상남도,거창군,위천면,황산리 753-2,35.7611742,127.8330261
편의점,이마트24거창수승대점,경상남도,거창군,위천면,장기리 399-2,35.7547274,127.8333843
편의점,씨유거창마리점,경상남도,거창군,마리면,말흘리 190-1,35.6993889,127.8548795
편의점,지에스25거창승강기밸리점,경상남도,거창군,남상면,대산리 1565-7,35.6536018,127.9306676
편의점,지에프에스지에스25거창가조점,경상남도,거창군,가조면,마상리 325-3,35.7100996,128.0154109
편의점,출렁다리편의점,경상남도,거창군,가조면,수월리 1-13,35.736677,128.0408883
편의점,이마트24거창가조,경상남도,거창군,가조면,일부리 1177-2,35.6990439,128.0204755
편의점,CU거창가조점,경상남도,거창군,가조면,마상리 332,35.7099684,128.0144462
편의점,세븐일레븐거창가조점,경상남도,거창군,가조면,마상리 190-5,35.7076658,128.0158235
편의점,씨유거창가조,경상남도,거창군,가조면,일부리 1267,35.6991843,128.022756
편의점,이마트24합천,경상남도,합천군,합천읍,합천리 1525,35.5703642,128.163389
편의점,씨유합천군청점,경상남도,합천군,합천읍,합천리 360-4,35.5675413,128.1675371
편의점,씨유합천,경상남도,합천군,합천읍,합천리 568,35.5671651,128.1585956
편의점,GS25합천상품권,경상남도,합천군,합천읍,합천리 322-5,35.5666416,128.1627163
편의점,세븐일레븐합천,경상남도,합천군,합천읍,합천리 350-8,35.5656425,128.1673773
편의점,씨유뉴합천,경상남도,합천군,합천읍,합천리 413-2,35.5684123,128.1629029
편의점,코리아세븐경남,경상남도,합천군,합천읍,합천리 660-5,35.5671426,128.1613735
편의점,지에스25합천,경상남도,합천군,합천읍,합천리 322-5,35.5666416,128.1627163
편의점,세븐일레븐합천,경상남도,합천군,합천읍,합천리 405,35.5671979,128.1626752
편의점,GS25합천,경상남도,합천군,합천읍,합천리 479-9,35.5684963,128.1586918
편의점,합천,경상남도,합천군,합천읍,합천리 322-5,35.5666416,128.1627163
편의점,세븐일레븐경남,경상남도,합천군,합천읍,합천리 660-5,35.5671426,128.1613735
편의점,세븐일레븐합천황강공원점,경상남도,합천군,합천읍,합천리 893-3,35.5614441,128.1605898
편의점,GS25합천,경상남도,합천군,합천읍,합천리 850-3,35.5626369,128.1578907
편의점,지에스25팔만대장경점,경상남도,합천군,가야면,치인리 산21-1,35.8001132,128.0709815
편의점,GS25합천해인사점,경상남도,합천군,가야면,야천리 477-3,35.7640276,128.1393482
편의점,지에스25팔만대장경점,경상남도,합천군,가야면,치인리 산21-1,35.8001132,128.0709815
편의점,GS25팔만대장경점상품권,경상남도,합천군,가야면,치인리 산21-1,35.8001132,128.0709815
편의점,이마트24합천해인사점,경상남도,합천군,가야면,구원리 104-1,35.7775748,128.1268925
편의점,씨유합천,경상남도,합천군,가야면,황산리 18-1,35.759622,128.1388387
편의점,모임슈퍼,경상남도,합천군,가야면,황산리 504-3,35.7747542,128.1263378
편의점,씨유해인사IC점,경상남도,합천군,야로면,매촌리 407-1,35.7168246,128.166763
편의점,gs25합천초계점,경상남도,합천군,초계면,초계리 24-6,35.558882,128.2692347
편의점,세븐일레븐합천초계점,경상남도,합천군,초계면,초계리 93-1,35.5589975,128.2650001
편의점,씨유합천정양레포츠점,경상남도,합천군,대양면,정양리 102-5,35.5561372,128.1645745
편의점,씨유합천정양캠핑점,경상남도,합천군,대양면,정양리 112,35.555392,128.1633491
편의점,금정이마트24합천삼가점,경상남도,합천군,삼가면,일부리 880,35.4138291,128.1235754
편의점,세븐일레븐합천삼가,경상남도,합천군,삼가면,금리 71,35.4148737,128.1208789
편의점,이마트24합천회양점,경상남도,합천군,대병면,회양리 845-8,35.519779,128.0189342
편의점,세븐일레븐합천레이크점,경상남도,합천군,대병면,회양리 432,35.5204716,128.0199812
편의점,세븐전주중앙점,전라북도,전주시,완산구,중앙동1가 33-1,35.8171371,127.1414042
편의점,세븐일레븐전주,전라북도,전주시,완산구,중앙동1가 33-1,35.8171371,127.1414042
편의점,미니스톱전라감영점,전라북도,전주시,완산구,중앙동4가 19-1,35.8155271,127.1437941
편의점,GS25전라감영점,전라북도,전주시,완산구,중앙동4가 16-3,35.8156678,127.1449014
편의점,지에스25전주경원점,전라북도,전주시,완산구,경원동1가 24-2,35.8177518,127.1474122
편의점,지에스25전주충경로점,전라북도,전주시,완산구,경원동1가 52-6,35.818799,127.1470592
편의점,씨유한옥마을,전라북도,전주시,완산구,경원동2가 25-2,35.8183642,127.1501262
편의점,지에스25전주신라스테이점,전라북도,전주시,완산구,경원동3가 15-7,35.81994,127.1481505
편의점,씨유전주팔달로점,전라북도,전주시,완산구,경원동3가 64-6,35.8193795,127.1467848
편의점,이마트24전주경원점,전라북도,전주시,완산구,경원동3가 28-3,35.8220822,127.147408
편의점,세븐일레븐한옥,전라북도,전주시,완산구,풍남동1가 15-6,35.8186827,127.1503364
편의점,이마트24전주한옥,전라북도,전주시,완산구,풍남동2가 39-5,35.8178271,127.1520932
편의점,세븐일레븐전주코아리베라호텔점,전라북도,전주시,완산구,풍남동3가 26-5,35.8171188,127.1541118
편의점,씨유전주한옥태조로점,전라북도,전주시,완산구,풍남동3가 26-21,35.8168308,127.1550696
편의점,씨스페이스전주점,전라북도,전주시,완산구,전동 140-9,35.8160401,127.147097
편의점,이마트24전주풍,전라북도,전주시,완산구,전동 85-2,35.8139191,127.1477012
편의점,씨유전주한옥대호점,전라북도,전주시,완산구,전동 1-16,35.8166311,127.149025
편의점,지에스25한옥,전라북도,전주시,완산구,전동 183,35.8133269,127.1480789
편의점,세븐일레븐전주객리단길점,전라북도,전주시,완산구,다가동3가 53-3,35.8182207,127.1391381
편의점,씨유객리단길점,전라북도,전주시,완산구,다가동4가 57-1,35.819917,127.1397412
편의점,세븐일레븐전주,전라북도,전주시,완산구,고사동 79-5,35.8188921,127.1454487
편의점,세븐전주중앙센터점,전라북도,전주시,완산구,고사동 464-1,35.8185137,127.1421462
편의점,이마트24전주팔달로점,전라북도,전주시,완산구,고사동 42-3,35.820165,127.1458202
편의점,올리브영전주타운,전라북도,전주시,완산구,고사동 114,35.8189161,127.144837
편의점,지에스25전주공구,전라북도,전주시,완산구,고사동 1-9,35.8226561,127.1443469
편의점,씨유뉴전주고사점,전라북도,전주시,완산구,고사동 242-6,35.8211202,127.1431523
편의점,세븐일레븐전주고사,전라북도,전주시,완산구,고사동 23-1,35.8202437,127.1453048
편의점,지에스25전주영화로점,전라북도,전주시,완산구,고사동 13,35.8213604,127.1448551
편의점,미니스톱한옥,전라북도,전주시,완산구,교동 269-3,35.8141324,127.1510193
편의점,예원편의점,전라북도,전주시,완산구,교동 54-62,35.8144448,127.1578057
편의점,이마트24R전주,전라북도,전주시,완산구,태평동 169,35.8225586,127.1359314
편의점,메디파크대양아리스타지점,전라북도,전주시,완산구,태평동 304,35.8234258,127.142674
편의점,세븐일레븐전주노송,전라북도,전주시,완산구,중노송동 213-5,35.8229663,127.1594078
편의점,로그인편의점,전라북도,전주시,완산구,중노송동 361-10,35.8258631,127.1533811
편의점,세븐일레븐전주그랑블점,전라북도,전주시,완산구,중노송동 442,35.8268031,127.1507979
편의점,지에스25전주한옥,전라북도,전주시,완산구,남노송동 98-16,35.8179185,127.1536525
편의점,세븐일레븐전주노송점,전라북도,전주시,완산구,남노송동 155-13,35.8195589,127.1573356
편의점,세븐일레븐전주,전라북도,전주시,완산구,동완산동 400-2,35.8096168,127.1448635
편의점,씨유전주진흥하이츠점,전라북도,전주시,완산구,동서학동 279-4,35.8060271,127.1545493
편의점,씨유전주,전라북도,전주시,완산구,동서학동 137,35.8094779,127.1531513
편의점,지에스25전주,전라북도,전주시,완산구,동서학동 92-3,35.8099998,127.153808
편의점,세븐일레븐전주,전라북도,전주시,완산구,동서학동 108-8,35.8095725,127.154717
편의점,지에스25전주동서학점,전라북도,전주시,완산구,동서학동 264-1,35.8066997,127.1530432
편의점,GS25전주(상품권),전라북도,전주시,완산구,동서학동 89-1,35.8100251,127.1535644
편의점,이마트24전주교대타운점,전라북도,전주시,완산구,동서학동 260-7,35.8063687,127.1535976
편의점,GS25전주,전라북도,전주시,완산구,동서학동 89-1,35.8100251,127.1535644
편의점,세븐일레븐전주빌리언점,전라북도,전주시,완산구,서서학동 117-2,35.805547,127.1482185
편의점,세븐일레븐전주흑석골점,전라북도,전주시,완산구,서서학동 976-16,35.8003663,127.1509285
편의점,씨유전주흑석,전라북도,전주시,완산구,서서학동 983-5,35.7993886,127.1503668
편의점,이마트24전주,전라북도,전주시,완산구,서서학동 318-10,35.7983887,127.1459108
편의점,지에스25중산만남점,전라북도,전주시,완산구,중화산동1가 302-3,35.8132151,127.1333769
편의점,지에스25전주화산점(상품권),전라북도,전주시,완산구,중화산동1가 329,35.8113281,127.1311213
편의점,세븐일레븐전주서원,전라북도,전주시,완산구,중화산동1가 189-4,35.8146502,127.1357908
편의점,세븐일레븐전주뉴기전대학교점,전라북도,전주시,완산구,중화산동1가 177,35.8175272,127.1355002
편의점,씨유전주기전대학교점,전라북도,전주시,완산구,중화산동1가 177-1,35.8170427,127.1360779
편의점,GS25전주예수,전라북도,전주시,완산구,중화산동1가 298-8,35.8145709,127.1322777
편의점,지에스25전주화산점,전라북도,전주시,완산구,중화산동1가 329,35.8113281,127.1311213
편의점,씨유예수,전라북도,전주시,완산구,중화산동1가 162-5,35.8142796,127.1339053
편의점,망고편의점,전라북도,전주시,완산구,중화산동2가 497-2,35.8187673,127.1150326
편의점,응응스크르전주,전라북도,전주시,완산구,중화산동2가 704-8,35.8211431,127.1184079
편의점,지에스25전주,전라북도,전주시,완산구,중화산동2가 649-2,35.8152104,127.1236117
편의점,세븐전주화산에코르점,전라북도,전주시,완산구,중화산동2가 691-1,35.8236764,127.1196109
편의점,지에스25중산공원점,전라북도,전주시,완산구,중화산동2가 693-2,35.8236842,127.1206485
편의점,세븐전주화산제일점,전라북도,전주시,완산구,중화산동2가 600-14,35.8171047,127.1217994
편의점,세븐일레븐전주온누리점,전라북도,전주시,완산구,중화산동2가 698-7,35.8225321,127.1213568
편의점,미니스톱화산으뜸점,전라북도,전주시,완산구,중화산동2가 663-14,35.8134463,127.1246171
편의점,이마트24R전주,전라북도,전주시,완산구,중화산동2가 185-1,35.8165413,127.1254843
편의점,이마트24전주,전라북도,전주시,완산구,중화산동2가 50,35.8084185,127.1291422
편의점,지에스25전주화산리,전라북도,전주시,완산구,중화산동2가 771-1,35.8188756,127.1163625
편의점,세븐일레븐전주효자로점,전라북도,전주시,완산구,중화산동2가 593,35.818938,127.1191389
편의점,GS25전주,전라북도,전주시,완산구,중화산동2가 576,35.8208125,127.1189407
편의점,GS25전주백제로점,전라북도,전주시,완산구,중화산동2가 648-7,35.8136841,127.1234681
편의점,애플편의점,전라북도,전주시,완산구,중화산동2가 497-2,35.8187673,127.1150326
편의점,씨유전주근영점,전라북도,전주시,완산구,중화산동2가 655-8,35.8178368,127.1245583
편의점,씨유전주화산,전라북도,전주시,완산구,중화산동2가 594,35.8189734,127.1204264
편의점,세븐일레븐전주풍림아이원점,전라북도,전주시,완산구,중화산동2가 26-43,35.8125078,127.1279803
편의점,미니스톱전주한일점,전라북도,전주시,완산구,중화산동2가 577-8,35.8208771,127.1216608
편의점,세븐일레븐전주,전라북도,전주시,완산구,중화산동2가 151-23,35.8147631,127.1251199
편의점,씨유중화산타운점,전라북도,전주시,완산구,중화산동2가 574-13,35.8211256,127.1211053
편의점,미니스톱뉴화산지구점,전라북도,전주시,완산구,중화산동2가 776-1,35.8186304,127.1171548
편의점,씨유중산,전라북도,전주시,완산구,중화산동2가 622,35.815642,127.1201718
편의점,세븐일레븐전주화산에코르점,전라북도,전주시,완산구,중화산동2가 691-1,35.8236764,127.1196109
편의점,세븐일레븐전주,전라북도,전주시,완산구,중화산동2가 574,35.8212992,127.1200595
편의점,씨제이올리브영전주,전라북도,전주시,완산구,중화산동2가 651-3,35.8167884,127.1233748
편의점,이마트24전주,전라북도,전주시,완산구,중화산동2가 662-9,35.8144339,127.1246284
편의점,미니스톱화산,전라북도,전주시,완산구,중화산동2가 663-9,35.8125589,127.1246568
편의점,지에스25우석한방,전라북도,전주시,완산구,중화산동2가 11,35.8167871,127.1287889
편의점,이마트24전주중산,전라북도,전주시,완산구,중화산동2가 642-4,35.8140155,127.1218693
편의점,씨유,전라북도,전주시,완산구,중화산동2가 650,35.8164169,127.1235714
편의점,씨유중화산우석점,전라북도,전주시,완산구,중화산동2가 10,35.8164988,127.1294959
편의점,지에스25전주하늘점,전라북도,전주시,완산구,중화산동2가 817-7,35.8216577,127.1151764
편의점,세븐일레븐전주중화산,전라북도,전주시,완산구,중화산동2가 629,35.8163908,127.1220735
편의점,세븐전주하늘채점,전라북도,전주시,완산구,중화산동2가 746-1,35.8235717,127.1151296
편의점,세븐일레븐전주,전라북도,전주시,완산구,중화산동2가 617-4,35.8163473,127.1201503
편의점,세븐전주화산점,전라북도,전주시,완산구,중화산동2가 637,35.8139533,127.1184063
편의점,세븐전주중화산어은점,전라북도,전주시,완산구,중화산동2가 629,35.8163908,127.1220735
편의점,이마트24self전주중화산타운점,전라북도,전주시,완산구,중화산동2가 17-22,35.8153775,127.1282991
편의점,세븐일레븐전주화산,전라북도,전주시,완산구,중화산동2가 600-14,35.8171047,127.1217994
편의점,CU전주중화산,전라북도,전주시,완산구,중화산동2가 783-5,35.8172316,127.1160725
편의점,세븐일레븐전주화산점,전라북도,전주시,완산구,중화산동2가 637,35.8139533,127.1184063
편의점,세븐일레븐전주화산하늘채점,전라북도,전주시,완산구,중화산동2가 760-9,35.8203801,127.1160011
편의점,지에스25전주,전라북도,전주시,완산구,중화산동2가 657-4,35.8158186,127.1242329
편의점,세븐일레븐전주,전라북도,전주시,완산구,서신동 970-3,35.8341938,127.1204419
편의점,지에스25전주서신,전라북도,전주시,완산구,서신동 838-2,35.8265608,127.1155609
편의점,씨유전주서신,전라북도,전주시,완산구,서신동 857-5,35.8255342,127.1172599
편의점,씨유전주교원점,전라북도,전주시,완산구,서신동 769-1,35.8332913,127.1221648
편의점,지에스25서신,전라북도,전주시,완산구,서신동 762-2,35.8307786,127.1111848
편의점,씨제이올리브영전주,전라북도,전주시,완산구,서신동 964-5,35.8348218,127.116107
편의점,CU전주서일점,전라북도,전주시,완산구,서신동 961,35.8363503,127.117784
편의점,세븐전주서신점,전라북도,전주시,완산구,서신동 943-2,35.8363336,127.1082232
편의점,세븐일레븐전주서신으뜸점,전라북도,전주시,완산구,서신동 933-1,35.836801,127.1086175
편의점,이마트24전주서신여울점,전라북도,전주시,완산구,서신동 1006-1,35.8385113,127.109834
편의점,씨유전주서신,전라북도,전주시,완산구,서신동 947-10,35.8346604,127.1093935
편의점,씨유전주부킹점,전라북도,전주시,완산구,서신동 896-5,35.8255062,127.121535
편의점,신구멍가게24전주,전라북도,전주시,완산구,서신동 763-1,35.8329732,127.1107837
편의점,지에스25서신정,전라북도,전주시,완산구,서신동 851-4,35.8258007,127.1142189
편의점,GS25서신,전라북도,전주시,완산구,서신동 962-1,35.834983,127.1130494
편의점,씨유전주서신예촌점,전라북도,전주시,완산구,서신동 846-11,35.8265695,127.1140321
편의점,이마트24전주서신,전라북도,전주시,완산구,서신동 248,35.8282709,127.1176508
편의점,씨유전주서신,전라북도,전주시,완산구,서신동 815,35.8299948,127.1155781
편의점,지에스25전주,전라북도,전주시,완산구,서신동 968-6,35.8351858,127.1212207
편의점,세븐일레븐전주서신,전라북도,전주시,완산구,서신동 761-2,35.8326821,127.1080032
편의점,GS25전주여울점,전라북도,전주시,완산구,서신동 1015-2,35.8377294,127.1088039
편의점,씨유전주서문점,전라북도,전주시,완산구,서신동 818,35.8304318,127.1130996
편의점,지에스25서신리버하임점,전라북도,전주시,완산구,서신동 1045,35.8321052,127.1254426
편의점,미니스톱전주비사벌점,전라북도,전주시,완산구,서신동 797-3,35.831989,127.1128472
편의점,세븐전주서신으뜸점,전라북도,전주시,완산구,서신동 933-1,35.836801,127.1086175
편의점,씨유전주서신,전라북도,전주시,완산구,서신동 836,35.8280698,127.1160442
편의점,씨제이올리브영전주서,전라북도,전주시,완산구,서신동 784-3,35.8320027,127.1211445
편의점,미니스톱서신타운점,전라북도,전주시,완산구,서신동 938-7,35.83559,127.1105794
편의점,세븐일레븐전주서신,전라북도,전주시,완산구,서신동 6-22,35.8291727,127.1259266
편의점,지에스25서신,전라북도,전주시,완산구,서신동 816-15,35.8298893,127.1143406
편의점,지에스25전주,전라북도,전주시,완산구,서신동 763-1,35.8329732,127.1107837
편의점,지에스25서신황방점,전라북도,전주시,완산구,서신동 847,35.8277792,127.1143393
편의점,세븐전주신일점,전라북도,전주시,완산구,서신동 763-1,35.8329732,127.1107837
편의점,이마트24전주서신,전라북도,전주시,완산구,서신동 802-1,35.8317554,127.1140585
편의점,이마트24전주서신타운점,전라북도,전주시,완산구,서신동 237-7,35.8306837,127.11768
편의점,세븐일레븐전주,전라북도,전주시,완산구,서신동 943-2,35.8363336,127.1082232
편의점,지에스25전주서신대로점,전라북도,전주시,완산구,서신동 958-3,35.8342716,127.1101337
편의점,씨유전주평화대로점,전라북도,전주시,완산구,평화동1가 393-9,35.7986392,127.1403785
편의점,지에스25전주평화주공점,전라북도,전주시,완산구,평화동1가 466,35.7952139,127.1412824
편의점,세븐일레븐전주평화꽃밭점,전라북도,전주시,완산구,평화동1가 592-29,35.796536,127.1340005
편의점,세븐일레븐전주평화한성점,전라북도,전주시,완산구,평화동1가 528-3,35.7952817,127.138844
편의점,세븐일레븐전주평화로점,전라북도,전주시,완산구,평화동1가 718-1,35.7961488,127.1361462
편의점,GS25뉴전주남중점,전라북도,전주시,완산구,평화동1가 445-9,35.7978808,127.1404976
편의점,씨유전주평화,전라북도,전주시,완산구,평화동1가 709-7,35.7952304,127.1331346
편의점,세븐일레븐전주지안,전라북도,전주시,완산구,평화동1가 460-1,35.7945774,127.1413112
편의점,지에스25전주코오롱점,전라북도,전주시,완산구,평화동1가 728-2,35.7941489,127.13388
편의점,이마트24R전주평화,전라북도,전주시,완산구,평화동1가 743-9,35.7927536,127.137724
편의점,지에스25평화일성점,전라북도,전주시,완산구,평화동1가 717-13,35.7951145,127.1367142
편의점,세븐전주평화코오롱점,전라북도,전주시,완산구,평화동1가 696,35.7932598,127.1350618
편의점,지에스25평화,전라북도,전주시,완산구,평화동1가 766,35.7933086,127.1391072
편의점,세븐일레븐전주평화삼우점,전라북도,전주시,완산구,평화동1가 417-1,35.8000549,127.1439327
편의점,코리아세븐전주평화,전라북도,전주시,완산구,평화동1가 714-6,35.7951831,127.1377204
편의점,GS25전주평화로점,전라북도,전주시,완산구,평화동2가 909-3,35.7830722,127.1331131
편의점,지에스25평화타운점,전라북도,전주시,완산구,평화동2가 857-3,35.7918941,127.1336833
편의점,GS25평화푸른점,전라북도,전주시,완산구,평화동2가 941,35.7874718,127.1379504
편의점,씨제이올리브영전주평화점,전라북도,전주시,완산구,평화동2가 890-3,35.7871175,127.1316285
편의점,포시즌라이프,전라북도,전주시,완산구,평화동2가 259-7,35.7890212,127.1304317
편의점,아시아편의점,전라북도,전주시,완산구,평화동2가 326-30,35.7858176,127.1290096
편의점,지에스25전주평화원룸점,전라북도,전주시,완산구,평화동2가 864-5,35.7906204,127.1374902
편의점,지에스25평화,전라북도,전주시,완산구,평화동2가 716-8,35.7888623,127.1190151
편의점,씨유전주평화우미점,전라북도,전주시,완산구,평화동2가 312-5,35.7882247,127.1301326
편의점,씨유전주평화,전라북도,전주시,완산구,평화동2가 230-15,35.788584,127.1354775
편의점,씨유전주평화동신점,전라북도,전주시,완산구,평화동2가 567,35.7916213,127.1218665
편의점,커피자평화점,전라북도,전주시,완산구,평화동2가 893-3,35.7864938,127.1327643
편의점,미니스톱평화나래점,전라북도,전주시,완산구,평화동2가 325-16,35.7866425,127.1291469
편의점,세븐일레븐전주평화호반점,전라북도,전주시,완산구,평화동2가 890-1,35.787211,127.1311813
편의점,씨유전주평화모악점,전라북도,전주시,완산구,평화동2가 899-1,35.7832917,127.130163
편의점,지에스25평화현대점,전라북도,전주시,완산구,평화동2가 241-7,35.7939185,127.1279951
편의점,GS25평화,전라북도,전주시,완산구,평화동2가 716-8,35.7888623,127.1190151
편의점,GS25평화푸른점상품권,전라북도,전주시,완산구,평화동2가 941,35.7874718,127.1379504
편의점,씨유전주중인로점,전라북도,전주시,완산구,중인동 829-2,35.7668579,127.0943628
편의점,이마트24전주용복점,전라북도,전주시,완산구,용복동 243,35.7908811,127.0663188
편의점,씨유편의점따봉2주유소점,전라북도,전주시,완산구,용복동 222-1,35.7902155,127.068055
편의점,편의점,전라북도,전주시,완산구,용복동 243,35.7908811,127.0663188
편의점,지에스25효문여중점,전라북도,전주시,완산구,삼천동1가 604-8,35.7984604,127.1196378
편의점,GS25삼천,전라북도,전주시,완산구,삼천동1가 287-17,35.7967248,127.1145903
편의점,세븐평화동신점,전라북도,전주시,완산구,삼천동1가 273-9,35.7918176,127.1199745
편의점,고마트전주점,전라북도,전주시,완산구,삼천동1가 660-4,35.7939567,127.1170872
편의점,GS25전주,전라북도,전주시,완산구,삼천동1가 585-5,35.8010951,127.1265034
편의점,세븐일레븐전주삼천현대점,전라북도,전주시,완산구,삼천동1가 738-3,35.8004168,127.1301618
편의점,씨유삼천,전라북도,전주시,완산구,삼천동1가 657-5,35.7949285,127.1178651
편의점,지에스25신일(상품권),전라북도,전주시,완산구,삼천동1가 723-2,35.7997161,127.1126217
편의점,지에스25신일,전라북도,전주시,완산구,삼천동1가 723-2,35.7997161,127.1126217
편의점,지에스25삼천포텐점,전라북도,전주시,완산구,삼천동1가 630-19,35.7966522,127.1180962
편의점,씨유전주삼천,전라북도,전주시,완산구,삼천동1가 723-2,35.7997161,127.1126217
편의점,GS25삼천,전라북도,전주시,완산구,삼천동1가 658-10,35.7949272,127.1192833
편의점,그린편의점,전라북도,전주시,완산구,삼천동1가 650-4,35.7954315,127.1192798
편의점,씨유핑크코끼리,전라북도,전주시,완산구,삼천동1가 287-15,35.7968818,127.1166706
편의점,세븐일레븐전주삼천호반점,전라북도,전주시,완산구,삼천동1가 284-6,35.7984635,127.1115544
편의점,씨유전주삼천타운점,전라북도,전주시,완산구,삼천동1가 584-4,35.8004094,127.117148
편의점,비지에프리테일씨유전주삼천,전라북도,전주시,완산구,삼천동1가 599,35.7995001,127.1196461
편의점,씨유전주,전라북도,전주시,완산구,삼천동1가 585-10,35.7996578,127.1270879
편의점,세븐일레븐전주곰솔점,전라북도,전주시,완산구,삼천동1가 138-22,35.8018223,127.1267483
편의점,세븐일레븐전주평화동신점,전라북도,전주시,완산구,삼천동1가 273-9,35.7918176,127.1199745
편의점,지에스25전주,전라북도,전주시,완산구,삼천동1가 667-6,35.7953753,127.1247099
편의점,지에스25전주막걸리로점,전라북도,전주시,완산구,삼천동1가 617-9,35.7973409,127.1224941
편의점,이마트24시전주삼천도서관,전라북도,전주시,완산구,삼천동1가 606,35.7983583,127.1220678
편의점,씨유전주삼천안행점,전라북도,전주시,완산구,삼천동1가 732-11,35.7999822,127.1294148
편의점,씨유전주모악점,전라북도,전주시,완산구,삼천동1가 306-26,35.7913971,127.117133
편의점,씨제이올리브영전주,전라북도,전주시,완산구,삼천동1가 285-5,35.7982924,127.1149822
편의점,씨유전주삼천,전라북도,전주시,완산구,삼천동1가 603-3,35.798455,127.1178522
편의점,미니스톱삼천도서관,전라북도,전주시,완산구,삼천동1가 606-5,35.7979779,127.1229806
편의점,금정에스엔씨,전라북도,전주시,완산구,삼천동2가 763,35.7950435,127.1052972
편의점,씨유효천노블,전라북도,전주시,완산구,삼천동2가 759-1,35.795897,127.1059754
편의점,씨유전주해성점,전라북도,전주시,완산구,삼천동2가 557-2,35.7863232,127.1042957
편의점,이마트24전주중인로점,전라북도,전주시,완산구,삼천동2가 395-1,35.7763196,127.1012546
편의점,세븐일레븐전주중인점,전라북도,전주시,완산구,삼천동2가 382-1,35.7786244,127.1038543
편의점,지에스25전주,전라북도,전주시,완산구,효자동1가 166-1,35.8071703,127.124271
편의점,세븐일레븐전주웨딩,전라북도,전주시,완산구,효자동1가 411-2,35.8064535,127.1111032
편의점,세븐일레븐전주안행로점,전라북도,전주시,완산구,효자동1가 687-3,35.8019741,127.1339248
편의점,이마트24전주효자거마점,전라북도,전주시,완산구,효자동1가 607-14,35.8122092,127.1142552
편의점,로그인마트편의점,전라북도,전주시,완산구,효자동1가 289-3,35.8069963,127.1181738
편의점,씨유전주효자힐스,전라북도,전주시,완산구,효자동1가 166-11,35.8083474,127.1244313
편의점,지에스25효자,전라북도,전주시,완산구,효자동1가 296-2,35.8065058,127.1200954
편의점,에스에이치24상산점,전라북도,전주시,완산구,효자동1가 652,35.8034796,127.1151443
편의점,씨유전주효자일등점,전라북도,전주시,완산구,효자동1가 651-2,35.8044757,127.1143729
편의점,CU전주상산타운점,전라북도,전주시,완산구,효자동1가 652,35.8034796,127.1151443
편의점,지에스25삼천라미안점,전라북도,전주시,완산구,효자동1가 408-1,35.8077125,127.1110311
편의점,씨유전주안행로점,전라북도,전주시,완산구,효자동1가 680-5,35.8040592,127.1354544
편의점,세븐전주완산구청점,전라북도,전주시,완산구,효자동1가 593-8,35.8122882,127.1180801
편의점,GS25삼천,전라북도,전주시,완산구,효자동1가 667-12,35.7990723,127.1141543
편의점,씨유전주효자,전라북도,전주시,완산구,효자동1가 570-7,35.8024204,127.1207498
편의점,씨유전주효자힐스,전라북도,전주시,완산구,효자동1가 166-11,35.8083474,127.1244313
편의점,씨제이올리브영전주효자동점,전라북도,전주시,완산구,효자동1가 441-5,35.8062797,127.1162525
편의점,지에스25효자효녀점,전라북도,전주시,완산구,효자동1가 683-15,35.8027784,127.1321929
편의점,세븐일레븐전주완산,전라북도,전주시,완산구,효자동1가 593-8,35.8122882,127.1180801
편의점,이마트24전주효자,전라북도,전주시,완산구,효자동1가 555,35.8055372,127.120749
편의점,씨유전주,전라북도,전주시,완산구,효자동1가 370-1,35.8103998,127.1146421
편의점,세븐일레븐전주효자,전라북도,전주시,완산구,효자동1가 650-3,35.8050222,127.113625
편의점,세븐일레븐전주효자,전라북도,전주시,완산구,효자동1가 122-34,35.8047213,127.1309257
편의점,GS25전주기독,전라북도,전주시,완산구,효자동1가 518-58,35.8090798,127.1153315
편의점,씨제이올리브영홈플러스전주효자,전라북도,전주시,완산구,효자동1가 431-5,35.8066208,127.1140104
편의점,세븐일레븐전주상산타운점,전라북도,전주시,완산구,효자동1가 652,35.8034796,127.1151443
편의점,미니스톱전주,전라북도,전주시,완산구,효자동1가 205-12,35.8044232,127.1268406
편의점,GS25전주박물관,전라북도,전주시,완산구,효자동2가 884-2,35.8000183,127.0923375
편의점,세븐일레븐전주서희,전라북도,전주시,완산구,효자동2가 1156-13,35.8148821,127.1069959
편의점,이마트24전주효자,전라북도,전주시,완산구,효자동2가 1247-1,35.8131204,127.0990547
편의점,씨유전주효천,전라북도,전주시,완산구,효자동2가 1364,35.8009568,127.1044678
편의점,GS25효자,전라북도,전주시,완산구,효자동2가 1264-1,35.8126947,127.1055962
편의점,씨유전주박물관점,전라북도,전주시,완산구,효자동2가 880-7,35.7997718,127.0911294
편의점,지에스25효천,전라북도,전주시,완산구,효자동2가 1363,35.7997574,127.1021486
편의점,씨유전주효천,전라북도,전주시,완산구,효자동2가 1382,35.7971023,127.1071449
편의점,지에스25전주비,전라북도,전주시,완산구,효자동2가 1031-5,35.8075815,127.0903086
편의점,씨유전주효자혜성점,전라북도,전주시,완산구,효자동2가 1238-8,35.8160409,127.104991
편의점,씨유전주효자주공점,전라북도,전주시,완산구,효자동2가 1254-8,35.8119548,127.1016971
편의점,세븐일레븐전주홍산로점,전라북도,전주시,완산구,효자동2가 1231-8,35.8175945,127.1046927
편의점,씨유전주,전라북도,전주시,완산구,효자동2가 1157-1,35.8142035,127.1069129
편의점,세븐일레븐전주효천,전라북도,전주시,완산구,효자동2가 1326-4,35.8034975,127.1035322
편의점,세븐전북도청점,전라북도,전주시,완산구,효자동2가 1155-10,35.8148791,127.1087398
편의점,CU비전대기숙사점,전라북도,전주시,완산구,효자동2가 1070,35.808897,127.0905523
편의점,지에스25전주,전라북도,전주시,완산구,효자동2가 1167-3,35.8123531,127.1074125
편의점,씨제이올리브영전주서부,전라북도,전주시,완산구,효자동2가 1234-2,35.8171524,127.1027709
편의점,이마트24전주효자우전점,전라북도,전주시,완산구,효자동2가 129-7,35.8082738,127.1073397
편의점,GS25전주풍림점,전라북도,전주시,완산구,효자동2가 157-4,35.8076204,127.1071415
편의점,세븐일레븐전주효자,전라북도,전주시,완산구,효자동2가 1201-2,35.8080387,127.1013051
편의점,씨유전주비젼대학점,전라북도,전주시,완산구,효자동2가 1070,35.808897,127.0905523
편의점,세븐일레븐전주효천점,전라북도,전주시,완산구,효자동2가 1359-6,35.8017905,127.1022109
편의점,씨제이올리브영전주서부,전라북도,전주시,완산구,효자동2가 1155-1,35.815529,127.1070216
편의점,씨유전주,전라북도,전주시,완산구,효자동2가 93-5,35.8099077,127.1071409
편의점,이마트24전주효자,전라북도,전주시,완산구,효자동2가 1247-1,35.8131204,127.0990547
편의점,씨유전주효자,전라북도,전주시,완산구,효자동2가 1229-6,35.8175948,127.1032999
편의점,세븐일레븐전주연꽃점,전라북도,전주시,완산구,효자동2가 1209-1,35.8030099,127.0990558
편의점,세븐전주연지점,전라북도,전주시,완산구,효자동2가 1260-1,35.813121,127.1040343
편의점,씨유효천,전라북도,전주시,완산구,효자동2가 203-5,35.8046806,127.1080016
편의점,이마트24전주완산,전라북도,전주시,완산구,효자동2가 1258-1,35.8131213,127.1029721
편의점,세븐일레븐전주도교육청점,전라북도,전주시,완산구,효자동2가 1324-2,35.8048656,127.1015757
편의점,씨유전주효자,전라북도,전주시,완산구,효자동2가 1159-2,35.8131902,127.1092714
편의점,세븐일레븐전주,전라북도,전주시,완산구,효자동2가 1260-1,35.813121,127.1040343
편의점,세븐전주효자세움점,전라북도,전주시,완산구,효자동2가 1227-3,35.8177417,127.1022718
편의점,미니스톱효천대방점,전라북도,전주시,완산구,효자동2가 1383,35.7975135,127.1044218
편의점,씨유전주대평생교육원점,전라북도,전주시,완산구,효자동2가 1309-7,35.8098196,127.0956067
편의점,지에스25효자,전라북도,전주시,완산구,효자동2가 1320-1,35.8071299,127.1028704
편의점,세븐일레븐전주효자봉곡로점,전라북도,전주시,완산구,효자동2가 1248-2,35.8131188,127.0998348
편의점,세븐일레븐전주나래점,전라북도,전주시,완산구,효자동2가 1259-12,35.8119015,127.1035187
편의점,세븐일레븐전주,전라북도,전주시,완산구,효자동3가 1654-1,35.8231216,127.0979278
편의점,지에스25뉴효자스위트점,전라북도,전주시,완산구,효자동3가 1663-12,35.8212094,127.0990571
편의점,씨유전주홍산점,전라북도,전주시,완산구,효자동3가 1686-6,35.8208486,127.1003095
편의점,지에스25전주(상품권),전라북도,전주시,완산구,효자동3가 1536-8,35.8159668,127.1093575
편의점,씨유해뜰날주유소점,전라북도,전주시,완산구,효자동3가 1045-36,35.820989,127.0879608
편의점,GS25전주대학사점,전라북도,전주시,완산구,효자동3가 1345-6,35.8180049,127.0857764
편의점,GS25전주대신,전라북도,전주시,완산구,효자동3가 1730-1,35.8131215,127.0968146
편의점,GS25효자,전라북도,전주시,완산구,효자동3가 1688-9,35.8196473,127.1002837
편의점,이마트24전주문학로점,전라북도,전주시,완산구,효자동3가 1622-1,35.8266693,127.1028562
편의점,세븐일레븐전주효자원룸점,전라북도,전주시,완산구,효자동3가 1664-7,35.8214361,127.1002884
편의점,세븐전주서곡점,전라북도,전주시,완산구,효자동3가 1435-1,35.8357111,127.1015056
편의점,미니스톱서곡지구점,전라북도,전주시,완산구,효자동3가 1468-1,35.8331222,127.1015718
편의점,씨유전주대스타빌점,전라북도,전주시,완산구,효자동2가 1080,35.8106951,127.0883527
편의점,미니스톱전주홍지점,전라북도,전주시,완산구,효자동3가 1658-6,35.8214454,127.0971641
편의점,에스에이치24기전여고점,전라북도,전주시,완산구,효자동3가 1597-8,35.826836,127.098787
편의점,지에스25전주대뉴타운점,전라북도,전주시,완산구,효자동3가 1183-10,35.8170627,127.0904574
편의점,지에스25효자꽃길점,전라북도,전주시,완산구,효자동3가 1621-12,35.8254999,127.1040844
편의점,세븐일레븐전주대,전라북도,전주시,완산구,효자동3가 1281-1,35.8170277,127.0890818
편의점,지에스25효자원룸점,전라북도,전주시,완산구,효자동3가 1440-7,35.8342619,127.1021162
편의점,GS25전주슈퍼스타,전라북도,전주시,완산구,효자동3가 1731-1,35.81196,127.0944853
편의점,지에스25서곡포인트점,전라북도,전주시,완산구,효자동3가 1483-3,35.8317238,127.1008676
편의점,비지에프리테일전주대학생회관점,전라북도,전주시,완산구,효자동2가 1080,35.8106951,127.0883527
편의점,집밥뚝딱,전라북도,전주시,완산구,효자동3가 1618-16,35.8265377,127.1050092
편의점,지에스25전주,전라북도,전주시,완산구,효자동3가 1536-8,35.8159668,127.1093575
편의점,세븐일레븐전주뉴기전점,전라북도,전주시,완산구,효자동3가 1624-7,35.8258212,127.1020682
편의점,지에스25효자,전라북도,전주시,완산구,효자동3가 1609-1,35.8285527,127.1044107
편의점,세븐일레븐전주유블레스점,전라북도,전주시,완산구,효자동3가 1543-5,35.8148791,127.1108634
편의점,이마트24전주효자,전라북도,전주시,완산구,효자동3가 1670-33,35.8186447,127.0968441
편의점,지에스25효자시티점,전라북도,전주시,완산구,효자동3가 1636-1,35.8246267,127.1000883
편의점,세븐일레븐전주대,전라북도,전주시,완산구,효자동3가 1339-6,35.8172202,127.0863011
편의점,GS25효자파크점,전라북도,전주시,완산구,효자동3가 1529-2,35.8178628,127.1071562
편의점,이마트24전주효자타운점,전라북도,전주시,완산구,효자동3가 1591-11,35.8291123,127.099355
편의점,이마트24전주비보이,전라북도,전주시,완산구,효자동3가 1538-7,35.8164077,127.1099812
편의점,세븐일레븐전주효자,전라북도,전주시,완산구,효자동3가 1635-10,35.8236599,127.1006058
편의점,아싸플러스,전라북도,전주시,완산구,효자동3가 1544-3,35.8142388,127.1108122
편의점,GS25전주,전라북도,전주시,완산구,효자동3가 1536-8,35.8159668,127.1093575
편의점,씨유전주서곡대로점,전라북도,전주시,완산구,효자동3가 1472-1,35.832546,127.1028041
편의점,GS25전북도청점,전라북도,전주시,완산구,효자동3가 1534-3,35.8160389,127.1074902
편의점,지에스25전주,전라북도,전주시,완산구,효자동3가 1523-3,35.8262616,127.1100348
편의점,세븐일레븐전주도청,전라북도,전주시,완산구,효자동3가 1533-12,35.8164105,127.1069871
편의점,이마트24R전주효자유탑점,전라북도,전주시,완산구,효자동3가 1544-3,35.8142388,127.1108122
편의점,씨유서곡,전라북도,전주시,완산구,효자동3가 1459-1,35.8345128,127.1010231
편의점,미니스톱전주뉴타운점,전라북도,전주시,완산구,효자동3가 1528-15,35.8176215,127.1093469
편의점,씨제이올리브영전주대점,전라북도,전주시,완산구,효자동3가 1167-1,35.8182331,127.0922459
편의점,GS25전주서곡점,전라북도,전주시,완산구,효자동3가 1453-1,35.835152,127.0997904
편의점,씨유전북도청,전라북도,전주시,완산구,효자동3가 1529-12,35.8176199,127.1077986
편의점,지에스25서부스카이점,전라북도,전주시,완산구,효자동3가 1528-8,35.8181447,127.1108711
편의점,지에스25전주세무서점,전라북도,전주시,완산구,효자동3가 1405-4,35.8376962,127.1013749
편의점,세븐전주대사랑점,전라북도,전주시,완산구,효자동3가 1339-6,35.8172202,127.0863011
편의점,세븐전주도청CGV점,전라북도,전주시,완산구,효자동3가 1533-12,35.8164105,127.1069871
편의점,CU효자서부리턴점,전라북도,전주시,완산구,효자동3가 1663-2,35.8220963,127.0997801
편의점,씨유뉴효자원룸점,전라북도,전주시,완산구,효자동3가 1679-1,35.8197391,127.0968257
편의점,세븐일레븐전주효자스토리점,전라북도,전주시,완산구,효자동3가 1725-13,35.8129503,127.0948118
편의점,GS25기전여고,전라북도,전주시,완산구,효자동3가 1604-9,35.8273136,127.1003743
편의점,미니스톱문학타운점,전라북도,전주시,완산구,효자동3가 1616-11,35.826894,127.1045799
편의점,이마트24R전주효자플렉스점,전라북도,전주시,완산구,효자동3가 1652-2,35.8229697,127.0997838
편의점,씨유전북경찰청점,전라북도,전주시,완산구,효자동3가 1633-7,35.8235222,127.104045
편의점,씨제이올리브영전주서부,전라북도,전주시,완산구,효자동3가 1535-1,35.817302,127.1087242
편의점,세븐일레븐전주홍산,전라북도,전주시,완산구,효자동3가 1536-5,35.8164485,127.1093501
편의점,씨유전주서곡점,전라북도,전주시,완산구,효자동3가 1426-6,35.8362858,127.1003426
편의점,씨유전주효자,전라북도,전주시,완산구,효자동3가 1596-1,35.8283506,127.0984397
편의점,이마트24서전주IC점,전라북도,전주시,완산구,효자동3가 1045-9,35.8217763,127.0854876
편의점,씨유효자웨스트점,전라북도,전주시,완산구,효자동3가 1693-5,35.8194302,127.1025465
편의점,세븐일레븐전주호남,전라북도,전주시,완산구,효자동3가 1722-7,35.8141516,127.0987736
편의점,GS25효자행복,전라북도,전주시,완산구,효자동3가 1666-2,35.8220949,127.101325
편의점,미니스톱전주방송국점,전라북도,전주시,완산구,효자동3가 1694-5,35.8208031,127.1042772
편의점,씨유전주황강서원점,전라북도,전주시,완산구,효자동3가 1595-10,35.8288772,127.1017384
편의점,씨유전주대,전라북도,전주시,완산구,효자동2가 1080,35.8106951,127.0883527
편의점,세븐일레븐,전라북도,전주시,완산구,효자동3가 1677-1,35.8197564,127.0954913
편의점,미니스톱전주웨스턴점,전라북도,전주시,완산구,효자동3가 1527-11,35.8176214,127.108723
편의점,지에스25전주(상품권),전라북도,전주시,완산구,효자동3가 1523-3,35.8262616,127.1100348
편의점,씨유기전원룸점,전라북도,전주시,완산구,효자동3가 1606-1,35.8266707,127.1016847
편의점,씨유효자솔하우스점,전라북도,전주시,완산구,효자동3가 1716-19,35.8139232,127.0968339
편의점,씨유전주효자스마일점,전라북도,전주시,완산구,효자동3가 1738-11,35.8119471,127.0987696
편의점,세븐전주효자스위트점,전라북도,전주시,완산구,효자동3가 1673-1,35.8206134,127.0972249
편의점,지에스25전주기전점,전라북도,전주시,완산구,효자동3가 1606-8,35.8257915,127.1016896
편의점,씨유대성,전라북도,전주시,완산구,대성동 261-1,35.7991962,127.1776871
편의점,지에스25전주,전라북도,전주시,완산구,대성동 340-1,35.8006215,127.1710382
편의점,이마트24전주춘향로점,전라북도,전주시,완산구,색장동 811-1,35.7822184,127.1977478
편의점,이마트24전주춘향로점,전라북도,전주시,완산구,색장동 811-1,35.7822184,127.1977478
편의점,세븐서전주IC점,전라북도,전주시,완산구,상림동 88,35.8254693,127.0738238
편의점,세븐일레븐전주시청,전라북도,전주시,완산구,서노송동 619-6,35.8245282,127.1468098
편의점,세븐전주시청제일점,전라북도,전주시,완산구,서노송동 619-6,35.8245282,127.1468098
편의점,세븐,전라북도,전주시,완산구,서노송동 568-137,35.8229635,127.1493718
편의점,이마트24R전주대우빌딩점,전라북도,전주시,완산구,서노송동 568-95,35.8256953,127.1462349
편의점,씨유전주노송,전라북도,전주시,완산구,서노송동 673-20,35.8284122,127.1455525
편의점,지에스25전주열린,전라북도,전주시,완산구,서노송동 648-4,35.8267814,127.1447442
편의점,세븐일레븐전주우성점,전라북도,전주시,덕진구,진북동 434-215,35.8321308,127.1320973
편의점,세븐일레븐전주진북우성점,전라북도,전주시,덕진구,진북동 416-2,35.8316804,127.13554
편의점,세븐전주우성점,전라북도,전주시,덕진구,진북동 434-215,35.8321308,127.1320973
편의점,세븐진북점,전라북도,전주시,덕진구,진북동 417-58,35.8291332,127.1360484
편의점,GS25진북오피스점,전라북도,전주시,덕진구,진북동 1021-5,35.8288185,127.1340065
편의점,세븐전주진북우성점,전라북도,전주시,덕진구,진북동 416-2,35.8316804,127.13554
편의점,이마트24전주,전라북도,전주시,덕진구,진북동 348-2,35.8335676,127.141067
편의점,지에스25진북,전라북도,전주시,덕진구,진북동 331-2,35.8307267,127.1419292
편의점,씨유전주진북,전라북도,전주시,덕진구,진북동 1159-5,35.8322163,127.1301337
편의점,세븐일레븐편의점,전라북도,전주시,덕진구,진북동 263-11,35.8319662,127.1453008
편의점,씨유고시점,전라북도,전주시,덕진구,진북동 368-12,35.8323088,127.1381681
편의점,지에스25인후,전라북도,전주시,덕진구,인후동1가 890-1,35.8299709,127.1649671
편의점,인후동위브어울림점,전라북도,전주시,덕진구,인후동1가 755-10,35.8412274,127.1552514
편의점,세븐일레븐전주인후기린점,전라북도,전주시,덕진구,인후동1가 811-1,35.8325172,127.1579935
편의점,미니스톱인후,전라북도,전주시,덕진구,인후동1가 908-9,35.8256829,127.1634584
편의점,세븐일레븐전주인후원룸점,전라북도,전주시,덕진구,인후동1가 866-6,35.8303817,127.1615908
편의점,지에스25전주견훤로점,전라북도,전주시,덕진구,인후동1가 452-7,35.8344695,127.1565874
편의점,지에스25전주아중대우점,전라북도,전주시,덕진구,인후동1가 858-1,35.8337413,127.1663972
편의점,세븐일레븐전주인후아중점,전라북도,전주시,덕진구,인후동1가 893-4,35.8279808,127.162548
편의점,지에스25인후거성점,전라북도,전주시,덕진구,인후동1가 783-7,35.8362331,127.1556191
편의점,편의점,전라북도,전주시,덕진구,인후동1가 647-2,35.8340891,127.1505235
편의점,씨제이올리브영전주안골,전라북도,전주시,덕진구,인후동1가 768-7,35.837109,127.1551564
편의점,씨유인후,전라북도,전주시,덕진구,인후동1가 894-11,35.8272176,127.1632555
편의점,세븐전주스타점,전라북도,전주시,덕진구,인후동1가 827-14,35.83175,127.1591707
편의점,세븐일레븐전주인후건산점,전라북도,전주시,덕진구,인후동1가 626-19,35.8335491,127.1546983
편의점,지에스GS25아중,전라북도,전주시,덕진구,인후동1가 890-3,35.8297295,127.1677315
편의점,세븐일레븐전주인후,전라북도,전주시,덕진구,인후동1가 877-5,35.829892,127.1636474
편의점,지에스25인후,전라북도,전주시,덕진구,인후동1가 866-1,35.8302587,127.1608638
편의점,지에스25전주진버들점,전라북도,전주시,덕진구,인후동1가 807-2,35.8361198,127.1641741
편의점,미니스톱인후청담점,전라북도,전주시,덕진구,인후동1가 864-3,35.8295657,127.1591429
편의점,지에스25아중,전라북도,전주시,덕진구,인후동1가 848-7,35.834262,127.1640789
편의점,씨유전주한신점,전라북도,전주시,덕진구,인후동1가 1029,35.8382692,127.1542083
편의점,씨유아중,전라북도,전주시,덕진구,인후동1가 945-1,35.8232847,127.1666908
편의점,GS25전주,전라북도,전주시,덕진구,인후동1가 899-15,35.8275004,127.162069
편의점,㈜세븐전주인후안골점,전라북도,전주시,덕진구,인후동1가 780-5,35.8351302,127.1557754
편의점,세븐전주인후보석점,전라북도,전주시,덕진구,인후동1가 941-1,35.8242177,127.1661995
편의점,세븐일레븐전주인후낭만점,전라북도,전주시,덕진구,인후동1가 574,35.8375615,127.1514938
편의점,세븐일레븐전주인후안골점,전라북도,전주시,덕진구,인후동1가 780-5,35.8351302,127.1557754
편의점,씨제이올리브영전주,전라북도,전주시,덕진구,인후동1가 846-3,35.8345907,127.1644539
편의점,지에스25인후만남점,전라북도,전주시,덕진구,인후동1가 756-21,35.8390478,127.1560287
편의점,씨유안골,전라북도,전주시,덕진구,인후동1가 462-2,35.8355858,127.1578601
편의점,세븐,전라북도,전주시,덕진구,인후동1가 954-5,35.8231798,127.1683684
편의점,세븐전주아중도서관점,전라북도,전주시,덕진구,인후동1가 899-9,35.826647,127.1626446
편의점,지에스GS25아중상품권,전라북도,전주시,덕진구,인후동1가 890-3,35.8297295,127.1677315
편의점,씨유중앙여고명문점,전라북도,전주시,덕진구,인후동1가 1039,35.8290327,127.1680159
편의점,GS25아중,전라북도,전주시,덕진구,인후동1가 825-7,35.8326023,127.1606465
편의점,미니스톱아중,전라북도,전주시,덕진구,인후동1가 935-9,35.8242438,127.1654869
편의점,세븐일레븐전주아중,전라북도,전주시,덕진구,인후동1가 922-1,35.8275848,127.168431
편의점,이마트24전주인후,전라북도,전주시,덕진구,인후동1가 575-9,35.8377417,127.1523156
편의점,세븐전주인후부영점,전라북도,전주시,덕진구,인후동1가 877-5,35.829892,127.1636474
편의점,미니스톱인후안골점,전라북도,전주시,덕진구,인후동1가 780-10,35.8348958,127.1547674
편의점,세븐전주인후원룸점,전라북도,전주시,덕진구,인후동1가 866-6,35.8303817,127.1615908
편의점,씨유인후송정,전라북도,전주시,덕진구,인후동1가 533-2,35.8384051,127.1623003
편의점,지에스25전주,전라북도,전주시,덕진구,인후동1가 947-1,35.8235758,127.1674797
편의점,한별마트,전라북도,전주시,덕진구,인후동1가 815-5,35.8307317,127.1586841
편의점,세븐일레븐전주인후,전라북도,전주시,덕진구,인후동1가 851-11,35.8333448,127.1628968
편의점,세븐전주인후예원점,전라북도,전주시,덕진구,인후동1가 879-5,35.8283442,127.1613202
편의점,이마트24전주인후타운점,전라북도,전주시,덕진구,인후동1가 938-2,35.8248646,127.1666383
편의점,씨유인후어울림점,전라북도,전주시,덕진구,인후동1가 565-3,35.8404653,127.1517976
편의점,이마트24R전주,전라북도,전주시,덕진구,인후동1가 781-1,35.8355274,127.1546218
편의점,세븐일레븐전주인후,전라북도,전주시,덕진구,인후동2가 1550-11,35.8432727,127.1511322
편의점,씨유인후성락점,전라북도,전주시,덕진구,인후동2가 1574-20,35.8453917,127.1504932
편의점,세븐일레븐전주건지,전라북도,전주시,덕진구,인후동2가 1531-22,35.8450534,127.1441877
편의점,세븐일레븐전주에버파크점,전라북도,전주시,덕진구,인후동2가 5-2,35.8409609,127.1515307
편의점,세븐일레븐전주명주길점,전라북도,전주시,덕진구,인후동2가 1577-6,35.8449011,127.1528705
편의점,씨유전주여고명문점,전라북도,전주시,덕진구,인후동2가 226-10,35.8348278,127.1455233
편의점,이마트24전주인후이지움점,전라북도,전주시,덕진구,인후동2가 1559-4,35.8466485,127.1478515
편의점,세븐전주성락점,전라북도,전주시,덕진구,인후동2가 1574-19,35.8456415,127.1505169
편의점,세븐전주사학회관점,전라북도,전주시,덕진구,인후동2가 1573-1,35.8466363,127.150775
편의점,씨스페이스,전라북도,전주시,덕진구,인후동2가 226-111,35.8349388,127.1471666
편의점,이마트24R전주어울림점,전라북도,전주시,덕진구,인후동2가 1582-4,35.8427931,127.1520586
편의점,편의점,전라북도,전주시,덕진구,덕진동1가 1261-4,35.8434692,127.1265507
편의점,지에스25전북,전라북도,전주시,덕진구,덕진동1가 1266-1,35.8426428,127.1265317
편의점,세븐전북대점,전라북도,전주시,덕진구,덕진동1가 1263-21,35.8433057,127.1270283
편의점,씨유덕진,전라북도,전주시,덕진구,덕진동1가 1279-4,35.8445902,127.1241296
편의점,이마트24R,전라북도,전주시,덕진구,덕진동1가 1315-10,35.8458653,127.1250523
편의점,GS25전북체육회,전라북도,전주시,덕진구,덕진동1가 1283-2,35.8408808,127.1263138
편의점,씨유덕진경,전라북도,전주시,덕진구,덕진동1가 1436-8,35.8376859,127.1209376
편의점,파크리움25시,전라북도,전주시,덕진구,덕진동1가 1358-22,35.8450214,127.1210969
편의점,GS25덕진,전라북도,전주시,덕진구,덕진동1가 1409-37,35.8405963,127.122487
편의점,세븐일레븐전주전북대,전라북도,전주시,덕진구,덕진동1가 1266-7,35.8422775,127.1271862
편의점,이마트24SMART,전라북도,전주시,덕진구,덕진동1가 1265-9,35.8417791,127.1271966
편의점,씨유전북대타운점,전라북도,전주시,덕진구,덕진동1가 1263-18,35.8427887,127.1277992
편의점,세븐일레븐,전라북도,전주시,덕진구,덕진동1가 1263-21,35.8433057,127.1270283
편의점,세븐전주태정점,전라북도,전주시,덕진구,덕진동1가 1262-1,35.8434157,127.1254338
편의점,씨유들사평다온점,전라북도,전주시,덕진구,덕진동1가 1273-33,35.8416128,127.1235903
편의점,이마트24전북대의대생활관점,전라북도,전주시,덕진구,덕진동1가 1327-37,35.8511325,127.1274989
편의점,세븐일레븐전주,전라북도,전주시,덕진구,덕진동1가 1268-37,35.8398793,127.1240073
편의점,GS25덕진,전라북도,전주시,덕진구,덕진동1가 1314-201,35.8444252,127.124911
편의점,이마트24전북대생활관점,전라북도,전주시,덕진구,덕진동1가 1327-37,35.8511325,127.1274989
편의점,비지에프리테일전북대,전라북도,전주시,덕진구,덕진동1가 1277-10,35.8439391,127.1255605
편의점,이마트24전주,전라북도,전주시,덕진구,덕진동1가 1327-37,35.8511325,127.1274989
편의점,씨유전주파크리움점,전라북도,전주시,덕진구,덕진동1가 1400-2,35.8449967,127.1216826
편의점,미니스톱전주펠리피아점,전라북도,전주시,덕진구,덕진동1가 1267-22,35.8415171,127.1263075
편의점,씨유전주동물원점,전라북도,전주시,덕진구,덕진동1가 73-48,35.8558553,127.1446698
편의점,지에스25전북대,전라북도,전주시,덕진구,덕진동1가 664-48,35.8444842,127.1264335
편의점,씨유전북대,전라북도,전주시,덕진구,덕진동1가 664-6,35.8449215,127.1258711
편의점,GS25전북대사랑,전라북도,전주시,덕진구,덕진동1가 1264-21,35.8417448,127.1286482
편의점,씨유하가,전라북도,전주시,덕진구,덕진동2가 661-9,35.8461224,127.1103558
편의점,세븐일레븐전주하가,전라북도,전주시,덕진구,덕진동2가 666-8,35.8449917,127.1115047
편의점,지에스25원대한방온가원,전라북도,전주시,덕진구,덕진동2가 142-1,35.846949,127.1160849
편의점,지에스25하가실크,전라북도,전주시,덕진구,덕진동2가 671-1,35.8445385,127.1107645
편의점,세븐전주덕진공원점,전라북도,전주시,덕진구,덕진동2가 189-25,35.8467355,127.1209492
편의점,세븐일레븐전주하가진흥점,전라북도,전주시,덕진구,덕진동2가 659-4,35.8464065,127.1092728
편의점,세븐일레븐전주덕진공원점,전라북도,전주시,덕진구,덕진동2가 189-25,35.8467355,127.1209492
편의점,지에스25원대한방,전라북도,전주시,덕진구,덕진동2가 142-1,35.846949,127.1160849
편의점,이마트24전주,전라북도,전주시,덕진구,덕진동2가 168-8,35.8504793,127.1195337
편의점,이마트24전주하가원룸점,전라북도,전주시,덕진구,덕진동2가 654-2,35.847539,127.1099144
편의점,세븐일레븐전주하가,전라북도,전주시,덕진구,덕진동2가 690,35.8420625,127.1083124
편의점,이마트24전주하가지구점,전라북도,전주시,덕진구,덕진동2가 693-2,35.8411198,127.1100085
편의점,이마트24전주하가,전라북도,전주시,덕진구,덕진동2가 675-7,35.8430298,127.1097413
편의점,GS25덕진빌리지,전라북도,전주시,덕진구,덕진동2가 8-8,35.8522683,127.1178135
편의점,지에스25덕진호반점,전라북도,전주시,덕진구,덕진동2가 167-29,35.8493351,127.1183927
편의점,지에스25덕진공원점,전라북도,전주시,덕진구,덕진동2가 189-24,35.8468794,127.1205941
편의점,미니스톱전주하가지구점,전라북도,전주시,덕진구,덕진동2가 673-7,35.8433741,127.1105242
편의점,이마트24전북대건지위성,전라북도,전주시,덕진구,금암동 663,35.8455252,127.1330568
편의점,세븐일레븐전주금암원룸점,전라북도,전주시,덕진구,금암동 545-31,35.8369281,127.1353328
편의점,지에스25전북대,전라북도,전주시,덕진구,금암동 728-212,35.8394575,127.1333742
편의점,세븐전북대정문점,전라북도,전주시,덕진구,금암동 668-3,35.8409182,127.1312053
편의점,지에스25전주분수,전라북도,전주시,덕진구,금암동 480-16,35.8359587,127.135377
편의점,씨유전북사대부고점,전라북도,전주시,덕진구,금암동 1590-1,35.843783,127.1388352
편의점,이마트24전북대훈산건지점,전라북도,전주시,덕진구,금암동 663,35.8455252,127.1330568
편의점,씨유금암,전라북도,전주시,덕진구,금암동 754-8,35.8368979,127.1306393
편의점,씨유금암,전라북도,전주시,덕진구,금암동 793-28,35.8365852,127.1277747
편의점,세븐전주신성점,전라북도,전주시,덕진구,금암동 768-10,35.8353976,127.1284275
편의점,세븐전주북부점,전라북도,전주시,덕진구,금암동 1586-1,35.8422433,127.1407405
편의점,세븐전주금암점,전라북도,전주시,덕진구,금암동 459-13,35.8339563,127.1330138
편의점,세븐일레븐전주교보점,전라북도,전주시,덕진구,금암동 475-4,35.8364257,127.1328308
편의점,세븐일레븐전주건지점,전라북도,전주시,덕진구,금암동 667-32,35.8410711,127.1329024
편의점,지에스25뉴,전라북도,전주시,덕진구,금암동 631-319,35.8438713,127.1376882
편의점,지에스25뉴전북대,전라북도,전주시,덕진구,금암동 1594-8,35.8442329,127.1414427
편의점,지에스25금암스위트점,전라북도,전주시,덕진구,금암동 750-9,35.8381201,127.1288861
편의점,이마트24전북대학생회관편의점,전라북도,전주시,덕진구,금암동 663,35.8455252,127.1330568
편의점,이마트24R전주,전라북도,전주시,덕진구,금암동 1547-8,35.8429531,127.1386425
편의점,세븐일레븐전주뉴프론티어점,전라북도,전주시,덕진구,금암동 751-5,35.8372177,127.1286377
편의점,이마트24전주금암,전라북도,전주시,덕진구,금암동 753-2,35.837682,127.130512
편의점,이마트24전북대건지점,전라북도,전주시,덕진구,금암동 663,35.8455252,127.1330568
편의점,GS25뉴금암파크점,전라북도,전주시,덕진구,금암동 761-8,35.8362801,127.1308995
편의점,이마트24R전북대중앙도서관점,전라북도,전주시,덕진구,금암동 663,35.8455252,127.1330568
편의점,씨유,전라북도,전주시,덕진구,금암동 628-5,35.8427838,127.1347128
편의점,씨유금암원룸점,전라북도,전주시,덕진구,금암동 533-10,35.8387188,127.1364908
편의점,세븐일레븐전주,전라북도,전주시,덕진구,금암동 664-77,35.8432497,127.1284573
편의점,지에스25전북대,전라북도,전주시,덕진구,금암동 603-3,35.8395657,127.1343074
편의점,세븐전주건지점,전라북도,전주시,덕진구,금암동 667-32,35.8410711,127.1329024
편의점,세븐일레븐전주청담,전라북도,전주시,덕진구,금암동 454-8,35.8337535,127.1362198
편의점,세븐일레븐전주백제점,전라북도,전주시,덕진구,금암동 1587-7,35.8422107,127.1394397
편의점,신세계푸드이마트24전북대의대생활관점,전라북도,전주시,덕진구,금암동 634-18,35.846903,127.140749
편의점,세븐전주대학로점,전라북도,전주시,덕진구,금암동 664-77,35.8432497,127.1284573
편의점,씨유전북대후생관점,전라북도,전주시,덕진구,금암동 663,35.8455252,127.1330568
편의점,씨유전주,전라북도,전주시,덕진구,금암동 470-3,35.837701,127.1324758
편의점,이마트24전북대원룸점,전라북도,전주시,덕진구,금암동 614-5,35.839326,127.1354642
편의점,이마트24전주금암타운점,전라북도,전주시,덕진구,금암동 1576-52,35.8391451,127.1420942
편의점,씨유전북대,전라북도,전주시,덕진구,금암동 1596-18,35.8447701,127.1427764
편의점,세븐일레븐전주,전라북도,전주시,덕진구,금암동 1586-1,35.8422433,127.1407405
편의점,씨유전주,전라북도,전주시,덕진구,금암동 705-14,35.8342894,127.1323568
편의점,이마트24전북대진수당,전라북도,전주시,덕진구,금암동 663,35.8455252,127.1330568
편의점,지에스25전주심플리점,전라북도,전주시,덕진구,금암동 471-5,35.8383935,127.1316899
편의점,지에스25전북대,전라북도,전주시,덕진구,금암동 1549-8,35.8422062,127.1353406
편의점,전북대생협이마트24,전라북도,전주시,덕진구,금암동 663,35.8455252,127.1330568
편의점,세븐일레븐전주,전라북도,전주시,덕진구,금암동 459-13,35.8339563,127.1330138
편의점,세븐일레븐전주래미앙점,전라북도,전주시,덕진구,팔복동1가 119-16,35.8537021,127.1081187
편의점,씨유공단대로점,전라북도,전주시,덕진구,팔복동1가 139-15,35.8538845,127.1051839
편의점,세븐일레븐전주공단점,전라북도,전주시,덕진구,팔복동1가 165-14,35.856368,127.1076786
편의점,씨유전주우리점,전라북도,전주시,덕진구,팔복동2가 35-15,35.8505024,127.1063949
편의점,미니스톱전주공단점,전라북도,전주시,덕진구,팔복동2가 177-5,35.8490492,127.1018697
편의점,GS25전주공단점,전라북도,전주시,덕진구,팔복동2가 417-11,35.850622,127.0941198
편의점,지에스25팔복공단점,전라북도,전주시,덕진구,팔복동2가 829-8,35.8613667,127.0885554
편의점,세븐일레븐전주,전라북도,전주시,덕진구,팔복동2가 451-1,35.85362,127.0918522
편의점,세븐일레븐전주,전라북도,전주시,덕진구,팔복동2가 833-1,35.860803,127.0886672
편의점,지에스25전주산업점(상품권),전라북도,전주시,덕진구,팔복동2가 130-2,35.8480734,127.1045525
편의점,지에스25전주산업점,전라북도,전주시,덕진구,팔복동2가 130-2,35.8480734,127.1045525
편의점,지에스25나노,전라북도,전주시,덕진구,팔복동2가 616-26,35.862933,127.0853114
편의점,세븐일레븐전주팔복대로점,전라북도,전주시,덕진구,팔복동3가 522-3,35.8559826,127.0854309
편의점,지에스25뉴전주탄소점,전라북도,전주시,덕진구,팔복동3가 518-2,35.8550628,127.0862392
편의점,지에스25전주아영점,전라북도,전주시,덕진구,산정동 342-4,35.8415005,127.1732085
편의점,이마트24동전주IC점,전라북도,전주시,덕진구,산정동 319-33,35.8422681,127.1753274
편의점,이마트24전주산정타운점,전라북도,전주시,덕진구,산정동 871-4,35.8371469,127.169726
편의점,세븐일레븐전주,전라북도,전주시,덕진구,산정동 856-1,35.8389921,127.1673291
편의점,지에스25동전주IC점,전라북도,전주시,덕진구,산정동 322-7,35.8420064,127.1742435
편의점,GS25전주샤르망점,전라북도,전주시,덕진구,산정동 861-10,35.8384098,127.1686551
편의점,세븐일레븐전주아중,전라북도,전주시,덕진구,산정동 877-10,35.8363461,127.1708003
편의점,GS25아중대로점,전라북도,전주시,덕진구,산정동 876-1,35.8362552,127.1698022
편의점,씨유아중지구점,전라북도,전주시,덕진구,산정동 865-3,35.8374607,127.1690732
편의점,씨유전주고려,전라북도,전주시,덕진구,산정동 853-2,35.8396334,127.1672508
편의점,세븐전주산정점,전라북도,전주시,덕진구,산정동 856-1,35.8389921,127.1673291
편의점,미니스톱뉴아중파크점,전라북도,전주시,덕진구,우아동1가 1093-3,35.8269189,127.1721026
편의점,세븐일레븐전주우아아중점,전라북도,전주시,덕진구,우아동1가 1102-1,35.8243415,127.1698279
편의점,지에스25전주아중점,전라북도,전주시,덕진구,우아동1가 1090-1,35.8281505,127.1728289
편의점,씨유아중레이크파크점,전라북도,전주시,덕진구,우아동1가 1119-4,35.8259536,127.1757002
편의점,세븐일레븐전주뉴아중파크점,전라북도,전주시,덕진구,우아동1가 1093-3,35.8269189,127.1721026
편의점,씨유뉴아중,전라북도,전주시,덕진구,우아동1가 1107-1,35.8258606,127.1727557
편의점,애플편의점,전라북도,전주시,덕진구,우아동1가 918-6,35.8282402,127.1739154
편의점,씨유뉴아중,전라북도,전주시,덕진구,우아동1가 1107-1,35.8258606,127.1727557
편의점,세븐전주아중로점,전라북도,전주시,덕진구,우아동2가 920-3,35.8315358,127.1729841
편의점,세븐일레븐전주오지오점,전라북도,전주시,덕진구,우아동2가 867-2,35.8352502,127.1680864
편의점,지에스25전주리조트점,전라북도,전주시,덕진구,우아동2가 922-6,35.8303121,127.1728549
편의점,세븐일레븐전주아,전라북도,전주시,덕진구,우아동2가 914-1,35.8298666,127.1720925
편의점,세븐전주아중로점,전라북도,전주시,덕진구,우아동2가 920-3,35.8315358,127.1729841
편의점,세븐일레븐전주아중대우점,전라북도,전주시,덕진구,우아동2가 854-3,35.8371445,127.1665281
편의점,패밀리편의점,전라북도,전주시,덕진구,우아동2가 926-6,35.8313,127.1745381
편의점,세븐일레븐전주아중솔래점,전라북도,전주시,덕진구,우아동2가 912-5,35.8289258,127.1713591
편의점,이마트24전주아중,전라북도,전주시,덕진구,우아동2가 930-7,35.8297285,127.1744373
편의점,세븐일레븐전주뉴아중대우점,전라북도,전주시,덕진구,우아동2가 861-8,35.8361177,127.166728
편의점,씨유아중,전라북도,전주시,덕진구,우아동2가 932-1,35.8306956,127.1747606
편의점,이마트24우아사랑,전라북도,전주시,덕진구,우아동2가 898-5,35.8322668,127.1727284
편의점,세븐일레븐전주아중랜드점,전라북도,전주시,덕진구,우아동2가 927-4,35.8293744,127.1730314
편의점,이마트24전주아중,전라북도,전주시,덕진구,우아동2가 930-7,35.8297285,127.1744373
편의점,GS25전주로맨점상품권,전라북도,전주시,덕진구,우아동2가 891-3,35.8313784,127.171294
편의점,씨유전주아중은혜점,전라북도,전주시,덕진구,우아동2가 880-1,35.8341176,127.1700352
편의점,GS25아중,전라북도,전주시,덕진구,우아동2가 929-1,35.8302753,127.1736135
편의점,지에스25아중타운점,전라북도,전주시,덕진구,우아동2가 911-1,35.8293756,127.1707674
편의점,미니스톱아중,전라북도,전주시,덕진구,우아동2가 892-1,35.8330577,127.1708282
편의점,이마트24전주아중타운점,전라북도,전주시,덕진구,우아동2가 878-5,35.8333103,127.1693784
편의점,세븐전주아중랜드점,전라북도,전주시,덕진구,우아동2가 927-4,35.8293744,127.1730314
편의점,세븐전주뉴아중대우점,전라북도,전주시,덕진구,우아동2가 861-8,35.8361177,127.166728
편의점,지에스25전주로맨스점,전라북도,전주시,덕진구,우아동2가 891-3,35.8313784,127.171294
편의점,씨유전주우아대로점복권,전라북도,전주시,덕진구,우아동2가 866-1,35.8354795,127.1673514
편의점,씨유전주우아대로점,전라북도,전주시,덕진구,우아동2가 866-1,35.8354795,127.1673514
편의점,세븐전주아중솔래점,전라북도,전주시,덕진구,우아동2가 912-5,35.8289258,127.1713591
편의점,세븐전주아중리점,전라북도,전주시,덕진구,우아동2가 914-1,35.8298666,127.1720925
편의점,GS25전주로맨스점,전라북도,전주시,덕진구,우아동2가 891-3,35.8313784,127.171294
편의점,지에스25우아이편한점,전라북도,전주시,덕진구,우아동3가 762,35.8529623,127.1558327
편의점,이마트24전주우아타운점,전라북도,전주시,덕진구,우아동3가 454-9,35.8383112,127.1650363
편의점,지에스25우아시티점,전라북도,전주시,덕진구,우아동3가 727-16,35.8494707,127.1533648
편의점,세븐일레븐전주이편한세상점,전라북도,전주시,덕진구,우아동3가 743-12,35.853537,127.1565851
편의점,이마트24R전주덕진타운점,전라북도,전주시,덕진구,우아동3가 729-7,35.8490429,127.1546307
편의점,지에스25전주럭키점,전라북도,전주시,덕진구,우아동3가 285-8,35.8440666,127.1638296
편의점,씨유뉴우아한시티점,전라북도,전주시,덕진구,우아동3가 747-85,35.8502854,127.1558906
편의점,세븐일레븐전주도,전라북도,전주시,덕진구,우아동3가 458-1,35.8442281,127.1555464
편의점,씨유전주우아점,전라북도,전주시,덕진구,우아동3가 746-20,35.8489723,127.1569626
편의점,세븐일레븐전주우아백제점,전라북도,전주시,덕진구,우아동3가 750-20,35.8458974,127.1547393
편의점,해빛전주역점,전라북도,전주시,덕진구,우아동3가 746-40,35.8492782,127.1593979
편의점,이마트24전주우아점,전라북도,전주시,덕진구,우아동3가 744-47,35.8509785,127.1578625
편의점,세븐일레븐전주시그니처점,전라북도,전주시,덕진구,우아동3가 752-48,35.8486763,127.1597333
편의점,씨유대자인,전라북도,전주시,덕진구,우아동3가 734-15,35.8454198,127.1534029
편의점,지에스25전주,전라북도,전주시,덕진구,우아동3가 752-12,35.8474768,127.15769
편의점,씨유전주역점,전라북도,전주시,덕진구,우아동3가 746-59,35.8495235,127.1599374
편의점,지에스25전주호성우아점,전라북도,전주시,덕진구,우아동3가 산10-4,35.8539781,127.1526767
편의점,세븐일레븐전주우아동신점,전라북도,전주시,덕진구,우아동3가 744-145,35.8501984,127.1589508
편의점,세븐우아점,전라북도,전주시,덕진구,우아동3가 748-26,35.8475937,127.1572534
편의점,세븐일레븐전주우아점,전라북도,전주시,덕진구,우아동3가 748-26,35.8475937,127.1572534
편의점,세븐일레븐전주덕진보건소점,전라북도,전주시,덕진구,우아동3가 747-74,35.8478451,127.1546028
편의점,지에스25호성,전라북도,전주시,덕진구,우아동3가 594-25,35.8558633,127.1549851
편의점,지에스25우아백제점,전라북도,전주시,덕진구,우아동3가 748-65,35.8464861,127.1549248
편의점,지에스25뉴전주,전라북도,전주시,덕진구,우아동3가 747-48,35.8487204,127.1555675
편의점,세븐일레븐전주,전라북도,전주시,덕진구,호성동1가 792,35.8586551,127.1531628
편의점,지에스25호성대로점,전라북도,전주시,덕진구,호성동1가 687-1,35.8605822,127.1593262
편의점,미니스톱호성파크점,전라북도,전주시,덕진구,호성동1가 863-29,35.8607672,127.1497697
편의점,CU호성주공점,전라북도,전주시,덕진구,호성동1가 899,35.8585164,127.1498058
편의점,씨유전주호성,전라북도,전주시,덕진구,호성동1가 828-14,35.8604079,127.150652
편의점,호성전주병원편의점,전라북도,전주시,덕진구,호성동1가 851-10,35.8654591,127.1478291
편의점,GS25호성,전라북도,전주시,덕진구,호성동1가 822-1,35.8593629,127.1518496
편의점,미니스톱전주호성대로점,전라북도,전주시,덕진구,호성동1가 140-2,35.8643899,127.1605579
편의점,씨스페이스백석주유소점,전라북도,전주시,덕진구,전미동2가 77-18,35.8855503,127.1084206
편의점,씨유KCC스위첸점,전라북도,전주시,덕진구,송천동1가 97-6,35.8638967,127.130673
편의점,무인편의점,전라북도,전주시,덕진구,송천동1가 596-23,35.8624882,127.1151856
편의점,씨유송천서호점,전라북도,전주시,덕진구,송천동1가 326-2,35.8575871,127.1179652
편의점,제이조이전주송천지점,전라북도,전주시,덕진구,송천동1가 349-13,35.8551484,127.1193307
편의점,지에스25송천자이언트점,전라북도,전주시,덕진구,송천동1가 805,35.8660885,127.1166961
편의점,세븐일레븐전주송천솔빛점,전라북도,전주시,덕진구,송천동1가 137-34,35.8594235,127.1263083
편의점,GS25전주서호점,전라북도,전주시,덕진구,송천동1가 406-1,35.8565581,127.1188965
편의점,이마트24R전주송천,전라북도,전주시,덕진구,송천동1가 837-1,35.8633419,127.1160671
편의점,무인편의점,전라북도,전주시,덕진구,송천동1가 347,35.8563144,127.1173796
편의점,세븐일레븐전주송천솔빛점,전라북도,전주시,덕진구,송천동1가 137-34,35.8594235,127.1263083
편의점,월드면,전라북도,전주시,덕진구,송천동1가 107-110,35.8635611,127.1266651
편의점,씨유송천,전라북도,전주시,덕진구,송천동1가 101-14,35.8625348,127.1265512
편의점,월드면송천2동점,전라북도,전주시,덕진구,송천동1가 805,35.8660885,127.1166961
편의점,미니스톱송천솔빛점,전라북도,전주시,덕진구,송천동1가 478-20,35.859709,127.1222652
편의점,GS25전주,전라북도,전주시,덕진구,송천동1가 485-16,35.8609911,127.1224679
편의점,씨유송천,전라북도,전주시,덕진구,송천동1가 824-1,35.8651499,127.1160717
편의점,이마트24전주송천솔빛점,전라북도,전주시,덕진구,송천동1가 171-157,35.8576961,127.1245469
편의점,세븐전주송천우림점,전라북도,전주시,덕진구,송천동1가 101-2,35.8624912,127.1257308
편의점,씨유송천진흥점,전라북도,전주시,덕진구,송천동1가 12-10,35.86392,127.1324495
편의점,씨유송천한양점,전라북도,전주시,덕진구,송천동1가 605-1,35.8611853,127.1118503
편의점,씨유송천,전라북도,전주시,덕진구,송천동1가 107-78,35.8644002,127.1282234
편의점,세븐일레분전주,전라북도,전주시,덕진구,송천동1가 380,35.8555248,127.1191977
편의점,세븐전주송천현대점,전라북도,전주시,덕진구,송천동1가 107-141,35.8632027,127.1282284
편의점,세븐일레븐전주송천현대점,전라북도,전주시,덕진구,송천동1가 107-141,35.8632027,127.1282284
편의점,세븐일레븐전주송천우림점,전라북도,전주시,덕진구,송천동1가 101-2,35.8624912,127.1257308
편의점,지에스25송천광신점,전라북도,전주시,덕진구,송천동1가 543-94,35.8638556,127.1212034
편의점,세븐일레븐전주송천한양점,전라북도,전주시,덕진구,송천동1가 624-3,35.8609352,127.1138306
편의점,지에스25송천솔빛점,전라북도,전주시,덕진구,송천동1가 170-4,35.8582574,127.1253603
편의점,지에스25송천,전라북도,전주시,덕진구,송천동1가 108,35.8614771,127.1244959
편의점,GS25송천시티,전라북도,전주시,덕진구,송천동1가 692-1,35.8597413,127.1139428
편의점,이마트24전주송천원룸점,전라북도,전주시,덕진구,송천동1가 442-1,35.8600128,127.1173566
편의점,씨유송천대명점,전라북도,전주시,덕진구,송천동2가 530-3,35.8629092,127.1139063
편의점,씨유송천오송점,전라북도,전주시,덕진구,송천동2가 175-63,35.8667655,127.1288615
편의점,씨제이올리브영전주,전라북도,전주시,덕진구,송천동2가 1326-9,35.8736779,127.1280537
편의점,지에스25에코,전라북도,전주시,덕진구,송천동2가 1307,35.8760653,127.1349969
편의점,씨유송천,전라북도,전주시,덕진구,송천동2가 244-19,35.8664831,127.1237334
편의점,지에스25송천,전라북도,전주시,덕진구,송천동2가 186-20,35.8642405,127.127133
편의점,세븐전주송천점,전라북도,전주시,덕진구,송천동2가 247-4,35.866516,127.1227104
편의점,씨유에코,전라북도,전주시,덕진구,송천동2가 1296,35.8801312,127.1294431
편의점,이마트24전주비사벌점,전라북도,전주시,덕진구,송천동2가 197-12,35.8657368,127.1221984
편의점,메가편의점,전라북도,전주시,덕진구,송천동2가 661-3,35.8694174,127.1124546
편의점,지에스25송천비사벌점,전라북도,전주시,덕진구,송천동2가 523-6,35.8664881,127.1218251
편의점,씨유전주송천,전라북도,전주시,덕진구,송천동2가 1271,35.8684092,127.1270485
편의점,씨유,전라북도,전주시,덕진구,송천동2가 1327-6,35.8736325,127.1273497
편의점,이마트24전주,전라북도,전주시,덕진구,송천동2가 1325-1,35.8755301,127.1268032
편의점,씨유에코데시앙네스트점,전라북도,전주시,덕진구,송천동2가 1345,35.8749641,127.1371948
편의점,지에스25전주농수산점,전라북도,전주시,덕진구,송천동2가 493,35.8680627,127.1190716
편의점,씨유송천주공점,전라북도,전주시,덕진구,송천동2가 202-11,35.865788,127.1268316
편의점,세븐일레븐전주,전라북도,전주시,덕진구,송천동2가 1330-1,35.8724163,127.125134
편의점,씨유에코더샵점,전라북도,전주시,덕진구,송천동2가 1306,35.8772499,127.1330083
편의점,이마트24전주송천솔내점,전라북도,전주시,덕진구,송천동2가 321-3,35.8688943,127.1236088
편의점,지에스25송천더샵,전라북도,전주시,덕진구,송천동2가 1304,35.8774944,127.1369263
편의점,씨유송천비사벌점,전라북도,전주시,덕진구,송천동2가 193-42,35.8643437,127.123407
편의점,지에스25송천더샵(상품권),전라북도,전주시,덕진구,송천동2가 1304,35.8774944,127.1369263
편의점,세븐전주송천주공점,전라북도,전주시,덕진구,송천동2가 199-9,35.8664763,127.1245734
편의점,신구멍가게24,전라북도,전주시,덕진구,송천동2가 1298,35.8804357,127.1324466
편의점,지에스25송천,전라북도,전주시,덕진구,송천동2가 561-21,35.8666714,127.1134733
편의점,지에스25,전라북도,전주시,덕진구,송천동2가 1331-15,35.8724758,127.1273973
편의점,씨유여의영무예다음점,전라북도,전주시,덕진구,여의동 1345,35.8705826,127.0711449
편의점,이마트24R전주,전라북도,전주시,덕진구,반월동 234-144,35.8746294,127.0717493
편의점,씨유전주,전라북도,전주시,덕진구,반월동 386-10,35.873511,127.0702862
편의점,지에스25전주IC점,전라북도,전주시,덕진구,반월동 860-2,35.8743285,127.0613096
편의점,세븐전주반월세움점,전라북도,전주시,덕진구,반월동 235-7,35.8734341,127.0755929
편의점,지에스25전주(상품권),전라북도,전주시,덕진구,반월동 217-4,35.8753189,127.0726906
편의점,세븐일레븐전주반월세움점,전라북도,전주시,덕진구,반월동 235-7,35.8734341,127.0755929
편의점,GS25전주,전라북도,전주시,덕진구,반월동 217-4,35.8753189,127.0726906
편의점,지에스25전주,전라북도,전주시,덕진구,반월동 217-4,35.8753189,127.0726906
편의점,CU전주IC점,전라북도,전주시,덕진구,용정동 38-2,35.8742993,127.0602795
편의점,CU전주삼례로,전라북도,전주시,덕진구,고랑동 614-7,35.8867301,127.0774904
편의점,마마트전주,전라북도,전주시,덕진구,고랑동 1142-1,35.8763773,127.0769729
편의점,씨유전주공영점,전라북도,전주시,덕진구,여의동 658-5,35.8681603,127.0758366
편의점,GS25전주서부로점,전라북도,전주시,덕진구,여의동 857,35.8526231,127.0771692
편의점,씨유전주팔복공단점,전라북도,전주시,덕진구,여의동 751-56,35.8582664,127.0800222
편의점,세븐일레븐전주여의,전라북도,전주시,덕진구,여의동 669,35.8675299,127.0775563
편의점,큐어키친슬,전라북도,전주시,덕진구,만성동 1266-3,35.8408395,127.0736973
편의점,세븐일레븐전주양현중점,전라북도,전주시,덕진구,만성동 1356-28,35.8484908,127.074962
편의점,이마트24전주,전라북도,전주시,덕진구,만성동 1260-4,35.841314,127.0764275
편의점,씨유만성,전라북도,전주시,덕진구,만성동 1366-7,35.8435924,127.0757263
편의점,씨유만성에코르점,전라북도,전주시,덕진구,만성동 1371-1,35.8460197,127.0802777
편의점,씨유만성,전라북도,전주시,덕진구,만성동 1167-4,35.8348759,127.071042
편의점,세븐일레븐전주,전라북도,전주시,덕진구,만성동 1363-8,35.8450849,127.0742936
편의점,씨유만성,전라북도,전주시,덕진구,만성동 1259-9,35.8423744,127.0771168
편의점,세븐일레븐전주만성,전라북도,전주시,덕진구,만성동 1351-1,35.8491842,127.0774291
편의점,씨유만성스페이스온점,전라북도,전주시,덕진구,만성동 1345-3,35.8490972,127.08267
편의점,지에스25만성타운점,전라북도,전주시,덕진구,만성동 1166-5,35.8352256,127.0698388
편의점,지에스25전주대기만성점(상품권),전라북도,전주시,덕진구,만성동 1290-1,35.8391185,127.0780294
편의점,씨유국민연금관리공단점,전라북도,전주시,덕진구,만성동 1165,35.8372253,127.0716753
편의점,지에스25만성,전라북도,전주시,덕진구,만성동 1367-1,35.8474325,127.0781964
편의점,세븐일레븐전주만성,전라북도,전주시,덕진구,만성동 1282-1,35.8397311,127.072582
편의점,서흥이엔지,전라북도,전주시,덕진구,만성동 1345-3,35.8490972,127.08267
편의점,GS25전주대기만성점,전라북도,전주시,덕진구,만성동 1290-1,35.8391185,127.0780294
편의점,지에스25전주만성점,전라북도,전주시,덕진구,만성동 1373-1,35.8431218,127.0768604
편의점,지에스25만성,전라북도,전주시,덕진구,만성동 1371-3,35.844329,127.078906
편의점,서흥이엔지,전라북도,전주시,덕진구,만성동 1345-3,35.8490972,127.08267
편의점,지에스25만성(상품권),전라북도,전주시,덕진구,만성동 1371-3,35.844329,127.078906
편의점,혁신락볼링편의점,전라북도,전주시,덕진구,장동 1088-4,35.8387136,127.0624031
편의점,지성,전라북도,전주시,덕진구,장동 1083-1,35.8445063,127.0587595
편의점,씨유혁신,전라북도,전주시,덕진구,장동 1083-1,35.8445063,127.0587595
편의점,지에스25전북혁신스쿨점,전라북도,전주시,덕진구,장동 1069-1,35.8418283,127.0577755
편의점,픽미픽미아이스,전라북도,전주시,덕진구,장동 1075,35.8405929,127.0601639
편의점,씨유혁신호반점,전라북도,전주시,덕진구,장동 1074,35.8403808,127.0569718
편의점,이마트24R전주혁신로점,전라북도,전주시,덕진구,장동 603-4,35.8545488,127.0659136
편의점,혁신볼링편의점,전라북도,전주시,덕진구,장동 1088-4,35.8387136,127.0624031
편의점,씨제이올리브영전주,전라북도,전주시,덕진구,장동 1111,35.8390163,127.060152
편의점,씨유전주혁신,전라북도,전주시,덕진구,장동 130-1,35.8481503,127.0647443
편의점,지에스25전주제1공단점,전라북도,전주시,덕진구,팔복동4가 201,35.8622486,127.101528
편의점,지에스25전주기지점,전라북도,전주시,덕진구,중동 775-2,35.8381128,127.0609057
편의점,전주호반,전라북도,전주시,덕진구,중동 789,35.8371573,127.0630201
편의점,지에스25전주기지점(상품권),전라북도,전주시,덕진구,중동 775-2,35.8381128,127.0609057
편의점,세븐일레븐전주혁신우미점,전라북도,전주시,덕진구,중동 798,35.8350254,127.0629606
편의점,씨유전북혁신해피트리점,전라북도,전주시,덕진구,중동 774-1,35.8381055,127.0599834
편의점,씨유혁신으뜸점,전라북도,전주시,덕진구,중동 807,35.8347768,127.0659367
편의점,씨유전북혁신,전라북도,전주시,덕진구,중동 779-1,35.8358719,127.0601355
편의점,이마트24전주,전라북도,전주시,덕진구,중동 777-3,35.8373091,127.0605664
편의점,세븐일레븐전북,전라북도,전주시,덕진구,중동 776-3,35.8372732,127.0595009
편의점,GS25여의만남점,전라북도,전주시,덕진구,여의동2가 643-7,35.8714335,127.0809957
편의점,씨유전주명심점,전라북도,전주시,덕진구,여의동2가 571-160,35.8725373,127.0804532
편의점,세븐일레븐전주동산점,전라북도,전주시,덕진구,여의동2가 695,35.8714271,127.0770077
편의점,이마트24전주여의점,전라북도,전주시,덕진구,여의동2가 708-4,35.8692937,127.0775348
편의점,지에스25여의만남점,전라북도,전주시,덕진구,여의동2가 643-7,35.8714335,127.0809957
편의점,하루코디,전라북도,전주시,덕진구,여의동2가 688-5,35.8725326,127.0768624
편의점,어람,전라북도,전주시,덕진구,여의동2가 708-4,35.8692937,127.0775348
편의점,GS25여의만남점상품권,전라북도,전주시,덕진구,여의동2가 643-7,35.8714335,127.0809957
편의점,씨유전주동산,전라북도,전주시,덕진구,여의동2가 573-1,35.871377,127.0786825
편의점,이마트24전주,전라북도,전주시,덕진구,여의동2가 748,35.86511,127.0894623
편의점,세븐일레븐군산월명점,전라북도,군산시,월명동,17-17,35.9842773,126.708463
편의점,씨유군산월명,전라북도,군산시,월명동,7-4,35.98603,126.7088678
편의점,세븐일레븐군산우체통,전라북도,군산시,신창동,18-1,35.9857858,126.7116572
편의점,메쿰,전라북도,군산시,신창동,45-1,35.9868535,126.7096175
편의점,셀프편의점,전라북도,군산시,문화동,782-1,35.9750379,126.7000734
편의점,농심할인마트,전라북도,군산시,문화동,898-5,35.974106,126.7060439
편의점,현민이마트24군산성신,전라북도,군산시,문화동,881-1,35.9760873,126.7061795
편의점,이마트24군산,전라북도,군산시,문화동,887-21,35.9766017,126.7039356
편의점,GS25군산한길점,전라북도,군산시,삼학동,265-9,35.9794401,126.713258
편의점,지에스25군산삼학점,전라북도,군산시,삼학동,812-38,35.9765956,126.7090379
편의점,지에스25군산,전라북도,군산시,영화동,26-10,35.989066,126.7087497
편의점,GS25군산모아점,전라북도,군산시,중앙로1가,7-4,35.9880968,126.7100715
편의점,세븐일레븐군산영화점,전라북도,군산시,영화동,12-6,35.9897179,126.7110028
편의점,씨유군산장미점,전라북도,군산시,장미동,5-4,35.9877078,126.7167136
편의점,이마트24군산장미점,전라북도,군산시,장미동,51-1,35.9864917,126.7144426
편의점,지에스25군산해양공원,전라북도,군산시,장미동,1-12,35.9885953,126.7148098
편의점,씨유군산,전라북도,군산시,중앙로2가,141-3,35.9829182,126.7170241
편의점,씨유군산신영점,전라북도,군산시,신영동,6-1,35.9863353,126.7193487
편의점,씨유뉴군산,전라북도,군산시,대명동,387-12,35.9774557,126.7237626
편의점,지에스25군산메트로점,전라북도,군산시,대명동,385-60,35.9786881,126.7223739
편의점,세븐일레븐군산팔마로점,전라북도,군산시,동흥남동,399-14,35.9735343,126.7175654
편의점,지에스25군산스트리트몰점,전라북도,군산시,조촌동,2-47,35.9766082,126.7433028
편의점,GS25군산시청,전라북도,군산시,조촌동,889-1,35.9680813,126.7357294
편의점,지에스25군산조촌로점,전라북도,군산시,조촌동,841-12,35.9725853,126.737374
편의점,CU군산조촌,전라북도,군산시,조촌동,848,35.9713416,126.7349096
편의점,씨유군산디오션,전라북도,군산시,조촌동,2-17,35.9762459,126.7410872
편의점,세븐일레븐군산조촌로점,전라북도,군산시,조촌동,923-1,35.9699162,126.741675
편의점,세븐일레븐군산디오션시티점,전라북도,군산시,조촌동,41-26,35.9767228,126.7447132
편의점,이마트24군산조촌타운점,전라북도,군산시,조촌동,2-18,35.9761551,126.7405406
편의점,GS25군산조촌로점,전라북도,군산시,조촌동,841-12,35.9725853,126.737374
편의점,씨유군산디오션점,전라북도,군산시,조촌동,2-38,35.9769413,126.7420828
편의점,지에스25군산교육청점,전라북도,군산시,조촌동,758-1,35.9664086,126.7395401
편의점,지에스25뉴군산,전라북도,군산시,조촌동,744-14,35.9701923,126.7391118
편의점,이마트24,전라북도,군산시,조촌동,833-4,35.975362,126.7355703
편의점,세븐일레븐군산제일고점,전라북도,군산시,조촌동,565-22,35.9747503,126.7455539
편의점,이마트24동군산,전라북도,군산시,조촌동,470-7,35.9768214,126.7366956
편의점,세븐일레븐군산롯데,전라북도,군산시,조촌동,450-21,35.976449,126.7385869
편의점,미니스톱군산,전라북도,군산시,조촌동,769-4,35.962788,126.7383588
편의점,씨제이올리브영,전라북도,군산시,조촌동,2-18,35.9761551,126.7405406
편의점,미니스톱,전라북도,군산시,조촌동,850,35.972282,126.7355385
편의점,세븐일레븐동군산,전라북도,군산시,조촌동,671-13,35.9775339,126.7371975
편의점,씨유군산이편한,전라북도,군산시,조촌동,3967,35.9771407,126.7462644
편의점,이마트24군산교육문화회관점,전라북도,군산시,조촌동,863-4,35.9698154,126.7357555
편의점,세븐일레븐군산경장,전라북도,군산시,경장동,496-13,35.9708459,126.7309552
편의점,코리아세븐군산경장,전라북도,군산시,경장동,496-13,35.9708459,126.7309552
편의점,GS25군산경장점,전라북도,군산시,경장동,548-9,35.9702273,126.7344808
편의점,지에스25경장,전라북도,군산시,경장동,505-19,35.9700211,126.7320297
편의점,세븐일레븐군산조촌,전라북도,군산시,경장동,544-15,35.9715493,126.7345486
편의점,미니스톱군산,전라북도,군산시,경암동,614-1,35.9773857,126.7248192
편의점,GS25군장생활관점,전라북도,군산시,경암동,664-5,35.9766413,126.7309119
편의점,세븐일레븐군산경암점,전라북도,군산시,경암동,642-6,35.9783256,126.7326857
편의점,씨유군산경암,전라북도,군산시,경암동,638-11,35.9801801,126.7335887
편의점,지에스25뉴군산경암점,전라북도,군산시,경암동,638-18,35.9803687,126.7333477
편의점,이마트24군산철길,전라북도,군산시,경암동,521-9,35.98108,126.7361616
편의점,씨유군산경암점,전라북도,군산시,경암동,680-4,35.975475,126.7307135
편의점,이마트24군산,전라북도,군산시,경암동,614-6,35.9768646,126.7248255
편의점,이마트24Self군산진포로점,전라북도,군산시,경암동,659-2,35.9766526,126.7326952
편의점,지에스25군산러브점,전라북도,군산시,경암동,614-1,35.9773857,126.7248192
편의점,씨유군산경암,전라북도,군산시,경암동,665-30,35.976848,126.7298442
편의점,이마트24군산,전라북도,군산시,구암동,614,35.9871268,126.7439904
편의점,GS25군산IC점,전라북도,군산시,구암동,4-9,35.9842463,126.7598168
편의점,씨유군산구암,전라북도,군산시,구암동,64-48,35.9783486,126.7521251
편의점,씨유군산,전라북도,군산시,구암동,333-1,35.9844398,126.7431514
편의점,씨유군산구암,전라북도,군산시,구암동,64-48,35.9783486,126.7521251
편의점,오션마트,전라북도,군산시,내흥동,925,35.9938939,126.7525406
편의점,지에스25군산클래스점,전라북도,군산시,내흥동,925,35.9938939,126.7525406
편의점,7ELEVEN군산신역세권점,전라북도,군산시,내흥동,1017,36.0020599,126.7576192
편의점,지에스25군산간호대점,전라북도,군산시,개정동,413,35.9709343,126.7596858
편의점,지에스25뉴군산경,전라북도,군산시,사정동,159-2,35.9645289,126.7501291
편의점,세븐군산수송센터점,전라북도,군산시,수송동,831-1,35.96673,126.7165282
편의점,세븐일레븐군산수송공원점,전라북도,군산시,수송동,848,35.9654352,126.7190527
편의점,세븐군산수송보건점,전라북도,군산시,수송동,850-11,35.9642902,126.719233
편의점,지에스25수송,전라북도,군산시,수송동,69-13,35.9701589,126.7197615
편의점,씨유수송,전라북도,군산시,수송동,873-11,35.9612867,126.7182701
편의점,지에스25뉴수송,전라북도,군산시,수송동,843,35.9654276,126.7174563
편의점,지에스25수송,전라북도,군산시,수송동,857-1,35.9610115,126.7167282
편의점,세븐일레븐군산뉴,전라북도,군산시,수송동,802-16,35.9671655,126.7151951
편의점,세븐일레븐군산,전라북도,군산시,수송동,427-9,35.9717863,126.7139607
편의점,지에스25수송(상품권),전라북도,군산시,수송동,857-1,35.9610115,126.7167282
편의점,GS25수송오투점,전라북도,군산시,수송동,791,35.9622222,126.7105163
편의점,아이맘편의점,전라북도,군산시,수송동,52-6,35.956722,126.7165231
편의점,세븐일레븐군산수송영재점,전라북도,군산시,수송동,823-3,35.9613091,126.7148031
편의점,이마트24군산수송타운점,전라북도,군산시,수송동,875-7,35.9600578,126.7171981
편의점,씨유수송,전라북도,군산시,수송동,832-4,35.9657324,126.7167686
편의점,GS25군산흥남점,전라북도,군산시,수송동,895,35.9703396,126.7108583
편의점,씨유군산수송,전라북도,군산시,수송동,803-3,35.9684737,126.7141149
편의점,세븐일레븐군산수송보건점,전라북도,군산시,수송동,850-11,35.9642902,126.719233
편의점,지에스25수송,전라북도,군산시,수송동,861,35.9634649,126.7178534
편의점,세븐일레븐군산수송동신점,전라북도,군산시,수송동,794-5,35.9603285,126.7105302
편의점,GS25수송,전라북도,군산시,수송동,857-1,35.9610115,126.7167282
편의점,씨제이올리브영군산신송,전라북도,군산시,수송동,852-1,35.9636697,126.716486
편의점,씨유군산,전라북도,군산시,수송동,834-1,35.9668062,126.7172109
편의점,지에스25군산,전라북도,군산시,수송동,874,35.9623803,126.7194511
편의점,이마트24R군산참조은점,전라북도,군산시,수송동,821-5,35.9626892,126.7145383
편의점,세븐일레븐군산수송,전라북도,군산시,수송동,831-1,35.96673,126.7165282
편의점,세븐일레븐군산수송비발디점,전라북도,군산시,수송동,883,35.9610124,126.7194496
편의점,씨유군산,전라북도,군산시,미장동,519-14,35.9644691,126.7324728
편의점,미니스톱미장,전라북도,군산시,미장동,61-32,35.9592316,126.7286607
편의점,이마트24군산,전라북도,군산시,미장동,494-5,35.9670676,126.7295528
편의점,세븐일레븐군산미장지구점,전라북도,군산시,미장동,540-11,35.9621549,126.7269356
편의점,이마트24군산미장타운점,전라북도,군산시,미장동,484,35.9677928,126.7253276
편의점,세븐일레븐점,전라북도,군산시,지곡동,506-15,35.9584429,126.7060955
편의점,세븐일레븐원룸점,전라북도,군산시,지곡동,516-8,35.9579127,126.7089841
편의점,GS25군산의료원점,전라북도,군산시,지곡동,556-2,35.9556538,126.713061
편의점,씨유군산지곡,전라북도,군산시,지곡동,496-1,35.9581848,126.7044814
편의점,G25지곡,전라북도,군산시,지곡동,42-5,35.9503625,126.7129078
편의점,지에스25군산의료원,전라북도,군산시,지곡동,29-1,35.9545943,126.7123916
편의점,세븐일레븐군산지곡,전라북도,군산시,지곡동,541-1,35.9590432,126.7109099
편의점,씨유타운점,전라북도,군산시,지곡동,509-10,35.9594563,126.7071805
편의점,씨유지곡원룸점,전라북도,군산시,지곡동,548-6,35.9575411,126.7109396
편의점,씨유군산엠플레이스점,전라북도,군산시,지곡동,136-1,35.9521982,126.7098437
편의점,세븐군산지곡원룸점,전라북도,군산시,지곡동,516-8,35.9579127,126.7089841
편의점,세븐일레븐군산지곡,전라북도,군산시,지곡동,507-6,35.9583949,126.7074469
편의점,씨유하나로점,전라북도,군산시,지곡동,503-3,35.9562768,126.7066334
편의점,씨유은파,전라북도,군산시,지곡동,379-1,35.9456649,126.7070465
편의점,이마트24원룸점,전라북도,군산시,지곡동,489-9,35.9595625,126.7063545
편의점,지에스25지곡미주점,전라북도,군산시,지곡동,540-3,35.9586681,126.710582
편의점,GS25점,전라북도,군산시,지곡동,158-1,35.9550344,126.708094
편의점,세븐일레븐군산의료원점,전라북도,군산시,지곡동,555-5,35.9557866,126.711633
편의점,미니스톱지곡,전라북도,군산시,지곡동,562-13,35.9575511,126.712287
편의점,세븐군산지곡점,전라북도,군산시,지곡동,506-15,35.9584429,126.7060955
편의점,세븐군산나운일번지점,전라북도,군산시,나운동,853-4,35.9625943,126.6913325
편의점,세븐일레븐나운중앙,전라북도,군산시,나운동,501-10,35.9682597,126.704241
편의점,응응스크르군산서나운점,전라북도,군산시,나운동,100-15,35.9651652,126.7021285
편의점,씨유군산나운점,전라북도,군산시,나운동,817-1,35.9682874,126.7012957
편의점,GS25나운,전라북도,군산시,나운동,750-8,35.9730433,126.6963567
편의점,지에스25나운어울림점,전라북도,군산시,나운동,831,35.9673734,126.6974086
편의점,군산나운,전라북도,군산시,나운동,1521,35.9668279,126.7054699
편의점,세븐군산유앤미점,전라북도,군산시,나운동,96-11,35.9647961,126.7032142
편의점,지에스25나운한울점,전라북도,군산시,나운동,155-1,35.959986,126.7008257
편의점,세븐일레븐군산나운비사벌점,전라북도,군산시,나운동,153-11,35.9600642,126.6980679
편의점,GS25나운,전라북도,군산시,나운동,1521,35.9668279,126.7054699
편의점,씨유군산나운,전라북도,군산시,나운동,768-14,35.9708525,126.6940742
편의점,응응스크르군산은파,전라북도,군산시,나운동,156-6,35.9577584,126.7009875
편의점,세븐일레븐군산나운햇살점,전라북도,군산시,나운동,109-24,35.9618936,126.7023304
편의점,세븐군산나운금호점,전라북도,군산시,나운동,1521,35.9668279,126.7054699
편의점,씨유군산나운,전라북도,군산시,나운동,45,35.9685155,126.7096912
편의점,세븐일레븐군산나운백조점,전라북도,군산시,나운동,781-11,35.9682659,126.6950837
편의점,지에스25군,전라북도,군산시,나운동,826-15,35.9679651,126.6993363
편의점,씨제이올리브영군산나운점,전라북도,군산시,나운동,96-19,35.9646926,126.7034766
편의점,지에스25군산시티점,전라북도,군산시,나운동,103-7,35.9636962,126.7036942
편의점,씨유나운대로점,전라북도,군산시,나운동,806-8,35.9636643,126.6915063
편의점,GS25나운주공점,전라북도,군산시,나운동,45-10,35.9683299,126.7060808
편의점,행복한건축,전라북도,군산시,나운동,838-10,35.9633432,126.6940333
편의점,이마트24군산시립도서관점,전라북도,군산시,나운동,1536-7,35.9653291,126.7105146
편의점,gs25군산스카이점,전라북도,군산시,나운동,107-8,35.9621831,126.7008921
편의점,세븐일레븐군산나운한밭점,전라북도,군산시,나운동,1187-20,35.9611054,126.6923381
편의점,세븐일레븐군산유원,전라북도,군산시,나운동,861-15,35.9611549,126.6894503
편의점,세븐일레븐군산수송,전라북도,군산시,나운동,1537-6,35.9645427,126.7098425
편의점,씨유군산영창점,전라북도,군산시,나운동,156-6,35.9577584,126.7009875
편의점,씨유군산,전라북도,군산시,나운동,100-7,35.9643254,126.7021429
편의점,세븐일레븐군산나운일번지점,전라북도,군산시,나운동,853-4,35.9625943,126.6913325
편의점,씨유군산,전라북도,군산시,나운동,826-13,35.9684936,126.6983159
편의점,세븐유원점,전라북도,군산시,나운동,862-7,35.9606111,126.6906023
편의점,세븐일레븐군산유앤미점,전라북도,군산시,나운동,96-10,35.9648875,126.7030199
편의점,지에스25군산주공점,전라북도,군산시,수송동,930,35.9683079,126.7108087
편의점,GS25군산,전라북도,군산시,나운동,388,35.9652927,126.6998667
편의점,엘호텔편의점,전라북도,군산시,나운동,858-1,35.9620684,126.6900959
편의점,씨유군산나운,전라북도,군산시,나운동,153-7,35.9612436,126.6996292
편의점,세븐일레븐군산,전라북도,군산시,나운동,862-7,35.9606111,126.6906023
편의점,지에스25나운우진점,전라북도,군산시,나운동,555-1,35.9718319,126.7027499
편의점,지에스25나운(상품권),전라북도,군산시,나운동,1521,35.9668279,126.7054699
편의점,세븐일레븐군산어울림점,전라북도,군산시,나운동,1525,35.9663299,126.707685
편의점,지에스25군산,전라북도,군산시,나운동,851-1,35.9631459,126.6902109
편의점,GS25은파유원지점,전라북도,군산시,미룡동,49-7,35.9507098,126.6924274
편의점,GS25군산대점,전라북도,군산시,미룡동,879-2,35.9451933,126.6867532
편의점,씨유군산미룡점,전라북도,군산시,미룡동,71,35.9413376,126.6927985
편의점,GS25군산대,전라북도,군산시,미룡동,866-1,35.9472993,126.6855177
편의점,지에스25미룡,전라북도,군산시,미룡동,62,35.9434591,126.6926634
편의점,씨유군산대원룸점,전라북도,군산시,미룡동,886-5,35.944036,126.6869087
편의점,지에스25뉴미룡대로점,전라북도,군산시,미룡동,865-4,35.9553548,126.6759686
편의점,GS25군산미룡점,전라북도,군산시,미룡동,854-7,35.9581944,126.6761265
편의점,GS25군산대,전라북도,군산시,미룡동,290-2,35.9470227,126.6815183
편의점,마마트원당점,전라북도,군산시,미룡동,573-2,35.9536833,126.674849
편의점,씨유군산대도서관점,전라북도,군산시,미룡동,290-2,35.9470227,126.6815183
편의점,세븐일레븐군산대원룸점,전라북도,군산시,미룡동,888-7,35.9440711,126.6877055
편의점,씨유군산대아카데미홀점,전라북도,군산시,미룡동,290-2,35.9470227,126.6815183
편의점,씨유군산대학생회관점,전라북도,군산시,미룡동,290-2,35.9470227,126.6815183
편의점,씨유군산대점,전라북도,군산시,미룡동,867-5,35.9472498,126.6864447
편의점,미니스톱군산미룡,전라북도,군산시,미룡동,855,35.9580988,126.6754379
편의점,GS25뉴미룡대로점,전라북도,군산시,미룡동,865-4,35.9553548,126.6759686
편의점,지에스25뉴미룡대로점(상품권),전라북도,군산시,미룡동,865-4,35.9553548,126.6759686
편의점,세븐군산대원룸점,전라북도,군산시,미룡동,888-7,35.9440711,126.6877055
편의점,씨유군산은파점,전라북도,군산시,미룡동,59-59,35.9452355,126.6921085
편의점,세븐일레븐군산공단점,전라북도,군산시,소룡동,98,35.9704504,126.6401833
편의점,GS25군산하이츠점,전라북도,군산시,소룡동,1381-5,35.975565,126.6818328
편의점,미니스톱군산금강점,전라북도,군산시,소룡동,1349-9,35.9756962,126.683446
편의점,이마트24R군산소룡대로점,전라북도,군산시,소룡동,722,35.9775545,126.6742389
편의점,이마트24군산소룡점,전라북도,군산시,소룡동,1569-5,35.9693657,126.6783042
편의점,CU군산솔비앙점,전라북도,군산시,소룡동,768,35.9784796,126.6773074
편의점,세븐군산소룡칠성점,전라북도,군산시,소룡동,1570,35.9699892,126.6789356
편의점,지에스25군산파크점,전라북도,군산시,소룡동,1556-17,35.9729724,126.6762554
편의점,씨유군산소룡,전라북도,군산시,소룡동,1566-1,35.9702417,126.6763121
편의점,지에스25소룡,전라북도,군산시,소룡동,857,35.9799789,126.67983
편의점,세븐일레븐군산소룡천하점,전라북도,군산시,소룡동,1556-6,35.9719165,126.6756435
편의점,씨유군산해망로점,전라북도,군산시,소룡동,679,35.9826101,126.6823763
편의점,GS25군산명성점,전라북도,군산시,소룡동,1552-4,35.9719646,126.6778681
편의점,씨유소룡원룸점,전라북도,군산시,소룡동,775-25,35.9766511,126.6785918
편의점,세븐일레븐군산해양수산청점,전라북도,군산시,소룡동,1530-1,35.9725738,126.6823796
편의점,세븐일레븐군산소룡,전라북도,군산시,소룡동,1570,35.9699892,126.6789356
편의점,지에스25소룡,전라북도,군산시,소룡동,775-14,35.9774436,126.6792652
편의점,씨유군산소룡,전라북도,군산시,소룡동,1540-12,35.9722452,126.6801784
편의점,세븐일레븐군산국가,전라북도,군산시,오식도동,817-5,35.9470966,126.5689595
편의점,지에스25오식도원룸점,전라북도,군산시,오식도동,690-8,35.9623209,126.5706752
편의점,미니스톱오식도코아점,전라북도,군산시,오식도동,623-16,35.9637902,126.5644021
편의점,세븐일레븐군산오식도,전라북도,군산시,오식도동,639-14,35.9623708,126.5662767
편의점,이마트24군산오식도점,전라북도,군산시,오식도동,644-1,35.9619689,126.5639998
편의점,씨유군산오식도,전라북도,군산시,오식도동,603-14,35.9652623,126.5642937
편의점,미니스톱군산,전라북도,군산시,오식도동,1005,35.9466022,126.5680655
편의점,지에스25오식도대로점,전라북도,군산시,오식도동,630-4,35.9635147,126.5668147
편의점,씨유군산필하우스점,전라북도,군산시,오식도동,806-3,35.9676405,126.5655127
편의점,세븐일레븐군산군장코아점,전라북도,군산시,오식도동,599-14,35.9651732,126.5626009
편의점,지에스25새만금개발청,전라북도,군산시,오식도동,1020,35.9470022,126.5825921
편의점,씨유군산오식도,전라북도,군산시,오식도동,665-2,35.964035,126.5676004
편의점,세븐일레븐군산뉴오식도점,전라북도,군산시,오식도동,688-8,35.9622687,126.5697317
편의점,세븐일레븐군산새만금점,전라북도,군산시,오식도동,623-9,35.9637191,126.5631117
편의점,GS25오식도원룸점,전라북도,군산시,오식도동,690-8,35.9623209,126.5706752
편의점,세븐군산새만금점,전라북도,군산시,오식도동,623-9,35.9637191,126.5631117
편의점,세븐일레븐군산리틀프린스점,전라북도,군산시,오식도동,977,35.9456307,126.5584196
편의점,씨유군산오식도대로점,전라북도,군산시,오식도동,973,35.9455053,126.5571715
편의점,지에스25새만금비전점,전라북도,군산시,오식도동,991,35.946097,126.5630487
편의점,굿마트,전라북도,군산시,오식도동,651-5,35.9613024,126.5669901
편의점,씨유군산오식도원룸점,전라북도,군산시,오식도동,636-14,35.9623054,126.5650713
편의점,세븐일레븐군산맨하탄점,전라북도,군산시,오식도동,621-6,35.9647477,126.5667148
편의점,GS25오식도원룸점상품권,전라북도,군산시,오식도동,690-8,35.9623209,126.5706752
편의점,CU군산오식도점,전라북도,군산시,오식도동,817-3,35.9477423,126.5689108
편의점,지에스25군산산업점,전라북도,군산시,오식도동,683-1,35.9621583,126.5677494
편의점,이마트24군산오식도문화,전라북도,군산시,오식도동,669-1,35.9637583,126.5700056
편의점,GS25새만금기로점,전라북도,군산시,비응도동,50,35.9417128,126.5340562
편의점,씨유군산비응항점,전라북도,군산시,비응도동,67-4,35.9386258,126.532629
편의점,세븐일레븐군산뉴비응항점,전라북도,군산시,비응도동,86-1,35.9379465,126.5277384
편의점,이마트24군산신관대로점,전라북도,군산시,신관동,19-7,35.9373925,126.6870095
편의점,세븐군산산북코오롱점,전라북도,군산시,산북동,3537-8,35.969308,126.680554
편의점,세븐일레븐군산산북코오롱점,전라북도,군산시,산북동,3537-8,35.969308,126.680554
편의점,지에스25군산우리점,전라북도,군산시,산북동,3556-18,35.9669906,126.6768007
편의점,지에스25산북,전라북도,군산시,산북동,3559-18,35.9658665,126.6786636
편의점,지에스25산북주공점,전라북도,군산시,산북동,3541,35.9683397,126.6845826
편의점,이마트24군산코오롱점,전라북도,군산시,산북동,3537-10,35.9687364,126.6808421
편의점,세븐일레븐산북동원룸점,전라북도,군산시,산북동,3556-5,35.966015,126.6763239
편의점,세븐일레븐군산산북대로점,전라북도,군산시,산북동,1231-2,35.9739542,126.6760309
편의점,GS25군산,전라북도,군산시,산북동,3535-4,35.9684037,126.67926
편의점,지에스25군산공단로점,전라북도,군산시,산북동,1113,35.9719522,126.650634
편의점,씨유군산외항DS점,전라북도,군산시,산북동,1994,35.9688359,126.6403185
편의점,베스트올산북점,전라북도,군산시,산북동,3568-3,35.9657595,126.6751861
편의점,미니스톱산북,전라북도,군산시,산북동,3532-4,35.9684767,126.6776446
편의점,지에스25미룡,전라북도,군산시,산북동,3591-4,35.9630794,126.6788632
편의점,갤럭시편의점,전라북도,군산시,산북동,505-163,35.9528351,126.6636414
편의점,씨유군산산북점,전라북도,군산시,산북동,3540-1,35.968985,126.6841058
편의점,황금유통,전라북도,군산시,산북동,1094-7,35.9736827,126.6562792
편의점,지에스25산북,전라북도,군산시,산북동,3602-9,35.9609009,126.6763142
편의점,미니스톱군산웰빙점,전라북도,군산시,산북동,3559-5,35.9663848,126.6786375
편의점,씨유군산내초대로점,전라북도,군산시,내초동,186-17,35.9600505,126.6204983
편의점,세븐일레븐군산내초점,전라북도,군산시,내초동,191-12,35.9638338,126.6089387
편의점,씨유군산공단점,전라북도,군산시,내초동,191-5,35.9643131,126.6097892
편의점,씨유SK군산강우주유소점,전라북도,군산시,내초동,155-8,35.9485582,126.5954385
편의점,지에스25내초대로점,전라북도,군산시,내초동,123-6,35.9531411,126.5877749
편의점,지에스25군산옥구점,전라북도,군산시,옥구읍,선제리 97-3,35.9231031,126.6857222
편의점,이마트24R군산조은점,전라북도,군산시,옥산면,당북리 957-6,35.9496327,126.7152758
편의점,씨유군산,전라북도,군산시,옥산면,옥산리 66-4,35.942209,126.7493634
편의점,지에스군산,전라북도,군산시,옥산면,옥산리 75-3,35.942692,126.7487193
편의점,씨유편의점예가편의점,전라북도,군산시,옥산면,당북리 431-14,35.9514506,126.7152557
편의점,씨유군산회현점,전라북도,군산시,회현면,대정리 59-1,35.9130425,126.7560557
편의점,이마트24군산임피점,전라북도,군산시,임피면,읍내리 482-3,35.9843366,126.8519327
편의점,지에스25호원기숙사점,전라북도,군산시,임피면,월하리 727,35.9658945,126.8646609
편의점,지에스25호원대점,전라북도,군산시,임피면,월하리 791-16,35.962237,126.8667895
편의점,씨유호원대,전라북도,군산시,임피면,월하리 791-9,35.9626051,126.8663987
편의점,지에스25군산서수점,전라북도,군산시,서수면,서수리 795-14,35.9819492,126.8779908
편의점,이마트24동군산,전라북도,군산시,서수면,마룡리 99-22,36.0146034,126.8793871
편의점,지에스25군산,전라북도,군산시,대야면,지경리 728-1,35.9461443,126.812246
편의점,씨유군산,전라북도,군산시,대야면,지경리 731-18,35.946539,126.8108516
편의점,세븐일레븐군산개정점,전라북도,군산시,개정면,아동리 686-5,35.985325,126.7648316
편의점,씨유군산개정점,전라북도,군산시,개정면,발산리 131-13,35.9565265,126.7954003
편의점,지에스25군산군,전라북도,군산시,성산면,도암리 548-6,36.000988,126.7871702
편의점,씨유군산성산점,전라북도,군산시,성산면,고봉리 263-46,35.9900346,126.7846636
편의점,아이지에이마트,전라북도,군산시,성산면,둔덕리 284-1,36.0076681,126.7728734
편의점,씨유군산장자도점,전라북도,군산시,옥도면,장자도리 54,35.8114921,126.399084
편의점,고군산리테일,전라북도,군산시,옥도면,선유도리 90-1,35.8236915,126.4163284
편의점,빨간다리,전라북도,군산시,옥도면,장자도리 7,35.8118316,126.3997206
편의점,지에스25선유아일랜드점,전라북도,군산시,옥도면,선유도리 213-4,35.8139121,126.4104767
편의점,지에스25장자아일랜드점,전라북도,군산시,옥도면,장자도리 17,35.812274,126.397242
편의점,낚시편의점마트,전라북도,군산시,옥도면,장자도리 30-1,35.8113069,126.3967358
편의점,지에스25군산옥서점,전라북도,군산시,옥서면,옥봉리 1313-23,35.9246246,126.643958
편의점,이마트24군산미공군점,전라북도,군산시,옥서면,선연리 1566-3,35.9206194,126.6329411
편의점,세븐익산창인중앙점,전라북도,익산시,창인동1가,159-5,35.9420198,126.9514922
편의점,이마트24익산창인점,전라북도,익산시,창인동1가,155,35.9411603,126.9511741
편의점,GS25익산역점,전라북도,익산시,중앙동1가,16-15,35.940065,126.9474517
편의점,세븐일레븐익산인화평동점,전라북도,익산시,평화동,327,35.9315809,126.9457265
편의점,씨유익산평화점,전라북도,익산시,평화동,342-19,35.934495,126.9400002
편의점,씨유익산,전라북도,익산시,주현동,124-4,35.9334391,126.9558341
편의점,세븐일레븐익산,전라북도,익산시,주현동,172-3,35.9377029,126.957771
편의점,세븐인화2호점,전라북도,익산시,인화동1가,186-12,35.9305244,126.950968
편의점,세븐인화3호점,전라북도,익산시,인화동1가,173-5,35.9305905,126.9474689
편의점,세븐일레븐익산인화2층점,전라북도,익산시,인화동1가,186-12,35.9305244,126.950968
편의점,세븐일레븐익산인화,전라북도,익산시,인화동1가,169-5,35.9313954,126.9459897
편의점,씨유익산인화점,전라북도,익산시,인화동1가,136-4,35.9324465,126.9467796
편의점,세븐익산인화중앙점,전라북도,익산시,인화동1가,169-5,35.9313954,126.9459897
편의점,미니스톱익산남부점,전라북도,익산시,인화동1가,180,35.9310177,126.949465
편의점,GS25익산인화점,전라북도,익산시,인화동1가,135-86,35.9316155,126.9482409
편의점,세븐익산남부점,전라북도,익산시,인화동2가,94-5,35.9298393,126.9542311
편의점,세븐일레븐익산인화점,전라북도,익산시,인화동2가,96-9,35.929585,126.954412
편의점,세븐일레븐익산남부점,전라북도,익산시,인화동2가,94-5,35.9298393,126.9542311
편의점,지에스25익산남부점,전라북도,익산시,인화동2가,87-8,35.9301271,126.9523845
편의점,이마트24익산동산,전라북도,익산시,동산동,316-3,35.9267311,126.9647107
편의점,씨유,전라북도,익산시,동산동,607-4,35.9284494,126.9588471
편의점,GS25동산천변로점,전라북도,익산시,동산동,286-4,35.9293904,126.9677069
편의점,미니스톱익산,전라북도,익산시,동산동,87-25,35.9303031,126.9703066
편의점,씨유익산동산,전라북도,익산시,동산동,1061,35.9322388,126.9677815
편의점,씨유익산감초점,전라북도,익산시,동산동,696-9,35.9312381,126.9596617
편의점,미니스톱이리동산점,전라북도,익산시,동산동,1045-8,35.9338113,126.9626981
편의점,제이조이동산점,전라북도,익산시,동산동,166,35.9324542,126.9686943
편의점,씨유익산동산,전라북도,익산시,동산동,1050-6,35.9328223,126.9635161
편의점,세븐일레븐익산비사벌점,전라북도,익산시,동산동,1058,35.9330382,126.9668049
편의점,지에스25익산,전라북도,익산시,마동,153-48,35.9453085,126.9660185
편의점,지에스25익산,전라북도,익산시,마동,344-8,35.9342233,126.9623616
편의점,세븐일레븐익산캠퍼스점,전라북도,익산시,마동,194-5,35.9428349,126.9597213
편의점,씨유마동대로점,전라북도,익산시,마동,363-7,35.9368858,126.9683652
편의점,GS25익산상품권,전라북도,익산시,마동,153-48,35.9453085,126.9660185
편의점,GS25익산,전라북도,익산시,마동,153-48,35.9453085,126.9660185
편의점,미니스톱마동,전라북도,익산시,마동,353-6,35.9351115,126.9643702
편의점,GS25익산,전라북도,익산시,마동,160,35.9428393,126.9641067
편의점,이마트24익산마동코아루,전라북도,익산시,마동,170-4,35.9454188,126.9634848
편의점,씨유익산마이스터고점,전라북도,익산시,마동,181-86,35.9475429,126.9621777
편의점,지에스25익산남중점,전라북도,익산시,남중동,31-21,35.9505513,126.9581987
편의점,씨유익산남중,전라북도,익산시,남중동,533-15,35.954896,126.9594554
편의점,GS25익산,전라북도,익산시,남중동,128-66,35.9413735,126.9571574
편의점,미니스톱익산,전라북도,익산시,남중동,78-6,35.9472474,126.9581361
편의점,GS25익산어울림,전라북도,익산시,남중동,534,35.9570577,126.9608971
편의점,지에스25익산인북로점,전라북도,익산시,남중동,158-10,35.9429003,126.955085
편의점,씨유남중루센티아점,전라북도,익산시,남중동,23-100,35.950115,126.9630272
편의점,세븐일레븐익산이리고점,전라북도,익산시,남중동,218-5,35.948371,126.9544326
편의점,이마트24익산선화로점,전라북도,익산시,남중동,321-7,35.9495004,126.9546087
편의점,CU익산남중점,전라북도,익산시,남중동,147-9,35.9420204,126.9541527
편의점,미니스톱익산남중점,전라북도,익산시,남중동,363-3,35.9511414,126.9559692
편의점,이마트24익산수사랑,전라북도,익산시,모현동1가,714-9,35.9441189,126.9379631
편의점,세븐익산현대점,전라북도,익산시,모현동1가,262-7,35.9450764,126.9428524
편의점,세븐일레븐익산,전라북도,익산시,모현동1가,122-9,35.9489369,126.9466352
편의점,씨유익산모현,전라북도,익산시,모현동1가,872,35.9506097,126.939134
편의점,GS25배산에코르점상품권,전라북도,익산시,모현동1가,883,35.9472385,126.9380472
편의점,GS25배산에코르점,전라북도,익산시,모현동1가,883,35.9472385,126.9380472
편의점,세븐일레븐익산송학으뜸점,전라북도,익산시,모현동1가,254-9,35.9428266,126.9401014
편의점,씨제이올리브영익산고현로점,전라북도,익산시,모현동1가,262-3,35.9452512,126.9429769
편의점,세븐익산송학으뜸점,전라북도,익산시,모현동1가,254-9,35.9428266,126.9401014
편의점,씨유모현e편한세상점,전라북도,익산시,모현동1가,954,35.946046,126.9457949
편의점,세븐일레븐익산배산지구점,전라북도,익산시,모현동1가,863,35.950808,126.9382383
편의점,미니스톱익산에코르점,전라북도,익산시,모현동1가,879,35.9474252,126.9365884
편의점,씨유현대프라임점,전라북도,익산시,모현동1가,302-22,35.946874,126.9423797
편의점,세븐일레븐익산모현배산점,전라북도,익산시,모현동1가,391-9,35.9510002,126.9422475
편의점,지에스25익산선화로점,전라북도,익산시,모현동1가,109-21,35.9496649,126.9473379
편의점,세븐일레븐익산현대점,전라북도,익산시,모현동1가,262-7,35.9450764,126.9428524
편의점,씨유모현,전라북도,익산시,모현동1가,832,35.9522577,126.9403734
편의점,GS25익산,전라북도,익산시,모현동1가,303-14,35.9463737,126.9419804
편의점,지에스25익산송학점,전라북도,익산시,모현동1가,253-9,35.9426794,126.9405149
편의점,씨유익산모현,전라북도,익산시,모현동1가,835,35.9522291,126.938833
편의점,씨제이올리브영익산,전라북도,익산시,모현동1가,845,35.9517523,126.9390262
편의점,씨유익산,전라북도,익산시,모현동1가,247-3,35.9435025,126.9428629
편의점,창신투자자문,전라북도,익산시,모현동1가,13-201,35.9536139,126.9518607
편의점,지에스25모현,전라북도,익산시,모현동1가,849,35.9515037,126.940001
편의점,씨유모현우림점,전라북도,익산시,모현동2가,30-5,35.9559791,126.9506104
편의점,지에스25배산휴먼점,전라북도,익산시,모현동2가,577,35.9567555,126.9364065
편의점,세븐일레븐익산배산점,전라북도,익산시,모현동2가,198-2,35.9568008,126.9407936
편의점,씨유익산뉴장신점,전라북도,익산시,송학동,285-2,35.9452972,126.9320052
편의점,GS25송학현대점,전라북도,익산시,송학동,215,35.9407694,126.9380021
편의점,이마트24익산송학점,전라북도,익산시,송학동,16-4,35.9416446,126.9417545
편의점,우석편의점,전라북도,익산시,목천동,53-13,35.9236009,126.9389227
편의점,세븐일레븐익산목천대로점,전라북도,익산시,목천동,409-2,35.9167795,126.932847
편의점,세븐일레븐익산목천,전라북도,익산시,목천동,430-14,35.9153038,126.9312463
편의점,와이델리,전라북도,익산시,현영동,95-2,35.9651996,126.9438963
편의점,씨유원보전,전라북도,익산시,신용동,333-14,35.9749786,126.9552758
편의점,지에스25원광대,전라북도,익산시,신용동,23-4,35.9721683,126.9592981
편의점,이마트24익산원보전점,전라북도,익산시,신용동,333-16,35.9736935,126.954998
편의점,지에스25원광대신용점,전라북도,익산시,신용동,346,35.9731315,126.9555232
편의점,씨유원광대병원,전라북도,익산시,신용동,344-2,35.9723552,126.95162
편의점,씨스페이스원광,전라북도,익산시,신용동,347-2,35.9733651,126.9560593
편의점,씨유원광대도서관점,전라북도,익산시,신동,272,35.9678447,126.9580914
편의점,GS25익산신동,전라북도,익산시,신동,311-2,35.9670582,126.952432
편의점,이마트24익산신동오렌지점,전라북도,익산시,신동,776-1,35.9600988,126.9645744
편의점,씨유원광대글로벌점,전라북도,익산시,신동,272-9,35.9703071,126.9532946
편의점,지에스25원광대,전라북도,익산시,신동,769-19,35.9606588,126.9632678
편의점,씨유원광대,전라북도,익산시,신동,272,35.9678447,126.9580914
편의점,지에스25원광대,전라북도,익산시,신동,805-1,35.9600336,126.9606221
편의점,씨유원광대원룸점,전라북도,익산시,신동,797-7,35.9605065,126.9550543
편의점,미르씨앤에스,전라북도,익산시,신동,272,35.9678447,126.9580914
편의점,씨유원광대주원점,전라북도,익산시,신동,735-8,35.9583789,126.9569795
편의점,이마트24R익산신동장보고점,전라북도,익산시,신동,743-1,35.9578822,126.9583751
편의점,GS25익산,전라북도,익산시,신동,765-34,35.9628544,126.9603902
편의점,씨유원광대생활관점,전라북도,익산시,신동,272,35.9678447,126.9580914
편의점,세븐일레븐익산원광대점,전라북도,익산시,신동,798-1,35.9611235,126.9565066
편의점,지에스25원광대,전라북도,익산시,신동,785-4,35.9607546,126.9589135
편의점,세븐원광대점,전라북도,익산시,신동,798-1,35.9611235,126.9565066
편의점,GS25원광대,전라북도,익산시,신동,789-12,35.9622305,126.9576432
편의점,씨유원광대프라임관점,전라북도,익산시,신동,272,35.9678447,126.9580914
편의점,지에스25원광대원룸점,전라북도,익산시,신동,734-1,35.9592974,126.954488
편의점,씨유원광대점,전라북도,익산시,신동,272,35.9678447,126.9580914
편의점,세븐일레븐신동,전라북도,익산시,신동,820-52,35.9593197,126.9586625
편의점,토토프로토편의점,전라북도,익산시,신동,760-7,35.9648637,126.9538533
편의점,씨유익산,전라북도,익산시,신동,801-1,35.9606874,126.9580753
편의점,지에스25원광대,전라북도,익산시,신동,799-7,35.9600376,126.9569259
편의점,씨유익산어울림점,전라북도,익산시,신동,807-9,35.9587054,126.9615259
편의점,씨유익산청솔점,전라북도,익산시,신동,774-24,35.9587109,126.9661509
편의점,지에스25뉴원광타운점,전라북도,익산시,신동,345-1,35.9627933,126.9546593
편의점,이마트24익산,전라북도,익산시,신동,142-1,35.9618271,126.9666773
편의점,씨유원광대,전라북도,익산시,신동,767-13,35.9611411,126.96167
편의점,세븐일레븐익산원광대로점,전라북도,익산시,신동,762-1,35.9641681,126.9562017
편의점,세븐익산원광대로점,전라북도,익산시,신동,762-1,35.9641681,126.9562017
편의점,GS25영등대로,전라북도,익산시,영등동,755-6,35.9554851,126.9702195
편의점,씨유익산영등원룸점/매직카피/매직공인중개사무소,전라북도,익산시,영등동,807-1,35.9629749,126.9719946
편의점,미니스톱영등공원점,전라북도,익산시,영등동,803-6,35.9632575,126.9729483
편의점,세븐익산영등장비점,전라북도,익산시,영등동,841-8,35.9593453,126.9775499
편의점,지에스25영등다이아점,전라북도,익산시,영등동,802-7,35.9643781,126.9729043
편의점,씨유익산약촌,전라북도,익산시,영등동,261-39,35.9500789,126.9717126
편의점,세븐익산영등점,전라북도,익산시,영등동,765-6,35.9551844,126.971367
편의점,씨유익산영등,전라북도,익산시,영등동,308-23,35.9556042,126.9688076
편의점,세븐영등2호점,전라북도,익산시,영등동,827-2,35.9600066,126.9717185
편의점,지에스25익산영등루비점,전라북도,익산시,영등동,681-1,35.9554203,126.9734373
편의점,씨유익산제일,전라북도,익산시,영등동,767-3,35.9557875,126.9724822
편의점,집밥뚝딱익산,전라북도,익산시,영등동,809-9,35.9620191,126.9727688
편의점,씨유뉴익산,전라북도,익산시,영등동,149-1,35.9580736,126.9737638
편의점,세븐일레븐익산영등,전라북도,익산시,영등동,688-1,35.9528861,126.975736
편의점,지에스25영등,전라북도,익산시,영등동,770-9,35.9582428,126.9761577
편의점,세븐일레븐익산영등,전라북도,익산시,영등동,834-1,35.9600672,126.9753959
편의점,24시무인편의점빙가빙가,전라북도,익산시,영등동,764-10,35.9541966,126.9710093
편의점,GS25익산,전라북도,익산시,영등동,822,35.9612147,126.9783235
편의점,지에스25영등,전라북도,익산시,영등동,703-9,35.9527763,126.9787917
편의점,씨유익산,전라북도,익산시,영등동,759-11,35.9530497,126.9705846
편의점,씨유익산무왕로점,전라북도,익산시,영등동,747-2,35.9581294,126.971422
편의점,지에스25영등,전라북도,익산시,영등동,816-10,35.963612,126.9803104
편의점,유닛일레븐,전라북도,익산시,영등동,191-29,35.9501804,126.9749808
편의점,세븐일레븐익산영등,전라북도,익산시,영등동,834-1,35.9600672,126.9753959
편의점,이마트24익산지식,전라북도,익산시,영등동,191-35,35.9491739,126.9747702
편의점,세븐일레븐익산,전라북도,익산시,영등동,765-6,35.9551844,126.971367
편의점,세븐일레븐익산영등,전라북도,익산시,영등동,827-2,35.9600066,126.9717185
편의점,세븐일레븐익산영등우남점,전라북도,익산시,영등동,851-1,35.9591152,126.9786601
편의점,이마트24익산무왕로점,전라북도,익산시,영등동,807-9,35.9628093,126.9728015
편의점,세븐익산영등신일점,전라북도,익산시,영등동,688-1,35.9528861,126.975736
편의점,제주스플러스,전라북도,익산시,영등동,382,35.9592624,126.9707209
편의점,씨유익산영등,전라북도,익산시,영등동,252-1,35.947623,126.9696681
편의점,씨유익산동부,전라북도,익산시,영등동,533-2,35.9485173,126.9671717
편의점,씨유익산부영큐점,전라북도,익산시,영등동,818-14,35.9631781,126.9797964
편의점,씨제이올리브영익산,전라북도,익산시,영등동,770-8,35.9582381,126.9759276
편의점,씨유영등프라임점,전라북도,익산시,영등동,771-2,35.9568865,126.9754587
편의점,세븐일레븐익산영등,전라북도,익산시,영등동,770-18,35.9579989,126.9753832
편의점,씨유익산영등,전라북도,익산시,영등동,849-7,35.9593789,126.9793247
편의점,세븐일레븐익산영등장비점,전라북도,익산시,영등동,841-8,35.9593453,126.9775499
편의점,미니스톱익산,전라북도,익산시,어양동,643-2,35.9578322,126.9798882
편의점,지에스25익산,전라북도,익산시,어양동,648-8,35.9559005,126.9799557
편의점,씨유익산,전라북도,익산시,어양동,72-2,35.9536469,126.9887879
편의점,이마트24R익산어양,전라북도,익산시,어양동,643-6,35.9570293,126.9799113
편의점,세븐일레븐익산,전라북도,익산시,어양동,144-34,35.9598158,126.9864144
편의점,지에스25어양,전라북도,익산시,어양동,417,35.964109,126.984038
편의점,씨유익산중앙체육공원점,전라북도,익산시,어양동,511-44,35.9518542,126.9851043
편의점,지에스25어양주공점,전라북도,익산시,어양동,635-1,35.9606701,126.9825392
편의점,세븐일레븐익산어양,전라북도,익산시,어양동,689,35.9631392,126.9834075
편의점,미니스톱영등주공점,전라북도,익산시,어양동,633-5,35.9595062,126.9819514
편의점,제이조이,전라북도,익산시,어양동,648-9,35.955739,126.9799668
편의점,씨유어양,전라북도,익산시,어양동,651-5,35.9581191,126.9808577
편의점,세븐일레븐익산,전라북도,익산시,어양동,748,35.9510123,126.9833803
편의점,세븐일레븐익산부송로점,전라북도,익산시,어양동,107,35.9558015,126.9868514
편의점,씨유어양,전라북도,익산시,어양동,690,35.9620654,126.9827666
편의점,이마트24R익산부영,전라북도,익산시,어양동,653-1,35.9545854,126.9818697
편의점,해빛익산공단점,전라북도,익산시,신흥동,857-1,35.9390444,126.9782594
편의점,세븐일레븐익산체육공원점,전라북도,익산시,신흥동,405-17,35.9470389,126.9857096
편의점,GS25신흥공단점,전라북도,익산시,신흥동,736-2,35.9404863,126.9810112
편의점,세븐일레븐익산신흥공단로점,전라북도,익산시,신흥동,858-11,35.9382914,126.9777859
편의점,세븐익산신흥공단로점,전라북도,익산시,신흥동,858-11,35.9382914,126.9777859
편의점,씨유익산자연생태공원점,전라북도,익산시,금강동,607-23,35.9297798,126.9731916
편의점,씨유기안파인,전라북도,익산시,팔봉동,313,35.9655624,127.0162686
편의점,GS25익산IC점,전라북도,익산시,팔봉동,452,35.9650703,127.0112898
편의점,세븐일레븐익산IC점,전라북도,익산시,팔봉동,212-45,35.9659687,127.0126298
편의점,이마트24익산휴게소점,전라북도,익산시,덕기동,681-44,35.9709792,127.0297155
편의점,씨유익산IC점,전라북도,익산시,덕기동,681-12,35.9727597,127.03218
편의점,씨유익산로뎀나무점,전라북도,익산시,석왕동,236-14,35.9695934,127.020238
편의점,미니스톱,전라북도,익산시,부송동,1039-13,35.9578296,126.9923272
편의점,코리아세븐익산,전라북도,익산시,부송동,216-85,35.9602073,126.9977269
편의점,이마트24익산부송타운점,전라북도,익산시,부송동,1098-3,35.960703,126.9887532
편의점,GS25익산부송,전라북도,익산시,부송동,790,35.9583971,126.9869255
편의점,제이조이부송점,전라북도,익산시,부송동,1039-14,35.9577707,126.9918219
편의점,씨유부송,전라북도,익산시,부송동,235-7,35.9581655,126.997012
편의점,지에스25익산공단점,전라북도,익산시,부송동,1042-11,35.9541216,126.9928945
편의점,지에스25익산궁둥점,전라북도,익산시,부송동,1115-1,35.9619135,126.9928904
편의점,이마트24익산부송,전라북도,익산시,부송동,1035,35.959066,126.9901492
편의점,세븐일레븐익산어양오투점,전라북도,익산시,어양동,744,35.9620465,126.9857657
편의점,씨유부송,전라북도,익산시,부송동,1097-1,35.9613488,126.9886025
편의점,지에스25익산,전라북도,익산시,부송동,1036-2,35.957899,126.9900426
편의점,GS25익산상품권,전라북도,익산시,부송동,1115-1,35.9619135,126.9928904
편의점,세븐일레븐익산,전라북도,익산시,부송동,242-85,35.9572351,126.9959269
편의점,씨유익산부송,전라북도,익산시,부송동,768,35.9577946,126.989377
편의점,지에스25익산,전라북도,익산시,부송동,1115-1,35.9619135,126.9928904
편의점,세븐일레븐익산공단대로점,전라북도,익산시,부송동,231-42,35.9563214,126.997904
편의점,세븐일레븐익산부송무왕점,전라북도,익산시,부송동,1120,35.9611745,126.9940656
편의점,미니스톱익산,전라북도,익산시,부송동,1106-4,35.9619329,126.9901875
편의점,씨유,전라북도,익산시,부송동,231-66,35.9587638,126.9996979
편의점,세븐일레븐익산부송원룸점,전라북도,익산시,부송동,1049-1,35.9546099,126.9938437
편의점,씨유익산공단,전라북도,익산시,용제동,441-1,35.9456626,127.0027006
편의점,세븐익산석암로점,전라북도,익산시,석암동,86,35.9389459,127.0129084
편의점,세븐일레븐,전라북도,익산시,석암동,608-10,35.937137,127.0144425
편의점,GS25함열,전라북도,익산시,함열읍,와리 205-7,36.077646,126.9647382
편의점,씨유함열대로점,전라북도,익산시,함열읍,남당리 643-38,36.076732,126.9677906
편의점,씨유익산함열점,전라북도,익산시,함열읍,와리 549-10,36.0786664,126.9599093
편의점,세븐일레븐익산함열점,전라북도,익산시,함열읍,와리 294-55,36.0818181,126.9669826
편의점,뚜레상회,전라북도,익산시,오산면,장신리 1130,35.9465482,126.9312865
편의점,장신휴먼점,전라북도,익산시,오산면,장신리 1127,35.9486205,126.9320473
편의점,세븐익산장신점,전라북도,익산시,오산면,장신리 1126,35.95033,126.9328017
편의점,씨유오산장신점,전라북도,익산시,오산면,장신리 840-4,35.951306,126.9167199
편의점,다온편의점,전라북도,익산시,오산면,장신리 202-1,35.9548059,126.9256511
편의점,세븐일레븐익산장신점,전라북도,익산시,오산면,장신리 1126,35.95033,126.9328017
편의점,세븐일레븐익산,전라북도,익산시,오산면,남전리 7-4,35.9238074,126.9106882
편의점,세븐일레븐익산대로점,전라북도,익산시,황등면,죽촌리 3-60,36.0326698,126.9496613
편의점,씨유익산황등점,전라북도,익산시,황등면,황등리 1038-1,35.9992894,126.9446221
편의점,세븐일레븐익산황등우남,전라북도,익산시,황등면,황등리 257-4,35.9971827,126.9485444
편의점,GS25익산웅포,전라북도,익산시,웅포면,웅포리 859-12,36.0640562,126.8772229
편의점,씨유익산용안점,전라북도,익산시,용안면,교동리 190-7,36.1186442,126.9543503
편의점,씨유익산낭산점,전라북도,익산시,낭산면,석천리 1088-57,36.0750087,127.0314505
편의점,씨유익산망성점,전라북도,익산시,망성면,신작리 858-6,36.1460844,127.006238
편의점,세븐일레븐익산망성점,전라북도,익산시,망성면,화산리 1102-1,36.1303822,126.99132
편의점,씨유익산여산점,전라북도,익산시,여산면,제남리 392-5,36.061401,127.0770535
편의점,이마트24익산육군부사관학교점,전라북도,익산시,여산면,제남리 532-22,36.0616622,127.0679633
편의점,씨유익산금마서동점,전라북도,익산시,금마면,동고도리 404,35.996329,127.0621206
편의점,지에스25익산서동공원점,전라북도,익산시,금마면,동고도리 425-14,36.0007961,127.0612055
편의점,미륵사지석탑편의점국보11호,전라북도,익산시,금마면,용순리 산128-9,36.0090444,127.0310286
편의점,이마트24익산금마대로점,전라북도,익산시,금마면,동고도리 938-5,35.9868416,127.0549648
편의점,지에스25익산금마점,전라북도,익산시,금마면,동고도리 696-14,35.9918257,127.0529185
편의점,지에스익산미륵사지점,전라북도,익산시,금마면,용순리 283-1,36.0081683,127.0343226
편의점,이마트24익산금마,전라북도,익산시,금마면,동고도리 642-1,35.9926234,127.052528
편의점,씨유익산금마,전라북도,익산시,금마면,동고도리 822-3,35.9893362,127.0526819
편의점,씨유익산금마점,전라북도,익산시,금마면,용순리 25-12,36.0016462,127.0433884
편의점,세븐일레븐익산미륵사지점,전라북도,익산시,금마면,용순리 741-15,36.0086989,127.0277481
편의점,이마트24익산식품클러스터점,전라북도,익산시,왕궁면,광암리 1456,35.9788787,127.0859879
편의점,씨유익산왕궁,전라북도,익산시,왕궁면,도순리 326-1,35.9901245,127.0806041
편의점,해빛왕궁편의점,전라북도,익산시,왕궁면,흥암리 414-9,35.9657491,127.0889295
편의점,미니스톱익산왕궁점,전라북도,익산시,왕궁면,흥암리 414-9,35.9657491,127.0889295
편의점,지에스25익산만남점,전라북도,익산시,왕궁면,동용리 649-9,35.9889655,127.1033416
편의점,GS25백제왕궁점,전라북도,익산시,왕궁면,흥암리 449-1,35.9658973,127.0836679
편의점,지에스25익산춘포점,전라북도,익산시,춘포면,덕실리 491-9,35.902093,127.0050711
편의점,세븐일레븐익산고려,전라북도,익산시,춘포면,쌍정리 160-1,35.9242344,127.0537449
편의점,세븐익산고려온천점,전라북도,익산시,춘포면,쌍정리 160-1,35.9242344,127.0537449
편의점,씨유익산고려점,전라북도,익산시,춘포면,쌍정리 64-1,35.9225041,127.0544318
편의점,씨유익산하나로점,전라북도,익산시,삼기면,오룡리 855-24,36.0349445,126.9799363
편의점,씨유익산삼기석불점,전라북도,익산시,삼기면,연동리 598-12,36.0307351,127.0074965
편의점,씨유익산실크,전라북도,익산시,삼기면,용연리 906-2,35.9976389,126.9774484
편의점,베스트올,전라북도,정읍시,수성동,932-1,35.5817171,126.8544294
편의점,이마트24정읍수성타운점,전라북도,정읍시,수성동,624-6,35.5682433,126.8560218
편의점,지에스25수성,전라북도,정읍시,수성동,949-13,35.5786765,126.8553253
편의점,씨유정읍수성자매점,전라북도,정읍시,수성동,1018-6,35.5831111,126.8620452
편의점,편의점,전라북도,정읍시,수성동,524-14,35.5700003,126.8514648
편의점,씨유정읍,전라북도,정읍시,수성동,951-8,35.5782782,126.8565571
편의점,GS25수성뉴타운점,전라북도,정읍시,수성동,964-1,35.5779728,126.8530995
편의점,CU정읍서영점,전라북도,정읍시,수성동,944-9,35.5801398,126.8533312
편의점,씨유정읍,전라북도,정읍시,수성동,987-11,35.5864045,126.8592588
편의점,이마트24정읍,전라북도,정읍시,수성동,947-1,35.5801652,126.8551423
편의점,씨유정읍,전라북도,정읍시,수성동,1034-10,35.5824741,126.8560747
편의점,지에스25정읍수성,전라북도,정읍시,수성동,524-20,35.569885,126.8508045
편의점,세븐일레븐정읍수성,전라북도,정읍시,수성동,1041-11,35.5815988,126.8567738
편의점,세븐일레븐정읍법원원룸점,전라북도,정읍시,수성동,1011-6,35.5856602,126.8599709
편의점,씨유정읍수성주공점,전라북도,정읍시,수성동,917-1,35.5848723,126.8551264
편의점,지에스25정읍플렉스점,전라북도,정읍시,수성동,1029-12,35.5831882,126.8576623
편의점,지에스25정읍,전라북도,정읍시,수성동,1010-14,35.585322,126.8586529
편의점,이마트24R정읍수성,전라북도,정읍시,수성동,962-1,35.5784832,126.8523347
편의점,GS25정읍플렉스점,전라북도,정읍시,수성동,1029-12,35.5831882,126.8576623
편의점,씨유정읍명품점,전라북도,정읍시,수성동,650-1,35.5674216,126.8560486
편의점,세븐일레븐정읍,전라북도,정읍시,수성동,546-7,35.5682413,126.8509635
편의점,지에스25정읍수성로점,전라북도,정읍시,수성동,1023-1,35.5845097,126.8592585
편의점,씨유정읍,전라북도,정읍시,수성동,933-1,35.5813906,126.8549841
편의점,세븐일레븐정읍건강공단점,전라북도,정읍시,수성동,904-1,35.5860448,126.8576086
편의점,세븐일레븐정읍세무서점,전라북도,정읍시,수성동,595-1,35.5680213,126.8541196
편의점,씨유정읍상동,전라북도,정읍시,상동,136-3,35.562773,126.8694563
편의점,이마트24정읍톡톡점,전라북도,정읍시,상동,261-4,35.5571029,126.8716444
편의점,씨유정읍또와점,전라북도,정읍시,상동,156-1,35.5624819,126.8728176
편의점,GS25상동대로,전라북도,정읍시,상동,255-92,35.5560603,126.8728265
편의점,지에스25정읍스마일,전라북도,정읍시,상동,580-3,35.5634818,126.8600934
편의점,위드미정읍사랑,전라북도,정읍시,상동,118,35.5645451,126.8707309
편의점,세븐일레븐정읍미소,전라북도,정읍시,상동,310-8,35.5595734,126.8676214
편의점,지에스25정읍대로점,전라북도,정읍시,상동,514-3,35.5654956,126.8665274
편의점,씨유정읍우미점,전라북도,정읍시,상동,182-1,35.5596799,126.8731754
편의점,지에스25정읍,전라북도,정읍시,상동,220-2,35.559153,126.8692613
편의점,씨유정읍,전라북도,정읍시,상동,328-8,35.5606343,126.8654736
편의점,씨유정읍상동영무점,전라북도,정읍시,상동,976,35.5590619,126.8780034
편의점,씨유정읍상동,전라북도,정읍시,상동,219-26,35.5591773,126.8681672
편의점,GS25정읍해피점,전라북도,정읍시,상동,83-7,35.5596124,126.8749977
편의점,지에스25정읍상동힐스점,전라북도,정읍시,상동,133-8,35.563305,126.8702839
편의점,세븐정읍미소중앙점,전라북도,정읍시,상동,310-8,35.5595734,126.8676214
편의점,미니스톱정읍단풍점,전라북도,정읍시,상동,62,35.5586256,126.8748609
편의점,지에스25정읍남로점,전라북도,정읍시,시기동,488-1,35.5588838,126.8477524
편의점,씨유호남점,전라북도,정읍시,시기동,505-11,35.5612159,126.8526271
편의점,세븐일레븐정읍양우점,전라북도,정읍시,시기동,1012,35.5543112,126.8669515
편의점,CU정읍,전라북도,정읍시,시기동,1021,35.5574978,126.8536101
편의점,세븐일레븐전북과학대학교점,전라북도,정읍시,시기동,9-28,35.5491344,126.8606043
편의점,미니스톱정읍샘골점,전라북도,정읍시,시기동,505-5,35.5604625,126.8518508
편의점,이마트24정읍,전라북도,정읍시,시기동,371-6,35.5647094,126.8570902
편의점,세븐일레븐전북과학대,전라북도,정읍시,시기동,산9-28,35.5491344,126.8606043
편의점,세븐정읍양우점,전라북도,정읍시,시기동,1012,35.5543112,126.8669515
편의점,씨유정읍인네점,전라북도,정읍시,시기동,544-21,35.5671168,126.8510657
편의점,세븐일레븐정읍시기점,전라북도,정읍시,시기동,170-5,35.5643324,126.8602395
편의점,정읍,전라북도,정읍시,시기동,238,35.5659975,126.8537389
편의점,지에스25정읍남로점,전라북도,정읍시,시기동,488-1,35.5588838,126.8477524
편의점,세븐일레븐정읍,전라북도,정읍시,시기동,194-33,35.5673195,126.8498537
편의점,세븐일레븐정읍전라,전라북도,정읍시,연지동,21-75,35.5758926,126.8477267
편의점,코너푸드,전라북도,정읍시,연지동,46-13,35.5727529,126.8477157
편의점,씨유정읍터미널,전라북도,정읍시,연지동,313,35.5731914,126.845369
편의점,세븐일레븐정읍실내체육관점,전라북도,정읍시,연지동,258-16,35.5702573,126.8449921
편의점,씨유정읍연지,전라북도,정읍시,연지동,11-3,35.5781104,126.8459486
편의점,씨유정읍,전라북도,정읍시,연지동,315-21,35.5741329,126.8452196
편의점,씨유정읍단풍점,전라북도,정읍시,연지동,306-1,35.571686,126.8428573
편의점,씨유정읍역점,전라북도,정읍시,연지동,343-11,35.5750633,126.8437604
편의점,정읍역스토리웨이편의점,전라북도,정읍시,연지동,343-1,35.5753696,126.8427458
편의점,지에스25정읍문화원점,전라북도,정읍시,연지동,377-1,35.5765823,126.8373094
편의점,씨유정읍연지,전라북도,정읍시,연지동,44-11,35.5712281,126.8477447
편의점,씨유정읍IC점,전라북도,정읍시,농소동,191-31,35.5806351,126.8388009
편의점,지에스25정읍한국,전라북도,정읍시,농소동,77-13,35.5843182,126.8515874
편의점,지에스25정읍농소점,전라북도,정읍시,농소동,90-19,35.5827004,126.851597
편의점,이마트24정읍농소주공점,전라북도,정읍시,농소동,1520,35.5830007,126.8505178
편의점,세븐일레븐정읍,전라북도,정읍시,농소동,448-26,35.5777989,126.8382207
편의점,지에스25정읍서부로점,전라북도,정읍시,상평동,95-7,35.5661169,126.8362986
편의점,씨유정읍송산점,전라북도,정읍시,송산동,9-2,35.5539316,126.8754546
편의점,씨유정읍내장하늘점,전라북도,정읍시,부전동,969-2,35.5302575,126.8933342
편의점,씨유정읍내,전라북도,정읍시,내장동,51-1,35.4949846,126.9267208
편의점,이마트24정읍,전라북도,정읍시,하북동,191-19,35.5899495,126.8642167
편의점,씨유정읍2,전라북도,정읍시,하북동,862-4,35.5932552,126.8682572
편의점,세븐일레븐정읍아산,전라북도,정읍시,용계동,350,35.5887716,126.8236359
편의점,세븐일레븐정읍만남휴게점,전라북도,정읍시,용계동,385,35.5865647,126.8196505
편의점,씨유정읍,전라북도,정읍시,용계동,390-7,35.5866385,126.8206478
편의점,GS25정읍아산,전라북도,정읍시,용계동,389,35.5867001,126.821826
편의점,씨유정읍목련점,전라북도,정읍시,공평동,111-39,35.5829899,126.8293889
편의점,홈웨이,전라북도,정읍시,신정동,1494-1,35.5084182,126.8403798
편의점,씨유정읍,전라북도,정읍시,신정동,1489-1,35.5074271,126.837341
편의점,엘리스테이,전라북도,정읍시,신정동,1602,35.5058123,126.8599039
편의점,씨유신태인,전라북도,정읍시,신태인읍,신태인리 132-116,35.6880115,126.8854506
편의점,CU신태인화호점,전라북도,정읍시,신태인읍,화호리 497-10,35.7172773,126.8378475
편의점,성원청과편의점,전라북도,정읍시,북면,화해리 4,35.6147406,126.8916194
편의점,지에스25정읍북면,전라북도,정읍시,북면,한교리 467-1,35.6038337,126.8848294
편의점,씨유정읍북면점,전라북도,정읍시,북면,화해리 2-7,35.6146826,126.8926768
편의점,CU정읍북면삼거리,전라북도,정읍시,북면,한교리 72-1,35.607825,126.8912693
편의점,지에스25정읍고부동학점,전라북도,정읍시,고부면,고부리 63-3,35.6191744,126.7728199
편의점,씨유정읍,전라북도,정읍시,정우면,초강리 1295,35.6395345,126.8760995
편의점,지에스전북태인점,전라북도,정읍시,태인면,태창리 101-7,35.6513785,126.9433313
편의점,세븐일레븐정읍태인점,전라북도,정읍시,태인면,태창리 223-7,35.651116,126.935704
편의점,씨유태인IC점,전라북도,정읍시,태인면,태성리 628-32,35.6548417,126.9348539
편의점,왓씨유,전라북도,정읍시,칠보면,무성리 507-1,35.6019537,126.9842818
편의점,씨유남원시외,전라북도,남원시,동충동,41,35.4101015,127.3876946
편의점,세븐일레븐남원동충,전라북도,남원시,동충동,197-173,35.4111295,127.3783548
편의점,미니스톱남원,전라북도,남원시,동충동,36-27,35.4100892,127.3887857
편의점,씨유남원서문,전라북도,남원시,동충동,402-1,35.410476,127.3768514
편의점,씨제이올리브영남원하정점,전라북도,남원시,하정동,100-2,35.4067021,127.3805516
편의점,미니스톱남원하정점,전라북도,남원시,하정동,227,35.4077296,127.376665
편의점,한빛푸드,전라북도,남원시,하정동,183-10,35.4069937,127.3802828
편의점,GS25뉴남원쌍교점,전라북도,남원시,죽항동,100-1,35.4065189,127.3827183
편의점,씨유남원,전라북도,남원시,쌍교동,249-1,35.4062469,127.3800833
편의점,이마트24남원쌍교점,전라북도,남원시,쌍교동,14,35.4060835,127.3847803
편의점,씨유남원금동점,전라북도,남원시,금동,441-6,35.4053784,127.3714481
편의점,이마트24남원금동대로점,전라북도,남원시,금동,337-3,35.4011147,127.3729504
편의점,씨유남원여고,전라북도,남원시,왕정동,92-1,35.4094417,127.3710729
편의점,세븐일레븐남원남문로점,전라북도,남원시,왕정동,122-1,35.4069623,127.3707686
편의점,남원역스토리웨이편의점,전라북도,남원시,신정동,521-1,35.4108445,127.3605599
편의점,세븐일레븐남원교룡로점,전라북도,남원시,향교동,257-6,35.415491,127.3827142
편의점,씨유남원동충현대점,전라북도,남원시,향교동,204-7,35.413022,127.3862635
편의점,GS25남원,전라북도,남원시,향교동,1049-4,35.4152105,127.3897847
편의점,세븐일레븐남원,전라북도,남원시,향교동,244-1,35.4157217,127.3863718
편의점,씨유남원동림로점,전라북도,남원시,향교동,340-9,35.417701,127.3838533
편의점,세븐일레븐남원향교점,전라북도,남원시,향교동,969-6,35.412892,127.3717771
편의점,이마트24남원중앙하이츠점,전라북도,남원시,향교동,285,35.4178881,127.3820892
편의점,세븐일레븐남원광치,전라북도,남원시,용정동,492-6,35.4350081,127.3784554
편의점,미니스톱남원,전라북도,남원시,도통동,611-8,35.4140471,127.3935706
편의점,지에스25도통,전라북도,남원시,도통동,594-11,35.4156087,127.3966037
편의점,이마트24남원도통점,전라북도,남원시,도통동,498-7,35.4216454,127.3934999
편의점,영성빌리지,전라북도,남원시,도통동,30-15,35.4197799,127.397871
편의점,세븐일레븐남원도통,전라북도,남원시,도통동,587-2,35.4168091,127.3972362
편의점,GS25도통,전라북도,남원시,도통동,570-5,35.4189839,127.3995661
편의점,세븐일레븐남원,전라북도,남원시,도통동,535-2,35.4153728,127.3906857
편의점,지에스25도통,전라북도,남원시,도통동,604-11,35.4146217,127.3946996
편의점,미니스톱남원,전라북도,남원시,도통동,146-3,35.4161123,127.392999
편의점,씨유남원도통,전라북도,남원시,도통동,30-15,35.4197799,127.397871
편의점,이마트24남원우성점,전라북도,남원시,도통동,107-1,35.4174291,127.3961994
편의점,씨유남원하늘점,전라북도,남원시,월락동,68-6,35.4199922,127.4056717
편의점,씨유뉴남원월락점,전라북도,남원시,월락동,157-13,35.4229126,127.4058583
편의점,지에스이십오남원해피,전라북도,남원시,월락동,13-1,35.4243205,127.4097736
편의점,미니스톱남원IC점,전라북도,남원시,월락동,491-2,35.4247603,127.3982707
편의점,씨유,전라북도,남원시,고죽동,200,35.4319613,127.4081942
편의점,이마트24남원요천로점,전라북도,남원시,식정동,475-3,35.435985,127.4183497
편의점,삼성슈퍼마트,전라북도,남원시,식정동,1-26,35.4561181,127.4333858
편의점,미니스톱남원,전라북도,남원시,식정동,1-26,35.4561181,127.4333858
편의점,지에스25남원더라우점,전라북도,남원시,노암동,901,35.3944748,127.3710237
편의점,GS25남원노암,전라북도,남원시,노암동,211-1,35.3959792,127.3783374
편의점,씨유남원노암공단점,전라북도,남원시,노암동,872-2,35.3875826,127.3771925
편의점,씨유켄싱턴리조트,전라북도,남원시,어현동,37-122,35.402185,127.3848174
편의점,춘향라모크춘향편의점,전라북도,남원시,어현동,37-204,35.4038893,127.3868758
편의점,이마트24self남원산리지호텔점,전라북도,남원시,신촌동,437,35.406545,127.3900832
편의점,GS25남원운봉점,전라북도,남원시,운봉읍,동천리 486-5,35.437296,127.5316198
편의점,세븐일레븐남원운봉점,전라북도,남원시,운봉읍,서천리 206,35.438621,127.529687
편의점,24시편의점,전라북도,남원시,운봉읍,화수리 83-1,35.4566875,127.5767153
편의점,에스에이치24,전라북도,남원시,운봉읍,용산리 268-12,35.433455,127.547374
편의점,미니스톱남원춘향로점,전라북도,남원시,사매면,관풍리 798-4,35.4807476,127.3637515
편의점,씨유남원지리산점,전라북도,남원시,산내면,대정리 642-2,35.4204832,127.6291854
편의점,지에스25남원산내점,전라북도,남원시,산내면,대정리 746,35.4185559,127.6227756
편의점,씨유남원인월점,전라북도,남원시,인월면,인월리 233-3,35.4615056,127.6032619
편의점,GS25지리산IC점,전라북도,남원시,인월면,인월리 222-1,35.4620764,127.6050859
편의점,이마트24남원인월점,전라북도,남원시,인월면,상우리 366-3,35.4559092,127.6090613
편의점,씨유김제청보리점,전라북도,김제시,요촌동,321-17,35.803925,126.8871684
편의점,지에스25김제도서관점,전라북도,김제시,요촌동,116-12,35.8000489,126.8900748
편의점,씨유요촌,전라북도,김제시,요촌동,128-1,35.7979287,126.8916173
편의점,이마트24김제위성점,전라북도,김제시,요촌동,612-2,35.8042556,126.8941838
편의점,지에스25김제,전라북도,김제시,요촌동,368-31,35.8051834,126.8837479
편의점,CU김제요촌대로점,전라북도,김제시,요촌동,353,35.8100681,126.8862386
편의점,세븐일레븐김제요촌,전라북도,김제시,요촌동,353-5,35.8098474,126.8859994
편의점,세븐일레븐김제요촌,전라북도,김제시,요촌동,474-6,35.7996191,126.8845728
편의점,GS25김제,전라북도,김제시,요촌동,47-24,35.8035714,126.8937353
편의점,씨유김제요촌,전라북도,김제시,요촌동,583-7,35.8052157,126.8893642
편의점,올리브영전북,전라북도,김제시,요촌동,51-18,35.8028861,126.8937088
편의점,GS25김제진우점,전라북도,김제시,요촌동,547-11,35.8065208,126.8939946
편의점,무인편의점김제점,전라북도,김제시,요촌동,602-6,35.8053712,126.8946719
편의점,GS25김제신광,전라북도,김제시,요촌동,594,35.8037221,126.8893005
편의점,GS25김제,전라북도,김제시,요촌동,368-31,35.8051834,126.8837479
편의점,씨유요촌점,전라북도,김제시,요촌동,614-5,35.8041961,126.8951555
편의점,이마트24김제요촌북로점,전라북도,김제시,요촌동,538-7,35.8072117,126.8873874
편의점,미니스톱김제교육청점,전라북도,김제시,요촌동,544-9,35.8072338,126.8909908
편의점,지에스25김제(상품권),전라북도,김제시,요촌동,368-31,35.8051834,126.8837479
편의점,지에스25김제대방점(상품권),전라북도,김제시,신풍동,605,35.8012251,126.8996495
편의점,미니스톱김제오투점,전라북도,김제시,신풍동,654,35.7970151,126.8955062
편의점,세븐일레븐김제,전라북도,김제시,신풍동,585-9,35.8031906,126.8983882
편의점,지에스25김제비사벌점,전라북도,김제시,신풍동,586-4,35.8032552,126.899939
편의점,씨유김제뉴대방점,전라북도,김제시,신풍동,612-9,35.8004754,126.8991905
편의점,씨유김제검산점,전라북도,김제시,신풍동,640,35.7969703,126.9047815
편의점,지에스25김제,전라북도,김제시,신풍동,315-1,35.7925781,126.8996739
편의점,이마트24김제,전라북도,김제시,신풍동,30-1,35.7953798,126.9028849
편의점,씨유김제새한점,전라북도,김제시,신풍동,448-6,35.7950861,126.8932503
편의점,씨유김제신풍,전라북도,김제시,신풍동,311-2,35.7918867,126.8991435
편의점,GS25김제대방점,전라북도,김제시,신풍동,605,35.8012251,126.8996495
편의점,GS25김제검산점,전라북도,김제시,검산동,828,35.798077,126.9041121
편의점,세븐김제검산택지점,전라북도,김제시,검산동,1066-1,35.8022811,126.9033997
편의점,CU김제,전라북도,김제시,검산동,912-34,35.8045107,126.9016781
편의점,씨유김제대검산점,전라북도,김제시,검산동,526,35.8034561,126.9092797
편의점,세븐일레븐김제검산택지점,전라북도,김제시,검산동,1066-1,35.8022811,126.9033997
편의점,씨유김제샬레점,전라북도,김제시,검산동,1058-6,35.8028844,126.903961
편의점,세븐일레븐김제검산점,전라북도,김제시,검산동,478,35.8061566,126.9071887
편의점,씨유김제검산,전라북도,김제시,검산동,895-25,35.8053216,126.9070429
편의점,세븐일레븐김제검산화산점,전라북도,김제시,검산동,1078-1,35.8034267,126.9057559
편의점,지에스25순동,전라북도,김제시,순동,623-20,35.8221674,126.9233722
편의점,세븐일레븐김제순동점,전라북도,김제시,순동,448-1,35.8121082,126.9196098
편의점,씨유김제서암,전라북도,김제시,서암동,225-1,35.8076757,126.8750946
편의점,씨유김제,전라북도,김제시,서암동,393-1,35.8054401,126.882566
편의점,지에스25김제우석,전라북도,김제시,서암동,377,35.8073157,126.8802021
편의점,세븐일레븐김제서암현대점,전라북도,김제시,서암동,497-4,35.8036597,126.8729569
편의점,미니스톱김제중앙,전라북도,김제시,교동,123-6,35.795993,126.8780312
편의점,채널큐24시편의점,전라북도,김제시,옥산동,339-11,35.7974605,126.8835104
편의점,"영광타이어,포시즌마트",전라북도,김제시,하동,303-5,35.8201525,126.8932976
편의점,씨유김제,전라북도,김제시,연정동,38-2,35.7988868,126.8668578
편의점,GS25김제만경점,전라북도,김제시,만경읍,만경리 478-44,35.8521591,126.8163026
편의점,세븐김제지평선산단점,전라북도,김제시,백산면,부거리 1593-10,35.8516745,126.8838608
편의점,지에스25지평선,전라북도,김제시,백산면,부거리 1597-1,35.8516992,126.8852387
편의점,이마트24김제지오점,전라북도,김제시,백산면,부거리 1595,35.8535573,126.885421
편의점,씨유김제지평선,전라북도,김제시,백산면,부거리 1585,35.8535249,126.881563
편의점,세븐일레븐김제지평선,전라북도,김제시,백산면,부거리 1593-10,35.8516745,126.8838608
편의점,씨유김제,전라북도,김제시,용지면,부교리 57-22,35.8171409,126.9932696
편의점,씨스페이스전북,전라북도,김제시,용지면,부교리 190-3,35.815249,126.9805301
편의점,이마트24R김제금백로점,전라북도,김제시,백구면,영상리 340-2,35.8765694,126.9959174
편의점,미니스톱김제백구점,전라북도,김제시,백구면,반월리 504,35.8959039,126.9646718
편의점,이마트24R김제백구점,전라북도,김제시,백구면,반월리 210-25,35.8920267,126.9681298
편의점,세븐일레븐김제난산,전라북도,김제시,백구면,마산리 446-6,35.8778263,126.996622
편의점,세븐일레븐김제벚꽃점,전라북도,김제시,백구면,삼정리 324-18,35.9087634,126.9407819
편의점,이마트24김제금구점,전라북도,김제시,금구면,금구리 358-32,35.77487,127.0081082
편의점,이마트24SMART대운회관주유소점,전라북도,김제시,금구면,산동리 755-65,35.785762,127.0288808
편의점,쿠라비어,전라북도,김제시,금구면,금구리 322-10,35.7767194,127.0109657
편의점,씨유김제금구점,전라북도,김제시,금구면,청운리 511-3,35.8149195,126.9758948
편의점,씨유김제콩쥐팥쥐점,전라북도,김제시,금구면,낙성리 454-3,35.8146549,126.9895136
편의점,지에스25금구,전라북도,김제시,금구면,금구리 358-3,35.7753656,127.0094129
편의점,지에스25금구오아시스점,전라북도,김제시,금구면,대화리 260-9,35.7886475,127.0405659
편의점,씨유김제봉남점,전라북도,김제시,봉남면,대송리 563-3,35.7538574,126.9625997
편의점,씨유김제황산점,전라북도,김제시,황산면,봉월리 616-7,35.7946281,126.9433593
편의점,씨유전북종합물류,전라북도,김제시,금산면,성계리 381-3,35.7252415,126.9904103
편의점,세븐일레븐김제,전라북도,김제시,금산면,성계리 661-1,35.7196202,126.9950209
편의점,지에스25뉴금산사IC점,전라북도,김제시,금산면,성계리 401-10,35.7277882,126.99176
편의점,씨유김제목우촌점,전라북도,김제시,금산면,용산리 18-10,35.7528517,127.0018851
편의점,이마트24금산사IC점,전라북도,김제시,금산면,성계리 399-4,35.7275893,126.9923006
편의점,씨유김제,전라북도,김제시,금산면,원평리 120-23,35.7134974,126.9927915
편의점,금산사편의점,전라북도,김제시,금산면,금산리 142,35.7180704,127.0417436
편의점,GS25삼례IC점,전라북도,완주군,삼례읍,신금리 800-13,35.9185915,127.0844117
편의점,지에스25뉴우석대,전라북도,완주군,삼례읍,후정리 2,35.9148452,127.0696555
편의점,GS25우석대,전라북도,완주군,삼례읍,후정리 399-1,35.9107383,127.0632368
편의점,씨유삼봉비엘점,전라북도,완주군,삼례읍,수계리 1228-3,35.9243102,127.1193668
편의점,씨유우석대문화관점,전라북도,완주군,삼례읍,후정리 490,35.9123674,127.0661734
편의점,지에스25삼봉,전라북도,완주군,삼례읍,수계리 1241-1,35.9237644,127.1223503
편의점,씨유우석대,전라북도,완주군,삼례읍,삼례리 1328-1,35.9128557,127.069507
편의점,세븐일레븐완주삼봉보훈점,전라북도,완주군,삼례읍,수계리 1254-1,35.921519,127.123749
편의점,씨유삼례주공점,전라북도,완주군,삼례읍,삼례리 1754,35.9200122,127.0777034
편의점,이마트24삼례,전라북도,완주군,삼례읍,삼례리 910-2,35.9099511,127.0752449
편의점,지에스25뉴우석대점,전라북도,완주군,삼례읍,후정리 13-32,35.9149571,127.0683041
편의점,세븐일레븐완주삼봉점,전라북도,완주군,삼례읍,수계리 1226-4,35.9247339,127.1171757
편의점,지에스25뉴우석대타운점,전라북도,완주군,삼례읍,후정리 414-196,35.9120832,127.069194
편의점,세븐일레븐백제예술대점,전라북도,완주군,봉동읍,제내리 1234,35.9965951,127.1274242
편의점,세븐일레븐완주봉동현대점,전라북도,완주군,봉동읍,용암리 287-2,35.9555791,127.1383262
편의점,씨유봉동,전라북도,완주군,봉동읍,구암리 105-8,35.9490593,127.1144069
편의점,현대3공단주유소편의점,전라북도,완주군,봉동읍,용암리 809,35.9442088,127.1257089
편의점,씨유봉동주공점,전라북도,완주군,봉동읍,낙평리 1242,35.9299793,127.1592005
편의점,비지에프리테일BGF푸드포켓점,전라북도,완주군,봉동읍,둔산리 924-20,35.960913,127.1305913
편의점,미니스톱완주한빛점,전라북도,완주군,봉동읍,둔산리 905-12,35.9588874,127.1234253
편의점,지에스25완주,전라북도,완주군,봉동읍,둔산리 904-8,35.9588886,127.1222792
편의점,세븐일레븐완주동서로점,전라북도,완주군,봉동읍,장기리 350-1,35.9384276,127.1652068
편의점,세븐일레븐완주봉동,전라북도,완주군,봉동읍,낙평리 1249,35.9334498,127.1664919
편의점,이마트24완주봉동점,전라북도,완주군,봉동읍,장기리 212-10,35.9380798,127.1680531
편의점,미니스톱완주,전라북도,완주군,봉동읍,구미리 936-1,35.9339201,127.1259042
편의점,씨제이올리브영전북완주점,전라북도,완주군,봉동읍,둔산리 899-1,35.961393,127.1268725
편의점,세븐일레븐완주과학로점,전라북도,완주군,봉동읍,둔산리 937-2,35.9565595,127.1249855
편의점,씨유완주봉동점,전라북도,완주군,봉동읍,장기리 119,35.9425237,127.1696558
편의점,세븐일레븐완주봉동명진점,전라북도,완주군,봉동읍,장기리 836-3,35.9367208,127.1617131
편의점,이마트24완주봉동로점,전라북도,완주군,봉동읍,은하리 205-18,35.9496522,127.1548673
편의점,씨유완주,전라북도,완주군,봉동읍,용암리 226-1,35.9559244,127.1393883
편의점,씨유완주산단,전라북도,완주군,봉동읍,제내리 291-10,35.979886,127.1209975
편의점,지에스25봉동,전라북도,완주군,봉동읍,장기리 205-10,35.9391685,127.1683466
편의점,지에스25완주,전라북도,완주군,봉동읍,둔산리 876-3,35.9634187,127.1267394
편의점,지에스25둔산도서관점,전라북도,완주군,봉동읍,둔산리 886-7,35.9609721,127.1231116
편의점,씨유봉동원룸점,전라북도,완주군,봉동읍,둔산리 893-1,35.9602942,127.123377
편의점,세븐일레븐봉동아리랑휴게소점,전라북도,완주군,봉동읍,장구리 90-3,35.9728225,127.1252333
편의점,GS25완주주공점,전라북도,완주군,봉동읍,낙평리 1210-1,35.9293702,127.160625
편의점,지에스25완주,전라북도,완주군,봉동읍,둔산리 937-5,35.9556279,127.1249604
편의점,GS25완주공원점,전라북도,완주군,봉동읍,둔산리 876-9,35.9625673,127.126742
편의점,씨유완주,전라북도,완주군,봉동읍,둔산리 905-7,35.9587074,127.1245762
편의점,"로또복권,토토,위드미완주공단점",전라북도,완주군,봉동읍,둔산리 903-2,35.9590872,127.1260125
편의점,세븐일레븐완주용진하이점,전라북도,완주군,용진읍,구억리 182-3,35.8619057,127.1746492
편의점,이마트24스마트완주휴게소익산방향점,전라북도,완주군,용진읍,상삼리 산49-3,35.8773606,127.1963364
편의점,지에스25완주용진점,전라북도,완주군,용진읍,용흥리 859-1,35.8805553,127.1560112
편의점,행복마트,전라북도,완주군,용진읍,운곡리 1122,35.9020104,127.1589163
편의점,지에스25완주기로점,전라북도,완주군,용진읍,상운리 25-6,35.8846995,127.1558895
편의점,세븐일레븐완주용진점,전라북도,완주군,용진읍,용흥리 853-1,35.8813819,127.1562094
편의점,이마트24스마트완주휴게소포항방향점,전라북도,완주군,용진읍,상삼리 1161-27,35.8762453,127.1959159
편의점,씨유완주용진점,전라북도,완주군,용진읍,상운리 41-22,35.8778328,127.1562898
편의점,GS25완주공단,전라북도,완주군,용진읍,신지리 1135-10,35.9212502,127.1686996
편의점,씨스페이스,전라북도,완주군,상관면,신리 722-10,35.7651676,127.2048137
편의점,세븐일레븐완주신리점,전라북도,완주군,상관면,신리 582-12,35.7695233,127.2093432
편의점,이마트24완주,전라북도,완주군,상관면,용암리 431-1,35.7221701,127.2328104
편의점,씨유상관ic울산바위점,전라북도,완주군,상관면,신리 161-1,35.7609165,127.2154731
편의점,지에스25상관IC점,전라북도,완주군,상관면,죽림리 250-2,35.7489821,127.220541
편의점,꿈꾸는마실길,전라북도,완주군,상관면,신리 722-1,35.7655839,127.204753
편의점,GS25완주이서점,전라북도,완주군,이서면,상개리 546-41,35.8201349,127.0263444
편의점,세븐일레븐완주지방행정연,전라북도,완주군,이서면,용서리 760-8,35.8318631,127.0243913
편의점,세븐전북혁신지구점,전라북도,완주군,이서면,갈산리 664-1,35.8381121,127.0572269
편의점,이마트24완주혁신타운점,전라북도,완주군,이서면,갈산리 691,35.8368555,127.0560584
편의점,지성,전라북도,완주군,이서면,갈산리 646,35.8363867,127.0534889
편의점,지에스25전북혁신타운점,전라북도,완주군,이서면,갈산리 660-12,35.83311,127.0554376
편의점,세븐일레븐완주이서,전라북도,완주군,이서면,이문리 711-3,35.8208716,127.014483
편의점,코리아세븐완주이서,전라북도,완주군,이서면,이문리 711-3,35.8208716,127.014483
편의점,세븐일레븐전북혁신지구점,전라북도,완주군,이서면,갈산리 664-1,35.8381121,127.0572269
편의점,지에스25혁신,전라북도,완주군,이서면,갈산리 662-8,35.8390615,127.0581854
편의점,지에스25혁신일번지점,전라북도,완주군,이서면,갈산리 665-3,35.8372676,127.0572457
편의점,비지에프휴먼넷CUE이서휴게소,전라북도,완주군,이서면,은교리 186,35.803914,127.0243785
편의점,지에스25콩쥐팥쥐로점,전라북도,완주군,이서면,상개리 566-7,35.8211723,127.0234955
편의점,세븐일레븐전북혁신하늘채점,전라북도,완주군,이서면,갈산리 661-1,35.8393705,127.0559155
편의점,비지에프휴먼넷CUE이서휴게소,전라북도,완주군,이서면,은교리 183-12,35.8010236,127.0250788
편의점,이마트24R완주이서해피트리점,전라북도,완주군,이서면,금평리 2,35.8186523,127.0644851
편의점,씨유혁신,전라북도,완주군,이서면,갈산리 663-3,35.8374439,127.0565471
편의점,세븐일레븐전주혁신케렌시아점,전라북도,완주군,이서면,갈산리 693-2,35.8359902,127.0565526
편의점,세븐일레븐완주이서남양점,전라북도,완주군,이서면,용서리 60-1,35.8235358,127.021552
편의점,세븐완주이서남양점,전라북도,완주군,이서면,용서리 60-1,35.8235358,127.021552
편의점,지에스25소양,전라북도,완주군,소양면,황운리 119-5,35.8652533,127.247286
편의점,CU완주소양점,전라북도,완주군,소양면,황운리 651-5,35.8556962,127.2339694
편의점,씨유화심,전라북도,완주군,소양면,화심리 123-2,35.8419529,127.2734832
편의점,미니스톱완주구이점,전라북도,완주군,구이면,원기리 585-13,35.731059,127.1196994
편의점,GS25모악산점,전라북도,완주군,구이면,원기리 1068-2,35.7294474,127.1066116
편의점,GS25완주구이,전라북도,완주군,구이면,두현리 542-15,35.7337335,127.1200887
편의점,이마트24청정인성수련원점,전라북도,완주군,구이면,안덕리 257-3,35.6857103,127.100088
편의점,씨유고산,전라북도,완주군,고산면,읍내리 596-2,35.9749702,127.2070082
편의점,이마트24R완주대아성림점,전라북도,완주군,고산면,소향리 777-3,35.9839474,127.2480443
편의점,씨스페이스대,전라북도,완주군,운주면,산북리 581-1,36.1186602,127.3346553
편의점,하나원편의점,전라북도,완주군,운주면,고당리 400-9,36.0383975,127.3422555
편의점,세븐일레븐전북완주운주점,전라북도,완주군,운주면,장선리 573-4,36.092756,127.2777024
편의점,씨유하나원리조트점,전라북도,완주군,운주면,고당리 336,36.0386943,127.3426137
편의점,마리정류장,전라북도,완주군,동상면,수만리 544-1,35.9396202,127.2698615
편의점,지에스25진안,전라북도,진안군,진안읍,군상리 365-14,35.79178,127.4290052
편의점,씨유진안주공점,전라북도,진안군,진안읍,군상리 603,35.79759,127.4267664
편의점,세븐일레븐진안,전라북도,진안군,진안읍,군상리 403-19,35.7920085,127.4310372
편의점,세븐일레븐진안IC점,전라북도,진안군,진안읍,군하리 308-3,35.785332,127.4220396
편의점,씨유진안,전라북도,진안군,진안읍,군상리 403-102,35.791941,127.4298625
편의점,씨유진안홍삼점,전라북도,진안군,진안읍,단양리 749,35.7752526,127.4174494
편의점,세븐일레븐진안,전라북도,진안군,진안읍,군상리 459-1,35.7938558,127.4301086
편의점,세븐일레븐진안진용점,전라북도,진안군,진안읍,군상리 833,35.7935009,127.4259748
편의점,황금로또판매점,전라북도,진안군,진안읍,군상리 437-10,35.7920782,127.4272873
편의점,씨유진안안천점,전라북도,진안군,안천면,노성리 716-3,35.8975455,127.5518066
편의점,씨유진안마이산점,전라북도,진안군,마령면,동촌리 70-4,35.7571679,127.3934772
편의점,씨유무주한풍루점,전라북도,무주군,무주읍,당산리 1238,36.0043429,127.6611279
편의점,씨유무주,전라북도,무주군,무주읍,읍내리 299,36.008129,127.6619825
편의점,세븐일레븐무주향교점,전라북도,무주군,무주읍,읍내리 118-13,36.0080144,127.6670444
편의점,씨유무주,전라북도,무주군,무주읍,읍내리 337-7,36.0101393,127.6630295
편의점,이마트24전북무주점,전라북도,무주군,무주읍,읍내리 249-5,36.0077862,127.6627918
편의점,씨유무주반딧불점,전라북도,무주군,무주읍,읍내리 1099,36.0060835,127.6562819
편의점,세븐일레븐무주군청점,전라북도,무주군,무주읍,읍내리 226-2,36.0062375,127.6606198
편의점,세븐일레븐무주의료원점,전라북도,무주군,무주읍,당산리 707-2,36.0051509,127.6705646
편의점,무주만남의광장씨유,전라북도,무주군,무주읍,가옥리 300,35.9741929,127.6513618
편의점,씨유무주장터점,전라북도,무주군,무주읍,읍내리 1218-2,36.0052359,127.6528431
편의점,토비스편의점,전라북도,무주군,무풍면,삼거리 120,35.8867981,127.8206874
편의점,세븐일레븐무주무풍점,전라북도,무주군,무풍면,현내리 269-5,35.9696132,127.8515421
편의점,일성티엔씨,전라북도,무주군,무풍면,현내리 1135,35.9786478,127.8264534
편의점,지에스25무주구천점,전라북도,무주군,설천면,삼공리 323-11,35.908561,127.7777611
편의점,씨유무주구,전라북도,무주군,설천면,삼공리 524-3,35.8993403,127.7757697
편의점,씨유무주리조트햇님점,전라북도,무주군,설천면,심곡리 산43-15,35.8937346,127.7377811
편의점,씨유무주리조트,전라북도,무주군,설천면,심곡리 680-29,35.9109566,127.7592522
편의점,씨유무주리조트유스호스텔점,전라북도,무주군,설천면,심곡리 산43-15,35.8937346,127.7377811
편의점,씨유무주,전라북도,무주군,설천면,삼공리 366-3,35.9056107,127.7808816
편의점,씨유무주리조트설천점,전라북도,무주군,설천면,심곡리 산43-15,35.8937346,127.7377811
편의점,이마트24무주태권도원점,전라북도,무주군,설천면,청량리 1454,36.0099013,127.7766309
편의점,씨유무주설천점,전라북도,무주군,설천면,소천리 904-87,36.0093179,127.787431
편의점,지에스25뉴무주카니발점,전라북도,무주군,설천면,심곡리 산43-15,35.8937346,127.7377811
편의점,씨유무주대로점,전라북도,무주군,설천면,심곡리 631-2,35.9093221,127.759376
편의점,지에스25무주덕유산점,전라북도,무주군,설천면,삼공리 418-20,35.8994113,127.7770169
편의점,씨유무주리조트만선점,전라북도,무주군,설천면,심곡리 산43-15,35.8937346,127.7377811
편의점,세븐일레븐무주구,전라북도,무주군,설천면,삼공리 418-19,35.8999946,127.7772121
편의점,세븐일레븐무주리조트점,전라북도,무주군,설천면,심곡리 산43-15,35.8937346,127.7377811
편의점,씨유무주일번지점,전라북도,무주군,설천면,심곡리 568-14,35.9079633,127.7548126
편의점,씨유무주하조,전라북도,무주군,적상면,괴목리 530-5,35.9294646,127.7163672
편의점,세븐일레븐무주적상점,전라북도,무주군,적상면,사천리 312-1,35.9403588,127.6590733
편의점,세븐일레븐무주안성,전라북도,무주군,안성면,장기리 1506-11,35.86737,127.6537637
편의점,씨유무주,전라북도,무주군,안성면,장기리 1330-26,35.8674461,127.6545062
편의점,지에스25,전라북도,장수군,장수읍,선창리 357-2,35.6556325,127.5203138
편의점,미니스톱장수,전라북도,장수군,장수읍,장수리 472-14,35.6482285,127.5184347
편의점,씨유,전라북도,장수군,장수읍,장수리 456-10,35.6489574,127.5191308
편의점,씨유장수사과점,전라북도,장수군,장수읍,장수리 420-4,35.6516499,127.5199444
편의점,씨유장수한누리점,전라북도,장수군,장수읍,장수리 594-6,35.6457374,127.5177431
편의점,세븐일레븐장수신천로점,전라북도,장수군,장수읍,노하리 529-7,35.6490705,127.5162487
편의점,세븐일레븐장수번암점,전라북도,장수군,번암면,노단리 1151-1,35.5310132,127.5436729
편의점,세븐일레븐장수장계점,전라북도,장수군,장계면,장계리 65-3,35.7351682,127.5836977
편의점,이마트24R장계,전라북도,장수군,장계면,장계리 747-3,35.7320717,127.58772
편의점,이마트24장수장계점,전라북도,장수군,장계면,장계리 395-3,35.7296079,127.5834411
편의점,씨유장계,전라북도,장수군,장계면,장계리 296-6,35.7308629,127.5817971
편의점,지에스25장계,전라북도,장수군,장계면,장계리 296-12,35.730929,127.5814728
편의점,씨유장수실크,전라북도,장수군,계남면,호덕리 632-6,35.7217969,127.5829249
편의점,씨유장수IC점,전라북도,장수군,계남면,화음리 966-4,35.7037301,127.5787845
편의점,세븐일레븐임실,전라북도,임실군,임실읍,이도리 743-2,35.6147885,127.280204
편의점,세븐일레븐전북,전라북도,임실군,임실읍,이도리 549-5,35.6123058,127.2813087
편의점,세븐일레븐임실,전라북도,임실군,임실읍,이도리 239-29,35.6146521,127.2847943
편의점,씨유임실,전라북도,임실군,임실읍,두곡리 195-8,35.6361334,127.2827386
편의점,지에스25전북,전라북도,임실군,임실읍,이도리 306-1,35.6127017,127.2858224
편의점,이마트24임실,전라북도,임실군,임실읍,이도리 630-1,35.6131262,127.2787078
편의점,씨유임실,전라북도,임실군,임실읍,이도리 237-7,35.6151397,127.283617
편의점,씨유임실청웅점,전라북도,임실군,청웅면,구고리 419-4,35.5705309,127.202333
편의점,지에스25오수IC점,전라북도,임실군,오수면,대명리 304-2,35.5597721,127.3202388
편의점,씨유임실오수점,전라북도,임실군,오수면,오수리 387-43,35.5412192,127.3291258
편의점,비지에프휴먼넷CUE오수휴게소전주점,전라북도,임실군,오수면,대명리 783-16,35.5402388,127.3115503
편의점,세븐일레븐임실,전라북도,임실군,오수면,봉천리 636-41,35.5698545,127.3113653
편의점,지에스25오수,전라북도,임실군,오수면,오수리 362-4,35.5386842,127.3270394
편의점,씨유오수,전라북도,임실군,오수면,오수리 340-2,35.5375442,127.330062
편의점,지에스25임실관촌점,전라북도,임실군,관촌면,관촌리 323-6,35.6728785,127.2694165
편의점,이마트24스마트관촌휴게소광양방향점,전라북도,임실군,관촌면,방현리 산32,35.6887743,127.2670007
편의점,세븐일레븐임실병암점,전라북도,임실군,관촌면,병암리 347-1,35.661296,127.2759775
편의점,이마트24스마트관촌휴게소완주방향점,전라북도,임실군,관촌면,방현리 산39-2,35.6906723,127.2677343
편의점,씨유임실,전라북도,임실군,강진면,갈담리 516-1,35.5298024,127.1602426
편의점,지에스이십오순창베스트점,전라북도,순창군,순창읍,남계리 302-11,35.3754626,127.1479587
편의점,씨유순창,전라북도,순창군,순창읍,남계리 673-1,35.3717989,127.1416527
편의점,이마트24R순창장류로점,전라북도,순창군,순창읍,백산리 288-10,35.369478,127.1139853
편의점,세븐일레븐순창,전라북도,순창군,순창읍,순화리 114-1,35.3769501,127.1411869
편의점,씨유순창경찰서점,전라북도,순창군,순창읍,순화리 482-17,35.3766556,127.1368593
편의점,세븐일레븐순창대상점,전라북도,순창군,순창읍,가남리 507-13,35.3647869,127.1417776
편의점,이마트24순창시니어스토어점,전라북도,순창군,순창읍,남계리 218-4,35.37552,127.1434328
편의점,세븐일레븐순창IC점,전라북도,순창군,순창읍,교성리 394-27,35.3705237,127.1402933
편의점,지에스25순창민속,전라북도,순창군,순창읍,백산리 288-10,35.369478,127.1139853
편의점,국성세븐일레븐순창,전라북도,순창군,순창읍,남계리 99-5,35.3759445,127.149497
편의점,씨유순창,전라북도,순창군,순창읍,순화리 114-1,35.3769501,127.1411869
편의점,GS25전북순창점,전라북도,순창군,순창읍,순화리 95-5,35.3770465,127.1388227
편의점,지에스25순창남계점,전라북도,순창군,순창읍,남계리 482-2,35.3744196,127.1453049
편의점,세븐일레븐순창공설운동장점,전라북도,순창군,순창읍,교성리 188-4,35.3731798,127.1285409
편의점,지에스25뉴순창,전라북도,순창군,순창읍,남계리 489-3,35.3745304,127.1427184
편의점,포시즌마트,전라북도,순창군,순창읍,순화리 156-5,35.3754588,127.1407184
편의점,커나감세븐순창공설운동장점,전라북도,순창군,순창읍,교성리 188-4,35.3731798,127.1285409
편의점,해빛강천산점,전라북도,순창군,팔덕면,청계리 961-9,35.4084974,127.0694848
편의점,세븐일레븐고창읍성점,전라북도,고창군,고창읍,읍내리 264-2,35.4331373,126.7014871
편의점,지에스이십오고창,전라북도,고창군,고창읍,읍내리 663,35.4363731,126.6934503
편의점,세븐일레븐고창,전라북도,고창군,고창읍,읍내리 625-3,35.4361151,126.6953048
편의점,세븐일레븐고창청솔점,전라북도,고창군,고창읍,교촌리 221-8,35.440221,126.6992113
편의점,씨제이올리브영전북,전라북도,고창군,고창읍,읍내리 202,35.4349064,126.7011756
편의점,씨유고창선점,전라북도,고창군,고창읍,읍내리 625,35.4359324,126.6951557
편의점,지에스25고창삼일점,전라북도,고창군,고창읍,읍내리 1135,35.4284608,126.6949284
편의점,이마트24고창월곡,전라북도,고창군,고창읍,교촌리 417,35.436285,126.7107856
편의점,세븐일레븐,전라북도,고창군,고창읍,읍내리 193-2,35.4361081,126.7008686
편의점,씨유고창IC점,전라북도,고창군,고창읍,읍내리 964,35.4377775,126.6921962
편의점,이마트24R고창,전라북도,고창군,고창읍,읍내리 671-8,35.4382431,126.6929849
편의점,GS25고창타운점,전라북도,고창군,고창읍,월곡리 621,35.4372455,126.7111903
편의점,GS25고창,전라북도,고창군,고창읍,읍내리 378-7,35.4316366,126.7006944
편의점,지에스25남고창IC점,전라북도,고창군,고창읍,덕산리 115-27,35.4241637,126.6924449
편의점,씨유고창,전라북도,고창군,고창읍,교촌리 78,35.4348092,126.705078
편의점,씨유고창주공점,전라북도,고창군,고창읍,월곡리 585-1,35.4385402,126.7102742
편의점,세븐일레븐고창웰파크시티점,전라북도,고창군,고창읍,석정리 783,35.4305569,126.7388524
편의점,세븐일레븐고창은하다리점,전라북도,고창군,고창읍,교촌리 39-2,35.433966,126.7099753
편의점,씨유고창,전라북도,고창군,고창읍,교촌리 501,35.4350658,126.7107192
편의점,지에스25고창,전라북도,고창군,고창읍,읍내리 635,35.4354071,126.696848
편의점,집밥뚝딱,전라북도,고창군,고창읍,교촌리 47-9,35.4361188,126.7076713
편의점,씨유고창여중점,전라북도,고창군,고창읍,석교리 8-14,35.4404796,126.695546
편의점,세븐일레븐고창,전라북도,고창군,고창읍,월곡리 833,35.4350346,126.7126609
편의점,이마트24고창파크시티점,전라북도,고창군,고창읍,석정리 727-1,35.4313667,126.738379
편의점,CU고창강호점,전라북도,고창군,고창읍,덕산리 3-2,35.4277424,126.6976915
편의점,씨유고창고수점,전라북도,고창군,고수면,봉산리 1700,35.410218,126.6782038
편의점,지에스25선운산리조트점,전라북도,고창군,아산면,삼인리 287-4,35.5037967,126.5848705
편의점,지에스25고창선운사점,전라북도,고창군,아산면,삼인리 562,35.4913118,126.5755925
편의점,씨유고창선운사점,전라북도,고창군,아산면,삼인리 392-18,35.5029427,126.5867595
편의점,씨유고창,전라북도,고창군,아산면,상갑리 337-1,35.4402628,126.6363824
편의점,하이월드무장점,전라북도,고창군,무장면,무장리 59-5,35.4142547,126.5610209
편의점,씨유고창무장점,전라북도,고창군,무장면,무장리 79-6,35.4150289,126.5614417
편의점,세븐일레븐고창무장점,전라북도,고창군,무장면,무장리 58-9,35.4140069,126.5616564
편의점,씨유고창공음점,전라북도,고창군,공음면,칠암리 538,35.3772864,126.5130174
편의점,세븐일레븐고창공음점,전라북도,고창군,공음면,칠암리 560-3,35.3777538,126.5119234
편의점,씨유고창상하점,전라북도,고창군,상하면,하장리 971-11,35.4428038,126.4894672
편의점,이마트24R구시포노을점,전라북도,고창군,상하면,자룡리 529-5,35.4443765,126.4354
편의점,씨유고창구시포점,전라북도,고창군,상하면,자룡리 523-3,35.4454326,126.4361771
편의점,세븐일레븐구시포해수욕장점,전라북도,고창군,상하면,자룡리 529-5,35.4443765,126.4354
편의점,세븐일레븐고창동호,전라북도,고창군,해리면,동호리 637,35.5181591,126.4842989
편의점,세븐일레븐전북고창,전라북도,고창군,해리면,하련리 194-6,35.4599603,126.5406427
편의점,세븐일레븐고창대산정류소점,전라북도,고창군,대산면,산정리 3-1,35.3386205,126.6002144
편의점,이마트24R고창대산점,전라북도,고창군,대산면,매산리 182-19,35.3384615,126.5993724
편의점,씨유고창심원점,전라북도,고창군,심원면,연화리 734-5,35.5232619,126.5490511
편의점,지에스25고창심원점,전라북도,고창군,심원면,하전리 118-1,35.5397709,126.5710027
편의점,영희네편의점,전라북도,고창군,심원면,고전리 1979-8,35.5228545,126.5022838
편의점,이마트24R고창,전라북도,고창군,흥덕면,흥덕리 239-4,35.5203255,126.6998923
편의점,CU고창,전라북도,고창군,흥덕면,흥덕리 382-4,35.5190839,126.6989605
편의점,세븐일레븐고창고인돌대로점,전라북도,고창군,신림면,부송리 51-9,35.4571629,126.6958327
편의점,세븐일레븐고창고인돌점,전라북도,고창군,신림면,무림리 550-14,35.4947828,126.7014795
편의점,해빛,전라북도,고창군,신림면,도림리 155,35.4937433,126.732693
편의점,씨유고창,전라북도,고창군,부안면,중흥리 138-2,35.5132091,126.6748457
편의점,씨유부안,전라북도,부안군,부안읍,봉덕리 797-2,35.7239042,126.7378543
편의점,씨유부안군청점,전라북도,부안군,부안읍,동중리 301,35.731781,126.7343969
편의점,세븐일레븐부안보건점,전라북도,부안군,부안읍,봉덕리 589-2,35.7234043,126.734935
편의점,지에스25부안,전라북도,부안군,부안읍,봉덕리 759,35.7251983,126.7339381
편의점,세븐일레븐부안,전라북도,부안군,부안읍,봉덕리 578-10,35.7275276,126.7370214
편의점,미니스톱부안,전라북도,부안군,부안읍,서외리 42-51,35.7263444,126.7320204
편의점,GS25부안,전라북도,부안군,부안읍,동중리 119,35.7286875,126.736007
편의점,미니스톱부안어랑점,전라북도,부안군,부안읍,봉덕리 759-4,35.7253006,126.7349477
편의점,씨유부안서외점,전라북도,부안군,부안읍,서외리 444-5,35.7268195,126.7273544
편의점,세븐일레븐부안주공점,전라북도,부안군,부안읍,봉덕리 816-6,35.724276,126.7396935
편의점,세븐일레븐부안석정점,전라북도,부안군,부안읍,선은리 260-13,35.7300843,126.7372619
편의점,세븐부안주공점,전라북도,부안군,부안읍,봉덕리 816-6,35.724276,126.7396935
편의점,미니스톱부안주공점,전라북도,부안군,부안읍,봉덕리 811,35.7250856,126.7389899
편의점,지에스25부안군청점,전라북도,부안군,부안읍,서외리 227-2,35.7309296,126.7325609
편의점,세븐일레븐부안선은,전라북도,부안군,부안읍,선은리 654-8,35.7383118,126.7351181
편의점,지에스25부안,전라북도,부안군,부안읍,봉덕리 549-8,35.7222184,126.7349129
편의점,지에스25부안,전라북도,부안군,부안읍,봉덕리 549-8,35.7222184,126.7349129
편의점,씨유부안라온점,전라북도,부안군,부안읍,봉덕리 920,35.7201154,126.7423036
편의점,지에스25부안,전라북도,부안군,부안읍,서외리 1-7,35.7261528,126.73692
편의점,씨유부안,전라북도,부안군,부안읍,봉덕리 93-18,35.7240692,126.7423268
편의점,마켓25,전라북도,부안군,부안읍,서외리 455-258,35.7238606,126.7270046
편의점,미니스톱부안진성점,전라북도,부안군,부안읍,봉덕리 803,35.7267268,126.7388894
편의점,세븐일레븐부안온리뷰점,전라북도,부안군,부안읍,서외리 34-1,35.7249781,126.7320611
편의점,GS25부안주공점,전라북도,부안군,부안읍,봉덕리 874,35.7235047,126.7401547
편의점,씨유부안,전라북도,부안군,부안읍,봉덕리 579-6,35.7268556,126.7365145
편의점,세븐일레븐부안,전라북도,부안군,부안읍,봉덕리 782-1,35.722779,126.7370234
편의점,이마트24부안,전라북도,부안군,부안읍,봉덕리 566-177,35.7207709,126.7377491
편의점,대보유통부안휴게소목포,전라북도,부안군,주산면,덕림리 933-4,35.6719233,126.732098
편의점,대보유통부안휴게소서울,전라북도,부안군,주산면,덕림리 924-2,35.671805,126.7347731
편의점,씨유부안역리점,전라북도,부안군,행안면,역리 215-2,35.7297964,126.7226665
편의점,씨유부안행안점,전라북도,부안군,행안면,진동리 189-3,35.717561,126.7179023
편의점,씨유부안계화점,전라북도,부안군,계화면,창북리 441-28,35.762034,126.697501
편의점,씨유격포,전라북도,부안군,변산면,격포리 347,35.6245413,126.4722929
편의점,마더편의점,전라북도,부안군,변산면,격포리 374,35.6217293,126.4838042
편의점,씨유부안,전라북도,부안군,변산면,지서리 407-3,35.6639863,126.5290153
편의점,세븐일레븐부안변산,전라북도,부안군,변산면,대항리 623-3,35.6758454,126.5281525
편의점,에스에이치24모항해나루점,전라북도,부안군,변산면,도청리 203-6,35.580764,126.507696
편의점,세븐일레븐부안채석강점,전라북도,부안군,변산면,격포리 298-13,35.6272791,126.4699486
편의점,GS25부안채석강점,전라북도,부안군,변산면,격포리 302-10,35.6249311,126.4719303
편의점,GS25변산해수욕장,전라북도,부안군,변산면,대항리 523-15,35.6757174,126.5286059
편의점,세븐일레븐부안솔섬점,전라북도,부안군,변산면,도청리 305-2,35.5927911,126.4908813
편의점,씨스페이스모항소나무에노을점,전라북도,부안군,변산면,도청리 176,35.5831051,126.5096212
편의점,세븐일레븐부안모항점,전라북도,부안군,변산면,도청리 203-2,35.5820355,126.5086742
편의점,씨유변산해수욕장점,전라북도,부안군,변산면,대항리 621-7,35.6774576,126.5303414
편의점,세븐일레븐,전라북도,부안군,변산면,격포리 468-2,35.6218469,126.4724221
편의점,이마트24R부안채석강점,전라북도,부안군,변산면,격포리 274-34,35.6269836,126.4716643
편의점,7-ELEVEN변산반도점,전라북도,부안군,변산면,격포리 282-24,35.6288874,126.4712383
편의점,가력광장휴게소,전라북도,부안군,변산면,대항리 578,35.7295365,126.5291668
편의점,씨유,전라북도,부안군,변산면,격포리 508-33,35.6233261,126.4710325
편의점,지에스25부안,전라북도,부안군,변산면,지서리 404-12,35.6641953,126.5279699
편의점,씨유부안상록점,전라북도,부안군,변산면,도청리 485-1,35.6015349,126.4850788
편의점,상록씨유뉴변산농협연,전라북도,부안군,변산면,도청리 1119,35.604963,126.4771587
편의점,씨유블루씨격포항구점,전라북도,부안군,변산면,격포리 468-1,35.6218659,126.4725192
편의점,세븐일레븐변산격포점,전라북도,부안군,변산면,격포리 271-9,35.6294299,126.4759201
편의점,씨유블루씨격포항구점,전라북도,부안군,변산면,격포리 468-2,35.6218469,126.4724221
편의점,씨유뉴부안곰소점,전라북도,부안군,진서면,곰소리 272,35.5875905,126.6091828
편의점,이마트24R부안곰소점,전라북도,부안군,진서면,곰소리 394,35.5906342,126.6044729
편의점,씨유부안내,전라북도,부안군,진서면,석포리 253-28,35.6112798,126.588513
편의점,24시스페셜편의점,전라북도,부안군,진서면,곰소리 773,35.5883464,126.6025563
편의점,세븐일레븐부안개암쉼터점,전라북도,부안군,상서면,감교리 753-4,35.6479076,126.669429
편의점,씨유부안줄포점,전라북도,부안군,줄포면,줄포리 603-4,35.5904042,126.678539
편의점,씨유부안줄포,전라북도,부안군,줄포면,줄포리 916-43,35.5982764,126.67334
