School_Name,School_Type,County,City,Town,Address,Latitude,Longitude
부당초등학교,초등학교,전라북도,무주군,부남면,가당리 448-2,36.01559786,127.5802828
농소초등학교,초등학교,경상북도,김천시,율곡동,21,36.12263602,128.1749068
팔덕초등학교,초등학교,전라북도,순창군,팔덕면,용산리 353-1,35.39289622,127.0976555
김해활천초등학교,초등학교,경상남도,김해시,지내동,297-5,35.23181885,128.9194783
동상초등학교,초등학교,전라북도,완주군,동상면,신월리 286,35.95777997,127.293752
남상초등학교,초등학교,경상남도,거창군,남상면,무촌리 589-4,35.64501258,127.9105881
산내남명초등학교,초등학교,경상남도,밀양시,산내면,남명리 1109-1,35.58775074,128.9544219
백산초등학교,초등학교,전라북도,부안군,백산면,평교리 223,35.70207422,126.7881032
영산초등학교,초등학교,전라북도,정읍시,하북동,151-3,35.59908625,126.8625184
옥천초등학교,초등학교,전라북도,순창군,순창읍,남계리 362-2,35.37302512,127.1464854
노산초등학교,초등학교,경상남도,사천시,동금동,171-5,34.9300336,128.0837627
정일초등학교,초등학교,전라북도,정읍시,용계동,332,35.58979214,126.8199201
이성초등학교,초등학교,전라북도,완주군,이서면,이성리 426-1,35.79757103,127.045039
금동초등학교,초등학교,경상남도,김해시,상동면,대감리 656-2,35.30876696,128.9295779
노동초등학교,초등학교,전라남도,보성군,노동면,거석리 522,34.82428089,127.0485426
동부초등학교율포분교장,초등학교,경상남도,거제시,동부면,율포리 628-1,34.77918062,128.5939535
쌍계초등학교,초등학교,경상남도,하동군,화개면,운수리 328-26,35.23212388,127.6445912
광양북초등학교,초등학교,전라남도,광양시,광양읍,목성리 494-4,34.97691665,127.5938584
전주장동초등학교,초등학교,전라북도,전주시,덕진구,장동 258-2,35.84928596,127.0601031
청운초등학교,초등학교,전라북도,김제시,금구면,청운리 198,35.81054766,126.9826412
이리영등초등학교,초등학교,전라북도,익산시,영등동,762,35.953004,126.9723737
삼성현초등학교,초등학교,경상북도,경산시,백천동,438-3,35.79990067,128.7395072
회원초등학교,초등학교,경상남도,창원시,마산회원구,회원동 393-1,35.21982858,128.5667167
군산용문초등학교,초등학교,전라북도,군산시,미룡동,898-8,35.94228639,126.688677
정읍북초등학교,초등학교,전라북도,정읍시,농소동,14-1,35.57908609,126.8490501
전주덕일초등학교,초등학교,전라북도,전주시,덕진구,덕진동2가 99-1,35.84855719,127.1117899
남정초등학교,초등학교,경상남도,합천군,합천읍,합천리 840-2,35.56285937,128.1570627
구이초등학교,초등학교,전라북도,완주군,구이면,항가리 86-1,35.7209104,127.1186562
군산미장초등학교,초등학교,전라북도,군산시,미장동,500,35.96569908,126.7275065
주천초등학교,초등학교,전라북도,진안군,주천면,주양리 466,35.9764169,127.4262607
목포유달초등학교,초등학교,전라남도,목포시,유달동,8,34.78528417,126.379525
거제양정초등학교,초등학교,경상남도,거제시,양정동,91-4,34.87173985,128.651231
전주새연초등학교,초등학교,전라북도,전주시,완산구,효자동2가 1314-5,35.81149179,127.1002986
보성남초등학교,초등학교,전라남도,보성군,보성읍,주봉리 226,34.77008423,127.0784261
전주동신초등학교,초등학교,전라북도,전주시,덕진구,우아동3가 743-149,35.85182009,127.1563738
송광초등학교,초등학교,전라북도,완주군,소양면,대흥리 996-2,35.88560926,127.245242
동광초등학교,초등학교,경상남도,고성군,거류면,감서리 2,35.00877915,128.4005598
김천모암초등학교,초등학교,경상북도,김천시,모암동,89-61,36.12582704,128.1246519
남원대산초등학교,초등학교,전라북도,남원시,대산면,운교리 178,35.43207083,127.3270162
동성초등학교,초등학교,경상남도,사천시,정동면,고읍리 484-1,35.076204,128.0869426
포은초등학교,초등학교,경상북도,영천시,야사동,34-1,35.98019503,128.9508541
임당초등학교,초등학교,경상북도,경산시,임당동,443-2,35.841579,128.7436191
소라초등학교,초등학교,전라남도,여수시,소라면,덕양리 1220,34.79614617,127.6307344
의령초등학교,초등학교,경상남도,의령군,의령읍,중동리 246,35.32222111,128.2607757
전주서일초등학교,초등학교,전라북도,전주시,완산구,서신동 960-4,35.83624593,127.1147515
구미인덕초등학교,초등학교,경상북도,구미시,산동면,인덕리 1103,36.162009,128.437471
계룡초등학교,초등학교,경상남도,거제시,고현동,164,34.88110136,128.6249691
순천봉화초등학교,초등학교,전라남도,순천시,조례동,1384,34.9566722,127.513939
고아초등학교,초등학교,경상북도,구미시,고아읍,관심리 541,36.21239194,128.3287157
도천초등학교,초등학교,경상남도,창녕군,도천면,도천리 276,35.43470345,128.5173154
구평초등학교,초등학교,경상북도,구미시,구평동,121-2,36.09113802,128.451961
영주가흥초등학교,초등학교,경상북도,영주시,가흥동,1857,36.81376095,128.609314
곤명초등학교,초등학교,경상남도,사천시,곤명면,정곡리 848-1,35.13028337,127.9743022
예곡초등학교,초등학교,경상남도,함안군,칠원읍,예곡리 433,35.27671735,128.5329094
다압초등학교,초등학교,전라남도,광양시,다압면,고사리 1106,35.12126772,127.6914758
목포옥암초등학교,초등학교,전라남도,목포시,옥암동,1270,34.81132458,126.4529571
집현초등학교,초등학교,경상남도,진주시,집현면,지내리 125,35.24215242,128.0927587
정남초등학교,초등학교,전라북도,정읍시,정우면,대산리 68,35.62208315,126.8644279
마전초등학교,초등학교,경상남도,거제시,장승포동,613,34.86000787,128.7203649
위천초등학교,초등학교,경상남도,거창군,위천면,강천리 100-2,35.75214471,127.8287509
청명초등학교,초등학교,전라북도,완주군,구이면,덕천리 196-1,35.7516826,127.125033
옥곡초등학교,초등학교,경상북도,경산시,옥곡동,827,35.8149512,128.7325183
신흥초등학교,초등학교,경상북도,포항시,남구,상도동 607-6,36.01299121,129.3535944
김제초등학교,초등학교,전라북도,김제시,요촌동,261-1,35.801753,126.887372
이서초등학교,초등학교,전라북도,완주군,이서면,상개리 539,35.82001346,127.0248579
전주하가초등학교,초등학교,전라북도,전주시,덕진구,덕진동2가 685,35.84380954,127.1069448
양산초등학교,초등학교,전라남도,나주시,왕곡면,양산리 103-5,34.97023065,126.7056739
의창초등학교,초등학교,경상남도,창원시,의창구,중동 789,35.25371006,128.629597
이리동산초등학교,초등학교,전라북도,익산시,동산동,220,35.93185398,126.9639742
남원초등학교,초등학교,전라북도,남원시,금동,343-1,35.40242332,127.3746726
문선초등학교,초등학교,경상남도,사천시,벌리동,481-2,34.93483361,128.0789293
신어초등학교,초등학교,경상남도,김해시,삼방동,200,35.24421072,128.9119003
태인초등학교,초등학교,전라북도,정읍시,태인면,태성리 429,35.65381454,126.9466315
진상초등학교,초등학교,전라남도,광양시,진상면,섬거리 553-1,35.020058,127.7165222
마암초등학교,초등학교,경상남도,고성군,마암면,도전리 492,35.05652864,128.3359913
거제고현초등학교,초등학교,경상남도,거제시,상동동,497,34.87372391,128.628896
경산서부초등학교,초등학교,경상북도,경산시,옥산동,736-1,35.82728316,128.7290591
곰소초등학교,초등학교,전라북도,부안군,진서면,진서리 1047,35.596183,126.5995936
순천남산초등학교,초등학교,전라남도,순천시,풍덕동,1102-18,34.93854622,127.4953675
순천연향초등학교,초등학교,전라남도,순천시,연향동,1388,34.94370333,127.5169694
금오초등학교,초등학교,경상북도,구미시,원평동,504,36.12344066,128.334752
천성초등학교,초등학교,경상남도,양산시,평산동,350,35.37871955,129.1445863
동산초등학교,초등학교,전라남도,순천시,서면,동산리 11,34.99383659,127.4943051
가람초등학교,초등학교,경상남도,진주시,상평동,278-1,35.17359538,128.1014516
라온초등학교,초등학교,전라남도,나주시,빛가람동,384,35.01439619,126.7793825
소토초등학교,초등학교,경상남도,양산시,상북면,소토리 651,35.37914795,129.052854
포항중앙초등학교,초등학교,경상북도,포항시,북구,우현동 산13-7,36.059047,129.365652
산동초등학교,초등학교,경상북도,구미시,산동면,인덕리 612,36.167278,128.446422
어곡초등학교,초등학교,경상남도,양산시,어곡동,11,35.38043195,129.0293734
이리초등학교,초등학교,전라북도,익산시,마동,260-2,35.93866494,126.959414
전주여울초등학교,초등학교,전라북도,전주시,완산구,서신동 923,35.83743707,127.1111606
한아름초등학교,초등학교,전라남도,나주시,빛가람동,848,35.01271991,126.7973843
가천초등학교,초등학교,전라북도,완주군,경천면,가천리 351,36.03286211,127.2642321
칠서초등학교이룡분교장,초등학교,경상남도,함안군,칠서면,이룡리 900,35.38759896,128.5056421
부림초등학교봉수분교장,초등학교,경상남도,의령군,봉수면,서암리 336,35.47914758,128.2400372
칠원초등학교,초등학교,경상남도,함안군,칠원읍,구성리 730,35.30638389,128.5193031
남원교룡초등학교,초등학교,전라북도,남원시,향교동,740-2,35.41665571,127.3782083
부안초등학교,초등학교,전라북도,부안군,부안읍,동중리 173-3,35.72802981,126.7340266
양산초등학교,초등학교,경상남도,양산시,북부동,269,35.34658483,129.0431791
이방초등학교,초등학교,경상남도,창녕군,이방면,안리 828,35.57775984,128.3864982
영전초등학교,초등학교,전라북도,부안군,보안면,영전리 515,35.6117248,126.6697575
사송초등학교,초등학교,경상남도,양산시,동면,사송리 340-13 답,35.312737,129.073715
동부초등학교,초등학교,경상남도,거제시,동부면,산양리 295-2,34.82002097,128.6103842
영만초등학교,초등학교,전라북도,익산시,오산면,장신리 1129,35.94770926,126.9309766
군산초등학교,초등학교,전라북도,군산시,지곡동,132-45,35.9531339,126.710048
순천중앙초등학교,초등학교,전라남도,순천시,풍덕동,889-12,34.942295,127.5005092
유원초등학교,초등학교,경상남도,함안군,칠원읍,유원리 374,35.29777121,128.4963159
용덕초등학교,초등학교,경상남도,의령군,용덕면,운곡리 234-2,35.34855405,128.2902289
임동초등학교,초등학교,경상북도,안동시,임동면,중평리 949,36.57013556,128.9207865
숭진초등학교,초등학교,경상남도,밀양시,삼랑진읍,숭진리 600,35.45331759,128.8010851
동명초등학교,초등학교,전라남도,순천시,해룡면,상삼리 634,34.94809003,127.5271918
해마루초등학교,초등학교,경상북도,구미시,옥계동,920,36.14046299,128.4332787
목포북교초등학교,초등학교,전라남도,목포시,북교동,1,34.79579781,126.3776929
동산초등학교,초등학교,전라북도,순창군,복흥면,동산리 291-1,35.45593279,126.9204916
소성초등학교,초등학교,전라북도,정읍시,소성면,보화리 178-6,35.55442787,126.777239
부곡초등학교학포분교장,초등학교,경상남도,창녕군,부곡면,학포리 558,35.38192416,128.6334764
자인초등학교,초등학교,경상북도,경산시,자인면,교촌리 358-2,35.82128203,128.8239064
연일초등학교,초등학교,경상북도,포항시,남구,연일읍 생지리 216,35.99583173,129.3467459
대동향교초등학교,초등학교,전라남도,함평군,대동면,향교리 906,35.0676068,126.5327688
거제용소초등학교,초등학교,경상남도,거제시,아주동,1720,34.87351135,128.6866837
전주용덕초등학교,초등학교,전라북도,전주시,덕진구,용정동 490-2,35.87694865,127.0514662
무지개초등학교,초등학교,경상남도,진주시,충무공동,125,35.17144709,128.137255
서신초등학교,초등학교,전라북도,정읍시,상평동,697-8,35.56334996,126.8217716
금산초등학교,초등학교,경상남도,김해시,진영읍,좌곤리 356-1,35.29191269,128.7089201
선학초등학교,초등학교,경상남도,진주시,초전동,405-1,35.19593369,128.1231397
합천초등학교,초등학교,경상남도,합천군,합천읍,합천리 315,35.56501949,128.1644538
관동초등학교,초등학교,경상남도,김해시,관동동,1119,35.177645,128.8169596
백수초등학교,초등학교,전라남도,영광군,백수읍,천마리 589-3,35.28210037,126.4206225
계창초등학교,초등학교,경상남도,창녕군,계성면,계성리 194,35.48503528,128.508527
호명초등학교,초등학교,경상북도,예천군,호명읍,산합리 1119,36.5788453417,128.4794773865
오봉초등학교,초등학교,경상남도,양산시,물금읍,범어리 503,35.334752,129.0039227
장평초등학교,초등학교,경상남도,거제시,장평동,348,34.89369665,128.6080243
동강초등학교,초등학교,전라남도,나주시,동강면,인동리 355,34.93844915,126.5645388
태룡초등학교,초등학교,경상남도,밀양시,단장면,태룡리 416-4,35.51436449,128.8758479
전주화정초등학교,초등학교,전라북도,전주시,덕진구,송천동2가 1310,35.87304123,127.131534
사천초등학교,초등학교,경상남도,사천시,사천읍,선인리 551,35.08367231,128.0927132
전주진북초등학교,초등학교,전라북도,전주시,덕진구,진북동 1046-1,35.82531307,127.1320076
우산초등학교,초등학교,경상남도,창원시,마산합포구,진동면 고현리 429-1,35.10498551,128.478791
능교초등학교,초등학교,전라북도,정읍시,산내면,능교리 507-1,35.56762269,127.0317155
삼랑진초등학교,초등학교,경상남도,밀양시,삼랑진읍,송지리 162-2,35.40073127,128.8410115
거류초등학교,초등학교,경상남도,고성군,거류면,당동리 66,34.99396254,128.404439
옥봉초등학교,초등학교,전라북도,군산시,옥서면,옥봉리 88,35.92704123,126.641888
임실초등학교,초등학교,전라북도,임실군,임실읍,성가리 202,35.60726306,127.2707555
정우초등학교,초등학교,전라북도,정읍시,정우면,수금리 116,35.65195192,126.8798012
김해동광초등학교,초등학교,경상남도,김해시,동상동,534,35.23644916,128.8871928
상주중앙초등학교,초등학교,경상북도,상주시,남성동,140,36.41093652,128.1574674
관호초등학교,초등학교,경상북도,칠곡군,약목면,무림리 730,36.02053733,128.3802466
칠천초등학교,초등학교,경상남도,거제시,하청면,연구리 445-1,34.98422779,128.6247838
남산초등학교궁류분교장,초등학교,경상남도,의령군,궁류면,토곡리 482-2,35.44772427,128.2475042
능동초등학교,초등학교,경상남도,김해시,삼문동,67-5,35.19820279,128.7958321
왕북초등학교,초등학교,전라북도,익산시,왕궁면,동용리 643,35.99101532,127.1040758
진도서초등학교가사도분교장,초등학교,전라남도,진도군,조도면,가사도리 1007,34.47867212,126.0479278
산동초등학교,초등학교,전라북도,남원시,산동면,태평리 138,35.49231232,127.4767197
전주문정초등학교,초등학교,전라북도,전주시,완산구,평화동3가 226,35.77555003,127.1280733
목포석현초등학교,초등학교,전라남도,목포시,석현동,1172,34.814979,126.4245016
선주초등학교,초등학교,경상북도,구미시,봉곡동,287,36.15110034,128.3113637
남해초등학교,초등학교,경상남도,남해군,남해읍,북변리 141-3,34.83874514,127.8919654
목포서해초등학교,초등학교,전라남도,목포시,연산동,1271,34.81046663,126.3811008
신안초등학교,초등학교,경상남도,진주시,신안동,475,35.18258605,128.0680015
용산초등학교,초등학교,경상남도,사천시,봉남동,479,34.94342091,128.0987287
구미원당초등학교,초등학교,경상북도,구미시,산동면,신당리 1473,36.144258,128.424887
회야초등학교,초등학교,경상남도,양산시,덕계동,1588,35.37390833,129.1604283
궁항초등학교,초등학교,경상남도,하동군,금성면,궁항리 1038,34.97131127,127.7959797
호암초등학교,초등학교,경상남도,함안군,칠원읍,오곡리 97,35.27407163,128.5209706
미천초등학교,초등학교,경상남도,진주시,미천면,안간리 797-5,35.31901846,128.0880737
법수초등학교,초등학교,경상남도,함안군,법수면,윤외리 200,35.31783771,128.3804859
외암초등학교,초등학교,경상남도,함안군,여항면,외암리 726-1,35.20884005,128.4337305
초곡초등학교,초등학교,경상북도,포항시,북구,흥해읍 초곡리 1762,36.09748954,129.3332758
중앙초등학교,초등학교,경상남도,함안군,가야읍,산서리 684-390,35.2930483,128.4002227
남산초등학교,초등학교,경상남도,의령군,의령읍,동동리 1002,35.32053534,128.2666517
감계초등학교,초등학교,경상남도,창원시,의창구,북면 감계리 253-4,35.300378,128.5884803
여수남산초등학교,초등학교,전라남도,여수시,남산동,765,34.73730763,127.7299173
화개초등학교왕성분교장,초등학교,경상남도,하동군,화개면,범왕리 51-1,35.26366168,127.6387961
두호초등학교,초등학교,경상북도,포항시,북구,창포동 614,36.06410405,129.3680876
명서초등학교,초등학교,경상남도,창원시,의창구,명서동 28-2,35.250387,128.6440392
남양초등학교,초등학교,전라북도,김제시,황산면,남산리 362-19,35.78316833,126.974558
수정초등학교,초등학교,경상남도,진주시,평거동,1125,35.16567045,128.0484619
대성초등학교,초등학교,경상남도,사천시,좌룡동,300-52,34.95330229,128.0774839
산내초등학교,초등학교,전라북도,남원시,산내면,대정리 646-1,35.41992104,127.6275656
신대초등학교,초등학교,전라남도,순천시,해룡면,신대리 1966,34.93968984,127.5459811
웅천초등학교,초등학교,경상남도,창원시,진해구,남문동 1291,35.10396535,128.7557112
청천초등학교,초등학교,경상북도,경산시,하양읍,남하리 361-1,35.88446318,128.7732826
목포중앙초등학교,초등학교,전라남도,목포시,호남동,463,34.79530348,126.3855154
동명동부초등학교,초등학교,경상북도,칠곡군,동명면,기성리 232-1,36.00618566,128.5929951
회천초등학교,초등학교,전라남도,보성군,회천면,율포리 278,34.67280083,127.0850726
진보초등학교,초등학교,경상북도,청송군,진보면,진안리 54-74,36.52942494,129.0484952
초동초등학교,초등학교,경상남도,밀양시,초동면,신호리 12-2,35.4121376,128.6909039
양지초등학교,초등학교,경상남도,거제시,장평동,653,34.89155773,128.6026004
대리초등학교,초등학교,전라북도,임실군,신평면,대리 289,35.65975688,127.269925
조림초등학교,초등학교,전라북도,진안군,정천면,봉학리 517,35.87246256,127.4302902
남원월락초등학교,초등학교,전라북도,남원시,월락동,162-4,35.423671,127.4044804
이리고현초등학교,초등학교,전라북도,익산시,모현동1가,73,35.95210271,126.946898
산외초등학교,초등학교,경상남도,밀양시,산외면,금천리 489-4,35.50366496,128.7967187
가양초등학교,초등학교,경상남도,양산시,물금읍,물금리 890-1,35.31068837,128.9915783
가야초등학교,초등학교,경상남도,함안군,가야읍,도항리 88-1,35.278068,128.4021172
명덕초등학교,초등학교,경상남도,창녕군,창녕읍,교리 254,35.54393534,128.4962973
신안초등학교,초등학교,경상남도,산청군,신안면,하정리 721,35.30190327,127.9722079
남원도통초등학교,초등학교,전라북도,남원시,도통동,613,35.413792,127.3947577
도학초등학교,초등학교,전라북도,정읍시,덕천면,하학리 243-1,35.62856696,126.8188542
번암초등학교,초등학교,전라북도,장수군,번암면,노단리 453,35.53434901,127.5470425
시산초등학교,초등학교,전라북도,순창군,쌍치면,시산리 110,35.49136038,126.9813806
익산어양초등학교,초등학교,전라북도,익산시,어양동,692,35.96162472,126.9833593
군산내흥초등학교,초등학교,전라북도,군산시,내흥동,310,36.00592196,126.7592707
가좌초등학교,초등학교,경상남도,진주시,가좌동,564,35.15029857,128.1022473
자여초등학교,초등학교,경상남도,창원시,의창구,동읍 단계리 252,35.27284821,128.7056635
김해모산초등학교,초등학교,경상남도,김해시,장유동,360-3,35.16858275,128.8267849
길곡초등학교,초등학교,경상남도,창녕군,길곡면,증산리 704,35.38502556,128.5677939
장재초등학교,초등학교,경상남도,진주시,초전동,1691,35.21478631,128.1099306
심창초등학교,초등학교,전라북도,김제시,진봉면,심포리 1661-1,35.85820977,126.7217652
용진초등학교,초등학교,전라북도,완주군,용진읍,상삼리 1088,35.85750982,127.1769587
군산월명초등학교,초등학교,전라북도,군산시,수송동,885-2,35.96198092,126.720265
마령초등학교,초등학교,전라북도,진안군,마령면,평지리 991,35.73550676,127.3691924
능포초등학교,초등학교,경상남도,거제시,능포동,440,34.88097109,128.7371196
미리벌초등학교,초등학교,경상남도,밀양시,삼문동,586-1,35.47959615,128.7489056
남명초등학교,초등학교,경상남도,남해군,남면,당항리 1410,34.77171139,127.8916463
구림초등학교,초등학교,전라북도,순창군,구림면,운남리 234-2,35.45297226,127.100401
합천가야초등학교,초등학교,경상남도,합천군,가야면,황산리 71,35.757438,128.1353491
충무공초등학교,초등학교,경상남도,진주시,충무공동,342,35.173475,128.150002
진주교육대학교부설초등학교,초등학교,경상남도,진주시,신안동,380,35.18582508,128.067928
구미신당초등학교,초등학교,경상북도,구미시,산동읍,신당리 1722,36.16055561,128.431244
창원남산초등학교,초등학교,경상남도,창원시,성산구,남양동 36,35.20593325,128.7045163
대우초등학교,초등학교,경상남도,거제시,아주동,295-9,34.86078439,128.684984
북천초등학교,초등학교,경상남도,하동군,북천면,직전리 677-1,35.11420979,127.8889485
망경초등학교,초등학교,경상남도,진주시,망경동,490,35.17888792,128.0823863
예하초등학교,초등학교,경상남도,진주시,정촌면,예하리 1294,35.124833,128.098943
생초초등학교,초등학교,경상남도,산청군,생초면,어서리 351,35.49515323,127.8362581
용안초등학교,초등학교,전라북도,익산시,용안면,교동리 502,36.12068685,126.954445
의곡초등학교,초등학교,경상북도,경주시,산내면,의곡리 89-14,35.75473513,129.0480229
대청초등학교,초등학교,경상남도,김해시,대청동,319-3,35.18899726,128.8033321
이리백제초등학교,초등학교,전라북도,익산시,영등동,813,35.9623371,126.973948
안심초등학교,초등학교,전라남도,여수시,소호동,428,34.73997649,127.6464509
경산초등학교,초등학교,경상북도,경산시,삼남동,13-2,35.81535083,128.7398361
흥덕초등학교,초등학교,전라북도,고창군,흥덕면,흥덕리 228-1,35.51965176,126.7015099832
보절초등학교,초등학교,전라북도,남원시,보절면,신파리 856-1,35.51427905,127.4006481
월곡초등학교삼계분교장,초등학교,경상북도,안동시,예안면,삼계리 277,36.7191532,128.9254679
해룡초등학교,초등학교,전라남도,순천시,해룡면,월전리 389-1,34.91265972,127.5355029
삼문초등학교,초등학교,경상남도,김해시,삼문동,60-1,35.19826762,128.8030691
무풍초등학교,초등학교,전라북도,무주군,무풍면,현내리 634,35.96756925,127.848361
정읍서초등학교,초등학교,전라북도,정읍시,연지동,259-3,35.57046845,126.8474924
전주기린초등학교,초등학교,전라북도,전주시,덕진구,인후동1가 431-3,35.83508761,127.159178
용봉초등학교,초등학교,전라북도,완주군,봉동읍,구만리 470-1,35.90580105,127.155949
정곡초등학교,초등학교,경상남도,의령군,정곡면,중교리 428-1,35.37981854,128.3246693
계당초등학교,초등학교,경상북도,경산시,와촌면,계당리 1468,35.9284247,128.8513378
중부초등학교,초등학교,경상남도,양산시,중부동,696-2,35.3368242,129.0331402
풍남초등학교,초등학교,전라남도,고흥군,풍양면,풍남리 955-1,34.52363116,127.2445033
가남초등학교,초등학교,경상남도,양산시,물금읍,가촌리 1277-5,35.31212856,128.9981218
영오초등학교,초등학교,경상남도,고성군,영오면,영대리 519,35.1060286,128.216113
산청초등학교,초등학교,경상남도,산청군,산청읍,산청리 290-1,35.41710516,127.8749758
금과초등학교,초등학교,전라북도,순창군,금과면,매우리 145,35.33996644,127.0871534
용지초등학교,초등학교,전라북도,김제시,용지면,구암리 708-9,35.854135,126.9586371
함창초등학교,초등학교,경상북도,상주시,함창읍,구향리 63,36.57087786,128.1803293
철성초등학교,초등학교,경상남도,고성군,고성읍,월평리 953,34.95781352,128.342238
오산남초등학교,초등학교,전라북도,익산시,오산면,남전리 713-2,35.927844,126.8934248
전주아중초등학교,초등학교,전라북도,전주시,덕진구,우아동1가 926-1,35.82769773,127.1756551
지사초등학교,초등학교,전라북도,임실군,지사면,방계리 655-1,35.56432033,127.3566615
김해삼성초등학교,초등학교,경상남도,김해시,삼정동,635-1,35.23307866,128.9006647
포항제철초등학교,초등학교,경상북도,포항시,남구,지곡동 166-25,36.0128242,129.3278912
금성초등학교,초등학교,경상남도,진주시,초전동,686-1,35.19843972,128.1154788
미조초등학교,초등학교,경상남도,남해군,미조면,미조리 465-1,34.71565365,128.041467
상주초등학교,초등학교,경상남도,남해군,상주면,상주리 1174,34.72387395,127.9865186
목포백련초등학교,초등학교,전라남도,목포시,연산동,1923,34.81844829,126.3898659
전주원동초등학교,초등학교,전라북도,전주시,덕진구,원동 361-1,35.8511411,127.0334949
봉래초등학교,초등학교,경상남도,진주시,봉래동,27-2,35.20016135,128.0861879
김해외동초등학교,초등학교,경상남도,김해시,외동,1218,35.23306056,128.8578757
전주효천초등학교,초등학교,전라북도,전주시,완산구,효자동2가 1365,35.79968402,127.1051107
제산초등학교,초등학교,경상남도,거제시,양정동,832,34.88697707,128.6419328
겸백초등학교,초등학교,전라남도,보성군,겸백면,석호리 559,34.8314239,127.1510822
마산고운초등학교,초등학교,경상남도,창원시,마산합포구,월영동 741,35.17272252,128.5613815
전주홍산초등학교,초등학교,전라북도,전주시,완산구,효자동3가 1685,35.82067207,127.0989525
군산산북초등학교,초등학교,전라북도,군산시,산북동,3580,35.96427778,126.681832
금산초등학교,초등학교,전라북도,김제시,금산면,금산리 339,35.72072233,127.0321781
운곡초등학교,초등학교,경상북도,김천시,율곡동,535,36.12351853,128.1928845
전주양현초등학교,초등학교,전라북도,전주시,덕진구,만성동 1357-4,35.84678295,127.074356
상남초등학교,초등학교,경상남도,밀양시,상남면,동산리 713-3,35.39338233,128.7771694
부림초등학교,초등학교,경상북도,경산시,진량읍,부기리 155,35.89819117,128.8254479
풍천풍서초등학교,초등학교,경상북도,안동시,풍천면,갈전리 1459,36.57465924,128.4988935
동양초등학교,초등학교,전라북도,완주군,소양면,화심리 543-4,35.84407494,127.2712298
정읍수성초등학교,초등학교,전라북도,정읍시,수성동,917-3,35.58437716,126.857349
장계초등학교,초등학교,전라북도,장수군,장계면,장계리 276-3,35.73154157,127.5820143
대합초등학교,초등학교,경상남도,창녕군,대합면,십이리 456,35.61444444,128.4699981
기성초등학교,초등학교,경상남도,거제시,사등면,사등리 887-5,34.90107949,128.5514903
용연초등학교,초등학교,경상남도,양산시,하북면,백록리 1245-1,35.4495096,129.0755203
송산초등학교,초등학교,전라남도,순천시,별량면,송기리 298,34.85013762,127.4162533
전주서신초등학교,초등학교,전라북도,전주시,완산구,서신동 31-1,35.8296453,127.124812
거제중앙초등학교,초등학교,경상남도,거제시,고현동,1057,34.89568982,128.6347073
석전초등학교,초등학교,경상남도,창원시,마산회원구,석전동 243-1,35.23226945,128.5761882
원평초등학교,초등학교,전라북도,김제시,금산면,성계리 680-2,35.71738385,126.9944178
산양초등학교,초등학교,경상남도,통영시,산양읍,남평리 857,34.80165861,128.3898948
삼례초등학교,초등학교,전라북도,완주군,삼례읍,후정리 37-2,35.9107679,127.0688479
쌍봉초등학교,초등학교,전라남도,여수시,학동,238,34.76413649,127.668217
봉남초등학교,초등학교,전라북도,김제시,봉남면,신호리 269-5,35.76382853,126.952235
진남초등학교,초등학교,경상남도,통영시,미수동,269,34.83310775,128.4090936
광활초등학교,초등학교,전라북도,김제시,광활면,옥포리 672-13,35.8339488,126.7403602
대덕초등학교,초등학교,전라북도,완주군,구이면,계곡리 605-1,35.66076431,127.1106128
부안남초등학교,초등학교,전라북도,부안군,부안읍,연곡리 398-4,35.70209371,126.7343654
목포서부초등학교,초등학교,전라남도,목포시,죽교동,582-108,34.8036042,126.3721384
일월초등학교,초등학교,경상북도,영양군,일월면,도계리 719-2,36.70164558,129.1278352
전주남초등학교,초등학교,전라북도,전주시,완산구,서서학동 277,35.80318261,127.1510675
함양초등학교,초등학교,경상남도,함양군,함양읍,운림리 27-1,35.52102041,127.7267985
수비초등학교,초등학교,경상북도,영양군,수비면,발리리 509,36.76613558,129.2012532
남지초등학교,초등학교,경상남도,창녕군,남지읍,남지리 723,35.38982126,128.471959
대중초등학교,초등학교,경상남도,김해시,대동면,주동리 400-2,35.2367821,128.9496931
백암초등학교,초등학교,전라북도,정읍시,태인면,태남리 540-1,35.61175006,126.9502612
풍산초등학교,초등학교,전라북도,순창군,풍산면,반월리 153,35.337149,127.1380791
전주서원초등학교,초등학교,전라북도,전주시,완산구,효자동1가 633,35.80930758,127.118662
이리마한초등학교,초등학교,전라북도,익산시,영등동,817,35.962384,126.9787336
양서초등학교,초등학교,경상북도,포항시,북구,양덕동 1212,36.08473304,129.3965196
도산초등학교,초등학교,경상남도,통영시,도산면,법송리 1124-1,34.902168,128.3614704
화양초등학교,초등학교,전라남도,여수시,화양면,화동리 1371,34.68651944,127.5946105
가고파초등학교,초등학교,경상남도,창원시,마산회원구,양덕동 84-3,35.22578392,128.580473
순천인안초등학교,초등학교,전라남도,순천시,인월동,142,34.89047796,127.4806708
동해초등학교,초등학교,경상남도,고성군,동해면,양촌리 832,35.046062,128.4442729
전주금암초등학교,초등학교,전라북도,전주시,덕진구,금암동 540-3,35.83809479,127.1368539
두룡초등학교,초등학교,경상남도,통영시,도천동,110-33,34.83808852,128.4112521
여수중앙초등학교,초등학교,전라남도,여수시,종화동,943,34.74109415,127.7445079
영원초등학교,초등학교,전라북도,정읍시,영원면,은선리 713-2,35.65552711,126.7836134
목포대연초등학교,초등학교,전라남도,목포시,용해동,631,34.82081753,126.3991809
전주양지초등학교,초등학교,전라북도,전주시,완산구,평화동2가 582,35.79251889,127.125929
화개초등학교,초등학교,경상남도,하동군,화개면,삼신리 594-2,35.199288,127.6283246
김해신명초등학교,초등학교,경상남도,김해시,삼계동,1411-4,35.27091324,128.864408
가천초등학교,초등학교,경상북도,성주군,가천면,창천리 615-1,35.88522982,128.167633
진주초등학교,초등학교,경상남도,진주시,인사동,1-25,35.19342956,128.0783609
안일초등학교,초등학교,전라남도,여수시,화양면,안포리 543,34.64006984,127.6265818
전주효문초등학교,초등학교,전라북도,전주시,완산구,효자동1가 654-1,35.80153545,127.1164974
전주덕진초등학교,초등학교,전라북도,전주시,덕진구,덕진동1가 1272-2,35.84126266,127.1242898
김제검산초등학교,초등학교,전라북도,김제시,검산동,912-21,35.80626934,126.8999237
평거초등학교,초등학교,경상남도,진주시,판문동,290,35.169022,128.045705
영양초등학교,초등학교,경상북도,영양군,영양읍,서부리 381,36.66632258,129.1105844
교동초등학교,초등학교,경상남도,창원시,마산회원구,회원동 639-2,35.221405,128.5625193
공덕초등학교,초등학교,전라북도,김제시,공덕면,동계리 702-2,35.89465475,126.9116039
전주신성초등학교,초등학교,전라북도,전주시,완산구,평화동2가 229,35.7898653,127.1338498
하양초등학교,초등학교,경상북도,경산시,하양읍,금락리 133-2,35.91296227,128.8195828
원동초등학교,초등학교,경상남도,양산시,원동면,원리 951,35.36442757,128.9226636
성산초등학교,초등학교,경상남도,양산시,물금읍,범어리 2712-6,35.330218,129.0176657
낙서초등학교,초등학교,경상남도,의령군,낙서면,정곡리 167-2,35.48174334,128.4138517
내곡초등학교,초등학교,경상남도,거제시,아주동,1478,34.87081922,128.6785655
국산초등학교,초등학교,경상남도,거제시,옥포동,919,34.89669859,128.6940575
수양초등학교,초등학교,경상남도,사천시,사천읍,평화리 184-5,35.07899441,128.0893651
삼장초등학교,초등학교,경상남도,산청군,삼장면,석남리 188,35.33515887,127.8391601
수산초등학교,초등학교,경상남도,밀양시,하남읍,수산리 468-5,35.375745,128.711852
사포초등학교,초등학교,경상남도,밀양시,부북면,전사포리 574-7,35.47504878,128.7336037
용현초등학교,초등학교,경상남도,사천시,용현면,송지리 186,35.01321986,128.0628809
행안초등학교,초등학교,전라북도,부안군,행안면,진동리 199-1,35.71986766,126.7168239
순흥초등학교,초등학교,경상북도,영주시,순흥면,읍내리 378-2,36.91222279,128.5772975
미암초등학교,초등학교,전라남도,영암군,미암면,선황리 1190-1,34.69947493,126.5734211
수남초등학교,초등학교,전라북도,장수군,장수읍,개정리 346,35.6253493,127.5073013
비룡초등학교,초등학교,전라북도,김제시,용지면,신정리 140-82,35.84412437,126.9898157
목포삼학초등학교,초등학교,전라남도,목포시,산정동,1367,34.79100802,126.4008226
목포산정초등학교,초등학교,전라남도,목포시,산정동,34,34.801476,126.3903242
야로초등학교,초등학교,경상남도,합천군,야로면,하빈리 492,35.71173042,128.1784003
무주중앙초등학교,초등학교,전라북도,무주군,무주읍,읍내리 416,36.01276658,127.6645466
석동초등학교,초등학교,경상남도,창원시,진해구,석동 634-1,35.15781268,128.7068682
벽진초등학교,초등학교,경상북도,성주군,벽진면,수촌리 759-1,35.95145615,128.2164282
외서초등학교,초등학교,전라남도,순천시,외서면,월암리 161,34.91607164,127.2739432
풍양초등학교,초등학교,전라남도,고흥군,풍양면,야막리 506-2,34.5756492,127.2435938
여수진남초등학교,초등학교,전라남도,여수시,광무동,819,34.7525861,127.7268439
용성초등학교,초등학교,전라북도,익산시,낭산면,구평리 598-1,36.05656593,126.999643
의신초등학교접도분교장,초등학교,전라남도,진도군,의신면,금갑리 898,34.3861786,126.2955945
상산초등학교,초등학교,경상북도,상주시,냉림동,206,36.42298409,128.1609933
내동초등학교,초등학교,경상남도,진주시,내동면,독산리 568-4,35.16512296,128.0676691
성덕초등학교,초등학교,전라북도,김제시,성덕면,석동리 168-2,35.82015047,126.807215
광양마로초등학교,초등학교,전라남도,광양시,광양읍,용강리 924,34.96698215,127.6112872
장목초등학교,초등학교,경상남도,거제시,장목면,장목리 325-1,34.992416,128.6817415
신주초등학교,초등학교,경상남도,양산시,물금읍,범어리 2673-1,35.337232,129.0197874
진해남산초등학교,초등학교,경상남도,창원시,진해구,제황산동 28-13,35.14784036,128.6633177
다산초등학교,초등학교,경상북도,고령군,다산면,상곡리 122,35.82332214,128.4516765
문암초등학교,초등학교,경상남도,함안군,산인면,모곡리 510,35.27205925,128.457535
단성초등학교,초등학교,경상남도,산청군,단성면,성내리 596-2,35.29738957,127.9558601
진영장등초등학교,초등학교,경상남도,김해시,진영읍,진영리 1706,35.31261423,128.7307199
경호초등학교,초등학교,전라남도,여수시,경호동,462-1,34.71697135,127.7279316
진해냉천초등학교,초등학교,경상남도,창원시,진해구,자은동 111,35.1564539,128.7183283
김제북초등학교,초등학교,전라북도,김제시,순동,195-8,35.81496393,126.9338485
세지초등학교,초등학교,전라남도,나주시,세지면,오봉리 263,34.91939667,126.7474347
안동용상초등학교,초등학교,경상북도,안동시,용상동,1176-1,36.55772365,128.7528722
시전초등학교,초등학교,전라남도,여수시,신기동,136,34.75674017,127.6714081
전주전라초등학교,초등학교,전라북도,전주시,덕진구,인후동1가 575-1,35.83919242,127.152228
남원중앙초등학교,초등학교,전라북도,남원시,도통동,374,35.41299312,127.3901121
전주풍남초등학교,초등학교,전라북도,전주시,완산구,남노송동 544-1,35.82100253,127.1541845
동계초등학교,초등학교,전라북도,순창군,동계면,현포리 568,35.44079904,127.2400533
대동초등학교,초등학교,경상남도,김해시,대동면,초정리 173,35.24347296,128.980274
백수서초등학교,초등학교,전라남도,영광군,백수읍,대전리 404,35.28254149,126.3968736
주생초등학교,초등학교,전라북도,남원시,주생면,지당리 480-9,35.38325303,127.3258800265
금락초등학교,초등학교,경상북도,경산시,하양읍,금락리 396-1,35.91124903,128.8240814
하일초등학교,초등학교,경상남도,고성군,하일면,학림리 722-5,34.94603934,128.1899351
전주인후초등학교,초등학교,전라북도,전주시,덕진구,인후동1가 844,35.8318225,127.1623981
안동송현초등학교,초등학교,경상북도,안동시,송현동,371-5,36.57341204,128.695837
도마초등학교,초등학교,경상남도,남해군,고현면,도마리 137,34.8691038,127.8929745
대아초등학교,초등학교,전라북도,고창군,아산면,하갑리 181,35.43949724,126.6335135
전주효자초등학교,초등학교,전라북도,전주시,완산구,효자동1가 567,35.80324965,127.1227522
해성초등학교,초등학교,전라북도,군산시,산북동,2803,35.95872636,126.6306434
전주송천초등학교,초등학교,전라북도,전주시,덕진구,송천동1가 397,35.85682245,127.1199819
사동초등학교,초등학교,경상북도,경산시,사동,661,35.81380612,128.7609949
순천향림초등학교,초등학교,전라남도,순천시,석현동,525-13,34.9736355,127.4740347
주암초등학교,초등학교,전라남도,순천시,주암면,구산리 721,35.07682225,127.2396513
영천중앙초등학교,초등학교,경상북도,영천시,문내동,24-1,35.97182956,128.9323548
금곡초등학교,초등학교,경상남도,진주시,금곡면,두문리 682-5,35.0900106,128.1852532
이리북초등학교,초등학교,전라북도,익산시,남중동,7-4,35.95263577,126.9611933
가례초등학교,초등학교,경상남도,의령군,가례면,수성리 199-2,35.333095,128.2468385
구미문성초등학교,초등학교,경상북도,구미시,고아읍,문성리 1168,36.16185268,128.3452678
삼성초등학교,초등학교,경상남도,양산시,북정동,383,35.36414204,129.0476158
엄다초등학교,초등학교,전라남도,함평군,엄다면,엄다리 811-1,35.0115439,126.5136275
용남초등학교,초등학교,전라북도,익산시,용안면,동지산리 76,36.09555238,126.9626158
주산초등학교,초등학교,전라북도,부안군,주산면,갈촌리 289-1,35.66647663,126.7146639
아영초등학교,초등학교,전라북도,남원시,아영면,청계리 42-3,35.50589395,127.6097024
신시도초등학교,초등학교,전라북도,군산시,옥도면,신시도리 66,35.81567454,126.450957
성당초등학교,초등학교,전라북도,익산시,성당면,갈산리 615-1,36.1000014,126.9262099
순천용당초등학교,초등학교,전라남도,순천시,용당동,607-1,34.9755721,127.4899534
동신초등학교,초등학교,전라북도,정읍시,상동,280,35.55834349,126.8650518
삼성초등학교,초등학교,경상남도,사천시,사남면,죽천리 6-2,35.0544403,128.0753912
무안행복초등학교,초등학교,전라남도,무안군,일로읍,오룡리 19,34.806934,126.4853077
송동초등학교,초등학교,전라북도,남원시,송동면,송기리 421-1,35.35528251,127.3361893
창원한들초등학교,초등학교,경상남도,창원시,의창구,봉림동 530,35.25375052,128.6685606
동포초등학교,초등학교,경상남도,창녕군,남지읍,남지리 598-2,35.39009713,128.4784964
다문초등학교,초등학교,경상북도,경산시,진량읍,다문리 261,35.87165268,128.8515232
여산초등학교,초등학교,전라북도,익산시,여산면,여산리 490,36.05857695,127.0876745
하북초등학교,초등학교,경상남도,창원시,마산합포구,진북면 지산리 79-1,35.11618318,128.4697599
신광초등학교,초등학교,전라남도,함평군,신광면,월암리 182,35.15741493,126.4994889
목포상동초등학교,초등학교,전라남도,목포시,상동,364,34.8139865,126.4113702
사량초등학교,초등학교,경상남도,통영시,사량면,금평리 120-1,34.84663343,128.2198383
숭덕초등학교,초등학교,경상남도,거제시,둔덕면,술역리 94,34.83609522,128.495407
대동초등학교,초등학교,경상북도,경산시,와촌면,박사리 606,35.95932943,128.8036717
마룡초등학교,초등학교,전라북도,군산시,서수면,마룡리 338,36.0024423,126.8781798
춘양초등학교,초등학교,경상북도,봉화군,춘양면,의양리 276-1,36.93888345,128.9147266
남산초등학교,초등학교,경상북도,경산시,남산면,산양리 165,35.79260959,128.8365922
경산중앙초등학교,초등학교,경상북도,경산시,중방동,322-1,35.82210228,128.7311191
상남초등학교,초등학교,경상남도,창원시,마산합포구,상남동 179-1,35.21277759,128.5772354
순창초등학교,초등학교,전라북도,순창군,순창읍,순화리 313,35.375144,127.1391902
천전초등학교,초등학교,경상남도,진주시,칠암동,237-2,35.18551147,128.0910377
안일초등학교백야분교장,초등학교,전라남도,여수시,화정면,백야리 60,34.62154056,127.6392772
무학초등학교,초등학교,경상남도,창원시,마산합포구,자산동 119-9,35.203605,128.567508
여수송현초등학교,초등학교,전라남도,여수시,웅천동,1850,34.741576,127.6858029
화정초등학교,초등학교,경상남도,김해시,삼계동,1438-2,35.26302063,128.8655039
가촌초등학교,초등학교,경상남도,양산시,물금읍,가촌리 1273-2,35.31667615,128.995875
대감초등학교,초등학교,경상남도,김해시,대동면,대감리 805-1,35.27358181,128.9811349
목포대성초등학교,초등학교,전라남도,목포시,대성동,212,34.799696,126.3797871
삼기초등학교,초등학교,전라남도,곡성군,삼기면,원등리 832,35.2367768,127.2092089
구정초등학교,초등학교,경상북도,포항시,남구,오천읍 구정리 442-3,35.98089045,129.4085773
도포초등학교,초등학교,전라남도,영암군,도포면,덕화리 100-2,34.83655067,126.635338
구천초등학교,초등학교,경상북도,의성군,구천면,유산리 507,36.35003075,128.4315478
김천신일초등학교,초등학교,경상북도,김천시,신음동,506-2,36.14368748,128.121097
점암초등학교,초등학교,전라남도,고흥군,점암면,모룡리 817,34.65221284,127.3816019
군산나운초등학교,초등학교,전라북도,군산시,나운동,771-1,35.97270666,126.6922692
현동초등학교,초등학교,경상남도,창원시,마산합포구,현동 490,35.1469695,128.5565283
율하초등학교,초등학교,경상남도,김해시,율하동,1303,35.17167861,128.8078471
주석초등학교,초등학교,경상남도,김해시,부곡동,805-5,35.20266992,128.8024569
여수미평초등학교,초등학교,전라남도,여수시,미평동,580,34.76400145,127.7067081
매산초등학교,초등학교,전라북도,고창군,대산면,매산리 196-3,35.34022886,126.5945381
남원노암초등학교,초등학교,전라북도,남원시,노암동,270,35.39594928,127.3764889
보길초등학교,초등학교,전라남도,완도군,보길면,부황리 202,34.16213528,126.5551306
옥포초등학교,초등학교,경상남도,거제시,옥포동,539-1,34.89234918,128.689744
종정초등학교,초등학교,전라북도,김제시,백산면,상정리 815-2,35.85217451,126.9053671
봉동초등학교양화분교장,초등학교,전라북도,완주군,고산면,양야리 418-2,35.94573358,127.2053948
진성초등학교,초등학교,경상남도,진주시,진성면,상촌리 541-2,35.17030711,128.2246874
위림초등학교,초등학교,경상남도,함양군,함양읍,백연리 511,35.5216893,127.7193166
외간초등학교,초등학교,경상남도,거제시,거제면,외간리 101-1,34.85974801,128.5755679
장승포초등학교,초등학교,경상남도,거제시,장승포동,319,34.86987849,128.7288769
성암초등학교,초등학교,경상북도,경산시,옥산동,539-14,35.82607981,128.7192859
곤양초등학교,초등학교,경상남도,사천시,곤양면,성내리 5,35.0589275,127.9619438
사남초등학교,초등학교,경상남도,사천시,사남면,월성리 491,35.05918948,128.065912
축동초등학교,초등학교,경상남도,사천시,축동면,배춘리 714,35.10779206,128.0906241
금산초등학교,초등학교,경상남도,진주시,금산면,중천리 251,35.21530273,128.144322
지수초등학교,초등학교,경상남도,진주시,지수면,압사리 1065-1,35.23347031,128.2524400164
밀양초등학교,초등학교,경상남도,밀양시,삼문동,3-5,35.48941433,128.7554457
장산초등학교,초등학교,경상북도,경산시,옥산동,872,35.821189996,128.7237082
풍양초등학교,초등학교,경상북도,예천군,풍양면,낙상리 220,36.51203002,128.299058
주촌초등학교,초등학교,경상남도,김해시,주촌면,천곡리 1373-10,35.232738,128.8384588
월영초등학교,초등학교,경상남도,창원시,마산합포구,장군동1가 6,35.19167165,128.5628724
진영중앙초등학교,초등학교,경상남도,김해시,진영읍,진영리 1587,35.309238,128.726664
천서초등학교,초등학교,전라북도,익산시,춘포면,천서리 85-2,35.94618401,127.0366529
봉암초등학교,초등학교,전라북도,고창군,부안면,봉암리 211,35.558326,126.6277495
덕치초등학교,초등학교,전라북도,임실군,덕치면,일중리 221,35.49562323,127.1481295
약목초등학교,초등학교,경상북도,칠곡군,약목면,복성리 1077,36.03287409,128.3605338
지천초등학교,초등학교,경상북도,칠곡군,지천면,용산리 636-1,35.90591428,128.498252
우덕초등학교,초등학교,전라북도,부안군,상서면,가오리 546-3,35.68361214,126.6761647
안동서부초등학교,초등학교,경상북도,안동시,금곡동,111-1,36.56757498,128.719035
예림초등학교,초등학교,경상남도,밀양시,상남면,예림리 936,35.46813177,128.762378
심원초등학교,초등학교,전라북도,고창군,심원면,월산리 774,35.52571291,126.5523901
칠서초등학교,초등학교,경상남도,함안군,칠서면,청계리 729,35.33203612,128.4982877
묵계초등학교,초등학교,경상남도,하동군,청암면,묵계리 550,35.22850929,127.7351595
신기초등학교,초등학교,전라남도,여수시,신기동,75-3,34.76088349,127.6755727
외동초등학교,초등학교,경상남도,창원시,성산구,상남동 62,35.21671652,128.6813319
송정초등학교,초등학교,경상남도,거제시,연초면,송정리 541,34.91818509,128.6736916
이작초등학교,초등학교,경상남도,김해시,생림면,생철리 1104,35.36068384,128.8370608
촉석초등학교,초등학교,경상남도,진주시,이현동,25-1,35.19029789,128.0623635
안계초등학교,초등학교,경상남도,창원시,마산회원구,내서읍 삼계리 503,35.23141529,128.4944201
장성성산초등학교,초등학교,전라남도,장성군,장성읍,성산리 450,35.32656411,126.8063826
여수북초등학교,초등학교,전라남도,여수시,만흥동,313-1,34.77786361,127.74297998
지곡초등학교,초등학교,경상남도,함양군,지곡면,개평리 287-1,35.56614835,127.771522
빛누리초등학교,초등학교,전라남도,나주시,빛가람동,25,35.02997622,126.785852
술산초등학교,초등학교,전라북도,군산시,임피면,술산리 408-1,35.95713333,126.8623024
북면초등학교,초등학교,전라북도,정읍시,북면,한교리 450-1,35.60314489,126.8882648
황산초등학교,초등학교,전라북도,김제시,황산면,봉월리 524-2,35.79637779,126.9446909
백석초등학교,초등학교,전라북도,김제시,흥사동,543-1,35.82867224,126.893416
무장초등학교,초등학교,전라북도,고창군,무장면,무장리 21-1,35.41440168,126.5644772
난산초등학교,초등학교,전라북도,김제시,백구면,영상리 343,35.8774561,126.9958993
천천초등학교,초등학교,전라북도,장수군,천천면,춘송리 833-1,35.73553877,127.533567
석곡초등학교,초등학교,전라남도,곡성군,석곡면,석곡리 8,35.13498905,127.2534001
여천초등학교,초등학교,전라남도,여수시,주삼동,793,34.788124,127.6545391
남관초등학교,초등학교,전라북도,완주군,상관면,용암리 410-2,35.72331461,127.2336338
순천풍덕초등학교,초등학교,전라남도,순천시,연향동,1661,34.93360933,127.5125207
영광중앙초등학교,초등학교,전라남도,영광군,영광읍,백학리 253,35.27974887,126.5051262
화제초등학교,초등학교,경상남도,양산시,원동면,화제리 1296-2,35.35113202,128.9794136
창원초등학교,초등학교,경상남도,창원시,의창구,서상동 513,35.26563495,128.6197066
오량초등학교,초등학교,경상남도,거제시,사등면,덕호리 14-1,34.886733,128.482386
신동초등학교,초등학교,경상북도,칠곡군,지천면,신리 396,35.95623956,128.4905842
금지초등학교,초등학교,전라북도,남원시,금지면,택내리 57,35.33345585,127.2934944
신풍초등학교,초등학교,전라남도,여수시,율촌면,신풍리 1006,34.84351525,127.6100251
고제초등학교,초등학교,경상남도,거창군,고제면,궁항리 1826-1,35.83826388,127.876872
백운초등학교,초등학교,전라북도,진안군,백운면,백암리 537,35.69173286,127.3992627
영광초등학교,초등학교,전라남도,영광군,영광읍,무령리 306,35.27893779,126.5134871
매원초등학교,초등학교,경상북도,칠곡군,왜관읍,매원리 496-1,35.99503684,128.429442
경산동부초등학교,초등학교,경상북도,경산시,계양동,683,35.81751977,128.7482366
부림초등학교,초등학교,경상남도,의령군,부림면,신반리 253-1,35.46558594,128.320737
여수양지초등학교,초등학교,전라남도,여수시,미평동,762,34.77282882,127.701083
내성초등학교,초등학교,경상북도,봉화군,봉화읍,내성리 452-1,36.88581477,128.7354991
군산중앙초등학교,초등학교,전라북도,군산시,중앙로2가,145,35.98147183,126.7162723
낭산초등학교,초등학교,전라북도,익산시,낭산면,호암리 318-2,36.066699,127.0149858
치문초등학교,초등학교,전라북도,김제시,백구면,유강리 105,35.90638956,126.9362332
목포유달초등학교달리분교장,초등학교,전라남도,목포시,달동,301,34.77492763,126.3135403
하이초등학교,초등학교,경상남도,고성군,하이면,덕호리 528-1,34.9295614,128.121671
단계초등학교,초등학교,경상남도,산청군,신등면,단계리 663,35.37906329,128.0100889
전주금평초등학교,초등학교,전라북도,전주시,덕진구,인후동2가 1536,35.8433282,127.1467912
전주미산초등학교,초등학교,전라북도,전주시,덕진구,전미동2가 305-2,35.88395549,127.1096907
화산초등학교,초등학교,전라북도,완주군,화산면,화평리 589,36.03522699,127.204018
삼계초등학교,초등학교,전라북도,임실군,삼계면,삼계리 181-2,35.50688093,127.2772255
단포초등학교,초등학교,경상북도,영천시,고경면,단포리 167,35.9810174,128.9748400298
왕궁초등학교,초등학교,전라북도,익산시,왕궁면,흥암리 150,35.966305,127.0898836
김해신안초등학교,초등학교,경상남도,김해시,관동동,426,35.178928,128.7903314
조도초등학교거차분교장,초등학교,전라남도,진도군,조도면,서거차도리 64-33,34.25591614,125.9153767
웅상초등학교,초등학교,경상남도,양산시,명동,992-1,35.39873719,129.1649214
신성초등학교,초등학교,경상북도,안동시,풍천면,신성리 373,36.52552991,128.4624575
소호초등학교,초등학교,전라남도,여수시,소호동,153,34.74724451,127.6543449
해양초등학교,초등학교,경상남도,남해군,남해읍,남변리 461-3,34.83414511,127.8951901
길안초등학교길송분교장,초등학교,경상북도,안동시,길안면,송사리 100-8,36.36896815,128.9287611
안좌초등학교,초등학교,전라남도,신안군,안좌면,읍동리 1014,34.754538,126.1239619
과역초등학교,초등학교,전라남도,고흥군,과역면,과역리 458,34.68041501,127.3575871
대야초등학교,초등학교,경상남도,창원시,진해구,여좌동 150,35.15954661,128.6644414
전주우림초등학교,초등학교,전라북도,전주시,완산구,효자동2가 1193-6,35.80662618,127.0982863
오부초등학교,초등학교,경상남도,산청군,오부면,오전리 840,35.49945733,127.8866394
내동초등학교,초등학교,경상남도,창원시,성산구,중앙동 114,35.22548514,128.6624836
상동초등학교,초등학교,경상남도,밀양시,상동면,금산리 887-3,35.55368293,128.7615622
김제중앙초등학교,초등학교,전라북도,김제시,요촌동,214-1,35.8009089,126.8887509
상암초등학교묘도분교장,초등학교,전라남도,여수시,묘도동,910-1,34.87574075,127.709545
동호초등학교,초등학교,전라북도,고창군,해리면,동호리 103-4,35.50756379,126.4941685
고창남초등학교,초등학교,전라북도,고창군,고창읍,읍내리 542-2,35.42919412,126.6975415
영산초등학교,초등학교,경상남도,창녕군,영산면,성내리 591-4,35.45838312,128.5292217
서창초등학교,초등학교,경상남도,양산시,삼호동,623,35.41768874,129.1723578
현흥초등학교,초등학교,경상북도,경산시,압량읍,현흥리 653-3,35.86167457,128.772988
목포용호초등학교,초등학교,전라남도,목포시,용당동,1028-7,34.79969579,126.4009368
전주용와초등학교,초등학교,전라북도,전주시,완산구,삼천동1가 305-43,35.79121932,127.1147101
월산초등학교,초등학교,경상남도,김해시,부곡동,1166-1,35.20059362,128.8054515
삼우초등학교,초등학교,전라북도,완주군,고산면,어우리 168-7,35.9673005,127.1805596
이리신흥초등학교,초등학교,전라북도,익산시,금강동,349-1,35.93481066,126.9790026
안동초등학교,초등학교,경상북도,안동시,남문동,189-5,36.56433294,128.728175
남원서원초등학교,초등학교,전라북도,남원시,대산면,수덕리 20,35.4046548,127.3434735
화흥초등학교,초등학교,전라남도,완도군,완도읍,화흥리 840,34.32557169,126.7011771
신광초등학교,초등학교,경상북도,포항시,북구,신광면 토성리 483,36.12951876,129.2619452
황산초등학교,초등학교,경상남도,양산시,물금읍,범어리 2677-2,35.3312217,129.0094393
전주만성초등학교,초등학교,전라북도,전주시,덕진구,중동 803,35.83673137,127.0654162
함라초등학교,초등학교,전라북도,익산시,함라면,함열리 139-1,36.059261,126.9109042
여수여문초등학교,초등학교,전라남도,여수시,문수동,12,34.75593811,127.7099465
빛가람초등학교,초등학교,전라남도,나주시,빛가람동,625,35.0090399,126.7852523
서하초등학교,초등학교,경상남도,함양군,서하면,송계리 869,35.64924402,127.698229
농암초등학교청화분교장,초등학교,경상북도,문경시,농암면,화산리 930-2,36.57315586,127.9873177
학다리중앙초등학교,초등학교,전라남도,함평군,학교면,학교리 585,35.01411894,126.5365035
전주초포초등학교,초등학교,전라북도,전주시,덕진구,호성동2가 835,35.87717541,127.1397004
봉동초등학교,초등학교,전라북도,완주군,봉동읍,장기리 301,35.93849374,127.1621833
대방초등학교,초등학교,경상남도,창원시,성산구,대방동 359,35.2113475,128.7068757
덕산초등학교,초등학교,경상남도,산청군,시천면,사리 835,35.27877939,127.8369416
창촌초등학교,초등학교,전라남도,순천시,주암면,창촌리 275,35.060457,127.2772973
화순초등학교,초등학교,전라남도,화순군,화순읍,교리 84,35.0655645,126.9841424
동산초등학교,초등학교,경상남도,양산시,동면,금산리 758-6,35.30433222,129.0262644
군산금빛초등학교,초등학교,전라북도,군산시,조촌동,2-94,35.979606,126.7423004
서삼초등학교,초등학교,전라남도,장성군,서삼면,장산리 196,35.33362081,126.7685853
여수문수초등학교,초등학교,전라남도,여수시,문수동,674-1,34.75123041,127.6942465
영천중앙초등학교화남분교장,초등학교,경상북도,영천시,화남면,사천리 1238,36.03909411,128.9170314
아산초등학교,초등학교,전라북도,고창군,아산면,반암리 1081,35.48332243,126.6054618
감포초등학교,초등학교,경상북도,경주시,감포읍,감포리 11,35.80962697,129.5013972
전주용흥초등학교,초등학교,전라북도,전주시,완산구,삼천동1가 765-2,35.79494464,127.1117957
여수구봉초등학교,초등학교,전라남도,여수시,국동,823,34.73654301,127.714896
대흥초등학교,초등학교,경상남도,고성군,대가면,유흥리 679,35.01602859,128.297353
대흥초등학교,초등학교,전라북도,정읍시,입암면,접지리 809-1,35.52520002,126.8079807
전주북초등학교,초등학교,전라북도,전주시,덕진구,호성동1가 736,35.85655402,127.1515186
수지초등학교,초등학교,전라북도,남원시,수지면,호곡리 800,35.337004,127.3735189
목포남초등학교,초등학교,전라남도,목포시,호남동,567,34.79171024,126.3915809
생림초등학교,초등학교,경상남도,김해시,생림면,봉림리 686-2,35.33245732,128.8477918
주약초등학교,초등학교,경상남도,진주시,주약동,360-12,35.17211514,128.0920596
고창초등학교,초등학교,전라북도,고창군,고창읍,교촌리 281-1,35.43636851,126.703322
영천초등학교,초등학교,경상남도,양산시,동면,여락리 30,35.31175385,129.1107853
덕정초등학교,초등학교,경상남도,김해시,관동동,452-4,35.1781328,128.7987197
부북초등학교,초등학교,경상남도,밀양시,부북면,운전리 323-1,35.51401969,128.7296377
마산중앙초등학교,초등학교,경상남도,창원시,의창구,반계동 1509-1,35.24832356,128.6025946
도천초등학교,초등학교,경상남도,창원시,진해구,도천동 12,35.15274364,128.653898
부안동초등학교,초등학교,전라북도,부안군,부안읍,봉덕리 446,35.71639463,126.7383324
석불초등학교,초등학교,전라북도,익산시,삼기면,연동리 643-2,36.02994903,127.005968
군산신흥초등학교,초등학교,전라북도,군산시,나운동,45-4,35.96810988,126.706831
회현초등학교,초등학교,전라북도,군산시,회현면,대정리 139,35.91555527,126.7525759
쌍림초등학교,초등학교,경상북도,고령군,쌍림면,귀원리 198,35.6818751,128.2428707
전주중산초등학교,초등학교,전라북도,전주시,완산구,중화산동2가 614,35.81746652,127.1196127
정촌초등학교,초등학교,경상남도,진주시,가좌동,691,35.16077984,128.1082729
자천초등학교보현분교장,초등학교,경상북도,영천시,자양면,보현리 687-1,36.13344029,129.046686
주상초등학교,초등학교,경상남도,거창군,주상면,도평리 536,35.74952313,127.9142324
완도초등학교,초등학교,전라남도,완도군,완도읍,군내리 319,34.3133974,126.761013
만경초등학교,초등학교,전라북도,김제시,만경읍,만경리 165,35.8541727,126.8229525
죽림초등학교,초등학교,전라남도,여수시,소라면,죽림리 1119,34.76627777,127.6378962
무정초등학교,초등학교,전라남도,담양군,무정면,봉안리 68-1,35.29084847,127.0403349
전주송원초등학교,초등학교,전라북도,전주시,덕진구,송천동1가 602,35.86154103,127.1110038
쌍치초등학교,초등학교,전라북도,순창군,쌍치면,쌍계리 129,35.501605,127.0026687
김해내동초등학교,초등학교,경상남도,김해시,내동,168,35.24264984,128.8589373
석보초등학교,초등학교,경상북도,영양군,석보면,원리리 288-1,36.55842246,129.1230854
웅포초등학교,초등학교,전라북도,익산시,웅포면,웅포리 871-1,36.0650017,126.8782942
나포초등학교,초등학교,전라북도,군산시,나포면,옥곤리 261,36.0304495,126.8336366
동화초등학교,초등학교,전라남도,장성군,동화면,용정리 717-1,35.27410799,126.736395
석교초등학교,초등학교,전라남도,진도군,임회면,석교리 416,34.40639758,126.192128
대병초등학교,초등학교,경상남도,합천군,대병면,회양리 880,35.51911456,128.0111095
임하초등학교,초등학교,경상북도,안동시,임하면,신덕리 467,36.526485,128.8280839
정읍초등학교,초등학교,전라북도,정읍시,수성동,171,35.58784148,126.8635952
금천초등학교,초등학교,전라남도,나주시,금천면,오강리 207,35.03431139,126.7546329
북이초등학교,초등학교,전라남도,장성군,북이면,신평리 5-1,35.43408726,126.804714
성주중앙초등학교,초등학교,경상북도,성주군,성주읍,경산리 718-34,35.9167031,128.2864406
비봉초등학교,초등학교,전라북도,완주군,비봉면,소농리 513-2,35.99799132,127.1395036
화정초등학교,초등학교,경상남도,의령군,화정면,상정리 642-1,35.27681531,128.2112171
춘포초등학교,초등학교,전라북도,익산시,춘포면,용연리 811,35.90170167,127.0107764
대야초등학교,초등학교,전라북도,군산시,대야면,산월리 448,35.94883591,126.8181746
이리남창초등학교,초등학교,전라북도,익산시,남중동,252-2,35.94520028,126.953875
무선초등학교,초등학교,전라남도,여수시,화장동,776,34.77232437,127.6460959
은척초등학교무릉분교장,초등학교,경상북도,상주시,은척면,무릉리 153,36.57790301,128.0884235
녹전초등학교원천분교장,초등학교,경상북도,안동시,녹전면,원천리 261-1,36.79161262,128.7567404
동북초등학교,초등학교,전라북도,부안군,동진면,본덕리 265-4,35.77573678,126.7308938
대야남초등학교,초등학교,전라북도,군산시,대야면,복교리 954-10,35.9193117,126.820078
완월초등학교,초등학교,경상남도,창원시,마산합포구,완월동 12-8,35.200366,128.5631695
신현초등학교,초등학교,경상남도,거제시,고현동,875,34.88805947,128.616487
무안초등학교,초등학교,전라남도,무안군,무안읍,성내리 74-2,34.99135858,126.4764621
평산초등학교,초등학교,경상남도,양산시,평산동,40-3,35.3869197,129.1544436
묘산초등학교,초등학교,경상남도,합천군,묘산면,산제리 316-1,35.65870823,128.1107824
망운초등학교,초등학교,전라남도,무안군,망운면,목동리 664-1,35.01497906,126.3920392
황전초등학교,초등학교,전라남도,순천시,황전면,수평리 309-1,35.10107982,127.4301357
광주교육대학교목포부설초등학교,초등학교,전라남도,목포시,용해동,285-1,34.80759207,126.4042897
봉강초등학교,초등학교,경상남도,창원시,의창구,동읍 봉강리 115-3,35.35080275,128.6552335
익산궁동초등학교,초등학교,전라북도,익산시,부송동,1119,35.962379,126.9939129
신원초등학교,초등학교,경상남도,거창군,신원면,과정리 199-4,35.5659448,127.9253172
사파초등학교,초등학교,경상남도,창원시,성산구,사파동 144,35.21931683,128.6972338
여남초등학교,초등학교,전라남도,여수시,남면,우학리 263,34.51213296,127.7668038
선동초등학교,초등학교,전라북도,고창군,공음면,선동리 615-1,35.36798251,126.556183
천북초등학교,초등학교,경상북도,경주시,천북면,동산리 434,35.89727879,129.2676817
성산초등학교,초등학교,경상북도,고령군,성산면,어곡리 278-4,35.74918152,128.3610757
금지동초등학교,초등학교,전라북도,남원시,금지면,옹정리 815-1,35.35647711,127.2986504
왕궁남초등학교,초등학교,전라북도,익산시,왕궁면,온수리 202-4,35.92708238,127.0755188
금호초등학교,초등학교,경상북도,영천시,금호읍,교대리 130-2,35.93461511,128.8805476
서후초등학교,초등학교,경상북도,안동시,서후면,성곡리 124-3,36.61679819,128.663065
군산흥남초등학교,초등학교,전라북도,군산시,문화동,21,35.97177485,126.7086852
군산아리울초등학교,초등학교,전라북도,군산시,수송동,830-2,35.96771396,126.7203082
전주대정초등학교,초등학교,전라북도,전주시,완산구,평화동2가 459,35.785852,127.1256189
삽량초등학교,초등학교,경상남도,양산시,남부동,601-3,35.3318931,129.0289876
팔금초등학교,초등학교,전라남도,신안군,팔금면,읍리 699,34.78652587,126.1447774
창호초등학교,초등학교,경상남도,거제시,사등면,창호리 761,34.95564576,128.5204496
목포항도초등학교,초등학교,전라남도,목포시,상동,264,34.816101,126.4153938
개야도초등학교,초등학교,전라북도,군산시,옥도면,개야도리 679,36.04282572,126.5487235
성북초등학교,초등학교,전라북도,익산시,망성면,신작리 868,36.1465224,127.0081046
영오초등학교영현분교장,초등학교,경상남도,고성군,영현면,침점리 350,35.05421463,128.2044346
오천초등학교,초등학교,경상북도,포항시,남구,오천읍 용덕리 221-2,35.96966679,129.4169587
가산초등학교,초등학교,경상북도,칠곡군,가산면,천평리 287-2,36.07916349,128.5402165
골약초등학교,초등학교,전라남도,광양시,황길동,827,34.91051134,127.6609604
이리남초등학교,초등학교,전라북도,익산시,목천동,444-3,35.91425607,126.9301944
월곡초등학교,초등학교,경상북도,안동시,예안면,정산리 624,36.66188227,128.8880198
좌야초등학교,초등학교,전라남도,순천시,해룡면,신대리 2104,34.93048288,127.544855
한림초등학교,초등학교,경상남도,김해시,한림면,장방리 439-6,35.32407723,128.7986611
삼가초등학교,초등학교,경상남도,합천군,삼가면,소오리 393-3,35.41244973,128.118354
물금초등학교,초등학교,경상남도,양산시,물금읍,가촌리 469-1,35.31733666,128.990034
지족초등학교,초등학교,경상남도,남해군,삼동면,지족리 255,34.83086351,128.0008435
여도초등학교,초등학교,전라남도,여수시,봉계동,37,34.7841399,127.6943999
샛별초등학교,초등학교,경상남도,거창군,거창읍,중앙리 395-4,35.69175768,127.9121537
오산초등학교,초등학교,전라남도,곡성군,오산면,봉동리 500,35.239036,127.121069
문창초등학교,초등학교,전라북도,군산시,산북동,2701,35.95624713,126.6549529
오산초등학교,초등학교,전라북도,익산시,오산면,오산리 30,35.94190381,126.9158496
예울초등학교,초등학교,전라남도,여수시,웅천동,350-1,34.7484683,127.6848638
청도초등학교,초등학교,경상남도,밀양시,청도면,두곡리 53,35.55066839,128.624227
용산초등학교,초등학교,전라북도,익산시,황등면,죽촌리 27-5,36.04017955,126.938305
전주북일초등학교,초등학교,전라북도,전주시,덕진구,인후동1가 750-1,35.84208627,127.1559492
도원초등학교,초등학교,전라남도,여수시,선원동,1325-1,34.76482502,127.6504956
북후초등학교,초등학교,경상북도,안동시,북후면,장기리 679,36.67630212,128.6970915
복흥초등학교,초등학교,전라북도,순창군,복흥면,정산리 302,35.43121875,126.9319795
발산초등학교,초등학교,전라북도,군산시,개정면,발산리 45-1,35.95859858,126.7966627
신태인초등학교,초등학교,전라북도,정읍시,신태인읍,신태인리 68,35.68619174,126.8896769
상암초등학교,초등학교,전라남도,여수시,상암동,1670,34.826288,127.7312645
형남초등학교,초등학교,경상북도,구미시,형곡동,798,36.10124649,128.3350452
포항영흥초등학교,초등학교,경상북도,포항시,북구,죽도동 26-2,36.03096662,129.3680916
내서초등학교,초등학교,경상남도,창원시,마산회원구,두척동 550-1,35.23819306,128.5454459
백전초등학교,초등학교,경상남도,함양군,백전면,평정리 481,35.55282017,127.6349621
생비량초등학교,초등학교,경상남도,산청군,생비량면,도리 595-1,35.3464989,128.046984
율천초등학교,초등학교,경상남도,고성군,고성읍,죽계리 735-1,34.99230783,128.3281799
진동초등학교,초등학교,경상남도,창원시,마산합포구,진동면 진동리 113-1,35.11862978,128.4900974
전주완산초등학교,초등학교,전라북도,전주시,완산구,동완산동 167,35.81056438,127.1432813
격포초등학교,초등학교,전라북도,부안군,변산면,격포리 271-53,35.62524514,126.474385
대지초등학교,초등학교,경상남도,창녕군,대지면,석리 277,35.5572048,128.4641667
새만금초등학교,초등학교,전라북도,군산시,오식도동,805-5,35.96731265,126.5614534
김해율산초등학교,초등학교,경상남도,김해시,장유동,871,35.164875,128.828754
창선초등학교,초등학교,경상남도,남해군,창선면,상죽리 265,34.85818089,128.0098495
진성초등학교,초등학교,경상북도,경산시,진량읍,황제리 194,35.85382263,128.8155105
이리계문초등학교,초등학교,전라북도,익산시,신용동,670-2,35.97365679,126.9442257
노량초등학교,초등학교,경상남도,하동군,금남면,송문리 759-2,34.95182377,127.8566777
진영대창초등학교,초등학교,경상남도,김해시,진영읍,여래리 384-9,35.30127033,128.7397152
장수초등학교,초등학교,전라북도,장수군,장수읍,장수리 195,35.64829382,127.5226281
회화초등학교,초등학교,경상남도,고성군,회화면,배둔리 347-11,35.06218385,128.3737192
금호초등학교,초등학교,경상남도,진주시,금산면,장사리 961,35.21901721,128.1436601
여수좌수영초등학교,초등학교,전라남도,여수시,문수동,493-6,34.75260395,127.692697
대산초등학교,초등학교,경상남도,함안군,대산면,구혜리 229,35.35163433,128.431122
당북초등학교,초등학교,전라북도,군산시,옥산면,당북리 864-7,35.94666143,126.717003
완도중앙초등학교,초등학교,전라남도,완도군,완도읍,가용리 29,34.3219399,126.7401072
광양칠성초등학교,초등학교,전라남도,광양시,광양읍,칠성리 1006,34.97942564,127.5786744
송광초등학교,초등학교,전라남도,순천시,송광면,이읍리 766,34.96121555,127.2669769
군산남초등학교,초등학교,전라북도,군산시,미원동,343,35.97826042,126.714884
의신초등학교모도분교장,초등학교,전라남도,진도군,의신면,모도리 53,34.407723,126.3555982
삼호서초등학교,초등학교,전라남도,영암군,삼호읍,용당리 2178-1,34.74619061,126.3779446
석산초등학교,초등학교,경상남도,양산시,동면,석산리 1448-8,35.32151022,129.026833
서상초등학교,초등학교,경상남도,함양군,서상면,대남리 1769,35.68391808,127.6869067
문덕초등학교,초등학교,경상북도,포항시,남구,오천읍 문덕리 1188-403,35.96051432,129.409347
상서초등학교,초등학교,전라북도,부안군,상서면,통정리 416-2,35.707846,126.6599137
다송초등학교,초등학교,전라북도,익산시,함열읍,다송리 477-1,36.04144728,126.9550746
도계초등학교,초등학교,경상남도,창원시,의창구,도계동 357-1,35.25869742,128.6393103
함안초등학교,초등학교,경상남도,함안군,함안면,봉성리 1214,35.24096191,128.4208815
군산지곡초등학교,초등학교,전라북도,군산시,지곡동,504,35.95759841,126.7070538
봉원초등학교,초등학교,경상남도,진주시,상봉동,777,35.20145991,128.0702711
하의초등학교,초등학교,전라남도,신안군,하의면,웅곡리 166-2,34.60036073,126.035946
여수서초등학교,초등학교,전라남도,여수시,서교동,898,34.7407915,127.7249875
신양초등학교,초등학교,경상남도,양산시,남부동,553-6,35.33390311,129.024588
다부초등학교,초등학교,경상북도,칠곡군,가산면,다부리 337-2,36.04524356,128.5198431
광양제철남초등학교,초등학교,전라남도,광양시,금호동,624-11,34.93404133,127.7205274
해운초등학교,초등학교,경상남도,창원시,마산합포구,월영동 605-1,35.17620554,128.557835
묘량중앙초등학교,초등학교,전라남도,영광군,묘량면,운당리 478,35.26772929,126.5505411
창원신월초등학교,초등학교,경상남도,창원시,의창구,신월동 76,35.225763,128.6931512
하서초등학교,초등학교,전라북도,부안군,하서면,청호리 598-1,35.72052622,126.6498303
월성초등학교,초등학교,전라북도,김제시,월성동,139-7,35.760162,126.910175
녹동초등학교시산분교장,초등학교,전라남도,고흥군,도양읍,시산리 178,34.39513948,127.2583707
득량남초등학교,초등학교,전라남도,보성군,득량면,해평리 588,34.75200007,127.1864242
웅천초등학교,초등학교,전라남도,여수시,웅천동,1674,34.74995596,127.674315
상리초등학교,초등학교,경상북도,예천군,효자면,도촌리 386-1,36.77778584,128.4206941
영남초등학교,초등학교,전라남도,고흥군,영남면,양사리 528,34.60371858,127.4550231
안동강남초등학교,초등학교,경상북도,안동시,정하동,272-1,36.55004548,128.731732
내장초등학교,초등학교,전라북도,정읍시,금붕동,98-1,35.53504252,126.8930989
무동초등학교,초등학교,경상남도,창원시,의창구,북면 무동리 121-2,35.320871,128.581699
순천도사초등학교,초등학교,전라남도,순천시,교량동,862,34.9138432,127.5002293
사봉초등학교,초등학교,경상남도,진주시,사봉면,사곡리 993-1,35.18935277,128.2691482
농암초등학교,초등학교,경상북도,문경시,농암면,농암리 207,36.60220156,128.0035004
원동초등학교이천분교장,초등학교,경상남도,양산시,원동면,선리 1424,35.48742021,128.9852008
순천남초등학교,초등학교,전라남도,순천시,저전동,90-3,34.95083261,127.4825505
송천초등학교,초등학교,경상북도,안동시,송천동,941-1,36.54625222,128.7922552
현곡초등학교,초등학교,경상북도,경주시,현곡면,하구리 1120,35.88659478,129.1799843
소라초등학교사곡분교장,초등학교,전라남도,여수시,소라면,사곡리 136,34.787554,127.5827272
일월초등학교청기분교장,초등학교,경상북도,영양군,청기면,정족리 1334-2,36.699619,129.0583446
운봉초등학교,초등학교,전라북도,남원시,운봉읍,서천리 65-4,35.44128653,127.5330641
이리모현초등학교,초등학교,전라북도,익산시,모현동1가,264-7,35.94552389,126.9399632
하주초등학교,초등학교,경상북도,경산시,하양읍,양지리 107-2,35.92020163,128.8122639
사화초등학교,초등학교,경상남도,창원시,의창구,팔용동 75,35.25227232,128.6172751
월촌초등학교,초등학교,경상남도,함안군,군북면,월촌리 산144-2,35.2912306,128.302936
곡성중앙초등학교,초등학교,전라남도,곡성군,곡성읍,읍내리 703,35.28496935,127.2915493
평산초등학교,초등학교,경상남도,창원시,의창구,팔용동 73,35.25083296,128.6167100172
전주동북초등학교,초등학교,전라북도,전주시,덕진구,인후동2가 39-13,35.83899099,127.1444129
순천율산초등학교,초등학교,전라남도,순천시,연향동,1615,34.93872899,127.525558
장복초등학교,초등학교,경상남도,창원시,진해구,석동 674,35.15786437,128.695159
봉성초등학교,초등학교,전라북도,완주군,봉동읍,성덕리 15-1,35.92298566,127.1549096
익산옥야초등학교,초등학교,전라북도,익산시,동산동,539-3,35.92227222,126.959991
우곡초등학교,초등학교,경상북도,고령군,우곡면,연리 329,35.63378231,128.3673188
복주초등학교,초등학교,경상북도,안동시,옥동,763-1,36.562977,128.698281
금서초등학교,초등학교,경상남도,산청군,금서면,화계리 671,35.46113892,127.7919302
광양서초등학교,초등학교,전라남도,광양시,광양읍,인서리 120,34.97200594,127.5832672
대마초등학교,초등학교,전라남도,영광군,대마면,월산리 375,35.30313983,126.5818292
한산초등학교,초등학교,경상남도,통영시,한산면,하소리 36-2,34.76829335,128.5076295
진봉초등학교,초등학교,전라북도,김제시,진봉면,상궐리 76-12,35.84731438,126.7831161
약산초등학교,초등학교,전라남도,완도군,약산면,장용리 931,34.39402843,126.896467
부남초등학교,초등학교,전라북도,무주군,부남면,대소리 505,35.97290779,127.559729
여수신월초등학교,초등학교,전라남도,여수시,신월동,9-22,34.72724441,127.7138894
목포부영초등학교,초등학교,전라남도,목포시,옥암동,1024,34.80311132,126.4340543
대의초등학교,초등학교,경상남도,의령군,대의면,마쌍리 439-1,35.37061297,128.1092102
목포영산초등학교,초등학교,전라남도,목포시,옥암동,1308,34.80804601,126.4499952
목포임성초등학교,초등학교,전라남도,목포시,석현동,96-1,34.8246294,126.4354617
밀주초등학교,초등학교,경상남도,밀양시,가곡동,728-4,35.47731607,128.762573
안동동부초등학교,초등학교,경상북도,안동시,신세동,122-1,36.56652963,128.7370009
전주우전초등학교,초등학교,전라북도,전주시,완산구,효자동2가 188,35.80597309,127.107375
팔룡초등학교,초등학교,경상남도,창원시,마산회원구,합성동 17-4,35.24223175,128.5939532
이동초등학교,초등학교,경상남도,남해군,이동면,무림리 1190-2,34.80396274,127.9520549
횡천초등학교,초등학교,경상남도,하동군,횡천면,횡천리 752,35.11095536,127.8080579
전주서문초등학교,초등학교,전라북도,전주시,완산구,서신동 820,35.82984999,127.1120592
군북초등학교,초등학교,경상남도,함안군,군북면,덕대리 17,35.25720743,128.3462084
진교초등학교,초등학교,경상남도,하동군,진교면,진교리 466,35.03471276,127.8991729
임실기림초등학교,초등학교,전라북도,임실군,임실읍,두곡리 58-1,35.62896743,127.2898513
여수동초등학교,초등학교,전라남도,여수시,공화동,1181,34.74702083,127.7405576
사매초등학교,초등학교,전라북도,남원시,사매면,오신리 618,35.49953263,127.3604016
순천왕지초등학교,초등학교,전라남도,순천시,조례동,1811,34.95705413,127.534497
법성포초등학교,초등학교,전라남도,영광군,법성면,대덕리 526,35.35934393,126.4551286
안성초등학교,초등학교,전라북도,무주군,안성면,장기리 1309,35.86576627,127.6553047
남성초등학교,초등학교,경상북도,경산시,평산동,36,35.8131081,128.776772
인계초등학교,초등학교,전라북도,순창군,인계면,가성리 497,35.41427145,127.1589261
미룡초등학교,초등학교,전라북도,군산시,미룡동,458-4,35.95086947,126.6851152
평산초등학교,초등학교,경상북도,경산시,사동,188,35.807522,128.7569479
여수봉산초등학교,초등학교,전라남도,여수시,봉산동,12,34.73549535,127.7272231
전주서곡초등학교,초등학교,전라북도,전주시,완산구,효자동3가 1474,35.83306061,127.1008952
남천초등학교,초등학교,경상북도,경산시,남천면,삼성리 143-1,35.76762632,128.7249619
풍각초등학교,초등학교,경상북도,청도군,풍각면,봉기리 701,35.64348049,128.6159422
군산문화초등학교,초등학교,전라북도,군산시,문화동,895-1,35.9747088,126.703466
김해봉황초등학교,초등학교,경상남도,김해시,전하동,518,35.2224178,128.8698872
계북초등학교,초등학교,전라북도,장수군,계북면,어전리 739,35.78718361,127.6175041
지정초등학교,초등학교,경상남도,의령군,지정면,봉곡리 775-1,35.38345913,128.3874200395
지산초등학교,초등학교,전라남도,진도군,지산면,인지리 240-2,34.42237279,126.1667783
진해신항초등학교,초등학교,경상남도,창원시,진해구,용원동 1341,35.08961489,128.810712
신평초등학교,초등학교,전라북도,임실군,신평면,원천리 139,35.65760459,127.2263267
옥구초등학교,초등학교,전라북도,군산시,옥구읍,선제리 468,35.9224527,126.6801779
목포연동초등학교,초등학교,전라남도,목포시,산정동,1080-4,34.79682313,126.3949956
목포연산초등학교,초등학교,전라남도,목포시,연산동,1270,34.810981,126.3807697
입실초등학교,초등학교,경상북도,경주시,외동읍,입실리 1350-12,35.71694791,129.3244037
이리중앙초등학교,초등학교,전라북도,익산시,갈산동,47,35.93568016,126.9508726
서정초등학교,초등학교,전라남도,해남군,송지면,서정리 90,34.38936076,126.560772
임고초등학교,초등학교,경상북도,영천시,임고면,양항리 638,36.02164368,128.9733645
신등초등학교,초등학교,경상남도,창원시,의창구,대산면 제동리 456-44,35.32101037,128.699189
개천초등학교,초등학교,경상남도,고성군,개천면,명성리 632,35.09839402,128.2596241
세풍초등학교,초등학교,전라남도,광양시,광양읍,세풍리 210,34.94394605,127.582225
우수영초등학교,초등학교,전라남도,해남군,문내면,난대리 517,34.60385228,126.3127386
회천서초등학교,초등학교,전라남도,보성군,회천면,회령리 514,34.67110702,127.0629866
군산서해초등학교,초등학교,전라북도,군산시,나운동,155-3,35.95964591,126.6998995
율촌초등학교,초등학교,전라남도,여수시,율촌면,조화리 182,34.88215561,127.5765143
영가초등학교,초등학교,경상북도,안동시,태화동,179,36.56311031,128.716056
수월초등학교,초등학교,경상남도,거제시,수월동,1170,34.89038937,128.6433265
순천왕운초등학교,초등학교,전라남도,순천시,왕지동,787,34.97384789,127.525302
석계초등학교,초등학교,경상북도,경주시,외동읍,석계리 91,35.67874018,129.3094092
월성초등학교,초등학교,경상남도,창원시,마산합포구,완월동 296,35.19601945,128.5604733
자천초등학교,초등학교,경상북도,영천시,화북면,자천리 895,36.10985883,128.9206879
고부초등학교,초등학교,전라북도,정읍시,고부면,고부리 161,35.62075142,126.7722149
범어초등학교,초등학교,경상남도,양산시,물금읍,범어리 718-3,35.33153947,129.005847
영천동부초등학교,초등학교,경상북도,영천시,조교동,425-1,35.97821931,128.9601298
봉림초등학교,초등학교,경상남도,창원시,의창구,사림동 102-1,35.24624844,128.6779048
전주화산초등학교,초등학교,전라북도,전주시,완산구,중화산동2가 46-25,35.809393,127.1299903
양주초등학교,초등학교,경상남도,양산시,중부동,422-3,35.34226959,129.032398
하북초등학교,초등학교,경상남도,양산시,하북면,순지리 702,35.48995828,129.0884935
기산초등학교,초등학교,전라남도,함평군,함평읍,기각리 737,35.06782404,126.516739
화순제일초등학교,초등학교,전라남도,화순군,화순읍,일심리 327,35.05623971,126.9948105
장유초등학교,초등학교,경상남도,김해시,무계동,132,35.20509683,128.8118572
김천동부초등학교,초등학교,경상북도,김천시,지좌동,730-1,36.11859869,128.1380241
남악초등학교,초등학교,전라남도,무안군,삼향읍,남악리 1587,34.81277169,126.474021
해평초등학교,초등학교,경상북도,구미시,해평면,월호리 395,36.20259644,128.3916218
비금동초등학교,초등학교,전라남도,신안군,비금면,용소리 238-2,34.784651,125.9798266
옥계동부초등학교,초등학교,경상북도,구미시,옥계동,910,36.13910909,128.427625
대구교육대학교안동부설초등학교,초등학교,경상북도,안동시,명륜동,산156-5,36.56982333,128.728641
장기초등학교,초등학교,경상북도,포항시,남구,장기면 마현리 331,35.89700969,129.4943247
병곡초등학교,초등학교,경상북도,영덕군,병곡면,병곡리 84-1,36.60185573,129.409125
김제동초등학교,초등학교,전라북도,김제시,신풍동,208,35.79479281,126.9009833
북면초등학교승산분교장,초등학교,경상남도,창원시,의창구,북면 대산리 56-2,35.30394132,128.6276185
설천초등학교,초등학교,경상남도,남해군,설천면,남양리 71,34.92663032,127.9149526
창오초등학교,초등학교,전라북도,군산시,성산면,창오리 221-4,35.98533822,126.8168377
진량초등학교,초등학교,경상북도,경산시,진량읍,신상리 717,35.87617625,128.815657
진원동초등학교,초등학교,전라남도,장성군,진원면,용산리 841-1,35.26041173,126.8635995
수곡초등학교,초등학교,전라북도,정읍시,칠보면,반곡리 1050,35.56783407,126.9585692
황등초등학교,초등학교,전라북도,익산시,황등면,황등리 650-1,36.009277,126.9451567
이동초등학교,초등학교,경상북도,포항시,남구,대잠동 470-1,36.02742299,129.3433485
차황초등학교,초등학교,경상남도,산청군,차황면,장위리 22,35.46392402,127.927705
용북초등학교,초등학교,전라북도,익산시,용안면,석동리 321-1,36.13432786,126.9477189
갈담초등학교,초등학교,전라북도,임실군,강진면,갈담리 323-1,35.53183596,127.1659993
북안초등학교,초등학교,경상북도,영천시,북안면,고지리 580-2,35.91479143,129.0104191
정평초등학교,초등학교,경상북도,경산시,중방동,818-83,35.83320452,128.7310588
황강초등학교,초등학교,전라북도,김제시,공덕면,마현리 448,35.87608915,126.9246759
정읍동초등학교,초등학교,전라북도,정읍시,장명동,29,35.56695559,126.8620383
성산초등학교,초등학교,전라남도,여수시,화장동,863,34.77694732,127.6405096
아주초등학교,초등학교,경상남도,거제시,아주동,352-4,34.86446676,128.6923575
미륵초등학교,초등학교,전라북도,익산시,금마면,용순리 645-1,36.00138197,127.0226167
청송초등학교,초등학교,경상북도,청송군,청송읍,월막리 432-1,36.43564089,129.0552141
장천초등학교,초등학교,경상남도,창원시,진해구,장천동 119-35,35.12623873,128.7071896
설천초등학교,초등학교,전라북도,무주군,설천면,소천리 904-27,36.00928507,127.7888837
초처초등학교,초등학교,전라북도,김제시,봉남면,신응리 123,35.73907155,126.954891
삼룡초등학교,초등학교,경상남도,거제시,문동동,601,34.86193346,128.6441424
팔마초등학교,초등학교,전라남도,순천시,해룡면,상삼리 621,34.95013238,127.5311411
여수부영초등학교,초등학교,전라남도,여수시,여서동,592,34.74592027,127.7008722
제황초등학교,초등학교,경상남도,창원시,진해구,제황산동 28-2,35.14871995,128.6693135
이북초등학교,초등학교,경상남도,김해시,한림면,명동리 139,35.30352614,128.8097031
순천신흥초등학교,초등학교,전라남도,순천시,조례동,1615,34.953999,127.528059
화령초등학교,초등학교,경상북도,상주시,화서면,신봉리 184,36.4466099,127.951894
공검초등학교,초등학교,경상북도,상주시,공검면,부곡리 9-1,36.51514991,128.1544734
파천초등학교,초등학교,경상북도,청송군,파천면,관리 785-1,36.44516556,129.031787
옹동초등학교,초등학교,전라북도,정읍시,옹동면,칠석리 239,35.64728052,126.9763458
황성초등학교,초등학교,경상북도,경주시,동천동,695-6,35.85939912,129.2233132
증도초등학교,초등학교,전라남도,신안군,증도면,증동리 1812-2,35.00214094,126.1373159
웅동초등학교,초등학교,경상남도,창원시,진해구,마천동 144-8,35.12709443,128.7838078
군산경포초등학교,초등학교,전라북도,군산시,조촌동,461,35.97659337,126.7347144
신림초등학교,초등학교,전라북도,고창군,신림면,법지리 13-1,35.494248,126.7001969
북삼초등학교,초등학교,경상북도,칠곡군,북삼읍,인평리 327-5,36.06412974,128.342799
나산초등학교,초등학교,전라남도,함평군,나산면,삼축리 389-5,35.11684917,126.6065285
강진동초등학교,초등학교,전라남도,강진군,강진읍,동성리 202,34.6411847,126.7762172
오수초등학교,초등학교,전라북도,임실군,오수면,오수리 400-17,35.54270606,127.3273432
전주인봉초등학교,초등학교,전라북도,전주시,덕진구,인후동1가 917,35.82691771,127.1650204
산대초등학교,초등학교,경상북도,경주시,안강읍,산대리 2387,36.00308319,129.1977363
화정초등학교,초등학교,전라남도,여수시,화정면,개도리 624,34.57068963,127.6596288
금릉초등학교,초등학교,경상북도,김천시,삼락동,328,36.13952427,128.0920276
군남초등학교,초등학교,전라남도,영광군,군남면,백양리 161-1,35.23652447,126.4574779
월성초등학교,초등학교,경상북도,경주시,노서동,35-1,35.84296322,129.208142
장흥남초등학교,초등학교,전라남도,장흥군,장흥읍,순지리 73,34.66575882,126.889803
용마초등학교,초등학교,경상남도,창원시,마산합포구,산호동 237,35.21579113,128.5846544
북정초등학교,초등학교,경상남도,양산시,북정동,884-1,35.36071262,129.0421353
전주문학초등학교,초등학교,전라북도,전주시,완산구,효자동3가 1614,35.82825061,127.1026766
광양가야초등학교,초등학교,전라남도,광양시,광영동,250,34.96704652,127.7127294
남산초등학교,초등학교,경상북도,영주시,휴천동,680,36.81554753,128.6267744
목포동초등학교,초등학교,전라남도,목포시,산정동,270-1,34.81005004,126.387662
왜관중앙초등학교,초등학교,경상북도,칠곡군,왜관읍,석전리 590-3,35.99840091,128.4061661
익산가온초등학교,초등학교,전라북도,익산시,모현동2가,636,35.95632485,126.9382581
전주한들초등학교,초등학교,전라북도,전주시,완산구,중화산동2가 752-4,35.82139815,127.116986
전주삼천초등학교,초등학교,전라북도,전주시,완산구,삼천동1가 585-1,35.80084303,127.1236915
양북초등학교,초등학교,경상북도,경주시,양북면,어일리 701,35.78544291,129.4435608
해리초등학교,초등학교,전라북도,고창군,해리면,안산리 504,35.4659049,126.5359774
상관초등학교,초등학교,전라북도,완주군,상관면,신리 562,35.77231085,127.2059173
금마초등학교,초등학교,전라북도,익산시,금마면,동고도리 155,35.99106771,127.0559199757
산이초등학교,초등학교,전라남도,해남군,산이면,초송리 593,34.64388582,126.4478008
순천삼산초등학교,초등학교,전라남도,순천시,석현동,24,34.96665916,127.4882643
금구초등학교,초등학교,전라북도,김제시,금구면,금구리 163-1,35.7744982,127.0125018
서수초등학교,초등학교,전라북도,군산시,서수면,서수리 760,35.98269619,126.8767945
비산초등학교,초등학교,경상북도,구미시,공단동,114-1,36.11829707,128.374768
영양중앙초등학교,초등학교,경상북도,영양군,영양읍,동부리 128,36.66393138,129.1200897
울진남부초등학교,초등학교,경상북도,울진군,울진읍,읍내리 290,36.98734035,129.3994708
목포부주초등학교,초등학교,전라남도,목포시,옥암동,1317,34.80875304,126.456974
용동초등학교,초등학교,전라북도,김제시,용지면,장신리 280,35.85457978,127.003365
전주만수초등학교,초등학교,전라북도,전주시,덕진구,호성동1가 829-1,35.86298745,127.147643
덕천초등학교,초등학교,전라북도,정읍시,덕천면,우덕리 997-5,35.62081047,126.844276
전주초등학교,초등학교,전라북도,전주시,완산구,태평동 22-2,35.822553,127.1396496
매안초등학교,초등학교,전라남도,순천시,해룡면,신대리 2018,34.93086598,127.552467
창북초등학교,초등학교,전라북도,부안군,계화면,창북리 858,35.762272,126.6941612
장승초등학교,초등학교,전라북도,진안군,부귀면,신정리 749,35.79937969,127.3345875
경산압량초등학교,초등학교,경상북도,경산시,압량읍,신대리 579,35.84050027,128.766517
아라초등학교,초등학교,경상남도,함안군,가야읍,말산리 257-1,35.27099829,128.4082427
와촌초등학교,초등학교,경상북도,경산시,와촌면,동강리 91,35.95042343,128.8378316
포항송곡초등학교,초등학교,경상북도,포항시,북구,양덕동 336-2,36.09225433,129.384452
개정초등학교,초등학교,전라북도,군산시,개정면,아동리 779-1,35.96317048,126.7690744
영화초등학교,초등학교,경상북도,영천시,화룡동,196-1,35.96520959,128.9222042
마천초등학교,초등학교,경상남도,함양군,마천면,덕전리 86-4,35.38682486,127.6593431
아림초등학교,초등학교,경상남도,거창군,거창읍,상림리 775,35.6892945,127.904737
위도초등학교,초등학교,전라북도,부안군,위도면,치도리 66-2,35.59607225,126.2923328
진영금병초등학교,초등학교,경상남도,김해시,진영읍,진영리 1611-5,35.30970084,128.7347751
삼서초등학교,초등학교,전라남도,장성군,삼서면,대곡리 320-1,35.22994687,126.6536729
전주서천초등학교,초등학교,전라북도,전주시,완산구,서신동 761-3,35.832179,127.1082808
관기초등학교,초등학교,전라남도,여수시,소라면,관기리 358-1,34.74976816,127.6265965
왜관초등학교,초등학교,경상북도,칠곡군,왜관읍,왜관리 780-8,35.98515175,128.3960664
보성초등학교,초등학교,전라북도,정읍시,북면,마정리 681,35.60334076,126.9278565
고현초등학교,초등학교,경상남도,남해군,고현면,대사리 618,34.89731972,127.8777373
온혜초등학교,초등학교,경상북도,안동시,도산면,온혜리 572,36.74997314,128.8311678
선산초등학교,초등학교,경상북도,구미시,선산읍,동부리 545-1,36.24392309,128.3013276
김해가야초등학교,초등학교,경상남도,김해시,외동,830,35.23685032,128.8518857
보성초등학교,초등학교,전라남도,보성군,보성읍,보성리 806,34.77187605,127.0780274
김해대곡초등학교,초등학교,경상남도,김해시,어방동,627,35.24416034,128.8990264
부귀초등학교,초등학교,전라북도,진안군,부귀면,거석리 788,35.83740299,127.3608077
정읍남초등학교,초등학교,전라북도,정읍시,시기동,506-19,35.56040042,126.8491459
태봉초등학교,초등학교,전라북도,완주군,구이면,평촌리 1111-1,35.7455962,127.1496079
상북초등학교,초등학교,경상남도,양산시,상북면,석계리 122,35.41665437,129.0603378
금반초등학교,초등학교,경상남도,함양군,휴천면,금반리 92,35.477152,127.736603
벽량초등학교,초등학교,전라북도,김제시,부량면,대평리 66,35.73014148,126.8481832
전주오송초등학교,초등학교,전라북도,전주시,덕진구,송천동2가 179-23,35.86597905,127.1304116
전주반월초등학교,초등학교,전라북도,전주시,덕진구,반월동 238-6,35.875355,127.073741
전주동초등학교,초등학교,전라북도,전주시,완산구,중노송동 399-1,35.82952144,127.1524688
전주신동초등학교,초등학교,전라북도,전주시,덕진구,송천동2가 1269,35.86895422,127.1266587
청하초등학교,초등학교,전라북도,김제시,청하면,대청리 245-1,35.89335357,126.8586861
창원상남초등학교,초등학교,경상남도,창원시,성산구,상남동 44-2,35.22158721,128.689471
부곡초등학교,초등학교,경상남도,창녕군,부곡면,부곡리 348,35.43679975,128.6015618
봉서초등학교,초등학교,전라북도,완주군,봉동읍,둔산리 954,35.96231406,127.1251474
목포애향초등학교,초등학교,전라남도,목포시,옥암동,1172,34.808847,126.4415076
외서초등학교,초등학교,경상북도,상주시,외서면,가곡리 109,36.48007269,128.1070759
감천초등학교,초등학교,경상남도,창원시,마산회원구,내서읍 감천리 699-4,35.20718738,128.5154752
벌교초등학교,초등학교,전라남도,보성군,벌교읍,벌교리 637,34.84399454,127.342433
전주교육대학교군산부설초등학교,초등학교,전라북도,군산시,동흥남동,402-3,35.97396352,126.7226169
신천초등학교,초등학교,경상남도,산청군,시천면,동당리 75-4,35.25995892,127.7804526
삼산초등학교,초등학교,경상남도,고성군,삼산면,미룡리 276,34.93741212,128.2735611
순천이수초등학교,초등학교,전라남도,순천시,조례동,1283,34.95034339,127.5117201
도봉초등학교,초등학교,경상북도,구미시,도량동,221,36.14222705,128.3169424
삼동초등학교,초등학교,경상남도,남해군,삼동면,동천리 1104-2,34.80824552,128.0357654
일직초등학교,초등학교,경상북도,안동시,일직면,원호리 116,36.48404728,128.6566145
증산초등학교,초등학교,경상북도,김천시,증산면,유성리 276-7,35.90227047,128.035707
소답초등학교,초등학교,경상남도,창원시,의창구,소답동 144-1,35.26515855,128.6288762
한재초등학교,초등학교,전라남도,담양군,대전면,대치리 788,35.278512,126.8892583
유등초등학교,초등학교,전라북도,순창군,유등면,외이리 186,35.362109,127.1884292
압해동초등학교,초등학교,전라남도,신안군,압해읍,신장리 518-1,34.84124642,126.3549562
가거도초등학교,초등학교,전라남도,신안군,흑산면,가거도리 266,34.05255202,125.1302548
평은초등학교,초등학교,경상북도,영주시,평은면,평은리 1110-2,36.76201856,128.694552
옥천초등학교,초등학교,전라남도,해남군,옥천면,영춘리 573-1,34.56810446,126.6491129
동진초등학교,초등학교,경상남도,진주시,하대동,119-1,35.18779911,128.1245508
운수초등학교,초등학교,경상북도,고령군,운수면,봉평리 797-1,35.77036659,128.2911211
순창중앙초등학교,초등학교,전라북도,순창군,순창읍,남계리 268,35.37769818,127.1445028
웅남초등학교,초등학교,경상남도,창원시,성산구,상남동 44-3,35.21766862,128.6876607
고서초등학교,초등학교,전라남도,담양군,고서면,동운리 591-2,35.22463672,126.9736336
월등초등학교,초등학교,전라남도,순천시,월등면,대평리 458,35.09273259,127.3778723
봉황초등학교,초등학교,경상북도,경산시,진량읍,봉회리 81-14,35.88300255,128.823744
방산초등학교,초등학교,경상남도,고성군,거류면,용산리 195-158,34.97162391,128.3642421
중리초등학교,초등학교,경상남도,창원시,마산회원구,내서읍 호계리 305,35.25598878,128.520067
이리석암초등학교,초등학교,전라북도,익산시,석암동,215-1,35.93518731,127.0081764
오봉초등학교,초등학교,전라북도,군산시,회현면,월연리 491-7,35.88835686,126.7255771
목포서산초등학교,초등학교,전라남도,목포시,서산동,17,34.782073,126.374876
풍산초등학교,초등학교,경상북도,안동시,풍산읍,하리리 247,36.57674106,128.5738238
승주초등학교,초등학교,전라남도,순천시,승주읍,서평리 546-1,35.0172223,127.380161
대성초등학교,초등학교,경상남도,고성군,고성읍,성내리 2-9,34.97577363,128.3231605
고산초등학교,초등학교,전라북도,완주군,고산면,읍내리 132,35.97543375,127.2141308
합포초등학교,초등학교,경상남도,창원시,마산합포구,산호동 269-5,35.21233241,128.5841074
온천초등학교,초등학교,경상남도,창원시,의창구,북면 신촌리 612-2,35.34942032,128.6049255
흥무초등학교,초등학교,경상북도,경주시,성건동,486,35.84977628,129.2041594
용지초등학교,초등학교,경상남도,창원시,성산구,중앙동 22,35.22889716,128.6719623
신지동초등학교,초등학교,전라남도,완도군,신지면,신상리 211,34.32717979,126.8506172
삼계초등학교,초등학교,경상남도,김해시,삼계동,1424,35.267561,128.8638478
광도초등학교,초등학교,경상남도,통영시,광도면,노산리 355-1,34.90077642,128.4060355
이리부천초등학교,초등학교,전라북도,익산시,부송동,1070,35.95655039,126.985524
마암초등학교,초등학교,전라북도,임실군,운암면,마암리 700,35.60310732,127.1045917
위성초등학교,초등학교,경상남도,함양군,함양읍,교산리 201,35.52364424,127.7320407
성송초등학교,초등학교,전라북도,고창군,성송면,암치리 389-1,35.35625104,126.6435418
옴천초등학교,초등학교,전라남도,강진군,옴천면,개산리 245,34.74512481,126.7953564
성내초등학교,초등학교,전라북도,고창군,성내면,양계리 481,35.53805506,126.7447764
이서초등학교,초등학교,경상북도,청도군,이서면,학산리 170,35.66337201,128.6688865
상하초등학교,초등학교,전라북도,고창군,상하면,장산리 78,35.44443328,126.4880367
동면초등학교,초등학교,경상남도,양산시,동면,내송리 502-6,35.320545,129.0686632
웅양초등학교,초등학교,경상남도,거창군,웅양면,노현리 292,35.80323292,127.9153637
길안초등학교,초등학교,경상북도,안동시,길안면,천지리 554,36.45486558,128.8961109
창녕성산초등학교,초등학교,경상남도,창녕군,성산면,정녕리 28,35.62384866,128.4780781
번암초등학교동화분교장,초등학교,전라북도,장수군,번암면,동화리 754,35.56820249,127.5570913
고수초등학교,초등학교,전라북도,고창군,고수면,황산리 215,35.40447498,126.6859986
흥왕초등학교,초등학교,전라북도,익산시,용동면,흥왕리 221,36.10502448,126.9965489
남하초등학교,초등학교,경상남도,거창군,남하면,무릉리 1290,35.65906513,127.9466416
전주효림초등학교,초등학교,전라북도,전주시,완산구,효자동1가 659-2,35.80299582,127.1130419
진영대흥초등학교,초등학교,경상남도,김해시,진영읍,진영리 270,35.30400633,128.7253477
포두초등학교,초등학교,전라남도,고흥군,포두면,상대리 111,34.56941232,127.3407178
안천초등학교,초등학교,전라북도,진안군,안천면,백화리 875-1,35.90029728,127.5601694
돌산초등학교두라분교장,초등학교,전라남도,여수시,남면,두라리 172,34.568809,127.7348207
죽산초등학교,초등학교,전라북도,김제시,죽산면,죽산리 498-1,35.77239966,126.8176645
도동초등학교,초등학교,경상남도,진주시,하대동,343-3,35.19015527,128.1176781
오산초등학교,초등학교,전라남도,진도군,고군면,오산리 1048-3,34.491946,126.3417858
구미왕산초등학교,초등학교,경상북도,구미시,임은동,307,36.08612317,128.3654769
포항원동초등학교,초등학교,경상북도,포항시,남구,오천읍 원리 978,35.965425,129.401098
풍기북부초등학교,초등학교,경상북도,영주시,풍기읍,교촌리 104-1,36.87949336,128.5256436
노화북초등학교,초등학교,전라남도,완도군,노화읍,신양리 452-1,34.2162396,126.5776793
거제상동초등학교,초등학교,경상남도,거제시,상동동,54,34.86188618,128.6339045
예천초등학교,초등학교,경상북도,예천군,예천읍,서본리 49-6,36.65581127,128.4502002
화산초등학교,초등학교,경상북도,영천시,화산면,유성리 607-1,36.02021026,128.8545314
기북초등학교,초등학교,경상북도,포항시,북구,기북면 용기리 126-8,36.12939435,129.1676241
도원초등학교,초등학교,경상북도,성주군,선남면,소학리 587,35.89652807,128.3815617
증산초등학교,초등학교,경상남도,양산시,물금읍,범어리 2785-1,35.31607424,129.0074452
신전초등학교,초등학교,전라남도,강진군,신전면,용월리 1033-1,34.50002418,126.7096163
오룡초등학교,초등학교,전라남도,무안군,삼향읍,남악리 2534,34.807166,126.4747218
항구초등학교,초등학교,경상북도,포항시,북구,환호동 504,36.07101614,129.4007243
금장초등학교,초등학교,경상북도,경주시,현곡면,금장리 339,35.87373881,129.2052935
광양중동초등학교,초등학교,전라남도,광양시,중동,1685,34.93330608,127.6960212
순천왕조초등학교,초등학교,전라남도,순천시,조례동,1669,34.96068279,127.5138625
교방초등학교,초등학교,경상남도,창원시,마산합포구,교방동 376-8,35.21351763,128.5650545
낙동동부초등학교,초등학교,경상북도,상주시,낙동면,낙동리 278,36.36446607,128.300689
괴목초등학교,초등학교,전라북도,무주군,적상면,포내리 803,35.9466345,127.7160372
남양초등학교,초등학교,경상남도,사천시,죽림동,770-1,34.97750101,128.064704
영해초등학교,초등학교,경상북도,영덕군,영해면,성내리 391,36.53886544,129.411846
죽림초등학교,초등학교,경상남도,통영시,광도면,죽림리 1583-76,34.87681622,128.416828
구운초등학교,초등학교,경상북도,구미시,고아읍,괴평리 350,36.17098392,128.3689813
동명초등학교,초등학교,경상북도,칠곡군,동명면,금암리 302-4,35.98706031,128.5544814
왜관동부초등학교,초등학교,경상북도,칠곡군,왜관읍,왜관리 694,35.98566413,128.4080264
죽변초등학교,초등학교,경상북도,울진군,죽변면,죽변리 190,37.06368803,129.4220502
아포초등학교,초등학교,경상북도,김천시,아포읍,국사리 571,36.16018299,128.2457468
경운초등학교,초등학교,경상남도,김해시,내동,1098,35.23842172,128.8606855
전주조촌초등학교,초등학교,전라북도,전주시,덕진구,여의동 574-1,35.86952543,127.0758772
아화초등학교,초등학교,경상북도,경주시,서면,아화리 282,35.89297744,129.0529245
전주용소초등학교,초등학교,전라북도,전주시,덕진구,송천동1가 842,35.86268677,127.1174748
순천비봉초등학교,초등학교,전라남도,순천시,조례동,822,34.96653246,127.5187576
대교초등학교,초등학교,경상북도,칠곡군,석적읍,남율리 880,36.07549588,128.3983623
군외초등학교,초등학교,전라남도,완도군,군외면,신학리 666,34.37942593,126.6466228
금성초등학교,초등학교,전라남도,진도군,군내면,둔전리 356-2,34.53771713,126.2930439
영남초등학교,초등학교,경상북도,안동시,안기동,195-10,36.57345844,128.720866
이리동초등학교,초등학교,전라북도,익산시,영등동,155,35.95764207,126.9769617
분향초등학교,초등학교,전라남도,장성군,남면,분향리 1083-8,35.23915963,126.8020646
다시초등학교,초등학교,전라남도,나주시,다시면,월태리 521,35.01776043,126.6399994
장량초등학교,초등학교,경상북도,포항시,북구,장성동 441-1,36.07138899,129.380388
충무초등학교,초등학교,경상남도,통영시,정량동,232,34.84838052,128.4303429
북일초등학교,초등학교,전라남도,해남군,북일면,흥촌리 109,34.46739379,126.6767433
군산구암초등학교,초등학교,전라북도,군산시,경암동,636-51,35.9807728,126.7319763
약동초등학교,초등학교,경상북도,칠곡군,기산면,죽전리 269-1,35.984911,128.3814104
원촌초등학교,초등학교,전라남도,구례군,산동면,원촌리 214,35.3162475,127.4387736
영전초등학교,초등학교,경상남도,합천군,율곡면,영전리 446,35.57221291,128.2184728
흑산초등학교흑산동분교장,초등학교,전라남도,신안군,흑산면,수리 177,34.73144241,125.464731
봉래초등학교,초등학교,전라남도,고흥군,봉래면,신금리 682-1,34.46915806,127.4659162
월평초등학교,초등학교,전라남도,장성군,황룡면,월평리 61-2,35.2908465,126.775889
흑산초등학교홍도분교장,초등학교,전라남도,신안군,흑산면,홍도리 95-2,34.68544984,125.1923169
은하수초등학교,초등학교,경상남도,진주시,가좌동,1988,35.15111789,128.1109364
남강초등학교,초등학교,경상남도,진주시,상대동,645-9,35.18377511,128.1097162
인평초등학교,초등학교,경상남도,통영시,인평동,333-2,34.84242728,128.394788
물야초등학교,초등학교,경상북도,봉화군,물야면,오록리 545-3,36.97971505,128.7372147
도산초등학교,초등학교,경상남도,산청군,신안면,문대리 589-3,35.335413,127.9997368
암태초등학교,초등학교,전라남도,신안군,암태면,단고리 266,34.82929935,126.107636
현산초등학교현산남분교장,초등학교,전라남도,해남군,현산면,구산리 404-1,34.42855255,126.5851432
수북초등학교,초등학교,전라남도,담양군,수북면,수북리 161,35.301205,126.9301515
구미신평초등학교,초등학교,경상북도,구미시,신평동,172,36.12191861,128.3658616
천태초등학교,초등학교,전라남도,화순군,도암면,원천리 252,34.94593762,126.8927556
중동초등학교,초등학교,경상북도,상주시,중동면,오상리 959-13,36.42963056,128.2683195
상대초등학교,초등학교,경상북도,포항시,남구,대도동 175-1,36.02247775,129.3615845
이반성초등학교,초등학교,경상남도,진주시,이반성면,하곡리 977,35.17329962,128.3290479
자은초등학교,초등학교,전라남도,신안군,자은면,구영리 44,34.890712,126.0468935
길주초등학교,초등학교,경상북도,안동시,용상동,1527-4,36.55560202,128.7604284
용남초등학교,초등학교,경상남도,창원시,의창구,용호동 65,35.23586998,128.6798045
진도서초등학교,초등학교,전라남도,진도군,진도읍,수역리 817-1,34.49834553,126.2402369
이리삼성초등학교,초등학교,전라북도,익산시,임상동,242,35.98832641,126.9759497
상주남부초등학교,초등학교,경상북도,상주시,지천동,500-1,36.363491,128.1506701
신방초등학교,초등학교,경상남도,창원시,의창구,동읍 신방리 664,35.28735623,128.678365
감곡초등학교,초등학교,전라북도,정읍시,감곡면,방교리 513-1,35.71813902,126.9255381
산서초등학교,초등학교,전라북도,장수군,산서면,동화리 208,35.5878591,127.3952909
삼향북초등학교,초등학교,전라남도,무안군,삼향읍,지산리 792-2,34.87964244,126.419849
광양와우초등학교,초등학교,전라남도,광양시,마동,산25-1,34.94598125,127.712073
전주대성초등학교,초등학교,전라북도,전주시,완산구,대성동 252-3,35.79759727,127.1777868
청완초등학교,초등학교,전라북도,완주군,봉동읍,둔산리 864-14,35.96359933,127.120479
호계초등학교,초등학교,경상남도,창원시,마산회원구,내서읍 호계리 71-1,35.26562301,128.5228101
진정초등학교,초등학교,경상남도,하동군,금남면,진정리 555-1,34.98533696,127.8246193
장흥초등학교,초등학교,전라남도,장흥군,장흥읍,건산리 662,34.68371634,126.9073842
금일초등학교,초등학교,전라남도,완도군,금일읍,신구리 680,34.3554143,127.033303
관촌초등학교,초등학교,전라북도,임실군,관촌면,관촌리 502,35.676556,127.270434
일동초등학교,초등학교,경상남도,창원시,의창구,대산면 일동리 324,35.36860322,128.6872942
양포초등학교,초등학교,경상북도,구미시,옥계동,570,36.14481291,128.4158036
구산초등학교,초등학교,경상남도,창원시,마산합포구,구산면 수정리 594-1,35.120474,128.5791559
호계초등학교,초등학교,경상북도,문경시,호계면,막곡리 248,36.63476508,128.205357
송림초등학교,초등학교,경상북도,포항시,남구,송도동 471-1,36.03022626,129.3750548
산인초등학교,초등학교,경상남도,함안군,산인면,내인리 204,35.28979534,128.4333858
송호초등학교,초등학교,전라남도,해남군,송지면,송호리 900-2,34.316782,126.518588
순천북초등학교,초등학교,전라남도,순천시,매곡동,425-1,34.964524,127.4837202
옥룡북초등학교,초등학교,전라남도,광양시,옥룡면,죽천리 677,35.04164541,127.6164125
고전초등학교,초등학교,경상남도,하동군,고전면,범아리 318,35.02414876,127.8180526
부남초등학교,초등학교,경상북도,청송군,부남면,하속리 97,36.31369626,129.0973443
영운초등학교,초등학교,경상남도,김해시,삼방동,733,35.25449932,128.9072397
영주초등학교,초등학교,경상북도,영주시,영주동,26,36.82870337,128.6253863
군산서초등학교,초등학교,전라북도,군산시,금동,20-3,35.99063512,126.706522
구미사곡초등학교,초등학교,경상북도,구미시,사곡동,667,36.09990116,128.3605588
남정초등학교,초등학교,경상남도,창원시,성산구,가음동 11,35.21084962,128.6921158
노화초등학교,초등학교,전라남도,완도군,노화읍,도청리 324,34.1958644,126.5699869
구미봉곡초등학교,초등학교,경상북도,구미시,봉곡동,190,36.15338802,128.3038166
창남초등학교,초등학교,경상남도,거창군,거창읍,대평리 1234,35.68308147,127.9166304
각남초등학교,초등학교,경상북도,청도군,각남면,예리리 498,35.64280159,128.6571697
도촌초등학교,초등학교,경상북도,봉화군,봉화읍,적덕리 891-1,36.87944467,128.6862066
명호초등학교,초등학교,경상북도,봉화군,명호면,도천리 195-3,36.85644351,128.8990184
후포초등학교,초등학교,경상북도,울진군,후포면,삼율리 360,36.68067379,129.4415751
인평초등학교,초등학교,경상북도,칠곡군,북삼읍,인평리 656-1,36.07202562,128.3367896
월야초등학교,초등학교,전라남도,함평군,월야면,월야리 1240,35.17695236,126.632075
상영초등학교,초등학교,경상북도,상주시,남성동,188,36.40845531,128.1607154
지품초등학교,초등학교,경상북도,영덕군,지품면,신안리 102-3,36.45028925,129.2813712
개령초등학교,초등학교,경상북도,김천시,개령면,동부리 330,36.168037,128.187037
군산금광초등학교,초등학교,전라북도,군산시,금광동,산28-1,35.98219065,126.706237
장마초등학교,초등학교,경상남도,창녕군,장마면,강리 766-1,35.45984075,128.4765061
용성초등학교,초등학교,경상북도,경산시,용성면,당리리 161,35.79327235,128.8746678
여수종고초등학교,초등학교,전라남도,여수시,공화동,9,34.7498493,127.7436519
도리원초등학교,초등학교,경상북도,의성군,봉양면,화전리 143,36.30040379,128.578571
서라벌초등학교,초등학교,경상북도,경주시,천군동,582,35.83088915,129.279393
포항초등학교,초등학교,경상북도,포항시,북구,덕수동 905-3,36.04266575,129.3639959
포항양덕초등학교,초등학교,경상북도,포항시,북구,양덕동 1851,36.07987036,129.403223
오태초등학교,초등학교,경상북도,구미시,오태동,743-1,36.07019424,128.3494353
낙서초등학교,초등학교,경상북도,상주시,내서면,낙서리 20-25,36.40719611,128.0206482
두호남부초등학교,초등학교,경상북도,포항시,북구,두호동 919-9,36.06169902,129.3739623
덕촌초등학교,초등학교,경상북도,구미시,옥성면,덕촌리 449,36.26323373,128.2545434
문충초등학교,초등학교,경상북도,포항시,남구,오천읍 문충리 149-4,35.930577,129.3982632
벌교중앙초등학교,초등학교,전라남도,보성군,벌교읍,장좌리 712,34.83769051,127.3423221
광양마동초등학교,초등학교,전라남도,광양시,마동,1028,34.95549419,127.6891258
부안초등학교,초등학교,전라북도,고창군,부안면,오산리 202-2,35.51185576,126.663217
염산초등학교낙월분교장,초등학교,전라남도,영광군,낙월면,상낙월리 산361,35.21430119,126.3435424
계산초등학교,초등학교,전라남도,강진군,군동면,호계리 709-1,34.645733,126.7859217
옥전초등학교,초등학교,경상북도,의성군,옥산면,정자리 97,36.394015,128.806148
구천초등학교,초등학교,전라북도,무주군,설천면,삼공리 314,35.909237,127.7771967
용황초등학교,초등학교,경상북도,경주시,황성동,325-1,35.86460155,129.2207906
노안초등학교,초등학교,전라남도,나주시,노안면,용산리 255,35.08058678,126.7183105
진평초등학교,초등학교,경상북도,구미시,진평동,1057,36.09135257,128.4274392
봉산초등학교,초등학교,경상남도,합천군,봉산면,김봉리 348-1,35.62592889,128.0402402
함열초등학교,초등학교,전라북도,익산시,함열읍,와리 220-11,36.07786198,126.966003
임자초등학교,초등학교,전라남도,신안군,임자면,대기리 348,35.09025534,126.1016533
영주남부초등학교,초등학교,경상북도,영주시,휴천동,642-180,36.807801,128.6176686
대동초등학교,초등학교,경상북도,성주군,용암면,기산리 229,35.85825821,128.3579618
원남초등학교,초등학교,경상북도,구미시,남통동,21,36.12921007,128.3211902
고달초등학교,초등학교,전라남도,곡성군,고달면,목동리 730,35.29669226,127.3420813
개령서부초등학교,초등학교,경상북도,김천시,개령면,신룡리 626,36.15735643,128.1523267
외남초등학교,초등학교,경상북도,상주시,외남면,흔평리 580,36.36460418,128.1000806
녹동초등학교소록도분교장,초등학교,전라남도,고흥군,도양읍,소록리 20,34.51639284,127.1318765
무을초등학교,초등학교,경상북도,구미시,무을면,송삼리 748-1,36.26353895,128.1970182
진전초등학교,초등학교,경상남도,창원시,마산합포구,진전면 곡안리 77-1,35.11022237,128.4150907
송라초등학교,초등학교,경상북도,포항시,북구,송라면 광천리 189-5,36.22890963,129.355751
월항초등학교지방분교장,초등학교,경상북도,성주군,월항면,지방리 536,35.987012,128.2890308
화동초등학교,초등학교,경상북도,상주시,화동면,이소리 490,36.39271618,127.9512487
여수한려초등학교,초등학교,전라남도,여수시,문수동,149,34.75609365,127.703696
동향초등학교,초등학교,전라북도,진안군,동향면,대량리 629,35.83944175,127.5656987
계림초등학교,초등학교,경상북도,경주시,북부동,9,35.84927108,129.212355
백룡초등학교,초등학교,전라북도,부안군,백산면,용계리 74-2,35.71883494,126.8100597
안강제일초등학교,초등학교,경상북도,경주시,안강읍,양월리 1146-4,35.99441293,129.2210344
진도초등학교,초등학교,전라남도,진도군,진도읍,성내리 54,34.48662154,126.2651196
상모초등학교,초등학교,경상북도,구미시,상모동,41,36.09079516,128.3563833
김천초등학교,초등학교,경상북도,김천시,남산동,3-12,36.11816095,128.120613
안의초등학교,초등학교,경상남도,함양군,안의면,당본리 203,35.62904243,127.8088912
용면초등학교,초등학교,전라남도,담양군,용면,추성리 404,35.36351272,126.9900463
군산미성초등학교,초등학교,전라북도,군산시,산북동,3623-2,35.957922,126.674316
화양초등학교,초등학교,경상남도,창원시,의창구,동읍 화양리 988-1,35.30562566,128.652001
임호초등학교,초등학교,경상남도,김해시,외동,1260-2,35.23377808,128.8695253
해남서초등학교,초등학교,전라남도,해남군,해남읍,성내리 44-2,34.5723139,126.5970282
목포용해초등학교,초등학교,전라남도,목포시,용해동,974,34.81858406,126.3969949
대창초등학교,초등학교,경상북도,영천시,대창면,조곡리 261,35.86963698,128.9058147
가평초등학교,초등학교,전라북도,고창군,신림면,가평리 639,35.47791066,126.738514
망성초등학교,초등학교,전라북도,익산시,망성면,장선리 136-1,36.12069957,127.0286424
용호초등학교,초등학교,경상남도,창원시,의창구,용호동 68-1,35.233708,128.6756646
초전초등학교,초등학교,경상북도,성주군,초전면,대장리 590,35.976246,128.2631599
마리초등학교,초등학교,경상남도,거창군,마리면,말흘리 274,35.70257339,127.8535868
신진초등학교,초등학교,경상남도,진주시,평거동,748-4,35.17486075,128.0664729
칠곡초등학교,초등학교,경상남도,의령군,칠곡면,외조리 85-2,35.34116838,128.195675
월포초등학교,초등학교,경상남도,창원시,마산합포구,대내동 1-29,35.18301572,128.5574966
도초초등학교,초등학교,전라남도,신안군,도초면,수항리 620,34.69022871,125.9626266
풍기초등학교,초등학교,경상북도,영주시,풍기읍,성내리 22-1,36.87137728,128.5252186
문덕초등학교,초등학교,전라남도,보성군,문덕면,봉정리 276,34.919736,127.1753535
전주송북초등학교,초등학교,전라북도,전주시,덕진구,송천동1가 107-1,35.86337797,127.1243496
성수초등학교,초등학교,전라북도,임실군,성수면,양지리 675,35.629724,127.3303375
도화초등학교,초등학교,전라남도,고흥군,도화면,당오리 518,34.51119136,127.3184628
모화초등학교,초등학교,경상북도,경주시,외동읍,모화리 237-4,35.67737588,129.3331768
지도초등학교,초등학교,전라남도,신안군,지도읍,읍내리 93-1,35.0637421,126.2071855
청덕초등학교,초등학교,경상남도,합천군,청덕면,두곡리 428,35.55697375,128.3153144
은풍초등학교,초등학교,경상북도,예천군,은풍면,우곡리 214,36.748144,128.4423732
간문초등학교,초등학교,전라남도,구례군,간전면,간문리 220-1,35.17740528,127.5421012
안정초등학교,초등학교,경상북도,영주시,안정면,신전리 111-1,36.84491626,128.5549628
구미초등학교,초등학교,경상북도,구미시,원평동,210-5,36.13017165,128.333859
순천성남초등학교,초등학교,전라남도,순천시,남정동,525,34.94242419,127.4896402
봉현초등학교,초등학교,경상북도,영주시,봉현면,대촌리 170,36.8475943,128.5258092
계곡초등학교,초등학교,전라남도,해남군,계곡면,성진리 231-1,34.64623575,126.6574783
마산초등학교용전분교장,초등학교,전라남도,해남군,마산면,용전리 496-1,34.59630735,126.5452399
함평초등학교,초등학교,전라남도,함평군,함평읍,내교리 272,35.06217336,126.5121135
의성남부초등학교,초등학교,경상북도,의성군,의성읍,도동리 670,36.34314897,128.7023528
감천초등학교,초등학교,경상북도,김천시,감천면,도평리 514,36.06541918,128.1263812
홍농초등학교,초등학교,전라남도,영광군,홍농읍,상하리 222,35.39936444,126.4478897
안민초등학교,초등학교,경상남도,창원시,성산구,안민동 190,35.18783651,128.6878086
화순만연초등학교,초등학교,전라남도,화순군,화순읍,일심리 862,35.061328,126.9949405
운주초등학교,초등학교,전라북도,완주군,운주면,장선리 507-2,36.09215567,127.2779171
쌍백초등학교,초등학교,경상남도,합천군,쌍백면,평구리 531-3,35.44015213,128.1470455
화랑초등학교,초등학교,경상북도,경주시,구황동,862,35.84213524,129.2299971
유곡초등학교,초등학교,경상남도,의령군,유곡면,칠곡리 330,35.43339261,128.313406
박곡초등학교,초등학교,경상북도,고령군,성산면,박곡리 550,35.763473,128.3786105
진원초등학교,초등학교,전라남도,장성군,진원면,산정리 94,35.26278212,126.8218822
용방초등학교,초등학교,전라남도,구례군,용방면,용정리 199-2,35.25072657,127.4331235
마산신월초등학교,초등학교,경상남도,창원시,마산합포구,월영동 709-2,35.17099201,128.5565457
울진초등학교,초등학교,경상북도,울진군,울진읍,읍내리 479,36.99559263,129.4005924
평해초등학교,초등학교,경상북도,울진군,평해읍,평해리 803,36.723354,129.4390461
석포초등학교,초등학교,경상북도,봉화군,석포면,석포리 376-8,37.04634526,129.0639033
재산초등학교,초등학교,경상북도,봉화군,재산면,현동리 735,36.8171639,128.9630644
광양제철초등학교,초등학교,전라남도,광양시,금호동,681,34.94597436,127.7297225
삼정자초등학교,초등학교,경상남도,창원시,성산구,성주동 103,35.2009006,128.7090978
돌산초등학교,초등학교,전라남도,여수시,돌산읍,군내리 193,34.61744899,127.7287764
문평초등학교,초등학교,전라남도,나주시,문평면,동원리 719,35.05875584,126.6033097
이리북일초등학교,초등학교,전라북도,익산시,신동,764-1,35.96278758,126.9592211
양남초등학교,초등학교,경상북도,경주시,양남면,하서리 566,35.67543863,129.4606116
청산초등학교,초등학교,전라남도,완도군,청산면,도청리 988,34.1829054,126.8599052
어란진초등학교,초등학교,전라남도,해남군,송지면,어란리 1507,34.35150476,126.477243
풍호초등학교,초등학교,경상남도,창원시,진해구,풍호동 83-107,35.13943503,128.710545
강진중앙초등학교,초등학교,전라남도,강진군,강진읍,평동리 215-1,34.63710067,126.7668408
죽천초등학교,초등학교,경상북도,포항시,북구,흥해읍 우목리 20,36.09827248,129.4279056
가북초등학교,초등학교,경상남도,거창군,가북면,우혜리 1891-3,35.76329407,127.9926636
해남동초등학교,초등학교,전라남도,해남군,해남읍,해리 321,34.57008093,126.6048828
반송초등학교,초등학교,경상남도,창원시,성산구,반림동 7,35.23736464,128.6697187
봉성초등학교,초등학교,경상북도,봉화군,봉성면,봉성리 526-1,36.88557445,128.814878
용흥초등학교,초등학교,경상북도,포항시,북구,용흥동 532-1,36.03913743,129.3488775
이리팔봉초등학교,초등학교,전라북도,익산시,팔봉동,403-1,35.96759569,127.0130223
용주초등학교,초등학교,경상남도,합천군,용주면,용지리 274,35.53943302,128.1146428
나주중앙초등학교,초등학교,전라남도,나주시,성북동,13,35.03907903,126.7187473
마산초등학교,초등학교,전라남도,해남군,마산면,화내리 671-1,34.61914159,126.572978
대강초등학교,초등학교,전라북도,남원시,대강면,사석리 732-4,35.34630332,127.229151
평천초등학교,초등학교,경상북도,영천시,임고면,평천리 719-3,36.04375596,128.9861551
익산한벌초등학교,초등학교,전라북도,익산시,부송동,1204,35.95887949,126.9945279
원량초등학교,초등학교,경상남도,통영시,욕지면,동항리 833-1,34.63547636,128.2618999
왕곡초등학교,초등학교,전라남도,나주시,왕곡면,월천리 206,34.96366649,126.654988
포항제철지곡초등학교,초등학교,경상북도,포항시,남구,지곡동 644-1,36.02930831,129.320147
모동초등학교,초등학교,경상북도,상주시,모동면,금천리 6,36.31772679,127.9589805
대이초등학교,초등학교,경상북도,포항시,남구,대잠동 1,36.02239263,129.3456479
월산초등학교,초등학교,전라남도,담양군,월산면,화방리 629-1,35.34069502,126.9505438
초계초등학교덕곡분교장,초등학교,경상남도,합천군,덕곡면,장리 761,35.62942312,128.321049
현경초등학교,초등학교,전라남도,무안군,현경면,외반리 192-3,35.01985617,126.4144185
삼근초등학교옥방분교장,초등학교,경상북도,울진군,금강송면,광회리 169-1,36.92423254,129.1380645
형곡초등학교,초등학교,경상북도,구미시,형곡동,170,36.10975713,128.338673
김천서부초등학교,초등학교,경상북도,김천시,부곡동,8,36.12287432,128.1071018
단촌초등학교,초등학교,경상북도,의성군,단촌면,세촌리 875-1,36.425567,128.6711122
청계남초등학교,초등학교,전라남도,무안군,청계면,청계리 70-3,34.88436229,126.4372978
조도초등학교,초등학교,전라남도,진도군,조도면,창유리 458,34.29582028,126.0492423
마량초등학교,초등학교,전라남도,강진군,마량면,마량리 1028-3,34.45626853,126.8113934
조성초등학교,초등학교,전라남도,보성군,조성면,조성리 683-1,34.81022654,127.2486624
대가초등학교,초등학교,경상북도,성주군,대가면,옥련리 533,35.90893665,128.222282
내남초등학교,초등학교,경상북도,경주시,내남면,부지리 431-1,35.764822,129.1960584
백원초등학교,초등학교,경상북도,상주시,외서면,관동리 147,36.48016569,128.172163
대잠초등학교,초등학교,경상북도,포항시,북구,죽도동 652-1,36.01905728,129.3544093
금성초등학교,초등학교,경상북도,의성군,금성면,대리리 175-1,36.26310773,128.6797522
화목초등학교,초등학교,경상북도,청송군,현서면,구산리 83-1,36.27569536,128.8949717
운남초등학교,초등학교,전라남도,무안군,운남면,연리 391-1,34.95953938,126.338273
월포초등학교,초등학교,경상북도,포항시,북구,청하면 월포리 649-17,36.20319678,129.3674938
소양초등학교,초등학교,전라북도,완주군,소양면,황운리 636-2,35.85688149,127.2342029
도덕초등학교,초등학교,전라남도,고흥군,도덕면,도덕리 799,34.5672727,127.1740985
용산초등학교,초등학교,경상남도,김해시,상동면,여차리 133,35.35431136,128.9030234
유치초등학교,초등학교,전라남도,장흥군,유치면,조양리 695,34.80273525,126.8355483
청풍초등학교,초등학교,전라남도,화순군,청풍면,차리 270,34.87555762,126.970196
시종초등학교,초등학교,전라남도,영암군,시종면,내동리 10-2,34.86770683,126.6074631
남성현초등학교,초등학교,경상북도,청도군,화양읍,삼신리 257,35.69645119,128.7163815
가은초등학교희양분교장,초등학교,경상북도,문경시,가은읍,상괴리 450,36.67076205,128.0116526
율어초등학교,초등학교,전라남도,보성군,율어면,문양리 274,34.8724607,127.1857594
개진초등학교,초등학교,경상북도,고령군,개진면,오사리 42,35.71676088,128.3697462
산양초등학교곤리분교장,초등학교,경상남도,통영시,산양읍,곤리리 261,34.78305115,128.3675567
무녀도초등학교,초등학교,전라북도,군산시,옥도면,무녀도리 223-1,35.80466804,126.4237472
안계초등학교,초등학교,경상북도,의성군,안계면,토매리 110-15,36.38160912,128.4451834
달전초등학교,초등학교,경상북도,포항시,북구,흥해읍 이인리 286,36.063496,129.3346893
합성초등학교,초등학교,경상남도,창원시,마산회원구,합성동 76-5,35.24278276,128.5819015
안동영호초등학교,초등학교,경상북도,안동시,옥동,923-1,36.56044654,128.6917948
효자초등학교,초등학교,경상북도,포항시,남구,효자동 595-11,36.00614007,129.3371372
칠보초등학교,초등학교,전라북도,정읍시,칠보면,무성리 25-1,35.60649429,126.9899785
장성초등학교,초등학교,경상북도,포항시,북구,장성동 1344,36.06988537,129.3718877
한천초등학교,초등학교,전라남도,화순군,한천면,한계리 183,34.97962383,127.0039893
나주초등학교,초등학교,전라남도,나주시,남외동,128,35.0277614,126.7189162
당포초등학교,초등학교,경상북도,문경시,문경읍,당포리 652,36.752432,128.1525805
유강초등학교,초등학교,경상북도,포항시,남구,연일읍 유강리 582,36.00402752,129.314389
부용초등학교,초등학교,전라북도,김제시,백구면,월봉리 57-2,35.87623076,126.951677
황산초등학교,초등학교,전라남도,해남군,황산면,남리리 31-8,34.5759939,126.4285291
김천다수초등학교,초등학교,경상북도,김천시,다수동,132-2,36.12630771,128.0761682
청통초등학교,초등학교,경상북도,영천시,청통면,신학리 569,35.99525397,128.8236067
예천남부초등학교,초등학교,경상북도,예천군,예천읍,남본리 13,36.65045199,128.4625867
용흥초등학교,초등학교,경상북도,문경시,문경읍,갈평리 564-1,36.7876337,128.1587901
목포하당초등학교,초등학교,전라남도,목포시,상동,820,34.80668423,126.419142
창녕초등학교,초등학교,경상남도,창녕군,창녕읍,말흘리 210,35.5368491,128.502002
사창초등학교,초등학교,전라남도,장성군,삼계면,사창리 270,35.2603955,126.6667564
송정초등학교,초등학교,경상북도,구미시,송정동,485,36.114006,128.3479355
직지초등학교,초등학교,경상북도,김천시,대항면,향천리 589-1,36.12308553,128.0218428
죽장초등학교상옥분교장,초등학교,경상북도,포항시,북구,죽장면 상옥리 748-1,36.24665359,129.2138948
용궁초등학교,초등학교,경상북도,예천군,용궁면,읍부리 213-3,36.60922341,128.276983
현산초등학교,초등학교,전라남도,해남군,현산면,일평리 876-2,34.45943692,126.5535613
옥성초등학교,초등학교,경상북도,구미시,옥성면,주아리 209,36.29683396,128.276015
수륜초등학교,초등학교,경상북도,성주군,수륜면,신파리 41,35.83407566,128.1918436
천생초등학교,초등학교,경상북도,구미시,구평동,431-2,36.0940518,128.4381111
나원초등학교,초등학교,경상북도,경주시,현곡면,금장리 394,35.87020443,129.2032784
공산초등학교,초등학교,전라남도,나주시,공산면,금곡리 780,34.9415827,126.6135064
포항대흥초등학교,초등학교,경상북도,포항시,북구,용흥동 418-8,36.04619379,129.3517682
낙안초등학교,초등학교,전라남도,순천시,낙안면,성북리 312,34.90922425,127.3428744
삼근초등학교,초등학교,경상북도,울진군,금강송면,삼근리 403,36.93557512,129.2461092
법전중앙초등학교,초등학교,경상북도,봉화군,법전면,법전리 39-3,36.91466157,128.8776519
여수남초등학교,초등학교,전라남도,여수시,국동,513,34.73149324,127.7208239
남양초등학교,초등학교,전라남도,고흥군,남양면,대곡리 520,34.72892065,127.3546307
이리동북초등학교,초등학교,전라북도,익산시,영등동,260-5,35.94912628,126.969024
김해합성초등학교,초등학교,경상남도,김해시,서상동,172,35.23732635,128.880242
계남초등학교,초등학교,전라북도,장수군,계남면,화음리 971,35.70217071,127.577846
청웅초등학교,초등학교,전라북도,임실군,청웅면,구고리 111,35.57142583,127.2049038
지산초등학교,초등학교,경상북도,구미시,지산동,177-1,36.14045065,128.3445445
약수초등학교,초등학교,전라남도,장성군,북하면,약수리 406,35.408265,126.8814243
다도초등학교,초등학교,전라남도,나주시,다도면,궁원리 316,34.95792185,126.8265124
유목초등학교,초등학교,경상남도,창원시,성산구,반지동 34,35.24478384,128.6637449
강구초등학교,초등학교,경상북도,영덕군,강구면,오포리 605,36.35744045,129.3781617
영강초등학교,초등학교,전라남도,나주시,삼영동,96,35.00697423,126.712567
야은초등학교,초등학교,경상북도,구미시,도량동,산50-11,36.14861927,128.3214988
상리초등학교,초등학교,경상남도,고성군,상리면,척번정리 390,34.99955433,128.1857997
도곡중앙초등학교,초등학교,전라남도,화순군,도곡면,월곡리 493,34.987702,126.9106761
광양중마초등학교,초등학교,전라남도,광양시,중동,1511,34.94744474,127.6859808
영주중앙초등학교,초등학교,경상북도,영주시,하망동,316-18,36.82637344,128.6260532
별량초등학교,초등학교,전라남도,순천시,별량면,봉림리 158-1,34.87574964,127.4521136
적성초등학교,초등학교,전라북도,순창군,적성면,고원리 616,35.39793881,127.2095532
광양중진초등학교,초등학교,전라남도,광양시,중동,1671,34.93270942,127.692793
곡강초등학교,초등학교,경상북도,포항시,북구,흥해읍 용천리 1203,36.13070709,129.348711
유영초등학교,초등학교,경상남도,통영시,북신동,106-2,34.85139673,128.4262242
장기초등학교모포분교장,초등학교,경상북도,포항시,남구,장기면 모포리 95,35.93461289,129.5234324
학산초등학교,초등학교,전라남도,영암군,학산면,금계리 471-1,34.72055944,126.5967904
용원초등학교,초등학교,경상남도,창원시,진해구,용원동 1251,35.09744075,128.8182286
청천초등학교,초등학교,전라남도,구례군,마산면,마산리 498-3,35.22136646,127.4875833
동양초등학교,초등학교,경상북도,봉화군,봉성면,동양리 459-3,36.9133089,128.7914403
장천초등학교,초등학교,전라남도,영암군,서호면,장천리 573,34.75603152,126.5830263
담양남초등학교,초등학교,전라남도,담양군,담양읍,지침리 92,35.31815859,126.9865635
옥산초등학교,초등학교,전라북도,군산시,옥산면,옥산리 6,35.94073243,126.7494349
창동초등학교,초등학교,경상남도,거창군,거창읍,대동리 100-2,35.68987659,127.922233
예당초등학교,초등학교,전라남도,보성군,득량면,예당리 369,34.77949041,127.1955484
지보초등학교,초등학교,경상북도,예천군,지보면,소화리 520-2,36.54769325,128.3885904
정수초등학교,초등학교,경상북도,구미시,상모동,114-5,36.09074836,128.3515292
덕과초등학교,초등학교,전라북도,남원시,덕과면,고정리 505-2,35.51421746,127.3537633
안평초등학교신평분교장,초등학교,경상북도,의성군,신평면,교안리 270,36.47387598,128.5047199
신라초등학교,초등학교,경상북도,경주시,사정동,446-1,35.83486428,129.2043684
초계초등학교,초등학교,경상남도,합천군,초계면,초계리 87-2,35.55980242,128.263608
대진초등학교,초등학교,경상남도,김해시,진례면,담안리 926-2,35.25777272,128.764028
북면초등학교,초등학교,경상남도,창원시,의창구,북면 감계리 231-2,35.30529194,128.600062
불국사초등학교,초등학교,경상북도,경주시,구정동,392-2,35.77810292,129.3012807
연일형산초등학교,초등학교,경상북도,포항시,남구,연일읍 생지리 333-6,35.99856175,129.341746
구평남부초등학교,초등학교,경상북도,구미시,구평동,474-1,36.09097726,128.4368463
북평초등학교,초등학교,전라남도,해남군,북평면,남창리 142,34.40811581,126.6312207
전주평화초등학교,초등학교,전라북도,전주시,완산구,평화동1가 389-2,35.799459,127.1394668
도개초등학교,초등학교,경상북도,구미시,도개면,궁기리 746-1,36.30015527,128.3322189
청산초등학교모도분교장,초등학교,전라남도,완도군,청산면,모도리 1209,34.20093409,126.753847
죽장초등학교,초등학교,경상북도,포항시,북구,죽장면 입암리 730-1,36.159867,129.0914071
군산수송초등학교,초등학교,전라북도,군산시,수송동,396-9,35.97281679,126.7164444
영주서부초등학교,초등학교,경상북도,영주시,가흥동,507-6,36.8320289,128.6122128
청도중앙초등학교,초등학교,경상북도,청도군,청도읍,원정리 530,35.64730845,128.7520707
상주동부초등학교,초등학교,경상북도,상주시,헌신동,301,36.41774729,128.2080396
포항송도초등학교,초등학교,경상북도,포항시,남구,송도동 산24-38,36.03313356,129.3804407
군동초등학교,초등학교,전라남도,강진군,군동면,라천리 134-5,34.64801104,126.8164006
산이서초등학교,초등학교,전라남도,해남군,산이면,상공리 231-4,34.67684527,126.410834
넙도초등학교서리분교장,초등학교,전라남도,완도군,노화읍,방서리 421-7,34.184828,126.4838272
진안중앙초등학교,초등학교,전라북도,진안군,진안읍,군상리 222,35.79574813,127.4361866
군산진포초등학교,초등학교,전라북도,군산시,나운동,1522,35.96584164,126.7050252
서창초등학교,초등학교,전라남도,영암군,삼호읍,서창리 475,34.72846588,126.5322936
오천초등학교,초등학교,전라북도,진안군,진안읍,죽산리 4,35.77627462,127.4928703
넙도초등학교,초등학교,전라남도,완도군,노화읍,내리 488-1,34.18846082,126.5042111
기계초등학교,초등학교,경상북도,포항시,북구,기계면 현내리 955-1,36.07222872,129.2035689
봉황초등학교,초등학교,전라남도,나주시,봉황면,죽석리 771,34.95765349,126.7881463
태인초등학교,초등학교,전라남도,광양시,태인동,1437,34.94596703,127.743948
흥해초등학교,초등학교,경상북도,포항시,북구,흥해읍 약성리 100,36.11466179,129.3465007
낙성초등학교,초등학교,전라남도,보성군,벌교읍,낙성리 42-1,34.87688396,127.3137967
양학초등학교,초등학교,경상북도,포항시,북구,학잠동 191,36.03231332,129.3439800307
비금초등학교,초등학교,전라남도,신안군,비금면,신원리 93,34.76104317,125.921163
포항항도초등학교,초등학교,경상북도,포항시,북구,학산동 174-1,36.05231017,129.3690341
중모초등학교,초등학교,경상북도,상주시,모동면,신천리 131,36.30116134,127.9594056
양포초등학교,초등학교,경상북도,포항시,남구,장기면 양포리 487-18,35.87573109,129.513157
고금초등학교,초등학교,전라남도,완도군,고금면,덕암리 644,34.39613046,126.800049
간중초등학교,초등학교,전라북도,완주군,용진읍,간중리 616-1,35.89126699,127.1817903
묵계초등학교청암분교장,초등학교,경상남도,하동군,청암면,평촌리 590-2,35.15860775,127.797808
삼례중앙초등학교,초등학교,전라북도,완주군,삼례읍,삼례리 205,35.919522,127.0815038
관산초등학교,초등학교,전라남도,장흥군,관산읍,옥당리 405,34.56155862,126.9393805
화순초등학교이서분교장,초등학교,전라남도,화순군,이서면,영평리 282-1,35.11710815,127.0435206
손불초등학교,초등학교,전라남도,함평군,손불면,대전리 273,35.14572447,126.4338246
동천초등학교,초등학교,경상북도,경주시,동천동,586-10,35.84838019,129.2270343
신기초등학교,초등학교,경상남도,양산시,신기동,511-1,35.352084,129.0404978
구미오산초등학교,초등학교,경상북도,구미시,오태동,618-1,36.0720382,128.3530127
산호초등학교,초등학교,경상남도,창원시,마산합포구,산호동 53-1,35.21972208,128.579595
해제초등학교,초등학교,전라남도,무안군,해제면,양매리 870-1,35.11476343,126.2962896
포항해맞이초등학교,초등학교,경상북도,포항시,북구,환호동 442-2,36.071159,129.3911055
광의초등학교,초등학교,전라남도,구례군,용방면,신지리 585,35.25937074,127.4457859
적량초등학교,초등학교,경상남도,하동군,적량면,관리 136-2,35.08576662,127.773542
옥과초등학교,초등학교,전라남도,곡성군,옥과면,무창리 972,35.27757742,127.1435075
아천초등학교능치분교장,초등학교,경상북도,김천시,어모면,능치리 132-1,36.23218714,128.0650793
대운초등학교,초등학교,경상남도,양산시,삼호동,886-2,35.40803857,129.173641
김천중앙초등학교,초등학교,경상북도,김천시,남산동,52,36.1205445,128.1175874
창평초등학교,초등학교,전라남도,담양군,창평면,창평리 39-1,35.24075371,127.0187413
원호초등학교,초등학교,경상북도,구미시,고아읍,원호리 452,36.154487,128.3318944
동해초등학교,초등학교,경상북도,포항시,남구,동해면 도구리 670,35.987924,129.4410742
갈육초등학교,초등학교,경상남도,하동군,금성면,갈사리 376-2,34.94873489,127.7844995
화원초등학교,초등학교,전라남도,해남군,화원면,청용리 235-1,34.673106,126.3333999
금성초등학교,초등학교,전라남도,담양군,금성면,석현리 124,35.34476228,127.0247891
쌍책초등학교,초등학교,경상남도,합천군,쌍책면,성산리 639-1,35.57468324,128.2835882
전주중앙초등학교,초등학교,전라북도,전주시,완산구,풍남동3가 67-3,35.815047,127.1513507
부석초등학교,초등학교,경상북도,영주시,부석면,소천리 365,36.98104929,128.6553061
건천초등학교,초등학교,경상북도,경주시,건천읍,건천리 229,35.85054046,129.1037329
고성초등학교,초등학교,전라남도,진도군,고군면,고성리 64-1,34.49894633,126.3219546
순천조례초등학교,초등학교,전라남도,순천시,조례동,487-2,34.95606289,127.522479
문수초등학교,초등학교,경상북도,영주시,문수면,적동리 350-1,36.77437224,128.6337769
학림초등학교,초등학교,경상북도,칠곡군,가산면,학하리 753,36.104959,128.4908599
화북초등학교,초등학교,경상북도,상주시,화북면,장암리 110-1,36.5676314,127.9107595
손불서초등학교,초등학교,전라남도,함평군,손불면,월천리 1025-2,35.15634224,126.4067729
명덕초등학교,초등학교,전라남도,장흥군,회진면,대리 626,34.479117,126.9665976
다인초등학교,초등학교,경상북도,의성군,다인면,서릉리 144-1,36.449399,128.3580928
감천초등학교,초등학교,경상북도,예천군,감천면,포리 380,36.7226563,128.5263537
축산항초등학교,초등학교,경상북도,영덕군,축산면,축산리 187,36.50982647,129.4423101
용남초등학교,초등학교,경상남도,통영시,용남면,동달리 767,34.8703482,128.4432272
옥산초등학교,초등학교,경상북도,상주시,공성면,평천리 1014,36.287813,128.0970012
청리초등학교,초등학교,경상북도,상주시,청리면,청하리 729,36.33349003,128.130475
낙동초등학교,초등학교,경상북도,상주시,낙동면,내곡리 63,36.37644343,128.2478899674
화순오성초등학교,초등학교,전라남도,화순군,화순읍,벽라리 229,35.05203541,126.9648686
압해서초등학교,초등학교,전라남도,신안군,압해읍,대천리 659-1,34.86299359,126.2738479
점촌초등학교,초등학교,경상북도,문경시,모전동,7,36.59193812,128.1949700279
전주중인초등학교,초등학교,전라북도,전주시,완산구,중인동 585-1,35.77133085,127.0979383
거여초등학교,초등학교,경상북도,영천시,금호읍,관정리 449-1,35.93171765,128.9099101
독천초등학교,초등학교,전라남도,영암군,학산면,독천리 85,34.7283174,126.5644577
신명초등학교,초등학교,경상남도,양산시,평산동,570-49,35.388323,129.1426331
수동초등학교,초등학교,경상남도,함양군,수동면,화산리 1097,35.52327173,127.7909028
구봉초등학교,초등학교,경상남도,김해시,구산동,199,35.24083851,128.8737724
진례초등학교,초등학교,경상남도,김해시,진례면,초전리 530-2,35.24774012,128.756134
삼방초등학교,초등학교,경상남도,김해시,삼방동,675,35.24892927,128.9077058
가조초등학교,초등학교,경상남도,거창군,가조면,마상리 336-4,35.71149883,128.013644
상일초등학교,초등학교,경상남도,창원시,마산회원구,내서읍 중리 1053,35.24457516,128.506952
입암초등학교,초등학교,경상북도,영양군,입암면,신구리 272,36.59971644,129.087369
고암초등학교,초등학교,경상남도,창녕군,고암면,중대리 284,35.57763144,128.5114792
상사초등학교,초등학교,전라남도,순천시,상사면,응령리 287,34.94378905,127.4453763
김천부곡초등학교,초등학교,경상북도,김천시,부곡동,1512,36.12486641,128.0950564
신지초등학교,초등학교,전라남도,완도군,신지면,대곡리 850,34.33793185,126.8297638
문산초등학교,초등학교,경상남도,진주시,문산읍,소문리 225,35.1706124,128.1626334
청하초등학교,초등학교,경상북도,포항시,북구,청하면 덕성리 327,36.19870883,129.3377771
유천초등학교,초등학교,경상북도,예천군,유천면,가리 746,36.63691112,128.3785308
금당초등학교,초등학교,전라남도,완도군,금당면,육산리 260,34.44104293,127.0612613
진해중앙초등학교,초등학교,경상남도,창원시,진해구,태백동 5,35.15542082,128.6754726
배영초등학교,초등학교,경상남도,진주시,신안동,710-1,35.17667563,128.0670954
우암초등학교,초등학교,경상남도,김해시,내동,1072,35.24330338,128.8667451
봉명초등학교,초등학교,경상남도,김해시,외동,1249-2,35.23226514,128.8624912
영암초등학교,초등학교,전라남도,영암군,영암읍,회문리 186,34.79734224,126.687803
장수초등학교,초등학교,경상북도,영주시,장수면,반구리 981,36.77610603,128.576552
현경북초등학교,초등학교,전라남도,무안군,현경면,오류리 48,35.05993325,126.3609455
황상초등학교,초등학교,경상북도,구미시,황상동,176,36.11900674,128.4269202
구례북초등학교,초등학교,전라남도,구례군,구례읍,봉동리 489,35.21010054,127.4596048
양동초등학교,초등학교,경상북도,경주시,강동면,양동리 51-1,35.99831849,129.2538154
문경초등학교,초등학교,경상북도,문경시,문경읍,상리 468,36.73683265,128.1048407
외궁초등학교,초등학교,전라북도,진안군,성수면,외궁리 685-2,35.70655516,127.3259108
화북초등학교용화분교장,초등학교,경상북도,상주시,화북면,중벌리 651,36.60286168,127.8266702
창수초등학교,초등학교,경상북도,영덕군,창수면,신기리 96,36.54497048,129.3432508
작천초등학교,초등학교,전라남도,강진군,작천면,현산리 5,34.70349276,126.7716382
화산초등학교,초등학교,전라남도,해남군,화산면,방축리 365-1,34.49235887,126.5165441
대도초등학교,초등학교,경상북도,포항시,남구,대도동 131,36.01411913,129.3619104
죽도초등학교,초등학교,경상북도,포항시,북구,죽도동 633-5,36.02204016,129.3561765
포항장원초등학교,초등학교,경상북도,포항시,북구,장성동 1536-1,36.08170438,129.3849196
이전초등학교,초등학교,경상북도,청송군,주왕산면,주산지리 1176-1,36.35751933,129.1552229
만덕초등학교,초등학교,전라남도,담양군,대덕면,매산리 97,35.24933453,127.0356302
대송초등학교,초등학교,경상북도,포항시,남구,대송면 제내리 974,35.98387652,129.362628
남양초등학교,초등학교,경상남도,창원시,성산구,남양동 18,35.21206224,128.6982595
성전초등학교,초등학교,전라남도,강진군,성전면,월평리 102,34.69368286,126.7066366
율곡초등학교,초등학교,경상북도,김천시,율곡동,649,36.12224391,128.187097
청계북초등학교,초등학교,전라남도,무안군,청계면,남안리 228-1,34.95758422,126.446411
도평초등학교,초등학교,경상북도,청송군,현동면,도평리 683-3,36.29054501,129.0198248
덕곡초등학교,초등학교,경상북도,고령군,덕곡면,예리 473,35.77919619,128.2343144
모서초등학교,초등학교,경상북도,상주시,모서면,삼포리 202-1,36.34306815,127.9610605
공음초등학교,초등학교,전라북도,고창군,공음면,칠암리 519,35.3768941,126.5114307
광양용강초등학교,초등학교,전라남도,광양시,광양읍,용강리 608,34.97577009,127.6104748
월항초등학교,초등학교,경상북도,성주군,월항면,안포리 1151,35.94814289,128.3129884
호서남초등학교,초등학교,경상북도,문경시,흥덕동,348,36.6054252,128.2035759
춘산초등학교,초등학교,경상북도,의성군,춘산면,옥정리 353,36.23756045,128.8123548
의신초등학교,초등학교,전라남도,진도군,의신면,돈지리 678-1,34.44080894,126.2772495
동강초등학교,초등학교,전라남도,고흥군,동강면,유둔리 228,34.78220706,127.3326067
반동초등학교,초등학교,경상남도,창원시,마산합포구,구산면 반동리 411,35.08771693,128.5843228
금천초등학교,초등학교,경상북도,청도군,금천면,신지리 224,35.679305,128.8945639
동로초등학교,초등학교,경상북도,문경시,동로면,노은리 155-2,36.7715572,128.3153048
삼향초등학교,초등학교,전라남도,무안군,삼향읍,유교리 900-1,34.84241514,126.4333669
신북초등학교,초등학교,전라남도,영암군,신북면,월평리 13,34.89137583,126.6958284
지곡초등학교,초등학교,경상북도,영천시,화남면,삼창리 248,36.06015095,128.8911205
단밀초등학교,초등학교,경상북도,의성군,단밀면,속암리 181,36.37588189,128.3804908
성명초등학교,초등학교,경상남도,남해군,서면,서상리 655-1,34.80899698,127.8386693
남평초등학교,초등학교,전라남도,나주시,남평읍,동사리 238,35.04294525,126.8450952
운암초등학교,초등학교,전라북도,임실군,운암면,쌍암리 617-5,35.66390758,127.1564253
분성초등학교,초등학교,경상남도,김해시,삼계동,1442-2,35.26543191,128.8731782
광평초등학교,초등학교,경상북도,구미시,광평동,121,36.11297054,128.3625345
연안초등학교,초등학교,경상북도,경주시,외동읍,연안리 777-42,35.72788519,129.3183095
성산초등학교,초등학교,전라북도,군산시,성산면,고봉리 328,35.99058423,126.7858263
장흥서초등학교,초등학교,전라남도,장흥군,장흥읍,예양리 120-2,34.67482619,126.9017718
소천초등학교두음분교장,초등학교,경상북도,봉화군,소천면,두음리 352,36.88620366,129.0560671
동산초등학교,초등학교,경상북도,청도군,매전면,동산리 233-5,35.66745663,128.854703
송지초등학교,초등학교,전라남도,해남군,송지면,산정리 724-1,34.36892168,126.5204055
영천초등학교,초등학교,경상북도,영천시,금노동,504-1,35.9617556,128.9314309
벽방초등학교,초등학교,경상남도,통영시,광도면,안정리 1058,34.94845464,128.4099257
황전초등학교회덕분교장,초등학교,전라남도,순천시,황전면,회룡리 756,35.10847899,127.4957749
청해초등학교,초등학교,전라남도,완도군,완도읍,장좌리 600,34.35941617,126.7278075
동복초등학교,초등학교,전라남도,화순군,동복면,칠정리 702,35.07254258,127.1277428
대덕초등학교,초등학교,경상북도,김천시,대덕면,관기리 235-3,35.91751839,127.9716617
안덕초등학교,초등학교,경상북도,청송군,안덕면,명당리 503-1,36.29349794,128.9607692
광려초등학교,초등학교,경상남도,창원시,마산회원구,내서읍 삼계리 40,35.22812274,128.5031333
초전초등학교,초등학교,경상남도,진주시,초전동,1634-1,35.207873,128.1144688
군내북초등학교,초등학교,전라남도,진도군,군내면,녹진리 221-3,34.56436761,126.2892594
신의초등학교,초등학교,전라남도,신안군,신의면,상태동리 29-5,34.58338507,126.0958204
대양초등학교,초등학교,경상남도,합천군,대양면,덕정리 898-4,35.51731692,128.1731514
중동초등학교,초등학교,전라남도,구례군,산동면,관산리 631,35.31854336,127.4658329
용산초등학교,초등학교,전라남도,장흥군,용산면,접정리 376,34.61668729,126.9139463
남계초등학교,초등학교,경상북도,구미시,고아읍,봉한리 438-2,36.18109403,128.3484377
한려초등학교,초등학교,경상남도,통영시,도남동,483-1,34.82727303,128.4211386
옥룡초등학교,초등학교,전라남도,광양시,옥룡면,운평리 624-4,35.01583924,127.618413
창수초등학교인천분교장,초등학교,경상북도,영덕군,창수면,인천리 41,36.63373095,129.2947468
괘릉초등학교,초등학교,경상북도,경주시,외동읍,괘릉리 595,35.76040764,129.322567
안강초등학교,초등학교,경상북도,경주시,안강읍,안강리 398-1,35.99112905,129.2291919
제석초등학교,초등학교,경상남도,통영시,광도면,죽림리 1583,34.875739,128.4165397
산양초등학교풍화분교장,초등학교,경상남도,통영시,산양읍,풍화리 829-5,34.82677989,128.3580467
유림초등학교,초등학교,경상남도,함양군,유림면,화촌리 472,35.47252104,127.7930744
모아초등학교,초등학교,경상북도,경주시,천북면,모아리 616,35.9206086,129.2466225
서진초등학교,초등학교,경상남도,진주시,평거동,800,35.16901963,128.056655
무주초등학교,초등학교,전라북도,무주군,무주읍,읍내리 343,36.01027836,127.6603152
병곡초등학교,초등학교,경상남도,함양군,병곡면,송평리 80,35.529009,127.6902503
노음초등학교,초등학교,경상북도,울진군,근남면,노음리 586,36.95873936,129.3916661
진안초등학교,초등학교,전라북도,진안군,진안읍,군하리 129,35.79123409,127.4241464
흥해서부초등학교,초등학교,경상북도,포항시,북구,흥해읍 매산리 1-6,36.11580419,129.314439
흥해남산초등학교,초등학교,경상북도,포항시,북구,흥해읍 남성리 338,36.10434495,129.3456006
가음초등학교,초등학교,경상북도,의성군,가음면,가산리 884,36.2314752,128.728877
청계초등학교,초등학교,전라남도,무안군,청계면,상마리 36-1,34.92598508,126.4293014
하천초등학교,초등학교,경상남도,창원시,의창구,북면 하천리 944,35.36926399,128.6046833
전주팔복초등학교,초등학교,전라북도,전주시,덕진구,동산동 374-1,35.863542,127.0948122
봉화초등학교,초등학교,경상북도,봉화군,봉화읍,내성리 252-3,36.89264584,128.7403704
월촌초등학교,초등학교,전라북도,김제시,입석동,469,35.7891504,126.868116
전주전일초등학교,초등학교,전라북도,전주시,덕진구,진북동 382-1,35.83036037,127.1375719
인동초등학교,초등학교,경상북도,구미시,인의동,389-2,36.10688422,128.4220825
황등남초등학교,초등학교,전라북도,익산시,황등면,황등리 963-3,36.0033501,126.9387491
줄포초등학교,초등학교,전라북도,부안군,줄포면,줄포리 200,35.59193076,126.6809229
신기초등학교,초등학교,경상북도,구미시,신평동,69,36.1262437,128.3652454
상운초등학교,초등학교,경상북도,봉화군,상운면,가곡리 419-3,36.83037739,128.753414
성황초등학교,초등학교,전라남도,광양시,성황동,342,34.94027734,127.6829377
용문초등학교,초등학교,경상북도,예천군,용문면,상금곡리 543-1,36.69033237,128.4086156
영산포초등학교,초등학교,전라남도,나주시,이창동,178,34.99410988,126.7150077
창포초등학교,초등학교,경상북도,포항시,북구,창포동 646,36.06681756,129.3689623
경화초등학교,초등학교,경상남도,창원시,진해구,경화동 1186,35.15742814,128.6875009
일로초등학교청망분교장,초등학교,전라남도,무안군,일로읍,청호리 527,34.79300901,126.5030062
경주초등학교,초등학교,경상북도,경주시,충효동,3012,35.84265145,129.1897497
나산초등학교,초등학교,경상북도,경주시,양남면,읍천리 17,35.697794,129.4699776
포항장흥초등학교,초등학교,경상북도,포항시,북구,장성동 1429-1,36.07891759,129.3928961
일로동초등학교,초등학교,전라남도,무안군,일로읍,광암리 70,34.87289992,126.5089436
남후초등학교,초등학교,경상북도,안동시,남후면,무릉리 347,36.52129829,128.6913443
동면초등학교,초등학교,전라남도,화순군,동면,장동리 351,35.03180417,127.0414431
대룡초등학교,초등학교,경상북도,김천시,대항면,대룡리 769-1,36.124612,128.0491589
의성북부초등학교,초등학교,경상북도,의성군,의성읍,후죽리 357-2,36.36195518,128.6925139
이백초등학교,초등학교,전라북도,남원시,이백면,평촌리 104,35.42974152,127.4612148
목포청호초등학교,초등학교,전라남도,목포시,옥암동,966,34.81028938,126.4278786
가사문학초등학교,초등학교,전라남도,담양군,가사문학면,연천리 355,35.17821105,127.0264237
남원용성초등학교,초등학교,전라북도,남원시,동충동,192-4,35.40936565,127.3798565
군산푸른솔초등학교,초등학교,전라북도,군산시,수송동,813,35.96146082,126.7113629
나진초등학교,초등학교,전라남도,여수시,화양면,나진리 463,34.70909083,127.6122169
가포초등학교,초등학교,경상남도,창원시,마산합포구,가포동 418,35.159215,128.5752292
우암초등학교,초등학교,경상남도,창원시,의창구,대산면 우암리 345-3,35.3339527,128.7303991
고성초등학교,초등학교,경상남도,고성군,고성읍,서외리 90,34.97623483,128.3197815
안남초등학교,초등학교,경상남도,창원시,성산구,대방동 368,35.20909049,128.7103746
하동초등학교,초등학교,경상남도,하동군,하동읍,광평리 299,35.066928,127.7476853
남포초등학교,초등학교,경상남도,통영시,도남동,187,34.82440195,128.4324231
남원왕치초등학교,초등학교,전라북도,남원시,용정동,117-1,35.43458682,127.3822648
석봉초등학교,초등학교,경상남도,김해시,부곡동,1165-2,35.199526,128.808685
안평초등학교,초등학교,경상북도,의성군,안평면,박곡리 894,36.37667859,128.5810573
백초초등학교,초등학교,전라남도,여수시,돌산읍,우두리 712,34.72950215,127.7444558
보길동초등학교,초등학교,전라남도,완도군,보길면,중통리 379-1,34.16332678,126.5925685
옥종초등학교,초등학교,경상남도,하동군,옥종면,청룡리 143-2,35.1812401,127.8832607
가은초등학교,초등학교,경상북도,문경시,가은읍,왕능리 292,36.64373946,128.0630824
산포초등학교,초등학교,전라남도,나주시,산포면,매성리 199,35.03344695,126.8061216
일로초등학교,초등학교,전라남도,무안군,일로읍,월암리 200,34.85125077,126.4939999
토월초등학교,초등학교,경상남도,창원시,성산구,사파동 13,35.22742263,128.6985448
포항동부초등학교,초등학교,경상북도,포항시,북구,두호동 1065,36.06264177,129.3809745
소양서초등학교,초등학교,전라북도,완주군,소양면,명덕리 1002,35.8598927,127.210609
반성초등학교,초등학교,경상남도,진주시,일반성면,개암리 805-3,35.17007701,128.2857396
원천초등학교,초등학교,전라북도,남원시,주천면,장안리 248,35.38845557,127.4454244
병영초등학교,초등학교,전라남도,강진군,병영면,성남리 199-7,34.71457422,126.8125703
함창중앙초등학교,초등학교,경상북도,상주시,함창읍,대조리 260,36.57369102,128.1774827
이리부송초등학교,초등학교,전라북도,익산시,부송동,1047,35.95523555,126.9937055
상주초등학교,초등학교,경상북도,상주시,서문동,131-1,36.41625837,128.1575571
화양초등학교,초등학교,경상북도,청도군,화양읍,동상리 158-2,35.64771064,128.7067775
진월초등학교,초등학교,전라남도,광양시,진월면,선소리 226,34.97859687,127.759473
대해초등학교,초등학교,경상북도,포항시,남구,대도동 13-1,36.0225583,129.3668559
적상초등학교,초등학교,전라북도,무주군,적상면,사산리 1200,35.93175778,127.6558167
형일초등학교,초등학교,경상북도,구미시,형곡동,134,36.11514504,128.329942
점촌중앙초등학교,초등학교,경상북도,문경시,점촌동,424-1,36.59925426,128.194253
옥계초등학교,초등학교,경상북도,구미시,옥계동,605,36.1404745,128.414387
선남초등학교,초등학교,경상북도,성주군,선남면,관화리 873,35.9065645,128.3520062
광영초등학교,초등학교,전라남도,광양시,광영동,75,34.96363224,127.7207773
점곡초등학교,초등학교,경상북도,의성군,점곡면,사촌리 360-2,36.42506667,128.7609423
모량초등학교,초등학교,경상북도,경주시,건천읍,모량리 615-5,35.82349213,129.1303473
미력초등학교,초등학교,전라남도,보성군,미력면,도개리 731,34.79989045,127.0858575
남정초등학교,초등학교,경상북도,영덕군,남정면,장사리 210-1,36.2840961,129.3722058
산북초등학교,초등학교,경상북도,문경시,산북면,대상리 74,36.65582033,128.2577157
전주온빛초등학교,초등학교,전라북도,전주시,덕진구,장동 1066,35.84241844,127.0564499
장동초등학교,초등학교,전라남도,장흥군,장동면,북교리 306-4,34.746619,126.9940426
지례초등학교부항분교장,초등학교,경상북도,김천시,부항면,월곡리 147,35.98698022,127.941647
계동초등학교,초등학교,경상남도,김해시,대청동,333-1,35.1847881,128.7956854
안명초등학교,초등학교,경상남도,김해시,한림면,안하리 346-1,35.30441614,128.8280099761
관산남초등학교,초등학교,전라남도,장흥군,관산읍,삼산리 97,34.52650949,126.9540729
장성중앙초등학교,초등학교,전라남도,장성군,장성읍,영천리 880,35.29904751,126.7871233
아산초등학교,초등학교,전라남도,화순군,북면,이천리 55,35.1683702405,127.1324782954
봉강초등학교,초등학교,전라남도,광양시,봉강면,봉당리 468-2,35.01223171,127.5809482
대보초등학교,초등학교,경상북도,포항시,남구,호미곶면 구만리 123,36.07852985,129.557229
좌삼초등학교,초등학교,경상남도,양산시,상북면,좌삼리 493,35.44102579,129.0434678
유어초등학교,초등학교,경상남도,창녕군,유어면,부곡리 481,35.50944637,128.4110124
무안초등학교,초등학교,경상남도,밀양시,무안면,무안리 927-1,35.4729283,128.651293
거창초등학교,초등학교,경상남도,거창군,거창읍,중앙리 311,35.6875316,127.9100892
전주교육대학교전주부설초등학교,초등학교,전라북도,전주시,완산구,서서학동 3-4,35.808459,127.1511138
금정초등학교,초등학교,전라남도,영암군,금정면,용흥리 1052,34.86128538,126.7534747
광양덕례초등학교,초등학교,전라남도,광양시,광양읍,덕례리 448,34.968752,127.5702953
나주북초등학교,초등학교,전라남도,나주시,청동,221,35.04811858,126.7277708
소룡초등학교,초등학교,전라북도,군산시,소룡동,1341,35.97466179,126.6824766
포항남부초등학교,초등학교,경상북도,포항시,북구,용흥동 615-6,36.02852541,129.355973
녹전초등학교,초등학교,경상북도,안동시,녹전면,신평리 659-3,36.74105651,128.7741181
양곡초등학교,초등학교,경상남도,창원시,성산구,신촌동 36-3,35.20225826,128.6268883
영주동부초등학교,초등학교,경상북도,영주시,휴천동,714,36.82123423,128.631397
갈전초등학교,초등학교,경상남도,진주시,충무공동,190-1,35.18320304,128.1490625
입암초등학교,초등학교,전라북도,정읍시,입암면,천원리 6,35.50551794,126.7968706
남선초등학교,초등학교,경상북도,안동시,남선면,구미리 146,36.524872,128.7686926
대산초등학교,초등학교,전라북도,고창군,대산면,율촌리 272,35.32857453,126.5637267
전안초등학교,초등학교,경상남도,창원시,마산회원구,내서읍 신감리 1373,35.21797225,128.5020761
도곡초등학교,초등학교,전라남도,화순군,도곡면,천암리 191,35.01354818,126.9078251
순천대석초등학교,초등학교,전라남도,순천시,연향동,1516,34.94345276,127.5257459
오동초등학교,초등학교,전라북도,남원시,이백면,척문리 420-1,35.42730863,127.4233385
영순초등학교,초등학교,경상북도,문경시,영순면,사근리 880-1,36.57857969,128.2451451
옥곡초등학교,초등학교,전라남도,광양시,옥곡면,원월리 9,34.99090412,127.6960009
청림초등학교,초등학교,경상북도,포항시,남구,청림동 1164-3,35.99599147,129.404388
가회초등학교,초등학교,경상남도,합천군,가회면,덕촌리 389,35.43507835,128.0344205
부구초등학교삼당분교장,초등학교,경상북도,울진군,북면,하당리 287,37.04065875,129.3223236
봉산초등학교,초등학교,전라남도,담양군,봉산면,신학리 131,35.27716017,126.9570887
사방초등학교,초등학교,경상북도,경주시,안강읍,사방리 1205-3,35.9386291,129.2256525
구림초등학교,초등학교,전라남도,영암군,군서면,동구림리 93-1,34.76374,126.6322822
학천초등학교,초등학교,경상북도,포항시,북구,흥해읍 학천리 109,36.07685042,129.3278417
안양초등학교,초등학교,전라남도,장흥군,안양면,운흥리 508,34.651893,126.9731519
이양초등학교,초등학교,전라남도,화순군,이양면,이양리 317,34.883457,126.9891144
안청초등학교,초등학교,경상남도,창원시,진해구,안골동 369,35.09984346,128.8065674
장곡초등학교,초등학교,경상북도,칠곡군,석적읍,중리 235,36.07528356,128.4186575
금산초등학교,초등학교,전라남도,고흥군,금산면,대흥리 391,34.46167859,127.1288838
인덕초등학교,초등학교,경상북도,포항시,남구,인덕동 49,35.98466002,129.402145
한솔초등학교,초등학교,전라북도,정읍시,상동,164-1,35.56149114,126.8731418
인의초등학교,초등학교,경상북도,구미시,인의동,653,36.1019003,128.4272447
천포초등학교,초등학교,경상북도,경주시,건천읍,천포리 1162-2,35.84495203,129.0941433
백양초등학교,초등학교,전라남도,고흥군,동일면,백양리 795,34.50384983,127.4662584
대서초등학교,초등학교,전라남도,고흥군,대서면,금마리 34,34.77256018,127.2838518
동산초등학교,초등학교,경상남도,창원시,성산구,상남동 46,35.214198,128.6901559
변산초등학교,초등학교,전라북도,부안군,변산면,지서리 383-2,35.66251905,126.5280199
임자남초등학교,초등학교,전라남도,신안군,임자면,대기리 2819,35.08424026,126.077074
고경초등학교,초등학교,경상북도,영천시,고경면,상덕리 345,36.00316189,129.0683103
소라초등학교소라남분교장,초등학교,전라남도,여수시,소라면,현천리 606,34.76131964,127.6080119
원평초등학교,초등학교,경상남도,통영시,용남면,원평리 157,34.89474931,128.4585749
김해부곡초등학교,초등학교,경상남도,김해시,부곡동,800-4,35.20639506,128.8000454
아천초등학교,초등학교,경상북도,김천시,어모면,중왕리 735,36.17875562,128.1164700159
광양동초등학교,초등학교,전라남도,광양시,광양읍,인서리 221,34.97116552,127.586744
산북초등학교창구분교장,초등학교,경상북도,문경시,산북면,창구리 183,36.76086891,128.2440048
산양초등학교,초등학교,경상북도,문경시,산양면,존도리 72,36.610349,128.2521074
이리서초등학교,초등학교,전라북도,익산시,남중동,458-7,35.94527011,126.9489539
칠산초등학교,초등학교,경상남도,김해시,화목동,773-1,35.21001649,128.8515415
북상초등학교,초등학교,경상남도,거창군,북상면,갈계리 1439-1,35.78009585,127.8170386
온정초등학교,초등학교,경상북도,울진군,온정면,소태리 793-1,36.72552957,129.3461279
산동초등학교,초등학교,경상남도,밀양시,단장면,범도리 709-3,35.52557833,128.9117722
삼계초등학교,초등학교,경상남도,창원시,마산회원구,내서읍 삼계리 665,35.23266923,128.5004328
송진초등학교,초등학교,경상남도,밀양시,삼랑진읍,송지리 413-1,35.39488596,128.836339
삼산초등학교,초등학교,전라남도,해남군,삼산면,충리 97-4,34.51554006,126.6071982
신기초등학교,초등학교,경상북도,문경시,신기동,67-3,36.64004812,128.168488
덕산초등학교,초등학교,경상남도,창원시,진해구,자은동 863-1,35.14587867,128.7052484
덕산초등학교,초등학교,경상북도,청도군,각북면,덕촌리 553-1,35.70521788,128.583475
용강초등학교,초등학교,경상북도,경주시,용강동,1293,35.87601714,129.229476
남성초등학교,초등학교,경상북도,포항시,남구,대송면 송동리 795,35.97036651,129.359451
불갑초등학교,초등학교,전라남도,영광군,불갑면,쌍운리 404,35.21163482,126.5080132
인월초등학교,초등학교,전라북도,남원시,인월면,서무리 688-14,35.46409032,127.6018315
원황초등학교,초등학교,경상북도,영덕군,병곡면,원황리 749,36.56932097,129.3933999
용암초등학교,초등학교,경상북도,성주군,용암면,상언리 121,35.84521873,128.3388508
고흥동초등학교,초등학교,전라남도,고흥군,고흥읍,호형리 1287,34.60816846,127.2913551
충렬초등학교,초등학교,경상남도,통영시,명정동,173,34.84759683,128.416465
구례중앙초등학교,초등학교,전라남도,구례군,구례읍,봉남리 32-1,35.20407439,127.4648798
거제초등학교,초등학교,경상남도,거제시,거제면,동상리 415,34.851655,128.5915861
중곡초등학교,초등학교,경상남도,거제시,고현동,996,34.89450811,128.6293222
소천초등학교,초등학교,경상북도,봉화군,소천면,현동리 674-3,36.93823299,129.0018681
노안남초등학교,초등학교,전라남도,나주시,노안면,학산리 503-3,35.06767017,126.751206
금일동초등학교,초등학교,전라남도,완도군,금일읍,월송리 250,34.34049637,127.054975
기성초등학교,초등학교,경상북도,울진군,기성면,척산리 194,36.79788853,129.4493165
부구초등학교,초등학교,경상북도,울진군,북면,부구리 278,37.10258912,129.3719829
김해구지초등학교,초등학교,경상남도,김해시,구산동,1053,35.25298107,128.8697306
서벽초등학교,초등학교,경상북도,봉화군,춘양면,서벽리 349-2,37.00881425,128.8336222
영지초등학교,초등학교,경상북도,경주시,외동읍,방어리 634,35.75417641,129.2948611
적중초등학교,초등학교,경상남도,합천군,적중면,상부리 142-1,35.54620278,128.2814966
이리송학초등학교,초등학교,전라북도,익산시,송학동,97-7,35.9369867,126.9407056
익산초등학교,초등학교,전라북도,익산시,어양동,593,35.95459599,126.979541
구산초등학교,초등학교,경상남도,김해시,구산동,408,35.25410197,128.8744875
매화초등학교,초등학교,경상북도,울진군,매화면,매화리 1135,36.9139246,129.3815405
후포동부초등학교,초등학교,경상북도,울진군,후포면,후포리 427-1,36.68634553,129.4631155
봉덕초등학교,초등학교,경상남도,창원시,마산회원구,봉암동 435-3,35.222426,128.5947895
서선초등학교,초등학교,경상북도,안동시,풍산읍,수곡리 378-2,36.59104215,128.6392902
담양동초등학교,초등학교,전라남도,담양군,담양읍,객사리 271,35.32030646,126.983573
월송초등학교,초등학교,경상북도,울진군,평해읍,월송리 1014,36.73603112,129.458906
반남초등학교,초등학교,전라남도,나주시,반남면,신촌리 129,34.91199768,126.6589649
신녕초등학교,초등학교,경상북도,영천시,신녕면,화성리 714,36.04723628,128.7899383
위량초등학교,초등학교,경상북도,김천시,감문면,금라리 729-2,36.20153933,128.1611646
북일초등학교,초등학교,전라남도,장성군,북일면,오산리 106-1,35.384626,126.7948523
토지초등학교,초등학교,전라남도,구례군,토지면,구산리 137-1,35.19720195,127.5278303
영덕야성초등학교,초등학교,경상북도,영덕군,영덕읍,덕곡리 170,36.41312696,129.3685077
홍농서초등학교,초등학교,전라남도,영광군,홍농읍,성산리 74,35.41844112,126.440108
도산초등학교,초등학교,경상북도,구미시,도량동,806,36.14155308,128.3329637
구산초등학교구서분교장,초등학교,경상남도,창원시,마산합포구,구산면 마전리 82,35.12143941,128.538013
문척초등학교,초등학교,전라남도,구례군,문척면,월전리 286-1,35.19214636,127.4898958
서남초등학교,초등학교,경상남도,양산시,물금읍,범어리 554,35.32802601,128.9984144
김천동신초등학교,초등학교,경상북도,김천시,신음동,1308,36.1314424,128.1218127
비안초등학교,초등학교,경상북도,의성군,비안면,이두리 287,36.33748618,128.4949144
사평초등학교,초등학교,전라남도,화순군,사평면,사평리 951,35.00822955,127.0923337
부산초등학교,초등학교,전라남도,장흥군,부산면,구룡리 378-1,34.72291091,126.9012723
송풍초등학교,초등학교,전라북도,진안군,용담면,송풍리 1002,35.9652011,127.5185427
산외초등학교,초등학교,전라북도,정읍시,산외면,평사리 451,35.62040891,127.0404365
구성초등학교,초등학교,경상북도,김천시,구성면,상원리 100,36.0314376,128.0392842
어방초등학교,초등학교,경상남도,김해시,어방동,767-3,35.24007876,128.8991838
이안초등학교,초등학교,경상북도,상주시,이안면,양범리 268,36.57921604,128.1443639
성동초등학교,초등학교,경상북도,상주시,성동동,77,36.41470707,128.1709229
춘양초등학교,초등학교,전라남도,화순군,춘양면,석정리 239,34.94903568,126.9590944
의성초등학교,초등학교,경상북도,의성군,의성읍,후죽리 520,36.35161263,128.695283
영일초등학교,초등학교,경상북도,영주시,영주동,486,36.82631365,128.6149064
용당초등학교,초등학교,전라남도,영암군,삼호읍,용당리 378,34.76191557,126.3996953
덕계초등학교,초등학교,경상남도,양산시,덕계동,718-4,35.37511901,129.1535923
와룡초등학교,초등학교,경상북도,안동시,와룡면,가구리 684,36.6195593,128.768548
북성초등학교,초등학교,경상남도,창원시,마산회원구,석전동 203-7,35.231793,128.5700226
구만초등학교,초등학교,경상남도,고성군,구만면,효락리 621-2,35.08851455,128.335541
회진초등학교,초등학교,전라남도,장흥군,회진면,회진리 738-2,34.47994076,126.9356843
몽탄초등학교,초등학교,전라남도,무안군,몽탄면,사천리 170,34.92937429,126.5014993
유림초등학교,초등학교,경상북도,경주시,황성동,539-1,35.86872219,129.2128593
염산초등학교,초등학교,전라남도,영광군,염산면,봉남리 195,35.220935,126.3665496
동부초등학교,초등학교,경상남도,창원시,진해구,석동 169-3,35.15575164,128.7023746
순천부영초등학교,초등학교,전라남도,순천시,연향동,1380,34.94685099,127.5199164
목포신흥초등학교,초등학교,전라남도,목포시,상동,1017,34.79940669,126.4246583
중동초등학교,초등학교,경상남도,창원시,의창구,서상동 657,35.25948046,128.6234138
임피초등학교,초등학교,전라북도,군산시,임피면,읍내리 536,35.98780018,126.8499764
생영초등학교,초등학교,전라남도,완도군,생일면,유서리 270,34.33302248,126.9963682
고령초등학교,초등학교,경상북도,고령군,대가야읍,연조리 151,35.7343807,128.2695344
노화중앙초등학교,초등학교,전라남도,완도군,노화읍,이포리 674,34.178853,126.5715833
대원초등학교,초등학교,경상남도,창원시,의창구,대원동 43,35.23361611,128.6510559
죽곡초등학교,초등학교,전라남도,곡성군,죽곡면,태평리 614,35.153286,127.3180357
은척초등학교,초등학교,경상북도,상주시,은척면,봉중리 318,36.53191343,128.0709192
낙산초등학교,초등학교,경상북도,칠곡군,왜관읍,낙산리 663,35.94516578,128.4026207
구룡포초등학교,초등학교,경상북도,포항시,남구,구룡포읍 구룡포리 765-1,35.99090277,129.5517505
조마초등학교,초등학교,경상북도,김천시,조마면,강곡리 237,36.03270244,128.099226
숭산초등학교,초등학교,경상북도,칠곡군,북삼읍,보손리 264-1,36.05385834,128.3144914
화북초등학교입석분교장,초등학교,경상북도,상주시,화북면,입석리 550,36.6380326,127.8861412
두원초등학교,초등학교,전라남도,고흥군,두원면,용산리 773,34.64741494,127.2758084
압해초등학교,초등학교,전라남도,신안군,압해읍,동서리 191,34.86781748,126.3092741
강동초등학교,초등학교,경상북도,경주시,강동면,유금리 1109-1,35.99182974,129.2766172
복내초등학교,초등학교,전라남도,보성군,복내면,복내리 322,34.89871886,127.1282108
양덕초등학교,초등학교,경상남도,창원시,마산회원구,양덕동 42,35.23385991,128.5885008
해제남초등학교,초등학교,전라남도,무안군,해제면,천장리 658,35.08244622,126.2955578
백구초등학교,초등학교,전라북도,김제시,백구면,석담리 424,35.886431,126.9702089
모전초등학교,초등학교,경상북도,문경시,모전동,674-1,36.59189499,128.180954
도암초등학교,초등학교,전라남도,강진군,도암면,석문리 242,34.55138705,126.7255067
광양중앙초등학교,초등학교,전라남도,광양시,중동,1347-1,34.94565129,127.6938054
대구초등학교,초등학교,전라남도,강진군,대구면,수동리 785,34.49270374,126.7978166
동방초등학교,초등학교,경상북도,경주시,동방동,151,35.80363889,129.2619004
금암초등학교,초등학교,전라북도,군산시,서수면,금암리 261,36.00630365,126.9067514
동성초등학교,초등학교,경상북도,문경시,마성면,오천리 595-2,36.68232706,128.1273632
해보초등학교,초등학교,전라남도,함평군,해보면,금덕리 477,35.17740361,126.6034646
삼향동초등학교,초등학교,전라남도,무안군,삼향읍,맥포리 62,34.83797038,126.477775
안골포초등학교,초등학교,경상남도,창원시,진해구,청안동 475,35.10398498,128.8062297
이리신동초등학교,초등학교,전라북도,익산시,신동,626-2,35.96164474,126.9672193
목포이로초등학교,초등학교,전라남도,목포시,용해동,240-2,34.80511875,126.406837
청도초등학교,초등학교,경상북도,청도군,화양읍,범곡리 495,35.64768689,128.730571
대덕초등학교,초등학교,전라남도,장흥군,대덕읍,연정리 390-1,34.50028653,126.8891773
구암초등학교,초등학교,경상남도,창원시,마산회원구,구암동 260,35.25826967,128.5943421
입면초등학교,초등학교,전라남도,곡성군,입면,송전리 573,35.30660498,127.1852577
원량초등학교연화분교장,초등학교,경상남도,통영시,욕지면,연화리 161-4,34.64862618,128.3532992
이산초등학교,초등학교,경상북도,영주시,이산면,석포리 1036,36.830115,128.6818803
전주지곡초등학교,초등학교,전라북도,전주시,완산구,평화동2가 897-3,35.78433159,127.1329067
담주초등학교,초등학교,전라남도,담양군,담양읍,강쟁리 118,35.30066059,126.9761908
유천초등학교,초등학교,경상북도,청도군,청도읍,유호리 623,35.57306921,128.7657884
성주초등학교,초등학교,경상남도,창원시,성산구,가음동 25,35.20550265,128.6987849
수남초등학교,초등학교,경상남도,김해시,율하동,1395,35.17062001,128.8189478
문장초등학교,초등학교,경상북도,구미시,도량동,801,36.14857959,128.3327624
목포한빛초등학교,초등학교,전라남도,목포시,상동,887,34.803594,126.4223053
군서초등학교,초등학교,전라남도,영광군,군서면,남죽리 658,35.25713697,126.4781573
삼호중앙초등학교,초등학교,전라남도,영암군,삼호읍,용앙리 280,34.74745202,126.4700099
흑산초등학교,초등학교,전라남도,신안군,흑산면,진리 477,34.68443825,125.4276444
옥산초등학교,초등학교,경상북도,경주시,안강읍,옥산리 1116,35.9953331,129.169713
이리동남초등학교,초등학교,전라북도,익산시,동산동,140-1,35.931321,126.9707108
월천초등학교,초등학교,경상남도,거창군,거창읍,서변리 609,35.71382296,127.9169681
통영초등학교,초등학교,경상남도,통영시,무전동,1054-3,34.86305562,128.4250064
풍북초등학교,초등학교,경상북도,안동시,풍산읍,괴정리 569,36.59761694,128.5345229
소안초등학교,초등학교,전라남도,완도군,소안면,비자리 940,34.17255622,126.6542944
목포미항초등학교,초등학교,전라남도,목포시,옥암동,1102,34.80130085,126.4393875
명곡초등학교,초등학교,경상남도,창원시,의창구,명서동 117,35.24293744,128.6448386
교암초등학교,초등학교,전라북도,정읍시,교암동,323-3,35.52603685,126.8457849
군산신풍초등학교,초등학교,전라북도,군산시,나운동,835-1,35.96377098,126.6957922
전주완산서초등학교,초등학교,전라북도,전주시,완산구,효자동1가 138-1,35.8067646,127.1336242
조성남초등학교,초등학교,전라남도,보성군,조성면,덕산리 36,34.7899804,127.215023
녹동초등학교,초등학교,전라남도,고흥군,도양읍,봉암리 1553-1,34.52957742,127.1398098
대산초등학교,초등학교,경상남도,창원시,의창구,대산면 가술리 150,35.34028326,128.7095142
군산동초등학교,초등학교,전라북도,군산시,조촌동,757-1,35.96496069,126.7381229
봉덕초등학교,초등학교,전라남도,여수시,돌산읍,죽포리 1623,34.64184228,127.7779807
대불초등학교,초등학교,전라남도,영암군,삼호읍,용앙리 1665-5,34.75709137,126.4606424
장산초등학교,초등학교,전라남도,신안군,장산면,대리 93-1,34.63816011,126.1442085
군산풍문초등학교,초등학교,전라북도,군산시,장재동,45-19,35.97727412,126.7187459
칠량초등학교,초등학교,전라남도,강진군,칠량면,영동리 1113-5,34.57360504,126.8004306
도량초등학교,초등학교,경상북도,구미시,도량동,106,36.14429831,128.3195954
삼기초등학교,초등학교,전라북도,익산시,삼기면,간촌리 43-2,36.020067,126.9854993
대암초등학교,초등학교,경상남도,창원시,성산구,대방동 372,35.20586609,128.7094383
봉곡초등학교,초등학교,경상남도,진주시,봉곡동,465-1,35.19410351,128.0757823
동백초등학교,초등학교,전라남도,여수시,돌산읍,우두리 1108,34.71753966,127.7531897
이평초등학교,초등학교,전라북도,정읍시,이평면,두지리 248-2,35.66231646,126.8385969
상북초등학교,초등학교,경상남도,창원시,의창구,봉곡동 18,35.24690926,128.6532662
지례초등학교,초등학교,경상북도,김천시,지례면,교리 584,35.98634964,128.0275035
사벌초등학교,초등학교,경상북도,상주시,사벌국면,덕담리 396,36.46783291,128.2084231
백동초등학교,초등학교,경상남도,양산시,소주동,669,35.40611606,129.1528503
성호초등학교,초등학교,경상남도,창원시,마산합포구,성호동 57-3,35.2092723,128.5713543
광양백운초등학교,초등학교,전라남도,광양시,중동,1656,34.93736999,127.6918725
봉계초등학교,초등학교,경상북도,김천시,봉산면,신리 472,36.14384665,128.0641047
장평초등학교,초등학교,전라남도,장흥군,장평면,등촌리 447-3,34.775917,126.971345
덕진초등학교,초등학교,전라남도,영암군,덕진면,덕진리 310-2,34.82148382,126.6987819
점촌북초등학교,초등학교,경상북도,문경시,유곡동,139,36.62658366,128.1573755
능주초등학교,초등학교,전라남도,화순군,능주면,잠정리 333,34.98816675,126.9562754
자은초등학교,초등학교,경상남도,창원시,진해구,자은동 396,35.14965907,128.7120764
성주초등학교,초등학교,경상북도,성주군,성주읍,경산리 169-1,35.91945837,128.2847469
옥대초등학교,초등학교,경상북도,영주시,단산면,옥대리 200,36.94959982,128.6180811
오비초등학교,초등학교,경상남도,거제시,연초면,오비리 657-1,34.9228299,128.622399
전주자연초등학교,초등학교,전라북도,전주시,덕진구,송천동2가 1305,35.87767589,127.135954
남양초등학교,초등학교,경상북도,울릉군,서면,남양리 586-2,37.46912916,130.8400802
명도초등학교,초등학교,경상남도,창원시,의창구,명곡동 119,35.25593918,128.644023
초서초등학교,초등학교,경상북도,포항시,북구,흥해읍 초곡리 1769,36.094127,129.3333431
포항용산초등학교,초등학교,경상북도,포항시,남구,오천읍 용산리 360-11,35.9481799973,129.4085662
수곡초등학교,초등학교,경상남도,진주시,수곡면,대천리 98-1,35.20117977,127.9317406
명석초등학교,초등학교,경상남도,진주시,명석면,우수리 109,35.218106,128.0402584
관봉초등학교,초등학교,경상남도,진주시,정촌면,관봉리 1150,35.13711732,128.1431455
연초초등학교,초등학교,경상남도,거제시,연초면,죽토리 1131,34.91212579,128.6516566
거제용산초등학교,초등학교,경상남도,거제시,상동동,746-2,34.86731865,128.6307071
울릉초등학교,초등학교,경상북도,울릉군,울릉읍,도동리 232-11,37.48615946,130.9027321
사등초등학교,초등학교,경상남도,거제시,사등면,성포리 606,34.91378021,128.5158876
거문초등학교,초등학교,전라남도,여수시,삼산면,서도리25,34.05615605,127.2964269
서포초등학교,초등학교,경상남도,사천시,서포면,구평리 653,35.008513,127.9767902
밀성초등학교,초등학교,경상남도,밀양시,내이동,593-1,35.50217327,128.7512064
천부초등학교,초등학교,경상북도,울릉군,북면,천부리 694,37.5366566,130.8715273
삼천포초등학교,초등학교,경상남도,사천시,선구동,112,34.92992167,128.073634
외포초등학교,초등학교,경상남도,거제시,장목면,외포리 215,34.94305644,128.7178101
황남초등학교,초등학교,경상북도,경주시,용강동,1675,35.88484216,129.2297186
이방초등학교장천분교장,초등학교,경상남도,창녕군,이방면,장천리 436,35.59958782,128.3746252
순천성동초등학교,초등학교,전라남도,순천시,동외동,78,34.95433182,127.4866707
명사초등학교,초등학교,경상남도,거제시,남부면,저구리 311,34.72570424,128.6036888
전주삼천남초등학교,초등학교,전라북도,전주시,완산구,삼천동1가 635,35.79648986,127.1237587
동진초등학교,초등학교,전라북도,부안군,동진면,봉황리 212-3,35.75233638,126.7430445
대곡초등학교,초등학교,경상남도,진주시,대곡면,와룡리 591,35.2581082,128.1770879
하청초등학교,초등학교,경상남도,거제시,하청면,하청리 661-3,34.95639742,128.655375
대방초등학교,초등학교,경상남도,사천시,서동,76,34.9318961,128.0658446
장천초등학교,초등학교,경상북도,구미시,장천면,하장리 503-1,36.13082394,128.4944932
석적초등학교,초등학교,경상북도,칠곡군,석적읍,남율리 1465,36.06708115,128.4098435
진목초등학교,초등학교,경상남도,거제시,옥포동,1272-3,34.90163707,128.6840774
저동초등학교,초등학교,경상북도,울릉군,울릉읍,저동리 432-4,37.49628925,130.9027987
악양초등학교,초등학교,경상남도,하동군,악양면,정서리 285-2,35.161846,127.7079434
정동초등학교,초등학교,경상남도,사천시,정동면,대곡리 284-3,35.05779074,128.124048
삼례동초등학교,초등학교,전라북도,완주군,삼례읍,수계리 1225-2,35.92248787,127.1177851
산내초등학교,초등학교,경상남도,밀양시,산내면,송백리 1308,35.58545914,128.8807434
금오초등학교,초등학교,경상남도,양산시,동면,석산리 1448-1,35.32204222,129.027763
일운초등학교,초등학교,경상남도,거제시,일운면,지세포리 745-1,34.82847429,128.7053678
예천동부초등학교,초등학교,경상북도,예천군,예천읍,백전리 88,36.66182247,128.4590643
용운중학교,중학교,경상북도,상주시,공성면,산현리 868-24,36.27931281,128.0942764
목포하당중학교,중학교,전라남도,목포시,옥암동,963,34.81038421,126.4286651
나산실용예술중학교,중학교,전라남도,함평군,나산면,삼축리 1184-1,35.1160458,126.6027188
삼랑진중학교,중학교,경상남도,밀양시,삼랑진읍,송지리 173-1,35.40106868,128.8428599
지세포중학교,중학교,경상남도,거제시,일운면,지세포리 980,34.827848,128.7031873
가회중학교,중학교,경상남도,합천군,가회면,덕촌리 308-1,35.43643396,128.0323236
영일중학교,중학교,경상북도,포항시,남구,연일읍 동문리 47-1,35.99550078,129.353469
선산중학교,중학교,경상북도,구미시,선산읍,이문리 709,36.24079585,128.2924806
수비중학교,중학교,경상북도,영양군,수비면,발리리 500,36.76502287,129.2037522
순창중학교,중학교,전라북도,순창군,순창읍,남계리 111,35.37692157,127.1523716
함라중학교,중학교,전라북도,익산시,함라면,금성리 330,36.06465913,126.9168739
단성중학교,중학교,경상남도,산청군,단성면,강누리 41-1,35.306392,127.9643023
영흥중학교,중학교,전라남도,목포시,상동,55,34.80525243,126.416556
남지중학교,중학교,경상남도,창녕군,남지읍,마산리 894-6,35.38919794,128.4690005
합천여자중학교,중학교,경상남도,합천군,합천읍,합천리 943-1,35.56286956,128.1546743
거제중앙중학교,중학교,경상남도,거제시,고현동,1070,34.894479,128.6358219
금구중학교,중학교,전라북도,김제시,금구면,금구리 163-1,35.7744982,127.0125018
순천이수중학교,중학교,전라남도,순천시,생목동,24,34.94911835,127.5033878
완주중학교,중학교,전라북도,완주군,봉동읍,낙평리 813-1,35.93485855,127.1603317
거문중학교,중학교,전라남도,여수시,삼산면,덕촌리 811,34.0253557,127.303029
여천중학교,중학교,전라남도,여수시,선원동,135,34.76771622,127.6527598
해성중학교,중학교,경상남도,거제시,두모동,360-3,34.87058102,128.7243847
천천중학교,중학교,전라북도,장수군,천천면,춘송리 453-1,35.73621655,127.5386322
야로중학교,중학교,경상남도,합천군,야로면,구정리 303,35.70497972,128.1672801
완산중학교,중학교,전라북도,전주시,완산구,평화동1가 500-1,35.79206908,127.1383085
한국바둑중학교,중학교,전라남도,순천시,주암면,구산리 760,35.0748151,127.2403264
고흥도화중학교,중학교,전라남도,고흥군,도화면,당오리 474-2,34.51516585,127.3200152
순천월전중학교,중학교,전라남도,순천시,월등면,농선리 108-3,35.10003175,127.4253509
산청중학교,중학교,경상남도,산청군,산청읍,옥산리747,35.41093137,127.8715069
진해냉천중학교,중학교,경상남도,창원시,진해구,자은동 113,35.15614925,128.7197791
통영여자중학교,중학교,경상남도,통영시,도천동,341-1,34.84135128,128.4097587
양덕중학교,중학교,경상북도,포항시,북구,양덕동 2027,36.08420566,129.4071746
동국대학교사범대학부속금산중학교,중학교,전라북도,김제시,금산면,쌍용리 470,35.7177326,126.9994481
평해중학교,중학교,경상북도,울진군,평해읍,평해리 413,36.72891434,129.4429677
곤명중학교,중학교,경상남도,사천시,곤명면,송림리 87,35.119467,127.9522657
목포중앙여자중학교,중학교,전라남도,목포시,상동,899,34.80119163,126.4191907
미리벌중학교,중학교,경상남도,밀양시,청도면,인산리 667-1,35.54366486,128.6385329
상주중학교,중학교,경상남도,남해군,상주면,상주리 590-1,34.72116206,127.9911391
고산중학교,중학교,전라북도,완주군,고산면,읍내리 744-1,35.97867192,127.2090497
신창여자중학교,중학교,경상남도,창녕군,창녕읍,술정리 151,35.53845526,128.493566
석전중학교,중학교,경상북도,칠곡군,왜관읍,석전리 505-1,36.00305954,128.4093092
성포중학교,중학교,경상남도,거제시,사등면,성포리 41-1,34.9186361,128.5306364
목포덕인중학교,중학교,전라남도,목포시,죽교동,514,34.79998068,126.372628
순천왕의중학교,중학교,전라남도,순천시,해룡면,상삼리 350,34.95102235,127.5337707
동명중학교,중학교,경상남도,밀양시,하남읍,수산리 436-1,35.37270065,128.7134587
고부중학교,중학교,전라북도,정읍시,고부면,관청리 817-1,35.61404249,126.7420284
인월중학교,중학교,전라북도,남원시,인월면,서무리 678-2,35.46495634,127.6027247
진전중학교,중학교,경상남도,창원시,마산합포구,진전면 오서리 892,35.104284,128.409552
칠원중학교,중학교,경상남도,함안군,칠서면,무릉리 908,35.31819273,128.5073148
의령중학교,중학교,경상남도,의령군,의령읍,동동리 1087,35.32446685,128.2653325
정산중학교,중학교,전라북도,정읍시,산내면,능교리 628-1,35.56915324,127.0195919
환호여자중학교,중학교,경상북도,포항시,북구,환호동 70,36.07188866,129.4018114
영천중학교,중학교,경상남도,고성군,영오면,영산리 250,35.10820313,128.2365000354
신등중학교,중학교,경상남도,산청군,신등면,양전리 43-2,35.38846187,128.0130664
성산중학교,중학교,경상북도,고령군,성산면,어곡리 122-1,35.75092754,128.361961
동계중학교,중학교,전라북도,순창군,동계면,관전리 247,35.45004832,127.240649
밀양여자중학교,중학교,경상남도,밀양시,삼문동,141-14,35.48278093,128.7575847
경해여자중학교,중학교,경상남도,진주시,평거동,695-7,35.164931,128.042553
원광여자중학교,중학교,전라북도,익산시,모현동1가,520,35.95432998,126.9434322
설천중학교,중학교,경상남도,남해군,설천면,금음리 795,34.92401217,127.9162197
진해중학교,중학교,경상남도,창원시,진해구,여좌동 63,35.16037923,128.6652038
대성중학교,중학교,전라북도,고창군,대산면,매산리 175-14,35.33962782,126.6036331
구산중학교,중학교,경상남도,창원시,마산합포구,현동 610,35.14377035,128.558242
남산중학교,중학교,경상남도,창원시,성산구,가음동 26,35.2039882,128.6983379
담양중학교,중학교,전라남도,담양군,담양읍,천변리 190,35.31635562,126.9809939
대곡중학교,중학교,경상남도,진주시,충무공동,128,35.17067837,128.136307
영덕여자중학교,중학교,경상북도,영덕군,영덕읍,덕곡리 106-1,36.413174,129.3745519
청암중학교,중학교,경상남도,하동군,청암면,평촌리 918,35.16107331,127.7978895
순천남산중학교,중학교,전라남도,순천시,풍덕동,1102-6,34.938803,127.4969099484
봉남중학교,중학교,전라북도,김제시,봉남면,대송리 572-6,35.75316663,126.961921
이리남성여자중학교,중학교,전라북도,익산시,영등동,337-5,35.95635944,126.9659967
군산영광중학교,중학교,전라북도,군산시,중앙로2가,135-2,35.98857921,126.7072673
전주기전중학교,중학교,전라북도,전주시,완산구,효자동3가 691-2,35.82623909,127.100655
순천낙안중학교,중학교,전라남도,순천시,낙안면,교촌리 247-1,34.90128263,127.3461477
전주중학교,중학교,전라북도,전주시,덕진구,송천동1가 395-26,35.857872,127.1227172
함열여자중학교,중학교,전라북도,익산시,함열읍,남당리 586-12,36.08349605,126.9696539
고창북중학교,중학교,전라북도,고창군,부안면,상등리 665,35.50833774,126.6595544
경북체육중학교,중학교,경상북도,경산시,신교동,108-1,35.81222619,128.7380534
함성중학교,중학교,경상남도,함안군,함안면,북촌리 1002-3,35.24145693,128.420769
사천여자중학교,중학교,경상남도,사천시,정동면,화암리 683,35.08123828,128.1021273
진주중앙중학교,중학교,경상남도,진주시,하대동,104,35.19109539,128.1247866
고성중학교,중학교,경상남도,고성군,고성읍,교사리 337-1,34.979401,128.305266
남양중학교,중학교,경상남도,사천시,송포동,281,34.96950126,128.0621159
진해신항중학교,중학교,경상남도,창원시,진해구,용원동 1338-1,35.08819661,128.810678
신녕중학교,중학교,경상북도,영천시,신녕면,매양리 405,36.04302173,128.7804921
웅부중학교,중학교,경상북도,안동시,도산면,온혜리 923,36.74887315,128.8234472
신현중학교,중학교,경상남도,거제시,고현동,878,34.88860912,128.6167069
전주효문중학교,중학교,전라북도,전주시,완산구,삼천동1가 208-1,35.7982023,127.1198927
창녕옥야중학교,중학교,경상남도,창녕군,이방면,장천리 49,35.60057032,128.3801199
순천승남중학교,중학교,전라남도,순천시,송광면,이읍리 896,34.96430055,127.2608322
내서중학교,중학교,경상남도,창원시,마산회원구,내서읍 중리 1052,35.24575912,128.5079397
김제중앙중학교,중학교,전라북도,김제시,옥산동,59,35.79360638,126.8885177
여수중학교,중학교,전라남도,여수시,공화동,1453,34.74921774,127.7404056
이일여자중학교,중학교,전라북도,익산시,인화동1가,2-42,35.93458743,126.9489825
구미인덕중학교,중학교,경상북도,구미시,산동면,인덕리 1108,36.162018,128.438757
군산중학교,중학교,전라북도,군산시,송풍동,925-8,35.97720115,126.7014138
금곡중학교,중학교,경상남도,진주시,금곡면,동례리 400,35.10433807,128.1821149
압량중학교,중학교,경상북도,경산시,압량읍,부적리 601,35.84381785,128.7614826
혜성여자중학교,중학교,경상남도,거창군,거창읍,상림리 274,35.68725247,127.9058254
함평중학교,중학교,전라남도,함평군,함평읍,기각리 1175,35.06780892,126.5219752
부안중학교,중학교,전라북도,부안군,부안읍,서외리 410-1,35.72803921,126.724749
진서중학교,중학교,경상남도,진주시,수곡면,대천리 226-1,35.19813125,127.9275029
해리중학교,중학교,전라북도,고창군,해리면,하련리 245,35.46277932,126.539783
선인국제중학교,중학교,경상남도,진주시,대곡면,월암리 219-1,35.30854504,128.1648399491
수월중학교,중학교,경상남도,거제시,수월동,1165,34.89067858,128.6448996
옥종중학교,중학교,경상남도,하동군,옥종면,청룡리 227,35.17908692,127.8794113
거제중학교,중학교,경상남도,거제시,아주동,295-8,34.86108759,128.6884261
구암중학교,중학교,경상남도,창원시,마산회원구,구암동 1346,35.25608813,128.5967086
마천중학교,중학교,경상남도,함양군,마천면,덕전리 88-1,35.38782412,127.6593628
사천중학교,중학교,경상남도,사천시,사천읍,선인리 186-7,35.08089921,128.0980837
밀성여자중학교,중학교,경상남도,밀양시,내이동,590-4,35.5019567,128.7504629
물금중학교,중학교,경상남도,양산시,물금읍,가촌리 1272-12,35.31417406,128.9949047
정곡중학교,중학교,경상남도,의령군,정곡면,중교리 513,35.38243669,128.3273188
목포애향중학교,중학교,전라남도,목포시,옥암동,1325,34.8071145,126.4569787
변산중학교,중학교,전라북도,부안군,진서면,곰소리 427,35.58946353,126.605431
지사중학교,중학교,전라북도,임실군,지사면,금평리 47,35.56728894,127.358871
신상중학교,중학교,경상북도,경산시,진량읍,신상리 343-1,35.87468993,128.8219306
영선중학교,중학교,전라북도,고창군,무장면,무장리 431-1,35.41422378,126.5580061
서전주중학교,중학교,전라북도,전주시,완산구,효자동1가 364-8,35.81033988,127.112233
화산중학교,중학교,전라북도,완주군,화산면,화월리 897-6,36.03526614,127.1981792
울진중학교,중학교,경상북도,울진군,울진읍,연지리 822,36.99395651,129.405109
돌산중학교,중학교,전라남도,여수시,돌산읍,군내리 144,34.61545383,127.7279421
삼성중학교,중학교,경상남도,양산시,북정동,555,35.3607200025,129.0470499943
삼우중학교,중학교,전라북도,완주군,이서면,상개리 580-2,35.82457344,127.0241716
덕산중학교,중학교,경상남도,산청군,시천면,원리 170,35.27592431,127.8346458
설천중학교,중학교,전라북도,무주군,설천면,소천리 907-1,36.01252702,127.7881231
명석중학교,중학교,경상남도,진주시,명석면,관지리 256,35.21727403,128.0419314
익산부송중학교,중학교,전라북도,익산시,부송동,240-2,35.95596349,126.9959986
삼계중학교,중학교,전라북도,임실군,삼계면,삼계리 339-2,35.51000699,127.2738797
경덕중학교,중학교,경상북도,안동시,태화동,598-1,36.56127878,128.7096062
무주중학교,중학교,전라북도,무주군,무주읍,읍내리 355-5,36.01093683,127.6647946
완도여자중학교,중학교,전라남도,완도군,완도읍,군내리 1096,34.31294047,126.7420958
진주중학교,중학교,경상남도,진주시,상봉동,987-3,35.1995329,128.0805137
무안중학교,중학교,경상남도,밀양시,무안면,신법리 192,35.47920648,128.654571
신주중학교,중학교,경상남도,양산시,물금읍,범어리 2673-10,35.33479185,129.0145282
도산중학교,중학교,경상남도,통영시,도산면,법송리 1042,34.9033263,128.3613601
한들중학교,중학교,전라북도,김제시,요촌동,72-1,35.80448514,126.8917355
창원중학교,중학교,경상남도,창원시,의창구,도계동 901,35.25580991,128.6414039
세종중학교,중학교,경상남도,밀양시,가곡동,566-1,35.47378054,128.7637125
석교중학교,중학교,전라남도,진도군,임회면,석교리 366,34.40928568,126.1949291
보안중학교,중학교,전라북도,부안군,보안면,영전리 398-1,35.61010081,126.6735425
소양중학교,중학교,전라북도,완주군,소양면,황운리 750,35.85655921,127.2324813
보성복내중학교,중학교,전라남도,보성군,복내면,봉천리 300,34.89875852,127.140216
호남중학교,중학교,전라북도,정읍시,시기동,475,35.55709637,126.8511976
감계중학교,중학교,경상남도,창원시,의창구,북면 감계리 253-2,35.30023915,128.5873017
이평중학교,중학교,전라북도,정읍시,이평면,창동리 473-2,35.66166447,126.8116013
대강중학교,중학교,전라북도,남원시,대강면,방동리 1338-5,35.34177514,127.215826
태인중학교,중학교,전라북도,정읍시,태인면,태성리 627-5,35.65261885,126.9389432
정일중학교,중학교,전라북도,정읍시,공평동,348,35.58114306,126.8307516
전주양지중학교,중학교,전라북도,전주시,완산구,평화동2가 581-15,35.79174135,127.1243865
밀성중학교,중학교,경상남도,밀양시,내이동,602-7,35.501573,128.7509238
장흥유치중학교,중학교,전라남도,장흥군,유치면,조양리 695,34.80273525,126.8355483
전주예술중학교,중학교,전라북도,완주군,구이면,항가리 499-3,35.72023332,127.1087873
전주서중학교,중학교,전라북도,전주시,완산구,서신동 762,35.83182841,127.1097297
길주중학교,중학교,경상북도,안동시,용상동,1536-1,36.556481,128.758422
장흥회덕중학교,중학교,전라남도,장흥군,회진면,회진리 748,34.477201,126.9358307
가야중학교,중학교,경상남도,김해시,내동,1137-3,35.237055,128.8703601
남해중학교,중학교,경상남도,남해군,남해읍,북변리 362-2,34.83897493,127.8967668
여양중학교,중학교,전라남도,여수시,소라면,덕양리 1058,34.78900295,127.6314339
안의중학교,중학교,경상남도,함양군,안의면,석천리 73,35.62990204,127.819746
전북체육중학교,중학교,전라북도,완주군,소양면,해월리 377-19,35.8655498,127.2506488
서포중학교,중학교,경상남도,사천시,서포면,구평리 916,35.00843777,127.974528
악양중학교,중학교,경상남도,하동군,악양면,신흥리 921,35.16279021,127.7133466
율곡중학교,중학교,경상북도,김천시,율곡동,647,36.12191192,128.185983
청량중학교,중학교,경상북도,봉화군,명호면,도천리 264-2,36.86005258,128.8992053
장목예술중학교,중학교,경상남도,거제시,장목면,장목리 214-10,34.98496513,128.6808258
대성중학교,중학교,경상남도,창녕군,대합면,등지리 651-7,35.60134951,128.4615163
장유중학교,중학교,경상남도,김해시,신문동,580,35.1901494,128.8203774
임호중학교,중학교,경상남도,김해시,내동,1146-6,35.23492485,128.870475
화개중학교,중학교,경상남도,하동군,화개면,삼신리 672,35.19976932,127.6300146
군산자양중학교,중학교,전라북도,군산시,옥구읍,선제리 716,35.92590431,126.6776642
광양중학교,중학교,전라남도,광양시,광양읍,우산리 576,34.97967879,127.5908687
고금중학교,중학교,전라남도,완도군,고금면,농상리 365,34.39388508,126.8032334
통영중앙중학교,중학교,경상남도,통영시,무전동,1054-4,34.86220913,128.4242359
전주신일중학교,중학교,전라북도,전주시,완산구,중노송동 399-1,35.82896302,127.1532516
여수중앙여자중학교,중학교,전라남도,여수시,덕충동,1633,34.75308935,127.7329194
물금동아중학교,중학교,경상남도,양산시,물금읍,물금리 95,35.30881511,128.9935314
오수중학교,중학교,전라북도,임실군,오수면,오수리 455-2,35.54686393,127.3278067
전주만성중학교,중학교,전라북도,전주시,덕진구,중동 803,35.83673137,127.0654162
문태중학교,중학교,전라남도,목포시,용당동,183,34.80057558,126.4030507
진성여자중학교,중학교,전라남도,여수시,봉강동,203-1,34.73964826,127.7213738
의령여자중학교,중학교,경상남도,의령군,가례면,가례리 265-1,35.32416174,128.2453647
사파중학교,중학교,경상남도,창원시,성산구,사파동 94-1,35.21896417,128.7005664
미조중학교,중학교,경상남도,남해군,미조면,미조리 400,34.71635241,128.0393878
고성여자중학교,중학교,경상남도,고성군,고성읍,송학리 309-1,34.97989917,128.3263738
가거도초등학교신안흑산중학교가거도분교장,중학교,전라남도,신안군,흑산면,가거도리 266,34.05255202,125.1302548
순천향림중학교,중학교,전라남도,순천시,석현동,157,34.97263764,127.4857664
동명중학교,중학교,경상북도,칠곡군,동명면,송산리 111,35.98517727,128.549309
전주서신중학교,중학교,전라북도,전주시,완산구,서신동 833,35.82877357,127.1167419
전주서곡중학교,중학교,전라북도,전주시,완산구,효자동3가 1407-4,35.83554893,127.1035986
화원중학교,중학교,전라남도,해남군,화원면,신덕리 45,34.67092845,126.3229609
삼가중학교,중학교,경상남도,합천군,삼가면,일부리 398,35.41122598,128.1265002
신동중학교,중학교,경상북도,칠곡군,지천면,신리 산15-9,35.958431,128.483912
전북중학교,중학교,전라북도,전주시,덕진구,동산동 685-1,35.87414679,127.0780105
계북중학교,중학교,전라북도,장수군,계북면,어전리 841,35.78964391,127.6148355
삼천포여자중학교,중학교,경상남도,사천시,용강동,740,34.94358035,128.0853254
주천중학교,중학교,전라북도,진안군,주천면,주양리 75,35.97912612,127.4299875
무안행복중학교,중학교,전라남도,무안군,일로읍,오룡리 88,34.80608664,126.4822915
남해여자중학교,중학교,경상남도,남해군,남해읍,서변리 349,34.83610696,127.8887587
정우중학교,중학교,전라북도,정읍시,정우면,수금리 8-1,35.6461159,126.8830837
전주용소중학교,중학교,전라북도,전주시,덕진구,송천동1가 842,35.86268677,127.1174748
남원하늘중학교,중학교,전라북도,남원시,하정동,36-4,35.40855263,127.381441
계남중학교,중학교,전라북도,장수군,계남면,화양리 540-4,35.70509628,127.5727227
전주동중학교,중학교,전라북도,전주시,덕진구,인후동2가 24-1,35.83858477,127.1508852
용정중학교,중학교,전라남도,보성군,미력면,용정리 186,34.80691435,127.1087337
군산남중학교,중학교,전라북도,군산시,문화동,785-10,35.97350222,126.6982092
장수중학교,중학교,전라북도,장수군,장수읍,장수리 390,35.65352113,127.5207329
경상국립대학교사범대학부설중학교,중학교,경상남도,진주시,가좌동,산182-1,35.1589968,128.0965348
군산서흥중학교,중학교,전라북도,군산시,서흥남동,853,35.97158018,126.7090955
대창중학교,중학교,경상북도,예천군,예천읍,노상리 1,36.6600499,128.4552453
경산중학교,중학교,경상북도,경산시,계양동,112-3,35.82428626,128.7484647
김해중앙여자중학교,중학교,경상남도,김해시,동상동,715-2,35.23260078,128.8886173
지명중학교,중학교,전라남도,신안군,지도읍,광정리 1271,35.06113938,126.2139863
목포혜인여자중학교,중학교,전라남도,목포시,죽교동,30,34.79998068,126.372628
무안중학교,중학교,전라남도,무안군,일로읍,월암리 350,34.85500753,126.4940492
정읍중학교,중학교,전라북도,정읍시,시기동,58,35.55381853,126.8637005
보절중학교,중학교,전라북도,남원시,덕과면,만도리 70,35.5114906,127.4010593
왜관중학교,중학교,경상북도,칠곡군,왜관읍,왜관리 724,35.98533291,128.4045326
득량중학교,중학교,전라남도,보성군,득량면,오봉리 764-1,34.762115,127.1722971
삼천포제일중학교,중학교,경상남도,사천시,용강동,505-1,34.94879903,128.085664
삼천포중학교,중학교,경상남도,사천시,벌리동,10,34.94270825,128.0848167
거창대성중학교,중학교,경상남도,거창군,거창읍,가지리 324,35.69107845,127.9017417
한다사중학교,중학교,경상남도,하동군,양보면,장암리 산219-1,35.06967621,127.8301279
한국창의예술중학교,중학교,전라남도,광양시,마동,328-6,34.94880756,127.7019096
양곡중학교,중학교,경상남도,창원시,성산구,신촌동 32,35.19852083,128.6268165
복흥중학교,중학교,전라북도,순창군,복흥면,정산리 686,35.43279512,126.9255003
개양중학교,중학교,경상남도,진주시,가좌동,669,35.160414,128.1097423
남원용성중학교,중학교,전라북도,남원시,도통동,240,35.41996321,127.3924337
진경여자중학교,중학교,전라북도,익산시,황등면,동연리 620,36.00127876,126.9327919
길안중학교,중학교,경상북도,안동시,길안면,천지리 731-1,36.45903834,128.8946102
삼천포중앙여자중학교,중학교,경상남도,사천시,벌리동,355-1,34.94002572,128.0911538
익산부천중학교,중학교,전라북도,익산시,어양동,8-3,35.95342256,126.9901284
지평선중학교,중학교,전라북도,김제시,성덕면,묘라리 99-1,35.82821233,126.8312524
화순중학교,중학교,전라남도,화순군,화순읍,대리 97-5,35.05646996,126.9771469
장산중학교,중학교,경상북도,경산시,사정동,59,35.81897414,128.7303219
부귀중학교,중학교,전라북도,진안군,부귀면,거석리 475,35.84026603,127.3661615
매성중학교,중학교,전라남도,나주시,빛가람동,95,35.02863389,126.7917708
철성중학교,중학교,경상남도,고성군,고성읍,기월리 143-1,34.98419221,128.3198032
용성중학교,중학교,경상북도,경산시,용성면,당리리 150-4,35.792593,128.8733966
산동중학교,중학교,경상북도,구미시,산동면,동곡리 933,36.169039,128.439788
여수여자중학교,중학교,전라남도,여수시,관문동,100,34.74171416,127.7450481
금남중학교,중학교,경상남도,하동군,금남면,덕천리 1241,34.98640295,127.8395655
진북고등공민학교,중학교,전라북도,전주시,덕진구,진북동 1144-9,35.831816,127.1310811
성주중학교가천분교장,중학교,경상북도,성주군,가천면,창천리 861,35.88671985,128.1601936
영천여자중학교,중학교,경상북도,영천시,화룡동,178-3,35.967226,128.9224925
대흥중학교,중학교,경상북도,포항시,북구,용흥동 418-9,36.04530538,129.353959
이리남중학교,중학교,전라북도,익산시,모현동1가,890,35.946058,126.936942
신어중학교,중학교,경상남도,김해시,삼방동,201,35.24481393,128.9118515
무안몽탄중학교,중학교,전라남도,무안군,몽탄면,구산리 58,34.94034434,126.5099323
봉서중학교,중학교,전라북도,완주군,봉동읍,둔산리 857-2,35.96601954,127.1252764
낙운중학교,중학교,경상북도,상주시,낙동면,상촌리 650,36.37637874,128.2530359
석적중학교,중학교,경상북도,칠곡군,석적읍,남율리 1190,36.06409306,128.4056548
회현중학교,중학교,전라북도,군산시,회현면,대정리 102-1,35.91210816,126.7549318
양덕중학교,중학교,경상남도,창원시,마산회원구,합성동 17-5,35.24262116,128.5951783
문성중학교,중학교,경상북도,김천시,지좌동,604-2,36.11844595,128.1468769
병영중학교,중학교,전라남도,강진군,병영면,성남리 316,34.71314245,126.8136053
여남중학교,중학교,전라남도,여수시,남면,우학리 181,34.51226252,127.7679765
보성회천중학교,중학교,전라남도,보성군,회천면,율포리 164,34.6770177,127.0852354
배영중학교,중학교,전라북도,정읍시,흑암동,520,35.60126026,126.8116536
경안중학교,중학교,경상북도,안동시,송현동,599-1,36.57641972,128.6813514
진영장등중학교,중학교,경상남도,김해시,진영읍,진영리 1706,35.31261423,128.7307199
여산중학교,중학교,전라북도,익산시,여산면,두여리 716,36.06683286,127.0806499815
지품천중학교,중학교,경상북도,김천시,대덕면,관기리 777,35.91764637,127.9631045
관촌중학교,중학교,전라북도,임실군,관촌면,관촌리 601,35.67849508,127.2697068
대산중학교,중학교,경상남도,함안군,대산면,평림리 955,35.34795693,128.4392206
군산동산중학교,중학교,전라북도,군산시,금동,26-83,35.95104691,126.7060781
김천석천중학교,중학교,경상북도,김천시,황금동,36-4,36.11757395,128.122053
청산중학교,중학교,전라남도,완도군,청산면,도청리 220,34.1818915,126.8638457
이리동중학교,중학교,전라북도,익산시,동산동,1062,35.93247393,126.9694299
운암중학교,중학교,전라북도,임실군,운암면,쌍암리 617-5,35.66390758,127.1564253
구산중학교구남분교장,중학교,경상남도,창원시,마산합포구,구산면 반동리 383,35.08695811,128.5870692
포항포은중학교,중학교,경상북도,포항시,남구,오천읍 원리 982,35.965596,129.4046146
강진대구중학교,중학교,전라남도,강진군,대구면,수동리 649-1,34.49283075,126.8000594
장흥관산중학교,중학교,전라남도,장흥군,관산읍,죽교리 199,34.56809506,126.9403839
전주양현중학교,중학교,전라북도,전주시,덕진구,만성동 1357-1,35.847761,127.0749816
샘고을중학교,중학교,전라북도,정읍시,장명동,209-1,35.5680704,126.8563949
금당중학교,중학교,전라남도,완도군,금당면,육산리 201,34.44149306,127.0603093
노화중학교,중학교,전라남도,완도군,노화읍,이포리 345,34.18404317,126.5729982
광양진월중학교,중학교,전라남도,광양시,진월면,선소리 752,34.9851208,127.7499349
동강중학교,중학교,전라남도,고흥군,동강면,유둔리 64-3,34.77202639,127.3363619
김해여자중학교,중학교,경상남도,김해시,대성동,140,35.24019103,128.8777008
양산여자중학교,중학교,경상남도,양산시,교동,206,35.34527202,129.0241365
전주풍남중학교,중학교,전라북도,전주시,완산구,효자동1가 504-5,35.79980046,127.1152469
전주근영중학교,중학교,전라북도,전주시,완산구,중화산동2가 247,35.82030227,127.1246416
함안중학교,중학교,경상남도,함안군,가야읍,도항리 163-3,35.282922,128.4042846
순천금당중학교,중학교,전라남도,순천시,해룡면,상삼리 695,34.94417403,127.531538
부남중학교,중학교,전라북도,무주군,부남면,대소리 510,35.97290779,127.5597534
산양중학교,중학교,경상남도,통영시,산양읍,남평리 862-1,34.80205332,128.3920215
구림중학교,중학교,전라북도,순창군,구림면,운남리 233,35.45297226,127.100401
서창중학교,중학교,경상남도,양산시,삼호동,158-1,35.41270108,129.1782555
하양여자중학교,중학교,경상북도,경산시,하양읍,대학리 100,35.92967651,128.826076
동향중학교,중학교,전라북도,진안군,동향면,대량리 188,35.83550868,127.5723506
진해남중학교,중학교,경상남도,창원시,진해구,경화동 781-22,35.161618,128.6893971
옥구중학교,중학교,전라북도,군산시,대야면,지경리 877-10,35.94316674,126.8050803
장계중학교,중학교,전라북도,장수군,장계면,장계리 301,35.73247313,127.5826999
삼현여자중학교,중학교,경상남도,진주시,상평동,218-1,35.17765098,128.1107371
돌산중앙중학교,중학교,전라남도,여수시,돌산읍,둔전리 607,34.65320725,127.7704784
목포홍일중학교,중학교,전라남도,목포시,죽교동,580-6,34.80223621,126.3755128
신림중학교,중학교,전라북도,고창군,신림면,무림리 61-1,35.48793032,126.7175946
안골포중학교,중학교,경상남도,창원시,진해구,청안동 476,35.10252543,128.8051432
함평손불중학교,중학교,전라남도,함평군,손불면,대전리 636,35.14418792,126.4281757
영천중학교,중학교,경상북도,영천시,창구동,산1-3,35.97489339,128.928862
아산중학교,중학교,전라북도,고창군,아산면,하갑리 370,35.43874982,126.6320729
해제중학교,중학교,전라남도,무안군,해제면,양매리 888-6,35.11538542,126.2984775
사동중학교,중학교,경상북도,경산시,사동,660,35.81400185,128.7590562
순천풍덕중학교,중학교,전라남도,순천시,풍덕동,323-5,34.93819689,127.5072413
삼남중학교,중학교,전라북도,부안군,부안읍,선은리 135,35.72920143,126.7422519
자인중학교,중학교,경상북도,경산시,자인면,북사리 242,35.81989055,128.8217723
덕암중학교,중학교,전라북도,김제시,서암동,1,35.81309241,126.8870829
옥포성지중학교,중학교,경상남도,거제시,옥포동,242,34.88726316,128.6905058
함열중학교,중학교,전라북도,익산시,함열읍,와리 530-65,36.0827198,126.9597687
순창북중학교,중학교,전라북도,순창군,순창읍,순화리 78,35.3790983,127.1389666
전주효정중학교,중학교,전라북도,전주시,완산구,서완산동1가 227-1,35.8067646,127.1336242
여선중학교,중학교,전라남도,여수시,선원동,136,34.76822906,127.6542642
이리중학교,중학교,전라북도,익산시,평화동,169,35.93424298,126.9418576
산서중학교,중학교,전라북도,장수군,산서면,동화리 73,35.58388638,127.3990162
창녕여자중학교,중학교,경상남도,창녕군,창녕읍,말흘리 51,35.53925262,128.5052665
목포유달중학교,중학교,전라남도,목포시,산정동,10,34.80494028,126.3905327
화산중학교,중학교,전라남도,해남군,화산면,연정리 501-1,34.49546532,126.5091666
장성중학교,중학교,전라남도,장성군,장성읍,영천리 610-2,35.30839569,126.7926017
봉명중학교,중학교,경상남도,김해시,외동,470,35.22758024,128.8630051
쌍치중학교,중학교,전라북도,순창군,쌍치면,쌍계리 576-7,35.49956589,127.0015481
입암중학교,중학교,전라북도,정읍시,입암면,단곡리 573-4,35.51610661,126.7945601
지수중학교,중학교,경상남도,진주시,지수면,승산리 511-1,35.22983862,128.2675300198
군북중학교,중학교,경상남도,함안군,군북면,덕대리 267,35.26050336,128.3437104
전주덕진중학교,중학교,전라북도,전주시,덕진구,덕진동2가 234-1,35.84406521,127.1169315
김해대동중학교,중학교,경상남도,김해시,대동면,초정리 13-13,35.23865485,128.9936485
영양여자중학교,중학교,경상북도,영양군,영양읍,동부리 5,36.66188808,129.1297626
구룡포중학교,중학교,경상북도,포항시,남구,구룡포읍 구룡포리 199-30,35.99179076,129.5659125
진주동중학교,중학교,경상남도,진주시,금산면,중천리 281-3,35.21676532,128.1426495
사송중학교,중학교,경상남도,양산시,동면,내송리 885,35.31997636,129.0696455
한재중학교,중학교,전라남도,담양군,대전면,대치리 891-2,35.27502333,126.8905002
약목중학교,중학교,경상북도,칠곡군,약목면,복성리 777,36.03537499,128.3604432
지정중학교,중학교,경상남도,의령군,지정면,마산리 650-2,35.36486068,128.414972
의신중학교,중학교,전라남도,진도군,의신면,돈지리 660-2,34.44017722,126.2798028
삼정중학교,중학교,경상남도,김해시,삼정동,636,35.23393351,128.9014451
포두중학교,중학교,전라남도,고흥군,포두면,길두리 1036,34.56639673,127.3403298
문산중학교,중학교,경상남도,진주시,충무공동,273-1,35.176983,128.1524800094
성신여자중학교,중학교,경상북도,상주시,계산동,330-1,36.42809793,128.1635092
진상중학교,중학교,전라남도,광양시,진상면,섬거리 557-38,35.01702381,127.7165243
완도보길중학교,중학교,전라남도,완도군,보길면,부황리 11-3,34.16802251,126.5635684
익산중학교,중학교,전라북도,익산시,금마면,동고도리 565,35.99491837,127.055479
영양중학교,중학교,경상북도,영양군,영양읍,서부리 540,36.66077434,129.1108216
마산동중학교,중학교,경상남도,창원시,마산회원구,회원동 376-1,35.22110594,128.5681332
신태인중학교,중학교,전라북도,정읍시,신태인읍,신태인리 9,35.69198097,126.8937261
대청중학교,중학교,경상남도,김해시,대청동,319-2,35.18858742,128.8025437
번암중학교,중학교,전라북도,장수군,번암면,노단리 491,35.53566532,127.5482984
임피중학교,중학교,전라북도,군산시,서수면,서수리 1085-1,35.98422417,126.8698947
오룡중학교,중학교,전라남도,무안군,삼향읍,남악리 2535,34.80782842,126.4752255
순천삼산중학교,중학교,전라남도,순천시,해룡면,신대리 1995,34.933829,127.5557272
영암낭주중학교,중학교,전라남도,영암군,학산면,독천리 151,34.72700558,126.5662539
동해중학교,중학교,경상남도,고성군,동해면,양촌리 814,35.04641801,128.4474265
신월중학교,중학교,경상남도,창원시,의창구,신월동 33,35.22860169,128.6935418
계룡중학교,중학교,경상남도,거제시,고현동,293-3,34.88492349,128.6283693
순천주암중학교,중학교,전라남도,순천시,주암면,창촌리 663,35.06307271,127.2732628
한산중학교,중학교,경상남도,통영시,한산면,하소리 36-2,34.768266,128.5076295
상서중학교,중학교,전라북도,부안군,상서면,용서리 117,35.68741026,126.6765207
원동중학교,중학교,경상남도,양산시,원동면,원리 577,35.37604466,128.9216574
목포정명여자중학교,중학교,전라남도,목포시,양동,86-1,34.79640482,126.3831138
약산중학교,중학교,전라남도,완도군,약산면,장용리 850,34.39213844,126.8996588
삼성현중학교,중학교,경상북도,경산시,백천동,591-2,35.801141,128.7401211
군산금강중학교,중학교,전라북도,군산시,미룡동,899,35.940976,126.6882519
이리북중학교,중학교,전라북도,익산시,신동,427-1,35.96370252,126.9514716
원광중학교,중학교,전라북도,익산시,부송동,122-5,35.97389316,127.0013592
기계중학교기북분교장,중학교,경상북도,포항시,북구,기북면 용기리 74,36.13131831,129.1671005
전주평화중학교,중학교,전라북도,전주시,완산구,평화동2가 911-2,35.78337483,127.1340232
순천승평중학교,중학교,전라남도,순천시,해룡면,신대리 1967,34.93819484,127.5452926
김해모산중학교,중학교,경상남도,김해시,장유동,872,35.16598838,128.8300547
구미여자중학교,중학교,경상북도,구미시,원평동,404,36.12523333,128.3269776
북후중학교,중학교,경상북도,안동시,북후면,장기리 816,36.68092819,128.6989439
담양금성중학교,중학교,전라남도,담양군,금성면,석현리 51,35.340526,127.0211102
구림중학교,중학교,전라남도,영암군,군서면,동구림리 414-1,34.76013402,126.6259299
청람중학교,중학교,전라남도,강진군,군동면,라천리 161,34.649205,126.820322
감문중학교,중학교,경상북도,김천시,감문면,삼성리 676,36.21758894,128.1861782
백산중학교,중학교,전라북도,부안군,백산면,오곡리 547-5,35.70808449,126.7910026
산내중학교,중학교,전라북도,남원시,산내면,대정리 601,35.42289088,127.6274529
천생중학교,중학교,경상북도,구미시,구평동,474-2,36.09007828,128.4377035
산외중학교,중학교,전라북도,정읍시,산외면,정량리 1175-1,35.61870768,127.0448971
오상중학교,중학교,경상북도,구미시,장천면,상장리 700,36.12502535,128.4961942
매화중학교,중학교,경상북도,울진군,매화면,매화리 1141,36.91225713,129.3811157
마성중학교,중학교,경상북도,문경시,마성면,외어리 400,36.69529959,128.133819
광양백운중학교,중학교,전라남도,광양시,중동,1674-8,34.93473703,127.6946462
전주온빛중학교,중학교,전라북도,전주시,덕진구,장동 1070,35.84350884,127.058398
웅상여자중학교,중학교,경상남도,양산시,평산동,281-1,35.37547538,129.1448484
선유도중학교,중학교,전라북도,군산시,옥도면,선유도리 234,35.811858,126.4124056
호계중학교,중학교,경상남도,창원시,마산회원구,내서읍 호계리 645,35.26685106,128.5139257
진례중학교,중학교,경상남도,김해시,진례면,초전리 243,35.24908424,128.7561667
넙도초등학교노화중학교넙도분교장,중학교,전라남도,완도군,노화읍,내리 488-1,34.18846082,126.5042111
김천여자중학교,중학교,경상북도,김천시,성내동,51,36.12577398,128.1191369
구이중학교,중학교,전라북도,완주군,구이면,원기리 543-4,35.734126,127.1183738
낭주중학교,중학교,전라북도,부안군,부안읍,봉덕리 658-2,35.713802,126.7346339
옥곡중학교,중학교,전라남도,광양시,옥곡면,묵백리 74-1,34.99549987,127.7009386
남원중학교,중학교,전라북도,남원시,향교동,640,35.42133278,127.3794518
군산월명중학교,중학교,전라북도,군산시,소룡동,1526,35.97516852,126.6797151
감곡중학교,중학교,전라북도,정읍시,감곡면,방교리 488,35.7183138,126.9235695
충덕중학교,중학교,전라남도,여수시,덕충동,429,34.75489021,127.7464736
심원중학교,중학교,전라북도,고창군,심원면,연화리 664-9,35.52028349,126.5485883
하동중학교,중학교,경상남도,하동군,하동읍,광평리 220-4,35.062148,127.7479205
전주곤지중학교,중학교,전라북도,전주시,완산구,동완산동 395,35.81056438,127.143278
성수중학교,중학교,전라북도,임실군,성수면,양지리 257,35.6297434,127.3358183
남성중학교,중학교,전라북도,익산시,신동,156-4,35.95635944,126.965918
여수종고중학교,중학교,전라남도,여수시,동산동,산12-4,34.74436688,127.7363763
용지중학교,중학교,전라북도,김제시,용지면,구암리 258-1,35.85077247,126.9605037
목포여자중학교,중학교,전라남도,목포시,경동2가,7-2,34.78517069,126.3801797
전주남중학교,중학교,전라북도,전주시,완산구,평화동1가 445-4,35.79608353,127.1402939
양학중학교,중학교,경상북도,포항시,북구,득량동 205-6,36.03347484,129.3418898
상하중학교,중학교,전라북도,고창군,상하면,장산리 78-6,35.44537281,126.4882935
만경중학교,중학교,전라북도,김제시,만경읍,만경리 527,35.84855174,126.8172224
운주중학교,중학교,전라북도,완주군,운주면,장선리 179-1,36.08868999,127.2813392
상관중학교,중학교,전라북도,완주군,상관면,신리 603-5,35.771038,127.2067382
목포항도여자중학교,중학교,전라남도,목포시,상동,327,34.81662603,126.4111056
용진중학교,중학교,전라북도,완주군,용진읍,상운리 121-1,35.88236024,127.1532729
동원중학교,중학교,경상남도,통영시,광도면,죽림리 산334,34.87046484,128.4130674
김제중학교,중학교,전라북도,김제시,신풍동,215-1,35.79376151,126.8995867
양산중앙중학교,중학교,경상남도,양산시,남부동,556-1,35.33259109,129.0259921
합포여자중학교,중학교,경상남도,창원시,마산회원구,회성동 458-9,35.23215536,128.561743
목포청호중학교,중학교,전라남도,목포시,연산동,1984,34.816088,126.3906435
금지중학교,중학교,전라북도,남원시,금지면,옹정리 589-1,35.35002408,127.3016161
해운중학교,중학교,경상남도,창원시,마산합포구,해운동 51,35.17757645,128.565297
곡성중학교,중학교,전라남도,곡성군,곡성읍,읍내리 726-1,35.28105328,127.2883269
금오중학교,중학교,경상남도,양산시,동면,석산리 1448-1,35.32204222,129.027763
하의중학교,중학교,전라남도,신안군,하의면,웅곡리 220,34.60603857,126.0371142
용남중학교,중학교,경상남도,사천시,용현면,선진리 67,35.044169,128.0643803
하서중학교,중학교,전라북도,부안군,하서면,석상리 378-1,35.71414156,126.6376014
해성중학교,중학교,경상남도,남해군,남면,평산리 271,34.77357644,127.8602782
왕궁중학교,중학교,전라북도,익산시,왕궁면,흥암리 91-1,35.96712764,127.0909328
명서중학교,중학교,경상남도,창원시,의창구,명서동 28-1,35.25153733,128.6440578
학산중학교,중학교,전라북도,정읍시,상동,84,35.56034415,126.8753952
청하중학교,중학교,전라북도,김제시,청하면,관상리 471-2,35.88191902,126.8514878
안산중학교,중학교,전라남도,여수시,안산동,714,34.7553989,127.6524025
남원한빛중학교,중학교,전라북도,남원시,월락동,428,35.42390146,127.402738
석보중학교,중학교,경상북도,영양군,석보면,원리리 142-1,36.55265804,129.135533
고성동중학교,중학교,경상남도,고성군,거류면,당동리 235,34.987736,128.4012968
동진여자중학교,중학교,경상남도,창원시,진해구,풍호동 740-1,35.142582,128.703942
전주성심여자중학교,중학교,전라북도,전주시,완산구,교동 280,35.81195132,127.150661
계림중학교,중학교,경상북도,경주시,황성동,469-8,35.86411253,129.2141461
고흥중학교,중학교,전라남도,고흥군,고흥읍,남계리 238,34.61480957,127.2890618
줄포중학교,중학교,전라북도,부안군,줄포면,줄포리 272,35.59248737,126.676313
마령중학교,중학교,전라북도,진안군,마령면,평지리 580-4,35.73289992,127.3716574
고흥풍양중학교,중학교,전라남도,고흥군,풍양면,율치리 920-1,34.57000635,127.2520243
성지여자중학교,중학교,경상남도,창원시,마산합포구,완월동 206-1,35.197937,128.5598321
창선중학교,중학교,경상남도,남해군,창선면,상죽리 115,34.85749552,128.0122318
금성중학교,중학교,전라북도,김제시,신풍동,144-1,35.7980177,126.8988054
경산여자중학교,중학교,경상북도,경산시,옥곡동,7,35.8177642,128.7299454
풍각중학교,중학교,경상북도,청도군,풍각면,송서리 553-6,35.64122493,128.6207782
칠성중학교,중학교,경상남도,함안군,칠서면,용성리 22-22,35.38841766,128.5028395
경구중학교,중학교,경상북도,구미시,봉곡동,279,36.14854107,128.307609
흥덕중학교,중학교,전라북도,고창군,흥덕면,흥덕리 436,35.52331092,126.7015304
성지송학중학교,중학교,전라남도,영광군,군서면,송학리 219-1,35.27183641,126.459325
무안청계중학교,중학교,전라남도,무안군,청계면,도림리 542,34.91547999,126.4297122
전일중학교,중학교,전라북도,전주시,덕진구,인후동2가 39-16,35.83829946,127.144964
마산삼진중학교,중학교,경상남도,창원시,마산합포구,진동면 진동리 241-1,35.11430894,128.4882202
금호중학교,중학교,경상북도,영천시,금호읍,교대리 172-1,35.93238187,128.8736677
문경여자중학교,중학교,경상북도,문경시,모전동,513,36.5956739,128.1898857
포항이동중학교,중학교,경상북도,포항시,남구,이동 664,36.03035784,129.340069
전북동화중학교,중학교,전라북도,정읍시,태인면,태창리 217-2,35.65059282,126.9374917
안동중학교,중학교,경상북도,안동시,태화동,255,36.56465434,128.711948
화동중학교,중학교,경상북도,상주시,화동면,이소리 323,36.3884768,127.9587288
무을중학교,중학교,경상북도,구미시,무을면,무등리 327,36.25877943,128.1891946
개운중학교,중학교,경상남도,양산시,삼호동,747,35.41239092,129.1699843
전주신흥중학교,중학교,전라북도,전주시,완산구,중화산동1가 188,35.81541013,127.1362767
만경여자중학교,중학교,전라북도,김제시,만경읍,만경리 404-2,35.85368921,126.8147776
해남제일중학교,중학교,전라남도,해남군,해남읍,구교리 273,34.57655772,126.5965165
연초중학교,중학교,경상남도,거제시,연초면,죽토리 724,34.91287432,128.6590176
전주해성중학교,중학교,전라북도,전주시,완산구,삼천동2가 555,35.78676751,127.1008413
경원중학교,중학교,경상남도,창원시,성산구,중앙동 113,35.22548083,128.6632959
전주온고을중학교,중학교,전라북도,전주시,덕진구,인후동1가 117,35.829151,127.1654968
삼례중학교,중학교,전라북도,완주군,삼례읍,삼례리 1691-7,35.91106842,127.078716
전주중앙중학교,중학교,전라북도,전주시,덕진구,진북동 301-19,35.82800762,127.1380542
성내중학교,중학교,전라북도,고창군,성내면,신성리 100-1,35.54309223,126.7444702
순창여자중학교,중학교,전라북도,순창군,순창읍,순화리 514-2,35.37840957,127.1339636
전주우전중학교,중학교,전라북도,전주시,완산구,효자동2가 188,35.80597309,127.1073907
목포영화중학교,중학교,전라남도,목포시,상동,525-9,34.80736557,126.4108458
법성중학교,중학교,전라남도,영광군,법성면,대덕리 543,35.35826749,126.4560099727
목포옥암중학교,중학교,전라남도,목포시,옥암동,1271,34.81033767,126.4529022
남지여자중학교,중학교,경상남도,창녕군,남지읍,마산리 894-6,35.38974539,128.4687749
진안여자중학교,중학교,전라북도,진안군,진안읍,군상리 1066,35.80154854,127.4213457
송동중학교,중학교,전라북도,남원시,송동면,신평리 48-3,35.36398527,127.3426621
범어중학교,중학교,경상남도,양산시,물금읍,범어리 2677-1,35.33187736,129.0099715
대구가톨릭대학교사범대학부속무학중학교,중학교,경상북도,경산시,하양읍,도리리 76,35.92002869,128.8159912
백운중학교,중학교,전라북도,진안군,백운면,백암리 631,35.68898827,127.3975578
청웅중학교,중학교,전라북도,임실군,청웅면,구고리 1060-1,35.56942024,127.1982913
둔덕중학교,중학교,경상남도,거제시,둔덕면,하둔리 407-2,34.83967678,128.505806
여수삼일중학교,중학교,전라남도,여수시,소라면,죽림리 1126,34.763658,127.6407695
진남여자중학교,중학교,전라남도,여수시,미평동,328,34.7695745,127.7067839
함양중학교,중학교,경상남도,함양군,함양읍,교산리 217,35.52544442,127.7310521
나주금천중학교,중학교,전라남도,나주시,빛가람동,315,35.01469441,126.797563
임실동중학교,중학교,전라북도,임실군,임실읍,이도리 751,35.61456761,127.2788369
웅천중학교,중학교,경상남도,창원시,진해구,남문동 1213-14,35.10245311,128.7546083
웅포중학교,중학교,전라북도,익산시,웅포면,고창리 190,36.08871987,126.8852374
화순제일중학교,중학교,전라남도,화순군,화순읍,대리 130,35.0548525,126.9747483
안좌중학교,중학교,전라남도,신안군,안좌면,창마리 290,34.74424551,126.1275449
화산중학교,중학교,경상북도,영천시,화산면,유성리 1360-1,36.01997426,128.8488845
군산진포중학교,중학교,전라북도,군산시,수송동,61-10,35.97243982,126.7220784
어모중학교,중학교,경상북도,김천시,어모면,동좌리 519,36.20138852,128.1090763
보성중학교,중학교,전라남도,보성군,보성읍,옥평리 805,34.76481313,127.0909425
빛가람중학교,중학교,전라남도,나주시,빛가람동,625,35.00863779,126.786368
군산제일중학교,중학교,전라북도,군산시,조촌동,84,35.97273147,126.7490296
아영중학교,중학교,전라북도,남원시,아영면,청계리 103,35.50702807,127.6098924
진주남중학교,중학교,경상남도,진주시,칠암동,384,35.181018,128.090492
완도중학교,중학교,전라남도,완도군,완도읍,군내리 943,34.308886,126.751084
공음중학교,중학교,전라북도,고창군,공음면,칠암리 570-1,35.3791647,126.5146986
전주아중중학교,중학교,전라북도,전주시,덕진구,우아동2가 888-1,35.83248496,127.1703815
안동여자중학교,중학교,경상북도,안동시,법상동,1,36.57298365,128.7275685
계화중학교,중학교,전라북도,부안군,계화면,창북리 783,35.75980648,126.6949525
옥포중학교,중학교,경상남도,거제시,옥포동,781-2,34.89573315,128.6981136
생림중학교,중학교,경상남도,김해시,생림면,생철리 316-5,35.353465,128.8502498
칠보중학교,중학교,전라북도,정읍시,칠보면,와우리 696,35.61302799,126.9933595
웅상중학교,중학교,경상남도,양산시,평산동,297-3,35.37645026,129.1439927
적상중학교,중학교,전라북도,무주군,적상면,사산리 1210-1,35.93509921,127.6565828
김해삼계중학교,중학교,경상남도,김해시,삼계동,1425,35.26651465,128.8642383
진평중학교,중학교,경상북도,구미시,진평동,178,36.09504481,128.4218139
묘산중학교,중학교,경상남도,합천군,묘산면,산제리 10,35.66049728,128.1135315
황산중학교,중학교,전라남도,해남군,황산면,우항리 16-1,34.58080637,126.4473618
감포중학교,중학교,경상북도,경주시,감포읍,오류리 478-2,35.81078851,129.5061535
장흥장평중학교,중학교,전라남도,장흥군,장평면,용강리 52,34.77411141,126.9734838
낙동중학교,중학교,경상북도,상주시,낙동면,낙동리 128-1,36.3654791,128.3001767
영암여자중학교,중학교,전라남도,영암군,영암읍,동무리 4,34.80443156,126.7034113
일직중학교,중학교,경상북도,안동시,일직면,귀미리 1016-3,36.4706707,128.6638115
여수웅천중학교,중학교,전라남도,여수시,웅천동,1672,34.75103353,127.674991
진량중학교,중학교,경상북도,경산시,진량읍,신상리 1114-6,35.87727334,128.8110155
나포중학교,중학교,전라북도,군산시,나포면,옥곤리 445-5,36.02778284,126.832334
옥계중학교,중학교,경상북도,구미시,거의동,610-1,36.13852781,128.410856
삼호중학교,중학교,전라남도,영암군,삼호읍,용앙리 262,34.75075323,126.4674655
한얼중학교,중학교,경상남도,김해시,진영읍,여래리 479,35.30449312,128.7420673
창덕중학교,중학교,경상남도,창원시,의창구,동읍 용잠리 282,35.277441,128.6888058
모서중학교,중학교,경상북도,상주시,모서면,삼포리 222-3,36.34441508,127.961057
산동중학교,중학교,경상북도,영천시,화남면,삼창리 86,36.068362,128.897874
경북중부중학교,중학교,경상북도,의성군,비안면,이두리 341,36.33827359,128.4912044
마산중앙중학교,중학교,경상남도,창원시,마산회원구,합성동 12-1,35.24269513,128.5969158
포항동해중학교,중학교,경상북도,포항시,남구,동해면 도구리 621,35.98983978,129.4398423
밀양중학교,중학교,경상남도,밀양시,삼문동,115-1,35.48341292,128.7560193
금성중학교,중학교,전라남도,나주시,대호동,899-1,35.0380384,126.712291
온정중학교,중학교,경상북도,울진군,온정면,소태리 799-1,36.72653526,129.3466575
경안여자중학교,중학교,경상북도,안동시,금곡동,1-3,36.57250005,128.7231447
소천중학교,중학교,경상북도,봉화군,소천면,현동리 701-10,36.94233953,129.0006938
풍산중학교,중학교,경상북도,안동시,풍산읍,안교리 320,36.58414665,128.5665358
장흥향원중학교,중학교,전라남도,장흥군,장흥읍,건산리 448-1,34.68260537,126.9120574
전주솔빛중학교,중학교,전라북도,전주시,덕진구,송천동1가 127-29,35.85903251,127.124056
진명여자중학교,중학교,경상남도,진주시,하대동,120-1,35.18786394,128.1256918
임자중학교,중학교,전라남도,신안군,임자면,대기리 353,35.09046024,126.0997368
장성삼서중학교,중학교,전라남도,장성군,삼서면,대곡리 297-1,35.229225,126.6518544
영덕중학교,중학교,경상북도,영덕군,영덕읍,화개리 72,36.41488843,129.3679427
전주우아중학교,중학교,전라북도,전주시,덕진구,우아동3가 602-21,35.85413557,127.1536003
신광중학교,중학교,경상북도,포항시,북구,신광면 토성리 344,36.13077706,129.263967
동광양중학교,중학교,전라남도,광양시,중동,1730-2,34.945509997,127.6965072
옥과중학교,중학교,전라남도,곡성군,옥과면,율사리 271,35.27255501,127.1282988
무안북중학교,중학교,전라남도,무안군,무안읍,교촌리 257,34.98928006,126.467799
합천중학교,중학교,경상남도,합천군,합천읍,합천리 293,35.56424376,128.166591
나주다시중학교,중학교,전라남도,나주시,다시면,영동리 453-30,35.01511534,126.6379377
소성중학교,중학교,전라북도,정읍시,소성면,등계리 909,35.55620959,126.7855099477
신안흑산중학교,중학교,전라남도,신안군,흑산면,진리 26,34.68286744,125.4327867
진안중학교,중학교,전라북도,진안군,진안읍,군상리 1053-4,35.80074338,127.4183991
삼성중학교,중학교,경상북도,의성군,단북면,노연리 377,36.3892258,128.428132
청도중학교,중학교,경상북도,청도군,청도읍,고수리 840-2,35.64073632,128.7479311
화순북면중학교,중학교,전라남도,화순군,백아면,이천리 26,35.166156,127.1340919
산양중학교,중학교,경상북도,문경시,산양면,불암리 210,36.6133604,128.255518
신흥중학교,중학교,경상북도,포항시,남구,오천읍 세계리 700-3,35.96497037,129.4224437
명곡여자중학교,중학교,경상남도,창원시,의창구,명서동 117,35.24370853,128.6449711
영광여자중학교,중학교,경상북도,영주시,영주동,139,36.83289851,128.6208221
나주반남중학교,중학교,전라남도,나주시,반남면,흥덕리 22-15,34.90175176,126.6521307
포항제철중학교,중학교,경상북도,포항시,남구,지곡동 52,36.02230834,129.3270264
대보중학교,중학교,경상북도,포항시,남구,호미곶면 대보리 214,36.07565376,129.5672519
웅동중학교,중학교,경상남도,창원시,진해구,두동 1166-4,35.11282287,128.7962528
안천중학교,중학교,전라북도,진안군,안천면,백화리 1550,35.90029728,127.5601694
담양여자중학교,중학교,전라남도,담양군,담양읍,강쟁리 176,35.29960333,126.9762152
모계중학교,중학교,경상북도,청도군,화양읍,범곡리 117,35.6494626,128.7359915
유강중학교,중학교,경상북도,포항시,남구,연일읍 유강리 143-5,36.00900446,129.3181196
아포중학교,중학교,경상북도,김천시,아포읍,국사리 757-1,36.15917383,128.2429083
광평중학교,중학교,경상북도,구미시,광평동,160,36.11651264,128.3568194
상도중학교,중학교,경상북도,포항시,남구,대도동 157-1,36.01453645,129.3616232
장흥중학교,중학교,전라남도,장흥군,장흥읍,건산리 506,34.68363266,126.9103612
오태중학교,중학교,경상북도,구미시,오태동,613-2,36.07176063,128.3540672
옥계동부중학교,중학교,경상북도,구미시,옥계동,911,36.13905171,128.426171
강진작천중학교,중학교,전라남도,강진군,작천면,평리 172-1,34.70612997,126.7706339
창신중학교,중학교,경상남도,창원시,마산회원구,봉암동 511-8,35.22433034,128.5973703
상지여자중학교,중학교,경상북도,상주시,함창읍,오동리 635,36.5693225,128.1851504
세지중학교,중학교,전라남도,나주시,세지면,오봉리 279-2,34.91802313,126.7483047
성의중학교,중학교,경상북도,김천시,지좌동,621,36.11395555,128.1389811
우수영중학교,중학교,전라남도,해남군,문내면,동외리 880-1,34.59539971,126.312378
벌교여자중학교,중학교,전라남도,보성군,벌교읍,벌교리 508,34.84501119,127.3407995
다인중학교,중학교,경상북도,의성군,다인면,도암리 283,36.45317309,128.3551268
풍기중학교,중학교,경상북도,영주시,풍기읍,동부리 369,36.87028488,128.5315522
거제고현중학교,중학교,경상남도,거제시,고현동,368,34.87766458,128.6247295
목포제일중학교,중학교,전라남도,목포시,용해동,170-5,34.796132,126.4069043
남평중학교,중학교,전라남도,나주시,남평읍,동사리 165,35.04569913,126.8463686
선주중학교,중학교,경상북도,구미시,봉곡동,6,36.14257948,128.3132347
화령중학교,중학교,경상북도,상주시,화서면,달천리 503-1,36.44245211,127.9458942
용담중학교,중학교,전라북도,진안군,용담면,송풍리 1002,35.9652011,127.5185427
강진중학교,중학교,전라남도,강진군,강진읍,동성리 5-1,34.64390492,126.7785187
전주화정중학교,중학교,전라북도,전주시,덕진구,송천동2가 1340,35.87164049,127.130461
순천신흥중학교,중학교,전라남도,순천시,해룡면,상삼리 611,34.95132643,127.5266916
녹동중학교,중학교,전라남도,고흥군,도양읍,봉암리 1824,34.53563455,127.1366964
진주동명중학교,중학교,경상남도,진주시,초전동,515,35.20257652,128.1186019
도암중학교,중학교,전라남도,강진군,도암면,석문리 279,34.54979412,126.722921
김천중앙중학교,중학교,경상북도,김천시,삼락동,548,36.141442,128.0842226
수남중학교,중학교,경상남도,김해시,율하동,1394,35.17175906,128.8190488
청송중학교부동분교장,중학교,경상북도,청송군,주왕산면,주산지리 916,36.358059,129.157434
함안여자중학교,중학교,경상남도,함안군,가야읍,도항리 463,35.27250669,128.4024888
순심중학교,중학교,경상북도,칠곡군,왜관읍,왜관리 340,35.9864732,128.403217
지보중학교,중학교,경상북도,예천군,지보면,마전리 142-1,36.54457556,128.3880699956
소안중학교,중학교,전라남도,완도군,소안면,비자리 874,34.17355884,126.656019
장흥용산중학교,중학교,전라남도,장흥군,용산면,인암리 789-7,34.61668729,126.9139463
충무여자중학교,중학교,경상남도,통영시,인평동,385,34.841437,128.3963458
순심여자중학교,중학교,경상북도,칠곡군,왜관읍,왜관리 776-9,35.98647718,128.3958253
송라중학교,중학교,경상북도,포항시,북구,송라면 광천리 184,36.22834872,129.3543734
봉화중학교,중학교,경상북도,봉화군,봉화읍,삼계리 40,36.89603742,128.7399693
문명중학교,중학교,경상북도,경산시,백천동,산16,35.80503215,128.7451394
영동중학교,중학교,경상북도,영천시,야사동,393,35.97778874,128.9465541
단산중학교,중학교,경상북도,영주시,단산면,단곡리 7-1,36.95287388,128.6167225
영주중학교,중학교,경상북도,영주시,휴천동,704-7,36.82000404,128.6320371
진교중학교,중학교,경상남도,하동군,진교면,진교리 560-1,35.03648168,127.8997632
형곡중학교,중학교,경상북도,구미시,형곡동,289-2,36.10630547,128.330934
구천중학교,중학교,경상북도,청송군,부남면,하속리 90,36.31362921,129.0988847
고흥도덕중학교,중학교,전라남도,고흥군,도덕면,신양리 1350,34.57551603,127.1755625
안성중학교,중학교,전라북도,무주군,안성면,사전리 1224,35.86958714,127.6544784
여도중학교,중학교,전라남도,여수시,봉계동,37,34.7841399,127.6943999
동진중학교,중학교,경상남도,창원시,진해구,자은동 793-7,35.14416613,128.7051285
무산중학교,중학교,경상북도,경주시,건천읍,천포리 636,35.84478145,129.0961167
광양제철중학교,중학교,전라남도,광양시,금호동,679,34.94862438,127.7277236
강진칠량중학교,중학교,전라남도,강진군,칠량면,영복리 600,34.57155476,126.796534
반송여자중학교,중학교,경상남도,창원시,성산구,반림동 19,35.23577251,128.674391
삼정자중학교,중학교,경상남도,창원시,성산구,성주동 105,35.20123356,128.7121935
성남여자중학교,중학교,경상북도,영천시,도동,213-1,35.9492794,128.9317962
지품중학교,중학교,경상북도,영덕군,지품면,신안리 92-4,36.450434,129.283436
부구중학교,중학교,경상북도,울진군,북면,부구리 863-7,37.09932894,129.3558265
도개중학교,중학교,경상북도,구미시,도개면,궁기리 754,36.30151219,128.3301698
경주여자중학교,중학교,경상북도,경주시,서악동,255,35.83947751,129.1951452
금계중학교,중학교,경상북도,영주시,풍기읍,금계리 279-2,36.88578033,128.524135
고흥대서중학교,중학교,전라남도,고흥군,대서면,화산리 1305,34.77477904,127.2854955
오천중학교,중학교,경상북도,포항시,남구,오천읍 용덕리 267,35.96902488,129.412792
창원남중학교,중학교,경상남도,창원시,성산구,외동 257-7,35.21397156,128.6797496
창원여자중학교,중학교,경상남도,창원시,의창구,팔용동 186,35.25933184,128.6164149
전주우림중학교,중학교,전라북도,전주시,완산구,효자동2가 1199-3,35.80570638,127.0990235
나주봉황중학교,중학교,전라남도,나주시,봉황면,죽석리 677-9,34.9551506,126.7770113
금성중학교,중학교,경상북도,의성군,금성면,탑리리 582,36.25441645,128.690147
영암도포중학교,중학교,전라남도,영암군,도포면,구학리 370-3,34.85005914,126.6434204
광양중동중학교,중학교,전라남도,광양시,중동,1672,34.93402774,127.691661
안강중학교,중학교,경상북도,경주시,안강읍,안강리 597-4,35.99278593,129.2298034
화양중학교,중학교,전라남도,여수시,화양면,나진리 701,34.707875,127.6039821
청하중학교,중학교,경상북도,포항시,북구,청하면 덕성리 384-1,36.19465393,129.335806
문경서중학교,중학교,경상북도,문경시,문경읍,상리 351,36.73977014,128.1061611
웅남중학교,중학교,경상남도,창원시,성산구,상남동 53,35.21622905,128.6889637
금일중학교생일분교장,중학교,전라남도,완도군,생일면,유서리 626,34.33481853,126.9902527
마산서중학교,중학교,경상남도,창원시,마산합포구,월영동 534-20,35.17852774,128.557306
안강여자중학교,중학교,경상북도,경주시,안강읍,산대리 1855-3,35.993332,129.2108269
김해서중학교,중학교,경상남도,김해시,주촌면,선지리 1468,35.23335181,128.8460221
영광중학교,중학교,경상북도,영주시,영주동,88-1,36.82869809,128.6201762
신안신의중학교,중학교,전라남도,신안군,신의면,상태동리 420-1,34.59074284,126.0797056
벌교중학교,중학교,전라남도,보성군,벌교읍,봉림리 303-3,34.85005681,127.343834
포항영신중학교,중학교,경상북도,포항시,북구,우현동 산63-13,36.05945253,129.351381
비금중학교,중학교,전라남도,신안군,비금면,덕산리 714,34.75982764,125.9232613
나주동강중학교,중학교,전라남도,나주시,동강면,인동리 759-2,34.93913431,126.559516
축산중학교,중학교,경상북도,영덕군,축산면,도곡리 450,36.51351428,129.4063797
강구중학교,중학교,경상북도,영덕군,강구면,삼사리 21,36.35361053,129.3803591
옥산중학교,중학교,경상북도,의성군,옥산면,구성리 408-1,36.3941915,128.8099059
한일여자중학교,중학교,경상북도,김천시,교동,527-1,36.13774035,128.0958438
동로중학교,중학교,경상북도,문경시,동로면,적성리 617-1,36.77602945,128.3136429
하청중학교,중학교,경상남도,거제시,하청면,하청리 698-1,34.9546126,128.6529294
무안현경중학교,중학교,전라남도,무안군,현경면,외반리 580,35.02486435,126.4103098
삼계중학교,중학교,전라남도,장성군,삼계면,사창리 339,35.2584815,126.6654827
영산중학교,중학교,전라남도,나주시,삼영동,17,35.00894093,126.7139419
구산중학교,중학교,경상남도,김해시,구산동,1055,35.251377,128.8683035
샛별중학교,중학교,경상남도,거창군,거창읍,중앙리 475,35.69450701,127.9111301
전남체육중학교,중학교,전라남도,무안군,일로읍,월암리 16-4,34.84533769,126.4962094
죽변중학교,중학교,경상북도,울진군,죽변면,죽변리 215,37.065288,129.421329
담양고서중학교,중학교,전라남도,담양군,고서면,성월리 2-42,35.2233571,126.9783253
청리중학교,중학교,경상북도,상주시,청리면,청하리 954-5,36.33130095,128.1275037
현산중학교,중학교,전라남도,해남군,현산면,일평리 507,34.45850567,126.5577407
점촌중학교,중학교,경상북도,문경시,모전동,600,36.59983852,128.1898244
흥해중학교,중학교,경상북도,포항시,북구,흥해읍 옥성리 168-1,36.10921794,129.3411709
충무중학교,중학교,경상남도,통영시,인평동,386-3,34.84097741,128.3963218
진해여자중학교,중학교,경상남도,창원시,진해구,여좌동 499,35.15667015,128.6588444
북삼중학교,중학교,경상북도,칠곡군,북삼읍,인평리 143,36.06994201,128.342881
봉곡중학교,중학교,경상남도,창원시,의창구,봉곡동 90,35.248764,128.6617998
해남중학교,중학교,전라남도,해남군,해남읍,남외리 4,34.57110825,126.5945569
창포중학교,중학교,경상북도,포항시,북구,창포동 647,36.06592065,129.3690432
광양용강중학교,중학교,전라남도,광양시,광양읍,용강리 925,34.97527174,127.6108295
벽진중학교,중학교,경상북도,성주군,벽진면,수촌리 63-1,35.96103444,128.2128534
조성중학교,중학교,전라남도,보성군,조성면,조성리 904-1,34.808024,127.2424604
내동중학교,중학교,경상남도,김해시,내동,169,35.24106571,128.8589327
해룡중학교,중학교,전라남도,영광군,영광읍,도동리 68,35.26843387,126.513448
활천중학교,중학교,경상남도,김해시,지내동,15,35.23307213,128.9212551
화순동면중학교,중학교,전라남도,화순군,동면,천덕리 84,35.02393047,127.0519154
순천왕운중학교,중학교,전라남도,순천시,왕지동,779-2,34.97281235,127.525222
노안중학교,중학교,전라남도,나주시,노안면,금동리 59-8,35.07365675,126.7340248
은풍중학교,중학교,경상북도,예천군,은풍면,우곡리 456,36.750796,128.4375006
성전중학교,중학교,전라남도,강진군,성전면,월평리 105,34.69371745,126.7064011
장흥중학교,중학교,경상북도,포항시,북구,장성동 1372-1,36.0858103,129.3869383
나주중학교,중학교,전라남도,나주시,죽림동,109,35.03095299,126.7220063
함평월야중학교,중학교,전라남도,함평군,월야면,월야리 612-4,35.18886745,126.6250974
구미중학교,중학교,경상북도,구미시,도량동,799-1,36.14668047,128.3292902
화순동복중학교,중학교,전라남도,화순군,동복면,독상리 477,35.06292841,127.1315756
영암중학교,중학교,전라남도,영암군,영암읍,회문리 256,34.79842158,126.6880458
순천매산중학교,중학교,전라남도,순천시,매곡동,147-6,34.95891877,127.4816008
영암서호중학교,중학교,전라남도,영암군,서호면,장천리 483,34.756228,126.584539
고흥점암중앙중학교,중학교,전라남도,고흥군,점암면,모룡리 489,34.65128409,127.3838141
문경중학교,중학교,경상북도,문경시,흥덕동,733-4,36.60597442,128.2059638
함평여자중학교,중학교,전라남도,함평군,함평읍,내교리 829-2,35.05765099,126.5199402
안계중학교,중학교,경상북도,의성군,안계면,용기리 1009-1,36.38686212,128.4309268
내서중학교,중학교,경상북도,상주시,내서면,낙서리 2,36.41339717,128.0184187
화순사평중학교,중학교,전라남도,화순군,사평면,벽송리 50-4,35.003226,127.0880523
보성여자중학교,중학교,전라남도,보성군,보성읍,우산리 295-3,34.7656791,127.0886606
기계중학교,중학교,경상북도,포항시,북구,기계면 현내리 1089,36.07736697,129.1960801
의성중학교,중학교,경상북도,의성군,의성읍,도동리 649-2,36.34105051,128.7000291
서라벌여자중학교,중학교,경상북도,경주시,황성동,1053-18,35.8549853,129.2176397
영광중학교,중학교,전라남도,영광군,영광읍,녹사리 183-3,35.26558826,126.5048683
이동중학교,중학교,경상남도,남해군,이동면,무림리 1315,34.80280046,127.951543
수륜중학교,중학교,경상북도,성주군,수륜면,신파리 82,35.83081062,128.1964419
순천여자중학교,중학교,전라남도,순천시,매곡동,386,34.96487114,127.4792475
안덕중학교,중학교,경상북도,청송군,안덕면,명당리 360-1,36.289772,128.9570134
여수개도중학교,중학교,전라남도,여수시,화정면,개도리 1057,34.57172091,127.6591358
춘양중학교서벽분교장,중학교,경상북도,봉화군,춘양면,서벽리 473-1,37.01180323,128.8273753
산내중학교,중학교,경상북도,경주시,산내면,의곡리 70-65,35.75291163,129.0467673
군산중앙중학교,중학교,전라북도,군산시,성산면,도암리 608-9,36.00197655,126.7849803
함창중학교,중학교,경상북도,상주시,함창읍,구향리 181,36.567861,128.1739661
장흥안양중학교,중학교,전라남도,장흥군,안양면,운흥리 731-3,34.65304098,126.973885
망운중학교,중학교,전라남도,무안군,운남면,연리 355-3,34.95868793,126.342423
강진여자중학교,중학교,전라남도,강진군,강진읍,서성리 292,34.6399361,126.76054
자은중학교,중학교,전라남도,신안군,자은면,구영리 120,34.888171,126.0441776
성산중학교,중학교,경상남도,창녕군,성산면,정녕리 566,35.61970612,128.472482
나주공산중학교,중학교,전라남도,나주시,공산면,금곡리 844,34.9435841,126.6105622
상모중학교,중학교,경상북도,구미시,임은동,436-1,36.09083563,128.359662
화순도암중학교,중학교,전라남도,화순군,도암면,원천리 829,34.93808898,126.8947653
상주중학교,중학교,경상북도,상주시,만산동,673-1,36.42902055,128.1558594
신안증도중학교,중학교,전라남도,신안군,증도면,증동리 1512,34.9987397,126.1443695
안남중학교,중학교,경상남도,창원시,성산구,대방동 373,35.205577,128.708078
풍천중학교,중학교,경상북도,안동시,풍천면,갈전리 1460,36.57481296,128.5003836
나주문평중학교,중학교,전라남도,나주시,문평면,옥당리 890-1,35.03671151,126.6110211
금오중학교,중학교,경상북도,구미시,임은동,136-3,36.08528382,128.3703889
신반중학교,중학교,경상남도,의령군,부림면,신반리 148-6,35.46313729,128.3200942
예천여자중학교,중학교,경상북도,예천군,예천읍,청복리 850,36.64945519,128.4621726
한림중학교,중학교,경상남도,김해시,한림면,장방리 346,35.32172162,128.7996056
경산제일중학교,중학교,경상북도,경산시,자인면,동부리 208,35.815941,128.827888
함양여자중학교,중학교,경상남도,함양군,함양읍,교산리 956,35.523951,127.7246366
운남중학교,중학교,경상북도,김천시,율곡동,370,36.12200032,128.179117
수동중학교,중학교,경상남도,함양군,수동면,화산리 1010,35.52433595,127.7895834
장곡중학교,중학교,경상북도,칠곡군,석적읍,중리 246,36.07345548,128.415088
동부중학교,중학교,경상남도,거제시,동부면,산양리 348,34.82084244,128.6079629
거창중학교고제분교장,중학교,경상남도,거창군,고제면,농산리 184,35.81412414,127.8735691
순천연향중학교,중학교,전라남도,순천시,연향동,1382,34.94764115,127.5213631
신북중학교,중학교,전라남도,영암군,신북면,월평리 25,34.8909443,126.6977646
영주여자중학교,중학교,경상북도,영주시,가흥동,521-12,36.832073,128.6106174
반림중학교,중학교,경상남도,창원시,성산구,반림동 2,35.23914674,128.6778473
사량중학교,중학교,경상남도,통영시,사량면,금평리 107,34.84403241,128.2204882
순천별량중학교,중학교,전라남도,순천시,별량면,동송리 400,34.86677946,127.4530241
여수구봉중학교,중학교,전라남도,여수시,국동,878,34.73267109,127.7144286
함평신광중학교,중학교,전라남도,함평군,신광면,월암리 272,35.15552762,126.5008917
전주오송중학교,중학교,전라북도,전주시,덕진구,송천동2가 175-22,35.86587029,127.1284673
청송중학교,중학교,경상북도,청송군,청송읍,금곡리 815-3,36.43000334,129.0576987
전주기린중학교,중학교,전라북도,전주시,덕진구,우아동3가 743-10,35.8541504,127.1569104
동지중학교,중학교,경상북도,포항시,북구,용흥동 산125-3,36.03860468,129.3467246
광영중학교,중학교,전라남도,광양시,광영동,435,34.96022556,127.7191768
삼호서중학교,중학교,전라남도,영암군,삼호읍,용당리 995-23,34.74730383,126.3839186
진도중학교,중학교,전라남도,진도군,진도읍,교동리 580-1,34.48257614,126.2580561
경주중학교,중학교,경상북도,경주시,황오동,13,35.84315899,129.2266807
군산동원중학교,중학교,전라북도,군산시,나운동,155-4,35.95943937,126.7000885
화순이양중학교,중학교,전라남도,화순군,이양면,이양리 156-5,34.88670179,126.9920316
인동중학교,중학교,경상북도,구미시,인의동,103,36.10931541,128.4288809
무풍중학교,중학교,전라북도,무주군,무풍면,현내리 503,35.96676372,127.8464511
형남중학교,중학교,경상북도,구미시,형곡동,803-2,36.10110054,128.3358911
함평해보중학교,중학교,전라남도,함평군,해보면,용산리 938-1,35.17547776,126.6037315
해마루중학교,중학교,경상북도,구미시,옥계동,921,36.13959681,128.4328884
성주여자중학교,중학교,경상북도,성주군,성주읍,경산리 463,35.91621487,128.282047
예천중학교,중학교,경상북도,예천군,예천읍,남본리 60,36.65176852,128.4603688
두륜중학교,중학교,전라남도,해남군,북일면,흥촌리 275-9,34.468533,126.6740469
창북중학교,중학교,경상남도,창원시,의창구,북면 무동리 125-1,35.316975,128.5807219
포항중학교,중학교,경상북도,포항시,북구,학산동 205-1,36.04956264,129.3660959
인평중학교,중학교,경상북도,칠곡군,북삼읍,인평리 518-2,36.06259352,128.335692
광양마동중학교,중학교,전라남도,광양시,마동,1020,34.954267,127.6878322
이서중학교,중학교,경상북도,청도군,이서면,서원리 331-3,35.66249467,128.6684614
창원대산중학교,중학교,경상남도,창원시,의창구,대산면 제동리 280,35.33411769,128.710433
안민중학교,중학교,경상남도,창원시,성산구,안민동 663-4,35.18365416,128.6933757
복주여자중학교,중학교,경상북도,안동시,당북동,333-1,36.56259417,128.7180369
양덕여자중학교,중학교,경상남도,창원시,마산회원구,합성동 16-1,35.24369043,128.5947299
조도중학교,중학교,전라남도,진도군,조도면,창유리 1031,34.31313423,126.0420213
남악중학교,중학교,전라남도,무안군,삼향읍,남악리 1581,34.81064882,126.4702984
위도중학교,중학교,전라북도,부안군,위도면,진리 39-1,35.60490699,126.2961849
상주여자중학교,중학교,경상북도,상주시,남성동,150-2,36.41141033,128.1600204
병곡중학교,중학교,경상북도,영덕군,병곡면,병곡리 283,36.60434274,129.411274
감천중학교,중학교,경상북도,예천군,감천면,포리 311-2,36.72434848,128.5261545
금천중학교,중학교,경상북도,청도군,금천면,동곡리 1035,35.68807595,128.894764
용원중학교,중학교,경상남도,창원시,진해구,용원동 1231,35.09965505,128.8179932
별빛중학교,중학교,경상북도,영천시,고경면,해선리 240-3,36.00232912,129.0432455
양주중학교,중학교,경상남도,양산시,상북면,석계리 51,35.41517665,129.0677568
경운중학교,중학교,경상남도,김해시,내동,1115-3,35.23612594,128.8618342
관동중학교,중학교,경상남도,김해시,관동동,422-1,35.17976521,128.7926333
영산포여자중학교,중학교,전라남도,나주시,이창동,136,34.99738005,126.711442
반성중학교,중학교,경상남도,진주시,사봉면,무촌리 107,35.17562282,128.2749072
북평중학교,중학교,전라남도,해남군,북평면,남창리 396,34.40569587,126.626746
거제제일중학교,중학교,경상남도,거제시,거제면,서정리 695-1,34.850869,128.5864541
봉양중학교,중학교,경상북도,의성군,봉양면,화전리 75-1,36.3031493,128.5849448
영광대마중학교,중학교,전라남도,영광군,대마면,월산리 686,35.30145958,126.5753643
화양중학교화양남분교장,중학교,전라남도,여수시,화양면,장수리 70,34.64686293,127.6118456
영광군남중학교,중학교,전라남도,영광군,군남면,포천리 431-1,35.24024086,126.4509423
고흥여자중학교,중학교,전라남도,고흥군,고흥읍,남계리 429,34.61020858,127.2885891
월성중학교,중학교,경상북도,경주시,충효동,549-6,35.84182328,129.176299969
고흥백양중학교,중학교,전라남도,고흥군,동일면,백양리 788,34.50392493,127.4653336
석동중학교,중학교,경상남도,창원시,진해구,석동 184,35.15430996,128.7039826
순천승주중학교,중학교,전라남도,순천시,승주읍,평중리 89,35.01802201,127.3782252
도계중학교,중학교,경상남도,창원시,의창구,도계동 468-1,35.25530878,128.6343184
반송중학교,중학교,경상남도,창원시,성산구,반림동 19,35.23555208,128.6749507
대방중학교,중학교,경상남도,창원시,성산구,대방동 360,35.210413,128.7062908
황등중학교,중학교,전라북도,익산시,황등면,황등리 626-1,36.00753655,126.9459699
진주제일중학교,중학교,경상남도,진주시,평거동,748-2,35.1756149,128.0666949
익산어양중학교,중학교,전라북도,익산시,어양동,191,35.96523133,126.9849326
진주봉원중학교,중학교,경상남도,진주시,상봉동,1445,35.20497214,128.073601
삼기중학교,중학교,전라북도,익산시,삼기면,간촌리 77,36.02164678,126.9839093
포항항도중학교,중학교,경상북도,포항시,북구,죽도동 655-9,36.01812132,129.3561064
장성남중학교,중학교,전라남도,장성군,남면,분향리 335,35.24391312,126.8109517
구례중학교,중학교,전라남도,구례군,구례읍,봉서리 1093,35.20006212,127.4634535
양산중학교,중학교,경상남도,양산시,북부동,234,35.34965808,129.0439196
압해중학교,중학교,전라남도,신안군,압해읍,학교리 663-5,34.86392837,126.3133306
욕지중학교,중학교,경상남도,통영시,욕지면,동항리 809-2,34.6361845,128.2597179
청송여자중학교,중학교,경상북도,청송군,청송읍,월막리 315,36.43586526,129.0587046
송지중학교,중학교,전라남도,해남군,송지면,미야리 803,34.38421742,126.5164272
송도중학교,중학교,경상북도,포항시,남구,송도동 492-1,36.02905539,129.3770876
봉림중학교,중학교,경상남도,창원시,의창구,사림동 102,35.24674661,128.6773015
화랑중학교,중학교,경상북도,경주시,현곡면,오류리 191,35.87426195,129.2035169
화북중학교,중학교,경상북도,상주시,화북면,용유리 340-1,36.55970701,127.921561
동지여자중학교,중학교,경상북도,포항시,북구,용흥동 511,36.03860468,129.3467246
영광백수중학교,중학교,전라남도,영광군,백수읍,양성리 884,35.28363433,126.4048774
남산중학교,중학교,경상북도,상주시,낙양동,388,36.40665006,128.1462224
근화여자중학교,중학교,경상북도,경주시,용강동,870,35.87058466,129.2273172
석포중학교,중학교,경상북도,봉화군,석포면,석포리 356-2,37.0504648,129.0670263
김해중학교,중학교,경상남도,김해시,부원동,39,35.23110531,128.8861356
군산대성중학교,중학교,전라북도,군산시,임피면,읍내리 535-4,35.98863023,126.8486974
율하중학교,중학교,경상남도,김해시,율하동,1293,35.17508098,128.808001
영산중학교,중학교,경상남도,창녕군,영산면,서리 253,35.4601691,128.5242737
산이중학교,중학교,전라남도,해남군,산이면,초송리 527-5,34.64545878,126.4481956
하동중앙중학교,중학교,경상남도,하동군,하동읍,읍내리 667,35.07664446,127.7495276
월산중학교,중학교,경상남도,김해시,부곡동,806-10,35.20526183,128.8039417
창원중앙중학교,중학교,경상남도,창원시,성산구,반지동 91,35.24012853,128.6573992
화순도곡중학교,중학교,전라남도,화순군,도곡면,천암리 134,35.01329938,126.9098398
송정여자중학교,중학교,경상북도,구미시,송정동,485-1,36.11382632,128.3477054
성주중학교,중학교,경상북도,성주군,성주읍,예산리 640,35.92783552,128.2834315
금일중학교,중학교,전라남도,완도군,금일읍,신구리 830,34.35121011,127.0324812
금산중학교,중학교,전라남도,고흥군,금산면,대흥리 320,34.46415381,127.1276982
석곡중학교,중학교,전라남도,곡성군,석곡면,석곡리 270,35.12713246,127.2527226
중모중학교,중학교,경상북도,상주시,모동면,덕곡리 1087,36.3254066,127.9608589
고성중학교,중학교,전라남도,진도군,고군면,고성리 144,34.50061468,126.3230717
진성중학교,중학교,전라북도,진안군,성수면,외궁리 780-1,35.70461484,127.3218798
초전중학교,중학교,경상북도,성주군,초전면,대장리 610-1,35.97707649,128.2641006
능동중학교,중학교,경상남도,김해시,삼문동,67-3,35.19812312,128.7945625
창평중학교,중학교,전라남도,담양군,창평면,창평리 393,35.24103644,127.0135695
선덕여자중학교,중학교,경상북도,경주시,인왕동,571-1,35.83862147,129.2242275
대영중학교,중학교,경상북도,영주시,휴천동,1770,36.8089799,128.6322246
율촌중학교,중학교,전라남도,여수시,율촌면,조화리 136-6,34.88062196,127.5745606
군외중학교,중학교,전라남도,완도군,군외면,원동리 1,34.39064916,126.6522382
시종중학교,중학교,전라남도,영암군,시종면,내동리 36,34.86486009,126.6080379
구례여자중학교,중학교,전라남도,구례군,구례읍,봉남리 106,35.20579133,127.4635937
대동중학교,중학교,경상북도,포항시,북구,우현동 201-6,36.05831145,129.3571484
구례산동중학교,중학교,전라남도,구례군,산동면,원촌리 341,35.31655809,127.4352614
예당중학교,중학교,전라남도,보성군,득량면,예당리 458-49,34.78042651,127.1968443
고령중학교,중학교,경상북도,고령군,대가야읍,쾌빈리 106-5,35.74083826,128.2720686
전주호성중학교,중학교,전라북도,전주시,덕진구,호성동1가 204-5,35.86432944,127.1571788
포항여자중학교,중학교,경상북도,포항시,북구,우현동 56,36.05313299,129.3622002
남평중학교다도분교장,중학교,전라남도,나주시,다도면,신동리 309-2,34.94795093,126.8282738
구례북중학교,중학교,전라남도,구례군,용방면,신지리 802,35.258317,127.4393457
풍양중학교,중학교,경상북도,예천군,풍양면,낙상리 253,36.50878288,128.2974077
운봉중학교,중학교,전라북도,남원시,운봉읍,동천리 27,35.43740094,127.535683
통영중학교,중학교,경상남도,통영시,봉평동,196,34.82796442,128.4159456
광양여자중학교,중학교,전라남도,광양시,광양읍,칠성리 777,34.97663704,127.5796073
청통중학교,중학교,경상북도,영천시,청통면,원촌리 220,35.991182,128.8246667
전주용흥중학교,중학교,전라북도,전주시,완산구,삼천동1가 305-35,35.79141082,127.1137801
자유중학교,중학교,전라북도,고창군,고창읍,석교리 9-4,35.4413272,126.6964428
장산중학교,중학교,전라남도,신안군,장산면,도창리 780,34.64221032,126.1407137
해평중학교,중학교,경상북도,구미시,해평면,월호리 488,36.19960113,128.3922014
영안중학교,중학교,경상북도,영천시,북안면,임포리 311,35.91800235,129.0076986
불국중학교,중학교,경상북도,경주시,시래동,206,35.77393121,129.3091271
산북중학교,중학교,경상북도,문경시,산북면,대상리 97-3,36.65452817,128.2594665
삼광중학교,중학교,전라남도,보성군,벌교읍,장좌리 511,34.8333152,127.3422901
봉래중학교,중학교,전라남도,고흥군,봉래면,신금리 1113-1,34.46214756,127.4626657
고령중학교개진분교장,중학교,경상북도,고령군,개진면,오사리 42,35.71676088,128.3697462
보광중학교,중학교,경상남도,양산시,하북면,순지리 125-5,35.4918218,129.0873838
거제장평중학교,중학교,경상남도,거제시,장평동,148,34.88608569,128.6064665
영광염산중학교,중학교,전라남도,영광군,염산면,봉남리 126,35.22060937,126.3739034
현서중학교,중학교,경상북도,청송군,현서면,덕계리 533,36.28145041,128.8986233
장기중학교,중학교,경상북도,포항시,남구,장기면 임중리 331-2,35.89221542,129.4927966
창녕중학교,중학교,경상남도,창녕군,창녕읍,말흘리 293,35.53522784,128.5039535
구미신평중학교,중학교,경상북도,구미시,신평동,5-4,36.12688507,128.3634079
담양수북중학교,중학교,전라남도,담양군,수북면,수북리 198,35.29989626,126.9323436
군산산북중학교,중학교,전라북도,군산시,산북동,3581,35.96505252,126.6830736
춘양중학교,중학교,경상북도,봉화군,춘양면,서동리 83-1,36.94786297,128.914111
기성중학교,중학교,경상북도,울진군,기성면,기성리 288,36.79972762,129.457642
소가야중학교,중학교,경상남도,고성군,삼산면,삼봉리 산76-2,34.954602,128.2499254
도송중학교,중학교,경상북도,구미시,도량동,산50-14,36.147709,128.3204364
문화중학교,중학교,경상북도,경주시,충효동,717,35.85337311,129.1690639
영해중학교,중학교,경상북도,영덕군,영해면,괴시리 115,36.54233749,129.4132252
물야중학교,중학교,경상북도,봉화군,물야면,오록리 465,36.97811734,128.7387726
후포중학교,중학교,경상북도,울진군,후포면,후포리 1015,36.68031187,129.4459375
팔룡중학교,중학교,경상남도,창원시,의창구,팔용동 74,35.25184668,128.6178746
순천팔마중학교,중학교,전라남도,순천시,해룡면,상삼리 385,34.94868585,127.5346139
탑리여자중학교,중학교,경상북도,의성군,금성면,탑리리 1381-2,36.25576021,128.6836772
대도중학교,중학교,경상북도,포항시,북구,환호동 493,36.07284812,129.396596
고흥과역중학교,중학교,전라남도,고흥군,과역면,과역리 535,34.6756715,127.3579036
순천동산여자중학교,중학교,전라남도,순천시,조례동,1175,34.95537245,127.515792
진도지산중학교,중학교,전라남도,진도군,지산면,인지리 194-7,34.41824058,126.1711116
고흥남양중학교,중학교,전라남도,고흥군,남양면,대곡리 45-1,34.736396,127.3564905
의성여자중학교,중학교,경상북도,의성군,의성읍,상리리 670,36.35313649,128.7026019
전라중학교,중학교,전라북도,전주시,덕진구,송천동2가 1297,35.87992086,127.131387
창원상남중학교,중학교,경상남도,창원시,성산구,가음정동 689,35.21471852,128.6843651
진영중학교,중학교,경상남도,김해시,진영읍,진영리 1611-6,35.30905482,128.7344574
대병중학교,중학교,경상남도,합천군,대병면,회양리 904,35.51841197,128.0116543
창원동중학교,중학교,경상남도,창원시,의창구,동읍 신방리 868,35.29100882,128.6749409
은척중학교,중학교,경상북도,상주시,은척면,우기리 500,36.53817356,128.0626337
영광홍농중학교,중학교,전라남도,영광군,홍농읍,상하리 345,35.40177292,126.4471607
양북중학교,중학교,경상북도,경주시,양북면,어일리 701,35.78544291,129.4435608
완도신지중학교,중학교,전라남도,완도군,신지면,대곡리 781-1,34.33712382,126.8285091
장성백암중학교,중학교,전라남도,장성군,북이면,사거리 75-1,35.43153799,126.8160403
용북중학교,중학교,전라북도,남원시,사매면,오신리 387-2,35.49121972,127.3656473
김천중학교,중학교,경상북도,김천시,부곡동,777-1,36.12343109,128.0939955
아화중학교,중학교,경상북도,경주시,서면,아화리 123,35.90011301,129.047299
현일중학교,중학교,경상북도,구미시,고아읍,항곡리 468-1,36.18720149,128.349288
고창중학교,중학교,전라북도,고창군,고창읍,덕산리 248,35.42860953,126.6937513
여수문수중학교,중학교,전라남도,여수시,문수동,171,34.75395513,127.6999662
양남중학교,중학교,경상북도,경주시,양남면,하서리 651,35.67412465,129.4607583
봉곡중학교,중학교,경상북도,구미시,봉곡동,51,36.15883003,128.3045998
명인중학교,중학교,경상북도,성주군,선남면,도성리 1111-1,35.88583823,128.3642206
현동중학교,중학교,경상북도,청송군,현동면,도평리 733-7,36.2893639,129.0212193
고창남중학교,중학교,전라북도,고창군,성송면,향산리 79-1,35.37394733,126.6483359
소수중학교,중학교,경상북도,영주시,순흥면,읍내리 370-1,36.91253449,128.5775449
쌍림중학교,중학교,경상북도,고령군,쌍림면,귀원리 25,35.68462812,128.2431018
삼계중학교,중학교,경상남도,창원시,마산회원구,내서읍 삼계리 16,35.233406,128.4981696
동국대학교사범대학부속홍제중학교,중학교,경상남도,밀양시,단장면,단장리 808,35.50937919,128.8521978
마산중학교,중학교,경상남도,창원시,마산합포구,자산동 274,35.203191,128.5620358
마산무학여자중학교,중학교,경상남도,창원시,마산회원구,회원동 145-1,35.22305717,128.5748764
매전중학교,중학교,경상북도,청도군,매전면,동산리 445-4,35.66806716,128.8527037
구례동중학교,중학교,전라남도,구례군,토지면,파도리 25,35.19251032,127.5459373
왕신여자중학교,중학교,전라북도,정읍시,신태인읍,신태인리 86-2,35.68287964,126.8894006
암태중학교,중학교,전라남도,신안군,암태면,단고리 104,34.8298859,126.112715
이리영등중학교,중학교,전라북도,익산시,어양동,622-1,35.96463999,126.9814661
무선중학교,중학교,전라남도,여수시,화장동,848,34.77716348,127.6411765
충렬여자중학교,중학교,경상남도,통영시,용남면,장평리 203-1,34.88688775,128.4650492
용암중학교,중학교,경상북도,성주군,용암면,본리리 724,35.84136913,128.314491
영암금정중학교,중학교,전라남도,영암군,금정면,용흥리 1052,34.86128538,126.7534747
금호여자중학교,중학교,경상북도,영천시,금호읍,대미리 930-23,35.93987039,128.878266
광양다압중학교,중학교,전라남도,광양시,다압면,도사리 854-5,35.08400382,127.7072485
마산여자중학교,중학교,경상남도,창원시,마산회원구,회원동 639-1,35.22131965,128.5610829
장성황룡중학교,중학교,전라남도,장성군,황룡면,장산리 402,35.29756778,126.759054
영광옥광중학교,중학교,전라남도,영광군,영광읍,무령리 317-1,35.27881594,126.516119
대송중학교,중학교,경상북도,포항시,남구,대송면 남성리 83-5,35.97786663,129.3595369
다산중학교,중학교,경상북도,고령군,다산면,월성리 210,35.81511901,128.4287221
용문중학교,중학교,경상북도,예천군,용문면,상금곡리 638-1,36.69227695,128.4063279
외동중학교,중학교,경상북도,경주시,외동읍,입실리 443-1,35.71736873,129.3253571
용안중학교,중학교,전라북도,익산시,용안면,교동리 397-2,36.11646976,126.9529583
장성여자중학교,중학교,전라남도,장성군,장성읍,영천리 891,35.29766188,126.7868137
영운중학교,중학교,경상남도,김해시,삼방동,712,35.25440052,128.9085499
토월중학교,중학교,경상남도,창원시,의창구,신월동 92,35.22366263,128.688802
진성중학교,중학교,경상북도,청송군,진보면,이촌리 596,36.53311296,129.0340548
내덕중학교,중학교,경상남도,김해시,내덕동,224-1,35.20681475,128.8173423
합포중학교,중학교,경상남도,창원시,마산합포구,산호동 117-7,35.21578987,128.5853702
신라중학교,중학교,경상북도,경주시,황성동,1053-18,35.854658,129.2164259
분성중학교,중학교,경상남도,김해시,삼계동,1442-1,35.26631071,128.8730642
전주덕일중학교,중학교,전라북도,전주시,덕진구,덕진동2가 640-9,35.84798826,127.1111668
진보중학교,중학교,경상북도,청송군,진보면,진안리 562-2,36.53283897,129.0414663
부석중학교,중학교,경상북도,영주시,부석면,소천리 501-1,36.97753241,128.6528943
서포중학교,중학교,경상북도,포항시,북구,죽장면 입암리 651,36.16391663,129.0932289
부곡중학교,중학교,경상남도,창녕군,부곡면,부곡리 115,35.43758068,128.6076948
우곡중학교,중학교,경상북도,고령군,우곡면,월오리 414,35.64486899,128.3560352
마산의신여자중학교,중학교,경상남도,창원시,마산합포구,교방동 207,35.211608,128.566004
능주중학교,중학교,전라남도,화순군,능주면,잠정리 106,34.98516412,126.9590427
성의여자중학교,중학교,경상북도,김천시,평화동,406-6,36.11961289,128.1133186
서상중학교,중학교,경상남도,함양군,서상면,도천리 1047-6,35.67710456,127.6896788
대덕중학교,중학교,전라남도,장흥군,대덕읍,연정리 197,34.49990283,126.8957904
동산여자중학교,중학교,경상북도,영주시,하망동,595,36.81859532,128.645525
해인중학교,중학교,경상남도,합천군,가야면,황산리 180-1,35.75875748,128.1358164
김해대곡중학교,중학교,경상남도,김해시,어방동,651-3,35.24356439,128.898515
진도군내중학교,중학교,전라남도,진도군,군내면,둔전리 369,34.53905019,126.2954968
개령중학교,중학교,경상북도,김천시,개령면,동부리 442-8,36.1677997,128.1853626
남정중학교,중학교,경상북도,영덕군,남정면,장사리 410-1,36.28382203,129.3702125
가은중학교,중학교,경상북도,문경시,가은읍,왕능리 218,36.64547535,128.0711654
성당중학교,중학교,전라북도,익산시,성당면,갈산리 407-1,36.08732668,126.9295696
용궁중학교,중학교,경상북도,예천군,용궁면,읍부리 251-3,36.61022138,128.2751173
초계중학교,중학교,경상남도,합천군,초계면,아막리 99,35.5600663,128.2705019
대아중학교,중학교,경상남도,진주시,이현동,316,35.18992819,128.0583889
회화중학교,중학교,경상남도,고성군,회화면,배둔리 1112-1,35.05670183,128.3616137
진주여자중학교,중학교,경상남도,진주시,이현동,91,35.1843521,128.0659306
거창여자중학교,중학교,경상남도,거창군,거창읍,중앙리 443,35.69196393,127.9102311
외포중학교,중학교,경상남도,거제시,장목면,외포리 261-1,34.943997,128.717554
마산제일여자중학교,중학교,경상남도,창원시,마산합포구,문화동 4,35.18864312,128.5564145
호암중학교,중학교,경상남도,함안군,칠원읍,오곡리 101,35.27468508,128.5215882
거창덕유중학교,중학교,경상남도,거창군,위천면,남산리 1001,35.73637117,127.8481759
광려중학교,중학교,경상남도,창원시,마산회원구,내서읍 신감리 1375,35.21738289,128.5028629
밀양동강중학교,중학교,경상남도,밀양시,산내면,송백리 2081-21,35.58531532,128.8748167
거창중학교,중학교,경상남도,거창군,거창읍,대동리 104-1,35.690512,127.9206649
울릉중학교,중학교,경상북도,울릉군,울릉읍,사동리 323,37.47868772,130.8865591
변산서중학교,중학교,전라북도,부안군,변산면,운산리 산70-5,35.66265732,126.5207894
곤양중학교,중학교,경상남도,사천시,곤양면,송전리 134,35.0597888,127.9732554
익산지원중학교,중학교,전라북도,익산시,마동,291-3,35.94000281,126.9607082
광양골약중학교,중학교,전라남도,광양시,성황동,342,34.94027734,127.6829377
꽃내중학교,중학교,경상남도,남해군,삼동면,동천리 1100,34.80993573,128.0362864
가조중학교,중학교,경상남도,거창군,가조면,마상리 321-1,35.71240135,128.015285
웅양중학교,중학교,경상남도,거창군,웅양면,노현리 488-1,35.80577544,127.9164554
섬진중학교,중학교,전라북도,임실군,강진면,회진리 39-1,35.5269800037,127.1517752
