County,City,Town,Address,Annual_Rent,Area,Land_Type,Latitude,Longitude
전라남도,강진군,강진읍,송전리 317-1,640000.0,2559.0,답,34.6448453,126.7385908
전라남도,강진군,군동면,덕천리 1186-2,300400.0,1502.0,답,34.6369624,126.8329315
전라남도,강진군,대구면,구수리 32,145000.0,1448.0,답,34.4870426,126.8101815
전라남도,강진군,대구면,구수리 797,76000.0,760.0,답,34.4839824,126.8044006
전라남도,강진군,도암면,항촌리 957-5,239700.0,1275.0,답,34.5424635,126.7251422
전라남도,강진군,도암면,항촌리 1007-4,564000.0,3000.0,답,34.5414161,126.7241114
전라남도,강진군,도암면,항촌리 957-6,324300.0,1725.0,답,34.5423292,126.7251664
전라남도,강진군,병영면,도룡리 360-3,200000.0,2008.0,답,34.6974081,126.8236117
전라남도,강진군,병영면,하고리 7-5,650000.0,1726.0,답,34.7152917,126.8033881
전라남도,강진군,작천면,군자리 212-6,564370.0,3002.0,답,34.7108947,126.7627956
전라남도,강진군,작천면,군자리 212-5,564370.0,3002.0,답,34.7111130,126.7625995
전라남도,강진군,작천면,토마리 429,194000.0,1931.0,전,34.6880150,126.8127180
전라남도,강진군,칠량면,동백리 705-1,500000.0,2245.0,전,34.6006564,126.7957848
전라남도,고흥군,고흥읍,호동리 1246-7,1000000.0,3023.0,답,34.6150764,127.2432088
전라남도,고흥군,과역면,석봉리 1614-4,500000.0,1885.0,답,34.6970623,127.3750598
전라남도,고흥군,남양면,신흥리 1079-5,49900000.0,2357.0,답,34.7400012,127.3524864
전라남도,고흥군,남양면,신흥리 1079-4,53360000.0,2520.0,답,34.7401026,127.3521725
전라남도,고흥군,남양면,장담리 1821-1,200000.0,2982.0,답,34.7107513,127.3562049
전라남도,고흥군,대서면,화산리 54,273000.0,1709.0,답,34.7705354,127.3002225
전라남도,고흥군,도덕면,신양리 2443,180000.0,725.0,답,34.5699003,127.1725438
전라남도,고흥군,도덕면,신양리 2439-6,440000.0,1776.0,답,34.5709715,127.1716791
전라남도,고흥군,도화면,가화리 1704-2,200000.0,888.0,답,34.5037349,127.2988460
전라남도,고흥군,도화면,신호리 95-2,500000.0,1854.0,답,34.5214389,127.3195467
전라남도,고흥군,도화면,신호리 91-18,100000.0,494.0,답,34.5217427,127.3189621
전라남도,고흥군,동강면,노동리 1062-5,400000.0,2762.0,답,34.7919352,127.3494838
전라남도,고흥군,두원면,용산리 1163-3,600000.0,1799.9,답,34.6590881,127.2861112
전라남도,고흥군,두원면,용산리 1163-2,600000.0,1189.9,답,34.6592703,127.2857705
전라남도,고흥군,점암면,강산리 70,335000.0,1695.0,답,34.6329946,127.4617481
전라남도,고흥군,점암면,여호리 734-12,3500000.0,23810.0,답,34.6616578,127.4615475
전라남도,고흥군,점암면,천학리 36-1,314000.0,1739.0,답,34.6302604,127.3914329
전라남도,고흥군,포두면,송산리 1831-8,1200000.0,4145.6,답,34.5889571,127.3899664
전라남도,고흥군,풍양면,상림리 44-1,190000.0,1175.0,답,34.5856519,127.2553779
전라남도,곡성군,겸면,가정리 859-1,1540000.0,2565.0,답,35.2663232,127.1570565
전라남도,곡성군,겸면,남양리 204,100950000.0,2225.0,과수원,35.2585997,127.1699719
전라남도,곡성군,삼기면,근촌리 359,270000.0,2208.0,전,35.2009019,127.2339158
전라남도,곡성군,삼기면,근촌리 462-2,10750000.0,896.0,전,35.1967797,127.2292559
전라남도,곡성군,삼기면,노동리 252-1,96000.0,959.0,답,35.2113668,127.2479251
전라남도,곡성군,삼기면,노동리 356,190000.0,1888.0,답,35.2117309,127.2449377
전라남도,곡성군,석곡면,구봉리 296-3,790000000.0,23934.0,과수원,35.1216353,127.2325217
전라남도,곡성군,석곡면,구봉리 298,70000000.0,2030.0,과수원,35.1221550,127.2334352
전라남도,곡성군,석곡면,구봉리 274-3,3200000.0,5286.0,답,35.1224522,127.2405160
전라남도,곡성군,석곡면,당월리 103,44100000.0,1458.0,과수원,35.1693855,127.2691544
전라남도,곡성군,석곡면,당월리 175,33390000.0,1104.0,과수원,35.1689850,127.2687995
전라남도,곡성군,석곡면,당월리 176,131780000.0,4357.0,과수원,35.1691853,127.2694002
전라남도,곡성군,석곡면,방송리 36,61010000.0,2017.0,과수원,35.1711239,127.2697368
전라남도,곡성군,석곡면,방송리 19,70210000.0,2321.0,과수원,35.1714530,127.2701400
전라남도,곡성군,오곡면,구성리 312-2,1460000.0,2431.0,답,35.2354729,127.2807696
전라남도,곡성군,오곡면,미산리 293-1,104470000.0,1724.0,과수원,35.2553933,127.3027146
전라남도,곡성군,오곡면,미산리 133,106350000.0,1755.0,과수원,35.2558416,127.3035061
전라남도,곡성군,오곡면,미산리 293-2,22840000.0,377.0,과수원,35.2552148,127.3028697
전라남도,곡성군,오곡면,미산리 131-2,68720000.0,1134.0,과수원,35.2550511,127.3029826
전라남도,곡성군,오곡면,미산리 134-1,136350000.0,2250.0,과수원,35.2560783,127.3033098
전라남도,곡성군,오곡면,미산리 131-1,29450000.0,486.0,과수원,35.2552396,127.3031781
전라남도,곡성군,오곡면,미산리 294-1,8420000.0,139.0,과수원,35.2549882,127.3027303
전라남도,곡성군,오곡면,미산리 293-6,56600000.0,934.0,과수원,35.2554809,127.3030955
전라남도,곡성군,오곡면,미산리 134-3,39390000.0,650.0,과수원,35.2557838,127.3031248
전라남도,곡성군,옥과면,소룡리 905-8,1700000.0,2830.8,답,35.3000934,127.1578434
전라남도,곡성군,옥과면,소룡리 800-2,700000.0,2149.0,전,35.2935599,127.1674957
전라남도,곡성군,옥과면,수리 248-3,49000000.0,1657.0,답,35.3052338,127.1599707
전라남도,곡성군,옥과면,합강리 122-3,940000.0,1567.0,답,35.3242353,127.1772355
전라남도,곡성군,입면,금산리 218-1,740000.0,1223.0,답,35.3018806,127.2178162
전라남도,곡성군,입면,서봉리 44-1,8250000.0,16860.0,과수원,35.3098953,127.2216483
전라남도,곡성군,입면,서봉리 22-4,1550000.0,3163.0,과수원,35.3030596,127.2182202
전라남도,곡성군,입면,서봉리 122-2,200000.0,413.0,과수원,35.3104961,127.2205204
전라남도,곡성군,입면,제월리 711-5,2140000.0,3566.0,답,35.3276169,127.2256934
전라남도,곡성군,죽곡면,하한리 832-1,50000000.0,1180.0,과수원,35.1777018,127.3906345
전라남도,광양시,다압면,금천리 1678,122520.0,1021.0,과수원,35.1589015,127.6402167
전라남도,광양시,다압면,금천리 1661,169800.0,1415.0,과수원,35.1580198,127.6423055
전라남도,광양시,다압면,금천리 1655,67440.0,562.0,과수원,35.1559313,127.6416343
전라남도,광양시,다압면,금천리 1668,6720.0,56.0,과수원,35.1581573,127.6427568
전라남도,광양시,다압면,금천리 1664,7920.0,66.0,과수원,35.1577888,127.6425397
전라남도,광양시,다압면,금천리 1666,64680.0,539.0,과수원,35.1580315,127.6427210
전라남도,광양시,다압면,금천리 1662,6720.0,56.0,과수원,35.1578443,127.6423909
전라남도,광양시,다압면,금천리 1667,50040.0,417.0,과수원,35.1581082,127.6425192
전라남도,광양시,다압면,금천리 1665,59520.0,496.0,과수원,35.1576351,127.6426567
전라남도,광양시,봉강면,구서리 346,650000.0,1421.0,답,35.0289542,127.5755073
전라남도,광양시,옥룡면,동곡리 652-4,1000000.0,1893.0,답,35.0778855,127.6050397
전라남도,광양시,진월면,신아리 212-7,247800.0,1359.0,답,34.9855823,127.7619053
전라남도,광양시,진월면,신아리 212-8,236900.0,1299.0,답,34.9854904,127.7620061
전라남도,광양시,진월면,차사리 160-10,1500000.0,1828.0,답,34.9964116,127.7382545
전라남도,구례군,광의면,온당리 841-17,1000000.0,2575.0,답,35.2715097,127.4391250
전라남도,구례군,광의면,지천리 626-6,2700000.0,3028.0,답,35.2297008,127.4600969
전라남도,구례군,구례읍,봉서리 897-7,3000000.0,2836.0,답,35.1946385,127.4601788
전라남도,구례군,마산면,갑산리 67-7,1800000.0,2097.0,답,35.2196519,127.4701720
전라남도,구례군,마산면,광평리 622-1,2100000.0,2529.0,답,35.2096833,127.4852454
전라남도,구례군,마산면,광평리 623-3,2100000.0,2240.0,답,35.2088030,127.4858321
전라남도,구례군,산동면,원달리 637-2,100000000.0,2336.0,답,35.3346247,127.4490217
전라남도,구례군,용방면,사림리 304-125,350000.0,1145.0,답,35.2242126,127.4539889
전라남도,구례군,용방면,사림리 304-14,430000.0,1612.0,답,35.2341687,127.4476481
전라남도,구례군,용방면,신도리 1241-7,60000000.0,1390.0,답,35.2588770,127.4202411
전라남도,구례군,용방면,신도리 1241-8,60000000.0,1370.0,답,35.2589475,127.4204360
전라남도,구례군,토지면,금내리 987-4,9000000.0,2969.0,답,35.1967676,127.5095168
전라남도,구례군,토지면,오미리 213,200000.0,1527.0,전,35.2070790,127.5182394
전라남도,구례군,토지면,오미리 589-4,3000000.0,3000.0,답,35.2016090,127.5138516
전라남도,나주시,공산면,가송리 46-1,4000000.0,1821.0,답,34.9501857,126.5758242
전라남도,나주시,금천면,신천리 943,1210000.0,3087.1,답,35.0055013,126.7547266
전라남도,나주시,금천면,신천리 942,990000.0,1749.1,답,35.0057223,126.7547126
전라남도,나주시,금천면,월산리 669-3,1280000.0,3000.0,답,34.9990406,126.7733612
전라남도,나주시,금천면,월산리 669-2,920000.0,2000.0,답,34.9989081,126.7731392
전라남도,나주시,노안면,계림리 1247-1,2000000.0,1181.0,답,35.0956455,126.7151954
전라남도,나주시,노안면,계림리 1247-2,2000000.0,485.0,답,35.0955595,126.7151903
전라남도,나주시,노안면,안산리 1040-10,6000000.0,2992.0,답,35.0836772,126.6967229
전라남도,나주시,동강면,장동리 1421-1,8000000.0,4990.0,답,34.8823068,126.5595898
전라남도,나주시,동강면,장동리 1264-4,500000.0,783.0,답,34.9008180,126.5448875
전라남도,나주시,동강면,장동리 1281-2,500000.0,747.0,답,34.9013225,126.5447668
전라남도,나주시,동강면,장동리 1364-3,8000000.0,4900.0,답,34.8989731,126.5676573
전라남도,나주시,동강면,장동리 1281-1,6000000.0,8202.0,답,34.9013486,126.5441950
전라남도,나주시,문평면,옥당리 1160-21,2000000.0,494.0,답,35.0349540,126.6113031
전라남도,나주시,문평면,옥당리 1160-22,1000000.0,643.0,답,35.0348770,126.6112157
전라남도,나주시,문평면,옥당리 1160-32,1000000.0,168.0,답,35.0351958,126.6110800
전라남도,나주시,반남면,청송리 1021,1500000.0,4982.0,전,34.9396656,126.6436201
전라남도,나주시,반남면,청송리 478-8,2000000.0,1139.0,답,34.9432774,126.6492506
전라남도,나주시,반남면,청송리 478-7,2000000.0,2232.0,답,34.9433663,126.6494525
전라남도,나주시,세지면,성산리 28-1,3000000.0,1528.0,답,34.8982918,126.7540899
전라남도,나주시,세지면,송제리 343-4,4000000.0,2940.0,답,34.9267615,126.7215223
전라남도,나주시,세지면,송제리 343-3,7000000.0,2940.0,답,34.9267346,126.7211963
전라남도,나주시,오량동,215-8,4000000.0,1011.0,답,34.9789909,126.6712985
전라남도,담양군,가사문학면,만월리 593-1,840000.0,4749.0,답,35.1313616,127.0403318
전라남도,담양군,가사문학면,만월리 553,950000.0,5282.0,답,35.1309314,127.0414462
전라남도,담양군,가사문학면,만월리 562,110000.0,608.0,답,35.1313757,127.0411530
전라남도,담양군,고서면,성월리 373,1000000.0,2097.0,답,35.2145950,126.9798450
전라남도,담양군,금성면,봉서리 744-1,400000.0,1904.0,답,35.3509686,127.0407137
전라남도,담양군,무정면,덕곡리 165-8,400000.0,994.0,답,35.2921050,127.0618928
전라남도,담양군,무정면,봉안리 443,200000.0,1518.0,답,35.2970128,127.0323447
전라남도,담양군,무정면,안평리 2-21,400000.0,1061.0,답,35.2901002,127.0604244
전라남도,담양군,무정면,안평리 7-2,1000000.0,2180.0,답,35.2881624,127.0574764
전라남도,담양군,무정면,안평리 3-9,1000000.0,2514.0,답,35.2898521,127.0596380
전라남도,담양군,무정면,안평리 6-8,400000.0,907.0,답,35.2883045,127.0584954
전라남도,담양군,무정면,오례리 858,700000.0,1772.0,전,35.2639185,127.0707529
전라남도,담양군,무정면,오례리 856,400000.0,2346.0,답,35.2639976,127.0714809
전라남도,담양군,봉산면,삼지리 217-5,1500000.0,3002.0,답,35.2650604,126.9340796
전라남도,담양군,봉산면,삼지리 217-4,1500000.0,3002.0,답,35.2650904,126.9344063
전라남도,담양군,창평면,오강리 11-13,800000.0,1802.0,답,35.2240862,127.0061661
전라남도,담양군,창평면,오강리 11-14,500000.0,1077.0,답,35.2239569,127.0062272
전라남도,무안군,운남면,동암리 1321-14,67060000.0,3695.0,답,34.9415103,126.3502263
전라남도,무안군,운남면,동암리 669-4,20990000.0,1157.0,답,34.9489616,126.3616140
전라남도,무안군,운남면,동암리 1321-93,500000.0,1653.0,답,34.9427459,126.3516217
전라남도,무안군,운남면,연리 1531-39,204000.0,2043.0,답,34.9426762,126.3377289
전라남도,무안군,일로읍,용산리 1442-4,771000.0,3417.0,답,34.8555089,126.5034139
전라남도,무안군,일로읍,용산리 1357-2,107000.0,992.2,답,34.8547643,126.5137495
전라남도,무안군,청계면,구로리 164-1,269000.0,1847.0,전,34.9185462,126.4058331
전라남도,무안군,청계면,남성리 676-5,44060000.0,1821.0,답,34.8979960,126.4164197
전라남도,무안군,청계면,남성리 676-23,29450000.0,1217.0,답,34.8975750,126.4159851
전라남도,무안군,청계면,상마리 830-4,163000.0,1521.0,답,34.9292306,126.4248748
전라남도,무안군,청계면,송현리 631-9,400000.0,1244.0,답,34.9391060,126.4282329
전라남도,무안군,해제면,덕산리 1210-3,700000.0,2277.0,답,35.1301565,126.2997601
전라남도,무안군,해제면,덕산리 1214-5,400000.0,1400.0,답,35.1287814,126.3014419
전라남도,무안군,현경면,송정리 31,283000.0,2637.0,답,35.0268782,126.3989163
전라남도,보성군,겸백면,용산리 969-4,1600000.0,2181.0,답,34.8002938,127.1372772
전라남도,보성군,겸백면,용산리 975-3,1600000.0,2826.0,답,34.7997015,127.1408516
전라남도,보성군,겸백면,평호리 241-1,545000.0,1590.0,답,34.8436086,127.1446320
전라남도,보성군,겸백면,평호리 918-13,566000.0,1665.0,답,34.8413130,127.1485476
전라남도,보성군,겸백면,평호리 918-12,389000.0,1146.0,답,34.8413719,127.1484005
전라남도,보성군,득량면,도촌리 81-9,1414584000.0,127176.0,과수원,34.7311803,127.1309837
전라남도,보성군,득량면,송곡리 1239-1,500000.0,905.0,답,34.7782780,127.1584385
전라남도,보성군,득량면,송곡리 1239-2,1000000.0,1500.0,답,34.7781293,127.1584407
전라남도,보성군,문덕면,양동리 1462,700000.0,1150.0,답,34.9103922,127.1794647
전라남도,보성군,문덕면,양동리 800,3000000.0,676.0,답,34.9169766,127.1907588
전라남도,보성군,미력면,덕림리 918-18,600000.0,1234.0,답,34.8019690,127.0948567
전라남도,보성군,미력면,용정리 939,450000.0,1395.0,답,34.8239741,127.0907220
전라남도,보성군,미력면,초당리 709-4,600000.0,2065.7,답,34.7779996,127.1130294
전라남도,보성군,벌교읍,연산리 455,484000.0,1772.0,답,34.8603241,127.3398690
전라남도,보성군,벌교읍,연산리 425,50000.0,498.0,전,34.8609130,127.3445162
전라남도,보성군,벌교읍,연산리 494,116000.0,426.0,답,34.8603888,127.3396565
전라남도,보성군,벌교읍,연산리 44,350000.0,3210.0,전,34.8563700,127.3464690
전라남도,보성군,벌교읍,연산리 481,250000.0,1371.0,전,34.8606973,127.3442891
전라남도,보성군,벌교읍,장좌리 220-6,2100000.0,1013.0,답,34.8389844,127.3521961
전라남도,보성군,벌교읍,척령리 116-4,1500000.0,3435.0,답,34.8382776,127.3352394
전라남도,보성군,보성읍,우산리 81-5,240000.0,823.0,답,34.7609405,127.0872283
전라남도,보성군,보성읍,우산리 43,600000.0,1580.0,답,34.7609325,127.0761182
전라남도,보성군,복내면,용동리 892-2,3000000.0,3031.0,답,34.8952763,127.1164112
전라남도,보성군,율어면,금천리 36,1500000.0,1642.0,답,34.8462822,127.1820493
전라남도,보성군,율어면,금천리 37,2000000.0,2954.0,답,34.8461016,127.1826166
전라남도,보성군,율어면,유신리 68,200000.0,747.0,답,34.8802025,127.2455651
전라남도,보성군,율어면,유신리 89,200000.0,238.0,답,34.8793474,127.2437775
전라남도,보성군,율어면,유신리 67,300000.0,932.0,답,34.8803513,127.2456516
전라남도,보성군,율어면,유신리 62,300000.0,949.0,답,34.8804437,127.2451058
전라남도,보성군,율어면,유신리 57,250000.0,426.0,답,34.8797840,127.2430388
전라남도,보성군,율어면,장동리 849-2,3500000.0,3980.3,답,34.8773194,127.2045155
전라남도,보성군,율어면,칠음리 872-3,4000000.0,1578.7,답,34.8774629,127.2004017
전라남도,보성군,회천면,영천리 340-3,1285320.0,9664.0,전,34.7043004,127.0790774
전라남도,보성군,회천면,영천리 357-4,752120.0,5655.0,전,34.7052899,127.0784338
전라남도,보성군,회천면,영천리 340-9,332900.0,2503.0,전,34.7032552,127.0797750
전라남도,보성군,회천면,영천리 340-4,905200.0,6806.0,전,34.7040461,127.0795195
전라남도,순천시,낙안면,남내리 379-13,1000000.0,900.0,답,34.9034340,127.3345282
전라남도,순천시,낙안면,남내리 379-14,1000000.0,2100.0,답,34.9033001,127.3345400
전라남도,순천시,낙안면,서내리 496-5,1000000.0,775.0,답,34.9102404,127.3349931
전라남도,순천시,낙안면,서내리 496-6,1000000.0,2094.0,답,34.9101048,127.3349925
전라남도,순천시,별량면,두고리 780-13,1500000.0,3204.0,답,34.8458062,127.4339903
전라남도,순천시,별량면,두고리 765-10,1000000.0,1493.0,답,34.8499612,127.4351681
전라남도,순천시,별량면,두고리 771-11,1500000.0,3005.0,답,34.8492114,127.4337809
전라남도,순천시,별량면,두고리 765-11,1000000.0,1602.0,답,34.8498633,127.4352881
전라남도,순천시,서면,대구리 8,2000000.0,1888.0,답,35.0336743,127.4393065
전라남도,순천시,주암면,구산리 603,2000000.0,2030.0,전,35.0816206,127.2447298
전라남도,순천시,주암면,대구리 126-1,2500000.0,1672.0,답,35.0992821,127.2451791
전라남도,순천시,해룡면,신성리 891-3,1500000.0,1419.0,답,34.9225583,127.5697313
전라남도,신안군,비금면,지당리 1104-3,117000.0,1240.0,답,34.7751883,125.9447235
전라남도,신안군,안좌면,신촌리 123-1,988000.0,4354.0,답,34.7463263,126.1102094
전라남도,신안군,안좌면,창마리 12-1,119000.0,786.0,답,34.7435460,126.1295586
전라남도,신안군,안좌면,창마리 12-8,316000.0,2085.0,답,34.7439910,126.1303108
전라남도,신안군,안좌면,창마리 12-2,82000.0,538.0,답,34.7436241,126.1296723
전라남도,신안군,안좌면,창마리 12-5,140000.0,925.0,답,34.7437880,126.1298798
전라남도,신안군,암태면,기동리 1616-1,100000.0,1091.7,전,34.8381968,126.1173051
전라남도,신안군,암태면,와촌리 60-2,181000.0,1196.0,답,34.8078148,126.1167993
전라남도,신안군,압해읍,복룡리 1901-4,210000.0,1066.9,답,34.9007058,126.3210110
전라남도,신안군,압해읍,복룡리 1901-3,127000.0,646.7,답,34.9007045,126.3209177
전라남도,신안군,압해읍,신용리 755-1,105000.0,1359.0,전,34.8711743,126.2987094
전라남도,신안군,압해읍,신장리 539-2,400000.0,4277.0,답,34.8433381,126.3528080
전라남도,신안군,압해읍,신장리 539-7,100000.0,1042.0,답,34.8439372,126.3525139
전라남도,신안군,자은면,고장리 1448-1,40290000.0,2183.6,답,34.8929618,126.0239515
전라남도,신안군,자은면,송산리 589-3,364000.0,1600.0,답,34.9076739,126.0481538
전라남도,신안군,자은면,유각리 906,2140000.0,7058.0,답,34.8577275,126.0386735
전라남도,신안군,장산면,도창리 517-1,195000.0,1951.0,전,34.6496805,126.1474818
전라남도,신안군,장산면,도창리 545,300000.0,3004.0,전,34.6488221,126.1465410
전라남도,신안군,장산면,도창리 543-1,250000.0,2509.0,전,34.6483175,126.1465202
전라남도,신안군,증도면,대초리 606,67000.0,638.0,답,34.9851379,126.1631324
전라남도,신안군,증도면,대초리 607,229000.0,2195.0,답,34.9852631,126.1633264
전라남도,신안군,증도면,대초리 604-1,37000.0,347.0,답,34.9850009,126.1634797
전라남도,신안군,지도읍,광정리 142,500000.0,2827.0,전,35.0563776,126.2297600
전라남도,여수시,묘도동,428-9,20000000.0,228.0,전,34.8899940,127.6993886
전라남도,여수시,소라면,현천리 429,1500000.0,1253.0,전,34.7609564,127.6017441
전라남도,영광군,군서면,남죽리 38-4,2229000.0,5821.0,답,35.2630178,126.4915378
전라남도,영광군,백수읍,약수리 124-15,1558000.0,1558.0,답,35.2843971,126.3923882
전라남도,영광군,백수읍,죽사리 735-5,2500000.0,3957.1,답,35.2763367,126.4250442
전라남도,영광군,염산면,축동리 1272-6,4188000.0,4188.7,답,35.2504043,126.3817970
전라남도,영광군,영광읍,연성리 344-7,237000.0,1021.0,전,35.2905247,126.5149527
전라남도,영광군,영광읍,연성리 359,204000.0,876.0,전,35.2906566,126.5149283
전라남도,영광군,영광읍,연성리 235,318000.0,1393.0,답,35.2917012,126.5206780
전라남도,영광군,영광읍,연성리 235-1,246000.0,1090.0,답,35.2921326,126.5207807
전라남도,영광군,홍농읍,신석리 280-3,120000.0,479.0,전,35.3929660,126.4580149
전라남도,영암군,금정면,안노리 432-9,2000000.0,2918.0,답,34.8925710,126.7592695
전라남도,영암군,금정면,안노리 432-10,2000000.0,2902.0,답,34.8926352,126.7595861
전라남도,영암군,금정면,안노리 400-15,1600000.0,2027.0,답,34.8960678,126.7469243
전라남도,영암군,덕진면,운암리 240,130000.0,740.0,답,34.8403197,126.7216050
전라남도,영암군,덕진면,운암리 239,320000.0,1742.0,답,34.8399932,126.7215943
전라남도,영암군,미암면,미암리 553,350000.0,1646.0,답,34.7103475,126.5893502
전라남도,영암군,미암면,채지리 566-3,1470000.0,2593.0,전,34.7240867,126.5615621
전라남도,영암군,미암면,채지리 566-2,890000.0,1563.0,전,34.7237357,126.5613220
전라남도,영암군,미암면,채지리 566-1,680000.0,1190.0,전,34.7234253,126.5619607
전라남도,영암군,미암면,채지리 566-11,110000.0,194.0,전,34.7239954,126.5625795
전라남도,영암군,미암면,채지리 565-5,850000.0,1495.0,전,34.7234248,126.5613495
전라남도,영암군,삼호읍,난전리 391,800000.0,2410.0,답,34.7375916,126.4548450
전라남도,영암군,삼호읍,서호리 71-3,550000.0,1848.0,답,34.7419245,126.5121875
전라남도,영암군,삼호읍,서호리 71-5,180000.0,600.0,답,34.7415660,126.5118796
전라남도,영암군,삼호읍,서호리 71-2,370000.0,1240.0,답,34.7423428,126.5124723
전라남도,영암군,시종면,구산리 392,1120000.0,1478.0,전,34.8675358,126.5848605
전라남도,영암군,시종면,구산리 2191-3,1870000.0,2478.4,답,34.8629532,126.5945874
전라남도,영암군,시종면,구산리 2191-2,1510000.0,1991.9,답,34.8631693,126.5944169
전라남도,영암군,시종면,구산리 2201-4,840000.0,1105.5,답,34.8589604,126.5955511
전라남도,영암군,시종면,봉소리 715-1,4000000.0,5960.0,답,34.8512921,126.5851799
전라남도,영암군,시종면,봉소리 273,1300000.0,1643.0,답,34.8506415,126.6003368
전라남도,영암군,시종면,봉소리 274-1,2200000.0,2588.0,답,34.8510277,126.6004187
전라남도,영암군,신북면,월지리 715-8,1200000.0,1202.0,답,34.8877677,126.6462406
전라남도,영암군,영암읍,개신리 219,150000.0,1054.0,전,34.7851397,126.7323195
전라남도,영암군,학산면,용소리 272-2,860000.0,3154.0,답,34.7155031,126.6171188
전라남도,완도군,군외면,불목리 175-2,106000.0,874.0,답,34.3880032,126.6973576
전라남도,완도군,군외면,불목리 175-20,88000.0,724.0,답,34.3878413,126.6973017
전라남도,완도군,군외면,원동리 860,12000000.0,2033.0,답,34.3979989,126.6277320
전라남도,완도군,군외면,원동리 877-2,10000000.0,1591.0,답,34.3985734,126.6266329
전라남도,완도군,군외면,원동리 877-1,10000000.0,1304.0,답,34.3984382,126.6270971
전라남도,완도군,금당면,육산리 1181-14,20000000.0,1835.0,답,34.4377631,127.0513541
전라남도,완도군,금당면,차우리 260,200000.0,1352.0,전,34.4171039,127.0649727
전라남도,완도군,금일읍,신구리 1135,700000.0,2416.0,답,34.3490808,127.0386123
전라남도,완도군,보길면,부황리 22-1,435000.0,2391.0,답,34.1675444,126.5599525
전라남도,완도군,완도읍,정도리 853-12,220000.0,1420.5,답,34.3002433,126.6993179
전라남도,완도군,완도읍,정도리 840-5,234000.0,1510.2,답,34.3063694,126.7072630
전라남도,완도군,완도읍,정도리 844-1,178000.0,1152.8,답,34.3042899,126.7058462
전라남도,완도군,완도읍,중도리 1515-6,341000.0,2199.3,답,34.3047998,126.7082001
전라남도,완도군,완도읍,중도리 1515-5,282000.0,1818.3,답,34.3049520,126.7080824
전라남도,완도군,완도읍,중도리 1512-5,232000.0,1495.4,답,34.3074630,126.7074321
전라남도,완도군,청산면,여서리 524,126000.0,1392.0,전,33.9858793,126.9203631
전라남도,장성군,남면,월곡리 1253-7,2160000.0,2380.1,과수원,35.2431661,126.8213941
전라남도,장성군,남면,평산리 40-5,1100000.0,1759.0,답,35.2414079,126.7906718
전라남도,장성군,남면,평산리 40-4,850000.0,1320.0,답,35.2415040,126.7904143
전라남도,장성군,동화면,용정리 69-2,229000.0,823.0,과수원,35.2908977,126.7459508
전라남도,장성군,동화면,용정리 69-1,407000.0,1464.0,과수원,35.2910675,126.7460892
전라남도,장성군,동화면,용정리 67-1,1067000.0,3835.0,과수원,35.2907127,126.7463762
전라남도,장성군,동화면,용정리 71,360000.0,1296.0,과수원,35.2907814,126.7455841
전라남도,장성군,동화면,월산리 241-5,1890000.0,2976.0,답,35.2446175,126.7283496
전라남도,장성군,동화면,월산리 241-6,1864000.0,2935.0,답,35.2444428,126.7285949
전라남도,장성군,북이면,모현리 116-6,100000.0,1519.0,답,35.4014075,126.7979714
전라남도,장성군,북이면,모현리 116-5,100000.0,1636.0,답,35.4015235,126.7978555
전라남도,장성군,북이면,사거리 576-39,200000.0,668.0,답,35.4289482,126.8056642
전라남도,장성군,북하면,대악리 523-3,300000.0,995.0,답,35.3737307,126.8584776
전라남도,장성군,북하면,신성리 40,28000.0,592.0,답,35.4284264,126.8520346
전라남도,장성군,북하면,신성리 43,22000.0,469.0,답,35.4280069,126.8514721
전라남도,장성군,북하면,신성리 41,9000.0,192.0,답,35.4283036,126.8517871
전라남도,장성군,북하면,신성리 25,11000.0,245.0,답,35.4281661,126.8522217
전라남도,장성군,북하면,신성리 42,84000.0,1805.0,답,35.4281379,126.8519026
전라남도,장성군,삼계면,화산리 1-7,850000.0,2868.0,답,35.2869210,126.6390008
전라남도,장성군,서삼면,대덕리 542-6,124800000.0,2575.0,답,35.3620350,126.7580316
전라남도,장성군,서삼면,대덕리 543-9,56800000.0,1174.0,답,35.3607547,126.7582119
전라남도,장성군,서삼면,송현리 609,300000.0,1769.0,답,35.3505689,126.7695296
전라남도,장성군,서삼면,용흥리 290,527000.0,1659.0,답,35.3145836,126.7630394
전라남도,장성군,장성읍,백계리 235,272000.0,562.0,전,35.3474053,126.8105878
전라남도,장성군,장성읍,백계리 202,2182000.0,4512.0,전,35.3474552,126.8086681
전라남도,장성군,장성읍,백계리 237,254000.0,526.0,전,35.3471071,126.8106378
전라남도,장성군,장성읍,백계리 224,292000.0,605.0,전,35.3472586,126.8103767
전라남도,장성군,진원면,선적리 808,3000000.0,2956.3,전,35.2660373,126.8277736
전라남도,장성군,황룡면,와룡리 23-20,173360000.0,3184.0,답,35.2718536,126.7615403
전라남도,장성군,황룡면,장산리 231-4,1000000.0,2875.0,답,35.2943789,126.7598873
전라남도,장흥군,관산읍,삼산리 1196-8,200000.0,488.0,답,34.5026272,126.9560887
전라남도,장흥군,관산읍,옥당리 754-1,60000.0,706.0,답,34.5642927,126.9274068
전라남도,장흥군,관산읍,외동리 264,600000.0,2487.0,답,34.5258531,126.9490921
전라남도,장흥군,관산읍,용전리 86,60000.0,821.0,답,34.5572246,126.9204144
전라남도,장흥군,관산읍,용전리 80-3,80000.0,985.0,답,34.5574826,126.9203394
전라남도,장흥군,관산읍,지정리 515-2,500000.0,1420.0,답,34.5615214,126.9565251
전라남도,장흥군,관산읍,지정리 515-3,750000.0,2040.0,답,34.5611769,126.9567399
전라남도,장흥군,대덕읍,신리 208-8,1000000.0,3000.0,답,34.4586352,126.8654904
전라남도,장흥군,대덕읍,연지리 755,600000.0,2182.0,답,34.5086503,126.9076117
전라남도,장흥군,부산면,금자리 866-2,550000.0,1715.0,답,34.7338257,126.9133559
전라남도,장흥군,부산면,금자리 862-9,950000.0,2992.0,답,34.7351684,126.9119981
전라남도,장흥군,부산면,금자리 871-3,350000.0,1146.0,답,34.7347436,126.9150244
전라남도,장흥군,부산면,호계리 744-6,450000.0,1030.0,답,34.7159473,126.9336032
전라남도,장흥군,부산면,호계리 641-2,600000.0,1967.0,답,34.7330286,126.9177076
전라남도,장흥군,부산면,호계리 745-4,450000.0,1277.0,답,34.7162561,126.9322994
전라남도,장흥군,부산면,호계리 744-8,550000.0,1461.0,답,34.7155531,126.9338656
전라남도,장흥군,부산면,호계리 641-5,950000.0,2960.0,답,34.7324911,126.9170317
전라남도,장흥군,부산면,호계리 744-7,850000.0,1951.0,답,34.7157738,126.9337300
전라남도,장흥군,안양면,운흥리 582-2,300000.0,1025.0,답,34.6477375,126.9765076
전라남도,장흥군,안양면,운흥리 451,1200000.0,2271.0,답,34.6552866,126.9781029
전라남도,장흥군,안양면,운흥리 122,700000.0,1980.0,답,34.6534725,126.9792641
전라남도,장흥군,안양면,운흥리 94,210000.0,740.0,답,34.6521144,126.9828978
전라남도,장흥군,안양면,운흥리 291,400000.0,1574.0,답,34.6540731,126.9809011
전라남도,장흥군,안양면,운흥리 95,80000.0,291.0,답,34.6520892,126.9827112
전라남도,장흥군,용산면,관지리 665-2,1000000.0,2970.0,답,34.6153631,126.9257042
전라남도,장흥군,용산면,관지리 665-3,800000.0,2524.0,답,34.6151225,126.9257848
전라남도,장흥군,용산면,금곡리 475-4,650000.0,2082.0,답,34.6171194,126.9299165
전라남도,장흥군,용산면,풍길리 918-2,1100000.0,3514.0,답,34.6216526,126.9744915
전라남도,장흥군,장동면,봉동리 737-1,544000.0,2169.0,답,34.7761334,126.9896997
전라남도,장흥군,장동면,봉동리 768,107000.0,1008.0,전,34.7760245,126.9925875
전라남도,장흥군,장평면,내동리 526-5,500000.0,1258.0,답,34.8101466,126.9941255
전라남도,장흥군,장평면,내동리 443-6,700000.0,1787.0,답,34.8153585,126.9919063
전라남도,장흥군,장평면,내동리 443-7,750000.0,1918.0,답,34.8150390,126.9918841
전라남도,장흥군,장평면,복흥리 692-2,450000.0,1785.0,답,34.8246442,126.9757095
전라남도,장흥군,장평면,청용리 220-8,650000.0,2004.0,답,34.8088171,126.9449223
전라남도,장흥군,회진면,신상리 928-8,600000.0,1512.0,답,34.5026017,126.9555453
전라남도,진도군,고군면,내산리 1394-1,410000.0,1363.4,답,34.5023996,126.3680362
전라남도,진도군,고군면,내산리 1400-7,370000.0,2036.2,답,34.4984028,126.3696128
전라남도,진도군,고군면,내산리 1393-2,330000.0,1841.1,답,34.5027132,126.3681284
전라남도,진도군,고군면,오산리 2130-4,279000.0,1449.7,답,34.4968464,126.3548988
전라남도,진도군,고군면,지막리 1199-1,150000.0,1010.0,답,34.4884266,126.3514200
전라남도,진도군,의신면,연주리 802,220000.0,1554.0,전,34.4349795,126.3130339
전라남도,진도군,임회면,상만리 1201-2,520000.0,2905.0,답,34.3785883,126.2065014
전라남도,진도군,임회면,상만리 1195-8,540000.0,2864.4,답,34.3792586,126.2134624
전라남도,진도군,임회면,상만리 1196-4,540000.0,2812.4,답,34.3797814,126.2146335
전라남도,진도군,임회면,상만리 1201-3,200000.0,1270.3,답,34.3783908,126.2065094
전라남도,진도군,조도면,신육리 688,500000.0,4003.0,전,34.2899307,126.0576959
전라남도,진도군,조도면,신육리 416-1,200000.0,1704.0,전,34.2942841,126.0676785
전라남도,진도군,진도읍,동외리 85,150000.0,3177.0,전,34.4823431,126.2842623
전라남도,함평군,함평읍,기각리 659-1,179000.0,1963.0,답,35.0706618,126.5204068
전라남도,해남군,계곡면,반계리 975,5000000.0,2962.9,답,34.6472225,126.6309493
전라남도,해남군,계곡면,반계리 1112,5000000.0,3064.0,답,34.6397676,126.6315411
전라남도,해남군,계곡면,법곡리 697-2,124000.0,1269.0,답,34.6418688,126.6763572
전라남도,해남군,계곡면,법곡리 697-1,276000.0,2823.0,답,34.6415412,126.6766223
전라남도,해남군,마산면,상등리 57-3,810000.0,2136.0,전,34.5957864,126.5595452
전라남도,해남군,마산면,상등리 366-1,740000.0,1960.0,전,34.5961546,126.5592087
전라남도,해남군,마산면,용전리 130-42,201000.0,1324.0,답,34.5999345,126.5466346
전라남도,해남군,마산면,화내리 951,32630000.0,1077.9,답,34.6217682,126.5666749
전라남도,해남군,마산면,화내리 907-1,9780000.0,322.7,답,34.6226946,126.5654927
전라남도,해남군,마산면,화내리 907,58900000.0,1943.7,답,34.6224261,126.5658279
전라남도,해남군,문내면,석교리 276,20364000.0,1683.0,전,34.6176583,126.3591266
전라남도,해남군,문내면,석교리 275,19844000.0,1640.0,전,34.6173962,126.3593529
전라남도,해남군,문내면,선두리 642-2,4000000.0,2042.0,답,34.5863350,126.3156952
전라남도,해남군,북평면,남창리 584,5840000.0,2096.0,답,34.4181230,126.6292713
전라남도,해남군,북평면,남창리 583,3660000.0,1316.0,답,34.4181391,126.6289693
전라남도,해남군,북평면,동해리 984-26,16000000.0,2975.0,답,34.4328760,126.6409931
전라남도,해남군,북평면,동해리 980-10,16000000.0,1426.0,답,34.4341051,126.6360508
전라남도,해남군,북평면,와룡리 169,79000.0,522.0,전,34.4228436,126.6568143
전라남도,해남군,북평면,와룡리 168-1,122000.0,806.0,전,34.4227676,126.6566379
전라남도,해남군,산이면,예정리 6-20,7680000.0,2539.0,전,34.6120685,126.4688265
전라남도,해남군,산이면,예정리 6-24,3580000.0,1185.0,전,34.6122175,126.4682667
전라남도,해남군,산이면,예정리 8-19,3590000.0,1190.0,전,34.6119933,126.4683434
전라남도,해남군,송지면,어란리 597,130000.0,1074.0,전,34.3842380,126.4880993
전라남도,해남군,송지면,어란리 78-1,250000.0,1971.0,답,34.3641711,126.4954636
전라남도,해남군,송지면,해원리 1516-1,309800000.0,2382.0,답,34.3880751,126.5390731
전라남도,해남군,송지면,해원리 1590-10,194800000.0,1498.0,답,34.3883475,126.5335565
전라남도,해남군,송지면,해원리 1590-4,135000000.0,1038.3,답,34.3889678,126.5338429
전라남도,해남군,송지면,해원리 1585-4,154700000.0,1189.4,답,34.3927329,126.5328842
전라남도,해남군,송지면,해원리 1523-4,210000000.0,1615.0,답,34.3844589,126.5437719
전라남도,해남군,송지면,해원리 1590-7,97400000.0,749.2,답,34.3887650,126.5337514
전라남도,해남군,송지면,해원리 1590-5,68600000.0,528.9,답,34.3889047,126.5338268
전라남도,해남군,송지면,해원리 1590-6,133000000.0,1022.9,답,34.3888410,126.5337956
전라남도,해남군,옥천면,영춘리 965-2,10000000.0,2895.0,답,34.5789516,126.6554712
전라남도,해남군,옥천면,용동리 100-1,183000.0,2028.0,답,34.5267523,126.6679197
전라남도,해남군,해남읍,백야리 700-12,10000000.0,2000.0,답,34.5453671,126.5705045
전라남도,해남군,해남읍,백야리 700-13,10000000.0,1987.0,답,34.5451991,126.5705793
전라남도,해남군,해남읍,연동리 201,300000.0,1782.0,전,34.5486201,126.6198527
전라남도,해남군,현산면,고현리 234-4,25000.0,208.0,전,34.4679341,126.5565314
전라남도,해남군,현산면,고현리 234-1,100000.0,823.0,전,34.4680943,126.5568262
전라남도,해남군,현산면,구시리 357,3500000.0,1947.0,답,34.4837118,126.5623624
전라남도,해남군,현산면,구시리 356,3500000.0,843.0,답,34.4835082,126.5619763
전라남도,해남군,화산면,율동리 789-8,21500000.0,1420.0,답,34.5070632,126.4817263
전라남도,해남군,화산면,율동리 181-2,1500000.0,5113.0,전,34.5053903,126.4927265
전라남도,해남군,화원면,구림리 133-4,184000.0,1213.0,전,34.7279949,126.3284892
전라남도,해남군,화원면,구림리 454-1,1000000.0,1309.0,전,34.7337347,126.3215451
전라남도,해남군,화원면,매월리 660-1,438000.0,2408.0,전,34.7577983,126.2917187
전라남도,해남군,화원면,신덕리 1188,22000.0,529.0,전,34.6731159,126.2836122
전라남도,해남군,화원면,신덕리 1187,255000.0,6146.0,전,34.6733067,126.2837822
전라남도,해남군,화원면,신덕리 1188-1,23000.0,565.0,전,34.6730922,126.2838297
전라남도,해남군,화원면,영호리 707,330000.0,2364.0,전,34.6982671,126.3248679
전라남도,해남군,화원면,월호리 90,18000000.0,1994.0,답,34.7269055,126.3053440
전라남도,해남군,화원면,월호리 396,600000.0,2339.0,전,34.7310472,126.2938486
전라남도,해남군,화원면,화봉리 19,21000000.0,1425.0,전,34.6706342,126.2729820
전라남도,해남군,화원면,화봉리 18-1,19000000.0,1266.0,전,34.6708612,126.2732615
전라남도,해남군,화원면,화봉리 669-1,3000000.0,2133.0,전,34.6543525,126.2625583
전라남도,해남군,화원면,후산리 1022,450000.0,2555.0,답,34.7228970,126.2792709
전라남도,해남군,황산면,관춘리 120,48000.0,625.0,전,34.6039971,126.4004225
전라남도,해남군,황산면,관춘리 136,286000.0,3719.0,전,34.6048453,126.3986211
전라남도,해남군,황산면,관춘리 126,21000.0,284.0,전,34.6037163,126.3995840
전라남도,해남군,황산면,관춘리 123,39000.0,509.0,전,34.6040288,126.4001166
전라남도,해남군,황산면,송호리 419-1,116000.0,853.0,전,34.5650186,126.4608621
전라남도,해남군,황산면,송호리 418-1,116000.0,1481.0,전,34.5651185,126.4612096
전라남도,해남군,황산면,연호리 352,24500000.0,1158.0,전,34.5961938,126.4839388
전라남도,해남군,황산면,연호리 348-1,21200000.0,1004.0,전,34.5957801,126.4842745
전라남도,해남군,황산면,외입리 442,6130000.0,2314.0,전,34.5500981,126.4145359
전라남도,해남군,황산면,외입리 440,6860000.0,2593.0,전,34.5500052,126.4139243
전라남도,해남군,황산면,외입리 447,3980000.0,1504.0,전,34.5510179,126.4149156
전라남도,해남군,황산면,외입리 443,4660000.0,1759.0,전,34.5501342,126.4151052
전라남도,해남군,황산면,외입리 444-1,7880000.0,2975.0,전,34.5508666,126.4145233
전라남도,해남군,황산면,외입리 441,3490000.0,1319.0,전,34.5498711,126.4140957
전라남도,해남군,황산면,원호리 874,259000.0,1425.0,답,34.5890737,126.4934276
전라남도,해남군,황산면,일신리 244,6700000.0,1775.0,전,34.5854155,126.5103633
전라남도,해남군,황산면,일신리 242-3,1100000.0,284.0,전,34.5850212,126.5117135
전라남도,화순군,도곡면,죽청리 638-6,1000000.0,3025.0,답,35.0136698,126.9339663
전라남도,화순군,백아면,옥리 885-1,1000000.0,3131.0,답,35.1518885,127.0905244
경상북도,경산시,남방동,98-2,430000.0,1877.0,답,35.8110892,128.7928804
경상북도,경산시,남방동,97-4,370000.0,1560.0,답,35.8110186,128.7926074
경상북도,경산시,진량읍,보인리 426,638000.0,2638.0,답,35.8852424,128.8093802
경상북도,경산시,진량읍,봉회리 809,150000.0,622.0,답,35.8854816,128.8096775
경상북도,경산시,진량읍,봉회리 673-1,750000.0,2106.0,답,35.8860700,128.8149098
경상북도,경산시,진량읍,속초리 86,320000.0,1368.0,답,35.8553608,128.8333365
경상북도,경산시,진량읍,양기리 105-13,484000.0,2000.0,답,35.8980656,128.8347860
경상북도,경주시,감포읍,대본리 367-4,100000.0,1227.0,답,35.7538079,129.4911865
경상북도,경주시,감포읍,오류리 1209-6,90000.0,926.0,답,35.8348750,129.4819351
경상북도,경주시,감포읍,오류리 1228-1,310000.0,3199.0,답,35.8384204,129.4774515
경상북도,경주시,강동면,다산리 706,616000.0,4737.0,답,36.0375877,129.2512375
경상북도,경주시,강동면,단구리 725-1,129000.0,992.0,답,36.0637101,129.2485875
경상북도,경주시,강동면,단구리 725,142000.0,1091.0,답,36.0641108,129.2483121
경상북도,경주시,강동면,안계리 1689-8,348000.0,2671.1,답,36.0213439,129.2421351
경상북도,경주시,강동면,양동리 1435,258000.0,1980.2,답,36.0030021,129.2452361
경상북도,경주시,강동면,양동리 1302,252000.0,1935.4,답,36.0065850,129.2391904
경상북도,경주시,강동면,양동리 1381,801000.0,6153.9,답,36.0039475,129.2410883
경상북도,경주시,강동면,인동리 840-4,444000.0,3412.0,답,35.9899002,129.2488799
경상북도,경주시,건천읍,금척리 967-8,117000.0,893.0,답,35.8351012,129.1045714
경상북도,경주시,건천읍,금척리 967-6,266000.0,2046.0,답,35.8348563,129.1043626
경상북도,경주시,건천읍,금척리 900-2,188000.0,1445.0,답,35.8367863,129.1053804
경상북도,경주시,건천읍,대곡리 428,249000.0,1914.0,답,35.8553854,129.1234887
경상북도,경주시,건천읍,모량리 358-2,262000.0,2013.0,답,35.8274006,129.1168669
경상북도,경주시,건천읍,방내리 971-8,135000.0,1117.0,답,35.8214839,129.1077633
경상북도,경주시,건천읍,신평리 1276-2,380000.0,2916.0,답,35.8546352,129.0865625
경상북도,경주시,건천읍,조전리 704-4,117000.0,899.0,답,35.8323895,129.1023032
경상북도,경주시,건천읍,조전리 704-3,266000.0,2043.0,답,35.8327199,129.1023951
경상북도,경주시,건천읍,조전리 580-4,200000.0,2073.0,답,35.8383080,129.1005454
경상북도,경주시,건천읍,조전리 580-5,300000.0,2803.0,답,35.8384464,129.1007686
경상북도,경주시,건천읍,조전리 704-1,200000.0,1533.0,답,35.8327798,129.1025739
경상북도,경주시,광명동,1163-2,206000.0,1583.0,답,35.8334713,129.1322760
경상북도,경주시,구정동,615-4,26000.0,195.0,답,35.7766116,129.2873767
경상북도,경주시,남산동,241-6,58000.0,490.0,답,35.8046309,129.2472646
경상북도,경주시,남산동,241-3,79000.0,670.0,답,35.8044949,129.2473956
경상북도,경주시,남산동,241-2,213000.0,1798.0,답,35.8049017,129.2470012
경상북도,경주시,내남면,덕천리 490-2,260000.0,2000.0,답,35.7516413,129.1847780
경상북도,경주시,내남면,망성리 236-2,163000.0,1250.0,답,35.7864797,129.1968820
경상북도,경주시,내남면,망성리 236-5,1341000.0,10310.0,답,35.7863963,129.1975889
경상북도,경주시,내남면,명계리 1079,50000.0,377.0,답,35.7243084,129.2259213
경상북도,경주시,내남면,명계리 1079-1,350000.0,1162.0,답,35.7242177,129.2259755
경상북도,경주시,내남면,월산리 829-3,324000.0,2488.0,답,35.7312271,129.1942144
경상북도,경주시,내남면,월산리 829-5,196000.0,1504.0,답,35.7312324,129.1944336
경상북도,경주시,내남면,화곡리 585,100000.0,1365.0,답,35.7705852,129.1630712
경상북도,경주시,산내면,의곡리 91-7,110000.0,1183.0,답,35.7542964,129.0503857
경상북도,경주시,서면,도계리 943-2,4000000.0,6954.0,과수원,35.8850406,129.0478409
경상북도,경주시,서면,도계리 942,690000.0,2425.0,전,35.8849489,129.0485558
경상북도,경주시,서면,도계리 902,310000.0,1084.0,전,35.8865793,129.0477756
경상북도,경주시,서면,사라리 849-2,325000.0,2499.0,답,35.8883870,129.0629185
경상북도,경주시,서면,사라리 859,258000.0,1977.0,답,35.8877305,129.0625220
경상북도,경주시,서면,서오리 552-7,409000.0,3140.0,답,35.8858593,129.0390743
경상북도,경주시,서면,서오리 552-3,98000.0,750.0,답,35.8853888,129.0392095
경상북도,경주시,서면,아화리 492-3,475000.0,3650.0,답,35.8874501,129.0387718
경상북도,경주시,서면,천촌리 131-12,243000.0,1864.0,답,35.8716863,129.0362060
경상북도,경주시,서면,천촌리 131-13,260000.0,1996.0,답,35.8715129,129.0361476
경상북도,경주시,서악동,911-3,306000.0,1048.0,답,35.8214386,129.1926428
경상북도,경주시,서악동,912-1,194000.0,663.0,답,35.8217411,129.1926607
경상북도,경주시,서악동,911-1,100000.0,340.0,답,35.8219181,129.1926711
경상북도,경주시,안강읍,갑산리 903-1,297000.0,2278.0,답,35.9700189,129.2320555
경상북도,경주시,안강읍,갑산리 714-3,180000.0,1213.0,답,35.9725721,129.2304443
경상북도,경주시,안강읍,노당리 601-1,200000.0,2000.0,답,36.0353435,129.2341327
경상북도,경주시,안강읍,산대리 887-13,279000.0,2142.0,답,35.9978910,129.2010267
경상북도,경주시,안강읍,산대리 681-4,69000.0,529.0,답,36.0015442,129.2123594
경상북도,경주시,안강읍,안강리 740,323000.0,2479.0,답,35.9859872,129.2332107
경상북도,경주시,안강읍,안강리 970,320000.0,2456.3,답,35.9965766,129.2438360
경상북도,경주시,안강읍,안강리 671-11,237000.0,1818.0,답,35.9867373,129.2340727
경상북도,경주시,안강읍,안강리 698,215000.0,1653.0,답,35.9879609,129.2317647
경상북도,경주시,안강읍,안강리 671-12,86000.0,661.0,답,35.9867587,129.2339244
경상북도,경주시,안강읍,안강리 970-1,782000.0,6010.3,답,35.9966548,129.2445962
경상북도,경주시,안강읍,양월리 939-4,181000.0,1388.0,답,36.0015887,129.2127808
경상북도,경주시,안강읍,양월리 785-5,304000.0,2337.0,답,36.0011022,129.2153922
경상북도,경주시,안강읍,양월리 1476-3,273000.0,2094.3,답,35.9997508,129.2328842
경상북도,경주시,안강읍,옥산리 339-3,270000.0,2075.0,답,35.9930135,129.1769169
경상북도,경주시,안강읍,옥산리 645-2,264000.0,2029.0,답,35.9932945,129.1781475
경상북도,경주시,안강읍,육통리 520-1,255000.0,1957.0,답,36.0198473,129.2316181
경상북도,경주시,안강읍,육통리 516-1,199000.0,1527.0,답,36.0190770,129.2323487
경상북도,경주시,안강읍,육통리 625-7,256000.0,1964.0,답,36.0166688,129.2246686
경상북도,경주시,안강읍,육통리 520-2,259000.0,1990.0,답,36.0198832,129.2313447
경상북도,경주시,양남면,나산리 414,223000.0,1710.0,답,35.7260919,129.4500174
경상북도,경주시,양남면,나산리 717-2,98000.0,749.0,답,35.7261666,129.4498795
경상북도,경주시,양남면,나산리 717-3,118000.0,907.0,답,35.7262349,129.4497979
경상북도,경주시,양남면,나산리 402-1,187000.0,1438.0,답,35.7274437,129.4492405
경상북도,경주시,양남면,나산리 414-2,237000.0,1818.0,답,35.7259695,129.4501960
경상북도,경주시,외동읍,개곡리 1452,227000.0,1740.0,답,35.7410021,129.3195072
경상북도,경주시,외동읍,냉천리 106,324000.0,2488.0,답,35.7221494,129.3010113
경상북도,경주시,외동읍,냉천리 5-4,391000.0,3004.0,답,35.7329425,129.2952710
경상북도,경주시,외동읍,냉천리 105,267000.0,2052.0,답,35.7223070,129.3012358
경상북도,경주시,외동읍,말방리 423-10,306000.0,2353.0,답,35.7447541,129.3221957
경상북도,경주시,외동읍,연안리 56-1,200000.0,1686.0,답,35.7242043,129.3242423
경상북도,경주시,외동읍,입실리 1069-15,129000.0,1098.0,답,35.7164825,129.3189250
경상북도,경주시,율동,70-3,267000.0,2050.0,답,35.8082803,129.1947155
경상북도,경주시,율동,70-2,266000.0,2043.0,답,35.8084045,129.1949438
경상북도,경주시,조양동,95,473000.0,3633.0,답,35.7762354,129.2871455
경상북도,경주시,천북면,덕산리 185,800000.0,2498.0,답,35.8878798,129.2698310
경상북도,경주시,천북면,동산리 214,200000.0,2463.0,답,35.9033473,129.2757425
경상북도,경주시,천북면,동산리 222-2,197000.0,1336.0,답,35.9032279,129.2726586
경상북도,경주시,천북면,동산리 222-1,603000.0,4079.0,답,35.9033319,129.2723930
경상북도,경주시,천북면,성지리 488-1,114000.0,1048.0,답,35.9117485,129.2806605
경상북도,경주시,천북면,성지리 488,86000.0,793.0,답,35.9118593,129.2810541
경상북도,경주시,천북면,신당리 822-1,540000.0,1818.0,답,35.8914298,129.2385759
경상북도,경주시,천북면,신당리 664-18,610000.0,2026.0,답,35.8955882,129.2446588
경상북도,경주시,천북면,오야리 1076-2,365000.0,2803.0,답,35.9281814,129.2480154
경상북도,경주시,천북면,화산리 876-1,400000.0,3072.0,답,35.9173221,129.2810186
경상북도,경주시,평동,405,383000.0,2946.0,답,35.7880967,129.2677542
경상북도,고령군,개진면,양전리 594,430000.0,1676.0,전,35.7177745,128.3021952
경상북도,고령군,개진면,양전리 321-4,120000.0,483.0,답,35.7184899,128.3025694
경상북도,고령군,개진면,양전리 311-1,650000.0,2549.0,전,35.7182865,128.3026109
경상북도,고령군,개진면,오사리 27-2,670000.0,1000.0,전,35.7165417,128.3680456
경상북도,고령군,개진면,오사리 27,660000.0,1000.0,전,35.7160846,128.3684064
경상북도,구미시,선산읍,죽장리 926,141400000.0,2828.0,과수원,36.2407674,128.2769860
경상북도,구미시,선산읍,죽장리 704,73500000.0,1470.0,과수원,36.2409589,128.2770272
경상북도,구미시,해평면,송곡리 583-1,500000.0,1541.0,답,36.2239777,128.3808458
경상북도,군위군,우보면,모산리 1151,1700000.0,2522.0,과수원,36.165871,128.672336
경상북도,군위군,우보면,모산리 1151-1,90000.0,133.0,과수원,36.165871,128.672336
경상북도,군위군,우보면,모산리 1155,300000.0,440.0,과수원,36.165871,128.672336
경상북도,군위군,우보면,모산리 1156,120000.0,178.0,과수원,36.165871,128.672336
경상북도,군위군,우보면,미성리 1109-40,790000.0,1171.0,과수원,36.165871,128.672336
경상북도,군위군,우보면,선곡리 426-4,110000.0,465.0,전,36.20252,128.687557
경상북도,군위군,우보면,선곡리 427-2,50000.0,205.0,전,36.202825,128.685512
경상북도,군위군,우보면,선곡리 514-2,340000.0,1365.0,전,36.199271,128.677448
경상북도,군위군,우보면,선곡리 393,70000.0,304.0,전,36.20252,128.687557
경상북도,군위군,우보면,선곡리 607-1,60000.0,238.0,전,36.202055,128.680854
경상북도,군위군,우보면,선곡리 391,400000.0,1587.0,전,36.20252,128.687557
경상북도,군위군,우보면,선곡리 392,50000.0,215.0,전,36.20252,128.687557
경상북도,군위군,우보면,선곡리 395,20000.0,89.0,전,36.20252,128.687557
경상북도,군위군,우보면,선곡리 607-12,10000.0,54.0,전,36.202055,128.680854
경상북도,군위군,우보면,선곡리 426-3,80000.0,337.0,전,36.20252,128.687557
경상북도,군위군,우보면,선곡리 396,50000.0,198.0,전,36.20252,128.687557
경상북도,군위군,우보면,이화리 215,550000.0,2241.0,전,36.192244,128.685281
경상북도,군위군,우보면,이화리 214,170000.0,688.0,전,36.192244,128.685281
경상북도,군위군,우보면,이화리 222,20000.0,119.0,전,36.192244,128.685281
경상북도,군위군,의흥면,읍내리 162,190000.0,1129.0,답,36.177273,128.727709
경상북도,군위군,의흥면,읍내리 160,120000.0,658.0,답,36.177273,128.727709
경상북도,군위군,의흥면,읍내리 77,190000.0,1091.0,답,36.183523,128.732679
경상북도,군위군,효령면,마시리 259-1,350000.0,1858.0,전,36.111029,128.631115
경상북도,김천시,남면,초곡리 982-1,165600.0,1104.0,답,36.1374242,128.1765422
경상북도,김천시,다수동,22-26,610000.0,2561.0,답,36.1320797,128.0754029
경상북도,김천시,다수동,22-24,290000.0,1245.0,답,36.1324292,128.0756196
경상북도,김천시,다수동,22-25,100000.0,439.0,답,36.1322755,128.0755031
경상북도,김천시,덕곡동,155-2,211800.0,1412.0,답,36.1298114,128.1531109
경상북도,김천시,부항면,파천리 1076,123004000.0,4393.0,답,36.0240957,127.9203740
경상북도,김천시,아포읍,대신리 929-3,760000.0,1679.0,답,36.1611807,128.1986658
경상북도,김천시,아포읍,대신리 413,920000.0,2003.0,답,36.1595446,128.2053342
경상북도,김천시,아포읍,봉산리 1171-2,920000.0,2010.0,답,36.1634328,128.2093160
경상북도,김천시,지례면,울곡리 371,464960.0,2906.0,전,35.9561413,128.0833897
경상북도,김천시,지례면,울곡리 343-1,413760.0,2586.0,답,35.9547799,128.0819369
경상북도,문경시,농암면,선곡리 670,1000000.0,2477.5,답,36.5534016,128.0476767
경상북도,문경시,마성면,남호리 289,1500000.0,2889.0,답,36.7152475,128.1190873
경상북도,문경시,마성면,상내리 618-1,38000.0,618.0,답,36.6760474,128.0715156
경상북도,문경시,마성면,상내리 607-1,95000.0,1504.0,답,36.6762735,128.0703001
경상북도,문경시,마성면,상내리 610,167000.0,2096.0,답,36.6761633,128.0710928
경상북도,문경시,마성면,상내리 609,70000.0,1197.0,답,36.6763133,128.0707173
경상북도,문경시,문경읍,마원리 732,1000000.0,1230.0,전,36.7242433,128.0980107
경상북도,문경시,산북면,대하리 383-1,800000.0,2218.0,답,36.6704314,128.2582319
경상북도,문경시,우지동,60-3,500000.0,3878.0,답,36.6189201,128.2036380
경상북도,문경시,우지동,57-1,1500000.0,506.0,답,36.6184513,128.2036910
경상북도,문경시,창동,46-4,250000.0,757.0,전,36.6398436,128.1967241
경상북도,문경시,창동,28-1,90000.0,387.0,답,36.6398288,128.1976621
경상북도,문경시,창동,25-1,40000.0,336.0,전,36.6399956,128.1981431
경상북도,문경시,창동,31-1,420000.0,1872.0,답,36.6394973,128.1980483
경상북도,문경시,창동,46-1,130000.0,555.0,전,36.6398217,128.1973098
경상북도,문경시,창동,7,300000.0,978.0,답,36.6415935,128.1957412
경상북도,문경시,창동,46-3,20000.0,69.0,전,36.6398285,128.1970371
경상북도,문경시,창동,590,150000.0,631.0,답,36.6408406,128.1938425
경상북도,문경시,창동,26-2,140000.0,952.0,답,36.6399015,128.1979423
경상북도,문경시,호계면,막곡리 85-1,1000000.0,4142.0,답,36.6340399,128.2082719
경상북도,문경시,호계면,막곡리 151,1500000.0,1983.0,답,36.6255637,128.2076895
경상북도,봉화군,명호면,고감리 820,90000.0,727.0,전,36.8577787,128.8353100
경상북도,봉화군,명호면,고감리 491,10000.0,110.0,전,36.8673667,128.8521370
경상북도,봉화군,명호면,고감리 822,260000.0,2122.0,전,36.8577479,128.8349183
경상북도,봉화군,명호면,고감리 490,1800000.0,6262.0,전,36.8672890,128.8516748
경상북도,봉화군,명호면,고감리 725,250000.0,1215.0,답,36.8623943,128.8430996
경상북도,봉화군,명호면,고계리 293-1,150000.0,1765.0,전,36.8411249,128.9190581
경상북도,봉화군,명호면,도천리 357-6,600000.0,1896.9,전,36.8622531,128.8871810
경상북도,봉화군,명호면,도천리 974-1,600000.0,3128.0,답,36.8939164,128.8771857
경상북도,봉화군,명호면,삼동리 506-6,800000.0,2107.0,답,36.8864070,128.9349483
경상북도,봉화군,명호면,삼동리 506-1,1500000.0,6503.0,답,36.8871896,128.9345553
경상북도,봉화군,명호면,삼동리 506-5,1500000.0,4613.0,답,36.8867621,128.9347723
경상북도,봉화군,명호면,양곡리 1100-4,600000.0,1939.7,답,36.8818718,128.8394350
경상북도,봉화군,명호면,양곡리 338-2,60000.0,368.0,답,36.8677360,128.8457297
경상북도,봉화군,명호면,양곡리 1121-4,224000.0,2137.6,답,36.8773384,128.8446248
경상북도,봉화군,명호면,양곡리 1096-11,198000.0,1927.2,답,36.8737369,128.8472980
경상북도,봉화군,명호면,양곡리 1096-10,87000.0,846.1,답,36.8738964,128.8474459
경상북도,봉화군,명호면,양곡리 338-1,60000.0,334.0,답,36.8676917,128.8454282
경상북도,봉화군,물야면,개단리 1188,210000.0,787.0,과수원,36.9770400,128.7524486
경상북도,봉화군,물야면,개단리 1474-1,255000.0,1896.0,답,36.9534402,128.7442519
경상북도,봉화군,물야면,개단리 1181,1200000.0,4450.0,과수원,36.9760760,128.7507386
경상북도,봉화군,물야면,개단리 1182,350000.0,1491.0,과수원,36.9761901,128.7515750
경상북도,봉화군,물야면,두문리 67-3,511000.0,2989.0,답,36.9606397,128.7159756
경상북도,봉화군,물야면,북지리 448-18,100000.0,103.0,답,36.9076691,128.7305711
경상북도,봉화군,물야면,북지리 448-17,100000.0,274.0,답,36.9078055,128.7306488
경상북도,봉화군,물야면,북지리 448-15,100000.0,320.0,답,36.9079415,128.7307197
경상북도,봉화군,물야면,북지리 448-14,100000.0,757.0,답,36.9081263,128.7308059
경상북도,봉화군,물야면,오전리 200-1,260000.0,5200.0,답,37.0138829,128.7270681
경상북도,봉화군,법전면,눌산리 272-2,500000.0,1617.0,전,36.8941479,128.9799157
경상북도,봉화군,법전면,눌산리 270-2,500000.0,2294.0,전,36.8938403,128.9802964
경상북도,봉화군,법전면,눌산리 1396-1,500000.0,3309.0,전,36.8957469,128.9477454
경상북도,봉화군,법전면,눌산리 209,500000.0,2668.0,전,36.8943441,128.9840513
경상북도,봉화군,법전면,소천리 217,950000.0,3660.0,전,36.9125122,128.9392779
경상북도,봉화군,법전면,소천리 659-8,242000.0,1417.3,답,36.9030393,128.9247434
경상북도,봉화군,법전면,소천리 201-1,650000.0,2737.0,전,36.9119828,128.9394057
경상북도,봉화군,법전면,어지리 910-1,600000.0,1912.0,전,36.9186349,128.9496007
경상북도,봉화군,법전면,어지리 908-1,600000.0,1295.0,전,36.9188299,128.9494873
경상북도,봉화군,법전면,풍정리 383-1,700000.0,3785.0,답,36.8963581,128.8553972
경상북도,봉화군,법전면,풍정리 373,500000.0,2248.0,답,36.8985962,128.8561753
경상북도,봉화군,법전면,풍정리 135-2,350000.0,1687.0,답,36.8970075,128.8682785
경상북도,봉화군,봉성면,금봉리 663-5,180000.0,694.0,답,36.9093019,128.7759221
경상북도,봉화군,봉성면,금봉리 663-6,180000.0,664.0,답,36.9092140,128.7757326
경상북도,봉화군,봉성면,금봉리 572-17,270000.0,949.0,답,36.9109479,128.7817385
경상북도,봉화군,봉성면,금봉리 572-16,180000.0,678.0,답,36.9111522,128.7820916
경상북도,봉화군,봉성면,금봉리 572-14,900000.0,3197.0,답,36.9112674,128.7815994
경상북도,봉화군,봉성면,금봉리 663-3,60000.0,288.0,답,36.9094210,128.7760878
경상북도,봉화군,봉성면,금봉리 572-15,300000.0,1101.0,답,36.9112715,128.7819060
경상북도,봉화군,봉성면,외삼리 550-3,150000.0,527.0,답,36.8945569,128.7887905
경상북도,봉화군,봉성면,외삼리 749,1200000.0,4889.0,전,36.8928817,128.7859262
경상북도,봉화군,봉성면,외삼리 550-1,1800000.0,6371.0,답,36.8948043,128.7896626
경상북도,봉화군,봉성면,외삼리 730,300000.0,1090.0,답,36.8956902,128.7875602
경상북도,봉화군,봉성면,외삼리 295,500000.0,1864.0,전,36.8772839,128.8003265
경상북도,봉화군,봉화읍,거촌리 230-2,1300000.0,4356.0,전,36.8903989,128.7640164
경상북도,봉화군,봉화읍,거촌리 155,100000.0,269.3,전,36.8907718,128.7658239
경상북도,봉화군,봉화읍,거촌리 231,100000.0,349.6,전,36.8900428,128.7645054
경상북도,봉화군,봉화읍,거촌리 156,1000000.0,3827.4,전,36.8906790,128.7650699
경상북도,봉화군,봉화읍,문단리 49-6,9000.0,36.0,답,36.8658897,128.6826499
경상북도,봉화군,봉화읍,문단리 222-2,650000.0,2374.0,답,36.8651474,128.6784169
경상북도,봉화군,봉화읍,문단리 50-8,60000.0,238.0,답,36.8662842,128.6826639
경상북도,봉화군,봉화읍,문단리 163-7,350000.0,1574.2,답,36.8600606,128.6810833
경상북도,봉화군,봉화읍,유곡리 311,600000.0,2393.0,전,36.9064534,128.7653009
경상북도,봉화군,봉화읍,적덕리 20-1,1500000.0,3071.0,답,36.8701918,128.7113266
경상북도,봉화군,봉화읍,적덕리 1138-8,300000.0,817.8,답,36.8813396,128.6888619
경상북도,봉화군,봉화읍,적덕리 1138-9,1000000.0,6488.7,답,36.8810715,128.6891014
경상북도,봉화군,봉화읍,적덕리 22-1,8000000.0,2198.0,답,36.8717580,128.7118288
경상북도,봉화군,봉화읍,적덕리 22,600000.0,1422.0,답,36.8721043,128.7115682
경상북도,봉화군,상운면,가곡리 748-1,247000.0,2404.0,답,36.8551873,128.7420516
경상북도,봉화군,상운면,구천리 104-2,1000000.0,3000.4,답,36.8144039,128.7635903
경상북도,봉화군,상운면,구천리 140,1000000.0,3647.0,답,36.8139052,128.7563060
경상북도,봉화군,상운면,문촌리 370-3,111000.0,828.7,답,36.8589288,128.7922667
경상북도,봉화군,상운면,문촌리 370-4,146000.0,1082.4,답,36.8586818,128.7923618
경상북도,봉화군,상운면,설매리 237,53400000.0,1763.0,전,36.8335372,128.7320558
경상북도,봉화군,상운면,운계리 851-1,500000.0,1535.0,답,36.8190034,128.7501756
경상북도,봉화군,상운면,하눌리 188,1200000.0,4125.0,전,36.8799497,128.7834826
경상북도,봉화군,석포면,승부리 165,450000.0,1739.0,전,37.0182672,129.0751950
경상북도,봉화군,소천면,고선리 426-1,230000000.0,7874.0,전,36.9603419,128.9834568
경상북도,봉화군,소천면,분천리 1000,1800000.0,5732.0,전,36.9378472,129.0596280
경상북도,봉화군,소천면,분천리 1034-3,1300000.0,4228.0,전,36.9414018,129.0599685
경상북도,봉화군,소천면,분천리 1010,300000.0,685.0,전,36.9388801,129.0606571
경상북도,봉화군,소천면,분천리 1580-1,300000.0,2685.0,전,36.9419485,129.0416685
경상북도,봉화군,소천면,임기리 1180-3,8540000.0,403.0,전,36.8962127,129.0004332
경상북도,봉화군,소천면,임기리 1208,43920000.0,1815.0,전,36.8961151,128.9994357
경상북도,봉화군,소천면,임기리 782,128920000.0,3874.0,전,36.8899250,129.0031374
경상북도,봉화군,소천면,임기리 764,11770000.0,354.0,전,36.8902811,129.0038094
경상북도,봉화군,소천면,임기리 778-1,106480000.0,3201.0,전,36.8906610,129.0040007
경상북도,봉화군,소천면,임기리 762,109120000.0,3279.0,전,36.8901613,129.0042238
경상북도,봉화군,재산면,현동리 283,42300000.0,1554.0,전,36.7947273,128.9764779
경상북도,봉화군,재산면,현동리 284,48440000.0,1779.0,답,36.7942679,128.9767175
경상북도,봉화군,춘양면,도심리 392-3,8400000.0,172.0,과수원,36.9860009,128.8649427
경상북도,봉화군,춘양면,도심리 392-6,288000000.0,5946.0,과수원,36.9860559,128.8643107
경상북도,봉화군,춘양면,도심리 392-7,12000000.0,240.0,과수원,36.9857908,128.8646058
경상북도,봉화군,춘양면,서동리 463-3,249000.0,1845.9,답,36.9499892,128.8880207
경상북도,봉화군,춘양면,학산리 219,100000.0,1002.0,전,36.9453639,128.8883394
경상북도,상주시,공검면,역곡리 214-1,490000.0,1471.0,답,36.5317837,128.1725935
경상북도,상주시,공검면,역곡리 214,510000.0,1551.0,답,36.5318280,128.1727552
경상북도,상주시,공검면,예주리 372,230000.0,4469.0,전,36.5287525,128.1256715
경상북도,상주시,공검면,오태리 7,100000.0,1127.0,전,36.4941084,128.1360479
경상북도,상주시,공성면,도곡리 386,230000.0,1359.0,과수원,36.2850611,128.0515664
경상북도,상주시,공성면,도곡리 388-1,770000.0,4526.0,과수원,36.2854362,128.0518788
경상북도,상주시,공성면,용안리 874-3,130000.0,2550.7,답,36.3046869,128.1132864
경상북도,상주시,공성면,용안리 875,160000.0,3087.9,답,36.3048112,128.1135958
경상북도,상주시,공성면,장동리 621-1,240000.0,1057.0,답,36.2849277,128.0740171
경상북도,상주시,공성면,효곡리 429,200000.0,2774.0,답,36.3307195,128.0362625
경상북도,상주시,낙상동,594-6,880000.0,3878.0,답,36.4509235,128.1925787
경상북도,상주시,내서면,노류리 150-2,100000.0,1624.0,답,36.3874952,128.0274823
경상북도,상주시,만산동,194-1,380000.0,3745.0,답,36.4374960,128.1560604
경상북도,상주시,만산동,193,320000.0,3088.0,답,36.4381960,128.1560839
경상북도,상주시,모동면,금천리 504-2,5472000.0,228.0,과수원,36.3079988,127.9519139
경상북도,상주시,모동면,금천리 504-1,83784000.0,3491.0,과수원,36.3083461,127.9511435
경상북도,상주시,모동면,반계리 789-4,50000.0,892.1,답,36.2807389,128.0056997
경상북도,상주시,모동면,반계리 789-5,150000.0,2944.0,답,36.2809008,128.0059792
경상북도,상주시,모동면,신천리 562-1,3100000.0,909.0,과수원,36.3027348,127.9533800
경상북도,상주시,모동면,신천리 561-2,6900000.0,2026.0,과수원,36.3026278,127.9535793
경상북도,상주시,모동면,신천리 562-2,1690000.0,1174.0,과수원,36.3028020,127.9532319
경상북도,상주시,모동면,신천리 563-1,2310000.0,1597.0,과수원,36.3029034,127.9530430
경상북도,상주시,모동면,신천리 560-2,2000000.0,2050.0,과수원,36.3031651,127.9539916
경상북도,상주시,모서면,도안리 654-1,640000.0,846.0,과수원,36.3301175,127.9645164
경상북도,상주시,모서면,도안리 655,1000000.0,1362.0,과수원,36.3301969,127.9644434
경상북도,상주시,모서면,도안리 651-1,1400000.0,1868.0,과수원,36.3297638,127.9648763
경상북도,상주시,모서면,백학리 686-7,800000.0,3061.6,전,36.3180974,127.8868378
경상북도,상주시,모서면,정산리 216,75000.0,1441.0,답,36.3080379,127.8759651
경상북도,상주시,모서면,정산리 217,65000.0,1246.0,답,36.3080806,127.8756808
경상북도,상주시,사벌국면,묵상리 940,1000000.0,1884.0,답,36.4913729,128.2272653
경상북도,상주시,사벌국면,묵상리 1231-15,105000.0,1159.2,답,36.4804681,128.2414361
경상북도,상주시,사벌국면,묵상리 1186,700000.0,1398.3,답,36.4906779,128.2269457
경상북도,상주시,사벌국면,묵하리 439,250000.0,2724.0,답,36.4764441,128.2332053
경상북도,상주시,사벌국면,묵하리 438,145000.0,1583.0,답,36.4767654,128.2334029
경상북도,상주시,외남면,구서리 694-5,350000.0,1658.0,답,36.3357144,128.0795756
경상북도,상주시,외남면,구서리 28-1,1000000.0,2989.0,답,36.3447771,128.1007082
경상북도,상주시,외남면,구서리 28-2,1000000.0,2583.0,답,36.3445361,128.1006232
경상북도,상주시,외남면,구서리 668,400000.0,1943.0,답,36.3367608,128.0782527
경상북도,상주시,외서면,가곡리 638,180000.0,2129.0,답,36.4838081,128.0896545
경상북도,상주시,외서면,가곡리 639,130000.0,1636.0,답,36.4841946,128.0898016
경상북도,상주시,외서면,가곡리 640,190000.0,2357.0,답,36.4840317,128.0902319
경상북도,상주시,외서면,예의리 483-2,355000.0,1567.4,답,36.4786287,128.0020924
경상북도,상주시,외서면,예의리 483-3,333000.0,1468.6,답,36.4785820,128.0025526
경상북도,상주시,외서면,우산리 346-2,2000000.0,3506.9,답,36.4872167,128.0690058
경상북도,상주시,외서면,이천리 482-4,310000.0,1284.8,답,36.4825386,128.1405310
경상북도,상주시,외서면,이천리 97,510000.0,2112.0,답,36.4829668,128.1408942
경상북도,상주시,이안면,구미리 274,300000.0,1481.0,답,36.5943799,128.0934376
경상북도,상주시,이안면,문창리 216,810000.0,2856.0,답,36.5828519,128.1309775
경상북도,상주시,이안면,문창리 672-9,500000.0,1144.0,답,36.5764180,128.1250904
경상북도,상주시,이안면,문창리 509,1500000.0,2337.0,과수원,36.5730259,128.1188586
경상북도,상주시,이안면,문창리 19-2,790000.0,2756.0,답,36.5903991,128.1306311
경상북도,상주시,죽전동,219-1,160000.0,3021.0,답,36.4440735,128.1665242
경상북도,상주시,죽전동,349,60000.0,1015.0,답,36.4424586,128.1632300
경상북도,상주시,죽전동,349-1,90000.0,1767.0,답,36.4425855,128.1635988
경상북도,상주시,죽전동,221,80000.0,1507.0,답,36.4431933,128.1669688
경상북도,상주시,죽전동,99-1,150000.0,2886.0,답,36.4463892,128.1731424
경상북도,상주시,중덕동,823,1200000.0,3614.0,답,36.4409949,128.1852031
경상북도,상주시,청리면,율리 807-2,1000000.0,1342.0,답,36.3469277,128.1032457
경상북도,상주시,청리면,율리 772-2,1000000.0,1554.0,답,36.3469150,128.1039085
경상북도,상주시,청리면,청상리 655,150000.0,1068.0,과수원,36.3231058,128.1544366
경상북도,상주시,청리면,청상리 651,350000.0,2516.0,과수원,36.3235153,128.1549426
경상북도,상주시,청리면,청상리 753,5000000.0,1722.0,과수원,36.3263855,128.1579069
경상북도,상주시,함창읍,금곡리 575,550000.0,1039.0,답,36.5215790,128.2110836
경상북도,상주시,함창읍,금곡리 577,470000.0,889.0,답,36.5212652,128.2109644
경상북도,상주시,함창읍,금곡리 574,360000.0,677.0,답,36.5217011,128.2111924
경상북도,상주시,함창읍,금곡리 576,510000.0,968.0,답,36.5214215,128.2110112
경상북도,상주시,함창읍,하갈리 585,1100000.0,2090.0,전,36.5074783,128.2380841
경상북도,상주시,함창읍,하갈리 582,600000.0,1147.0,전,36.5076575,128.2383935
경상북도,상주시,화동면,이소리 525-4,500000.0,4674.0,전,36.4011883,127.9480050
경상북도,상주시,화북면,운흥리 372,160000.0,1438.0,답,36.5964894,127.8209157
경상북도,상주시,화북면,운흥리 101,130000.0,1074.0,전,36.5953803,127.8225633
경상북도,상주시,흥각동,589-6,70000.0,1368.6,답,36.3824067,128.1706499
경상북도,성주군,가천면,창천리 1147,300000.0,6344.0,답,35.8808098,128.1567222
경상북도,성주군,수륜면,송계리 407,500000.0,2040.0,답,35.8758610,128.2052185
경상북도,성주군,초전면,동포리 178,700000.0,2406.0,답,35.9935294,128.2579014
경상북도,안동시,길안면,배방리 37,100000.0,2142.0,전,36.4161199,128.9699297
경상북도,안동시,길안면,천지리 848,560000.0,2519.0,과수원,36.4528788,128.8871719
경상북도,안동시,길안면,천지리 847,440000.0,1944.0,과수원,36.4533893,128.8871433
경상북도,안동시,남선면,도로리 641,55000000.0,1815.0,전,36.5135820,128.7475965
경상북도,안동시,남선면,도로리 633,82000000.0,2436.0,전,36.5138769,128.7477659
경상북도,안동시,남선면,도로리 634,7500000.0,245.0,전,36.5137865,128.7480774
경상북도,안동시,남후면,광음리 973,800000.0,3563.0,과수원,36.5079037,128.6524964
경상북도,안동시,녹전면,구송리 601,500000.0,1597.0,전,36.7129879,128.7666247
경상북도,안동시,녹전면,구송리 602,1200000.0,5699.0,답,36.7126096,128.7663278
경상북도,안동시,녹전면,죽송리 607,500000.0,3269.0,답,36.7414128,128.7613698
경상북도,안동시,녹전면,죽송리 561,300000.0,1987.0,답,36.7408216,128.7613494
경상북도,안동시,도산면,동부리 826,500000.0,4274.0,답,36.7090087,128.8314921
경상북도,안동시,도산면,선양리 424,390000.0,3788.0,전,36.7135299,128.8087976
경상북도,안동시,도산면,선양리 421,240000.0,2311.0,전,36.7144508,128.8094188
경상북도,안동시,도산면,선양리 425,70000.0,704.0,전,36.7140869,128.8081339
경상북도,안동시,도산면,온혜리 285,40000.0,214.0,전,36.7513467,128.8335309
경상북도,안동시,도산면,온혜리 287-2,20000.0,89.0,전,36.7516482,128.8335775
경상북도,안동시,도산면,온혜리 284,10000.0,54.0,전,36.7512501,128.8335373
경상북도,안동시,도산면,의일리 717-2,400000.0,2034.0,답,36.7220634,128.7984241
경상북도,안동시,북후면,신전리 203-1,900000.0,3035.0,전,36.6750237,128.6394635
경상북도,안동시,서후면,교리 146,400000.0,1382.0,답,36.5793300,128.6712991
경상북도,안동시,서후면,성곡리 657,1000000.0,1290.0,전,36.6290515,128.6427463
경상북도,안동시,서후면,성곡리 569,1000000.0,2361.0,전,36.6288096,128.6430547
경상북도,안동시,서후면,이개리 732-1,22760000.0,1084.0,답,36.6174037,128.6327964
경상북도,안동시,서후면,이개리 733,24150000.0,1150.0,답,36.6175020,128.6329648
경상북도,안동시,서후면,이송천리 679,700000.0,2678.0,전,36.6060916,128.6862510
경상북도,안동시,안기동,10,1800000.0,3471.0,전,36.5829544,128.7236710
경상북도,안동시,예안면,천전리 239,700000.0,5309.0,전,36.6841815,128.8325972
경상북도,안동시,와룡면,가구리 572-3,18500000.0,245.0,전,36.6177402,128.7723427
경상북도,안동시,와룡면,가구리 573,120000000.0,1587.0,전,36.6176552,128.7727483
경상북도,안동시,와룡면,감애리 361,500000.0,3220.0,답,36.6507454,128.7697967
경상북도,안동시,와룡면,서지리 287-3,250000.0,2519.0,답,36.5994793,128.7477118
경상북도,안동시,와룡면,서지리 296-3,40000.0,804.0,전,36.5981598,128.7472908
경상북도,안동시,와룡면,지내리 810,200000.0,3008.0,답,36.6326528,128.7748062
경상북도,안동시,일직면,귀미리 710,340000.0,1699.0,전,36.4650823,128.6823937
경상북도,안동시,임동면,마령리 260,1200000.0,2289.0,전,36.6009287,128.9836358
경상북도,안동시,임하면,임하리 1160-1,19000000.0,1247.0,답,36.5307341,128.8424681
경상북도,안동시,풍산읍,수곡리 257,500000.0,3240.0,답,36.5783786,128.6422453
경상북도,안동시,풍산읍,죽전리 356,7570000.0,631.0,전,36.6210753,128.5907117
경상북도,안동시,풍산읍,죽전리 357,16060000.0,1339.0,전,36.6210584,128.5909746
경상북도,영덕군,강구면,소월리 233,500000.0,4440.0,답,36.3778370,129.3724612
경상북도,영덕군,영덕읍,대탄리 341,60000.0,1101.0,전,36.4305140,129.4243137
경상북도,영덕군,지품면,신안리 208,320000.0,2542.0,과수원,36.4468898,129.2843793
경상북도,영양군,석보면,지경리 642,54450000.0,1634.0,답,36.5563571,129.0968714
경상북도,영양군,석보면,지경리 649,23210000.0,699.0,답,36.5563492,129.0972923
경상북도,영양군,수비면,수하리 364,32000000.0,995.0,전,36.8276813,129.2579849
경상북도,영양군,수비면,신원리 519,90000000.0,2140.0,전,36.7699990,129.2104607
경상북도,영양군,수비면,오기리 653-1,25000000.0,1391.0,답,36.7413394,129.1998140
경상북도,영양군,수비면,오기리 654-1,31000000.0,1720.0,답,36.7413229,129.2001126
경상북도,영양군,영양읍,무창리 745-4,43500000.0,2876.0,전,36.6188572,129.2023362
경상북도,영양군,영양읍,상원리 416,34500000.0,350.0,과수원,36.6788906,129.1476567
경상북도,영양군,영양읍,상원리 841-1,44650000.0,4198.0,전,36.6802815,129.1335760
경상북도,영양군,영양읍,상원리 354-4,5400000.0,180.0,전,36.6816605,129.1476991
경상북도,영양군,영양읍,상원리 841-2,25350000.0,2383.0,전,36.6798236,129.1334632
경상북도,영양군,영양읍,상원리 419,155500000.0,2856.0,과수원,36.6790741,129.1479463
경상북도,영양군,영양읍,상원리 243,69860000.0,3299.0,전,36.6841758,129.1537236
경상북도,영양군,영양읍,화천리 400,35600000.0,1177.0,전,36.6479675,129.1742255
경상북도,영양군,영양읍,화천리 812-1,35300000.0,1167.0,전,36.6478249,129.1742527
경상북도,영양군,영양읍,화천리 812-3,31900000.0,1054.0,전,36.6475965,129.1736073
경상북도,영양군,영양읍,화천리 812-2,12500000.0,416.0,전,36.6474385,129.1731624
경상북도,영양군,일월면,도계리 346,29240000.0,3223.0,과수원,36.7353879,129.1163810
경상북도,영양군,일월면,도계리 340,6020000.0,664.0,과수원,36.7356223,129.1167006
경상북도,영양군,일월면,도계리 348,14720000.0,1623.0,과수원,36.7351303,129.1170207
경상북도,영양군,일월면,도계리 347,9180000.0,1012.0,과수원,36.7349720,129.1167827
경상북도,영양군,일월면,도계리 357,38430000.0,4235.0,과수원,36.7337645,129.1174659
경상북도,영양군,일월면,도계리 355-1,18290000.0,2016.0,과수원,36.7346985,129.1163435
경상북도,영양군,일월면,도계리 337,1860000.0,205.0,과수원,36.7355158,129.1168334
경상북도,영양군,일월면,도계리 339,14840000.0,1636.0,과수원,36.7357644,129.1169021
경상북도,영양군,일월면,도계리 355,83070000.0,9154.0,과수원,36.7342204,129.1168725
경상북도,영양군,일월면,도계리 354,2960000.0,327.0,과수원,36.7345203,129.1171362
경상북도,영양군,일월면,도계리 338,2840000.0,314.0,과수원,36.7354187,129.1169481
경상북도,영양군,일월면,도곡리 353,193800000.0,4271.0,전,36.7498468,129.0838712
경상북도,영양군,일월면,도곡리 344-4,7700000.0,375.0,전,36.7501816,129.0799545
경상북도,영양군,일월면,도곡리 332-1,89800000.0,2967.0,전,36.7483914,129.0833305
경상북도,영양군,일월면,문암리 489,2600000.0,134.0,전,36.7742895,129.1462007
경상북도,영양군,일월면,문암리 281,250000.0,1957.0,전,36.7638734,129.1501624
경상북도,영양군,일월면,문암리 489-2,46085000.0,2344.0,전,36.7743106,129.1465644
경상북도,영양군,일월면,문암리 489-1,13975000.0,712.0,전,36.7742699,129.1462220
경상북도,영양군,입암면,방전리 357,422900.0,1433.0,답,36.5528527,129.0904086
경상북도,영양군,입암면,방전리 365,501600.0,1672.0,답,36.5525684,129.0906960
경상북도,영양군,입암면,방전리 358,423300.0,1411.0,답,36.5527091,129.0905567
경상북도,영양군,입암면,산해리 1114-1,144900000.0,4790.0,과수원,36.5922125,129.0298077
경상북도,영양군,입암면,산해리 1098-1,60400000.0,1998.0,과수원,36.5914776,129.0317977
경상북도,영양군,입암면,신구리 53,70950000.0,1564.0,과수원,36.6022027,129.0922037
경상북도,영양군,입암면,양항리 496-1,168750000.0,3719.0,과수원,36.6027506,129.0932820
경상북도,영양군,입암면,양항리 166,35600000.0,1177.0,답,36.6143009,129.1269980
경상북도,영양군,입암면,양항리 167,133000000.0,4397.0,답,36.6140376,129.1271910
경상북도,영양군,입암면,연당리 19,108800000.0,3597.0,전,36.6162934,129.0832933
경상북도,영양군,입암면,연당리 92-1,79500000.0,2629.0,답,36.6139153,129.0868654
경상북도,영양군,입암면,연당리 92-2,86000000.0,2843.0,답,36.6138253,129.0872755
경상북도,영양군,청기면,당리 555,93360000.0,5144.0,전,36.7559584,129.0556446
경상북도,영양군,청기면,당리 555-1,3840000.0,211.0,전,36.7557116,129.0554904
경상북도,영양군,청기면,당리 556,9000000.0,496.0,전,36.7561251,129.0554442
경상북도,영양군,청기면,무진리 591-1,54000000.0,3564.0,전,36.7410287,129.0176877
경상북도,영양군,청기면,무진리 466,125500000.0,8283.0,전,36.7402561,129.0176659
경상북도,영양군,청기면,무진리 593,83500000.0,5513.0,전,36.7407083,129.0138751
경상북도,영양군,청기면,청기리 162-2,27000000.0,892.0,답,36.6503832,129.0729105
경상북도,영양군,청기면,청기리 190,9000000.0,516.0,전,36.6515323,129.0711704
경상북도,영양군,청기면,행화리 444,33000000.0,2196.0,전,36.7561547,128.9983261
경상북도,영주시,단산면,단곡리 545-2,2000000.0,4539.0,과수원,36.9487948,128.5940650
경상북도,영주시,문수면,대양리 46-1,123160000.0,3973.0,전,36.7362983,128.5981810
경상북도,영주시,문수면,수도리 209-1,200000.0,635.0,전,36.7309752,128.6240668
경상북도,영주시,문수면,수도리 209-2,400000.0,1251.0,전,36.7311468,128.6244949
경상북도,영주시,문수면,월호리 413,390000.0,3772.0,전,36.7480845,128.6229036
경상북도,영주시,문수면,월호리 1299,600000.0,1858.0,답,36.7488361,128.6062456
경상북도,영주시,문수면,월호리 407,140000.0,1375.0,전,36.7490595,128.6225547
경상북도,영주시,문수면,월호리 406,40000.0,354.0,전,36.7491633,128.6220647
경상북도,영주시,문수면,월호리 414,330000.0,3197.0,전,36.7487066,128.6229869
경상북도,영주시,문수면,월호리 898,1500000.0,1998.0,전,36.7350769,128.6199834
경상북도,영주시,문수면,조제리 418,800000.0,3759.0,답,36.7232430,128.5985670
경상북도,영주시,문수면,조제리 425-1,300000.0,1075.8,답,36.7234382,128.6001934
경상북도,영주시,문수면,조제리 425-2,300000.0,1383.6,답,36.7234909,128.6004416
경상북도,영주시,문수면,조제리 1213,800000.0,1889.0,답,36.7224748,128.6054449
경상북도,영주시,문정동,350,180000.0,949.0,답,36.7957634,128.6097007
경상북도,영주시,문정동,532-5,550000.0,1815.0,전,36.7929192,128.6045621
경상북도,영주시,문정동,531-4,600000.0,2107.0,전,36.7936365,128.6039736
경상북도,영주시,문정동,351,420000.0,3031.0,답,36.7954869,128.6097967
경상북도,영주시,봉현면,대촌리 7-3,700000.0,2311.0,답,36.8548465,128.5331207
경상북도,영주시,봉현면,두산리 241,1600000.0,4949.0,과수원,36.8743381,128.5036244
경상북도,영주시,봉현면,유전리 584-1,307000.0,2365.0,답,36.8036396,128.5049395
경상북도,영주시,봉현면,하촌리 576-2,136000000.0,8151.0,과수원,36.7788832,128.4942191
경상북도,영주시,봉현면,하촌리 563,25000000.0,1504.0,전,36.7785284,128.4940693
경상북도,영주시,봉현면,하촌리 153-2,124300000.0,3738.0,과수원,36.7840967,128.5000858
경상북도,영주시,부석면,감곡리 548-2,158900000.0,5254.0,전,36.9261377,128.6425493
경상북도,영주시,부석면,감곡리 550-3,55800000.0,1845.0,전,36.9267253,128.6430681
경상북도,영주시,부석면,노곡리 553,700000.0,3590.0,답,36.9803794,128.6328371
경상북도,영주시,부석면,노곡리 581-2,50000.0,301.0,전,36.9807104,128.6325779
경상북도,영주시,부석면,노곡리 554,250000.0,1438.0,전,36.9803429,128.6324293
경상북도,영주시,부석면,노곡리 89-5,800000.0,2760.7,답,36.9788169,128.6370441
경상북도,영주시,부석면,노곡리 89-4,820000.0,2726.3,답,36.9790857,128.6370616
경상북도,영주시,부석면,북지리 999,542000.0,2159.0,답,37.0023623,128.6672133
경상북도,영주시,부석면,우곡리 37-3,500000.0,1201.0,전,36.9531349,128.6635673
경상북도,영주시,상망동,33,600000.0,3269.0,전,36.8373316,128.6613646
경상북도,영주시,상망동,507,350000.0,1762.0,전,36.8343355,128.6469320
경상북도,영주시,순흥면,석교리 307-18,400000.0,1867.5,답,36.9009736,128.5749892
경상북도,영주시,순흥면,석교리 307-19,600000.0,2157.7,답,36.9008572,128.5750809
경상북도,영주시,아지동,87-10,510000.0,1838.0,답,36.8621933,128.6059780
경상북도,영주시,아지동,88,930000.0,3302.0,답,36.8621734,128.6063041
경상북도,영주시,아지동,116-1,113800000.0,2280.0,전,36.8555585,128.6015841
경상북도,영주시,안정면,내줄리 8,120000.0,403.0,답,36.8405201,128.5751032
경상북도,영주시,안정면,내줄리 64,650000.0,1983.0,답,36.8437516,128.5681507
경상북도,영주시,안정면,내줄리 80-45,500000.0,1894.0,답,36.8445953,128.5633817
경상북도,영주시,안정면,내줄리 230-89,180000.0,1993.0,답,36.8397382,128.5654018
경상북도,영주시,안정면,내줄리 11,380000.0,1851.0,답,36.8408272,128.5741028
경상북도,영주시,안정면,내줄리 14,950000.0,3634.0,답,36.8406583,128.5739871
경상북도,영주시,안정면,내줄리 407-6,70000.0,764.0,답,36.8417684,128.5565895
경상북도,영주시,안정면,내줄리 9,30000.0,172.0,답,36.8403920,128.5749781
경상북도,영주시,안정면,내줄리 180-18,500000.0,1836.0,답,36.8439860,128.5630436
경상북도,영주시,안정면,내줄리 598,107000000.0,2846.0,과수원,36.8338817,128.5445238
경상북도,영주시,안정면,봉암리 12-2,500000.0,3516.0,답,36.8422205,128.5456991
경상북도,영주시,안정면,안심리 332-4,350000.0,1472.0,답,36.8555610,128.5489757
경상북도,영주시,안정면,안심리 332-1,60000.0,264.0,답,36.8558592,128.5491652
경상북도,영주시,안정면,안심리 350-3,600000.0,1888.0,답,36.8558913,128.5483552
경상북도,영주시,안정면,안심리 351-1,1200000.0,4291.0,답,36.8564115,128.5486314
경상북도,영주시,안정면,안심리 350-1,150000.0,588.0,답,36.8560526,128.5489453
경상북도,영주시,안정면,여륵리 509,360000.0,2089.0,전,36.8001033,128.5292359
경상북도,영주시,안정면,오계리 686,80000000.0,3236.0,전,36.8589703,128.5773988
경상북도,영주시,안정면,오계리 397-31,500000.0,1515.0,답,36.8682523,128.5791972
경상북도,영주시,안정면,오계리 397-42,500000.0,2578.0,답,36.8674035,128.5794572
경상북도,영주시,안정면,오계리 397-36,500000.0,2698.0,답,36.8678385,128.5794192
경상북도,영주시,안정면,옹암리 107-5,2000000.0,6045.0,답,36.8629797,128.5533672
경상북도,영주시,안정면,용산리 616-1,800000.0,2484.3,답,36.8048800,128.5378268
경상북도,영주시,안정면,용산리 515,600000.0,2043.0,답,36.8131115,128.5434287
경상북도,영주시,안정면,용산리 516-6,600000.0,1117.0,답,36.8131358,128.5438703
경상북도,영주시,안정면,일원리 182-2,390000.0,1997.0,답,36.8533954,128.5703865
경상북도,영주시,이산면,두월리 13,50000000.0,2853.0,전,36.8164812,128.7214608
경상북도,영주시,이산면,신암리 884-3,1800000.0,6658.0,답,36.8549332,128.6803555
경상북도,영주시,이산면,신천리 79,500000.0,1464.0,답,36.7849564,128.6981795
경상북도,영주시,이산면,신천리 763,50000.0,479.0,전,36.7809472,128.6805256
경상북도,영주시,이산면,신천리 765,50000.0,321.0,전,36.7805489,128.6807039
경상북도,영주시,이산면,신천리 761,500000.0,3455.0,전,36.7810805,128.6804134
경상북도,영주시,이산면,운문리 1254-1,250000.0,1760.0,답,36.7797949,128.6461106
경상북도,영주시,이산면,운문리 516,800000.0,3625.0,답,36.7760586,128.6619942
경상북도,영주시,이산면,운문리 1253-1,250000.0,1034.0,답,36.7795137,128.6462133
경상북도,영주시,이산면,운문리 1254-3,100000.0,86.0,답,36.7794006,128.6463278
경상북도,영주시,이산면,원리 632-1,358820000.0,8476.0,과수원,36.8337832,128.6541439
경상북도,영주시,이산면,원리 633,14560000.0,344.0,전,36.8340477,128.6535471
경상북도,영주시,이산면,원리 635,14700000.0,350.0,전,36.8342421,128.6536471
경상북도,영주시,이산면,원리 632-5,15960000.0,380.0,전,36.8342554,128.6539505
경상북도,영주시,이산면,원리 634,6300000.0,152.0,전,36.8341296,128.6536952
경상북도,영주시,장수면,갈산리 12,1800000.0,6006.0,전,36.7795917,128.5698228
경상북도,영주시,장수면,두전리 36,750000.0,4196.0,답,36.8013590,128.5946795
경상북도,영주시,장수면,두전리 278,350000.0,738.0,답,36.8249609,128.5787052
경상북도,영주시,장수면,두전리 253-1,350000.0,1212.5,답,36.8244252,128.5778663
경상북도,영주시,장수면,두전리 44,680000.0,3689.0,답,36.7994675,128.5926827
경상북도,영주시,장수면,두전리 756-1,4000000.0,24816.0,답,36.7993705,128.5757174
경상북도,영주시,장수면,성곡리 245,5000000.0,288.0,전,36.7802347,128.5319708
경상북도,영주시,장수면,성곡리 188-1,5000000.0,354.0,전,36.7803520,128.5314283
경상북도,영주시,장수면,성곡리 188-6,560000000.0,14136.0,전,36.7797998,128.5313772
경상북도,영주시,장수면,파지리 184-2,100000000.0,2596.0,답,36.8017511,128.5546054
경상북도,영주시,장수면,호문리 562-1,200000.0,334.0,답,36.7662379,128.5907271
경상북도,영주시,장수면,호문리 563,600000.0,1689.0,답,36.7662736,128.5911272
경상북도,영주시,장수면,호문리 562-3,600000.0,1286.0,답,36.7659449,128.5907182
경상북도,영주시,장수면,호문리 561,200000.0,721.0,답,36.7659860,128.5903893
경상북도,영주시,장수면,호문리 562-2,200000.0,453.0,답,36.7661326,128.5905717
경상북도,영주시,조암동,551,517272000.0,6828.0,전,36.7963010,128.6468883
경상북도,영주시,조암동,547,19545000.0,258.0,전,36.7960733,128.6468030
경상북도,영주시,조암동,548-3,23560000.0,311.0,전,36.7962381,128.6468940
경상북도,영주시,조암동,548-4,8030000.0,106.0,전,36.7961343,128.6466938
경상북도,영주시,조와동,278-5,2400000.0,14381.0,전,36.8764149,128.6370675
경상북도,영주시,평은면,지곡리 471,1000000.0,8142.0,전,36.7075856,128.7189194
경상북도,영주시,풍기읍,전구리 146,700000.0,2741.0,답,36.8719634,128.4899096
경상북도,영주시,풍기읍,전구리 143-2,800000.0,2492.0,답,36.8719649,128.4889940
경상북도,영주시,풍기읍,전구리 145-1,700000.0,2369.0,답,36.8719559,128.4896314
경상북도,영주시,풍기읍,전구리 143-1,800000.0,2510.0,답,36.8719848,128.4887168
경상북도,영주시,휴천동,1560-4,300000.0,1000.0,전,36.8121966,128.6378598
경상북도,영천시,고경면,덕암리 175,3600000.0,1590.0,전,35.9842174,129.0937691
경상북도,영천시,고경면,도암리 391,1300000.0,2939.0,답,35.9949565,129.0082207
경상북도,영천시,금호읍,대미리 894,90000.0,274.0,과수원,35.9405228,128.8803840
경상북도,영천시,금호읍,대미리 895,510000.0,1640.0,과수원,35.9404894,128.8807790
경상북도,영천시,금호읍,대미리 896,400000.0,1286.0,과수원,35.9405081,128.8811629
경상북도,영천시,금호읍,신대리 63-8,800000.0,2023.0,답,35.9084790,128.8688500
경상북도,영천시,금호읍,약남리 416,1000000.0,1702.0,과수원,35.9042027,128.9316061
경상북도,영천시,북안면,상리 622-1,220000.0,1432.0,답,35.8493075,128.9890847
경상북도,영천시,신녕면,매양리 598,160000.0,1716.0,전,36.0412796,128.7759415
경상북도,영천시,신녕면,매양리 599,140000.0,1550.0,전,36.0405106,128.7761155
경상북도,영천시,청통면,송천리 284-1,500000.0,2771.0,전,35.9792303,128.8187938
경상북도,영천시,청통면,신덕리 838,970000.0,1679.0,과수원,35.9715393,128.8496448
경상북도,영천시,청통면,신덕리 837,860000.0,1481.0,과수원,35.9713628,128.8504628
경상북도,영천시,청통면,신덕리 836,1170000.0,2023.0,과수원,35.9710906,128.8513270
경상북도,영천시,화남면,대천리 95,500000.0,1996.0,전,36.0416226,128.9128800
경상북도,영천시,화남면,선천리 998,300000.0,1345.0,과수원,36.0509185,128.8884398
경상북도,영천시,화북면,오동리 26-16,144000.0,597.0,답,36.0920657,128.9114856
경상북도,영천시,화북면,오동리 27-3,473000.0,1960.0,답,36.0926699,128.9098574
경상북도,영천시,화북면,오동리 26-21,248000.0,1025.0,답,36.0918656,128.9111590
경상북도,영천시,화산면,대기리 734,200000.0,1336.0,답,36.0117835,128.8917496
경상북도,영천시,화산면,대안리 823,40000.0,579.0,전,36.0446964,128.8143489
경상북도,예천군,감천면,미석리 727-1,350000.0,1835.0,답,36.7586115,128.5599178
경상북도,예천군,감천면,벌방리 84,130000.0,1831.0,전,36.7559071,128.5067511
경상북도,예천군,감천면,벌방리 82,370000.0,5170.0,전,36.7552598,128.5069396
경상북도,예천군,예천읍,갈구리 223-1,500000.0,4087.0,답,36.6982013,128.4790334
경상북도,예천군,예천읍,동본리 353,900000.0,5700.0,답,36.6495497,128.4730981
경상북도,예천군,예천읍,우계리 419-1,500000.0,2665.0,답,36.6701656,128.4676810
경상북도,예천군,은풍면,금곡리 213-2,780000.0,6777.0,전,36.7451543,128.4232108
경상북도,예천군,은풍면,금곡리 209,220000.0,1891.0,전,36.7451005,128.4237893
경상북도,예천군,지보면,도화리 862,650000.0,2197.0,답,36.5191851,128.4080485
경상북도,울진군,금강송면,삼근리 438-2,200000.0,1699.0,답,36.9369375,129.2442025
경상북도,울진군,기성면,사동리 666-13,50000.0,381.0,전,36.8264322,129.4378647
경상북도,울진군,기성면,사동리 666-14,50000.0,373.0,전,36.8265880,129.4378174
경상북도,울진군,기성면,사동리 707,50000.0,1347.0,전,36.8285978,129.4350358
경상북도,울진군,기성면,사동리 400,300000.0,3048.0,전,36.8283132,129.4421553
경상북도,울진군,기성면,삼산리 756-2,70000.0,2222.0,답,36.8567864,129.3797035
경상북도,울진군,기성면,삼산리 982,50000.0,1025.0,답,36.8512854,129.3829717
경상북도,울진군,기성면,삼산리 966,10000.0,119.0,답,36.8504661,129.3839827
경상북도,울진군,기성면,삼산리 965,30000.0,565.0,답,36.8503617,129.3841855
경상북도,울진군,기성면,삼산리 970,100000.0,1848.0,답,36.8504754,129.3836115
경상북도,울진군,기성면,삼산리 1108-2,60000.0,1243.0,답,36.8458905,129.3789035
경상북도,울진군,기성면,삼산리 756-1,10000.0,261.0,답,36.8570227,129.3796869
경상북도,울진군,매화면,매화리 599-7,350000.0,1815.0,답,36.9262894,129.3788482
경상북도,울진군,매화면,매화리 573-4,60000.0,342.0,답,36.9262685,129.3794134
경상북도,울진군,매화면,매화리 599-9,350000.0,1854.0,답,36.9259343,129.3789422
경상북도,울진군,매화면,매화리 573-3,140000.0,725.0,답,36.9264435,129.3793203
경상북도,울진군,매화면,매화리 573-5,160000.0,840.0,답,36.9260884,129.3795057
경상북도,울진군,매화면,매화리 573-13,70000.0,370.0,답,36.9259116,129.3795971
경상북도,울진군,매화면,매화리 599-10,230000.0,1220.0,답,36.9257528,129.3790347
경상북도,울진군,북면,부구리 1288,100000.0,2016.0,답,37.0949207,129.3482225
경상북도,울진군,울진읍,고성리 72,10000000.0,281.0,답,36.9990207,129.3947294
경상북도,울진군,울진읍,고성리 38-31,50000000.0,883.0,답,36.9973330,129.4001834
경상북도,울진군,울진읍,고성리 76-2,30000000.0,820.0,답,36.9987045,129.3943367
경상북도,의성군,가음면,가산리 504,460000.0,2003.0,답,36.2243929,128.7364173
경상북도,의성군,가음면,가산리 505,300000.0,1316.0,답,36.2246965,128.7363121
경상북도,의성군,가음면,가산리 500-1,40000.0,200.0,답,36.2240688,128.7363711
경상북도,의성군,구천면,미천리 1449,180000000.0,3945.6,답,36.3639527,128.4531740
경상북도,의성군,구천면,소호리 477-1,500000.0,1481.0,답,36.3343051,128.4173713
경상북도,의성군,구천면,소호리 14-1,2500000.0,3993.0,답,36.3457800,128.4092139
경상북도,의성군,구천면,유산리 565-1,1200000.0,1342.0,답,36.3489181,128.4264904
경상북도,의성군,금성면,개일리 62-7,150000.0,875.0,답,36.2248948,128.6982190
경상북도,의성군,금성면,개일리 199,250000.0,1355.0,답,36.2226557,128.6946743
경상북도,의성군,금성면,개일리 193,650000.0,3544.0,답,36.2215383,128.6912272
경상북도,의성군,금성면,대리리 857,500000.0,916.0,답,36.2595409,128.6770567
경상북도,의성군,금성면,대리리 858,600000.0,1005.0,답,36.2591210,128.6770983
경상북도,의성군,금성면,대리리 860,900000.0,1606.0,답,36.2593537,128.6766302
경상북도,의성군,금성면,도경리 633-4,100000.0,1638.0,과수원,36.2250774,128.6451604
경상북도,의성군,금성면,학미리 618,800000.0,3363.0,답,36.2718268,128.6959465
경상북도,의성군,다인면,덕미리 838,190000.0,3134.0,답,36.4812527,128.3373120
경상북도,의성군,다인면,도암리 476,37272000.0,1230.0,답,36.4598145,128.3539240
경상북도,의성군,다인면,도암리 899-4,53393000.0,1762.0,답,36.4619492,128.3494096
경상북도,의성군,다인면,도암리 478,60606000.0,2000.0,답,36.4604075,128.3536493
경상북도,의성군,다인면,삼분리 177,370000.0,1716.0,답,36.4193687,128.4201171
경상북도,의성군,다인면,삼분리 594,137400000.0,3028.0,답,36.4243038,128.4125498
경상북도,의성군,다인면,삼분리 1023,78700000.0,2859.9,답,36.4194498,128.4062213
경상북도,의성군,다인면,삼분리 176-3,230000.0,1067.0,답,36.4196299,128.4200238
경상북도,의성군,다인면,서릉리 440,2000000.0,4460.0,답,36.4523304,128.3463777
경상북도,의성군,다인면,송호리 358-2,153120000.0,4218.0,답,36.4448754,128.3777318
경상북도,의성군,다인면,송호리 441-2,25200000.0,693.0,답,36.4492403,128.3811212
경상북도,의성군,다인면,송호리 358-1,98400000.0,2710.0,답,36.4452134,128.3779158
경상북도,의성군,단밀면,생송리 310,400000.0,1554.0,답,36.3655183,128.3492582
경상북도,의성군,단밀면,서제리 1118,2000000.0,2265.3,답,36.3922933,128.3625310
경상북도,의성군,단북면,정안리 507,1260000.0,3663.0,전,36.4057247,128.4174305
경상북도,의성군,단북면,정안리 500,340000.0,984.0,전,36.4059584,128.4162945
경상북도,의성군,단촌면,세촌리 5,10000000.0,2225.0,전,36.4435395,128.6949809
경상북도,의성군,단촌면,세촌리 461,100000000.0,2704.0,답,36.4364767,128.6692477
경상북도,의성군,봉양면,도원리 908,200000.0,1593.0,답,36.2900552,128.5737393
경상북도,의성군,봉양면,장대리 121-1,9000000.0,304.0,답,36.2785868,128.6294294
경상북도,의성군,봉양면,장대리 121-5,30000000.0,1042.0,답,36.2784805,128.6291827
경상북도,의성군,비안면,용천리 198,120000.0,2179.0,전,36.3403069,128.4717931
경상북도,의성군,비안면,자락리 262-3,500000.0,661.0,답,36.3691095,128.5143839
경상북도,의성군,비안면,자락리 261-4,200000.0,264.0,답,36.3690048,128.5144883
경상북도,의성군,사곡면,신리리 331,54700000.0,1508.0,답,36.2867170,128.7614164
경상북도,의성군,사곡면,신리리 330,31500000.0,870.0,과수원,36.2867790,128.7616207
경상북도,의성군,사곡면,신리리 333,42800000.0,1732.0,과수원,36.2863222,128.7612322
경상북도,의성군,사곡면,신리리 377,27700000.0,764.0,답,36.2861729,128.7607929
경상북도,의성군,신평면,청운리 604,550000.0,2044.0,전,36.4902948,128.4719030
경상북도,의성군,안계면,도덕리 299,180000.0,1273.0,답,36.4071798,128.4661908
경상북도,의성군,안계면,도덕리 728,140000.0,3884.0,전,36.4023662,128.4586008
경상북도,의성군,안계면,도덕리 24,140000.0,1007.0,답,36.4077118,128.4659001
경상북도,의성군,안계면,도덕리 24-1,100000.0,738.0,답,36.4076466,128.4656449
경상북도,의성군,안계면,도덕리 295,80000.0,592.0,답,36.4074040,128.4664325
경상북도,의성군,안계면,봉양리 51-2,600000.0,926.0,답,36.3890472,128.4739230
경상북도,의성군,안계면,봉양리 51-3,900000.0,1140.0,답,36.3891073,128.4737125
경상북도,의성군,안계면,시안리 539-1,2100000.0,4036.0,답,36.4130636,128.4278013
경상북도,의성군,안평면,금곡리 707,150000.0,494.0,답,36.4127937,128.5276413
경상북도,의성군,안평면,금곡리 693,150000.0,532.0,답,36.4121427,128.5275171
경상북도,의성군,옥산면,구성리 324-4,550000.0,2780.0,과수원,36.3890634,128.8117029
경상북도,의성군,옥산면,구성리 325-2,220000.0,1762.0,과수원,36.3897908,128.8116442
경상북도,의성군,의성읍,비봉리 309,150000.0,1157.0,전,36.3049845,128.6892976
경상북도,의성군,의성읍,비봉리 311,450000.0,3306.0,전,36.3047913,128.6893563
경상북도,의성군,의성읍,용연리 659,3000000.0,6485.0,과수원,36.3351344,128.6631047
경상북도,의성군,춘산면,빙계리 865,390000.0,2346.0,전,36.2325036,128.7636253
경상북도,의성군,춘산면,빙계리 864,110000.0,633.0,전,36.2324229,128.7629420
경상북도,의성군,춘산면,사미리 443,183000000.0,6041.0,과수원,36.2547903,128.7604685
경상북도,의성군,춘산면,사미리 435,16000000.0,519.0,과수원,36.2539827,128.7605613
경상북도,의성군,춘산면,사미리 66-3,45000000.0,1888.0,전,36.2581629,128.7622322
경상북도,청도군,각남면,사리 1244,730000.0,2030.0,답,35.6238574,128.6544368
경상북도,청도군,각남면,사리 1243,230000.0,645.0,답,35.6236155,128.6543438
경상북도,청도군,각남면,예리리 681,637560.0,1449.0,답,35.6428013,128.6679899
경상북도,청도군,각남면,예리리 681-1,5720.0,13.0,답,35.6425532,128.6680934
경상북도,청도군,각남면,예리리 678,1322200.0,3005.0,답,35.6432629,128.6676468
경상북도,청도군,각북면,남산리 1240,300000.0,1160.0,답,35.6913040,128.5680708
경상북도,청도군,각북면,남산리 1245,800000.0,3499.0,답,35.6917565,128.5678536
경상북도,청도군,매전면,장연리 112,650000.0,2588.0,과수원,35.6346711,128.8556522
경상북도,청도군,이서면,각계리 63,410000.0,1722.0,전,35.6653357,128.6595067
경상북도,청도군,이서면,각계리 64,30000.0,136.0,전,35.6649398,128.6589273
경상북도,청도군,이서면,각계리 61-2,274000.0,1134.0,전,35.6656264,128.6594333
경상북도,청도군,이서면,각계리 62,7000.0,30.0,전,35.6654552,128.6599051
경상북도,청도군,이서면,각계리 61-3,120000.0,496.0,전,35.6654169,128.6591813
경상북도,청도군,이서면,각계리 431,330000.0,1369.0,전,35.6649860,128.6471886
경상북도,청도군,이서면,각계리 67-2,130000.0,545.0,전,35.6652847,128.6590148
경상북도,청도군,이서면,서원리 515,300000.0,1119.0,답,35.6565895,128.6698694
경상북도,청도군,이서면,양원리 363,370000.0,946.0,과수원,35.6854150,128.6890745
경상북도,청도군,이서면,양원리 362,590000.0,1501.0,과수원,35.6855857,128.6891593
경상북도,청도군,이서면,학산리 659,230000.0,965.0,전,35.6647708,128.6591127
경상북도,청도군,이서면,학산리 658,160000.0,747.0,전,35.6650906,128.6593575
경상북도,청도군,이서면,학산리 657,610000.0,2516.0,전,35.6650986,128.6596601
경상북도,청도군,청도읍,원리 533,350000.0,1131.0,과수원,35.6086131,128.7576307
경상북도,청도군,청도읍,원리 522,650000.0,2139.0,과수원,35.6082252,128.7575541
경상북도,청도군,풍각면,성곡리 273,130000.0,747.0,전,35.6726009,128.5827442
경상북도,청도군,풍각면,성곡리 272,700000.0,4294.0,전,35.6725327,128.5830871
경상북도,청송군,부남면,감연리 904-3,22000000.0,1537.0,과수원,36.3551452,129.0429954
경상북도,청송군,부남면,감연리 907,48000000.0,3193.0,과수원,36.3551053,129.0433654
경상북도,청송군,부남면,양숙리 175-2,478390.0,3858.0,전,36.2650035,129.1459620
경상북도,청송군,부남면,하속리 143,103350000.0,2279.0,전,36.3150022,129.0972255
경상북도,청송군,부남면,홍원리 653,114000000.0,3277.0,과수원,36.3299665,129.0746444
경상북도,청송군,부남면,홍원리 662,121700000.0,3501.0,과수원,36.3297920,129.0744576
경상북도,청송군,안덕면,노래리 37,58680000.0,3233.0,전,36.3522175,129.0214407
경상북도,청송군,안덕면,장전리 378,202800000.0,5157.0,과수원,36.2831517,128.9746916
경상북도,청송군,안덕면,지소리 53,180700000.0,4597.0,과수원,36.3532332,128.9971095
경상북도,청송군,안덕면,지소리 447,164400000.0,3623.0,과수원,36.3564415,128.9930664
경상북도,청송군,안덕면,지소리 367-1,209560000.0,5331.0,과수원,36.3550763,128.9931640
경상북도,청송군,주왕산면,부일리 274,40000000.0,1445.0,과수원,36.3694703,129.1482570
경상북도,청송군,주왕산면,신점리 498,170000000.0,5084.0,과수원,36.3480896,129.1311619
경상북도,청송군,주왕산면,신점리 514,424650000.0,9360.0,과수원,36.3481858,129.1285365
경상북도,청송군,주왕산면,신점리 514-1,22500000.0,247.0,과수원,36.3485720,129.1298587
경상북도,청송군,주왕산면,지리 31,124780000.0,3438.0,답,36.3764475,129.0981506
경상북도,청송군,진보면,고현리 231,43440000.0,1197.0,과수원,36.5082775,129.0971787
경상북도,청송군,진보면,고현리 236,91680000.0,2526.0,과수원,36.5076758,129.0959957
경상북도,청송군,진보면,고현리 232,71400000.0,1967.0,과수원,36.5080203,129.0968056
경상북도,청송군,진보면,고현리 233,84600000.0,2331.0,과수원,36.5078727,129.0970369
경상북도,청송군,진보면,고현리 230,57840000.0,1593.0,과수원,36.5084764,129.0977774
경상북도,청송군,진보면,신촌리 557-1,540000000.0,11998.0,전,36.5046911,129.1073282
경상북도,청송군,진보면,신촌리 541-1,520000000.0,11466.0,전,36.5075689,129.1117002
경상북도,청송군,진보면,후평리 560,4480000.0,286.0,과수원,36.5191497,129.0206118
경상북도,청송군,진보면,후평리 553,21620000.0,1379.0,과수원,36.5194235,129.0194720
경상북도,청송군,진보면,후평리 550,19530000.0,1246.0,과수원,36.5199140,129.0173558
경상북도,청송군,진보면,후평리 554,17420000.0,1111.0,과수원,36.5194631,129.0202754
경상북도,청송군,진보면,후평리 560-1,1870000.0,119.0,과수원,36.5190240,129.0206649
경상북도,청송군,청송읍,송생리 163,21600000.0,717.0,과수원,36.3840415,129.1014042
경상북도,청송군,청송읍,송생리 144-1,77400000.0,2559.0,과수원,36.3834526,129.1008756
경상북도,청송군,청송읍,송생리 160-2,15400000.0,509.0,답,36.3842020,129.1010627
경상북도,청송군,청송읍,송생리 141,61200000.0,2023.0,과수원,36.3839295,129.1010779
경상북도,청송군,파천면,덕천리 616-3,35600000.0,1471.0,답,36.4381444,129.0018491
경상북도,청송군,파천면,덕천리 616-2,29840000.0,1236.0,답,36.4381078,129.0023964
경상북도,청송군,파천면,신흥리 211,60000000.0,3660.0,전,36.4150796,129.0285423
경상북도,청송군,파천면,황목리 14,40000000.0,1808.4,전,36.4685552,129.0307418
경상북도,청송군,현동면,월매리 408,394000.0,1473.0,답,36.2290823,129.0210341
경상북도,청송군,현동면,월매리 408-2,340000.0,1270.0,답,36.2289312,129.0212124
경상북도,청송군,현서면,구산리 415,37000000.0,2033.0,과수원,36.2708072,128.8903729
경상북도,칠곡군,기산면,각산리 932,250000.0,1164.0,답,35.9960776,128.3227796
경상북도,칠곡군,기산면,각산리 930,730000.0,3382.0,답,35.9956883,128.3232575
경상북도,칠곡군,동명면,송산리 932,50000.0,278.0,답,35.9973849,128.5294831
경상북도,칠곡군,동명면,송산리 987,400000.0,1836.0,답,35.9976181,128.5293489
경상북도,칠곡군,왜관읍,봉계리 135,950000.0,2810.0,답,36.0043831,128.4597122
경상북도,칠곡군,지천면,심천리 220-1,450000.0,2284.0,답,35.9707145,128.5144795
경상북도,포항시,남구,일월동 190-43,200000.0,1562.0,전,35.9917437,129.4252226
경상북도,포항시,남구,장기면 산서리 479,30000.0,423.0,전,35.8899096,129.4610542
경상북도,포항시,남구,장기면 산서리 481-2,160000.0,1904.0,전,35.8899104,129.4614414
경상북도,포항시,남구,장기면 산서리 481-1,80000.0,1012.0,전,35.8901595,129.4610280
경상북도,포항시,남구,장기면 산서리 476,80000.0,902.0,전,35.8902433,129.4607421
경상북도,포항시,북구,기계면 고지리 163,300000.0,3012.0,답,36.0770293,129.1774219
경상북도,포항시,북구,기북면 대곡리 393,280000.0,2271.0,전,36.1134702,129.1722838
경상남도,거제시,거제면,명진리 492,192000.0,955.0,답,34.8417952,128.6108459
경상남도,거제시,거제면,명진리 770-3,208000.0,1034.0,답,34.8400729,128.6060879
경상남도,거제시,능포동,223-1,100000.0,514.0,전,34.8725697,128.7337801
경상남도,거제시,덕포동,970-1,104000.0,345.0,답,34.9185690,128.6920250
경상남도,거제시,동부면,부춘리 735,2400000.0,867.0,답,34.8136657,128.6003434
경상남도,거제시,둔덕면,거림리 133-3,150000.0,728.0,답,34.8607128,128.5180221
경상남도,거제시,둔덕면,거림리 133-2,100000.0,505.0,답,34.8608484,128.5179636
경상남도,거제시,둔덕면,거림리 932-2,100000.0,434.0,답,34.8610943,128.5131711
경상남도,거제시,둔덕면,거림리 917,100000.0,326.0,답,34.8600926,128.5136530
경상남도,거제시,사등면,덕호리 190-2,1000000.0,1522.0,답,34.8795413,128.4784989
경상남도,거제시,사등면,사곡리 253,200000.0,1851.0,답,34.8984051,128.5815912
경상남도,거제시,사등면,오량리 1232,351000.0,906.0,답,34.8821983,128.4929944
경상남도,거제시,사등면,오량리 1232-2,737000.0,1901.0,전,34.8822227,128.4915571
경상남도,거제시,사등면,오량리 1232-1,1181000.0,3048.0,전,34.8822033,128.4919936
경상남도,거제시,사등면,오량리 114-7,731000.0,1884.0,전,34.8841486,128.4988718
경상남도,거제시,삼거동,4-4,2000000.0,3284.0,답,34.8271246,128.6706422
경상남도,거창군,가조면,사병리 1403,700000.0,3307.0,답,35.7253304,128.0027726
경상남도,거창군,가조면,장기리 1484,300000.0,1524.0,답,35.7212253,128.0005723
경상남도,거창군,고제면,봉계리 701,1000000.0,2805.0,전,35.8912516,127.8747417
경상남도,거창군,남상면,오계리 246,13000.0,241.0,답,35.6274313,127.8976269
경상남도,거창군,남상면,오계리 247-1,115000.0,2286.0,답,35.6272482,127.8973305
경상남도,거창군,남상면,오계리 244,8000.0,153.0,답,35.6273255,127.8971456
경상남도,거창군,남상면,오계리 242,15000.0,297.0,답,35.6271617,127.8970132
경상남도,거창군,남하면,둔마리 719-4,300000.0,1281.0,답,35.7130722,127.9660066
경상남도,거창군,남하면,둔마리 719-5,300000.0,1363.0,답,35.7128958,127.9659760
경상남도,거창군,웅양면,죽림리 1210,50000.0,998.1,답,35.7955249,127.9117142
경상남도,거창군,위천면,상천리 154-8,300000.0,1956.0,답,35.7415264,127.8221256
경상남도,거창군,위천면,상천리 154-9,300000.0,1614.0,답,35.7415857,127.8223153
경상남도,거창군,위천면,장기리 388-29,200000.0,1722.0,답,35.7550685,127.8340591
경상남도,고성군,거류면,가려리 636-28,195000.0,1997.0,답,35.0052485,128.3559537
경상남도,고성군,고성읍,신월리 105-5,320000.0,2541.0,답,34.9513592,128.3418396
경상남도,고성군,고성읍,우산리 109-2,100000.0,1379.0,답,35.0022858,128.3325351
경상남도,고성군,고성읍,월평리 363,300000.0,3256.0,답,34.9436000,128.3457012
경상남도,고성군,동해면,봉암리 775,80000.0,378.0,전,35.0091559,128.4077099
경상남도,고성군,동해면,봉암리 775-1,120000.0,587.0,전,35.0091515,128.4078048
경상남도,고성군,동해면,봉암리 524-3,115000.0,866.0,전,35.0008914,128.4135601
경상남도,고성군,동해면,봉암리 533,185000.0,1402.0,전,35.0010800,128.4132963
경상남도,고성군,동해면,장기리 508,100000.0,990.0,답,35.0367586,128.4230805
경상남도,고성군,마암면,장산리 302-1,350000.0,1644.0,답,35.0643936,128.3186940
경상남도,고성군,마암면,장산리 300-14,320000.0,1455.0,답,35.0621540,128.3167355
경상남도,고성군,삼산면,두포리 352-1,39000.0,205.0,답,34.9269349,128.2868395
경상남도,고성군,삼산면,두포리 355,70000.0,364.0,답,34.9263750,128.2859740
경상남도,고성군,삼산면,두포리 357,500000.0,2592.0,답,34.9266635,128.2856351
경상남도,고성군,삼산면,두포리 354,13000.0,69.0,답,34.9266656,128.2856410
경상남도,고성군,삼산면,두포리 146,278000.0,1451.0,전,34.9235958,128.2966769
경상남도,고성군,삼산면,삼봉리 207-2,1000000.0,1549.0,답,34.9586634,128.2539544
경상남도,고성군,삼산면,장치리 739-7,107000.0,1161.0,답,34.9532816,128.2300019
경상남도,고성군,삼산면,장치리 739-8,93000.0,1012.0,답,34.9532428,128.2303389
경상남도,고성군,삼산면,판곡리 431-13,2000000.0,2370.0,답,34.9560228,128.3062468
경상남도,고성군,삼산면,판곡리 431-18,2000000.0,2113.0,답,34.9559787,128.3063600
경상남도,고성군,상리면,망림리 606-2,220000.0,1694.0,답,35.0022210,128.2191595
경상남도,고성군,상리면,망림리 269,200000.0,1689.0,답,34.9992945,128.2290018
경상남도,고성군,상리면,부포리 92-1,227000.0,1747.0,답,34.9839787,128.2469819
경상남도,고성군,상리면,자은리 532,1500000.0,2398.9,답,34.9773339,128.2334515
경상남도,고성군,상리면,자은리 555,1000000.0,1391.2,답,34.9758951,128.2337877
경상남도,고성군,하이면,덕명리 603,100000.0,1567.0,전,34.9084338,128.1360801
경상남도,고성군,하이면,봉원리 483-1,80000.0,1898.0,전,34.9828162,128.1388471
경상남도,고성군,하이면,봉원리 488-1,20000.0,433.0,전,34.9829146,128.1392945
경상남도,고성군,하이면,월흥리 965-2,350000.0,1990.0,답,34.9124310,128.1568258
경상남도,고성군,하이면,월흥리 965-1,300000.0,1719.0,답,34.9126892,128.1572990
경상남도,고성군,하일면,송천리 591,436000.0,2846.0,답,34.9204517,128.1976344
경상남도,고성군,하일면,송천리 581-1,64000.0,415.0,답,34.9196259,128.1980450
경상남도,고성군,하일면,학림리 121,115000.0,1204.0,전,34.9479659,128.2034596
경상남도,고성군,하일면,학림리 104,85000.0,883.0,답,34.9477889,128.2038711
경상남도,고성군,회화면,봉동리 135-1,27000.0,245.0,답,35.0614088,128.4092222
경상남도,고성군,회화면,봉동리 134-2,9000.0,89.0,전,35.0617643,128.4087398
경상남도,고성군,회화면,봉동리 134-4,42000.0,393.0,답,35.0616554,128.4088957
경상남도,고성군,회화면,봉동리 133-2,100000.0,942.0,답,35.0618595,128.4089536
경상남도,김해시,진영읍,여래리 297-11,160000.0,648.0,전,35.2977377,128.7381226
경상남도,남해군,남면,당항리 351,600000.0,990.0,답,34.7752212,127.8909080
경상남도,남해군,남면,석교리 983,328000.0,1262.0,답,34.7672387,127.9010323
경상남도,남해군,남면,석교리 1114,393000.0,1514.0,답,34.7646599,127.9016325
경상남도,남해군,이동면,난음리 251,1000000.0,1068.0,답,34.8017692,127.9738341
경상남도,남해군,이동면,난음리 250,350000.0,340.0,답,34.8016865,127.9740809
경상남도,남해군,이동면,무림리 85,100000.0,718.0,답,34.7962272,127.9583862
경상남도,남해군,이동면,초음리 1288-2,200000.0,2102.0,답,34.8188343,127.9304258
경상남도,남해군,이동면,초음리 880,1400000.0,2211.3,답,34.8199869,127.9280186
경상남도,밀양시,단장면,구천리 1289,500000.0,2272.0,전,35.5429037,128.9292824
경상남도,밀양시,무안면,동산리 226,2500000.0,1220.0,답,35.5380806,128.6685331
경상남도,밀양시,부북면,청운리 461-21,3000000.0,3265.0,답,35.5268670,128.7154622
경상남도,밀양시,산내면,송백리 751,50000.0,600.0,전,35.5818020,128.8866711
경상남도,밀양시,산내면,송백리 1664,350000.0,1409.0,답,35.5816535,128.8823598
경상남도,밀양시,산내면,송백리 1665,100000.0,965.0,답,35.5817606,128.8824607
경상남도,밀양시,산내면,송백리 2276,2200000.0,1551.0,답,35.5941198,128.8876144
경상남도,밀양시,산내면,송백리 1722,400000.0,2351.0,답,35.5821206,128.8828024
경상남도,밀양시,초동면,반월리 1064-4,3500000.0,2274.0,답,35.3850065,128.6392040
경상남도,사천시,곤명면,봉계리 974,167800.0,932.0,답,35.1033196,127.9395391
경상남도,사천시,곤명면,봉계리 975,294100.0,1634.0,답,35.1030717,127.9394850
경상남도,사천시,곤명면,봉계리 973,511900.0,2844.0,답,35.1037367,127.9395887
경상남도,사천시,곤명면,은사리 431-19,2500000.0,1122.0,답,35.1351569,127.8986855
경상남도,사천시,곤명면,은사리 426-2,4440000.0,2431.0,답,35.1343592,127.9004201
경상남도,사천시,곤양면,환덕리 1352-5,209400.0,1163.6,답,35.0563646,127.9952547
경상남도,사천시,곤양면,환덕리 1262,307800.0,1710.0,답,35.0640192,128.0168262
경상남도,사천시,궁지동,348-12,20000.0,417.0,답,34.9382808,128.1156280
경상남도,사천시,사천읍,장전리 844-6,2200000.0,2292.0,답,35.0883361,128.1400362
경상남도,사천시,와룡동,352,87000.0,873.0,답,34.9689799,128.1058944
경상남도,사천시,용현면,송지리 1067,348000.0,1934.0,답,35.0218830,128.0542010
경상남도,사천시,용현면,송지리 955,289000.0,1605.0,답,35.0211969,128.0496351
경상남도,사천시,용현면,온정리 249,342000.0,1900.0,답,35.0327961,128.0545210
경상남도,사천시,용현면,온정리 445-4,1300000.0,2692.0,답,35.0263561,128.0531563
경상남도,사천시,용현면,온정리 249-1,198000.0,1100.0,답,35.0326615,128.0545378
경상남도,사천시,용현면,온정리 284-2,650000.0,420.0,답,35.0311496,128.0581132
경상남도,사천시,용현면,온정리 284,1190000.0,1698.0,답,35.0315059,128.0577971
경상남도,사천시,이홀동,428-3,30000.0,789.0,답,34.9534636,128.1248917
경상남도,산청군,금서면,평촌리 234,100000.0,1035.0,답,35.4077566,127.8438440
경상남도,산청군,단성면,묵곡리 409-2,900000.0,1021.0,답,35.2747102,127.9703797
경상남도,산청군,단성면,묵곡리 434-1,650000.0,728.0,답,35.2734467,127.9692604
경상남도,산청군,단성면,묵곡리 434-9,50000.0,56.0,답,35.2731952,127.9689622
경상남도,산청군,단성면,묵곡리 3,220000.0,836.0,답,35.2760605,127.9833070
경상남도,산청군,단성면,묵곡리 463-1,200000.0,235.0,답,35.2733913,127.9690286
경상남도,산청군,단성면,묵곡리 464,300000.0,324.0,답,35.2732723,127.9690107
경상남도,산청군,산청읍,차탄리 696,1400000.0,1653.0,답,35.4328803,127.8720179
경상남도,산청군,산청읍,차탄리 698,100000.0,746.0,답,35.4329576,127.8724355
경상남도,산청군,생비량면,도리 126,800000.0,2542.0,답,35.3424368,128.0539557
경상남도,산청군,생초면,계남리 366,600000.0,663.0,답,35.5296431,127.8324621
경상남도,산청군,생초면,계남리 169-1,2500000.0,2576.0,답,35.5353022,127.8355788
경상남도,산청군,생초면,계남리 170,800000.0,783.0,답,35.5355896,127.8355179
경상남도,산청군,생초면,계남리 276,1100000.0,1137.0,답,35.5302560,127.8339807
경상남도,산청군,생초면,계남리 171-2,650000.0,658.0,답,35.5357213,127.8353439
경상남도,산청군,생초면,노은리 1195,1250000.0,1494.0,답,35.5082805,127.8403072
경상남도,산청군,생초면,노은리 1242,2500000.0,2842.0,답,35.5074114,127.8395954
경상남도,산청군,생초면,대포리 176-2,84846000.0,2232.8,답,35.4604199,127.8516557
경상남도,산청군,생초면,대포리 176-4,95809000.0,2521.3,답,35.4603598,127.8523389
경상남도,산청군,생초면,대포리 176-1,16819000.0,442.6,답,35.4605625,127.8514543
경상남도,산청군,생초면,대포리 164,75950000.0,1519.0,답,35.4599063,127.8527382
경상남도,산청군,생초면,대포리 176-3,92127000.0,2424.4,답,35.4603792,127.8520101
경상남도,산청군,신등면,율현리 344-1,2300000.0,2354.0,답,35.4135624,127.9787490
경상남도,산청군,차황면,부리 276-2,1500000.0,1965.1,답,35.4571320,127.9348679
경상남도,산청군,차황면,부리 130,100000.0,426.0,답,35.4567743,127.9354778
경상남도,산청군,차황면,신기리 252,300000.0,585.0,답,35.4730123,127.9363315
경상남도,산청군,차황면,신기리 260,10000.0,179.0,답,35.4728135,127.9369821
경상남도,산청군,차황면,신기리 152,100000.0,255.0,답,35.4708933,127.9377373
경상남도,산청군,차황면,신기리 211,10000.0,83.0,답,35.4733276,127.9373682
경상남도,산청군,차황면,신기리 259,2000000.0,2542.0,답,35.4730133,127.9369070
경상남도,산청군,차황면,신기리 155,100000.0,701.0,답,35.4711030,127.9373349
경상남도,산청군,차황면,실매리 782-3,1400000.0,1584.0,답,35.4874438,127.9314014
경상남도,산청군,차황면,양곡리 226,3000000.0,3220.0,답,35.4676718,127.9259247
경상남도,산청군,차황면,우사리 182,100000.0,795.0,답,35.4484718,127.9458678
경상남도,산청군,차황면,우사리 179-1,100000.0,188.0,답,35.4483460,127.9460259
경상남도,산청군,차황면,우사리 181,50000.0,119.0,답,35.4481689,127.9453513
경상남도,산청군,차황면,우사리 179-3,4200000.0,4819.0,답,35.4483755,127.9453999
경상남도,산청군,차황면,우사리 180,100000.0,869.0,답,35.4481119,127.9456890
경상남도,의령군,궁류면,다현리 711-2,65000.0,695.0,전,35.4596515,128.2500880
경상남도,의령군,궁류면,다현리 751,135000.0,1460.0,답,35.4606668,128.2476639
경상남도,의령군,대의면,마쌍리 47,51000.0,532.0,답,35.3665201,128.1209917
경상남도,의령군,대의면,마쌍리 51-2,48000.0,488.0,답,35.3667433,128.1209250
경상남도,의령군,대의면,마쌍리 49-2,53000.0,569.0,답,35.3665942,128.1213140
경상남도,의령군,대의면,마쌍리 48,63000.0,671.0,답,35.3666737,128.1210935
경상남도,의령군,봉수면,서암리 958,600000.0,1967.0,답,35.4852423,128.2314667
경상남도,의령군,유곡면,상촌리 544,200000.0,631.0,전,35.4162329,128.2578049
경상남도,의령군,의령읍,하리 524,250000.0,1200.0,답,35.3083676,128.2564305
경상남도,의령군,지정면,성당리 685,1130000.0,5230.0,답,35.3614141,128.3860307
경상남도,의령군,지정면,성당리 685-5,55000.0,226.0,답,35.3617370,128.3861258
경상남도,의령군,지정면,성산리 587-4,26000.0,477.0,전,35.4036574,128.4259815
경상남도,의령군,칠곡면,산북리 501,300000.0,2545.0,답,35.3605263,128.1639812
경상남도,의령군,화정면,덕교리 602-1,450000.0,2015.0,답,35.2918061,128.1890311
경상남도,진주시,금곡면,가봉리 849-2,2000000.0,2043.0,답,35.1262742,128.2125077
경상남도,진주시,대곡면,대곡리 767,1800000.0,231.0,답,35.2420443,128.2174182
경상남도,진주시,대곡면,대곡리 447,3800000.0,407.0,답,35.2403776,128.2214881
경상남도,진주시,대곡면,대곡리 448,12000000.0,1656.0,답,35.2404798,128.2215890
경상남도,진주시,대곡면,대곡리 766,6000000.0,853.0,답,35.2421168,128.2177593
경상남도,진주시,문산읍,안전리 389-2,210000000.0,9929.0,답,35.1563656,128.1956898
경상남도,진주시,문산읍,안전리 389-1,210000000.0,9929.0,답,35.1563320,128.1949140
경상남도,진주시,미천면,상미리 730-1,1000000.0,728.0,전,35.3315369,128.1276832
경상남도,진주시,미천면,어옥리 991,1850000.0,1940.0,답,35.3100179,128.1366500
경상남도,진주시,사봉면,무촌리 1091,80000.0,1176.1,답,35.1839017,128.2597837
경상남도,진주시,수곡면,원계리 6-5,2350000.0,2547.1,답,35.2179956,127.9064099
경상남도,진주시,일반성면,운천리 706-1,1200000.0,1185.0,답,35.1650926,128.2641247
경상남도,진주시,일반성면,운천리 702-4,1200000.0,1203.0,답,35.1651672,128.2640425
경상남도,진주시,일반성면,창촌리 671-3,50000.0,1107.0,답,35.1674993,128.2767271
경상남도,진주시,지수면,금곡리 1372-15,2700000.0,2756.6,답,35.2273193,128.2493205
경상남도,진주시,지수면,압사리 957-8,700000.0,2773.3,답,35.2261965,128.2509932
경상남도,진주시,지수면,압사리 286-4,3500000.0,3522.8,답,35.2359789,128.2410763
경상남도,진주시,진성면,대사리 502-1,2000000.0,2245.0,답,35.1422878,128.2567533
경상남도,진주시,진성면,대사리 170,400000.0,2248.0,답,35.1574869,128.2552713
경상남도,창녕군,계성면,명리 430-5,80000.0,383.0,답,35.4659570,128.5131673
경상남도,창녕군,계성면,명리 496,250000.0,1128.0,답,35.4645547,128.5146848
경상남도,창녕군,계성면,명리 430-4,70000.0,311.0,답,35.4661132,128.5130409
경상남도,창녕군,고암면,계상리 1475,600000.0,982.0,답,35.5798463,128.5180427
경상남도,창녕군,길곡면,길곡리 187,50000.0,304.0,답,35.4302917,128.5762648
경상남도,창녕군,길곡면,길곡리 188,250000.0,2280.0,답,35.4301626,128.5765969
경상남도,창녕군,길곡면,마천리 625-1,400000.0,993.0,답,35.3928877,128.5828830
경상남도,창녕군,길곡면,마천리 625,520000.0,987.0,답,35.3929681,128.5828348
경상남도,창녕군,길곡면,증산리 490-1,710000.0,1176.0,답,35.3860840,128.5609937
경상남도,창녕군,길곡면,증산리 491,363000.0,600.0,답,35.3860107,128.5611569
경상남도,창녕군,길곡면,증산리 1097-1,200000.0,1041.0,답,35.3885864,128.5596091
경상남도,창녕군,길곡면,증산리 483,1350000.0,2228.0,답,35.3852959,128.5590243
경상남도,창녕군,남지읍,시남리 221-2,150000.0,1498.0,답,35.4756597,128.4327557
경상남도,창녕군,대지면,본초리 376-4,236000.0,788.0,답,35.5354324,128.4468604
경상남도,창녕군,대지면,본초리 376-5,164000.0,543.0,답,35.5353961,128.4467910
경상남도,창녕군,대합면,내울리 483-2,600000.0,1078.0,전,35.5924436,128.4277302
경상남도,창녕군,대합면,내울리 450,300000.0,651.0,전,35.5929358,128.4321791
경상남도,창녕군,대합면,내울리 483-5,400000.0,450.0,전,35.5927129,128.4272856
경상남도,창녕군,대합면,내울리 915-1,1000000.0,1767.0,답,35.6032150,128.4184075
경상남도,창녕군,대합면,내울리 914-4,500000.0,526.0,답,35.6033979,128.4183869
경상남도,창녕군,대합면,내울리 451,200000.0,473.0,전,35.5930354,128.4312226
경상남도,창녕군,대합면,도개리 580-2,700000.0,1067.9,답,35.5922261,128.4336161
경상남도,창녕군,대합면,도개리 481,700000.0,932.9,답,35.5922722,128.4287405
경상남도,창녕군,대합면,도개리 502-1,2000000.0,3021.2,답,35.5926119,128.4290248
경상남도,창녕군,대합면,소야리 218,200000.0,2143.0,답,35.5695752,128.4577813
경상남도,창녕군,대합면,소야리 215,100000.0,1017.0,답,35.5690802,128.4579567
경상남도,창녕군,대합면,평지리 874-2,250000.0,1263.0,전,35.5868643,128.4668702
경상남도,창녕군,도천면,어만리 505,250000.0,3561.0,답,35.4182980,128.5459074
경상남도,창녕군,도천면,예리 856,600000.0,1365.0,답,35.4264597,128.5390953
경상남도,창녕군,도천면,예리 855-5,600000.0,1471.0,답,35.4264733,128.5389492
경상남도,창녕군,부곡면,부곡리 632-25,200000.0,966.0,답,35.4330766,128.5979800
경상남도,창녕군,부곡면,부곡리 632-15,500000.0,2447.0,답,35.4329546,128.5979211
경상남도,창녕군,장마면,장가리 1065-1,170000.0,1078.0,답,35.4757692,128.4731448
경상남도,창녕군,창녕읍,외부리 85,300000.0,3326.0,답,35.5017599,128.4746048
경상남도,창녕군,창녕읍,용석리 382-2,300000.0,1532.0,답,35.5070803,128.4758158
경상남도,창원시,마산합포구,진북면 망곡리 579,500000.0,1191.0,답,35.1436461,128.4826994
경상남도,창원시,의창구,대산면 가술리 1408,987300.0,4770.0,답,35.3226309,128.6802918
경상남도,창원시,의창구,대산면 가술리 1142,541700.0,2617.0,답,35.3274736,128.6963365
경상남도,창원시,의창구,대산면 갈전리 1153-11,591600.0,2858.3,답,35.3514802,128.6979337
경상남도,창원시,의창구,대산면 갈전리 538,373000.0,1802.0,답,35.3606827,128.6789804
경상남도,창원시,의창구,대산면 갈전리 537,391400.0,1891.0,답,35.3608061,128.6791219
경상남도,창원시,의창구,대산면 대방리 24,519000.0,2507.6,답,35.3467846,128.6966388
경상남도,창원시,의창구,대산면 대방리 709,1018400.0,4920.0,답,35.3342887,128.6937394
경상남도,창원시,의창구,대산면 유등리 246-8,792000.0,3826.4,답,35.3445810,128.7364570
경상남도,창원시,의창구,대산면 제동리 529-9,994200.0,4803.0,답,35.3224326,128.7039545
경상남도,창원시,의창구,동읍 금산리 758-1,534800.0,2584.0,답,35.3472907,128.6720468
경상남도,창원시,의창구,동읍 산남리 591-1,777800.0,3757.8,답,35.3366426,128.6786251
경상남도,창원시,의창구,동읍 산남리 591-2,500700.0,2419.1,답,35.3363007,128.6790630
경상남도,창원시,의창구,동읍 산남리 696-6,943500.0,4558.2,답,35.3410468,128.6867561
경상남도,통영시,명정동,841-1,20000.0,463.0,전,34.8578259,128.4151008
경상남도,통영시,사량면,금평리 836,30000.0,476.0,전,34.8415869,128.2005544
경상남도,통영시,산양읍,풍화리 1485-6,455000.0,2969.0,전,34.8321367,128.3428051
경상남도,통영시,산양읍,풍화리 1499-2,65000.0,426.0,전,34.8307282,128.3436867
경상남도,통영시,산양읍,풍화리 1513,420000.0,2774.0,답,34.8297020,128.3444161
경상남도,통영시,산양읍,풍화리 1511,60000.0,397.0,답,34.8295792,128.3439619
경상남도,통영시,평림동,130,20000.0,410.0,전,34.8607473,128.4026728
경상남도,통영시,평림동,128,60000.0,797.0,전,34.8608999,128.4024701
경상남도,하동군,고전면,신월리 323-5,480000.0,1689.0,답,35.0260259,127.7899870
경상남도,하동군,금남면,대송리 683-3,1000000.0,1844.0,답,34.9704153,127.8434233
경상남도,하동군,금남면,대송리 683-4,1000000.0,1398.0,답,34.9701606,127.8432601
경상남도,하동군,금남면,덕천리 705-1,5000.0,20.0,답,34.9986561,127.8366970
경상남도,하동군,금남면,덕천리 863-2,230000.0,898.0,답,34.9967756,127.8366790
경상남도,하동군,금남면,덕천리 689,11000.0,43.0,답,34.9995525,127.8377117
경상남도,하동군,금남면,덕천리 710-2,129000.0,503.0,답,34.9991259,127.8366972
경상남도,하동군,금남면,덕천리 705-3,26000.0,102.0,답,34.9985574,127.8366740
경상남도,하동군,금성면,가덕리 1055,500000.0,2036.0,답,34.9717572,127.7995751
경상남도,하동군,금성면,고포리 546-2,1300000.0,1251.0,답,34.9665243,127.7715064
경상남도,하동군,금성면,궁항리 1408-1,700000.0,2400.0,답,34.9657663,127.7908757
경상남도,하동군,북천면,서황리 530-15,1500000.0,1525.0,답,35.1323282,127.8750713
경상남도,하동군,악양면,등촌리 59-1,100000.0,1293.0,답,35.1977697,127.7175771
경상남도,하동군,악양면,등촌리 55,200000.0,3131.0,답,35.1979437,127.7178625
경상남도,하동군,악양면,매계리 316,1500000.0,4082.0,답,35.1761965,127.7071661
경상남도,하동군,악양면,매계리 298,500000.0,1336.0,답,35.1751674,127.7080805
경상남도,하동군,양보면,지례리 286,1670000.0,1949.0,답,35.0435835,127.8638490
경상남도,하동군,양보면,지례리 287,893000.0,1000.0,답,35.0436412,127.8639929
경상남도,하동군,옥종면,회신리 119-3,2000000.0,1656.0,답,35.1856668,127.8312188
경상남도,하동군,옥종면,회신리 119-2,2000000.0,1582.0,답,35.1857085,127.8310028
경상남도,하동군,적량면,동리 347,950000.0,1660.0,답,35.1027550,127.7845561
경상남도,하동군,적량면,서리 111,100000.0,462.0,답,35.1274314,127.7562920
경상남도,하동군,하동읍,비파리 662-2,400000.0,1660.0,답,35.0680348,127.7560117
경상남도,하동군,하동읍,화심리 189-1,426000.0,1855.0,답,35.0843895,127.7323672
경상남도,하동군,하동읍,화심리 285-2,460000.0,2004.0,답,35.0856411,127.7337865
경상남도,함안군,가야읍,말산리 4-2,1580000.0,1904.0,답,35.2833607,128.4137787
경상남도,함안군,가야읍,말산리 2-7,750000.0,904.0,답,35.2836412,128.4136950
경상남도,함안군,가야읍,말산리 4-1,970000.0,1177.0,답,35.2835302,128.4137417
경상남도,함안군,가야읍,춘곡리 25,200000.0,2040.0,답,35.2595861,128.3807583
경상남도,함안군,가야읍,혈곡리 644-13,460000.0,1816.0,답,35.2484676,128.3837924
경상남도,함안군,군북면,동촌리 1329,240000.0,2064.0,답,35.2447461,128.3529514
경상남도,함안군,군북면,동촌리 1331,240000.0,2099.0,답,35.2444926,128.3530668
경상남도,함안군,대산면,평림리 977-1,500000.0,2136.0,답,35.3494212,128.4466762
경상남도,함안군,대산면,평림리 1021-2,5986000.0,4705.0,답,35.3432074,128.4522488
경상남도,함안군,대산면,하기리 1016-4,50000.0,422.0,답,35.3480043,128.3974260
경상남도,함안군,대산면,하기리 1016-5,48000.0,401.0,답,35.3474877,128.3974615
경상남도,함안군,대산면,하기리 1013,322000.0,2688.0,답,35.3474816,128.3973248
경상남도,함안군,법수면,주물리 718-1,150000.0,1406.0,답,35.3282039,128.3560214
경상남도,함안군,법수면,주물리 721,129000.0,1216.0,답,35.3284055,128.3562184
경상남도,함안군,법수면,주물리 717-4,71000.0,668.0,답,35.3284720,128.3558370
경상남도,함안군,산인면,송정리 890-8,2000000.0,1742.0,답,35.2757182,128.4337812
경상남도,함안군,칠북면,덕남리 1290-3,500000.0,1653.0,답,35.3646038,128.5117905
경상남도,함양군,백전면,백운리 34,1000000.0,2142.0,답,35.5919434,127.6521609
경상남도,함양군,백전면,백운리 20-1,50000.0,219.0,전,35.5910791,127.6521007
경상남도,함양군,백전면,백운리 448-1,500000.0,1150.0,답,35.5908448,127.6479504
경상남도,함양군,백전면,백운리 16-1,500000.0,1788.0,전,35.5904624,127.6531543
경상남도,함양군,백전면,백운리 447-6,50000.0,343.0,답,35.5911226,127.6484994
경상남도,함양군,백전면,백운리 448-2,400000.0,1266.0,답,35.5907001,127.6483440
경상남도,함양군,병곡면,옥계리 18,60000.0,1103.0,답,35.5331091,127.6764217
경상남도,함양군,안의면,월림리 840,15000.0,321.0,전,35.6279536,127.7845124
경상남도,함양군,안의면,월림리 839,25000.0,407.0,전,35.6279618,127.7844150
경상남도,함양군,안의면,월림리 851-1,50000.0,876.0,전,35.6265879,127.7840592
경상남도,함양군,함양읍,삼산리 330-7,420000.0,1940.0,답,35.5138957,127.7061380
경상남도,함양군,휴천면,태관리 371-2,100000.0,738.8,답,35.4717551,127.7478952
경상남도,함양군,휴천면,태관리 383,190000.0,1422.2,답,35.4713311,127.7479449
경상남도,함양군,휴천면,태관리 361,210000.0,1517.1,답,35.4718944,127.7479342
경상남도,합천군,대병면,성리 948,1200000.0,2872.0,답,35.5237979,128.0546754
경상남도,합천군,삼가면,용흥리 942,700000.0,1923.0,답,35.3912077,128.1345205
경상남도,합천군,삼가면,용흥리 586,700000.0,1740.0,답,35.3971952,128.1383264
경상남도,합천군,초계면,초계리 432-1,51870000.0,1441.0,답,35.5581145,128.2594893
경상남도,합천군,초계면,초계리 442-2,35900000.0,1088.0,답,35.5592250,128.2574669
경상남도,합천군,합천읍,외곡리 866-8,335000.0,1771.0,답,35.6283762,128.1316586
경상남도,합천군,합천읍,외곡리 864-1,265000.0,1403.0,답,35.6282273,128.1319081
전라북도,고창군,공음면,군유리 999,100000.0,564.0,답,35.3594335,126.5595526
전라북도,고창군,공음면,군유리 1000,350000.0,1714.4,답,35.3592753,126.5594510
전라북도,고창군,공음면,선동리 1227-3,634000.0,2107.0,전,35.3821947,126.5483097
전라북도,고창군,공음면,용수리 879-12,2605000.0,8611.0,답,35.3857509,126.5415190
전라북도,고창군,대산면,연동리 975,222000.0,1821.0,답,35.3370204,126.5512956
전라북도,고창군,부안면,수앙리 1207,1718000.0,3437.5,답,35.5459875,126.6689083
전라북도,고창군,부안면,운양리 527,110000.0,360.0,전,35.4846169,126.6707304
전라북도,고창군,상하면,용정리 626,50000.0,347.0,전,35.4536190,126.4640474
전라북도,고창군,상하면,용정리 623,400000.0,2879.0,전,35.4543990,126.4638642
전라북도,고창군,상하면,용정리 624,50000.0,529.0,전,35.4539707,126.4640247
전라북도,고창군,성송면,괴치리 919,1482000.0,2964.0,답,35.3857219,126.6269433
전라북도,고창군,성송면,괴치리 920,1028000.0,2056.0,답,35.3855542,126.6267590
전라북도,고창군,성송면,사내리 515,250000.0,853.0,답,35.3896606,126.6372794
전라북도,고창군,성송면,사내리 805,280000.0,1383.7,답,35.3903378,126.6379476
전라북도,고창군,신림면,가평리 883,1400000.0,2975.3,답,35.4784625,126.7428397
전라북도,고창군,신림면,가평리 880,1104000.0,2208.2,답,35.4786249,126.7419637
전라북도,고창군,신림면,덕화리 509,580000.0,914.0,답,35.4852479,126.7443019
전라북도,고창군,신림면,덕화리 474,1410000.0,2832.0,답,35.4852409,126.7401372
전라북도,고창군,신림면,부송리 317,1820000.0,3455.0,답,35.4734063,126.6917658
전라북도,고창군,신림면,세곡리 764,850000.0,1363.4,답,35.4581587,126.7040072
전라북도,고창군,심원면,고전리 427,1699000.0,3199.0,답,35.5170241,126.5237103
전라북도,고창군,심원면,용기리 514-4,180000.0,1479.0,답,35.5245982,126.5970906
전라북도,고창군,심원면,용기리 516-1,197000.0,1615.0,답,35.5250344,126.5973767
전라북도,고창군,심원면,용기리 514-3,194000.0,1593.0,답,35.5245758,126.5967219
전라북도,고창군,심원면,주산리 348,800000.0,2679.0,전,35.5063856,126.5340574
전라북도,고창군,심원면,주산리 350,177000.0,592.0,전,35.5061794,126.5339662
전라북도,고창군,해리면,금평리 1379,2500000.0,5041.8,답,35.5090173,126.5015260
전라북도,고창군,해리면,안산리 452,600000.0,2545.0,전,35.4678613,126.5343775
전라북도,고창군,해리면,안산리 446-2,240000.0,1071.0,전,35.4680537,126.5342383
전라북도,고창군,해리면,안산리 486,500000.0,2198.0,전,35.4674881,126.5350216
전라북도,고창군,해리면,안산리 450,720000.0,3131.0,전,35.4678936,126.5351449
전라북도,고창군,해리면,안산리 449,250000.0,969.0,전,35.4681092,126.5354285
전라북도,고창군,해리면,안산리 454,200000.0,952.0,전,35.4675834,126.5340095
전라북도,고창군,해리면,안산리 449-1,150000.0,694.0,전,35.4678813,126.5356188
전라북도,고창군,해리면,안산리 480,170000.0,724.0,전,35.4675857,126.5345616
전라북도,고창군,흥덕면,교운리 17-1,650000.0,2162.0,전,35.5277142,126.6992065
전라북도,고창군,흥덕면,제하리 41,2180000.0,4364.0,답,35.5087098,126.7300762
전라북도,군산시,개사동,368,360000.0,2562.0,답,35.9359097,126.6731976
전라북도,군산시,나포면,나포리 291,1500000.0,4142.0,답,36.0461851,126.8630803
전라북도,군산시,임피면,미원리 865,600000.0,1177.0,답,35.9773627,126.8355313
전라북도,김제시,금구면,산동리 260-10,1011670.0,3002.0,답,35.8005774,127.0069933
전라북도,김제시,만경읍,화포리 1061-3,1099260.0,3261.9,답,35.8794050,126.8053084
전라북도,김제시,성덕면,석동리 848-2,169170.0,502.0,답,35.8246352,126.8108552
전라북도,김제시,성덕면,석동리 848-1,1190620.0,3533.0,답,35.8248325,126.8109006
전라북도,김제시,성덕면,성덕리 908-6,2600000.0,4017.6,답,35.8207369,126.7839822
전라북도,김제시,신월동,567-5,1245180.0,3694.9,답,35.7646894,126.8857096
전라북도,김제시,용지면,구암리 801-7,1980000.0,3995.1,답,35.8590404,126.9442676
전라북도,김제시,진봉면,가실리 1205-4,2600000.0,3986.8,답,35.8319212,126.7862156
전라북도,김제시,진봉면,상궐리 1499-3,2060000.0,3856.2,답,35.8383821,126.7699499
전라북도,김제시,청하면,동지산리 1177-1,1351670.0,4010.9,답,35.9055344,126.8478811
전라북도,김제시,황산면,쌍감리 947,1381700.0,4100.0,답,35.7886004,126.9430923
전라북도,남원시,금지면,귀석리 786-6,3600000.0,3011.6,답,35.3171004,127.3002348
전라북도,남원시,금지면,귀석리 786-7,1200000.0,1342.7,답,35.3171017,127.3004708
전라북도,남원시,대강면,신덕리 1160-2,160000000.0,2741.9,과수원,35.3340148,127.2149994
전라북도,남원시,대산면,길곡리 522,21000.0,932.0,전,35.4418459,127.3168962
전라북도,남원시,대산면,대곡리 959-1,92850000.0,2813.6,답,35.4000399,127.3170639
전라북도,남원시,대산면,대곡리 968-4,39830000.0,1206.9,답,35.4004967,127.3221313
전라북도,남원시,대산면,수덕리 885-2,300000.0,1517.0,답,35.4129680,127.3200545
전라북도,남원시,대산면,수덕리 885-1,300000.0,1114.0,답,35.4132642,127.3205214
전라북도,남원시,덕과면,만도리 146-1,1350000.0,2889.0,답,35.5026334,127.3987192
전라북도,남원시,사매면,관풍리 700,50000000.0,1561.0,답,35.4825084,127.3695359
전라북도,남원시,사매면,대신리 435-1,800000.0,1832.0,답,35.4741312,127.3810042
전라북도,남원시,사매면,오신리 920,576000.0,2377.4,답,35.4921826,127.3696870
전라북도,남원시,사매면,인화리 655-5,78760000.0,3099.6,답,35.4850031,127.3353043
전라북도,남원시,사매면,인화리 655-4,30248000.0,1190.4,답,35.4851132,127.3355890
전라북도,남원시,사매면,화정리 522-2,320000.0,1054.1,답,35.4653683,127.3455126
전라북도,남원시,산내면,입석리 430-2,500000.0,3048.0,답,35.4126482,127.6230085
전라북도,남원시,산동면,부절리 2442-12,1500000.0,3920.9,답,35.4724418,127.4603454
전라북도,남원시,산동면,부절리 2442-11,850000.0,946.3,답,35.4725726,127.4601151
전라북도,남원시,산동면,부절리 2429-8,800000.0,1954.7,답,35.4781818,127.4644813
전라북도,남원시,수지면,고평리 1681-15,395000.0,1628.8,답,35.3571889,127.3931024
전라북도,남원시,수지면,고평리 1681-17,553000.0,2282.8,답,35.3569138,127.3936001
전라북도,남원시,수지면,남창리 1936-5,1300000.0,3227.7,답,35.3251742,127.3323656
전라북도,남원시,수지면,남창리 1936-1,2000000.0,4740.8,답,35.3262500,127.3320048
전라북도,남원시,수지면,산정리 6,500000.0,1996.0,답,35.3231144,127.3694740
전라북도,남원시,수지면,유암리 440-10,400000.0,1788.0,답,35.3315088,127.3745997
전라북도,남원시,아영면,갈계리 863,600000.0,1951.0,답,35.4985042,127.6096986
전라북도,남원시,아영면,의지리 450-2,280000.0,1217.0,전,35.5248463,127.6154994
전라북도,남원시,아영면,의지리 356,220000.0,976.0,전,35.5249556,127.6152940
전라북도,남원시,아영면,일대리 889,100000.0,400.0,답,35.5372973,127.5946722
전라북도,남원시,아영면,일대리 925,230000.0,896.0,답,35.5381176,127.5955480
전라북도,남원시,아영면,일대리 893,42000.0,165.0,답,35.5376549,127.5950099
전라북도,남원시,아영면,일대리 910-2,700000.0,2709.0,답,35.5383353,127.5951440
전라북도,남원시,아영면,일대리 891,120000.0,466.0,답,35.5374726,127.5949917
전라북도,남원시,아영면,일대리 894,75000.0,292.0,답,35.5377696,127.5950700
전라북도,남원시,아영면,일대리 922,100000.0,393.0,답,35.5379159,127.5958384
전라북도,남원시,아영면,일대리 924,110000.0,446.0,답,35.5381103,127.5957216
전라북도,남원시,아영면,일대리 528-2,430000.0,1670.0,답,35.5380205,127.5960892
전라북도,남원시,아영면,일대리 923,175000.0,691.0,답,35.5380202,127.5959726
전라북도,남원시,운봉읍,권포리 1030-1,350000.0,731.0,전,35.4640583,127.5059328
전라북도,남원시,운봉읍,권포리 962-5,300000.0,334.0,전,35.4639394,127.5057291
전라북도,남원시,운봉읍,권포리 1030-2,350000.0,403.0,전,35.4638433,127.5059107
전라북도,남원시,운봉읍,용산리 24,652000.0,5130.0,답,35.4294567,127.5464211
전라북도,남원시,이백면,척문리 185-3,800000.0,1911.0,답,35.4288701,127.4269410
전라북도,남원시,이백면,초촌리 644,200000.0,988.0,답,35.4092186,127.4227019
전라북도,남원시,인월면,건지리 437,250000.0,2714.0,답,35.4931785,127.6237665
전라북도,남원시,인월면,상우리 680,340000.0,1002.0,과수원,35.4691326,127.6072118
전라북도,남원시,인월면,상우리 678,390000.0,1114.0,과수원,35.4690345,127.6080564
전라북도,남원시,인월면,상우리 679,270000.0,774.0,과수원,35.4690930,127.6076122
전라북도,남원시,인월면,성산리 349,350000.0,1803.0,전,35.4647548,127.6240990
전라북도,남원시,주천면,송치리 876,280000.0,1045.0,답,35.3924355,127.4066420
전라북도,남원시,주천면,송치리 932,400000.0,1481.0,답,35.3919742,127.4069591
전라북도,남원시,주천면,용궁리 503,400000.0,1782.0,답,35.3753581,127.4461661
전라북도,남원시,주천면,주천리 1292-5,642000.0,2651.5,답,35.3618586,127.3983648
전라북도,남원시,주천면,호경리 56,150000.0,413.0,답,35.3877987,127.4561199
전라북도,남원시,주천면,호경리 102-13,25000.0,69.0,답,35.3884468,127.4549570
전라북도,남원시,주천면,호경리 102-1,60000.0,239.0,답,35.3884334,127.4548056
전라북도,남원시,주천면,호경리 103,265000.0,736.0,답,35.3883519,127.4551683
전라북도,남원시,주천면,호경리 59,100000.0,103.0,답,35.3878412,127.4558623
전라북도,무주군,부남면,장안리 1680-1,700000.0,2864.0,전,35.8917472,127.5925442
전라북도,무주군,안성면,금평리 579-1,250000.0,1184.0,답,35.8775735,127.6931278
전라북도,무주군,안성면,금평리 1610,8000000.0,1012.0,답,35.8719577,127.6844147
전라북도,무주군,안성면,금평리 578-1,150000.0,777.0,답,35.8776868,127.6932515
전라북도,무주군,적상면,삼가리 2367-3,150000.0,3969.0,답,35.9189856,127.6571369
전라북도,부안군,계화면,양산리 2569-11,2252450.0,5027.8,답,35.7845901,126.7139861
전라북도,부안군,계화면,의복리 1655-1,600000.0,1653.0,답,35.7530352,126.6459884
전라북도,부안군,동진면,증산리 226,50000.0,2133.0,답,35.7661081,126.7143431
전라북도,부안군,동진면,하장리 2008,1831870.0,4089.0,답,35.7229468,126.7820533
전라북도,부안군,동진면,하장리 965-4,3000.0,7.0,답,35.7360388,126.7649861
전라북도,부안군,동진면,하장리 965-2,286000.0,906.0,답,35.7357162,126.7647042
전라북도,부안군,동진면,하장리 892,115000.0,364.0,답,35.7353405,126.7643568
전라북도,부안군,동진면,하장리 964-10,96000.0,307.0,답,35.7357741,126.7648797
전라북도,부안군,백산면,금판리 785-9,1806560.0,4032.5,답,35.7409185,126.7848471
전라북도,부안군,백산면,평교리 1001-2,2395900.0,5348.0,답,35.7060202,126.7747966
전라북도,부안군,변산면,운산리 528-2,650000.0,1849.0,답,35.6641234,126.5231298
전라북도,부안군,보안면,월천리 992,1603000.0,3421.0,답,35.6437277,126.6917554
전라북도,부안군,보안면,월천리 992-2,1097000.0,2340.0,답,35.6434825,126.6915652
전라북도,부안군,보안면,유천리 225-10,1000000.0,4046.0,답,35.6177812,126.6556373
전라북도,부안군,부안읍,서외리 437-1,1450000.0,3276.0,답,35.7252039,126.7284058
전라북도,부안군,부안읍,연곡리 206-3,46000.0,162.0,전,35.7063347,126.7438594
전라북도,부안군,부안읍,연곡리 206-1,624000.0,2264.0,전,35.7065846,126.7437798
전라북도,부안군,하서면,청호리 658,500000.0,3613.0,답,35.7204755,126.6460365
전라북도,순창군,복흥면,어은리 631-1,360000.0,2430.0,답,35.4066671,126.9197602
전라북도,순창군,복흥면,어은리 628-2,360000.0,1954.0,답,35.4064829,126.9193379
전라북도,순창군,인계면,도룡리 1342,647000.0,1945.0,답,35.4182053,127.1454077
전라북도,완주군,봉동읍,은하리 1077-2,600000.0,1746.3,답,35.9494829,127.1534436
전라북도,완주군,용진읍,간중리 595-9,350000.0,1607.0,답,35.8883251,127.1801669
전라북도,완주군,용진읍,간중리 595-1,900000.0,3363.0,답,35.8882838,127.1792203
전라북도,완주군,용진읍,구억리 165-7,600000.0,1769.0,답,35.8641124,127.1721855
전라북도,완주군,이서면,상개리 404-4,1530000.0,3015.0,답,35.8184534,127.0300474
전라북도,완주군,이서면,상개리 404-3,870000.0,1716.0,답,35.8184093,127.0303823
전라북도,익산시,금마면,기양리 259,1080000.0,4056.0,답,36.0165221,127.0218879
전라북도,익산시,신용동,681-1,500000.0,1531.0,답,35.9739694,126.9448536
전라북도,익산시,오산면,신지리 1862,1800000.0,4031.0,답,35.9177950,126.8630171
전라북도,익산시,용동면,대조리 787-1,250000.0,438.0,답,36.1121836,126.9910258
전라북도,익산시,용동면,대조리 785-1,140000.0,253.0,답,36.1122877,126.9907648
전라북도,익산시,용동면,대조리 784-4,310000.0,545.0,답,36.1123285,126.9908782
전라북도,임실군,강진면,회진리 111-1,300000.0,1502.0,답,35.5251275,127.1502430
전라북도,임실군,덕치면,일중리 614-6,300000.0,1428.6,답,35.4850512,127.1441872
전라북도,임실군,덕치면,일중리 614-5,700000.0,2727.0,답,35.4852248,127.1441225
전라북도,임실군,성수면,봉강리 1101-4,300000.0,1152.9,답,35.5907003,127.3284486
전라북도,임실군,오수면,둔기리 157-5,100000.0,727.0,답,35.5070092,127.3352594
전라북도,임실군,지사면,안하리 971,720000.0,2550.0,답,35.5929081,127.3558280
전라북도,장수군,계북면,양악리 988,130000.0,1354.0,답,35.8086725,127.6384271
전라북도,장수군,번암면,교동리 1355,400000.0,997.0,답,35.5577374,127.4948541
전라북도,장수군,번암면,교동리 1356,500000.0,947.0,답,35.5577225,127.4949995
전라북도,장수군,장계면,금곡리 325-2,1000000.0,6618.0,답,35.7526605,127.5703379
전라북도,장수군,장계면,금곡리 324-2,70000.0,478.0,답,35.7527420,127.5696083
전라북도,장수군,장계면,금곡리 314-2,80000.0,558.0,답,35.7541162,127.5691930
전라북도,장수군,장수읍,두산리 625-49,400000.0,2658.0,답,35.6272696,127.5152104
전라북도,장수군,장수읍,송천리 760-4,1000000.0,4218.0,답,35.6362676,127.4994020
전라북도,장수군,장수읍,송천리 760-1,1000000.0,2694.0,답,35.6362855,127.4987986
전라북도,장수군,천천면,남양리 1104,1440000.0,3005.0,답,35.7159349,127.5259373
전라북도,장수군,천천면,오봉리 87,220000.0,1372.0,답,35.7944736,127.5754327
전라북도,전주시,덕진구,호성동1가 376-2,1000000.0,2803.0,답,35.8690606,127.1585479
전라북도,정읍시,감곡면,용곽리 1466-2,115540000.0,3183.0,답,35.7404664,126.8812554
전라북도,정읍시,감곡면,용곽리 1475-19,41890000.0,1259.0,답,35.7323703,126.8840280
전라북도,정읍시,덕천면,상학리 990,63340000.0,1745.0,답,35.6162591,126.8171504
전라북도,정읍시,덕천면,상학리 970,32120000.0,885.0,답,35.6166516,126.8182773
전라북도,정읍시,소성면,용정리 792-1,64500000.0,2244.8,답,35.5420298,126.7731793
전라북도,정읍시,소성면,용정리 833-2,118870000.0,3742.7,답,35.5424430,126.7792080
전라북도,정읍시,소성면,용정리 833-1,107930000.0,3398.3,답,35.5426091,126.7783685
전라북도,정읍시,소성면,화룡리 1215-8,105000000.0,3357.1,답,35.5802740,126.7519996
전라북도,정읍시,소성면,화룡리 1088,100480000.0,3321.8,답,35.5753781,126.7568012
전라북도,정읍시,신태인읍,신태인리 696,96430000.0,3188.0,답,35.6849491,126.8851187
전라북도,정읍시,신태인읍,양괴리 1515,120540000.0,3985.0,답,35.6964268,126.8620792
전라북도,정읍시,영원면,앵성리 1105,150000000.0,3942.0,답,35.6561487,126.7654111
전라북도,진안군,부귀면,거석리 891-1,250000.0,1053.0,답,35.8336171,127.3536932
전라북도,진안군,부귀면,거석리 835-5,250000.0,1169.0,답,35.8366094,127.3498599
전라북도,진안군,주천면,대불리 801-1,40414000.0,3749.0,전,35.9737884,127.3621024
