County,City,Town,Address,Hospital_Name,Hospital_Type,Latitude,Longitude
경상남도,김해시,율하동,1339-3,율하리틀병원,병원,35.1710489,128.8132162
전라남도,여수시,해산동,298번지 20호 20호,이안요양병원,의사,34.8014684,127.6359966
경상북도,포항시,남구,상도동 609번지 6호 6호,포항제이케이(JK)한방병원,한의사,36.0136435,129.3512328
경상남도,진주시,이현동,376-1,진주굿모닝병원,병원,35.1915023,128.0558393
경상남도,창원시,의창구,사림동 162-1,이에이씨병원,병원,35.2390689,128.6969771
경상남도,하동군,하동읍,두곡리 737-3,하동한국병원,병원,35.0829761,127.7387959
경상남도,사천시,축동면,가산리 450-1 순영병원,의료법인 행복한의료재단 경남도립정신병원,정신병원,35.0928525,128.0447035
경상남도,양산시,물금읍,범어리 2711-33,한아름병원,병원,35.3272199,129.0145279
전라남도,여수시,오림동,413번지 2호 2호,여수가온병원,의사,34.7573363,127.7174652
전라남도,목포시,옥암동,973번지 0호 0호,서울한방병원,한의사,34.8092792,126.4306262
경상북도,포항시,남구,상도동 609번지 6호 6호,차차한방병원,한의사,36.0136435,129.3512328
전라남도,무안군,삼향읍,남악리 2265번지 0호 중앙프라자 0호,목포스마트원치과병원,치과의사,34.8100314,126.4654867
전라남도,화순군,도곡면,천암리 785번지 0호 비오메드요양병원 0호,비오메드요양병원,한의사,35.029733,126.9024453
전라남도,무안군,삼향읍,임성리 405번지 0호 0호,남악정다운요양병원,한의사,34.8286576,126.453033
전라북도,전주시,완산구,효자동2가 778번지 0호 0호,전주바로병원,의사,35.8004312,127.0993662
경상남도,김해시,대청동,305-2,장유뉴욕치과병원,치과병원,35.1908359,128.8022782
전라남도,여수시,미평동,570번지 3호 다온한방병원 3호,다온한방병원,한의사,34.7673411,127.7030276
경상남도,밀양시,용평동,289-14,밀양요양병원,요양병원(일반요양병원),35.4887799,128.7724817
전라남도,목포시,산정동,1728번지 2호 솔튼병원 2호,솔튼병원,의사,34.8107424,126.3763542
경상북도,구미시,남통동,130번지 0호 0호,의료법인 승미의료재단 구미으뜸병원,,36.1201851,128.3098356
경상북도,포항시,북구,장성동 1356번지 0호 0호,소담한방병원,한의사,36.0655254,129.3811557
전라남도,순천시,해룡면,상삼리 423번지 0호 순정병원 0호,순정병원,의사,34.9469758,127.5339714
경상남도,창원시,의창구,도계동 333-14 지하1~2층/ 지상2~6층,창원튼튼i병원,병원,35.2576848,128.6344075
경상남도,창원시,진해구,풍호동 83-106 더연리지,다나병원,병원,35.1380679,128.7071361
경상북도,영주시,가흥동,1119번지 0호 명품회복병원 가흥2동 0호,의료법인 영주의료재단 명품회복병원,,36.8247581,128.5979523
경상북도,문경시,영신동,450번지 12호 12호,문경점촌요양병원,,36.5886226,128.2135228
경상남도,창원시,성산구,대원동 132 푸른요양병원,바른병원,병원,35.2372586,128.6583734
경상남도,창원시,성산구,상남동 14-2 서우빌딩,더앞선치과병원,치과병원,35.2232487,128.6839709
경상북도,안동시,서후면,명리 422번지 11호 건양요양병원 11호,건양요양병원,,36.587913,128.6517489
전라남도,목포시,용해동,413번지 0호 0호,목포더좋은요양병원,한의사,34.8167453,126.4004797
전라북도,고창군,고창읍,석정리 712번지 0호 0호,석정웰파크요양병원,의사,35.4312795,126.7365349
전라남도,신안군,압해읍,동서리 69번지 3호,신안군공립요양병원,요양병원(일반요양병원),34.8554332,126.3149221
경상남도,김해시,내동,1124-4,더프라임병원,병원,35.2382303,128.8665989
전라남도,순천시,조례동,816번지 1호 1호,이본한방병원,한의사,34.96655,127.5204887
경상북도,경산시,사동,559번지 1호 1호,리암요양병원,,35.8198895,128.7552026
경상북도,구미시,구평동,686번지 5호 5호,구미숲요양병원,의사,36.0877155,128.4306677
경상북도,포항시,남구,상도동 5번지 8호 삼광빌딩 8호,수한방병원,한의사,36.0193542,129.3591774
경상북도,영천시,오수동,115번지 0호 0호,의료법인 현보의료재단 해오름요양병원,,35.9587258,128.9140695
전라남도,여수시,관문동,979번지 1호 1호,우리한방병원,한의사,34.7436532,127.7408083
경상북도,청도군,매전면,동산리 19번지 1호 1호,의료법인명보의료재단청춘병원,,35.6711978,128.8605195
경상북도,포항시,남구,오천읍 구정리 521번지 0호 오천경희요양병원 0호,의료법인경진의료재단 오천경희요양병원,의사,35.9816028,129.4086469
전라북도,전주시,덕진구,인후동1가 822번지 4호,더세움병원,병원,35.8327802,127.1589102
전라남도,여수시,선원동,428번지 3호 3호,현송요양병원,한의사,34.7767263,127.6615233
경상북도,구미시,고아읍,오로리 364번지 2호 구미제일요양병원 2호,의료법인소랑의료재단 구미제일요양병원,의사,36.2175214,128.3164464
경상북도,경산시,옥산동,793번지 0호 양지기쁨병원(A동)1층~4층 0호,의료법인양지의료재단 양지기쁨병원,,35.8238737,128.7272756
전라북도,전주시,덕진구,덕진동1가 1119번지 1호 1호,힐링요양병원,의사,35.8360526,127.1276567
경상남도,창원시,마산합포구,진전면 시락리 823,의료법인한결의료재단 자연한방병원,한방병원,35.0573195,128.4240749
경상남도,사천시,사천읍,수석리 270-1,하나병원,병원,35.0822531,128.0864961
경상남도,창원시,의창구,중동 778-1,창원더키움병원,병원,35.2596409,128.6288388
경상남도,창원시,마산회원구,내서읍 중리 924,성운요양병원,요양병원(일반요양병원),35.2547876,128.5069008
경상북도,경주시,황오동,203번지 62호 62호,경주센텀병원,의사,35.8445581,129.2141572
전라남도,광양시,광양읍,덕례리 1665번지 16호 16호,탑요양병원,의사,34.9679533,127.5691336
경상남도,창원시,성산구,상남동 7-2,명작한방병원,한방병원,35.2240997,128.6836432
경상북도,상주시,함창읍,윤직리 590-41,의료법인 성심의료재단 늘푸른병원,정신병원,36.5814949,128.194204
경상북도,경주시,신평동,150번지 10호 10호,신라미소병원,의사,35.8409242,129.2880304
경상남도,양산시,용당동,127-1,돌담 한방병원,한방병원,35.4164741,129.2118874
경상남도,창원시,마산회원구,석전동 232-5 365병원,강추한방병원,한방병원,35.2337652,128.5794802
경상북도,경산시,평산동,271번지 4호 4호,경북권역재활병원,,35.8139343,128.7665724
전라남도,여수시,봉계동,649번지 1호 1호,좌수영요양병원,,34.7837729,127.6688377
경상남도,창원시,성산구,반지동 78 희연빌딩,희연재활병원,병원,35.2399735,128.6625528
경상북도,칠곡군,동명면,기성리 837번지 0호 약손요양병원 0호,의료법인 채움의료재단 약손요양병원,,35.998159,128.5989866
경상남도,양산시,하북면,순지리 179-19,풍경요양병원,요양병원(일반요양병원),35.4938436,129.0916952
경상북도,영천시,망정동,233번지 5호 영천제이병원 5호,의료법인 자혜의료재단 영천제이병원,의사,35.9776608,128.9529647
전라남도,목포시,옥암동,1230번지 3호 3호,옥암힐요양병원,의사,34.811109,126.4463715
경상북도,안동시,풍산읍,막곡리 483번지 0호 0호,의료법인 인덕의료재단 복주회복병원,,36.5795793,128.6678427
경상남도,밀양시,가곡동,613-19,밀양우리병원,정신병원,35.4762481,128.7663347
전라남도,화순군,화순읍,향청리 3번지,백아한방병원,한방병원,35.0606554,126.9897382
전라남도,순천시,덕월동,452번지 10호 예선요양병원 10호,의료법인예선의료재단 예선요양병원,,34.9340981,127.4891706
경상북도,구미시,송정동,35번지 17호 17호,청담한방병원,한의사,36.1204723,128.3423026
경상남도,양산시,물금읍,물금리 872번지 3호,우리요양병원,요양병원(일반요양병원),35.3083486,128.9863564
경상북도,구미시,원평동,518번지 1호 1호,이안한방병원,한의사,36.1261583,128.338503
전라남도,순천시,조례동,591번지 1호 1호,이노스이비인후과병원,의사,34.9637403,127.5209342
전라남도,순천시,해룡면,신대리 1989번지 0호 0호,신대온누리병원,의사,34.9335724,127.5500275
경상남도,창원시,마산회원구,합성동 134번지 1호 복음요양병원,복음요양병원,요양병원(일반요양병원),35.2560316,128.5743629
경상남도,창원시,성산구,상남동 15-2 한독빌딩,라라한방병원,한방병원,35.2228465,128.6825772
경상남도,창원시,의창구,사림동 161번지 1호,예이재한방병원,한방병원,35.2366364,128.6973334
전라남도,나주시,빛가람동,892번지 13호 13호,빛가람종합병원,의사,35.02605,126.7976631
경상남도,거창군,거창읍,대동리 892번지,중앙메디컬병원,병원,35.6872859,127.9166761
경상남도,함안군,산인면,송정리 850번지,의료법인 학산의료재단 아라한국병원,병원,35.2743653,128.4317482
경상남도,창원시,마산합포구,오동동 12번지 3호 서광아침의빛,한마음요양병원,요양병원(일반요양병원),35.2070504,128.5820097
전라남도,목포시,석현동,1059번지 0호 0호,부부요양병원,한의사,34.820366,126.4223641
경상남도,창원시,의창구,반계동 산 44번지 18호,예정요양병원,요양병원(일반요양병원),35.2467763,128.6093161
경상남도,창원시,의창구,사림동 166번지 11호,화사랑병원,병원,35.2390909,128.7002016
경상남도,창원시,마산회원구,양덕동 149번지 20호,키즈웰소아청소년과병원,병원,35.2241252,128.5864969
경상남도,김해시,삼정동,335번지 1호,의료법인경산의료재단 해광병원,정신병원,35.2256057,128.9039982
경상북도,영덕군,영덕읍,우곡리 322번지 2호 2호,영덕제일요양병원,,36.4085527,129.3727912
전라남도,목포시,상동,889번지 0호 센트럴메디파크 0호,마디정형외과병원,의사,34.8036606,126.4206707
경상남도,김해시,대청동,301-1,자연힐한방병원,한방병원,35.192295,128.8008794
전라북도,부안군,부안읍,봉덕리 817,드림한방병원,병원,35.7239888,126.738808
전라남도,나주시,빛가람동,937번지 0호 동신대에너지클러스터 0호,나주동신대학교한방병원,,35.0186428,126.7788018
경상남도,창원시,의창구,팔용동 42번지 36호 녹주빌딩,유니한방병원,한방병원,35.2516195,128.6197661
전라남도,무안군,삼향읍,남악리 2630번지 10호 10호,의료법인이영의료재단 시그니티요양병원,,34.8029701,126.4700213
전라남도,담양군,담양읍,백동리 670번지 2호 2호,동산한방병원,한의사,35.3138107,126.9827238
전라남도,여수시,미평동,673번지 4호 4호,의료법인보듬의료재단 봄빛요양병원,,34.7693801,127.7050372
경상북도,포항시,북구,죽도동 638번지 2호 2호,포항인성병원,,36.0241305,129.3524098
경상북도,포항시,북구,죽도동 638번지 2호,의료법인성하의료재단 포항인성병원,정신병원,36.0241305,129.3524098
경상남도,진주시,충무공동,282번지 3호,예담소아청소년과병원,병원,35.1760482,128.147688
경상남도,창원시,진해구,용원동 1215번지 5호 블루마운틴,메트로요양병원,요양병원(일반요양병원),35.100261,128.8131913
경상남도,창녕군,부곡면,거문리 산 238번지 2호,의료법인 동림의료재단 로얄힐스요양병원,요양병원(일반요양병원),35.4413174,128.5769804
전라남도,나주시,빛가람동,338번지 1호 1호,엔에이치미래아동병원,의사,35.0171217,126.7846312
경상남도,김해시,흥동,517번지,(의)수의료재단 서청솔요양병원,요양병원(일반요양병원),35.2240057,128.8507174
전라남도,목포시,상동,868번지 4호 4호,편안한방병원,한의사,34.8062485,126.4263475
경상북도,포항시,북구,흥해읍 대련리 81번지 8호 8호,고려대련요양병원,,36.0473803,129.3215032
경상남도,김해시,진영읍,여래리 969-1,진영새싹병원,병원,35.3066944,128.7365742
경상남도,양산시,중부동,685-4 늘푸른빌딩,단디병원,병원,35.3386245,129.0271901
경상북도,포항시,북구,장성동 1497번지 2호 2호,의료법인 자광의료재단 선우요양병원,,36.086773,129.3846207
경상남도,김해시,부원동,852번지 5호 4~7층,김해바른병원,병원,35.2302685,128.8830668
경상남도,창원시,마산합포구,진동면 교동리 319번지 3호,의료법인혜주의료재단 더편한요양병원,요양병원(일반요양병원),35.1278396,128.5001748
경상남도,창원시,마산합포구,우산동 95번지,친절요양병원,요양병원(일반요양병원),35.1518961,128.5529475
경상남도,사천시,사천읍,구암리 1186번지 23호 온요양병원,온요양병원,요양병원(일반요양병원),35.0888048,128.100581
전라남도,화순군,화순읍,삼천리 378번지,전남제일요양병원,요양병원(일반요양병원),35.0491338,126.985124
경상남도,양산시,북부동,699번지 1호,더이로운병원,병원,35.3495473,129.0370082
경상남도,양산시,물금읍,범어리 2711번지 30호,본바른병원,병원,35.3293198,129.0136756
경상남도,창원시,마산합포구,오동동 305번지 1호,의료법인벽암의료재단 큰바다요양병원,요양병원(일반요양병원),35.2049669,128.5836843
경상남도,양산시,물금읍,범어리 2714번지 18호,양산아이들병원,병원,35.3283613,129.0191557
전라남도,여수시,웅천동,1728번지 5호,예울병원,병원,34.7486971,127.6795687
전라남도,장흥군,장흥읍,건산리 380번지 25호 장흥요양병원 25호,의료법인송지의료재단 장흥요양병원,,34.6772039,126.9087565
전라남도,장흥군,장흥읍,건산리 380번지 25호 장흥요양병원,장흥요양병원,요양병원(일반요양병원),34.6772039,126.9087565
전라북도,전주시,완산구,중화산동2가 570번지 6호 온누리안과,온누리안과병원,병원,35.8222896,127.1213809
경상남도,양산시,북부동,699번지 1호 2층,더이로운치과병원,치과병원,35.3495473,129.0370082
경상남도,양산시,물금읍,가촌리 1296번지 1호,서울패미리병원,병원,35.3106203,129.0053037
전라남도,여수시,화장동,794번지 1호,여천한방병원,한방병원,34.7754873,127.6483896
전라남도,여수시,미평동,569번지 2호 0동 2호,청암요양병원,한의사,34.7676159,127.7026618
경상남도,합천군,대양면,정양리 587번지 5호,합천고려요양병원,요양병원(일반요양병원),35.5522305,128.1616979
전라북도,전주시,덕진구,진북동 1021번지 2호 참조은병원 2호,다생한방병원,한의사,35.8288716,127.1348156
전라남도,신안군,압해읍,대천리 253번지 1호 의료법인새림압해생태요양병원 0동 1호,의료법인새림의료재단 압해생태요양병원,,34.8653756,126.2866337
경상남도,김해시,삼정동,283번지,서종요양병원,요양병원(일반요양병원),35.2268446,128.9044625
전라북도,전주시,덕진구,진북동 390번지 0호 3~6층 0호,박종혁믿음병원,의사,35.8320071,127.137517
전라북도,전주시,완산구,효자동2가 1240번지 2호 우리들사랑요양병원,우리들사랑요양병원,요양병원(일반요양병원),35.8164267,127.1015488
경상북도,경주시,충효동,1437-3,경주요양병원,요양병원(일반요양병원),35.8473697,129.1651723
경상북도,영주시,가흥동,2052번지 0호 영주적십자병원 0호,영주적십자병원,,36.8252853,128.6039776
전라남도,순천시,풍덕동,881번지 1호,순천정원요양병원,요양병원(일반요양병원),34.9451985,127.4991446
전라남도,목포시,상동,855번지 0호 신안빌딩 1동 0호,한국한방병원,한의사,34.8095992,126.4247024
경상남도,양산시,평산동,100번지 1호,센텀힐병원,병원,35.3808377,129.1521627
경상남도,창녕군,고암면,중대리 235번지 1호 더케이서드에이지,프라임요양병원,요양병원(일반요양병원),35.5784941,128.5122024
전라남도,진도군,진도읍,남동리 778번지 15호 진도전남병원 15호,의료법인남우의료재단 진도전남병원,,34.4797387,126.2640703
경상남도,통영시,북신동,698번지 1호 월드지브이존,동서양한방병원,한방병원,34.8571822,128.4247461
경상북도,성주군,선남면,동암리 172번지 1호 1호,비에스(BS)요양병원,,35.8810571,128.354388
경상남도,김해시,외동,1410번지,의료법인희원의료재단 래봄병원,병원,35.2299867,128.8691597
경상남도,김해시,진례면,초전리 976번지,강민의료재단 나누리요양병원,요양병원(일반요양병원),35.2394683,128.7534856
전라남도,목포시,석현동,485번지 0호 정다운요양병원 1동 0호,정다운요양병원,의사,34.8291054,126.4220448
전라북도,완주군,이서면,갈산리 691번지,키즈드림아이엠씨병원,병원,35.8368555,127.0560584
경상북도,안동시,안막동,136번지 4호 4호,성심병원,의사,36.5771662,128.7301617
경상남도,진주시,상대동,310-32,365우리들치과병원,치과병원,35.1791406,128.1169419
경상남도,밀양시,내이동,172번지 2호,갤러리의아침요양병원,요양병원(일반요양병원),35.5053753,128.7348634
경상남도,창원시,의창구,"동읍 용잠리 390번지 4호 동창원요양병원(지하1층(103호)1,2,3,4층",의료법인승인의료재단동창원요양병원,요양병원(일반요양병원),35.2783879,128.6871222
전라남도,나주시,왕곡면,장산리 10번지 5호 5호,한마음요양병원,의사,34.9860315,126.7048876
경상남도,김해시,율하동,"1334-4 303,701,703,801호",서울새싹병원,병원,35.1728107,128.8148361
전라남도,화순군,한천면,동가리 721번지 1호 1호,화순케어랜드요양병원,한의사,34.964636,127.0547797
경상북도,구미시,형곡동,144번지 7호 미르빌딩,구미미르치과병원,치과병원,36.1147,128.3383588
경상북도,구미시,송정동,"460번지 14호 2층,3층,4층,6층 14호",라온치과병원,치과의사,36.117442,128.3429948
경상북도,포항시,남구,연일읍 인주리 67번지,의료법인원경의료재단 연일요양병원,요양병원(일반요양병원),35.9802946,129.3407171
경상북도,포항시,남구,연일읍 인주리 67번지,의료법인 원경의료재단 연일요양병원,,35.9802946,129.3407171
경상북도,구미시,장천면,하장리 972번지 1호 1호,구미 푸른요양병원,의사,36.1364553,128.4802024
경상북도,포항시,남구,대도동 125번지 8호,하나요양병원,요양병원(일반요양병원),36.0147499,129.3646887
전라남도,목포시,용해동,380번지,목포현대병원,의사,34.8156925,126.4013305
경상북도,구미시,원평동,161번지,바른유병원,의사,36.131086,128.3328037
경상남도,김해시,외동,1394,우가주치과병원,치과병원,35.2287589,128.8708395
경상북도,포항시,북구,장성동 1437번지,포항휴요양병원,의사,36.0767826,129.3948257
전라남도,장성군,삼계면,수옥리 437번지 7호 7호,의료법인해상의료재단 백양요양병원,,35.2709055,126.6973817
경상북도,안동시,송현동,368번지 1호 1호,안동제일치과병원,치과의사,36.573264,128.6970862
경상북도,포항시,북구,장성동 1495번지 5호 5호,봄요양병원,한의사,36.0874764,129.3851683
경상북도,영천시,오미동,1183번지 0호 영천요양병원 0호,영천요양병원,의사,35.9876186,128.9246401
경상남도,밀양시,삼문동,36번지 11호,나노병원,병원,35.4843035,128.7579264
경상북도,경주시,용강동,357번지,위더스요양병원,의사,35.8777451,129.2321533
전라남도,화순군,화순읍,일심리 243번지 0호 화순푸른솔요양병원 0호,화순푸른솔요양병원,의사,35.0527555,126.9989997
경상남도,창원시,마산회원구,석전동 224번지 8호,양덕서울아동병원,병원,35.2357357,128.5808776
전라남도,광양시,중동,1296번지 14호 14호,늘편한요양병원,의사,34.9425791,127.6986022
경상남도,창원시,마산회원구,석전동 244번지 8호,서울병원,병원,35.232228,128.5773243
전라남도,강진군,강진읍,학명리 530번지 3호 3호,강진효요양병원,의사,34.6230473,126.7522761
전라남도,여수시,학동,43번지 5호 5호,그랜드치과병원,치과의사,34.7660866,127.6633086
전라북도,전주시,완산구,효자동2가 1228번지 5호,청아람한방병원,한방병원,35.8187241,127.1032711
전라남도,목포시,상동,889번지,조연이비인후과병원,의사,34.8036606,126.4206707
전라남도,무안군,삼향읍,남악리 2264번지 0호 0호,의료법인숭민의료재단 해오름요양병원,,34.8102897,126.4654925
경상남도,진주시,평거동,900 BYC 진주빌딩 8.9.10층일부,튼튼소아청소년과병원,병원,35.1722923,128.0597887
전라북도,전주시,완산구,서서학동 1002번지 3호,더숲요양병원,요양병원(일반요양병원),35.7964794,127.1500564
전라남도,장성군,장성읍,영천리 1478번지 22호 22호,의료법인행복나눔의료재단 장성병원,,35.3080435,126.7839582
경상남도,창원시,마산합포구,해운동 65번지 8호,의료법인합포의료재단마산우리요양병원,요양병원(일반요양병원),35.1817148,128.562255
전라남도,순천시,조곡동,516번지,순천생협요양병원,,34.9564182,127.497003
경상남도,진주시,강남동,174 센텀병원,의료법인 행복한의료재단 센텀요양병원,요양병원(일반요양병원),35.1842337,128.0876479
경상남도,진주시,평거동,900번지 BYC 진주빌딩,진주본병원,병원,35.1722923,128.0597887
경상남도,창원시,진해구,용원동 1214번지 17호 희망병원,희망병원,병원,35.1006758,128.8105425
전라남도,무안군,삼향읍,남악리 2205번지,남악한방병원,한의사,34.8126716,126.4637523
전라남도,여수시,충무동,346번지,여수강남요양병원,의사,34.7431659,127.7298936
경상남도,김해시,율하동,1349-1,율하꿈나무병원,병원,35.1713324,128.8142572
경상남도,거창군,거창읍,대동리 931번지 3호 지하1층~지상5층,성은효요양병원,요양병원(일반요양병원),35.6865378,127.9159742
경상남도,사천시,서동,72번지 1호,의료법인 삼포의료재단 현대요양병원,요양병원(일반요양병원),34.9303646,128.0654234
전라남도,순천시,장천동,28번지 11호 11호,순천희망병원,의사,34.9479113,127.4882057
경상북도,안동시,남후면,무릉리 364번지 3~4층,의료법인안동유리의료재단 안동유리한방병원,한방병원,36.5228119,128.6891222
경상북도,경산시,중산동,488번지,꿈나무아동병원,의사,35.8353351,128.7240196
전라남도,화순군,화순읍,640번지 2호,화순베스트요양병원,요양병원(일반요양병원),35.058692,126.98025
전라남도,순천시,덕암동,161번지 1호,척병원,병원,34.9413846,127.5092836
경상남도,합천군,합천읍,영창리 133번지,합천요양병원,요양병원(일반요양병원),35.5811801,128.1671041
전라북도,고창군,고창읍,석정리 712번지 1호,석정웰파크병원,병원,35.4312795,126.7365349
전라북도,완주군,화산면,종리 1059번지 2호,의료법인완주의료재단한마음화산병원,정신병원,36.0115037,127.2242927
전라북도,전주시,덕진구,"금암동 634번지 18호 634-2(치과병원동, 장애인구강진료센터동)",전북대학교치과병원,치과병원,35.8489384,127.1392319
경상남도,밀양시,삼문동,724번지 1호,미르아이병원,병원,35.4837285,128.7484303
전라북도,전주시,완산구,중화산동2가 595-8,동의한방병원,한방병원,35.8182013,127.1224975
경상남도,김해시,내동,1133번지 3호,베스트한방병원,한방병원,35.2393407,128.8690459
경상남도,창원시,의창구,봉림동 713번지 12호,시티요양병원,요양병원(일반요양병원),35.251118,128.6643211
경상남도,창원시,의창구,북면 신촌리 909번지 9호,북면이화요양병원,요양병원(일반요양병원),35.3475751,128.6079104
전라북도,익산시,남중동,533-25,마디한방병원,한방병원,35.9556328,126.9597078
전라남도,순천시,매곡동,117번지 5호 5호,연세광혜병원,의사,34.9601375,127.4848635
전라북도,전주시,완산구,평화동1가 710번지 4호,주랑한방병원,한방병원,35.7958015,127.134157
경상북도,안동시,안흥동,312번지 1호 2~4층,의료법인안흥의료재단 새안동요양병원,요양병원(일반요양병원),36.5636416,128.7253433
경상남도,창원시,성산구,중앙동 75-4 구트병원빌딩,구트병원,병원,35.228477,128.677908
전라북도,전주시,완산구,서노송동 656-3,중앙요양병원,요양병원(일반요양병원),35.8276793,127.141849
전라남도,순천시,상사면,흘산리 116번지,선암요양병원,요양병원(일반요양병원),34.9306682,127.4619688
전라북도,전주시,완산구,다가동3가 28번지,의료법인 지리산의료재단 어의당한방병원,한방병원,35.8176298,127.1401804
경상북도,경산시,중방동,879번지 39호,의료법인송백의료재단 늘푸른요양병원,요양병원(일반요양병원),35.8228163,128.7377174
전라남도,목포시,석현동,1170번지 12호 12호,약수한방병원,한의사,34.8154426,126.4220207
경상남도,양산시,삼호동,989번지 3호,새웅상요양병원,요양병원(일반요양병원),35.4118558,129.1688561
경상북도,경주시,충효동,633번지,의료법인송죽의료재단경주으뜸요양병원,요양병원(일반요양병원),35.8473719,129.1698076
경상남도,김해시,서상동,"73번지 4호 2,3,4,5층",의료법인 서원탑의료재단 서원요양병원,요양병원(일반요양병원),35.2341457,128.8806302
전라북도,전주시,덕진구,송천동1가 116번지,덕진한방병원,한방병원,35.8617299,127.1263809
경상남도,창원시,의창구,팔용동 162번지 3호 4호,굿모닝내과병원,병원,35.2575205,128.6082449
경상북도,경산시,삼북동,269번지 23호,선요양병원,요양병원(일반요양병원),35.8193293,128.7362258
전라북도,전주시,완산구,평화동2가 259번지 33호 외 1필지,의료법인건강나라의료재단 건강나라요양병원,요양병원(일반요양병원),35.7890748,127.130644
경상북도,경산시,옥산동,793번지 0호 양지요양병원 B동 0호,의료법인양지의료재단 양지요양병원,,35.8238737,128.7272756
경상북도,경주시,성동동,131번지 2호 대득빌딩,그랜드치과병원,치과병원,35.8473104,129.2172411
전라남도,순천시,조례동,489-4,아나파한방병원,한방병원,34.9550156,127.52234
전라남도,순천시,조례동,1590번지 15호 15호,의료법인태령의료재단 사랑한방병원,,34.9552744,127.5250286
전라남도,순천시,풍덕동,,청연우리병원,병원,34.94186,127.497313
전라남도,순천시,조례동,981번지,힘플러스병원,병원,34.9604443,127.5198398
전라남도,목포시,상동,789번지 5호 5호,365매일한방병원,한의사,34.8101921,126.4231076
경상남도,김해시,내동,1133번지 3호 6~10,의료법인경빈의료재단 김해센텀요양병원,요양병원(일반요양병원),35.2393407,128.8690459
전라남도,신안군,암태면,단고리 28번지 18호 18호,의료법인서연의료재단 신안천사병원,,34.8317429,126.1063195
경상북도,구미시,원평동,964번지 88호 88호,큰사랑요양병원,의사,36.129356,128.3411516
전라북도,전주시,완산구,서서학동 363번지 3호,솔한방병원,한방병원,35.8039443,127.1483494
전라북도,전주시,덕진구,송천동1가 270-1,가람한방병원,한방병원,35.8524659,127.1202827
전라북도,전주시,덕진구,호성동1가 851번지 10호,의료법인영경의료재단호성전주병원,병원,35.8641373,127.1469404
경상북도,의성군,의성읍,원당리 1137번지 18호 18호,의료법인 해안의료재단 해안1병원,,36.3521213,128.6912666
전라남도,광양시,중동,1634번지 1호 1호,광양한방병원,한의사,34.9381365,127.6969262
전라남도,순천시,덕월동,455번지,제일한방병원,한방병원,34.9344149,127.4883698
전라남도,순천시,조례동,975번지 17호 17호,플러스아이미코병원,의사,34.9612203,127.5202891
전라남도,여수시,신기동,75번지 10호 10호,여수한국병원,의사,34.7596299,127.6765661
경상남도,김해시,대청동,"318-14 2,4~11층",의료법인신화성의료재단 장유요양병원,요양병원(일반요양병원),35.193273,128.8025602
전라남도,나주시,남평읍,교원리 380번지 1호 1호,의료법인식산의료재단 나사렛요양병원,,35.0268724,126.8327738
경상남도,거제시,옥포동,535번지 5호 유라빌딩,대우아동병원,병원,34.8934506,128.6911993
전라남도,무안군,삼향읍,남악리 2151번지,신우치과병원,치과의사,34.810011,126.4606862
전라북도,군산시,조촌동,782번지 8호 8호,의료법인 유진의료재단 동서병원,,35.9751362,126.730935
전라북도,부안군,부안읍,동중리 111번지 1호,부안21세기병원,병원,35.7304285,126.7371894
경상북도,안동시,송천동,1319번지 87호 지하1층-지상2층,빛으로병원,병원,36.5440391,128.7816126
전라북도,군산시,송풍동,932번지 4호,의료법인성곡의료재단군산효자요양병원,요양병원(일반요양병원),35.9797532,126.6993811
전라남도,무안군,삼향읍,"남악리 2238번지 (2,3,4,5층)",남악아동병원,병원,34.8112086,126.4644233
경상남도,사천시,사천읍,정의리 36번지 5호,사천동희병원,정신병원,35.0883139,128.0943546
전라남도,순천시,덕암동,188번지 89호 89호,새순천한방병원,한의사,34.9449926,127.5090557
경상북도,경주시,안강읍,산대리 1839번지 6호 6호,의료법인바로의료재단 미루요양병원,,35.9942957,129.2082492
경상북도,경주시,안강읍,산대리 1839번지 6호,의료법인 바로의료재단 미루요양병원,요양병원(일반요양병원),35.9942957,129.2082492
경상남도,함안군,칠원읍,용산리 325번지 26호,의료법인 시영의료재단 함안요양병원,요양병원(일반요양병원),35.3112689,128.5133933
전라북도,전주시,덕진구,여의동 620번지,효성의료재단 새전주요양병원,요양병원(일반요양병원),35.8700681,127.0731715
전라북도,전주시,완산구,평화동1가 448번지 11호,학산요양병원,요양병원(일반요양병원),35.7960507,127.1434537
경상북도,구미시,인의동,632번지 0호 0호,의료법인 민현의료재단 미래로병원,의사,36.1039948,128.4253777
경상북도,안동시,송천동,824번지 8호 8호,의료법인경북의료재단 길주요양병원,,36.5450075,128.7885382
경상북도,안동시,송천동,824번지 8호,경북의료재단 길주요양병원,요양병원(일반요양병원),36.5450075,128.7885382
전라북도,전주시,완산구,중인동 1610번지,의료법인 옥성의료재단 골든카운티 요양병원,요양병원(일반요양병원),35.7677736,127.0899088
전라북도,전주시,완산구,삼천동1가 285번지 33호 명인한방병원 33호,명인한방병원,한의사,35.7985641,127.1135655
경상북도,상주시,낙동면,신상리 529번지 2.3층,의료법인 우석의료재단 연세요양병원,요양병원(일반요양병원),36.4030818,128.2404093
경상북도,구미시,도량동,581번지 6호 6호,구미가톨릭요양병원,의사,36.1345719,128.3353557
경상남도,창원시,마산회원구,내서읍 호계리 768번지 7호,의료법인청록의료재단신세계요양병원,요양병원(일반요양병원),35.2601108,128.5099569
경상남도,창원시,마산합포구,덕동동 169번지,의료법인성인의료재단이에이씨창원요양병원,요양병원(일반요양병원),35.1420175,128.5787562
경상북도,경주시,건천읍,송선리 936번지,신경주요양병원,요양병원(일반요양병원),35.8224281,129.0725591
전라북도,익산시,함열읍,석매리 1147번지 1호,엔젤의료재단 엔젤요양병원,요양병원(일반요양병원),36.0528484,126.960664
전라북도,전주시,덕진구,송천동1가 474번지 2호,전주신세계정형외과병원,병원,35.8594955,127.1206777
경상남도,김해시,내동,1123번지 4호,우리여성병원,병원,35.2388223,128.8671463
경상북도,영주시,가흥동,1119번지,의료법인 영주의료재단 명품요양병원,,36.8247581,128.5979523
경상북도,영주시,가흥2동,1119번지,의료법인영주의료재단명품요양병원,요양병원(일반요양병원),36.8247581,128.5979523
경상북도,예천군,예천읍,동본리 225번지 1호 1호,의료법인 벽산의료재단 경희요양병원,,36.6573753,128.4672382
경상남도,창원시,마산합포구,동성동 58번지 1호,한일요양병원,요양병원(일반요양병원),35.2056977,128.5781042
전라북도,전주시,완산구,효자동2가 1326번지 2호,미르피아 여성병원,병원,35.8031737,127.1023074
경상북도,포항시,북구,죽도동 48번지 23호 23호,오거리사랑요양병원,의사,36.0322943,129.3659469
전라북도,전주시,덕진구,인후동1가 500번지 77호,의료법인 디딤의료재단 우리요양병원,요양병원(일반요양병원),35.8393109,127.1611052
경상남도,통영시,무전동,989번지 5호 통영고려병원,통영고려병원,병원,34.8586457,128.4289032
전라남도,함평군,학교면,월산리 1246번지,함평군공립요양병원,,35.0487046,126.5365887
경상남도,김해시,대청동,313번지 2호,메가병원,병원,35.1912526,128.8035368
전라남도,목포시,상동,195번지,의료법인효경의료재단 효성요양병원,,34.8138756,126.4162142
전라남도,목포시,상동,195번지,효성요양병원,요양병원(일반요양병원),34.8138756,126.4162142
전라북도,군산시,수송동,"30번지 1호 ,수송동30-13",노블한방병원,한방병원,35.9701607,126.7142264
경상북도,포항시,북구,죽도동 96번지 45호 45호,정다운요양병원,의사,36.031976,129.3664383
전라북도,전주시,완산구,효자동2가 238번지 3호,전주우리들병원,병원,35.8023937,127.107512
경상북도,영주시,가흥동,1729번지 3호 3호,영주자인병원,의사,36.8166231,128.6057249
경상북도,구미시,임수동,92번지 13호 13호,의료법인 갑을의료재단 갑을구미재활병원,,36.1107241,128.4041312
전라북도,임실군,임실읍,이도리,임실중앙요양병원,요양병원(일반요양병원),35.618013,127.280298
전라북도,전주시,덕진구,송천동2가 636번지 11호,메디오투한방병원,한방병원,35.8716861,127.1164296
전라남도,광양시,마동,873번지,의료법인현경의료재단 광양서울병원,,34.9572463,127.6913855
전라남도,광양시,마동,873번지,의료법인 현경의료재단 광양서울병원,종합병원,34.9572463,127.6913855
경상남도,사천시,사천읍,선인리 313번지 1호,의료법인 행복한의료재단 사천중앙요양병원,요양병원(일반요양병원),35.0791285,128.0969545
경상남도,창원시,진해구,"용원동 1214-18 1층(102호), 2~5층",우리병원,병원,35.1005095,128.8107984
경상남도,양산시,북부동,483번지 14호,의료법인 인경의료재단 홍익요양병원,요양병원(일반요양병원),35.3468275,129.0384273
전라남도,보성군,벌교읍,옥전리 269번지 9호,보성요양병원,요양병원(일반요양병원),34.8349586,127.2723423
전라북도,전주시,완산구,삼천동1가 306번지 14호,한솔요양병원,요양병원(일반요양병원),35.7920963,127.1171357
경상남도,김해시,삼정동,"599번지 1호 3,4층",아이사랑병원,병원,35.2295158,128.8940526
전라북도,완주군,삼례읍,삼례리 924-12,의료법인 일암의료재단 고려병원,병원,35.9097506,127.0744318
전라북도,전주시,덕진구,송천동1가 107번지 179호,전주 정드림요양병원,요양병원(일반요양병원),35.8631322,127.129381
전라남도,보성군,벌교읍,회정리 435번지 5호,제석의료재단보광요양병원,요양병원(일반요양병원),34.8474955,127.3514429
전라남도,화순군,화순읍,일심리 501번지,백재활요양병원,요양병원(일반요양병원),35.0637263,126.9963593
전라북도,전주시,덕진구,여의동 558번지 4호,나은요양병원,요양병원(일반요양병원),35.8650345,127.0799142
경상북도,영덕군,영덕읍,남산리 26번지,의료법인 영덕의료재단 영덕효요양병원,의사,36.4010976,129.3731628
경상북도,영주시,가흥2동,531번지,의)기호의료재단 청하요양병원,요양병원(일반요양병원),36.835216,128.6096228
경상남도,창원시,성산구,"상남동 10번지 1호 SH빌딩 402호, 5-9층",창원자생한방병원,한방병원,35.222567,128.6868346
경상남도,창원시,마산합포구,자산동 29번지 20호,의료법인영민의료재단소망노인전문병원,요양병원(노인병원),35.2055406,128.5676328
경상남도,창원시,마산합포구,자산동 29번지 20호 20호,의료법인 영민의료재단 소망노인전문병원,,35.2055406,128.5676328
전라북도,전주시,완산구,서완산동1가 483번지,온고을재활의학과병원,병원,35.8122114,127.1397591
경상남도,창원시,마산합포구,창포동3가 8번지 2호,신마산서울아동병원,병원,35.1813529,128.5607294
전라북도,전주시,덕진구,반월동 251번지 1호,한빛의료소비자생활협동조합 마음편한요양병원,요양병원(일반요양병원),35.8724876,127.0751497
경상남도,김해시,전하동,9-8,한가족요양병원,요양병원(일반요양병원),35.224668,128.8725864
경상남도,창원시,진해구,충무동 55번지 19호,참좋은요양병원,요양병원(일반요양병원),35.1521781,128.6665914
경상남도,사천시,향촌동,441번지 5호,의료법인 덕산의료재단 한마음노인요양병원,요양병원(일반요양병원),34.9351996,128.0974543
전라북도,군산시,조촌동,777번지,의료법인성하의료재단누가병원,병원,35.975163,126.7335873
전라남도,목포시,대양동,265번지 25호 25호,의료법인새한의료재단 목포성심요양병원,,34.8382179,126.4241479
전라남도,목포시,대양동,265번지 25호,의료법인 새한의료재단 목포성심요양병원,요양병원(일반요양병원),34.8382179,126.4241479
경상북도,영주시,가흥동,1381번지 55호 55호,영주삼봉병원,의사,36.8298817,128.6131475
전라남도,나주시,노안면,오정리 313번지 1호,즐거운요양병원,요양병원(일반요양병원),35.0875453,126.6833972
경상남도,김해시,대청동,"61-1 장유엔트로빌딩 7,8,9층",사단법인한국경로복지회 우리요양병원,요양병원(일반요양병원),35.1938611,128.7974085
경상북도,구미시,진평동,1023번지 1호 1호,의료법인 여연의료재단 인동엘리트치과병원,,36.1071355,128.417789
경상북도,구미시,진평동,1023번지 1호,의료법인여연의료재단인동엘리트치과병원,치과병원,36.1071355,128.417789
전라남도,화순군,화순읍,일심리 76번지,화순군립요양병원,요양병원(일반요양병원),35.0618664,127.0024604
경상남도,김해시,무계동,163-2 2~5층,재단법인그루터기장유은혜요양병원,요양병원(일반요양병원),35.2011854,128.8148303
경상북도,경산시,갑제동,645번지 4호 4호,의료법인 벽삼의료재단 우리세명병원,,35.8179195,128.771958
경상북도,경산시,갑제동,"645번지 4호 지하2층, 지상2층",의료법인 벽삼의료재단우리세명병원,정신병원,35.8179195,128.771958
경상남도,창원시,마산회원구,석전동 224번지 8호,베스트수병원,병원,35.2357357,128.5808776
전라남도,목포시,상동,890번지 2호 2호,의료법인동명의료재단 동명한방병원,한의사,34.8034549,126.4202738
전라남도,목포시,상동,890번지 2호 1필지,동명한방병원,한방병원,34.8034549,126.4202738
경상북도,안동시,풍산읍,막곡리 483번지,의료법인 인덕의료재단 복주요양병원,요양병원(일반요양병원),36.5795793,128.6678427
경상북도,안동시,풍산읍,막곡리 483번지,의료법인인덕의료재단 복주요양병원,,36.5795793,128.6678427
경상북도,울진군,울진읍,연지리 119번지,울진군의료원요양병원,요양병원(일반요양병원),36.992588,129.4102
경상북도,경산시,중방동,"870번지 6호 (2층,3층)",경산라온치과병원,치과병원,35.8245146,128.7389169
전라남도,목포시,산정동,1385번지 1호 1호,목포예향병원,의사,34.7915709,126.4024636
경상남도,창원시,마산합포구,진북면 인곡리 348번지 외 7필지,의료법인한길사랑의료재단현대사랑병원,정신병원,35.1324047,128.4475487
전라북도,전주시,완산구,서신동 805번지,지리산한방병원,한방병원,35.830928,127.1162645
전라남도,순천시,조례동,571번지 1호 7필지,미즈여성아동병원,병원,34.9603928,127.5222377
전라남도,담양군,대덕면,운암리 364번지 15호 15호,아름다운 명문한방병원,한의사,35.2491085,127.0488527
경상북도,경주시,성건동,340번지 4호,의료법인 송암의료재단 중앙요양병원,요양병원(일반요양병원),35.8433743,129.2068287
전라북도,김제시,금구면,낙성리 359번지 25호,희망병원,정신병원,35.8074184,127.0011845
전라북도,익산시,영등동,260번지 24호,영등한방병원,한방병원,35.9504737,126.9726386
전라남도,순천시,조례동,1719번지 15호,순천우리병원,병원,34.9524264,127.5155985
경상북도,포항시,남구,해도동 54번지 4호,의료법인현보의료재단포항해도요양병원,요양병원(일반요양병원),36.0211833,129.3693394
경상남도,양산시,491번지,2호,유성요양병원,요양병원(일반요양병원),35.344379,129.036177
경상남도,창원시,진해구,여좌동 812번지 8호 8,늘푸른요양병원,요양병원(일반요양병원),35.1527595,128.6715582
경상북도,경산시,백천동,4번지 2호 2호,의료법인 근원의료재단 경산중앙병원,,35.8084384,128.7407453
경상북도,경산시,백천동,7번지 1호 외15필지,의)근원의료재단 경산중앙병원,종합병원,35.8056309,128.7473699
경상북도,안동시,옥동,640번지 6호 (2.3.4층),라온치과병원,치과병원,36.5633619,128.7037789
전라북도,전주시,완산구,평화동1가 493번지 전주사랑병원,사랑요양병원,요양병원(일반요양병원),35.7917527,127.141399
경상남도,양산시,중부동,429번지 8호,양산중앙요양병원,요양병원(일반요양병원),35.3423087,129.0358639
경상남도,창원시,진해구,두동 1092번지,용원휴요양병원,요양병원(일반요양병원),35.1158731,128.7958518
전라북도,전주시,덕진구,산정동 857번지 2호,전주수한방병원,한방병원,35.8393043,127.1679877
전라남도,목포시,행복동,1가 6,의료법인 항운의료재단 목포요양병원,요양병원(일반요양병원),34.7865683,126.3879096
전라남도,목포시,행복동1가,6번지 0호 0호,의료법인항운의료재단 목포요양병원,의사,34.7865683,126.3879096
경상남도,창원시,마산회원구,두척동 303번지 1호,의료법인태산의료재단 큰사랑요양병원,요양병원(일반요양병원),35.2364176,128.5469318
경상남도,창녕군,창녕읍,교리 286번지 3호,태황의료재단한성병원,병원,35.5419449,128.4935134
경상남도,밀양시,삼랑진읍,안태리 산 59번지,좋은연인요양병원,요양병원(일반요양병원),35.417753,128.8676478
경상북도,경주시,용강동,1276번지 10호,의료법인 일원의료재단 늘푸른요양병원,요양병원(일반요양병원),35.8804568,129.2248615
경상남도,창원시,진해구,용원동 1217번지 2호,의료법인 심연의료재단 세명병원,병원,35.1014991,128.813583
전라남도,목포시,호남동,446번지,의료법인우성의료재단 목포실로암요양병원,,34.7955497,126.3868226
경상남도,김해시,삼계동,1502번지 2호 6~8층,삼성아동병원,병원,35.2602408,128.8687011
전라북도,전주시,완산구,효자동3가 977번지 0호 0호,드림솔병원,의사,35.8299459,127.0946365
경상북도,포항시,북구,"죽도동 207-2 성원메디칼 3, 4층",상쾌한 항구병원,병원,36.0266174,129.3606368
전라북도,전주시,완산구,중화산동1가 250번지 7호 전주나눔요양병원,의료법인 효일의료재단 나눔요양병원,요양병원(일반요양병원),35.8133741,127.1295706
전라북도,정읍시,수성동,582번지 1호,의료법인성은의료재단참조은병원,병원,35.5677856,126.8524794
경상북도,포항시,북구,장성동 113번지 1호 1호,더조은요양병원,한의사,36.081566,129.3907749
경상북도,구미시,원평동,1037번지 13호 13호,강남병원,의사,36.125713,128.3426147
경상남도,김해시,대청동,55-1,대민의료생활협동조합 온세상요양병원,요양병원(일반요양병원),35.1928754,128.7967975
경상북도,포항시,북구,죽도동 40번지 9호 9호,시티요양병원,의사,36.0345595,129.3640113
경상남도,창원시,마산회원구,"석전동 224번지 16호 2층, 3층",라온치과병원,치과병원,35.2357357,128.5808776
전라북도,김제시,금산면,용산리 301-26,의료법인지석의료재단신세계효병원,정신병원,35.7452949,127.0084371
전라남도,장성군,장성읍,기산리 489번지 5호,장성공립노인전문요양병원,요양병원(일반요양병원),35.3023328,126.7763621
경상남도,양산시,물금읍,범어리 2762번지 1호 부산대학교한방병원,양산부산대학교한방병원,한방병원,35.3251523,129.0068556
경상남도,사천시,사천읍,평화리 1번지 15호,사천서울아동병원,병원,35.0807049,128.092154
경상남도,김해시,삼정동,618번지 11호,의료법인 리드의료재단 다정한요양병원,요양병원(일반요양병원),35.2280769,128.8941947
전라남도,여수시,문수동,49번지 4호,의료법인 주영의료재단 동인요양병원,요양병원(일반요양병원),34.758772,127.699147
전라남도,여수시,문수동,49번지 4호 4호,의료법인주영의료재단 동인요양병원,,34.758772,127.699147
전라북도,순창군,순창읍,순화리 112-6 2층,의료법인희망의료재단희망병원,병원,35.3769496,127.1403373
전라북도,군산시,나운1동,743-7,의료법인 관주의료재단 정다운병원,병원,35.9716469,126.6989311
경상북도,상주시,도남동,산 57번지 52호,상주시립요양병원,요양병원(일반요양병원),36.4375237,128.2392074
전라북도,전주시,덕진구,인후동1가 594번지 14호,누가한방병원,한방병원,35.8360721,127.1505069
경상남도,김해시,주촌면,천곡리 1210,의료법인 송파의료재단 가야요양병원,요양병원(일반요양병원),35.2249259,128.839027
경상북도,칠곡군,왜관읍,금남리 310번지,칠곡군립 노인요양병원,요양병원(일반요양병원),35.9255715,128.4122694
경상북도,안동시,옥야동,28번지 7호,아주안제요양병원,요양병원(일반요양병원),36.5649163,128.7209959
전라북도,남원시,산곡동,21번지 3호,전북특별자치도 남원노인요양병원,요양병원(일반요양병원),35.4214079,127.3738273
경상북도,울진군,후포면,삼율리 761번지 1호 1호,의료법인동제의료재단 오차드요양병원,의사,36.6788165,129.4347694
경상북도,청도군,각북면,오산리 1134번지 1호,의료법인 선한의료재단 청도자연요양병원,요양병원(일반요양병원),35.7160252,128.5582105
전라북도,익산시,어양동,66번지 4호,온누리아동병원,병원,35.9527153,126.9874437
전라남도,광양시,마동,892번지 3호,광양시공립노인전문요양병원,요양병원(일반요양병원),34.9572081,127.6900582
전라남도,곡성군,겸면,칠봉리 8번지,곡성군립노인전문요양병원,,35.2529862,127.1842753
전라북도,전주시,완산구,중화산동2가 225번지 1호,삼남재활의학과병원,병원,35.8170281,127.1252907
전라남도,곡성군,겸면,칠봉리 8번지,곡성군립노인전문병원,요양병원(일반요양병원),35.2529862,127.1842753
경상북도,상주시,내서면,서원리 111번지 8호 8호,상주제일병원,,36.4224778,128.0151227
전라북도,고창군,고창읍,읍내리 995번지,전북특별차지도 고창노인요양병원,요양병원(일반요양병원),35.4369913,126.6910205
전라북도,전주시,완산구,효자동1가 222번지,참병원,의사,35.8036141,127.1247847
전라남도,여수시,둔덕동,471번지 100호 100호,여수시립요양병원,,34.7674701,127.6992042
경상남도,밀양시,부북면,용지리 194번지 1호,의료법인 이유의료재단 희윤요양병원,요양병원(일반요양병원),35.5094906,128.7453601
경상북도,포항시,북구,송라면 광천리 901번지 24호,의료법인청암의료재단 포항송라요양병원,요양병원(일반요양병원),36.2268377,129.3582823
전라남도,나주시,산포면,매성리 1188번지 1호 1통 2반,다정한병원,정신병원,35.0359477,126.7896956
전라북도,전주시,완산구,효자동3가 1699번지 4호 4호,유로병원,의사,35.8193653,127.1032739
전라남도,목포시,상동,835번지,미르치과병원,치과병원,34.8051748,126.4222073
경상북도,경주시,성동동,150번지 3호,큰마디큰병원,병원,35.8487239,129.2182447
경상북도,영주시,안정면,내줄리 300-1 시립노인전문요양병원,영주시립노인전문요양병원,요양병원(일반요양병원),36.8300985,128.5647292
경상북도,경주시,성동동,406번지 2호 2호,새천년병원,의사,35.8447428,129.2153472
경상북도,경주시,성동동,406번지 2호,새천년 병원,병원,35.8447428,129.2153472
전라남도,영암군,용당리,1865번지 5호,삼호제일병원,병원,34.7472599,126.3783513
경상남도,김해시,대청동,303-5,의료법인영진의료재단 엠아이병원,병원,35.1907626,128.800878
경상남도,창원시,진해구,장천동 712-11,동양의료재단연세사랑병원,정신병원,35.1286649,128.7011223
경상남도,김해시,삼정동,652번지 1호 외3,의료법인수의료재단 청솔요양병원,요양병원(일반요양병원),35.2317397,128.9028056
경상남도,창원시,마산회원구,합성동 83번지 3호,미소안재활병원,병원,35.2435616,128.5689898
전라남도,목포시,상동,713번지 46호 46호,목포아동병원,의사,34.8126686,126.4218461
전라남도,목포시,상동,848번지 2호 2호,예닮치과병원,치과의사,34.8061266,126.4239267
경상남도,창원시,팔용동,197번지 3호,의료법인 청민의료재단 몸편한한방병원,한방병원,35.2613765,128.6163176
경상남도,진주시,칠암동,510번지 8호,진주미르치과병원,치과병원,35.1831908,128.0892829
경상남도,창원시,마산합포구,우산동 102번지 6호,시립마산요양병원,요양병원(일반요양병원),35.1540404,128.5518772
경상북도,포항시,남구,이동 산 12번지,에스포항병원,종합병원,36.035154,129.3318742
전라남도,담양군,창평면,장화리,창평한마음요양병원,요양병원(일반요양병원),35.2463,127.002
전라북도,정읍시,하모동,70번지 115호,한서요양병원,요양병원(일반요양병원),35.574369,126.8312234
전라남도,담양군,가사문학면,구산리 200,무등산생태요양병원,요양병원(일반요양병원),35.1310472,127.0813195
경상남도,양산시,상북면,대석리 467번지 4호,현대요양병원,요양병원(일반요양병원),35.3956095,129.0628607
전라남도,화순군,화순읍,신기리 370번지,화순무지개요양병원,의사,35.0722376,126.9890382
경상북도,칠곡군,동명면,기성리,의료법인효천의료재단팔공요양병원,요양병원(일반요양병원),36.0074,128.5917
경상북도,칠곡군,동명면,기성리 296번지 1호 1호,의료법인효천의료재단 팔공요양병원,,36.0032823,128.5989526
전라북도,전주시,덕진구,만성동 135,우리노인전문병원,요양병원(노인병원),35.8368406,127.0784051
경상남도,김해시,부원동,605번지 14호,의료법인 신의료재단 김해삼승병원,병원,35.2270109,128.8811918
경상북도,경주시,현곡면,상구리 729번지 1호,에스요양병원,요양병원(일반요양병원),35.867227,129.1538625
전라남도,목포시,석현동,351번지,목포미래병원,병원,34.8232708,126.4271597
전라남도,목포시,연산동,774번지 1호,의료법인해민의료재단 세안종합병원,종합병원,34.8168761,126.380152
경상남도,김해시,강동,359번지,한사랑병원,정신병원,35.2199712,128.8764027
경상남도,창원시,의창구,북면 동전리 292,행복한요양병원,요양병원(일반요양병원),35.3238959,128.6010289
경상남도,양산시,덕계동,532번지,신세계요양병원,요양병원(일반요양병원),35.3647584,129.150492
경상남도,창원시,마산합포구,신포동2가 85번지 7호,의료법인위더스의료재단위더스병원,병원,35.2022885,128.5726698
경상북도,영천시,도남동,644번지,의료법인동승의료재단동승병원,,35.9328885,128.9297344
전라남도,화순군,도곡면,효산리 361번지 2호,보은병원,정신병원,34.9962502,126.9216546
전라북도,김제시,금구면,낙성리 358,미래요양병원,요양병원(일반요양병원),35.8085407,127.0015794
경상북도,포항시,남구,해도동 46-4,의료법인 해도의료재단 제일마디요양병원,요양병원(일반요양병원),36.0218801,129.3692344
경상북도,포항시,남구,해도동 46번지 4호 4호,의료법인해도의료재단 제일마디요양병원,,36.0224118,129.3691235
경상남도,남해군,남해읍,아산리 150번지 0호 남해노인전문병원 0호,남해군립노인전문병원,,34.8468747,127.8920039
경상남도,밀양시,하남읍,수산리469-3,행복한병원,병원,35.3747797,128.7115344
전라남도,순천시,대룡동,988번지,의료법인진의료재단 순천평화병원,,34.9072962,127.483011
경상북도,경산시,계양동,91번지 2호,서요양병원,요양병원(일반요양병원),35.8328399,128.7483408
전라남도,순천시,조례동,1589-1,순천제일병원,종합병원,34.9549888,127.5241707
전라북도,익산시,영등동,339번지 9호 나은병원,나은병원,병원,35.959031,126.9694736
경상남도,창원시,진해구,중앙동 6번지,의료법인염광의료재단세광병원,병원,35.1495442,128.6611796
전라남도,순천시,조례동,1589번지 1호 1호,의료법인청언의료재단 순천제일병원,의사,34.9549888,127.5241707
전라남도,목포시,석현동,815-51번지,목포재활요양병원,요양병원(일반요양병원),34.8214988,126.4215902
경상남도,창원시,성산구,대원동 132 푸른요양병원,푸른요양병원,요양병원(일반요양병원),35.2372586,128.6583734
경상남도,창원시,마산합포구,동성동 248번지 1호,참여성병원,병원,35.206085,128.5762694
경상북도,의성군,점곡면,구암리 314,의료법인재효의료재단 의성요양병원,요양병원(일반요양병원),36.3700345,128.7517521
경상북도,의성군,점곡면,구암리 314번지,의료법인재효의료재단의성요양병원,의사,36.3700345,128.7517521
경상북도,구미시,진평동,210번지 2호 2호,구미강동병원,의사,36.0967461,128.4226805
전라북도,김제시,하동,351-16,(의)백상의료재단 가족사랑요양병원,요양병원(일반요양병원),35.8169187,126.8917958
경상남도,창원시,마산합포구,중앙동2가 6-6 메디칼빌딩,삼일정풍병원,병원,35.1929743,128.5656211
전라북도,전주시,완산구,효자동1가 173번지 8호,전주우리병원,병원,35.8055362,127.1235098
경상북도,경주시,황성동,1053번지 3호,경주굿모닝병원,병원,35.8686042,129.2080958
경상남도,창원시,진해구,자은동 813번지 2호,예인병원,병원,35.1442566,128.7068406
경상북도,포항시,북구,장성동 1495번지 1호 1호,의료법인구암의료재단 시티병원,의사,36.0874764,129.3851683
전라북도,전주시,완산구,삼천동3가 686-1,연수요양병원,요양병원(일반요양병원),35.7936945,127.077206
전라북도,부안군,부안읍,봉덕리 583번지,부안성모병원,종합병원,35.7247746,126.7344443
경상북도,포항시,남구,송도동 438번지 1호,의료법인 경진의료재단 경희요양병원,요양병원(일반요양병원),36.0332615,129.3778035
전라북도,전주시,완산구,삼천동1가 285번지 24호,전주늘사랑요양병원,요양병원(일반요양병원),35.7985641,127.1135655
경상남도,김해시,내동,1133-2 김해센텀병원,(의)경빈의료재단 김해센텀병원,병원,35.2393083,128.8692988
경상북도,포항시,북구,죽도2동 640-7번지,포항재활의학병원,병원,36.021455,129.354609
전라북도,익산시,영등동,224-4,실로암사랑요양병원,요양병원(일반요양병원),35.9463586,126.9731239
경상북도,구미시,선기동,598-6번지,의료법인한백의료재단 구미아성요양병원,요양병원(일반요양병원),36.1287276,128.3068132
전라북도,전주시,덕진구,금암동 1554번지 2호,벧엘요양병원,요양병원(일반요양병원),35.8412521,127.1382888
전라북도,전주시,완산구,서완산동2가 80-11,한사랑요양병원,요양병원(일반요양병원),35.8094916,127.136921
전라북도,부안군,부안읍,봉덕리 336번지 1호,부안군노인요양병원,요양병원(일반요양병원),35.716167,126.7448738
경상북도,의성군,안계면,용기리 924-3,의료법인영제의료재단 영남제일병원,병원,36.3891973,128.4342333
경상남도,진주시,하대동,"314번지 5호 2층,3층,5층(실제는 4층)",서울아동병원,병원,35.1929399,128.1193498
경상북도,구미시,형곡동,857번지 6호 6호,구미현대병원,의사,36.1131424,128.3396583
전라북도,정읍시,시기동,169-1,정다운요양병원,요양병원(일반요양병원),35.5640773,126.8608454
전라남도,영암군,덕진리,308번지,영암효요양병원,요양병원(일반요양병원),34.8216177,126.6971997
경상남도,김해시,부곡동,1159-1 새미래네오피아 4층,의료법인만전의료재단장유효요양병원,요양병원(일반요양병원),35.2035918,128.8080182
경상북도,청도군,청도읍,고수리 15-1,의료법인영은의료재단 하나병원,정신병원,35.6494565,128.7454254
경상북도,청도군,청도읍,고수리 15번지 1호 1호,의료법인영은의료재단하나병원,,35.6494565,128.7454254
전라남도,순천시,인월동,575,메디팜요양병원,요양병원(일반요양병원),34.8973625,127.4787578
전라남도,광양시,중동,1833번지 1호,강남병원,병원,34.931823,127.6975734
경상남도,창원시,상남동,73-3 서울메디칼센터5층,램브란트치과병원,치과병원,35.2207462,128.6797005
경상북도,경주시,황성동,302번지 2호 2호,한빛아동병원,의사,35.8621254,129.2177112
경상남도,김해시,진영읍,내룡리 372번지,의료법인한솔의료재단 한서재활요양병원,요양병원(일반요양병원),35.2924902,128.7529031
경상북도,포항시,북구,죽도동 644번지 6호 6호,미르치과병원,치과의사,36.0206114,129.3543199
경상남도,창원시,상남동,"73-3 서울메디칼빌딩 6,7층",상남굿모닝내과병원,병원,35.2207462,128.6797005
경상남도,통영시,도산면,도선리 211번지 1호,의료법인진주의료재단 경상남도립통영노인전문병원,요양병원(일반요양병원),34.913068,128.3606931
경상남도,통영시,도산면,도선리 211번지 1호 1호,의료법인 진주의료재단 경상남도립 통영노인전문병원,,34.913068,128.3606931
전라북도,전주시,완산구,효자동1가 292번지,효사랑가족요양병원,요양병원(일반요양병원),35.8067477,127.118874
전라남도,화순군,춘양면,용곡리 646번지,마루요양병원,한의사,34.9293147,126.9229321
경상북도,안동시,용상동,1592번지 31호,의료법인안동의료재단용상안동병원,정신병원,36.559936,128.7432931
경상북도,안동시,용상동,1592번지 33호 33호,의료법인 안동의료재단 용상안동병원,,36.559936,128.7432931
전라남도,해남군,옥천면,영신리 251번지,해남우리종합병원,의사,34.584117,126.6465106
전라남도,함평군,해보면,금덕리 527번지 0호 0호,국군함평치과병원,,35.1843719,126.5890795
전라남도,함평군,해보면,해보리,국군함평병원,병원,35.1758,126.5896
경상남도,김해시,대청동,61-6 다인메디컬센타,의료법인하은의료재단 장유제일요양병원,요양병원(일반요양병원),35.1943428,128.7988964
전라남도,보성군,벌교읍,장좌리552,보성군립요양병원,요양병원(일반요양병원),34.8335974,127.3448227
전라북도,군산시,조촌동,671-13,의료법인오성의료재단동군산병원,종합병원,35.9775339,126.7371975
경상북도,경산시,중방동,340번지 10호,의료법인수성의료재단영남요양병원,요양병원(일반요양병원),35.8208088,128.7324813
전라북도,부안군,행안면,역리 221번지 2호,부안효요양병원,요양병원(일반요양병원),35.729579,126.7223899
경상남도,창원시,진해구,이동 2-2,서울아동병원,병원,35.1561406,128.6984768
경상북도,구미시,진평동,1033-2층,구미예치과병원,치과병원,36.1062065,128.4189241
경상북도,경주시,성동동,143-7 지하1층~지상5층,맘존 여성병원,병원,35.8488819,129.2168273
경상북도,경주시,성동동,143번지 7호 7호,맘존여성병원,의사,35.8487074,129.2172601
전라북도,전주시,완산구,효자동2가 1240번지 10호,수병원,병원,35.8164267,127.1015488
경상북도,포항시,북구,흥해읍덕장리948번지,의료법인화암의료재단 간호나라요양병원,요양병원(일반요양병원),36.1421845,129.3336091
전라남도,목포시,옥암동,977-2번지,목포미즈아이병원,병원,34.808925,126.4318644
경상남도,진주시,430번지,,의료법인 바른의료재단 바른병원,병원,35.179173,128.091778
전라남도,여수시,학동,196번지 10호 10호,의료법인 모아의료재단 모아치과병원,치과의사,34.7577772,127.6566299
경상남도,거제시,동부면,부춘리 345번지,사회복지법인내원 마하재활병원,병원,34.8070704,128.6009887
경상남도,창녕군,남지읍,남지리 534번지 14호,남지요양병원,요양병원(일반요양병원),35.3899696,128.4817294
전라북도,전주시,완산구,중화산동2가 142-11,미르치과병원,치과병원,35.812397,127.1236253
경상북도,영천시,금노동,512번지 3호 3호,의료법인손재림의료재단영천손한방병원,,35.9627458,128.9336724
경상남도,사천시,벌리동,461번지 7호 삼천포제일병원,삼천포제일병원,병원,34.9380639,128.0799854
전라북도,익산시,모현동1가,245-5,모현한방병원,한방병원,35.9423298,126.9418695
경상남도,진주시,강남동,146번지,진주미래여성병원,병원,35.1854021,128.0875102
경상북도,성주군,성주읍,예산리 312번지 4호 4호,의료법인 덕수의료재단 성주효요양병원,의사,35.922544,128.291635
경상북도,경주시,현곡면,상구리 7번지 4호,경주시립 노인전문 요양병원,요양병원(일반요양병원),35.8774302,129.1656603
경상북도,경주시,현곡면,상구리 7번지 4호 4호,경주시립노인전문요양병원,,35.8774302,129.1656603
경상북도,예천군,,,의료법인인덕의료재단 경도요양병원,요양병원(일반요양병원),36.646884,128.437355
경상북도,포항시,북구,흥해읍 용천리 735번지,의료법인운하의료재단 포항요양병원,요양병원(일반요양병원),36.1282478,129.3539397
전라남도,신안군,비금면,수대리 57번지 1호,의료법인신안대우병원,병원,34.7214269,125.9328316
경상남도,창원시,성산구,상남동 78-3 마이우스빌딩,씽씽(singsing)병원,병원,35.223475,128.6807891
경상북도,경주시,동부동,133번지 4호,의료법인소양의료재단 서울요양병원,요양병원(일반요양병원),35.84444,129.2117541
경상남도,창원시,의창구,봉림동 712-2,성미카엘요양병원,요양병원(일반요양병원),35.2509634,128.6676609
전라북도,군산시,옥구읍,수산리 195-5,의료법인한빛의료재단행복한요양병원,요양병원(일반요양병원),35.9070479,126.7038547
전라남도,순천시,해룡면,남가리 1133-1,의료법인숭덕의료재단순천효사랑요양병원,요양병원(일반요양병원),34.9171426,127.530527
전라남도,화순군,화순읍,광덕리 7번지 8호,화순성심병원,병원,35.0587224,126.9896303
전라남도,나주시남평읍,교원리,386번지1호,노블요양병원,요양병원(일반요양병원),35.0276414,126.8339854
전라남도,나주시,남평읍,교원리 386번지,노블요양병원,의사,35.0276414,126.8339854
경상북도,의성군,안계면,용기리 916-40,의료법인성제의료재단 성제요양병원,요양병원(일반요양병원),36.3885579,128.4329902
전라남도,곡성군,곡성읍,죽동리 39번지 5호,곡성사랑병원,병원,35.2767877,127.2872438
경상북도,구미시,구평동,450번지 2호,가이드치과병원,치과병원,36.0931651,128.432524
전라남도,진도군,의신면,침계리 841번지 14호 14호,진도군노인전문요양병원,,34.4648964,126.2790093
전라북도,전주시,완산구,서노송동 648-7,효사랑전주요양병원,요양병원(일반요양병원),35.826359,127.1440789
경상남도,창녕군,남지읍,남지리 968번지 13호,의료법인 케이엔의료재단 경남요양병원,요양병원(일반요양병원),35.3911917,128.4737734
경상북도,포항시,북구,용흥동 315번지,경상북도 포항노인전문요양병원,요양병원(일반요양병원),36.0350784,129.3546974
전라북도,정읍시,금붕동,1082-3,정읍시립요양병원,요양병원(일반요양병원),35.5509215,126.8911215
경상북도,영주시,가흥동,1311번지 0호 새희망병원 0호,의료법인태훈의료재단새희망병원,,36.8247577,128.595893
경상북도,문경시,점촌동,246번지 14호 14호,의료법인서일의료재단문경중앙병원,의사,36.5963896,128.1995684
경상북도,영주시,가흥2동,1311번지,(의)태훈의료재단 새희망병원,정신병원,36.8247577,128.595893
전라남도,무안군,무안읍,성동리 216번지 10호,공립무안군노인전문요양병원,요양병원(일반요양병원),34.99362,126.4882666
경상북도,의성군,금성면,대리 8번지 11호,의료법인염광의료재단 성심요양병원,요양병원(일반요양병원),36.264921,128.676387
전라남도,목포시,상동,"779번지 2,6,8층",제일내과병원,병원,34.8110212,126.4192916
전라북도,익산시,신동,311-2,재단법인 원불교 원병원,병원,35.9670582,126.952432
전라남도,순천시,덕암동,158번지,순천하나병원,의사,34.9407727,127.5098522
전라북도,순창군,순창읍,가남리 507-7,의료법인태종의료재단순창요양병원,요양병원(일반요양병원),35.3649634,127.141211
전라북도,김제시,신풍동,487-31,(의)혜민의료재단 우리한방병원,한방병원,35.7985242,126.8959609
경상남도,거창군,거창읍,송정리 719번지 4호 719-8,거창군립 노인요양병원,요양병원(일반요양병원),35.6757723,127.8928609
경상북도,칠곡군,왜관읍,금남리,의료법인유민의료재단산울림병원,정신병원,35.921443,128.408562
경상남도,김해시,외동,399번지 2호,굿모닝대홍병원,병원,35.2298356,128.8665568
경상북도,포항시,북구,장성동 110번지 1호 1호,인성병원,의사,36.0809223,129.391383
경상남도,창원시,봉곡동,"34-3 1,2,3,5,6층",허&리병원,병원,35.2440408,128.6489599
경상남도,김해시,부곡동,748번지 5호,의료법인갑을의료재단 갑을장유병원,종합병원,35.2096147,128.8057603
경상북도,경산시,대평동,439번지 5호 5호,경산미르치과병원,치과의사,35.8357902,128.7338004
경상남도,양산시,상북면,신전리 27번지 9호외 8필지,경상남도립양산노인전문병원,요양병원(일반요양병원),35.4289786,129.0679024
경상남도,김해시,삼계동,392번지 2호,(의)환명의료재단 경상남도립김해노인전문병원,요양병원(일반요양병원),35.2607647,128.8623844
경상북도,포항시,남구,상도동 632번지 2호 2호,세명재활의학병원,,36.0137654,129.3579708
전라북도,남원시,향교동177-2번지,,남원효사랑요양병원,요양병원(일반요양병원),35.4151619,127.3871716
경상남도,김해시,내동,893번지 6호,김해사랑병원,병원,35.2382675,128.8586551
경상북도,청도군,각북면,오산리 558-2,의료법인정암의료재단 윤성요양병원,요양병원(일반요양병원),35.7111006,128.5720907
전라남도,나주시남평읍,교원리,386번지,밝은마음병원,정신병원,35.0276414,126.8339854
전라북도,정읍시,연지동,21-27,정읍박병원,병원,35.5744113,126.8487855
전라북도,김제시,금산면,용산리301-14,신세계병원,정신병원,35.7447783,127.0077883
전라북도,익산시,신용동,773번지 5호,의료법인 원광의료재단 익산원광효도요양병원,요양병원(일반요양병원),35.9764918,126.9482772
전라북도,전주시,완산구,삼천동1가 732-1,다사랑병원,병원,35.8008671,127.1278246
경상북도,김천시,어모면,능치리 632-4,경상북도립김천노인전문요양병원,요양병원(일반요양병원),36.21127,128.0524286
전라남도,여수시,여서동,236 여수백병원,여수백병원,병원,34.751937,127.7034487
전라남도,화순군,화순읍,교리 238번지 2호,의료법인 무진의료재단 화순현대요양병원,요양병원(일반요양병원),35.060149,126.9824707
전라북도,고창군,고창읍,덕산리 192번지 21호 21호,유정요양병원,의사,35.4258932,126.6939975
경상남도,창원시,마산회원구,봉암동 472번지 17호,의료법인정다운사람들의료재단정다운요양병원,요양병원(일반요양병원),35.2182884,128.600756
전라남도,담양군,담양읍,천변리,담양사랑병원,병원,35.30959,126.977851
전라북도,전주시,덕진구,금암동 728-38,한국노인요양병원,요양병원(일반요양병원),35.8414548,127.1336291
전라북도,고창군,무장면,덕림리 384번지 4호,의료법인성노복지의료재단효자요양병원,요양병원(일반요양병원),35.3900751,126.6107292
전라북도,완주군,용진면,신지리 512,실로암병원,요양병원(일반요양병원),35.9328908,127.1739331
전라남도,여수시,여서동,825번지,의료법인 미나의료재단 여수문화병원,의사,34.7457505,127.6993396
전라북도,고창군,성내면,신성리 5번지,의료법인정익재단 메디케어요양병원,요양병원(일반요양병원),35.5587139,126.7436245
전라북도,정읍시,상동,116번지 3호,정읍사랑병원,병원,35.5649436,126.8716409
전라남도,나주시,금천면,촌곡리 41번지 2호 외 3필지,의료법인세화의료재단나주효사랑요양병원,요양병원(일반요양병원),35.0361584,126.7713357
전라남도,나주시,금천면,촌곡리 42번지 외1필지,의료법인세화의료재단나주효사랑병원,정신병원,35.0354792,126.7711092
전라남도,나주시,금천면,촌곡리 41번지 2호 나주효사랑병원 2호,의료법인세화의료재단 나주효사랑병원,,35.0361584,126.7713357
경상북도,봉화군,봉화읍,내성리 426번지 68호,봉화군립노인전문요양병원,요양병원(일반요양병원),36.8918144,128.7346387
전라남도,영광군,단주리,,영광군공립요양병원,요양병원(일반요양병원),35.293547,126.493317
경상북도,경산시,평산동,591-2번지,의료법인동오의료재단 도움요양병원,요양병원(일반요양병원),35.7993478,128.7632682
경상북도,고령군,대가야읍,202번지 1호,고령군립요양병원,요양병원(일반요양병원),35.730167,128.271972
전라남도,장흥군,장흥읍,건산리 402번지 1호,장흥우리병원,병원,34.6783385,126.911153
경상남도,김해시,부원동,621번지 10호,의료법인푸른솔의료재단 김해한솔재활요양병원,요양병원(일반요양병원),35.2274563,128.8861735
전라남도,화순군,화순읍,일심리 160번지,화순전남대학교병원,종합병원,35.0572935,127.0041074
전라북도,전주시,덕진구,덕진동2가 168번지 2호 외2필지,전주21세기병원,병원,35.8478069,127.1190771
전라북도,정읍시,연지동,21-76,정읍성신병원,병원,35.576444,126.8476329
경상남도,양산시,덕계동,758번지 4호,아람병원,정신병원,35.3694339,129.1467119
경상북도,안동시,임하면,고곡리 266-1,의료법인송인의료재단대성그린병원,정신병원,36.486302,128.8411567
경상북도,안동시,임하면,고곡리 266번지 1호 1호,의료법인 송인의료재단 대성그린병원,,36.485555,128.8417321
경상북도,경산시,와촌면,용천리 821번지,의료법인보현의료재단부림요양병원,요양병원(일반요양병원),35.9228634,128.8433947
경상남도,창원시,진해구,이동 300,연세에스병원,종합병원,35.1547195,128.6983361
전라남도,순천시,낙안면,하송리 139번지 10호,순천은병원,정신병원,34.9135813,127.3243375
전라남도,목포시,상동,882-6,목포장문외과병원,병원,34.8045303,126.4228291
경상북도,경산시,중방동,848번지 4호 4호,의료법인 서명의료재단 세명종합병원,의사,35.8269627,128.7371645
전라남도,목포시,상동,834번지,동신대학교부속 목포한방병원,한방병원,34.8048252,126.4214785
전라북도,군산시,나운동,839-9,의료법인구암의료재단군산요양병원,요양병원(일반요양병원),35.963578,126.6954689
경상북도,포항시,남구,대잠동 907-8,대구한의대포항한방병원,한방병원,36.0133143,129.3432076
전라북도,익산시,영등동,268-9,재단법인 천주교 전주교구 유지재단 익산성모병원,요양병원(일반요양병원),35.9514825,126.9680772
경상남도,거제시,고현동,808-1,거제중앙병원,병원,34.8865395,128.622402
전라남도,담양군,대덕면,용대리 778번지 4호 4호,의료법인경애의료재단 담양참사랑병원,,35.2368491,127.0805176
전라남도,담양군,대덕면,용대리,담양참사랑병원,병원,35.228,127.0759
경상남도,창원시,성산구,상남동 27-1 서울아동병원,서울패밀리병원,병원,35.2208747,128.6809106
전라남도,목포시,상동,847-5번지,목포한사랑병원,병원,34.8057773,126.4236785
경상북도,울진군,울진읍,연지리 119번지,울진군의료원,의사,36.992588,129.4102
경상북도,안동시,서후면,광평리 211번지 3호,경북재활병원,병원,36.6538339,128.6955993
전라북도,군산시,나운동,830-9,의료법인의인의료재단차병원,병원,35.9684631,126.6975608
경상남도,김해시,진영읍,진영리 290-8,의료법인한서의료재단 진영병원,병원,35.3060092,128.7270155
경상남도,양산시,평산동,31-5번지,의료법인 서재의료재단 혜인요양병원,요양병원(일반요양병원),35.3848464,129.1550568
경상남도,진주시,망경동,494-4 목화노인병원,의료법인 목화의료재단 목화요양병원,요양병원(일반요양병원),35.1791086,128.0815455
경상북도,안동시,용상동,1592-31 안동병원,안동요양병원,요양병원(일반요양병원),36.5600039,128.744341
전라남도,담양군,대덕면,비차리,창평우리병원,정신병원,35.2571,127.0039
전라남도,해남군,해남읍,고도리 117번지 1호 1호,해남한국병원,의사,34.5669121,126.5957988
경상남도,창원시,마산회원구,내서읍 중리 1044번지 1호,의료법인청아의료재단청아병원,종합병원,35.247811,128.5094445
경상남도,창원시,마산합포구,월남동2가 5번지,의료법인합포의료재단에스엠지연세병원,종합병원,35.1862968,128.5615863
전라북도,전주시,완산구,중화산동2가 743-7,본병원,병원,35.8251543,127.1155828
경상남도,창원시,마산합포구,중앙동3가 4번지 247호,의료법인석영의료재단창원제일종합병원,종합병원,35.1978635,128.5697433
경상남도,창원시,의창구,사림동 164-1,창원한마음병원,종합병원,35.237912,128.69905
전라북도,전주시,완산구,평화동1가 711-1,한양병원,병원,35.7961502,127.1351377
경상남도,하동군,금남면,계천리 366-3,하동우리들병원,정신병원,34.9958265,127.8104197
경상남도,창원시,성산구,반지동 78 케이프타운,희연요양병원,요양병원(일반요양병원),35.2399735,128.6625528
경상북도,경주시,성건동,211번지 4호 4호,현대병원,의사,35.8454843,129.2069349
경상북도,청송군,진보면,후평리 66번지,청송진보병원,,36.5356539,129.026593
전라북도,익산시,마동,126-29,동산병원,병원,35.9368828,126.9620352
경상북도,경주시,노동동,117번지,의료법인 성산의료재단 새빛병원,정신병원,35.8423414,129.2111111
경상북도,경주시,노동동,117번지,의료법인성산의료재단새빛병원,,35.8423414,129.2111111
전라북도,익산시,신동,142-1,의료법인대산의료재단익산병원,종합병원,35.9618271,126.9666773
전라북도,전주시,덕진구,산정동 852번지 1호,전주고려병원,종합병원,35.8399098,127.1669004
경상북도,경산시,상방동,242번지 3호,경상북도립경산노인전문요양병원,요양병원(일반요양병원),35.8096119,128.7399971
전라남도,보성군,벌교읍,장좌리 292번지,의료법인삼호의료재단 삼호병원,,34.8339828,127.3455699
경상북도,의성군,안계면,용기리 924번지 3호 3호,의료법인영제의료재단영남제일병원,,36.3902048,128.4348074
경상남도,사천시,축동면,가산리 447-2 경남도립사천노인전문병원,의료법인 행복한의료재단 경남도립사천노인전문병원,요양병원(일반요양병원),35.0920186,128.0456699
전라북도,전주시,완산구,삼천동3가 321번지 51호,전주시립요양병원,요양병원(일반요양병원),35.8027429,127.0838373
경상남도,창원시,마산합포구,오동동 6번지 7호,하나병원,병원,35.2080563,128.582416
경상북도,경주시,안강읍,산대리 1784번지 4호,안강중앙병원,정신병원,35.993235,129.2171366
전라남도,고흥군,도양읍,용정리 233번지 5호 5호,의료법인장호의료재단 녹동현대병원,의사,34.5554208,127.130675
경상남도,양산시,상북면,내석리 산 141번지,노아병원,정신병원,35.4420904,129.0387047
전라북도,남원시,사매면,관풍리 665번지 1호,남원성일병원,정신병원,35.476839,127.3690536
전라북도,김제시,금구면,낙성리 359번지,미래병원,정신병원,35.8074184,127.0011845
경상북도,영천시,오수동,307번지,영남대학교의과대학부속영천병원,,35.9573579,128.9133963
경상남도,양산시,덕계동,532번지 덕계성심병원,덕계성심병원,정신병원,35.3647584,129.150492
경상북도,칠곡군,왜관읍,금남리 315-1,의료법인고산의료재단칠곡시몬병원,정신병원,35.9262626,128.41295
경상북도,안동시,남후면,무릉리 363-2,경상북도립안동노인전문요양병원,요양병원(노인병원),36.5234519,128.6892534
전라북도,완주군,소양면,해월리 849-1,사회복지법인 성바오로애덕원 성바오로복지병원,요양병원(일반요양병원),35.8597505,127.2606736
전라남도,목포시,석현동,815번지 8호 8호,의료법인목포구암의료재단 목포중앙병원,의사,34.822204,126.4219121
전라북도,남원시,향교동140-3번지,,남원병원,병원,35.415971,127.3865826
전라남도,목포시,상동,577-1번지,목포원광한방병원,한방병원,34.8055817,126.4141683
전라남도,순천시,연향동,1235번지,의료법인한국의료재단 순천한국병원,의사,34.9477119,127.5122899
전라남도,여수시,화양면,장수리 228,재단법인여수요양병원,요양병원(일반요양병원),34.6487656,127.6068186
경상남도,진주시,주약동,110-2,진주세란병원,병원,35.1744905,128.0929887
경상북도,김천시,신음동,462-14,의료법인 덕산의료재단 김천제일병원,종합병원,36.1354917,128.1190092
경상북도,칠곡군,약목면,관호리 910-12,의료법인혜원의료재단혜원성모병원,정신병원,36.0029975,128.3839319
경상남도,김해시,삼계동,117번지,(의)동남의료재단 동남병원,정신병원,35.2730232,128.8693361
경상북도,김천시,어모면,능치리 632-1,신애정신병원,정신병원,36.2109739,128.0535276
전라남도,순천시,조례동,1742,성가롤로병원,종합병원,34.9647108,127.5431308
전라북도,전주시,완산구,중화산동1가 149-1,엠마오사랑병원,병원,35.812555,127.1372522
경상북도,영주시,가흥1동,1459번지 3호,의료법인일맥의료재단영주인애가한방병원,한방병원,36.815068,128.619484
전라북도,전주시,완산구,중화산동2가 5,전주우석병원,병원,35.8174569,127.1285409
전라남도,완도군,완도읍,가용리 56번지,완도대성병원,병원,34.317131,126.7356173
전라남도,목포시,동명동,329번지,의료법인세양의료재단신안병원,,34.7894803,126.3928025
전라남도,목포시,동명동,329번지,의료법인 세양의료재단 신안병원,병원,34.7894803,126.3928025
전라남도,순천시,연향동,1317번지 5호 5호,오병원,의사,34.9523823,127.5170289
전라남도,화순군,화순읍,광덕리 163번지 1호,화순고려병원,병원,35.0560729,126.989578
전라남도,목포시,상동,833번지,목포기독병원,의사,34.8042233,126.4202484
전라북도,익산시,남중동1가,168-5,연세요양병원,요양병원(일반요양병원),35.942981,126.954224
전라남도,영광군,영광읍,신하리 142번지 12호 12호,의료법인거명의료재단 영광기독신하병원,,35.2669112,126.4947093
경상남도,진주시,신안동,437번지 1호,진주복음병원,병원,35.1854931,128.0694329
전라남도,순천시,매곡동,130번지 1호 1호,전라남도 순천의료원,의사,34.9584069,127.4836432
전라남도,목포시,상동,149번지 2호 2호,목포한국병원,의사,34.809386,126.4162925
경상남도,사천시,축동면,가산리 450번지 1호,의료법인 순영의료재단 순영병원,정신병원,35.0928525,128.0447035
전라남도,순천시,조례동,1596번지 1호 1호,의료법인내일의료재단 현대여성아동병원,,34.9533914,127.5226067
전라북도,전주시,완산구,경원동3가 84번지,의료법인계산재단문실버요양병원,요양병원(일반요양병원),35.8196542,127.1491457
전라북도,익산시,인화동1가,130,익산제일병원,병원,35.9314141,126.9525662
경상북도,포항시,북구,죽도동 646번지 15호 15호,의료법인현암의료재단 포항우리병원,,36.0220761,129.3512763
경상남도,거창군,거창읍,송정리 1093 한국병원,의료법인아림의료재단거창한국병원,병원,35.6812007,127.8977924
경상북도,구미시,형곡동,855번지,차의과학대학교부속구미차병원,의사,36.1144706,128.3405344
전라북도,전주시,완산구,효자동1가 398번지 398-5,전주기독병원,병원,35.8087192,127.1154063
경상남도,창원시,남양동,5,창원중앙병원,병원,35.2140149,128.7008029
경상북도,경산시,하양읍,은호리 130번지 3호 3호,국군대구병원,,35.9022203,128.788183
전라남도,순천시,장천동,57번지 6호 6호,순천중앙병원,의사,34.951355,127.4841601
전라남도,무안군,무안읍,성동리165번지,대송의료재단무안병원,종합병원,34.9920221,126.4894408
전라남도,무안군,무안읍,성동리 165번지,의료법인대송의료재단 무안병원,의사,34.9920221,126.4894408
경상북도,포항시,남구,오천읍 구정리 4번지 3호,해군포항병원,병원,35.9813209,129.415351
경상북도,상주시,남성동,33번지 27호 27호,상주적십자병원,,36.4145409,128.1560915
경상북도,김천시,응명동,957,의료법인 영은의료재단 김천신경정신병원,정신병원,36.1483356,128.1148326
경상북도,김천시,응명동,957번지,의료법인영은의료재단김천신경정신병원,,36.1483356,128.1148326
경상남도,진주시,장대동,100번지 10호,반도병원,병원,35.1919106,128.0884203
경상남도,창원시,서상동,310-1,윤병원,병원,35.2619285,128.6206273
경상남도,진주시,충무공동,69-1 한일병원,한일병원,종합병원,35.1667357,128.1286466
전라남도,고흥군,고흥읍,남계리 186,의료법인영성의료재단고흥종합병원,종합병원,34.6210995,127.2939926
경상북도,포항시,남구,대도동 94-5,포항세명기독병원,종합병원,36.0175673,129.3619494
경상북도,포항시,남구,대도동 94번지 5호 5호,의료법인한성재단포항세명기독병원,의사,36.018003,129.3611374
경상남도,합천군,대양면,정양리 587번지 5호,합천고려병원,정신병원,35.5522305,128.1616979
전라북도,전주시,덕진구,덕진동1가 1174번지 8호,성모요양병원,요양병원(일반요양병원),35.8363814,127.1230026
경상북도,경주시,석장동,1090번지 1호 1호,동국대학교의과대학경주병원,,35.8588779,129.1953072
경상북도,경주시,석장동,1090번지 1호,동국대학교 의과대학 경주병원,종합병원,35.8588779,129.1953072
전라북도,전주시,완산구,중화산동2가 5번지,우석대부속전주한방병원,한방병원,35.8174569,127.1285409
경상북도,경주시,서부동,147번지 2호,계명대학교 경주동산병원,병원,35.845509,129.2093411
경상남도,창원시,신촌동,30,홍익재활병원,병원,35.1968335,128.6248008
전라남도,강진군,강진읍,서성리 305번지 26호 26호,전라남도 강진의료원,의사,34.6374092,126.7567994
전라남도,강진군,강진읍,서성리 305번지 1호,전라남도강진의료원,병원,34.6374092,126.7567994
전라북도,전주시,덕진구,덕진동2가 142번지 1호,원광대학교전주한방병원,한방병원,35.8475315,127.1162139
경상북도,예천군,예천읍,동본리 460번지 2호,의료법인 서준의료재단 예천권병원,병원,36.6577819,128.4592342
경상남도,양산시,주진동,347-1,양산병원,정신병원,35.4008733,129.1476787
경상북도,봉화군,봉화읍,내성리 426번지 6호,봉화해성병원,병원,36.8918144,128.7346387
경상북도,청도군,화양읍,범곡리 100번지 1호 1호,의료법인대남의료재단청도대남병원,,35.6489717,128.7369853
전라북도,부안군,부안읍,선은리 55번지,의료법인 혜성병원,병원,35.7326254,126.7461894
전라남도,진도군,진도읍,남동리 523-1,진도한국병원,병원,34.4825691,126.2641026
경상남도,남해군,남해읍,아산리 170번지,의료법인 이도의료재단 남해병원,병원,34.8462942,127.8943748
전라남도,장흥군,장흥읍,건산리 383번지 5호,의료법인 우범의료재단 장흥종합병원,종합병원,34.6775021,126.9103227
전라남도,화순군,화순읍,삼천리 637번지,화순중앙병원,병원,35.0585119,126.981001
전라북도,고창군,고창읍,읍내리 663번지,의료법인석천재단고창병원,종합병원,35.4363731,126.6934503
경상북도,칠곡군,왜관리,,의료법인왜관병원,병원,35.9819,128.4025
전라남도,영광군,영광읍,남천리 212번지,의료법인거명의료재단 영광기독병원,,35.2749516,126.5109243
전라북도,남원시,고죽동,200번지,전북특별자치도 남원의료원,종합병원,35.4319613,127.4081942
경상북도,영양군,영양읍,서부리 100번지 1호 1호,의료법인명성의료재단영양병원,,36.6630108,129.0890615
전라남도,목포시,석현동,45번지,국립목포병원,병원,34.8276242,126.4375144
전라남도,나주시,성북동,100번지 7호 나주종합병원 7호,나주종합병원,의사,35.0363443,126.7222322
전라남도,광양시,광양읍,칠성리 517,의료법인광양의료재단 광양병원,병원,34.9712225,127.5820927
경상남도,진주시,칠암동,90번지,경상국립대학교병원,종합병원,35.1771531,128.0953978
전라남도,고흥군,도양읍,소록리 202번지 4호 4호,국립소록도병원 ,,34.5139402,127.1250659
경상북도,영주시,영주1동,547-2,영주기독병원,병원,36.8254604,128.6211109
경상남도,사천시,향촌동,441번지 5호,의료법인 덕산의료재단 한마음병원,정신병원,34.9351996,128.0974543
경상남도,김해시,부원동,608번지 4호,의료법인환명의료재단 금강병원,병원,35.2284664,128.8825805
전라남도,순천시,조례동,544,근로복지공단 순천병원,종합병원,34.9609715,127.5251706
경상남도,진주시,칠암동,485번지 2호,의료법인 문병욱의료재단 진주고려병원,종합병원,35.1786146,128.0915633
전라북도,익산시,신동,272번지,원광대학교치과병원,치과병원,35.9678447,126.9580914
전라남도,여수시,광무동,,여수전남병원,종합병원,34.7491,127.7223
전라남도,영광군,영광읍,단주리 275번지,영광종합병원,의사,35.2844209,126.4991331
경상남도,함양군,함양읍,용평리 613-6,함양성심병원,병원,35.5204439,127.7292783
전라남도,목포시,행복동2가,6번지,목포노동병원,병원,34.7869337,126.3860667
전라남도,목포시,행복동2가,6번지,의료법인항운의료재단 목포노동병원,의사,34.7869337,126.3860667
전라남도,해남군,해남읍,해리 182번지 1호 1호,의료법인행촌의료재단 해남종합병원,,34.5714041,126.612107
전라남도,나주시,산포면,산제리 501번지,국립나주병원,정신병원,35.009103,126.8261766
경상남도,진주시,강남동,241번지,제일병원,종합병원,35.1793459,128.0902158
경상남도,창원시,마산회원구,석전동 231번지 6호,동마산병원,병원,35.2343467,128.5785391
경상북도,안동시,수상동,574번지 2호 2호,의료법인안동병원,,36.546542,128.7018809
전라북도,익산시,신동,272번지,원광대학교병원,종합병원,35.9678447,126.9580914
경상북도,의성군,봉양면,화전리 90-4,의료법인제중원 제남병원,병원,36.3003326,128.5823105
경상북도,안동시,금곡동,177번지,안동성소병원,,36.5671198,128.7228314
경상북도,상주시,냉림동,350번지 5호 5호,의료법인삼백의료재단상주성모병원,의사,36.4201908,128.1603821
경상북도,영주시,영주2동,536번지 4호,의료법인청봉의료재단성누가병원,병원,36.8217705,128.6241178
전라남도,보성군,미력면,반룡리768,보성아산병원,병원,34.7758606,127.1039205
전라북도,익산시,신동,272번지,원광대학교 한방병원,한방병원,35.9678447,126.9580914
전라북도,정읍시,용계동,350,재단법인 아산사회복지재단 정읍아산병원,종합병원,35.5887716,126.8236359
경상북도,의성군,봉양면,화전리 90번지 15호 15호,의료법인 제중원 제남병원,의사,36.3008506,128.5602881
경상북도,포항시,남구,대잠동 270번지 1호,포항성모병원,종합병원,36.0165138,129.3397229
경상남도,거창군,거창읍,상림리 74-1,거창적십자병원,병원,35.6866185,127.9088168
전라북도,전주시,완산구,중화산동1가 300번지,재단법인예수병원유지재단예수병원,종합병원,35.8143748,127.1331098
경상북도,김천시,모암동,85,경상북도김천의료원,종합병원,36.1224629,128.1266926
경상북도,안동시,북문동,470,경상북도안동의료원,종합병원,36.5679831,128.7322484
전라북도,완주군,상관면,죽림리 453,완주군아름다운노인전문병원,요양병원(일반요양병원),35.7298833,127.2297943
전라북도,완주군,구이면,항가리 602-1,은빛사랑요양병원,요양병원(일반요양병원),35.7163214,127.116344
전라북도,완주군,봉동읍,장기리 271,의료법인한길사랑의료재단한길병원,정신병원,35.9356916,127.1625852
전라북도,정읍시,북면,한교리 346,의료법인 케이씨엘의료재단 필한방병원,한방병원,35.6052563,126.8868564
전라북도,전주시,덕진구,금암동 634번지 18호,전북대학교병원,종합병원,35.8489384,127.1392319
경상북도,상주시,내서면,서원리 111번지 8호,의료법인 심천의료재단 상주제일병원,정신병원,36.4224778,128.0151227
경상북도,청도군,화양읍,범곡리 101-5,군립청도노인요양병원,요양병원(일반요양병원),35.6485499,128.7364784
전라남도,진도군,지산면,앵무리 295-1,진도진리노인요양공동생활가정,요양병원,34.44180511517381,126.20052520271577
전라남도,해남군,해남읍,용정리 13-10,선회노인요양원,요양병원,34.5601978327482,126.589775765788
전라남도,해남군,황산면,우항리 404-9,황산소망요양원,요양병원,34.5770406428725,126.437006495554
전라남도,해남군,해남읍,구교리 425-7,신혜힐링타운,요양병원,34.576976228711466,126.58627670031086
전라남도,해남군,황산면,연당리 138-2,해남의집,요양병원,34.57442723315934,126.41643560790624
전라남도,해남군,옥천면,성산리 229-2,기쁨의집,요양병원,34.58579114339636,126.6719202193758
전라남도,해남군,송지면,소죽리 668-2,땅끝보금자리요양원,요양병원,34.358269939480664,126.52702146991884
전라남도,완도군,군외면,황진리 399,청해요양원,요양병원,34.392978533142,126.669668672554
전라남도,해남군,해남읍,신안리 2,우슬사랑의집,요양병원,34.56658044924907,126.62435355970756
전라남도,해남군,옥천면,영신리 243,해남노인요양센터,요양병원,34.5834911032932,126.643778515845
전라남도,해남군,옥천면,용산리 10-1,동광원,요양병원,34.58493649316017,126.6685523611532
전라남도,해남군,산이면,초송리 555-11,사랑의집요양원,요양병원,34.64703419758966,126.43928246039457
전라남도,해남군,마산면,화내리 1023-4,가나안요양원,요양병원,34.6197830186811,126.566902760334
전라남도,해남군,문내면,석교리 1876-52,소망장기요양센터,요양병원,34.590623727647,126.361625729468
전라남도,완도군,군외면,원동리 1066-5,송촌행복요양센터,요양병원,34.39150841353569,126.648067083219
전라남도,해남군,마산면,화내리 1023-4,가나안치매노인요양공동생활가정,요양병원,34.619818982332816,126.5668764038672
전라남도,해남군,해남읍,해리 521-1,다선재가장기요양센터,요양병원,34.5731759503619,126.604276034188
전라남도,해남군,옥천면,영춘리 524-2,태양주야간재가센터,요양병원,34.5666796159745,126.64701038175173
전라남도,해남군,옥천면,백호리 82-2,쥬빌리재가복지센터,요양병원,34.5467106233684,126.65866251266496
전라남도,해남군,마산면,화내리 1023-4,가나안요양원 경비실,요양병원,34.62043613790522,126.56729300537368
전라남도,고흥군,도양읍,용정리 233-16,녹동현대전문요양원,요양병원,34.5466210896312,127.146553730691
전라남도,고흥군,도양읍,용정리 361,도양노인건강복지타운 치매전문요양원,요양병원,34.5445905805155,127.145417164671
전라남도,고흥군,도양읍,봉암리 2408,녹동어울림,요양병원,34.5363484566692,127.13039197131
전라남도,고흥군,금산면,석정리 1145-1,동행주간보호센터,요양병원,34.4762196342925,127.133651068422
전라남도,완도군,고금면,가교리 863,고금요양원,요양병원,34.432406811015554,126.8200297828842
전라남도,고흥군,도양읍,용정리 832,원광녹동효도마을,요양병원,34.5572122169579,127.142745647638
전라남도,완도군,금일읍,화목리 70,금일소망의집,요양병원,34.3474301311057,127.033419207412
전라남도,장흥군,대덕읍,신월리 863-2,행복드림 노인요양복지타운,요양병원,34.5033827166876,126.865020697888
전라남도,고흥군,포두면,송산리 326,힐링요양원,요양병원,34.600874533901234,127.36230899838132
전라남도,고흥군,점암면,천학리 317-1,천사로요양원,요양병원,34.6266288462279,127.380553641577
전라남도,고흥군,포두면,차동리 1183,믿음의집,요양병원,34.54083620312208,127.35668784919166
전라남도,신안군,지도읍,탄동리 874,지도노인요양원,요양병원,35.0425287186174,126.18171436187
전라남도,신안군,자은면,구영리 386-2,자은노인요양공동생활가정,요양병원,34.88410081827387,126.04756023029238
전라남도,함평군,엄다면,엄다리 796,뿌리깊은나무,요양병원,35.0107670016074,126.516988929259
전라남도,무안군,무안읍,성남리 489-1,무안실버요양원,요양병원,34.9754828494084,126.466822001043
전라남도,함평군,학교면,월산리 564-6,함평나비요양원,요양병원,35.0408616988172,126.537291070005
전라남도,함평군,학교면,월산리 1252-1,함평군립요양원,요양병원,35.0489036939416,126.535875629937
전라남도,함평군,함평읍,내교리 171,함평흰돌사랑의집,요양병원,35.0615892615032,126.520517854952
전라남도,함평군,학교면,마산리 64-1,청수원,요양병원,35.048054962914165,126.560912287771
전라남도,함평군,함평읍,함평리 256,함평성애노인요양센터,요양병원,35.06586750872208,126.51247232141031
전라남도,함평군,함평읍,내교리 319,함평원광요양원,요양병원,35.0623507225912,126.514352471616
전라남도,함평군,함평읍,내교리 198-3,함평성심병원 노인요양시설,요양병원,35.0623125017446,126.520149670941
전라남도,무안군,망운면,목동리 280-1,하늘빛요양원,요양병원,35.0209690954618,126.395920410997
전라남도,무안군,청계면,상마리 915-7,에덴노인전문요양원,요양병원,34.9189748217909,126.419093807889
전라남도,함평군,나산면,구산리 131-1,정겨운뜰안요양원,요양병원,35.09780400790086,126.57613371914744
전라남도,무안군,청계면,월선리 119,엘림복지타운노인요양원,요양병원,34.8811249253635,126.455924945767
전라남도,무안군,청계면,상마리 915-14,다솜노인요양공동생활가정,요양병원,34.9188982870635,126.416664925948
전라남도,무안군,삼향읍,왕산리 121-10,자혜요양원,요양병원,34.8568960071837,126.4342842289
전라남도,나주시,왕곡면,장산리 9-5,한우리요양원 주간보호센터,요양병원,34.9868443755858,126.706300727762
전라남도,무안군,청계면,상마리 915-7,에덴원,요양병원,34.9182049047673,126.418687766658
전라남도,무안군,운남면,하묘리 499-11,미소드림 노인요양센터,요양병원,34.9801232856752,126.359436803196
전라남도,나주시,경현동,444,나주실버케어센터,요양병원,35.038693914331,126.701337002009
전라남도,나주시,삼영동,639,나주계산요양원,요양병원,35.00999692527555,126.69414053686312
전라남도,무안군,삼향읍,유교리 680,성산정신요양원,요양병원,34.85112433075862,126.4395241224982
전라남도,무안군,삼향읍,왕산리 388-1,디아코니아 노인요양원,요양병원,34.8638576344532,126.423768574594
전라남도,무안군,현경면,용정리 922-7,참사랑노인전문요양원,요양병원,35.0490859737006,126.374191120643
전라남도,나주시,안창동,640,효심노인요양원,요양병원,35.0077123826692,126.678956239622
전라남도,목포시,대양동,458,세영노인전문요양원,요양병원,34.83530708021035,126.41509495062633
전라남도,나주시,송월동,665-1,나주고운정요양원,요양병원,35.0271613819815,126.712387255525
전라남도,무안군,청계면,월선리 73-2,목장장애인요양원,요양병원,34.8832978212519,126.462941985794
전라남도,무안군,삼향읍,왕산리 928,엔젤그린케어요양원,요양병원,34.8527153065486,126.416716933358
전라남도,나주시,삼영동,644,나주시노인요양원,요양병원,35.01009874060649,126.6959182541116
전라남도,영암군,시종면,월송리 111,행복나눔효요양원,요양병원,34.8570844143874,126.6091719086104
전라남도,무안군,삼향읍,왕산리 928,로얄그린케어요양원,요양병원,34.852560713341,126.416809874589
전라남도,무안군,삼향읍,왕산리 926,양지그린케어 요양원,요양병원,34.8527421173435,126.417044781242
전라남도,무안군,청계면,월선리 73-2,목포장애인요양원,요양병원,34.8828256239825,126.462971310297
전라남도,무안군,청계면,상마리 915-8,무안 노인전문요양원,요양병원,34.9178651179239,126.418506316647
전라남도,무안군,현경면,용정리 922-7,참사랑노인전문요양원 주차장,요양병원,35.0489448246247,126.374086975262
전라남도,화순군,화순읍,삼천리 163,효사랑감로원,요양병원,35.03723595861078,126.9833901017885
전라남도,화순군,능주면,원지리 185,더불어요양원,요양병원,35.0109509626493,126.952982168791
전라남도,화순군,동면,장동리 683-1,소망요양원,요양병원,35.0291881536126,127.034974237084
전라남도,화순군,능주면,정남리 266,부모사랑실버빌,요양병원,34.9921450059326,126.954294174427
전라남도,화순군,능주면,만수리 109-2,행복드림실버빌,요양병원,35.0122418052667,126.953147960565
전라남도,화순군,화순읍,광덕리 153,연비재활요양원,요양병원,35.0542615870835,126.986868047503
전라남도,화순군,화순읍,교리 249,현대노인요양원,요양병원,35.0602206664905,126.98078079151
전라남도,화순군,화순읍,삼천리 637-5,화순중앙요양원,요양병원,35.058258397291695,126.98092923964384
전라남도,화순군,도곡면,대곡리 779-1,신도곡실버타운,요양병원,34.995671411673214,126.92853777311558
전라남도,화순군,도곡면,대곡리 779,산들바람실버빌,요양병원,34.9955138997691,126.928930053254
전라남도,화순군,도곡면,효산리 856-24,평안애노인전문요양원,요양병원,34.996660548289,126.913762328909
전라남도,화순군,화순읍,교리 100-11,영산노인복지센터,요양병원,35.0624637576222,126.984033983056
전라남도,화순군,도곡면,천암리 696-29,은빛소망요양원,요양병원,35.0144186465451,126.912455238148
전라남도,화순군,사평면,사평리 100-2,사평예랑의집,요양병원,35.0082621090782,127.094878332602
전라남도,화순군,동면,청궁리 96-1,화순햇살요양원,요양병원,35.0714069168963,127.058147898515
전라남도,나주시,남평읍,우산리 528-1,전남노인요양원휴,요양병원,35.0006396532211,126.88394903759
전라남도,나주시,다도면,송학리 990-3,빛고을정신요양원,요양병원,34.9849896788179,126.82765872747
전라남도,나주시,남평읍,서산리 237,실버스토리요양원,요양병원,35.020543285216,126.84966479796547
전라남도,나주시,남평읍,남평리 41,도울실버타운,요양병원,35.0463463537415,126.842048222973
전라남도,나주시,다도면,덕동리 14,덕인실버홈,요양병원,34.9699937509627,126.832468855123
전라남도,나주시,다도면,암정리 569,수덕의집,요양병원,34.926867800376684,126.8181480278518
전라남도,순천시,서면,선평리 489,순천노인전문요양원,요양병원,34.990029505311306,127.49698773749918
전라남도,순천시,서면,판교리 194-4,행복하우스,요양병원,35.02019933802884,127.50201425949824
전라남도,순천시,가곡동,990-1,송광실버하우스,요양병원,34.976431389257286,127.4804100160098
전라남도,순천시,가곡동,982-10,"정담요양원, 정담주간보호센터",요양병원,34.9787578168266,127.480643724595
전라남도,순천시,조례동,766,다올요양원,요양병원,34.972505362997104,127.52077259314
전라남도,순천시,왕지동,162,왕지실버타운요양원,요양병원,34.97705326683857,127.53925070582464
전라남도,순천시,석현동,636-1,은성복지회,요양병원,34.9909008900077,127.460712362048
전라남도,순천시,석현동,670,성산요양원,요양병원,34.99405262708,127.447068929326
전라남도,순천시,조례동,1392-1,한솔요양원,요양병원,34.9573466546104,127.514916684268
전라남도,순천시,동외동,147,청담우리함께요양원,요양병원,34.9560351232784,127.486723115592
전라남도,순천시,조례동,1392-1,한솔노인복지센터,요양병원,34.9573285904127,127.514925330073
전라남도,순천시,조례동,131-1,로이스기독재활원 인휴마을,요양병원,34.9629720209051,127.536192289468
전라남도,순천시,조례동,131-1,순천기독결핵재활원,요양병원,34.9627447137361,127.536432785914
전라남도,순천시,덕암동,362-15,우리들요양원,요양병원,34.947180022303534,127.5084950123354
전라남도,순천시,연향동,1436-8,평화의집노인요양원,요양병원,34.946547633238,127.513334085785
전라남도,광양시,광양읍,덕례리 963-2,실버랜드,요양병원,34.9695840024259,127.565127199417
전라남도,순천시,연향동,1351-1,봄날애방문요양센터,요양병원,34.950010000045,127.516907042019
전라남도,순천시,연향동,1372-4,연향실버빌,요양병원,34.9453152859277,127.514863348419
전라남도,광양시,광양읍,칠성리 517-6,느티나무요양원,요양병원,34.9710508101622,127.582053261
전라남도,순천시,상사면,흘산리 400-4,은빛마을,요양병원,34.943504629561,127.454487727961
전라남도,광양시,광양읍,덕례리 1665-17,광양제일요양원,요양병원,34.9675408135432,127.569517183189
전라남도,광양시,봉강면,구서리 496-2,봉강노인요양원,요양병원,35.0384391602239,127.571738070944
전라남도,광양시,광양읍,칠성리 937-5,광양칠성노인요양원,요양병원,34.9731398491205,127.577214755114
전라남도,순천시,인제동,101-6,순천린제노인복지센터,요양병원,34.9463191499964,127.484695222342
전라남도,순천시,남정동,429,행복한요양원,요양병원,34.93787002732744,127.48706893492204
전라남도,광양시,광양읍,읍내리 195-2,마로현노인요양원,요양병원,34.9760682537429,127.586837084351
전라남도,광양시,광양읍,구산리 763-7,매천요양원,요양병원,34.982151881445,127.578324981105
전라남도,광양시,광양읍,목성리 771,대한노인요양원,요양병원,34.97647249109387,127.5917646272111
전라남도,광양시,광양읍,인서리 107-1,우리동산요양원,요양병원,34.9717134346154,127.585965036111
전라남도,광양시,광양읍,칠성리 1003-5,그루터기요양원,요양병원,34.9780454680488,127.580543297217
전라남도,광양시,광양읍,칠성리 1001-15,복드림요양원,요양병원,34.9777958181949,127.581478955502
전라남도,광양시,광양읍,구산리 137-2,광양노인장기요양센터,요양병원,34.9837596783631,127.584962224527
전라남도,순천시,상사면,오곡리 148,로뎀요양원,요양병원,34.9181726366358,127.464840491813
전라남도,순천시,상사면,쌍지리 8-30,순천삼성요양원,요양병원,34.9341839932087,127.42261787737137
전라남도,광양시,옥룡면,산남리 654-1,평화요양원,요양병원,35.0105713907806,127.607605306498
전라남도,순천시,승주읍,신성리 989-1,승주실버빌,요양병원,35.0110303006801,127.386330905276
전라남도,순천시,상사면,쌍지리 8-5,사랑실버빌,요양병원,34.9346004403082,127.424167709395
전라남도,순천시,인월동,705-5,순천만요양원,요양병원,34.898710371511,127.485019296397
전라남도,순천시,상사면,비촌리 326,효부사랑요양원,요양병원,34.910264075985275,127.43909470534332
전라남도,여수시,율촌면,조화리 498-1,여수노인전문요양원,요양병원,34.87273568167618,127.58354255323664
전라남도,순천시,승주읍,평중리 566,미소요양원,요양병원,35.02172917326489,127.3667153544462
전라남도,광양시,옥곡면,대죽리 664,광양시노인전문요양원,요양병원,35.004559167855,127.664398199521
전라남도,순천시,낙안면,하송리 131,낙안효자실버빌,요양병원,34.91302599024875,127.3269645504624
전라남도,순천시,별량면,대룡리 533,섬돌요양원,요양병원,34.8862624935721,127.394759876814
경상남도,사천시,서포면,자혜리 1169-2,장수원,요양병원,35.00224587844795,127.99558799410062
경상남도,사천시,서포면,구평리 561,늘푸른노인요양원,요양병원,35.0059890501106,127.980650795272
경상남도,사천시,서포면,구평리 1269-1,사천솔밭요양원,요양병원,35.0165434382986,127.966073858814
경상남도,사천시,노룡동,368-5,참행복한요양원,요양병원,34.985580198158324,128.05741166433592
경상남도,사천시,백천동,461-2,사천행복요양원,요양병원,34.99227940315697,128.06282409495518
경상남도,사천시,죽림동,986,사회복지법인꽃나라 사천노인전문요양원,요양병원,34.96115563322649,128.0675316989369
경상남도,사천시,좌룡동,379-1,양지실버원,요양병원,34.9524197181729,128.076130297558
경상남도,하동군,진교면,술상리 553,사랑드림,요양병원,34.9980427491406,127.89917984964
경상남도,사천시,사남면,화전리 147-28,샘터노인요양원,요양병원,35.044873251917885,128.0995796570961
경상남도,사천시,동금동,69-5,사회복지법인 승연복지재단삼천포요양원,요양병원,34.9335021648946,128.080226049321
경상남도,사천시,사천읍,용당리 609,카이어르신유치원,요양병원,35.07969950065636,128.0785776120866
경상남도,남해군,창선면,당항리 883-6,남해창선 노인전문요양원,요양병원,34.8929457196679,128.00669801673
경상남도,진주시,내동면,신율리 258,그랜하우스요양원,요양병원,35.1459286757523,128.093575441462
경상남도,사천시,사천읍,구암리 325,사천건양요양원,요양병원,35.0901688883755,128.12172063054
경상남도,진주시,내동면,내평리 108,참진주요양원,요양병원,35.142648482756535,128.02121446492035
경상남도,하동군,진교면,백련리 330,백년사랑주간보호센터,요양병원,35.0309736473941,127.878462677467
경상남도,사천시,사천읍,두량리 1297-32,효담요양원,요양병원,35.1074370078182,128.119681356235
경상남도,사천시,사남면,계양리 208-2,부모님의집,요양병원,34.9828822361418,128.131916247089
경상남도,사천시,축동면,배춘리 343-2,한마음노인요양센터,요양병원,35.1001327396647,128.096216272889
경상남도,하동군,금남면,노량리 110-4,사회복지법인자혜복지재단 노량실버타운,요양병원,34.95983270043873,127.87862682769904
경상남도,하동군,고전면,고하리 151-7,한사랑노인요양원,요양병원,35.0231927673359,127.837872532588
경상남도,사천시,사천읍,정의리 405-6,현대노인복지센터,요양병원,35.0851923582187,128.089840828483
경상남도,진주시,정촌면,화개리 1098-1,삼성나눔어르신유치원,요양병원,35.13393189040391,128.1104669567157
경상남도,남해군,남해읍,아산리 157,남해요양원,요양병원,34.8467208908043,127.893109137829
경상남도,진주시,내동면,유수리 785-7,연지실버로드요양원,요양병원,35.136091459704,128.012078533152
경상남도,진주시,내동면,삼계리 270,도리원,요양병원,35.1489073699404,128.039004109405
경상남도,하동군,고전면,성천리 570-7,벧엘수양원,요양병원,35.04079605930946,127.82762766829474
경상남도,남해군,고현면,대곡리 1162,화방남해노인통합지원센터,요양병원,34.867824725854,127.86920848564964
경상남도,하동군,금남면,노량리 110-4,한려원,요양병원,34.959828835523,127.878538103369
경상남도,사천시,곤명면,정곡리 943-1,완사노인요양원,요양병원,35.1335788364353,127.977350787385
경상남도,남해군,남해읍,심천리 844,밝은집노인요양원,요양병원,34.8514872976006,127.893112532025
경상남도,진주시,내동면,내평리 108,재가복지진주기억학교,요양병원,35.1426557294936,128.02121016632
경상남도,진주시,평거동,301-1,진주어르신재가복지센타,요양병원,35.1726163672412,128.059287844088
경상남도,남해군,남해읍,아산리 144,남해실비노인요양원 주차장,요양병원,34.8469890635712,127.893413801064
경상남도,거제시,사등면,청곡리 56-44,거제실버웰요양센터,요양병원,34.9029770318118,128.509181578645
경상남도,창원시,마산합포구,구산면 반동리 631-1,춘추원,요양병원,35.0827430960707,128.572081679388
경상남도,창원시,마산합포구,구산면 석곡리 394-1,마산시니어카운티 본관,요양병원,35.1111157364898,128.554099753501
경상남도,창원시,마산합포구,진북면 대티리 375,마산정신요양원,요양병원,35.16845262703568,128.47368449901302
경상남도,통영시,용남면,장문리 879-7,가경노인요양원,요양병원,34.8731194735854,128.427974510458
경상남도,창원시,마산합포구,구산면 석곡리 394-1,마산시니어카운티 신관,요양병원,35.1114338176361,128.553471852954
경상남도,고성군,마암면,삼락리 801,고성정신요양원,요양병원,35.02244208425196,128.35312147902596
경상남도,고성군,고성읍,대독리 4,고성군 치매전문요양원,요양병원,34.96902912125825,128.31466818556584
경상남도,통영시,광도면,죽림리 1239-1,통영참사랑요양원,요양병원,34.884826086774,128.397692126243
경상남도,거제시,거제면,서정리 891-13,노인요양원솔향,요양병원,34.8574142799691,128.582669337717
경상남도,거제시,수월동,508-57,수월요양원,요양병원,34.8828880559205,128.654020016237
경상남도,거제시,하청면,유계리 822-4,선인노인요양원,요양병원,34.95717487431263,128.63858626547028
경상남도,거제시,고현동,609-1,성진실요양원,요양병원,34.88348777361882,128.62108019500914
경상남도,통영시,용남면,화삼리 448-2,해송노인전문요양원,요양병원,34.851677120338,128.447664522909
경상남도,고성군,대가면,유흥리 392-1,고성시니어스,요양병원,35.02027303306612,128.3024317114727
경상남도,고성군,마암면,삼락리 50,정다운집요양원,요양병원,35.0314076893913,128.361862088925
경상남도,통영시,북신동,704,통영실버타운요양원,요양병원,34.8560856023492,128.426446688839
경상남도,통영시,광도면,노산리 816-3,대건노인요양원,요양병원,34.90344481654956,128.3977307835497
경상남도,고성군,마암면,삼락리 801,효경의집,요양병원,35.0224672425422,128.353128467365
경상남도,고성군,고성읍,대독리 4,고성군노인요양원,요양병원,34.9696581346422,128.314427497812
경상남도,창원시,마산합포구,진북면 인곡리 452-1,기쁨요양원,요양병원,35.1360370486025,128.443360102359
경상남도,거제시,사등면,사곡리 867-7,온요양주간보호센터,요양병원,34.89660707601754,128.56648820634254
전라북도,고창군,무장면,도곡리 260-1,보리마을 도곡너싱홈,요양병원,35.4411632352423,126.549543111214
전라북도,고창군,아산면,성산리 596-12,효생노인요양공동생활가정,요양병원,35.44709193144628,126.58522998804222
전라북도,고창군,고창읍,율계리 90-1,고창군노인요양원,요양병원,35.4464000338441,126.684237574361
전라북도,고창군,고수면,봉산리 227-2,원광참살이요양원,요양병원,35.4192619065083,126.680978622854
전라북도,고창군,부안면,수동리 344-11,온누리복지타운,요양병원,35.5377948672685,126.654870241429
전라북도,고창군,부안면,수동리 53,야고바의집,요양병원,35.5298056916637,126.671632798878
전라북도,고창군,대산면,매산리 244-13,대산주간보호센터,요양병원,35.3407848707378,126.594964507787
전라북도,정읍시,산내면,능교리 1267,들꽃마을노인전문요양원,요양병원,35.5690048314852,126.992913538434
전라북도,정읍시,금붕동,906-15,정읍시립요양원,요양병원,35.5534962238404,126.894539725629
전라북도,정읍시,금붕동,1082-4,사회복지법인삼동회 정읍은혜의집,요양병원,35.55126270579929,126.89138621036294
전라남도,장성군,북하면,신성리 228-1,시일건강타운,요양병원,35.4259849735926,126.846417755843
전라북도,순창군,순창읍,순화리 538,옥천요양원,요양병원,35.3763239217201,127.133864094039
전라남도,담양군,금성면,석현리 63-3,금성노인요양원,요양병원,35.3426966363352,127.0246540555
전라북도,정읍시,태인면,태성리 390,동행요양원,요양병원,35.655441949482,126.947558517736
전라북도,정읍시,입암면,단곡리 191-8,크로바실버빌,요양병원,35.5167707557315,126.798766604959
전라북도,정읍시,수성동,919-10,샘골재가복지센터,요양병원,35.5824193678405,126.855087316223
전라남도,담양군,담양읍,양각리 59,메니노인전문요양원,요양병원,35.3221638436663,126.973425399413
전라남도,담양군,금성면,대성리 35,담양하늘숲요양원,요양병원,35.3710892810391,127.02069676133
전라북도,정읍시,입암면,천원리 82-1,입암 온누리요양원,요양병원,35.5040710807859,126.793269493099
전라북도,정읍시,시기동,76,정읍노인복지요양원,요양병원,35.5513997679088,126.863913262871
전라북도,정읍시,태인면,태성리 152,작은숲요양원,요양병원,35.6559811270626,126.942111671379
전라남도,장성군,북하면,신성리 231-7,샬롬의집,요양병원,35.4262630938087,126.846822459157
전라북도,정읍시,장명동,186,품안애,요양병원,35.5659453350678,126.859546951353
전라북도,완주군,구이면,백여리 1111-5,베다니나눔의집,요양병원,35.6603327427112,127.095714181054
전라북도,정읍시,하모동,70-115,한서요양병원 원무과,요양병원,35.5717792200422,126.834517108613
전라북도,완주군,구이면,백여리 1321,브니엘요양원,요양병원,35.64618573978835,127.09396594689989
전라북도,정읍시,상동,256-4,행운노인복지센터,요양병원,35.5558558481194,126.873051325139
전라북도,순창군,팔덕면,월곡리 618-2,세진노인요양공동생활가정,요양병원,35.4010993470179,127.104865136827
전라북도,정읍시,하모동,70-115,한서요양병원 3층간호사실,요양병원,35.5717792200422,126.834517108613
전라북도,남원시,이백면,남계리 343-8,소망의문,요양병원,35.4523878611596,127.441253467793
전라북도,남원시,갈치동,393-2,남원행복의집,요양병원,35.4657267805687,127.409663430777
전라북도,남원시,인월면,인월리 72-2,경애원,요양병원,35.451127998677,127.60419979566235
전라북도,남원시,이백면,척문리 406,살림노인요양원,요양병원,35.42646959512,127.422154392897
전라북도,남원시,광치동,767,포도원 노인요양원,요양병원,35.4567147407423,127.364360440118
전라북도,남원시,대산면,신계리 429-27,풍악복지재단 스마일빌,요양병원,35.4269480300795,127.305186761441
전라북도,장수군,천천면,장판리 52-1,장수노인전문요양원,요양병원,35.675039618704,127.523873497441
경상남도,함양군,함양읍,죽림리 1374,오봉산무지개마을노인요양원,요양병원,35.476087664966066,127.64898197590745
전라북도,남원시,왕정동,236-6,남원사랑노인재가복지센터,요양병원,35.41155938824483,127.37074085024246
전라북도,남원시,사매면,서도리 764-6,평강원,요양병원,35.4943763315477,127.315213834467
경상남도,함양군,함양읍,죽림리 817-7,다볕골노인요양원,요양병원,35.4699716209385,127.671690468482
전라북도,남원시,대산면,신계리 431-6,효성의집,요양병원,35.424519540295,127.303176821727
전라북도,임실군,삼계면,오지리 55,사랑요양원,요양병원,35.5275611401741,127.298668589964
전라북도,남원시,사매면,오신리 809-2,하늘빛사랑원,요양병원,35.49839626710304,127.35904222388908
경상남도,함양군,마천면,구양리 721,함양은혜의집,요양병원,35.4143640612797,127.686638065261
경상남도,함양군,함양읍,백연리 143-7,연꽃노인요양원,요양병원,35.5074638959395,127.71884833886
경상남도,함양군,함양읍,백연리 673,세진요양원,요양병원,35.5137767377676,127.716382458979
전라북도,임실군,오수면,오수리 387-23,굿모닝사랑원,요양병원,35.5406287044071,127.329938587839
전라북도,남원시,어현동,657-17,보은의집,요양병원,35.3802823184419,127.384433703646
전라북도,남원시,향교동,363-1,동북복지마을,요양병원,35.41817070917971,127.38537002539252
전라북도,장수군,장수읍,동촌리 14,삼동회장수수양원,요양병원,35.64007219775694,127.54615522239015
전라북도,남원시,어현동,657-17,보은노인복지센터,요양병원,35.3802787972499,127.384407273987
경상남도,산청군,단성면,방목리 268-1,산청복음전문요양원,요양병원,35.33021469328531,127.93075270343924
경상남도,함양군,유림면,화촌리 288-12,지리산노인요양원,요양병원,35.46612594393089,127.79068802593008
경상남도,산청군,금서면,평촌리 289,산청성모노인전문요양원,요양병원,35.4050073024837,127.848005141068
경상남도,산청군,금서면,특리 900-1,예심요양원,요양병원,35.437806996425,127.846974552427
경상남도,산청군,산청읍,옥산리 78,한일노인요양원,요양병원,35.411476385092115,127.87669875889324
경상남도,합천군,용주면,월평리 781,노블하임,요양병원,35.56664951479786,128.11590206809092
경상남도,합천군,삼가면,어전리 438,사회복지법인 해창복지재단,요양병원,35.3828320568632,128.117063557842
경상남도,합천군,삼가면,어전리 438,합천노인전문요양원,요양병원,35.3828963701987,128.117126073295
경상남도,산청군,금서면,평촌리 289,성모노인요양원주차장,요양병원,35.4049150588234,127.847792813086
경상남도,창녕군,계성면,사리 759-8,반야노블카운티요양원,요양병원,35.48990155434728,128.5358140572866
경상남도,창녕군,대지면,본초리 산 35,덕인러브힐,요양병원,35.54034402748998,128.4520597417204
경상남도,창녕군,도천면,일리 540-1,도천방문요양센터,요양병원,35.43567817316444,128.51953881753292
경상남도,창녕군,영산면,죽사리 341-4,함박양로원,요양병원,35.44665748126537,128.53783991679782
경상남도,창녕군,부곡면,거문리 843-2,부곡온천요양원,요양병원,35.4422786164986,128.580461138263
경상남도,창녕군,부곡면,수다리 429-2,창녕군노인전문요양원,요양병원,35.4278230725926,128.638344924861
경상남도,밀양시,무안면,신법리 83,효심마을,요양병원,35.47890012716082,128.6591791701875
경상남도,창녕군,남지읍,남지리 968-4,케어홈요양원,요양병원,35.3913474112642,128.474595638868
경상남도,밀양시,무안면,연상리 948-3,참조은노인요양원,요양병원,35.4526774498418,128.657136064816
경상남도,창원시,의창구,북면 내곡리 산 98-5,창원성심노인전문요양원,요양병원,35.3498911793305,128.574580171278
경상북도,청도군,풍각면,봉기리 1033,효사랑시니어센터,요양병원,35.63388985230008,128.6030970431533
경상남도,밀양시,부북면,퇴로리 513-1,천명사자비원,요양병원,35.544942205213,128.697964539895
경상남도,창원시,의창구,북면 신촌리 909-9,비엠이화요양원,요양병원,35.3480062827149,128.608215824716
경상남도,창원시,의창구,북면 월계리 105,믿음의집요양원,요양병원,35.3639034208156,128.635357881477
경상남도,합천군,적중면,옥두리 630-6,미타노인요양원,요양병원,35.5512279593121,128.292940185705
경상남도,밀양시,무안면,마흘리 561-1,단비요양원,요양병원,35.4964434592183,128.696502343426
경상남도,밀양시,무안면,무안리 515,한가족노인요양원,요양병원,35.4711549705998,128.662150850072
경상남도,함안군,대산면,구혜리 241-4,함안안나의집,요양병원,35.3499778948433,128.42955203469
경상남도,창원시,의창구,북면 상천리 1083-3,참사랑노인요양원,요양병원,35.3611032504245,128.575061915409
경상남도,창녕군,대합면,신당리 26-9,창녕군치매전담요양원,요양병원,35.5809584357832,128.439758674507
경상남도,창원시,의창구,북면 내곡리 1234-1,시립창원요양병원,요양병원,35.3493540813342,128.574301347754
경상남도,양산시,하북면,순지리 272-3,통도사자비원,요양병원,35.49593879238952,129.0894767260181
경상남도,양산시,하북면,초산리 311,보금자리요양원,요양병원,35.484312709033105,129.08900377503883
경상남도,양산시,하북면,삼감리 515-5,원정노인전문요양원,요양병원,35.4543432908589,129.065190063095
경상남도,양산시,하북면,삼감리 414-1,안심요양원,요양병원,35.4535573736646,129.067513557408
경상남도,양산시,하북면,용연리 1072-1,송원정신요양원,요양병원,35.430922739550844,129.07130999088469
경상남도,양산시,상북면,석계리 237-10,양산행복한요양원,요양병원,35.4156893701353,129.058974097432
경상남도,양산시,원동면,내포리 233,자연생활의집,요양병원,35.40758410269007,128.96130575362673
경상남도,밀양시,단장면,무릉리 793-5,송남공동생활가정요양원,요양병원,35.4971540646451,128.885349633202
경상남도,양산시,명동,124,성요셉노인요양원,요양병원,35.38926465596008,129.17328720664557
경상남도,밀양시,산외면,금곡리 896,밀양시립노인요양원,요양병원,35.5105016310376,128.82824061715
경상남도,양산시,주남동,1008,굿모닝요양원,요양병원,35.4258128783393,129.147448662296
경상남도,양산시,어곡동,1044-2,양산노인실비요양원,요양병원,35.3692617709286,129.007712002199
경상남도,양산시,주남동,652-10,진성예담요양원,요양병원,35.4234628513097,129.150279371151
경상남도,밀양시,단장면,미촌리 114,사랑요양원&사랑재가노인복지센터,요양병원,35.4948075364144,128.845489182142
경상남도,양산시,덕계동,1069,세호요양원,요양병원,35.3737651297913,129.149137882945
경상남도,밀양시,삼랑진읍,청학리 287,강남요양원,요양병원,35.45049712840325,128.8067454442361
경상남도,양산시,중부동,296,성모요양의집,요양병원,35.3438681228994,129.04038161775608
경상남도,밀양시,산외면,남기리 286-1,명성요양원,요양병원,35.5102656452125,128.787231287545
경상남도,양산시,북부동,462-28,건강한재가복지센터,요양병원,35.3437994721213,129.034405662099
경상남도,밀양시,산외면,금곡리 259-1,밀양시립요양원,요양병원,35.5098511947892,128.832621157825
경상남도,양산시,평산동,57,으뜸요양원,요양병원,35.38545342537899,129.1545536723746
경상남도,양산시,상북면,소토리 908,심청실버홈,요양병원,35.3877423152156,129.0484993474508
경상남도,양산시,하북면,삼감리 515-5,평강에코텍,요양병원,35.4543291052863,129.065176484624
경상남도,밀양시,산외면,금곡리 896,밀양시립노인요양원 전기차충전소,요양병원,35.51055994129868,128.8287930088043
전라북도,군산시,나운동,774-7,늘사랑실버홈,요양병원,35.9705095940256,126.692675109575
전라북도,군산시,소룡동,1329,보현노인전문요양원,요양병원,35.9730981829015,126.684778804938
전라북도,군산시,수송동,443,정드림요양원,요양병원,35.9694854815124,126.713304632722
전라북도,군산시,영화동,20-2,우리재가장기요양센터,요양병원,35.9883197526258,126.712298355026
전라북도,군산시,소룡동,1572-3,로뎀 요양원,요양병원,35.9698272349592,126.680210798524
전라북도,군산시,문화동,540-3,김성배힐링홈요양원,요양병원,35.9713873500022,126.705229825542
전라북도,군산시,신창동,30-10,현대노인복지센타,요양병원,35.9865816682727,126.710961785159
전라북도,군산시,문화동,911-19,실버사랑재가노인복지센터,요양병원,35.9725554035619,126.704885110585
전라북도,익산시,삼기면,기산리 857-49,백향노인전문요양원,요양병원,36.0102898165636,126.999884639242
전라북도,익산시,금마면,기양리 404-8,마음사랑요양원,요양병원,36.0090508521479,127.012689484804
전라북도,익산시,황등면,율촌리 232-36,아가페노인전문요양원,요양병원,36.0184074049144,126.956424662469
전라북도,익산시,삼기면,서두리 63-1,마음쉼터,요양병원,36.029872710963865,126.97477745181187
전라북도,익산시,삼기면,서두리 63-1,사랑의집,요양병원,36.0298618973802,126.974783002821
전라북도,익산시,덕기동,703-13,신광요양원,요양병원,35.9675742174227,127.031933273965
전라북도,익산시,신용동,767,정화수도원,요양병원,35.9740386154327,126.949229007692
전라북도,익산시,금마면,동고도리 118-5,에벤에셀복지원,요양병원,35.9894074198226,127.05676027188
전라북도,익산시,신용동,773-5,원광요양원,요양병원,35.97656177708467,126.9485177817291
전라북도,익산시,신용동,653-4,엄지척요양원(주간보호센터),요양병원,35.9709114140241,126.945339519471
전라북도,익산시,신용동,350-8,원불교중앙요양원,요양병원,35.96686582599426,126.9518144912853
전라북도,익산시,함열읍,와리 37-9,익산원광요양원,요양병원,36.0665363358681,126.967054395359
전라북도,익산시,남중동,170-3,새소망요양원,요양병원,35.9421617396487,126.953640430069
전라북도,익산시,황등면,신성리 41,참사랑 노인요양원,요양병원,36.0284349337889,126.930581286473
전라북도,익산시,동산동,1045-4,익산노인전문요양원,요양병원,35.9335091494283,126.962034286642
전라북도,익산시,동산동,691-2,e편한요양원,요양병원,35.9313810633963,126.958555761238
전라북도,익산시,남중동,147-10,아바림요양원,요양병원,35.9422451393982,126.954914910596
전라북도,익산시,남중동,65-38,우리요양원,요양병원,35.9492864610693,126.957154281032
전라북도,익산시,창인동1가,238-1,백세 요양원,요양병원,35.9398616618117,126.953364710073
전라북도,익산시,동산동,1045-4,더조은요양원,요양병원,35.9335812992753,126.96219382796
전라북도,익산시,창인동1가,9-3,청담요양원,요양병원,35.9416915315278,126.947649350876
전라북도,익산시,황등면,죽촌리 27-71,만인노인요양원,요양병원,36.0406907634494,126.935466368666
전라북도,익산시,신동,473-13,북일요양원,요양병원,35.9644981971898,126.951629685437
전라북도,익산시,모현동1가,256,행복드림요양원,요양병원,35.9434717677381,126.94051735291
전라북도,익산시,동산동,1054-5,솜리요양원,요양병원,35.934180135064146,126.96351891863137
전라북도,익산시,오산면,장신리 212-1,가족사랑요양원,요양병원,35.9521922170975,126.927473520505
전라북도,익산시,신용동,653-4,계문너싱홈,요양병원,35.97090511141932,126.94535282805607
전라북도,익산시,함열읍,와리 92-1,사랑방요양원,요양병원,36.0717632487405,126.966397256396
전라북도,익산시,인화동2가,94,드림요양원,요양병원,35.9300453716405,126.953503449293
전라북도,익산시,동산동,1055-1,한결요양원,요양병원,35.9344172946572,126.963957647783
전라북도,익산시,창인동1가,245-5,참사랑장기요양센터,요양병원,35.9399664505471,126.953998570073
전라북도,익산시,동산동,637-2,실버실로암집,요양병원,35.9283755722772,126.961748636786
전라북도,익산시,오산면,장신리 875-9,다솜요양원,요양병원,35.9522661344267,126.913861981428
전라북도,익산시,함열읍,남당리 648-2,우리요양복지센타,요양병원,36.0763777103751,126.967125782207
전라북도,익산시,금강동,1008-1,임마누엘 요양원,요양병원,35.9199872241963,126.977831620303
전라북도,익산시,오산면,영만리 905-3,노인요양시설시니어랜드,요양병원,35.95508121950012,126.91457721074497
전라북도,군산시,서수면,화등리 332,군산함께하는요양원,요양병원,36.00165888161378,126.8973756234738
전라북도,익산시,인화동1가,135-58,동신요양원,요양병원,35.9316944364048,126.948564616327
전라북도,익산시,춘포면,춘포리 79-1,익산실버재활요양원,요양병원,35.8999121383844,127.003303149344
전라북도,익산시,춘포면,춘포리 76-7,나래섬김의집,요양병원,35.9015334932955,127.002979762895
전라북도,익산시,왕궁면,온수리 8-231,큰빛요양원,요양병원,35.9344675428797,127.084821029626
전라북도,완주군,삼례읍,삼례리 195,소망의집,요양병원,35.9214971699433,127.081739135862
전라북도,무주군,적상면,북창리 451,실로암요양원,요양병원,35.98772587206646,127.69469447777244
전라북도,무주군,무주읍,오산리 828-3,햇살가득한노인요양원,요양병원,36.021431046336,127.674036441985
전라북도,무주군,적상면,북창리 429,방주요양원,요양병원,35.98667292320386,127.6949070233032
전라북도,무주군,적상면,삼유리 1213-4,천불암요양원,요양병원,35.9047639757599,127.611153939098
전라북도,무주군,무주읍,당산리 623,평화요양원 주차장,요양병원,36.0052033210789,127.673161819284
전라북도,무주군,무주읍,당산리 627-1,평화요양원 출입구,요양병원,36.0051003535015,127.672881440338
전라북도,무주군,적상면,사산리 102,굿모닝노인복지센터,요양병원,35.913005282954,127.679168794331
경상북도,김천시,구성면,미평리 149-1,인덕노인요양원,요양병원,36.024491853836835,128.04388689528034
경상북도,김천시,구성면,하강리 609-1,천사의손길 노인요양원,요양병원,36.0760834316557,128.080797671391
경상북도,김천시,부곡동,286-1,참빛종합실버센터,요양병원,36.1233874357416,128.101786102436
경상북도,김천시,부곡동,187-1,내마음요양원,요양병원,36.1152201548091,128.102082928303
경상북도,김천시,평화동,245-131,김천실버케어요양원,요양병원,36.12571142395412,128.10970523357545
경상북도,성주군,금수강산면,광산리 154,가야실버빌요양원,요양병원,35.9221753155368,128.180718442097
경상북도,김천시,대항면,향천리 549-9,행복의집,요양병원,36.1213659746785,128.020313969983
경상북도,김천시,대항면,향천리 560,김천노인요양원,요양병원,36.1218553632268,128.020413606015
경상북도,김천시,지좌동,772-6,굿모닝실버빌,요양병원,36.1165393647765,128.131096397765
경상북도,김천시,농소면,월곡리 1184,효누리실버타운,요양병원,36.115052254162,128.164967384563
경상북도,김천시,대항면,운수리 137,직지사노인요양원,요양병원,36.121962845112606,128.00331605716875
경상북도,김천시,성내동,77-26,광제노인요양센터,요양병원,36.1224043608435,128.12071729538
경상북도,김천시,대항면,운수리 313-8,해피맘실버빌,요양병원,36.1118166069445,128.011878620611
경상북도,김천시,봉산면,덕천리 317,햇살요양원,요양병원,36.1416289804242,128.040712597969
경상북도,김천시,모암동,160-6,효심재가장기요양센터,요양병원,36.1188341180013,128.124354064829
경상북도,김천시,삼락동,288,행복드림주간보호,요양병원,36.1386334608879,128.094102405447
경상북도,김천시,조마면,대방리 44-3,사회복지노인요양원,요양병원,35.9890175727176,128.148425518227
경상북도,김천시,감천면,광기리 779-4,효노인요양원,요양병원,36.075047801191,128.128623631484
경상북도,김천시,삼락동,85,행복한동행노인요양원,요양병원,36.1454938632098,128.096384277787
경상북도,김천시,덕곡동,1124-4,효사랑노인요양원,요양병원,36.120978793430425,128.1477376565054
경상북도,김천시,대항면,운수리 38-1,푸른숲요양원,요양병원,36.11536775617055,128.01586258351324
경상북도,김천시,대항면,향천리 549-9,(재)직지사노인요양원,요양병원,36.1213589174624,128.020296106754
경상북도,칠곡군,동명면,송산리 191-3,어울림노인요양센터,요양병원,35.9867251022948,128.547462460837
경상북도,칠곡군,동명면,금암리 157-3,칠곡가톨릭요양원,요양병원,35.9828016096243,128.557346630961
경상북도,칠곡군,동명면,금암리 231,동명 재가노인요양센터,요양병원,35.9834143521389,128.553735330555
경상북도,칠곡군,동명면,기성리 192-5,해바라기요양원,요양병원,36.00932151634295,128.58937977242027
경상북도,칠곡군,동명면,구덕리 120-1,성가요양원,요양병원,35.979742480001,128.572732658715
경상북도,칠곡군,동명면,구덕리 120-1,안심원,요양병원,35.9798057725104,128.573403557982
경상북도,칠곡군,왜관읍,왜관리 613-1,지극정성요양원,요양병원,35.9867558347702,128.40980195216
경상북도,칠곡군,석적읍,중지리 443,성화노인복지센터,요양병원,36.0209593605701,128.409304003441
경상북도,칠곡군,동명면,기성리 949,송림요양원,요양병원,36.00314032054228,128.59551601656602
경상북도,칠곡군,왜관읍,금남리 36-3,장미노인전문요양원,요양병원,35.9297678957887,128.411167146564
경상북도,영천시,임고면,우항리 506-9,포은실버타운,요양병원,36.0021714888092,128.986264455529
경상북도,영천시,고경면,단포리 342-10,단포실버타운,요양병원,35.97321825025899,128.97037634613656
경상북도,영천시,조교동,90,행복마을요양원,요양병원,35.9696629717389,128.962054284985
경상북도,영천시,완산동,709-16,우리실버타운요양원,요양병원,35.96501074647225,128.94812068815415
경상북도,영천시,문외동,64,영천석미노인요양원,요양병원,35.9695416160648,128.935357172272
경상북도,영천시,화룡동,654-1,굿스마트재활요양원,요양병원,35.9788493503734,128.919963169417
경상북도,영천시,야사동,331-8,효사랑노인복지센타,요양병원,35.97612974050933,128.94096774073336
경상북도,영천시,오미동,1715,솔향기요양원,요양병원,35.977629983631694,128.9276726617772
경상북도,영천시,북안면,고지리 236-3,마야정신요양원,요양병원,35.910458558922,129.016214068713
경상북도,영천시,북안면,고지리 236-3,마야노인전문요양원,요양병원,35.9100456879868,129.016332073738
경상북도,영천시,북안면,고지리 412,마야실비노인요양원,요양병원,35.9063053135294,129.012413813133
경상북도,영천시,금호읍,관정리 446-2,우리함께영천요양원,요양병원,35.9314686489474,128.910647645276
경상북도,영천시,북안면,고지리 412,마야예림원,요양병원,35.906552008857,129.012318165072
경상북도,경산시,와촌면,상암리 76-9,보현요양원,요양병원,35.9470846206168,128.85470221697
경상북도,경산시,와촌면,소월리 109,천혜요양원,요양병원,35.9464123554862,128.833480662601
경상북도,영천시,금호읍,호남리 307,자광원,요양병원,35.8964302112535,128.918137478725
경상북도,영천시,청통면,치일리 307-3,은해사포근한집,요양병원,35.9910762195147,128.801955324985
경상북도,경산시,진량읍,상림리 188-14,무학재활요양원,요양병원,35.9021925366742,128.832013526425
경상북도,포항시,북구,기계면 성계리 1114,그리심요양원,요양병원,36.0524047021046,129.210954873609
경상북도,청도군,운문면,마일리 744,자연생활의집 청도,요양병원,35.827432516903414,128.98165376991713
경상북도,경산시,진량읍,상림리 347-1,건화실버요양센터,요양병원,35.9035041550758,128.833101492072
경상북도,경주시,안강읍,산대리 1142,예담노인요양센터,요양병원,36.00504203736855,129.19268149012183
경상북도,영천시,과전동,130,경북요양원,요양병원,35.9661236055275,128.93078572323955
경상북도,영천시,화산면,연계리 630-1,용평마을양로원,요양병원,36.0227922724301,128.836322863918
경상북도,포항시,남구,동해면 상정리 318,손안애복요양원,요양병원,35.98122312368644,129.49478351767556
경상북도,포항시,남구,동해면 공당리 547,손안애노인요양원,요양병원,35.9628872859969,129.50374163886
경상북도,포항시,남구,동해면 도구리 43,해인실버타운,요양병원,35.98455643361384,129.44121884129817
경상북도,포항시,남구,동해면 도구리 614-25,동해요양원,요양병원,35.990320878615705,129.43275353365556
경상북도,포항시,남구,오천읍 용덕리 341-22,오천행복요양원,요양병원,35.9747498442056,129.413279072254
경상북도,포항시,남구,오천읍 세계리 197,한가족요양원,요양병원,35.9624885786778,129.430265518294
경상북도,포항시,남구,호미곶면 대보리 산 136,동호요양실버타운,요양병원,36.0560763707795,129.554420141816
경상북도,포항시,남구,장기면 학계리 530,학계노인전문요양원,요양병원,35.9287954836709,129.499891855367
경상북도,포항시,남구,오천읍 구정리 63-6,해와달요양원,요양병원,35.9816829591363,129.411845212112
경상북도,포항시,남구,청림동 970,늘푸른요양원,요양병원,35.9947645745407,129.405467168148
경상북도,포항시,남구,오천읍 구정리 125-4,수피아 어르신마을,요양병원,35.982429671049,129.412213812451
경상북도,포항시,남구,오천읍 원리 1284,다예요양센터,요양병원,35.9744992655026,129.405840520222
경상북도,포항시,남구,송도동 438-14,포항온누리요양원,요양병원,36.03321928222074,129.3775296041346
경상북도,포항시,남구,장기면 금곡리 332,금곡요양원,요양병원,35.9002389080241,129.513313474743
경상북도,포항시,북구,우현동 454-4,포항원광보은의집,요양병원,36.0694547158219,129.347763970008
경상북도,포항시,북구,흥해읍 망천리 648,사랑마을요양원,요양병원,36.1067870157275,129.356438387623
경상북도,포항시,남구,대도동 138-11,실버천사,요양병원,36.0143643237999,129.364271503816
경상북도,포항시,남구,장기면 산서리 523-2,유락원,요양병원,35.8914426871745,129.465658322619
경상북도,포항시,북구,흥해읍 이인리 291,고려시니어케어 달전타운,요양병원,36.06183339659802,129.33392170440132
경상북도,포항시,남구,대잠동 270-2,햇빛마을,요양병원,36.0157949663062,129.338926464648
경상북도,포항시,남구,연일읍 달전리 328-1,해드림요양원,요양병원,36.0377161388247,129.291074452638
경상북도,포항시,북구,우현동 333,우현요양원,요양병원,36.0506969821119,129.3546979543
경상북도,포항시,남구,송도동 438-1,경진의료재단,요양병원,36.033280549023,129.377802106789
경상북도,포항시,북구,흥해읍 초곡리 340,하얀연꽃마을,요양병원,36.1009382676998,129.323027920045
경상북도,포항시,북구,덕산동 113-21,현대요양원,요양병원,36.0416325175845,129.367253495467
경상북도,포항시,남구,대도동 104-1,효사랑재가복지센터,요양병원,36.0169608560602,129.363821195102
경상북도,포항시,북구,창포동 산 100-8,기쁨의노인복지센터,요양병원,36.05899784762208,129.36954809275127
경상북도,포항시,북구,장성동 1354,한동선린요양센터,요양병원,36.065575434487,129.379256835342
경상북도,포항시,북구,흥해읍 옥성리 177-10,경희재가요양센터,요양병원,36.1076520840127,129.341919076211
경상북도,포항시,북구,흥해읍 초곡리 340,백세요양원,요양병원,36.1009243766485,129.323000865404
경상북도,포항시,북구,흥해읍 마산리 269-1,경북재가요양원,요양병원,36.1122522629288,129.336859116897
경상북도,포항시,남구,송도동 422-3,포항효요양원,요양병원,36.03534459981254,129.37712650380973
경상북도,포항시,북구,창포동 645,아름다운 재가노인복지센터,요양병원,36.06498048547916,129.37054544089673
경상북도,포항시,북구,여천동 114,죽도사랑요양원,요양병원,36.03834779628143,129.3677863414179
경상북도,포항시,북구,용흥동 376-4,참소망재가복지센터,요양병원,36.03900727490424,129.35521499229844
경상북도,포항시,북구,장성동 1342,장성재가요양센터,요양병원,36.06996475857439,129.36926900166048
경상북도,문경시,농암면,갈동리 15-5,초록요양원,요양병원,36.5820876515312,128.021723121262
경상북도,상주시,내서면,북장리 213-4,아름다운동행실버타운,요양병원,36.4263795831589,128.066525353265
경상북도,상주시,만산동,17,천봉산요양원,요양병원,36.44434237850171,128.14963406288825
경상북도,상주시,오대동,495-2,다사랑실버홈,요양병원,36.37765256946934,128.16043274716185
경상북도,문경시,마성면,하내리 578-6,인효마을,요양병원,36.65125228015116,128.08649149851735
경상북도,문경시,모전동,865-5,점촌데이케어센터 2호,요양병원,36.5852749185353,128.188574003562
경상북도,상주시,계산동,167-2,효삼백재가센터,요양병원,36.4279947147508,128.171106958653
경상북도,상주시,신봉동,165-2,경북재가복지종합지원센터,요양병원,36.40674677449027,128.16054982962962
경상북도,상주시,모서면,삼포리 223-1,모서농협요양원,요양병원,36.344878494753736,127.96019262075724
경상북도,상주시,남성동,84-15,강남실버요양원,요양병원,36.4137756298816,128.159236271286
경상북도,문경시,모전동,62-2,예사랑요양원,요양병원,36.5889652051162,128.194219785926
경상북도,상주시,사벌국면,덕담리 926-1,희망실버요양원,요양병원,36.4714528562433,128.19803525129797
경상북도,상주시,공검면,화동리 13-1,운정골드에이지 노인전문요양원,요양병원,36.5137751555703,128.175273858576
경상북도,상주시,가장동,571,상주실버빌노인요양원,요양병원,36.369154848339385,128.12846700607474
경상북도,문경시,모전동,921-2,행복한노인요양원,요양병원,36.5861395535657,128.180000415393
경상북도,문경시,모전동,928,문경실버홈,요양병원,36.5841009728729,128.179212955343
경상북도,문경시,모전동,860-11,해오름,요양병원,36.58641737185085,128.18994128671306
경상북도,상주시,내서면,낙서리 316-3,정혜요양원,요양병원,36.4122846555565,128.0204846649
경상북도,의성군,안사면,안사리 721-3,안사요양원 안사공동체,요양병원,36.43079710204765,128.4627172107853
경상북도,안동시,남후면,고상리 22,안동유리요양원,요양병원,36.5158738104484,128.61874812081044
경상북도,예천군,개포면,가곡리 41-1,예천실버요양원,요양병원,36.6076347895146,128.356924545677
경상북도,안동시,남후면,광음리 275-1,명성솔빛요양원,요양병원,36.50400164249512,128.671846171344
경상북도,예천군,개포면,경진리 86-1,경진요양원,요양병원,36.60674027118236,128.4165944078317
경상북도,예천군,예천읍,청복리 845-6,차오름요양원,요양병원,36.647360991492825,128.46353555496867
경상북도,예천군,풍양면,흥천리 640,효노인전문요양원,요양병원,36.5072546933676,128.314790648441
경상북도,예천군,예천읍,서본리 51-18,예천의료기 예천사랑재가노인복지센터,요양병원,36.6561213158069,128.452174786925
경상북도,예천군,풍양면,청운리 62-3,보람요양원,요양병원,36.5414877694038,128.303385813128
경상북도,의성군,다인면,서릉리 58-3,천사요양원,요양병원,36.4467892351766,128.355585402691
경상북도,안동시,송현동,265-3,부자재가복지센터,요양병원,36.5691500091397,128.700410289869
경상북도,예천군,유천면,화지리 213-1,예천2고향의집,요양병원,36.639297281293445,128.3956872584055
경상북도,예천군,예천읍,청복리 672-1,경도요양병원,요양병원,36.6381925937224,128.45899826596576
경상북도,청송군,청송읍,부곡리 637-5,청송국민노인요양원,요양병원,36.4569621939871,129.072148979991
경상북도,청송군,청송읍,덕리 300,아름다운실버타운,요양병원,36.4324571526188,129.048867128792
경상북도,안동시,임하면,오대리 1024-2,나천복지회아름다운마을,요양병원,36.480654544019856,128.87776633326328
경상북도,안동시,길안면,현하리 275,신라요양원,요양병원,36.4573124059611,128.875839115409
경상북도,안동시,임하면,고곡리 277,대성그린빌,요양병원,36.4840010683037,128.83900795535
경상북도,청송군,청송읍,청운리 944,태양의집,요양병원,36.39920132336103,129.07308030588
경상북도,안동시,임하면,고곡리 265,실버케어빌,요양병원,36.4857966968268,128.840592456316
경상북도,안동시,송천동,1319-94,혜성요양원,요양병원,36.5376963954841,128.803743081321
경상북도,영양군,입암면,신구리 315-6,고은노인복지센터,요양병원,36.5978658812179,129.088185486298
경상북도,영덕군,영해면,성내리 29,샛별노인요양원,요양병원,36.5362172056289,129.414136834999
경상북도,영덕군,영덕읍,화천리 9-3,사랑마을,요양병원,36.4654856801073,129.386473987691
경상북도,영덕군,영덕읍,화천리 13,영덕행복마을,요양병원,36.46497104183256,129.38607897207763
경상북도,영덕군,영덕읍,남산리 27-2,의료법인영덕의료재단,요양병원,36.401272501198456,129.37304548772667
경상북도,영주시,풍기읍,금계리 255,물댄동산,요양병원,36.8900712450755,128.529782020635
경상북도,영주시,풍기읍,백리 61-2,풍기노인전문요양원,요양병원,36.8738602555861,128.515440028717
경상북도,영주시,순흥면,석교리 380-2,선비촌요양원,요양병원,36.9025531181788,128.583598637576
경상북도,영주시,부석면,소천리 516,부석에덴요양원,요양병원,36.9797067207056,128.648477800487
경상북도,영주시,조와동,462-11,다락원실버텔,요양병원,36.8702867803327,128.6223087084
경상북도,영주시,안정면,내줄리 318-9,인애가,요양병원,36.8298626495898,128.562427029097
경상북도,영주시,안정면,봉암리 38-2,신희망원,요양병원,36.8394378807184,128.543726619207
경상북도,영주시,풍기읍,동부리 197-1,풍기성심요양병원,요양병원,36.8674594361693,128.536211836893
경상북도,봉화군,춘양면,소로리 916,햇살찬요양원,요양병원,36.9273588759416,128.909969318772
경상북도,봉화군,법전면,눌산리 623,사랑노인요양공동생활가정,요양병원,36.9097992517635,128.972692200348
경상북도,봉화군,법전면,풍정리 751,봉화요양원,요양병원,36.9132869556642,128.845865901125
경상북도,울진군,울진읍,연지리 373-2,엘요양원,요양병원,36.9979300356143,129.416440689346
경상북도,울진군,매화면,오산리 595-2,울진군 노인요양원,요양병원,36.9066650749013,129.412900248828
경상북도,울진군,울진읍,연지리 373-2,엘요양원 재가노인복지시설,요양병원,36.99793444555854,129.41644532153134
전라남도,해남군,마산면,화내리 1023,가나안요양병원,요양병원,34.6193435775829,126.567031529009
전라남도,해남군,마산면,화내리 1023,가나안요양병원 식당,요양병원,34.6191435172599,126.56755595655
전라남도,여수시,화양면,장수리 228-2,여수요양병원,요양병원,34.649390091047,127.607113353862
전라남도,여수시,화양면,장수리 228-2,여수요양병원매점,요양병원,34.6493791658168,127.607135089772
전라남도,무안군,무안읍,성남리 809-3,초당요양병원,요양병원,34.98375062666283,126.47041104114564
전라남도,목포시,대양동,265-25,목포성심요양병원,요양병원,34.8379202877187,126.423988732137
전라남도,나주시,이창동,835,나주광주요양병원,요양병원,34.992129326638015,126.71125023319924
전라남도,나주시,왕곡면,장산리 10-5,한결우리요양병원,요양병원,34.98610807381349,126.70672612081589
전라남도,무안군,무안읍,성남리 809-3,초당요양병원 장례식장,요양병원,34.98371726726031,126.47040906555569
전라남도,목포시,대양동,263-2,목포성심요양병원 2동,요양병원,34.8386394485053,126.424337942377
전라남도,목포시,대양동,263-6,목포성심요양병원 1동,요양병원,34.8383638957314,126.424967396131
전라남도,목포시,대양동,265-25,목포성심요양병원 3동,요양병원,34.8379986755931,126.423791398864
전라남도,나주시,이창동,835,나주광주요양병원 주차장,요양병원,34.992437153201,126.71106294661
전라남도,목포시,대양동,263-6,목포성심요양병원 1주차장,요양병원,34.8382199899692,126.424843764583
전라남도,목포시,대양동,263-6,목포성심요양병원 주차장2,요양병원,34.8385386336767,126.425130171454
전라남도,목포시,대양동,263-2,목포효친요양병원 주차장,요양병원,34.8386825483097,126.424302657641
전라남도,목포시,대양동,265-25,하나은행365 새한목포성심요양병원로비,요양병원,34.8378640564219,126.423915875361
전라남도,화순군,화순읍,일심리 76,전남대학교 화순군립요양병원,요양병원,35.061885199999466,127.00245013706916
전라남도,화순군,화순읍,교리 238-2,화순현대요양병원,요양병원,35.0601235718722,126.982455860778
전라남도,화순군,화순읍,서태리 479-6,화순요양원,요양병원,35.0426906978628,126.953932856951
전라남도,화순군,도곡면,효산리 361-2,미소요양병원,요양병원,34.9942600311374,126.922948306016
전라남도,화순군,화순읍,일심리 533-2,보궁요양병원,요양병원,35.0647651143834,126.999675496178
전라남도,화순군,화순읍,교리 249,화순현대요양병원 암치료센터,요양병원,35.0602748108422,126.981175424016
전라남도,나주시,남평읍,교원리 380-1,나사렛요양병원,요양병원,35.02651444229376,126.83276563880176
전라남도,화순군,이양면,매정리 466,화순삼성노인전문요양원,요양병원,34.8682749939041,127.021278684733
전라남도,보성군,복내면,장천리 726-1,행복노인전문요양원,요양병원,34.8443766663578,127.105107455906
전라남도,광양시,광양읍,덕례리 1774-10,수요양병원,요양병원,34.968496002562546,127.5622234675308
전라남도,순천시,덕월동,452-10,예선요양병원,요양병원,34.93397368628175,127.4887818419963
전라남도,광양시,광양읍,칠성리 493-1,칠성요양병원,요양병원,34.9734491604632,127.58415960001
전라남도,순천시,해룡면,남가리 1133-1,순천효사랑요양병원,요양병원,34.9173659613008,127.53041956424484
전라남도,순천시,별량면,덕정리 360,순천만요양병원,요양병원,34.89109836808883,127.46252953891184
전라남도,구례군,구례읍,신월리 346-50,새미소요양병원,요양병원,35.16664527158814,127.45510340717568
전라남도,광양시,옥곡면,대죽리 664,광양노인전문요양원,요양병원,35.0046025272426,127.664381022581
전라남도,순천시,인월동,562-1,메디팜요양병원 장례식장,요양병원,34.897489997714,127.478167707934
전라남도,구례군,구례읍,신월리 346-50,새미소요양병원 장례식장,요양병원,35.166470227971914,127.45515182612294
전라남도,순천시,별량면,덕정리 360,순천만요양병원 구내매점,요양병원,34.8907629987674,127.462069286825
전라남도,순천시,상사면,흘산리 116,하나은행365 선암요양병원,요양병원,34.9306620048803,127.462060859065
경상남도,사천시,서동,72-1,현대요양병원,요양병원,34.930345303003286,128.06546883793104
경상남도,사천시,축동면,가산리 447-2,경남도립사천노인전문병원,요양병원,35.091889750991164,128.04565932161043
경상남도,사천시,서동,176-4,현대요양병원 별관,요양병원,34.9301991266527,128.065795279182
경상남도,사천시,사천읍,선인리 313-1,사천중앙요양병원,요양병원,35.0791289967321,128.096961471313
경상남도,진주시,평거동,1084,엠마우스요양병원,요양병원,35.1660466361954,128.040688461626
경상남도,하동군,북천면,화정리 산 19-5,다온자연요양병원,요양병원,35.1449717424843,127.877459477838
경상남도,하동군,북천면,화정리 산 19-5,명의의료재단,요양병원,35.1449681692443,127.877455050175
경상남도,진주시,평거동,1084,엠마우스요양병원 장례식장,요양병원,35.16609744882687,128.0407538670314
경상남도,사천시,사천읍,구암리 1186-23,온요양병원 장례식장,요양병원,35.08754671324202,128.1024888557804
경상남도,진주시,평거동,1084,엠마우스 요양병원 매점,요양병원,35.16615763184923,128.04077768334156
경상남도,진주시,평거동,1084,BNK경남은행 365코너 엠마우스요양병원,요양병원,35.166172126639,128.040769087279
경상남도,창원시,마산합포구,덕동동 169,EAC창원요양병원,요양병원,35.1420022966246,128.579000508993
경상남도,창원시,마산합포구,진동면 교동리 319-3,마산 더편한요양병원,요양병원,35.1282521173025,128.500474165101
경상남도,고성군,고성읍,동외리 63-5,고성요양병원,요양병원,34.9762187159744,128.333357813422
경상남도,고성군,고성읍,율대리 743,고성제일요양병원,요양병원,34.96807636341364,128.33565215966004
경상남도,창원시,마산합포구,진북면 인곡리 348,현대사랑병원,요양병원,35.1324462760572,128.44760167945
경상남도,통영시,무전동,796,충무요양병원,요양병원,34.8656414971211,128.424350289244
경상남도,거제시,거제면,서정리 891-3,굿뉴스요양병원,요양병원,34.8574062862023,128.583836927852
경상남도,통영시,용남면,동달리 962-1,효성요양병원,요양병원,34.86202834948039,128.4412369276016
경상남도,고성군,고성읍,율대리 743,고성제일요양병원 장례식장,요양병원,34.9680521630161,128.335721840658
경상남도,거제시,거제면,서정리 891-3,굿뉴스요양병원 장례식장,요양병원,34.8573916983792,128.583849768888
경상남도,거제시,거제면,서정리 891-3,굿뉴스요양병원 장례식장식당,요양병원,34.857424478261,128.58382415591
경상남도,창원시,마산합포구,진동면 동전리 1434-5,진동태봉병원,요양병원,35.145466178193665,128.51098574921804
경상남도,거제시,거제면,서정리 891-3,BNK경남은행 365코너 굿뉴스요양병원,요양병원,34.8573735735407,128.58378819145
경상남도,거제시,거제면,서정리 891-3,롯데ATM BNK경남은행 굿뉴스요양병원,요양병원,34.8577018905819,128.583838221504
전라북도,고창군,고창읍,읍내리 995,전북특별자치도 고창노인요양병원,요양병원,35.4371380509669,126.691172384402
전라북도,고창군,무장면,덕림리 384-4,효자요양병원,요양병원,35.39012054278969,126.61060180727412
전라북도,순창군,순창읍,가남리 507-7,순창요양병원,요양병원,35.3650778644512,127.141164992181
전라북도,정읍시,구룡동,674-1,샘고을요양병원,요양병원,35.568685104847106,126.86572073113634
전라북도,임실군,덕치면,사곡리 401-33,선병원,요양병원,35.515995527285504,127.18141039390753
전라북도,임실군,덕치면,사곡리 733-1,임실썬요양병원,요양병원,35.5154840359011,127.180509694217
전라북도,정읍시,하모동,70-115,한서요양병원 총무과,요양병원,35.571732213378,126.83441571467
전라북도,순창군,순창읍,가남리 507-7,순창요양병원 주차장2,요양병원,35.3651062950835,127.141517150792
전라북도,순창군,순창읍,가남리 507-7,순창요양병원 주차장1,요양병원,35.3649738802838,127.140676260554
전라북도,정읍시,하모동,70-115,한서요양병원 5층간호사실,요양병원,35.5717792200422,126.834517108613
전라북도,정읍시,시기동,169-1,전북 정다운요양병원 전기차충전소,요양병원,35.5640738600023,126.860773504145
전라북도,남원시,산곡동,107,다사랑요양병원,요양병원,35.42742872177476,127.3710712364014
전라북도,남원시,향교동,177-2,남원효사랑요양병원 신관,요양병원,35.41514670375305,127.3870908241066
경상남도,산청군,금서면,매촌리 295,산청요양병원,요양병원,35.42337800687837,127.86858548191488
경상남도,창녕군,대지면,효정리 68,창녕효요양병원,요양병원,35.5421324768564,128.480698791293
경상남도,창녕군,부곡면,거문리 855-29,로얄힐스요양병원,요양병원,35.44103373221293,128.57641948990397
경상남도,창녕군,부곡면,거문리 855-29,동림의료재단,요양병원,35.4410337322129,128.576419489904
경상남도,의령군,부림면,신반리 886-3,의령군립 노인전문병원,요양병원,35.464520620494,128.313450655704
경상남도,창원시,의창구,북면 상천리 1083-3,삼원효도마을,요양병원,35.3611214995874,128.575044667523
경상남도,창녕군,창녕읍,탐하리 23-1,창녕서울의료재단 창녕서울요양병원 인공신장센터,요양병원,35.53484039503752,128.4977356053865
경상남도,창녕군,대지면,효정리 68,창녕효요양병원 장례식장,요양병원,35.54213336431867,128.4806999102433
경상남도,창녕군,영산면,죽사리 1456-26,영산요양병원 장례식장,요양병원,35.4418838180137,128.519977023656
경상남도,창녕군,남지읍,남지리 534-14,남지요양병원 장례식장,요양병원,35.3906069745462,128.481194363441
경상남도,창녕군,남지읍,남지리 968-11,경남요양병원 장례식장,요양병원,35.39120120764356,128.4749814800919
경상남도,창녕군,남지읍,남지리 968-13,경남요양병원매점,요양병원,35.3911168024059,128.474587037971
경상남도,양산시,원동면,선리 1790,배내골쉼터,요양병원,35.4924099886786,128.977447589823
경상남도,양산시,하북면,순지리 676,평심요양병원,요양병원,35.4916256901739,129.086479332128
경상남도,양산시,상북면,신전리 27-3,경상남도립 양산노인전문병원,요양병원,35.42926247141447,129.06959948175634
경상남도,밀양시,단장면,사연리 812-1,행복한의료재단,요양병원,35.51042378197156,128.88688545099686
경상남도,양산시,북정동,897-4,양산서울요양병원,요양병원,35.3578781137506,129.041930948493
경상남도,양산시,북부동,483-14,홍익요양병원,요양병원,35.34611071280753,129.03837360673344
경상남도,양산시,북부동,483-7,홍익요양병원 신관,요양병원,35.346562918261,129.038223291814
경상남도,양산시,북정동,897-4,양산서울요양병원 장례식장,요양병원,35.3578100279757,129.041907233519
경상남도,양산시,삼호동,989-3,새웅상요양병원 장례식장,요양병원,35.411313744404,129.168333922346
경상남도,양산시,상북면,소석리 150-2,양산요양병원 주차장,요양병원,35.40559258774,129.053555113608
경상남도,양산시,북정동,897-4,양산서울요양병원장례식장 구내 식당,요양병원,35.357860544654,129.041904105741
경상남도,양산시,상북면,신전리 27-3,형주병원,요양병원,35.429401780396525,129.07077669021643
경상남도,양산시,북부동,483-14,인경의료재단,요양병원,35.34606942622921,129.03836377036683
전라북도,군산시,나운동,1191-52,봄요양병원,요양병원,35.9606574011665,126.692013797198
전라북도,군산시,문화동,890-7,군산제일요양병원,요양병원,35.97537641467201,126.70275468995207
전라북도,군산시,나운동,839-9,군산요양병원,요양병원,35.9635573906495,126.69547238940989
전라북도,군산시,옥구읍,수산리 559-1,새희망요양병원,요양병원,35.9140131724406,126.693188468917
전라북도,군산시,송풍동,932-4,군산효자요양병원,요양병원,35.979430867654,126.699780096157
전라북도,익산시,신용동,773-5,익산원광효도요양병원,요양병원,35.97633647783131,126.94854121205243
전라북도,익산시,영등동,268-9,익산성모병원,요양병원,35.9514239480471,126.967873712091
전라북도,익산시,함열읍,석매리 1147-1,엔젤요양병원,요양병원,36.05306379251864,126.96063072020766
전라북도,익산시,마동,134-1,익산미소요양병원,요양병원,35.94141801603258,126.96660767922718
전라북도,익산시,창인동1가,54-1,태윤의료재단,요양병원,35.9428412367994,126.949093808759
전라북도,익산시,목천동,53-3,우석노인요양병원,요양병원,35.9239139482688,126.938858876568
전라북도,완주군,봉동읍,둔산리 933-2,완주요양병원,요양병원,35.95791902621692,127.12388985097304
전라북도,전주시,덕진구,반월동 849,행복나라요양병원,요양병원,35.87353205008555,127.05808159875669
전라북도,완주군,용진읍,신지리 512,실로암요양병원,요양병원,35.93299562982169,127.17433300379182
전라북도,전주시,덕진구,여의동 620,새전주요양병원,요양병원,35.8700666183779,127.073142509435
전라북도,전주시,덕진구,송천동1가 107-179,전주정드림요양병원,요양병원,35.86334311295548,127.12733753209623
전라북도,전주시,덕진구,반월동 247-1,마음편한요양병원,요양병원,35.8727797800485,127.075426077845
전라북도,익산시,함열읍,석매리 1147-10,엔젤요양병원 별관,요양병원,36.05175608743064,126.96055035460611
전라북도,익산시,함열읍,석매리 1147-1,익산엔젤요양병원 매점,요양병원,36.0530592823811,126.960618514238
전라북도,완주군,봉동읍,둔산리 933-2,새완주요양병원 주차장,요양병원,35.9581124750241,127.124197209578
전라북도,전주시,덕진구,반월동 849,행복나라요양병원 매점,요양병원,35.8734563459586,127.058079328848
전라북도,전주시,덕진구,여의동 558-4,전주나은요양병원 편의점,요양병원,35.8644271683169,127.080661869958
전라북도,익산시,목천동,53-13,우석장례식장,요양병원,35.9240187913945,126.939448268805
전라북도,익산시,영등동,224-4,실로암사랑요양병원 전기차충전소,요양병원,35.94625037962865,126.97343635966482
전라북도,전주시,덕진구,송천동2가 636-11,만인요양병원 전기차충전소,요양병원,35.8712471902788,127.11566598948
경상북도,김천시,용두동,85,김천요양병원,요양병원,36.12109391002524,128.1274563425298
경상북도,성주군,금수강산면,광산리 844,계명대학교 대구동산병원 전인치유센터,요양병원,35.9147999344962,128.179992867396
경상북도,김천시,용두동,85,김천요양병원 장례식장,요양병원,36.1209295819248,128.12729849109
경상북도,김천시,용두동,85,김천요양병원 장례식장 구내매점,요양병원,36.1210507855179,128.127442397142
경상북도,김천시,용두동,85,김천신협ATM 김천요양병원지점,요양병원,36.1211469270659,128.127568173558
경상북도,칠곡군,동명면,기성리 296-1,팔공요양병원,요양병원,36.0033276257378,128.598570667164
경상북도,칠곡군,동명면,기성리 837,약손요양병원,요양병원,35.9981809710139,128.599001278093
경상북도,칠곡군,동명면,기성리 산 100-4,언더로뎀요양병원,요양병원,35.9962731106212,128.605086140098
경상북도,칠곡군,왜관읍,금남리 310,칠곡군립노인요양병원,요양병원,35.92556159887165,128.41236653415447
경상북도,구미시,오태동,659-39,남구미요양병원,요양병원,36.0770104706889,128.35264359262297
경상북도,영천시,망정동,179-1,참좋은요양병원,요양병원,35.976403813183,128.948738836786
경상북도,영천시,오수동,115,해오름요양병원,요양병원,35.9585217859637,128.914160929866
경상북도,경산시,와촌면,용천리 821,부림요양병원,요양병원,35.92301532573088,128.84330521534707
경상북도,경주시,안강읍,산대리 1839-6,미루요양병원,요양병원,35.9939344636196,129.208474099616
경상북도,경산시,와촌면,시천리 4-2,보현요양병원,요양병원,35.9406786895339,128.840719164705
경상북도,영천시,망정동,179-1,참좋은요양병원 장례식장,요양병원,35.97645517191857,128.94873899117513
경상북도,영천시,망정동,179-1,영천참좋은요양병원 주차장,요양병원,35.9760866152403,128.948518193389
경상북도,영천시,망정동,179-1,참좋은요양병원 장례식장식당,요양병원,35.9763786651884,128.948733784126
경상북도,영천시,금호읍,신월리 5-2,효사랑요양병원 장례식장,요양병원,35.9494393447251,128.906377214018
경상북도,영천시,금호읍,신월리 5-2,효사랑요양병원 장례식장 식당,요양병원,35.9494212594983,128.906381212173
경상북도,경산시,와촌면,용천리 821,부림요양병원 장례식장,요양병원,35.92299826258623,128.8432427803327
경상북도,영천시,오미동,1183,영천요양병원 전기차충전소,요양병원,35.987731679151146,128.9240988919769
경상북도,포항시,남구,오천읍 구정리 521,오천경희요양병원,요양병원,35.9815389114634,129.408657130177
경상북도,포항시,남구,송도동 438-1,의료법인경진의료재단 경희요양병원,요양병원,36.0332302117725,129.377796155914
경상북도,포항시,북구,대신동 74-1,좋은선린요양병원,요양병원,36.0464885371886,129.36685864414875
경상북도,포항시,북구,죽도동 614-6,포항e요양병원,요양병원,36.02384009312754,129.35837018311813
경상북도,포항시,북구,장성동 1405-6,로뎀요양병원,요양병원,36.08469342581559,129.39164999390405
경상북도,포항시,남구,해도동 54-4,해도요양병원,요양병원,36.02069033268369,129.3694204124781
경상북도,포항시,북구,흥해읍 용천리 735,포항요양병원,요양병원,36.12818733905255,129.35404629555796
경상북도,포항시,북구,상원동 468-19,중앙성심요양병원,요양병원,36.0396100865643,129.366007027165
경상북도,포항시,북구,흥해읍 옥성리 177-3,흥해경희요양병원,요양병원,36.1078468885185,129.341356376942
경상북도,포항시,남구,연일읍 인주리 67,연일요양병원,요양병원,35.98009932577842,129.3407642940313
경상북도,포항시,북구,중앙동 17,드림요양병원,요양병원,36.03798226201416,129.36836555762451
경상북도,포항시,북구,장성동 1515-10,장성요양병원,요양병원,36.0844091209893,129.382542864921
경상북도,포항시,북구,장성동 1497-2,선우요양병원,요양병원,36.08662144435172,129.3848307952306
경상북도,포항시,북구,흥해읍 이인리 291,고려달전요양병원,요양병원,36.06177842443139,129.33392229937752
경상북도,포항시,북구,두호동 1079-4,다솜재가복지센터,요양병원,36.0680363361587,129.381462814955
경상북도,포항시,북구,흥해읍 옥성리 177-3,흥해경희요양병원 장례식장,요양병원,36.107803015376,129.341572697276
경상북도,포항시,북구,대신동 74-1,좋은선린요양병원 주차장,요양병원,36.0466549999698,129.367052236919
경상북도,포항시,북구,중앙동 17,드림요양병원 주차장,요양병원,36.0379259847246,129.368158645294
경상북도,포항시,북구,장성동 1515-12,장성요양병원주차장,요양병원,36.0841587460472,129.38262854423
경상북도,포항시,북구,흥해읍 용천리 735,포항요양병원 주차장1,요양병원,36.1282714037984,129.354353113639
경상북도,포항시,북구,흥해읍 용천리 735,포항요양병원 주차장2,요양병원,36.1277821470038,129.354125259027
경상북도,포항시,남구,연일읍 인주리 67,연일요양병원 전기차충전소,요양병원,35.98010020467382,129.34076542853896
경상북도,상주시,화남면,평온리 639,상주보림원,요양병원,36.4595923480562,127.888611780822
경상북도,문경시,모전동,188,문경제일병원 문경제일노인요양병원,요양병원,36.5839537316221,128.189315757569
경상북도,문경시,모전동,188,요양병원매점,요양병원,36.5845010192248,128.189373316792
경상북도,안동시,남후면,무릉리 363-2,경상북도립 안동노인전문요양병원,요양병원,36.52317277017103,128.6895167047915
경상북도,안동시,풍산읍,막곡리 483,복주요양병원,요양병원,36.57949084181428,128.66791476346756
경상북도,의성군,안계면,용기리 916-40,성제요양병원,요양병원,36.3886291702017,128.433052746967
경상북도,예천군,예천읍,동본리 225-1,경희요양병원,요양병원,36.65736154304541,128.46735948044827
경상북도,의성군,안계면,용기리 916-40,성제요양병원 장례식장,요양병원,36.38864932720288,128.43287479947514
경상북도,안동시,남후면,무릉리 363-2,경북도립노인전문요양병원 장례식장,요양병원,36.52334388436042,128.68939539255166
경상북도,예천군,예천읍,청복리 672-1,경도요양병원 주차장,요양병원,36.6381935302826,128.458774670175
경상북도,안동시,송천동,824-8,길주요양병원,요양병원,36.5447360963906,128.788371637841
경상북도,영덕군,영덕읍,남산리 27-2,영덕효요양병원,요양병원,36.4012468989436,129.373019075744
경상북도,영덕군,영덕읍,우곡리 322-2,영덕제일요양병원 장례식장,요양병원,36.4085297011001,129.372768083829
경상북도,영덕군,영덕읍,남산리 26,영덕효요양병원 장례식장,요양병원,36.4009917089819,129.37330219173165
경상북도,영덕군,영해면,성내리 133-3,영덕아산병원 장례식장,요양병원,36.5246678494323,129.402298242742
경상북도,영덕군,영해면,성내리 133-3,영덕아산병원 응급실,요양병원,36.52416653074505,129.40236310308092
경상북도,영주시,풍기읍,동부리 197-1,풍기성심요양병원 장례식장,요양병원,36.867370236517,128.536420871803
전라남도,진도군,고군면,지막리 1415-5,모란노인요양공동생활가정,요양병원,34.489417463555185,126.3439555384505
전라남도,고흥군,도양읍,봉암리 2072-27,풍양노인복지센터,요양병원,34.52971203971093,127.13610991792793
전라남도,함평군,함평읍,대덕리 1040,한사랑재가노인요양센터,요양병원,35.08549795315038,126.50000279410376
전라남도,함평군,함평읍,기각리 999-3,보두마노인복지센터,요양병원,35.064113007016495,126.52232729939402
전라남도,나주시,송월동,1111-19,복음자리노인복지센터,요양병원,35.0107419736183,126.711657028234
전라남도,나주시,송월동,1111-17,온유재가노인복지센터,요양병원,35.0107171436808,126.711829119907
전라남도,무안군,현경면,해운리 528-31,엄마의봄날 노인요양공동생활가정,요양병원,35.0619764864002,126.46380904857
전라남도,보성군,복내면,장천리 726-1,행복노인복지센터,요양병원,34.8444451693641,127.105111916462
전라남도,보성군,복내면,복내리 152-11,효재가노인복지센터,요양병원,34.8938901330651,127.132441141234
전라남도,나주시,남평읍,남평리 155,이레노인복지센터,요양병원,35.0460417774756,126.840051815201
전라남도,나주시,산포면,송림리 214,다사랑노인복지센터,요양병원,35.02141419594731,126.80595399617268
전라남도,순천시,풍덕동,886-1,좋은이웃노인요양공동생활가정,요양병원,34.9439444167997,127.501254583527
전라남도,순천시,조례동,940-1,남순천노인복지센터,요양병원,34.959875375067035,127.5171660620301
전라남도,순천시,생목동,28-1,해피케어노인복지센터,요양병원,34.95072921171907,127.50514396779174
전라남도,순천시,장천동,58-1,비타민노인복지센터,요양병원,34.9508756762571,127.484230491666
전라남도,광양시,광양읍,칠성리 531,빛고을 광양노인복지센터,요양병원,34.97343324732124,127.58334476334048
전라남도,광양시,광양읍,칠성리 35-5,해바라기노인복지센터,요양병원,34.9779032260873,127.588186218262
전라남도,광양시,광양읍,칠성리 906-3,부모사랑노인복지센터,요양병원,34.9697052847265,127.582194854585
전라남도,광양시,중동,1607-4,아로마재가노인복지센터,요양병원,34.9383693332794,127.689748705818
전라남도,광양시,옥곡면,원월리 71-1,봄날노인요양원,요양병원,34.9926281888003,127.689708523284
전라남도,광양시,진상면,섬거리 624-5,광양진상노인요양원,요양병원,35.0202115022196,127.717402032259
전라남도,광양시,마동,1097-1,의미있는노인요양원,요양병원,34.9516802247801,127.696632381903
전라남도,순천시,별량면,무풍리 734-1,선한노인복지센터,요양병원,34.8476912485148,127.459108021257
전라남도,광양시,옥곡면,신금리 1312-10,옥곡노인복지센터,요양병원,34.98895552251544,127.70081648161498
전라남도,여수시,율촌면,조화리 260-14,조은노인복지센터,요양병원,34.8827133668075,127.579343760459
경상남도,사천시,용현면,송지리 322-1,예손재가복지센터,요양병원,35.0116379376224,128.062129046003
경상남도,사천시,정동면,소곡리 967,주사랑노인요양센터,요양병원,35.0288099760717,128.15638805183
경상남도,사천시,정동면,감곡리 564-4,참사랑노인요양센터,요양병원,35.05201165615301,128.1444085940361
경상남도,사천시,사천읍,구암리 1059-1,한국노인장기요양기관협회 경상남도지부,요양병원,35.094781898405,128.104233382578
경상남도,사천시,곤양면,성내리 108-3,엘림노인방문센터,요양병원,35.0577762858934,127.961709947281
경상남도,사천시,좌룡동,420-7,어르신마을노인복지센터,요양병원,34.94889145632908,128.0776025135371
경상남도,창원시,마산합포구,덕동동 169,EAC창원노인요양센터,요양병원,35.1420003658736,128.579010346395
경상남도,거제시,연초면,오비리 1168-2,고운마음노인복지센터,요양병원,34.8989683603031,128.632435313289
경상남도,거제시,연초면,오비리 1168,미소노인복지센터,요양병원,34.8993321806788,128.631987434875
경상남도,고성군,고성읍,동외리 312-3,장수노인복지센터,요양병원,34.9735187334224,128.325591172599
전라북도,고창군,아산면,성산리 596-4,나사로노인요양공동생활가정,요양병원,35.4467574145616,126.585454195765
전라북도,고창군,고창읍,읍내리 1194,효심청노인재가복지센터,요양병원,35.426910161272595,126.69480787552688
전라북도,고창군,부안면,중흥리 138-9,섬김노인재가복제센터,요양병원,35.5130013195536,126.674099951146
전라북도,순창군,순창읍,장덕리 225-1,안나의집노인요양공동생활가정,요양병원,35.385303628441704,127.14941411094104
전라북도,정읍시,연지동,21-81,정읍 노인요양복지센터,요양병원,35.5742423312529,126.848827079759
전라남도,담양군,담양읍,만성리 356-1,한국노인장기요양기관협회 전라남도지부,요양병원,35.32974269084684,126.97542906856204
전라북도,정읍시,수성동,626-1,정읍사랑재가노인복지센터,요양병원,35.5685803301142,126.855396843076
전라북도,정읍시,시기동,225-65,건강한재가노인복지센터,요양병원,35.56286548555923,126.85339516925288
전라북도,정읍시,정우면,초강리 109-13,정우해피재가노인복지센터,요양병원,35.6414235301898,126.876316807516
전라북도,장수군,천천면,장판리 52-1,훈훈한재가노인요양센터,요양병원,35.6750504528652,127.523869149983
전라북도,남원시,도통동,608-3,행복플러스재가노인복지센터,요양병원,35.4148913269149,127.396629854101
전라북도,남원시,이백면,서곡리 605-2,남원재가복지센터,요양병원,35.42651412659595,127.43525300013955
경상남도,함안군,칠서면,이룡리 328-3,함안노인요양공동생활가정,요양병원,35.3844213048625,128.511432487572
경상남도,창녕군,남지읍,남지리 530-3,남지재가노인복지센터,요양병원,35.3893723768162,128.48251005418
경상북도,청도군,풍각면,송서리 575-10,홍보원재가노인복지센타,요양병원,35.64155630161987,128.61878095229918
경상남도,양산시,중부동,660-5,우원재가노인복지센터,요양병원,35.3414744603179,129.031624273855
경상남도,양산시,물금읍,범어리 2692-1,늘푸른요양보호사파견센타,요양병원,35.33089654854994,129.00867585994047
경상남도,양산시,물금읍,범어리 637-7,예성노인복지센터,요양병원,35.3298228309381,128.998211510567
경상남도,양산시,삼호동,485-13,다솜노인복지재가센타,요양병원,35.4135431466937,129.174742729983
경상남도,양산시,덕계동,718-6,효드림노인재가센터,요양병원,35.3772136624529,129.154299306793
전라북도,군산시,금광동,156-11,원광재가노인통합지원센터,요양병원,35.98079609805407,126.70886725388954
전라북도,군산시,나운동,780-18,노인장기요양보험,요양병원,35.9686445359116,126.696054851985
전라북도,군산시,옥구읍,선제리 477-3,옥구노인주간보호센터,요양병원,35.92118636829168,126.68048428359582
전라북도,군산시,지곡동,489-17,공공재가노인복지센터,요양병원,35.9598444917533,126.70529600353
전라북도,전주시,덕진구,송천동1가 800-6,초록나무재가복지센터,요양병원,35.865850489716195,127.11472365259873
전라북도,익산시,남중동,14-38,북부재가노인요양센터,요양병원,35.9522621141697,126.956473209062
전라북도,익산시,송학동,71-7,따뜻한노인재가복지센터,요양병원,35.9392225890447,126.940880716213
전라북도,익산시,오산면,남전리 618-4,남전노인복지센터,요양병원,35.9227049293702,126.891126593527
전라북도,익산시,춘포면,춘포리 32-10,대장촌노인복지센터,요양병원,35.9018452431873,127.005348086122
전라북도,익산시,망성면,화산리 1565-3,사랑방노인복지센터,요양병원,36.1306206100252,127.011207050042
전라북도,완주군,고산면,양야리 366-1,사랑숲노인요양원,요양병원,35.943137035564,127.20580652547
전라북도,군산시,개정면,발산리 131-16,가정노인복지센터,요양병원,35.9577793099442,126.795680793053
전라북도,전주시,덕진구,송천동1가 474-34,장수재가노인복지센터,요양병원,35.8589516567344,127.120887040968
전라북도,익산시,모현동1가,524-1,한맘실버케어센터,요양병원,35.9537182228446,126.942870663235
경상북도,김천시,평화동,359-35,힐링재가복지센터,요양병원,36.12552810560087,128.10731222630525
경상북도,김천시,남산동,190-13,나눔노인복지센터,요양병원,36.11776553812518,128.120100465505
경상북도,김천시,부곡동,411-17,참사랑노인요양복지센터,요양병원,36.1265188000663,128.103078414357
경상북도,김천시,황금동,102-5,좋은사람들 노인복지센터,요양병원,36.1145625129295,128.123595683116
경상북도,김천시,덕곡동,963,정다해재가노인복지센터,요양병원,36.1162748207978,128.155789208344
경상북도,구미시,형곡동,151-2,구미요양원,요양병원,36.1117924641813,128.332933662943
경상북도,칠곡군,북삼읍,보손리 171,효성실버요양원,요양병원,36.0553114905586,128.307475422471
경상북도,칠곡군,동명면,송산리 56,강북노인요양센터,요양병원,35.9833897700727,128.550342121261
경상북도,구미시,원평동,563-10,노인요양시설 구미효드림,요양병원,36.12465372691649,128.3577075672549
경상북도,영천시,망정동,177-3,영천소망노인요양공동생활가정,요양병원,35.9760868393882,128.9500568785176
경상북도,경산시,하양읍,동서리 591-53,효행노인복지센터 재가장기요양기관,요양병원,35.9169849910893,128.820467332212
경상북도,경주시,건천읍,건천리 261-1,건천노인복지요양센터,요양병원,35.8485046138564,129.10109592003
경상북도,경산시,하양읍,도리리 112-6,경산노인사랑재가장기요양기관,요양병원,35.9166124511979,128.815256783553
경상북도,포항시,북구,죽장면 입암리 351-3,죽장노인장기요양센타,요양병원,36.16086544959622,129.09614527021262
경상북도,영천시,신녕면,완전리 849-5,기쁨노인복지센터,요양병원,36.04027813279505,128.7890520645547
경상북도,영천시,금호읍,냉천리 415-11,대영노인복지센터,요양병원,35.934524097062315,128.8840408464249
경상북도,경산시,하양읍,도리리 112-6,경산노인사랑메디칼,요양병원,35.91656282382968,128.8152611880855
경상북도,영천시,금호읍,교대리 104-2,동행노인복지센터,요양병원,35.9335810878889,128.8712855717681
경상북도,경주시,안강읍,양월리 1234-7,제일재가노인복지센터,요양병원,35.991957731089,129.219058280268
경상북도,경주시,안강읍,산대리 1884-11,새생명재가노인복지센터,요양병원,35.9917815407765,129.215820316089
경상북도,경주시,안강읍,산대리 1142,예담노인요양센터 전기차충전소,요양병원,36.005056617348565,129.19272181482802
경상북도,포항시,남구,상도동 637-1,좋은사람들 노인장기요양센터,요양병원,36.0112976047403,129.356204237171
경상북도,포항시,북구,남빈동 413-7,선재재가노인통합지원센터,요양병원,36.03704996006965,129.36707744051358
경상북도,포항시,북구,창포동 636-5,다드림노인요양센터,요양병원,36.0617528528832,129.370469649211
경상북도,포항시,남구,오천읍 구정리 63-6,해와달노인복지센터,요양병원,35.9817750618445,129.411790372681
경상북도,포항시,남구,오천읍 용덕리 330-2,제일노인방문센터,요양병원,35.973049816682,129.41546517470576
경상북도,포항시,북구,환호동 503,더봄노인복지센터,요양병원,36.0708417610076,129.399624779169
경상북도,포항시,북구,죽도동 676-26,삼복노인복지센터,요양병원,36.0177365099165,129.350952769144
경상북도,포항시,북구,창포동 377,돌봄1004노인복지센터,요양병원,36.0602201417247,129.36988436367
경상북도,포항시,북구,흥해읍 옥성리 205-5,일송노인복지센터,요양병원,36.106914125378,129.343947899528
경상북도,상주시,남성동,98-6,은송노인복지센터,요양병원,36.4127575025969,128.162651579313
경상북도,상주시,무양동,204-1,행복나눔노인복지센터,요양병원,36.422935276129,128.157677611201
경상북도,예천군,지보면,대죽리 567-6,대죽리재가노인복지센터,요양병원,36.5467090042319,128.441290518906
경상북도,의성군,다인면,서릉리 202-12,다인노인복지센터,요양병원,36.4499522131857,128.353428660954
경상북도,안동시,옥동,989,흰돌노인복지센터,요양병원,36.566815878605,128.698609891769
경상북도,예천군,풍양면,낙상리 162-12,한국재가노인복지센터,요양병원,36.5103950943784,128.300065790498
경상북도,청송군,진보면,진안리 53-3,참사랑노인복지센터,요양병원,36.5288830646036,129.04749995474836
경상북도,영덕군,영해면,성내리 359,예주노인요양센터,요양병원,36.5372085478032,129.4105593794
경상북도,영덕군,강구면,오포리 78-10,한마음재가노인복지센터,요양병원,36.3562801351369,129.380336138131
