Center_Name,County,City,Address,Latitude,Longitude
청도대성자동차정비공장,경상북도,청도군,청도읍 모강길 5,35.6494773,128.751548
현대카크리닝,경상북도,청도군,청도읍 청화로 256,35.6366968,128.7489374
청도현대서비스,경상북도,청도군,화양읍 청려로 1798,35.6509881,128.7154351
칠성밧데리,경상북도,청도군,각남면 각남로 323,35.6526452,128.6830026
조이카크리닉,경상북도,청도군,화양읍 화양로 94,35.6512315,128.7129468
진영밧데리,경상북도,청도군,금천면 청려로 4188,35.6943251,128.8879199
풍각카센타,경상북도,청도군,풍각면 헐티로 167,35.6411756,128.6227195
동서카서비스,경상북도,청도군,화양읍 범곡길 1,35.6492414,128.7275265
청도카서비스,경상북도,청도군,청도읍 한내길 174,35.6451697,128.7475319
기아카클리닉 청도점,경상북도,청도군,청도읍 청화로 275,35.635538,128.7504978
화양자동차정비공장,경상북도,청도군,화양읍 청려로 1832-5,35.6509215,128.7188744
애니카랜드 청도점,경상북도,청도군,화양읍 청화로 40,35.6485559,128.7317385
위드카센타,경상북도,청도군,청도읍 새마을로 1284,35.645931,128.7513939
한솔카클리닉,경상북도,청도군,청도읍 청화로 237,35.6383993,128.7484117
평화카센타,경상북도,청도군,청도읍 한내길 196,35.6429102,128.7480071
한빛카서비스,경상북도,청도군,청도읍 청화로 261,35.6365809,128.7498079
에덴종합정비,경상북도,청도군,화양읍 청려로 1810,35.6511851,128.7162765
동곡카클리닉,경상북도,청도군,금천면 청려로 4393,35.6929757,128.8950613
청도농협자동차부분정비,경상북도,청도군,청도읍 청도시장3길 2-10,35.6448301,128.7471046
세븐카클리닉,경상북도,청도군,청도읍 새마을로 1312,35.6485815,128.7515578
대덕카센타,경상북도,청도군,청도읍 새마을로 1281,35.6459714,128.7507014
성진카부분정비,경상북도,청도군,풍각면 송서로 117,35.6392947,128.6240464
윤해카정비센타,경상북도,청도군,풍각면 송서로 97,35.6394349,128.6216586
남산카크리닉,경상북도,청도군,각북면 남산2길 2,35.6926442,128.5838487
경희모터스,경상북도,청도군,이서면 양원1길 14-7,35.68507,128.6869587
도정특장,경상북도,청도군,화양읍 연지로 178,35.6725953,128.6965407
이서종합카센타,경상북도,청도군,이서면 학산1길 10,35.6619558,128.6711178
각북카센타,경상북도,청도군,각북면 헐티로 800,35.6872793,128.5901606
우리카부분정비,경상북도,경산시,계양로 187(계양동),35.8323098,128.7486596
새한자동차정비,경상북도,경산시,중방로 132(계양동),35.8333782,128.7471239
자인모터스,경상북도,경산시,자인면 원효로 747,35.8153369,128.8161401
중방모터스,경상북도,경산시,"중앙로17길 70, 103동(중방동)",35.8296643,128.7343308
극동카써비스,경상북도,경산시,진량읍 봉회길 34,35.8815943,128.8138538
진명카모터스,경상북도,경산시,진량읍 공단로 530,35.8788075,128.819702
남촌카,경상북도,경산시,자인면 한장군로 404,35.8268946,128.8155486
진량점 기아오토큐,경상북도,경산시,진량읍 낙산1길 52-2,35.8766455,128.8177758
진우카서비스,경상북도,경산시,중앙로 15-3(사정동),35.8204896,128.7291307
대륙자동차종합정비,경상북도,포항시,남구 연일읍 동문로76번길 11,35.997047,129.3537576
성운종합정비,경상북도,포항시,북구 흥해읍 삼흥로 445,36.0971915,129.3685459
흥해종합정비,경상북도,포항시,북구 흥해읍 동해대로 1934,36.1442545,129.3496729
현대자동차 남포항서비스(주),경상북도,포항시,남구 오천읍 문덕서로 177,35.960567,129.3979835
(주)경북모터스,경상북도,포항시,남구 새천년대로 230(효자동),36.0048879,129.3262264
지엔비모터스(주) 포항센터,경상북도,포항시,북구 흥해읍 소티재로 422-4,36.0864344,129.342096
쌍용자동차 포항정비사업소(주),경상북도,포항시,북구 소티재로 66(우현동),36.0576231,129.3558229
(주)포항현대상용서비스,경상북도,포항시,남구 호동로 122(호동),35.9900076,129.3849157
서울자동차정비,경상북도,포항시,남구 포스코대로 104(이동),36.025158,129.3372057
천일자동차정비,경상북도,포항시,남구 정몽주로 891(청림동),35.9943927,129.403786
거성정비,경상북도,포항시,"남구 정몽주로 835, 112동(청림동)",35.990405,129.4072847
흥일자동차정비,경상북도,포항시,남구 희망대로 917(해도동),36.0136035,129.3718459
삼천리자동차정비,경상북도,포항시,북구 칠성천길 63(대흥동),36.0344378,129.3610397
육일교통(주),경상북도,포항시,남구 연일로 55-1(상도동),36.0074083,129.3481369
원형자동차정비,경상북도,포항시,남구 연일읍 철강로107번길 58,35.9943502,129.3561026
세븐자동차정비,경상북도,포항시,남구 정몽주로847번길 10-3(청림동),35.9907361,129.4057885
연일모터스,경상북도,포항시,남구 연일읍 형산강남로418번길 14,35.9993168,129.3585929
(주)동성모터스 포항지점,경상북도,포항시,북구 새천년대로 569(용흥동),36.0251189,129.3524546
영일대자동차정비,경상북도,포항시,북구 삼호로 152(항구동),36.0525926,129.3743858
명진자동차정비,경상북도,포항시,"남구 연일읍 동문로76번길 22, 102동",35.9964118,129.3549346
신화자동차정비,경상북도,포항시,남구 동해안로 6065(청림동),35.9936913,129.4025678
신대성자동차정비공장,경상북도,포항시,북구 흥해읍 연화길 83,36.048512,129.317518
한빛교통(주),경상북도,포항시,북구 용흥로 149(용흥동),36.0405053,129.3458882
중앙모터스주식회사 포항효자점,경상북도,포항시,남구 새천년대로 210(효자동),36.0046427,129.3245387
개인택시정비사업소,경상북도,포항시,남구 연일읍 형산강남로436번길 6,36.00027,129.3606469
애니카랜드용흥점,경상북도,포항시,북구 용흥로 299(용흥동),36.048736,129.3523353
용흥오토서비스,경상북도,포항시,북구 대안길 3(용흥동),36.038995,129.3560651
북포항현대자동차서비스(주),경상북도,포항시,북구 청하면 동해대로 2353,36.1795781,129.3402182
현대오토종합정비,경상북도,포항시,북구 아치로 189(우현동),36.0590582,129.3461153
(주)하나모터스,경상북도,포항시,남구 연일읍 동문로76번길 54,35.9971336,129.3585437
원일종합정비,경상북도,포항시,북구 소티재로 140(우현동),36.0638784,129.3525726
신영신종합자동차정비,경상북도,포항시,북구 소티재로 112(우현동),36.0615771,129.3537143
한국지엠북포항서비스센터,경상북도,포항시,북구 소티재로 102(우현동),36.0606373,129.3539356
이동종합정비,경상북도,포항시,남구 연일읍 철강로107번길 20,35.9908905,129.3552594
터미널자동차정비,경상북도,포항시,남구 중흥로73번길 7(상도동),36.0122662,129.3482606
부강자동차정비,경상북도,포항시,북구 새천년대로1173번길 15-50(장성동),36.0728437,129.3719299
하나종합정비,경상북도,포항시,남구 오천읍 장기로 1633,35.963383,129.4215595
(주)인동티에스,경상북도,포항시,남구 대송면 철강산단로34번길 28,35.955698,129.367673
기아(주) 서비스센터,경상북도,포항시,북구 중앙로 185(죽도동),36.0296425,129.3663952
대명종합자동차정비,경상북도,포항시,북구 아치로 159(우현동),36.0576341,129.3481528
포항자동차정비,경상북도,포항시,북구 새마을로 124(용흥동),36.042925,129.3474571
북포항서비스 기아오토큐,경상북도,포항시,"북구 흥해읍 삼흥로502번길 40, 202동",36.1030244,129.3715926
신동아자동차종합정비,경상북도,포항시,북구 흥해읍 삼흥로 599-24,36.1081555,129.356895
강원자동차공업사,경상북도,포항시,남구 연일읍 동문로94번길 8-6,35.9983013,129.3533739
(주)태원자동차정비,경상북도,포항시,남구 연일읍 동문로76번길 14,35.9968673,129.3543541
명성자동차검사정비,경상북도,포항시,남구 연일읍 형산강남로436번길 8,35.9999862,129.3603881
거성자동차종합정비,경상북도,포항시,북구 흥해읍 삼흥로502번길 16-15,36.1026679,129.3707726
원탑모터스,경상북도,포항시,남구 오천읍 정몽주로 793,35.9866875,129.4067643
덕우종합정비,경상북도,포항시,북구 흥해읍 새마을로 270,36.0496619,129.3337814
북포항종합자동차정비,경상북도,포항시,북구 소티재로 128(우현동),36.0630267,129.3529538
(주)크레딧모터스,경상북도,포항시,남구 오천읍 냉천로560번길 19,35.948522,129.4027674
두마자동차종합정비,경상북도,포항시,북구 삼흥로 171(장성동),36.0776249,129.3794649
동아종합자동차정비,경상북도,포항시,북구 흥해읍 초곡길 107(초곡리 204외 2필지(2046-6 추가)),36.0839551,129.3313236
광포중기정비,경상북도,포항시,남구 오천읍 냉천로 674,35.9414743,129.3917698
주식회사 코리아와이드포항,경상북도,포항시,북구 새천년대로 1415(양덕동),36.0774599,129.4015701
씨제이대한통운(주)포항지점정비공장,경상북도,포항시,남구 섬안로 59(괴동동),35.9980525,129.36574
현대자동차(주)포항하이테크센터,경상북도,포항시,남구 연일읍 동문로 102,35.9995889,129.3538105
(주)영남정비,경상북도,포항시,남구 청림서길10번길 17(청림동),35.996829,129.4137252
(주)한진포항자동차정비공장,경상북도,포항시,남구 대송로253번길 71(송내동),36.0041358,129.3711501
(주)경북정비,경상북도,포항시,남구 동해안로 6059-16(청림동),35.9937269,129.4029945
르노코리아 포항정비사업소㈜,경상북도,포항시,남구 연일읍 동문로 88,35.9977948,129.3529963
금성자동차종합정비,경상북도,포항시,남구 연일읍 철강로107번길 67,35.9950899,129.3553142
청림종합정비(주),경상북도,포항시,남구 동해안로 6059-19(청림동),35.9938012,129.4034996
자일포항서비스(주),경상북도,포항시,남구 연일읍 철강로 119,35.9896443,129.3558507
아성자동차정비공장,경상북도,포항시,북구 흥해읍 새마을로394번길 28,36.0455631,129.3196717
(주)신제일종합정비,경상북도,포항시,남구 정몽주로 842(청림동),35.9908953,129.4076755
(주)한일공업,경상북도,포항시,남구 섬안로45번길 26(괴동동),35.9959323,129.3652728
영포자동차정비,경상북도,포항시,"남구 연일읍 철강로107번길 46-10, 108동",35.9929316,129.3570792
(주)신동부종합정비,경상북도,포항시,남구 연일읍 형산강남로436번길 13,35.9996601,129.3612794
태극종합자동차정비,경상북도,포항시,북구 흥해읍 덕실마을길3번길 34,36.1225596,129.341309
(주)인동이알씨,경상북도,포항시,남구 청림서길 63(청림동),35.9976316,129.4078746
광명종합정비,경상북도,포항시,"남구 연일읍 철강로107번길 52, 201동",35.9937875,129.3561714
청도휴게소 자동차 전문정비 공업사,경상북도,청도군,청도읍 하지길 59-50,35.5944462,128.7696649
쌍용자동차청도서비스프라자,경상북도,청도군,청도읍 새마을로 1398,35.6560105,128.7488213
내호카 경정비,경상북도,청도군,청도읍 유천길 37,35.5704062,128.7731369
청도점 현대자동차,경상북도,청도군,청도읍 중앙로 77,35.6461509,128.7517433
기능장카서비스,경상북도,청도군,화양읍 범곡길 3-20,35.6474092,128.7269864
안정웅 카 센타,경상북도,청도군,청도읍 새마을로 1283,35.6460222,128.75068
초원카센타,경상북도,청도군,청도읍 새마을로 1306-1,35.6480724,128.7515698
청도엔진보링,경상북도,청도군,청도읍 모강길 3,35.649507,128.7513609
운문정비공장,경상북도,청도군,금천면 금천로 100,35.6961251,128.8885346
영남모터스,경상북도,청도군,화양읍 범송길 81,35.6562534,128.7299931
스마일모터스,경상북도,청도군,청도읍 새마을로 1302,35.6478214,128.7517825
오일뱅크플러스포항서부점,경상북도,포항시,북구 용당로 25(용흥동),36.0306993,129.357288
타이어프로기성점,경상북도,포항시,북구 새천년대로 916(우현동),36.0535103,129.3620909
인동 T.R,경상북도,포항시,남구 대송면 철강로 264,35.9823255,129.3691716
양포자동차부분정비,경상북도,포항시,남구 장기면 동해안로 3288,35.8802883,129.5177864
짱모터스,경상북도,포항시,북구 법원로116번길 14(장성동),36.084986,129.3871181
금호계량자동차정비공업사,경상북도,포항시,북구 새천년대로1001번길 2-37(창포동),36.0600946,129.369762
삼성부분정비,경상북도,포항시,남구 오천읍 냉천로 436,35.9560017,129.4062407
진삼카정비,경상북도,포항시,북구 흥해읍 삼흥로502번길 41,36.1040741,129.3713558
현진자동차정비,경상북도,포항시,남구 연일읍 유강길10번길 19,36.0052569,129.3211586
스피드메이트 장성점,경상북도,포항시,북구 새천년대로 1242-22(장성동),36.0730685,129.3824867
한국타이어 유강직영점,경상북도,포항시,남구 연일읍 유강길10번길 24,36.0051804,129.3219745
태진정비,경상북도,포항시,남구 오천읍 냉천로 450,35.9546575,129.4059673
화성써모,경상북도,포항시,북구 새천년대로 689(용흥동),36.0346436,129.3579416
스피드메이트 V2010,경상북도,포항시,남구 중앙로 52(해도동),36.0177978,129.3702144
대원자동차정비,경상북도,포항시,남구 희망대로 877(해도동),36.0117717,129.3685303
반디카서비스,경상북도,포항시,남구 오천읍 해병로 311,35.9675172,129.4115044
현자동차정비,경상북도,포항시,북구 장량로 227(양덕동),36.082149,129.4056399
풍림카서비스,경상북도,포항시,북구 장량로 209(양덕동),36.0822283,129.4033597
블루라인카정비,경상북도,포항시,남구 문예로 106(대도동),36.0163573,129.3665587
화신오토로드,경상북도,포항시,북구 장량로113번길 14(장성동),36.0832406,129.3928495
현대자동차장량점,경상북도,포항시,북구 장성로 38(장성동),36.0795678,129.3925226
양덕점현대자동차,경상북도,포항시,북구 천마로46번길 28-8(양덕동),36.0803253,129.3999027
쌍용자동차오천서비스프라자,경상북도,포항시,남구 오천읍 냉천로270번길 28,35.9704882,129.4066706
하람모터스,경상북도,포항시,"북구 장미길 69, 202동(우현동)",36.0543941,129.3634933
대우정비포항점,경상북도,포항시,남구 중섬로 65(상도동),36.0125126,129.3515882
웨스트모터스,경상북도,포항시,북구 천마로 35(양덕동),36.0797662,129.3965954
유성카센타,경상북도,포항시,북구 중흥로255번길 4(죽도동),36.0262363,129.3601235
강남카클리닉,경상북도,포항시,북구 창흥로 95(창포동),36.0667684,129.3622971
애니카랜드 흥해점,경상북도,포항시,북구 흥해읍 흥해로 2,36.1060399,129.3440968
김영석카센타,경상북도,포항시,"북구 소티재로 108(우현동, 동해안고속주유소)",36.0610417,129.3538153
타이어프로 이동점,경상북도,포항시,"남구 포스코대로 97, 104동(이동)",36.0255398,129.3362112
로타리카하우스,경상북도,포항시,북구 삼흥로 19(장성동),36.063767,129.3794136
대잠카클리닉,경상북도,포항시,남구 희망대로 664(대잠동),36.0104014,129.3454719
동정카정비,경상북도,포항시,남구 연일읍 연일로 180,35.9949371,129.3429669
태광사정비,경상북도,포항시,남구 오천읍 문덕로80번길 15,35.9552843,129.4008558
(주)동방포항지사,경상북도,포항시,남구 대송로 167(괴동동),35.9946704,129.3713379
한국타이어흥해대리점,경상북도,포항시,북구 흥해읍 동해대로 1484,36.1049252,129.3435089
용마루정비,경상북도,포항시,"남구 해병로 15, 201동(청림동)",35.9917277,129.40196
진모터스,경상북도,포항시,"북구 환호로 72-4, 202동(장성동)",36.0746363,129.3902028
미광정비,경상북도,포항시,남구 오천읍 냉천로 540,35.9473197,129.4029083
벽천카센터,경상북도,포항시,남구 문예로 45(대도동),36.0115246,129.3637149
삼일카,경상북도,포항시,남구 희망대로 993(해도동),36.0202067,129.374572
잘란카바른카만들기,경상북도,포항시,남구 오천읍 문덕서로 216-8,35.96293,129.4005334
KS오토밋션,경상북도,포항시,남구 연일읍 연일로 195,35.9936666,129.3436916
신기종합정비,경상북도,포항시,남구 대송면 철강로 212,35.9852225,129.3648052
유승카센타,경상북도,포항시,남구 구룡포읍 호미로 138,35.9854711,129.5482168
승원정비,경상북도,포항시,남구 오천읍 하원로 46,35.97481,129.4047707
한국타이어중부판매(주),경상북도,포항시,북구 삼호로 213(두호동),36.0573863,129.3771432
대유카센타,경상북도,포항시,북구 흥해읍 도음로 941,36.0785045,129.3372645
베스트카서비스,경상북도,포항시,남구 운하로 70(송도동),36.0304519,129.3738178
르노코리아 서비스코너 장성점,경상북도,포항시,북구 새천년대로 1329(장성동),36.0762741,129.3923229
한국지엠이동바로서비스,경상북도,포항시,남구 포스코대로 76(이동),36.0257365,129.3341053
서진 카포스,경상북도,포항시,남구 대송면 대송로 37-5,35.9859758,129.3623109
부부카클리닉,경상북도,포항시,북구 법원로51번길 4(장성동),36.0796386,129.3850649
남도정비,경상북도,포항시,북구 새천년대로 548(죽도동),36.0232108,129.3517218
영진카클리닉,경상북도,포항시,북구 기계면 근면길 7,36.0714523,129.2108727
이동점기아오토큐,경상북도,포항시,남구 포스코대로 100(이동),36.0249935,129.3365903
현대자동차카클리닉송도점,경상북도,포항시,남구 송림로 106(송도동),36.0392527,129.3748388
재환카클리닉,경상북도,포항시,남구 구룡포읍 호미로 134,35.9852691,129.5478149
문덕자동차병원,경상북도,포항시,남구 오천읍 철강로 734-5,35.9616892,129.4061839
타이어클럽,경상북도,포항시,남구 효성로 97(효자동),36.0057397,129.3444665
반도카프라자,경상북도,포항시,남구 운하로 172(송도동),36.0384606,129.3724264
청마정비,경상북도,포항시,남구 대송면 철강로 268,35.9818546,129.3694351
골든모터스,경상북도,포항시,북구 불종로 11-1(신흥동),36.0394088,129.3608177
미르젠세차장,경상북도,포항시,남구 오천읍 정몽주로 696,35.9798482,129.4123535
대원카클리닉,경상북도,포항시,남구 중흥로172번길 47(대도동),36.0172656,129.3599712
동양카정비,경상북도,포항시,북구 장량주택로4번길 2(양덕동),36.0875975,129.3897639
퍼펙트자동차정비,경상북도,포항시,남구 오천읍 냉천로284번길 48-8,35.9694841,129.4051468
스마일자동차정비,경상북도,포항시,남구 연일읍 철강로 17,35.9923459,129.3452759
원자동차정비,경상북도,포항시,북구 양학천로 233-1(죽도동),36.0301683,129.3689013
학산카센타,경상북도,포항시,남구 효성로15번길 27-32(효자동),36.0081237,129.3384549
한국타이어남구총판,경상북도,포항시,남구 대이로 62(대잠동),36.0207889,129.3409887
늘푸른카클리닉,경상북도,포항시,북구 법원로 45-13(장성동),36.0787429,129.3848319
클린&원스톱,경상북도,포항시,남구 축항로 68(송도동),36.0293471,129.3758211
흥해점기아오토큐,경상북도,포항시,북구 흥해읍 남미질로 6,36.1046226,129.34375
해맞이자동차정비,경상북도,포항시,북구 삼호로 434-8(환호동),36.0690007,129.3952231
이박사카클리닉,경상북도,포항시,남구 오천읍 문덕로11번길 9-8,35.9620825,129.4043772
(주)카서비스투,경상북도,포항시,"북구 대이로 188(득량동, 이마트)",36.0317787,129.3390423
타이어프로포항점,경상북도,포항시,북구 삼호로 137(항구동),36.0522446,129.3728599
월드카서비스,경상북도,포항시,남구 희망대로 789-1(대도동),36.009495,129.3593861
스피드메이트 포항제1점,경상북도,포항시,"북구 중앙로 406(대신동, SK주유소)",36.048608,129.3631992
동우모터스,경상북도,포항시,북구 새천년대로 693(용흥동),36.0351506,129.3581862
르노코리자동차 서비스코너 포항점,경상북도,포항시,남구 새천년대로 339(효자동),36.0087398,129.3379719
스피드메이트 이마트포항점,경상북도,포항시,남구 냉천로 10(인덕동),35.9924753,129.3976302
한국지엠포항바로서비스,경상북도,포항시,북구 환호로 66(장성동),36.0742368,129.3902256
김성진카써비스,경상북도,포항시,"남구 희망대로 426-1, 212동(이동)",36.0290637,129.3359767
중앙자동차바퀴정비,경상북도,포항시,북구 중흥로225번길 50(용흥동),36.0260435,129.3540759
굿타이어장성점,경상북도,포항시,"북구 새천년대로 1337, 203동(장성동)",36.0765174,129.3930903
태성정비,경상북도,포항시,남구 대송면 장동홍계길62번길 12-42,35.9693624,129.3578224
스피드메이트 득량점,경상북도,포항시,북구 새천년대로 515(득량동),36.021065,129.3493622
하이카프라자 해도점,경상북도,포항시,남구 중앙로 120(해도동),36.0238618,129.3686731
활주로종합카클리닉,경상북도,포항시,남구 정몽주로879번길 9-5(청림동),35.9926716,129.4046017
기성카정비,경상북도,포항시,"남구 서동로 146, 2동(송도동)",36.0395175,129.3738337
삼도카정비,경상북도,포항시,북구 흥해읍 도음로 895,36.0787026,129.332178
현정카정비,경상북도,포항시,남구 연일읍 연일로 160-17,35.9973261,129.3423632
대한카클리닉,경상북도,포항시,남구 해동로 99(해도동),36.0282149,129.3717284
대잠점기아오토큐,경상북도,포항시,남구 희망대로 719(상도동),36.009803,129.3520652
르노코리아 서비스코너 항구점,경상북도,포항시,북구 선착로77번길 11-1(항구동),36.0500718,129.371821
옐로우오토모티브,경상북도,포항시,남구 대송면 남성길 23,35.9735279,129.3552743
제이아이모터스,경상북도,포항시,북구 삼흥로100번길 46-7(두호동),36.0690722,129.3831001
자동차마을,경상북도,포항시,북구 장성로 84(장성동),36.0837026,129.3923328
한국타이어북구총판,경상북도,포항시,북구 새천년대로 1357(장성동),36.0766745,129.3953956
천안정비,경상북도,포항시,남구 대송면 철강로 234,35.9839528,129.366636
세진카정비,경상북도,포항시,남구 오천읍 냉천로 390,35.9603001,129.4065919
지성카센터,경상북도,포항시,남구 대이로 179(이동),36.0307175,129.3385464
연일청우카센타,경상북도,포항시,남구 섬안로45번길 34(괴동동),35.9955323,129.3652125
원일자동차정비,경상북도,포항시,북구 새천년대로 1226(장성동),36.0726803,129.3819347
카라이프,경상북도,포항시,남구 중흥로70번길 7(상도동),36.0117009,129.3500049
일진종합세차장,경상북도,포항시,북구 장성로 15(장성동),36.0774046,129.392117
애니카랜드양덕점,경상북도,포항시,북구 천마로 25(양덕동),36.0790357,129.3965032
애니카랜드죽도점,경상북도,포항시,남구 중앙로121번길 11(대도동),36.0243378,129.3669135
명성카세차장,경상북도,포항시,남구 문예로 156(해도동),36.0180214,129.3709852
삼도모터스,경상북도,포항시,남구 연일읍 연일로 189,35.9941243,129.3436713
신광카서비스,경상북도,포항시,북구 신광면 비학로 858,36.1297464,129.259848
성우자동차정비,경상북도,포항시,"북구 용흥로 293, 106동(용흥동)",36.0486104,129.3514315
스피드메이트 해돋이점,경상북도,포항시,북구 삼호로 291(두호동),36.0635112,129.3819998
동해모비스자동차정비,경상북도,포항시,남구 동해면 일월로 104,35.9878719,129.4443267
대창자동차정비,경상북도,포항시,북구 죽장면 새마을로 3918,36.1857688,129.0932149
양문호자동차병원,경상북도,포항시,북구 양학로 85(득량동),36.0294048,129.3459231
케이씨씨자동차종합병원,경상북도,포항시,남구 중앙로 24(해도동),36.0153403,129.3709008
동훈카써비스,경상북도,포항시,북구 양학로 3(득량동),36.0244331,129.3517976
영동자동차정비,경상북도,포항시,남구 연일읍 철강로 17,35.9923459,129.3452759
스피드메이트 대잠점,경상북도,포항시,남구 희망대로 658(대잠동),36.0105894,129.3448055
두두카써비스,경상북도,포항시,남구 희망대로 725-1(상도동),36.0097241,129.3524282
프로미월드 죽도점,경상북도,포항시,"북구 상대로 16, 102동(죽도동)",36.0179754,129.3493433
동남카프라자,경상북도,포항시,북구 동빈로 84(동빈1가),36.0445011,129.3699108
코리언모터스 죽도점,경상북도,포항시,북구 양학천로 28(죽도동),36.0228599,129.3547731
대송자동차정비,경상북도,포항시,남구 대송면 제내길61번길 10,35.9805468,129.3630297
더카모터스,경상북도,포항시,북구 중흥로310번길 14(죽도동),36.0290982,129.3651111
으뜸자동차정비,경상북도,포항시,북구 천마로71번길 10(양덕동),36.0832914,129.3956691
왕성카정비,경상북도,포항시,북구 학산로 11(대신동),36.0491973,129.3639449
동국정비,경상북도,포항시,남구 대송면 송덕로126번길 8,35.9558175,129.3802007
현대정비,경상북도,포항시,"북구 기계면 새마을로 1410, 301동",36.0628281,129.2290404
명성모터스,경상북도,포항시,남구 대송면 제내길53번길 47,35.9808924,129.3674995
라이브카클리닉,경상북도,포항시,남구 희망대로 737(상도동),36.0096142,129.3539189
동일자동차정비,경상북도,포항시,북구 삼호로 161(항구동),36.0533969,129.3750557
삼진카센타,경상북도,포항시,남구 해병로 9-1(청림동),35.9925266,129.4022705
행복자동차,경상북도,포항시,"남구 효자동길1번길 18, 105동(효자동)",36.0072607,129.3284456
장군자동차공업사,경상북도,포항시,남구 축항로 113(송도동),36.0305718,129.3806942
대성자동차정비,경상북도,포항시,"북구 용당로 77, 102동(대흥동)",36.0345675,129.3602133
에덴카센타,경상북도,포항시,북구 중앙로 413(우현동),36.0489312,129.3624096
제철카클리닉,경상북도,포항시,남구 연일읍 유강길9번길 43,36.0040888,129.3155083
금강밧데리,경상북도,포항시,남구 대이로63번길 4-1(대잠동),36.0207924,129.3401514
원동카서비스,경상북도,포항시,북구 서동로 46-1(신흥동),36.0410013,129.3629019
유강카정비,경상북도,포항시,남구 연일읍 유강길9번길 28,36.0035489,129.3166224
럭키카클리닉,경상북도,포항시,북구 삼호로 193(항구동),36.0558004,129.3765556
보광자동차정비,경상북도,포항시,남구 연일읍 동문로 23,35.9922563,129.3514792
영일만카센터,경상북도,포항시,남구 연일읍 동문로 32,35.99296,129.3523315
오천점기아오토큐,경상북도,포항시,남구 오천읍 철강로 795,35.9616671,129.4135253
현대자동차청림점,경상북도,포항시,남구 정몽주로 897(청림동),35.9946177,129.403477
차사랑카서비스,경상북도,포항시,남구 연일읍 유강길9번길 41,36.0039591,129.3155734
금강부분정비,경상북도,포항시,북구 양덕로30번길 38-14(양덕동),36.0806395,129.406185
케이지모빌리티포항남구서비스프라자,경상북도,포항시,남구 새천년대로 409(대잠동),36.0130548,129.3428183
바디카클리닉,경상북도,포항시,남구 포스코대로 432(해도동),36.0129097,129.3689947
뉴현대A/S,경상북도,포항시,북구 선착로 63(학산동),36.0494164,129.370394
죠이카정비,경상북도,포항시,남구 희망대로 723(상도동),36.0097501,129.3522743
영해자동차정비,경상북도,포항시,남구 송림로 80(송도동),36.0367647,129.3749513
용수카인테리어,경상북도,포항시,남구 동해안로 5826(일월동),35.9915533,129.4254721
이글카부분정비,경상북도,포항시,북구 양학천로 7(용흥동),36.0241868,129.3530549
LG스타오토카서비스,경상북도,포항시,남구 오천읍 정몽주로 720,35.981989,129.4115375
강변부부카센타,경상북도,포항시,남구 축항로 112(송도동),36.0300587,129.3807015
한일카정비센타,경상북도,포항시,북구 장량로145번길 26(양덕동),36.0841403,129.3962942
대한카센타,경상북도,포항시,북구 장성로 106(장성동),36.0855716,129.3923023
중앙24시정비,경상북도,포항시,북구 양학천로 19(죽도동),36.0235282,129.3543386
비학산카정비,경상북도,포항시,북구 신광면 신흥로 213,36.1298186,129.2762459
공성록부분정비,경상북도,포항시,북구 삼흥로233번길 5-9(장성동),36.0824289,129.3793446
대경경정비,경상북도,포항시,북구 희망대로659번길 86(죽도동),36.0172377,129.3507542
마이다스카클리닉,경상북도,포항시,남구 중앙로 39(해도동),36.0167519,129.3699184
신용카경정비,경상북도,포항시,"북구 새마을로 57(용흥동, S-oil용흥주유소)",36.0393872,129.3535612
차사랑카프라자,경상북도,포항시,남구 구룡포읍 하정로 243,35.9811868,129.5462762
대도점 기아오토큐,경상북도,포항시,남구 포스코대로 399(대도동),36.0152137,129.3665384
학산점기아오토큐,경상북도,포항시,북구 아호로 70(학산동),36.058183,129.3700096
달전점현대자동차,경상북도,포항시,북구 소티재로 173(우현동),36.0665332,129.350708
동양디젤,경상북도,포항시,남구 연일읍 형산강남로 412,35.9998887,129.3581149
대지타이어상사(주),경상북도,포항시,남구 포스코대로 401(대도동),36.0150766,129.3669107
세광카써비스,경상북도,포항시,북구 중흥로171번길 23(죽도동),36.0206256,129.352998
현대자동차흥해점,경상북도,포항시,북구 흥해읍 동해대로 1529,36.1086587,129.3424988
현대자동차장성점,경상북도,포항시,북구 삼흥로 76(장성동),36.06871,129.3793563
차재현자동차정비,경상북도,포항시,북구 삼호로321번길 14(두호동),36.0663973,129.3837858
명진카써비스,경상북도,포항시,북구 새마을로 9,36.0383295,129.3587031
육공사카써비스,경상북도,포항시,남구 철강로 263(장흥동),35.982929,129.3694431
형주자동차정비,경상북도,포항시,북구 삼호로321번길 20(두호동),36.0669306,129.3834042
청하부분정비,경상북도,포항시,북구 청하면 청하로 161,36.1935253,129.3384723
희재모터스,경상북도,포항시,북구 죽장면 죽장로8번길 4,36.1606612,129.0965587
상태자동차정비,경상북도,포항시,북구 장량로 3(장성동),36.0828065,129.3808428
청림점기아오토큐,경상북도,포항시,남구 동해안로 6051(청림동),35.9948483,129.4032868
대해카클리닉,경상북도,포항시,남구 문예로126번길 6-1(해도동),36.0171813,129.3675605
일신종합카센타,경상북도,포항시,남구 대송면 철강로 264,35.9823255,129.3691716
선진자동차정비,경상북도,포항시,북구 장성로 3(장성동),36.0764507,129.3922164
송라모터스,경상북도,포항시,북구 송라면 동해대로 2937,36.2278102,129.3591278
삼성밧데리,경상북도,포항시,남구 양학천로 254(해도동),36.0316436,129.3700183
현대카클리닉상도점,경상북도,포항시,남구 포스코대로 319(상도동),36.0190188,129.3589202
금호카서비스,경상북도,포항시,남구 철강로 188(장흥동),35.9866486,129.362495
기능장카클리닉,경상북도,포항시,북구 흥해읍 동해대로 1548,36.1103611,129.3422153
원평카정비,경상북도,포항시,북구 선착로77번길 15(항구동),36.050403,129.3719392
최신자동차정비,경상북도,포항시,남구 동해안로 5922(일월동),35.9944459,129.4155979
유진카서비스,경상북도,포항시,"남구 오천읍 충무로 61, 101동",35.9764875,129.4165189
의창밧데리,경상북도,포항시,북구 흥해읍 신흥로 896,36.1115127,129.3409148
한라카서비스,경상북도,포항시,북구 새마을로 40-4(용흥동),36.0389407,129.3557195
서광자동차정비,경상북도,포항시,남구 희망대로 1005(해도동),36.021121,129.3750709
오토오아시스 연일공단점,경상북도,포항시,"남구 연일읍 철강로 99, 101동",35.9897696,129.3534919
협성카정비,경상북도,포항시,남구 문예로 149(해도동),36.0183744,129.3702045
두한모터스,경상북도,포항시,남구 오천읍 철강로 686,35.9626762,129.4012524
포항카클리닉,경상북도,포항시,북구 삼호로74번길 10(동빈1가),36.0468055,129.3712013
삼도자동차정비,경상북도,포항시,북구 서동로 53(덕산동),36.041307,129.3637043
남성자동차정비,경상북도,포항시,북구 흥해읍 중성로52번길 20,36.1068185,129.3486563
한동카써비스,경상북도,포항시,북구 학전로 69-6(두호동),36.059174,129.3749117
경일카클리닉,경상북도,포항시,남구 운하로 86(송도동),36.0316242,129.3731115
금호타이어용덕대리점,경상북도,포항시,남구 오천읍 정몽주로616번길 6-5,35.9724715,129.4157245
대구카서비스,경상북도,포항시,남구 연일읍 동문로40번길 7,35.9933528,129.3527653
덕천세차장,경상북도,포항시,남구 연일읍 철강로 129,35.9890111,129.3569662
현대자동차오천점,경상북도,포항시,남구 오천읍 정몽주로 625,35.9736912,129.4143435
천마카써비스,경상북도,포항시,북구 송라면 동해대로 3094,36.2390484,129.3685964
터미널오토타운,경상북도,포항시,남구 양학천로 200(해도동),36.0278755,129.3666697
점보공업사,경상북도,포항시,남구 연일읍 동문로 20,35.9917955,129.3518193
한상용자동차병원,경상북도,포항시,남구 상공로 222(해도동),36.022554,129.3699697
코리아종합세차장,경상북도,포항시,남구 오천읍 정몽주로 505-1,35.9637491,129.4140212
벧엘자동차정비,경상북도,포항시,북구 양덕남로8번길 31-13(장성동),36.0777598,129.3952904
애니카랜드 해도점,경상북도,포항시,남구 문예로 170-1(해도동),36.0184358,129.3726318
신천지카센터,경상북도,포항시,"남구 희망대로 715, 110동(상도동)",36.0096713,129.351597
국제종합카센타,경상북도,포항시,남구 새천년대로 448-1(대잠동),36.0155232,129.3458687
신우카센타,경상북도,포항시,남구 오천읍 해병로347번길 22,35.9637764,129.4121983
쌍용카써비스,경상북도,포항시,남구 상공로 18-1(대도동),36.0102469,129.3563281
카인드정비,경상북도,포항시,남구 오천읍 해병로 151,35.9810212,129.4073859
타이어테크 흥해점,경상북도,포항시,북구 흥해읍 동해대로 1557,36.1109608,129.3411846
뉴금강부분정비,경상북도,포항시,"북구 대해로 62, B동(죽도동)",36.0235512,129.3598044
송도카모터스,경상북도,포항시,"남구 희망대로 1053, 102동(송도동)",36.0250466,129.3775874
BOB정비,경상북도,포항시,남구 해동로 13(해도동),36.0205802,129.3737421
드림모터스,경상북도,포항시,북구 삼호로 446(환호동),36.0693466,129.3968731
제성기아,경상북도,포항시,남구 오천읍 냉천로 416,35.957977,129.406343
상대전장,경상북도,포항시,남구 새천년대로 439-34(대잠동),36.0160769,129.3453647
안대천카서비스,경상북도,포항시,남구 연일읍 철강로 39,35.9916736,129.3473847
대성카써비스,경상북도,포항시,남구 오천읍 철강로 824,35.9623453,129.4162339
금비모터스2호점,경상북도,포항시,남구 상공로 262-1(해도동),36.023168,129.3744576
달전카써비스,경상북도,포항시,북구 흥해읍 소티재로 318,36.0772553,129.3436869
포항밋션대후센타,경상북도,포항시,남구 대송면 제내길53번길 49,35.9806818,129.3676877
세븐모터스,경상북도,포항시,북구 양학천로 97(죽도동),36.02227,129.3601884
거송종합밋숑데후,경상북도,포항시,남구 오천읍 장기로 1619,35.9623903,129.4225584
애니카랜드청림점,경상북도,포항시,남구 동해안로 6055(청림동),35.9944898,129.4031474
용카인테리어,경상북도,포항시,북구 삼흥로 79-11(장성동),36.0693,129.3786761
(주)한국타이어제철판매,경상북도,포항시,남구 동해안로 5910(일월동),35.993919,129.4170954
대림첨단정비,경상북도,포항시,북구 용흥로 138(용흥동),36.0398944,129.3472966
대우카포스,경상북도,포항시,남구 오천읍 해병로 371,35.9624905,129.4094337
김응용자동차병원,경상북도,포항시,"남구 효자로118번길 14, 102동(효자동)",36.0095332,129.3383522
대림카써비스,경상북도,포항시,북구 양학로 70-13(학잠동),36.0298274,129.3475435
일성카마스타,경상북도,포항시,남구 새천년대로434번길 12-7(대잠동),36.0134227,129.3457661
월성종합카써비스,경상북도,포항시,남구 희망대로 1043(송도동),36.0242774,129.376871
애니카랜드대잠점,경상북도,포항시,남구 새천년대로 431-26(대잠동),36.0151128,129.3444551
(주)영동기업,경상북도,포항시,남구 중흥로 63(상도동),36.0115528,129.3485108
보강자동차정비,경상북도,포항시,남구 오천읍 장기로 1624,35.9634305,129.4228383
르노코리아서비스코너 상도점,경상북도,포항시,남구 상공로 23(상도동),36.0107888,129.3556905
정일세차장,경상북도,포항시,남구 동해안로 6053(청림동),35.9944525,129.4032995
서울카오토타운,경상북도,포항시,남구 효자로118번길 24(효자동),36.0089771,129.3373485
O.K자동차정비,경상북도,포항시,북구 새천년대로 527-1(득량동),36.0220802,129.3500143
동성카서비스,경상북도,포항시,남구 오천읍 정몽주로 754,35.9847801,129.409951
호성카월드,경상북도,포항시,남구 동해면 일월로 93-1,35.9884531,129.4433166
포항오토모빌,경상북도,포항시,남구 중섬로 58(상도동),36.0123242,129.3505474
천만군자동차정비,경상북도,포항시,북구 창흥로 6-12(창포동),36.0623727,129.3703356
문수카서비스,경상북도,포항시,남구 연일읍 동문로 76,35.9965696,129.3530034
오토랜드,경상북도,포항시,남구 오천읍 정몽주로 583,35.9702259,129.4160165
이재락자동차병원,경상북도,포항시,남구 새천년대로 363-15(대잠동),36.0097753,129.339941
형제타이어 해도점,경상북도,포항시,남구 중앙로 21(해도동),36.0150857,129.3701548
(주)기성티앤비,경상북도,포항시,남구 오천읍 냉천로 402,35.9590656,129.4064442
준호카서비스,경상북도,포항시,남구 오천읍 정몽주로 714-5,35.9815545,129.4116445
신광 모터스,경상북도,포항시,남구 연일읍 형산강남로436번길 1,36.0004481,129.3611062
평화카부분정비,경상북도,포항시,북구 흥해읍 소티재로 398,36.084369,129.3425012
카리스마,경상북도,포항시,남구 오천읍 해병로 215,35.9757791,129.4100112
세진카 서비스,경상북도,포항시,남구 연일읍 연일중앙로 30,35.9971297,129.3471399
태경 모터스,경상북도,포항시,남구 오천읍 남원로 5,35.9706019,129.4090665
(주)기성타이어 해도점,경상북도,포항시,남구 중앙로 80(해도동),36.0204317,129.3696327
유로모터스,경상북도,포항시,남구 대송면 운제로183번길 22,35.972158,129.3642567
(주)자동차 정비제이,경상북도,포항시,북구 장량로 91(장성동),36.0822795,129.3903453
동연정비,경상북도,포항시,남구 대송면 운제로183번길 22,35.972158,129.3642567
현대렌트카정비,경상북도,포항시,남구 포스코대로 381-1(대도동),36.0161186,129.3650214
한국타이어 포항대리점,경상북도,포항시,북구 중흥로309번길 24(죽도동),36.0312201,129.3615939
명장 모터스,경상북도,포항시,북구 법원로 93(장성동),36.0833409,129.3851896
브리즈코리아 포항점,경상북도,포항시,북구 천마로 80(양덕동),36.0838102,129.3971538
프리미어모터스(주)포항서비스,경상북도,포항시,남구 연일읍 연일로145번길 55-4,35.998489,129.3503968
포항 보쉬카 서비스 카엔지니어,경상북도,포항시,북구 선착로 35(대신동),36.048943,129.3672788
한일커먼레일,경상북도,포항시,남구 연일읍 형산강남로 406,36.0000669,129.3574985
진삼카보링센터,경상북도,포항시,북구 흥해읍 삼흥로502번길 41,36.1040741,129.3713558
기능장 원동기정비,경상북도,포항시,북구 흥해읍 동해대로 1548,36.1103611,129.3422153
제이스펙카정비,경상북도,포항시,남구 오천읍 원동로 110,35.9728422,129.4028081
와이엠렉서스주식회사,경상북도,포항시,남구 포스코대로 62(이동),36.0256653,129.3323714
더 만 모터스,경상북도,포항시,남구 섬안로 59(괴동동),35.9980525,129.36574
캡틴정비,경상북도,포항시,북구 흥해읍 흥해로82번길 26,36.1121377,129.3507913
(주)경민티앤비,경상북도,포항시,남구 오천읍 문덕서로 212,35.9628004,129.4000299
금비모터스,경상북도,포항시,남구 상공로 265(해도동),36.0237234,129.3746104
타이어테크 포항북부점,경상북도,포항시,북구 천마로 16(양덕동),36.0778465,129.3972512
(주)한국타이어 포항총판,경상북도,포항시,북구 중흥로 119(죽도동),36.0157216,129.3518324
㈜태영모터스,경상북도,포항시,북구 새천년대로 519(득량동),36.0213333,129.3494215
이동점 현대자동차,경상북도,포항시,남구 이동로 20(이동),36.0320153,129.3377363
자동차마을정비,경상북도,포항시,남구 대해로 97(대도동),36.0221397,129.3634127
대현정비,경상북도,포항시,남구 대송면 대송로 23-2,35.9848857,129.361247
장기카센타,경상북도,포항시,남구 장기면 읍내길 43,35.891177,129.4945655
볼보정비,경상북도,포항시,남구 대송면 운제로 31,35.9857189,129.3602578
동경카정비,경상북도,포항시,북구 법원로140번길 15(장성동),36.0869203,129.388275
와이비모터스,경상북도,포항시,남구 오천읍 냉천로 408-1,35.9585659,129.4064539
예스모터스,경상북도,포항시,북구 법원로51번길 41(장성동),36.0793076,129.3808141
제일카센타,경상북도,포항시,남구 오천읍 세계길 20,35.9640148,129.4156094
타이어테크 포항점,경상북도,포항시,북구 새천년대로 488(죽도동),36.0186379,129.3483364
명성카센타,경상북도,포항시,남구 연일읍 철강로 9,35.9926741,129.3443992
벤츠마이스터,경상북도,포항시,북구 장량로 117(장성동),36.0820159,129.3931879
코바모터스,경상북도,포항시,남구 오천읍 냉천로560번길 41,35.9501219,129.402888
현대자동차정비,경상북도,포항시,남구 동해면 일월로 140-18,35.9870394,129.4479266
우진카공업사,경상북도,포항시,북구 삼흥로 109(장성동),36.0716877,129.3789833
체인지자동차병원,경상북도,포항시,북구 죽파로 3-1(용흥동),36.0299137,129.3574145
탑블루소담송악,경상북도,포항시,북구 흥해읍 초곡지구로 46,36.0975493,129.339682
현대자동차 남포항서비스㈜,경상북도,포항시,남구 오천읍 문덕서로 177,35.960567,129.3979835
와이카타이어,경상북도,포항시,북구 항도길4번길 4(학산동),36.0506691,129.3704304
아트몬스터 모터스,경상북도,포항시,북구 장량로114번길 5-2(장성동),36.0810747,129.3929547
지쓰리모터스,경상북도,포항시,남구 희망대로 733-2(상도동),36.009434,129.3534911
엘카정비,경상북도,포항시,북구 죽장면 죽장로 1899,36.253278,129.2122381
오토오아시스 양덕점,경상북도,포항시,북구 장량로174번길 30-1(양덕동),36.0789196,129.3993172
고려자동차정비,경상북도,포항시,"북구 소티재로 84, 101동(우현동)",36.0591396,129.3551036
서광카,경상북도,포항시,남구 상공로 188(대도동),36.0219571,129.3662616
착한모터스,경상북도,포항시,북구 장량로 91(장성동),36.0822795,129.3903453
한양,경상북도,포항시,남구 대송면 대송로 9,35.9836851,129.3611301
대일카케어,경상북도,포항시,북구 중흥로 286(죽도동),36.0278965,129.3625946
온리원카,경상북도,포항시,북구 장성로 101(장성동),36.0853179,129.3916742
문덕카써비스,경상북도,포항시,남구 오천읍 원동로 94,35.9713998,129.4027405
카엔지니어,경상북도,포항시,북구 아호로5번길 3(항구동),36.0524931,129.3729872
강남모터스,경상북도,포항시,북구 법원로98번길 5(장성동),36.0838129,129.3860677
파파모터스,경상북도,포항시,북구 침촌마을길 18-11(장성동),36.0795856,129.3794219
도음카,경상북도,포항시,북구 흥해읍 도음로 905,36.0787868,129.3330594
현내카,경상북도,포항시,북구 기계면 기계로133번길 22,36.0725343,129.2001002
팔복정비,경상북도,포항시,남구 연일읍 형산강남로418번길 51,35.9961336,129.3596515
금호타이어(포항타이어),경상북도,포항시,남구 중앙로 143(해도동),36.0258515,129.3673338
(주)기성타이어 연일점,경상북도,포항시,남구 연일읍 연일로 173(괴정리),35.9954859,129.3438543
만능카클리닉,경상북도,포항시,북구 장량주택로22번길 2(양덕동),36.0891333,129.3902749
광준카클리닉,경상북도,포항시,북구 장량로 98-5(장성동),36.081466,129.3914195
오성모터스,경상북도,포항시,남구 오천읍 해병로325번길 1,35.9664846,129.4110645
1등타이어,경상북도,포항시,북구 삼흥로 114(장성동),36.0721476,129.379774
스피드메이트 포항신덕점,경상북도,포항시,북구 신덕로 247(장성동),36.0871728,129.3888878
지엔비오토모빌(주)포항서비스센터,경상북도,포항시,북구 흥해읍 소티재로 422-6(외5필지),36.0867179,129.3418183
해성정비,경상북도,포항시,남구 해병로 49-7(청림동),35.9895335,129.4029594
기계자동차정비,경상북도,포항시,북구 기계면 근면길 8,36.0718695,129.2110475
서진정비,경상북도,포항시,남구 대송면 운제로183번길 9,35.9722633,129.3627935
현대모터스,경상북도,포항시,북구 우창동로 25(우현동),36.0551362,129.3617578
행복한카클리닉,경상북도,포항시,북구 양덕남로 113(양덕동),36.0789559,129.4046491
씽씽카랜드세차장,경상북도,포항시,북구 양덕남로 39(양덕동),36.0786175,129.3962533
탑모터스,경상북도,포항시,북구 장량로 249(양덕동),36.0824877,129.4078228
금성정비,경상북도,포항시,남구 해병로 77(청림동),35.987126,129.4039082
SYSTEM TIRE,경상북도,포항시,북구 흥해읍 한동로 386,36.112373,129.3824591
유진카센타,경상북도,포항시,남구 연일읍 동문로 89,35.9982039,129.3521838
타이어프로 포항양덕점,경상북도,포항시,북구 천마로 10(양덕동),36.0773408,129.3972359
미래정비,경상북도,포항시,남구 구룡포읍 용주로 25,35.9924512,129.5639733
오승기카서비스,경상북도,포항시,남구 포스코대로 387(대도동),36.0157609,129.3653629
한국타이어티스테이션 인덕이마트점,경상북도,포항시,남구 냉천로 88(인덕동),35.9854344,129.4018381
한일커먼레일,경상북도,포항시,남구 연일읍 형산강남로 406,36.0000669,129.3574985
대투정비,경상북도,포항시,남구 대송면 철강산단로 12-26,35.9539383,129.3650531
대호카정비,경상북도,포항시,남구 오천읍 원동로 110,35.9728422,129.4028081
성화카클리닉,경상북도,포항시,북구 법원로63번길 16(장성동),36.080777,129.3836369
태양자동차 메디칼,경상북도,포항시,남구 오천읍 냉천로236번길 20,35.9736441,129.4067427
서문카정비,경상북도,포항시,"남구 오천읍 해병로 221, 124동",35.9753569,129.4101852
심승현자동차정비,경상북도,포항시,북구 삼호로 71(대신동),36.0469339,129.3698488
한영모터스(주) 포항,경상북도,포항시,"남구 연일읍 연일중앙로 59, 204동",35.997275,129.3505815
차J MOTORS,경상북도,포항시,남구 오천읍 하원로 39,35.9741614,129.4043634
타이어프로 오천점,경상북도,포항시,남구 오천읍 충무로 3,35.9764813,129.4101199
오투모터스,경상북도,포항시,남구 연일읍 동문로 40-1,35.9937286,129.3522541
배용식자동차병원,경상북도,포항시,남구 중섬로 17(대잠동),36.014489,129.3470043
준모터스,경상북도,포항시,북구 양덕남로 55(양덕동),36.0787423,129.398378
대이점 블루핸즈,경상북도,포항시,남구 효자로 134(대잠동),36.0110778,129.3406971
칼라하우스,경상북도,포항시,남구 중앙로 26(해도동),36.0156479,129.3708922
주원오토밋션,경상북도,포항시,남구 오천읍 냉천로284번길 48-6,35.9693528,129.4051261
티에스모터스,경상북도,포항시,"북구 기계면 기계로 156, 110동",36.0737113,129.2014902
원동카정비,경상북도,포항시,남구 오천읍 원동로131번길 15-15,35.9743275,129.4008061
성호공업사,경상북도,포항시,"남구 오천읍 냉천로598번길 26, 119동",35.945783,129.3954995
효자그린카정비,경상북도,포항시,남구 효성로63번길 8(효자동),36.0067064,129.3410845
성신자동차정비,경상북도,포항시,남구 형산강북로 105(효자동),36.004802,129.3384127
대봉카서비스,경상북도,포항시,북구 아치로 50-2(우현동),36.0513625,129.3568308
효자카정비,경상북도,포항시,남구 효성로30번길 6-1(효자동),36.0058117,129.3366766
SK스피드메이트이동점,경상북도,포항시,남구 희망대로382번길 6(이동),36.033113,129.3337396
대각정비,경상북도,포항시,남구 대송면 운제로 424,35.9519822,129.3648623
스피드메이트양덕점,경상북도,포항시,북구 양덕남로 139(양덕동),36.0795786,129.407505
애플카,경상북도,포항시,북구 상대로 39-1(죽도동),36.0172936,129.3520203
원스탑타이어,경상북도,포항시,북구 법원로 108(장성동),36.0846325,129.3858442
영일디젤,경상북도,포항시,남구 오천읍 냉천로 316,35.9667254,129.40912
대련부분정비,경상북도,포항시,북구 흥해읍 새마을로394번길 41,36.0456043,129.3182757
성지듸젤,경상북도,포항시,남구 연일읍 새마을로 781,36.0359223,129.2875522
주식회사금아여행,경상북도,포항시,남구 중흥로 85(상도동),36.0134341,129.3494783
수현자동차정비,경상북도,포항시,북구 장량로31번길 4(장성동),36.0830735,129.3840247
형제중고타이어,경상북도,포항시,북구 새천년대로 1297-1(장성동),36.0757747,129.3890144
보쉬카서비스(오천점)20,경상북도,포항시,남구 오천읍 문덕서로 210,35.9626167,129.4000134
캡틴카클리닉,경상북도,포항시,북구 우창동로 106(창포동),36.0592197,129.3689829
한국타이어포항직매소(주),경상북도,포항시,북구 새천년대로 599(용흥동),36.0274188,129.3541533
타이어뱅크영남판매 흥해지점,경상북도,포항시,북구 흥해읍 신흥로 897,36.1118422,129.3410202
타이어뱅크 포항점,경상북도,포항시,"남구 중앙로 2, 101동(해도동)",36.0133708,129.3713727
구룡포점 현대자동차,경상북도,포항시,남구 구룡포읍 구룡포길 3-11,35.9865704,129.5475836
신명성카센타,경상북도,포항시,북구 흥해읍 흥해로82번길 39,36.1126746,129.3521477
구삼오오(9355)카센타,경상북도,포항시,북구 양덕남로8번길 8(장성동),36.0771028,129.3929957
한국타이어이동점,경상북도,포항시,남구 희망대로 490(대잠동),36.0238987,129.3385759
부경카센타,경상북도,포항시,북구 양덕남로 119(양덕동),36.0789684,129.4052026
한국CMS,전라남도,여수시,"문수로 25, 192-11,192-3(문수동)",34.7507519,127.699494
(유)한일교통 자가정비,전라남도,여수시,"봉산1로 37, 255-6, 255-14(봉산동)",34.7345989,127.7233584
마스터카전문정비(무선점),전라남도,여수시,무선로 123(선원동),34.7719955,127.6547102
신대신카써비스세차장,전라남도,여수시,여수산단로 294(평여동),34.8080486,127.6700697
오토오아시스 여수중앙점,전라남도,여수시,시청로 171(여천동),34.7769019,127.6618762
보쉬카서비스 여수점,전라남도,여수시,만성로 30-1(둔덕동),34.7692248,127.6991554
L.A모터스,전라남도,여수시,봉계5길 10-17(봉계동),34.7839384,127.6694105
신월부분정비공업사,전라남도,여수시,신월2길 7(신월동),34.7263517,127.7103781
굿모닝카서비스,전라남도,여수시,쌍봉로 76(학동),34.7659546,127.6641526
타이어프로 여수점,전라남도,여수시,무선로 127(선원동),34.7723054,127.6547267
차사랑카센타,전라남도,여수시,봉산1로 29(봉산동),34.7338469,127.7227683
타이어프로 봉강점,전라남도,여수시,신월로 791(봉강동),34.7394117,127.7253048
한얼카부분정비공업사,전라남도,여수시,대통2길 68,34.7756626,127.6445897
(주)동아상사,전라남도,여수시,여수산단1로 198(화치동),34.8210638,127.6411522
화장점 기아오토큐,전라남도,여수시,성산3길 7(화장동),34.7773784,127.6480464
구백1급정비공업사,전라남도,여수시,"삼동로 101, 외 558-8(주삼동)",34.8001004,127.6616006
조은카센타,전라남도,여수시,율촌면 동산개길 29,34.8802688,127.5772747
주식회사 하이팩,전라남도,여수시,여수산단로 1384,34.8486272,127.7482668
태화자동차정비공업사,전라남도,여수시,좌수영로 464(둔덕동),34.7683682,127.6994729
한국타이어 중부판매,전라남도,여수시,좌수영로 359-1(문수동),34.7616815,127.7074534
주은카써비스,전라남도,여수시,여문1로 21(여서동),34.7508274,127.7058945
TBX전문정비공업사,전라남도,여수시,삼동로 97(주삼동),34.8000482,127.6610525
필구오토부분정비,전라남도,여수시,좌수영로 404(미평동),34.7651464,127.7050088
상암자동차공업사,전라남도,여수시,상암로 691(상암동),34.8312173,127.7343685
여수현대정비서비스(주),전라남도,여수시,산단중앙로 67(화치동),34.8266555,127.6451709
2급미례자동차공업사,전라남도,여수시,국동남7길 28(국동),34.7291748,127.7203372
솔로몬부분정비,전라남도,여수시,소라면 덕양삼거리길 34,34.7906677,127.6347279
르노코리아 서비스센터 여수정비주식회사,전라남도,여수시,"좌수영로 284, (오림동)",34.7586909,127.7153166
천성 카,전라남도,여수시,무선7길 33,34.7737985,127.6506564
오토오아시스 여천점,전라남도,여수시,선소로 53(학동),34.7577395,127.6665923
자동차 왕국,전라남도,여수시,여서로 133(문수동),34.7489166,127.6969446
신소라자동차 부분정비공업사,전라남도,여수시,소라면 여순로 202,34.8232052,127.6193216
쌍용자동차 서비스프라자,전라남도,여수시,좌수영로 486(둔덕동),34.76888,127.6973136
현대자동차 신월점,전라남도,여수시,신월로 569,34.7247816,127.7091137
태양부분정비공업사,전라남도,여수시,좌수영로 498-1,34.7693417,127.695647
SM모터스,전라남도,여수시,대통2길 27(화장동),34.7744337,127.6405308
국동타이어,전라남도,여수시,신월로 627(국동),34.7284252,127.7138759
공화점 현대자동차,전라남도,여수시,동문로 109(공화동),34.7462637,127.7429441
(주)한국지엠여수서비스센터,전라남도,여수시,주삼덕양로 199(주삼동),34.7908077,127.652761
스피드메이트 여수엔크린점,전라남도,여수시,좌수영로 446(둔덕동),34.7673219,127.7011264
오복자동차공업사,전라남도,여수시,장군산길 51(오림동),34.7565847,127.7149222
봉계점 현대자동차,전라남도,여수시,여수산단로 32,34.7869733,127.6638569
성호자동차정비,전라남도,여수시,만성로 24(둔덕동),34.7691993,127.6985866
흥국자동차 부분정비공업사,전라남도,여수시,시청서3길 13(학동),34.7581527,127.6568111
대한 타이어 공업사,전라남도,여수시,여수산단로 274-16,34.805587,127.6689068
신호남부분정비공업사,전라남도,여수시,시청로 98-1,34.7703223,127.6633613
타이어나라 둔덕점,전라남도,여수시,둔덕5길 4-2,34.7678062,127.6991404
(유)그린웨이 자동차공업사,전라남도,여수시,봉계4길 7,34.7846899,127.6637974
한국지엠문수바로서비스,전라남도,여수시,문수5길 14(문수동),34.7517248,127.699644
선일부분정비업,전라남도,여수시,좌수영로 1146(주삼동),34.7955368,127.6523243
GV모터스,전라남도,여수시,좌수영로 412(미평동),34.7655568,127.7042025
티-스테이션,전라남도,여수시,"시청로 116, 외 1(여천동)",34.7719835,127.6632712
한국타이어 동부판매,전라남도,여수시,만성로 5(둔덕동),34.7692715,127.6965393
박영창 카클리닉,전라남도,여수시,장성마을길 18(안산동),34.7591071,127.6539284
오토오아시스 롯데마트 여수점,전라남도,여수시,"국포1로 36, (국동, 4층)",34.7283329,127.7215291
MV카부분정비공업사,전라남도,여수시,연등8길 43-1(연등동),34.7557837,127.7249138
(유)신양교통 자가정비,전라남도,여수시,좌수영로 574(둔덕동),34.775088,127.6953187
탐진카부분정비공업사,전라남도,여수시,성산로 24(화장동),34.7736056,127.640579
유명카센타,전라남도,여수시,무선중앙로 94(선원동),34.7724204,127.6542794
부창자동차부분정비공업사,전라남도,여수시,문수7길 5-3(문수동),34.7549353,127.6953481
진영자동차부분정비공업사,전라남도,여수시,화산로 72-1(화장동),34.7732969,127.646308
뉴상암부분정비공업사,전라남도,여수시,좌수영로 948-3(봉계동),34.7831112,127.6662435
동부자동차 부분정비공업사,전라남도,여수시,여수산단로 250(주삼동),34.8050262,127.6670375
부영선진자동차공업사 (주),전라남도,여수시,국동남7길 10(국동),34.7310296,127.7215614
차전사부분정비공업사,전라남도,여수시,봉계3길 6,34.785211,127.6633742
코리아자동차 부분정비공업사,전라남도,여수시,화산1길 24-7(화장동),34.772866,127.6471126
둔덕 부분정비공업사,전라남도,여수시,상암로 46(둔덕동),34.7853552,127.6989025
석창자동차공업사,전라남도,여수시,좌수영로 962-6,34.7833608,127.6652974
정성카오디오 부분정비공업사,전라남도,여수시,덕양로 152,34.7725528,127.6386061
황소자동차 부분정비공업사,전라남도,여수시,소호4길 5-16(소호동),34.7452215,127.652112
무선셀프부분정비공업사,전라남도,여수시,무선중앙로 55,34.7731494,127.6503845
마이스터자동차부분정비공업사,전라남도,여수시,만성로 91,34.7711063,127.705668
풍성부분정비공업사,전라남도,여수시,둔덕7길 46-1,34.7698068,127.6987825
한영혼부분정비공업사,전라남도,여수시,돌산읍 강남3길 17-8,34.7197866,127.7548134
동서카부분정비공업사,전라남도,여수시,만성로 93(미평동),34.7711242,127.705801
신여천자동차부분정비공업사,전라남도,여수시,소호6길 11-8(소호동),34.7402387,127.6489634
안산점 현대자동차,전라남도,여수시,장성3길 10,34.7538837,127.6561394
형제자동차정비공업사,전라남도,여수시,소라면 덕양로 419,34.7951472,127.6323246
봉산점 기아오토 큐,전라남도,여수시,대교로 17-1(봉산동),34.7361569,127.7233121
한국지엠여수바로서비스,전라남도,여수시,좌수영로 452-1,34.7676802,127.7006088
한성부분정비공업사,전라남도,여수시,미평9길 13(미평동),34.7697639,127.7050555
에프에스모터스,전라남도,여수시,쌍봉로 117(학동),34.7658281,127.6688287
대형공업사,전라남도,여수시,소라면 덕양로 406,34.7942017,127.63323
태광자동차정비공업사,전라남도,여수시,좌수영로 530(둔덕동),34.7711039,127.6938395
선경오토자동차정비,전라남도,여수시,신월로 569(신월동),34.7247816,127.7091137
새희망부분정비공업사,전라남도,여수시,여문1로 25,34.7510822,127.705591
찬영부분정비공업사,전라남도,여수시,여문1로 36,34.7521325,127.705539
(주)우리공업사,전라남도,여수시,"쌍봉로 86, 외 1(39-5)(학동)",34.7657232,127.6653035
한려셀프타운,전라남도,여수시,오동도로 45,34.7442302,127.7473051
대건자동차 부분정비공업사,전라남도,여수시,무선5길 11,34.7729259,127.6530492
재성부분정비공업사,전라남도,여수시,허문정1길 50-2,34.7502539,127.6948381
화양부분정비공업사,전라남도,여수시,만성로 105-1,34.7713901,127.7072334
여문카서비스,전라남도,여수시,신기남길 18,34.7593084,127.6723498
둔덕점 기아오토 큐,전라남도,여수시,둔덕8길 7-7(둔덕동),34.7695677,127.6941961
문수점 기아오토 큐,전라남도,여수시,여문2로 121(문수동),34.7544506,127.6983149
제일부분정비공업사,전라남도,여수시,좌수영로 81-1,34.7476502,127.72823
중앙부분정비공업사,전라남도,여수시,하멜로 22,34.7405615,127.7426716
맥가이버자동차 부분정비공업사,전라남도,여수시,도원로 192-1,34.7607619,127.6523404
신일자동차 부분정비공업사,전라남도,여수시,남산로 117-1(남산동),34.7393583,127.7277328
부강자동차 부분정비공업사,전라남도,여수시,무선6길 23,34.7743508,127.6514793
여수농협 자동차부분정비공업사,전라남도,여수시,돌산읍 돌산로 2101,34.642066,127.7817236
현대자동차 여서점,전라남도,여수시,"여서로 228, (여서동)",34.7490207,127.7066027
마스터카부분정비공업사,전라남도,여수시,대통2길 75-4,34.7766574,127.6447867
봉산점현대자동차서비스,전라남도,여수시,대교로 68,34.733129,127.727093
대호카랜드,전라남도,여수시,오동도로 3(공화동),34.7463987,127.7437401
시그너스부분정비공업사,전라남도,여수시,소호로 520(소호동),34.748575,127.6551085
부광자동차공업사,전라남도,여수시,여수산단로 238,34.8039434,127.6663492
한국지엠여천바로서비스,전라남도,여수시,쌍봉로 145(학용동),34.7654127,127.6717588
오토오아시스 소호점,전라남도,여수시,"소호로 520, (소호동)",34.748575,127.6551085
신진오토부분정비공업사,전라남도,여수시,미평로 23,34.7652671,127.707238
애니카랜드 쌍봉점,전라남도,여수시,거북선공원3길 18,34.7622704,127.6670561
TS여천점,전라남도,여수시,시청서3길 26(학동),34.7571404,127.6570053
영신자동차 부분정비공업사,전라남도,여수시,봉산2로 7,34.7310481,127.7240208
크로바카부분정비공업사,전라남도,여수시,여문문화2길 75,34.7504932,127.7002129
(유)여수자동차공업사,전라남도,여수시,좌수영로 422(미평동),34.7665909,127.7036948
삼일부분정비공업사,전라남도,여수시,시청동2길 9(학동),34.7596019,127.6648552
터보부분정비 공업사,전라남도,여수시,미평7길 3(미평동),34.7711752,127.7100008
거북이자동차 부분정비공업사,전라남도,여수시,도원로 152-1,34.7606536,127.648006
금성부분정비공업사,전라남도,여수시,장군산길 90(오림동),34.7559171,127.7186835
애니카랜드 대교점,전라남도,여수시,봉산2로 35-1(봉산동),34.7333692,127.7254834
신기자동차 부분정비공업사,전라남도,여수시,시청서3길 5-1(학동),34.7589989,127.6563839
호남밧데리 부분정비공업사,전라남도,여수시,국동남9길 14(국동),34.7300694,127.7225094
미평점 현대자동차,전라남도,여수시,"만성로 111-1, 외 1필지(700-17)(미평동)",34.7714346,127.7078546
동아밧데리 부분정비공업사,전라남도,여수시,좌수영로 134(연등동),34.7522034,127.7280234
쌍마자동차공업사,전라남도,여수시,연등1길 171(연등동),34.7562186,127.7213164
돌산금호자동차 부분정비공업사,전라남도,여수시,돌산읍 돌산로 3406,34.7209714,127.7570271
기호자동차 부분정비공업사,전라남도,여수시,무선중앙로 85(선원동),34.7728091,127.6532904
애니카랜드 신기점,전라남도,여수시,새터로 41(신기동),34.7598673,127.6752761
고향자동차정비공업사,전라남도,여수시,소호1길 8-8(소호동),34.7487505,127.6553853
경동자동차 부분정비공업사,전라남도,여수시,삼동로 35,34.8003731,127.6542349
부영자동차 부분정비공업사,전라남도,여수시,시청서4길 30-1,34.7581462,127.6593351
대덕자동차 부분정비공업사,전라남도,여수시,대통2길 5(화장동),34.773709,127.6384274
대명자동차 부분정비공업사,전라남도,여수시,삼동로 43(주삼동),34.8003601,127.655291
쌍용자동차 부분정비공업사,전라남도,여수시,무선로 167(선원동),34.775458,127.6534436
호남부분정비공업사,전라남도,여수시,미평10길 6-2(미평동),34.7702596,127.7055794
프로모터스,전라남도,여수시,시청서4길 5(학동),34.7579955,127.6565104
바우부분정비공업사,전라남도,여수시,시청서3길 17(학동),34.7578031,127.6570347
영진부분정비공업사,전라남도,여수시,"만성로 7, 외 1(10)(둔덕동)",34.7693871,127.6967099
세왕부분정비공업사,전라남도,여수시,만성로 40-1,34.7694984,127.7003595
대창밧데리 부분정비공업사,전라남도,여수시,좌수영로 91,34.7485369,127.7281249
하이테크카서비스,전라남도,여수시,"여서동4길 3-5, 244-5번지(여서동)",34.7526138,127.7098164
신진부분정비공업사,전라남도,여수시,미평3길 50-8,34.7698772,127.7042133
곡성자동차 부분정비공업사,전라남도,여수시,좌수영로 548,34.7726667,127.6936355
월드카센터,전라남도,여수시,도원로 250,34.7607854,127.6587241
(유)동성자동차공업사,전라남도,여수시,연등8길 23(연등동),34.7563121,127.7228545
(유)신여천자동차공업사,전라남도,여수시,여수산단로 327(평여동),34.8115561,127.6704727
(주)동양교통 자가정비업,전라남도,여수시,좌수영로 422(미평동),34.7665909,127.7036948
엑스포정비서비스,전라남도,여수시,여수산단로 232,34.8032856,127.6664289
제일보링,전라남도,여수시,봉산남7길 17-13,34.7328365,127.7244532
(주)신광자동차공업사,전라남도,여수시,만성로 184-19,34.7728152,127.7177229
여수여객자동차(주)종합자가정비공장,전라남도,여수시,좌수영로 531(둔덕동),34.7709511,127.6931259
르노코리아 서비스코너 학동점,전라남도,여수시,쌍봉로 139(학동),34.7656202,127.6711027
만도상사,전라남도,여수시,좌수영로 170(연등동),34.7553092,127.7261127
골든자동차부분정비공업사,전라남도,여수시,무선1길 18(선원동),34.7712101,127.6540904
그랑프리자동차 부분정비공업사,전라남도,여수시,"좌수영로 149, 외(광무동)",34.7535954,127.7270092
명동자동차 부분정비공업사,전라남도,여수시,여서동6길 33(여서동),34.750608,127.7097758
태양자동차 부분정비공업사,전라남도,여수시,좌수영로 249(오림동),34.7569127,127.717745
봉산카클리닉,전라남도,여수시,어항로 13-2(봉산동),34.7323879,127.7202773
골든자동차 부분정비공업사,전라남도,여수시,연등1길 177,34.7561369,127.7207605
거성서비스 부분정비공업사,전라남도,여수시,봉산2로 49(봉산동),34.7342991,127.726372
대거서비스자동차부분정비공업사,전라남도,여수시,미평11길 18(미평동),34.7681846,127.7052272
금호타이어 여수대리점,전라남도,여수시,좌수영로 328-1(오림동),34.7600212,127.7104889
희망자동차 부분정비공업사,전라남도,여수시,"성산6길 48, 771-15번지(화장동)",34.7730092,127.6436555
무궁화자동차 부분정비공업사,전라남도,여수시,무선1길 23(선원동),34.7704735,127.6543836
스피드메이트 학동점,전라남도,여수시,쌍봉로 84(학동),34.7658584,127.6651005
현대자동차 화장점,전라남도,여수시,화산로 99(화장동),34.7751496,127.6483446
정석자동차 부분정비공업사,전라남도,여수시,쌍봉로 138-1(신기동),34.765024,127.6709631
반도자동차 부분정비공업사,전라남도,여수시,화산로 82(화장동),34.773593,127.6472373
(주)쉐보레 군산서비스센터,전라북도,군산시,구암로 160,35.9833334,126.7570503
서해자동차공업사,전라북도,군산시,해망로 603,35.9800599,126.6773227
1급제일자동차공업사,전라북도,군산시,십자다리길 65,35.970014,126.659813
(유)소룡중기자동차,전라북도,군산시,풍전4길 13,35.9775657,126.679231
군산자동차공업사,전라북도,군산시,성산면 십자들로 71,36.0018973,126.7880227
(유)그린자동차공업사,전라북도,군산시,조촌로 174,35.9795812,126.738033
(유)세명자동차공업사,전라북도,군산시,해망로 528,35.9836922,126.6849326
(유)서군산자동차공업사,전라북도,군산시,풍전4길 26,35.9788504,126.6787882
(유)태양자동차공업사,전라북도,군산시,공단대로 692,35.9781769,126.6737455
현대자동차(주)군산하이테크센터,전라북도,군산시,해망로 570,35.9827193,126.6784992
대한공업사,전라북도,군산시,번영로 243,35.9623077,126.743806
현대동군산종합서비스 주식회사,전라북도,군산시,개정면 모갱이1길 62,35.9847947,126.7653726
드림자동차공업사,전라북도,군산시,공항로 22-9,35.9811014,126.6815886
카컴프렉스,전라북도,군산시,공항로 605,35.9378681,126.6508306
세영자동차공업사,전라북도,군산시,대학로 490,35.9517364,126.6854325
한빛자동차공업사,전라북도,군산시,부원로 18,35.9610336,126.6896486
동백자동차공업사,전라북도,군산시,조촌로 162,35.9785223,126.7380512
군산디젤센터,전라북도,군산시,미장서로 144,35.9721691,126.7239614
(주)백마보링,전라북도,군산시,개정면 아동북길 63-9,35.9818506,126.7702059
서해엔진보링사,전라북도,군산시,해망로 488,35.9848837,126.688636
(bieung)마린모터스,전라북도,군산시,비응1길 37,35.9424164,126.532961
(주)777타이어 군산시청점,전라북도,군산시,조촌로 52,35.9685353,126.7381914
남윤카센타,전라북도,군산시,대학로 207,35.973535,126.701308
타이어K 군산나운점,전라북도,군산시,대학로 359,35.961853,126.6928863
유신모터스,전라북도,군산시,산북로 189,35.9705402,126.6748881
동화카밧데리,전라남도,여수시,여수산단1로 194,34.8208186,127.6407605
쌍봉자동차정비,전라남도,여수시,새터로 13(신기동),34.7580284,127.674627
둔덕오름자동차공업사,전라남도,여수시,좌수영로 644(둔덕동),34.7809733,127.6961746
여수종합검사소(AUTO-M),전라남도,여수시,신월8길 48,34.7280838,127.6981762
상동자동차공업사,전라남도,여수시,좌수영로 822,34.7811931,127.6801708
코리아자동차공업사,전라남도,여수시,화산1길 24-7(화장동),34.772866,127.6471126
남여수현대서비스주식회사,전라남도,여수시,시청로 126,34.7725776,127.6635382
그랜드자동차공업사,전라남도,여수시,시청로 222-29,34.7827708,127.6630887
현대카 모터스,전라남도,여수시,쌍봉로 142(신기동),34.7649861,127.6713309
타이어나라,전라남도,여수시,"대교로 2, 250-20(봉산동)",34.7364715,127.7216757
기준정비서비스,전라남도,여수시,흥국사길 18(중흥동),34.8270182,127.6840009
타이어체인지,전라남도,여수시,문수로 114-1(여서동),34.7550149,127.7073557
쌍용자동차 여천서비스프라자,전라남도,여수시,성산로 120(화장동),34.7789972,127.6482272
여수디젤서비스,전라남도,여수시,좌수영로 540(둔덕동),34.772048,127.6936032
현진카센타,전라남도,여수시,반월길 88(선원동),34.7764404,127.6535458
한결모터스,전라남도,여수시,돌산읍 강남3길 75,34.7153798,127.7537002
오토오아시스 엑스포점,전라남도,여수시,충민로 135(덕충동),34.7544204,127.7324968
우리타이어,전라남도,여수시,율촌면 여순로 749-63,34.8594587,127.5929861
라온자동차정비공업사,전라남도,여수시,좌수영로 560(둔덕동),34.7738024,127.6940737
동부자동차공업사,전라남도,여수시,좌수영로 901(여천동),34.7813939,127.6713431
여수제일공업사,전라남도,여수시,소라면 통천길 74,34.7897428,127.6354271
다인모터스,전라남도,여수시,율촌면 여순로 749-70,34.858824,127.5929567
대흥카. 세차장,전라남도,여수시,학동북4길 50(학동),34.7679718,127.6616126
창성공업사,전라남도,여수시,묘도1길 135(묘도동),34.8803497,127.7090848
타이어프로 문수웅천점,전라남도,여수시,여서로 113(문수동),34.7489211,127.6946947
한국타이어 여수판매,전라남도,여수시,문수로 65(문수동),34.7536074,127.7024952
거창카서비스,전라남도,여수시,신월로 602(신월동),34.7264573,127.7122095
DB프로미카월드,전라남도,여수시,성산로 116(화장동),34.7784449,127.6483866
오토오아시스 돌산청솔점,전라남도,여수시,돌산읍 강남8길 21,34.7211911,127.7486983
하나오토 정비,전라남도,여수시,좌수영로 606(둔덕동),34.7775313,127.6957968
태영타이어,전라남도,여수시,주동2길 4(주삼동),34.7876629,127.651553
마루모터스,전라남도,여수시,충민로 135(덕충동),34.7544204,127.7324968
뉴월드 전문정비,전라남도,여수시,여문문화1길 84(여서동),34.7497598,127.7002331
여수시도시관리공단 청소차량 정비소,전라남도,여수시,신월로 284-1(웅천동),34.7355231,127.6794927
금호타이어 여천대리점,전라남도,여수시,쌍봉로 125,34.7657128,127.6697402
한국자동차공업사,전라남도,여수시,시청로 238(여천동),34.7829871,127.6629445
여수서비스기아오토큐주식회사,전라남도,여수시,소라면 소호관기로 143,34.7384241,127.6329074
한국휠터적재함,전라남도,여수시,율촌면 서부로 1876,34.8790866,127.5687333
첨단모터스,전라남도,여수시,좌수영로 370(미평동),34.7627985,127.7073982
자동차종합카닥터,전라남도,여수시,상암로 602(상암동),34.8238446,127.7316922
1급한울자동차공업사,전라남도,여수시,돌산읍 강남4길 52,34.7221586,127.7509565
신덕카센타,전라남도,여수시,상암로 821(낙포동),34.8395939,127.7432495
타이어프로 여수전남대점,전라남도,여수시,좌수영로 590(둔덕동),34.7761923,127.6948815
타이어 스토리,전라남도,여수시,성산로 69(화장동),34.7755689,127.6447297
금정미래써비스,전라남도,여수시,여수산단로 40(봉계동),34.7877283,127.6641278
여천점 기아오토큐,전라남도,여수시,반월길 13-3(여천동),34.777188,127.661615
AUTO LINE,전라남도,여수시,만성로 230-2,34.7749434,127.7198377
율촌보쉬모터스,전라남도,여수시,율촌면 서부로 1873,34.8795821,127.5693744
진남자동차공업사,전라남도,여수시,둔덕8길 6(둔덕동),34.7698916,127.6938906
뉴그린부분정비공업사,전라남도,여수시,망양로 1237(상암동),34.8311203,127.7421482
전진자동차공업사,전라남도,여수시,"봉산1로 46(봉산동, 외1)",34.7348801,127.7242016
현대버디카서비스,전라남도,여수시,만성로 229-1(만흥동),34.7754567,127.7193741
남도부분정비공업사,전라남도,여수시,삼동로 41(주삼동),34.8001662,127.6548916
21세기 부분정비,전라남도,여수시,좌수영로 397(미평동),34.7644341,127.7049419
회원부분정비공업사,전라남도,여수시,만성로 32(둔덕동),34.7692944,127.6994365
호산자동차 부분정비공업사,전라남도,여수시,성산로 16(화장동),34.7732895,127.6396235
기아오토큐학동점 유한회사,전라남도,여수시,선소로 15(학동),34.7572745,127.6635855
타이어365 무선점,전라남도,여수시,성산로 32-1(화장동),34.7738684,127.6414103
제일카부분정비공업사,전라남도,여수시,무선로 249-4(화장동),34.7803512,127.6464369
타이어프로 전라좌수영점(동호),전라남도,여수시,좌수영로 364(미평동),34.7623135,127.707938
내트럭 자동차공업사(주),전라남도,여수시,여수산단로 140(주삼동),34.7977042,127.6624527
(주)케이원 자동차공업사,전라남도,여수시,시청로 232(여천동),34.7822699,127.6629791
car care,전라남도,여수시,무선중앙로 63(선원동),34.7728374,127.6509685
대흥카공업사,전라북도,부안군,행안면 변산로 50,35.7294489,126.7155361
새만금종합자동차공업사,전라북도,부안군,줄포면 주을로 66,35.5981141,126.6845891
애니카랜드 부안점(영국카),전라북도,부안군,부안읍 석정로 106,35.7361357,126.7348706
상서종합카공업사,전라북도,부안군,상서면 만석로 1,35.6867614,126.6792566
털보카센타,전라북도,부안군,주산면 선돌로 359,35.6732409,126.7120336
서진카센타,전라북도,부안군,부안읍 오리정로 102,35.7230334,126.7331858
동양오토,전라북도,부안군,부안읍 부풍로 132,35.7195471,126.7306062
서림자동차공업사,전라북도,부안군,부안읍 고마제로 68,35.73674,126.7568594
태성카센타,전라북도,부안군,부안읍 서외2길 21,35.7284747,126.7301055
현대자동차부안중부점,전라북도,부안군,부안읍 번영로 195,35.7279239,126.7413319
격포카,전라북도,부안군,변산면 격포로 137,35.6288232,126.4750274
제일자동차공업사,전라북도,부안군,행안면 행안중앙로 8,35.712596,126.7128834
신창자동차공업사,전라북도,부안군,동진면 봉황리 310-11,35.7510365,126.7411078
유진자동차공업사,전라북도,부안군,행안면 부안로 2397,35.7100911,126.7100294
문화카센터,전라북도,부안군,부안읍 오리정로 152,35.7231028,126.7388318
새만금 모터스,전라북도,부안군,부안읍 오리정로 31,35.7233803,126.7255093
아리울자동차공업사,전라북도,부안군,계화면 금산길 41,35.7654447,126.7005258
케이지모빌리티 부안서비스프라자,전라북도,부안군,부안읍 매창로 147,35.7190007,126.7351568
우진공업사,전라북도,부안군,행안면 월륜길 65,35.7205915,126.7135411
조은카모터스,전라북도,부안군,행안면 매창로 47,35.7183312,126.7238749
거북이 자동차정비,전라북도,부안군,행안면 부안로 2463,35.7142387,126.7152427
구원열차 카센타,전라북도,부안군,부안읍 매창로 215,35.7190501,126.7425009
이동준자동차세상,전라북도,부안군,줄포면 부안로 915,35.591058,126.6743668
서영모터스,전라북도,부안군,부안읍 오리정로 28,35.7229279,126.7251103
삼정건설기계,경상북도,경산시,진량읍 공단로 437-1,35.8699215,128.8181557
건아종합정비공장,경상북도,경산시,화랑로 178(갑제동),35.8304867,128.7644786
정인모터스,경상북도,경산시,압량읍 가일길 24,35.8365247,128.7753501
하양특장종합정비,경상북도,경산시,하양읍 하양로 315,35.9205773,128.8391919
삼성정비,경상북도,경산시,남천면 삼성역길 36-36,35.764145,128.7228354
타이어 명품관,전라북도,군산시,서흥길 89,35.9729007,126.7154067
제일타이어,전라북도,군산시,외항로 215,35.9708715,126.6457293
스피드메이트 군산미장점,전라북도,군산시,공단대로 163,35.959296,126.7236772
우전타이어,전라북도,군산시,외항로 389,35.9659953,126.6269671
준모터스,전라북도,군산시,문화로 69-1,35.9700912,126.7134679
서해안공업사,전라북도,군산시,공항로 262,35.9649483,126.6633842
유케이 새한,전라북도,군산시,대야면 번영로 888-1,35.9465139,126.8095601
차사랑 카센타,전라북도,군산시,소룡길 42,35.9716037,126.680603
대원타이어,전라북도,군산시,해망로 546,35.9830045,126.6828197
S.K시트,전라북도,군산시,조촌로 73,35.9705116,126.7373744
성호공업사,전라북도,군산시,개정면 아동남로 149,35.9746434,126.7733803
오토랜드,전라북도,군산시,축동로 153,35.9732546,126.7104217
주식회사 진모터스,전라북도,군산시,백릉3길 2,35.9711602,126.7297795
카이로스 모터스,전라북도,군산시,칠성로 49,35.959178,126.6780979
타이어 스테이션,전라북도,군산시,백토로 209,35.9603383,126.7052416
한국타이어(산북점),전라북도,군산시,미성로 406,35.9557088,126.6657159
특장25시,전라북도,군산시,옥녀로 6-93,35.9644858,126.6116126
한스카케어,전라북도,군산시,구영7길 138,35.9892952,126.7126912
(주)내쇼날모터스 군산지점,전라북도,군산시,번영로 62,35.9714595,126.7283691
타이어피아 군산점,전라북도,군산시,대학로 355,35.9622181,126.6929754
(주)군산대형점,전라북도,군산시,외항로 321,35.9681562,126.634691
스타카클리닉,전라북도,군산시,요죽안2길 20,35.9628504,126.5666511
그린자동차정비,전라북도,군산시,분멀2길 11-7,35.9628285,126.5684737
부라더카,전라북도,군산시,양안3길 38,35.9721248,126.7425162
미룡점 기아오토큐,전라북도,군산시,대학로 501,35.950569,126.6859358
에이스 자동차공업사,전라북도,군산시,산북로 133,35.9652433,126.6745225
열린타이어카센타,전라북도,군산시,번영로 204,35.9622899,126.7396609
르노코리아자동차서비스코너(산북점),전라북도,군산시,원산북1길 4,35.9633007,126.675002
(주)신창타이어,전라북도,군산시,외항로 245-9,35.9694662,126.6426472
이레카샵,전라북도,군산시,칠성4길 197,35.972793,126.6778823
진성공업사,전라북도,군산시,공항로 480,35.9481844,126.6549134
한길밧데리공업사,전라북도,군산시,외항로 293,35.9687139,126.6373089
신진자동차공업사,전라북도,군산시,옥녀로 42,35.962224,126.6199327
티스테이션 문화점,전라북도,군산시,문화로 15,35.9699747,126.7074127
성두공업사,전라북도,군산시,외항로 295-10,35.968095,126.6365561
공열모터스,전라북도,군산시,외항로 393,35.9660587,126.6265368
한국정비,전라북도,군산시,백릉로 134,35.975449,126.7408557
토탈카서비스,전라북도,군산시,조촌로 107,35.9736719,126.7372449
대상자동차정비,전라북도,군산시,관여길 28,35.9528481,126.6811227
삼성공업사,전라북도,군산시,공항로 262,35.9649483,126.6633842
미소카 서비스,전라북도,군산시,양안로 77,35.9702018,126.7416717
유로모터스,전라북도,군산시,공단대로 704,35.9788703,126.6732865
군산오토카서비스,전라북도,군산시,미성로 495,35.9554745,126.6755337
레이디 카 센타,전라북도,군산시,의료원로 94,35.9566378,126.7056503
함상봉 카랜드,전라북도,군산시,문화안길 20-5,35.971721,126.7048264
서울카 서비스,전라북도,군산시,조촌안2길 17,35.9713505,126.7356865
건영오토,전라북도,군산시,미성로 481,35.9555583,126.6740611
새만금 현대카센타,전라북도,군산시,가도안2길 4,35.9460161,126.5570397
참조은카서비스,전라북도,군산시,수송안7길 12,35.9610231,126.7183113
현대타이어센타,전라북도,군산시,번영로 76,35.9705631,126.7296253
한국타이어 Tsation,전라북도,군산시,상나운로 3,35.9638181,126.6912942
코아 카 서비스,전라북도,군산시,수송7길 22,35.9610304,126.7179852
대양1급종합정비공장,경상북도,경산시,진량읍 공단7로 3,35.8585274,128.8271854
(주)크레인특장 경산와촌지점,경상북도,경산시,하양읍 지식산업4로 100,35.9317452,128.8197358
오토비스,경상북도,경산시,압량읍 가일길3길 45,35.8398059,128.7736969
한길종합정비,경상북도,경산시,하양읍 대경로 774,35.9135674,128.8249637
신갑을종합정비,경상북도,경산시,진량읍 공단10로 332,35.8850794,128.8366813
광림특장,경상북도,경산시,진량읍 공단12로 213,35.8736168,128.8422308
주식회사 우성정비센터,경상북도,경산시,한의대로 114,35.8074276,128.7770505
새한자동차정비공장,경상북도,경산시,경안로 249(중방동),35.8296072,128.7355719
경산대흥자동차정비,경상북도,경산시,경산로 289(중산동),35.8334785,128.7224226
대원모터스,경상북도,경산시,원효로 280(평산동),35.8155858,128.7661498
경인자동차정비공장,경상북도,경산시,원효로 166(사동),35.8202362,128.7545966
진양특장자동차정비공장,경상북도,경산시,진량읍 일연로115길 26,35.8589272,128.8029307
하양현대서비스,경상북도,경산시,진량읍 공단10로 349,35.8857564,128.8349034
영남종합정비공장,경상북도,경산시,압량읍 대학로 516,35.8528939,128.7678766
㈜황금,경상북도,경산시,자인면 설총로 832,35.8103927,128.827983
동부자동차정비,경상북도,경산시,남매로 59(삼남동),35.816276,128.7417165
갑을종합정비,경상북도,경산시,진량읍 동자1길 25,35.8710869,128.8012027
㈜두레종합정비공장,경상북도,경산시,감못둑길 72(갑제동),35.8342013,128.7723085
금강자동차종합정비,경상북도,경산시,대학로 23-1(중산동),35.8351689,128.7247362
르노코리아경산사업소,경상북도,경산시,압량읍 대학로 405,35.8438323,128.7625854
경산버스㈜,경상북도,경산시,압량읍 원효로 606,35.8126289,128.8010256
대평정비㈜,경상북도,경산시,경안로87길 25-4(대평동),35.8439576,128.7297334
경산자동차정비,경상북도,경산시,압량읍 대학로 357,35.8414288,128.7594039
해동종합정비공장,경상북도,경산시,하양읍 대경로 826,35.916238,128.8292643
금호종합정비공장,경상북도,경산시,"와촌면 하양로 481, 1207동",35.9269289,128.8557938
애드준,경상북도,경산시,진량읍 일연로 590,35.8611992,128.8057374
경산서비스기아오토큐 주식회사,경상북도,경산시,압량읍 대학로 511,35.8530852,128.765889
성암자동차정비,경상북도,경산시,경산로 231(중산동),35.8285604,128.723879
대림자동차정비,경상북도,경산시,남매로 241(중방동),35.8324321,128.7406052
진성모터스,경상북도,경산시,"경산로 273, 103동(중산동)",35.8322955,128.7226879
대경정비,경상북도,경산시,남천면 하도로 73,35.7325373,128.7349191
친구카공업사,전라북도,부안군,부안읍 부풍로 117,35.720638,126.7314842
한국자동차공업사,전라북도,부안군,부안읍 석정로 339,35.7151163,126.7377741
명전사,전라북도,부안군,부안읍 낭주길 28,35.7273259,126.7388479
형제카공업사,전라북도,부안군,부안읍 번영로 225,35.7292636,126.7440977
미스바 MOTORS,전라북도,부안군,부안읍 오리정로 63,35.7234656,126.7291216
현대오토밋션,전라북도,부안군,부안읍 오리정로 146,35.7231019,126.7378638
타이어타운,전라북도,부안군,부안읍 용암로 28,35.7249393,126.7411377
스피드 카,전라북도,부안군,부안읍 봉서길 19,35.7221702,126.7336681
동도현대카공업사,전라북도,부안군,부안읍 매창로 183,35.7191256,126.738986
(주)현대오토1급자동차공업사,전라북도,부안군,행안면 부안로 2461,35.7138219,126.7146707
부안점 기아오토큐,전라북도,부안군,부안읍 오리정로 63,35.7234656,126.7291216
아름다운 샵,전라북도,부안군,부안읍 용암로 106,35.7185189,126.743871
부안자동차보링공업사,전라북도,부안군,행안면 염소로 109,35.7379191,126.7188346
한진자동차공업사,전라북도,부안군,부안읍 오리정로 39,35.7232823,126.7261531
동진25시자동차병원,전라북도,부안군,동진면 동진남로 4,35.7521258,126.7439166
덕원카정비공업사,전라북도,부안군,부안읍 선은리 375-7,35.7354139,126.7370306
서해카독크,전라북도,부안군,부안읍 매창로 76,35.7181249,126.7272326
줄포자동차정비공업사,전라북도,부안군,줄포면 연중길 12,35.6005399,126.6868435
줄포종합카센타,전라북도,부안군,줄포면 주을로 66,35.5981141,126.6845891
지엠대우부안바로정비,전라북도,부안군,부안읍 옹정로 351,35.7163634,126.7354992
강산자동차공업사,전라북도,부안군,동진면 석정로 44-10,35.7418818,126.731785
금강종합카센터,전라북도,부안군,부안읍 석정로 157,35.7317566,126.7367231
태광카공업사,전라북도,부안군,부안읍 당산로 10,35.7270904,126.7262636
부안오토,전라북도,부안군,부안읍 번영로 52,35.726455,126.7260395
붕붕보링 모터랜드,전라북도,부안군,줄포면 줄포길 65,35.5938635,126.677796
영전카센타,전라북도,부안군,보안면 부안로 1133,35.6096657,126.6686394
금호타이어 부안대리점,전라북도,부안군,부안읍 오리정로 97,35.723502,126.7328275
서부안 현대서비스(유),전라북도,부안군,부안읍 순환남로 571,35.7110726,126.7556553
타이어뷰,전라북도,부안군,행안면 오리정로 12-1,35.7224281,126.7227541
상원카,경상남도,창원시,진해구 이동로68번길 2(이동),35.1512596,128.6993106
김응만자동차정비,경상북도,구미시,송원서로2길 5(원평동),36.1237416,128.3436565
폭포자동차정비,경상북도,구미시,구미대로 156(광평동),36.1005012,128.3630586
OK카크리닉,경상북도,구미시,인동32길 44-29(진평동),36.0920066,128.4274428
향교카센타,경상북도,구미시,수출대로 336(임수동),36.1104099,128.4015819
우정타이어경정비,경상북도,구미시,왕산로 96(임은동),36.085599,128.3716794
한창운수(주)부분정비,경상북도,구미시,고아읍 송림2길 14,36.1683425,128.3566078
귀빈카서비스,경상북도,구미시,수출대로27길 6(인의동),36.1111198,128.4244081
특급차차차정비,경상북도,구미시,금오대로 345(오태동),36.0752327,128.3501784
보성자동차정비,경상북도,구미시,상사동로28길 16(사곡동),36.1009009,128.3607478
아우토반자동차정비,경상북도,구미시,상림로 5(임은동),36.0864898,128.3601341
진아자동차부분정비,경상북도,구미시,봉곡로 60(봉곡동),36.1439821,128.3102514
오토자동차부분정비,경상북도,구미시,금오대로 343(오태동),36.0750131,128.3501696
성민자동차정비,경상북도,구미시,칠성로 98(원평동),36.1251334,128.3577747
동산자동차부분정비,경상북도,구미시,고아읍 선산대로 522,36.1755911,128.3523808
신세계자동차정비,경상북도,구미시,비산로 113(비산동),36.1197283,128.3842939
대원카정비,경상북도,구미시,형곡동 183,36.1093458,128.3414224
삼일부분정비,경상북도,구미시,백산로 202(송정동),36.1149016,128.3509103
카플러스,경상북도,구미시,"낙동강변로 743, 202동(비산동)",36.1238416,128.3771789
현대자동차옥계점,경상북도,구미시,산호대로24길 9-33(옥계동),36.1364505,128.4160575
현대자동차봉곡점,경상북도,구미시,봉곡남로 35(봉곡동),36.1507158,128.3069509
로타리경정비,경상북도,구미시,수출대로 11(광평동),36.1118447,128.3657214
현대자동차(사곡점),경상북도,구미시,상모로1길 68-1(사곡동),36.094734,128.3551495
일성자동차정비,경상북도,구미시,고아읍 들성로7길 5-14,36.1618766,128.3432355
한국GM구미중앙바로서비스,경상북도,구미시,야은로 348(도량동),36.1377213,128.3209908
21세기카랜드,경상북도,구미시,인동남길 114(진평동),36.096918,128.4278479
하이웨이자동차정비,경상북도,구미시,형곡로14길 5(형곡동),36.1139749,128.3318918
드래곤자동차정비,경상북도,구미시,신시로 5-1(형곡동),36.1084706,128.3389785
일광자동차정비,경상북도,구미시,형곡로 233(형곡동),36.1089759,128.3409648
성진자동차정비,경상북도,구미시,산동면 동백로 18,36.1697879,128.4375724
구미부분정비,경상북도,구미시,봉곡로24길 28(봉곡동),36.1543652,128.3139629
스피드자동차정비,경상북도,구미시,원남로 27-3(남통동),36.1299832,128.3242341
케이지모빌리티구미서비스프라자,경상북도,구미시,송선로 504(도량동),36.1330748,128.3223026
만도자동차정비,경상북도,구미시,흥안로1길 23(옥계동),36.145114,128.4182149
오토와이드365,경상북도,구미시,인동20길 27-32(진평동),36.0959626,128.4252611
유일자동차정비,경상북도,구미시,구미중앙로 2(원평동),36.1316667,128.3236765
해평자동차정비,경상북도,구미시,해평면 강동로 1680,36.2001944,128.3911209
우리자동차정비,경상북도,구미시,신시로10길 41(송정동),36.1162273,128.3431079
신광카정비,경상북도,구미시,구미대로2길 24(임은동),36.0871589,128.3637904
이수정비,경상북도,구미시,인동남길 138(진평동),36.0952743,128.4297663
매일자동차정비,경상북도,구미시,봉곡로 63(봉곡동),36.1443212,128.3096788
영남자동차정비,경상북도,구미시,임은길 62(임은동),36.0888997,128.3693265
한국지엠서구미바로서비스,경상북도,구미시,신시로20길 3(송정동),36.1186453,128.3389297
도개자동차정비,경상북도,구미시,도개면 도안로 154,36.3038444,128.3293493
황제카써비스,경상북도,구미시,송동로 199(도량동),36.1503131,128.3229039
진평자동차정비,경상북도,구미시,인동32길 10-1(진평동),36.0941974,128.4305807
신라카써비스,경상북도,구미시,구미대로 138(사곡동),36.0990675,128.3630899
스피드메이트 원평점,경상북도,구미시,산업로 112(원평동),36.1320596,128.335079
오토오아시스 형곡송정점,경상북도,구미시,형곡로 27(형곡동),36.1162564,128.3361482
E-P-S자동차정비,경상북도,구미시,송선로 478-5(도량동),36.1341773,128.3202578
중앙 모터스,경상북도,구미시,구미중앙로 300(송정동),36.1204734,128.3534101
대한모비스,경상북도,구미시,수출대로 518(황상동),36.1103495,128.4215608
구미카라이프,경상북도,구미시,봉곡로 135(봉곡동),36.1508394,128.3103285
탑자동차,경상북도,구미시,원남로 56-3(원평동),36.1283825,128.3270339
우방자동차정비,경상북도,구미시,상사서로 147(사곡동),36.0957875,128.3557714
대덕오토카클리닉,경상북도,구미시,고아읍 선산대로 359,36.1616132,128.3528029
고아카센타,경상북도,구미시,고아읍 선산대로 619,36.1838795,128.3493866
삼백자동차정비,경상북도,구미시,형곡로 203-1(형곡동),36.1076537,128.3380754
대성카부분정비,경상북도,구미시,산업로 182-1(원평동),36.128226,128.3414477
엑스포카써비스,경상북도,구미시,고아읍 관심길 7,36.2085315,128.3314225
신평종합카센타,경상북도,구미시,구미대로 394-1(신평동),36.1218358,128.3633094
에덴자동차정비,경상북도,구미시,고아읍 황산길 3,36.2257692,128.3097299
이광우자동차정비,경상북도,구미시,장천면 장군로 64,36.127735,128.5015428
공대자동차정비,경상북도,구미시,수출대로1길 65(신평동),36.1167667,128.3660522
두원자동차정비,경상북도,구미시,"구미대로30길 30(신평동, 두원자동차정비)",36.1170226,128.36574
광동자동차정비,경상북도,구미시,새마을로 8(형곡동),36.1116056,128.3396785
대신자동차정비,경상북도,구미시,봉곡남로18길 5-6(봉곡동),36.1496306,128.3144309
현대자동차(도량점),경상북도,구미시,송선로 495(도량동),36.1339798,128.3219755
용마카서비스,경상북도,구미시,산업로 190(원평동),36.1278295,128.341896
현대자동차(송정점),경상북도,구미시,구미중앙로42길 5-22(송정동),36.1194735,128.3525223
킹카자동차정비,경상북도,구미시,인동북길 77(인의동),36.1000281,128.4256444
들성자동차정비,경상북도,구미시,고아읍 들성로 41,36.1535751,128.3272056
한영카서비스,경상북도,구미시,"산업로 320-7, 502동(원평동)",36.1215868,128.354497
나이스카랜드,경상북도,구미시,인동35길 19(인의동),36.0960673,128.4333877
대성카브레다,경상북도,구미시,야은로 353(도량동),36.1381071,128.3217513
현대자동차(황상점),경상북도,구미시,"수출대로 526, 104동(황상동)",36.1103878,128.4224464
우주자동차정비,경상북도,구미시,비산로 25(비산동),36.1197529,128.3745832
만능자동차정비,경상북도,구미시,박정희로 407(송정동),36.1139487,128.3546124
현대자동차 고아점,경상북도,구미시,고아읍 송평로 6,36.1626027,128.3542604
현대자동차(인의점),경상북도,구미시,인동15길 9(인의동),36.1001447,128.426031
로드자동차정비,경상북도,구미시,인동19길 21-8(인의동),36.100112,128.4283403
티스테이션구미옥계점,경상북도,구미시,"옥계남로 83, 108동(옥계동)",36.1359924,128.4250147
오토모빌,경상북도,구미시,봉곡로 36(봉곡동),36.1418422,128.3099916
제일자동차정비,경상북도,구미시,선산읍 선산대로 1429,36.2423397,128.3044269
태광자동차정비,경상북도,구미시,신시로10길 141(송정동),36.1137671,128.3537909
광평현대정비,경상북도,구미시,"화신로4길 12, 101동(광평동)",36.1095489,128.3591089
도량현대정비공장,경상북도,구미시,송선로15길 24(도량동),36.1365156,128.3212889
사람과자동차,경상북도,구미시,구미대로12길 8(광평동),36.1051243,128.3635635
삼부자모터스,경상북도,구미시,비산로3길 14-40(비산동),36.1206221,128.3795305
현대오토,경상북도,구미시,화신로 50(광평동),36.1071214,128.3589592
북구미종합정비,경상북도,구미시,야은로 137(부곡동),36.1463741,128.29965
구미중앙자동차정비,경상북도,구미시,새마을로 211(사곡동),36.1027899,128.3600588
대성정비공장,경상북도,구미시,화신로4길 51(광평동),36.1122969,128.3578308
두산자동차정비,경상북도,구미시,형곡로 254(형곡동),36.109452,128.3430516
화이트자동차정비,경상북도,구미시,형곡서로 49(형곡동),36.1066734,128.3345046
삼성자동차정비,경상북도,구미시,구미대로 134(사곡동),36.0986314,128.3628918
만경밧데리,경상북도,구미시,야은로 420(도량동),36.1365057,128.3286447
사계절카랜드,경상북도,구미시,"송동로 67-4, 103동(도량동)",36.1387336,128.3235912
경도자동차정비,경상북도,구미시,구미대로 310(신평동),36.1144516,128.3640561
구미카정비,경상북도,구미시,구미대로 150(사곡동),36.100111,128.3630642
비산자동차정비,경상북도,구미시,신비로 137(신평동),36.1219004,128.3767062
유미자동차정비,경상북도,구미시,선산읍 선산대로 1425,36.2421631,128.3043045
하이테크자동차부분정비,경상북도,구미시,형곡로 90(형곡동),36.1132643,128.3320768
보스모터스,경상북도,구미시,형곡중앙로 53(형곡동),36.111677,128.3372429
애니카랜드 형곡점,경상북도,구미시,새마을로 24(형곡동),36.1108842,128.3413677
타이어프로 인동점,경상북도,구미시,삼일로 54(황상동),36.1098166,128.4178323
애니카랜드 도량점,경상북도,구미시,야은로 426(도량동),36.1363063,128.329414
옥계자동차정비,경상북도,구미시,흥안로1길 13-86(옥계동),36.1450215,128.4188305
대림자동차정비,경상북도,구미시,산업로4길 13(원평동),36.132474,128.3282726
카랜드자동차정비,경상북도,구미시,수출대로1길 53(신평동),36.1155461,128.3660417
세광자동차정비,경상북도,구미시,신비로 26(신평동),36.122127,128.3654281
모탑자동차정비,경상북도,구미시,선산대로 21(지산동),36.1319341,128.343899
현이자동차정비,경상북도,구미시,박정희로 36(상모동),36.0826491,128.3524207
사각지카,경상북도,구미시,인동가산로 613(신동),36.0983734,128.4762822
한국지엠남구미서비스 주식회사,경상북도,구미시,왕산로3길 5(임은동),36.087182,128.3647409
모드자동차정비,경상북도,구미시,비산로1길 30(비산동),36.12279,128.3743961
경북자동차정비공장,경상북도,구미시,봉곡서로7길 38(봉곡동),36.1539843,128.3026844
금강자동차정비공장,경상북도,구미시,"신비로 149(비산동, 외 1필지(신비로151))",36.1222876,128.3780537
공단현대정비공장,경상북도,구미시,새마을로 196(사곡동),36.1029751,128.3580072
우성자동차정비공장,경상북도,구미시,금오대로 377(오태동),36.0781476,128.3518481
주식회사 미래소형자동차정비,경상북도,구미시,고아읍 선산대로 1225,36.2256901,128.3097572
구미정수종합정비,경상북도,구미시,"송선로15길 27, 106동(도량동)",36.1371904,128.3199375
합동자동차정비,경상북도,구미시,금오대로 367(임은동),36.0771844,128.3512167
남구미1급종합정비,경상북도,구미시,오태길 217(오태동),36.0716954,128.3715301
(주)구미현대서비스,경상북도,구미시,비산로 45(비산동),36.1201944,128.376718
구미특장정비,경상북도,구미시,거양길 255(양호동),36.1298392,128.3904787
신세계종합정비공장,경상북도,구미시,산동면 산호대로43길 8-18,36.1384916,128.4435659
부곡현대종합정비,경상북도,구미시,야은로 193(부곡동),36.1434874,128.3058908
해마루1급종합정비공장,경상북도,구미시,4공단로 79(구포동),36.13393,128.4257493
르노코리아자동차 지정정비센터 동구미정비(주),경상북도,구미시,산동면 산호대로43길 8-15,36.1390756,128.4432784
북구미현대서비스(주),경상북도,구미시,산동면 옥계2공단로 640,36.1618053,128.416399
구미미광종합정비공장,경상북도,구미시,금오대로 360(오태동),36.0763918,128.351528
서부자동차정비,경상북도,구미시,선산읍 성황6길 8,36.238722,128.2901212
남구미IC자동차정비,경상북도,구미시,지주중류1길 60(오태동),36.0757221,128.3750945
주식회사 동구미현대,경상북도,구미시,거양길 231-7(양호동),36.1312014,128.3925865
광일산업 구미지점,경상북도,구미시,산호대로 1202(금전동),36.1328431,128.4591724
강남종합정비,경상북도,구미시,한천길 97(금전동),36.1287036,128.466921
유성자동차종합정비공업사,경상북도,구미시,화신로 56(광평동),36.1078102,128.3586858
(주)성일종합자동차정비서비스,경상북도,구미시,야은로 145-4(부곡동),36.144707,128.3009676
동아자동차종합정비,경상북도,구미시,산동면 강동로 902-8,36.1667669,128.4490097
그린모터서비스,경상북도,구미시,고아읍 선산대로 468-18,36.1727127,128.3535931
한국지엠구미서비스센터(주),경상북도,구미시,구미대로16길 18(광평동),36.1076821,128.3653304
동부정비공장,경상북도,구미시,산동면 강동로 1135,36.1660396,128.4234749
오성자동차정비공장,경상북도,구미시,고아읍 선산대로 504,36.1740009,128.3529419
나이스자동차구미정비센타,경상북도,구미시,"야은로 537, 105동(지산동)",36.1319318,128.3403655
구미모터랜드,경상북도,구미시,선산대로 97(지산동),36.1387851,128.3459174
온누리종합정비,경상북도,구미시,3공단1로 292-51(임수동),36.1083216,128.4051259
옥계종합정비공장,경상북도,구미시,옥계2공단로 252(구포동),36.128058,128.4156048
(주)구미자동차정비공장,경상북도,구미시,선기로3길 44(남통동),36.1277483,128.3167313
강동종합자동차서비스,경상북도,구미시,인동가산로 374(구평동),36.0918171,128.4503844
(주)성은종합정비,경상북도,구미시,비산로 71-2(비산동),36.1199404,128.3793484
신구미종합자동차정비,경상북도,구미시,야은로 206-4(부곡동),36.1424054,128.3061291
한국자동차정비공장,경상북도,구미시,송동로 37(도량동),36.1359892,128.3239734
케이지모빌리티구미서비스센터(주),경상북도,구미시,금오대로 356(오태동),36.075725,128.3518612
상림자동차정비공장,경상북도,구미시,구미대로 142(사곡동),36.0992942,128.3631093
인동현대종합정비,경상북도,구미시,인동가산로 403-2(구평동),36.0926967,128.4541077
오태종합자동차정비,경상북도,구미시,금오대로 368(오태동),36.0769662,128.3522481
남부종합자동차정비,경상북도,구미시,금오대로 350(오태동),36.0754427,128.3515611
남구미서비스기아오토큐(주),경상북도,구미시,왕산로5길 7(임은동),36.0872351,128.3676354
선산현대종합정비,경상북도,구미시,선산읍 선상서로 246,36.2422853,128.275973
강서종합정비공장,경상북도,구미시,수출대로 9-1(광평동),36.1115372,128.3649254
유한회사 제일정비공장,경상북도,구미시,화신로8길 4-23(광평동),36.1133663,128.3582269
봉곡현대정비,경상북도,구미시,봉곡로 15-1(선기동),36.1405455,128.3084115
4공단1급종합정비,경상북도,구미시,산동면 산호대로43길 23,36.1400449,128.4414158
(주)금오종합정비공장,경상북도,구미시,화신로4길 41-7(광평동),36.1113331,128.3588966
르노코리아 구미정비사업소(주),경상북도,구미시,수출대로 12(광평동),36.1103616,128.365445
구미택시(주)자가정비공장,경상북도,구미시,고아읍 송평로 57,36.1659403,128.3586488
(주)광명종합정비공장,경상북도,구미시,비산로7길 14-55(비산동),36.1211828,128.3846093
(주)구미우본정비공장,경상북도,구미시,신비로 127(비산동),36.121581,128.3758878
대한1급자동차정비,경상북도,구미시,비산로 63(비산동),36.1197733,128.3785905
월드자동차정비,경상북도,구미시,"인동32길 44-4, 102동(진평동)",36.0915382,128.4294216
광승모터스,경상북도,구미시,상사동로16길 11(사곡동),36.096455,128.3600221
선주 오토존,경상북도,구미시,봉곡로 146(봉곡동),36.1516461,128.3109176
오엠지모터스,경상북도,구미시,송선로 463(도량동),36.1351872,128.3185303
새롬모터스,경상북도,구미시,4공단로 77(구포동),36.1338749,128.4253934
구미타이어,경상북도,구미시,4공단로 6(구포동),36.1338669,128.4171498
그레이카서비스,경상북도,구미시,선산대로 61-4(지산동),36.1357421,128.3451246
스피드카케어,경상북도,구미시,상사동로 37(상모동),36.0880804,128.358261
대성카브레다정비,경상북도,구미시,야은로 485(도량동),36.1347081,128.3357726
더카센타,경상북도,구미시,인동22길 21-5(진평동),36.0957762,128.4269108
아트카,경상북도,구미시,오태동 659-21,36.0794958,128.3533766
발통천국,경상북도,구미시,고아읍 선산대로 239,36.1511123,128.3499901
와이엠 구미,경상북도,구미시,구미대로 234(광평동),36.1076517,128.3639321
엔젤퀸,경상북도,구미시,산호대로 1192-1(금전동),36.1331132,128.4577109
김영민타이어,경상북도,구미시,칠성로 96(원평동),36.1249533,128.3576527
제일자동차보링,경상북도,구미시,금오대로 393(오태동),36.0792175,128.3531034
케이디젤,경상북도,구미시,화신로 34(광평동),36.105952,128.3595295
119자동차정비,경상북도,구미시,옥계2공단로 310-1(구포동),36.133329,128.4170913
BTS,경상북도,구미시,금오대로24길 55-9(오태동),36.0712176,128.3560514
일선교통(주),경상북도,구미시,선기로 207(선기동),36.1322451,128.3019884
출장카 전문 정비,경상북도,구미시,도개면 용산가산길 31,36.3223277,128.3096587
한국택시구미협동조합,경상북도,구미시,금오대로 376(상모동),36.0775753,128.352341
황이일 카센터,경상북도,구미시,선산읍 동교4길 20,36.2464505,128.3053615
탱자몰 모터스,경상북도,구미시,거양8길 16-27(거의동),36.1362662,128.3962651
오일 월드,경상북도,구미시,신시로7길 23(형곡동),36.1119937,128.3370671
원콜카 전문정비,경상북도,구미시,금오대로 353-1(오태동),36.076262,128.35074
드림카서비스,경상북도,구미시,"대학로3길 71, 1층 101호(거의동)",36.1351693,128.3964438
제이에이치(JH)타이어,경상북도,구미시,송원서로 80(원평동),36.1245967,128.343959
동부자동차정비,경상북도,구미시,인동25길 12-3(인의동),36.0970907,128.430355
AUTO JUN(오토 준),경상북도,구미시,새마을로 202-14(사곡동),36.102197,128.3579102
7모터스,경상북도,구미시,칠성로 86(원평동),36.1241497,128.3574556
구미라지에타,경상북도,구미시,지주중류길 12(오태동),36.0800887,128.3765696
원 모터스,경상북도,구미시,상사동로22길 9(사곡동),36.098828,128.3599497
디테일러 명 구미점,경상북도,구미시,인동남길 6-1(진평동),36.1045317,128.4203585
건강모터스손세차,경상북도,구미시,형곡로 129(형곡동),36.1096049,128.3326445
아우라자동차정비,경상북도,구미시,인동11길 20-8(인의동),36.1012351,128.4264266
공단오토밋션,경상북도,구미시,상사동로12길 9(임은동),36.0918547,128.3598321
JS 모터스,경상북도,구미시,산동면 산호대로41길 14-17,36.1400855,128.4399703
한성모터스,경상북도,구미시,선산읍 동화길 19,36.2402822,128.3061454
오성카 정비 세차,경상북도,구미시,신시로7길 6(형곡동),36.1133049,128.3386184
ZEN오토,경상북도,구미시,송선로 373(선기동),36.1385224,128.3100137
신화모터스,경상북도,구미시,"고아읍 문성로6길 4-10, 1층",36.15808,128.3486902
㈜도개미쉐린타이어,경상북도,구미시,도개면 낙동대로 3878,36.3289729,128.3102007
맥스포스피드T&S,경상북도,구미시,야은로 380(도량동),36.1373263,128.3245024
보쉬카서비스 구미점 카마이웨이,경상북도,구미시,4공단로 83(구포동),36.1338453,128.4259921
타이어프로 고아선산점,경상북도,구미시,고아읍 선산대로 1015-4,36.2123599,128.3249758
스마트자동차정비 봉곡점,경상북도,구미시,봉곡로 65(봉곡동),36.1445454,128.3096731
4공단플러스정비,경상북도,구미시,산동읍 산호대로43길 8-5,36.1391162,128.4422355
온누리모터스,경상북도,구미시,3공단1로 292-51(임수동),36.1083216,128.4051259
카리스모터,경상북도,구미시,화신로4길 41-11(광평동),36.1108022,128.3584377
산동점 기아오토큐,경상북도,구미시,산동면 첨단기업1로 32,36.1404821,128.4407013
프로미카 월드(인의점),경상북도,구미시,여헌로 96(인의동),36.11003,128.4257723
SJ모터스,경상북도,구미시,고아읍 들성로15길 1,36.1626523,128.3519839
아이본,경상북도,구미시,구미중앙로35길 14(원평동),36.1237462,128.3466711
구미버스(주),경상북도,구미시,선기로 135-8(선기동),36.1295837,128.308888
봉곡 상용정비,경상북도,구미시,봉곡남로 27(봉곡동),36.1510177,128.3061902
장천카센타,경상북도,구미시,장천면 송신로 654,36.1260928,128.4918634
타이어프로(구미시청점),경상북도,구미시,송정대로 33(송정동),36.1178875,128.3421479
구미카포스 신평점,경상북도,구미시,야은로 726(신평동),36.1248032,128.3586164
터미널 타이어,경상북도,구미시,낙동강변로 61(오태동),36.0757775,128.3767118
스피드메이트 봉곡점,경상북도,구미시,봉곡남로 68(봉곡동),36.148722,128.3096318
구미마린,경상북도,구미시,산동읍 성림길 17,36.1607473,128.4177482
코오롱모터스(주) 구미서비스센터,경상북도,구미시,구미대로 198(광평동),36.1042754,128.3633036
김태윤 정비,경상북도,구미시,고아읍 이례로 115-34,36.2077813,128.3312626
2-5-0카서비스,경상북도,구미시,선산읍 동교10길 4,36.2495717,128.3049249
타이어종합모터스,경상북도,구미시,수출대로 514(황상동),36.1103151,128.4212494
현진자동차정비,경상북도,구미시,야은로 276(봉곡동),36.1390871,128.3131794
현일자동차정비,경상북도,구미시,고아읍 선산대로 646,36.1863891,128.349013
에프원(F1)자동차정비,경상북도,구미시,산동면 산호대로41길 14-20,36.1387155,128.4403329
금빛칼라,경상북도,구미시,구미대로 134(사곡동),36.0986314,128.3628918
스피드메이트 옥계점,경상북도,구미시,"산동면 산호대로39길 14-9, B동",36.140033,128.4377195
타이어테크 구미점,경상북도,구미시,야은로 664(지산동),36.1272611,128.3530365
티스테이션 남구미점,경상북도,구미시,왕산로 43-2(임은동),36.0869686,128.366072
현대오토,경상북도,구미시,야은로 361(도량동),36.1380618,128.3227152
OIL&OIL,경상북도,구미시,금오대로 385(오태동),36.078572,128.3524416
타이어프로 구미옥계점,경상북도,구미시,옥계남로 82-1(옥계동),36.1360314,128.4254238
오토오아시스 사곡점,경상북도,구미시,상사서로 196(사곡동),36.0995208,128.3581987
오토오아시스 대경점,경상북도,구미시,고아읍 들성로 269,36.1620345,128.3494604
예스카서비스,경상북도,구미시,송동로 14(도량동),36.133912,128.3238082
레츠카 정비,경상북도,구미시,구미중앙로25길 35(원평동),36.1284783,128.3407792
THE TIRE SHOP,경상북도,구미시,고아읍 들성로 249,36.1612937,128.3475473
준자동차정비,경상북도,구미시,상사동로 121-1(사곡동),36.0955105,128.3584454
페나 메멘토,경상북도,구미시,"고아읍 들성로 226, 108동",36.1604336,128.34521
오토케어,경상북도,구미시,고아읍 들성로13길 9,36.1627203,128.3497521
G-MOTORS,경상북도,구미시,원남로 138(원평동),36.1259443,128.3348658
애니카랜드공단점,경상북도,구미시,구미대로 206(광평동),36.1050949,128.3632666
김영진자동차병원,경상북도,구미시,송동로 206(도량동),36.1510182,128.3234009
광명자동차전문정비,경상북도,구미시,구미대로2길 22(임은동),36.0871071,128.363696
전명훈자동차정비,경상북도,구미시,고아읍 문성로 74-32,36.1551267,128.3501195
타이어프로 구미점,경상북도,구미시,인동16길 12(진평동),36.0989181,128.4246005
M모터스,경상북도,구미시,선산대로 23(지산동),36.1321901,128.3441777
오일플러스,경상북도,구미시,산호대로 1192-1(금전동),36.1331132,128.4577109
이건희자동차정비,경상북도,구미시,고아읍 선산대로 200,36.1475517,128.3489915
미쉐린경북써비스센터,경상북도,구미시,왕산로 198(오태동),36.0789582,128.3775416
자동차와사람들,경상북도,구미시,선산대로 165(지산동),36.1446353,128.3472765
터미널정비,경상북도,구미시,"낙동강변로 49(오태동, 구미화물터미널(사동))",36.0750327,128.3756041
진주카랜드,경상북도,구미시,사곡로 38(사곡동),36.0945307,128.3596804
동산카써비스,경상북도,구미시,봉곡북로 13(봉곡동),36.1545605,128.3053872
한국타이어 옥계대리점,경상북도,구미시,4공단로 77(구포동),36.1338749,128.4253934
스피드메이트 동구미점,경상북도,구미시,이계북로 23(임수동),36.1063261,128.4041529
스피드메이트 이마트구미점,경상북도,구미시,"구미대로 256, 311동(광평동)",36.1094822,128.3649038
구평카센타,경상북도,구미시,인동가산로 347(구평동),36.0927682,128.4478976
K-모터스,경상북도,구미시,왕산로5길 1(임은동),36.0869017,128.367704
부영카프라자,경상북도,구미시,인동43길 22-15(구평동),36.0951622,128.4387788
그린모터플러스,경상북도,구미시,봉곡남로5길 3(봉곡동),36.1503598,128.3074424
플러스자동차정비,경상북도,구미시,인동31길 22-11(인의동),36.096641,128.4329085
동명자동차정비,경상북도,구미시,인동24길 18(진평동),36.0955141,128.4272161
돌풍카,경상북도,구미시,3공단2로 311(임수동),36.1083116,128.4056387
중부자동차정비써비스센타,경상북도,구미시,선산읍 선상서로 268,36.2423748,128.2736829
오토오아시스 인동점,경상북도,구미시,"인동19길 21-10, 102동(인의동)",36.1002292,128.42818
등대자동차정비,경상북도,구미시,인동48길 5-66(구평동),36.0923185,128.4425745
금오모터정비,경상북도,구미시,야은로 284(봉곡동),36.1387854,128.3138698
엠소닉모터스,경상북도,구미시,인동54안길 6-13(구평동),36.092252,128.445554
사곡부분정비,경상북도,구미시,상사동로 107(사곡동),36.0940987,128.3588544
송정자동차정비,경상북도,구미시,금오대로 314(오태동),36.07228,128.350423
동경자동차정비,경상북도,구미시,봉곡남로 26(봉곡동),36.1507475,128.305673
스피드메이트신옥계점,경상북도,구미시,옥계신당로5길 35(옥계동),36.1425815,128.422019
구미아주오토,경상북도,구미시,비산로3길 8(비산동),36.1202938,128.3778374
오복자동차정비,경상북도,구미시,인동50길 33-3(구평동),36.0903227,128.4428965
상모점 기아오토큐,경상북도,구미시,상사동로12길 5(임은동),36.0918412,128.3592973
한국타이어 구미판매(주),경상북도,구미시,수출대로 4(광평동),36.1105768,128.3646686
파크자동차도우미,경상북도,구미시,금오대로 361-3(오태동),36.0766666,128.3491248
대빵자동차정비,경상북도,구미시,비산로1길 10(비산동),36.1203324,128.3741421
쉐보레구미바로서비스,경상북도,구미시,인동8길 7(진평동),36.1020937,128.4222237
스피드메이트 황상점,경상북도,구미시,수출대로 525(황상동),36.1107976,128.4224897
스피드메이트(모범점),경상북도,구미시,송정동 462,36.1164705,128.3406368
마이카서비스(MYCAR SERVICE),경상북도,구미시,신비로 170(비산동),36.1229074,128.3801321
영성자동차정비,경상북도,구미시,구미대로24길 21-7(신평동),36.1154165,128.365318
오토오아시스 옥계점,경상북도,구미시,옥계북로 92(옥계동),36.1381429,128.427676
카일번지,경상북도,구미시,봉곡로 40-1(봉곡동),36.1423333,128.3101179
스피드메이트(오태점),경상북도,구미시,금오대로 323(오태동),36.0733616,128.3502301
차세대정비센터,경상북도,구미시,인동북길 55(인의동),36.1015562,128.4242517
지산점 기아오토큐,경상북도,구미시,지산1길 39(지산동),36.1316395,128.3424919
인동점 기아오토큐,경상북도,구미시,인동남길 96(진평동),36.0980568,128.4263793
원평점 기아오토큐,경상북도,구미시,송원서로2길 65(원평동),36.1221621,128.350025
동우자동차정비,경상북도,구미시,봉곡로 52-1(봉곡동),36.1433047,128.3101979
대박자동차정비,경상북도,구미시,인동50길 12-1(구평동),36.0918124,128.4425804
티스테이션 형곡점,경상북도,구미시,새마을로 44(형곡동),36.1099461,128.34318
성은자동차정비,경상북도,구미시,봉곡북로 32(봉곡동),36.1540988,128.3072341
태홍자동차정비,경상북도,구미시,구미중앙로41길 4-3(원평동),36.121225,128.3529773
국제라지에타,경상북도,구미시,비산로 93(비산동),36.1197899,128.3819775
한국타이어봉곡대리점,경상북도,구미시,봉곡남로 91(봉곡동),36.1496013,128.3120652
르노코리아 서비스코너 도량점,경상북도,구미시,야은로 438(도량동),36.1359665,128.3307188
대명자동차정비,경상북도,구미시,선산읍 선상서로 24-6,36.2382901,128.2998673
마스타자동차정비,경상북도,구미시,인동35길 7(인의동),36.0950604,128.432774
쏠라이트자동차정비,경상북도,구미시,신비로 160-4(비산동),36.1224226,128.3793639
모터랜드자동차정비,경상북도,구미시,여헌로 86(인의동),36.1092703,128.4259544
하나로자동차정비,경상북도,구미시,고아읍 선산대로 1083,36.2149732,128.3185379
유니카매니저,경상북도,구미시,문장로 176(도량동),36.1489887,128.3311367
봉곡자동차정비,경상북도,구미시,봉곡남로 139(봉곡동),36.1515303,128.3167954
스피드발바닥,경상북도,구미시,구미중앙로 4(원평동),36.131784,128.3239601
애니카랜드 인동점,경상북도,구미시,수출대로 509(황상동),36.1108217,128.4205734
화성자동차정비,경상북도,구미시,상사동로 21(상모동),36.0865002,128.3585377
맥스포 스피드,경상북도,구미시,송동로 48(도량동),36.1371174,128.3246215
다송자동차정비,경상북도,구미시,고아읍 선산대로 1015-4,36.2123599,128.3249758
빈오토,경상북도,구미시,산호대로 571(양호동),36.1328124,128.394142
스마일카클리닉,경상북도,구미시,상림로 137(사곡동),36.0982851,128.3610638
레디카자동차정비,경상북도,구미시,상사동로 182(사곡동),36.1008994,128.3592417
정일자동차부분정비,경상북도,구미시,송선로 497(도량동),36.1338569,128.3222738
행운밧데리,경상북도,구미시,선산읍 김선로 1007-7,36.2362686,128.2923619
은성자동차정비,경상북도,구미시,송동로 192(도량동),36.1495996,128.3237448
쌍용자동차 구미 인동서비스 프라자,경상북도,구미시,인동15길 25-1(인의동),36.10121,128.4274298
개미자동차부분정비,경상북도,구미시,야은로 192(부곡동),36.1426545,128.3053091
전진모터스부분정비,경상북도,구미시,해평면 강동로 1649,36.1976693,128.391446
에이스자동차정비,경상북도,구미시,산업로 102(원평동),36.1325037,128.3340888
삼우자동차정비,경상북도,구미시,상사동로24길 3(사곡동),36.0992191,128.3592138
태진자동차정비,경상북도,구미시,인동34길 43(진평동),36.090634,128.4306029
르노코리아 서비스코너 인동점,경상북도,구미시,수출대로 520(황상동),36.1103292,128.4220033
스피드메이트(인동점),경상북도,구미시,"인동북길 85, 106동(인의동)",36.0994971,128.4263198
대일카정비,경상북도,구미시,박정희로 61(상모동),36.084468,128.3504392
르노코리아자동차 서비스코너 형곡점,경상북도,구미시,새마을로 30(형곡동),36.1106094,128.3419516
쌩쌩자동차정비,경상북도,구미시,형곡동로 69-1(형곡동),36.1084796,128.3357257
하이카프라자구미옥계점,경상북도,구미시,옥계신당로5안길 14-8(옥계동),36.1434077,128.4196638
평화자동차부분정비,경상북도,구미시,원남로3길 53(원평동),36.1305078,128.3231057
한밭자동차전문정비,경상북도,구미시,산호대로32길 13(옥계동),36.1352118,128.4220523
오토오아시스 구미점,경상북도,구미시,"구미대로 174, B동(광평동, 홈플러스 내 2층)",36.1027743,128.3638129
THE TIRE SHOP(더 타이어 샵) 인동점,경상북도,구미시,수출대로21길 3(황상동),36.11094,128.4212743
경호자동차정비,경상북도,구미시,송원서로4길 19(원평동),36.123573,128.3459983
이박사자동차정비셀프,경상북도,구미시,인동46길 37-32(구평동),36.0893432,128.4410201
한국타이어 빛과소금,경상북도,구미시,봉곡로 79(봉곡동),36.1458202,128.3097678
인덕자동차부분정비,경상북도,구미시,산동면 강동로 975,36.167344,128.4403346
보쉬카서비스 문성점,경상북도,구미시,고아읍 문성9길 42-42,36.161927,128.3520382
동우카클리닉,경상북도,구미시,인동50길 20,36.0912046,128.4425091
광림카정비,경상북도,구미시,야은로 713(원평동),36.1260575,128.3579261
오토오아시스 롯데마트 구미점,경상북도,구미시,구미대로22길 11(신평동),36.1136985,128.3654692
화신카냉동정비,경상북도,구미시,산업로2길 2(원평동),36.1321306,128.324454
일진 카 서비스,경상남도,산청군,산청읍 친환경로 2720번길 106-37,35.4139843,127.8896834
대호카 모터스,경상남도,산청군,단성면 목화로 932,35.2943423,127.9587994
현대자동차경산서비스,경상북도,경산시,진량읍 의송길 6,35.8635768,128.8038391
제일자동차정비,경상북도,경산시,"진량읍 일연로 469, 102동",35.8509584,128.8042897
카비젼맵시,경상북도,경산시,진량읍 일연로 696,35.8704184,128.8043448
미래모터스 주식회사,경상북도,경산시,하양읍 대경로 916,35.9208787,128.8374166
행운모터스,경상북도,경산시,와촌면 상암길37길 30-14,35.9438301,128.8550797
한모터스자동차경정비,경상북도,경산시,압량읍 부적길 96,35.8476789,128.7632829
달구벌카서비스,경상북도,경산시,진량읍 공단로 295,35.8577386,128.8199319
정평점 현대자동차,경상북도,경산시,성동로 12(정평동),35.8358016,128.7257732
신라카써비스,경상북도,경산시,서상길 8(삼남동),35.8136399,128.7381149
안전카써비스,경상북도,경산시,중앙로 65(중방동),35.8229351,128.7339941
무학카센타,경상북도,경산시,하양읍 동서3길 1,35.9194663,128.8210652
레드카모터스,경상북도,경산시,장산로 278(사동),35.8165787,128.7542298
영주카서비스,경상북도,경산시,성암로12길 7(옥산동),35.822775,128.7238546
금박산카써비스,경상북도,경산시,진량읍 공단로 567,35.8820997,128.8182407
자인교종합카랜드,경상북도,경산시,압량읍 원효로 600,35.8124674,128.8004566
경북카센타,경상북도,경산시,진량읍 공단4로 153,35.8708545,128.8281618
시천카센타,경상북도,경산시,와촌면 하양로 409,35.9244804,128.8484956
애니카랜드 경산점,경상북도,경산시,강변서로 233(정평동),35.8285147,128.7304992
대영카써비스,경상북도,경산시,성암로12길 38(옥산동),35.8204078,128.724625
금성카써비스,경상북도,경산시,원효로40길 34(사동),35.8165908,128.7556308
성암부분정비,경상북도,경산시,성암로 17(옥산동),35.8222756,128.7196101
경림카센타,경상북도,경산시,진량읍 대학로 1385,35.9023833,128.8236949
삼주종합정비센터,경상북도,경산시,진량읍 공단4로 141,35.8698926,128.8280453
공단카센터,경상북도,경산시,진량읍 공단6로 134-5,35.8710936,128.8257019
현대자동차 하북점,경상남도,양산시,하북면 순지리 829-2,35.4932457,129.089978
현대자동차범어점,경상남도,양산시,물금읍 범어리 1028-1,35.3272766,129.000867
현대자동차북부점,경상남도,양산시,북정동 883-9,35.359704,129.040904
현대자동차북신점,경상남도,통영시,원문로 38,34.8578332,128.4246277
현대자동차용남중부점,경상남도,통영시,용남면 남해안대로 533,34.8611002,128.4412742
(주)사천고객정비,경상남도,사천시,사천읍 사천대로 1982,35.0921747,128.0880577
현대종합카인테리어,경상남도,통영시,통영해안로 430,34.8471836,128.4329954
현인자동차정비,경상남도,통영시,장좌로 77(동호동),34.8413515,128.4319918
현대자동차웅상덕계점,경상남도,양산시,덕계동 667-94,35.3700492,129.1486895
현대카,경상남도,양산시,동면 석산리 226-5,35.3301034,129.0383197
현대카클리닉,경상남도,양산시,평산동 7,35.3798155,129.1549423
현대하이카정비,경상남도,양산시,주남동 50-2,35.416835,129.1656281
협진부분정비,경상남도,양산시,하북면 순지리 829-6,35.4926404,129.0897378
형제밧데리,경상남도,양산시,산막동 566-1,35.3727564,129.0628779
환영모터스,경상남도,양산시,신기동 114-1,35.3557481,129.0461855
화성카부분정비,경상남도,통영시,미나리길 63,34.8567641,128.434129
드림부분정비,경상남도,고성군,고성읍 동외로 45-1,34.9668182,128.3302739
공룡카부분정비,경상남도,고성군,고성읍 동외로 213-1,34.9803835,128.3266277
미래카마스타,경상남도,고성군,고성읍 동외리 125-18,34.9770747,128.3331105
송학카부분정비,경상남도,고성군,고성읍 송학로 172,34.9776753,128.3282163
카포스삼삼카부분정비,경상남도,고성군,고성읍 남포로 57,34.9680596,128.3199572
새성호정비공업사,경상남도,고성군,고성읍 율대리 716,34.9702317,128.3380072
예스카서비스,경상남도,고성군,고성읍 중앙로 76,34.9745795,128.3286191
르노삼성자동차지정정비코너고성점,경상남도,고성군,고성읍 송학고분로 315,34.9816969,128.3244596
금호타이어프로 신고성점,경상남도,고성군,고성읍 율대리 662-5,34.9699644,128.3344556
신진모터스,경상남도,고성군,고성읍 동외리 88-1,34.9746384,128.3346291
쌍용자동차고성서비스프라자,경상남도,고성군,고성읍 송학고분로358번길 38,34.9804589,128.329727
고성오일전문점,경상남도,고성군,회화면 마구들3길 28,35.0476134,128.3686603
원모터스,경상남도,고성군,거류면 당동리 46-12,34.9953372,128.4047668
면전카부분정비,경상남도,고성군,고성읍 이당리 290-2,34.9794753,128.2855392
개미정비,경상남도,고성군,고성읍 남해안대로 2541,34.9704099,128.334664
삼화카타이어,경상남도,고성군,고성읍 죽계1길 1,34.9876689,128.3278732
타이어테크 고성점,경상남도,고성군,고성읍 남해안대로 2629,34.9778361,128.3328387
철성카센터,경상남도,고성군,고성읍 월평4길 12,34.9560923,128.3420118
금호타이어 삼강점,경상남도,고성군,동해면 조선특구로 2007,35.0543804,128.4736682
마이카부분정비,경상남도,고성군,고성읍 동외로 217-4,34.9809387,128.3267478
카스토리,경상남도,고성군,고성읍 중앙로 60-1,34.9739606,128.3268715
하나윈모터스종합정비,경상남도,고성군,고성읍 율대4길 4-21,34.9687459,128.3372518
성진카부분정비,경상남도,고성군,고성읍 서외리 215-1,34.9763361,128.3151643
현대카부분정비,경상남도,고성군,고성읍 신월리 125-2,34.9582731,128.3393624
산청렉카,경상남도,산청군,신안면 지리산대로 3642번길 35,35.3099998,127.9888981
단성2급 정비,경상남도,산청군,단성면 지리산대로 3362번길 35,35.3035409,127.9651687
산청명우모터스,경상남도,산청군,신안면 원지로 28,35.3022792,127.9749222
신안밧데리,경상남도,산청군,신안면 지리산대로 3596,35.3101078,127.9811947
천마공업사,경상남도,산청군,단성면 목화로 1019,35.3006824,127.9607189
덕산카부분정비,경상남도,산청군,시천면 남명로 246,35.2769547,127.8435412
단성웅이카,경상남도,산청군,단성면 지리산대로 3370,35.3022048,127.963235
산청종합카센터,경상남도,산청군,산청읍 친환경로 2720번길 38,35.4173914,127.8818512
산청1급카경정비세차장,경상남도,산청군,산청읍 친환경로 2720번길 79,35.4149133,127.8853721
신일사,경상남도,산청군,신등면 신차로 558,35.3813791,128.0076856
동양기계사,경상남도,산청군,산청읍 친환경로 2706,35.4189065,127.879312
화봉정비,경상남도,산청군,금서면 친환경로 2623,35.4185189,127.8725408
칠정카마스타부분정비,경상남도,산청군,단성면 옥단로 2103,35.2626878,127.8980998
현대자동차 신안원지점,경상남도,산청군,신안면 원지로 34,35.3020509,127.975432
월드카젠,경상남도,산청군,산청읍 산청대로 1812,35.4149273,127.8899709
동양카인테리어,경상남도,산청군,시천면 남명로 225,35.2774182,127.8414408
타이어테크,경상남도,산청군,산청읍 친환경로 2720번길 77,35.4150092,127.8852647
"타이어프로(산청점),애니카랜드(산청점)",경상남도,산청군,산청읍 중앙로 93-6,35.4165471,127.8835294
단성 영진카 금호타이어대리점,경상남도,산청군,단성면 목화로 1023,35.3008797,127.9613175
금호타이어 단계자동차 병원,경상남도,산청군,신안면 신차로 484,35.3756276,128.0104079
생초카세차장,경상남도,산청군,생초면 계남로 8,35.4938473,127.834125
재본카포스,경상북도,경산시,장산로 139(삼북동),35.8187072,128.7402265
대일카써비스,경상북도,경산시,진량읍 봉회길 69,35.8843534,128.8155481
동아카써비스,경상북도,경산시,장산로24길 2(삼북동),35.8179301,128.7374151
경동카써비스,경상북도,경산시,압량읍 대학로 355,35.8408447,128.7592254
영카랜드,경상북도,경산시,진량읍 공단로 429,35.8697772,128.8185444
타이어월드,경상남도,통영시,원문로 144,34.8652373,128.4202569
타이어테크,경상남도,통영시,"광도면 죽림3로 23-12, 1층",34.8832494,128.4163937
타이어프로 통영죽림점,경상남도,통영시,광도면 향교길 7-1,34.878829,128.4122142
탑오토미션,경상남도,통영시,광도면 죽림1로 4-17,34.8771498,128.4139949
태양자동차부분정비,경상남도,통영시,도남로 154,34.8295882,128.4211087
통영카 부분정비,경상남도,통영시,장대길 49-10,34.8533599,128.4340775
통영카보링,경상남도,통영시,멘데산업길 17,34.8448476,128.4344663
통영타이어전문정비,경상남도,통영시,용남면 장문로 233,34.8802554,128.4340915
트로피아통영점,경상남도,통영시,광도면 죽림4로 23-24,34.8851558,128.4179983
팔도카부분정비,경상남도,통영시,광도면 죽림2로 55-27,34.8804949,128.4198745
한국 지엠 통영무전지정서비스,경상남도,통영시,무전대로 24,34.8600302,128.4231597
한국GM통영바로서비스,경상남도,통영시,광도면 죽림1로 4-93,34.8744402,128.4160848
한국타이어죽림점,경상남도,통영시,광도면 죽림해안로 68,34.8848072,128.4224536
한솔카부분정비,경상남도,통영시,광도면 죽림2로 5,34.8816579,128.4135586
한진카클리닉,경상남도,통영시,광도면 죽림1로 11,34.8777765,128.4141742
현대자동차 블루핸즈 봉평점,경상남도,통영시,도남로 103,34.8314703,128.4158561
원산부분정비,경상남도,통영시,도산면 남해안대로 2018-3,34.9313578,128.3577409
원일1급자동차 종합정비,경상남도,통영시,용남면 남해안대로 199,34.8875946,128.454963
월드카정비,경상남도,통영시,광도면 신죽2길 80,34.8750418,128.4184186
유성카센타,경상남도,통영시,데메2길 71,34.826841,128.4191802
인평카부분정비,경상남도,통영시,평인일주로 4(당동),34.8365122,128.4020494
제일종합카센타,경상남도,통영시,중앙로 60,34.840225,128.4167407
좋은자동차정비,경상남도,통영시,광도면 춘원2로 49-45,34.9560944,128.4121409
차사랑자동차정비,경상남도,통영시,장골로 34,34.8566226,128.4234844
고성카써비스,경상남도,고성군,고성읍 동외리 98-2,34.975334,128.3336028
배둔카써비스,경상남도,고성군,회화면 배둔리 362-1,35.0625037,128.3724496
행복카클리닝,경상남도,고성군,고성읍 송학로 195,34.9784127,128.3306666
현대카부분정비,경상남도,고성군,고성읍 신월리 125-2,34.9582731,128.3393624
현대자동차고성점,경상남도,고성군,고성읍 남해안대로 2523,34.9688889,128.3340576
애니카랜드 경남고성점,경상남도,고성군,고성읍 동외리 345-15,34.9727716,128.3269022
현대정비공업사,경상남도,고성군,영오면 오서리 1611-55,35.0910153,128.1885461
동아자동차정비공업사,경상남도,고성군,고성읍 송학리 246-23,34.9785065,128.3322503
고성삼성카부분정비,경상남도,고성군,고성읍 송학리 268-5,34.9786731,128.3246408
옥수자동차정비,경상남도,고성군,회화면 배둔리 883-2,35.0576893,128.3681289
모든자동차부분정비,경상남도,고성군,고성읍 동외로 104,34.9713662,128.3282902
신형자동차부분정비,경상남도,고성군,고성읍 송학리 482-9,34.97896,128.3206911
지남 카 부분정비,경상남도,고성군,고성읍 우산리 119-2,35.0002777,128.3334525
용마카부분정비,경상남도,고성군,고성읍 남산로 86,34.9739295,128.3300038
청룡카부분정비,경상남도,고성군,거류면 거류로 605,34.9852023,128.4033755
(유)영진종합자동차정비,경상남도,고성군,고성읍 공단로 61,34.9695151,128.3362263
기아클리닉,경상남도,고성군,고성읍 남해안대로 2532,34.9698339,128.3356262
대성밧데리,경상남도,고성군,고성읍 기월리 119-5,34.9819023,128.3205112
수남카부분정비,경상남도,고성군,고성읍 남포로 88,34.970827,128.3208454
대성카부분정비,경상남도,고성군,고성읍 교사리 322-8,34.9767536,128.3091672
당동카부분정비,경상남도,고성군,거류면 당동리 191,34.9873068,128.4042472
이화부분정비,경상남도,고성군,상리면 부포리 654-4,34.9894476,128.2367116
경남자동차중기정비,경상남도,고성군,고성읍 율대리 656-8,34.972128,128.3357951
고성정비,경상남도,고성군,회화면 배둔리 829-8,35.056563,128.3672619
한국타이어 고성대리점,경상남도,고성군,고성읍 동외로156번길 56,34.9751488,128.3288023
옥수자동차종합정비,경상남도,고성군,회화면 마구들3길 109,35.0472276,128.3729133
삼삼카부분정비,경상남도,고성군,고성읍 송학리 445-5,34.9803975,128.3266622
동아정비공업사,경상남도,고성군,고성읍 송학리 246-23,34.9785065,128.3322503
현대밧데리부분정비,경상남도,고성군,고성읍 동외로 215,34.980867,128.3265026
중앙카부분정비,경상남도,고성군,고성읍 동외리 287-9,34.9765265,128.3259397
하이자동차부분정비,경상남도,고성군,하이면 덕호리 536-6,34.9284269,128.1208134
섬심카닥터,경상남도,고성군,거류면 당동리 127-5,34.991187,128.4044147
대우고성정비센타,경상남도,고성군,고성읍 율대리 552-1,34.9698705,128.3412769
아우토반카부분정비,경상남도,고성군,고성읍 동외리 258-9,34.974066,128.3269013
동형자동차정비공업사,경상남도,고성군,고성읍 율대리 690-7,34.9695706,128.337157
청룡카부분정비,경상남도,고성군,거류면 신용리 1026-12,34.9851171,128.4033967
동형자동차정비공업사,경상남도,고성군,고성읍 율대리 690-7,34.9695706,128.337157
우석카부분정비,경상남도,고성군,하일면 학림리 312-9,34.9424157,128.1971194
기아클리닉,경상남도,고성군,고성읍 율대리 685-2,34.9698549,128.335435
현대정비,경상남도,고성군,고성읍 죽계1길 1,34.9876689,128.3278732
하나로카부분정비,경상남도,고성군,고성읍 율대리 750,34.9683286,128.3352673
고성정비(종합정비업),경상남도,고성군,회화면 배둔리 829-8,35.056563,128.3672619
상리카부분정비,경상남도,고성군,상리면 오산리 587-4,35.0026056,128.1862395
쌍용정비공업사,경상남도,고성군,고성읍 율대리 682-5,34.9695017,128.3351224
삼화카타이어,경상남도,고성군,고성읍 월평리 972-2,34.9574011,128.3402864
기아카클리닉,경상남도,고성군,고성읍 율대리 685-2,34.9698549,128.335435
신라자동차1급정비공업사,경상남도,고성군,고성읍 율대리 684-2,34.9694176,128.3356842
삼보1급자동차정비,경상남도,고성군,거류면 은월리 415,34.971589,128.3733164
남부자동차정비공업사,경상남도,고성군,고성읍 남해안대로 2719-26,34.9840697,128.3272629
회화카부분정비,경상남도,고성군,회화면 관인로 96,35.0628578,128.3732908
현대자동차회화점,경상남도,고성군,회화면 배둔서길 25,35.0557803,128.3650946
동일카세차장,경상남도,고성군,영오면 영산리 197-1,35.1094621,128.2381024
산청1급정비공업사,경상남도,산청군,산청읍 친환경로 2720번길 91,35.414545,127.8865056
원지1급정비,경상남도,산청군,신안면 지리산대로 3668,35.3135703,127.9875571
동부카써비스,경상북도,경산시,원효로 200(사동),35.8185658,128.75803
경산 I.C카센타,경상북도,경산시,압량읍 대학로 760,35.8719663,128.7803118
성심카서비스,경상북도,경산시,원효로 186(사동),35.8191517,128.7566976
자인공단카써비스,경상북도,경산시,자인면 일연로 139,35.8239218,128.8178237
중방점 기아오토큐,경상북도,경산시,중방로 58(중방동),35.8298287,128.7405426
팔공경정비,경상북도,경산시,와촌면 금송로 486,35.9524833,128.8355143
경산카랜드,경상북도,경산시,장산로 132(삼북동),35.8182725,128.7393883
한국타이어광한루대리점,전라북도,남원시,도화동길 66,35.4001425,127.3735688
임용철타이어,전라북도,남원시,충정로 216,35.4226649,127.3932792
삼성카센터,전라북도,남원시,요천로 1541-3,35.4080714,127.3879731
부영카센타,전라북도,남원시,춘향로 72,35.4211747,127.3946226
오토오아시스롯데마트남원,전라북도,남원시,"춘향로 96, 2층",35.4233142,127.3924897
금동점 기아오토큐,전라북도,남원시,금동로 70,35.4049478,127.3722125
타이어프로 남원IC,전라북도,남원시,충정로 270,35.4246116,127.398621
대교카삽,전라북도,남원시,충정로 153,35.4182063,127.3896189
타이어월드,전라북도,남원시,충정로 133,35.4168635,127.3882926
스마트 오토,전라북도,남원시,충정로 153,35.4182063,127.3896189
진 오토미션,전라북도,남원시,가방뜰길 70,35.4010072,127.369304
한일카센터,전라북도,남원시,금지면 요천로 185-4,35.3263531,127.2986603
재경자동차정비밧데리,전라북도,남원시,용성로 344,35.4224627,127.4066182
문화카독크,전라북도,남원시,이백면 문화안길5-3,35.4266758,127.4350149
애니카랜드 도통동점,전라북도,남원시,운봉읍 황산로 1064,35.4375197,127.5289032
서남모터스,전라북도,남원시,가방뜰길 66,35.4009896,127.3697751
지리산모터스,전라북도,남원시,인월면 인월장터로 119,35.4697487,127.5971984
태양카센터,전라북도,남원시,광천북길 231-5,35.4115671,127.370959
수경자동차공업사,전라북도,남원시,서문1길4,35.4103275,127.3763412
한국타이어남원도통점,전라북도,남원시,충정로 190,35.4210364,127.3915546
천일카서비스,전라북도,남원시,동림로 64,35.4140911,127.3874579
킹모터스,전라북도,남원시,광천남길 670,35.4175888,127.3803852
산동종합카센터,전라북도,남원시,요천로 2907-4,35.4921791,127.4752416
빵빵카,전라북도,남원시,광천남길 360,35.4071686,127.370797
남경카센터,전라북도,남원시,춘향로 52,35.4199612,127.3959377
만인카공업사,전라북도,남원시,원천로 63,35.4093175,127.3992369
스피드메이트,전라북도,남원시,용성로 289,35.4220831,127.4006171
은성카자동차공업사,전라북도,남원시,농고길 74,35.4198675,127.3951763
자동차나라,전라북도,남원시,동림로 50,35.4131624,127.3881177
좋은차만들기,전라북도,남원시,오들로 30,35.4212489,127.4026395
남원종합카센타,전라북도,남원시,충정로 139,35.4173578,127.3888767
블루핸즈 아영점,전라북도,남원시,아영면 인월장터로 225,35.478296,127.5919936
운봉카센터,전라북도,남원시,운봉읍 황산로 1051,35.4371734,127.5277105
지리산밧데리,전라북도,남원시,충정로 254,35.4240606,127.3969067
황소밧데리,전라북도,남원시,의총로 165,35.4154571,127.3766582
영광자동차병원,전라북도,남원시,충정로 169,35.4196438,127.3903045
우리종합카센타,전라북도,남원시,용성로 198,35.4153636,127.3948328
산동카센타,전라북도,남원시,요천로 1753,35.4203529,127.4052225
현대자동차하정점,전라북도,남원시,의총로 90-27,35.4087437,127.3777802
모터스향교점,전라북도,남원시,충정로 149,35.4179808,127.3895887
첨단카센터,전라북도,남원시,금동로 13,35.3999755,127.3730041
대성밧데리,전라북도,남원시,황죽로 41,35.4284993,127.4077253
뤠보로남원바로서비스,전라북도,남원시,충정로 157,35.4184793,127.3898577
제일카센터,전라북도,남원시,운봉읍 서천2길 3,35.4398086,127.5307443
건모터스,전라북도,남원시,요천로 1599,35.4110311,127.3928611
애니카랜드남원점,전라북도,남원시,전령길 6,35.4134404,127.3924434
크린카센타,전라북도,남원시,시청남로 37,35.4175184,127.393179
싱싱타이어,전라북도,남원시,요천로 1320,35.396992,127.3678573
부림카센터,전라북도,남원시,인월면 인월장터로 81,35.4665404,127.5989959
르노삼성자동차지정정비코너남원점,전라북도,남원시,오들로 10,35.4197968,127.4040115
보쉬카서비스 도통점,전라북도,남원시,용성로 242,35.418919,127.3978996
자동차 119,전라북도,남원시,광천남길 380,35.4079774,127.3713933
춘향자동차공업사,전라북도,남원시,박달길7,35.4340688,127.3789648
명신자동차공업사,전라북도,남원시,"충정로 260-1, 490-5",35.4239921,127.3977895
대한종합자동차정비업사,전라북도,남원시,쑥고개로 62,35.3966774,127.3814179
동아공업사,전라북도,남원시,아영면 인월장터로 235,35.4793514,127.5916105
선진자동차공업사,전라북도,남원시,탑골길 43,35.4081217,127.404092
대우남원정비사업소,전라북도,남원시,춘향로 351,35.4395022,127.3758538
한국타이어금성카점,전라북도,남원시,시청로 13-1,35.4120943,127.392502
서울종합카센타,전라북도,남원시,요천로 1483,35.4041672,127.3834331
동부카정비센타,전라북도,남원시,동문로 67-1,35.411664,127.3859072
천수카서비스,전라북도,남원시,시청로 21,35.4128486,127.3918122
티스테이션왕정점,전라북도,남원시,남문로 361,35.40697,127.3710286
삼양카서비스,전라북도,남원시,황죽로 33,35.4276683,127.408205
종합카독크,전라북도,남원시,의총로 113,35.4109006,127.3763735
고속제일밧데리,전라북도,남원시,동림로 82,35.4156601,127.3863978
현대자동차도통동점,전라북도,남원시,충정로 183,35.4206835,127.3907283
인월카밧데리,전라북도,남원시,인월면 인월1길 43,35.4628484,127.5999025
현대자동차죽항점,전라북도,남원시,동헌길 207,35.4076798,127.3876604
지리산카마스타,전라북도,남원시,인월면 인월북1길2,35.4628363,127.6023002
한독카센타,전라북도,남원시,용성로 213-9,35.4170253,127.3955098
붕붕카센타,전라북도,남원시,요천로 1821,35.4251705,127.4096445
우성카부분정비업,전라북도,남원시,남문로 367,35.406957,127.3715306
자동차세상,전라북도,남원시,역재2길 19,35.4200562,127.3986117
현대오토,전라북도,남원시,충정로 320,35.4270841,127.4033657
자동차마을,전라북도,남원시,노송로 1242,35.394577,127.3773441
일동자차정비,전라북도,남원시,오들1길 11,35.4178681,127.3983006
쌍용자동차남원서비스프라자,전라북도,남원시,동도1길 24,35.4201201,127.3957186
상운카센터,경상북도,봉화군,상운면 예봉로 1292,36.8343566,128.7562577
기아자동차봉화점기아오토큐,경상북도,봉화군,봉화읍 봉화로 1134,36.8908891,128.7339071
현대부분정비,경상북도,봉화군,춘양면 의양로 95,36.9332457,128.9135579
물야농협자동차정비소,경상북도,봉화군,물야면 오록길 11-16,36.9781776,128.7362434
현대자동차봉화점,경상북도,봉화군,봉화읍 봉화로 1004,36.8926042,128.7195259
법전밧데리부분정비,경상북도,봉화군,법전면 법전로 39,36.9109529,128.8700251
대경카정비세차장,경상북도,봉화군,봉화읍 예봉로 2039,36.8825187,128.7387395
봉화부분정비,경상북도,봉화군,봉화읍 보밑길 24-17,36.8917165,128.7354081
신흥카전문정비공장,경상북도,봉화군,석포면 석포로1길 50-13,37.0481629,129.0659657
창원카써비스,경상북도,봉화군,법전면 소천로 285,36.9182896,128.941662
서비스코너봉화점,경상북도,봉화군,봉화읍 내성로 50-3,36.8869493,128.7410487
김중욱차병원,경상북도,봉화군,봉화읍 보밑길 14-10,36.891426,128.7344872
윤호카부분정비,경상북도,봉화군,물야면 문수로 1056,36.97979,128.7322877
씽씽 자동차정비,경상북도,봉화군,춘양면 춘양로 1324,37.0033819,128.8436884
우리부분정비,경상북도,봉화군,춘양면 의양로 93,36.9332778,128.9133179
다둥이카센터,경상북도,봉화군,법전면 다덕로 1104,36.9147905,128.8473283
쌍용자동차봉화서비스프라자,경상북도,봉화군,봉화읍 더구로 4,36.8944929,128.7170135
석포카센터,경상북도,봉화군,석포면 석포로 164,37.0444952,129.0646252
대성자동차정비,경상북도,봉화군,춘양면 소천로 23,36.9220614,128.9204736
중앙부분정비공장,경상북도,봉화군,봉화읍 내성로 166,36.8968637,128.738552
우성카도크,경상북도,봉화군,봉화읍 봉명로 6,36.9066417,128.7725989
남신공업사,전라북도,남원시,남문로482,35.4055759,127.3840005
현대1급자동차공업사,전라북도,남원시,춘향로 162-8,35.4269205,127.3881697
중앙자동차공업사,전라북도,남원시,히어실길 8-15,35.4294948,127.3837172
서울자동차정비공장,경상북도,봉화군,봉화읍 예봉로 1977,36.8775531,128.741083
국제자동차정비공장,경상북도,봉화군,봉화읍 더구로 24,36.8946953,128.7170255
봉화정비공장,경상북도,봉화군,봉화읍 봉화로 993,36.8939669,128.7185337
봉화북부정비공장,경상북도,봉화군,법전면 한티로 150-23,36.9237575,128.9051237
내성정비공장,경상북도,봉화군,봉성면 다덕로 436-4,36.9101821,128.7806445
봉화그린자동차정비공장,경상북도,봉화군,봉화읍 봉화로 1161-11,36.8914599,128.7368203
봉화밧데리부분정비,경상북도,봉화군,춘양면 소천로 15,36.9219105,128.9202369
춘양부분정비공장,경상북도,봉화군,춘양면 소천로 39-2,36.9226414,128.9224745
현대튠업,경상북도,봉화군,물야면 문수로 997-1,36.9758618,128.7356088
재산카써비스,경상북도,봉화군,재산면 재산로 538-1,36.8188992,128.9638782
(주)대우특럭동양순천광양영업소,전라남도,광양시,광양읍 초남2공단2길 88,34.9397567,127.6070785
티스테이션 목성점,전라남도,광양시,광양읍 매천로 781,34.9764398,127.5813649
백운자동차정비,전라남도,광양시,백운로 1269(중동),34.9405461,127.7060061
대하동부공업(주),전라남도,광양시,옥곡면 신금산단5길 5,34.9789287,127.7155184
강진종합정비,전라남도,광양시,백운로 955-8(성황동),34.9484376,127.6773804
신세계종합정비,전라남도,광양시,옥곡면 신금산단5길 130,34.9724575,127.723857
(주)강변,전라남도,광양시,광양읍 초남2공단2길 80,34.9407318,127.6066503
태경특장,전라남도,광양시,광양읍 초남2공단2길 46,34.9436254,127.606413
유한회사 광양종합모터스,전라남도,광양시,옥곡면 신금산단4길 9,34.9760479,127.7157873
지우모터스,전라남도,광양시,옥곡면 신금산단4길 9,34.9760479,127.7157873
금호모터스,전라남도,광양시,백운로 955-12(성황동),34.9487027,127.6770204
가야 주식회사,전라남도,광양시,옥곡면 강변로 449,34.9801906,127.7129512
하이브 광양특장,전라남도,광양시,광양읍 초남공단1길 35,34.9301109,127.6065174
제일자동차공업사,전라남도,광양시,광양읍 순광로 379,34.9659772,127.5598485
(유)메디컬자동차공업사,전라남도,광양시,광양읍 주령길 7,34.9650825,127.550555
현대공업사,전라남도,광양시,담안2길 8-13(태인동),34.9423431,127.7499297
주식회사 광양정비센터,전라남도,광양시,광양읍 해광로 888,34.9636536,127.5820544
베스트자동차정비공업사,전라남도,광양시,용장길 4(성황동),34.9482254,127.6760054
우리공업사,전라남도,광양시,삼봉산로 11(태인동),34.9353301,127.745904
㈜제철자동차정비,전라남도,광양시,옥곡면 강변로 463,34.9808856,127.7114953
금호정비써비스,전라남도,광양시,백운로 955-12(성황동),34.9487027,127.6770204
㈜동광양자동차공업사,전라남도,광양시,용장길 42(성황동),34.9458751,127.6722775
주식회사 성황,전라남도,광양시,용장길 13(성황동),34.9466508,127.6757399
강변특장,전라남도,광양시,백운1로 218,34.9485492,127.75983
㈜광양항정비,전라남도,광양시,중마로 15(도이동),34.9267975,127.6859682
(주)광양기업,전라남도,광양시,삼봉산로 10(태인동),34.9362177,127.7470874
대하남부공업㈜,전라남도,광양시,광양읍 익신산단3길 5,34.9502453,127.6076559
성암산업 주식회사,전라남도,광양시,"산업로 1, 309동(태인동)",34.9349925,127.747669
천지자동차공업사,전라남도,광양시,광양읍 백운로 378,34.9600179,127.6260375
광양글로벌주식회사,전라남도,광양시,광양읍 제철로 256,34.941492,127.6083229
주식회사광양교통,전라남도,광양시,광양읍 인덕로 1195,34.9891511,127.5800802
㈜대원기업,전라남도,광양시,담안길 82(태인동),34.9411936,127.750631
동안자동차공업사,전라남도,광양시,옥곡면 신금산단1길 1,34.9653743,127.7253137
㈜광양자동차공업사,전라남도,광양시,강변로 93(광영동),34.9555721,127.728502
신안자동차공업사,전라남도,광양시,광양읍 해광로 884,34.9638717,127.5824014
스피드메이트 이마트 목포점,전라남도,목포시,옥암로 138(옥암동),34.8116318,126.4252008
신성부분정비공업사,전라남도,목포시,옥암로 60(옥암동),34.8050015,126.4286605
세진부분정비공업사,전라남도,목포시,양을로 17(산정동),34.800639,126.3788806
르노코리아자동차서비스코너하당점,전라남도,목포시,백년대로 231(상동),34.8011546,126.4137387
유진부분정비공업사,전라남도,목포시,교육로66번길 33(상동),34.8045871,126.4233093
중앙부분정비공업사,전라남도,목포시,양을로 520(상동),34.8110795,126.4222011
애니카랜드 유달점,전라남도,목포시,용해로 68(용당동),34.8028064,126.4002233
동명카프라자부분정비공업사,전라남도,목포시,용당로 20(산정동),34.7892966,126.4024678
스피드메이트터미널점부분정비공업사,전라남도,목포시,양을로 528(상동),34.8106846,126.4230966
BK모터스,전라남도,목포시,산정로 37(산정동),34.7920767,126.3927387
예원부분정비샵,전라남도,목포시,청호로113번길 11(산정동),34.8014436,126.3773472
미래부분정비공업사,전라남도,목포시,하당로 201(상동),34.8079341,126.4188173
한길모터스부분정비공업사,전라남도,목포시,하당남부로 32(상동),34.7988618,126.4280181
달리는부분정비공업사,전라남도,목포시,삼학로 332(용해동),34.8003915,126.4092028
네바퀴플러스부분정비,전라남도,목포시,영산로 620(석현동),34.8205901,126.4221072
백련카부분정비공업사,전라남도,목포시,백년대로 85(용당동),34.7993577,126.3992113
현모터스부분정비공업사,전라남도,목포시,비파로 122(상동),34.8087844,126.4232218
카마트정비공업사,전라남도,목포시,연동로 1-1(산정동),34.7957283,126.393293
(유)평화점 현대자동차,전라남도,목포시,평화로107번길 5(상동),34.7984948,126.4354564
르노삼성자동차 서비스코너 남악점,전라남도,목포시,남악2로9번길 9-16(옥암동),34.8059953,126.450844
상동카클리닉,전라남도,목포시,텃골로33번길 2(석현동),34.8229038,126.4184937
ST모터스부분정비공업사,전라남도,목포시,교육로 112(상동),34.806649,126.4178345
대불오토밋션,전라남도,목포시,교육로 111-1(상동),34.8064769,126.4173118
세븐부분정비공업사,전라남도,목포시,백년대로 379(옥암동),34.8078566,126.4278522
다운타운부분정비공업사,전라남도,목포시,용당로 12-1(산정동),34.7887573,126.4023982
호성타이어,전라남도,목포시,용당로 24(산정동),34.7895997,126.4023603
이방부분정비공업사,전라남도,목포시,산정로110번길 2(산정동),34.7981952,126.3933018
황성필카프라자,전라남도,목포시,삼향천로 86(옥암동),34.8079752,126.4316852
인앤아웃 부분정비공업사,전라남도,목포시,양을로 109(산정동),34.8064105,126.3851275
한국부분정비공업사,전라남도,목포시,이로로4번길 2(용해동),34.8053714,126.4053824
기현 부분정비공업사,전라남도,목포시,하당로 115(상동),34.8016642,126.4145079
미르오토모빌 부분정비공업사,전라남도,목포시,양을로 149(산정동),34.8099021,126.3866642
카젠용당점부분정비공업사,전라남도,목포시,산정로 218-2(용당동),34.8075226,126.3893225
그린자동차,전라남도,목포시,녹색로 127(옥암동),34.8154445,126.4289823
승지부분정비공업사,전라남도,목포시,옥암로46번길 33(옥암동),34.8053374,126.4325501
(유)금강자동차,전라남도,목포시,영산로 715(석현동),34.8282281,126.419956
애니카랜드 산정점,전라남도,목포시,용당로 318(용해동),34.8153919,126.400563
(유)현대자동차서비스하당점,전라남도,목포시,교육로 98(상동),34.8055678,126.4185698
현대오토밋션부분정비공업사,전라남도,목포시,삼향천로 106-1(옥암동),34.8095374,126.4302486
365부분정비공업사,전라남도,목포시,하당로 211(상동),34.8083298,126.4196804
대광모터스부분정비공업사,전라남도,목포시,비파로 156(상동),34.8106643,126.4200848
그랜드부분정비공업사,전라남도,목포시,비파로108번길 6(상동),34.8075708,126.4241929
도영모터스부분정비공업사,전라남도,목포시,하당남부로 30(상동),34.7988009,126.4278842
타이어프로 청호점,전라남도,목포시,석현로 51(석현동),34.8171566,126.4262073
매직오토샵부분정비공업사,전라남도,목포시,자유로 46(산정동),34.7931959,126.3946771
석현점현대자동차,전라남도,목포시,영산로 721(석현동),34.8287054,126.4192207
금호모터스,전라남도,목포시,대양산단로200번길 104(대양동),34.8322581,126.4052766
K모터스,전라남도,목포시,장미로 112(옥암동),34.8054384,126.4324898
대성부분정비공업사,전라남도,목포시,고하대로 634(산정동),34.804849,126.3686672
아산자동차의집부분정비공업사,전라남도,목포시,원산로 114(연산동),34.8081015,126.3795757
청호카 부분정비공업사,전라남도,목포시,삼향천로91번길 18(옥암동),34.8074526,126.4291946
스피드메이트 신도시점,전라남도,목포시,백년대로 281(상동),34.8034046,126.4185725
매니아카부분정비,전라남도,목포시,교육로 106(상동),34.8060574,126.4181974
KS부분정비공업사,전라남도,목포시,양을로 518(상동),34.8111466,126.4220473
T스테이션상동점,전라남도,목포시,교육로 116(상동),34.8068537,126.4175362
건영부분정비공업사,전라남도,목포시,교육로 101(상동),34.805621,126.4177782
스카이카센타,전라남도,목포시,산정로 28(산정동),34.7909852,126.3932821
성문부분정비공업사,전라남도,목포시,옥암로96번길 10(옥암동),34.8080118,126.4277263
기아카클리닉용해점,전라남도,목포시,삼학로 263(용해동),34.7944719,126.40767
신자유전문정비공업사,전라남도,목포시,용당로 32(산정동),34.7904676,126.4025163
한타대호부분정비공업사,전라남도,목포시,용당로 44(산정동),34.7915595,126.4023607
알피엠부분정비공업사,전라남도,목포시,산정로 88-1(산정동),34.7963471,126.3935084
한국지엠목포하당바로서비스,전라남도,목포시,교육로41번길 19(상동),34.8006117,126.4206109
현대부분정비공업사,전라남도,목포시,하당로 52(상동),34.7983331,126.4200212
승일부분정비공업사,전라남도,목포시,죽교천로136번길 16-3(산정동),34.8040912,126.3697666
드림부분정비공업사,전라남도,목포시,신흥로83번길 21(옥암동),34.8066116,126.4278047
쌍용서비스프라자 용당코너,전라남도,목포시,양을로 186(용당동),34.810548,126.3904398
쌍용부분정비,전라남도,목포시,백년대로 377(옥암동),34.807855,126.4277447
나이스부분정비공업사,전라남도,목포시,영산로 497(상동),34.8102739,126.4171211
무현부분정비공업사,전라남도,목포시,복산길6번길 20-1(옥암동),34.8048264,126.4372564
타이어뱅크 목포점,전라남도,목포시,하당로 116(상동),34.8018236,126.4148843
씽씽모터스부분정비공업사,전라남도,목포시,양을로 148(산정동),34.8093853,126.3867633
차나라부분정비공업사,전라남도,목포시,비파로 138-1(상동),34.8098377,126.4218615
T스테이션 한국타이어,전라남도,목포시,백년대로 410(옥암동),34.8086555,126.431199
태산부분정비공업사,전라남도,목포시,원산로69번길 38(산정동),34.8082088,126.3735935
신목포부분정비공업사,전라남도,목포시,용해로 69-1(용당동),34.8032562,126.4003212
우성부분정비공업사,전라남도,목포시,동부로 16(용당동),34.8053945,126.3947102
동양오토밋션 부분정비공업사,전라남도,목포시,백년대로 247(상동),34.8018187,126.4154815
두산현대부분정비공업사,전라남도,목포시,원산로 122(연산동),34.8087567,126.3803884
한국타이어 목포판매(주),전라남도,목포시,백년대로 385(옥암동),34.8081155,126.4285098
신산정부분정비공업사,전라남도,목포시,용당로 135(용당동),34.7994962,126.4013979
상동점기아오토큐,전라남도,목포시,석현로35번길 1(석현동),34.8169657,126.4245887
초원부분정비공업사,전라남도,목포시,청호로136번길 19-1(산정동),34.8051295,126.3772656
기아오토큐 옥암점,전라남도,목포시,부흥로 115(옥암동),34.8052644,126.4330856
호남부분정비공업사,전라남도,목포시,옥암로124번길 27-1(옥암동),34.8113449,126.4274615
태양부분정비공업사,전라남도,목포시,남악2로9번길 9-12(옥암동),34.8059985,126.4513429
다솜부분정비공업사,전라남도,목포시,용당로 35(산정동),34.7907447,126.4016186
산정점기아오토큐,전라남도,목포시,연산로 81(산정동),34.8056005,126.3853788
뉴현대카부분정비공업사,전라남도,목포시,옥암로54번길 23(옥암동),34.8054556,126.4309721
카젠하당점,전라남도,목포시,삼향천로 1(옥암동),34.8021011,126.435528
드림카부분정비공업사,전라남도,목포시,녹색로 5-1(석현동),34.8251882,126.4239361
고려부분정비공업사,전라남도,목포시,하당로 84(상동),34.7995355,126.4169435
성현부분정비공업사,전라남도,목포시,백년대로337번길 16-1(상동),34.8070308,126.4233526
보쉬카서비스 월드카센터,전라남도,목포시,신흥로45번길 23(상동),34.8050788,126.4242919
명지부분정비공업사,전라남도,목포시,교육로41번길 15(상동),34.8002473,126.420627
신안부분정비공업사,전라남도,목포시,원산로 22(산정동),34.8024844,126.3726576
창진카서비스,전라남도,목포시,용당로 155-1(용당동),34.801315,126.400442
쌍둥이 부분정비공업사,전라남도,목포시,하당로 196-2(상동),34.807319,126.4186057
금호자동차정비,전라남도,목포시,백년대로375번길 37(옥암동),34.810328,126.4252679
에이스부분정비공업사,전라남도,목포시,산정로65번길 10(산정동),34.795081,126.392123
만도프라쟈부분정비공업사,전라남도,목포시,용당로77번길 2(산정동),34.7946741,126.4016747
21세기부분정비공업사,전라남도,목포시,산정로 35(동명동),34.7916731,126.3927327
연산점 현대자동차,전라남도,목포시,연산로 134(연산동),34.809242,126.3824496
현대모터스 부분정비공업사,전라남도,목포시,통일대로 89(옥암동),34.801241,126.4336367
한국지엠목포바로서비스,전라남도,목포시,원산로 128(연산동),34.809124,126.3809967
유한회사 한국지엠목포서비스센터,전라남도,목포시,삼각로43번길 16(상동),34.8051681,126.4179445
한신자동차공업사,전라남도,목포시,둔재머리길 42(연산동),34.8246994,126.3850185
현진자동차공업사,전라남도,목포시,둔재머리길 15(연산동),34.8227088,126.3839315
현대자동차공업사,전라남도,목포시,대양로 62(연산동),34.8205561,126.3859165
옥암자동차정비공업사,전라남도,목포시,남악로58번길 6-3(옥암동),34.8037174,126.4444301
남악자동차공업사,전라남도,목포시,남악로58번길 6-6(옥암동),34.8029752,126.4446854
한결자동차서비스,전라남도,목포시,둔재머리길 20(연산동),34.8232183,126.3843524
영산강자동차공업사,전라남도,목포시,남악로58번길 6-5(옥암동),34.8032491,126.4446005
서해자동차공업사,전라남도,목포시,대양로 12-1(연산동),34.8220776,126.3808744
천지자동차공업사,전라남도,목포시,남악로58번길 6-4(옥암동),34.8033606,126.4444321
우원자동차공업사,전라남도,목포시,대양산단로98번길 10(대양동),34.8298186,126.4033095
(주)찬성자동차공업사,전라남도,목포시,영산로535번길 64-1(상동),34.8170896,126.41427
르노삼성자동차 동양카클리닉,전라남도,목포시,용당로 35-1(산정동),34.7908289,126.401715
페밀리오토피아,전라남도,목포시,신흥로59번길 17(상동),34.8056207,126.4255762
세진첨단카,전라남도,목포시,산정로142번길 32(용당동),34.8025742,126.3959998
명문카센타,전라남도,목포시,산정로 284-1(연산동),34.8123964,126.3856458
태평모터스,전라남도,목포시,하당로221번길 1(상동),34.8088014,126.420536
현대카클리닉산정점,전라남도,목포시,용당로 8(산정동),34.78835,126.402255
무등부분정비공업사,전라남도,목포시,산정로142번길 9(산정동),34.8017073,126.3938244
종합커먼레일,전라남도,목포시,비파로 121(상동),34.8084718,126.4225454
정오부분정비공업사,전라남도,목포시,녹색로 119(옥암동),34.816179,126.428673
요한부분정비공업사,전라남도,목포시,옥암로 42(옥암동),34.8036507,126.4295485
대동부분정비공업사,전라남도,목포시,원산로70번길 3-1(산정동),34.8055822,126.3767761
타이어타운산정점,전라남도,목포시,청호로 104(산정동),34.8017727,126.3789672
세종부분정비공업사,전라남도,목포시,청호로 103(산정동),34.8014185,126.3786742
광진부분정비공업사,전라남도,목포시,용당로196번길 34(용당동),34.8052281,126.4023046
목포자동차정비공업사,전라남도,목포시,둔재머리길 45(연산동),34.8254301,126.3850409
선진자동차공업사,전라남도,목포시,고하대로719번길 11-1(연산동),34.8106589,126.3743491
정일자동차정비공업사,전라남도,목포시,고하대로719번길 5(연산동),34.8109179,126.3742991
국제자동차공업사,전라남도,목포시,보리머리길 6(연산동),34.818319,126.3829667
제일자동차공업사,전라남도,목포시,둔재머리길18번길 26(연산동),34.8240103,126.3857734
(주)삼학자동차공업사,전라남도,목포시,둔재머리길18번길 12(연산동),34.8227671,126.3857243
황제자동차공업사,전라남도,목포시,보리머리길 3(연산동),34.8181813,126.3828663
금강공업사,전라남도,목포시,녹색로 111(옥암동),34.8167259,126.4281663
유달자동차공업사,전라남도,목포시,둔재머리길 32(연산동),34.8238568,126.3844887
목포현대자동차공업사,전라남도,목포시,대양로 199(용해동),34.8235265,126.4002667
오케이자동차공업사,전라남도,목포시,삼학로 222-1(용해동),34.7902588,126.4070571
현대 모터스,전라북도,완주군,삼례읍 삼례로 347,35.9084889,127.0741751
현대동카,전라북도,완주군,봉동읍 완주산단5로 331-13,35.9564033,127.1380045
현대자동차A/S봉동점,전라북도,완주군,봉동읍 봉동로 461,35.9552409,127.1420147
현대자동차봉동중부점,전라북도,완주군,봉동읍 낙평장기로 44,35.9358878,127.1639437
현대카센타,전라북도,완주군,봉동읍 과학로 751,35.9357172,127.1244394
현대카써비스,전라북도,완주군,상관면 신리신흥길31,35.7629841,127.215487
형제카센타,전라북도,완주군,고산면 고산천로 229,35.9584102,127.1807134
호남카센타,전라북도,완주군,고산면 눈기러기로 8,35.9777488,127.2079719
희망카센타,전라북도,완주군,고산면 고산로 83-18,35.9766466,127.2060144
우리카센타,전라북도,완주군,봉동읍 봉동로 886,35.9861252,127.1158156
유레카 서비스,전라북도,완주군,봉동읍 둔산1로 86,35.9588873,127.1221866
으뜸자동차정비,전라북도,완주군,봉동읍 둔산2로 23,35.9575985,127.1228515
으뜸카센타,전라북도,완주군,삼례읍 삼봉로 354,35.9215138,127.1073421
인생캠핑모터스,전라북도,완주군,소양면 구억명덕로 511,35.8581041,127.2028537
자동차 세상,전라북도,완주군,상관면 신리로 133-2,35.7735195,127.2055238
전라카유토피아,전라북도,완주군,봉동읍 삼봉로 853,35.9377447,127.1584329
전주 카센터,전라북도,완주군,고산면 읍내7길 7,35.9748224,127.2105063
전주보링,전라북도,완주군,삼례읍 삼봉로 157-6,35.9199722,127.0863698
정비마을,전라북도,완주군,봉동읍 봉동로 320,35.9493318,127.1553507
정우자동차정비공업사,전라북도,완주군,봉동읍 학다리길 93,35.946038,127.1715417
정우정공주식회사,전라북도,완주군,봉동읍 완주산단7로 89,35.9563693,127.1281627
제일종합정비,전라북도,완주군,고산면 고산천로 369,35.9711138,127.1829182
제일카센타,전라북도,완주군,봉동읍 봉동동서로 106,35.937478,127.164351
㈜대한관광 리무진카센타,전라북도,완주군,봉동읍 둔산3로 12,35.9563567,127.1246031
주식회사 더밴모터스,전라북도,완주군,용진읍 봉서로 42,35.88934,127.1606945
차박사카클리닉,전라북도,완주군,삼례읍 삼례역로 51,35.9079806,127.0681322
천등산카센타,전라북도,완주군,운주면 운주로 63,36.0882696,127.2804064
첨단카센타,전라북도,완주군,봉동읍 과학로 989,35.9572604,127.1248351
청진카서비스,전라북도,완주군,봉동읍 봉동로 551,35.9598337,127.1334579
타이어타운,전라북도,완주군,삼례읍 삼봉로 39,35.912924,127.0758546
타이어프로 봉동점,전라북도,완주군,봉동읍 삼봉로 904,35.939423,127.1636769
타이어프로 삼례점,전라북도,완주군,삼례읍 동학로 22,35.9096073,127.0751823
한국지엠 삼례지정서비스,전라북도,완주군,삼례읍 삼례로 393-4,35.9118235,127.0703118
한국차체(주),전라북도,완주군,봉동읍 완주산단5로 234-15,35.9476123,127.1406915
한국타이어봉동대리점,전라북도,완주군,봉동읍 봉동동서로 19,35.9350379,127.1551373
한다카센타,전라북도,완주군,삼례읍 삼례로 357,35.9092516,127.0735664
혁신카센터,전라북도,완주군,이서면 반교로 157,35.8332793,127.0245399
대성카센타경정비,전라북도,완주군,봉동읍 삼봉로 945,35.9420679,127.167255
대성카써비스,전라북도,완주군,고산면 고산로 35,35.9763099,127.2010325
대영카크리닉,전라북도,완주군,용진읍 완주로 828,35.9350193,127.173651
대풍카센타,전라북도,완주군,이서면 애통길 168,35.8183312,126.9988612
동전주 현대 정비검사소,전라북도,완주군,용진읍 초포다리로 247,35.8772153,127.1563745
동전주모터스,전라북도,완주군,용진읍 구억명덕로 7,35.8763671,127.1582693
동전주현대서비스(유),전라북도,완주군,봉동읍 봉동로 461,35.9552409,127.1420147
마이카서비스,전라북도,완주군,삼례읍 삼봉로 344,35.9212615,127.1062594
만덕카인테리어,전라북도,완주군,봉동읍 봉동로 534,35.9593266,127.1360276
백두산모터스,전라북도,완주군,삼례읍 삼봉로 175,35.9204068,127.0879347
백제카마스타,전라북도,완주군,삼례읍 삼봉로 83,35.915314,127.0795665
봉동중앙카서비스,전라북도,완주군,봉동읍 봉동중앙로 192,35.9358083,127.1566977
삼례점 기아오토큐,전라북도,완주군,삼례읍 삼례로 398,35.9122773,127.0711133
삼오카공업사,전라북도,완주군,삼례읍 삼례역로 88-1,35.9072884,127.064535
상록수공업사,전라북도,완주군,봉동읍 봉동로 532,35.9592551,127.1361766
상운정비,전라북도,완주군,용진읍 신지송광로 32,35.9197788,127.1707029
승리카센타,전라북도,완주군,용진읍 초포다리로 248,35.8776934,127.1575056
신리카센타,전라북도,완주군,상관면 신리로 68,35.7687906,127.2100317
신성카,전라북도,완주군,고산면 읍내7길 52-2,35.9777693,127.2133986
신성카센타,전라북도,완주군,삼례읍 삼봉로 159,35.9196111,127.0866733
신성카써비스,전라북도,완주군,소양면 소양로 206,35.8548947,127.2309382
알피엠모터스,전라북도,완주군,소양면 전진로 1012,35.846728,127.2661098
애니카랜드,전라북도,완주군,봉동읍 봉동동서로 75,35.9361448,127.1605713
애니카랜드 완주점,전라북도,완주군,봉동읍 봉동로 60,35.9300628,127.1687746
오토오아시스 완주과학단지점,전라북도,완주군,봉동읍 과학로 979,35.9560788,127.1250684
온누리카센터,전라북도,완주군,삼례읍 충혼안길 3,35.9076792,127.0745673
용진모터스,전라북도,완주군,용진읍 초포다리로257,35.8781133,127.1560925
우리자동차공업사,전라북도,완주군,봉동읍 봉동로 62,35.930336,127.1688151
(유)대우상용전북,전라북도,완주군,삼례읍 삼봉로 171,35.9198729,127.0876054
(유)세계자동차정비공업사,전라북도,완주군,삼례읍 황서길 34,35.9170045,127.0740025
(유)아우디중산전주써비스센타,전라북도,완주군,이서면 콩쥐팥쥐로 964,35.8197419,127.005166
(유)풍남써비스,전라북도,완주군,이서면 이서남로 361-22,35.8239314,127.0329617
(유)풍남자동차써비스,전라북도,완주군,이서면 이서남로 361-22,35.8239314,127.0329617
(유)현대자동차공업사,전라북도,완주군,삼례읍 삼봉로 179,35.9199203,127.0886029
(주)그린텍,전라북도,완주군,봉동읍 완주산단1로 212,35.9431437,127.1427515
(주)대덕아이엠티,전라북도,완주군,봉동읍 테크노밸리2로 112,35.9724711,127.1242045
(주)마바산업,전라북도,완주군,봉동읍 완주산단1로 292-5,35.9499555,127.1427154
(주)에스모터스,전라북도,완주군,봉동읍 테크노밸리2로 120,35.9733569,127.1231003
(주)우성모터스,전라북도,완주군,삼례읍 효행로 93,35.9274612,127.0935859
(주)제이앤제이,전라북도,완주군,봉동읍 만경강로 727-7,35.9282115,127.1676995
(주)진명상용차 완주지점,전라북도,완주군,삼례읍 삼봉로 195,35.9197368,127.0904678
IC종합카센타,전라북도,완주군,이서면 이서로 42-4,35.8198604,127.0209252
J 모터스(타이어프로 삼례점),전라북도,완주군,삼례읍 왕궁로 5,35.9160215,127.0800868
KCC 모터스,전라북도,완주군,용진읍 구억명덕로 39-23,35.8758795,127.1599103
공단삼봉카센타,전라북도,완주군,삼례읍 삼봉로 473,35.9261041,127.1194492
광명카센타,전라북도,완주군,봉동읍 봉동로 141,35.9376838,127.1681404
글로벌자동차공업사,전라북도,완주군,용진읍 초포다리로 246,35.8773588,127.1572256
금강자동차공업사,전라북도,완주군,봉동읍 신덕성덕길 226,35.9343509,127.1531304
남신카센타,전라북도,완주군,상관면 신리로 4,35.764485,127.2147663
남전주모터스,전라북도,완주군,구이면 청암길 3,35.7524057,127.1251778
남전카센타,전라북도,완주군,용진읍 초포다리로 268,35.8791431,127.1564459
대광타이어,전라북도,완주군,"삼례읍 삼봉로 47, 102동 12층 1205호",35.9135362,127.0763312
대성카센타,전라북도,완주군,봉동읍 과학로 730,35.9341321,127.125849
아산자동차공업사,전라남도,목포시,남악로58번길 6(옥암동),34.8041244,126.4445782
혁신1급자동차공업사,전라남도,목포시,대양로 12(연산동),34.8222502,126.3810783
차차차자동차공업사,전라남도,목포시,대양로 189(용해동),34.8235155,126.3998251
대양산단1급자동차공업사,전라남도,목포시,대양산단로56번길 12-10(대양동),34.8262438,126.4012469
자동차검사소 광일 유한회사,전라남도,목포시,고하대로 863(연산동),34.8206222,126.3839478
명성자동차서비스,전라남도,목포시,고하대로719번길 46(연산동),34.8142205,126.3717442
금목자동차공업사,전라남도,목포시,대양산단로200번길 150,34.8318286,126.4044968
스카니아 목포센터,전라남도,목포시,대양산단로196,34.8387479,126.4023992
(주)대한자동차,전라남도,목포시,대양로 14-18(대양동),34.8215292,126.3807229
고진모터스(주) 아우디목포서비스센터,전라남도,목포시,평화로153번길 16(옥암동),34.8006622,126.4345718
빅딜개러지,전라남도,목포시,고하대로719번길 13(연산동),34.8113841,126.3737119
타이어테크 용해점,전라남도,목포시,삼학로 308(용해동),34.7983421,126.4091755
(유)태원자동차,전라남도,목포시,영산로 600(석현동),34.8179199,126.421419
(주)동양자동차정비,전라남도,목포시,녹색로 126(옥암동),34.8155946,126.428192
동성자동차정비공업사,전라남도,목포시,선곡로 2(옥암동),34.8151696,126.4297402
대성종합정비공업사,전라남도,목포시,고하대로 801(연산동),34.8156654,126.3810799
천일자동차공업사,전라남도,목포시,선곡로 17(옥암동),34.8168712,126.4285818
광일자동차서비스,전라남도,목포시,고하대로 863(연산동),34.8206222,126.3839478
완성자동차공업사,전라남도,목포시,옥암로 181(석현동),34.8143088,126.4204711
북항자동차공업사,전라남도,목포시,고하대로 707-2(연산동),34.8104987,126.3734919
(유)삽진공업사,전라남도,목포시,대양로13번길 12(연산동),34.8231924,126.3832903
평화자동차공업사,전라남도,목포시,삼학로 144(산정동),34.7865904,126.3998659
(유)영흥자동차써비스,전라남도,목포시,삼학로 222-4(산정동),34.7912231,126.4079869
일등자동차공업사,전라남도,목포시,대양로 33(연산동),34.8217164,126.3837239
에덴자동차공업사,전라남도,목포시,선곡로 7(옥암동),34.8158361,126.4291041
신호남자동차공업사,전라남도,목포시,선곡로 15(옥암동),34.8163585,126.4292703
목포서비스기아오토큐 유한회사,전라남도,목포시,남악로58번길 10(옥암동),34.8039876,126.4452533
서전1급자동차정비공업사,전라남도,목포시,섶나루길 145(상동),34.813303,126.4196405
유한회사 하당1급자동차공업사,전라남도,목포시,남악로58번길 16(옥암동),34.8034523,126.4452497
찬성자동차공업사,전라남도,목포시,영산로535번길 64(상동),34.8173853,126.4140115
(유)대신자동차공업사,전라남도,목포시,선곡로 11(옥암동),34.8160604,126.4293277
영창공업사,전라남도,목포시,남악로58번길 6-7(옥암동),34.803159,126.4451511
목포자동차종합병원,전라남도,목포시,대양로 353(석현동),34.8282361,126.4133356
유한회사 중앙자동차공업사,전라남도,목포시,대양로13번길 6(연산동),34.8228137,126.3829347
신일자동차공업사,전라남도,목포시,삼학로 222(산정동),34.7907045,126.4068377
(유)신광공업사,전라남도,목포시,대양로13번길 13(연산동),34.82388,126.382428
미항1급자동차공업사,전라남도,목포시,삼학로 140(산정동),34.7863983,126.3997141
목포시청 청소차 정비소,전라남도,목포시,대양로 241-41(대양동),34.830675,126.4085625
한국타이어 상신점,전라남도,목포시,통일대로 103-1(옥암동),34.8018077,126.4350488
애니카랜드 하당점,전라남도,목포시,복산길6번길 41-1(옥암동),34.8063749,126.4357744
타이어마트,전라남도,목포시,통일대로 21(상동),34.7983581,126.4271322
(주)내쇼날모터스 목포지점,전라남도,목포시,대양로 101(연산동),34.8216784,126.3908361
유로트럭,전라남도,목포시,대박길 118-50(대양동),34.8369839,126.4196455
K모터스 하당점,전라남도,목포시,신흥로69번길 8,34.8048969,126.427723
타이어뱅크 전남도청점,전라남도,목포시,백년대로 419(옥암동),34.8094702,126.4313625
타이어프로 산정점,전라남도,목포시,연산로 84(산정동),34.8060137,126.3856004
거풍,전라남도,목포시,백년대로 120(용당동),34.7985536,126.4025697
하당타이어,전라남도,목포시,양을로 506(상동),34.811721,126.4209292
유카앤타이어,전라남도,목포시,교육로 93(상동),34.8050141,126.4182239
남경모터스,전라남도,목포시,용당로 16(산정동),34.7890228,126.4024021
카젠 옥암점,전라남도,목포시,녹색로134번길 19(옥암동),34.8133294,126.4290517
거풍타이어 북항점,전라남도,목포시,고하대로 706(산정동),34.8093787,126.3742394
타이어백화점,전라남도,목포시,하당로 114(상동),34.801731,126.4153078
리얼팩토리,전라남도,목포시,백년대로83번길 7-9(용당동),34.7997883,126.3983505
유한회사 남경대우트럭,전라남도,목포시,대양산단로98번길 9(대양동),34.8297639,126.4036637
타이어하우스 부영점,전라남도,목포시,녹색로 242(옥암동),34.8073085,126.4357182
금강모터스,전라남도,목포시,영산로 707(석현동),34.8277397,126.4203698
YS모터스,전라남도,목포시,용당로 26(산정동),34.7898296,126.4023459
(주)타이어테크석현점,전라남도,목포시,영산로 648(석현동),34.8230132,126.422958
(주)타이어나라 목포점,전라남도,목포시,영산로 712(석현동),34.8283798,126.4208218
케이오토미션,전라남도,목포시,용당로77번길 8,34.7946696,126.4013442
장반장부분정비공업사,전라남도,목포시,용당로 37(용당동),34.791009,126.4017603
주식회사 진 모터스(목포지점),전라남도,목포시,삼학로 171(산정동),34.7878918,126.4025253
금강카뱅크,경상북도,경산시,진량읍 공단로100길 10,35.8760436,128.8202498
중앙점 기아오토큐,경상북도,경산시,경안로 168(중방동),35.8225781,128.7381076
한국지엠 하양바로서비스,경상북도,경산시,하양읍 대경로 672,35.9082585,128.8151623
최희철카클리닉,경상북도,경산시,원효로40길 46(사동),35.8155865,128.7549698
영남카써비스,경상북도,경산시,압량읍 대학로 483,35.8506583,128.7653133
장원종합카써비스,경상북도,경산시,하양읍 금송로 157,35.9254255,128.824532
연호카부분정비,경상북도,경산시,하양읍 대경로159길 8,35.9154901,128.8254047
현대자동차 진량점,경상북도,경산시,진량읍 낙산길 4,35.8752181,128.8119612
형제3급부분정비,경상북도,경산시,자인면 일연로 118,35.8223699,128.8196829
케이지 모빌리티 진량서비스프라자,경상북도,경산시,진량읍 대학로 1334,35.8977079,128.8238553
상명자동차정비,경상북도,경산시,대학로16길 35(정평동),35.8308395,128.7307714
대구카센타,경상북도,경산시,남천면 남천로 503,35.7692465,128.7248011
대동카센타,경상북도,경산시,용성면 원효로 1356,35.7959401,128.8707277
코끼리카프라자,경상북도,경산시,진량읍 다문로 61,35.8753186,128.8176655
레디카서비스,경상북도,경산시,성암로7길 24(옥산동),35.8244153,128.7205973
"경산라지에다, 카에어컨",경상북도,경산시,화랑로 156(갑제동),35.8285763,128.7649277
하양카토피아,경상북도,경산시,하양읍 대경로 817,35.9162586,128.8278144
영대모터스,경상북도,경산시,대학로 280(대동),35.8325351,128.7575093
무림카클리닉,경상북도,경산시,하양읍 대경로 107-1,35.8802829,128.765882
보성카써비스,경상북도,경산시,한의대로 104(점촌동),35.8062241,128.77718
OK자동차정비,경상북도,경산시,진량읍 공단9로 1,35.857374,128.8346479
하양카마스타,경상북도,경산시,하양읍 대경로 648,35.9071609,128.8127107
승리종합카서비스,경상북도,경산시,백양로33길 47-1(사동),35.8154047,128.7611392
중앙카써비스,경상북도,경산시,대학로16길 53(정평동),35.8292356,128.7308082
오너라인자동차정비,경상북도,경산시,진량읍 대학로 1406,35.9039671,128.8247233
진석오토서비스,경상북도,경산시,원효로 126(계양동),35.8222948,128.7510821
스피드메이트 경산점,경상북도,경산시,"진량읍 대학로 1021, 205동",35.8761964,128.8083362
용성카센타,경상북도,경산시,용성면 원효로 1367,35.7960282,128.8720896
태성카센타,경상북도,경산시,계양로16길 59(사동),35.8198148,128.7547726
박준카클리닉,경상북도,경산시,장산로 102(서상동),35.8176309,128.7362203
영진카클리닉,경상북도,경산시,하양읍 대경로 774,35.9135674,128.8249637
썬카서비스,경상북도,경산시,장산로 107(삼북동),35.8182579,128.7366352
일등종합카마스타,경상북도,경산시,경안로29길 40(중방동),35.8203232,128.7334179
애니카랜드 진량점,경상북도,경산시,진량읍 공단6로 157,35.8731944,128.8246326
왕성모터스,경상북도,경산시,진량읍 황제1길 91,35.8613004,128.8170978
황제종합카써비스,경상북도,경산시,진량읍 공단로 504,35.8763403,128.819371
운성부분정비,경상북도,경산시,자인면 자인로 10,35.8230526,128.8200364
극동카경정비,경상북도,경산시,진량읍 공단2로 17,35.8717118,128.8210817
자인카센타,경상북도,경산시,자인면 일연로 70-1,35.8195759,128.8229762
청구카써비스,경상북도,경산시,진량읍 대학로 936,35.8744258,128.7994707
새한부분정비,경상북도,경산시,압량읍 부적길 104,35.848226,128.7635356
갑일카써비스,경상북도,경산시,옥산로 202(중산동),35.8329273,128.7221446
광모터스,경상북도,경산시,진량읍 해든길 11-1,35.873854,128.8176231
김도형카,경상북도,경산시,"대학로8길 9, 104동(정평동)",35.8335742,128.7267342
호야카닥터,경상북도,경산시,"진량읍 공단로 451, 105동",35.8717666,128.8187211
계양점 현대자동차,경상북도,경산시,원효로 120(계양동),35.8222268,128.7505081
뉴현대모터스,경상북도,경산시,대학로16길 25(정평동),35.8316493,128.7307559
대진밧데리,경상북도,경산시,진량읍 공단6로 193,35.8762987,128.824643
자인미래카,경상북도,경산시,자인면 원효로 743,35.8155443,128.81544
현대카센타,경상북도,경산시,강변서로51길 4(정평동),35.8302113,128.7312254
금강카,경상북도,경산시,대학로16길 23(정평동),35.8317518,128.7307322
천리마카써비스,경상북도,경산시,진량읍 공단2로 33,35.8718944,128.822951
김희열경정비세차,경상북도,경산시,대학로8길 18(정평동),35.8330374,128.7266149
엠카,경상북도,경산시,경안로 115(삼북동),35.8178632,128.7381588
현대카서비스,경상북도,경산시,진량읍 공단로 597,35.8846571,128.8173331
하양점 현대자동차,경상북도,경산시,하양읍 대경로 799,35.9152797,128.8263216
농업회사법인 보경팜테크(주),경상북도,경산시,와촌면 하양로 471,35.9269798,128.8550082
스피드메이트,경상북도,경산시,옥산로 227,35.8352147,128.7207432
오너라인(경산점),경상북도,경산시,경안로 77(삼남동),35.8145843,128.7385549
KSC엔지니어,경상북도,경산시,진량읍 공단6로 163,35.8736024,128.824494
오빌종합카센타,경상북도,경산시,둥지로 85(임당동),35.8428747,128.7485584
현대박부장카클리닉,경상북도,경산시,"남매로 35, 311동(삼남동)",35.8143376,128.7409755
케이모터스,경상북도,경산시,"경안로43길 16, 106동(중방동)",35.8267786,128.7347481
한양카클리닉,경상북도,경산시,경안로50길 28(중방동),35.8293327,128.7390034
한국지엠 진량바로서비스,경상북도,경산시,진량읍 다문로 103,35.876504,128.8220231
애니카랜드 하양점,경상북도,경산시,하양읍 대경로 680,35.9086326,128.8157533
타이어타운 진량점,경상북도,경산시,진량읍 공단1로 41,35.8739801,128.8236826
머쉰제이알,경상북도,경산시,경안로 102(삼남동),35.8166021,128.7388674
에이스카모터스,경상북도,경산시,진량읍 공단2로9길 6,35.8720995,128.8236528
서울카써비스,경상북도,경산시,경청로218길 17-4(백천동),35.8017747,128.7404029
카박사 이정호,경상북도,경산시,경산로 151(사정동),35.8218536,128.7275768
차차차부분정비,경상남도,통영시,용남면 남해안대로 479-15,34.8650913,128.4422085
챔피온카서비스,경상남도,통영시,비석1길 14,34.8493588,128.4298901
충렬카센타,경상남도,통영시,충렬로 31-8,34.8446096,128.4178643
충무모터스,경상남도,통영시,광도면 죽림5로 46,34.8852595,128.4202756
충무밋숑부분정비,경상남도,통영시,원문로 51,34.857764,128.4229058
충무카센타,경상남도,통영시,통영해안로 458,34.8492729,128.4318343
카포스자동차정비,경상남도,통영시,항북길 55-10,34.8444682,128.4294251
케이지모빌리티 통영서비스프라자,경상남도,통영시,안개4길 117,34.8595588,128.4311248
성민카부분정비,경상남도,통영시,미수로 57,34.8226428,128.3967998
성진 모터스,경상남도,통영시,무전1길 64-12,34.8610849,128.4230516
세명자동차정비공업사,경상남도,통영시,정동2길 20(정량동),34.8452964,128.4315687
1급세일정비공업사,경상남도,통영시,광도면 남해안대로 873-1,34.8719381,128.4151451
세일타이어전문점,경상남도,통영시,광도면 남해안대로 871,34.8714951,128.4154999
소림카,경상남도,통영시,무전7길 154,34.8646747,128.4226266
스피드메이트호반점,경상남도,통영시,광도면 남해안대로 1309,34.8991322,128.3994082
스피드모터스,경상남도,통영시,도남로 78,34.8315177,128.4126323
통영서비스 기아오토큐,경상남도,통영시,광도면 죽림2로 14-36,34.8792131,128.4135026
알파모터스,경상남도,통영시,용남면 동달안길 8,34.8642476,128.4419415
애니카랜드죽림점,경상남도,통영시,광도면 남해안대로 952-12,34.878314,128.4135035
에이치원정비,경상남도,통영시,광도면 남해안대로 1039,34.8863293,128.414361
오렌지자동차정비,경상남도,통영시,동호안길 10,34.840509,128.4326791
오륜카서비스,경상남도,통영시,도산면 한퇴길 109-109,34.9037671,128.3875076
오토오아시스 통영점,경상남도,통영시,무전대로 65,34.8605781,128.4282378
용남카부분정비,경상남도,통영시,용남면 장문로 482,34.8845667,128.4508857
르노코리아 서비스코너 통영점,경상남도,통영시,광도면 죽림3로 20,34.8826428,128.4154886
명성카인테리어,경상남도,통영시,도산면 남해안대로 1515,34.9004861,128.3800521
문화부분정비,경상남도,통영시,원문로 40,34.857879,128.4243398
미수자동차정비,경상남도,통영시,미수로 112-1,34.8252183,128.4018984
부광카서비스,경상남도,통영시,용남면 남해안대로 540,34.8604736,128.440574
부산카필모터스,경상남도,통영시,광도면 남해안대로 1293,34.8981322,128.401036
비타민모터스,경상남도,통영시,광도면 남해안대로 949,34.8780518,128.412579
사량카 센타,경상남도,통영시,사량면 진촌2길 157,34.8456316,128.2204625
삼덕카부분정비,경상남도,통영시,산양읍 산양일주로 1625-1,34.7991822,128.3866356
삼성카부분정비,경상남도,통영시,광도면 죽림1로 3,34.8780166,128.4136486
서광카써비스,경상남도,통영시,통영해안로 495,34.8525885,128.432219
원모터스,경상남도,통영시,안개4길 57,34.85751,128.4327034
선경부분정비공업사,경상남도,통영시,안개4길 29,34.8570697,128.4322291
선우모터스,경상남도,통영시,통영해안로 541,34.854852,128.4360033
성광카모터스,경상남도,통영시,광도면 남해안대로 1216,34.8950587,128.408356
성동카부분정비,경상남도,통영시,광도면 춘원2로 37-8,34.9553956,128.4142601
금호타이어 동명대리점,경상남도,통영시,항남1길 59,34.8412528,128.4251692
금호타이어동백대리점,경상남도,통영시,광도면 남해안대로 1343,34.9008429,128.3965079
넥센타이어 경남총판,경상남도,통영시,용남면 견내량로 2,34.8888054,128.4583122
노산카부분정비,경상남도,통영시,광도면 남해안대로 1217,34.8945476,128.4078336
달인Motors,경상남도,통영시,산양읍 산양일주로 1692,34.8049241,128.3874996
대교그린카부분정비,경상남도,통영시,용남면 남해안대로 47,34.8903676,128.4712514
대교카부분정비,경상남도,통영시,용남면 견내량로 10,34.8888066,128.4596825
대박타이어,경상남도,통영시,광도면 남해안대로 1309,34.8991322,128.3994082
대우트럭통영정비사업소,경상남도,통영시,통영해안로 571,34.8558991,128.4387786
대진카부분정비,경상남도,통영시,안개로 56,34.8604984,128.4306536
대현원동기정비업,경상남도,통영시,용남면 남해안대로 525,34.8618848,128.4411792
도산카부분정비,경상남도,통영시,도산면 도산일주로 49,34.9029864,128.3598496
동남부분정비공업사,경상남도,통영시,여황로 228,34.8447779,128.4163771
드림카센타,경상남도,통영시,여황로 164,34.8401915,128.4138415
로얄종합카,경상남도,통영시,항북길 28,34.8458789,128.4302064
르노코리아자동차서비스코너 명정점,경상남도,통영시,여황로 271,34.8473888,128.4191498
(주)동진자동차정비공업사,경상남도,통영시,평인일주로 1106-88,34.8574079,128.4168348
1급광광자동차정비공업사,경상남도,통영시,광도면 죽림2로 6-1,34.8798934,128.4135062
1급안정종합정비,경상남도,통영시,광도면 안정로 922,34.9575195,128.4121039
1급통영자동차정비공업사,경상남도,통영시,용남면 남해안대로 529-12,34.8615074,128.4416325
JUN MOTORS,경상남도,통영시,항북길 36,34.8456719,128.4296478
MK모터스,경상남도,통영시,용남면 용남해안로 571-1,34.8747661,128.4483475
SK스피트메이트이마트통영점,경상남도,통영시,광도면 죽림4로 9,34.8871667,128.4179907
SK오토카월드,경상남도,통영시,용남면 적촌길 1,34.8881299,128.4538136
S모터스,경상남도,통영시,광도면 죽림3로 35,34.8828424,128.4174776
T-Station 죽림점,경상남도,통영시,광도면 죽림양지길 1,34.8842322,128.4135504
T-STATION 통영무전점,경상남도,통영시,통영해안로 533,34.854668,128.4359007
경동카부분정비,경상남도,통영시,무전5길 11-24,34.8608561,128.4252066
경동카정비,경상남도,통영시,충렬로 9,34.8427043,128.419403
공단카센타,경상남도,통영시,광도면 안정로 730,34.9418849,128.41632
광도점기아오토큐,경상남도,통영시,광도면 남해안대로 1043,34.8867036,128.4143105
그린자동차정비,경상남도,통영시,용남면 통영해안로 542,34.8540452,128.4366842
(주)대한오토 서비스 양산북정,경상남도,양산시,북정동 210-29,35.3703564,129.0445068
(주)디엔케이,경상남도,양산시,평산동 51-39,35.3851705,129.152401
(주)보성모터스,경상남도,양산시,물금읍 증산리 1416,35.3114999,129.0154139
(주)세원,경상남도,양산시,하북면 답곡리 706-1,35.4748814,129.087565
(주)아이언,경상남도,양산시,북정동 291-5,35.3613052,129.0436738
(주)아이언오토 양산,경상남도,양산시,평산동 125-5,35.3802587,129.1531752
(주)엔케이자동차검사정비,경상남도,양산시,상북면 소토리 622-6,35.3810413,129.0509524
(주)웅상현대1급정비,경상남도,양산시,평산동 76-4,35.3830389,129.1525701
(주)타이어마켓 양산서창점,경상남도,양산시,명동 961-7,35.3993038,129.1631308
(주)포유1급종합정비,경상남도,양산시,상북면 소토리 551-7,35.3809901,129.0489537
(주)현대종합정비,경상남도,양산시,북부동 701-7,35.3480849,129.0381203
1급광영종합정비공업사,경상남도,양산시,상북면 소토리 1287-18,35.3805172,129.0455552
1급그랜드종합정비 주식회사,경상남도,양산시,북부동 148-33,35.3484243,129.0403786
1급대성보링,경상남도,양산시,상북면 소토리 798-2,35.3828547,129.0451548
2J모터스,경상남도,양산시,동면 석산리 678-7,35.316755,129.0292623
ACT GARAGE,경상남도,양산시,명동 1066-8,35.4068939,129.1688917
AUTO Q LAND,경상남도,양산시,물금읍 가촌리 550-8,35.3197553,128.9923943
FM카 서비스 부분정비,경상남도,양산시,주남동 58-3,35.4148284,129.1654638
H.A.D모터스,경상남도,양산시,동면 금산리 600-2,35.3067077,129.0264937
HS홍성카정비,경상남도,양산시,주남동 50-4,35.416638,129.1660064
H모터스,경상남도,양산시,신기동 647-1,35.3542454,129.0363898
H모터스,경상남도,양산시,평산동 51-32,35.3846167,129.1523924
JJ모터스,경상남도,양산시,소주동 409-11,35.406812,129.1577937
JUN모터스,경상남도,양산시,북부동 694-4,35.3504393,129.0394894
mk자동차정비,경상남도,양산시,삼호동 911-13,35.4106328,129.166498
N1모터스,경상남도,양산시,덕계동 336,35.3773823,129.1554994
On auto mobile,경상남도,양산시,평산동 1007-5,35.3742474,129.1310838
SK모터스,경상남도,양산시,명동 408,35.4000706,129.1709523
SS Car Factory,경상남도,양산시,상북면 상삼리 594,35.4296553,129.0543015
TTS양산북부점,경상남도,양산시,북부동 462-2,35.3465706,129.0357199
가야카부분정비,경상남도,양산시,북부동 480-16,35.346933,129.0366315
강남현대상용써비스,경상남도,양산시,동면 석산리 288-1,35.3300069,129.0376294
개인택시카정비,경상남도,양산시,북부동 4-1,35.3471277,129.0514396
거북이모터스,경상남도,양산시,신기동 643-4,35.3562189,129.0381965
건우자동차정비,경상남도,양산시,소주동 95,35.412485,129.160557
경남정비,경상남도,양산시,동면 가산리 1193-4,35.2817312,129.0157948
경주카,경상남도,양산시,주남동 94-5,35.4195709,129.1608904
골드모터스,경상남도,양산시,물금읍 가촌리 497-9,35.3177777,128.9930846
공임나라 덕계점,경상남도,양산시,평산동 531-9,35.3843335,129.1483559
공임나라 북정점,경상남도,양산시,북정동 911-3,35.3558767,129.0418201
광림1급종합특장,경상남도,양산시,유산동 127-50,35.3631008,129.0377411
광명카서비스,경상남도,양산시,상북면 소토리 482-44,35.376991,129.0475547
광명카타이어,경상남도,양산시,어곡동 352,35.3780029,129.0272012
광진카부분정비,경상남도,양산시,상북면 석계리 234-6,35.4179312,129.0626649
구룡종합정비,경상남도,양산시,상북면 소토리 720,35.3824432,129.0551794
그랜드엔진,경상남도,양산시,평산동 76-13,35.3835309,129.1526485
그랜드타이어양산지점,경상남도,양산시,상북면 소토리 479-37,35.3780703,129.0480293
영성모터스,경상북도,경산시,경안로 133(삼북동),35.8194355,128.7378723
타이어프로 영남대점,경상북도,경산시,백자로20길 2(사동),35.8138457,128.7568541
내고을카센타,경상북도,경산시,하양읍 대학로295길 12-15,35.9108314,128.8214353
그린오토,경상남도,양산시,다방동 460-1,35.332608,129.0400418
그린정비,경상남도,양산시,상북면 소토리 479-29,35.3785249,129.0484244
그린카정비,경상남도,양산시,평산동 24-1,35.3831547,129.1554241
금광카서비스,경상남도,양산시,용당동 54,35.4338177,129.1905011
금산카센타,경상남도,양산시,동면 금산리 588-6,35.3057775,129.0267535
금성모터스,경상남도,양산시,명동 708-12,35.4070967,129.165987
금수자동차정비,경상남도,양산시,남부동 462-2,35.3389702,129.0379486
금하정비,경상남도,양산시,물금읍 범어리 2718-2,35.3254287,129.0145366
금호상사,경상남도,양산시,북정동 908-8,35.3544378,129.0432992
기아오토큐 삼호점,경상남도,양산시,삼호동 988-3,35.4119786,129.1681698
기아자동차웅상정비센타,경상남도,양산시,물금읍 증산리 1416,35.3114999,129.0154139
김갑수 카프라자,경상남도,양산시,평산동 737-6,35.369904,129.144015
김명덕 카크리닝,경상남도,양산시,교동 226-78,35.3446739,129.0277808
김은주카클리닉,경상남도,양산시,동면 석산리 288-6,35.3298446,129.0369866
나노카센타,경상남도,양산시,다방동 507-2,35.331921,129.0375725
낙동강 자동차정비,경상남도,양산시,물금읍 물금리 518-8,35.3135498,128.9888293
남부동460카,경상남도,양산시,남부동 460-5,35.3388801,129.0362434
초전산업개발(주),경상북도,성주군,초전면 주천로 1313,36.0383576,128.2679452
우성1급검사정비공장,경상북도,성주군,선남면 선월로 50,35.9114924,128.333655
초전종합특장,경상북도,성주군,초전면 용대로 316,35.9603121,128.2649646
(주)성주종합정비,경상북도,성주군,성주읍 성산8길 19,35.9164341,128.2967447
성주공단종합정비,경상북도,성주군,성주읍 성주고교길 18,35.9350904,128.2804245
태극특장,경상북도,성주군,선남면 나선로 1011,35.8814577,128.3795155
(주)동부종합자동차정비,경상북도,성주군,성주읍 성산9길 116-19,35.9164086,128.3090275
장군 카 매니저,경상북도,경주시,안강읍 구부랑두림길 22,36.0000209,129.1926431
소백자동차정비공장,경상북도,영주시,봉현면 풍기로 3,36.8656382,128.5229084
한성자동차정비공장,경상북도,영주시,적서공단로 112(적서동),36.7910157,128.6193849
자동차정비마당,경상북도,영주시,대동로34번길 23-12(가흥동),36.813829,128.6077051
청운카밧데리,경상북도,영주시,영주로 298(하망동),36.8247291,128.6324499
소백카센터,경상북도,영주시,풍기읍 기주로 55,36.868664,128.5293558
동창카서비스,경상북도,영주시,목민로 28-2(휴천동),36.8080493,128.6211488
발통천국,경상북도,영주시,구성로 166(휴천동),36.8082211,128.629193
스마일카,경상북도,영주시,선비로 43(휴천동),36.8090386,128.6248738
타이어프로 영주중앙점,경상북도,영주시,중앙로 30(영주동),36.8198985,128.6201403
한국타이어 TTS영주점,경상북도,영주시,서원로 131(휴천동),36.8133902,128.6356513
붕붕카서비스,경상북도,영주시,광복로91번길 2,36.8279366,128.6288408
송상근부분정비,경상북도,영주시,영주로160번길 32,36.8239709,128.6179355
힐링카정비,경상북도,영주시,대학로262번길 8(가흥동),36.8186305,128.6055784
현대전문정비,경상북도,영주시,구성로294번길 6(휴천동),36.8195157,128.6282148
경북자동차검사정비공장,경상북도,영주시,중앙로 29(영주동),36.8201311,128.6198741
남영주현대서비스,경상북도,영주시,구성로88번길 40(휴천동),36.8029596,128.6331376
영풍자동차정비공장,경상북도,영주시,봉현면 풍기로 7,36.8660674,128.5224717
대명정비공장,경상북도,영주시,구성로88번길 10-3(휴천동),36.8017984,128.6325239
영주종합자동차정비공장,경상북도,영주시,구성로88번길 172(휴천동),36.8087846,128.6358194
풍기자동차정비공장,경상북도,영주시,봉현면 신재로841번길 1,36.8618729,128.5309204
삼성자동차정비공장,경상북도,영주시,원당로 409(상망동),36.8390124,128.6497814
현대정비공장,경상북도,영주시,고현로 51(고현동),36.8348113,128.6171518
제일정비공장,경상북도,영주시,의상로 136(상망동),36.8481547,128.6391714
TOP 모터스 1급 정비공장,경상북도,영주시,서원로 89-1(휴천동),36.8101857,128.6338421
우성카정비공장,경상북도,영주시,풍기읍 신재로842번길 9-7,36.8632321,128.5302625
영주적재함특장,경상북도,영주시,장수면 용주로 106번길 6,36.7822191,128.5668666
광진공업사,전라북도,고창군,고창읍 보릿골로 128,35.4368474,126.6961048
유한회사 고창자동차공업사,전라북도,고창군,신림면 고인돌대로 2051-7,35.4615283,126.6970694
우리자동차공업사,전라북도,고창군,고창읍 덕산길 59,35.4297313,126.689233
삼성자동차공업사,전라북도,고창군,고창읍 백양길 10,35.42385,126.6934302
현대고창서비스,전라북도,고창군,고창읍 보릿골로 106,35.4345913,126.6958383
한국자동차정비공업사,전라북도,고창군,고창읍 중거리당산로 23,35.4240688,126.6922653
진종합정비공장,경상북도,영주시,원당로63번길 2-11(영주동),36.8204067,128.6219182
대한자동차정비공장,경상북도,영주시,번영로181번길 26(영주동),36.8275376,128.6233174
신영주자동차정비공장,경상북도,영주시,꽃동산로1번길 29(휴천동),36.8105175,128.6223033
카포인트,경상북도,영주시,영주로60번길 31(가흥동),36.8196826,128.6065944
신광종합카센타,경상북도,영주시,남간로 2(휴천동),36.8185677,128.6279562
현대밧데리,경상북도,영주시,봉현면 신재로841번길 2,36.8620144,128.5305978
풍기카센타,경상북도,영주시,풍기읍 남원로 108,36.8683923,128.5230577
오토카센타,경상북도,영주시,꽃동산로 46-2(가흥동),36.8137559,128.6199278
대진카센타,경상북도,영주시,시청로1번길 42-1,36.806796,128.6214652
오너카센타,경상북도,영주시,선비로 120-6(휴천동),36.8155061,128.6226565
차차차카센타,경상북도,영주시,지천로157번길 16(가흥동),36.8151752,128.6187431
동진카라이프,경상북도,영주시,대학로284번길 29-10(가흥동),36.821319,128.6087673
현대카센타,경상북도,영주시,중앙로 40-1(영주동),36.8203642,128.6210001
대현부분정비,경상북도,영주시,영주로86번길 47-12(가흥동),36.8209387,128.6092277
우성카오토전문샵,경상북도,영주시,봉현면 풍기로 11,36.866511,128.5229337
스피드카프라자,경상북도,영주시,풍기읍 기주로 40,36.8684939,128.5311719
매일카써비스,경상북도,영주시,영주로159번길 7(영주동),36.8257136,128.6168959
한국타이어 명신대리점,경상북도,영주시,서원로 167-1(휴천동),36.8165544,128.6369581
스마트카서비스,경상북도,영주시,선비로 112(휴천동),36.8150642,128.6227921
종합카부분정비,경상북도,영주시,원당로 33(가흥동),36.8182824,128.6194485
순흥카센타,경상북도,영주시,순흥면 순흥로 83,36.9171741,128.5754167
동양카센터,경상북도,영주시,풍기읍 기주로 155-1,36.8729264,128.519476
정상카써비스,경상북도,영주시,시청로1번길 8(휴천동),36.8066177,128.6231979
성은카쎈타,경상북도,영주시,구성로 224(휴천동),36.8132225,128.627786
예인상사,경상북도,영주시,대학로 20(휴천동),36.8101739,128.6220071
영진카센타,경상북도,영주시,시청로1번길 34(휴천동),36.8066857,128.6217826
장수 서울자동차공업사,전라북도,장수군,장수읍 장천로 224,35.6521123,127.5200416
붕붕카센타,전라북도,장수군,장수읍 성산길 4,35.6511258,127.5202131
현대그린서비스,전라북도,장수군,장수읍 장수북동길 19,35.6479172,127.516357
신광자동차부분정비,전라북도,장수군,계남면 장무로 148-3,35.7243805,127.5834836
장수자동차공업사,전라북도,장수군,장수읍 장천로 203,35.6508012,127.5189118
르노코리아 서비스코너 영주점,경상북도,영주시,대동로 211-1(휴천동),36.8155633,128.6257213
동국자동차수리점,경상북도,영주시,순흥면 순흥로 35,36.9132378,128.5770585
그린카센타,경상북도,영주시,시청로 7(휴천동),36.8068799,128.6239341
삼일카센타,경상북도,영주시,원당로 217(하망동),36.8292068,128.6340695
진종합부분정비,경상북도,영주시,원당로 71(영주동),36.8205383,128.6227528
종합카마스타,경상북도,영주시,구성로 219-1,36.8127899,128.6274265
하나오토,경상북도,영주시,대학로 19(휴천동),36.8097213,128.6222646
첨단카센타,경상북도,영주시,구성로 178-1(휴천동),36.809269,128.6290412
뚱뚱이카센타,경상북도,영주시,부석면 소백로 3719,36.9768005,128.6557917
영주점 기아오토큐,경상북도,영주시,신재로 21(가흥동),36.8308421,128.6103715
토성카월드,경상북도,영주시,풍기읍 남원로 12,36.8651775,128.5328584
한양카센타,경상북도,영주시,지천로 125(가흥동),36.8114454,128.6187137
서진종합카센타,경상북도,영주시,구성로 282(휴천동),36.8182552,128.6279773
서부카 서비스,경상북도,영주시,선비로 258-1(영주동),36.8270706,128.6160505
송원영휠얼라이먼트전문점,경상북도,영주시,시청로 6(휴천동),36.8068017,128.6243172
부분정비소백카센타,경상북도,영주시,봉현면 신재로 887-20,36.8623921,128.5250377
3급소백카써비스,경상북도,영주시,의상로 205(상망동),36.8541509,128.6373262
서동철카클리닉,경상북도,영주시,번영로 94(휴천동),36.8204238,128.6287338
교차로카써비스센타,경상북도,영주시,대동로 228(휴천동),36.8151235,128.6274055
대한카써비스센타,경상북도,영주시,지천로 115(휴천동),36.8104792,128.6188849
세림카부분정비센타,경상북도,영주시,영주로261번길 30(하망동),36.8265393,128.6286326
대성카센타,경상북도,영주시,중앙로 32(영주동),36.8199628,128.6202479
흥주카센타,경상북도,영주시,순흥면 순흥로 82,36.9169644,128.5757813
월드모터스영주렉카,경상북도,영주시,지천로 184(휴천동),36.8164418,128.6204026
영원자동차부분정비,경상북도,영주시,구성로 156(휴천동),36.8070689,128.6291122
굴다리부분정비,경상북도,영주시,구성로150번길 7-8(휴천동),36.8072682,128.6296943
오스피드자동차공업사,전라북도,고창군,고창읍 소반2길 6,35.4388465,126.6962973
대성자동차공업사,전라북도,고창군,대산면 대성로 203,35.3370682,126.5972865
평화자동차종합써비스,전라북도,고창군,고창읍 덕산월계길 1,35.4340504,126.6820971
성두카센타,전라북도,고창군,고창읍 고인돌대로 1897-9,35.4489159,126.6960707
왕세카센타,전라북도,고창군,고수면 고인돌대로 1416-3,35.4103337,126.6789353
슈퍼카랜드,전라북도,고창군,고창읍 보릿골로 48,35.4296039,126.6952831
(유)영광자동차공업사,전라북도,군산시,개정면 모갱이1길 74,35.9854389,126.7668076
(유)모든자동차공업사,전라북도,군산시,개정면 아동북길 69,35.9809525,126.7704429
(유)옥산자동차공업사,전라북도,군산시,개정면 아동북길 75-26,35.9811241,126.7706615
(주)군산종합모터스,전라북도,군산시,개정면 최호장군길 4,35.956829,126.7918688
(주)이삭모빌리티,전라북도,군산시,산단동서로 233,35.9494656,126.5566123
새만금1급자동차공업사,전라북도,군산시,강변로 12,35.9860061,126.7258236
동일카센타,전라북도,고창군,고창읍 중거리당산로 37,35.4248929,126.6935525
심원카서비스,전라북도,고창군,심원면 심원로 140,35.5196927,126.5454152
슈퍼카랜드,전라북도,고창군,고창읍 보릿골로 48,35.4296039,126.6952831
선운산농협 자동차 수리센터,전라북도,고창군,무장면 무장읍성길 23,35.415792,126.5592528
탑코리아자동차정비소,전라북도,고창군,고창읍 녹두로 1301,35.4340658,126.6885888
정직 카센타,전라북도,고창군,고창읍 녹두로 1290,35.4333875,126.6872883
삼성자동차공업사,전라북도,고창군,고창읍 백양길 10,35.42385,126.6934302
탑코리아자동차정비,전라북도,고창군,고창읍 율계신월길 60,35.4480804,126.6862122
애니카랜드 선운산점(삼보자동차공업사),전라북도,고창군,흥덕면 흥덕로 36,35.5191491,126.7033455
삼양밧데리,전라북도,고창군,부안면 복분자로 887-1,35.5133289,126.6725196
쌍용자동차 고창서비스프라자,전라북도,고창군,고창읍 고인돌대로 1854,35.4450542,126.6947542
태성카센타,전라북도,고창군,고창읍 학전2길 8,35.4351863,126.6882943
한국지엠 고창바로정비서비스,전라북도,고창군,고창읍 고인돌대로 1767-12,35.4368406,126.6917592
타이어테크 고창점,전라북도,고창군,고창읍 녹두로 1303,35.4337465,126.6887806
우리카 고창점,전라북도,고창군,고창읍 덕산길 59,35.4297313,126.689233
수정카공업사,전라북도,고창군,흥덕면 선운대로 3785,35.5222015,126.7044207
해리자동차공업사,전라북도,고창군,해리면 해리중앙로 111,35.4617892,126.5389694
유명자동차공업사,전라북도,고창군,대산면 대성로 281,35.3413258,126.6039774
모양자동차공업사,전라북도,고창군,고창읍 동리로 6,35.433152,126.692742
장원카센타,전라북도,고창군,해리면 희어재로 13,35.4589062,126.544494
온누리 카 써비스,전라북도,고창군,대산면 대산길 81,35.3421897,126.5983244
현대자동차클리닉고창점,전라북도,고창군,고창읍 소반3길 17-2,35.4398197,126.6945041
제일카센타,전라북도,고창군,고창읍 소반2길 6,35.4388465,126.6962973
현인자동차공업사,전라북도,고창군,고수면 고인돌대로 1377,35.4072572,126.6764629
공음자동차공업사,전라북도,고창군,공음면 공음길 58,35.3787056,126.5137618
흥덕종합자동차공업사,전라북도,고창군,흥덕면 선운대로 3714,35.5181824,126.6986855
애니카랜드,전라북도,고창군,고창읍 성산로 40,35.4380901,126.6968759
신세계카공업사,전라북도,고창군,고창읍 중거리당산로 82-1,35.4274329,126.6971537
성진카인테리어,전라북도,고창군,고창읍 성산로 40,35.4380901,126.6968759
고창점기아오토큐,전라북도,고창군,고창읍 소반7길 28,35.4406304,126.6952937
성운자동차공업사,전라북도,고창군,무장면 녹두로 83,35.4232095,126.5667847
대산종합카센타,전라북도,고창군,대산면 대산길 81,35.3421897,126.5983244
씽씽카공업사,전라북도,고창군,고창읍 남정6길 10,35.4317607,126.6962788
영신카센타,전라북도,고창군,고창읍 고인돌대로 1875,35.4471692,126.6952435
토탈카써비스,전라북도,고창군,대산면 대성로 203,35.3370682,126.5972865
지로카센타,전라북도,고창군,상하면 선운대로 1097,35.4637882,126.5111419
금수카센타,전라북도,고창군,고창읍 월곡4길 21,35.4372669,126.7104309
황제카써비스,전라북도,고창군,심원면 선운대로 2156,35.5388339,126.5687834
유카라이프,전라북도,고창군,고창읍 고인돌대로 1895-12,35.4486592,126.6960712
성창카센타,전라북도,고창군,공음면 왕제산로 67,35.3775024,126.5141683
고인돌차량정비소(상행선),전라북도,고창군,고창읍 서해안고속도로 80,35.4619305,126.6733999
고인돌차량정비소(하행선),전라북도,고창군,신림면 서해안고속도로 81,35.4685702,126.6737828
매일카센타,전라북도,고창군,고창읍 천변북로 15,35.4346911,126.6940701
창영자동차공업사,전라남도,강진군,강진읍 해강로 974,34.5973438,126.7342142
강진점기아오토큐,전라남도,강진군,강진읍 해강로 1404,34.6294475,126.7574752
내동네카센타,전라남도,강진군,신전면 백도로 1555,34.5150552,126.7214427
한국자동차공업사,전라남도,강진군,강진읍 보은로 205,34.6416169,126.7793965
요셉카센타,전라남도,강진군,마량면 미항로 6,34.4597764,126.8145053
고속타이어카센터,전라남도,강진군,강진읍 남당로 94,34.6254156,126.7692544
대영공업사,전라남도,강진군,강진읍 송계로 10,34.6335162,126.7600907
쌍용자동차강진서비스프라자,전라남도,강진군,강진읍 중앙로 18,34.6332805,126.7621327
신흥카센타,전라남도,강진군,강진읍 보은로 109,34.6366098,126.7707789
로켓트공업사,전라남도,강진군,강진읍 보은로 152,34.6381966,126.7749167
남영주카독크부분정비,경상북도,영주시,장수면 장수로 347-3,36.7931792,128.5888352
케이지모빌리티 영주서비스프라자,경상북도,영주시,구성로88번길 216(휴천동),36.8104019,128.6357145
가흥점현대자동차그린서비스,경상북도,영주시,신재로 25(가흥동),36.8307833,128.6098184
쉐보레영주바로서비스,경상북도,영주시,선비로 134(휴천동),36.8168434,128.6218914
현대오토부분정비,경상북도,영주시,구성로88번길 200(휴천동),36.8096471,128.6354519
대영부분정비,경상북도,영주시,서원로 75(휴천동),36.8085579,128.6335526
쉐보레서영주바로서비스,경상북도,영주시,신재로 29(가흥동),36.8306513,128.6093919
한빛카부분정비,경상북도,영주시,구성로 202(휴천동),36.8112397,128.6284692
원종합부분정비,경상북도,영주시,목민로 30(휴천동) - 경정등록,36.8082441,128.6210393
금강카부분정비,경상북도,영주시,영봉로 8(휴천동),36.8175043,128.6391434
한국카센타,경상북도,영주시,풍기읍 소백로 1883,36.8656922,128.5339132
단산카부분정비,경상북도,영주시,단산면 단산로 835,36.9488139,128.6157242
동기카클리닉,경상북도,영주시,선비로 25-1(휴천동),36.8077014,128.6257283
세영카부분정비,경상북도,영주시,지천로 194(휴천동),36.8170033,128.6207655
타이어마트부분정비,경상북도,영주시,선비로 289(영주동),36.8295588,128.6149288
강동카센터,경상북도,영주시,선비로 267(영주동),36.8276548,128.6150827
스피드메이트영주점,경상북도,영주시,대학로262번길 1(가흥동),36.8189682,128.6050199
세기카 전문정비,경상북도,영주시,영주로72번길 31(가흥동),36.8198404,128.6079232
남부부분정비,경상북도,영주시,구성로 93(조암동),36.8018833,128.6303194
청용카클리닉부분정비,경상북도,영주시,구성로 236(휴천동),36.8143306,128.6278386
영주보링,경상북도,영주시,신재로 80(가흥동),36.8308261,128.6040683
동일카센타,경상북도,영주시,서원로 71(휴천동),36.8082245,128.6332821
승현모터스,경상북도,영주시,영주로161번길 6(영주동),36.8257929,128.6175417
르노코리아자동차서비스코너조암점,경상북도,영주시,구성로 97(조암동),36.8022074,128.6304586
용상카센타,경상북도,영주시,대학로298번길 28(가흥동),36.8222304,128.6082765
금호타이어 진성유통,경상북도,영주시,구성로88번길 152(휴천동),36.8075613,128.6348505
영주카센터부분정비,경상북도,영주시,원당로 226(상망동),36.8293324,128.6351121
황금카 부분정비,경상북도,영주시,영주로86번길 48(가흥동),36.8220228,128.6094706
우성인종합카,경상북도,영주시,서원로 131(휴천동),36.8133902,128.6356513
연합카센타,경상북도,영주시,선비로 264(영주동),36.8274239,128.6158083
한국타이어영주총판,경상북도,영주시,한정로 40(문정동),36.8026875,128.6088914
활주로부분정비,경상북도,영주시,신재로 143(가흥동),36.8310519,128.5968764
영동카부분정비,경상북도,영주시,원당로 210(하망동),36.8284033,128.6339433
동남타이어,경상북도,영주시,원당로 86(휴천동),36.8204942,128.6242289
뉴 서울카 클리닉,경상북도,영주시,구성로88번길 128(휴천동),36.8068007,128.6340909
오선자동차서비스,경상북도,영주시,광복로 119-1(하망동),36.8275459,128.6318726
영주오토,경상북도,영주시,가흥로357번길 80(가흥동),36.8304034,128.6080437
에프원모터스,경상북도,영주시,광복로46번길 16(영주동),36.827035,128.6232335
정만원 자동차,경상북도,영주시,시청로2번길 33(휴천동),36.806913,128.6260723
대림카 정비,경상북도,영주시,영주로86번길 47-8(가흥동),36.8212263,128.6091997
넥센타이어(타이어테크 영주점),경상북도,영주시,영주로 39(가흥동),36.8226717,128.6043775
수연카전문정비,경상북도,영주시,신재로12번길 85(가흥동),36.8350715,128.6112927
금성자동차정비,경상북도,영주시,영주로60번길 37-13,36.819109,128.6078343
이지카플러스,경상북도,영주시,대동로 168-1(휴천동),36.8140953,128.6211124
오일전문,경상북도,영주시,대학로284번길 29-8(가흥동),36.8211554,128.6086455
에스씨 오토모티브,경상북도,영주시,대학로164번길 19(가흥동),36.8115528,128.6098791
현대자동차블루핸즈(원당점),경상북도,영주시,원당로247번길 12(상망동),36.8313207,128.6367986
태건카타이어,경상북도,영주시,원당로 384-6(상망동),36.8371557,128.6480414
서울보링,경상북도,영주시,구성로88번길 128(휴천동),36.8068007,128.6340909
우리종합카써비스,전라북도,군산시,옥서면 옥구저수지로 236,35.9241226,126.6424066
에이스 카센타,전라북도,군산시,조촌5길 67,35.9697254,126.7372048
흥명공업사,전라북도,군산시,상지곡안3길 1,35.9560714,126.7085796
서해카써비스,전라북도,군산시,동지곡길 41,35.9562541,126.7069683
우연카센타,전라북도,군산시,구암3.1로 322,35.9850302,126.7529664
금호타이어 서군산대리점,전라북도,군산시,공단대로 423,35.9622076,126.6953512
은파공업사,전라북도,군산시,공단대로 449,35.9626864,126.69233
형제카센타,전라북도,군산시,서수면 운원길 2,36.0192389,126.8823377
공단카센타,전라북도,군산시,외항로 155,35.9722085,126.6518321
신화튠업사,전라북도,군산시,조촌2길 19,35.9685816,126.7345277
대야카센타,전라북도,군산시,대야면 석화로 46-1,35.9476385,126.8155164
일우자동차써비스타운,전라북도,군산시,미장서로 20,35.9611546,126.7224489
성실카센타,전라북도,군산시,미성로 417,35.9564778,126.6668365
기선공업사,전라북도,군산시,개정면 번영로 680,35.9562411,126.7906543
나포카센타,전라북도,군산시,구암로 112,35.9828725,126.7514009
서수카센타,전라북도,군산시,서수면 항쟁로 198,35.9823442,126.8762518
서진카센타,전라북도,군산시,공항로 96,35.9752763,126.6780984
오토훼미리25시,전라북도,군산시,조촌로 87,35.9718615,126.7374506
백마카센타,전라북도,군산시,내사길 52,35.9625177,126.7454433
세종카센타,전라북도,군산시,칠성4길 164,35.9697948,126.6774373
외항공업사,전라북도,군산시,외항로 543,35.9645267,126.6102553
유정카서비스,전라북도,군산시,흥남2길 56,35.974221,126.7179725
신광밧데리,전라북도,군산시,번영로 205,35.9626584,126.7401136
최고카랜드,전라북도,군산시,진포안1길 4,35.9701526,126.7201117
금강카세차장,전라북도,군산시,백릉로 224,35.9784819,126.7496121
수송모터스,전라북도,군산시,칠성로 77,35.9617257,126.6783185
금호타이어중동대리점중동카센타,전라북도,군산시,해망로 105,35.9850093,126.7239635
엔진마을 군산점,전라북도,군산시,신지길 57,35.9575482,126.7103704
중앙자동차공업사,전라북도,군산시,산북로 196,35.9708744,126.6755605
이지자동차공업사,전라북도,군산시,칠성3길 102,35.9647162,126.6763508
아이러브카 직영 정비센터,전라북도,군산시,해망로 571,35.9810062,126.6809811
LK모터스,전라북도,군산시,조촌로 164,35.9786832,126.7380884
우리카센타,전라북도,군산시,조촌1길 20,35.968853,126.7341833
신우모터스,전라북도,군산시,외항로 371,35.9666056,126.6290796
피크카,전라북도,군산시,옥녀로 6-25,35.9650361,126.6193007
타타대우상용차(주),전라북도,군산시,성산면 안정길 8-89,35.9913491,126.7667168
(유)금강자동차공업사,전라북도,군산시,해망로 546-23,35.9828378,126.6813967
(유)금강대형,전라북도,군산시,해망로 546-17,35.9828343,126.6818996
이스턴특수특장공업,전라북도,군산시,십자다리길 69,35.9707565,126.6600799
대우상용차충호남군산사업소㈜,전라북도,군산시,성산면 안정길 8-89,35.9913491,126.7667168
오토오아시스 롯데마트 군산점,전라북도,군산시,"수송로 185, 5층",35.9648069,126.716415
오토오아시스 롯데마트 군산점,전라북도,군산시,산북로 89-13,35.9604835,126.6736318
타이어테크 군산시청점,전라북도,군산시,시청로 24,35.9665291,126.7374698
군산볼보정비,전라북도,군산시,옥녀로 109-29,35.9558206,126.6236518
해신공업사,전라북도,군산시,외항로 383,35.9660341,126.6272271
㈜아이비모터스 군산지점,전라북도,군산시,번영로 155,35.9657868,126.7363387
진포자동차종합정비공업사,전라북도,군산시,잠두1길 34,35.9814287,126.7576508
㈜제이케이모터스,전라북도,군산시,개정면 모갱이1길 62,35.9847947,126.7653726
신우공업사,전라북도,군산시,외항로 367,35.9657102,126.6293505
일신모터스,전라북도,군산시,서수송1길 23,35.9643558,126.7080691
태왕카서비스,경상북도,경산시,원효로 150(계양동),35.8206359,128.7532559
경산발통천국,경상북도,경산시,남매로4길 2-1(상방동),35.812462,128.7409881
영대종합부분정비,경상북도,경산시,중방로 122(계양동),35.8327376,128.746586
조은카서비스,경상북도,경산시,원효로 110(계양동),35.8224922,128.7495971
와이지모터스,경상북도,경산시,백자로 145(사동),35.817797,128.7595496
백천점 현대자동차,경상북도,경산시,백천길 2(백천동),35.8072786,128.7414936
예도부분정비,경상북도,경산시,장산로 229(계양동),35.8189416,128.7497593
대성모터스,경상북도,경산시,경안로38길 52-1(중방동),35.8290351,128.7392224
모터라이프,경상북도,경산시,경안로 419,35.8444738,128.7313547
경상타이어상사,경상북도,경산시,와촌면 금송로 341,35.9397727,128.8334879
더타이어샵,경상북도,경산시,서상길 1(삼남동),35.8130268,128.7383031
한지모터스,경상북도,경산시,중방로 22(중방동),35.8297562,128.7364266
복이카센타,경상북도,경산시,남매로 223(중방동),35.8308107,128.7404188
한국지엠경산바로정비,경상북도,경산시,압량읍 부적길 90,35.847024,128.763095
월드타이어,경상북도,경산시,진량읍 다문로 114,35.8761958,128.8232331
모든오일,경상북도,경산시,하양읍 대경로 746,35.911994,128.8217533
시장카종합세차장,경상북도,경산시,자인면 설총로 887,35.8155139,128.8260845
케이지 모빌리티 경산서비스프라자,경상북도,경산시,경산로 168(옥산동),35.8233704,128.727238
티스테이션 경산점,경상북도,경산시,원효로 121(삼풍동),35.8228822,128.7508585
삼정전문정비,경상북도,경산시,진량읍 대구대로 622,35.8717487,128.8531628
아진모터스,경상북도,경산시,압량읍 부적길 97,35.8477609,128.762816
굿모닝카센타,경상북도,경산시,대학로9길 7-5(정평동),35.8349941,128.7269141
신진모터스,경상북도,경산시,진량읍 가야로 333,35.8499784,128.8011216
FS모터스,경상북도,경산시,원효로 184(사동),35.81923,128.7564846
준모터스,경상북도,경산시,압량읍 압독2로1길 13,35.8435123,128.763205
르노코리아 서비스코너 경산삼북점,경상북도,경산시,장산로 110(삼북동),35.8179748,128.7372533
영광모터스,경상북도,경산시,원효로34길 30-3(사동),35.817748,128.7532917
더킹타이어,경상북도,경산시,남매로 63(삼남동),35.8168356,128.7419014
백마카클리닉,경상남도,양산시,북부동 695-1,35.3497441,129.0372769
백호카센터,경상남도,양산시,물금읍 가촌리 1256-4,35.3195353,128.9969899
범어카인테리어,경상남도,양산시,물금읍 범어리 670-4,35.3319032,129.001232
베스트바이카 주식회사,경상남도,양산시,하북면 순지리 8-4,35.495507,129.0951394
보경종합정비(주),경상남도,양산시,북정동 270-18,35.3616865,129.0406371
보쉬카양산점,경상남도,양산시,삼호동 183-8,35.4100601,129.1756938
부경부분정비,경상남도,양산시,다방동 463-1,35.3322009,129.0391014
부산카부분정비,경상남도,양산시,북정동 892-3,35.3573172,129.0443929
부성카센타,경상남도,양산시,하북면 순지리 162-9,35.4904573,129.0900069
부엉이 승합차 자동문,경상남도,양산시,삼호동 766-2,35.4122266,129.1734491
부영정비,경상남도,양산시,북정동 210-80,35.3705202,129.0445839
부창보링,경상남도,양산시,상북면 소토리 56-3,35.3891688,129.0582384
북정3급카정비,경상남도,양산시,북정동 561-1,35.3592277,129.0472812
북정점 기아오토Q,경상남도,양산시,북정동 916-3,35.3553199,129.040763
비알 모터스(남부점),경상남도,양산시,남부동 469-1,35.336718,129.0364742
비알모터스,경상남도,양산시,북정동 911-4,35.35573,129.0417632
비에스컴퍼니,경상남도,양산시,명동 1070-12,35.4064836,129.1677934
삼덕자동차정비,경상남도,양산시,하북면 답곡리 706-1,35.4748814,129.087565
삼성오토밋션정비,경상남도,양산시,북정동 526-7,35.3620189,129.0462028
삼성정비,경상남도,양산시,상북면 소토리 479-35,35.3780358,129.0477656
삼성종합카인테리어,경상남도,양산시,남부동 460-7,35.3386725,129.0364174
삼신교통(주) 종합정비업,경상남도,양산시,북부동 701-7,35.3480849,129.0381203
삼신기업,경상남도,양산시,하북면 백록리 1238-2,35.4505262,129.0752621
삼천리정비공업사,경상남도,양산시,삼호동 953-72,35.4141159,129.1666017
서창카서비스,경상남도,양산시,삼호동 762-2,35.4136195,129.1716164
석계자동차정비,경상남도,양산시,상북면 석계리 272-2,35.4208633,129.0652307
오토오아시스 경산 사동점,경상북도,경산시,원효로 198(사동),35.8186693,128.7578197
한국오토,경상북도,경산시,진량읍 대학로 1412,35.9046863,128.8246743
JB모터스,경상북도,경산시,압량읍 원효로 569,35.8120247,128.7959839
JT모터스타이어센터,경상북도,경산시,경안로 403(대평동),35.8429,128.7318867
박정현타이어,경상북도,경산시,경안로 287(중방동),35.8328854,128.7346665
아진디젤,경상북도,경산시,진량읍 공단10로 371,35.8881664,128.8333547
넥센타이어 경산점,경상북도,경산시,원효로 112(계양동),35.8224527,128.7498197
팀 오토라인,경상북도,경산시,대학로32길 7(중방동),35.8333552,128.740273
모든알브이,경상북도,경산시,하양읍 화성로 119,35.8813518,128.7872028
성공시대 자동차정비,경상북도,경산시,원효로40길 24(사동),35.8173321,128.7559008
티스테이션 홈플러스 경산점,경상북도,경산시,"경안로 288, 2층(중방동)",35.8328287,128.7356386
한성카에어컨,경상북도,경산시,압량읍 대학로 449,35.8475994,128.7641172
타이어 온스(TIRE on’s),경상북도,경산시,와촌면 대경로 1009,35.9254963,128.8459226
주식회사 혜주파,경상북도,경산시,압량읍 해오름길 105-8,35.8251531,128.7860788
타이어프로 진량점,경상북도,경산시,진량읍 다문로 68,35.8747232,128.818637
타이어프로 하양점,경상북도,경산시,하양읍 대경로 676,35.9084836,128.8154655
맥가이버 모터스,경상북도,경산시,원효로 116(계양동),35.8223255,128.7501404
현대원동기정비,경상북도,경산시,"강변서로 295, 209동(중방동)",35.8333976,128.7315531
Team ENG 보링정비공장,경상북도,경산시,하양읍 버티미길 78,35.8920649,128.809114
덕일보링정비공업사,경상북도,경산시,압량읍 가일길8길 1,35.8373681,128.7759854
수엔진전문정비공장,경상북도,경산시,와촌면 용천길 74,35.9180326,128.8465927
신명보링,경상북도,경산시,압량읍 압독로 236-11,35.8294543,128.7892012
경산디젤,경상북도,경산시,진량읍 일연로 664,35.8676317,128.8051171
명문엔진,경상북도,경산시,압량읍 가일길20길 13-4,35.8382914,128.7818643
대경자동차정비공업사,경상북도,경주시,외동읍 산업로 2209,35.7093411,129.3234231
화동공업사,경상북도,상주시,화동면 중화로 1429,36.3846697,127.9544871
터미널경정비,경상북도,상주시,삼백로 196,36.4185965,128.165274
화령형제카센타,경상북도,상주시,화서면 지산1길 1,36.4428309,127.950956
자동차마을,경상북도,상주시,영남제일로 1513,36.4217717,128.1742593
현대자동차 무양점,경상북도,상주시,경상대로 3063-9,36.4210798,128.1500064
신진카센타,경상북도,상주시,화북면 문장로 1705-1,36.5610696,127.9197186
차량일번지,경상북도,상주시,낙양3길 103-10,36.4138964,128.1499643
고향카서비스,경상북도,상주시,동수2길 11-32,36.4214194,128.1524518
황성카센타,경상북도,상주시,함창읍 함창중앙로 99,36.5683474,128.1756471
신봉점 기아 오토큐,경상북도,상주시,경상대로 2743,36.3925464,128.152268
VIP세차경정비,경상북도,상주시,경상대로 2978,36.4129157,128.1518158
디자인공간108(현대부분정비공장),경상북도,상주시,"공성면 빙기길 83, 118동",36.2822038,128.0888378
선경카센타,경상북도,상주시,함창읍 무운로 1556,36.5756328,128.1551588
구일밧데리,경상북도,상주시,냉림4길 79,36.4245235,128.163548
진철카매니저,경상북도,상주시,식산로 218,36.4154339,128.1836921
태광카클리닉,경상북도,상주시,경상대로 2989,36.4139146,128.1509561
청구카부분정비,경상북도,상주시,남문2길 16,36.4115325,128.1633861
서울카센타,경상북도,상주시,경상대로 2965,36.4117341,128.1509423
현대카센타,경상북도,상주시,함창읍 가야로 61,36.5659314,128.1803381
현대자동차복룡점,경상북도,상주시,복룡3길 18,36.417349,128.1729893
동방카,경상북도,상주시,상서문2길 54,36.4125945,128.154627
중동공업사,경상북도,상주시,중동면 덕암로 351,36.4265335,128.2666336
대박카손세차경정비,경상북도,상주시,경상대로 3056,36.4198627,128.1514237
한국지엠상주바로서비스,경상북도,상주시,상서문2길 9,36.4126912,128.1521116
대원자동차정비,경상북도,상주시,상산로 387,36.4255143,128.1587531
만남카센터,경상북도,상주시,영남제일로 1267,36.4174806,128.2009322
협동자동차정비공장,경상북도,상주시,석단로 1569,36.3898883,128.1392251
모동카서비스,경상북도,상주시,모동면 용호1길 50,36.3212997,127.9611727
삼경정비,경상북도,상주시,삼백로 394,36.4187374,128.1868357
상주자동차공업사,경상북도,상주시,상산로 383,36.4250831,128.1582883
상주제일정비공장,경상북도,상주시,함창읍 함창로 503,36.5739108,128.1855861
상산자동차공업사,경상북도,상주시,외답6길 6,36.4175307,128.2027859
영일카경정비,경상북도,상주시,성동3길 270,36.4157094,128.1678333
제일 카 공업사,경상북도,상주시,함창읍 가야로 62,36.565564,128.1797223
형제카서비스,경상북도,상주시,중앙로 325,36.4170664,128.1742066
중앙종합카센타,경상북도,상주시,공성면 공성중앙로 19-7,36.2813319,128.091491
최정길카센타,경상북도,상주시,서문길 20,36.4167301,128.1523658
상주밧데리,경상북도,상주시,경상대로 2933,36.4090166,128.1505901
오너카인테리어,경상북도,상주시,사벌국면 상풍로 422,36.4642944,128.2085624
영광카센타,경상북도,상주시,경상대로 2911,36.4071239,128.1496499
세일종합카인테리어,경상북도,상주시,삼백로 299,36.4194619,128.1766659
명진카센터,경상북도,상주시,상산로 41,36.39613,128.155424
신흥카센타,경상북도,상주시,북상주로 181,36.4461878,128.1581644
보성카센타,경상북도,상주시,상산로 399,36.4267297,128.1584673
현대자동차신봉점,경상북도,상주시,상산로 102,36.3998973,128.159717
충주카써비스,경상북도,상주시,인봉3길 50,36.4186347,128.1643252
일등카마스타,경상북도,상주시,경상대로 2929,36.4087333,128.1503578
부흥카부분정비,경상북도,상주시,상산로 360,36.4229288,128.1591762
청리카센타,경상북도,상주시,청리면 청하1길 67-6,36.3365594,128.1282963
신천지카센타,경상북도,상주시,경상대로 2915,36.4074407,128.1498371
천경써비스,경상북도,상주시,북상주로 26-1,36.4323244,128.1593162
애니카랜드 낙양점,경상북도,상주시,경상대로 2905,36.4067569,128.1495051
명원카센타,경상북도,상주시,공검면 비재로 1349-1,36.511225,128.1628438
경상오토밋션,경상북도,상주시,북상주로 114,36.4399985,128.1583101
로얄카인테리어,경상북도,상주시,삼백로 61,36.4185128,128.1501834
태영카부분정비,경상북도,상주시,상산로 240-7,36.4125492,128.1600848
오토하우스,경상북도,상주시,삼백로 91,36.4186097,128.1536745
사벌경정비,경상북도,상주시,사벌국면 덕담1길 21,36.4653194,128.2071724
낙서카센타,경상북도,상주시,내서면 낙서1길 90,36.4032821,128.0251675
청풍경정비,경상북도,상주시,낙동면 장천로 437,36.3760276,128.2458226
태영카,경상북도,상주시,경상대로 2930-9,36.4086138,128.1518243
남산카센타,경상북도,상주시,신서문2길 55,36.4106735,128.1546548
극동카경정비,경상북도,상주시,중앙로 247-1,36.4162518,128.1657097
서문카센타,경상북도,상주시,상산로 320,36.4195053,128.1594933
현대카센타,경상북도,상주시,왕산로 360,36.4214213,128.1613873
고려정비,경상북도,상주시,경상대로 2856,36.4021784,128.1495673
한성카뱅크,경상북도,상주시,영남제일로 1643,36.4264481,128.1612571
승춘카토스,경상북도,상주시,함창읍 함창로 585,36.5793792,128.1916637
궁전카독크,경상북도,상주시,상산로 398,36.4265174,128.1591687
태화오토하우스,경상북도,상주시,상산로 164,36.4053802,128.1610701
권기환카마스타,경상북도,상주시,상산로 185,36.4072439,128.1598541
현대자동차정비,경상북도,상주시,석단로 1569,36.3898883,128.1392251
정영수카닥터,경상북도,상주시,서문길 7,36.4169478,128.1517626
월드카튜닝클럽,경상북도,상주시,상산로 164,36.4053802,128.1610701
모토랜드프라자,경상북도,상주시,동수1길 57,36.4198584,128.154413
상주3급자동차정비공업사,경상북도,상주시,낙양3길 39-29,36.4106647,128.1498518
시조카센타,경상북도,상주시,냉림로 16,36.4206738,128.162786
한진정비,경상북도,상주시,남상주로 1449,36.3620143,128.1468505
대광카서비스,경상북도,상주시,중앙로 185-11,36.4161659,128.1586309
경천카센타,경상북도,상주시,사벌국면 덕담1길 11,36.4647741,128.2063855
현대카인테리어,경상북도,상주시,경상대로 2967,36.4118868,128.1510288
종합카세차장,경상북도,상주시,경상대로 3028-1,36.4171664,128.1516226
금호정비,경상북도,상주시,영남제일로 1651,36.4264268,128.1603585
공검카센타,경상북도,상주시,공검면 비재로 1314,36.5121686,128.1594498
오동자동차공업사,경상북도,상주시,함창읍 오동1길 29-8,36.5655822,128.1847292
황금카센타,경상북도,상주시,중앙로 185-11,36.4161659,128.1586309
대구오토카써비스,경상북도,상주시,모서면 백화로 1405,36.3425003,127.9629346
낙서종합카센타,경상북도,상주시,내서면 낙서1길 68-1,36.4018815,128.0265115
첨단카클리닉,경상북도,상주시,경상대로 2953,36.4106889,128.1511474
달성카프라자,경상북도,상주시,북상주로 114,36.4399985,128.1583101
승춘카인테리어,경상북도,상주시,함창읍 함창로 585,36.5793792,128.1916637
미래카센터,경상북도,상주시,화남면 영남제일로 4633,36.4474827,127.9053902
대조중기공업사,경상북도,상주시,함창읍 윤직2길 14-5,36.5783727,128.1937515
현대1급종합정비,경상북도,상주시,왕산로 98,36.4099416,128.162275
상주카센타,경상북도,상주시,신서문2길 55,36.4106735,128.1546548
카젠 서문점,경상북도,상주시,중앙로 108,36.4155961,128.1500286
남영카정비센터,경상북도,상주시,화동면 이소3길 43-1,36.3882884,127.9531287
신태영카센타,경상북도,상주시,왕산로 350,36.4211789,128.1617975
금호카센타,경상북도,상주시,화서면 반송길 3,36.4447028,127.9536596
한진밧데리,경상북도,상주시,모동면 중화로 627-1,36.3206194,127.9610871
현대보링카센타,경상북도,상주시,경천로 64,36.4229879,128.2033476
상주오토밋션,경상북도,상주시,경상대로 2997,36.4146599,128.1510185
영진정비공장,경상북도,상주시,삼백로 392,36.4188374,128.1865362
권기환카센타,경상북도,상주시,왕산로 332,36.4204218,128.1623046
드림모터스,경상북도,상주시,동수2길 31,36.4211107,128.1528749
청담모터스,경상북도,상주시,동수2길 41,36.4213123,128.1531854
티스테이션,경상북도,상주시,경상대로 2975,36.4126347,128.1510391
상주 제일보링,경상북도,상주시,아리랑로 130-3,36.4287973,128.1737002
21세기 오토카,경상북도,상주시,함창읍 때다리길 1,36.5804581,128.1921536
우리 카 서비스,경상북도,상주시,아리랑로 15,36.4180732,128.173558
고려자동차,경상북도,상주시,경상대로 2856,36.4021784,128.1495673
강남 모터스,경상북도,상주시,경상대로 3275,36.4392069,128.1550958
삼경정비,경상북도,상주시,삼백로 394,36.4187374,128.1868357
카클럽정비공장,경상북도,상주시,영남제일로 1310,36.4186359,128.19602
스페셜카서비스,경상북도,상주시,함창읍 함령길 120,36.5710634,128.1823815
차병원카센터,경상북도,상주시,상산로 185,36.4072439,128.1598541
엠모터스,경상북도,상주시,북상주로 85,36.4374667,128.1579546
삼경전문정비,경상북도,상주시,삼백로 394,36.4187374,128.1868357
현대정비,경상북도,상주시,왕산로 98,36.4099416,128.162275
대신자동차종합정비,경상북도,상주시,식산로 195,36.4135663,128.1830557
하이카 클리닉,경상북도,상주시,경상대로 2830,36.3998451,128.1499153
에이스카센타,경상북도,상주시,삼백로 256,36.4189379,128.1717283
서문세차장,경상북도,상주시,상산로 320,36.4195053,128.1594933
한국자동차정비공장,경상북도,상주시,북상주로 114,36.4399985,128.1583101
타이어밸리유통카클리닉,경상북도,상주시,경상대로 2925,36.4082439,128.1502444
원주 카센타,경상북도,상주시,공성면 옥산3길 26-13,36.2856703,128.0924268
새한카부분정비,경상북도,상주시,모서면 중화로 884,36.3409455,127.9611466
화서3급카공업사,경상북도,상주시,화서면 영남제일로 4110,36.4464135,127.959397
타이어공화국,경상북도,상주시,삼백로 303,36.419437,128.1772147
넥센타이어 상주점,경상북도,상주시,삼백로 283,36.4193823,128.1753279
대영카마스타,경상북도,상주시,삼백로 263,36.419786,128.1728454
우정카서비스,경상북도,상주시,상산로 82-3,36.3985522,128.1590213
현대보링공업사,경상북도,상주시,경천로 64,36.4229879,128.2033476
경북종합자동차정비,경상북도,상주시,경상대로 3297,36.4418766,128.1561071
고려자동차,경상북도,상주시,경상대로 2856,36.4021784,128.1495673
대한종합카센타,경상북도,상주시,삼백로 385,36.4195792,128.1863941
삼백자동차보링,경상북도,상주시,만산7길 3,36.4403877,128.1555752
명수카농기계,경상북도,상주시,공성면 남상주로 417,36.2854908,128.0912736
중앙종합정비,경상북도,상주시,함창읍 함창로 366,36.5626039,128.1802347
행복정비공장,경상북도,상주시,영남제일로 1613-4,36.4247928,128.163356
타이어마스타하나로점,경상북도,상주시,경상대로 2786,36.3961485,128.1516081
가람타이어,경상북도,상주시,상산로 163-4,36.4057018,128.1604689
상주현대서비스,경상북도,상주시,북상주로 102,36.4386209,128.1590573
한국타이어상주종합대리점,경상북도,상주시,상산로 215-41,36.40955,128.1554345
상주보링공업사,경상북도,상주시,사벌국면 덕담1길 21,36.4653194,128.2071724
성주자동차정비,경상북도,상주시,함창읍 함창로 543,36.5760944,128.1888529
대구 종합 카 센타,경상북도,상주시,모서면 백화로 1405,36.3425003,127.9629346
경상자동차종합정비공장,경상북도,상주시,삼백로 404,36.4192491,128.1876954
카클럽,경상북도,상주시,영남제일로 1310,36.4186359,128.19602
경북카센타,경상북도,상주시,경상대로 3295,36.4411158,128.1559971
대양3급카써비스,경상북도,상주시,북상주로 60,36.4353917,128.1592028
쌍용자동차상주서비스프라자,경상북도,상주시,상산로 7,36.393639,128.1531404
남부카센타,경상북도,상주시,식산로 38,36.4003141,128.1779537
프로카 정비,경상북도,상주시,냉림로 16,36.4206738,128.162786
동부카센타,경상북도,상주시,아리랑로 6,36.4174542,128.1739757
삼일자동차정비공업사,경상북도,상주시,아리랑고개1길 77,36.4305573,128.1720792
삼일1급종합정비,경상북도,상주시,아리랑고개1길 77,36.4305573,128.1720792
킹카매니져,경상북도,상주시,경상대로 2864,36.4025609,128.149749
오토랜드카,경상북도,상주시,경상대로 2758,36.3937628,128.1528931
대구카센타,경상북도,상주시,화서면 화령남5길 2-3,36.4434034,127.9493939
골드카클리닉,경상북도,상주시,상산로 167,36.4057348,128.1601768
르노코리아자동차 김해정비사업소㈜,경상남도,김해시,김해대로2635번길 6(안동),35.2296976,128.9159118
대경자동차정비공업사,경상남도,김해시,분성로 560,35.2355541,128.9071231
대진종합자동차정비(주),경상남도,김해시,진영읍 진영로 247,35.3023575,128.7400702
㈜탑 플렉스,경상남도,김해시,김해대로2567번길 27(어방동),35.2310804,128.9067113
㈜명진자동차중기정비,경상남도,김해시,김해대로2553번길 8,35.2291669,128.906156
김해제일정비공업사,경상남도,김해시,분성로557번길 17(어방동),35.2374565,128.9061664
주식회사 백송정비,경상남도,김해시,분성로541번길 34(어방동),35.2388523,128.9051413
협신종합정비,경상남도,김해시,김해대로 2553-10(어방동),35.2290986,128.9063658
(유)진영리대일정비,경상남도,김해시,진영읍 진영로 211-1,35.3031062,128.73606
성산1급자동차정비공업사,경상남도,김해시,김해대로2553번길 60(어방동),35.2338689,128.905624
㈜부기산업김해사업소,경상남도,김해시,김해대로2567번길 30(어방동),35.2312973,128.9079986
자일김해서비스㈜,경상남도,김해시,삼안로 41(안동),35.2327823,128.9163573
김해경남종합정비,경상남도,김해시,김해대로 1693(삼계동),35.2711605,128.8543326
현대자동차㈜서부산하이테크센터,경상남도,김해시,김해대로 2736(지내동),35.2264338,128.9231839
동김해현대상용서비스,경상남도,김해시,김해대로2596번길 85(안동),35.2257185,128.9161554
일광종합정비공업사,경상남도,김해시,분성로541번길 46-14(어방동),35.2398208,128.9053825
㈜대동특장차,경상남도,김해시,주촌면 골든루트로129번길 169-13,35.2226457,128.822492
호성정비,경상남도,김해시,장유로149번길 14-14(부곡동),35.2104628,128.8045417
금관종합정비,경상남도,김해시,생림대로 7-18(삼계동),35.2702954,128.8589389
주식회사 차세대,경상남도,김해시,생림면 나전로 189,35.3009629,128.8761508
창봉자동차종합정비,경상남도,김해시,생림대로 7-6,35.2708021,128.8597493
대영자동차종합정비,경상남도,김해시,김해대로2567번길 70(어방동),35.2351352,128.9073137
신장유자동차종합정비,경상남도,김해시,장유로115번길 1(부곡동),35.2115828,128.801097
대한종합특장차,경상남도,김해시,진영읍 본산2로 63-13,35.3129479,128.753061
1급우승자동차정비,경상남도,김해시,주촌면 서부로1403번길 8-17,35.2247141,128.8177338
본산종합정비,경상남도,김해시,진영읍 본산1로 48,35.3117451,128.7475556
동서종합자동차정비,경상남도,김해시,안곡로 4(삼계동),35.2709693,128.8603272
외동점기아오토큐,경상남도,김해시,금관대로 1184(외동),35.2327828,128.8526926
월드카,경상남도,김해시,활천로237번길 1(어방동),35.2426716,128.9050948
우정모터스,경상남도,김해시,흥동로 76(흥동),35.221688,128.8569891
대원카센타,경상남도,김해시,진영읍 진산대로 199,35.321347,128.7214849
현대부분정비,경상남도,김해시,가락로30번길 14(부원동),35.2290886,128.8839204
대신오토,경상남도,김해시,진례면 고모로 326-1,35.2561714,128.7667896
현대부분정비부품,경상남도,김해시,대동면 대동로 755,35.2523381,128.9816011
수정카마스타,경상남도,김해시,생림면 봉림리 573번지 7호,35.3269152,128.8491228
자동차발통,경상남도,김해시,금관대로 1348(내동),35.2429931,128.8656553
덕재카부분정비,경상남도,김해시,인제로11번길 54-24(삼정동),35.2302033,128.8995881
우성부분정비,경상남도,김해시,금관대로 1180번길 23(외동),35.2319108,128.8547275
마스타카닥터,경상남도,김해시,금관대로 1212(외동),35.2345075,128.8549174
중앙카정비,경상남도,김해시,전하로 226(전하동),35.223991,128.8718999
서울카부분정비,경상남도,김해시,진영읍 62번지,35.229698,128.915912
동상점기아오토큐,경상남도,김해시,가야로491(동상동),35.2381464,128.8881344
내덕리카센타,경상남도,김해시,내덕동 453번지,35.207387,128.8264121
대동카인테리어,경상남도,김해시,대동면 동남로49번길 68,35.2370061,128.9874743
동해특수헤드상사,경상남도,김해시,주촌면 서부로1409번길 22,35.2252218,128.8185047
효성카센타,경상남도,김해시,생림면 봉림로 9,35.3254644,128.8500111
구산부분정비,경상남도,김해시,구산로39번길 6(구산동),35.2497389,128.8727089
하나부분정비,경상남도,김해시,가야로 511-1(동상동),35.2367713,128.8892956
진보종합정비,경상북도,청송군,진보면 영양로 34-35,36.5420003,129.0816089
스마일모터샵,경상북도,청송군,현동면 새마을로 5485,36.2885962,129.0172547
황금카써비스,경상북도,청송군,진보면 진보로 76,36.530059,129.0400758
우정카센터,경상북도,청송군,진보면 각산윗길 16,36.5296606,129.0583587
김진석자동차병원,경상북도,청송군,청송읍 금월로 183,36.4254715,129.057219
금성 카 서비스,경상북도,청송군,현서면 청송로 1071,36.2693348,128.8984328
진보원동기보링공장,경상북도,청송군,진보면 양정길 9,36.5305346,129.0547717
진보모터스,경상북도,청송군,진보면 진보로 76,36.530059,129.0400758
청송새마음정비공장,경상북도,청송군,진보면 양정길 217,36.5484503,129.05344
금현자동차정비공장,경상북도,청송군,청송읍 중앙로 364,36.438085,129.0674339
섭이네카센타,경상북도,청송군,안덕면 안마길 15-23,36.2903882,128.9578483
한국지엠진보바로서비스,경상북도,청송군,진보면 진안서2길 5-2,36.5298614,129.0446343
청송카센타,경상북도,청송군,청송읍 길안청송로 1668,36.4340808,129.0460591
진보점현대자동차,경상북도,청송군,진보면 이촌2길 3,36.530691,129.0379661
기아자동차카크리닉진보점,경상북도,청송군,진보면 진보로 70,36.5304261,129.0394745
현동3급부분정비공장,경상북도,청송군,현동면 청송로 2702,36.2899479,129.0223835
현동1급종합정비,경상북도,청송군,현동면 새마을로 5461,36.2863434,129.0183722
2급청송정비공장,경상북도,청송군,진보면 진보로 55,36.532194,129.0387274
강변3급부분정비,경상북도,청송군,청송읍 중앙로 158,36.4386452,129.0485737
진성오토사,경상남도,김해시,지내동 612번지 5호,35.229698,128.915912
BX 경남총판,경상남도,김해시,장유면 장유로 334번길 38(신문리),35.229698,128.915912
주식회사 삼정점현대자동차,경상남도,김해시,분성로 422(삼정동),35.2345234,128.892071
진례카타이어,경상남도,김해시,한림면 김해대로 1182,35.2925632,128.8097241
나이스카 서비스,경상남도,김해시,분성로 377(동상동),35.2344688,128.8873381
준영정비,경상남도,김해시,김해대로 2633(안동),35.2293258,128.9148224
영남카마스타,경상남도,김해시,가락로 350(구산동),35.2560815,128.8707601
현대자동차 내동점,경상남도,김해시,금관대로 1298(내동),35.2397597,128.8616708
진영리금호부분정비,경상남도,김해시,진영읍 김해대로 74,35.2945299,128.7075392
애니카랜드 김해중앙점,경상남도,김해시,김해대로 1952(구산동),35.252742,128.8672845
세진부분정비,경상남도,김해시,인제로25번길 38(삼정동),35.2306189,128.9010618
대원상사,경상남도,김해시,생림면 나전로 314,35.3119476,128.8759122
홍은카클리닉,경상남도,김해시,구지로 14(내동),35.241378,128.865499
푸른카정비공업사,경상남도,김해시,내외로 32(외동),35.2351543,128.8604926
명성카인테리어,경상남도,김해시,부원동 105,35.2297628,128.88897
남도자동차종합서비스,경상남도,김해시,김해대로 2761(불암동),35.2246616,128.9263183
신화오토,경상남도,김해시,호계로452번길 1(부원동),35.2309112,128.8849725
내외카마스타,경상남도,김해시,내외로 10(외동),35.2363357,128.8585214
임호부분정비,경상남도,김해시,김해대로 2387(부원동),35.2272961,128.8877841
유호카센타,경상남도,김해시,진영읍 진산대로 187,35.3206689,128.7227036
인동카부분정비,경상남도,김해시,생림면 생철리 256번지 7호,35.3493755,128.8520254
큰솔카부분정비,경상남도,김해시,인제로 23(어방동),35.2305165,128.9049378
금호타이어가야대리점,경상남도,김해시,대성동 445번지 3호,35.236058,128.8733919
솔로몬카인테리어,경상남도,김해시,상동면 동북로473번길 250-8,35.3024245,128.947458
쌍용종합카클리닉,경상남도,김해시,전하로 283(외동),35.2285498,128.8710737
장유자동차정비,경상남도,김해시,장유로334번길 5(신문동),35.196418,128.816165
도깨비카정비,경상남도,김해시,칠산로373번길 8-11(화목동),35.206153,128.851662
뉴금강카서비스,경상남도,김해시,김해대로2301번길 18(봉황동),35.2277034,128.8787357
장등종합카센타,경상남도,김해시,진영읍 진영리 319번지 905호,35.3200293,128.7230262
소락종합카서비스,경상남도,김해시,상동면 상동로 350,35.3047248,128.9096038
스피드카,경상남도,김해시,인제로 63(어방동),35.2341965,128.9043473
삼성카센타,경상남도,김해시,분성로 570(어방동),35.2355797,128.9081971
김해카인테리어,경상남도,김해시,김해대로2324번길 54-27,35.2239705,128.8763937
그린자동차부분정비,경상남도,김해시,진영읍 진영로 426,35.2974271,128.7583007
대월카센타,경상남도,김해시,한림면 한림로343번길 21,35.3170171,128.8007837
대형세차장,경상남도,김해시,분성로541번길 4(어방동),35.2360437,128.9053857
만장대3급정비,경상남도,김해시,구지로 191(동상동),35.2386509,128.8846105
현대자동차진영리점,경상남도,김해시,진영읍 김해대로 758(설창리),35.2959631,128.7668095
뉴한진자동차정비,경상남도,김해시,진영읍 진영리 1370번지 1호,35.3071457,128.7255133
경북카센타,경상남도,김해시,호계로463번길 6(부원동),35.2314554,128.884134
우진카3급부분정비,경상남도,김해시,김해대로 2329(부원동),35.2266448,128.8815635
사파이전문정비,경상남도,김해시,인제로 121-1(어방동),35.2395722,128.9037432
크로바셀프카서비스,경상남도,김해시,분성로 506(어방동),35.2350304,128.9012338
성진정비,경상남도,김해시,김해대로2725번길 2(불암동),35.227337,128.9243744
우석자동차부분정비,경상남도,김해시,구지로124번길 21-7(대성동),35.2367825,128.8769343
나이스부분정비,경상남도,김해시,분성로501번길 26(어방동),35.2371568,128.9024238
그린카클리닉,경상남도,김해시,활천로186번길 23-18(어방동),35.2423093,128.9033131
청학정비,경상남도,김해시,삼계로 5-1(삼계동),35.2571562,128.8667895
하늘자동차정비,경상남도,김해시,분성로501번길 6(어방동),35.2357754,128.9011262
강변자동차정비,경상남도,김해시,진례면 고모로 255,35.2498939,128.7667278
우정오토사,경상남도,김해시,인제로11번길 40(삼정동),35.2293808,128.9009619
동민카정비,경상남도,김해시,흥동로 136(흥동),35.2218081,128.8634324
현대부분정비,경상남도,김해시,흥동로 123(흥동),35.2221765,128.8621333
중앙카센타,경상남도,김해시,대동면 동남로49번길 24,35.2376471,128.9922479
예스원카서비스,경상남도,김해시,삼안로 291(삼방동),35.2518361,128.9068654
경북밧데리,경상남도,김해시,활천로36번길 76-3(어방동),35.2348378,128.9006103
삼성카부분정비,경상남도,김해시,진례면 고모로 482,35.2667512,128.7749964
하나카,경상북도,경주시,현곡면 안현로 93-2,35.8739331,129.206683
건천경성자동차정비공업사,경상북도,경주시,건천읍 내서로 1083,35.8516605,129.1012101
왕표자동차정비공업사,경상북도,경주시,유림로97번길 52(용강동),35.8722614,129.223066
별궁카,경상북도,경주시,양정로218번길 4(동천동),35.8520884,129.2244041
목원모터스,경상북도,경주시,안강읍 안강중앙로 22,35.9958811,129.2027616
우방자동차정비공업사,경상북도,경주시,금성로 336-1(서부동),35.8478143,129.2071343
부흥자동차정비공업사,경상북도,경주시,초당길15번길 9(동천동),35.8463703,129.2309377
e-편한 카센타,경상북도,경주시,원지길30번길 4(황성동),35.8677622,129.2209495
현대자동차그린서비스용강점,경상북도,경주시,소금강로19번길 17-2(용강동),35.861465,129.2216038
경주카에어콘정비공업사,경상북도,경주시,북문로 7(성건동),35.8501883,129.2033214
만도카서비스,경상북도,경주시,갓뒤길3번길 2(황성동),35.8706198,129.2167541
스피드메이트 동천점,경상북도,경주시,양정로 261(동천동),35.8560255,129.2239633
사방자동차정비공업사,경상북도,경주시,안강읍 안현로 876,35.9363482,129.2319777
유림모터스,경상북도,경주시,유림로33번길 25(황성동),35.8732654,129.2168375
용강자동차정비,경상북도,경주시,현진앞3길 34(황성동),35.883024,129.2212822
와니모터스,경상북도,경주시,동문로 91-1(성건동),35.8527708,129.2140001
금호카서비스,경상북도,경주시,안강읍 안강중앙로 147,35.9935708,129.2163615
청송자동차정비공업사,경상북도,경주시,외동읍 입실로 1,35.7090146,129.3253061
성원자동차정비공업사,경상북도,경주시,양남면 죽전안길 30,35.6997295,129.4719358
부국자동차정비공업사,경상북도,경주시,외동읍 입실로3길 29,35.715604,129.3232529
삼성자동차정비공업사,경상북도,경주시,감포읍 동해안로 2285,35.8092531,129.500216
경북카서비스,경상북도,경주시,서면 내서로 465,35.8915626,129.0534141
참좋은모터샵,경상북도,경주시,안강읍 구부랑3길 22,36.0013977,129.1943521
경우자동차정비공업사,경상북도,경주시,태종로 751(노동동),35.8397977,129.2104136
경신자동차정비공업사,경상북도,경주시,북문로 36(성건동),35.8497862,129.2063731
은희자동차정비공업사,경상북도,경주시,양정로 156-3(성동동),35.8477488,129.220914
태화자동차정비공업사,경상북도,경주시,외동읍 입실로1길 26,35.7117927,129.3282329
부흥카세차장,경상북도,경주시,외동읍 입실로 54,35.7133161,129.32513
파워자동차정비,경상북도,경주시,황성로64번길 9-3(황성동),35.8675773,129.2182956
현대자동차그린서비스사정점,경상북도,경주시,첨성로 17(사정동),35.833132,129.2042181
대경자동차정비공업사,경상북도,경주시,용강상리길 20(용강동),35.8630327,129.2262956
성동점 현대자동차,경상북도,경주시,알천남로 176-3(성동동),35.849575,129.2191061
현곡자동차정비공업사,경상북도,경주시,현곡면 용담로 182,35.8675981,129.2027396
르노코리아자동차서비스코너성건,경상북도,경주시,북성로 4-3(성건동),35.8473239,129.2022814
현대자동차그린서비스성건점,경상북도,경주시,북문로 63(성건동),35.8503752,129.2093246
황성점 기아오토큐,경상북도,경주시,용담로 24-41(황성동),35.8610015,129.2202538
충효점 현대자동차,경상북도,경주시,태종로 450-2(충효동),35.8434414,129.1790818
성건점 기아오토큐,경상북도,경주시,북문로 8(성건동),35.8496827,129.2032856
동신자동차정비공업사,경상북도,경주시,산내면 단석로 700,35.7584909,129.045553
오복자동차정비공업사,경상북도,경주시,원효로 192-5(황오동),35.8411762,129.2219291
(주)마당,경상북도,경주시,충현로 84-36(충효동),35.8525772,129.170166
로얄카서비스,경상북도,경주시,안강읍 구부랑길 41,36.0012559,129.1964303
극동자동차정비공업사,경상북도,경주시,백률로82번길 10(동천동),35.855833,129.2280693
부일자동차정비공업사,경상북도,경주시,외동읍 산업로 2610,35.7433411,129.3175211
박병길자동차정비공업사,경상북도,경주시,강동면 안현로 2256,36.0542532,129.2407942
두산중공업(주),경상남도,창원시,성산구 두산볼보로 22(귀곡동),35.181543,128.604087
석산카부분정비,경상남도,양산시,동면 석산리 880-61,35.3176959,129.0298328
선진카서비스,경상남도,양산시,남부동 468-4,35.3371728,129.0364193
성광카,경상남도,양산시,상북면 석계리 539-1,35.4109405,129.0565658
성문카부분정비,경상남도,양산시,하북면 순지리 132-10,35.4932948,129.0907541
성우 자동차 정비,경상남도,양산시,북정동 901-2,35.3575313,129.0406789
성우자동차종합정비,경상남도,양산시,북부동 693-5,35.3500296,129.0397581
성웅모터스,경상남도,양산시,남부동 481,35.335464,129.0389611
성준모터스,경상남도,양산시,유산동 128번지 52호 성준모터스,35.3630346,129.0365527
성진모터스,경상남도,양산시,주진동 132-7,35.3896938,129.1568136
성현 타이어 백화점 정비,경상남도,양산시,삼호동 194,35.418972,129.176869
성호공업사,경상남도,양산시,북정동 270-18,35.3616865,129.0406371
세방정비공장,경상남도,양산시,상북면 소토리 459-3,35.3791429,129.0497349
세영오토밋션전문점,경상남도,양산시,명동 980,35.3984907,129.1652536
세원3급부분정비,경상남도,양산시,하북면 용연리 470-1,35.4463625,129.0740926
세창카전문정비,경상남도,양산시,북정동 554-4,35.3605017,129.0473954
소울임팩트,경상남도,양산시,삼호동 993-5,35.4097971,129.1692927
소토자동차부분정비,경상남도,양산시,상북면 소토리 456-3,35.3795113,129.0487133
우주자동차정비공업사,경상북도,경주시,원화로 380(동천동),35.8544,129.2188382
서천자동차정비공업사,경상북도,경주시,알천남로 256(황오동),35.8450765,129.2262961
형제자동차정비공업사,경상북도,경주시,안강읍 안강중앙로 50,35.9950665,129.2055257
행운자동차정비공업사,경상북도,경주시,북문로 89(성건동),35.8502847,129.2123746
협신자동차정비공업사,경상북도,경주시,공단로 11(황성동),35.8763537,129.215921
최병철카클리닉,경상북도,경주시,안강읍 구부랑2길 22-1,36.0003109,129.194075
한국지엠경주안강바로서비스,경상북도,경주시,안강읍 안강중앙로 53,35.99521,129.2062452
두리자동차정비공업사,경상북도,경주시,승삼1길 35(용강동),35.8796223,129.2299697
뉴광명자동차정비공업사,경상북도,경주시,대경로 4412(광명동),35.818623,129.1477234
손진철카크리닉,경상북도,경주시,산업로 3043-6(구정동),35.7768026,129.2968997
오토오아시스 경주점,경상북도,경주시,충효녹지길 6(충효동),35.8403379,129.1897845
보문자동차정비공업사,경상북도,경주시,양정로 309-2(용강동),35.86052,129.2240007
연식자동차정비,경상북도,경주시,천북면 천북로 53,35.890219,129.2430126
동천점 기아오토큐,경상북도,경주시,탈해로52번길 18(동천동),35.8491699,129.230353
서면종합카센타,경상북도,경주시,원화로 475(용강동),35.8627611,129.2211033
수왕자동변속기정비공업사,경상북도,경주시,소금강로 23(용강동),35.8599692,129.2228835
영진카클리닉,경상북도,경주시,양정로 292(동천동),35.8588734,129.224513
우민부분정비공업사,경상북도,경주시,외동읍 입실로 25,35.710725,129.3254088
정비반장,경상북도,경주시,동문로 91-1(성건동),35.8527708,129.2140001
애니카랜드동천점,경상북도,경주시,탈해로 58(동천동),35.8506946,129.2300501
타이어타운 경주서부점,경상북도,경주시,금성로 348(서부동),35.8487646,129.2071245
하이웨이부분정비,경상북도,경주시,건천읍 대경로 3537,35.8744083,129.084121
동부3급정비,경상북도,경주시,천북면 산업로 4982-3,35.9211145,129.2456894
기현자동차(부분)정비공업사,경상북도,경주시,양남면 하서중앙길 66,35.6768609,129.4624346
태영자동차정비,경상북도,경주시,건천읍 단석로 1832,35.8399148,129.0862029
경주휴게소 차량경정비소,경상북도,경주시,내남면 경부고속도로 59,35.7236394,129.192346
현대자동차(주)창원하이테크센터,경상남도,창원시,성산구 봉양로 397(신촌동),35.2086578,128.6283623
상동부분정비,경상남도,김해시,상동면 동북로452번길 48,35.3127252,128.9680114
경원부분정비,경상남도,김해시,분성로 98(외동),35.2306863,128.8578252
애니카랜드 진영리점,경상남도,김해시,진영읍 김해대로332번길 9,35.3064841,128.7256145
동아카센타,경상남도,김해시,활천로 8(삼정동),35.22825,128.8942577
동광자동차정비,경상남도,김해시,진례면 고모로 20,35.2299505,128.7678857
영진카센타,경상남도,김해시,진영읍 서부로396번길 8,35.2676849,128.7532679
주야카클리닉,경상남도,김해시,인제로126번길 27-9(어방동),35.2422376,128.9047387
김해카인테리어 부분정비,경상남도,김해시,분성로 507(어방동),35.2356657,128.9012775
명동부분정비공업사,경상남도,김해시,한림면 김해대로 1165,35.2941343,128.8087851
율하카마스타,경상남도,김해시,율하2로3번길 76-26(관동동),35.229698,128.915912
박기사카센타,경상남도,김해시,흥동로 10,35.2224389,128.8495754
대지부분정비,경상남도,김해시,김해대로 2761(불암동),35.2246616,128.9263183
둥지부분정비,경상남도,김해시,진례면 고모로 537,35.2717534,128.7754248
태광카센타,경상남도,김해시,김해대로 2561(어방동),35.2291542,128.9075522
고속자동차정비공업사,경상남도,김해시,진영읍 서부로 386,35.2676741,128.7541723
동부부분정비,경상남도,김해시,분성로627번길 51-7(삼방동),35.2400497,128.912902
고모부분정비,경상남도,김해시,진례면 고모로560번길 1,35.2738475,128.7757121
삼방카부분정비,경상남도,김해시,분성로 662(안동),35.2357199,128.9182344
유성상사,경상남도,김해시,분성로 116(외동),35.2305189,128.8596418
왕능카써비스,경상남도,김해시,분성로453번길 11(삼정동),35.2360636,128.8953353
신월카서비스,경상남도,김해시,진례면 고모로 1,35.2285169,128.7675711
형제부분정비공업사,경상남도,김해시,상동면 동북로452번길 19,35.3127252,128.9680114
부산카전문정비,경상남도,김해시,진영읍 김해대로334번길 12,35.3058368,128.7260885
제일부분정비,경상남도,김해시,활천로16번길 37(삼정동),35.2294302,128.8978608
첨단카도크,경상남도,김해시,분성로 522(어방동),35.2352634,128.9029444
나사카부분정비,경상남도,김해시,생림면 생림대로 693,35.322459,128.8563167
양지카센타,경상남도,김해시,동상동 동상대성지구 18B 2L,35.229698,128.915912
전원자동차부분정비,경상남도,김해시,구산로42번길 11-15(구산동),35.2477068,128.8737499
동방부분정비,경상남도,김해시,봉황동 467번지 2호,35.230514,128.8735369
창봉부분정비,경상남도,김해시,진례면 진례로 373,35.259959,128.7486832
덕천정비,경상남도,김해시,금관대로 1147(외동),35.2304793,128.8497391
남도카부분정비,경상남도,김해시,분성로 464(삼정동),35.2348209,128.8965127
동상정비공업사,경상남도,김해시,호계로517번길 4(동상동),35.2368216,128.8838686
뽕뽕부분정비,경상남도,김해시,상동면 상동로 355,35.3053069,128.9095858
제일카써비스,경상남도,김해시,주촌면 서부로1637번길 35,35.2398168,128.8308341
모터뱅크,경상남도,김해시,전하로176번길 3(전하동),35.2214195,128.8678156
진영리안전배터리 자동차부분정비,경상남도,김해시,진영읍 김해대로 31,35.2911638,128.7067808
쌍용자동차 진영서비스프라자,경상남도,김해시,진영읍 김해대로332번길 13-10,35.3063396,128.7247963
대성부분정비,경상남도,김해시,대동면 수안리 399번지,35.2231353,128.9314883
신어타이어,경상남도,김해시,인제로39번길 5(어방동),35.2318754,128.904484
신일카서비스,경상남도,김해시,진영읍 설창리 140번지 2호,35.2964001,128.7706883
대광카서비스,경상남도,김해시,함박로31번길 5(외동),35.2338285,128.8575009
신라부분정비,경상남도,김해시,김해대로2529번길 43(삼정동),35.2322395,128.9027268
니트로,경상남도,김해시,김해대로 2289(봉황동),35.2262837,128.8771861
종성자동차정비공업사,경상남도,김해시,진영읍 진영로 95,35.3041149,128.7236944
공원카부분정비,경상남도,김해시,함박로 22(외동),35.2332052,128.8564984
가야부분정비,경상남도,김해시,부원동 612번지 20호,35.2292302,128.8836848
뉴대한밧데리전문정비,경상남도,김해시,한림면 김해대로974번길 85,35.2854744,128.7919517
행운카서비스,경상남도,김해시,가야로405번길 18,35.2433536,128.8828919
세븐카부분정비,경상남도,김해시,전하로49번길 10,35.2216321,128.85415
광성부분정비,경상남도,김해시,호계로 414(부원동),35.2274776,128.8856343
의령부분정비,경상남도,김해시,생림대로 166(삼계동),35.2845726,128.8667092
빙그레종합카센타,경상남도,김해시,진례면 고모로 721,35.2875971,128.7771155
애니카랜드 충효점,경상북도,경주시,태종로 436(충효동),35.8437491,129.1778921
대동토탈카서비스,경상북도,경주시,태종로 464(충효동),35.8428615,129.1805742
터보카정비,경상북도,경주시,충효녹지길 20(충효동),35.8411547,129.1884524
현대해상하이카,경상북도,경주시,외동읍 냉천공단길 97-26,35.7058835,129.2969233
OK모터스,경상북도,경주시,태종로 464(충효동),35.8428615,129.1805742
다함께차차카정비,경상북도,경주시,강동면 동해대로 174,36.0078268,129.2854501
카리스자동차관리,경상북도,경주시,소금강로 7-5(용강동),35.8601638,129.2211801
F-TECH,경상북도,경주시,백률로57번길 6-20(동천동),35.8568821,129.2264297
선덕자동차정비공업사,경상북도,경주시,양정로 25(인왕동),35.8378879,129.2221326
에니카랜드 성건점,경상북도,경주시,화랑로 8,35.8445151,129.2014835
GS넥스테이션㈜오토오아시스서라벌점,경상북도,경주시,태종로 266-3(충효동),35.837043,129.1647591
현대자동차불국점,경상북도,경주시,구매3길 1-8(시래동),35.7719765,129.304508
으뜸카서비스,경상북도,경주시,안강읍 안강중앙로 81,35.9947305,129.2090894
하나카서비스,경상북도,경주시,원화로 494,35.8641907,129.2226174
공단자동차정비공업사,경상북도,경주시,공단로 78-1(황성동),35.8728537,129.2220243
서면카자동차정비,경상북도,경주시,서면 내서로 440-1,35.8923089,129.0509036
한국지엠경주바로서비스,경상북도,경주시,백률로 62(동천동),35.8564126,129.2260197
신화자동차정비공업사,경상북도,경주시,내남면 경덕로 217-2,35.760429,129.1927564
정비반장,경상북도,경주시,동문로 91-1(성건동),35.8527708,129.2140001
세기카 모터샵,경상북도,경주시,알천북로249번길 4,35.8477978,129.2260127
싱싱카 - 정비,경상북도,경주시,토용길 3(용강동),35.8629923,129.2222007
토암 카 서비스,경상북도,경주시,산업로 2995,35.7740248,129.3009244
스피드메이트 안강점,경상북도,경주시,안강읍 구부랑길 33,36.0005305,129.1962841
현대한일정비,경상북도,경주시,갓뒤길 8,35.8704329,129.2171503
한성모터샵,경상북도,경주시,중앙로47번길 13,35.8438329,129.2103631
보성자동차부분정비,경상북도,경주시,동천로 68-2,35.8536585,129.2267903
우성자동차정비,경상남도,김해시,삼계중앙로 83(삼계동),35.2612478,128.874148
진양부분정비,경상남도,김해시,분성로511번길 1(어방동),35.2356636,128.9016106
조은카클리닉,경상남도,김해시,김해대로2463번길 6(삼정동),35.2284859,128.8963476
발통&모터스,경상남도,김해시,김해대로2635번길 73(안동),35.235806,128.9142187
땡큐카앤락,경상남도,김해시,한림면 김해대로916번길 109,35.2857913,128.7894194
금호그린카마스타,경상남도,김해시,주촌면 서부로 1646,35.2364475,128.8319977
한국타이어경남대리점,경상남도,김해시,칠산로 361(화목동),35.2045111,128.8513654
티스테이션서김해점,경상남도,김해시,김해대로 2272번길 3(봉황동),35.229698,128.915912
고속부분정비,경상남도,김해시,삼안로60번길 19,35.2349167,128.9197528
뉴월드부분정비,경상남도,김해시,봉황동 9923번지,35.229698,128.915912
진례카마스타,경상남도,김해시,진례면 진례로 372,35.259541,128.7490732
스피드메이트 무궁화점,경상남도,김해시,내외중앙로 56(내동),35.2347821,128.8670017
삼정카모터스,경상남도,김해시,김해대로2491번길 33(삼정동),35.2309892,128.8981072
오성카센타,경상남도,김해시,주촌면 서부로 1537,35.2345185,128.8222157
형제카 전문정비,경상남도,김해시,한림면 김해대로 1528,35.2757076,128.8384019
로드카써비스,경상남도,김해시,가락로 354(구산동),35.2572447,128.870781
태산자동차정비,경상남도,김해시,진영읍 서부로 179,35.2816371,128.7691821
공단부분정비,경상남도,김해시,진영읍 서부로 211,35.2789434,128.7677152
대장카랜드,경상남도,김해시,분성로 570-1(어방동),35.2354364,128.9083564
오토오아시스 김해그린점,경상남도,김해시,김해대로 2602(안동),35.2286067,128.9113166
양지모터스,경상남도,김해시,진영읍 서부로 34,35.2932707,128.7624515
대성부분정비,경상남도,김해시,평전로94번길 6(내동),35.2385781,128.857008
힉스정비,경상남도,김해시,분성로 383-2(동상동),35.2344829,128.8879359
쌍둥이부분정비,경상남도,김해시,가야로 330(구산동),35.24855,128.8751047
25시종합카월드,경상남도,김해시,장유로 100,35.2119143,128.7993645
제일오토부분정비,경상남도,김해시,인제로39번길 6(어방동),35.2321561,128.9047099
24시카,경상남도,김해시,내덕로 60,35.2058354,128.8150375
베스타카숍,경상남도,김해시,삼안로8번길 28(지내동),35.2297922,128.9210219
선경부분정비,경상남도,김해시,상동면 상동로 374,35.3055612,128.911753
휠즈모터스,경상남도,김해시,분성로501번길 48(어방동),35.2387357,128.9038969
명성1급정비,경상남도,김해시,한림면 한림로 21,35.2956845,128.8093048
스카니아코리아그룹(주),경상남도,김해시,진영읍 김해대로 245,35.3072353,128.7151756
(주)더원상용차서비스,경상남도,김해시,진영읍 김해대로 245,35.3072353,128.7151756
서김해상용서비스,경상남도,김해시,인제로91번길 12-16,35.2372271,128.9033149
(주)성진정비 서김해지점,경상남도,김해시,김해대로2553번길 72(어방동),35.2350879,128.9058693
성실1급종합정비,경상남도,김해시,삼안로 61(안동),35.2347613,128.9172252
금광정비공업사,경상남도,김해시,안곡로 19(삼계동),35.2711262,128.8583451
한창자동차정비(소형),경상남도,김해시,진영읍 본산로86번길 15-18,35.3127705,128.7436561
혜성자동차정비,경상남도,김해시,분성로541번길 46-6(어방동),35.239729,128.9052462
가야자동차정비,경상남도,김해시,김해대로 2600(안동),35.2284863,128.9109447
나라자동차정비,경상남도,김해시,김해대로2596번길 11-66(안동),35.2272709,128.9142769
추성자동차정비,경상남도,김해시,분성로 549(어방동),35.2358863,128.9058742
(주)삼우모터스,경상남도,김해시,장유로 81(부곡동),35.2137578,128.7989544
(주)프라이어오토모빌,경상남도,김해시,장유로 167-27(부곡동),35.2094073,128.8073827
김해제이탑모터스,경상남도,김해시,김해대로2596번길 23-23(안동),35.2269834,128.9118502
정업카센타,경상남도,김해시,진영읍 서부로 127,35.2859938,128.7673223
한길카사랑,경상남도,김해시,상동면 상동로 583-1,35.3095963,128.9327244
부산카마스타,경상남도,김해시,김해대로2325번길 1(봉황동),35.2264999,128.8810175
미래카부분정비,경상남도,김해시,활천로255번길 47(삼방동),35.2465699,128.9057733
형제3급부분정비,경상남도,김해시,생림면 봉림로 69,35.330347,128.8474155
현대카라이프,경상남도,김해시,상동면 상동로 290,35.303046,128.9029776
금성정비,경상남도,김해시,주촌면 서부로 1467,35.2287935,128.8191795
동화부분정비,경상남도,김해시,생림면 나전로 245,35.3060403,128.8767146
밀레니엄카타운,경상남도,김해시,진례면 서부로587번길 37,35.2524976,128.753665
백프로팩토리,경상남도,김해시,삼안로44번길 26(지내동),35.2330289,128.9205475
신화카에어컨,경상남도,김해시,분성로 551(어방동),35.2359688,128.9060628
김해커먼레일전문점,경상남도,김해시,전하로 285(외동),35.2286453,128.870951
현대종합부분정비,경상남도,김해시,활천로10번길 15(삼정동),35.2288211,128.8955726
한일부분정비,경상남도,김해시,김해대로 2535(어방동),35.2286677,128.904194
르노코리아자동차 서비스코너 대성,경상남도,김해시,구지로 108-1(대성동),35.2387233,128.8752125
진영현대종합정비,경상남도,김해시,진영읍 서부로 197-22,35.2793628,128.768853
온누리정비,경상남도,김해시,생림면 생림대로 570,35.3171916,128.867716
상동 종합 정비,경상남도,김해시,상동면 상동로 362,35.305219,128.9105044
거해 종합 정비,경상남도,김해시,김해대로 2604(안동),35.2283478,128.911474
만트럭버스 서비스 김해센터,경상남도,김해시,한림면 김해대로1288번길 21-10,35.2830663,128.8175685
건운종합정비,경상남도,김해시,진례면 서부로436번길 307-8,35.229698,128.915912
진례테크노정비,경상남도,김해시,진례면 고모로 245,35.2491966,128.767017
부경자동차정비,경상남도,김해시,진영읍 진산대로 113-28,35.3155477,128.7259988
태을 특장차,경상남도,김해시,진영읍 서부로346번길 60,35.269506,128.7555646
호원정비,경상남도,김해시,주촌면 서부로 1474-35,35.2293617,128.8214223
현대자동차서김해서비스,경상남도,김해시,주촌면 서부로 1474-11,35.2292562,128.8200464
진례1급종합정비(주),경상남도,김해시,진영읍 서부로 360,35.269502,128.756594
(주)전국정비,경상남도,김해시,한림면 김해대로 1131-2,35.2964713,128.8067421
흥일자동차정비,경상남도,김해시,김해대로2575번길 55(어방동),35.2335524,128.9089776
유진종합자동차 정비공장,경상남도,김해시,생림대로 19,35.2716914,128.8604149
내삼자동차정비,경상남도,김해시,주촌면 서부로1499번길 22,35.2324295,128.8181953
서김해서비스기아오토큐,경상남도,김해시,"주촌면 서부로1499번길 16, 주촌면 내삼리 708-1외 2필",35.2322625,128.8186565
1급신흥자동차정비,경상남도,김해시,장유로55번길 28-21(부곡동),35.2164852,128.8008155
명문자동차종합정비,경상남도,김해시,삼안로16번길 15-14,35.2312397,128.9198261
성경종합정비,경상남도,김해시,분성로 546(어방동),35.2353354,128.9054734
쌍용자동차김해정비사업소(주),경상남도,김해시,유하로 171(유하동),35.2173451,128.8146538
(주)성진정비,경상남도,김해시,김해대로2553번길 72(어방동),35.2350879,128.9058693
GH모터스정비,경상남도,김해시,분성로 541번길 48,35.2400095,128.9048979
21세기종합정비,경상남도,김해시,분성로569번길 28-23(어방동),35.2385866,128.9091189
대명자동차정비,경상남도,김해시,장유로 33-6(부곡동),35.2173204,128.7977142
따봉종합정비,경상남도,김해시,생림면 생림대로 638,35.3215808,128.8623488
생림종합정비,경상남도,김해시,생림면 봉림로 5-20,35.3248929,128.8503931
범한종합정비,경상남도,김해시,생림면 나전로 399,35.3175789,128.8699281
신화자동차정비,경상남도,김해시,상동면 상동로 285,35.3031884,128.9022968
(주)신화기연,경상남도,김해시,진례면 서부로 890,35.2275822,128.7669878
1급현대자동차종합정비,경상남도,김해시,한림면 한림로 111,35.30328,128.8088986
한림종합정비,경상남도,김해시,한림면 김해대로 1127,35.2965289,128.8056752
봉림종합정비,경상남도,김해시,생림면 생림대로950번길 8,35.3421366,128.8481226
볼보트럭코리아주식회사,경상남도,김해시,한림면 김해대로1538번길 14,35.2754718,128.8372603
에이스종합정비,경상남도,김해시,상동면 소락로 226,35.3023864,128.9024697
가야아이비에스 종합정비,경상남도,김해시,골든루트로66번길 143(풍유동),35.2197634,128.8423584
광림특장차서비스,경상남도,김해시,김해대로2567번길 71(어방동),35.2352516,128.9061442
진례제일자동차종합정비,경상남도,김해시,진례면 고모로 492,35.2676988,128.7752658
광진종합정비,경상남도,김해시,분성로 590(안동),35.2356336,128.9103415
김해자동차정비공업사,경상남도,김해시,주촌면 골든루트로 274,35.2294132,128.821233
(주)리무진특장차,경상남도,김해시,진례면 고모로 426-14,35.2611871,128.774547
국제자동차정비,경상남도,김해시,삼안로 18(지내동),35.2307328,128.9181865
한신자동차정비공업사,경상남도,김해시,장유로149번길 4(부곡동),35.2099063,128.8041119
플러스카클리닉,경상남도,김해시,"호계로 557, 호계로 557(동상동)(동상동)",35.240314,128.8839619
현대카서비스,경상남도,김해시,대동면 동남로 49번길 17-1(초정리),35.2373992,128.9928947
가락카센타,경상남도,김해시,"활천로 140, 활천로 140(어방동)(어방동)",35.2379599,128.8980811
CarpeDiem(카르페디엠),경상남도,김해시,덕정로186번길 4(관동동),35.1765269,128.8032163
태봉자동차정비,경상남도,김해시,진례면 고모로 279,35.2522558,128.766422
부자타이어,경상남도,김해시,금관대로 936(풍유동),35.2120051,128.8460362
예림정비,경상남도,김해시,생림면 나전로 407,35.3177593,128.8694167
오일컨테이너,경상남도,김해시,덕정로138번안길 4(관동동),35.1791292,128.8005302
무주카 클리닉,경상남도,김해시,내덕로 16(내덕동),35.2052974,128.8103025
우루모터스,경상남도,김해시,분성로 635(안동),35.23628,128.9155555
진영점 기아오토큐,경상남도,김해시,진영읍 진영로 324,35.3014792,128.7484629
르노코리아자동차 서비스코너 삼계점,경상남도,김해시,김해대로 1814-11(삼계동),35.2638318,128.8637698
WOW MOTORS,경상남도,김해시,칠산로223번길 2(이동),35.1942289,128.8436242
대동카정비,경상남도,김해시,대동면 동남로45번길 2-5,35.2369482,128.994255
장인 자동차정비,경상남도,김해시,덕정로 79(관동동),35.1799076,128.7938946
태규전문정비,경상남도,김해시,칠산로265번길 12-9(화목동),35.1978955,128.8460064
보쉬카 대청점,경상남도,김해시,대청로104번길 67-1(대청동),35.1879582,128.8047246
대동렉카 전문정비,경상남도,김해시,대동면 대동로 742,35.2509773,128.9818941
동광택시,경상남도,김해시,호계로543번길 1(동상동),35.2390977,128.8839453
장원카서비스,경상남도,김해시,분성로 633-1(안동),35.2362836,128.9151391
삼화정비공업사,경상남도,김해시,진영읍 본산로241번길 1,35.3166606,128.7516325
골드카정비,경상남도,김해시,가야로 213(삼계동),35.2587027,128.8727741
메종카,경상남도,김해시,김해대로 1964(구산동),35.2515473,128.8674764
안동자동차정비,경상남도,김해시,분성로 663(안동),35.2360821,128.9186557
태광,경상남도,김해시,대동면 대동로 559,35.2446787,128.975904
진영정비소,경상남도,김해시,진영읍 하계로96번길 68,35.2801667,128.7161165
타이어강호(주),경상남도,김해시,김해대로2580번길 3-9(안동),35.2280333,128.9088945
영신모터스,경상남도,김해시,금관대로 1345(내동),35.2431862,128.8650039
대성카서비스,경상남도,김해시,김해대로 2377-1,35.2271687,128.8865614
율하점 현대자동차,경상남도,김해시,율하2로236번길 8(율하동),35.1746711,128.8216815
이정자동차정비,경상남도,김해시,김해대로 2576번길 58(어방동),35.224008,128.9110814
형제특장차,경상남도,김해시,"진영읍 서부로 50, 진영리읍 서부로 50(내룡리)",35.2915279,128.7626006
부성카,경상남도,김해시,김해대로 1956,35.2523012,128.8673696
비엠모터스,경상남도,김해시,진영읍 여래로20번길 73,35.3054256,128.7267064
경남미션,경상남도,김해시,금관대로 1052(풍유동),35.2218557,128.8486787
삼방점 현대자동차,경상남도,김해시,"삼안로 147, 삼안로 147(삼방동)(삼방동)",35.2415879,128.9140671
푸르니타이어,경상남도,김해시,덕정로 194(관동동),35.1758511,128.8033596
율하점 기아오토큐,경상남도,김해시,율하3로7번길 48(율하동),35.1694307,128.810883
한성카클리닉,경상남도,김해시,주촌면 서부로1430번길 4,35.2249166,128.8190226
티스테이션 장유점,경상남도,김해시,금관대로 582(무계동),35.2008684,128.8138956
타이어  메가마트,경상남도,김해시,구산로 49(구산동),35.2490013,128.8740142
보쉬카서비스 장유율하점,경상남도,김해시,율하2로222번길 43(율하동),35.1738574,128.8210524
미래카,경상남도,김해시,삼문로 64(삼문동),35.1934671,128.8072072
모든타이어,경상남도,김해시,금관대로 1044(풍유동),35.2214066,128.8484787
㈜카젠부원점,경상남도,김해시,김해대로 2329(부원동),35.2266448,128.8815635
대동스카니아,경상남도,김해시,대동면 대동로 742,35.2509773,128.9818941
대원자동차정비,경상남도,김해시,금관대로 943(풍유동),35.2135779,128.8445644
대성카정비,경상남도,김해시,대성동 25번지 4호,35.2427364,128.8822317
스피드메이트 장유유통단지점,경상남도,김해시,장유로 378(신문동),35.1932103,128.8186019
하이카클리닉,경상남도,김해시,금관대로 1200(외동),35.2336717,128.8538813
장유행운카센타,경상남도,김해시,관동로27번길 140(관동동),35.1795011,128.8200504
타이어365 장유점,경상남도,김해시,장유로301번길 21(무계동),35.2015573,128.814894
튜넥스,경상남도,김해시,김해대로 2289(봉황동),35.2262837,128.8771861
드림카서비스,경상남도,김해시,진영읍 진산대로26번길 16-8,35.3082827,128.7262311
현대정비,경상남도,김해시,분성로 735(지내동),35.2307218,128.9214835
인우카정비,경상남도,김해시,분성로501번길 44(어방동),35.2384425,128.903566
진례중앙카,경상남도,김해시,진례면 진례로 227,35.2478076,128.7482699
타이어일번지 김해총판,경상남도,김해시,호계로 276(부원동),35.2155046,128.8886417
인혁모터스,경상남도,김해시,율하3로7번길 3-5(율하동),35.1695914,128.8113875
영일모터스,경상남도,김해시,함박로 43-1(외동),35.2331969,128.8589395
금호타이어 본산점,경상남도,김해시,진영읍 본산1로 94,35.315725,128.7474402
타이어테크,경상남도,김해시,금관대로 1076,35.2240846,128.8492332
르노코리아자동차 서비스코너 장유점,경상남도,김해시,삼문로57번길 4(삼문동),35.1940799,128.8066446
르노삼성자동차지정정비코너 구산점,경상남도,김해시,구산로5번길 21,35.2507711,128.8692386
제일정비,경상남도,김해시,진영읍 서부로 75,35.2897007,128.7642308
성실카랜드,경상남도,김해시,호계로559번길 26-1(대성동),35.2421586,128.8826015
한국타이어진영리대리점,경상남도,김해시,진영읍 김해대로 248,35.3063994,128.7171037
타이어빅마트,경상남도,김해시,가야로 417(대성동),35.2432304,128.8825871
타이어프로김해점,경상남도,김해시,금관대로 1214(외동),35.2345934,128.8550569
아우토반정비,경상남도,김해시,진영읍 장등로10번길 2,35.3070919,128.7355208
혜동자동차정비,경상남도,김해시,관동로 9(관동동),35.177416,128.8042878
숭원자동차정비,경상남도,김해시,진영읍 진산대로26번길 30,35.3083478,128.7278235
KD CAR SHOP,경상남도,김해시,구산로42번길 30(구산동),35.245937,128.8725328
성우카클리닉,경상남도,김해시,분성로 440(삼정동),35.2347591,128.8940336
영화자동차,경상남도,김해시,진영읍 진영로 293,35.3019912,128.7451933
삼봉카,경상남도,김해시,한림면 장방로 53,35.3193091,128.7626665
스피드메이트 김해진영점,경상남도,김해시,진영읍 진산대로40번길 1-4,35.3099145,128.7260914
한국타이어동김해부분정비,경상남도,김해시,김해대로 2692(지내동),35.2287947,128.9211452
스패너,경상남도,김해시,활천로 16번길 2,35.2288233,128.8940912
형제정비공업사,경상남도,김해시,진영읍 서부로 54,35.2911562,128.7626714
스피드메이트 인성점,경상남도,김해시,전하로 229(흥동),35.2246269,128.8716853
새부산카,경상남도,김해시,인제로 278-1(삼방동),35.2532378,128.9027087
금호타이어 서부총판,경상남도,김해시,진례면 서부로 887,35.2285457,128.7668768
한국지엠 진영리바로서비스,경상남도,김해시,진영읍 진영리 1387번지 1호,35.3070081,128.723523
태양카정비,경상남도,김해시,금관대로 1256(내동),35.2371832,128.8584063
천광,경상남도,김해시,진영읍 김해대로332번길 88,35.3056777,128.7218791
태양카,경상남도,김해시,장유로334번길 3(신문동),35.1963349,128.8164957
기능장 정비센타,경상남도,김해시,전하로 169(흥동),35.2214374,128.8668267
JD모터스,경상남도,김해시,김해대로 2695(지내동),35.2292842,128.9218305
르노삼성자동차대현카,경상남도,김해시,김해대로2529번길 1(삼정동),35.2285496,128.903158
화목자동차서비스,경상남도,김해시,칠산로 339(화목동),35.2026682,128.8504103
TG모터스,경상남도,김해시,전하로 151(흥동),35.2212032,128.864831
대림카,경상남도,김해시,대청로104번길 26(삼문동),35.1860497,128.8006512
인제카튜닝,경상남도,김해시,삼계로69번길 12(삼계동),35.2593694,128.8731532
타이어타운 장유점,경상남도,김해시,계동로 129(대청동),35.1876307,128.7927332
한국지엠 장유중앙바로서비스,경상남도,김해시,삼문로 46(삼문동),35.1931697,128.8054822
원대카서비스,경상남도,김해시,해반천로16번길 6(구산동),35.2502469,128.8703962
타이어뱅크김해점,경상남도,김해시,인제로11번길 9(어방동),35.2293665,128.9042864
성심카전문정비,경상남도,김해시,주촌면 소망길 30,35.2205484,128.8317495
미래정비,경상남도,김해시,진영읍 진산대로26번길 28-22,35.3075668,128.7273106
경남크라이슬러 ㈜ 정비김해점,경상남도,김해시,전하로 41(흥동),35.221476,128.852763
용덕카정비공업사,경상남도,김해시,한림면 용덕로 230,35.2969505,128.8302989
삼천리정비세차,경상남도,김해시,김해대로 2763(불암동),35.224557,128.9267378
카맨?事揚?점,경상남도,김해시,내덕로7번길 5(무계동),35.2052481,128.8090552
태경카서비스,경상남도,김해시,장유로334번길 19(신문동),35.1955905,128.8150693
KK모터스,경상남도,김해시,호계로 491(동상동),35.2344263,128.8840636
선지점 현대자동차,경상남도,김해시,주촌면 서부로 1785-3,35.229698,128.915912
금호카센타,경상남도,김해시,내덕로108번길 5-7(내덕동),35.2066763,128.8199565
금호카클리닉,경상남도,김해시,금관대로 1284(내동),35.2389427,128.8605684
구산점 현대자동차,경상남도,김해시,해반천로 72(구산동),35.255326,128.870168
제일자동차정비,경상남도,김해시,생림면 나전로 180,35.3003888,128.8769362
수빈카,경상남도,김해시,동상동 510번지 1호,35.2368328,128.8884778
삼성카센타,경상남도,김해시,김해대로2529번길 72-12(어방동),35.2347213,128.9034043
조은카서비스,경상남도,김해시,번화1로 25(대청동),35.1897011,128.8007657
대복카,경상남도,김해시,전하로 77(흥동),35.2209821,128.8566768
도림카센타,경상남도,김해시,칠산로413번길 6-23(화목동),35.2098723,128.8528693
우주카정비,경상남도,김해시,흥동로 101,35.222079,128.8598124
야정카서비스,경상남도,김해시,장유로 402-1,35.1914669,128.8194536
동열카정비,경상남도,김해시,삼계동 1052번지 1호,35.2735892,128.8614306
타이어타운여래점,경상남도,김해시,진영읍 진영로 245,35.3024447,128.7398224
스마트오토카,경상남도,김해시,금관대로 1152(외동),35.2304219,128.8506288
대현모터스,경상남도,김해시,구산로42번길 20(구산동),35.2466837,128.872651
분성카프라자,경상남도,김해시,"삼계로 71, 삼계로 71(삼계동)(삼계동)",35.2585877,128.8735398
대청점현대자동차,경상남도,김해시,대청로104번길 43-9(대청동),35.1870742,128.8020734
타이어프로 삼계점(카프라자),경상남도,김해시,가야로 149(삼계동),35.2642236,128.8719426
송원자동차정비,경상남도,김해시,번화2로 30(삼문동),35.1918684,128.8054105
시영카부분정비,경상남도,김해시,대동면 대동로 302-4,35.2364705,128.9506685
아주자동차정비,경상남도,김해시,상동면 상동로 581,35.3094307,128.9325312
마이카정비코너,경상남도,김해시,활천로 140(어방동),35.2379599,128.8980811
영양카써비스,경상남도,김해시,김해대로2567번길 7-1(어방동),35.2294927,128.9073166
선우자동차정비공업사,경상북도,경주시,외동읍 순금1길 24-7,35.7125184,129.3245741
신화자동차전문정비공업사,경상북도,경주시,금성로 226(사정동),35.8376552,129.2073988
자동차마을정비공업사,경상북도,경주시,산내면 단석로 675-10,35.7580755,129.0439703
애니카랜드불국점,경상북도,경주시,산업로 2898(시래동),35.7683288,129.3090453
입실자동차정비공업사,경상북도,경주시,외동읍 입실로1길 68,35.7149795,129.3269184
수정정비공업사,경상북도,경주시,양정로 35,35.8389067,129.2221598
뉴금성자동차정비공업사,경상북도,경주시,알천북로 251,35.8476338,129.2262845
태양자동차정비공업사,경상북도,경주시,백률로 68,35.8564279,129.2267223
월드카랜드,경상북도,경주시,백률로53번길 20,35.8583079,129.2254281
보승자동차정비공업사,경상북도,경주시,현곡면 용담로 496,35.88629,129.1774958
카플러스,경상북도,경주시,현곡면 금장5길 6,35.867937,129.2027679
진영정비공업사,경상북도,경주시,외동읍 산업로 1875-4,35.681404,129.3315194
합동자동차정비공업사,경상북도,경주시,안강읍 안현로 1567,35.9951213,129.2283306
현대카플라자,경상북도,경주시,초당길15번길 36,35.8477396,129.2334029
강교자동차정비공업사,경상북도,경주시,안강읍 호국로 2056,35.9802448,129.1396829
노당카센타,경상북도,경주시,안강읍 안현로 2003,36.0338719,129.2291709
진보자동차정비공업사,경상북도,경주시,외동읍 산업로 2470,35.7311047,129.3211102
2000자동차정비공업사,경상북도,경주시,탈해로57번길 2(동천동),35.8510461,129.2297453
삼영정비공업사,경상북도,경주시,천북면 산업로 4866,35.9112298,129.2419014
문산자동차정비공업사,경상북도,경주시,외동읍 관문로 1248,35.6803155,129.3173276
명성자동차정비공업사,경상북도,경주시,안강읍 창말2길 18,36.0021327,129.2268141
안강점 기아오토규,경상북도,경주시,안강읍 안강중앙로 67,35.9947774,129.207469
세명자동차정비공업사,경상북도,경주시,소금강로61번길 71(용강동),35.865733,129.2239648
우방자동차정비공업사,경상북도,경주시,안강읍 구부랑4길 3,36.0016733,129.1963103
감포자동차정비공업사,경상북도,경주시,감포읍 동해안로 2221,35.8043231,129.4967019
그린테크,경상북도,경주시,용담로92번길 53-3,35.868083,129.2139898
황동카정비,경상남도,김해시,진영읍 김해대로 430,35.3058143,128.7369637
신광카크리닉,경상남도,김해시,계동로 188,35.1892379,128.7989739
에벤에셀카마스타,경상남도,김해시,가야로181번길 13-21,35.2624351,128.8732525
대명오토상사,경상남도,김해시,전하로 279(외동),35.2283216,128.871455
한국카서비스,경상남도,김해시,인제로39번길 37(삼정동),35.2315437,128.9009255
가야오토카,경상남도,김해시,활천로255번길 71-1(삼방동),35.2486928,128.9062205
도경자동차병원,경상남도,김해시,흥동로 24(풍유동),35.2223056,128.8511522
동원카센타,경상남도,김해시,활천로202번길 58(어방동),35.2379152,128.8984371
그리폰모터스,경상남도,김해시,"흥동로 58, 흥동로 58(흥동)(흥동)",35.221913,128.8549198
대군자동차정비,경상남도,김해시,활천로285번길 5(삼방동),35.2438295,128.9095668
활천카클리닉,경상남도,김해시,분성로501번길 4(어방동),35.2356062,128.901016
대림카클리닉,경상남도,김해시,계동로 216(대청동),35.1902371,128.8018981
대한KTS,경상남도,김해시,김해대로 2763(불암동),35.224557,128.9267378
철마자동차정비,경상남도,김해시,칠산로 257(화목동),35.1964786,128.8458819
새본산정비공업사,경상남도,김해시,진영읍 본산1로 75,35.3144125,128.7468285
유한카부분정비,경상남도,김해시,삼계중앙로5번길 13(삼계동),35.2615322,128.8652995
스피드메이트삼계점,경상남도,김해시,"해반천로144번길 23-3, 해반천로 144번길 23-3 (삼계동)",35.2613762,128.8695898
초원카,경상남도,김해시,진영읍 본산1로 29,35.3107736,128.746619
한일오토카,경상남도,김해시,삼안로 321(삼방동),35.2521023,128.9038686
미쉐린부산경남서비스 국민타이어,경상남도,김해시,김해대로2596번길 6(안동),35.2283177,128.9104085
오토오아시스 롯데마트장유점,경상남도,김해시,번화1로56번길 15(대청동),35.1930379,128.8012981
한국타이어 경남총판,경상남도,김해시,흥동로 17(흥동),35.2226947,128.850671
마피아스피드스타즈,경상남도,김해시,김해대로2596번길 11-68(안동),35.2275232,128.9141928
오일뱅크플러스 진영리죽곡점,경상남도,김해시,진영읍 서부로179번길 11,35.2825091,128.7702916
영하카부분정비,경상남도,김해시,칠산로451번길 4(흥동),35.2121653,128.8528966
연지카마스타,경상남도,김해시,구지로 9(내동),35.2418869,128.8656143
GS칼텍스㈜오토오아 시스 서김해IC점,경상남도,김해시,금관대로 995(내동),35.2170899,128.8461181
르노삼성자동차김해점,경상남도,김해시,김해대로2529번길 1(삼정동),35.2285496,128.903158
신광오토카크리닉,경상남도,김해시,대동로 21-1,35.2229518,128.9300161
쌍용자동차장유서비스 프라자,경상남도,김해시,장유로 87(부곡동),35.2132854,128.7989911
오토오아시스 청운점,경상남도,김해시,계동로 172(대청동),35.1885719,128.7975235
그린모터스,경상남도,김해시,인제로 29(어방동),35.23133,128.9048552
SURO카에어컨,경상남도,김해시,전하로208번길 7(전하동),35.2224737,128.8705709
탐 카마스타,경상남도,김해시,금관대로 1220(외동),35.2349491,128.8555115
세정카크리닉,경상남도,김해시,분성로 130,35.2299673,128.8610012
㈜장유,경상남도,김해시,금관대로 751(내덕동),35.2081369,128.8298986
넥센월드,경상남도,김해시,한림면 김해대로 1399,35.2784071,128.8254809
(주)카매니저,경상남도,김해시,김해대로 2078(내동),35.241904,128.8702625
해성자동차정비,경상남도,김해시,장유로301번길 18(무계동),35.2011384,128.8153251
마이비모터스,경상남도,김해시,삼안로 148(삼방동),35.2419035,128.9145142
국민카,경상남도,김해시,진영읍 김해대로 606,35.3037755,128.7529498
신화정비,경상남도,김해시,진영읍 서부로 270,35.2750181,128.7632535
본산공단카,경상남도,김해시,진영읍 본산로241번길 4,35.3165288,128.752327
씽씽카클리닉,경상남도,김해시,김해대로2541번길 55(어방동),35.2335031,128.9039802
오토오아시스 김해가락점,경상남도,김해시,김해대로 2427(부원동),35.2276651,128.8923431
우정자동차정비,경상남도,김해시,진영읍 진영로 386,35.2994512,128.7545236
신용카,경상남도,김해시,진영읍 진영로 416,35.2986294,128.7577422
준현카,경상남도,김해시,진례면 고모로 67,35.234157,128.768457
뉴오토카클리닉,경상남도,김해시,흥동로 46(흥동),35.2221454,128.853531
신안카정비공업사,경상남도,김해시,삼문로44번길 4,35.1929639,128.8052395
성문카마스타,경상남도,김해시,번화1로114번길 11-13(삼문동),35.198179,128.7989125
성현카마스타,경상남도,김해시,계동로159번길 3-7,35.1885389,128.7955858
시원카서비스,경상남도,김해시,김해대로 2681(지내동),35.2295116,128.9202056
르노코리아자동차 서비스코너 진영,경상남도,김해시,진영읍 여래로20번길 40-1,35.305077,128.7303012
쌍용자동차동김해서비스프라자,경상남도,김해시,분성로 617(안동),35.2362228,128.9133677
대진카센타,경상남도,김해시,전하로 241(외동),35.2253288,128.8722619
오토오아시스 장유신도시점,경상남도,김해시,장유로 110(부곡동),35.2112634,128.8001631
대광카센타,경상남도,김해시,김해대로 2669(지내동),35.2293249,128.9184151
하남카클리닉,경상남도,김해시,김해대로2553번길 56-28(어방동),35.2335094,128.906989
대한카모터스,경상남도,김해시,진영읍 진영리 319번지 773호,35.3200293,128.7230262
구봉카클리닉,경상남도,김해시,가야로485(동상동),35.2385935,128.8875368
프로미월드장유점,경상남도,김해시,내덕로 52,35.2054918,128.8141661
태성부분정비,경상남도,김해시,진영읍 진영로 32,35.304415,128.717011
2002카마스타,경상남도,김해시,한림면 안하로 79,35.3064636,128.8238803
현대자동차장유부곡리점,경상남도,김해시,부곡로 67(부곡동),35.2098774,128.7992868
K２자동차정비,경상남도,김해시,분성로418번길 1(삼정동),35.2346098,128.8917754
드림카서비스,경상남도,김해시,삼안로298번길 1(삼방동),35.2521433,128.9060902
한국지엠 동김해 지정서비스,경상남도,김해시,분성로453번길 1(삼정동),35.2352016,128.8954093
쉐보레장유바로서비스,경상남도,김해시,내덕로66(내덕동),35.2060859,128.815551
한국카,경상남도,김해시,진영읍 김해대로332번길 21,35.3066095,128.7242827
부경카,경상남도,김해시,진영읍 본산1로56번길 66-18,35.3138658,128.7540353
삼계부분정비,경상남도,김해시,김해대로 1798(삼계동),35.2654064,128.8625281
헬로모터스,경상남도,김해시,분성로 717-5(지내동),35.2324265,128.9213233
매리카부분정비,경상남도,김해시,상동면 동북로 475,35.3152039,128.9680989
토탈카센타,경상남도,김해시,분성로308번길 9-1,35.2325487,128.8803039
거북타이어부분정비,경상남도,김해시,진례면 서부로 399,35.2666244,128.7535763
풍성자동차정비,경상남도,김해시,삼안로8번길 15-12(지내동),35.2304951,128.9200079
타이어테크 내외점,경상남도,김해시,금관대로 1283(내동),35.2393274,128.860283
한국지엠김해바로서비스,경상남도,김해시,금관대로 1226(외동),35.2352359,128.856077
넥센타이어 김해대리점,경상남도,김해시,분성로 598(안동),35.2357945,128.9112918
대한카써비스,경상남도,김해시,김해대로2453번길 12(삼정동),35.22875,128.8952862
태광카정비랜드,경상남도,김해시,흥동로 167(흥동),35.2225525,128.866959
뉴쌍용카서비스,경상남도,김해시,김해대로2385번길 8-10(부원동),35.2276236,128.888061
칠산부분정비,경상남도,김해시,금관대로910번길 28(풍유동),35.2102818,128.8477105
금호타이어김해대리점,경상남도,김해시,가야로405번안길 13(동상동),35.242699,128.886769
코리언모터스전하점,경상남도,김해시,전하로 210(전하동),35.222978,128.8703422
이작카마스타,경상남도,김해시,생림면 생림리 1155번지 6호,35.229698,128.915912
부원카서비스,경상남도,김해시,호계로 324(부원동),35.2195174,128.8867594
아리랑정비공업사,경상남도,김해시,한림면 장방리 827-7,35.3327948,128.7851071
한솔자동차공업사,경상남도,김해시,금관대로 1200(외동),35.2336717,128.8538813
보람카정비,경상남도,김해시,흥동로 89(흥동),35.2220374,128.8587511
쌍용자동차 김해서비스프라자,경상남도,김해시,금관대로 1360(내동),35.243872,128.8666725
JC AUTO SHOP,경상남도,김해시,금관대로1313번길 1(내동),35.2410812,128.8624531
드림카정비,경상남도,김해시,금관대로 1202(외동),35.2339142,128.8541926
장유점기아오토큐,경상남도,김해시,장유로301번길 22-8,35.2013954,128.8155602
대영카,경상남도,김해시,분성로 694(지내동),35.2344882,128.9206637
애니카랜드장유점,경상남도,김해시,내덕로 54(내덕동),35.2055617,128.8143622
대현전문정비,경상남도,김해시,생림면 나전로 73,35.2936755,128.8714738
대흥카클리닉,경상남도,김해시,칠산로459번길 17,35.2121792,128.8515395
천지모터스,경상남도,김해시,함박로 18(외동),35.2332538,128.8559767
동강부분정비공업사,전라남도,고흥군,동강면 원유둔1길 28-9,34.7814694,127.3343422
현대카센터,전라남도,고흥군,도양읍 녹동중앙길 21,34.5270062,127.138873
조은카크린,전라남도,고흥군,고흥읍 학교길 6,34.6068323,127.2948782
블루핸즈,전라남도,고흥군,도양읍 천마로 114,34.5295166,127.1401211
새한카센터,전라남도,고흥군,고흥읍 봉동주공길 43,34.6054791,127.2918017
신흥자동차정비,전라남도,고흥군,도양읍 녹동신항2길 28,34.5249432,127.1436369
녹동도덕카센타,전라남도,고흥군,도양읍 녹동신항3길 30,34.5253845,127.1442326
OK타이어뱅크,전라남도,고흥군,도양읍 녹동신항2길 29,34.5252307,127.144167
옥천자동차3급공업사,전라북도,순창군,순창읍 담순로 1340,35.3795243,127.1426113
대신상사,전라북도,순창군,순창읍 담순로 1421,35.3775362,127.1509773
타이어프로 순창점,전라북도,순창군,순창읍 교성로 58,35.3705521,127.1369079
금호공업사,전라북도,순창군,순창읍 유등로 14,35.3711394,127.1506043
성우자동차정비공업사,경상북도,경주시,건천읍 내서로 1147,35.847153,129.1056271
금호자동차정비,경상북도,경주시,안강읍 안강중앙로 147,35.9935708,129.2163615
금장자동차정비공장,경상북도,경주시,현곡면 용담로 181,35.8671642,129.2024312
신경주현대자동차정비,경상북도,경주시,대경로 4434(광명동),35.8187774,129.1505901
건천자동차정비,경상북도,경주시,건천읍 단석로 1972,35.8468842,129.0991169
현대정비,경상북도,경주시,강동면 단구안계길 12-3,36.0553758,129.2427165
국제소형자동차정비,경상북도,경주시,현곡면 안현로 284,35.888208,129.2190346
통일운수정비공업사,경상북도,경주시,원효로 202(인왕동),35.84151,129.2228063
육일자동차정비공업사,경상북도,경주시,안강읍 부곡길 56,35.9893971,129.2048873
명진자동차정비공장,경상북도,경주시,강동면 산업로 5551-9,35.9715521,129.2469185
제일자동차정비공업사,경상북도,경주시,충효4길 10-3(충효동),35.843643,129.1828297
유일모터스 정비공장,경상북도,경주시,알마을길 45-1(충효동),35.8392762,129.1645722
제이제이모터스종합정비,경상북도,경주시,유림로13번길 113(황성동),35.8788712,129.2214257
냉천자동차정비공업사,경상북도,경주시,외동읍 냉천공단길 97-26,35.7058835,129.2969233
양북자동차정비공업사,경상북도,경주시,양북면 감은로 22,35.7932983,129.4394889
현대자동차그린서비스동천점,경상북도,경주시,백률로57번길 6-7(동천동),35.8573134,129.2263782
월성자동차정비공업사,경상북도,경주시,탈해로 49(동천동),35.8506256,129.2290197
모화서라벌정비공업사,경상북도,경주시,외동읍 산업로 1752,35.67138,129.3363501
(주)대한일급정비,경상북도,경주시,외동읍 영지로 13,35.7160667,129.2999473
북부자동차정비공업사,경상북도,경주시,안강읍 안현로 1903,36.0250851,129.226875
삼성종합자동차정비공업사,경상북도,경주시,"건천읍 용명공단길 11, B동",35.8519088,129.1018147
경주종합정비,경상북도,경주시,천북면 천북로 200-3,35.898029,129.253989
안강1급자동차종합정비,경상북도,경주시,안강읍 호국로 2626,35.9970769,129.1975924
강동1급자동차정비,경상북도,경주시,강동면 천강로 1081,35.978169,129.2860374
광우1급종합공업사,경상북도,경주시,조양탑리1길 11(조양동),35.7854107,129.2777421
월성자동차정비공장,경상북도,경주시,안강읍 안강중앙로 261,35.9919058,129.2288018
경주현대서비스(주),경상북도,경주시,공단로 45(황성동),35.8745542,129.2191621
불국자동차정비공업사,경상북도,경주시,산업로 3003(시래동),35.7746346,129.2999468
(주)신라자동차정비공장,경상북도,경주시,태종로 293(충효동),35.8397126,129.16466
협성자동차종합정비공업사,경상북도,경주시,공단로 77(황성동),35.873145,129.2219934
우신종합자동차정비공장,경상북도,경주시,외외1길 166(충효동),35.8338169,129.1628191
FMC타이어,경상남도,김해시,진영읍 장등1로 47,35.3143285,128.7399209
조이카셀프서비스,경상남도,김해시,구산로5번길 49-55(구산동),35.2522216,128.8682378
미주타이어,경상남도,김해시,진영읍 김해대로 123,35.2987277,128.7083174
(주)아이언모터스 김해,경상남도,김해시,김해대로 2427(부원동),35.2276651,128.8923431
캠핑메이커,경상남도,김해시,본산로 219번길 20-24,35.3177916,128.7514731
윤모터스,경상남도,김해시,진례면 고모로324번길 170,35.2473313,128.7806526
김해오토미션,경상남도,김해시,전하로49번길 8-24(흥동),35.2212984,128.8549747
윤모터스,경상남도,김해시,진영읍 진영로 89-1,35.3041313,128.7231147
명성전문정비,경상남도,김해시,김해대로2324번길 65-10(봉황동),35.2233346,128.8759864
LS모터스,경상남도,김해시,가야로 508(동상동),35.2367809,128.8888154
MBA파크,경상남도,김해시,흥동로 180(흥동),35.2223878,128.8681986
타이어프로 활천점,경상남도,김해시,분성로 413-1(동상동),35.235045,128.891127
보쉬카서비스(주촌점),경상남도,김해시,주촌면 천곡로155번길 2,35.2273314,128.8446466
퍼스트 모터스,경상남도,김해시,진례면 고모로 441,35.2635163,128.7746785
동해원동기,경상남도,김해시,주촌면 서부로1409번길 22,35.2252218,128.8185047
순창자동차1급공업사,전라북도,순창군,순창읍 강천로 19-6,35.3705656,127.1135847
형제자동차1급정비공업사,전라북도,순창군,인계면 인덕로 159,35.4060357,127.1402384
대성자동차1급정비공업사,전라북도,순창군,순창읍 담순로 1476,35.3779342,127.1569562
한국자동차정비공업사,전라북도,순창군,순창읍 장류로 325,35.3771041,127.1378504
석동암카센타,전라북도,순창군,쌍치면 쌍계로 82,35.5004271,127.0068524
하나로카센타,전라북도,순창군,순창읍 옥천로 63-1,35.3783934,127.1410388
현대자동차A/S순창점,전라북도,순창군,순창읍 장류로 330-1,35.3767782,127.1382913
기아자동차카클리닉,전라북도,순창군,순창읍 순창로 268,35.3790097,127.1441324
광주카클리닉,전라북도,순창군,순창읍 양지길 51,35.3722165,127.1476731
태풍카센타,전라북도,순창군,풍산면 곡순로 2728,35.3201543,127.1416069
O.K 카센타,전라북도,순창군,동계면 동계로 73,35.4399472,127.2455478
시몬카자동차공업사,전라북도,순창군,복흥면 가인로 31,35.4334819,126.9329825
만능카센타,전라북도,순창군,동계면 동계로 4-8,35.439967,127.2380687
영화1급자동차공업사,전라북도,순창군,순창읍 옥천로 215-10,35.3917144,127.1389667
장학건설기계공업사,전라북도,순창군,순창읍 담순로 1512,35.3793362,127.1605258
카오아시스,경상남도,김해시,분성로517번길 36(어방동),35.2381469,128.9039952
오척신프로카,경상남도,김해시,진영읍 하계로138번길 108,35.2797163,128.7255219
굿타이어,경상남도,김해시,진영읍 진영로 458,35.2958973,128.7614212
타이어프로 구산점,경상남도,김해시,김해대로 1960(구산동),35.2520459,128.8674311
김해한들모터스,경상남도,김해시,칠산로179번길 230(화목동),35.204412,128.8502609
명동정비,경상남도,김해시,한림면 김해대로 1131,35.2961735,128.8065758
RPM모터스,경상남도,김해시,분성로 377(동상동),35.2344688,128.8873381
화창카정비,경상남도,김해시,한림면 김해대로927번길 19,35.2942152,128.7833129
디씨모터스,경상남도,김해시,내덕로 58-1(내덕동),35.205809,128.8148992
유승모터스,경상남도,김해시,내덕로 114(내덕동),35.206731,128.8204042
현대자동차 봉황점,경상남도,김해시,김해대로2272번안길 35(봉황동),35.2236879,128.8789876
SJ MOTORS,경상남도,김해시,대동면 대동로 129,35.2292667,128.9364424
유로모터스,경상남도,김해시,가야로 460(동상동),35.2399938,128.8852514
으뜸모터스,경상남도,김해시,생림면 생림대로 570,35.3171916,128.867716
성심카정비,경상남도,김해시,한림면 한림로 483,35.3279138,128.7971398
S테크니션,경상남도,김해시,인제로 95-1(어방동),35.2371146,128.9041272
타이어 아울렛 김해점,경상남도,김해시,김해대로 2709(지내동),35.2285147,128.9232033
대진밧데리,경상남도,김해시,진영읍 진영로 247,35.3023575,128.7400702
몬스터타이어 장유점,경상남도,김해시,장유로 454(신문동),35.1872896,128.8222042
와우정비,경상남도,김해시,주촌면 골든루트로 77-1,35.212859,128.8290863
반석카,경상남도,김해시,금관대로1277번길 5(내동),35.2391886,128.8592461
근모터스,경상남도,김해시,관동로 168(관동동),35.1796286,128.8207169
착한타이어,경상남도,김해시,계동로 129(대청동),35.1876307,128.7927332
카스토어,경상남도,김해시,율하3로8번길 8-5(율하동),35.1693944,128.8129227
ONE 모터스,경상남도,김해시,관동로 60(관동동),35.1772183,128.8098649
세븐타이어&카정비,경상남도,김해시,김해대로 2633(안동),35.2293258,128.9148224
르노삼성자동차지정정비코너율하점(주),경상남도,김해시,율하2로 274(관동동),35.1782484,128.8208078
형제정비,경상남도,김해시,진영읍 서부로 54,35.2911562,128.7626714
뉴월드카클리닉,경상남도,김해시,활천로 237번길 1,35.2426716,128.9050948
오토랜드 외동점,경상남도,김해시,금관대로 1144(외동),35.2298378,128.8502912
블루모터스,경상남도,김해시,삼계로69번길 13(삼계동),35.2595366,128.8726813
대안모터스정비,경상남도,김해시,진영읍 장등로122번길 79-3,35.3122454,128.729583
수남자동차정비,경상남도,김해시,율하2로222번길 43(율하동),35.1738574,128.8210524
타이어랜드,경상남도,김해시,율하3로7번길 52(율하동),35.1691843,128.8112966
티스테이션 진영점,경상남도,김해시,진영읍 김해대로 248,35.3063994,128.7171037
SM 모터스,경상남도,김해시,대청로210번길 12-27(대청동),35.1926154,128.7969011
진영오토밋션,경상남도,김해시,진영읍 진산대로201번길 48,35.3186711,128.7248618
진례점 현대자동차,경상남도,김해시,진례면 고모로 47,35.2324165,128.7680898
다가스 모터스,경상남도,김해시,김해대로 2629(안동),35.2291201,128.9144329
바른카센타,경상남도,김해시,진례면 고모로 11,35.2291328,128.7675102
이례정비,경상남도,김해시,칠산로 191(이동),35.1898628,128.8431049
준영카정비,경상남도,김해시,칠산로 275(화목동),35.1976218,128.8471617
스피드메이트동김해점,경상남도,김해시,김해대로 2433(부원동),35.2276634,128.8929499
다이손,경상남도,김해시,칠산로 455(흥동),35.2124163,128.852967
성일타이어,경상남도,김해시,서부로 1154(부곡동),35.2199455,128.7925361
덱스크루 김해점,경상남도,김해시,내덕로7번길 9-1(무계동),35.2056322,128.8086814
코오롱글로벌(주) 김해서비스센터,경상남도,김해시,김해대로2324번길 40-31(봉황동),35.2255516,128.8787963
LEGEND RACING,경상남도,김해시,율하2로236번길 47(율하동),35.175841,128.8213705
게리지1,경상남도,김해시,장유로116번길 14(부곡동),35.2114931,128.7993726
한진자동차전문정비서비스,경상남도,김해시,구산로42번길 15(구산동),35.2470746,128.8731473
k카클리닉,경상남도,김해시,김해대로2463번길 6(삼정동),35.2284859,128.8963476
JDR모터스,경상남도,김해시,진영읍 진영로 457,35.2967776,128.7617469
뉴자동차마을,경상남도,김해시,진영읍 진영로 94,35.3036713,128.72352
POWERFUL MOTORS,경상남도,김해시,진례면 고모로 58-6,35.2330936,128.7686263
착한정비,경상남도,김해시,주촌면 서부로1637번길 312,35.2563548,128.8208171
르노코리아자동서비스 장유점,경상남도,김해시,삼문로59번길 7-1(삼문동),35.1943265,128.8066098
자동차껍데기,경상남도,김해시,호계로 531(동상동),35.238122,128.8841787
대종카정비,경상남도,김해시,전하로 187-1(흥동),35.2222142,128.8681393
도은모터스,경상남도,김해시,진영읍 본산1로 67,35.3134371,128.7468032
깽스모터스,경상남도,김해시,구산로42번길 4(구산동),35.2482055,128.8729209
타이어프로 장유점,경상남도,김해시,대청로 58-11(관동동),35.1807669,128.8001788
(주)그랜드타이어 김해지점,경상남도,김해시,인제로 43(어방동),35.2324048,128.904802
보쉬카 진영점,경상남도,김해시,진영읍 진산대로54번길 3,35.3109486,128.7270109
타이어프로 동상점,경상남도,김해시,가야로 442(동상동),35.241297,128.8838097
한국타이어 진례IC 판매,경상남도,김해시,진영읍 서부로346번길 66,35.2690444,128.7559789
프라임 게러지,경상남도,김해시,분성로557번길 28-11(어방동),35.2384642,128.9069955
수리카튜닝,경상남도,김해시,금관대로 745(내덕동),35.2064727,128.8294888
신도시카센타,경상남도,김해시,진영읍 김해대로 584,35.3047793,128.7520053
타이어테크 진영점,경상남도,김해시,진영읍 김해대로 430,35.3058143,128.7369637
한림전문정비,경상남도,김해시,한림면 한림로 348,35.3186148,128.8025941
카투유,경상남도,김해시,대청로104번길 81(대청동),35.1885682,128.8058152
한림타이어종합백화점,경상남도,김해시,한림면 김해대로 1537,35.2760271,128.8396458
뉴大발타이어,경상남도,김해시,삼계로69번길 26(삼계동),35.2605681,128.8729373
주식회사 세창,경상남도,김해시,칠산로 371(화목동),35.2051487,128.8518207
국민타이어판매 서김해점,경상남도,김해시,금관대로 1013(풍유동),35.2185695,128.8466488
새차만들기,경상남도,김해시,진영읍 하계로 212-1,35.2862176,128.7259597
혜광오토미션,경상남도,김해시,해반천로 50-1(구산동),35.2532441,128.8710274
카젠 율하점,경상남도,김해시,덕정로186번길 18-2(관동동),35.176524,128.8016785
Do Motors(디오 모터스),경상남도,김해시,인제로65번길 20(어방동),35.2344744,128.9025603
MJ모터스,경상남도,김해시,분성로 730(지내동),35.2309902,128.9206878
지내점 기아오토규(주),경상남도,김해시,김해대로 2719(지내동),35.2278461,128.9239334
주식회사 지엔비,경상남도,김해시,한림면 김해대로 1558-37,35.2734775,128.8426203
한국타이어 삼계점,경상남도,김해시,김해대로 1888(삼계동),35.2578971,128.8650936
신우모터스,경상남도,김해시,내덕로86번길 18-21(내덕동),35.2051632,128.8173878
스피트메이트 이마트김해점,경상남도,김해시,전하로304번길 24(외동),35.2310871,128.8712214
만도정비,경상남도,김해시,활천로36번길 77(삼정동),35.2348128,128.9000667
원탑모터스,경상남도,김해시,칠산로 181(이동),35.191193,128.8404697
스피드메이트 장유제일점,경상남도,김해시,장유로 117(부곡동),35.2111712,128.8011293
한국타이어 진영총판,경상남도,김해시,진영읍 김해대로835번길 2,35.2954058,128.7760225
백두산정비,경상남도,김해시,대동면 대동로 567,35.2446096,128.9765533
행복카 클리닉,경상남도,김해시,인제로65번길 20(어방동),35.2344744,128.9025603
내동모터스,경상남도,김해시,금관대로 1337(내동),35.2421291,128.8645339
모아커먼레일,경상남도,김해시,칠산로179번길 82(이동),35.1942475,128.841087
프로정비,경상남도,김해시,칠산로223번길 8(이동),35.1945583,128.8431487
카123테크 반가운 김해점,경상남도,김해시,한림면 김해대로 977-1,35.2924115,128.7903659
WOW MOTORS,경상남도,김해시,칠산로223번길 2(이동),35.1942289,128.8436242
평화1급종합정비,경상북도,경주시,"유림로5번길 35, 103동(황성동)",35.8755185,129.2150656
대아종합정비,경상북도,경주시,공단로 35(황성동),35.874954,129.2183747
대형특장종합정비,경상북도,경주시,공단로57번길 9(황성동),35.8745323,129.2200617
현곡자동차정비공업사,경상북도,경주시,현곡면 용담로 583-19,35.8897071,129.1686863
㈜황금자동차정비,경상북도,경주시,알천남로 300(구황동),35.843185,129.2307453
(주)스마일일급정비,경상북도,경주시,천북면 신당대밑길 59,35.8898903,129.2415997
(주) 경주현대상용서비스,경상북도,경주시,태종로 266-3(충효동),35.837043,129.1647591
두성자동차정비공장,경상북도,경주시,유림로13번길 156(용강동),35.8777633,129.2254637
경북특장차,경상북도,경주시,안강읍 새안현로 1276,35.9801548,129.1412988
(주) 경주현대상용서비스,경상북도,경주시,태종로 276-7(충효동),35.837686,129.1652278
코스탑1급자동차종합정비,경상북도,경주시,외동읍 문구로 116,35.6880745,129.3159843
그린1급종합검사정비,경상북도,경주시,외동읍 문구로 32,35.6820472,129.3123654
신일모터스,경상북도,경주시,용황로11길 26-11(용강동),35.8839022,129.230467
외동정비사업소,경상북도,경주시,외동읍 내외로 362,35.7098191,129.2928568
그린자동차정비,경상북도,경주시,안강읍 안현로 1370,35.9778915,129.2279446
현대종합정비공업사,경상북도,경주시,공단로 12(황성동),35.875846,129.215417
양남종합자동차정비공장,경상북도,경주시,양남면 동해안로 611-1,35.6970971,129.4720271
대아종합정비(외동점),경상북도,경주시,외동읍 모화북1길 9-11,35.6788941,129.3340764
두성종합자동차정비공업사,경상북도,경주시,유림로13번길 156(용강동),35.8777633,129.2254637
신창자동차전문정비,경상남도,창원시,마산합포구 월영동4길 17(해운동),35.1792524,128.561483
수 모터스,경상남도,양산시,물금읍 가촌리 693-4,35.3219651,128.9945445
수성모터스,경상남도,양산시,동면 금산리 1408-1,35.3137586,129.0222818
쉐보레양산바로서비스,경상남도,양산시,북부동 698-12,35.3486581,129.0378853
스마일,경상남도,양산시,상북면 석계리 238-11,35.4152998,129.0582051
스마일타이어,경상남도,양산시,물금읍 가촌리 712-1,35.3228647,128.9933699
스카니아코리아서울 주식회사,경상남도,양산시,북정동 142-8,35.3674422,129.0486763
스타모터스,경상남도,양산시,교동 236-9,35.3441,129.0270699
스타오토카,경상남도,양산시,덕계동 805-8,35.3645433,129.1474179
스프린트경정비,경상남도,양산시,상북면 소토리 110-2,35.3854452,129.056833
스피드메이트 남양산IC점,경상남도,양산시,동면 석산리 962-10,35.3183565,129.0303479
스피드메이트 천마점,경상남도,양산시,덕계동 737-7,35.3718237,129.1508499
스피드메이트 트레이더스 양산점,경상남도,양산시,평산동 96,35.3822849,129.1527963
스피드메이트웅상점,경상남도,양산시,명동 1029-11,35.4076534,129.1646528
스피트메이드 이마트양산점,경상남도,양산시,중부동 705,35.336857,129.0263823
승진1급종합정비,경상남도,양산시,상북면 소토리 455-2,35.3789534,129.0487969
신도상사,경상남도,양산시,상북면 대석리 689-1,35.3951088,129.0517766
신물금점 기아오토큐,경상남도,양산시,물금읍 가촌리 1251-3,35.3207033,128.9980828
신양산카클리닉,경상남도,양산시,북부동 148-41,35.3487095,129.0404756
신양주 토탈카,경상남도,양산시,다방동 460-1,35.332608,129.0400418
신양주카써비스,경상남도,양산시,다방동 460-1,35.332608,129.0400418
신영자동차정비,경상남도,양산시,소주동 42-7,35.4137705,129.1642727
심상철자동차정비,경상남도,양산시,평산동 98-3,35.3823717,129.1546347
쌍용그린정비,경상남도,양산시,북부동 686-13,35.3499447,129.0403488
쌍용자동차 양산서비스 프라자,경상남도,양산시,남부동 473-11,35.3351861,129.0384339
쌍용자동차 양산정비사업소(주),경상남도,양산시,덕계동 86-3,35.3693107,129.1618018
쌍용자동차 웅상 서비스프라자,경상남도,양산시,덕계동 671,35.3711521,129.1500618
쌍용카랜드,경상남도,양산시,북정동 890-3,35.3587824,129.0425849
쓰리탑타이어,경상남도,양산시,덕계동 729-4,35.3731136,129.1520529
씽씽카정비,경상남도,양산시,용당동 931-3,35.42984,129.1804873
아이엠모터스,경상남도,양산시,소주동 376,35.4082064,129.1565326
아이원모터스 주식회사,경상남도,양산시,동면 석산리 1097,35.3247031,129.032388
아지트 씨제이 엠,경상남도,양산시,하북면 순지리 829-6,35.4926404,129.0897378
아진3급정비,경상남도,양산시,평산동 88-7,35.3820557,129.1504817
안전카,경상남도,양산시,하북면 용연리 904-2,35.4387863,129.0719477
알에스레이싱,경상남도,양산시,어곡동 1651-3,35.3967266,129.0060127
애니카랜드 덕계점,경상남도,양산시,덕계동 870,35.37763,129.1539999
애니카랜드 물금점,경상남도,양산시,물금읍 범어리 2776-6,35.3165976,129.0102017
애니카랜드 중부점,경상남도,양산시,중부동 405-18,35.3422185,129.0341287
애니카랜드웅상점,경상남도,양산시,삼호동 450-2,35.4191101,129.1759869
액티브양산종합검사정비,경상남도,양산시,평산동 51-39,35.3851705,129.152401
양산 남부점,경상남도,양산시,남부동 463-5,35.338218,129.0384581
양산 혜광 오토,경상남도,양산시,남부동 872-14,35.3328597,129.0352262
양산DS종합정비공업사,경상남도,양산시,동면 석산리 131-4,35.3302235,129.0395215
양산마스타정비공업사,경상남도,양산시,북정동 4-4,35.3695289,129.0521195
양산보링,경상남도,양산시,상북면 소토리 435-6,35.3782623,129.0536124
양산오토밋션,경상남도,양산시,남부동 463-2,35.3383777,129.0377768
양산종합정비공장,경상남도,양산시,물금읍 가촌리 141,35.3207087,128.9957763
양산중부 현대서비스,경상남도,양산시,어곡동 408-2,35.3765391,129.0260289
양산카마스타,경상남도,양산시,남부동 147,35.3393172,129.0394059
양산카서비스,경상남도,양산시,남부동 463-7,35.3380411,129.038212
양산타이어백화점,경상남도,양산시,명동 389,35.3980194,129.1701615
양주정비,경상남도,양산시,용당동 15,35.4317926,129.1885154
어곡공단카,경상남도,양산시,어곡동 177-1,35.3742015,129.0273019
어곡카센터,경상남도,양산시,어곡동 411,35.3772098,129.025822
에스에스상사,경상남도,양산시,남부동 468-10,35.3370148,129.0364069
에스엠(SM)모터스,경상남도,양산시,동면 석산리 678-7,35.316755,129.0292623
그레이트모빌,경상남도,함안군,산인면 산인로 279,35.2708547,128.4646963
션킴모터스,경상남도,함안군,칠서면 칠성로 255,35.3719516,128.4982642
기아오토큐 산서점,경상남도,함안군,가야읍 함안대로 780,35.2954682,128.3991969
칠원정비보링,경상남도,함안군,칠원읍 용산2길 113-1,35.3120539,128.5132535
옥천자동차공업사,전라남도,해남군,옥천면 해남로 566,34.5817156,126.6482939
한국지엠해남서비스센터(주),전라남도,해남군,옥천면 해남로 602,34.5849866,126.6484858
장공업사,전라남도,해남군,해남읍 읍관동길 15,34.5790431,126.5864488
현대자동차공업사,전라남도,해남군,해남읍 남부순환로 343,34.5782062,126.5820193
(유)제일종합자동차공업사,전라남도,해남군,해남읍 법원길 35,34.5737217,126.5908334
대일자동차정비공업사,전라남도,해남군,해남읍 땅끝대로 77-37,34.5594886,126.5870573
1급오성종합자동차정비공업사,전라남도,해남군,북평면 현산북평로 1142,34.4083663,126.6243667
우수영1급자동차공업사,전라남도,해남군,문내면 동영길 13,34.596528,126.3131247
우리카전문정비공업사,전라남도,해남군,해남읍 명량로 3005,34.5811317,126.5811987
정민카전문정비공업사,전라남도,해남군,화원면 신덕호길 30,34.6641275,126.3273649
명성카부분정비공업사,전라남도,해남군,해남읍 남부길 69,34.571953,126.5910675
우수영카부분정비공업사,전라남도,해남군,문내면 명량로 191,34.5955312,126.3143546
천우자동차부분정비공업사,전라남도,해남군,해남읍 남부순환로 290,34.5754861,126.5869801
영구자동차부분정비공업사,전라남도,해남군,문내면 명량로 137,34.5908599,126.3123971
명성자동차부분정비공업사,전라남도,해남군,황산면 명량로 1475,34.574458,126.4331227
좋은카전문정비공업사,전라남도,해남군,해남읍 명량로 2997,34.5812529,126.5800838
신일부분정비공업사,전라남도,해남군,해남읍 명량로 2988,34.5809916,126.5790674
전남자동차부분정비공업사,전라남도,해남군,북일면 백도로 862,34.4679053,126.6784531
1급낙원정비센타,전라북도,군산시,풍전4길 33-4,35.9790785,126.6773295
군산서비스기아오토큐(유),전라북도,군산시,미성로 502-2,35.9538046,126.6757936
르노코리아자동차지정정비센타군산정비,전라북도,군산시,구암로 164,35.9831993,126.7572661
(유)진포자동차공업사,전라북도,군산시,번영로 105,35.9688941,126.7323313
군옥종합정비,전라북도,군산시,옥구읍 옥구로 91,35.9202751,126.6762105
장지자동차정비,경상남도,함안군,군북면 장백로 329,35.2945316,128.3375406
오토프라임,경상남도,함안군,가야읍 가야16길 2,35.2783694,128.4126927
드림모터스,경상남도,함안군,칠서면 공단상가3길 88,35.3582212,128.4851159
한국지엠 함안지정서비스,경상남도,함안군,가야읍 성내북길 22,35.2759024,128.3983943
(주)연합진흥 칠서양평정비코너,경상남도,함안군,칠서면 계룡로 122-1,35.3709939,128.4967191
한국타이어 법수점,경상남도,함안군,법수면 법수로 559,35.3173598,128.3826421
금호타이어 함안대리점,경상남도,함안군,가야읍 하검길 14,35.2788973,128.4186858
경남카센타,경상남도,함안군,칠원읍 오곡로 59,35.2770615,128.5241882
부광정비,경상남도,함안군,산인면 신산로 117,35.2701372,128.4787111
애니카랜드 함안점,경상남도,함안군,가야읍 함마대로 1532,35.2773215,128.4012895
365군북점,경상남도,함안군,군북면 방어산로 623,35.2838256,128.3119188
TTS가야점,경상남도,함안군,가야읍 함안대로 602-1,35.2797079,128.4035787
동남카센터,경상남도,함안군,군북면 함안산단1길 26-22,35.2918438,128.3130353
함안제일대형전문정비,경상남도,함안군,가야읍 삼봉로 521-12,35.2924989,128.3910959
삼성커먼레일,경상남도,함안군,산인면 신산로 159-13,35.2673177,128.483216
카 커맨드 센터,경상남도,함안군,칠서면 유성로 18,35.3221998,128.5111332
쌍둥이중고휠타이어손세차,경상남도,함안군,가야읍 가야16길 11,35.2781191,128.4130996
군북정비,경상남도,함안군,군북면 중암3길 27-13,35.2659254,128.3426861
이룸정비,경상남도,함안군,군북면 장백로 378,35.2983563,128.3356928
굿타이어,경상남도,함안군,가야읍 말산로 95,35.2750157,128.4169449
착한가게/배터리119,경상남도,함안군,칠원읍 삼칠로 133,35.3080661,128.5193066
달구지,경상남도,함안군,칠북면 삼칠로 2046,35.3488042,128.5204151
현대자동차 블루핸즈 삼칠점,경상남도,함안군,칠서면 삼칠로 233,35.3145972,128.5118496
KS모터스,경상남도,함안군,칠원읍 경남대로 1777,35.2976598,128.5335824
1등타이어 칠서점,경상남도,함안군,칠서면 삼칠로 316,35.3208159,128.509907
대성카,경상남도,함안군,칠원읍 용산2길 69,35.3100159,128.515441
한일정비,경상남도,함안군,법수면 법수로 359,35.3112555,128.364466
대산종합카센타,경상남도,함안군,대산면 대산중앙로 173,35.3497483,128.4309946
고속카마스타,경상남도,함안군,가야읍 산서1길 17,35.2917329,128.4009064
낙동카써비스,경상남도,함안군,칠서면 삼칠로 1165-13,35.3843213,128.488645
가아점 기아오토큐,경상남도,함안군,가야읍 말산로 104,35.2745586,128.4178085
한국카센타,경상남도,함안군,칠원읍 경남대로 1540-12,35.2770014,128.5312542
제영카부분정비업,경상남도,함안군,칠서면 삼칠로 280,35.3176671,128.5093858
신지카서비스,경상남도,함안군,칠서면 유성로 248,35.3391703,128.5077628
낙동정비공업사,경상남도,함안군,칠북면 칠북로 25,35.3465248,128.5210012
털보자동차정비,경상남도,함안군,법수면 함안대로 1045,35.3185159,128.3909578
동영카자동차정비,경상남도,함안군,칠서면 공단상가3길 15,35.3613987,128.4847353
금강카써비스,경상남도,함안군,가야읍 중앙본길 37-14,35.2728357,128.4089543
함안카타운,경상남도,함안군,가야읍 함마대로 1508,35.2755962,128.4004639
칠원점현대자동차,경상남도,함안군,칠원읍 덕산2길 32,35.3100589,128.5179834
산인카센타,경상남도,함안군,산인면 학산2길 3-44,35.2744776,128.4345834
케이지모빌리티함안서비스프라자,경상남도,함안군,가야읍 함안대로 456,35.2690456,128.4121705
동부부분정비,경상남도,함안군,칠서면 삼칠로 811,35.3584259,128.4857911
매일타이어,경상남도,함안군,군북면 장백로 330,35.29464,128.3380745
세진자동차정비,경상남도,함안군,칠원읍 삼칠로 109,35.3067471,128.5216991
칠서종합자동차정비,경상남도,함안군,칠서면 공단상가2길 74,35.3585644,128.4843968
소망정비공업사,경상남도,함안군,대산면 대산중앙로 164,35.3491721,128.4321785
세븐자동차정비,경상남도,함안군,칠서면 공단상가1길 79,35.3581989,128.4843423
스피드메이트 함안점,경상남도,함안군,가야읍 가야로 64,35.2777017,128.4081753
제일카타이어,경상남도,함안군,칠원읍 삼칠로 115,35.3069789,128.5211383
르노코리아 서비스코너 가야점,경상남도,함안군,가야읍 함안대로 492,35.2715592,128.4097346
한국타이어 함안점,경상남도,함안군,산인면 송산로 11,35.2798899,128.423889
진성칠서판매,경상남도,함안군,칠서면 공단상가1길 90,35.3577668,128.4838763
태양자동차종합정비,경상남도,함안군,칠원읍 경남대로 1823-1,35.3001175,128.5304297
칠원1급종합정비,경상남도,함안군,칠원읍 용산2길 113-1,35.3120539,128.5132535
㈜일급함안자동차정비,경상남도,함안군,가야읍 검암천북길 51,35.2769632,128.4176283
신흥1급자동차정비,경상남도,함안군,산인면 송산로 14,35.279704,128.4248274
삼칠종합정비㈜,경상남도,함안군,칠원읍 동대이길 293-1,35.3012723,128.5223258
함안제일종합정비,경상남도,함안군,가야읍 검암천북길 65,35.2775318,128.4174592
함안서비스기아오토큐㈜,경상남도,함안군,군북면 월촌로 232,35.3001557,128.2967869
일조자동차종합정비,경상남도,함안군,칠원읍 광려천북로 274-3,35.2730797,128.5277858
(주)진양모터스,경상남도,함안군,칠서면 삼칠로 541,35.3366296,128.4945131
(유)코리아자동차정비,경상남도,함안군,칠원읍 동대이길 119,35.2988554,128.5300889
1급진흥종합정비,경상남도,함안군,군북면 장백로 377,35.2984852,128.3343842
(주)대동기업,경상남도,함안군,군북면 장지4길 4,35.2907911,128.339339
한별자동차종합정비,경상남도,함안군,칠원읍 용정2길 5,35.300326,128.5044769
칠성1급종합정비,경상남도,함안군,칠원읍 삼칠로 219,35.3134674,128.5122264
모든특장,경상남도,함안군,산인면 함마대로 2338-4,35.2649447,128.4787347
문성1급종합정비,경상남도,함안군,칠원읍 용두산길 20,35.3146983,128.5092407
세종자동차정비,경상남도,함안군,칠원읍 광려천북로 246,35.2706156,128.52681
보성자동차 정비공업사,경상남도,함안군,가야읍 검암천북길 41,35.2767563,128.4175669
칠원종합정비,경상남도,함안군,칠원읍 경남대로 1775,35.2974806,128.5335865
산서정비,경상남도,함안군,가야읍 함안대로 760,35.2938657,128.3995562
뉴월드카서비스,경상남도,함안군,칠원읍 경남대로 1556,35.2788645,128.5308639
칠원자동차정비,경상남도,함안군,칠원읍 구성길 194,35.3019466,128.5248945
한국자동차정비,경상남도,함안군,가야읍 말산로 37,35.2736809,128.4109111
에스와이모터스,경상남도,양산시,명동 848-5,35.4041299,129.1641771
에이스 정비센터,경상남도,양산시,물금읍 범어리 644-5,35.3303395,129.0004674
에이스디젤수리전문점,경상남도,양산시,동면 금산리 683-2,35.3055169,129.0259941
에이스정비 석계점,경상남도,양산시,상북면 상삼리 413-7,35.4250874,129.060564
에이스정비센터,경상남도,양산시,물금읍 범어리 644-5,35.3303395,129.0004674
에이티커스텀,경상남도,양산시,평산동 77,35.3824957,129.1495809
에프원자동차정비,경상남도,양산시,북정동 237-11,35.3693945,129.0478249
엔지니,경상남도,양산시,물금읍 가촌리 550-5,35.3200715,128.9926982
엔터 모터스,경상남도,양산시,북부동 107-3,35.3479839,129.0478685
엠(M)모터스,경상남도,양산시,삼호동 988-3,35.4119786,129.1681698
열린카서비스,경상남도,양산시,북정동 400-1,35.3655163,129.0475581
영성카,경상남도,양산시,상북면 상삼리 490-2,35.4268354,129.0579844
오성자동차정비,경상남도,양산시,평산동 31-7,35.3845045,129.1549851
오일갤러리,경상남도,양산시,다방동 470-6,35.3315243,129.0411103
타이어테크 사천점,경상남도,사천시,사천읍 수양로 88-1,35.0865241,128.0931188
케이지 모빌리티 사천서비스프라자,경상남도,사천시,정동면 진삼로 1268,35.066226,128.0793852
타이어마스터,경상남도,사천시,한내로32(선구동),34.9351541,128.0760178
지원카정비,경상남도,사천시,사천읍 구암두문로 133,35.0904591,128.1000769
올타이어 곤양점,경상남도,사천시,곤양면 남산로81,35.057063,127.9647224
에스엠티 자동차병원,경상남도,사천시,사남면 사천대로1616-10,35.0624704,128.074276
수석자동차부분정비,경상남도,사천시,사천읍 진삼로 1497,35.0850372,128.0854934
사천점현대자동차,경상남도,사천시,사천읍 동문1길 87,35.0855282,128.0966841
대성카,경상남도,사천시,남일로 99,34.9320131,128.0873019
정보카,경상남도,사천시,사천읍 옥산로 83,35.0797514,128.0921875
정우1급종합정비,경상남도,사천시,삼천포대교로 650 (좌룡동),34.9554841,128.0756938
정현정비,경상남도,사천시,정동면 진삼로 1344,35.0721247,128.0816492
제일자동차부분정비,경상남도,사천시,남일로 57 (동금동),34.9326962,128.0828654
중동카서비스,경상남도,사천시,서포면 서포로 316,35.0101887,127.9750627
중앙자동차1급정비,경상남도,사천시,삼상로 164(향촌동),34.9390214,128.0927966
중앙카정비,경상남도,사천시,사남면 월성1길 52,35.0639442,128.0772965
진삼자동차전문정비,경상남도,사천시,사천읍 토촌길6-130,35.0935627,128.1006639
진우종합부분정비,경상남도,사천시,진삼로 179 (송포동),34.97263,128.0618733
창신카닥터,경상남도,사천시,사천읍 두량로 29,35.0921687,128.0985512
친절자동차부분정비,경상남도,사천시,삼상로 112(향촌동),34.9380827,128.0872238
카-페24시,경상남도,사천시,삼상로 95(벌리동),34.9379203,128.0853495
타이어서부센터,경상남도,사천시,사천읍 옥산로6,35.0798725,128.0837095
타이어테크 사천공항점,경상남도,사천시,사천읍 사천대로1908,35.0867184,128.0849825
타이어프로 사천공항점,경상남도,사천시,사천읍 동문로 105-1,35.0875243,128.0968861
파워모터스,경상남도,사천시,남일로 68(동금동),34.9320153,128.0838423
퍼펙트자동차부분정비,경상남도,사천시,주공1길 65 (벌리동),34.9402341,128.0870991
평화종합정비,경상남도,사천시,곤양면 구고속도로 1636,35.0530174,127.9591995
프로미월드김박사카,경상남도,사천시,사천읍 항공로 32-7,35.0810299,128.0796024
뉴하이모터스,경상남도,사천시,남일로 304 (향촌동),34.9294459,128.1081868
한국지엠사천바로서비스,경상남도,사천시,사천읍 진삼로 1519,35.0869865,128.0852779
한국지엠삼천포바로서비스,경상남도,사천시,주공로 117 (용강동),34.9454238,128.0827759
한국타이어 오토박스 자동차병원,경상남도,사천시,사남면 사천대로 1648,35.0656297,128.0748147
합동카부분정비,경상남도,사천시,사천읍 옥산로 63-1,35.0799521,128.0899593
해성카부분정비,경상남도,사천시,남일로 111 (향촌동),34.9318754,128.0886939
향촌점 기아 오토큐,경상남도,사천시,남일로 135 (향촌동),34.9315966,128.0914377
현대자동차부분정비,경상남도,사천시,사천읍 구암두문로 95,35.0896382,128.0962759
현대종합정비,경상남도,사천시,사천읍 구암두문로154-32,35.08783,128.1034545
스피드메이트사천점,경상남도,사천시,사천읍 사천대로 1801,35.0774079,128.0819515
시원카센터,경상남도,사천시,사천읍 항공로 21,35.0797773,128.0807018
신명카세차장,경상남도,사천시,서포면 서포로 290,35.0083194,127.9759724
신세계종합1급정비공장,경상남도,사천시,하궁지길73,34.9329929,128.1136475
신진부분정비공업사,경상남도,사천시,숲뫼길 85-8 (향촌동),34.9360499,128.0868671
신항점 현대블루핸즈,경상남도,사천시,신항로 53(동금동),34.9325693,128.0845445
애니카랜드(사천점),경상남도,사천시,사천읍 두량로 6,35.0902767,128.0982042
에스엠티 자동차병원,경상남도,사천시,사남면 사천대로1616-10,35.0624704,128.074276
오토오아시스 홈플러스 삼천포점,경상남도,사천시,중앙로 165(벌리동),34.9404685,128.0799562
완사 제일 카센타,경상남도,사천시,곤명면 곤수로 46,35.131802,127.972358
용강점 현대자동차,경상남도,사천시,주공로 103 (용강동),34.9451831,128.084314
용현자동차병원,경상남도,사천시,용현면 진삼로 613,35.0112178,128.0618271
유림정비,경상남도,사천시,삼상로 178 (향촌동),34.9394543,128.0944128
유성모터스,경상남도,사천시,사천읍 동문로 94,35.0863902,128.0974527
이지모터스,경상남도,사천시,사천읍 옥산로 85,35.0795629,128.0923236
자동차를 사랑하는사람 삼천포점,경상남도,사천시,용강양계1길 25,34.9482716,128.0834721
정동점 현대자동차,경상남도,사천시,정동면 진삼로 1347,35.0726795,128.0816023
명성자동차부분정비,경상남도,사천시,사천읍 진삼로 1335,35.0717471,128.0807454
미래모터스,경상남도,사천시,서포면 자구로 455,35.0065349,127.9794459
보쉬 사천서비스센터 BOSCH,경상남도,사천시,사남면 공단1로 82,35.0696104,128.0663683
사천자동차종합검사소,경상남도,사천시,사천읍 구암두문로 154-42,35.0875254,128.1040977
사천점 기아오토큐,경상남도,사천시,사천읍 수양로 79,35.0864793,128.0918573
삼신자동차부분정비,경상남도,사천시,동금로 11(동금동),34.9319796,128.0774573
삼천포밧데리한국타이어,경상남도,사천시,삼천포대교로652(좌룡동),34.9554254,128.0754091
삼천포종합정비㈜,경상남도,사천시,삼천포대교로 577 (좌룡동),34.949196,128.077492
상원1급종합정비,경상남도,사천시,남일로197,34.9311125,128.0980578
서포자동차분분정비,경상남도,사천시,서포면 서포로 306,35.0094501,127.9750181
선경부분정비,경상남도,사천시,삼천포대교로 838 (송포동),34.9681594,128.062318
세진카부분정비,경상남도,사천시,정동면 진삼로1328,35.07098,128.0805291
스카이모터스,경상남도,사천시,사남면 곡성1길17,35.0614593,128.0720275
(주)한서종합정비,경상남도,사천시,삼천포대교로 926 (송포동),34.9760956,128.0599267
(합)대성종합정비,경상남도,사천시,진삼로 27 (죽림동),34.960907,128.0700311
DK카솔루션,경상남도,사천시,사남면 월성2길 57,35.061539,128.0779613
JSG차량기술,경상남도,사천시,사천읍 구암두문로 108,35.0898343,128.0975218
가야1급종합정비,경상남도,사천시,남일로 155 (향촌동),34.9308255,128.0932413
경남자동차정비,경상남도,사천시,곤양면 서삼로 59,35.059019,127.9662591
광진자동차유리총판,경상남도,사천시,사천읍 동문로 103,35.0871733,128.0969467
금강부분정비,경상남도,사천시,수남1길15(선구동),34.9291907,128.0729664
대경모터스,경상남도,사천시,사천읍 구암두문로 154-46,35.0878873,128.1051022
대경카센터,경상남도,사천시,남일로 104 (향촌동),34.9314498,128.0876843
대성카마스터,경상남도,사천시,정동면 동문로 10,35.0792424,128.0979758
대원전문정비,경상남도,사천시,사천읍 두량로 373,35.1071097,128.1200678
대일자동차부분정비,경상남도,사천시,남일로 141 (향촌동),34.9315329,128.0918533
덱스크루 사천점,경상남도,사천시,벌리3길55-4,34.9412997,128.0823718
동성자동차부분정비,경상남도,사천시,곤명면 원전새길 78,35.1119379,127.9409014
동일자동차부분정비,경상남도,사천시,용현면 진삼로 943,35.04025,128.0657743
라이프 모터스,경상남도,사천시,삼상로72(벌리동),34.9362727,128.0836032
르노코리아자동차서비스코너(수석점),경상남도,사천시,사천읍 사천대로 1878,35.0840184,128.0842984
르노코리아자동차서비스코너(정의점),경상남도,사천시,사천읍 동문로 97,35.0868226,128.0969476
매직카24시 사천점,경상남도,사천시,사천읍 사천대로 1845,35.0813602,128.0824838
오토랜드,경상남도,양산시,신기동 643-3,35.3563639,129.0379487
오토오아시스 롯데마트 웅상점,경상남도,양산시,삼호동 1011,35.4126109,129.1669633
오토오아시스 물금 신도시점,경상남도,양산시,물금읍 가촌리 1318-2,35.3155048,128.990548
오토오아시스 범어점,경상남도,양산시,물금읍 범어리 832,35.3313778,129.0019895
오토오아시스 부성점,경상남도,양산시,북정동 290-6,35.361586,129.0415307
오토오아시스 우림 상북점,경상남도,양산시,상북면 상삼리 369-2,35.4241122,129.060874
오토오아시스 친절한 양산점,경상남도,양산시,중부동 702-4,35.343047,129.031216
오토프랜드,경상남도,양산시,물금읍 가촌리 844-2,35.3215407,128.9963294
온 오토 모빌 명동점,경상남도,양산시,명동 969-3,35.3997261,129.1638274
와우모터스,경상남도,양산시,주남동 192-12,35.4345101,129.1562816
용성경정비,경상남도,양산시,동면 석산리 1037-1,35.3212942,129.0307326
용창정비,경상남도,양산시,교동 53-3,35.3549222,129.0306183
우길모터스,경상남도,양산시,주남동 50-7,35.4164309,129.1662222
우길타이어연구소,경상남도,양산시,명동 736-38,35.4041265,129.1637975
우리동네 정비사 김반장,경상남도,양산시,물금읍 가촌리 550-6,35.3199821,128.9926117
우리모터스,경상남도,양산시,북부동 484-1,35.3463873,129.0363923
우리사운드,경상남도,양산시,북정동 210-46,35.370708,129.0446911
우리카센터,경상남도,양산시,중부동 425-8,35.3422776,129.0345404
우성카부분정비,경상남도,양산시,북부동 484-11,35.3456931,129.036078
우성카정비,경상남도,양산시,덕계동 718-69,35.377703,129.1544855
우성카정비,경상남도,양산시,덕계동 718-69,35.377703,129.1544855
우영 모터스,경상남도,양산시,상북면 석계리 963-2,35.4031343,129.056185
우주오토카,경상남도,양산시,물금읍 범어리 772-23,35.3292524,129.0046457
웅상3급자동차정비,경상남도,양산시,덕계동 322,35.37691,129.1553639
윤이나카세차장,경상남도,양산시,북부동 148-65,35.3493396,129.0409563
은진자동차종합정비,경상남도,양산시,평산동 125-5,35.3802587,129.1531752
이레정비,경상남도,양산시,중부동 603-4,35.3396997,129.0358887
형제전문정비공업사,전라남도,무안군,망운면 운해로 1461,35.0145809,126.3970179
청명부분정비공업사,전라남도,무안군,운남면 운해로626,34.962014,126.3451792
무안카부분정비공업사,전라남도,무안군,무안읍 공항로 39,34.9931222,126.4776266
몽탄카부분정비공업사,전라남도,무안군,몽탄면 몽탄로 849,34.9315571,126.5033194
대성부분정비공업사,전라남도,무안군,무안읍 무안로 423,34.9832116,126.472766
동부부분정비공업사,전라남도,무안군,해제면 회안길 3,35.1083882,126.2869337
남도부분정비공업사,전라남도,무안군,해제면 현해로 1728,35.1103004,126.2903822
장미부분정비공업사,전라남도,무안군,해제면 현해로 1684-4,35.1112002,126.2948242
현경공업사,전라남도,무안군,현경면 현해로 40,35.0201973,126.416584
해태부분정비공업사,전라남도,무안군,청계면 무안로 126,34.9619152,126.4536228
문화부분정비공업사,전라남도,무안군,청계면 해안로 7,34.9076843,126.4296797
해오름부분정비공업사,전라남도,무안군,삼향읍 삼향중앙로 21,34.8469184,126.4282877
한국지엠무안지점서비스,전라남도,무안군,무안읍 무안로 478,34.9863033,126.4772742
대영부분정비공업사,전라남도,무안군,일로읍 삼일로 489,34.8507769,126.4898315
무안자동차정비공업사,전라남도,무안군,무안읍 무안중앙로 76,34.9913433,126.4715435
동방부분정비공업사,전라남도,무안군,청계면 해안로 16,34.9082883,126.4288873
한국타이어 타이어타운 무안점,전라남도,무안군,무안읍 공항로 8,34.9930938,126.4810989
현대자동차 무안점,전라남도,무안군,무안읍 공항로 27,34.9928589,126.4788253
일로부분정비공업사,전라남도,무안군,일로읍 삼일로 560,34.8532583,126.497103
합동공업사,전라남도,무안군,일로읍 인의로 641,34.8478096,126.4966534
무안부분정비공업사,전라남도,무안군,무안읍 몽탄로 5,34.9958378,126.4851509
애니카랜드 무안점 서라부분정비공업사,전라남도,무안군,무안읍 무안로 438,34.9838388,126.4742686
망운부분정비공업사,전라남도,무안군,망운면 운해로 1421,35.0132973,126.3931762
종합부분정비공업사,전라남도,무안군,해제면 현해로 1706,35.1105541,126.2928294
금호카부분정비,전라남도,무안군,무안읍 무안로 447,34.984736,126.4744793
운남카센타,전라남도,무안군,운남면 신월로 4-1,34.9602559,126.3388795
하선모터스,전라남도,무안군,삼향읍 임성로 161,34.8219543,126.4442514
(주)대하티엔에스,전라남도,무안군,삼향읍 국사로 5-5,34.8478961,126.4783076
금호타이어 무안대리점,전라남도,무안군,무안읍 무안로 632,34.9979224,126.4866167
(주)금호자동차서비스,전라남도,무안군,무안읍 무안로 630,34.9976007,126.4867821
라이프전문정비공업사,전라남도,무안군,삼향읍 남악5로34번길 1-16,34.8091621,126.4717376
경신모터스 남악점,전라남도,무안군,삼향읍 삼향로 108,34.8230774,126.4511431
삼거리부분정비공업사,전라남도,무안군,운남면 운해로 633,34.9626833,126.3458085
하선1급자동차서비스(주),전라남도,무안군,삼향읍 임성로 161,34.8219543,126.4442514
신일자동차정비공업사,전라남도,무안군,삼향읍 임성로 184,34.8228166,126.4469245
문화카부분정비,전라남도,무안군,일로읍 공원길 42,34.8484326,126.4927763
쌍용카센타,전라남도,무안군,청계면 도림길 21,34.9140379,126.4290324
경신모터스,전라남도,무안군,삼향읍 임성로 192,34.823281,126.4474985
르노삼성자동차 지정정비코너 무안점,전라남도,무안군,무안읍 무안로 438-1,34.9838095,126.4742075
한국지엠 남악지점 서비스,전라남도,무안군,삼향읍 오룡3길 41-10,34.8160414,126.4566273
평산부분정비공업사,전라남도,무안군,현경면 현해로 46,35.0203726,126.416121
(유)청계자동차정비공업사,전라남도,무안군,청계면 평림길 35,34.9240547,126.4241827
승달부분정비공업사,전라남도,무안군,무안읍 공항로 61,34.9933905,126.4752772
쌍용서비스프라자,전라남도,무안군,무안읍 승달로 22-1,34.9919798,126.4716306
기아부분정비공업사,전라남도,무안군,무안읍 무안중앙로 108,34.9933188,126.4710475
(합자)승달1자동차정비공업사,전라남도,무안군,무안읍 무안로 574,34.9936189,126.4829089
일로모터스M,전라남도,무안군,일로읍 일로달바위길 20,34.8531584,126.4983111
대흥밧데리 전문정비,전라남도,무안군,삼향읍 임성로 290-17,34.8278813,126.457747
한국타이어 남악점,전라남도,무안군,삼향읍 남악로 227-8,34.8056973,126.4637614
화영 모터스,전라남도,무안군,무안읍 무안로 447,34.984736,126.4744793
현대자동차일로점,전라남도,무안군,일로읍 삼일로 558,34.8530887,126.4968888
태양3급부분정비공업사,전라남도,무안군,현경면 현해로 64,35.0207121,126.4141645
서해안카센타,전라남도,무안군,무안읍 무안로 592-2,34.9946765,126.4841751
우진카종합센터,전라남도,무안군,삼향읍 삼향로 127-8,34.824031,126.4485654
모등자동차공업사,전라남도,무안군,삼향읍 임성로 168-6,34.821788,126.4455592
신흥자동차공업사,전라남도,무안군,삼향읍 삼향로 123,34.823646,126.4493072
(유)경신1급자동차서비스,전라남도,무안군,삼향읍 삼향로 127-41,34.8233791,126.4477137
해송카센터,전라남도,무안군,무안읍 승달로 22-1,34.9919798,126.4716306
백제카부분정비타이어,전라남도,무안군,무안읍 무안로 446,34.9841658,126.4748151
엘자동차정비공업사,전라남도,무안군,삼향읍 삼일로 132,34.8343008,126.4641332
명승자동차부분정비공업사,전라남도,구례군,구례읍 구례1길 14,35.2064262,127.4661774
온천카센터,전라남도,구례군,산동면 원촌리 38,35.3115497,127.4444883
구례1급자동차정비공업사,전라남도,구례군,구례읍 용방로 9,35.2173753,127.4619717
구례카부분정비공업사,전라남도,구례군,구례읍 봉성로 146-1,35.2154299,127.4651793
화엄카센터,전라남도,구례군,마산면 황전리 219-6,35.2340097,127.4875926
제일자동차공업사,전라남도,구례군,구례읍 서시천로 34,35.2125156,127.4709101
현대카클리닉,전라남도,구례군,구례읍 구례로 560,35.2097909,127.4736427
정진카부분정비공업사,전라남도,구례군,구례읍 봉동길 28-22,35.2087314,127.4711585
명지자동차부분정비공업사,전라남도,구례군,구례읍 봉성로 132,35.2140089,127.4648904
새우리자동차정비공업사,전라남도,구례군,구례읍 서시천로 82,35.2149557,127.4667624
애니카랜드구례점,전라남도,구례군,구례읍 양정4길 2,35.2040507,127.4669581
1급중앙자동차공업사,전라남도,구례군,구례읍 봉동길 35,35.2100182,127.4714022
중앙카센터,전라남도,구례군,구례읍 구례로 491,35.2056257,127.4677386
미래카타운,전라남도,구례군,구례읍 택지길 48,35.2147815,127.4621184
부강카센타,전라남도,구례군,산동면 지리산온천로 76,35.309863,127.4392544
구례점기아오토큐,전라남도,구례군,구례읍 동편제길 27,35.2152365,127.4615141
삼정정비,전라남도,구례군,구례읍 구례로 456,35.2032194,127.46572
동곤자동차정비센터,전라남도,구례군,구례읍 서시천로 41,35.2124613,127.4698849
고속카서비스,전라남도,구례군,구례읍 구례로 507,35.2069709,127.469311
구례점현대자동차,전라남도,구례군,구례읍 용방로 17,35.218376,127.4613134
명진사,전라남도,구례군,구례읍 택지길 43,35.2145762,127.4616868
마스터카서비스,전라남도,구례군,구례읍 봉동길 42,35.2097208,127.4721931
차사랑 카서비스,전라남도,구례군,구례읍 택지2길 19,35.2141053,127.4623658
타이어나라,전라남도,구례군,구례읍 봉동길 46-1,35.2096772,127.4725115
평산자동차부분정비,경상남도,양산시,어곡동 1531-2,35.3951937,129.0090091
평산현대자동차서비스,경상남도,양산시,평산동 58-16,35.383589,129.1543477
프로미월드 양산점,경상남도,양산시,어곡동 187-5,35.3735763,129.0263322
픽스팩토리,경상남도,양산시,산막동 566-1,35.3727564,129.0628779
픽스팩토리 2호점,경상남도,양산시,상북면 소토리 673,35.3803555,129.0550722
하북농협정비,경상남도,양산시,하북면 초산리 262-2,35.4842507,129.085227
하이테크 전문정비2,경상남도,양산시,동면 금산리 570-8,35.3103789,129.0280601
하이테크부분정비,경상남도,양산시,동면 금산리 570-8,35.3103789,129.0280601
한국자동차정비,경상남도,양산시,신기동 98-2,35.3560878,129.0444526
한국지엠동양산서비스센터(주),경상남도,양산시,주남동 494-3,35.420025,129.1598167
한국카,경상남도,양산시,삼호동 701-1,35.4147994,129.1706872
한국카센타,경상남도,양산시,어곡동 368,35.3786462,129.0255946
한국타이어 TBX모터스,경상남도,양산시,북정동 892-2,35.3576403,129.0445065
한국타이어 TTS 양산점,경상남도,양산시,북정동 210-52,35.3701972,129.0444417
한국타이어 물금점(더발통),경상남도,양산시,물금읍 물금리 404-2,35.3127743,128.9882283
한길카센타,경상남도,양산시,상북면 소토리 435-10,35.3776499,129.0533009
한일부분정비,경상남도,양산시,상북면 소토리 490-3,35.3776268,129.0469199
함양카부분정비,경상남도,양산시,덕계동 728-2,35.3728034,129.1517939
허박,경상남도,양산시,상북면 상삼리 8,35.427898,129.0622569
현대 블루모터스 덕계점,경상남도,양산시,덕계동 729-4,35.3731136,129.1520529
현대기아모터스,경상남도,양산시,삼호동 224,35.4187462,129.1780035
현대모터스,경상남도,양산시,평산동 51,35.3845898,129.1518536
현대보링,경상남도,양산시,동면 석산리 226-5,35.3301034,129.0383197
현대부분정비,경상남도,양산시,북정동 553-2,35.3598829,129.0472089
현대블루모터스,경상남도,양산시,삼호동 484-21,35.4146168,129.1762606
현대자동차 명동점,경상남도,양산시,명동 764,35.4090388,129.1657269
현대자동차 소토점,경상남도,양산시,상북면 소토리 488-7,35.3781645,129.0472782
성일모터스,전라북도,부안군,보안면 부안로 1182,35.6137245,126.6695142
줄포카경정비,전라북도,부안군,줄포면 부안로 848,35.5881511,126.6789904
현대자동차 부안점,전라북도,부안군,행안면 월륜길 5,35.7175668,126.7179046
서울카센타,전라북도,부안군,변산면 격포로 183,35.6255459,126.4729247
백마카서비스,전라북도,부안군,부안읍 오리정로 71,35.7234661,126.7298838
유림카공업사,전라북도,부안군,보안면 냉정길 1,35.6034163,126.6707385
변산25시카센타,전라북도,부안군,변산면 지서로 32,35.6672898,126.5302313
대한자동차정비,전라북도,부안군,부안읍 부령로 59,35.7342151,126.7483318
창북공업사,전라북도,부안군,계화면 간재로 453,35.7636165,126.6931242
영전자동차공업사,전라북도,부안군,보안면 부안로 1133,35.6096657,126.6686394
부안카자동차공업사,전라북도,부안군,부안읍 석정로 125,35.7345226,126.735953
종합카공업사,전라북도,부안군,부안읍 봉동길 10-1,35.7206639,126.7350773
호남카센타,전라북도,부안군,계화면 간재로 463,35.7642539,126.6923658
붕붕카센타,전라북도,부안군,부안읍 번영로 216,35.728144,126.7436702
행안자동차,전라북도,부안군,행안면 부안로 2495,35.7166041,126.7175403
24시카센타,전라북도,부안군,부안읍 봉동길 21,35.7217308,126.7348562
대풍자동차써비스,전라북도,부안군,부안읍 번영로 201,35.728049,126.7420684
부령자동차공업사,전라북도,부안군,부안읍 부풍로 106,35.7218561,126.7311259
영전금호카공업사,전라북도,부안군,보안면 부안로 1153,35.611287,126.6681853
애니카랜드 부안점,전라북도,부안군,부안읍 번영로 185,35.7276226,126.7406076
오토오아시스 경화점,경상남도,창원시,진해구 태백로 16(경화동),35.1538418,128.6769988
한국타이어 용원점,경상남도,창원시,진해구 용재로 65(용원동),35.1011914,128.8169483
(주)대륜기업,경상남도,창원시,진해구 남영로511번길 30(남양동),35.1160415,128.7788654
르노코리아자동차 서비스코너 경화점,경상남도,창원시,진해구 진해대로 680(경화동),35.1590214,128.6898426
늘봄카,경상남도,창원시,진해구 용원동로 258-4(용원동),35.0955993,128.8203698
천우타이어 신항점,경상남도,창원시,진해구 신항4로 54-14 (용원동),35.0876166,128.8198754
기동판매 신항점,경상남도,창원시,진해구 신항3로 25(용원동),35.0884916,128.823526
삼원특장종합정비,경상남도,창원시,진해구 안골로89번길 71(안골동),35.0883851,128.7856357
녹산카정비,경상남도,창원시,진해구 안골로108번길 87(안골동),35.0874935,128.7861787
차앤차샵,경상남도,창원시,진해구 이동로40번길 19(이동),35.1492288,128.6978169
진해소형정비공업사,경상남도,창원시,진해구 웅천서로41번길 65-15(서중동),35.1086691,128.7435908
365카센타,경상남도,창원시,진해구 진해대로988번길 6(자은동),35.1415208,128.7067399
우진정비,경상남도,창원시,진해구 월남로138번길 22(남양동),35.1189602,128.7770413
진해충무점 현대자동차,경상남도,창원시,진해구 충장로52번길 1(충무동),35.1526165,128.6579842
붕붕카,경상남도,창원시,진해구 안청로 20(안골동),35.0989428,128.8033934
케이원종합정비공업사,경상남도,창원시,진해구 안골로108번길 76(안골동),35.0886017,128.7869302
티앤티(주),경상남도,창원시,진해구 안골로 52(안골동),35.0898654,128.7880055
명동카서비스,경상남도,창원시,진해구 명제로 99(죽곡동),35.1066457,128.7175754
웅천자동차정비공업사,경상남도,창원시,진해구 웅천동로 153(남문동),35.109023,128.7511229
경남카센타,경상남도,창원시,진해구 자은로 64(자은동),35.1513073,128.708966
스마일모터스,경상남도,창원시,진해구 안청로 10-1(안골동),35.0982511,128.8040299
진양자동차정비,경상남도,창원시,진해구 진해대로976번길 9(자은동),35.142125,128.7061271
K 모터스,경상남도,창원시,진해구 진해대로 1055(풍호동),35.1353073,128.7088851
한국종합정비,경상남도,창원시,진해구 웅동로 212(두동),35.1154432,128.7914542
맥스애볼루션,경상남도,창원시,진해구 풍호로49번길 5-3(자은동),35.1401795,128.7063591
DI자동차정비공업사,경상남도,창원시,진해구 진해대로1046번길 4(풍호동),35.1362369,128.7079189
광진자동차종합정비,경상남도,창원시,진해구 가주로15번길 39(가주동),35.1053123,128.8379031
용원자동차검사정비,경상남도,창원시,진해구 진해대로 2217(용원동),35.1112809,128.805757
오토오아시스진해청기와점,경상남도,창원시,진해구 진해대로914번길 36(자은동),35.1479501,128.7031881
타이어테크 진해점,경상남도,창원시,"진해구 충장로 388, 110동(이동)",35.1529334,128.6940118
강호타이어,경상남도,창원시,진해구 용원동로 297(용원동),35.0993791,128.8211579
보쉬진해점,경상남도,창원시,진해구 안골로 283(안골동),35.0982512,128.805356
(주)진해현대서비스,경상남도,창원시,진해구 죽곡로 136(죽곡동),35.1109268,128.7245989
(주)신항종합정비,경상남도,창원시,진해구 신항북로 320(용원동),35.0871939,128.7992677
풍호점 기아오토큐,경상남도,창원시,진해구 충장로 525(풍호동),35.1424964,128.70143
슈퍼맨모터스,경상남도,창원시,진해구 진해대로763번길 9(석동),35.1597798,128.6989381
타이어프로 용원점,경상남도,창원시,진해구 용원로 75-1(용원동),35.0991263,128.8175058
광명카센타,경상남도,창원시,진해구 용재로 58(용원동),35.1010162,128.8160563
대명카서비스,경상남도,창원시,진해구 이동로 15(이동),35.1511551,128.6935182
신항만자동차정비,경상남도,창원시,진해구 용원동로 319(안골동),35.1011223,128.8218954
우리카서비스,경상남도,창원시,진해구 경화로 4 (경화동),35.1538509,128.6864311
케이지모빌리티 진해서비스프라자,경상남도,창원시,진해구 충장로 527(풍호동),35.1423387,128.7014853
용원점현대자동차,경상남도,창원시,진해구 만금로 9(용원동),35.0988553,128.8219647
(주)유로트럭모터스,경상남도,창원시,진해구 남영로 571(남양동),35.1211572,128.7814858
보광자동차정비,경상남도,창원시,진해구 덕산로 36(자은동),35.1462394,128.7036123
용원정비,경상남도,창원시,진해구 용원로101번길 16-1(용원동),35.0997218,128.8209576
안민카부분정비,경상남도,창원시,진해구 동진로 50-1(석동),35.1521519,128.7008785
보서모터스,경상남도,창원시,진해구 월남로 150(남양동),35.1208643,128.7792333
세진카서비스,경상남도,창원시,진해구 충장로465번길 8(이동),35.1476151,128.7003689
그린자동차정비공업사,경상남도,창원시,진해구 동진로 23(이동),35.1537231,128.6988821
신동모터스,경상남도,창원시,진해구 충장로 199(여좌동),35.1526282,128.6738329
이동기카자동차정비,경상남도,창원시,진해구 석동로 1(이동),35.1534239,128.6995062
남북카전문정비,경상남도,창원시,진해구 진해대로 1039(풍호동),35.1368326,128.7084105
고객만족카,경상남도,창원시,진해구 용재로 39(용원동),35.1017957,128.8141473
한국타이어 속천점,경상남도,창원시,진해구 태평로34번길 1-1(태평동),35.1455732,128.6628826
조은정비,경상남도,창원시,진해구 진해대로 1050(풍호동),35.135884,128.7079225
한국지엠신항바로서비스,경상남도,창원시,진해구 용원로101번길 8(용원동),35.0989464,128.8206116
자은월드카,경상남도,창원시,진해구 자은로88번길 10(자은동),35.1519117,128.7103158
르노코리아 서비스코너 진해점,경상남도,창원시,진해구 진해대로 1002(자은동),35.1401752,128.7069029
티스테이션 진해경화점,경상남도,창원시,진해구 충장로 293(경화동),35.1537612,128.6840909
풍호점 현대자동차,경상남도,창원시,진해구 진해대로1047번길 24(풍호동),35.1360013,128.710706
경양자동차정비,경상남도,창원시,진해구 중초로23번길 26(경화동),35.1551627,128.678448
생생카센타,경상남도,창원시,진해구 태평로 43(태평동),35.1460295,128.6639686
거성자동차정비공업사,경상남도,창원시,진해구 석동로 19(석동),35.1540961,128.7012839
태강카인테리어,경상남도,창원시,진해구 해원로2번길 8-1(이동),35.1527838,128.69581
정남이밧데리카서비스,경상남도,창원시,진해구 이동로 56(이동),35.1510742,128.6979982
재성정비공업사,경상남도,창원시,진해구 천자로413번길 11(풍호동),35.1362381,128.7098256
용마카인테리어,경상남도,창원시,진해구 청안로 8(두동),35.1145546,128.7913357
토탈카서비스,경상남도,창원시,진해구 진해대로 610-1(경화동),35.1577464,128.6825868
김호룡카정비,경상남도,창원시,진해구 진해대로 609-1(경화동),35.1582676,128.6823124
제일자동차정비공업사,경상남도,창원시,진해구 자은로64번길 11(자은동),35.1502642,128.7089673
한국디젤정비,경상남도,창원시,진해구 태평로 55(태평동),35.1458111,128.6652846
스피드메이트 진해태평점,경상남도,창원시,진해구 태평로 11(태평동),35.1464077,128.6606038
속천카클리닉,경상남도,창원시,진해구 태평로 82(태평동),35.1450746,128.6680848
세기자동차정비,경상남도,창원시,진해구 여좌로114번길 2(여좌동),35.161446,128.6631493
유진자동차부분정비,경상남도,창원시,진해구 용원동로 319(용원동),35.1011223,128.8218954
부영자동차정비,경상남도,창원시,진해구 충장로 101(여좌동),35.1527603,128.6631844
동양자동차정비공업사,경상남도,창원시,진해구 태평로 14(태평동),35.1458102,128.6607124
해양부분정비,경상남도,창원시,진해구 용원중로18번길 16(용원동),35.0984144,128.817706
황용석자동차정비,경상남도,창원시,진해구 덕산로 24(덕산동),35.1465493,128.7025035
진해카부분정비,경상남도,창원시,진해구 자은로28번길 7(자은동),35.1490187,128.705482
덕산정비공업사,경상남도,창원시,진해구 충장로603번길 11(풍호동),35.1357025,128.7037883
대성자동차정비공업사,경상남도,창원시,"진해구 진해대로 640, 203호(경화동, 우진그린빌라)",35.1583082,128.6854839
미쉐린타이어용원점,경상남도,창원시,진해구 만금로 39(용원동),35.1013786,128.8230914
대평3급자동차정비,경상남도,창원시,진해구 태평로 45(태평동),35.1460579,128.6642401
동진자동차정비공업사,경상남도,창원시,진해구 진해대로789번길 4(석동),35.1579492,128.701671
광동전문정비,경상남도,창원시,마산회원구 봉양로 187(봉암동),35.2174748,128.6070735
타이어 90,경상남도,창원시,마산합포구 반월동6길 7(중앙동1가),35.1886769,128.5623845
국민정비공업사,경상남도,창원시,마산회원구 봉암공단10길 39(봉암동),35.2126776,128.5980076
스카이 모터스,경상남도,창원시,마산회원구 봉암공단로 68(봉암동),35.2127467,128.6001498
배봉닷컴,경상남도,창원시,마산회원구 봉암공단로 59-23(봉암동),35.2138856,128.6010326
마산회원정비,경상남도,창원시,마산회원구 봉양로 112(봉암동),35.219233,128.5987082
만수정비,경상남도,창원시,마산회원구 내서읍 광려천북로 20-29,35.2522172,128.5179586
(주)스미스오토,경상남도,창원시,마산합포구 합포동7길 12(산호동),35.2123815,128.5865665
온 모터스,경상남도,창원시,마산회원구 삼호로 270(회성동),35.2325001,128.5654389
시니어 오토,경상남도,창원시,마산회원구 3·15대로 570-1(회원동),35.2249169,128.5732886
아자모터스,경상남도,창원시,마산합포구 진북면 진북산업로 226,35.1359982,128.484929
스마일 정비,경상남도,창원시,마산회원구 내서읍 중리공단로5길 28,35.2484896,128.5150394
주식회사 하이타이어,경상남도,창원시,마산합포구 해안대로 268 (신포동1가),35.1975392,128.5715154
(주)마산현대,경상남도,창원시,마산회원구 무역로 121(봉암동),35.2113852,128.5996812
가고파 자동차정비,경상남도,창원시,마산합포구 진동면 삼진의거대로 870,35.1320707,128.4990923
(주)뉴브씨티정비점,경상남도,창원시,"마산회원구 봉암공단로 6, 219호(봉암동)",35.2184256,128.5995817
진해자동차정비(주),경상남도,창원시,진해구 충장로 575(경화동),35.1386182,128.7039681
경남진해서비스 기아오토큐,경상남도,창원시,진해구 진해대로1114번길 15(장천동),35.1290786,128.7093667
현대자동차그린서비스진해점,경상남도,창원시,진해구 해원로14번길 2(이동),35.1535581,128.6959126
동성종합카써비스,경상남도,창원시,진해구 이동로 3(이동),35.1511505,128.6922295
한국지엠진해바로서비스,경상남도,창원시,진해구 진해대로 1045(풍호동),35.1362702,128.7086206
동남자동차정비공업사,경상남도,창원시,진해구 진해대로902번길 8(자은동),35.1492557,128.706182
월드카서비스,경상남도,창원시,진해구 중초로 29 (경화동),35.1558449,128.6810732
지원오토미션,경상남도,창원시,마산회원구 봉암공단10길 5(봉암동),35.2126904,128.5998443
(주)현대공업사,경상남도,창원시,마산합포구 동서동2길 20(신포동2가),35.2009291,128.5722777
(유)경남정비공업,경상남도,창원시,마산회원구 봉암공단7길 46(봉암동),35.215325,128.597263
타이어프로 마산6호광장점,경상남도,창원시,마산합포구 3·15대로 447(상남동),35.2143992,128.5760228
원탑하이테크,경상남도,창원시,마산회원구 봉암공단14길 22(봉암동),35.2121428,128.5980265
더타이어?? 합포점,경상남도,창원시,마산합포구 해안대로 272(신포동1가),35.19773,128.571825
스핀휠,경상남도,창원시,마산합포구 해안대로 344(남성동),35.2018896,128.5780321
타이어테크 마산점,경상남도,창원시,마산합포구 해안대로 268(신포동1가),35.1975392,128.5715154
가야특장1급정비,경상남도,창원시,마산합포구 진동면 태봉2길 92,35.1400054,128.5067041
프리미어모터스(주)창원서비스센터,경상남도,창원시,마산회원구 무역로 103(봉암동),35.2113018,128.5975547
신세계 엔진보링,경상남도,창원시,마산회원구 내서읍 광려천남로 209,35.2348824,128.5056972
무학타이어 대리점,경상남도,창원시,마산회원구 내서읍 함마대로 2769,35.2511343,128.5156503
문스모터스,경상남도,창원시,마산회원구 봉양로 168(봉암동),35.2175476,128.6045607
(주)대교자동차정비,경상남도,창원시,마산회원구 봉암공단10길 13(봉암동),35.2126053,128.5994797
강수카클리닉㈜,경상남도,창원시,마산합포구 해안대로 234-56(신포동1가),35.1942438,128.5713701
동일모터스(주)토요타창원,경상남도,창원시,마산회원구 봉양로 116(봉암동),35.2191843,128.5990382
옥동자동차정비,경상남도,창원시,마산합포구 옥동길 87-3(우산동),35.1523082,128.5476786
동균모터스,경상남도,창원시,마산회원구 봉암공단로 81(봉암동),35.2116711,128.6005119
(주)오토콜라보,경상남도,창원시,마산회원구 내서읍 광려천서로 217,35.2593923,128.5183297
(주)도이치아우토,경상남도,창원시,마산회원구 봉양로 157(봉암동),35.2183827,128.6040349
쿤스트 오토,경상남도,창원시,마산회원구 내서읍 중리공단로6길 29-2,35.2487203,128.5157103
키다리 정비소,경상남도,창원시,마산회원구 삼호로 258(석전동),35.2321594,128.5665548
르노코리아 서비스센터 마산중리정비,경상남도,창원시,마산회원구 내서읍 중리공단로 55,35.2367906,128.50658
현대자동차 블루핸즈 금강점,경상남도,창원시,마산회원구 금강로 161(합성동),35.2460011,128.5852239
금흥특장정비,경상남도,창원시,마산합포구 진동면 태봉2길 218,35.144813,128.5100658
신서촌 자동차 정비,경상남도,창원시,마산합포구 진동면 신서촌로 37,35.1180268,128.4848715
월드모터스,경상남도,창원시,마산회원구 내서읍 광려천남로 1-26,35.2503306,128.5156927
광일 모터스,경상남도,창원시,마산합포구 문화동15길 18(해운동),35.181534,128.5621824
DS모터스,경상남도,창원시,마산합포구 현동5길 21-7(현동),35.1474505,128.5511923
J모터스,경상남도,창원시,마산회원구 내서읍 중리공단로 55,35.2367906,128.50658
힘찬타이어,경상남도,창원시,마산합포구 자산솔밭로 28(완월동),35.2000374,128.5603592
신모터스,경상남도,창원시,마산회원구 석전동12길 10(석전동),35.2326454,128.5771432
스택 오토웍스,경상남도,창원시,마산회원구 내서읍 중리공단로4길 27,35.2465708,128.5122616
창일카마스타,경상남도,창원시,마산회원구 팔용로 9(양덕동),35.2309179,128.5851739
타이어프로 마산봉암점,경상남도,창원시,마산회원구 봉양로 168(봉암동),35.2175476,128.6045607
동일모터스(주) 창원,경상남도,창원시,마산회원구 봉양로 156(봉암동),35.2177181,128.6032694
창원오토밋션,경상남도,창원시,마산회원구 북성로 474(두척동),35.2375747,128.5467832
LINXS,경상남도,창원시,마산회원구 봉암공단10길 79-5(봉암동),35.2126945,128.5960458
하나오토,경상남도,창원시,마산회원구 내서읍 광려천북로 12-31,35.2518911,128.5176876
메트로모터스,경상남도,창원시,마산회원구 봉암공단14길 36(봉암동),35.2121231,128.5962794
현동카,경상남도,창원시,"마산합포구 현동4길 10, 115호(우산동)",35.1516921,128.552594
모터스밸리(주)종합검사정비,경상남도,창원시,마산회원구 무역로 22(양덕동),35.2101615,128.5883104
엄정희,경상남도,창원시,마산회원구 3·15대로 802(합성동),35.242641,128.5863746
A4모터스,경상남도,창원시,마산합포구 3·15대로 106(중앙동1가),35.1888915,128.5623132
용마대형정비,경상남도,창원시,마산회원구 내서읍 중리공단로 159,35.2449312,128.512225
(주)아이언모터스,경상남도,창원시,마산회원구 봉양로 122(봉암동),35.2188731,128.5997389
다이하드,경상남도,창원시,마산회원구 봉암공단1길 29(봉암동),35.2190652,128.5956706
티스테이션 양덕점,경상남도,창원시,마산회원구 양덕로 106(양덕동),35.2287106,128.5863255
공임나라 양덕점,경상남도,창원시,마산회원구 양덕남8길 57(양덕동),35.2242422,128.5871194
지오모터스,경상남도,창원시,마산회원구 자유무역1길 92(양덕동),35.2143686,128.5904617
영미상사,경상남도,창원시,마산회원구 봉암공단4길 101(봉암동),35.217386,128.5996225
솔로몬오토밋션,경상남도,창원시,마산회원구 봉암공단8길 23(봉암동),35.2143723,128.5991534
타이어테크 산호점,경상남도,창원시,마산합포구 합포로 203(산호동),35.215468,128.5867027
수야자동차정비 광택,경상남도,창원시,마산합포구 산호남8길 1(산호동),35.2163268,128.5786313
태양정비타이어,경상남도,창원시,마산합포구 진북면 진북산업로 240,35.1373272,128.4851716
대현자동차정비(주),경상남도,창원시,마산회원구 봉암공단10길 76(봉암동),35.2131492,128.5961457
신도자동차전문정비,경상남도,창원시,마산회원구 내서읍 송평로 432,35.2640987,128.5342536
연세정비,경상남도,창원시,마산합포구 문화동14길 131(월남동2가),35.186122,128.5624041
카카오일,경상남도,창원시,마산회원구 북성로 273(석전동),35.2305402,128.5662085
굿유로모터스정비,경상남도,창원시,마산회원구 봉암공단5길 13(봉암동),35.2162865,128.5993852
창통개발,경상남도,창원시,마산회원구 내서읍 호원로 417,35.2680709,128.5297948
(주)시엘모터스 창원서비스센터,경상남도,창원시,마산합포구 수산2길 55(신포동1가),35.1978486,128.5731465
신진자동차정비공업사,경상남도,창원시,마산회원구 봉암공단4길 159(봉암동),35.2172256,128.5964814
영남캠핑카,경상남도,창원시,마산합포구 진동면 진동사동로 7,35.1176858,128.4869375
장원정비공업사,경상남도,창원시,마산회원구 팔용로 22-1(양덕동),35.231658,128.5863951
주식회사 부일,경상남도,창원시,마산합포구 진북면 진북산업로 459,35.1545932,128.4755573
한국지엠신마산바로서비스,경상남도,창원시,마산합포구 가포로 45(해운동),35.1781,128.5616145
명차정비,경상남도,창원시,마산회원구 내서읍 경남대로 820,35.2232294,128.5046345
르노코리아자동차서비스코너양덕점,경상남도,창원시,마산회원구 양덕로 112-2(양덕동),35.2291323,128.5859444
교원카  프라자,경상남도,창원시,마산합포구 교방서1길 77(교방동),35.2114422,128.5655472
카카오모터스,경상남도,창원시,"마산합포구 합포로 141, (408-3외 5필지)(산호동)",35.2105119,128.5836198
창민정비,경상남도,창원시,마산회원구 내서읍 중리공단로3길 20,35.2451505,128.5109118
자이언트 타이어,경상남도,창원시,마산회원구 북성로 364,35.2342589,128.5580099
구암카 서비스,경상남도,창원시,마산회원구 구암북1길 34(구암동),35.2533499,128.5955196
동양자동차부분정비,경상남도,창원시,마산합포구 월영남18길 13-2(월영동),35.177075,128.5636203
유진모터스,경상남도,창원시,마산합포구 월영동10길 15(해운동),35.1805463,128.5645101
티스테이션 산호점,경상남도,창원시,마산합포구 허당로 90(산호동),35.2105632,128.5855916
믿음정비,경상남도,창원시,마산회원구 내서읍 호원로 200,35.2514284,128.5210583
동남카인테리어,경상남도,창원시,마산합포구 해안대로 507(산호동),35.2137846,128.5873717
강수카 클리닉,경상남도,창원시,마산합포구 해안대로 234-56(신포동1가),35.1942438,128.5713701
아인스오토,경상남도,창원시,마산합포구 해안대로 415(오동동),35.2063443,128.5837689
에이원,경상남도,창원시,마산회원구 내서읍 광려천북로 12-31,35.2518911,128.5176876
A-MAX(에이맥스),경상남도,창원시,마산회원구 봉양로 185(봉암동),35.2175885,128.6066538
신우자동차정비,경상남도,창원시,마산합포구 진동면 진동사동로 17,35.1179805,128.48589
티스테이션 석전점,경상남도,창원시,마산회원구 양덕옛1길 71(석전동),35.2279812,128.5754958
라피드 모터스,경상남도,창원시,마산회원구 내서읍 죽암서길 14,35.254723,128.5096205
애니카랜드호계점,경상남도,창원시,마산회원구 내서읍 호원로 377,35.2664271,128.5266964
붕붕자동차전문정비,경상남도,창원시,마산회원구 회원동서로 16-1(회원동),35.2186486,128.5725175
선진카써비스,경상남도,창원시,마산합포구 해안대로 304-1(신포동2가),35.1995826,128.5746325
신동양자동차종합정비,경상남도,창원시,마산회원구 봉암공단11길 54(봉암동),35.2127091,128.6033524
(주)동성모터스 창원서비스센타,경상남도,창원시,마산회원구 봉양로 163(봉암동),35.2182631,128.6045763
참좋은정비공업사,경상남도,창원시,마산회원구 봉양로 151(봉암동),35.2184582,128.6033357
동부타이어,경상남도,창원시,마산회원구 금강로 151(합성동),35.2456431,128.5843188
유카로오토모빌㈜Volkswagen-A/S마산지점,경상남도,창원시,마산합포구 해안대로 228(신포동1가),35.194574,128.5700164
성주오토삽,경상남도,창원시,마산회원구 양덕로 6-1(봉암동),35.2218557,128.5935022
르노코리아 서비스코너 해운점,경상남도,창원시,마산합포구 해안대로 52(해운동),35.1810681,128.5644223
신태양종합정비,경상남도,창원시,"마산회원구 내서읍 광려천남로 89, 가동",35.2445934,128.509713
유카로오토모빌(주) 마창아우디,경상남도,창원시,마산합포구 해안대로 232(신포동1가),35.1948669,128.5701375
MMR 팩토리,경상남도,창원시,"마산회원구 내서읍 중리공단로5길 29-4, 108동",35.2480547,128.5138592
대원자동차정비,경상남도,창원시,마산회원구 합성남9길 7(합성동),35.2375007,128.5858925
지성정비,경상남도,창원시,마산합포구 삼호로 9-1(산호동),35.2193004,128.5880967
롯데카서비스,경상남도,창원시,마산회원구 구암남1길 61(구암동),35.2428626,128.5905348
통합창원자동차전문정비,경상남도,창원시,마산회원구 합성옛길 62(양덕동),35.2347844,128.5826359
(주)신광택시 전문정비,경상남도,창원시,마산회원구 내서읍 광려로 78-14,35.2203956,128.5009198
타이어프로반월점,경상남도,창원시,마산합포구 반월동6길 7(중앙동1가),35.1886769,128.5623845
우리자동차정비,경상남도,창원시,마산회원구 봉암공단6길 57(봉암동),35.2154973,128.5970269
명승부분정비,경상남도,창원시,마산회원구 내서읍 중리공단로1길 25,35.2410869,128.5082111
카오아시스,경상남도,창원시,마산합포구 월영동9길 8(해운동),35.1805744,128.563477
유로모터스,경상남도,창원시,마산회원구 봉암공단로 18-1(봉암동),35.2172381,128.5999485
전국자동차정비,경상남도,창원시,마산회원구 금강로 240(구암동),35.2498639,128.5922269
태광자동차정비,경상남도,창원시,마산회원구 북성로 200(회원동),35.2252649,128.571058
상승카클리닉,경상남도,창원시,마산회원구 회원북13길 32(회원동),35.2218859,128.5691454
영우자동차정비,경상남도,창원시,마산회원구 금강로 208(구암동),35.2480802,128.589345
815카플러스,경상남도,창원시,마산합포구 3·15대로 73(월남동2가),35.186191,128.5609768
명성카정비,경상남도,창원시,마산회원구 회성남1길 3(회성동),35.2334744,128.5627015
모탑 ENG,경상남도,창원시,마산합포구 회원천북길 437-1(산호동),35.2103985,128.5795701
타이어랜드,경상남도,창원시,마산회원구 구암남7길 6(구암동),35.2448632,128.5916721
가포자동차정비,경상남도,창원시,마산합포구 월영동4길 41(해운동),35.1782167,128.5614362
만수자동차정비,경상남도,창원시,마산회원구 북성로 452(두척동),35.2367263,128.5489261
차차카서비스,경상남도,창원시,마산합포구 월영동9길 15(해운동),35.1803276,128.5640814
경남자동차판매(주)마산,경상남도,창원시,마산합포구 해안대로 262(신포동1가),35.1970781,128.5708617
경원밋션카,경상남도,창원시,마산합포구 진북면 삼진의거대로 400-8,35.1125617,128.4630247
세진특장1급정비,경상남도,창원시,마산회원구 봉암공단1길 153(봉암동),35.2138179,128.5959212
신세계정비,경상남도,창원시,마산회원구 봉암공단7길 61(봉암동),35.2148556,128.5967908
하나로오토샵,경상남도,창원시,마산회원구 내서읍 유통단지로 23,35.2541732,128.5122023
종합타이어,경상남도,창원시,마산회원구 봉암공단4길 58(봉암동),35.2178704,128.6021272
현성자동차부분정비,경상남도,창원시,마산합포구 진북면 진북산업로 188,35.1326505,128.4860165
남경카클리닉,경상남도,창원시,마산회원구 봉양로 110(봉암동),35.2192987,128.5984964
스피드메이트 호계점,경상남도,창원시,마산회원구 내서읍 호원로 315,35.2615162,128.5229612
(유)명승자동차정비,경상남도,창원시,마산회원구 내서읍 중리공단로1길 25,35.2410869,128.5082111
주식회사 샤일,경상남도,창원시,마산합포구 해안대로 398(오동동),35.2049136,128.5826544
한국지엠마산양덕바로서비스,경상남도,창원시,마산합포구 용마로 72(산호동),35.2195604,128.5820277
오토오아시스 마산월드점,경상남도,창원시,마산합포구 해안대로 390(오동동),35.2042551,128.5817435
(주)카젠,경상남도,창원시,마산합포구 동서동로 18(신포동2가),35.2014793,128.5734025
대륙자동차정비세차,경상남도,창원시,마산회원구 내서읍 함마대로 2908,35.2437263,128.5276284
대성카마스타,경상남도,창원시,마산회원구 양덕옛2길 97(석전동),35.2322596,128.5788509
스피드메이트이마트마산점,경상남도,창원시,"마산합포구 서성로 3, 2층(중앙동3가, 이마트마산점)",35.1978923,128.5699365
애니카랜드 신마산점,경상남도,창원시,마산합포구 해안대로 285(신포동1가),35.1990729,128.5726046
지노카서비스,경상남도,창원시,마산회원구 내서읍 호원로 245-1,35.2555191,128.521341
내서자동차정비,경상남도,창원시,마산회원구 내서읍 중리공단로 111,35.2412593,128.5095356
좋은차만들기부분정비공업사,경상남도,창원시,마산합포구 해안대로 295(신포동1가),35.199615,128.5734545
에이스자동차정비,경상남도,창원시,마산회원구 봉암공단9길 35(봉암동),35.2134737,128.5982801
넥센타이어 정비,경상남도,창원시,마산합포구 자산삼거리로 95(자산동),35.2068028,128.5639206
수성자동차정비,경상남도,창원시,마산회원구 내서읍 중리공단로1길 46,35.2420067,128.5077198
한림카부분정비,경상남도,창원시,마산회원구 양덕천길 60(양덕동),35.2312263,128.5879125
(주)1급안전모터스정비,경상남도,창원시,마산회원구 내서읍 중리공단로1길 41,35.2415563,128.5074194
청마자동차정비,경상남도,창원시,마산합포구 진동면 해양관광로 37,35.1122123,128.4882843
달구지자동차정비,경상남도,창원시,마산회원구 금강로 287(구암동),35.2528701,128.5954448
한국지엠창원봉암바로서비스,경상남도,창원시,마산회원구 봉암공단5길 39-1(봉암동),35.2161934,128.5980532
케이지모빌리티 중리서비스프라,경상남도,창원시,마산회원구 내서읍 광려천남로 13,35.2498814,128.5146229
현대자동차(진동점),경상남도,창원시,마산합포구 진동면 삼진의거대로 593,35.1145325,128.4828337
스피드메이트 신마산점,경상남도,창원시,마산합포구 문화동3길 23(월남동1가),35.1867468,128.562902
리프트위에자동차,경상남도,창원시,마산회원구 구암서7길 1(구암동),35.2499686,128.5925626
삼성엔진보링정비,경상남도,창원시,마산회원구 내서읍 중리공단로 133,35.2431207,128.5104045
(유)삼우교통,경상남도,창원시,마산회원구 두척2길 76(두척동),35.2365841,128.5448047
(유)산호택시,경상남도,창원시,마산회원구 봉암공단10길 46(봉암동),35.213268,128.5976995
애니카랜드내서점,경상남도,창원시,마산회원구 내서읍 중리공단로 82,35.2384775,128.5086516
반동카서비스,경상남도,창원시,마산합포구 구산면 해양관광로 1461,35.087313,128.5855628
신명카랜드,경상남도,창원시,마산합포구 중앙남11길 5(중앙동1가),35.1916738,128.5635424
청명자동차부분정비,경상남도,창원시,마산합포구 성호서10길 3(성호동),35.2101298,128.5694111
창신정비,경상남도,창원시,마산합포구 진동면 덕곡덕기길 37,35.1247388,128.4852335
선경전문정비,경상남도,창원시,마산회원구 석전동12길 24(석전동),35.2329601,128.5767926
오토오아시스 신마산점,경상남도,창원시,마산합포구 신마산시장길 33(창포동3가),35.1813259,128.5607073
신화 모터스,경상남도,창원시,마산합포구 반월동5길 38(월포동),35.1891972,128.5640485
성심자동차정비,경상남도,창원시,마산회원구 내서읍 광려천서로 41-2,35.245998,128.5083082
진성부분정비,경상남도,창원시,마산회원구 무학로 634(회원동),35.2218094,128.5661523
원카클리닉,경상남도,창원시,마산회원구 구암남1길 41(구암동),35.2437308,128.5903626
한국지엠내서바로서비스,경상남도,창원시,마산회원구 내서읍 호원로 383,35.2665038,128.5270296
한국타이어 진동점,경상남도,창원시,마산합포구 진북면 삼진의거대로 478,35.1149456,128.4707922
중리점 현대자동차,경상남도,창원시,마산회원구 내서읍 중리공단로1길 31,35.2411446,128.5076904
현대자동차블루헨즈해운점,경상남도,창원시,마산합포구 해안대로 58 (해운동),35.1812899,128.5647229
한국타이어 마창대리점,경상남도,창원시,마산회원구 북성로 494(두척동),35.2377763,128.5446281
합동부분정비,경상남도,창원시,마산회원구 팔용로 24(양덕동),35.2317391,128.5865252
골드카마스타,경상남도,창원시,마산회원구 내서읍 중리상곡로 107,35.2501363,128.510075
내서점 기아오토큐,경상남도,창원시,마산회원구 내서읍 중리공단로 110,35.2407411,128.5099695
SJ 정비,경상남도,창원시,마산회원구 3·15대로 531(회원동),35.2215697,128.5734081
현대자동차 마산상남점,경상남도,창원시,마산합포구 천하장사로 96(상남동),35.2110384,128.5734629
(신)유광카,경상남도,창원시,마산회원구 봉암공단6길 6(봉암동),35.2161237,128.5998718
(유)흥성자동차정비,경상남도,창원시,마산회원구 봉암공단7길 72(봉암동),35.2151766,128.596444
대경모터스주식회사,경상남도,창원시,마산회원구 봉암북13길 1(봉암동),35.2188207,128.6029506
장수모터스,경상남도,창원시,마산회원구 봉암공단7길 23(봉암동),35.2149124,128.598766
삼진밧데리,경상남도,창원시,마산합포구 진동면 삼진의거대로 691-7,35.1184838,128.4916923
필자동차정비,경상남도,창원시,마산회원구 금강로 281(구암동),35.2524708,128.5949684
신세계전문정비,경상남도,창원시,마산회원구 내서읍 광려천남로 209,35.2348824,128.5056972
케이지모빌리티창원서비스센타 주식회사,경상남도,창원시,마산회원구 봉암공단4길 104(봉암동),35.2179408,128.5993054
1급 신태봉종합정비,경상남도,창원시,마산합포구 진동면 오산3길 89,35.1439157,128.5075023
금강자동차부분정비,경상남도,창원시,마산합포구 진동면 삼진의거대로 614,35.1142087,128.4853639
중리카경정비,경상남도,창원시,마산회원구 내서읍 옥정1길 23-29,35.2490303,128.521992
태흥모터스,경상남도,창원시,마산회원구 무역로 155(봉암동),35.2116183,128.6032413
동방카써비스,경상남도,창원시,마산합포구 해안대로 326-1 (신포동2가),35.2008088,128.5763563
해운점기아오토큐,경상남도,창원시,마산합포구 월영동11길 11(해운동),35.1808492,128.5650009
세진부분정비,경상남도,창원시,마산회원구 북성로 176(회원동),35.2229159,128.5713293
한일카써비스,경상남도,창원시,마산회원구 양덕천길 3(양덕동),35.2296938,128.5856702
마이카부분정비,경상남도,창원시,마산회원구 내서읍 중리공단로6길 39,35.2494057,128.5155027
금성자동차부분정비,경상남도,창원시,마산합포구 3·15대로 89(월남동1가),35.1876756,128.5617401
스피드메이트 터미널점,경상남도,창원시,마산회원구 3·15대로 816(합성동),35.2435802,128.5876111
현대자동차A/S 중리점,경상남도,창원시,마산회원구 내서읍 호원로 263,35.2569635,128.5214251
동방카맨샵,경상남도,창원시,마산합포구 상남시장로 41(상남동),35.2151855,128.5749133
대영카센타,경상남도,창원시,마산회원구 북성로 360(회성동),35.2341398,128.5584977
적석산자동차정비,경상남도,창원시,마산합포구 진전면 남해안대로 4476,35.0995096,128.4130605
합포자동차부분정비,경상남도,창원시,마산합포구 월영동10길 22(해운동),35.180168,128.5643073
새경남부분정비,경상남도,창원시,마산회원구 삼호로 259-2(석전동),35.2317709,128.5661307
황종호 자동차정비,경상남도,창원시,마산합포구 서성로 52(신포동2가),35.2015989,128.5718883
중앙카세차장,경상남도,창원시,마산회원구 북성로 369(회성동),35.2337159,128.5572224
동아오토밋션,경상남도,창원시,마산회원구 내서읍 중리공단로 63,35.2373036,128.5070755
오토카 손세차,경상남도,창원시,마산회원구 합성옛길 215(합성동),35.2407241,128.5855068
동원부분정비,경상남도,창원시,마산회원구 내서읍 광려천남로 3,35.2505667,128.5152333
월영마을 자동차부분정비,경상남도,창원시,마산합포구 가포로 102(월영동),35.1753557,128.5620485
월드카,경상남도,창원시,마산회원구 북성로 282-1(석전동),35.2312827,128.5659706
신자산카자동차정비,경상남도,창원시,마산회원구 내서읍 삼계7길 34,35.2315782,128.5008686
영진자동차정비,경상남도,창원시,마산회원구 회원동24길 49(회원동),35.220357,128.5768799
쌍용자동차정비공업사,경상남도,창원시,마산합포구 수산1길 265(오동동),35.2054245,128.5837481
현대자동차정비,경상남도,창원시,마산회원구 금강로 222-1(구암동),35.24892,128.590789
닥터카정비,경상남도,창원시,마산회원구 내서읍 호원로 218,35.2528966,128.5210839
동영카부분정비,경상남도,창원시,마산회원구 내서읍 광려천서로 45,35.2462395,128.5085206
스피드자동차정비,경상남도,창원시,마산합포구 북성로 16(중성동),35.2089896,128.5731422
현대종합카써비스,경상남도,창원시,마산회원구 석전동12길 50(석전동),35.2336245,128.5754661
봉쥬카클리닉,경상남도,창원시,마산회원구 합성옛길 301(합성동),35.2440259,128.5883424
가나부분정비,경상남도,창원시,마산회원구 북성로 265(석전동),35.229918,128.5669267
평화교통정비,경상남도,창원시,마산회원구 북성로 184(회원동),35.2237369,128.5713132
현대자동차부분정비,경상남도,창원시,마산회원구 합성옛길 46(양덕동),35.2341263,128.5829438
쌍둥이카써비스,경상남도,창원시,마산합포구 성호서11길 1(성호동),35.2104156,128.5684661
동국카센타,경상남도,창원시,마산회원구 회원동28길 10(회원동),35.2158493,128.5766587
케이지모빌리티마산서비스프라자,경상남도,창원시,마산합포구 문화동로 2-1 (월남동1가),35.1878197,128.5624875
한국자동차전문정비,경상남도,창원시,마산회원구 팔용로 119-1 (합성동),35.2400731,128.5892558
금호카서비스,경상남도,창원시,마산회원구 내서읍 호원로 374,35.26573,128.5269343
공룡발통,경상남도,창원시,마산합포구 우산길 8(우산동),35.1579398,128.5537929
신영자동차정비,경상남도,창원시,마산회원구 양덕로 166-1(양덕동),35.2331475,128.5826249
만수카센터,경상남도,창원시,마산회원구 석전동15길 43(석전동),35.2370824,128.579879
한마부분정비,경상남도,창원시,마산회원구 회원동로 78(회원동),35.2212701,128.5744519
수진자동차정비공업사,경상남도,창원시,마산합포구 문화동10길 25(창포동2가),35.1831832,128.5612594
봉암자동차정비,경상남도,창원시,마산회원구 봉암공단10길 50(봉암동),35.2132489,128.5975083
성실자동차정비공업사,경상남도,창원시,마산회원구 양덕옛2길 117(석전동),35.2329257,128.5795865
일진자동차정비공업사,경상남도,창원시,마산회원구 회원동북로 42(회원동),35.2197155,128.5777192
영신자동차정비,경상남도,창원시,마산합포구 3·15대로 136(중앙동1가),35.1908866,128.5639027
백마정비,경상남도,창원시,마산회원구 내서읍 중리공단로 12,35.2326579,128.5062943
엘피지 전문정비공업사,경상남도,창원시,마산회원구 봉암공단8길 1(봉암동),35.2142303,128.6001001
대양전문정비,경상남도,창원시,마산합포구 용마로 13(산호동),35.2158042,128.5775554
중리자동차정비 타이어 프로,경상남도,창원시,마산회원구 내서읍 호원로 259,35.2565747,128.5212464
백운자동차전문정비,경상남도,창원시,마산합포구 합포북5길 5(산호동),35.2109092,128.5796693
신대동자동차정비,경상남도,창원시,마산합포구 월영동11길 12(해운동),35.180814,128.5645242
천일자동차정비,경상남도,창원시,마산합포구 문화동12길 12(창포동3가),35.1821321,128.5597839
진광자동차정비,경상남도,창원시,마산회원구 봉양로 105-1(봉암동),35.2201668,128.5984564
동원자동차정비,경상남도,창원시,마산회원구 봉암북14길 16(봉암동),35.2181958,128.6056446
대기자동차정비,경상남도,창원시,마산회원구 회원남로 31(회원동),35.2186073,128.5647117
동방자동차정비,경상남도,창원시,마산회원구 봉양로 7-1(양덕동),35.2216916,128.5881541
경원오토밋션,경상남도,창원시,마산합포구 문화북4길 56(두월동2가),35.1872574,128.5605029
일등카써비스,경상남도,창원시,마산합포구 진북면 삼진의거대로 479,35.1155667,128.4707899
김박사자동차정비,경상남도,창원시,마산합포구 무학로 492-1 (교방동),35.2119792,128.5632684
경동카마스타,경상남도,창원시,마산합포구 자산삼거리로 6-1(자산동),35.2026669,128.566949
한마음카랜드,경상남도,창원시,마산회원구 양덕옛2길 117-1(석전동),35.2330117,128.5795008
해양자동차정비,경상남도,창원시,마산합포구 동서동로 8(신포동2가),35.2004008,128.5737944
고속카센터 부분정비,경상남도,창원시,마산회원구 삼호로 274(회성동),35.2329683,128.5649083
티스테이션 상곡점,경상남도,창원시,마산회원구 내서읍 중리공단로 109,35.2411309,128.5093457
교동자동차전문정비,경상남도,창원시,마산회원구 무학로 590(회원동),35.2200749,128.5620762
(유)국제보링1급정비,경상남도,창원시,마산회원구 내서읍 중리공단로 149,35.2444167,128.5116325
진성자동차정비공업사,경상남도,창원시,마산회원구 내서읍 중리공단로3길 17-1,35.2444347,128.5107363
(유)정도1급종합정비,경상남도,창원시,마산회원구 내서읍 중리공단로 161,35.2451034,128.5124639
현세기보링(주),경상남도,창원시,마산합포구 진동면 오산3길 129,35.1450663,128.5089514
오토오아시스 희망점,경상남도,창원시,마산회원구 봉양로 179(양덕동),35.2177147,128.606241
오토오아시스 마창점,경상남도,창원시,마산회원구 팔용로 107(합성동),35.2387306,128.5888128
(주)한국지엠마산서비스센타,경상남도,창원시,마산회원구 내서읍 중리공단로 113,35.2413262,128.5096723
신포자동차정비(주),경상남도,창원시,마산합포구 수산1길 12(신포동1가),35.1981323,128.5731226
미광전문정비,경상남도,창원시,마산회원구 내서읍 호원로 253,35.256055,128.5213036
아시아종합종합정비,경상남도,창원시,마산회원구 내서읍 중리공단로4길 21-4,35.2458242,128.5123483
회원점 기아오토큐,경상남도,창원시,마산회원구 3·15대로 566(회원동),35.224675,128.573099
시티자동차정비공업사,경상남도,창원시,마산합포구 해안대로 276(신포동1가),35.1980353,128.5721415
풍마모터스,경상남도,창원시,마산합포구 월영남로 31(월영동),35.1759108,128.5586616
르노코리아 서비스 코너 신포점,경상남도,창원시,마산합포구 서성로 27(신포동1가),35.1997874,128.5706061
티스테이션(해운점),경상남도,창원시,마산합포구 드림베이대로 6(해운동),35.1810729,128.5650693
르노코리아 서비스코너 내서점,경상남도,창원시,마산회원구 내서읍 광려천남로 1-36,35.250019,128.5158628
양덕점 기아오토큐,경상남도,창원시,마산회원구 합포로 295(양덕동),35.2237349,128.5868742
대원카부분정비,경상남도,창원시,마산회원구 구암반계길 1(구암동),35.249224,128.60279
현대자동차 양덕점,경상남도,창원시,마산회원구 양덕남9길 88(양덕동),35.2242593,128.5876879
상북자동차써비스,경상남도,창원시,마산합포구 진북면 진북산업로 327,35.1442294,128.4812789
경남자동차전문정비,경상남도,창원시,마산회원구 금강로 152(합성동),35.245381,128.5842638
(주)신흥여객 자동차정비공업,경상남도,창원시,마산회원구 합성옛길 162(합성동),35.2385026,128.5845275
신봉암자동차종합정비,경상남도,창원시,마산회원구 봉암공단5길 61(봉암동),35.2161888,128.5965561
한일정비공업사,경상남도,창원시,마산회원구 봉암공단2길 40(봉암동),35.217838,128.5976406
백양공업사,경상남도,창원시,마산합포구 진북면 삼진의거대로 474,35.1149758,128.4703841
용마검사정비,경상남도,창원시,마산회원구 내서읍 중리공단로 153,35.2448148,128.5117222
수호자동차정비,경상남도,창원시,의창구 차상로18번길 13(팔용동),35.2273432,128.6363485
won motors,경상남도,창원시,의창구 동읍 동읍로 119,35.2862123,128.6796703
위드모터스,경상남도,창원시,"의창구 사화로 250-4, 1동(팔용동)",35.2444788,128.6297898
공단정비,경상남도,창원시,성산구 공단로 856(성주동),35.1836434,128.7049793
베테랑모터스,경상남도,창원시,성산구 곰절길9번길 5 (성주동),35.1868621,128.7065985
현대모터스,경상남도,창원시,의창구 남산로113번길 2(서상동),35.2541586,128.62051
썬타이어,경상남도,창원시,의창구 대산면 진산대로 441,35.339104,128.7085368
킴스모터스,경상남도,창원시,의창구 사화로1번길 20(팔용동),35.2589907,128.609992
(주)르노코리아 창원중앙정비 사업소,경상남도,창원시,성산구 남면로 7(대원동),35.23137,128.6445767
애니카랜드 북면점,경상남도,창원시,의창구 북면 구룡로 561,35.2995141,128.6050729
카존205,경상남도,창원시,의창구 차상로150번길 102(팔용동),35.232526,128.642313
네바퀴 정비마을,경상남도,창원시,의창구 도계로18번길 19(도계동),35.258764,128.6357583
금호모터스,경상남도,창원시,의창구 창이대로99번길 1(명서동),35.2408178,128.6491482
차미광택&LED전문샵,경상남도,창원시,"의창구 원이대로55번길 8-7, 1층 102호(도계동)",35.2575086,128.6354822
코어모터스,경상남도,창원시,의창구 북면 신촌본포로 353,35.3555268,128.638754
디와이모터스 상남,경상남도,창원시,성산구 마디미로74번길 8(상남동),35.2190668,128.6806653
장인자동차정비,경상남도,창원시,마산합포구 문화동로 7(월포동),35.1882955,128.5631217
은아자동자정비,경상남도,창원시,성산구 상남로230번길 2(신월동),35.2317796,128.6900839
글로벌 자동차 정비,경상남도,창원시,의창구 원이대로103번길 15(도계동),35.2547759,128.6387044
누리정비,경상남도,창원시,의창구 남산로 95(서상동),35.255069,128.6190158
명호자동차정비,경상남도,창원시,"성산구 공단로 18, 101-1호(신촌동)",35.2094786,128.6282731
(주)신기사,경상남도,창원시,마산회원구 봉암공단8길 14(봉암동),35.2147004,128.5995512
(주)새한정비공업,경상남도,창원시,마산회원구 봉양로 140(봉암동),35.2180654,128.6019205
세창공업(주),경상남도,창원시,마산합포구 산호동3길 19(산호동),35.2184629,128.5886787
대성검사정비(주),경상남도,창원시,마산회원구 내서읍 중리공단로 179,35.2465688,128.5136248
맹호자동차 정비공업사,경상남도,창원시,의창구 남산로 6(팔용동),35.2597996,128.6108975
스태비자동차정비소,경상남도,창원시,의창구 차상로18번길 54(팔용동),35.2298108,128.6393945
세이프모터스,경상남도,창원시,의창구 도계로 5(도계동),35.2596637,128.6331367
탑모터스,경상남도,창원시,의창구 차상로30번길 2(팔용동),35.227091,128.6357454
하이엔드클래스수입차정비공장,경상남도,창원시,성산구 해원로374번길 9 (성주동),35.1848223,128.7051939
중앙자동차검사정비(주),경상남도,창원시,의창구 소계로 34(소계동),35.2553687,128.6032783
안전정비,경상남도,창원시,의창구 무역로581번길 50-8(팔용동),35.2324097,128.6364638
명성정비공업사,경상남도,창원시,의창구 차상로18번길 8(팔용동),35.2265733,128.6364402
더본타이어 주식회사,경상남도,창원시,성산구 마디미로70번길 1(상남동),35.218909,128.6812895
(주)모터라이프,경상남도,창원시,"의창구 차상로150번길 6, 1동 102호(팔용동)",35.2373781,128.6337681
마스터정비,경상남도,창원시,의창구 무역로503번길 5-8(팔용동),35.2246542,128.6350282
신흥자동차종합정비,경상남도,창원시,의창구 무역로503번길 5(팔용동),35.2242992,128.6352869
정성모터스,경상남도,창원시,의창구 차상로18번길 16(팔용동),35.2270926,128.6369183
㈜바른정비,경상남도,창원시,의창구 소계로 33(소계동),35.2548558,128.6030296
CT모터스,경상남도,창원시,성산구 원이대로 320(대원동),35.2396668,128.6544087
현대자동차그린써비스,경상남도,창원시,의창구 읍성로 124(소답동),35.2619582,128.6283813
현대자동차블루핸즈 동전산단점,경상남도,창원시,의창구 북면 동전산단서로42번길 7-4,35.3161411,128.6036704
가이아캠퍼 경남지사,경상남도,창원시,의창구 대산면 진남로 69-10,35.3096083,128.708065
애니카랜드 중동점,경상남도,창원시,의창구 남산로 107(중동),35.2545232,128.6199048
(주)창원신일현대서비스,경상남도,창원시,"의창구 차상로 187(팔용동, 및 차상로 185)",35.240914,128.6344254
미래자동차정비,경상남도,창원시,의창구 사화로 250-5(팔용동),35.2445766,128.6299822
GT motors,경상남도,창원시,의창구 사림로 57(사림동),35.2470984,128.6788294
(주)그레이트타이어 창원지점,경상남도,창원시,의창구 창원대로18번길 6-8(팔용동),35.2543125,128.6056017
주식회사 우리동네 카센타,경상남도,창원시,의창구 창이대로81번길 12(명서동),35.2403343,128.647541
튠플러스,경상남도,창원시,의창구 평산로215번길 32(서상동),35.2610023,128.6220634
한국타이어 북면감계점,경상남도,창원시,의창구 북면 동전로110번길 5,35.3063319,128.5969782
우수정비,경상남도,창원시,의창구 차상로8번길 39(팔용동),35.2283363,128.6383457
동전모터스,경상남도,창원시,의창구 북면 동전무동길26번길 42,35.3185614,128.5984254
스피드메이트 창원유남점,경상남도,창원시,의창구 창원대로 314(팔용동),35.2380882,128.6337596
유니카,경상남도,창원시,의창구 평산로171번길 1(중동),35.2572774,128.6236772
현대카클리닉,경상남도,창원시,의창구 북면 동전로45번길 28,35.3003131,128.5927902
뉴신흥자동차정비,경상남도,창원시,의창구 차상로8번길 33 (팔용동),35.2280038,128.6381814
형제자동차종합정비,경상남도,창원시,의창구 차상로18번길 19(팔용동),35.2277775,128.6367256
마창모터스,경상남도,창원시,의창구 무역로581번길 42-25(팔용동),35.2328191,128.6366457
초원카,경상남도,창원시,의창구 대산면 진산대로355번길 19,35.3321685,128.7075442
아이엠모터스,경상남도,창원시,의창구 사화로 276(팔용동),35.2433378,128.6328454
(주)어울림1급자동차정비,경상남도,창원시,성산구 창원대로 486(대원동),35.2286033,128.6486812
우진모터스,경상남도,창원시,성산구 공단로 846(성주동),35.183497,128.7040767
태봉카센타,경상남도,창원시,성산구 해원로374번길 1(성주동),35.1853986,128.7050527
온누리자동차정비,경상남도,창원시,의창구 사화로 376(팔용동),35.2375361,128.6407155
1급서광종합정비,경상남도,창원시,의창구 무역로 471(팔용동),35.221704,128.6331824
남경자동차정비,경상남도,창원시,의창구 태복산로31번길 34(도계동),35.2566269,128.6394858
주식회사 명문타이어,경상남도,창원시,의창구 대산면 진산대로 441,35.339104,128.7085368
대명자동차정비,경상남도,창원시,의창구 북면 천주로 854,35.329669,128.6012232
1급신흥글로벌자동차종합정비,경상남도,창원시,의창구 사화로 250-2(팔용동),35.2442587,128.6305072
청림자동차정비,경상남도,창원시,의창구 북면 천주로 643,35.3121946,128.6052199
디지털정비,경상남도,창원시,의창구 무역로459번길 10(팔용동),35.2216654,128.6329018
성호모터스,경상남도,창원시,의창구 차룡로48번길 61(팔용동),35.2411801,128.6339541
태성모터스,경상남도,창원시,의창구 차상로8번길 5(팔용동),35.2258494,128.6362232
한국타이어 팔용점 파워주유소,경상남도,창원시,의창구 무역로581번길 56(팔용동),35.2326751,128.6356245
주식회사 엠비모터스,경상남도,창원시,의창구 무역로459번길 4(팔용동),35.2212483,128.6328845
광진모터스,경상남도,창원시,의창구 구암동정길 82-1(소계동),35.2540551,128.6018926
신촌M모터스,경상남도,창원시,"성산구 공단로 18, 10층(신촌동)",35.2094786,128.6282731
성산검사정비,경상남도,창원시,"성산구 해원로374번길 14(성주동, (주)성산현대서비스)",35.1841544,128.7052895
명문타이어,경상남도,창원시,의창구 의창대로 39(소계동),35.255819,128.6053846
스피드메이트 성주점,경상남도,창원시,"성산구 대암로 247, 제씨동 3층 301호(성주동, 더스케어)",35.2038962,128.7114494
북창원자동차정비,경상남도,창원시,의창구 북면 감계로110번길 16-10,35.2977648,128.5943464
경남자동차판매(주),경상남도,창원시,"성산구 해원로374번길 6, 407호(성주동)",35.1843653,128.7044571
대로자동차정비,경상남도,창원시,"의창구 창원대로18번길 6, (팔용동 212번지)",35.2539585,128.6059902
현대모터스정비,경상남도,창원시,"의창구 차상로 6, (팔용동)",35.2250541,128.6362853
JK MOTORS(제이케이모터스),경상남도,창원시,의창구 의안로 37(중동),35.2648679,128.6236506
상남점 기아오토큐,경상남도,창원시,성산구 상남로58번길 9(상남동),35.2188837,128.6802372
수환자동차정비,경상남도,창원시,의창구 남산로 109(중동),35.2544329,128.6200353
동진자동차정비,경상남도,창원시,의창구 사림로 46(사림동),35.2472098,128.6773827
세영자동차정비,경상남도,창원시,성산구 월림로 71-16(신촌동),35.2068819,128.6412083
J-AUTO,경상남도,창원시,의창구 사화로 250-4(팔용동),35.2444788,128.6297898
카 정비나라,경상남도,창원시,의창구 창이대로85번길 2(명서동),35.240126,128.6484847
현진자동차정비,경상남도,창원시,의창구 대산면 가술길1번길 31,35.3332808,128.705462
봉곡자동차정비,경상남도,창원시,의창구 봉곡로 93(봉곡동),35.2490635,128.6696894
B&B모터스,경상남도,창원시,의창구 남산로115번길 11(서상동),35.2546663,128.6213883
지모비스카,경상남도,창원시,성산구 안민로159번길 5(안민동),35.1855688,128.6930451
르노코리아 서비스코너 봉곡점,경상남도,창원시,의창구 원이대로279번길 20(봉곡동),35.2439917,128.6520086
BDM(비디엠),경상남도,창원시,의창구 남산로115번길 7(중동),35.2544458,128.6210743
카젠 남창원유통센터점,경상남도,창원시,"성산구 가음로 100, 농수산물유통센터 3층(가음동)",35.2040182,128.7031587
(주)대한정비,경상남도,창원시,의창구 차상로8번길 64(팔용동),35.2296104,128.639964
건양정비,경상남도,창원시,의창구 차상로18번길 9(팔용동),35.2269618,128.6360521
준카,경상남도,창원시,의창구 창이대로107번길 6(명서동),35.2416439,128.6500347
대성자동차정비,경상남도,창원시,의창구 남산로17번길 45-1(팔용동),35.2606178,128.6165285
동경ENG,경상남도,창원시,성산구 신월로 53-1(신월동),35.227592,128.6933429
경원모터스정비,경상남도,창원시,의창구 남산로 12(팔용동),35.2594936,128.611541
선우모터스,경상남도,창원시,의창구 남산로115번길 55(중동),35.2579764,128.6242721
대한오토,경상남도,창원시,의창구 평산로155번길 6-1(중동),35.2564973,128.6224055
모암자동차정비,경상남도,창원시,의창구 동읍 동읍로 195,35.29225,128.67545
중앙모터스,경상남도,창원시,의창구 소계로 33(소계동),35.2548558,128.6030296
신광자동차정비,경상남도,창원시,의창구 무역로581번길 50-10(팔용동),35.2325509,128.6364951
강한정비 밧데리카에어컨,경상남도,창원시,"의창구 사화로 272, 가-103(팔용동)",35.2432504,128.6321192
(주)신월1급정비,경상남도,창원시,성산구 해원로 436(성주동),35.1894324,128.7083511
한국타이어 태광판매(주),경상남도,창원시,의창구 의창대로 31(소계동),35.2553854,128.6047606
호암자동차정비,경상남도,창원시,"의창구 천주로 6, 외1필지(340)(서상동)",35.262441,128.618493
한국타이어 북면점,경상남도,창원시,의창구 북면 천주로 733,35.3192731,128.6023558
지성자동차정비,경상남도,창원시,의창구 대산면 진산대로 410,35.3361042,128.7093037
성민모터스,경상남도,창원시,성산구 정동로162번길 26(남산동),35.2031762,128.6935301
세창오일매니저,경상남도,창원시,의창구 태복산로31번길 29(도계동),35.2562401,128.6394263
(주)성산현대서비스,경상남도,창원시,성산구 해원로374번길 5(성주동),35.1849625,128.7049885
JK자동차정비,경상남도,창원시,의창구 남산로115번길 79(중동),35.2597081,128.6256824
신한자동차정비공업사,경상남도,창원시,의창구 도계로 23-1(도계동),35.2607184,128.6347608
(주)안전정비,경상남도,창원시,의창구 무역로581번길 50-11(팔용동),35.2326523,128.6358856
블루디젤모터스,경상남도,창원시,의창구 원이대로103번길 9(도계동),35.2543358,128.6382733
의창자동차정비,경상남도,창원시,의창구 천주로 14(서상동),35.2631321,128.6185338
근풍자동차정비,경상남도,창원시,의창구 도계로8번길 8(도계동),35.259002,128.6338391
삼성자동차정비,경상남도,창원시,의창구 차상로96번길 7-3(팔용동),35.2332404,128.6359423
정오토랜드,경상남도,창원시,의창구 사림로158번길 26-10(사림동),35.2431818,128.6833867
DI모터스,경상남도,창원시,"성산구 완암로 50, 421호(성산동, SK테크노파크 테크동))",35.2056243,128.6637528
(주)동화종합정비,경상남도,창원시,의창구 차상로8번길 33(팔용동),35.2280038,128.6381814
르노코리아 서비스코너 사림점(주),경상남도,창원시,의창구 사림로158번길 26-12(사림동),35.2433768,128.6835414
꾸기 자동차정비,경상남도,창원시,의창구 원이대로16번길 6(중동),35.2602277,128.6309555
창원모터스,경상남도,창원시,의창구 차상로8번길 52(팔용동),35.2289667,128.6394091
GM대우마창바로정비,경상남도,창원시,의창구 사화로18번길 28(팔용동),35.2549851,128.6077502
오렌지오토,경상남도,창원시,의창구 차상로50번길 5-16(팔용동),35.229828,128.6362642
지원정비공업사,경상남도,창원시,의창구 무역로503번길 5-26(팔용동),35.223878,128.6342342
신천정비공업사,경상남도,창원시,의창구 차상로 80(팔용동),35.2316993,128.6356589
대영모터스,경상남도,창원시,성산구 해원로374번길 2(성주동),35.1846239,128.7043196
두대모터스,경상남도,창원시,성산구 창원대로 486(대원동),35.2286033,128.6486812
진성자동차정비,경상남도,창원시,의창구 무역로503번길 5-17(팔용동),35.2239395,128.6349853
르노코리아 서비스코너 사파점(주),경상남도,창원시,성산구 창이대로706번길 4(사파동),35.2215717,128.7001058
보성모터스,경상남도,창원시,성산구 창이대로706번길 3-1(사파동),35.2214877,128.7004731
팔용정비(주),경상남도,창원시,의창구 무역로581번길 42-7(팔용동),35.2319298,128.6366528
1급동호자동차정비,경상남도,창원시,의창구 북면 천주로 929,35.3362662,128.5994662
1급마이스터모터스,경상남도,창원시,의창구 차상로 16(팔용동),35.2259882,128.6359367
태건정비,경상남도,창원시,"의창구 사화로 272, 나동 4호(팔용동)",35.2432504,128.6321192
대동정비,경상남도,창원시,의창구 차상로 54(팔용동),35.2293685,128.635653
이지스코리아서비스,경상남도,창원시,성산구 창이대로706번길 4-5(사파동),35.2218363,128.6999344
세명자동차정비,경상남도,창원시,의창구 사화로 272(팔용동),35.2432504,128.6321192
중동점 기아오토큐,경상남도,창원시,의창구 남산로115번길 73(중동),35.2593009,128.6253302
차사랑자동차정비공업사,경상남도,창원시,의창구 도계로 78(도계동),35.2578203,128.6386312
공단모터스,경상남도,창원시,의창구 차상로106번길 11-2(팔용동),35.2342644,128.6364177
효진자동차정비,경상남도,창원시,의창구 차상로8번길 54(팔용동),35.2291035,128.6395082
(주)성원자동차정비,경상남도,창원시,성산구 공단로 850(성주동),35.183473,128.7042689
마창정비,경상남도,창원시,의창구 무역로581번길 42-25(팔용동),35.2328191,128.6366457
동현자동차정비,경상남도,창원시,의창구 차상로18번길 50(팔용동),35.2296151,128.6391139
가인모터스,경상남도,창원시,의창구 무역로581번길 50-16(팔용동),35.2327752,128.6364265
대형정비공업사,경상남도,창원시,의창구 사화로 272(팔용동),35.2432504,128.6321192
대호정비공업사,경상남도,창원시,의창구 북면 천주로 1053,35.345387,128.6057288
현대자동차팔용중앙점,경상남도,창원시,의창구 남산로 35(팔용동),35.2586085,128.613894
영남카정비,경상남도,창원시,의창구 무역로 569(팔용동),35.2289568,128.6396535
명성자동차정비,경상남도,창원시,의창구 천주로12번길 30(서상동),35.2626071,128.6215753
청광자동차정비,경상남도,창원시,의창구 무역로581번길 54(팔용동),35.2324428,128.6358941
사방자동차정비공업사,경상남도,창원시,의창구 서상로12번길 43(서상동),35.2620099,128.6192328
와우모터스,경상남도,창원시,의창구 사화로9번길 30(팔용동),35.2593495,128.6110678
신호모터스,경상남도,창원시,의창구 차상로8번길 21(팔용동),35.2269988,128.6371057
미쉐린서비스센터창원점,경상남도,창원시,성산구 마디미로70번길 13(상남동),35.2194602,128.6802735
영남자동차종합정비,경상남도,창원시,의창구 무역로 539(팔용동),35.2266941,128.6376695
금효자동차정비공업사,경상남도,창원시,의창구 태복산로31번길 27(도계동),35.2560536,128.6396042
조은자동차정비,경상남도,창원시,의창구 읍성로 86-1(소답동),35.26479,128.6273668
신촌자동차정비,경상남도,창원시,성산구 봉양로 408-1(신촌동),35.2072695,128.6271293
럭키카정비,경상남도,창원시,의창구 평산로 108(팔용동),35.2525963,128.6201803
남창원서비스기아오토큐,경상남도,창원시,의창구 차상로150번길 46(팔용동),35.2348647,128.6373744
모터스팔용,경상남도,창원시,의창구 차상로8번길 57(팔용동),35.2294291,128.6395245
유성자동차정비,경상남도,창원시,의창구 대산면 대산북로 696,35.3598582,128.7097093
준 모터스,경상남도,창원시,성산구 대암로171번길 3(대방동),35.2108428,128.7107754
기아모터스오토큐사림점,경상남도,창원시,의창구 사림로 51(사림동),35.2473307,128.6782037
안민점현대자동차,경상남도,창원시,성산구 공단로 734(안민동),35.1887406,128.6937772
오토오아시스 창원관문점,경상남도,창원시,성산구 공단로 22(신촌동),35.2099427,128.6282872
신흥카서비스,경상남도,창원시,의창구 대산면 가술길21번길 37,35.3334109,128.7051379
신세대자동차정비,경상남도,창원시,의창구 남산로9번길 18(팔용동),35.2607725,128.6128804
블루핸즈 사림점,경상남도,창원시,의창구 사림로158번길 16-7(사림동),35.2427261,128.6841996
태화정비공업사,경상남도,창원시,의창구 차상로8번길 61(팔용동),35.2299402,128.6398656
코스모자동차정비,경상남도,창원시,의창구 도계두리길6번길 27(도계동),35.2612496,128.6349908
나인모터스,경상남도,창원시,의창구 무역로 555(팔용동),35.2278707,128.6387332
삼정자동차정비,경상남도,창원시,성산구 동산로 215(신월동),35.2262728,128.6967986
의창정비,경상남도,창원시,의창구 천주로 14(서상동),35.2631321,128.6185338
영광오토민션,경상남도,창원시,의창구 원이대로93번길 4(도계동),35.254835,128.6373929
티스테이션 도계점,경상남도,창원시,의창구 도계로 3(도계동),35.2596259,128.6329158
고려정비공업사,경상남도,창원시,의창구 원이대로279번길 19(봉곡동),35.2442308,128.6517885
케이지모빌리티팔용서비스프라자,경상남도,창원시,의창구 사화로17번길 21(팔용동),35.2586431,128.6109909
신동성정비공업사,경상남도,창원시,의창구 서상로12번길 11-1(서상동),35.2621998,128.6156712
다온자동차정비,경상남도,창원시,성산구 안민로159번길 10(천선동),35.1860146,128.6934191
양심카,경상남도,창원시,의창구 천주로12번길 33(서상동),35.2627997,128.6220219
현대자동차써비스동읍점,경상남도,창원시,의창구 동읍 의창대로 848,35.2767698,128.6837559
통영카부분정비,경상남도,창원시,의창구 태복산로7번길 35(도계동),35.2554516,128.6369548
현성정비(듸젤),경상남도,창원시,의창구 무역로581번길 42-15(팔용동),35.2326286,128.6367832
신월점현대자동차,경상남도,창원시,성산구 신사로35번길 26(신월동),35.2273766,128.6912206
프로자동차정비공업사,경상남도,창원시,성산구 가음로101번길 6-24(남양동),35.2036237,128.7049522
송원자동차정비공업사,경상남도,창원시,성산구 안민안길5번길 6(안민동),35.1862607,128.6902321
승리자동차정비,경상남도,창원시,성산구 가음로92번길 8(가음동),35.2048057,128.7025597
아우토반자동차정비,경상남도,창원시,의창구 원이대로55번길 13(도계동),35.2581783,128.6354468
제일종합정비공업사,경상남도,창원시,의창구 무역로 491(팔용동),35.2232554,128.6345537
애니카랜드팔용점,경상남도,창원시,의창구 차상로8번길 60(팔용동),35.229405,128.6399064
수정카마스타,경상남도,창원시,의창구 지귀로128번길 45(봉곡동),35.2433892,128.6538677
자동차 마을,경상남도,창원시,의창구 지귀로128번길 46(봉곡동),35.2435489,128.6534416
공임나라 사림점,경상남도,창원시,의창구 사림로130번길 10-6(사림동),35.2434732,128.684378
케이지모빌리티 창원서비스프라,경상남도,창원시,성산구 마디미로70번길 5(상남동),35.2190555,128.6810151
신제일자동차정비,경상남도,창원시,의창구 사림로 46(사림동),35.2472098,128.6773827
티스테이션창원신월점,경상남도,창원시,성산구 상남로192번길 45(신월동),35.2268359,128.6918975
우리동네카정비,경상남도,창원시,성산구 신월로 47(신월동),35.2279863,128.6929647
은성자동차정비공업사,경상남도,창원시,성산구 신월로 79(신월동),35.2261281,128.695473
웅남자동차전문정비,경상남도,창원시,성산구 월림로 75(신촌동),35.2068486,128.6406368
동양카마스타,경상남도,창원시,의창구 봉곡로 105-1(봉곡동),35.2480081,128.670555
희망카써비스,경상남도,창원시,성산구 창이대로690번길 20(사파동),35.2223515,128.6980248
명신자동차정비,경상남도,창원시,의창구 사화로 286(팔용동),35.2423237,128.6339494
미도자동차정비,경상남도,창원시,성산구 신월로 18(신월동),35.2299119,128.6904054
신월스피드메이트,경상남도,창원시,"성산구 신사로 39, (신월동)",35.2254761,128.6899148
오토마을,경상남도,창원시,성산구 공단로 852-1(성주동),35.1834439,128.7045983
안전정비공업사,경상남도,창원시,의창구 차상로8번길 50(팔용동),35.2288216,128.6392997
스피드메이트 이마트 창원점,경상남도,창원시,"성산구 원이대로 608, 306동(중앙동)",35.2265683,128.6801664
천마자동차 정비,경상남도,창원시,"의창구 북면 천주로1170번길 25, A동",35.3535322,128.6123669
삼육카써비스,경상남도,창원시,성산구 신월로 69-1(신월동),35.2266358,128.6946135
유성오토모터스,경상남도,창원시,의창구 태복산로15번길 24(도계동),35.2549652,128.6391978
공임나라 대산점,경상남도,창원시,의창구 대산면 진산대로 286,35.3269993,128.7148592
동화카마스타,경상남도,창원시,의창구 창이대로107번길 11(명서동),35.2416776,128.649329
한국판매정비공업사,경상남도,창원시,의창구 사화로18번길 26(팔용동),35.2550989,128.6079206
NEW태양모터스,경상남도,창원시,의창구 대산면 진산대로355번길 24-1,35.3327961,128.707363
호비자동차,경상남도,창원시,의창구 차상로8번길 58(팔용동),35.2293524,128.6396683
진우정비공업사,경상남도,창원시,의창구 차상로150번길 29(팔용동),35.2364213,128.6362683
금호경남판매(주),경상남도,창원시,의창구 차상로8번길 3(팔용동),35.2257884,128.6361291
현대정비공업사,경상남도,창원시,의창구 차상로150번길 38(팔용동),35.2357529,128.6364957
은성자동차정비,경상남도,창원시,의창구 무역로581번길 42-15(팔용동),35.2326286,128.6367832
(주)카매니저,경상남도,창원시,의창구 창원대로 415(팔용동),35.2340368,128.6436158
중앙정비,경상남도,창원시,의창구 의창대로54번길 14-11(팔용동),35.2549042,128.6075476
뉴행운카정비,경상남도,창원시,의창구 읍성로 114(소답동),35.2628897,128.6283884
하나종합정비,경상남도,창원시,의창구 무역로503번길 5-21(팔용동),35.2234792,128.6346485
반지카서비스,경상남도,창원시,성산구 반지로 80(반지동),35.2429605,128.6654177
삼일정비공업사,경상남도,창원시,성산구 반송로61번길 1(반지동),35.2405509,128.6635639
금호카정비,경상남도,창원시,의창구 무역로 491-8(팔용동),35.2232851,128.634498
상승부분정비,경상남도,창원시,성산구 동산로61번길 11(상남동),35.2157446,128.6853154
태영튜닝정비공업사,경상남도,창원시,의창구 도계로 94(도계동),35.2565729,128.6397722
금영자동차정비,경상남도,창원시,성산구 가음로 66(가음동),35.207245,128.702065
성산카마스타,경상남도,창원시,성산구 삼동로128번길 2(내동),35.2245856,128.655936
동원자동차정비공업사,경상남도,창원시,의창구 차상로8번길 40(팔용동),35.2281075,128.6387443
수득현대모터스,경상남도,창원시,성산구 해원로374번길 15(성주동),35.184143,128.7056818
원진사,경상남도,창원시,성산구 동산로 209(신월동),35.2257575,128.696309
콤마자동차정비,경상남도,창원시,성산구 가음로 65(남양동),35.2074823,128.7023591
블루스카이튜닝샵,경상남도,창원시,의창구 동정길 53-12(동정동),35.2655956,128.6159684
합동밋숑정비,경상남도,창원시,의창구 차상로 54(팔용동),35.2293685,128.635653
성지자동차정비공업사,경상남도,창원시,성산구 대암로 97(대방동),35.2160291,128.7068893
광진오토밋션,경상남도,창원시,의창구 도계로60번길 35-1(도계동),35.2567957,128.6375347
탑중앙자동차정비공업사,경상남도,창원시,성산구 가양로124번길 21-12(대방동),35.2074249,128.7080352
D.K. MOTORS,경상남도,창원시,의창구 동읍 자여로 51,35.2782743,128.6997688
자동차를사랑하는사람,경상남도,창원시,의창구 소봉로 25(봉림동),35.2517296,128.6698389
기성자동차정비공업사,경상남도,창원시,의창구 동정길 3(동정동),35.2620429,128.6125948
KBM,경상남도,창원시,의창구 의창대로254번길 18-8(중동),35.2597991,128.6247469
현대자동차부분정비봉곡점,경상남도,창원시,의창구 지귀로24번길 14(봉곡동),35.2445986,128.6508841
문창자동차정비,경상남도,창원시,의창구 사림로130번길 10-10(사림동),35.2436297,128.6843072
현대자동차팔용동부점,경상남도,창원시,의창구 창원대로363번길 22-25(팔용동),35.2372159,128.6411023
백년자동차정비,경상남도,창원시,의창구 지귀로24번길 10(봉곡동),35.2446716,128.6507354
보광정비,경상남도,창원시,의창구 읍성로 13-1(서상동),35.2651719,128.6194909
수빈카경정비,경상남도,창원시,성산구 반지로32번길 17(반지동),35.2403965,128.6627201
보람자동차정비공업사,경상남도,창원시,의창구 태복산로13번길 35(도계동),35.2556983,128.6378856
르노코리아 서비스코너 팔용점,경상남도,창원시,의창구 남산로 37(팔용동),35.2585353,128.614068
베스트튜닝정비공업사,경상남도,창원시,의창구 태복산로15번길 40(도계동),35.2561927,128.6381504
신현대자동차정비공업사,경상남도,창원시,성산구 창이대로663번길 9(사파동),35.2259821,128.6998564
한국타이어만포대리점,경상남도,창원시,의창구 차상로50번길 6-10(팔용동),35.2283488,128.6354523
대진상사,경상남도,창원시,의창구 도계로4번길 9-1(도계동),35.2589076,128.6336805
거인자동차정비,경상남도,창원시,의창구 차상로18번길 56(팔용동),35.2299901,128.6396285
대명자동차정비공업사,경상남도,창원시,의창구 남산로17번길 21(팔용동),35.2608503,128.6137123
부창카서비스,경상남도,창원시,의창구 사화로1번길 8(팔용동),35.2581479,128.6090457
마금자동차정비공업사,경상남도,창원시,의창구 북면 천주로1083번길 1,35.3471434,128.6071535
일등부분정비,전라남도,신안군,압해읍 압해로 844,34.8638029,126.3163796
안좌카센타,전라남도,신안군,안좌면 중부로 842,34.7536615,126.1259167
증도부분공업사,전라남도,신안군,증도면 증도중앙길 41-1,35.0011327,126.139494
1급현대종합서비스,전라남도,신안군,지도읍 해제지도로 1156,35.0590541,126.2193941
진자동차정비,전라남도,신안군,지도읍 원광정길 4,35.0595601,126.2137496
대천카센타,전라남도,신안군,압해읍 압해로 918,34.8657911,126.308981
초원공업사,전라남도,신안군,도초면 서남문로 1715-5,34.6892397,125.9651715
신비카전문정비공업사,전라남도,신안군,비금면 서남문로 801,34.7514333,125.929935
명성마린,전라남도,신안군,흑산면 흑산일주로 31-2,34.6826135,125.4412834
신안천사자동차공업사,전라남도,신안군,지도읍 동천길 1099,35.0592689,126.2407045
진성자동차정비,전라남도,신안군,지도읍 해제지도로 1216,35.0592487,126.2138605
매일카센타,전라남도,신안군,지도읍 봉리길 22-9,35.0607947,126.2119899
대진부분정비공업사,전라남도,신안군,지도읍 해제지도로 1180,35.0582136,126.2169282
임자부분정비,전라남도,신안군,임자면 임자로 131,35.0855515,126.1082509
한일부분정비공업사,전라남도,신안군,자은면 구영2길 31,34.8833734,126.0460283
제일카센터,전라남도,신안군,비금면 비금북부길 22,34.7540368,125.9276715
청룡카센터,전라남도,신안군,도초면 도초지동길 7-4,34.6918806,125.9326555
신의부분정비공업사,전라남도,신안군,신의면 상서길 26,34.585804,126.0859208
하태부분정비,전라남도,신안군,신의면 신의로 402,34.5650164,126.0806981
한솔공업사,전라남도,신안군,암태면 중부로 1797,34.827006,126.1133974
안좌정비특공대,전라남도,신안군,안좌면 안좌동부길 838,34.7544161,126.126168
거성자동차종합정비업,전라남도,신안군,비금면 비금북부길 26,34.7539173,125.9270698
서강부분정비,전라남도,신안군,암태면 중부로 1804,34.8276443,126.1142936
바로 모터샵 부분정비공업사,전라남도,신안군,비금면 서남문로 756,34.7555292,125.9302389
대호오토부분정비공업사,전라남도,강진군,신전면 백도로 1573,34.5165044,126.7211465
한국타이어창원대리점,경상남도,창원시,의창구 창이대로95번길 16(명서동),35.2410745,128.6483478
신방자동차정비세차,경상남도,창원시,의창구 동읍 동읍로 110-17,35.2856036,128.6813768
현대카정비,경상남도,창원시,성산구 반지로16번길 21-10(반지동),35.2394753,128.6626187
동경정비공업사,경상남도,창원시,성산구 동산로54번길 2(상남동),35.2142293,128.6862691
카맥스카아트정비공업사,경상남도,창원시,의창구 사화로9번길 11(팔용동),35.2583319,128.6095785
기아모터스오토큐사파점,경상남도,창원시,성산구 비음로4번길 37-10(사파동),35.2259434,128.6995738
그린카써비스,경상남도,창원시,의창구 읍성로 99(소답동),35.2642667,128.6285859
동면자동차정비공업사,경상남도,창원시,의창구 동읍 동읍로 311,35.2997654,128.6684965
킹카정비,경상남도,창원시,의창구 사림로158번길 16-5(사림동),35.2426947,128.6840045
신보광자동차정비,경상남도,창원시,의창구 창이대로107번길 16(명서동),35.24213,128.649142
한양정비공업사,경상남도,창원시,의창구 창이대로95번길 14(명서동),35.241041,128.6484414
그린큐정비공업사,경상남도,창원시,의창구 무역로 497(팔용동),35.2236653,128.6349351
로타리정비공업사,경상남도,창원시,의창구 도계로 27(도계동),35.2608637,128.6350365
에이스정비,경상남도,창원시,의창구 사화로18번길 34(팔용동),35.254516,128.6073664
뉴금강자동차정비,경상남도,창원시,의창구 의안로18번길 7(소답동),35.263165,128.6246677
주연모터스,경상남도,창원시,의창구 차상로150번길 42(팔용동),35.2355548,128.6369712
팔용점 기아오토큐,경상남도,창원시,의창구 사화로10번길 26(팔용동),35.2554827,128.6071187
광석정비세차,경상남도,창원시,"성산구 반지로32번길 21, 104동(반지동)",35.2402242,128.6630458
오너라인정비공업사,경상남도,창원시,의창구 사화로10번길 28(팔용동),35.2553663,128.6070214
모아자동차정비공업사,경상남도,창원시,의창구 창이대로89번길 8(명서동),35.2405628,128.648311
태극모터스,경상남도,창원시,의창구 도계로 55(도계동),35.2596667,128.6376023
명기자동차전문정비,경상남도,창원시,의창구 동읍 의창대로 947-6,35.2802881,128.6935211
영남자동차 정비공업사,경상남도,창원시,의창구 원이대로103번길 11(도계동),35.2544456,128.6383726
백양자동차부분정비,경상남도,창원시,의창구 태복산로23번길 19(도계동),35.2550184,128.6392517
한솔모터스,경상남도,창원시,성산구 안민안길 9(안민동),35.1860841,128.6906034
봉림카센타,경상남도,창원시,의창구 태복산로7번길 24-1(도계동),35.2547096,128.6379485
거제자동차정비공업사,경상남도,창원시,의창구 태복산로23번길 37(도계동),35.2562438,128.6382209
영자동차정비,경상남도,창원시,의창구 의안로 31(중동),35.2643936,128.6238245
한마음정비공업사,경상남도,창원시,의창구 사화로10번길 31-13(팔용동),35.2547441,128.6075827
경남오토,경상남도,창원시,의창구 사화로 286(팔용동),35.2423237,128.6339494
한창정비공업사,경상남도,창원시,의창구 남산로9번길 41(팔용동),35.2612906,128.6154585
광진종합정비,경상남도,창원시,의창구 대산면 진산대로 291,35.326937,128.7139001
화목정비공업사,경상남도,창원시,의창구 사림로158번길 20-17(사림동),35.2434334,128.6837944
태성정비공업사,경상남도,창원시,성산구 상남로192번길 43(신월동),35.226947,128.6917084
MIT정비공업사,경상남도,창원시,의창구 사화로18번길 16(팔용동),35.2557051,128.6084579
한결정비공업사,경상남도,창원시,성산구 상남로202번길 48(신월동),35.2273503,128.6922012
신정인정비공업사,경상남도,창원시,성산구 용호로 120(용호동),35.2382549,128.6841063
진성정비,경상남도,창원시,의창구 무역로581번길 50-2(팔용동),35.232318,128.636262
카오토쓰리부분정비,경상남도,창원시,의창구 팔용로 495(팔용동),35.259856,128.6167889
광명자동차전문정비,경상남도,창원시,성산구 창이대로663번길 5(사파동),35.2257273,128.6993404
토월정비공업사,경상남도,창원시,성산구 신사로35번길 30(신월동),35.2275794,128.6914834
북면자동차정비공업사,경상남도,창원시,의창구 북면 천주로 732,35.3193344,128.6029096
마이카정비공업사,경상남도,창원시,성산구 상남로202번길 43-1(신월동),35.2276305,128.6923384
경남정비공업사,경상남도,창원시,성산구 연덕로184번길 36(내동),35.2170357,128.6691954
그린오토피아정비공업사,경상남도,창원시,성산구 용지로245번길 40(용호동),35.2375995,128.6834521
공임나라 팔용점,경상남도,창원시,의창구 남산로17번길 37(팔용동),35.2608892,128.6155273
네바퀴정비공업사,경상남도,창원시,성산구 용호로 118(용호동),35.2381987,128.6839505
동남정비공업사,경상남도,창원시,성산구 용호로 114(용호동),35.237798,128.683718
감계자동차정비,경상남도,창원시,의창구 북면 중방길 31-4,35.2975264,128.5900209
남산자동차정비공업사,경상남도,창원시,성산구 가양로98번길 18(남양동),35.2071765,128.7041653
신성자동차정비공업사,경상남도,창원시,의창구 대산면 대산북로 663,35.3626223,128.707785
용문자동차정비공업사,경상남도,창원시,의창구 우곡로217번길 14(명서동),35.2399552,128.6490081
스마일카마스타,경상남도,창원시,의창구 사화로 11(팔용동),35.2573612,128.6094207
대도자동차정비만도팔용점,경상남도,창원시,의창구 남산로27번길 3(팔용동),35.259181,128.6132214
미광카타운,경상남도,창원시,의창구 북면 감계로110번길 16-5,35.2980092,128.594036
죽산자동차정비공업사,경상남도,창원시,의창구 동읍 용정길 48,35.278541,128.7047131
은혜자동차정비,경상남도,창원시,의창구 의창대로54번길 6-17(팔용동),35.2552308,128.606783
용호정비공업사,경상남도,창원시,성산구 창이대로464번길 16(용호동),35.2376982,128.6843697
(주)명문,경상남도,창원시,의창구 읍성로 110-1(소답동),35.2630986,128.6282205
기아 주식회사 창원서비스센터,경상남도,창원시,성산구 창원대로 504(대원동),35.2277642,128.6499091
(유)영신정비,경상남도,창원시,성산구 정동로162번길 22(남산동),35.2033355,128.6932548
한국지엠주식회사(GM Korea Company),경상남도,창원시,성산구 성주로 130(성주동),35.1970547,128.7028821
뉴신기자동차정비공업사,경상남도,창원시,"의창구 창원대로 424, 104동(팔용동)",35.2325714,128.6431945
(주)국민정비,경상남도,창원시,의창구 무역로581번길 50-17(팔용동),35.2329373,128.6359123
(주)동아종합정비,경상남도,창원시,의창구 무역로503번길 7(팔용동),35.2247512,128.6350416
타이어프로도계점,경상남도,창원시,의창구 도계로 77(도계동),35.2579302,128.6392116
영한자동차정비공업사,경상남도,창원시,의창구 사화로10번길 30(팔용동),35.2552466,128.6069272
동성자동차정비공업사,경상남도,창원시,성산구 창이대로684번길 1(사파동),35.2232083,128.6996596
애니카랜드토월점,경상남도,창원시,성산구 상남로192번길 41-1(신월동),35.227191,128.6912419
더원모터스,경상남도,창원시,의창구 팔용로 505(팔용동),35.2606384,128.6176196
쌍책카부분정비,경상남도,합천군,쌍책면 황강옥전로 1572,35.5793301,128.2842835
카피아부분정비,경상남도,합천군,율곡면 임북길 4,35.56502,128.1777941
해인종합카센타,경상남도,합천군,가야면 가야시장로 96-7,35.7631999,128.1399093
초계1급자동차정비,경상남도,합천군,초계면 초계중앙로 121,35.5573721,128.2733282
삼가1급검사정비,경상남도,합천군,삼가면 삼가로 153,35.3967161,128.1172335
가야산카써비스,경상남도,합천군,가야면 가야시장로 41,35.7584432,128.1384158
남정카센타,경상남도,합천군,용주면 성산길 13-1,35.5529017,128.1488137
대병카센타,경상남도,합천군,대병면 서부로 1991,35.5210402,128.017659
대성카전문정비,경상남도,합천군,합천읍 대야로 1062,35.5818546,128.1684201
대암카인테리어,경상남도,합천군,합천읍 핫들2로 46,35.5675673,128.1684796
대야카센타,경상남도,합천군,합천읍 대야로 969,35.5744037,128.1656721
르노삼성자동차 지정 정비코너 합천점,경상남도,합천군,합천읍 핫들2로 6,35.5684235,128.1651694
삼광자동차정비,경상남도,합천군,초계면 초계2길 18,35.5576786,128.2673583
수카센타,경상남도,합천군,초계면 동부로 1187,35.5574648,128.2668489
신소양카센타,경상남도,합천군,합천읍 대야로 1006,35.5768221,128.1673313
신한카써비스,경상남도,합천군,대양면 동부로 7,35.5565476,128.1627059
애니카랜드 합천점,경상남도,합천군,합천읍 충효로 110,35.5699036,128.1622342
야로종합카센타,경상남도,합천군,야로면 가야산로 463,35.7145267,128.1670006
영창카서비스,경상남도,합천군,합천읍 강변로 101,35.569233,128.1584577
진양카센타,경상남도,합천군,대양면 동부로 17,35.5565182,128.1636837
초계카부분정비,경상남도,합천군,초계면 초계2길 10-1,35.5584081,128.2672621
타이어프로 합천점,경상남도,합천군,대양면 동부로 27,35.55606,128.164772
한국지엠신합천지정서비스,경상남도,합천군,합천읍 대야로 920-1,35.570408,128.1643818
한국타이어합천대리점,경상남도,합천군,합천읍 대야로 899,35.5686792,128.1631443
합천점 기아오토큐,경상남도,합천군,합천읍 옥산로 134,35.5670558,128.1695954
합천점 현대자동차,경상남도,합천군,합천읍 대야로 932,35.5715036,128.1640673
해인밧데리,경상남도,합천군,가야면 가야산로 1100,35.7621422,128.1401545
현대모터스,경상남도,합천군,야로면 선원우복길 25,35.7090072,128.1687125
묘산카서비스,경상남도,합천군,묘산면 묘산로 162-3,35.6575149,128.1120963
삼창카부분정비,경상남도,합천군,가야면 황산3길 8,35.7615042,128.1382217
신용카부분정비,경상남도,합천군,삼가면 삼가로 344,35.4118673,128.1243404
마창카써비스,경상남도,창원시,마산회원구 구암남1길 55(구암동),35.2431789,128.5904478
중앙카센타,전라북도,임실군,오수면 오수로 84,35.5346362,127.3336432
지사카센타,전라북도,임실군,지사면 충효로 2443-10,35.5647514,127.3577127
차사랑 카샵,전라북도,임실군,오수면 충효로 2054,35.5420767,127.3294452
청웅카센타,전라북도,임실군,청웅면 청웅로 173,35.5710401,127.2026039
코오롱카센타,전라북도,임실군,강진면 호국로 2,35.5289362,127.1601971
한국지엠임실지정서비스,전라북도,임실군,임실읍 수정로 51,35.6172635,127.2912322
한국카센타,전라북도,임실군,강진면 갈담1길 26,35.5312673,127.159267
한길 카쎈타,전라북도,임실군,오수면 오수로 196,35.5414522,127.3259176
현희카쎈타,전라북도,임실군,임실읍 춘향로 2941,35.6324865,127.2881968
희망카쎈타,전라북도,임실군,신덕면 신덕평로 713,35.6737525,127.1614498
(유)새천년모터스공업사,전라북도,임실군,임실읍 호국로 1778,35.6188552,127.2931282
(유)임실모터스,전라북도,임실군,임실읍 춘향로 2999,35.6358171,127.2833992
관촌점.현대자동차,전라북도,임실군,관촌면 춘향로 3443,35.6701884,127.2693579
관촌카센타,전라북도,임실군,관촌면 사선1길 35,35.6753491,127.2704689
광은카공업사,전라북도,임실군,임실읍 호국로 1807,35.6212787,127.2949149
광장 카센타,전라북도,임실군,임실읍 갈마로 1-6,35.6245957,127.2925431
롯데대형카센타,전라북도,임실군,관촌면 춘향로 3322,35.6614946,127.2765633
모터파크,전라북도,임실군,관촌면 슬치1길 2,35.6901503,127.2529964
보성카서비스,전라북도,임실군,임실읍 중동로 45,35.612935,127.2825062
삼계 카쎈타,전라북도,임실군,삼계면 충효로 1288,35.5080937,127.2751829
상원종합카마스타,전라북도,임실군,신평면 가덕로 698,35.6569436,127.2290993
새천년모터스공업사,전라북도,임실군,임실읍 호국로 1778,35.6188552,127.2931282
새천년모터스공업사,전라북도,임실군,임실읍 호국로 1778,35.6188552,127.2931282
성수 밧데리,전라북도,임실군,임실읍 봉황로 209,35.6183569,127.2833757
시온카센터,전라북도,임실군,청웅면 청웅로 183,35.5715601,127.203165
신우카센타,전라북도,임실군,임실읍 봉황로 235,35.6195586,127.2855972
오케이 자동차 정비센터,전라북도,임실군,관촌면 사선1길 22,35.6743479,127.2713654
종합 카 쎈타,전라북도,임실군,오수면 오수4길 27-1,35.5404948,127.328699
카성카센터,경상북도,예천군,예천읍 충효로 150-1,36.6470219,128.4420517
크로바엔진공업사,경상북도,예천군,풍양면 낙상1길 97,36.5076747,128.297493
통명1급자동차정비공장,경상북도,예천군,예천읍 보문로 185,36.6603451,128.4834747
튠업팩토리,경상북도,예천군,예천읍 충효로 242,36.6504501,128.4508053
평강부분정비,경상북도,예천군,"지보면 지풍로 31-4, 102동",36.5300151,128.3741287
평화정비,경상북도,예천군,예천읍 충효로 372,36.6552513,128.4626062
풍양자동차공업사,경상북도,예천군,풍양면 낙상2길 7,36.5078058,128.3022754
한국타이어예천총판,경상북도,예천군,예천읍 봉덕로 28-1,36.6505049,128.4417796
현대정비공장,경상북도,예천군,예천읍 이미기길 13,36.6462839,128.4345054
화신카센타,경상북도,예천군,예천읍 충효로 142,36.6466993,128.4412116
(주)연초현대서비스,경상남도,거제시,연초면 방곡길 3,34.9104956,128.6620738
옥포현대서비(옥포종합정비),경상남도,거제시,옥포로12길 18(옥포동),34.8920982,128.6930027
주식회사 해남정비공업사,경상남도,거제시,고현로 109(고현동),34.887816,128.6244392
송정종합정비,경상남도,거제시,연초면 거제대로 4106,34.9140397,128.6703383
1급 아주종합정비공업사,경상남도,거제시,용소1길 37(아주동),34.8749722,128.6880109
거제자동차검사,경상남도,거제시,거제대로 4903(장평동),34.8886757,128.6017789
한국지엠 거제서비스센터(주),경상남도,거제시,연초면 연하해안로 206,34.8988656,128.6306269
대연자동차정비,경상남도,거제시,연초면 연하해안로 28,34.9072375,128.6441863
금강1급자동차정비,경상남도,거제시,연초면 소오비길 28,34.9004901,128.6300555
세창종합정비(주),경상남도,거제시,연초면 송정5길 112-7,34.9062838,128.6799341
거제제일종합정비(주),경상남도,거제시,연초면 효촌길 12-1,34.9029635,128.6471224
상동자동차정비연초점,경상남도,거제시,연초면 거제북로 78,34.9173913,128.6559327
거제현대서비스,경상남도,거제시,연초면 연하해안로 316,34.9039264,128.6238882
명가모터스,경상남도,거제시,거제중앙로3길 24(상동동),34.875557,128.6275897
경남자동차정비,경상남도,거제시,아주1길 1(아주동),34.8654632,128.6971942
사곡자동차정비,경상남도,거제시,사등면 거제대로 5288,34.9003334,128.562819
현대자동차 상동점,경상남도,거제시,상동1길 18-3(상동동),34.8649646,128.6397897
흥진자동차정비,경상남도,거제시,계룡로 35(상동동),34.8746949,128.6280102
대성자동차마을,경상북도,예천군,예천읍 시장로 170-1,36.6602298,128.4608015
대신카인테리어,경상북도,예천군,예천읍 효자로 27,36.6540665,128.4480065
대원자동차서비스,경상북도,예천군,호명면 봉호로 4229-1,36.5919992,128.4725981
대호카센타,경상북도,예천군,풍양면 상풍로 1455,36.5073815,128.3026625
드림카센타,경상북도,예천군,예천읍 충효로 67,36.6449783,128.4329909
라오닐,경상북도,예천군,예천읍 도립대학길 114,36.6414358,128.4557368
르노삼성자동차지정정비코너예천점,경상북도,예천군,예천읍 시장로 19,36.6521742,128.4480112
만도3급타이어할인점,경상북도,예천군,예천읍 충효로 358,36.6544776,128.4618469
보문고속카센터,경상북도,예천군,보문면 보문로 678,36.6685148,128.5321379
부성카센터,경상북도,예천군,용궁면 경서로 1332,36.616397,128.3167898
서부카,경상북도,예천군,용궁면 용궁로 61,36.6080667,128.2719804
송포자동차공업사,경상북도,예천군,예천읍 양궁로 12,36.6499971,128.4576362
쉐보레예천바로서비스,경상북도,예천군,예천읍 충효로 141,36.6471084,128.4406944
쌍용자동차예천서비스프라자,경상북도,예천군,예천읍 양궁로 56,36.6477586,128.4613878
양궁종합정비공업사,경상북도,예천군,예천읍 양궁로 226,36.6372197,128.4722773
양지카센타,경상북도,예천군,예천읍 양궁로 15-1,36.6504788,128.45797
예천밧데리경정비,경상북도,예천군,예천읍 남본리 196-10,36.6509232,128.4556892
예천자동차공업사,경상북도,예천군,예천읍 충효로 89,36.6456883,128.4353911
예천점 현대자동차,경상북도,예천군,예천읍 충효로 200,36.6496649,128.4461463
예천점기아오토큐,경상북도,예천군,예천읍 충효로 135,36.6468666,128.4403638
예천카센터,경상북도,예천군,용문면 금당실길 51-4,36.6897533,128.4105433
오토오아시스예천점(서울밧데리),경상북도,예천군,지보면 지보로 107,36.5483533,128.39253
용문카센타,경상북도,예천군,용문면 용문사길 376-1,36.7301176,128.3835973
우리동네카센터,경상북도,예천군,예천읍 시장로 32,36.6530765,128.4487714
은풍정비,경상북도,예천군,은풍면 도효자로 864,36.7323114,128.4411615
자동차일번지,경상북도,예천군,예천읍 충효로 304,36.6508335,128.4573131
준 모터스,경상북도,예천군,예천읍 양궁로 70,36.6467534,128.4619744
덕유카센타,경상남도,함양군,서상면 서상로 250,35.678504,127.6877728
고속종합카센타,경상남도,함양군,수동면 수동1길 218-5,35.5259672,127.7845702
한영타이어,경상남도,함양군,함양읍 고운로 306,35.5253174,127.7541281
함양카센타세차장,경상남도,함양군,함양읍 교산샛길 17,35.5230164,127.7337224
안의카-세차,경상남도,함양군,안의면 거함대로 1660,35.6296152,127.8174142
현대종합카센터,경상남도,함양군,함양읍 교산중앙길 48-18,35.5217501,127.7326421
르노삼성자동차지정정비코너함양점,경상남도,함양군,함양읍 한들로 259,35.5297138,127.7345457
안의모터스,경상남도,함양군,안의면 안의도장골길 18,35.6318345,127.8182744
대구카경정비,경상남도,함양군,함양읍 한들로 44,35.5115862,127.7269481
한국지엠함양바로서비스,경상남도,함양군,함양읍 한들로 9,35.5131819,127.7236884
상림자동차정비,경상남도,함양군,함양읍 한들로 105-1,35.5167643,127.7301839
송정카서비스,경상남도,함양군,서상면 서상로 278-10,35.6808906,127.6878281
한국타이어함양산청대리점,경상남도,함양군,함양읍 함양로 1283,35.5315607,127.7348347
함양백연점현대자동차,경상남도,함양군,함양읍 한들로 13,35.5131714,127.7241026
함양24시카센타,경상남도,함양군,함양읍 함양로 1355,35.5366675,127.7392669
스피드메이트 함양점,경상남도,함양군,함양읍 함양초등길 24,35.5214978,127.7236464
예스카대리점,경상남도,함양군,함양읍 고운로 298,35.5247725,127.7529497
쌍용자동차 함양서비스프라자,경상남도,함양군,함양읍 상림1길 18,35.5226424,127.7220611
특급카센터,경상남도,함양군,함양읍 필봉산길 104,35.5242254,127.7276617
대구자동차정비,경상남도,함양군,함양읍 고운로 394,35.5242023,127.7615595
강산모터스,경상북도,예천군,예천읍 충효로 410-6,36.6581268,128.4658062
건영카센타,경상북도,예천군,예천읍 청복리길 3,36.6452736,128.4625553
경도모터스,경상북도,예천군,예천읍 남본리 258-27,36.6505803,128.4512491
경진카써비스,경상북도,예천군,개포면 예지로 1139,36.6112094,128.4146878
기산카써비스,경상북도,예천군,호명면 봉호로 4217,36.5911384,128.4735414
대길카센타,경상북도,예천군,예천읍 한천길 55,36.6573426,128.4604278
대명카써비스,경상북도,예천군,풍양면 낙상2길 23-4,36.5088724,128.3010036
함양화신공업사,경상남도,함양군,함양읍 용평3길 8,35.5206649,127.7315016
함양1급자동차정비공장,경상남도,함양군,함양읍 이은농공길 12,35.5106125,127.7276223
제일1급정비,경상남도,함양군,함양읍 고운로 476-9,35.5265262,127.7706719
완성정비공장,경상남도,함양군,유림면 유림북로 171,35.5137332,127.772854
현대종합자동차정비공업사,경상남도,함양군,수동면 수동1길 218-16,35.5263766,127.785675
천령정비,경상남도,함양군,함양읍 함양로 1255,35.5298052,127.7324659
현대자동차함양점,경상남도,함양군,함양읍 함양로 1262,35.5298207,127.7332024
함양점 기아오토큐,경상남도,함양군,함양읍 함양로 1272,35.5302329,127.7341857
고려카서비스,경상남도,함양군,함양읍 용평3길 7-1,35.5205319,127.7320795
영진카센타,경상남도,함양군,함양읍 고운로 212,35.5220688,127.7443616
삼성오토카서비스,경상남도,함양군,함양읍 함양남서로 1087,35.5122221,127.7306795
할렐루야타이어전문정비,경상남도,함양군,안의면 안의배움길 2,35.6312867,127.8173219
금호타이어대성대리점,경상남도,함양군,함양읍 한들로 50,35.5119279,127.7279258
명성카센타,경상남도,함양군,함양읍 함양로 1239,35.52904,127.7311153
애니카랜드 함양점,경상남도,함양군,함양읍 동위천3길 35,35.515755,127.7287605
우성카센타,경상남도,함양군,함양읍 고운로 231-1,35.5228836,127.7462514
타이어테크 거제점,경상남도,거제시,연초면 연사4길 25-2,34.9101205,128.6448505
티스테이션 거제고현점,경상남도,거제시,계룡로7길 1(고현동),34.8781776,128.6235782
대창전문정비,경상남도,거제시,연초면 소오비2길 1,34.9019303,128.6299794
(주)그랜드타이어 거제지점,경상남도,거제시,거제대로 4598(고현동),34.8926974,128.6341577
경원정비,경상남도,거제시,일운면 거제대로 2801,34.8513191,128.7096294
J모터스,경상남도,거제시,사등면 거제대로 5129,34.8961128,128.5785416
오토엠에스 거제,경상남도,거제시,연초면 송정5길 112-7,34.9062838,128.6799341
K타이어,경상남도,거제시,연초면 효촌길 6,34.9030508,128.6462431
포세이돈,경상남도,거제시,능포로2길 28(능포동),34.873516,128.7319697
타이어8G,경상남도,거제시,거제중앙로 1725(상동동),34.8737528,128.6322121
서정전문정비,경상남도,거제시,거제면 거제남서로 3467,34.8494411,128.5856313
한국타이어 티스테이션 거제연초점,경상남도,거제시,연초면 거제대로 4298,34.9115708,128.6507583
한국타이어 소동점,경상남도,거제시,일운면 거제대로 2591-4,34.8373767,128.6978989
진용카전문정비,경상남도,거제시,거제대로 3803(옥포동),34.8950489,128.6855143
아우라모터스,경상남도,거제시,연초면 연하해안로 40-12,34.9072243,128.6438166
오토오아시스 롯데마트거제점,경상남도,거제시,서간도길 9-9(옥포동),34.8885634,128.6907995
거가자동차,경상남도,거제시,연초면 거제북로 309,34.936964,128.6558292
한국타이어 T-스테이션,경상남도,거제시,옥포로23길 35(옥포동),34.8947939,128.6867545
거제 개인택시 지부카,경상남도,거제시,연초면 죽토로 69,34.9126641,128.6628219
스피드메이트 거제수월점,경상남도,거제시,거제대로 4539(수월동),34.8932616,128.6401264
장목부분정비,경상남도,거제시,장목면 거제북로 1150,34.9859518,128.6798671
선모터스,경상남도,거제시,계룡로 8(상동동),34.8744747,128.6311004
용화모터스&타이어,경상남도,거제시,상동5길 75-10(상동동),34.863358,128.6326012
신진부분정비,경상남도,거제시,고현로 154(고현동),34.8898862,128.6274998
유로모터스,경상남도,거제시,고현로 160-1(고현동),34.89071,128.6280408
타이어 세일,경상남도,거제시,연초면 거제대로 4447,34.9003384,128.6449497
FM motors,경상남도,거제시,아주2로 103(아주동),34.8692549,128.6799644
골드카,경상남도,거제시,수양로 510(양정동),34.8918304,128.63571
오광모터스,경상남도,거제시,장평1로 27-1(장평동),34.8929144,128.6163562
코오롱자동차정비,경상남도,거제시,연초면 거제대로 4500-26,34.897252,128.6398016
금호카전문정비,경상남도,거제시,해명로 3(수월동),34.8964702,128.6426698
소오비모터스,경상남도,거제시,연초면 소오비길 47,34.898856,128.6299741
타이어세일즈 고현점,경상남도,거제시,거제대로 4598(고현동),34.8926974,128.6341577
세계카 부분정비,경상남도,거제시,고현천로 122(고현동),34.8816744,128.6292851
거제상동스피드메이트,경상남도,거제시,수양로 56(문동동),34.8628878,128.6484299
대림카센타,경상남도,거제시,옥포대첩로2길 73-1(옥포동),34.888355,128.6933458
양지카서비스,경상남도,거제시,연초면 효촌길 6,34.9030508,128.6462431
대우아주 부분정비,경상남도,거제시,아주로 9(아주동),34.8669541,128.6926346
JB모터스,경상남도,거제시,수양로 214(양정동),34.8752624,128.6533525
기아오토큐 고현점,경상남도,거제시,계룡로7길 8(고현동),34.8786382,128.622758
한화오션(주),경상남도,거제시,거제대로 3370(아양동),34.864644,128.7012234
동화 전문정비,경상남도,거제시,연초면 연하해안로 502,34.9178426,128.6205447
국일카 부분정비,경상남도,거제시,거제중앙로13길 42(고현동),34.8813489,128.6220592
타이어프로장승포점,경상남도,거제시,능포로 79(능포동),34.871521,128.7292511
오아시스 전문정비,경상남도,거제시,수양로 473(양정동),34.8909785,128.6398296
세길카부분정비,경상남도,거제시,거제중앙로10길 18-6(고현동),34.8813408,128.6290478
경남중기(거제마린),경상남도,거제시,사등면 거제대로 5298,34.9010261,128.5616072
새거제공업사,경상남도,거제시,사등면 지석2길 60-8,34.9083168,128.5132619
e편한자동차정비,경상남도,거제시,동문천로 65(고현동),34.8836438,128.6269681
현대자동차블루핸즈 연초점,경상남도,거제시,연초면 거제대로 4453,34.9001258,128.6448247
쌍용자동차상동서비스프라자,경상남도,거제시,계룡로 17(상동동),34.874092,128.6299733
타이어프로 수월점,경상남도,거제시,수양로 454-9(수월동),34.8935844,128.6411682
T스테이션 한국타이어 옥포점,경상남도,거제시,옥포로24길 35(옥포동),34.8960372,128.6943243
타이어테크 신현점,경상남도,거제시,해명로 7(수월동),34.896031,128.6428558
조은카써비스,경상남도,거제시,옥포로22길 34(옥포동),34.8953421,128.6942726
한국지엠상동지정서비스,경상남도,거제시,계룡로2길 34(상동동),34.8769208,128.6287594
상화카 부분정비,경상남도,거제시,연초면 소오비길 35,34.8997649,128.6298835
티에스이 모터스,경상남도,거제시,거제대로 4909(장평동),34.8887107,128.6011529
타이어프로 상동점,경상남도,거제시,거제중앙로 1717(상동동),34.8731879,128.632724
the 열정,경상남도,거제시,연초면 효촌길 20,34.9035729,128.6474103
기아오토큐 장평점,경상남도,거제시,거제대로 4943-3(장평동),34.8891333,128.5973489
우리카 부분정비,경상남도,거제시,장평1로 158(장평동),34.8915718,128.6038677
경남카 부분정비,경상남도,거제시,사등면 견내량1길 3-2,34.8836947,128.4779186
르노코리아자동차 서비스코너 장평점,경상남도,거제시,장평1로 95(장평동),34.893411,128.6106881
대주카 부분정비,경상남도,거제시,연초면 연하해안로 387,34.9079854,128.6177739
통일카클리닉 부분정비,경상남도,거제시,옥포로7길 23(옥포동),34.8879624,128.6924374
고현로점 현대자동차,경상남도,거제시,고현로 14-61(고현동),34.883391,128.629574
성민카클리닉,경상남도,거제시,옥포중앙로 21-1(옥포동),34.896035,128.6882706
다수리 부분정비,경상남도,거제시,연초면 연하해안로 198-5,34.8990724,128.6313735
쌍용서비스프라자 거제코너,경상남도,거제시,수양로 454-24(수월동),34.8944486,128.6420099
애니카랜드옥포점(스타카),경상남도,거제시,옥포성안로 48(옥포동),34.8906411,128.6946294
털보카 부분정비,경상남도,거제시,신부로 38(장승포동),34.8700288,128.730963
울산카 부분정비,경상남도,거제시,중곡2로4길 17(고현동),34.8939789,128.6268539
장승포 부분정비,경상남도,거제시,신부로3길 12-1(장승포동),34.8683609,128.7302626
뉴대양 부분정비,경상남도,거제시,일운면 거제대로 2519,34.8312734,128.7004785
현대자동차 거제서정점,경상남도,거제시,거제면 읍내로 104,34.8530749,128.587613
원+원 카클리닉,경상남도,거제시,아주로 16(아주동),34.8668237,128.6919045
재수좋은날 부분정비,경상남도,거제시,계룡로7길 5(고현동),34.878998,128.6228982
승진종합카써비스(애니카랜드),경상남도,거제시,장평3로 5(장평동),34.8893435,128.6088197
르노코리아 자동차 서비스코너 거제점,경상남도,거제시,연초면 효촌길 14,34.9034586,128.6469447
창성카서비스,경상남도,거제시,중곡2로4길 16(고현동),34.8940756,128.6265344
대동카클리닉,경상남도,거제시,두모길 3-20(두모동),34.8712786,128.7203527
N모터스,경상남도,거제시,계룡로 7(상동동),34.8741504,128.6309239
선한카센타,경상남도,거제시,거제중앙로 1780(상동동),34.8778052,128.6289387
레이싱카 부분정비,경상남도,거제시,연초면 소오비길 11-15,34.8993868,128.6302775
한국지엠 옥포지정 서비스,경상남도,거제시,아주1로 39(아주동),34.8660932,128.688589
티스테이션 신현점,경상남도,거제시,거제대로 4541(수월동),34.8931068,128.639953
스피드메이트 거제점,경상남도,거제시,장평3로 18(장평동),34.8901912,128.6093909
사등모터월드,경상남도,거제시,사등면 지석2길 20,34.9073947,128.5150269
마린자동차정비,경상남도,거제시,능포로14길 11(능포동),34.8838839,128.7382676
동광자동차정비공업사,경상남도,거제시,사등면 두동로 74,34.895145,128.5685193
오비자동차정비,경상남도,거제시,연초면 소오비길 26,34.9005117,128.6307152
남문정비,경상남도,거제시,거제대로 3413(아주동),34.8658662,128.6966392
한국자동차정비,경상남도,거제시,사등면 언양로 566,34.9019933,128.554058
문성자동차종합정비,경상남도,거제시,옥포성안로 67(옥포동),34.8923135,128.694465
거제밧데리,경상남도,거제시,거제면 읍내로 31,34.8492508,128.592372
서울카튠업,경상남도,거제시,옥포로6길 42-1(옥포동),34.8931707,128.6958223
건용카서비스,경상남도,거제시,옥포중앙로 93(옥포동),34.8965948,128.6963043
서문자동차전문정비,경상남도,거제시,거제대로 3511(아주동),34.8719727,128.69042
남문카서비스,경상남도,거제시,거제대로 3413(아주동),34.8658662,128.6966392
모터하우스,경상남도,거제시,수양로 454-15(수월동),34.8938492,128.641197
25시 카닥터 부분정비,경상남도,거제시,옥포성안로 18(옥포동),34.8880212,128.6939034
바른카센타,경상남도,거제시,계룡로 186(고현동),34.8856915,128.6192202
동성카 부분정비,경상남도,거제시,중곡1로2길 27(고현동),34.8947874,128.6282959
바로바로카서비스,경상남도,거제시,옥포로20길 44(옥포동),34.894859,128.6955242
현대자동차 옥포점,경상남도,거제시,거제대로 3702(옥포동),34.8878394,128.692507
신풍 부분정비,경상남도,거제시,연초면 소오비길 43-2,34.899305,128.6302578
옥포 부분정비,경상남도,거제시,장목면 율천대금길 104,34.9689078,128.6993244
무림카 서비스,경상남도,거제시,고현로 58(고현동),34.8858767,128.6192935
화양카 부분정비,경상남도,거제시,사등면 성포로 73,34.9165176,128.5201974
고현 부분정비,경상남도,거제시,중곡2로6길 29(고현동),34.8929353,128.6294343
세영카 부분정비,경상남도,거제시,장평로 70(장평동),34.8913034,128.6097924
신용카 부분정비,경상남도,거제시,거제면 거제남서로 3436,34.8479751,128.5886171
애니카랜드고현점(이유카),경상남도,거제시,중곡2로4길 33(고현동),34.8925435,128.6266559
옥포점 기아오토큐,경상남도,거제시,거제대로 3796(옥포동),34.8945885,128.6868308
능포카서비스,경상남도,거제시,능포로 160(능포동),34.8776255,128.7328611
21세기카 부분정비,경상남도,거제시,연초면 국산로 13,34.9055013,128.6841764
연초카 부분정비,경상남도,거제시,연초면 거제북로 51,34.9151737,128.6548234
애니카랜드 양덕점,경상남도,창원시,마산회원구 합포로 310(양덕동),35.2248729,128.587734
삼일카부분정비,경상남도,창원시,마산회원구 내서읍 중리2길 53,35.2494016,128.5102145
대화 타이어,경상북도,경주시,외동읍 산업로 2246,35.7120858,129.3209126
우수부분정비공업사,경상북도,경주시,외동읍 관문로 1220,35.6795904,129.3145919
현일 자동차 정비,경상북도,경주시,외동읍 산업로 2272,35.7139151,129.3196753
경동정비,경상북도,경주시,안강읍 안현로 1489-1,35.9881057,129.2275598
케이지모빌리티충효서비스프라자,경상북도,경주시,태종로 410(충효동),35.844471,129.1750834
애니카랜드 감포점,경상북도,경주시,감포읍 동해안로 2246,35.8061281,129.4976366
오토서비스경주점,경상북도,경주시,공단로 97(용강동),35.8734415,129.224863
SKY 모터샵,경상북도,경주시,황성로28번길 5(황성동),35.865681,129.2148912
오토클럽,경상북도,경주시,원화로 455(황성동),35.8612289,129.2203356
서라벌자동차정비공업사,경상북도,경주시,산업로 3533(동방동),35.806829,129.2595396
한국지엠경주용강지정서비스,경상북도,경주시,양정로 315(용강동),35.860873,129.2239093
르노코리아자동차서비스코너경주점,경상북도,경주시,소금강로61번길 81(용강동),35.8665288,129.2234938
대동카24시,경상북도,경주시,건천읍 단석로 1858,35.8409583,129.088724
보스카정비,경상북도,경주시,소금강로61번길 3(용강동),35.8602985,129.2267521
오케이카클리닉,경상북도,경주시,내외로 1500-5,35.7499029,129.2003572
동국카,경상북도,경주시,충효중앙길 96(충효동),35.8447928,129.1808614
두산정비공업사,경상북도,경주시,금성로319번길 29-8(성건동),35.8459249,129.2034759
승진자동차정비공장,경상북도,경주시,탈해로 32(동천동),35.8488142,129.2292205
안승자동차3급정비공업사,경상북도,경주시,대경로 4405(광명동),35.8193297,129.1474492
만호자동차정비공업사,경상북도,경주시,건천읍 용명공단길 26,35.8525811,129.1037504
동명모터샵,경상북도,경주시,안강읍 비화중로 53,35.9925259,129.2188217
내남자동차정비,경상북도,경주시,내남면 반구대로 2980,35.7408464,129.2042492
드림모터스,경상북도,경주시,초당길15번길 22-1(동천동),35.8469645,129.2323153
77카센타,경상북도,경주시,외동읍 산업로 2886,35.7675308,129.3099853
월성카,경상북도,경주시,양남면 동해안로 568,35.6931447,129.4733834
범아정비,경상북도,경주시,외동읍 관문로 1250,35.6802393,129.3175816
로드매너저,경상북도,경주시,동천로60번길 13(동천동),35.8532293,129.2280486
GM대우경주중부바로정비,경상북도,경주시,북문로 6(성건동),35.849756,129.2031141
대흥타이어,경상북도,경주시,서면 대경로 3241,35.8940384,129.0620697
한국타이어 경주영업소,경상북도,경주시,금성로 263(노서동),35.8411043,129.206802
현대자동차 안강점,경상북도,경주시,안강읍 안강중앙로 40-1,35.9952635,129.2045268
타이어테크 외동점,경상북도,경주시,외동읍 산업로 1866,35.6805555,129.3328909
성지모터스,경상북도,경주시,북문로 83(성건동),35.8503299,129.2116452
양남종합카,경상북도,경주시,양남면 동해안로 602,35.6961654,129.4734401
애니오토,경상북도,경주시,초당길 111(동천동),35.8474699,129.2344249
기아자동차 오토큐 외동점,경상북도,경주시,외동읍 산업로 2213,35.7096376,129.3230795
공임천국 터보카정비,경상북도,경주시,현곡면 용담로 496,35.88629,129.1774958
현대블루오토,경상북도,경주시,구매3길 1-8(시래동),35.7719765,129.304508
그린자동차재활산업,경상북도,경주시,외동읍 구어들밑길 28,35.6938568,129.312826
HT모터스,경상북도,경주시,외동읍 산업로 2135,35.7037654,129.3272595
오토렉스 자동차전문정비소,경상북도,경주시,"외동읍 문산공단안길 26-4, C동",35.6690842,129.3257762
김반장현대모터스,경상북도,경주시,태종로 464(충효동),35.8428615,129.1805742
JH모터스,경상북도,경주시,안강읍 화전길 90,35.9919975,129.2091221
보성엔진,경상북도,경주시,외동읍 모화산단길 5,35.6805452,129.3249592
태선 자동차 부분정비,경상북도,경주시,외동읍 산업로 2762-5,35.7570583,129.3150125
철강 카 센터,경상북도,경주시,양정로 96(황오동),35.8440413,129.2229761
영신 모터스,경상북도,경주시,건천읍 내서로 1186,35.8443299,129.1079735
경주 카114,경상북도,경주시,첨성로 21(사정동),35.8331969,129.2045419
경북 자동차 정비,경상북도,경주시,천북면 천북로 176,35.8969129,129.2520018
미쉐린 타이어 태성총판,경상북도,경주시,외동읍 산업로 2022,35.6945045,129.3321615
88카인터리어,경상북도,경주시,임해로96번길 1(구황동),35.8402735,129.2292288
강변카모터스,경상북도,경주시,안강읍 안강시장길 54,35.9878932,129.2223617
삼영정비공업사,경상북도,경주시,강동면 강동산단로 65,35.9561117,129.3116942
J모터스&타이어,경상북도,경주시,알천남로 260(황오동),35.845022,129.2264908
The VIP,경상북도,경주시,공단로 34(황성동),35.8746769,129.2174831
올라이드(All RlDE),경상북도,경주시,재동길 52(충효동),35.8456998,129.1671101
통큰타이어,경상북도,경주시,화랑로 26(성건동),35.8445435,129.2034473
중앙자동차정비,경상북도,경주시,강변로 190,35.8405562,129.2020744
스마트오일충효점,경상북도,경주시,충효구획2길 32(충효동),35.8469865,129.1684085
대동토탈카타이어,경상북도,경주시,태종로 464(충효동),35.8428615,129.1805742
달성정비,경상북도,경주시,안강읍 안현로 2003,36.0338719,129.2291709
현대카서비스,경상북도,경주시,양남면 나아3길 6-4,35.7008216,129.4701244
경동모터샵,경상북도,경주시,용황로6길 20(용강동),35.8813058,129.2252446
카 포인트,경상북도,경주시,현곡면 금장4길 23,35.8656185,129.2009507
차고집,경상북도,경주시,알천남로 68(성건동),35.8556789,129.2099964
(주)황실타이어,경상북도,경주시,산업로 4417,35.8739153,129.2256995
동득3급자동차부분정비,경상북도,경주시,충효녹지길 138(충효동),35.8449794,129.1764706
골드정비,경상북도,경주시,소금강로61번길 45(용강동),35.8636126,129.224895
T.B.K휠얼라이먼트,경상북도,경주시,외동읍 산업로 2075,35.6990713,129.3288977
오디오클럽,경상북도,경주시,갓뒤길 19(황성동),35.8712506,129.2180488
천포카센타,경상북도,경주시,건천읍 천포방내길 2,35.8461851,129.0977493
개인택시정비센타,경상북도,경주시,부엉길 9-5(석장동),35.8492058,129.1972483
외동정비카센타,경상북도,경주시,외동읍 산업로 2246,35.7120858,129.3209126
티스테이션 안강점,경상북도,경주시,안강읍 호국로 2632,35.9969237,129.1984336
강동카써비스,경상북도,경주시,강동면 강동로 8-16,35.9882374,129.2756365
벽산카서비스,경상북도,경주시,외동읍 산업로 2110,35.7019943,129.3288845
씽씽모터샵,경상북도,경주시,안강읍 화전중앙길 15,35.9922202,129.2158933
삼진택시(주),경상북도,경주시,공단로 84(황성동),35.8728313,129.2222469
박카스정비센터,경상북도,경주시,건천읍 내서로 1147,35.847153,129.1056271
태양자동차정비,경상북도,경주시,외동읍 산업로 2016,35.693908,129.3323896
현대기공정비,경상북도,경주시,외동읍 산업로 2021,35.6943103,129.3312938
일봉대형정비,경상북도,경주시,안강읍 호국로 2387,35.9925663,129.1727756
동남카센타,경상북도,경주시,산업로 2896(시래동),35.7681475,129.3093851
용강정비,경상북도,경주시,유림로13번길 165(용강동),35.8773805,129.2268985
용황모터스,경상북도,경주시,현진앞3길 34(황성동),35.883024,129.2212822
효문밧데리부분정비,경상북도,경주시,외동읍 산업로 2116,35.7025648,129.3286926
일등타이어 경주점,경상북도,경주시,금성로 348(서부동),35.8487646,129.2071245
엔디알(NDR) 자동차정비,경상북도,경주시,양정로324번길 9(용강동),35.8619834,129.224635
대성자동차정비,경상북도,경주시,양남면 하서중앙길 55,35.6759732,129.4627846
경주타이어,경상북도,경주시,토용길 39(용강동),35.8659851,129.2235224
서라벌 타이어·정비,경상북도,경주시,용황로14길 6(용강동),35.8817728,129.2295701
(주)대양씨엔에스,경상북도,경주시,천북면 천북로 79,35.8911184,129.2450936
대양카프라자,경상북도,경주시,현진앞3길 55(황성동),35.8824051,129.2190835
차조은서비스,경상북도,경주시,안강읍 구부랑길 33,36.0005305,129.1962841
동천현대모터스,경상북도,경주시,백률로57번길 6-7(동천동),35.8573134,129.2263782
카플라자,경상북도,경주시,용황로11길 6-14(용강동),35.8830469,129.230467
MB모터스,경상북도,경주시,유림로5번길 153(용강동),35.8809872,129.2253165
오케이 카센터,경상북도,경주시,백률로 77(동천동),35.8568303,129.2278232
국가대표1등타이어 경주점,경상북도,경주시,원화로 515(용강동),35.8663657,129.2225459
남호모터스,경상북도,경주시,알천남로 306(구황동),35.8427307,129.230957
태명카정비,경상북도,경주시,태종로 436(충효동),35.8437491,129.1778921
현대정비,경상북도,경주시,양정로 35,35.8389067,129.2221598
애니카랜드 성건점,경상북도,경주시,금성로 382,35.8516472,129.2072082
진원모터스,경상북도,경주시,양정로 155-18(성동동),35.8485649,129.2206548
DY동양,경상북도,경주시,천북면 천북산단로 29,35.9326435,129.2720552
넥센타이어 불국점(현대카),경상북도,경주시,산업로 2988(시래동),35.7738174,129.3021992
덕우 자동차 전문정비,경상북도,경주시,충효구획길 6(충효동),35.8463952,129.170475
TDC garage,경상북도,경주시,대경로 4443-2(광명동),35.8192026,129.1516142
우방금호카서비스,경상북도,경주시,안강읍 구부랑4길 3,36.0016733,129.1963103
모터피아 자동차 정비,경상북도,경주시,양정로 203(동천동),35.8507999,129.2239226
카스피탈,경상북도,경주시,산업로 2989(시래동),35.7736564,129.3013098
그 오토바이 가게,경상남도,창원시,"진해구 돌리로6번길 4, 1층(석동)",35.1584498,128.7005791
덕수자동차정비,경상남도,창원시,진해구 명제로 117(죽곡동),35.1050838,128.7167728
주식회사 대동유로모터스,경상남도,창원시,진해구 안골로108번길 120(안골동),35.0854453,128.7835708
오토오아시스 롯데마트 진해점,경상남도,창원시,진해구 진해대로 762(석동),35.1582109,128.6987865
통운종합정비공장,경상남도,창원시,진해구 안골로108번길 28(안골동),35.0918084,128.7904494
타이어프로 천우신항점,경상남도,창원시,진해구 신항4로 42-21(용원동),35.0873094,128.8206669
명성정비,경상남도,창원시,"진해구 용원서로 30, 101호(용원동)",35.100198,128.813145
쌍둥 카센터,경상남도,창원시,진해구 용재로 91(용원동),35.1006632,128.8196643
(주)한타신항1급종합정비,경상남도,창원시,"진해구 신항10로 98, 정비1동(남문동)",35.0911263,128.7771733
NH모터스,경상남도,창원시,진해구 안골로 72-10(용원동),35.091147,128.7890955
터미널밧데리,경상남도,창원시,진해구 안골로 82-13(안골동),35.0920151,128.7901106
동경부분종합정비,경상북도,경산시,남천면 남천로 773,35.7870174,128.7304972
동강카써비스,경상북도,경산시,와촌면 동강길 2,35.954353,128.8341648
남산카써비스,경상북도,경산시,경산로 67(옥곡동),35.8149101,128.7313492
현대카매니저,경상북도,경산시,하양읍 대경로 672,35.9082585,128.8151623
XTTM스포츠,경상북도,경산시,자인면 자인공단3로 13,35.824773,128.8233941
제이모터스,경상북도,경산시,하양읍 조산천서길 17,35.9150805,128.8231986
박윤자동차시스템,경상북도,경산시,백양로33길 11-2(사동),35.8127171,128.7593485
조양카3급부분정비,경상북도,경산시,자인면 일연로 350,35.8412293,128.8085754
DH모터스,경상북도,경산시,경산로 159-1(옥산동),35.8225791,128.7270921
J-모터스,경상북도,경산시,강변동로 68(서상동),35.8170786,128.7342968
오일하우스 하양점,경상북도,경산시,하양읍 대경로 670,35.9081806,128.8148183
차사랑모터라이프,경상북도,경산시,중앙로17길 22(중방동),35.8252377,128.735504
경북드림모터스,경상북도,경산시,와촌면 하양로 529,35.9286324,128.8608693
제일 경정비,경상북도,울릉군,울릉읍 울릉순환로 612,37.4726323,130.887553
현대서비스 울릉 대형점,경상북도,울릉군,북면 울릉순환로 2386,37.5168522,130.8157206
울릉자동차정비공장,경상북도,울릉군,울릉읍 저동4길 33-12,37.5042896,130.9127462
곰돌이 경정비,경상북도,울릉군,울릉읍 도동길 253-6,37.4841752,130.8984258
울릉서비스 기아오토큐,경상북도,울릉군,울릉읍 무릉길 205,37.4811673,130.8969783
호마카정비,경상북도,울릉군,울릉읍 울릉순환로 76,37.5016551,130.9149212
동화정비,경상북도,울릉군,서면 남양길 91,37.4701027,130.8398213
울릉 현대 상용 서비스,경상북도,울릉군,울릉읍 사동2길 139,37.4817151,130.8900618
평화자동차공업사,전라북도,장수군,장수읍 장천로 200,35.6499679,127.5195069
호남카센타,전라북도,장수군,번암면 장수로 510,35.5338392,127.5426451
금호타이어,전라북도,장수군,장수읍 싸리재로 22,35.6487515,127.5212378
기아오토큐,전라북도,장수군,장계면 한들1길 2,35.732749,127.5802611
원촌카공업사,전라북도,장수군,계북면 양악길 3,35.8133563,127.63149
산서 카센터,전라북도,장수군,산서면 비행로 15,35.5857527,127.3949829
장수 현대 자동차 공업사,전라북도,장수군,장수읍 백장로 2161,35.6429226,127.5158804
창동철정비마당,전라북도,장수군,장계면 한들로 7,35.7370774,127.5774737
조은카서비스,전라북도,장수군,장수읍 장천로 224,35.6521123,127.5200416
1급 서울자동차공업사,전라북도,장수군,장수읍 장천로 287-4,35.6578842,127.5205313
애니카랜드 장수점,전라북도,장수군,장수읍 장수북동길 19,35.6479172,127.516357
금호타이어 장계점,전라북도,장수군,계남면 장무로 148-3,35.7243805,127.5834836
장계 카센타,전라북도,장수군,장계면 한들로 58,35.7328186,127.5793809
케이원모터스,경상남도,거창군,거창읍 소만3길 14-19,35.6930382,127.920721
거창점 기아 오토큐,경상남도,거창군,거창읍 공수들7길 14,35.685804,127.9005913
성민카부분정비,경상남도,거창군,거창읍 거함대로5길 47,35.6827692,127.9205816
"선진정비,선진렉카",경상남도,거창군,거창읍 창동로 99,35.6861445,127.9212141
천일자동차부분정비,경상남도,거창군,거창읍 강양4길 36,35.6903386,127.9194621
르노삼성자동차 지정정비코너 상림점,경상남도,거창군,거창읍 공수들7길 17,35.6861014,127.9006706
AS카 전문정비,경상남도,거창군,거창읍 강남로 122-1,35.6830312,127.9109138
신창카부분정비,경상남도,거창군,거창읍 강남로 98-1,35.6828882,127.9083293
한길카24시 부분정비,경상남도,거창군,거창읍 가조가야로 8,35.6948825,127.9205681
스피드메이트 거창점,경상남도,거창군,거창읍 거열로 198,35.6907581,127.9153767
한솔 모터스,경상남도,거창군,거창읍 거창대로 9,35.6825745,127.9176397
르노삼성자동차서비스코너 거창점,경상남도,거창군,거창읍 대평3길 23,35.6838152,127.9211794
신성모터스(S.S Motors),경상남도,거창군,거창읍 강남로1길 85-1,35.6822064,127.9050071
비손카에어컨,경상남도,거창군,거창읍 강남로 230-8,35.6864083,127.9217329
서흥여객자동차주식회사,경상남도,거창군,거창읍 밭들길 33,35.6856525,127.9223872
타이어 직매장,경상남도,거창군,거창읍 창남2길 10,35.6818208,127.9171231
오토라인,경상남도,거창군,거창읍 장팔길 53,35.678197,127.9093148
AB모터스,경상남도,거창군,거창읍 거함대로 3177,35.6803939,127.9094052
탑 현대카센터,경상남도,거창군,거창읍 창동로 92,35.6855111,127.9218282
대성자동차정비공업사,경상남도,거창군,거창읍 밤티재로 1316,35.6726522,127.931897
거창타이어,경상남도,거창군,거창읍 강남로 72,35.6825813,127.9051791
거창자동차종합정비,경상남도,거창군,거창읍 밤티재로 1268,35.6681589,127.9321117
거창고속(주)정비공장,경상남도,거창군,거창읍 강남로 236,35.6861604,127.9230039
CARSTOP(카스탑),경상남도,거창군,거창읍 동동6길 6,35.6887947,127.920548
딸부자 게러지(소형정비공장),경상남도,거창군,남상면 승강기길 63-9,35.6535499,127.931567
현대카브레다,경상남도,거창군,거창읍 강남로 52,35.6825203,127.9029518
으뜸자동차부분정비,경상남도,거창군,거창읍 거함대로5길 23,35.6824611,127.919424
오토월드부분정비,경상남도,거창군,거창읍 거창대로 7,35.682434,127.9177106
고제부분정비,경상남도,거창군,고제면 고제로 43,35.8126438,127.8729533
동성카부분정비,경상남도,거창군,거창읍 대평5길 71,35.6851945,127.9211594
영도부분정비,경상남도,거창군,거창읍 주곡로 21,35.6969091,127.9192454
현대자동차 거창점,경상남도,거창군,거창읍 가조가야로 16,35.6951645,127.9212976
카카오토 자동차 정비,경상남도,거창군,거창읍 수남로 2238-1,35.6788134,127.9118971
우주카센터,경상남도,거창군,가조면 의상봉길 8,35.707191,128.0168837
서부부분정비,경상남도,거창군,거창읍 창동로 179-1,35.6932762,127.9196261
신한카부분정비,경상남도,거창군,거창읍 거열로 220,35.6917755,127.9172539
대원카프라쟈,경상남도,거창군,거창읍 중앙로 9,35.6846886,127.8997225
한국지엠거창바로서비스,경상남도,거창군,거창읍 가조가야로 12,35.6952145,127.9210705
카매니져,경상남도,거창군,거창읍 거열로 135,35.6892518,127.9085589
오토프라자,경상남도,거창군,거창읍 거함대로 3209,35.6806107,127.91274
7.3카부분정비,경상남도,거창군,거창읍 강남로 118-1,35.6829505,127.9104377
현대자동차 블루핸즈 송정점,경상남도,거창군,거창읍 강남로 70,35.6825956,127.9050205
쌍용자동차거창서비스프라자,경상남도,거창군,거창읍 강남로 124,35.6830168,127.9110649
스피드클럽,경상남도,거창군,거창읍 강양4길 43,35.6905315,127.9194893
아림자동차부분정비,경상남도,거창군,거창읍 수남로 2224,35.6774118,127.9115472
한국지엠거창중앙바로서비스,경상남도,거창군,거창읍 공수들7길 56,35.6860062,127.9028902
우승카랜드,경상남도,거창군,거창읍 강남로 92,35.6827882,127.907545
애니카랜드 거창점,경상남도,거창군,거창읍 거함대로 3185,35.6804239,127.9102241
천하카서비스,경상남도,거창군,거창읍 주곡로 499,35.7383476,127.9235867
남한정비,경상남도,거창군,거창읍 밤티재로 1262,35.6677157,127.931921
신한정비공업사,경상남도,거창군,거창읍 밤티재로 1310,35.6721112,127.9319583
거창고속(주)정비공장,경상남도,거창군,거창읍 강남로 236,35.6861604,127.9230039
예찬자동차공업사,전라북도,장수군,장계면 장무로 260,35.7340852,127.5838754
정진공업사,전라북도,장수군,장계면 문화로 45-14,35.7334294,127.5884089
경동카센타,전라북도,장수군,번암면 장수로 143,35.5059275,127.5285957
대림자동차공업사,전라북도,무주군,무풍면 대덕산로 905,35.9677336,127.8447935
제일공업사경정비,전라북도,무주군,무풍면 대덕산로 921,35.9682251,127.8463777
㈜무주리조트차량정비고,전라북도,무주군,설천면 만선로 185,35.8909659,127.736541
가람카센타,전라북도,무주군,무주읍 단천로 180,36.0084277,127.6708614
중도카센타,전라북도,무주군,설천면 구천동로 1041,35.9065011,127.7616891
(주)우진모터스,경상남도,창원시,진해구 명제로 499(제덕동),35.1031148,128.7408315
장계1급 자동차 정비공업사,전라북도,장수군,장계면 원무농길 5,35.7398514,127.5747669
현대장수서비스,전라북도,장수군,계남면 장무로 155,35.7250211,127.5831206
금호타이어구천동대리점,전라북도,무주군,설천면 하평지길 3,36.0108602,127.7866784
무주점 기아오토큐,전라북도,무주군,무주읍 당산강변로 216,36.0053443,127.6647458
무풍카센타,전라북도,무주군,무풍면 현내로 174,35.9692831,127.8444182
일공사카센타,전라북도,무주군,안성면 안성로 315,35.869427,127.6556428
삼성공업사,전라북도,무주군,적상면 서창로 28,35.9510842,127.6645905
덕유카세차장,전라북도,무주군,안성면 안성로 320,35.8691782,127.6561688
무주점현대자동차,전라북도,무주군,무주읍 한풍루로 295,36.0034956,127.6583703
강래구자동차공업사,전라북도,무주군,무주읍 한풍루로 276,36.0022586,127.6563111
무주자동차공업사,전라북도,무주군,무주읍 무금로 200,35.987767,127.6310214
25시카센타,전라북도,무주군,무주읍 평촌길 17,35.9799673,127.6496963
대신종합카,전라북도,무주군,무주읍 한풍루로 401,36.0051169,127.6700107
드림카서비스,전라북도,무주군,무주읍 단천로 52,36.0071275,127.6570156
예그린카서비스,전라북도,무주군,무주읍 단천로 195,36.0092301,127.6723456
우리카센타,전라북도,무주군,설천면 구천동로 1078,35.9091801,127.7598419
덕유카센터,전라북도,무주군,안성면 안성로 321,35.8696397,127.6562449
반딧불 카센타,전라북도,무주군,설천면 무설로 1552,36.0114841,127.7846212
우림세차정비,경상남도,창원시,마산합포구 자산남로 27(자산동),35.2025986,128.564754
일신카센타,전라북도,무주군,설천면 무설로 1644,36.0051438,127.790304
금호타이어안성대리점,전라북도,무주군,안성면 안성로 334,35.869338,127.6577742
당근모터스,전라북도,무주군,무주읍 무학로 213,36.0288875,127.6719226
킹모터스,전라북도,무주군,무주읍 한풍루로 300-5,36.0032378,127.6592421
경남모터스 주식회사,경상남도,창원시,마산회원구 내서읍 중리공단로 143,35.2438138,128.5111584
오렌지모터스,경상북도,경산시,진량읍 다문로 77,35.8755918,128.8193812
우방카센타,경상북도,경산시,하양읍 동서길 1,35.917229,128.8184855
스카이모터스,경상북도,경산시,와촌면 금송로 369,35.9425039,128.8343275
신영상사,경상북도,경산시,경산로 265(중산동),35.8315414,128.7228634
카테크,경상북도,경산시,경안로 96(삼남동),35.8162758,128.7389997
대복카서비스,경상북도,경산시,장산로 276(사동),35.8166878,128.7539763
삼거리카센타,경상북도,경산시,진량읍 공단11로6길 66,35.8774208,128.8431984
우리마을카센터,경상북도,경산시,자인면 설총로 888,35.8156336,128.826749
대성카서비스,경상북도,경산시,"하양읍 대경로 117, 202동",35.8808784,128.7670061
대현모터스,경상북도,경산시,백자로 141(사동),35.8175114,128.7592119
금호카부분정비,경상북도,경산시,계양로 46(계양동),35.819731,128.7481948
스피드메이트(정평점),경상북도,경산시,대평길1길 15(대평동),35.8400702,128.7323206
동훈카모터스,경상북도,경산시,"경청로 1067, 108동(백천동)",35.8005912,128.7370325
우리 타이어 부분정비,경상북도,경주시,외동읍 산업로 2470,35.7311047,129.3211102
현대카센타,경상북도,경주시,양북면 경감로 2474,35.7928839,129.4436173
프라미스랜드,경상북도,경주시,용담로116번길 4(황성동),35.8651553,129.2095138
새대구 정비,경상북도,경주시,봉황로 173(성건동),35.8551101,129.2099982
성건자동차정비,경상북도,경주시,탈해로 44(동천동),35.8498247,129.2292532
만남자동차정비,경상북도,경주시,외동읍 산업로 2153-8,35.7052639,129.3263881
스피드 메이트 충효점,경상북도,경주시,태종로 418(충효동),35.8442969,129.1758786
천북카서비스,경상북도,경주시,천북면 동산3길 7,35.8960894,129.2687336
월드카부분정비,경상북도,의성군,의성읍 북부길 13,36.3573263,128.6934266
비안카센터,경상북도,의성군,비안면 강변길 41-7,36.3378307,128.4889303
에이스부분정비,경상북도,의성군,의성읍 북부길 40,36.3594834,128.6923231
KG모빌리티의성서비스프라자,경상북도,의성군,의성읍 경북대로 5742,36.3540056,128.6820433
애니카랜드의성점,경상북도,의성군,의성읍 북원2길 33-4,36.3596036,128.6967204
부성부분정비,경상북도,의성군,단촌면 신기길 32,36.4243386,128.6713141
금호타이어 의성대리점,경상북도,의성군,의성읍 북부길 39,36.3593119,128.6919899
의성마늘카센타,경상북도,의성군,의성읍 북부길 129,36.3653331,128.6856715
달곰 타이어,경상북도,의성군,안계면 서부로 1657,36.3847784,128.4430677
제일종합모터스,경상북도,의성군,의성읍 홍술로 89-13,36.3558018,128.6866594
토탈카부분정비,경상북도,의성군,의성읍 구봉길 235,36.3461613,128.6957991
대남부분정비,경상북도,의성군,안계면 서부로 1496,36.3744787,128.4538227
한국지엠의성지점서비스,경상북도,의성군,봉양면 봉기길 15,36.293997,128.5744274
신안부분정비,경상북도,의성군,봉양면 봉기길 9-1,36.2935629,128.5741932
형제카,경상북도,의성군,의성읍 홍술로 83,36.3552714,128.6879264
태양카부분정비,경상북도,의성군,봉양면 도리원3길 14,36.2995928,128.5784549
도리원부분정비,경상북도,의성군,봉양면 도리원3길 32,36.300505,128.5773779
단산부분정비,경상북도,의성군,단촌면 경북대로 6236,36.3937468,128.6796956
탑리종합부분정비,경상북도,의성군,금성면 동부로 2453,36.2654222,128.6783643
단촌카부분정비,경상북도,의성군,단촌면 장터길 15-1,36.4228042,128.6737865
영진카부분정비,경상북도,의성군,의성읍 구봉길 246,36.3470753,128.6957825
안계부분정비,경상북도,의성군,안계면 용기3길 38,36.3886111,128.4358083
의성IC카센타,경상북도,의성군,봉양면 경북대로 4368,36.2905291,128.5756035
에덴자동차정비센터,경상북도,의성군,단북면 안계길 259,36.392736,128.428883
형제부분정비,경상북도,의성군,안계면 안계길 101,36.3824677,128.4407812
비봉자동차정비,경상북도,의성군,안계면 서부로 1764,36.3910883,128.433952
한국부분정비,경상북도,의성군,금성면 동부로 2288,36.2511774,128.6831679
붕붕카센터,경상북도,의성군,안계면 서부로 1772,36.3914069,128.4332243
기아오토큐의성점,경상북도,의성군,의성읍 경북대로 5804,36.3588961,128.6857422
제일카센터,경상북도,의성군,금성면 금성현서로 45,36.2514138,128.6872703
기아오토큐안계점,경상북도,의성군,안계면 서부로 1786,36.3921921,128.432028
금성카센타,경상북도,의성군,금성면 동부로 2501-3,36.2695178,128.6776919
현대자동차 의성점,경상북도,의성군,의성읍 구봉길 242,36.3468351,128.6961011
의성우수카,경상북도,의성군,의성읍 문소3길 72,36.352256,128.6949679
대륙카서비스,경상북도,의성군,다인면 가원농공길 5,36.4379276,128.3714659
강동종합정비,경상북도,의성군,의성읍 의성길안로 29,36.3609893,128.7030416
안계자동차정비공장,경상북도,의성군,안계면 안신로 19,36.3906535,128.4356305
탑리종합정비공장,경상북도,의성군,금성면 동부로 2459,36.2660802,128.6781852
의성현대정비공장,경상북도,의성군,의성읍 홍술로 105-7,36.3561311,128.6903313
제일상사,경상북도,의성군,안계면 안계길 141,36.3842528,128.4372498
의성밧데리,경상북도,의성군,의성읍 구봉길 202,36.3442595,128.6988802
다인농협부분정비,경상북도,의성군,다인면 서부로 2809,36.4513893,128.3510846
신기부분정비,경상북도,의성군,의성읍 구봉길 191,36.3431672,128.6985923
카카오토,경상남도,남해군,남해읍 남해대로 2943,34.849708,127.8936479
중현리공업사,경상남도,남해군,서면 화방로 486,34.8739766,127.8466805
송정카 부분정비,경상남도,남해군,미조면 남해대로 214,34.7289146,128.0301867
쌍용자동차 남해서비스 프라자,경상남도,남해군,남해읍 스포츠로 108,34.8271573,127.8919161
남해자동차종합정비,경상남도,남해군,고현면 질개로 180,34.8830109,127.8845126
주식회사 남도공업사,경상남도,남해군,남해읍 남해대로 2602-10,34.8260726,127.9122076
주식회사 남해1급 정비검사소,경상남도,남해군,남해읍 강진만로 9-16,34.8304511,127.9098583
다정카정비,경상남도,남해군,이동면 남해대로 2363,34.8154911,127.9328665
남해점 기아오토큐,경상남도,남해군,남해읍 남해대로 2879,34.8450133,127.8974086
우리자동차정비,경상남도,남해군,남해읍 남해대로 2773,34.8360328,127.8990375
북변점 현대자동차,경상남도,남해군,남해읍 화전로 123-7,34.8428891,127.893724
현대자동차남해점,경상남도,남해군,남해읍 화전로 6,34.8340241,127.8986024
형제카인테리어,경상남도,남해군,고현면 남해대로 3047,34.8586641,127.8946306
능수카 전문정비,경상남도,남해군,남해읍 남해대로 2738,34.8335862,127.9004843
형제밧데리,경상남도,남해군,고현면 남해대로 3102,34.8630456,127.8949775
유림카포스,경상남도,남해군,남해읍 화전로 151,34.8447141,127.8941941
천하카부분정비,경상남도,남해군,창선면 동부대로 2427,34.8728907,128.008934
동천카정비,경상남도,남해군,삼동면 동부대로 1233,34.8056374,128.0401606
경남밧데리,경상남도,남해군,남해읍 남해대로 2742,34.8335103,127.9000357
해양세차장(애니카랜드),경상남도,남해군,남해읍 화전로 12,34.8341212,127.8982012
자유카부분정비,경상남도,남해군,남해읍 남해대로 2976,34.8527282,127.8937051
대우카포스,경상남도,남해군,남해읍 화전로 20-1,34.8345003,127.8972212
의성자동차정비공장,경상북도,의성군,의성읍 홍술로 81,36.355978,128.688221
경북종합특장,경상북도,의성군,의성읍 북부길 203,36.3711195,128.6822565
유승카부분정비,경상남도,남해군,남해읍 화전로 148,34.8444133,127.8948206
자동차생활,경상남도,남해군,남해읍 남해대로 2763,34.8350345,127.8990095
장수 오토미션,전라북도,장수군,계남면 장무로 171-8,35.7264673,127.5826462
우방카클리닉,경상북도,경주시,백률로 60(동천동),35.8563926,129.2258743
형산자동차정비공업사,경상북도,경주시,삼거리앞길 15(도지동),35.7971335,129.2691779
애니카랜드 안강점,경상북도,경주시,안강읍 피일길 86,35.9991767,129.1834534
금장카클리닉,경상북도,경주시,현곡면 동대로 230,35.867393,129.201825
초원카센타,경상북도,경주시,외동읍 연안2길 3,35.7293041,129.3203021
애니카랜드 건천점,경상북도,경주시,건천읍 내서로 1069,35.8527446,129.1004188
카매니아정비,경상북도,경주시,공영주택길 38,35.8544951,129.2108375
외동점 현대자동차,경상북도,경주시,외동읍 모화남1길 5,35.6705254,129.3367114
엘림자동차,경상북도,경주시,봉황로 176-5(성건동),35.8551964,129.2107128
현성자동차정비공업사,경상북도,경주시,안강읍 구부랑3길 24-9,36.001988,129.1939921
자동차나라,경상북도,경주시,안강읍 구부랑길 27,35.9999967,129.1961387
경주카클리닉정비공업사,경상북도,경주시,양정로 281(동천동),35.8579568,129.2239375
건천점현대자동차,경상북도,경주시,건천읍 내서로 1201,35.8435666,129.1094377
현대자동차황성점,경상북도,경주시,갓뒤길3번길 1-6,35.8707053,129.2162989
유진자동차병원,경상북도,경주시,초당길159번길 12(동천동),35.8502319,129.2302915
M모터클럽,경상북도,경주시,양정로 200(동천동),35.8505268,129.224355
스피트메이트 새화랑점,경상북도,경주시,"초당길 103, 112동(동천동)",35.846795,129.2351144
대신자동차정비공업사,경상북도,경주시,소금강로 61(용강동),35.8601961,129.2268668
자동차나라정비공업사,경상북도,경주시,충효녹지길 68-8(충효동),35.8432594,129.1841008
동천카써비스,경상북도,경주시,알천북로 277(동천동),35.8464698,129.2283813
그린 모터샵,경상북도,경주시,동천로60번길 20(동천동),35.8530997,129.2286826
케이지모빌리티 경주서비스프라자,경상북도,경주시,천북면 천북로 97,35.8921787,129.24568
안강모터스,경상북도,경주시,안강읍 화전중앙길 44,35.9897085,129.215072
불국사카센타,경상북도,경주시,산업로 3007(시래동),35.7747543,129.2999813
안강자동차정비공업사,경상북도,경주시,안강읍 비화동길 19,35.9903891,129.2254562
한별자동차정비,경상북도,경주시,용담로116번길 18,35.866218,129.2102339
남부점 기아오토큐,경상남도,양산시,남부동 149-14,35.3399253,129.0399026
남산모터스,경상남도,양산시,평산동 140,35.3796376,129.1526959
남성모터스,경상남도,양산시,물금읍 범어리 770,35.329874,129.0038357
남양산카센타,경상남도,양산시,동면 석산리 699-1,35.3159707,129.0285811
남양종합정비,경상남도,양산시,산막동 565-2,35.372963,129.0635353
넥센타이어 신양산대리점,경상남도,양산시,물금읍 가촌리 552-1,35.3191809,128.9904734
달구지카서비스,경상남도,양산시,남부동 460-5,35.3388801,129.0362434
대성모터스,경상남도,양산시,하북면 순지리 756-36,35.488533,129.0872532
대성정비,경상남도,양산시,동면 석산리 694-9,35.3166103,129.0292006
대영모터스,경상남도,양산시,북정동 888-12,35.3586343,129.0403932
대원상사,경상남도,양산시,북정동 900-2,35.3577687,129.0402539
대원종합정비,경상남도,양산시,동면 석산리 1420-9,35.327807,129.0318506
대진카타운,경상남도,양산시,남부동 468-4,35.3371728,129.0364193
대한자동차정비,경상남도,양산시,신기동 643-1,35.3565741,129.0375856
더카정비,경상남도,양산시,평산동 498,35.3820401,129.1444799
덕계카정비공업사,경상남도,양산시,평산동 1108-160,35.3747872,129.147305
동남카서비스,경상남도,양산시,평산동 564-98,35.3850792,129.1470057
동남카센타,경상남도,양산시,상북면 소토리 435-10,35.3776499,129.0533009
동래상사,경상남도,양산시,다방동 473-1,35.3313664,129.0421152
동양산모터스,경상남도,양산시,주진동 289,35.3931273,129.1503689
동영모터스,경상남도,양산시,중부동 603-8,35.3399307,129.0362638
동우보링,경상남도,양산시,주남동 497,35.4196002,129.159276
동일자동차부분정비,경상남도,양산시,어곡동 419-13,35.3762807,129.0263014
동해자동차정비,경상남도,양산시,명동 848-5,35.4041299,129.1641771
동현카부분정비,경상남도,양산시,북정동 901-7,35.3568518,129.0402
드림모터스,경상남도,양산시,용당동 933-2,35.4301417,129.1801398
디젤포유,경상남도,양산시,덕계동 1248,35.3702278,129.1452924
라이언모터스,경상남도,양산시,남부동 469-1,35.336718,129.0364742
라이온모터스,경상남도,양산시,물금읍 물금리 893-2,35.3080193,128.9929004
대성오토자동차부분,경상남도,진주시,금산면 월아산로 1264,35.1815497,128.1536739
타이어타운자동차,경상남도,진주시,진주대로 864(칠암동),35.1776778,128.092009
원경카서비스자동차,경상남도,진주시,도동천로 133(상대동),35.1825215,128.1134288
우주카월드자동차,경상남도,진주시,강남로227번길 6(칠암동),35.187519,128.0911376
동국밧데리자동차,경상남도,진주시,향교로 27(수정동),35.198208,128.08551
모든카마스타,경상남도,진주시,돗골로10번길 8-1(상평동),35.1689693,128.1138055
태원정비,경상남도,진주시,"솔밭로 6, 101동(상평동)",35.1694773,128.1081852
기아자동차부분정비,경상남도,진주시,신안로 14(신안동),35.179439,128.0718348
보쉬카 서비스 진주점,경상남도,진주시,서장대로 289(이현동),35.1925595,128.0646464
붕붕모터스,경상남도,진주시,순환로573번길 15(평거동),35.1735395,128.057993
거진오토랜드자동차,경상남도,진주시,하대로70번길 1(하대동),35.1929619,128.1193576
동진자동차정비공업사,경상남도,진주시,남강로 1197-1(상평동),35.1699707,128.1226633
통운부분정비,경상남도,진주시,"남강로 1715, 나동(초전동)",35.2138247,128.1234191
힘찬모터스,경상남도,진주시,상대로 51-1(상대동),35.1844671,128.1177893
동부정비공업사,경상남도,진주시,큰들로 190(상평동),35.1714304,128.123693
장원카세차장,경상남도,진주시,남강로 1075,35.1686879,128.1097095
도동종합정비,경상남도,진주시,돗골로 13,35.1690677,128.112086
동산자동차부분정비,경상남도,진주시,창렬로 46(봉곡동),35.1927586,128.0704017
포포카인테리어부분,경상남도,진주시,신안로 160(이현동),35.1913589,128.0672513
기아밧데리부분정비,경상남도,진주시,천수로 149(망경동),35.1777223,128.0851414
동원부분정비공업사,경상남도,진주시,큰들로 187(상평동),35.1718036,128.1236008
대륙오토월드부분,경상남도,진주시,비봉로 57(봉곡동),35.1956499,128.0799496
동보카부분정비,경상남도,진주시,남강로 1265(상평동),35.1742062,128.1274761
지수카 부분정비공업사,경상남도,진주시,지수면 지수로 454,35.2321501,128.2693919
하경카부분정비,경상남도,진주시,도동로 174(하대동),35.1857501,128.1225678
애니카랜드 동진주점,경상남도,진주시,큰들로 177(상평동),35.1717693,128.1226238
가야종합자동차정비공업사,경상남도,진주시,남강로 1193-6(상평동),35.1700768,128.122203
화랑 모터스,경상북도,경주시,화랑로22번길 19(성건동),35.8431011,129.2030376
송원종합카서비스,경상남도,진주시,장대로44번길 3(장대동),35.1954857,128.0879432
형제밧데리자동차,경상남도,진주시,진주대로 1276(유곡동),35.1943472,128.0637233
동양카센터자동차,경상남도,진주시,큰들로 196-1(상평동),35.1714944,128.1243497
티스테이션 봉곡점,경상남도,진주시,진주대로 1150(봉곡동),35.1961527,128.0771463
금산카마스터자동차,경상남도,진주시,금산면 금산로 27,35.2143005,128.1394423
로드피아자동차부분정비,경상남도,진주시,천수로298번길 3(신안동),35.1853642,128.0734216
하나로자동차부분,경상남도,진주시,동진로 229-1(상대동),35.1801352,128.1161563
새한카자동차부분,경상남도,진주시,대신로 391(하대동),35.195376,128.1160951
대동카서비스자동차,경상남도,진주시,도동천로184번길 4(상대동),35.1852678,128.1179513
현대자동차정비,경상남도,진주시,금곡면 월아산로76번길 8,35.0885628,128.1874959
오토자동차서비스,경상남도,진주시,진양호로125번길 20(평거동),35.1697186,128.0526109
타이어맨 공단점,경상남도,진주시,대신로 223(상대동),35.1803764,128.1171343
세광자동차정비,경상남도,진주시,남강로1141번길 3(상평동),35.1685762,128.1167198
솔로몬자동차정비,경상남도,진주시,대신로334번길 7(하대동),35.1903617,128.1175529
신영자동차부분정비,경상남도,진주시,상대로 83(하대동),35.1847329,128.1210801
월성자동차정비,경상남도,진주시,대신로 338(하대동),35.1905777,128.1172108
최신카인테리어부분,경상남도,진주시,천수로298번길 4(신안동),35.1854071,128.0737171
내동오토정비,경상남도,진주시,내동면 내동로 230,35.1508331,128.0906606
혜성정비,경상북도,경주시,소금강로61번길 25(용강동),35.861993,129.2257085
경동오토패밀리,경상북도,경주시,알천북로 255-1(동천동),35.8475974,129.226437
오복정비공업사,경상북도,경주시,양남면 나아봉길로 109,35.70416,129.4627033
코코정비,경상북도,경주시,조양탑리1길 11(조양동),35.7854107,129.2777421
D & Car,경상북도,경주시,탈해로57번길 2(동천동),35.8510461,129.2297453
서광자동차랜드,경상북도,경주시,동천로 95(동천동),35.8562577,129.2264275
신경주타이어,경상북도,경주시,알천남로 142(성동동),35.8517001,129.2167835
대광자동차정비,경상북도,경주시,북문로 95(성건동),35.8502175,129.2129221
동방자동차정비공업사,경상남도,진주시,돗골로58번길 7(상평동),35.1733752,128.1134106
천광소형정비,경상남도,진주시,큰들로 120(상평동),35.1709016,128.1160939
남강정비,경상남도,진주시,돗골로26번길 20(상평동),35.1702796,128.1150648
태영정비,경상남도,진주시,남강로 1169-10(상평동),35.1695336,128.1193112
세원정비,경상남도,진주시,"대신로109번길 17, 102동(상평동)",35.1698157,128.1163525
경상자동차정비,경상남도,진주시,큰들로 58,35.1706235,128.1092134
주식회사 영남모터스,경상남도,진주시,남강로 1169-10(상평동),35.1695336,128.1193112
금성정비,경상남도,진주시,대신로110번길 13(상평동),35.1703535,128.1196716
현대자동차주약점,경상남도,진주시,진주대로 838(주약동),35.1755202,128.0930724
스핀휠,경상남도,진주시,말티고개로100번길 16-21(하대동),35.1962765,128.1098277
경호카센터부분정비,경상남도,진주시,신안로 40(신안동),35.1817791,128.0713636
반성카마스타,경상남도,진주시,일반성면 동부로 2035-1,35.1707731,128.2845339
현대오토부분정비,경상남도,진주시,남강로 965-2(상평동),35.1732099,128.0998705
경남자동차판매(주)진주서비,경상남도,진주시,"강남로 257, 503동(칠암동)",35.188326,128.0886348
차사랑카서비스,경상남도,진주시,비봉로 7(본성동),35.1914259,128.0815443
비둘기카센타전문정비,경상남도,진주시,진산로 345(장재동),35.2161024,128.1010234
남명우카정비,경상남도,진주시,돗골로 23(상평동),35.1701562,128.1125899
시대카종삽센터,경상남도,진주시,망경남길 26(망경동),35.1803418,128.0849787
도금속자동차정비공업사,경상북도,경주시,화랑로69번길 6-1(서부동),35.8451279,129.2087532
현대블루모터스,경상북도,경주시,감포읍 동해안로 2247,35.806449,129.4974818
금강종합모터스,경상북도,경주시,탈해로 62(동천동),35.8508803,129.2303256
창선자동차정비공업사,경상북도,경주시,안강읍 안강중앙로 13,35.9967796,129.201686
한국자동차정비공업사,경상북도,경주시,원화로 515(용강동),35.8663657,129.2225459
대백자동차정비공업사,경상북도,경주시,초당길 17(동천동),35.8457998,129.230641
경원오토샵,경상북도,경주시,금성로 382,35.8516472,129.2072082
웰빙자동차정비,경상북도,경주시,천북면 천북로 307,35.8984488,129.2645986
현대카,경상북도,경주시,산업로 2988(시래동),35.7738174,129.3021992
호성정비,경상남도,진주시,남강로 1087(상평동),35.1685852,128.1111297
진주자동차정비,경상남도,진주시,대신로110번길 10(상평동),35.1700361,128.119189
주식회사대운모터스,경상남도,진주시,큰들로126번길 7(상평동),35.1709898,128.1164524
중앙정비,경상남도,진주시,대신로116번길 14(상평동),35.1704663,128.119667
이레정비,경상남도,진주시,동부로 58(호탄동),35.1741648011,128.1868179916
금호카서비스,경상남도,진주시,진주대로 856(주약동),35.176997,128.0923591
제이모터스,경상남도,진주시,남강로1425번길 3(하대동),35.1879216,128.1283231
중앙부속밧데리,경상남도,진주시,진주대로 1184(봉곡동),35.1950609,128.0736919
타이어 플레이,경상남도,진주시,평거로 288(이현동),35.1928007,128.0621964
진성부분정비,경상남도,진주시,진성면 동부로 1372,35.1882467,128.2255805
민모터스,경상남도,진주시,대신로 449(초전동),35.2008065,128.1158979
제일듸젤카,경상남도,진주시,하대로129번길 5(하대동),35.1938486,128.1256422
K-2오토샵,경상남도,진주시,상대로 61(상대동),35.1845564,128.1187362
성진오토밋숀,경상남도,진주시,큰들로 84(상평동),35.1708295,128.1118788
현대서비스카부분정비,경상남도,진주시,대신로243번길 6-1(상대동),35.1822498,128.1166816
삼성정비(합자),경상남도,진주시,도동로 142,35.1829154,128.1227723
㈜대동정비,경상남도,진주시,도동로 154(상대동),35.1838829,128.1227785
유신정비공업사,경상남도,진주시,큰들로 23(상평동),35.1710969,128.1053133
안전종합정비(주),경상남도,진주시,"공단로 174, 112동(상평동)",35.1753082,128.1186568
부광정비,경상남도,진주시,돗골로 48(상평동),35.1722826,128.112915
대영기공사,경상남도,진주시,큰들로 34(상평동),35.1706976,128.1068155
대운자동차정비공업사,경상남도,진주시,대신로115번길 12(상평동),35.1708699,128.1169797
대신정비공업사,경상남도,진주시,큰들로126번길 10(상평동),35.1703714,128.1165672
경남정비,경상남도,진주시,돗골로19번길 19(상평동),35.1695796,128.1105433
현대자동차블루핸즈충무공점,경상남도,진주시,에나로228번길 16-18(충무공동),35.1684003,128.1423775
서진정비,경상남도,진주시,남강로 535-4(신안동),35.1856701,128.0743657
지벤모터스,경상남도,진주시,말티고개로 34-4,35.1992648,128.1054864
만능,경상남도,진주시,도동로248번길 33(하대동),35.1928071,128.1255289
에이치원,경상남도,진주시,말티고개로 74(하대동),35.1978463,128.1097996
굿타이어 금산점,경상남도,진주시,금산면 금산로 60,35.2140477,128.1430535
C＆T,경상남도,진주시,말티고개로100번길 16-10(하대동),35.1966403,128.1112018
대우밧데리,경상남도,진주시,호탄길22번길 2(호탄동),35.1631713,128.1164939
동양중기정비,경상남도,진주시,대신로147번길 4(상평동),35.1736616,128.1174216
(주)경남특장차,경상남도,진주시,정촌면 연꽃로165번길 7,35.1169216,128.1085688
창원모터스,경상남도,진주시,모덕로 72-4(상대동),35.1818634,128.1058042
자신타이어,경상남도,진주시,촉석로 43(이현동),35.1910227,128.0676137
애마정비,경상남도,진주시,대신로 586(초전동),35.212864,128.1151081
(주)진주현대종합정비,경상남도,진주시,내동면 내동로 110,35.1547168,128.0792489
정한정비,경상남도,진주시,"대곡면 남강로 2426-20, 202동",35.2592092,128.1630255
대륙카센타,경상남도,진주시,솔밭로31번길 10,35.1720418,128.1064707
쭈쭈카케어,경상남도,진주시,진양호로 595(옥봉동),35.1939585,128.0904062
KATO,경상남도,진주시,석갑로155번길 64-7(이현동),35.185419,128.0583176
착한모터스,경상남도,진주시,진주대로 646(가좌동),35.1644284,128.1063605
유카로오토모빌(주)진주서비스,경상남도,진주시,천수로 294-1(신안동),35.1853217,128.0739203
타이어프로 도동점,경상남도,진주시,대신로 338(상대동),35.1905777,128.1172108
루마썬팅칠암점경원카모터스,경상남도,진주시,강남로 105(칠암동),35.1779587,128.0976045
경원카오토샵,경상남도,진주시,신안로 134(신안동),35.189445,128.0686012
카임마누엘,경상남도,진주시,문산읍 동부로 526-3,35.1635404,128.1591528
원동정비공장,경상남도,진주시,집현면 진산로 897,35.2486855,128.0698716
진주디젤테크,경상남도,진주시,정촌면 삼일로95번길 6,35.1293493,128.0987168
에이스전문정비세차,경상남도,진주시,향교로 27(수정동),35.198208,128.08551
한국타이어 초전점,경상남도,진주시,월아산로 2089(초전동),35.2121152,128.1158399
티스테이션 촉석로점,경상남도,진주시,촉석로 43(인사동),35.1910227,128.0676137
JD모터스,경상남도,진주시,정촌면 진주대로 241,35.1310022,128.097434
일성카전문정비,경상남도,진주시,사봉면 동부로 1791,35.1809155,128.2637442
사봉삼거리자동차정비,경상남도,진주시,사봉면 사군로 5,35.1870764,128.2596792
진주미쉐린,경상남도,진주시,가호로 69(호탄동),35.1645119,128.1136415
혁신카케어타운,경상남도,진주시,송백로 111(충무공동),35.1836682,128.1433914
모토모,경상남도,진주시,진산로 208(장재동),35.2056184,128.1039962
신우상사,경상남도,진주시,진성면 동부로1259번길 8-31,35.1802107,128.2224344
애니카랜드서진주점,경상남도,진주시,진양호로 43(판문동),35.1674471,128.0447812
O.K자동차 부분정비,경상남도,진주시,남강로1241번길 8(상평동),35.1728611,128.126042
삼보특장,경상남도,진주시,문산읍 문산로 906,35.163331,128.1988635
한국타이어 동진주타이어,경상남도,진주시,문산읍 월아산로 1154,35.1737884,128.1600235
뽀빠이 카 서비스,경상남도,진주시,금산면 덕의길 16,35.2190949,128.147467
타이어프로 금산점,경상남도,진주시,금산면 금산로 43,35.2142627,128.1413837
매직카24시동진주점,경상남도,진주시,큰들로 130(상평동),35.1708928,128.1171767
하나오토,경상남도,진주시,호탄길 15(호탄동),35.162814,128.1160668
타이어프로 봉곡점,경상남도,진주시,진주대로 1152(봉곡동),35.1959637,128.0770389
청지기모터스,경상남도,진주시,내동면 정주마을길 25,35.1544955,128.0721611
삼현정비,경상남도,진주시,대신로195번길 10(상대동),35.1779259,128.1166863
SN자동차병원,경상남도,진주시,큰들로 184(상평동),35.1714016,128.1228893
오토오아시스 은빛점,경상남도,진주시,진주대로 860(주약동),35.1774611,128.0921717
스피드메이트 진주점,경상남도,진주시,진양호로 230(평거동),35.1746911,128.0617467
진우모터스,경상남도,진주시,돗골로26번길 18(상평동),35.1702321,128.1146808
스피드메이트 진주주약점,경상남도,진주시,진주대로 837(주약동),35.1753277,128.0925319
스피드 메이트 경대앞점,경상남도,진주시,진주대로 488(가좌동),35.1508427,128.1039106
타이어프로 신안점,경상남도,진주시,진양호로 393(신안동),35.1874343,128.0698479
덕오카 서비스,경상남도,진주시,남강로 1405-2(하대동),35.1862176,128.128477
동영모터스,경상남도,진주시,모덕로 161(상대동),35.1859314,128.1139619
진주현대상용서비스주식회사,경상남도,진주시,동부로 142(호탄동),35.1621995,128.1231466
동방카센타,경상남도,진주시,남강로577번길 9-1(남성동),35.1886299,128.0747014
르노코리아자동차 서비스코너 초전점,경상남도,진주시,말티고개로 129(초전동),35.1965242,128.1154771
태용자동차마을,경상남도,진주시,새들말로 40(평거동),35.1671138,128.0587117
스피드메이트진주도동점,경상남도,진주시,대신로 374(하대동),35.1938529,128.1169026
스피드 메이트 동진점,경상남도,진주시,대신로 121(상평동),35.1709783,128.1177368
진주1급자동차 종합정비,경상남도,진주시,대신로110번길 10(상평동),35.1700361,128.119189
티스테이션 진주상대점,경상남도,진주시,모덕로 46(상대동),35.1815285,128.103001
진성 오토큐 모터스,경상남도,진주시,호탄길 33(호탄동),35.1643822,128.1159204
한빛 카 부분정비,경상남도,진주시,금곡면 홍정길 10,35.1322938,128.1726597
정기사 밋션,경상남도,진주시,솔밭로6번길 16(상평동),35.1695729,128.1092808
경남자동차정비,경상남도,진주시,상대로 59-4(상대동),35.1846211,128.1185781
장 오토클럽,경상남도,진주시,천수로106번길 10(주약동),35.1751607,128.0900244
우성정비,경상남도,진주시,모덕로117번길 8-10(상대동),35.1836679,128.1104988
명승카휠얼라이먼트,경상남도,진주시,서장대로 286(이현동),35.1919702,128.0644339
City Car Service,경상남도,진주시,하대로 111(하대동),35.1934291,128.1238199
"T’station(진주금산점,한국지엠금산지정서)",경상남도,진주시,금산면 금산로 26,35.2138799,128.1395218
대경세차정비,경상남도,진주시,큰들로126번길 13(상평동),35.1703015,128.1169054
미래자동차정비,경상남도,진주시,일반성면 동부로 2008,35.1699845,128.2813135
보경카센타,경상남도,진주시,모덕로 169(상대동),35.1863609,128.1145372
우진카 서비스,경상남도,진주시,향교로 32(수정동),35.197931,128.0860114
미니카센타,경상남도,진주시,남강로1117번길 11(상평동),35.1690482,128.1141136
문산카서비스,경상남도,진주시,문산읍 월아산로1117번길 8,35.1710884,128.1611237
보쉬카서비스진주동부점,경상남도,진주시,남강로1413번길 2(하대동),35.1870866,128.1284054
하나로자동차정비,경상남도,진주시,문산읍 월아산로 1189,35.1755943,128.1572713
금호타이어 이원상사,경상남도,진주시,대신로 370,35.1934095,128.1170786
대교모터스,경상남도,진주시,모덕로 30(상대동),35.1816007,128.1011903
S-Car service,경상남도,진주시,말티고개로 77(초전동),35.1983723,128.1102171
한국타이어도동판매,경상남도,진주시,말티고개로 58(하대동),35.197563,128.1080564
SOUL SPORT,경상남도,진주시,진양호로 33(평거동),35.1677855,128.0436563
아람오토밋션부분정비,경상남도,진주시,호탄길34번길 10(호탄동),35.1642726,128.1172971
도성카부분정비,경상남도,진주시,모덕로 86(상대동),35.1824439,128.1071916
하나모터스부분정비,경상남도,진주시,호탄길 24(호탄동),35.1636113,128.1163889
현대자동차블루핸즈진양호점,경상남도,진주시,진양호로65번길 5(판문동),35.1674055,128.0468518
남강그린카,경상남도,진주시,모덕로306번길 7-1(하대동),35.1884453,128.1276058
더본타이어주식회사,경상남도,진주시,대신로103번길 6(상평동),35.1696343,128.1177684
청계천카랜드,경상남도,진주시,말티고개로 131-5(초전동),35.1966817,128.1156507
태양모터스,경상남도,진주시,남강로1463번길 4,35.1913635,128.1279152
뉴 부영카,경상남도,진주시,상대로69번길 4(하대동),35.1848337,128.1199169
우정카센타,경상남도,진주시,문산읍 동부로 555-3,35.1655329,128.1615517
대성카클리닉,경상남도,진주시,천수로312번길 4(신안동),35.1852428,128.0722584
월아정비,경상남도,진주시,금산면 금산로 133,35.2127024,128.1503168
㈜ 동성모터스 진주서비스센터,경상남도,진주시,내동면 내동로 123,35.1561053,128.0807799
만영카밧데리,경상남도,진주시,창렬로113번길 11(상봉동),35.1988641,128.0691557
로젠모터스,경상남도,진주시,강남로131번길 4-2,35.1804369,128.0967888
경남자동차판매㈜,경상남도,진주시,호탄길 35(호탄동),35.164529,128.1159648
패밀리 카서비스,경상남도,진주시,금산면 월아산로 1896,35.2144509,128.1366638
강명우카서비스,경상남도,진주시,돗골로153번길 23(상대동),35.1816695,128.1095647
(유)세븐,경상남도,진주시,남강로 1169-2(상평동),35.1691017,128.1194527
한사랑,경상남도,진주시,남강로 1469(하대동),35.1919273,128.1279921
금호타이어 성지점,경상남도,진주시,진양호로 498-1(본성동),35.191655,128.0802703
초전점 현대자동차 부분정비,경상남도,진주시,진산로 241,35.2079945,128.1018319
부산카부분정비,경상남도,진주시,천수로106번길 1(주약동),35.1752334,128.0889393
케이지모빌리티진주서비스프라자,경상남도,진주시,말티고개로100번길 16-12(하대동),35.1968364,128.1111221
거명카부분정비,경상남도,진주시,집현면 진산로 927,35.2511966,128.0690489
남성카클리닉자동차전문정비,경상남도,진주시,천수로 212(망경동),35.1827924,128.082506
강봉제카클리닉부분,경상남도,진주시,신안들말길 8(신안동),35.1779437,128.07058
현대기아모터스(Tnt Motors Center),경상남도,진주시,순환로 508(평거동),35.1702481,128.0634557
모터풀시스템공군3호,경상남도,진주시,금산면 송백로 46,35.2036255,128.1456409
현대자동차신안점,경상남도,진주시,신안로 18(신안동),35.1799152,128.0717733
LG카,경상남도,진주시,신안로 16(신안동),35.179612,128.0718112
확장카부분정비,경상남도,진주시,하대로 68(하대동),35.1929099,128.1190034
아현카부분정비,경상남도,진주시,옥봉길12번길 4(장대동),35.1960386,128.0885078
덕평 자동차정비,경상남도,진주시,돗골로 8번길 1,35.1688577,128.1131013
드림모터스,경상남도,진주시,초전남로 10-1(초전동),35.1973272,128.1146513
낭만모터스,경상남도,진주시,금산면 금산로 17,35.2141632,128.1384541
제이제이(JJ)모터스,경상남도,진주시,진주성로 93(상봉동),35.1978226,128.0755149
신흥부분정비,경상남도,진주시,남강로 1245(상평동),35.1729679,128.1262457
태성종합정비,경상남도,진주시,대신로109번길 9(상평동),35.1699453,128.1173929
애니카랜드 K-1,경상남도,진주시,모덕로 23(상대동),35.1820945,128.1008082
동원카부분정비,경상남도,진주시,상대로69번길 7(상대동),35.1850747,128.1196081
성심부분정비,경상남도,진주시,천수로 182(망경동),35.1803961,128.084129
경남탑모터스,경상남도,진주시,대신로110번길 11(상평동),35.1702561,128.1192627
현성부분정비,경상남도,진주시,도동로 260(하대동),35.193517,128.1220864
동명카클리닉부분정비,경상남도,진주시,대신로 441(초전동),35.1997654,128.1159228
견인카부분정비,경상남도,진주시,남강로 1191(상평동),35.1697871,128.1220152
가마못카센타,경상남도,진주시,의병로136번길 9-12,35.201512,128.0735374
만송부분정비,경상남도,진주시,공단로 107(상평동),35.1755139,128.1116345
자동차사랑부분정비,경상남도,진주시,순환로 516(평거동),35.1708918,128.0627979
신속카부분정비,경상남도,진주시,망경로 301(강남동),35.1858187,128.0861092
엔카파부분정비,경상남도,진주시,진주대로 853-1(주약동),35.1768329,128.0917808
진영카부분정비,경상남도,진주시,대신로 375(하대동),35.1940157,128.1162689
대우밧데리부분정비,경상남도,진주시,유곡죽전길 3(유곡동),35.1938066,128.066305
타이어마을,경상남도,진주시,동부로 67(호탄동),35.1613965,128.1147126
Speed Mate상평CM카클리닉,경상남도,진주시,남강로 939(상평동),35.1755077,128.1003186
창명자동차정비,경상남도,진주시,대신로116번길 18(상평동),35.1707126,128.1199905
신현대부분정비,경상남도,진주시,진양호로 31(평거동),35.1676947,128.0435066
오토오아시스진주점,경상남도,진주시,창렬로 34(인사동),35.1919444,128.0714482
현대소형정비공업사,경상남도,진주시,돗골로19번길 22(상평동),35.1699876,128.1106191
동국자동차정비,경상남도,진주시,창렬로 74(상봉동),35.1950502,128.0692588
엠씨모터스,경상남도,진주시,월아산로 2087(초전동),35.2121367,128.1159936
강언근자동차병원,경상남도,진주시,금산면 금산순환로622번길 7,35.2147672,128.1527423
삼일카부분정비,경상남도,진주시,서장대로 282-3(이현동),35.1919213,128.0641219
팔복종합정비,경상남도,진주시,대신로 108(상평동),35.1698789,128.1186223
르노코리아자동차 서비스코너 진주점,경상남도,진주시,진주대로 951(강남동),35.1848503,128.087572
미래로 AUTO-TECH,경상남도,진주시,호탄길 14(호탄동),35.1626386,128.1164862
하대점 기아 오토큐,경상남도,진주시,상대로 85(하대동),35.1847308,128.1214235
우창부분정비,경상남도,진주시,촉석로157번길 2(중안동),35.1945904,128.0796087
㈜한들소형정비,경상남도,진주시,큰들로 108(상평동),35.1707437,128.1149063
동아정비,경상남도,진주시,큰들로126번길 14(상평동),35.1702809,128.1165427
차병원,경상남도,진주시,가호로 64(호탄동),35.1639474,128.113138
케이지모빌리티서진주서비스프라자,경상남도,진주시,진주성로 84(상봉동),35.1971326,128.0764335
정보카부분정비,경상남도,진주시,강남로151번길 3(칠암동),35.1816355,128.0961369
대원카부분정비,경상남도,진주시,돗골로26번길 2(상평동),35.1703424,128.1130487
대우자동차바로정비부분정비,경상남도,진주시,신안로 42(신안동),35.1820292,128.0713062
합동부분정비,경상남도,진주시,대곡면 남강로2438번길 29,35.261305,128.1658683
동영부분정비,경상남도,진주시,말티고개로 126(하대동),35.1961077,128.1152526
현대자동차금산점,경상남도,진주시,금산면 금산로 66,35.2141655,128.1437022
삼원카부분정비,경상남도,진주시,남강로 1215-2(상평동),35.1709117,128.1242236
유림카서비스부분,경상남도,진주시,동진로 27(칠암동),35.1791913,128.0940137
해창오토마스타,경상남도,진주시,진주대로829번길 11-13(주약동),35.1741812,128.0922812
동양오토자동차부분,경상남도,진주시,강남로 109(칠암동),35.1782741,128.097656
진주카에어컨부분정비,경상남도,진주시,창렬로 178(상봉동),35.1995354,128.0764496
그린카서비스부분,경상남도,진주시,대신로 329(하대동),35.1898736,128.1165502
신용자동차부분정비,경상남도,진주시,도동로 256(하대동),35.1930033,128.1220539
서광부분정비,경상남도,진주시,솔밭로6번길 22(상평동),35.1695108,128.1098226
오토오아시스평거점,경상남도,진주시,순환로 508(평거동),35.1702481,128.0634557
평거점기아오토큐,경상남도,진주시,진양호로 149-1(평거동),35.1695113,128.0555159
대성정비,경상남도,진주시,대신로110번길 6(상평동),35.169983,128.1187106
대륙부분정비,경상남도,진주시,신안로100번길 8(신안동),35.1867722,128.0717318
강변카부분정비,경상남도,진주시,강남로 283(강남동),35.1880739,128.0860868
수곡부분정비,경상남도,진주시,수곡면 옥수로637번길 9,35.1986928,127.929231
대곡밧데리부분정비,경상남도,진주시,대곡면 남강로2438번길 53,35.2622498,128.1683209
일신오토,경상남도,진주시,진주성로88번길 5(상봉동),35.1976848,128.0763562
승진부분정비,경상남도,진주시,큰들로 64(상평동),35.1706267,128.109781
우림카서비스,경상남도,진주시,초전북로 151(초전동),35.2093253,128.1234215
집현부분정비,경상남도,진주시,하대로 73(하대동),35.1932691,128.1198573
삼호정비,경상남도,진주시,금산면 금산로 32,35.2139238,128.1400179
프로시드 부분정비,경상남도,진주시,창렬로 19-1(인사동),35.1910069,128.0719015
평화부분정비공업사,경상남도,진주시,큰들로114번길 13(상평동),35.1702015,128.115804
대상카클리닉,경상남도,진주시,모덕로 164(상대동),35.1855804,128.1143573
TBA카프라자부분,경상남도,진주시,큰들로 104(상평동),35.1709293,128.1142125
유신카브레다부분,경상남도,진주시,큰들로66번길 4(상평동),35.1707428,128.1100836
칠암점 기아오토큐,경상남도,진주시,강남로167번길 10-1(칠암동),35.1830265,128.0944438
신광종합카부분정비,경상남도,진주시,평거로 150(신안동),35.1826322,128.0695439
평거세차장,경상남도,진주시,진양호로 115(평거동),35.167878,128.0522393
부영자동차부분정비,경상남도,진주시,하대로117번길 5(하대동),35.1937455,128.1242957
수정카마스타전문정비,경상남도,진주시,솔밭로 18(상평동),35.1706732,128.1077796
로터리자동차부분,경상남도,진주시,진양호로 393(신안동),35.1874343,128.0698479
동부부분정비,경상남도,진주시,남강로 1423(하대동),35.1877954,128.1283194
아트카 매니저,경상남도,진주시,남강로1241번길 2(상평동),35.1726511,128.1261137
덕산카정비,경상남도,진주시,말티고개로123번길 19-10,35.19877,128.1157156
동경정비,경상남도,진주시,진성면 동부로 1442,35.1898512,128.2330548
안성종합카부분정비,경상남도,진주시,대신로 455(초전동),35.2011547,128.1158642
진주자동차부분정비,경상남도,진주시,천수로 238(망경동),35.1840091,128.0799754
(주)우신자동차정비공업사,경상남도,진주시,큰들로 112(상평동),35.1709749,128.1152906
선학자동차부분정비,경상남도,진주시,하대로 15(하대동),35.1948555,128.1154368
문산자동차부분정비,경상남도,진주시,문산읍 월아산로 1027,35.1630546,128.1643554
케이엠자동차,경상남도,진주시,동진로 232(상대동),35.1795611,128.1166459
세화카센타,경상남도,진주시,촉석로132번길 12(인사동),35.192559,128.0770868
지성모터스,경상남도,진주시,옥봉길9번길 5(수정동),35.1963001,128.0878344
현대자동차상대점,경상남도,진주시,모덕로 195(상대동),35.1884321,128.1153193
이현점기아오토큐,경상남도,진주시,신안로163번길 3(이현동),35.1913875,128.0664816
평거점현대자동차부분정비,경상남도,진주시,평거로5번길 6(평거동),35.1719396,128.0622331
남명우엔진(카센터),경상남도,진주시,남강로 1235-1(상평동),35.1722346,128.1256051
동서자동차부분정비,경상남도,진주시,도동로264번길 11(하대동),35.1940852,128.1230056
상평점현대자동차,경상남도,진주시,도동로 8(상평동),35.1707853,128.1237576
신우자동차부분정비,경상남도,진주시,돗골로 29(상평동),35.1707355,128.1126078
제일카센타 진성대리점,경상남도,진주시,진성면 동부로 1360,35.1876049,128.2249399
동양밧데리,경상남도,진주시,판문로 251(판문동),35.1888587,128.0377908
수석카메니저,경상남도,진주시,돗골로 29(상평동),35.1707355,128.1126078
한빛자동차공업사,전라남도,순천시,선평길 1(가곡동),34.9858235,127.4883877
세명자동차공업사,전라남도,순천시,명말2길 144(연향동),34.9418297,127.5138706
모토매니아 자동차공업사,전라남도,순천시,순광로 107(조례동),34.9589598,127.5316441
명성자동차공업사,전라남도,순천시,망북1길 35(용당동),34.980592,127.5028155
한국칼라누보공업사,전라남도,순천시,유동3길 14-13(조례동),34.9551058,127.5176331
월드2급정비공업사,전라남도,순천시,중앙로 341(가곡동),34.9758927,127.4817948
향림공업사,전라남도,순천시,석현길 81(석현동),34.9751189,127.4735071
혁성자동차공업사,전라남도,순천시,하풍길 13(풍덕동),34.94540149,127.4989043
금호자동차정비공업사,전라남도,순천시,장평6길 14(인제동),34.9460161,127.4927498
신대자동차정비공업사,전라남도,순천시,해룡면 율산길 142,34.9385479,127.5363703
제일자동차정비공업사,전라남도,순천시,해룡면 상성길 195,34.9364431,127.5393355
공단자동차공업사,전라남도,순천시,해룡면 상성길 115,34.9300081,127.5425217
흥부자동차 공업사,전라남도,순천시,봉화로 271-6(조례동),34.9588175,127.5201514
영상실업,전라남도,순천시,서면 압곡길 119,34.9822255,127.5211081
인수자동차공업사,전라남도,순천시,서면 삼산로 282,34.9867549,127.5049167
창성자동차공업사,전라남도,순천시,해룡면 상성길 230,34.9393111,127.5383201
세림자동차공업사,전라남도,순천시,양율길 135(대룡동),34.9030091,127.4831185
예술자동차정비공업사,전라남도,순천시,강청길 148(용당동),34.9812003,127.5013172
한성모터스(주) 순천서비스센터,전라남도,순천시,해룡면 지봉로 237,34.9354792,127.5382565
신동성 자동차정비,전라남도,순천시,해룡면 여순로 1724-12,34.9242546,127.5252062
코오롱글로벌㈜,전라남도,순천시,서면 백강로 609,34.9845672,127.5139694
브이아이피 카앤샵,전라남도,순천시,장승길2,34.9554546,127.5240411
동원모터스,전라남도,순천시,해룡면 남가리 5-4,34.9303111,127.5424722
블루타이어,전라남도,순천시,중앙로 375,34.97886,127.4835876
타이어테크 순천점,전라남도,순천시,왕궁중앙길 6(조례동),34.9550283,127.5315377
국제모터스,전라남도,순천시,장천동 35-1,34.9503919,127.4899148
주식회사 영창특수,전라남도,순천시,해룡면 해룡산단1로 69,34.904854,127.565161
티스테이션 순천대점,전라남도,순천시,중앙로 287(석현동),34.9712073,127.4829836
혁진자동차부분정비,전라남도,순천시,해룡면 여순로 1311-10,34.9006743,127.5506554
동명자동차공업사,전라남도,순천시,원연향길 16(연향동),34.9348685,127.5213925
광림자동차공업사,전라남도,순천시,해룡면 여순로 1311-4,34.9011193,127.5511929
대안자동차정비공업사,전라남도,순천시,해룡면 여순로 1712,34.924546,127.524125
(주)금당자동차공업사,전라남도,순천시,비례골길 80(조례동),34.959888,127.5363297
쌍용자동차순천정비사업소,전라남도,순천시,비례골길 82(조례동),34.9602389,127.5370645
영익모터스,전라남도,순천시,우석로 41(덕월동),34.9323821,127.4896645
1급효천종합자동차정비공업사,전라남도,순천시,녹색로 1332(인월동),34.8996379,127.483831
서순천서비스㈜,전라남도,순천시,이수로 186(생목동),34.9495458,127.5060628
산단자동차정비 주식회사,전라남도,순천시,해룡면 여순로 1158,34.8918696,127.5642819
순천교통공업사,전라남도,순천시,중앙로 491-6(가곡동),34.988992,127.4887155
㈜동양,전라남도,순천시,서면 매천로 375,34.9878964,127.5449118
중앙자동차1급정비,전라남도,순천시,연자로 37(동외동),34.9558763,127.4884945
부림공업사,전라남도,순천시,해룡면여순로1424,34.9098387,127.5464816
르노삼성순천정비사업소,전라남도,순천시,서면 백강로563,34.9814911,127.5182368
유한회사 1급조은정비공업사,전라남도,순천시,신월길 103(조례동),34.9611697,127.5189794
이수자동차공업사,전라남도,순천시,명말2길 150(연향동),34.9417318,127.5136907
(유)봉화자동차1급 공업사,전라남도,순천시,해룡면 율촌산단4로 77-53,34.9022227,127.5868625
승평공업사,전라남도,순천시,황전면 순천로 1508,35.0975808,127.4276424
대림자동차공업사,전라남도,순천시,중앙로 344-6(가곡동),34.9760187,127.4827888
동순천 서비스,전라남도,순천시,해룡면 상성길 302,34.943772,127.536923
신대원자동차공업사,전라남도,순천시,해룡면 상성길 10-9,34.9208619,127.5471446
신대종합모터스,전라남도,순천시,해룡면 대가길 3,34.9284319,127.5411587
(주)지이오하우스 폭스바겐 광주서비스센터,전라남도,순천시,해룡면 해광로 184,34.9247432,127.5527796
㈜천지특장,전라남도,순천시,해룡면 해룡산단1로 73,34.9051303,127.5646296
하나로자동차서비스,전라남도,순천시,팔마로 186(덕암동),34.942345,127.5070398
연향공업사,전라남도,순천시,해룡면 서가길 202,34.9173679,127.5333553
동산자동차공업사,전라남도,순천시,서면 둔대수계길 7,35.020946,127.4557052
세진기업(주),전라남도,순천시,팔마로 207(덕암동),34.9411776,127.5094258
동진자동차정비공업사,전라남도,순천시,충효로 5(덕암동),34.9407511,127.5108254
우리자동차공업사,전라남도,순천시,순광로 146(조례동),34.9600565,127.5356912
팔마자동차정비공업사,전라남도,순천시,양율길 71(야흥동),34.9119059,127.4836439
순천자동차공업사,전라남도,순천시,서면 동산길 30,35.0064291,127.4770021
남도자동차공업사,전라남도,순천시,녹색로 1337(인월동),34.9004047,127.4829136
주)지엠대우 순천정비사업소,전라남도,순천시,산단2길 107(용당동),34.9799568,127.5036467
동부자동차공업사,전라남도,순천시,순광로 180(조례동),34.9618317,127.5392751
순천만모터스㈜,전라남도,순천시,서면 순천로 623,35.0310508,127.4455775
(주)서면자동차공업사,전라남도,순천시,서면 순천로 76,34.9966117,127.488482
애니카랜드 해남점,전라남도,해남군,해남읍 중앙1로 366,34.5761958,126.5890242
프로카 오토서비스,전라남도,해남군,해남읍 남부순환로 276,34.5742858,126.5877498
타이어클럽해남본점,전라남도,해남군,해남읍 남부순환로 76-1,34.5656387,126.6031208
주유소카센타,전라남도,해남군,황산면 명량로 1580,34.5770736,126.4439087
진카센터,전라남도,해남군,해남읍 교육청길 41-10,34.5669595,126.6081977
박만수 타이어(해남점),전라남도,해남군,해남읍 홍교로 131,34.5656946,126.6020393
OK카전문정비,전라남도,해남군,해남읍 남부순환로 226,34.5704353,126.590377
타이어마트,전라남도,해남군,해남읍 땅끝대로 39,34.5629737,126.5916191
북일자동차전문정비,전라남도,해남군,북일면 백도로 789,34.4629737,126.673373
카카오토,전라남도,해남군,해남읍 북부순환로 211-7,34.5767657,126.5895021
서울자동차정비공업사,전라남도,해남군,해남읍 남부순환로 146-7,34.566033,126.5958221
현대카센타,전라남도,해남군,송지면 땅끝해안로 1134-8,34.3683531,126.5146505
우수영타이어,전라남도,해남군,문내면 동영길 45,34.5989134,126.3115187
푸른카센타,전라남도,해남군,해남읍 남부순환로 204,34.5690044,126.5917178
예림카모터스,전라남도,해남군,해남읍 서초길 58-11,34.5697787,126.5950572
해남디젤,전라남도,해남군,해남읍 남부순환로 321-68,34.575953,126.5792246
은하수카센터,전라남도,해남군,현산면 방두길 2,34.4168589,126.5904583
정카센타,전라남도,해남군,해남읍 남부순환로 321-16,34.5763073,126.5821619
합천1급자동차정비공장,경상남도,합천군,대양면 동부로 21,35.5562629,128.164012
(주)세진자동차정비공업사,전라북도,군산시,성산면 금강로 584,35.9924521,126.766442
(주)남진주 현대서비스,경상남도,진주시,정촌면 연꽃로 60,35.1176108,128.0982925
오토팩토리,경상남도,진주시,석갑로155번길 17-7(신안동),35.1832072,128.0614122
누리카정비타이어,경상남도,진주시,사봉면 동부로1855번길 2,35.1784609,128.2702167
SM모터스,경상남도,진주시,초전북로 123(초전동),35.2092687,128.1202892
신화베이스 캠핑카제작소,경상남도,진주시,금곡면 무선산로529번길 7,35.118205,128.1702801
금호카센타,경상남도,진주시,창렬로169번길 11-2(상봉동),35.2004325,128.0751432
말티자동차종합검사소,경상남도,진주시,진산로 206(장재동),35.205477,128.1037846
우평자동차정비,경상남도,진주시,돗골로26번길 6(상평동),35.1701306,128.1133922
(주)아이언모터스 진주,경상남도,진주시,내동면 내동로 129,35.1557129,128.081644
우성모터스,경상남도,진주시,진산로 238,35.2080908,128.1029088
대곡카센타,경상남도,진주시,대곡면 남강로2438번길 11,35.2607396,128.1638911
송림3급정비,경상남도,진주시,공단로 9(상평동),35.1751783,128.1010092
국제모터스,경상남도,진주시,창렬로 65(봉곡동),35.1942336,128.0689399
스타모터스,경상남도,진주시,나불로 80,35.2037637,128.0559095
명품종합모터스,경상남도,진주시,내동면 정주마을길 19,35.1543482,128.0727585
모토플랜[MOTOPLAN],경상남도,진주시,나불로21번길 25(이현동),35.1982157,128.0530796
스피드메이트이마트진주,경상남도,진주시,"진양호로 477, 2층(인사동)",35.1915937,128.0774075
진주자동차종합검사소,경상남도,진주시,내동면 내동로 114,35.154655,128.0797789
더타이어샵,경상남도,진주시,도동천로 153,35.1838356,128.1151797
최강모터스,경상남도,진주시,큰들로 76,35.1708469,128.1112359
공임나라 진주상대점,경상남도,진주시,모덕로 125(상대동),35.1837125,128.1111058
All kill 모터스,경상남도,진주시,남강로 463(신안동),35.1796343,128.0722595
JK모터스,경상남도,진주시,미천면 진산로 1817-4,35.3175078,128.0899931
스핀휠종합정비,경상남도,진주시,말티고개로100번길 16-21(하대동),35.1962765,128.1098277
여유모터스,경상남도,진주시,진산로 437(장재동),35.2246118,128.0995831
차go치go MotorS,경상남도,진주시,문산읍 동부로 346-19,35.1585633,128.1425499
보람모터스,경상남도,진주시,사들로34번길 6-27(충무공동),35.1694869,128.1454771
르노코리아자동차 서비스코너 신안점,경상남도,진주시,남강로 457(신안동),35.1792397,128.0720082
일진교통 주식회사,경상남도,진주시,남강로 152(신안동),35.1604003,128.049002
천일카서비스,경상남도,진주시,초장로 195-13(장재동),35.2087824,128.1035295
가야모터스,경상남도,진주시,명석면 판문로 548,35.2140491,128.0310014
수모터스,경상남도,진주시,문산읍 개양로 255,35.1468754,128.1307598
카스테이션,경상남도,진주시,진주대로 1300(유곡동),35.1943976,128.0615097
돌고래모터스부분정비공업사,전라남도,영암군,삼호읍 대불로 150,34.7432741,126.3875622
오토클리닉,전라남도,영암군,삼호읍 대불로 96-48,34.7386083,126.3921478
길목자동차부분정비공업사,전라남도,영암군,삼호읍 대불로 407,34.7648733,126.394101
군서밧데리,전라남도,영암군,군서면 도갑사로 20,34.7620176,126.6343444
영암카센타,전라남도,영암군,덕진면 월출로 296,34.8193676,126.6929641
한일부분정비공업사,전라남도,영암군,삼호읍 대불산단1로 168,34.775983,126.4500649
한양카프라자,전라남도,영암군,삼호읍 대불주거로 76,34.7480081,126.4644012
애니카랜드 삼호점,전라남도,영암군,삼호읍 대불주거로 66,34.7473321,126.4652111
그린자동차 샵,전라남도,영암군,삼호읍 세가래로 7,34.7473198,126.4660442
신대불3급부분정비공업사,전라남도,영암군,삼호읍 대불로 787,34.7751234,126.4312209
대하카써비스,전라남도,영암군,신북면 고분로 1133,34.9444462,126.6774493
길목모터스,전라남도,영암군,삼호읍 대불로 407,34.7648733,126.394101
대형자동차전문정비공업사,전라남도,영암군,삼호읍 대불주거1로18길 3,34.7509974,126.453897
유일공업사,전라남도,영암군,삼호읍 소등로 2,34.7694047,126.4360591
OK자동차전문정비공업사,전라남도,영암군,시종면 육거리로 7,34.8691664,126.6069361
차니카,전라남도,영암군,금정면 영나로 897,34.8645775,126.74879
제일타이어 자동차부품,전라남도,영암군,삼호읍 대불로 789,34.7750001,126.4318074
삼호카서비스,전라남도,영암군,삼호읍 대불주거로12,34.7434664,126.4679716
서영암 자동차전문정비,전라남도,영암군,미암면 비래길39,34.7239114,126.5652176
블루핸즈 영암점,전라남도,영암군,영암읍 영암로 1455,34.7945337,126.6896634
주식회사 대성모터스엔지니어링,전라남도,영암군,삼호읍 삼호중앙로 15,34.7443603,126.4528156
김녹수,전라남도,영암군,학산면 왕인로 209,34.7407158,126.6150449
반도자동차공업사,전라북도,익산시,황등면 화강암로 59,35.9931927,126.9492245
그린1급자동차공업사,전라북도,익산시,오산면 광양길 98-10,35.9430345,126.9257413
(유)무진모터스,전라북도,익산시,서동로38길 13-6 (금강동),35.9382142,126.9761904
(유)익산자동차공업사,전라북도,익산시,목천로1길 19 (평화동),35.9310588,126.9451481
유신자동차공업사,전라북도,익산시,서동로 209 (금강동),35.9388875,126.9730697
1급 서일특장자동차공업사,전라북도,익산시,함열읍 함열10길 25,36.0758162,126.9659815
국제자동차공업사,전라북도,익산시,서동로 205 (금강동),35.9388647,126.9726194
대불자동차부분정비공업사,전라남도,영암군,영암읍 낭주로 82,34.7967175,126.7051765
신정자동차부분정비공업사,전라남도,영암군,영암읍 낭주로 128,34.7997456,126.7026607
서진자동차부분정비공업사,전라남도,영암군,삼호읍 녹색로 955,34.7547513,126.4753463
영일종합카센타,전라남도,영암군,도포면 나가척길 5,34.8396061,126.6268106
성철자동차부분정비공업사,전라남도,영암군,군서면 왕인로 822,34.7827469,126.655955
천일부분정비공업사,전라남도,영암군,군서면 왕인로 518,34.76335,126.6334909
삼익부분정비공업사,전라남도,영암군,영암읍 중앙로 34,34.7991478,126.6975923
신영부분정비공업사,전라남도,영암군,삼호읍 녹색로 873,34.7621293,126.4746861
제일자동차부분정비공업사,전라남도,영암군,영암읍 낭주로 231,34.8083517,126.6992485
칠칠부부정비공업사,전라남도,영암군,삼호읍 용당로 309,34.7649723,126.3933961
시종자동차부분공업사,전라남도,영암군,시종면 마한로 1266,34.8676964,126.609465
대동그린자동차부분정비공업사,전라남도,영암군,영암읍 영암로1526,34.79353,126.6969764
신북카센타,전라남도,영암군,신북면 예향로 2524,34.8865021,126.6894766
낭주부분정비공업사,전라남도,영암군,미암면 선황로 339,34.7227297,126.5735132
서울부분정비공업사,전라남도,영암군,삼호읍 독천로 145-7,34.7246611,126.5652258
영암한라점현대자동차부분정비공업사,전라남도,영암군,삼호읍 대불로 370,34.761182,126.393975
현철부분정비공업사,전라남도,영암군,삼호읍 산호리 103,34.7434687,126.4837255
삼호부분정비공업사,전라남도,영암군,삼호읍 녹색로 1018,34.7494812,126.4750109
학산자동차부분정비공업사,전라남도,영암군,학산면 독천로 207,34.7262072,126.5717769
애니카랜드 영암점(오토뱅크),전라남도,영암군,영암읍 장서동길 4,34.8095188,126.6989539
형제밧데리,전라남도,영암군,영암읍 낭주로 244,34.8096992,126.6997242
미암부분정비공업사,전라남도,영암군,미암면 곤미현로 883,34.6971992,126.5675927
대경자동차부분정비공업사,전라남도,영암군,학산면 독천로 263,34.7252734,126.5780292
광신자동차부분정비공업사,전라남도,영암군,영암읍 서남역로 24,34.799643,126.695435
신북자동차공업사·세차장,전라남도,영암군,신북면 간은정로 21-15,34.8900981,126.6912167
쌍용자동차 영암서비스프라자,전라남도,영암군,덕진면 예향로 1727,34.8184643,126.6973006
종원카쎈타,전라남도,영암군,삼호읍 세가래2길 5,34.7460802,126.475188
대불자동차부분정비공업사,전라남도,영암군,삼호읍 대불주거1로1길 2,34.7518378,126.4560757
한국GM 영암바로서비스,전라남도,영암군,덕진면 백운선로 3,34.8209072,126.6973349
덕진1급자동차공업사,전라남도,영암군,덕진면 예향로 1701,34.8163855,126.6978925
대불종합자동차정비,전라남도,영암군,삼호읍 녹색로 1246,34.7398465,126.4961467
우주자동차1급정비공업사,전라남도,영암군,영암읍 예향로 1673,34.8139934,126.6983003
한국자동차서비스,전라남도,영암군,삼호읍 대불로 528,34.7706253,126.4037541
삼호현대종합정비,전라남도,영암군,삼호읍 모밀항길 61-2,34.7519131,126.3865579
(주)나주특장,전라남도,영암군,영암읍 낭주로 287,34.8136379,126.697989
주식회사안전기업목포지점,전라남도,영암군,삼호읍 대불산단7로 218,34.7710978,126.4217668
유한회사 완성,전라남도,영암군,삼호읍 대불로 518,34.7704049,126.403096
다솜종합자동차공업사,전라남도,영암군,삼호읍 까치목길 11-14,34.7635523,126.4759884
주식회사 디케이목포현대상용서비스,전라남도,영암군,삼호읍 대불역로 219,34.7802274,126.4464627
서울종합1급자동차공업사,전라남도,영암군,학산면 금계로 39,34.7237901,126.5821186
영암제일자동차공업사,전라남도,영암군,영암읍 영암로 1343,34.7934806,126.6772214
대신자동차정비공업사,전라남도,영암군,미암면 잿등로 247,34.7140581,126.5581854
현대기아 카클리닉,전라남도,영암군,영암읍 영암로 1473,34.7945949,126.6913716
덕진종합카센타,전라남도,영암군,덕진면 금강리 245-10,34.8275628,126.6900024
월출밧데리,전라남도,영암군,영암읍 여운재로7,34.8035778,126.7010796
삼영카전문정비공업사,전라남도,영암군,영암읍 예향로 1670-5,34.813415,126.6991439
신세계자동차부분정비공업사,전라남도,영암군,삼호읍 난전로 134,34.7485785,126.4307568
오장성카센타,전라남도,영암군,신북면 예향로 2668,34.8984661,126.6952897
월출카센타,전라남도,영암군,영암읍 낭주로 214,34.8069781,126.7000418
금호경정비,전라남도,영암군,삼호읍 대불주거1로 25,34.7514853,126.4567935
영암프로카세차장,전라남도,영암군,도포면 마한로 688,34.8408789,126.643308
광주자동차부분정비공업사,전라남도,영암군,영암읍 낭주로 163,34.8023319,126.7005255
로켓트밧데리부분정비공업사,전라남도,영암군,덕진면 백운선로 18,34.8205844,126.6986298
티스테이션 익산점,전라북도,익산시,하나로13길 3 (영등동),35.9604426,126.9808544
한국타이어 익산판매,전라북도,익산시,무왕로 1373 (팔봉동),35.9641458,127.0077907
마동열린카센타,전라북도,익산시,서동로 160 (마동),35.9362945,126.9684513
으뜸자동차공업사,전라북도,익산시,마한로 89 (영등동),35.9650327,126.9737748
신동점 기아오토큐,전라북도,익산시,인북로 362 (신동),35.9603504,126.9622361
스피드메이트 이마트익산점,전라북도,익산시,평동로 705 (동산동),35.9305531,126.9578256
쌍정오토랜드,전라북도,익산시,춘포면 궁성로 137-1 (춘포면),35.9249993,127.0518639
배산오토카,전라북도,익산시,동서로 141 (모현동2가),35.9559745,126.950186
하나로카센타,전라북도,익산시,하나로 63 (금강동),35.927648,126.9778352
에스카플러스 익산점,전라북도,익산시,"무왕로 1035, 홈플러스5층 (영등동)",35.9589235,126.9722973
SOS 카마스타,전라북도,익산시,약촌로 60 (신흥동),35.9392672,126.978256
OK카센타,전라북도,익산시,선화로 358 (마동),35.9458539,126.9692626
바른카서비스,전라북도,익산시,동서로51길 50 (어양동),35.955709,126.978923
호남카센타,전라북도,익산시,오산면 무왕로2길 321-41 (오산면),35.9477694,126.9278279
명인모터스,전라북도,익산시,무왕로 834 (신동),35.9646717,126.9516007
인화카써비스,전라북도,익산시,인북로4길 54 (인화동2가),35.9289674,126.9552301
광명모터스,전라북도,익산시,인북로 346 (신동),35.9590089,126.9618299
베스트 타이어,전라북도,익산시,인북로 293 (남중동),35.9545486,126.959372
프리미엄카서비스,전라북도,군산시,구암3.1로 78,35.9811442,126.7276994
타이어백화점 은진카센타,전라북도,군산시,축동로 162,35.9739267,126.7108281
미장점 현대자동차,전라북도,군산시,미장8길 2,35.9599626,126.7312029
패밀리 카 센타,전라북도,군산시,소룡길 26,35.9725475,126.6790137
사람과자동차,전라북도,군산시,조촌4길 3,35.9665727,126.7356755
롯테공업사,전라북도,군산시,공항로 583,35.9389523,126.6529005
조은카 세차장,전라북도,군산시,백토로 349-7,35.9717735,126.7049475
S모터스,전라북도,군산시,하나운3길 10,35.9639687,126.6946955
한국타이어 T-Station 지곡점,전라북도,군산시,의료원로 72,35.9561361,126.7077202
제이모터스,전라북도,군산시,백토로 17,35.9776109,126.7059519
조은카클리닉,전라북도,군산시,팔마로 163-1,35.9738164,126.7192631
금호타이어프로수송점,전라북도,군산시,옥산면 월명로 95,35.9524615,126.7153163
대신오토,전라북도,군산시,구암로 89,35.9829329,126.7487568
명성공업사,전라북도,군산시,외항로 309,35.9677016,126.6352706
(주)한국공업사,전라북도,군산시,외항로 183,35.971425,126.6487724
기성카센타,전라북도,군산시,조촌안5길 53,35.970887,126.7340092
현대 카 센타,전라북도,군산시,개정면 번영로 482,35.9613707,126.769936
엔젤 자동차정비,전라북도,군산시,시청로 8-5,35.9662466,126.7363936
청운카센타,전라북도,군산시,공항로 294,35.963627,126.6619314
서광정밀,전라북도,군산시,외항로 415,35.9650934,126.6238302
명성카클리닉,전라북도,군산시,번영로 247,35.9624376,126.7446907
한국타이어서군산대리점,전라북도,군산시,경촌1길 1,35.9758263,126.7336905
푸른카서비스,전라북도,군산시,임피면 동군산로 688-1,35.9839643,126.8498237
넘버원 카 클리닉 지곡점,전라북도,군산시,신평길 39,35.9586789,126.7133521
군산디젤센터,전라북도,군산시,미장서로 144,35.9721691,126.7239614
르노코리아자동차 서비스코너 수송점,전라북도,군산시,신평안길 16-2,35.9583935,126.7111523
카젠,전라북도,군산시,서래3길 4,35.9835168,126.7244951
지곡자동차,전라북도,군산시,지곡로 11,35.958394,126.7109091
현대자동차지곡남부점,전라북도,군산시,지곡로 33,35.9564133,126.7109762
개인택시카센타,전라북도,군산시,구암3.1로 321,35.9854975,126.752734
빵빵카센타,전라북도,군산시,부곡로 153,35.9581859,126.6727738
붕붕카마스타,전라북도,군산시,공단대로 143,35.9592912,126.7257714
군산오토피아,전라북도,군산시,번영로 223,35.9624135,126.7418643
드림모터스,전라북도,군산시,궁멀길 11,35.9832637,126.7473647
스피드메이트 이마트군산점,전라북도,군산시,구암3.1로 137,35.9831825,126.7340074
오성공업사,전라북도,군산시,구암3.1로 275,35.9861972,126.7477952
만남의공업사,전라북도,군산시,외항로 295-8,35.9682692,126.6366245
진영카센타,전라북도,군산시,조촌로 158,35.9781795,126.737976
대우카세차장,전라북도,군산시,월명로 323,35.9730916,126.7153197
은혜카,전라북도,군산시,대야면 석화로 15,35.946704,126.812304
문일공업사,전라북도,군산시,외항로 377-7,35.9666428,126.6283745
한국타이어현대대리점,전라북도,군산시,번영로 124,35.9673105,126.7331788
제일카센타,전라북도,군산시,중앙로 26-3,35.9775,126.7226153
(유)쉐보레 나운바로 서비스,전라북도,군산시,미성로 554,35.9539614,126.6818128
트럭스타모터스,전라북도,군산시,번영로 480,35.9616466,126.7691202
신일자동차공업사,전라북도,군산시,외항로 273-9,35.9684592,126.6392052
현대자동차문화점,전라북도,군산시,팔마로 12,35.9734155,126.7024709
푸른자동차,전라북도,군산시,분멀3길 28,35.9637692,126.5701561
명수카센타,전라북도,익산시,무왕로 1729 (덕기동),35.9800238,127.0393449
금마그린정비업소,전라북도,익산시,금마면 미륵사지로 90 (금마면),35.9941279,127.0493049
현대자동차 동산점,전라북도,익산시,평동로 752 (동산동),35.9278325,126.9612468
LG오아시스카센타,전라북도,익산시,망성면 익산대로 2802 (망성면),36.1457214,127.0063002
모아종합카센타,전라북도,익산시,동서로19길 19-2 (신동),35.956035,126.9559883
시온카센타,전라북도,익산시,왕궁면 왕궁로 135 (왕궁면),35.9324727,127.0777234
용안종합카센타,전라북도,익산시,용안면 하신1길 6-8 (용안면),36.121056,126.9598702
수정카인테리어,전라북도,익산시,낭산면 함낭로 1351 (낭산면),36.074716,127.0517915
백제카프라자,전라북도,익산시,궁동로 174 (부송동),35.9630384,126.9903491
오토오아시스 연세점,전라북도,익산시,부송로 33 (어양동),35.9546208,126.9912908
현대자동차 금강점,전라북도,익산시,약촌로 41-1 (금강동),35.937561,126.9778361
숲정이카센타,전라북도,익산시,여산면 여강로 325,36.0770157,127.0585902
금강카클리닉,전라북도,익산시,약촌로 56 (신흥동),35.939001,126.9782593
동산동카센타,전라북도,익산시,서동로2길 12 (동산동),35.9289099,126.9575005
진용카써비스,전라북도,익산시,동천로 69 (동산동),35.9296631,126.9708575
여산카센타,전라북도,익산시,여산면 여강로 63 (여산면),36.0603881,127.0787983
삼광카센타,전라북도,익산시,익산대로 336-4 (모현동2가),35.9557053,126.9529069
현대바로클리닉,전라북도,익산시,인북로 347 (신동),35.9592054,126.9612527
현대오토,전라북도,익산시,서동로 310 (신흥동),35.9405941,126.9836302
현대자동차 황등점,전라북도,익산시,황등면 황등로 14 (황등면),35.9945935,126.9492476
경부카센타,전라북도,익산시,익산대로 267-10 (남중동),35.94944,126.9503806
타이어월드,전라북도,익산시,무왕로 1005-8 (영등동),35.9590544,126.9692201
마스타카서비스,전라북도,익산시,인북로 172 (남중동),35.9439658,126.9555596
카맨샵 영등점,전라북도,익산시,마한로 74 (영등동),35.9643204,126.972164
송학점 기아오토큐,전라북도,익산시,학곤로 52 (송학동),35.9377593,126.9409389
스마일자동차마을,전라북도,익산시,부송1로 9 (어양동),35.9571029,126.9832213
성일카 랜드,전라북도,군산시,황룡로 59,35.943884,126.6914077
애니카수송점,전라북도,군산시,동메3길 41,35.9717425,126.7153133
역전카마스타,전라북도,군산시,대야면 대야관통로 42,35.9437925,126.8102963
센스카공업사,전라북도,군산시,미장서로 98,35.9679339,126.7229768
지곡점현대자동차,전라북도,군산시,신평안길 29,35.9590772,126.7112428
행복카센타,전라북도,군산시,팔마로 33,35.973835,126.7046968
성동카센타,전라북도,군산시,산북로 64,35.9592644,126.6733874
대림공업사,전라북도,군산시,외항로 377-14,35.9659888,126.6276586
쌍용자동차 소룡서비스프라자,전라북도,군산시,공단대로 665,35.975959,126.6753071
동신카센타,전라북도,군산시,진포로 214,35.9776709,126.7332865
믿음카,전라북도,군산시,서흥길 61,35.9726264,126.71269
우주카인테리어,전라북도,군산시,백릉로 210,35.9775357,126.7484734
광원카센타,전라북도,군산시,미원로 16,35.9762221,126.7073742
RPM 카센타,전라북도,군산시,개정면 번영로 836,35.9485222,126.8042711
119카마스타,전라북도,군산시,축동안길 19-6,35.9654796,126.7143402
대성카센타,전라북도,군산시,진포로 228,35.9790276,126.7331814
KG MOTORS,전라북도,군산시,공단대로 484,35.9647266,126.6895995
한국타이어 군산대리점,전라북도,군산시,번영로 24,35.9738506,126.7255585
카플러스,전라북도,군산시,상지곡안2길 19,35.9581957,126.7055684
하나공업사,전라북도,군산시,외항로 361,35.9668993,126.6300061
쌍용자동차군산서비스프라자,전라북도,군산시,월명로 301,35.9709867,126.7151587
고려카,전라북도,군산시,축동로 138,35.9716836,126.7109941
한국카마스타,전라북도,군산시,조촌4길 61-1,35.9721279,126.7357278
그린오토,전라북도,군산시,대학로 499,35.9506875,126.6860547
대명모터스,전라북도,군산시,하나운2길 29,35.966011,126.6985182
후문카센타,전라북도,익산시,서동로 314 (신흥동),35.9406118,126.9842536
쌍용자동차 금강서비스프라자,전라북도,익산시,서동로38길 9 (금강동),35.9387381,126.9752981
행복카센타,전라북도,익산시,춘포면 석암로 325 (춘포면),35.9329587,127.0205282
레이싱,전라북도,익산시,동서로 356 (영등동),35.9499349,126.9728917
태극카마스타,전라북도,익산시,선화로69길 17 (부송동),35.9555859,126.9949414
어양점 기아오토큐,전라북도,익산시,선화로 607 (어양동),35.9527774,126.9938627
진일카센타,전라북도,익산시,하나로 422-10 (어양동),35.9580876,126.9826622
매직카써비스,전라북도,익산시,동천로 93 (금강동),35.9297874,126.9735103
자동차마을카,전라북도,익산시,황등면 황등로 23 (황등면),35.9954401,126.9486404
"기아,현대자동차(나운점)",전라북도,군산시,상나운로 14,35.9644864,126.6920969
성광카센타,전라북도,군산시,팔마로 209-3,35.9739665,126.7240395
최동규카센타,전라북도,군산시,칠성로 103,35.9642075,126.6784229
대원자동차공업사,전라북도,군산시,개정면 바르메길 70,35.9595454,126.7979398
대야점 현대자동차,전라북도,군산시,개정면 번영로 830,35.9487192,126.8036404
중앙카센타,전라북도,군산시,미원2길 7-1,35.9804775,126.7171272
현대자동차산북점,전라북도,군산시,소룡1길 10,35.9692299,126.6759888
녹산공업사,전라북도,군산시,외항로 557,35.963722,126.6087544
한국타이어비룡카대리점,전라북도,군산시,임피면 동군산로 748,35.9865288,126.8553713
애니카랜즈조촌점,전라북도,군산시,조촌로 84,35.9715007,126.7380398
금호타이어 군산총판,전라북도,군산시,백릉로 213,35.9780751,126.7483789
현대오토,전라북도,군산시,경포천로 151-8,35.9727391,126.726713
태정공업사,전라북도,군산시,공항로 430,35.9527494,126.6558426
구암타이어,전라북도,군산시,백릉로 262,35.9808581,126.7526465
조촌점 현대자동차,전라북도,군산시,조촌로 164,35.9786832,126.7380884
한길카센타,전라북도,군산시,양안로 84-2,35.969901,126.742429
한솔카프라자,전라북도,익산시,고봉로18길 16 (영등동),35.9526525,126.970696
엔크린카센타,전라북도,익산시,선화로 306 (마동),35.9450721,126.9636172
에이스카,전라북도,익산시,서동로 20 (동산동),35.9291639,126.9567832
현대그린카,전라북도,익산시,익산대로2길 14-8 (평화동),35.9315086,126.9450881
남바우세차장,전라북도,익산시,익산대로 271 (남중동),35.9500973,126.9509126
김연수카매니저,전라북도,익산시,배산로 189-4 (모현동2가),35.9545515,126.9418091
친구카센타,전라북도,익산시,인북로 369 (신동),35.9611869,126.9619522
뉴모악카경정비,전라북도,익산시,금마면 호남로 947 (금마면),35.9952398,127.0618943
1급전라카써비스,전라북도,익산시,궁동로 101 (어양동),35.9623752,126.9824083
미륵카쎈타,전라북도,익산시,금마면 미륵사지로 261 (금마면),36.0060793,127.037758
광선자동차나라,전라북도,익산시,동서로 189 (남중동),35.9546572,126.9552672
현대자동차 함열점,전라북도,익산시,함열읍 함낭로 495 (함열읍),36.0740937,126.9621298
오토피아 동부점,전라북도,익산시,서동로 276 (신흥동),35.9402466,126.980016
두리카서비스,전라북도,익산시,서동로 443 (신흥동),35.9420547,126.9969895
(유)금호타이어 호남총판 목천점,전라북도,익산시,목천로 11 (목천동),35.9157517,126.9313336
금호타이어 대진대리점,전라북도,익산시,무왕로 984 (신동),35.959948,126.9665597
현대자동차 송학점,전라북도,익산시,학곤로 65 (송학동),35.9372245,126.9393522
동인종합카센타,전라북도,익산시,선화로 369 (영등동),35.9463613,126.9708344
스피드메이트 한신점,전라북도,익산시,선화로 514 (신흥동),35.9471023,126.9864914
고려카공업사,전라북도,익산시,낭산면 함낭로 1151 (낭산면),36.0752761,127.0314218
오토오아시스롯데마트익산점,전라북도,익산시,무왕로 1053 (영등동),35.9591111,126.9742263
신광튠업정비,전라북도,익산시,동서로51길 58-1 (어양동),35.9565102,126.978824
진주카센타,전라북도,익산시,동서로 249 (남중동),35.9528811,126.9616987
한국지엠 익산바로서비스,전라북도,익산시,배산로24길 6 (모현동1가),35.9520586,126.9422727
우리카경정비센타3급,전라북도,익산시,금마면 미륵사지로 29 (금마면),35.9888442,127.0490761
한빛카센타,전라북도,익산시,황등면 황등로 45 (황등면),35.9971076,126.947734
마동현대카프라자,전라북도,익산시,주현로24길 4 (주현동),35.937498,126.9582545
익산스타카센타,전라북도,익산시,오산면 군익로 348 (오산면),35.9475595,126.9254176
부흥밧데리,전라북도,익산시,함열읍 익산대로 1703 (함열읍),36.0700348,126.9660616
상룡카센타,전라북도,익산시,익산대로74길 7 (신용동),35.974356,126.9557879
쌍용자동차 익산서비스프라자,전라북도,익산시,익산대로44길 1 (남중동),35.9505311,126.9519107
하이카프라자,전라북도,익산시,하나로13길 8 (영등동),35.9606876,126.9804917
함열밧데리카센타,전라북도,익산시,함열읍 함낭로 534 (함열읍),36.0739128,126.96658
금호카세차장,전라북도,익산시,선화로49길 38 (영등동),35.947953,126.9666412
1급믿음카센타,전라북도,익산시,주현로 70 (주현동),35.9363531,126.9577153
공열종합카센타,전라북도,익산시,황등면 화강암로 77 (황등면),35.9949203,126.9493653
현대카인테리어,전라북도,익산시,함열읍 익산대로 1780 (함열읍),36.0768384,126.9678415
원카센타,전라북도,익산시,무왕로 1350 (팔봉동),35.9626561,127.0057115
우진카서비스,전라북도,익산시,무왕로 968 (신동),35.9608652,126.9652468
보석카크리닉,전라북도,익산시,선화로 367 (영등동),35.9460748,126.9703497
드림카프라자,전라북도,익산시,궁동로 77 (영등동),35.9622353,126.9799923
세림카센타,전라북도,익산시,낭산면 함낭로 1187 (낭산면),36.0757068,127.0354833
평화경정비상사,전라북도,익산시,함열읍 미륵사지로 1206 (함열읍),36.0662596,126.9736073
한달음정비센타,전라북도,익산시,하나로 292 (신흥동),35.9466747,126.9852013
진자동차병원,전라북도,익산시,고봉로36길 7 (영등동),35.96325,126.9720054
타이어프로 부송점,전라북도,익산시,무왕로 1245 (부송동),35.9605709,126.9949896
애니카랜드 영등점,전라북도,익산시,궁동로 9 (영등동),35.9620403,126.9723877
하이원카서비스,전라북도,익산시,무왕로 1175 (부송동),35.9595564,126.987132
태풍카인테리어,전라북도,익산시,동서로45길 3 (영등동),35.951665,126.9763775
이공단카써비스,전라북도,익산시,석암로 128 (용제동),35.9449601,127.0042793
차사랑,전라북도,익산시,고봉로 289 (영등동),35.9578811,126.9706579
슈퍼카모터스,전라북도,익산시,선화로59길 52 (영등동),35.9499349,126.9718257
그랜드카서비스,전라북도,익산시,고봉로18길 37 (영등동),35.9528155,126.973061
삼기문화카센타,전라북도,익산시,삼기면 황금로 537 (삼기면),36.0187781,126.9860962
영등종합카센타,전라북도,익산시,선화로51길 35 (영등동),35.9497679,126.966815
미성카센타,전라북도,익산시,금마면 미륵사지로 48 (금마면),35.9905401,127.0495623
해금강카센타,전라북도,익산시,익산대로13길 3 (남중동),35.9505406,126.9509947
서원종합카센타,전라북도,익산시,동서로51길 72 (어양동),35.9575966,126.9787658
현대자동차 모현점,전라북도,익산시,동서로 110 (모현동2가),35.9553595,126.9468721
용제카센타,전라북도,익산시,서동로 456 (용제동),35.941985,126.998337
명동튠업사,전라북도,익산시,서동로4길 9 (주현동),35.931761,126.9588378
동양밧데리,전라북도,익산시,춘포로 18 (금강동),35.9206768,126.9782359
동방자동차정비,전라북도,익산시,평동로 710 (동산동),35.9294327,126.9569965
우리카센터,전라북도,익산시,배산로 67 (모현동1가),35.9438138,126.9384954
애니카랜드 마동점,전라북도,익산시,중앙로 111-2 (마동),35.9375389,126.9592173
킹카써비스,전라북도,익산시,고봉로 335 (영등동),35.9619996,126.9711176
배산오토랜드,전라북도,익산시,동서로 195 (남중동),35.9545065,126.956061
T-STATION 영등점,전라북도,익산시,고봉로 261-4 (영등동),35.9556077,126.9697865
광장카,전라북도,익산시,함열읍 익산대로 1802,36.0790788,126.9676712
형제밧데리,전라북도,익산시,오산면 무왕로2길 260 (오산면),35.943461,126.9269807
호남밧데리A/S센타,전라북도,익산시,목천로 325 (동산동),35.9275479,126.9569042
천마카센타,전라북도,익산시,금마면 미륵사지로1길 32,35.9892798,127.0528112
통운카센타,전라북도,익산시,"석암로3길 85, 802동 (팔봉동)",35.9551517,127.0054098
영등점 기아오토큐,전라북도,익산시,고봉로 225 (영등동),35.9524997,126.9686414
신동카센타,전라북도,익산시,인북로 373 (신동),35.9614975,126.9620548
타이어프로인화점,전라북도,익산시,평동로 669 (인화동2가),35.9311614,126.9531932
MJ Motors,전라북도,익산시,평동로 751 (동산동),35.9281855,126.961499
준카프라자,전라북도,익산시,익산대로 304-1 (남중동),35.9529322,126.9525518
대우모터스,전라북도,익산시,평동로 658 (인화동1가),35.9310961,126.9516995
만나카클리닉,전라북도,익산시,무왕로 1337-3 (팔봉동),35.9626869,127.0046109
유명카센타,전라북도,익산시,인북로 306 (남중동),35.9554327,126.9603107
바로카서비스,전라북도,익산시,고봉로18길 3 (영등동),35.9533296,126.9695792
진성카센타,전라북도,익산시,황등면 황등로 36 (황등면),35.9964971,126.9489713
현대종합카센타,전라북도,익산시,목천로 269 (인화동1가),35.9292901,126.9512679
현대믿음카센타,전라북도,익산시,석치길 29 (석왕동),35.9767417,127.0096576
수성카닥터,전라북도,익산시,학곤로12길 13-2 (송학동),35.9385518,126.9413204
한국카센타,전라북도,익산시,주현로 26 (주현동),35.9325751,126.9559276
태흥카,전라북도,익산시,동서로 335 (영등동),35.9505796,126.970613
일성카센타,전라북도,익산시,인북로 50 (인화동1가),35.9336963,126.9513425
동산밧데리,전라북도,익산시,평동로 776 (동산동),35.9270282,126.9639733
신기카센타,전라북도,익산시,약촌로 53-12 (금강동),35.9378515,126.9768921
삼동카센타,전라북도,익산시,익산대로23길 39 (신동),35.964701,126.9525089
고운카써비스,전라북도,익산시,고현로5길 4 (송학동),35.9402157,126.940977
카매니아클럽,전라북도,익산시,동서로 322-1 (영등동),35.9504688,126.9691646
삼정카인테리어,전라북도,익산시,목천로 300 (인화동2가),35.9278818,126.9539794
현대카클리닉 영등점,전라북도,익산시,무왕로 1017 (영등동),35.9589264,126.9700832
금마카테크,전라북도,익산시,서동로 230 (금강동),35.9390475,126.9753875
삼일카독크센타,전라북도,익산시,무왕로10길 4 (신동),35.9613546,126.9641697
동일카인테리어,전라북도,익산시,배산로2길 11-15 (송학동),35.9395825,126.9379434
한국타이어 새한대리점,전라북도,익산시,목천로 254 (인화동1가),35.9292137,126.949186
한국타이어 공단대리점,전라북도,익산시,선화로30길 57-1 (용제동),35.9478724,126.9951294
이레오토밋션,전라북도,익산시,인북로 343 (신동),35.958917,126.9611219
보람카센타,전라북도,익산시,익산대로22길 43 (남중동),35.9436371,126.9535292
영카센타,전라북도,익산시,금마면 무왕로 1871,35.9864788,127.0534419
진영카센타,전라북도,익산시,고봉로18길 9 (영등동),35.953173,126.9700651
원준카서비스,전라북도,익산시,고봉로32길 40 (영등동),35.9595644,126.9754724
호남튠업사,전라북도,익산시,동서로 335-1 (영등동),35.9506272,126.9707077
피드백오토샵,전라북도,익산시,목천로 28 (목천동),35.9168441,126.932835
명진카모터스,전라북도,익산시,평동로 738 (동산동),35.9284241,126.9598623
성진카센타,전라북도,익산시,서동로 511 (용제동),35.945564,127.0028544
석불카센타,전라북도,익산시,삼기면 미륵사지로 670 (삼기면),36.0305164,127.0079137
르노삼성자동차 지정정비코너 마동점,전라북도,익산시,중앙로 114 (마동),35.9368818,126.9591566
스피드카센타,전라북도,익산시,선화로 514,35.9471023,126.9864914
이엘씨테크,전라북도,익산시,배산로 63 (모현동1가),35.9434828,126.9379308
인정카클리닉,전라북도,익산시,동서로51길 76 (영등동),35.9580619,126.9787589
이레카써비스,전라북도,익산시,군익로 495 (송학동),35.9422674,126.9401071
대성종합카센타,전라북도,익산시,함열읍 함열10길 28 (함열읍),36.0767837,126.9670358
우성카센타,전라북도,익산시,왕궁면 왕궁로 146 (왕궁면),35.9332725,127.0786344
자동차세상,전라북도,익산시,부송로 17 (어양동),35.9535812,126.9928029
일신카공업사,전라북도,익산시,용안면 익산대로 2408-2 (용안면),36.1238676,126.9744022
타이어테크 익산본점,전라북도,익산시,선화로 506 (신흥동),35.9470519,126.9853202
조합카센타,전라북도,익산시,무왕로2길 46-9 (목천동),35.926544,126.9164884
천운카센타,전라북도,익산시,서동로38길 6 (금강동),35.9390133,126.9747679
수 카센타,전라북도,익산시,인북로 95 (갈산동),35.9376025,126.9522693
봉명카센타,전라북도,익산시,익산대로 290 (남중동),35.9517934,126.9516853
하나카모터스,전라북도,익산시,선화로 655 (부송동),35.9560508,126.9976037
TIRE TECH 넥센타이어,전라북도,익산시,선화로 506 (신흥동),35.9470519,126.9853202
현모터스,전라북도,익산시,선화로 655 (부송동),35.9560508,126.9976037
대우상사,전라북도,익산시,무왕로31길 416 (월성동),35.9878073,126.9792947
인정카센타,전라북도,익산시,고봉로30길 85-1 (어양동),35.9557633,126.9796517
알파안전,전라북도,익산시,선화로 309 (마동),35.9451772,126.9639406
신흥점 기아오토큐,전라북도,익산시,서동로 318 (신흥동),35.9405457,126.9846974
서부종합카,전라북도,익산시,학곤로16길 60 (송학동),35.9432199,126.9329518
신진카센타,전라북도,익산시,삼기면 황금로 492 (삼기면),36.0208376,126.9815307
금마카센타,전라북도,익산시,금마면 금마길 40 (금마면),35.9900694,127.0523096
계곡자동차부분정비공업사,전라남도,해남군,계곡면 둔주포길 327,34.6347653,126.6277716
금호타이어중앙대리점 르노삼성자동차서비스해남점,전라남도,해남군,해남읍 중앙1로 420,34.5778944,126.5863038
권카부분정비공업사,전라남도,해남군,황산면 원금길 9,34.5894346,126.4989046
현대자동차중앙점부분정비공업사,전라남도,해남군,해남읍 남부순환로 51,34.5664286,126.6055462
송지자동차부분정비공업사,전라남도,해남군,송지면 산정길 60,34.3691066,126.5177218
현대자동차부분정비공업사,전라남도,해남군,해남읍 중앙1로 489,34.5791322,126.5830159
오성카부분정비공업사,전라남도,해남군,해남읍 남부순환로 210,34.5693398,126.5914063
세일자동차부분정비공업사,전라남도,해남군,해남읍 남부순환로 38,34.5679526,126.6055922
현산부분정비공업사,전라남도,해남군,현산면 현산북평로 79,34.4604497,126.5538205
푸른3급부분정비공업사,전라남도,해남군,현산면 현산북평로 135,34.455716,126.5517603
신공평부분정비공업사,전라남도,해남군,해남읍 북부순환로 225,34.5777696,126.5880763
대영부분자동차공업사,전라남도,해남군,산이면 두목길 16-9,34.6390632,126.4509394
우진쌍용4W부분정비공업사,전라남도,해남군,해남읍 중앙1로 458,34.5787662,126.5848735
신해남점기아오토큐부분정비공업,전라남도,해남군,해남읍 해리3길 13-1,34.5713503,126.6084002
금호타이어형제대리점,전라남도,해남군,해남읍 북부순환로 263-1,34.5791164,126.5846517
케이지모빌리티 해남서비스프라자,전라남도,해남군,해남읍 중앙1로 432,34.5780385,126.5859369
동백카부분정비공업사,전라남도,해남군,해남읍 남부순환로 106,34.565204,126.600223
해피카센타,전라남도,해남군,문내면 관광레저로 440,34.6096171,126.3144958
한국타이어 해남점,전라남도,해남군,해남읍 고산로 4,34.5647663,126.601663
유성자동차부분정비공업사,전라남도,해남군,해남읍 남부순환로 321,34.5769855,126.5835949
한국지엠해남지정서비스,전라남도,해남군,해남읍 중앙1로 380,34.5766098,126.5883167
땅끝카정비,전라남도,해남군,해남읍 동초길 5,34.5729591,126.6040473
골드카써비스,전라북도,군산시,팔마로 180-1,35.9734382,126.7210787
애니카랜드서군산점(그린자동차정비),전라북도,군산시,공항로 155-4,35.9715876,126.6735285
일진카센타,전라북도,군산시,설림5길 67,35.9732886,126.6807386
차잘고치는집,전라북도,군산시,검다메2길 10-5,35.9686304,126.7389382
현주자동차공업사,전라북도,익산시,무왕로 1506 (석왕동),35.9697867,127.0204558
세종특장차,전라북도,익산시,왕궁면 왕춘길 76-28,35.9342113,127.060977
서호자동차공업사,전라북도,익산시,황등면 화강암로 86-8,35.9954151,126.9502994
하나로공업사,전라북도,익산시,하나로 543-12 (어양동),35.9694639,126.9785323
한결자동차공업사,전라북도,익산시,무왕로 779-30 (현영동),35.9647273,126.9431923
(유)무왕1급자동차공업사,전라북도,익산시,무왕로31길 416 (월성동),35.9878073,126.9792947
태양 자동차 공업사,전라북도,익산시,옛둑2길 83 (동산동),35.9191383,126.9603826
동산자동차공업사,전라북도,익산시,목천로6길 42 (인화동1가),35.9286091,126.9496825
서호자동차공업사,전라북도,익산시,황등면 화강암로 86-8,35.9954151,126.9502994
금호자동차공업사,전라북도,익산시,하나로 115 (금강동),35.9324388,126.9790479
신세계자동차공업사,전라북도,익산시,목천로6길 34 (인화동1가),35.9289127,126.9486625
형제자동차공업사,전라북도,익산시,목천로6길 38 102동 (인화동1가),35.9288547,126.9489637
미래자동차공업사,전라북도,익산시,서동로38길 13-5 (금강동),35.9387745,126.9755711
연일자동차공업사,전라북도,익산시,오산면 무왕로2길 346,35.9503212,126.9310677
정열자동차공업사,전라북도,익산시,서동로 199 (금강동),35.9386518,126.9720895
신황등자동차공업사,전라북도,익산시,황등면 도선길 163,36.0028295,126.9518596
좋은차만들기공업사,전라북도,익산시,서동로 466 (용제동),35.9422133,126.999322
대광자동차공업사,전라북도,익산시,무왕로 807 (신용동),35.9648721,126.9485583
억불자동차공업사,전라북도,익산시,석암로 179 (석암동),35.9420847,127.0089681
대성공업사,전라북도,익산시,오산면 무왕로2길 321-12,35.9489605,126.9291309
오토오아시스 홈플러스 익산점,전라북도,익산시,무왕로 1035 (영등동 홈플러스),35.9589235,126.9722973
이동준자동차세상,전라북도,익산시,무왕로 971 (신동),35.9611548,126.9658517
동성카센타,전라북도,익산시,무왕로 937 (신동),35.9628714,126.962558
터보카센타,전라북도,익산시,선화로 306 (마동),35.9450721,126.9636172
대동종합카센타,전라북도,익산시,무왕로 1614 (덕기동),35.9721077,127.0317188
수영카센타,전라북도,익산시,약촌로 237 (영등동),35.9549501,126.9734785
카프랜드,전라북도,익산시,무왕로12길 43 (신동),35.9572288,126.9642018
새한자동차공업사,전라북도,익산시,목천로 51 (목천동),35.9192533,126.9340049
익산진우자동차공업사,전라북도,익산시,약촌로 63 (신흥동),35.9392044,126.9768396
반석자동차공업사,전라북도,익산시,목천로6길 18 (인화동1가),35.9294141,126.9468176
(유)대호자동차공업사,전라북도,익산시,서동로 469 (용제동),35.9430551,126.999637
(유)광진,전라북도,익산시,목천로4길 29 (인화동1가),35.9281902,126.9482832
대훈자동차공업사 (유),전라북도,익산시,목천로12길 15 A동 (인화동1가),35.9282737,126.9487414
대신자동차공업사,전라북도,익산시,목천로10길 12 (인화동1가),35.9284678,126.9481291
1급 신하림자동차공업사,전라북도,익산시,함열읍 익산대로 1676-22,36.0690038,126.9672644
대우익산서비스㈜,전라북도,익산시,서동로 242 (신흥동),35.9399397,126.9766857
(유)제일자동차공업사,전라북도,익산시,군익로 446-1 (송학동),35.9430381,126.9342951
동산자동차공업사,전라북도,익산시,목천로6길 42 (인화동1가),35.9286091,126.9496825
현대자동차공업사,전라북도,익산시,동서로39길 2 (영등동),35.9505075,126.971997
(유)남성자동차공업사,전라북도,익산시,동서로 341 (영등동),35.9509464,126.9708235
㈜익산여객,전라북도,익산시,무왕로2길 140 (목천동),35.9339246,126.921321
백제자동차공업사,전라북도,익산시,마한로 161 (어양동),35.9659976,126.9821724
이한자동차공업사,전라북도,익산시,춘포로 81 (금강동),35.9154909,126.9818584
새천년자동차공업사,전라북도,익산시,약촌로 8 (금강동),35.9348082,126.9798738
길자동차공업사,전라북도,익산시,신왕길 13 (석왕동),35.9719311,127.0271701
(유)일급엘지자동차공업사,전라북도,익산시,춘포로 35 (금강동),35.9193254,126.979583
(유)1급진성자동차공업사,전라북도,익산시,서동로46길 8 (용제동),35.9445815,127.0033322
GS1급자동차공업사,전라북도,익산시,평동로 806 (동산동),35.9256736,126.9667689
(유)원창자동차공업사,전라북도,익산시,마한로 57 (영등동),35.9648422,126.9700789
쌍용자동차 익산정비사업소 (주),전라북도,익산시,오산면 군익로 352,35.9467467,126.9261764
한스모터스,전라북도,익산시,목천로 116 (목천동),35.9234488,126.9382543
현대자동차익산서비스,전라북도,익산시,서동로 491 (용제동),35.944293,127.0014533
DY㈜익산공장,전라북도,익산시,석암로13길 118 (팔봉동),35.9556391,127.0059066
에이플러스자동차공업사,전라북도,익산시,무왕로 798 (모현동2가),35.9638881,126.9478259
담양카센터,전라남도,담양군,월산면 도개길 16,35.3384975,126.9596562
대덕부분정비공업사,전라남도,담양군,대덕면 창평현로 892,35.2477064,127.0354071
고서일급카공업사,전라남도,담양군,고서면 상덕길 6,35.2290826,126.9976513
성원카공업사,전라남도,담양군,금성면 담순로 15,35.3356525,127.0181842
쌍교공업사,전라남도,담양군,고서면 죽향대로 358,35.2465807,126.9558866
카차카,전라남도,담양군,담양읍 중앙로 1,35.3136065,126.9824706
신신마린산업,전라남도,담양군,대덕면 창평현로 806,35.2444757,127.0269664
만재 자동차 서비스,전라남도,담양군,담양읍 죽향대로 1110,35.3048256,126.9812321
동부카센타,전라남도,담양군,창평면 신기길 3,35.2285278,127.003783
박주수타이어,전라남도,담양군,담양읍 삼거리길 8-12,35.3099928,126.9817266
한국오텍(주),전라남도,담양군,금성면 시암골로 88,35.345132,127.01698
동진카센터,전라남도,담양군,고서면 창평현로 184,35.2220127,126.9730158
전남밧데리,전라남도,담양군,담양읍 추성로 1230,35.3183414,126.9728088
봉산카센터,전라남도,담양군,봉산면 탄금길 95,35.2710803,126.9664954
현대카센터,전라남도,담양군,대전면 추성1로 165,35.2755984,126.8847791
우정카정비,전라남도,담양군,담양읍 무정로 24,35.3088725,126.9833278
종합부분정비공업사,전라남도,담양군,담양읍 무정로 87,35.3051957,126.987975
금성카센터,전라남도,담양군,담양읍 지침6길 82,35.3191167,126.9904899
담양밧데리자동차공업사,전라남도,담양군,담양읍 추성로 1218,35.3182512,126.9712912
행운카센터,전라남도,담양군,수북면 추성1로 704,35.301232,126.9288541
담양백동점현대자동차,전라남도,담양군,담양읍 죽향대로 1092,35.3032331,126.9812787
신한카센터,전라남도,담양군,담양읍 신성길 11,35.2989631,126.9772904
담양점기아오토큐,전라남도,담양군,담양읍 추성로 1227,35.3188405,126.9725861
새한카센타,전라남도,담양군,창평면 창평현로 468,35.2280452,127.0015407
무정카마스타,전라남도,담양군,무정면 무정로 400-1,35.2943005,127.0164064
쌍용자동차담양서비스프라자,전라남도,담양군,담양읍 지침5길 33-6,35.3191946,126.9889882
정현카공업사,전라남도,담양군,담양읍 추성로 1382,35.3199415,126.989353
(주)만재,전라남도,담양군,담양읍 추성로 1143,35.3182986,126.9634843
공단카정비공업사,전라남도,담양군,금성면 담순로 249,35.3504753,127.0355288
애니카랜드담양점,전라남도,담양군,담양읍 신성길 1-6,35.2988571,126.977832
(유)동광담양고속,전라남도,담양군,담양읍 천변5길 54-33,35.314932,126.9741321
타이어타운담양점,전라남도,담양군,담양읍 죽향대로 1184,35.3113404,126.9820535
대성카센터,전라남도,담양군,담양읍 천변5길 50,35.3160174,126.9770139
현대자동차담양점,전라남도,담양군,담양읍 지침6길 30-1,35.3157659,126.9863003
한국지엠담양바로서비스,전라남도,담양군,담양읍 추성로 1220,35.3181647,126.9716931
애니카랜드 고서점,전라남도,담양군,고서면 가사문학로 295,35.2253292,126.9719259
(주)우양,전라남도,담양군,봉산면 죽향대로 729,35.2736242,126.9730313
현대자동차공업사,전라남도,담양군,담양읍 구터길 7,35.3041605,126.9817515
담양자동차정비공업사,전라남도,담양군,담양읍 반룡길 6-1,35.2997575,126.9808909
(주)대양모터스,전라남도,담양군,담양읍 추성로 1168,35.3179144,126.9659699
형제타이어,전라북도,익산시,함열읍 익산대로 1729-17,36.0738712,126.9668654
자동차세상,전라북도,익산시,부송로 17 (어양동),35.9535812,126.9928029
제일카센타,전라북도,익산시,오산면 무왕로2길 256,35.9431573,126.9269773
타이어365+배산점  (주)가정오토클럽,전라북도,익산시,동서로 158 (모현동1가),35.9552461,126.9518626
동아오토,전라북도,익산시,목상길 8 (목천동),35.9221833,126.9348563
마스타카센타,전라북도,익산시,무왕로 1721 (덕기동),35.9792346,127.0391971
청하카서비스,전라북도,익산시,중앙로29길 1 (마동),35.9364256,126.9642725
다올카서비스,전라북도,익산시,석암로15길 160 (팔봉동),35.9617963,127.0039988
이레카서비스,전라북도,익산시,동서로6길 30 (모현동2가),35.9561792,126.9401653
르노삼성자동차 서비스코너 중앙점,전라북도,익산시,중앙로11길 4 (마동),35.9382877,126.9574457
낭산카센타,전라북도,익산시,낭산면 함낭로 1255,36.0745052,127.0429587
대일카냉동,전라북도,익산시,목천로 263 (인화동1가),35.9294028,126.9504387
오일시프트,전라북도,익산시,목천로 280 (인화동2가),35.9284603,126.9518926
명성플랜트정비,전라북도,익산시,오산면 새들길 3-18,35.9334374,126.8792827
오토오아시스 익산훼미리점,전라북도,익산시,무왕로 1223 (부송동),35.9603568,126.9923567
모모카서비스,전라북도,익산시,목천로 327 (동산동),35.9274994,126.9570464
에벤에셀 모터스,전라북도,익산시,주현로 79-2 (주현동),35.9373624,126.9576091
조합 카센타,전라북도,익산시,목천로 140 (목천동),35.9253447,126.9394992
비전 카센타,전라북도,익산시,선화로13길 25 (모현동1가),35.9500533,126.9437241
토탈상용모터스,전라북도,익산시,무왕로33길 60 (석왕동),35.9757065,127.0208295
백용욱 타이어,전라북도,익산시,인북로 379 (신동),35.9621187,126.9624171
스마일카상사,전라북도,익산시,춘포면 쌍정길 25-28,35.9224482,127.053395
한일보링,전라북도,익산시,선화1로 125 (금강동),35.9387377,126.9717029
익산 살림보링,전라북도,익산시,황등면 도선길 79-1,35.9968229,126.9544008
천지카센타,전라북도,익산시,금마면 궁성로 808 (금마면),35.9842651,127.0537846
주영카센타,전라북도,익산시,무왕로 1774 (덕기동),35.9827022,127.0438218
새한쌍용종합카센타,전라북도,익산시,목천로 323 (동산동),35.9276263,126.9565569
성진오토서비스,전라북도,익산시,서동로48길 22-3 (용제동),35.9435999,127.0018882
제일카프라자,전라북도,익산시,함열읍 부촌길 79 (함열읍),36.0758369,126.9578315
서해카센타,전라북도,익산시,석암로11길 32 (용제동),35.9453283,127.0094476
창신카세차장,전라북도,익산시,익산대로 415-3 (신동),35.9628884,126.9531413
현대자동차 부송점,전라북도,익산시,무왕로 1290 (부송동),35.9605824,126.99973
하나카센타,전라북도,익산시,배산로3길 56 (모현동1가),35.9458856,126.9359602
AM카센타,전라북도,익산시,무왕로 828 (신동),35.9653239,126.9509049
(주)동양해외관광,전라북도,익산시,서동로46길 25 (석암동),35.9435824,127.0050876
오산농협자동차수리센타,전라북도,익산시,오산면 오산로 19 (오산면),35.9396645,126.9142692
뉴현대모터스,전라북도,익산시,여산면 가람로 392 (여산면),36.0598226,127.0840188
금호타이어함열점,전라북도,익산시,함열읍 익산대로 1717,36.0714978,126.9663122
부송카센타,전라북도,익산시,궁동로 185-1 (부송동),35.9635559,126.9917856
재룡카센타,전라북도,익산시,함라면 용산로 519,36.0586624,126.9131073
대성카센터,전라북도,익산시,함열읍 함열로 44,36.077693,126.9582611
드림자동차서비스,전라북도,익산시,선화로 187 (남중동),35.9466251,126.9511623
타이어 K 모현점,전라북도,익산시,동서로5길 1 (모현동2가),35.9553187,126.9531673
타이어테크 인화점,전라북도,익산시,인북로 28-3 (인화동1가),35.9320239,126.9505327
(유)금호타이어 호남총판 공단점,전라북도,익산시,서동로 478 (용제동),35.942852,127.0005943
태영카랜드,전라북도,익산시,선화로 221-1 (남중동),35.9457398,126.9549466
공단타이어,전라북도,익산시,서동로 423 (신흥동),35.9418034,126.9947483
타이어 K,전라북도,익산시,무왕로 921 (신동),35.9632205,126.9609577
원창모터스,전라북도,익산시,마한로 61 (영등동),35.9647159,126.9706408
타이어K팔봉점,전라북도,익산시,무왕로 1423 (팔봉동),35.9664402,127.0125146
팔봉 R 카센타,전라북도,익산시,쌍능길 6 (덕기동),35.973979,127.032703
삼부자동차카센타,전라북도,익산시,낭산면 함낭로 935 (낭산면),36.077518,127.0086942
평화카밧데리,전라북도,익산시,함열읍 미륵사지로 1279 (함열읍),36.0703148,126.968304
현대자동차 영등동부점,전라북도,익산시,고봉로 182 (영등동),35.9483662,126.9674975
베스트카클리닉,전라북도,익산시,서동로38길 25-66 (금강동),35.9374677,126.9771053
첨단카오토랜드,전라북도,익산시,서동로 484 (용제동),35.9431715,127.001139
애니카랜드 동익산점,전라북도,익산시,서동로38길 10 (금강동),35.9387923,126.9748435
타이어타운 송학점,전라북도,익산시,오산면 무왕로2길 321-43 (오산면),35.9479449,126.9282517
성공카센타,전라북도,익산시,왕궁면 온천길 26 (왕궁면),35.9232499,127.0584713
금마형제트럭서비스,전라북도,익산시,금마면 미륵사지로 6 (금마면),35.9874082,127.0501098
르노삼성자동차지정정비코너 신동점 타이어타운,전라북도,익산시,인북로64길 1(신동),35.9598906,126.9620007
용진카센타,전라북도,익산시,서동로 463 (용제동),35.9427631,126.9990447
김재두카클리닉,전라북도,익산시,익산대로68길 79 (신동),35.9610605,126.9618856
첨단카센타,전라북도,익산시,중앙로 163 (마동),35.9363454,126.964557
프로미월드 익산점,전라북도,익산시,학곤로 45 (송학동),35.9369684,126.9413785
777타이어백화점 평화점,전라북도,익산시,익산대로 79 (평화동),35.9338006,126.9445172
한국타이어T-Staion송학점,전라북도,익산시,학곤로 95-4 (송학동),35.9379397,126.935869
진명모터스,전라북도,익산시,인북로 176 (남중동),35.9444225,126.9557469
효성카센타,전라북도,익산시,석암로 234 (석암동),35.938353,127.012917
송산카센타,전라북도,익산시,용안면 송산길 2-1,36.0985678,126.9637173
가나상사,전라북도,익산시,함열읍 미륵사지로 1248 (함열읍),36.0700796,126.971269
이벤트 카클리닉,전라북도,익산시,선화로 265 (남중동),35.9445226,126.9594015
강남카서비스,전라북도,익산시,인북로 320-1(남중동),35.9567552,126.9608209
대우카서비스,전라북도,익산시,함열읍 익산대로 1729-21 (함열읍),36.073999,126.9668655
샘터토탈카서비스,전라북도,익산시,선화로 683-4 (부송동),35.9578261,126.999949
그린카세차장,전라북도,익산시,오산면 무왕로2길 266,35.9438737,126.927274
금요오토카센타,전라북도,익산시,서동로 16-9 (동산동),35.9288639,126.9571957
일급카센타,전라북도,익산시,배산로3길 24-17 (모현동1가),35.9486839,126.9355842
덕곡점 기아오토큐,경상북도,김천시,무실1길 14 (덕곡동),36.1151766,128.1540972
금호타이어 김천대리점,경상북도,김천시,모암행복1길 23 (모암동),36.1201197,128.1269092
김천타이어랜드,경상북도,김천시,영남대로 1662 (평화동),36.1284612,128.1160187
도훈모터스,경상북도,김천시,모암길 202-35 (성내동),36.127435,128.1196837
김천연합렉카 정비,경상북도,김천시,공단로 282-1 (응명동),36.1469556,128.1226104
이창욱 정비센터,경상북도,김천시,김천로 170 (남산동),36.1202023,128.1194115
참 모터스,경상북도,김천시,매목길 261 (응명동),36.1422776,128.1347973
발통의 달인,경상북도,김천시,시청로 121-1 (신음동),36.1393037,128.1171869
EL모터스,경상북도,김천시,시청로 164(신음동),36.1427061,128.1191668
김천현대모빌리티,경상북도,김천시,농소면 영남대로 2132,36.1128416,128.1607383
타이어테크 덕곡점,경상북도,김천시,영남대로 2063,36.1162793,128.1541844
참 모터스,경상북도,김천시,남면 운곡리 177,36.0927981,128.224354
뉴만모터스,경상북도,김천시,남면 농남로 574,36.0918156,128.2271076
한국타이어 황금점,경상북도,김천시,김천로 217 (황금동),36.1181968,128.1239769
대양카부분정비공장,경상북도,김천시,시청로 263 (응명동),36.1513551,128.1177984
남김천정비(레카),경상북도,김천시,농소면 영남대로 2134,36.11284,128.1609095
스피드메이트 김천부곡점,경상북도,김천시,송설로 33 (부곡동),36.1242275,128.0882123
유진자동차정비,경상북도,김천시,부거리길 78 (신음동),36.133447,128.1133212
프로미월드 김천점,경상북도,김천시,시청로 20 (신음동),36.1300756,128.1186229
고속카센타,경상북도,김천시,봉산면 광천2길 2,36.1941967,128.00846
오토오아시스(김천점),경상북도,김천시,신기길 5 (신음동),36.1335262,128.1140813
신흥택시 정비공장,경상북도,김천시,영남대로 1295-5 (다수동),36.1269685,128.0776251
88부분정비공장,경상북도,김천시,영남대로 2077 (덕곡동),36.1157202,128.155576
애니카랜드부곡점,경상북도,김천시,영남대로 1437 (부곡동),36.1274287,128.0929315
효성부분정비공장,경상북도,김천시,영남대로 1756 (모암동),36.1264351,128.1254349
시원한정비센터,경상북도,김천시,영남대로 2094 (덕곡동),36.1144715,128.1566634
오토박스부분정비공장,경상북도,김천시,구읍길 178 (교동 ),36.1425352,128.0966919
금호모터스,경상북도,김천시,평화장미길 127 (평화동),36.1294938,128.1110638
현정카,경상북도,김천시,시청로 218 (신음동),36.1487712,128.1200216
스카이모터스,경상북도,김천시,시청로 127 (신음동),36.1398149,128.1174322
추풍령카서비스,경상북도,김천시,영남대로 1329-1 (백옥동),36.1255765,128.0821052
삼거리타이어,경상북도,김천시,영남대로 2065 (덕곡동),36.1162331,128.154205
오토 오아시스,경상북도,김천시,영남대로 1343 (백옥동),36.1252869,128.0833454
동양카부분정비,경상북도,김천시,용암로 38 (용두동),36.1227862,128.1288553
금오카센타,경상북도,김천시,지좌동 287-6 (지좌동),36.1226833,128.1412943
오일박사,경상북도,김천시,백옥동 60-9 (백옥동),36.1282913,128.0804235
공임나라 김천율곡점,경상북도,김천시,혁신6로 12 (율곡동),36.1238474,128.1824326
정비아재,경상북도,김천시,대학로 19 (교동),36.1310869,128.0992349
공단카정비,경상북도,김천시,느티골길 25 (응명동),36.1464355,128.1238261
공임나라 김천모암점,경상북도,김천시,영남대로 1766 (모암동),36.1260891,128.1262427
로뎀카센터,경상북도,김천시,영남대로 2086-3 (덕곡동),36.1146155,128.1560912
동산정비,경상북도,김천시,남면 농남로 1071-3,36.0670167,128.2685698
동양자동차정비,경상북도,김천시,영남대로 1664 (평화동),36.1284202,128.1162365
차창기(우주카센터),경상북도,김천시,삼락택지길 96 (교동),36.1432003,128.0974649
삼성전문정비,경상북도,김천시,모암사랑10길 41-13 (모암동),36.1269021,128.1239657
현대카닥터부분정비공장,경상북도,김천시,신기길 29 (신음동),36.1346395,128.1143272
엠모터스,경상북도,김천시,송설로 114 (부곡동),36.1236612,128.0971489
한일카전문정비,경상북도,김천시,영남대로 1518-1 (부곡동),36.1294576,128.1017916
정일카부분정비,경상북도,김천시,모암사랑3길 3 (모암동),36.1231387,128.1285234
한미카부분정비공장,경상북도,김천시,대항면 덕전택지길 15,36.1318159,128.0446058
덕천자동차부분정비,경상북도,김천시,봉산면 영남대로 949,36.1335817,128.0410225
대영카정비,경상북도,김천시,아포읍 한지1길 69,36.1591934,128.2630088
타이어365플러스,경상북도,김천시,시청로 138 (신음동),36.1403906,128.1183762
정인호오토,경상북도,김천시,다삼로 30 (다수동),36.1285709,128.0810336
雨昇자동차정비,경상북도,김천시,시청로 106 (신음동),36.1376388,128.1175637
아포자동차부분정비,경상북도,김천시,아포읍 한지1길 18-28,36.1592686,128.2601215
현대자동차평화점,경상북도,김천시,영남대로 1660 (평화동),36.1284099,128.1155006
세종카부분정비,경상북도,김천시,영남대로 1460 (부곡동),36.1276125,128.0954657
골드카부분정비,경상북도,김천시,영남대로 2097 (덕곡동),36.1147064,128.1575223
프로카부분정비,경상북도,김천시,시청로 168 (신음동),36.1431929,128.1192498
백옥점 기아카클리닉,경상북도,김천시,영남대로 1342 (백옥동),36.1246053,128.0829638
파워카서비스,경상북도,김천시,부곡맛고을1길 63 (부곡동),36.1242655,128.092264
부부카부분정비,경상북도,김천시,어모면 어모로 235-3,36.1773386,128.1169656
전상현모터스,경상북도,김천시,영남대로 1758,36.1263368,128.1256571
대한오토매틱 부분정비,경상북도,김천시,감문로 25 (대광동),36.1369382,128.1450393
삼덕카부분정비공장,경상북도,김천시,지례면 장터길 86,35.988568,128.0301804
포인트부분정비,경상북도,김천시,부곡중앙5길 25 (부곡동),36.1263216,128.1012197
한국타이어 김천판매㈜,경상북도,김천시,영남대로 1440 (부곡동),36.1270631,128.0934865
카매니저부분정비공장,경상북도,김천시,아홉사리길 156 (신음동),36.1481115,128.11713
명성카,경상북도,김천시,황산로 101 (지좌동),36.1185578,128.1414244
대웅부분정비,경상북도,김천시,아포읍 아포대로 1046,36.158504,128.2433716
모터라인,경상북도,김천시,송설로 151 (부곡동),36.1240356,128.1013176
박민용모터샵,경상북도,김천시,환경로 97 (신음동),36.1316141,128.1369306
삼백카클리닉,경상북도,김천시,영남대로 1991 (지좌동),36.1191722,128.1470067
이상민 자동차정비,경상북도,김천시,시청로 123 (신음동),36.1394983,128.1171664
새마을부분정비공장,경상북도,김천시,남김천대로 3445 (양천동),36.0907009,128.1122286
나은부분정비공장,경상북도,김천시,시청로 150 (신음동),36.1415575,128.1186947
형제카부분정비공장,경상북도,김천시,아포읍 칠산길 4,36.1587491,128.2415703
유성카부분정비공장,경상북도,김천시,증산면 증산1로 6,35.9003116,128.0382249
동림카부분정비공장,경상북도,김천시,영남대로 1380 (부곡동),36.1251276,128.0871684
엑스포카부분정비공장,경상북도,김천시,평화길 28 (평화동),36.1248746,128.1082505
대원부분정비공장,경상북도,김천시,황산로 91 (지좌동),36.1180955,128.1405324
대덕카부분정비공장,경상북도,김천시,대덕면 남김천대로 756,35.9200007,127.9716668
범일부분정비공장,경상북도,김천시,용머리3길 19 (용두동),36.1185656,128.1281972
혁신카센타,경상북도,김천시,농소면 용시길 29-15,36.1102901,128.1713471
농소오토카전문정비,경상북도,김천시,농소면 용시길 10,36.1098038,128.172245
붕붕카부분정비공장,경상북도,김천시,영남대로 1474 (부곡동),36.1280654,128.097017
김천디젤노즐부분정비공장,경상북도,김천시,양금로 203-1 (황금동),36.1125041,128.1227664
김천라디에타에어콘,경상북도,김천시,영남대로 1997 (덕곡동),36.1190552,128.147515
추풍령상부분정비공장,경상북도,김천시,봉산면 경부고속도로 214-1,36.2001144,128.0034649
르노코리아서비스코너김천점 애니카랜드김천점,경상북도,김천시,시청로 131 (신음동),36.1402721,128.117557
선돌밧데리,경상북도,김천시,농소면 농남로 186,36.101934,128.1871514
하나자동차부분정비,경상북도,김천시,아포읍 한지길 64,36.1597437,128.2626734
다수부분정비,경상북도,김천시,영남대로 1222 (다수동),36.127741,128.07021
서울카부분정비공장,경상북도,김천시,농공단지길 11 (신음동),36.1306201,128.1350151
한국지엠 김천 바로서비스,경상북도,김천시,부곡길 22 (부곡동),36.12469,128.0896975
케이지 모빌리티 김천서비스프라자,경상북도,김천시,어모면 시청로 300,36.1548569,128.1177107
일신카부분정비,경상북도,김천시,영남대로 1299 (다수동),36.1264333,128.0789765
황금카센타,경상북도,김천시,양금로 233 (황금동),36.1150698,128.1237076
자동차나라 부분정비,경상북도,김천시,환경로 101 (신음동),36.1315635,128.1373238
오토프라자카센타,경상북도,김천시,시민로 20 (부곡동),36.125975,128.1034223
케이지 모빌리티 동김천서비스프라자,경상북도,김천시,영남대로 1335-3 (백옥동),36.1255638,128.0825548
대형카부분정비,경상북도,김천시,환경로 206 (대광동),36.1357926,128.1473908
녹색자동차써비스,경상북도,김천시,영남대로 1354-6 (백옥동),36.1243437,128.0840827
현대자동차 덕곡점,경상북도,김천시,영남대로 2014 (덕곡동),36.1180239,128.1490416
제일카크리닉,경상북도,김천시,양금로 212 (황금동),36.1130044,128.1234762
삼영자동차정비공장,경상북도,김천시,농공단지2길 12 (신음동),36.1321035,128.1327933
주식회사 황악정비센타,경상북도,김천시,대항면 복전길 190,36.1344612,128.0334644
삼성종합자동차정비공장,경상북도,김천시,백옥1길 5 (백옥동),36.1246395,128.0821494
김천현대종합정비,경상북도,김천시,공단2길 15 (대광동),36.1408252,128.1371328
제일종합정비공장,경상북도,김천시,시청로 172 (신음동),36.143182,128.1193832
영남종합정비공장,경상북도,김천시,아홉사리길 8 (응명동),36.1545909,128.1161008
그린1급자동차정비공장,경상북도,김천시,영남대로 2078 (덕곡동),36.11507,128.1550473
태성종합자동차정비공장,경상북도,김천시,영남대로 2137 (덕곡동),36.1133485,128.161693
김천자동차공업사,경상북도,김천시,양금로 206 (황금동),36.1121441,128.1234227
고속종합정비공장,경상북도,김천시,새까끔길 5 (다수동),36.1272403,128.0731928
스마일종합자동차정비공장,경상북도,김천시,영남대로 2097-6 (덕곡동),36.1150906,128.1577688
대한교통자가정비공장,경상북도,김천시,자산로 152-8 (성내동),36.1230384,128.1184592
(주)동김천현대서바스,경상북도,김천시,혁신로 316-17 (율곡동),36.1288686,128.1827553
황악모터스주식회사,경상북도,김천시,남면 아포대로 348-7,36.1347173,128.18469
김천공단정비,경상북도,김천시,공단로 269 (응명동),36.1456249,128.1236965
아포1급 자동차종합정비,경상북도,김천시,아포읍 포아로 20,36.1623224,128.2585189
대한자동차종합정비,경상북도,김천시,공단4길 125 (응명동),36.1547222,128.1288196
서김천 현대서비스,경상북도,김천시,속구미길 65 (신음동),36.1291098,128.1334958
공영써비스,경상북도,김천시,아랫장터길 40 (용두동),36.1213519,128.1289229
우일자동차정비,경상북도,김천시,시청로 34 (신음동),36.1312013,128.119322
안국자동차정비공장,경상북도,김천시,평화장미길 87 (평화동),36.1279659,128.1130498
어모부분정비공장,경상북도,김천시,어모면 어모로 533,36.198875,128.108175
김천오토미션모터스,경상북도,김천시,용암로 54 (용두동),36.1240478,128.1294412
동남부분정비공장,경상북도,김천시,영남대로 1340 (백옥동),36.1248046,128.0827217
영남카부분정비공장,경상북도,김천시,영남대로 1240 (다수동),36.1273713,128.0723233
현대카부분정비공장,경상북도,김천시,신기1길 7 (신음동),36.1394691,128.1162626
공주전문정비공업사,전라남도,해남군,해남읍 영빈로 28,34.5665651,126.6032716
형제카부분정비공업사,전라남도,해남군,산이면 비석길 79,34.6429671,126.4492946
매일자동차부분정비공업사,전라남도,해남군,해남읍 남부순환로 174,34.5666817,126.5936274
중앙카부분정비공업사,전라남도,해남군,송지면 산정길 43,34.3701073,126.5187872
북평자동차부분정비공업사,전라남도,해남군,북평면 백도로 17,34.4095214,126.6259957
믿음카센터,전라남도,해남군,해남읍 영빈로 27,34.5669524,126.6038275
한성카전문정비공업사,전라남도,해남군,해남읍 영빈로 77,34.565194,126.6084036
제일자동차부분정비공업사,전라남도,해남군,화산면 해남화산로 1013,34.4952721,126.515608
대양부분정비공업사,전라남도,해남군,해남읍 명량로 2990,34.58088,126.5792394
정부분정비공업사,전라남도,해남군,문내면 명량로 153,34.5922424,126.3130156
사정점기아오토큐,전라북도,군산시,번영로 331,35.9640605,126.7535004
한신 카 크리닉,전라북도,군산시,대야면 대야관통로 15,35.9432738,126.8075593
동방카정비쎈타,전라북도,군산시,대학로 157-3,35.9773674,126.7046067
금마종합자동차병원,전라북도,군산시,조촌로 152,35.9776853,126.7379462
열린자동차공업사,전라북도,군산시,산북로 202,35.9714275,126.6755182
백용카센타,전라북도,군산시,조촌안5길 66,35.9703336,126.7349842
제일튠업사,전라북도,군산시,미장서로 146,35.972338,126.7239696
군산튠업휠얼라이먼트,전라북도,군산시,해망로 67,35.9815962,126.7234355
으뜸카서비스,전라북도,군산시,신설로 11,35.9694342,126.6958339
서흥모터스,전라북도,군산시,서흥길 72-1,35.9722627,126.7137521
성원카써비스,전라북도,군산시,조촌로 117,35.9745332,126.7373173
일광 튠업정비센타,전라북도,군산시,팔마로 154,35.9735298,126.7180758
(유)서일공업사,전라북도,군산시,외항로 157,35.9721312,126.6514135
동아카세차장,전라북도,군산시,공단대로 570-1,35.9707585,126.6838052
삼성카센타,전라북도,군산시,경암로 43,35.9757515,126.7288673
롯데정비,경상남도,양산시,북정동 906-7,35.3560213,129.0431379
루브스펙,경상남도,양산시,물금읍 가촌리 532-2,35.3194002,128.9946136
르노코리아 서비스코너 양산중부점,경상남도,양산시,중부동 710-1,35.3356552,129.0265494
르노코리아서비스 물금점,경상남도,양산시,물금읍 가촌리 1269-2,35.319135,129.0003164
르노코리아자동차 서비스코너 물금점,경상남도,양산시,물금읍 가촌리 531-2,35.3203155,128.9954503
르노코리아자동차서비스코너양산점,경상남도,양산시,중부동 710-1,35.3356552,129.0265494
맘편한모터스,경상남도,양산시,동면 석산리 1476-2,35.3142832,129.0237409
매일 카센타,경상남도,양산시,어곡동 145-5,35.3756833,129.0286837
매직카,경상남도,양산시,삼호동 622-3,35.4178335,129.1722615
명동카정비,경상남도,양산시,명동 218-7,35.3954004,129.1661786
명보자동차정비,경상남도,양산시,삼호동 766-2,35.4122266,129.1734491
명성모터스,경상남도,양산시,동면 금산리 572-4,35.3106133,129.0288255
명성카마스타,경상남도,양산시,하북면 순지리 822-3,35.4943426,129.0870322
명품자동차종합정비,경상남도,양산시,북정동 237-11,35.3693945,129.0478249
모던카,경상남도,양산시,북정동 918-5,35.353965,129.043089
모던카프라자,경상남도,양산시,삼호동 911-16,35.4101329,129.1662624
모데스트 컴퍼니(Modest Company),경상남도,양산시,덕계동 71-4,35.3676448,129.1653498
무브캠프,경상남도,양산시,동면 여락리 88-26,35.3064348,129.1069417
물금신도시정비,경상남도,양산시,물금읍 가촌리 141,35.3207087,128.9957763
물금타이어,경상남도,양산시,물금읍 증산리 779-6,35.3030012,128.9999684
미니카,경상남도,양산시,북정동 621-1,35.3571796,129.044775
민스모터스,경상남도,양산시,물금읍 가촌리 1318-8,35.3153551,128.9901708
바른타이어,경상남도,양산시,남부동 469-1,35.336718,129.0364742
발통나라,경상남도,양산시,삼호동 953-57,35.4143479,129.1667037
대성종합자동차공업사,전라남도,완도군,노화읍 노화서로 93,34.1900391,126.5711027
현대카센타,전라남도,완도군,신지면 신지로 445,34.3345224,126.8155347
청해자동차매매상사,전라남도,완도군,완도읍 개포로 178-2,34.3198991,126.7471317
대한자동차매매상사,전라남도,완도군,군외면 청해진로 330,34.3928068,126.6574665
완도폐차장,전라남도,완도군,완도읍 농공단지1길 27,34.3344974,126.7329321
금호3급부분정비,전라남도,완도군,완도읍 장보고대로 231-1,34.3163429,126.7507209
현대자동차완도점,전라남도,완도군,완도읍 개포로159번길 28,34.3216703,126.7443972
새한자동차공업사,전라남도,완도군,완도읍 개포로 137-18,34.3195365,126.7426206
명성자동차공업사,전라남도,완도군,군외면 원동상길 8-2,34.3886616,126.647324
동서부카센타,전라남도,완도군,금일읍 금일로 485,34.3505403,127.0374189
전남자동차공업사,전라남도,완도군,군외면 원동1길 12,34.3862598,126.6463219
선창정비공업사,전라남도,완도군,소안면 소안로 161,34.1735761,126.6480372
여경카센타,전라남도,완도군,완도읍 해변공원로125번길 7-14,34.3241072,126.7473652
문영공업사,전라남도,완도군,완도읍 농공단지1길 44,34.3337488,126.7336934
월드카센타,전라남도,완도군,완도읍 개포로159번길 17,34.3207129,126.7444957
노화카부분정비,전라남도,완도군,노화읍 노화로 706,34.1869167,126.5763842
제일공업사,전라남도,완도군,완도읍 장보고대로 12,34.3296298,126.7343909
대승공업사,전라남도,완도군,금일읍 금일로 321,34.3521801,127.0232684
새천년카센타,전라남도,완도군,보길면 부황2길 3,34.1680521,126.5541049
지훈카센타,전라남도,완도군,청산면 청산로 162,34.1738202,126.8655612
금일카센타,전라남도,완도군,금일읍 도장길 11,34.3548777,127.0210495
원동카센타,전라남도,완도군,군외면 원동1길 18,34.3865213,126.6464804
DS모터스,전라남도,완도군,완도읍 농공단지길 29,34.3369973,126.7304398
군외대성공업사,전라남도,완도군,군외면 청해진로 136,34.3952867,126.6380058
원동부분정비공업사,전라남도,완도군,군외면 원동길 26,34.3920886,126.6507666
현대공업사,전라남도,완도군,고금면 고금동로 82,34.3967749,126.808001
현대카센타,전라남도,완도군,완도읍 개포로159번길 19(미림빌1차),34.320992,126.7444359
새한자동차공업사,전라남도,완도군,완도읍 개포로145번길 38-2,34.322309,126.7428638
해동부분정비공업사,전라남도,완도군,노화읍 노화북로 449-213,34.2217784,126.5880793
금호3급부분정비,전라남도,완도군,완도읍 장보고대로 231-1,34.3163429,126.7507209
완도카센타,전라남도,완도군,완도읍 개포로 18,34.3166376,126.7500222
노화선경공업사,전라남도,완도군,노화읍 노화로 649,34.1917616,126.5750865
최신카센타,전라남도,완도군,완도읍 군내리 1273-15,34.3180532,126.7479928
한덕부분정비공업사,전라남도,완도군,완도읍 개포로 171,34.3202008,126.7468176
제일자동차공업사,전라남도,완도군,완도읍 장보고대로 12,34.3296298,126.7343909
중앙자동차공업사,전라남도,완도군,완도읍 군내리 1229-1,34.3182502,126.7445079
한국종합카센타,전라남도,완도군,완도읍 개포로 172,34.3197704,126.7468039
광주공업사,전라남도,완도군,완도읍 장보고대로 12,34.3296298,126.7343909
개포오토하수스,전라남도,완도군,완도읍 장보고대로 213,34.3167939,126.7490952
완성자동차공업사,전라남도,완도군,군외면 청해진로 330,34.3928068,126.6574665
청산자동차공업사,전라남도,완도군,청산면 도청4길 15-2,34.180397,126.8585736
완도캠바사,전라남도,완도군,완도읍 개포로 11-14,34.316616,126.7511651
동서카정비세차장,전라남도,완도군,노화읍 노화로 685,34.1888002,126.5764681
원동자동차공업사,전라남도,완도군,군외면 원동1길 12,34.3862598,126.6463219
소안 중앙 카센타,전라남도,완도군,소안면 소안로 226,34.1701471,126.6526016
완도1급자동차정비공업사,전라남도,완도군,완도읍 장보고대로 11,34.3301611,126.7347132
거남자동차정비공업사,전라남도,완도군,완도읍 청해진로 1566,34.3434992,126.7289099
기아오토큐,전라남도,완도군,완도읍 개포로 11-14,34.316616,126.7511651
대성공업사,전라남도,완도군,군외면 청해진로 136,34.3952867,126.6380058
해동부분정비공업사,전라남도,완도군,노화읍 이포17번길 4-1,34.1763743,126.5726495
광명카센타,전라남도,완도군,완도읍 개포로 152,34.3191077,126.7447064
성광카센타,전라남도,완도군,완도읍 장보고대로 207,34.3172122,126.7486869
금호타이어,전라남도,완도군,완도읍 장보고대로 49,34.3277132,126.7374709
형제부분정비공업사,전라남도,완도군,고금면 고금동로2번길 30-2,34.396154,126.8031266
타이어 마트,전라남도,완도군,완도읍 청해진서로 29,34.3133066,126.7407067
우주공업사,전라남도,완도군,완도읍 개포로 160-3,34.3194419,126.7457867
금호부분정비공업사,전라남도,완도군,완도읍 장보고대로 231-1,34.3163429,126.7507209
재민카서비스,전라남도,완도군,보길면 보길동로 190,34.1576751,126.5751069
동서카센타,전라남도,완도군,노화읍 노화로 685,34.1888002,126.5764681
대성자동차공업사,전라남도,완도군,노화읍 노화서로 93,34.1900391,126.5711027
하나자동차,전라남도,완도군,약산면 구성길 10,34.3941993,126.9041189
달구지마을,전라남도,완도군,완도읍 개포로 172,34.3197704,126.7468039
대성카프라자,전라남도,완도군,고금면 농상리 557,34.3945927,126.7991755
일흥카정비,전라남도,완도군,완도읍 개포로159번길 33,34.3221146,126.7437606
한국GM 완도서비스,전라남도,완도군,완도읍 개포로145번길 43-6,34.3229226,126.7420974
쌍용자동차서비스프라자,전라남도,완도군,완도읍 개포로159번길 17-8,34.3209562,126.7442516
벧엘카센타,전라남도,완도군,완도읍 개포로135번길 56,34.3233764,126.7415382
금호타이어 벌교대리점,전라남도,보성군,벌교읍 채동선로 186,34.8400037,127.3419255
송월부분정비,전라남도,보성군,벌교읍 홍암로 184,34.8477422,127.3621804
이레카써비스,전라남도,보성군,벌교읍 홍암로 77,34.8470037,127.3504538
회신부분정비,전라남도,보성군,벌교읍 홍암로 192,34.847814,127.3625163
동신카센타,전라남도,보성군,벌교읍 홍암로 105,34.847388,127.3538259
벌교부분정비,전라남도,보성군,벌교읍 남하로 18,34.8343783,127.3454763
소망카부분정비,전라남도,보성군,보성읍 용문길 17,34.7725141,127.0932429
동진자동차공업사,전라남도,보성군,미력면 송재로 575,34.7984942,127.0878849
일광부분정비,전라남도,보성군,득량면 예당길 127,34.7774651,127.1962674
명성카부분정비,전라남도,보성군,보성읍 봉화로 48,34.7638272,127.0783716
부부카클리닉부분정비,전라남도,보성군,보성읍 현충로 7,34.7636956,127.0743276
삼성종합카부분정비,전라남도,보성군,벌교읍 홍암로 120,34.8466831,127.3551083
세신카센타,전라남도,보성군,득량면 충의로 1486,34.7611543,127.1667694
보성점현대자동차(주),전라남도,보성군,보성읍 송재로 227,34.7750883,127.0839306
벌교카센타,전라남도,보성군,벌교읍 채동선로 192,34.840307,127.342444
그린카센타,전라남도,보성군,보성읍 봉화로 166-1,34.7688887,127.0890313
한국지엠벌교지정서비스,전라남도,보성군,벌교읍 채동선로 194,34.8404255,127.3427998
용문3급카클리닉,전라남도,보성군,보성읍 용문길 58,34.7759018,127.0918265
회천자동차정비,전라남도,보성군,회천면 시장길 38,34.6691735,127.0625457
쌍용서비스프라자벌교,전라남도,보성군,벌교읍 원동길 24,34.8399,127.3387844
OK카센타,전라남도,보성군,보성읍 송재로 4-1,34.7586828,127.0711746
한국카센타,전라남도,보성군,보성읍 현충로 20,34.7637133,127.075818
득량카센터,전라남도,보성군,득량면 충의로 1502-1,34.762399,127.1669845
쌍용서비스프라자 보성점,전라남도,보성군,보성읍 봉화로 93,34.7661792,127.0819738
다향카센타,전라남도,보성군,보성읍 송재로 40,34.7614192,127.0724456
휴게소 카 부분정비,전라남도,보성군,벌교읍 녹색로 5572,34.8368723,127.3492294
주원카센타,전라남도,보성군,벌교읍 원동길 47,34.8388128,127.336273
정원카클리닉,전라남도,보성군,벌교읍 홍암로 136,34.8470935,127.3570429
보성자동차정비공업사,전라남도,보성군,보성읍 송재로 16,34.759233,127.0712072
벌교자동차정비공업사,전라남도,보성군,벌교읍 분토길 4,34.8331521,127.3470509
시온자동차정비공업사,전라남도,보성군,보성읍 송재로 282,34.7763026,127.0894963
신흥정비공업사,전라남도,보성군,벌교읍 채동선로 85,34.8319594,127.3439148
생명산업,전라남도,보성군,보성읍 쾌상길 57,34.7530489,127.0706759
(유)중앙1급자동차공업사,전라남도,보성군,보성읍 새싹길 81-43,34.7766517,127.0800666
주식회사 제일모터스,전라남도,보성군,득량면 파청길 4,34.7789862,127.1836221
회신자동차공업사,전라남도,보성군,벌교읍 홍암로 191,34.8484143,127.3623859
선호정비센타,전라남도,보성군,벌교읍 원동길 80-14,34.8394989,127.3319945
애니카랜드 벌교점,전라남도,보성군,벌교읍 녹색로 5695-10,34.8427101,127.3601302
광명부분정비,전라남도,보성군,보성읍 새싹길 1,34.7692895,127.0789393
25시부분정비,전라남도,보성군,보성읍 봉화로 38,34.7629973,127.077405
한솔부분정비,전라남도,보성군,보성읍 용문길 53,34.7754811,127.0916687
제일오토,전라남도,보성군,보성읍 흥성로 2432,34.7607663,127.0792155
벌교점현대자동차,전라남도,보성군,벌교읍 홍암로 116-3,34.8467387,127.3547531
복내카센타,전라남도,보성군,복내면 송재로 1791-11,34.8898866,127.1318154
조성카센타,전라남도,보성군,조성면 조성로 85,34.8066927,127.2444034
대영부분정비,전라남도,보성군,득량면 녹색로 3353,34.7773384,127.1473347
득량부분정비,전라남도,보성군,득량면 충의로 1501,34.7621611,127.166676
율포부분정비,전라남도,보성군,회천면 남부관광로 2349,34.6730431,127.0861767
현대카정비,전라남도,보성군,"벌교읍 채동선로 147, 618-7",34.8370634,127.3421319
100프로카센타,전라남도,보성군,보성읍 봉화로 87,34.7660632,127.0815198
동양부분정비,전라남도,보성군,벌교읍 홍암로 176,34.8479945,127.3611788
진영자동차정비공업사,경상북도,문경시,신흥로 22(모전동),36.5854624,128.1940946
태양자동차공업사,경상북도,문경시,신흥로 47(윤직동),36.5864699,128.1958985
르노코리아자동차서비스코너 문경점,경상북도,문경시,중앙로 238(흥덕동),36.6051114,128.2056409
마성자동차공업사,경상북도,문경시,마성면 문경대로 1646,36.6839839,128.1265108
진흥밧데리,경상북도,문경시,신흥로 156(점촌동),36.5949403,128.2021461
전공사카써비스,경상북도,문경시,중앙5길 12-1(점촌동),36.5931729,128.2013265
문경특수자동차공업사,경상북도,문경시,매봉로 104(모전동),36.5912603,128.1843442
태흥 휠얼라인먼트 자동차정비,경상북도,문경시,신흥로 143-1(점촌동),36.5940681,128.2009404
성일자동차정비,경상북도,문경시,당교로 146(모전동),36.5831996,128.1797305
동성자동차공업사,경상북도,문경시,신기로 12(유곡동),36.6217191,128.1655255
대한밧데리,경상북도,문경시,신흥2길 23(흥덕동),36.59999,128.2064461
대구밧데리,경상북도,문경시,신흥로 177(점촌동),36.5967055,128.202979
경북카써비스,경상북도,문경시,새동네2길 2(모전동),36.5889155,128.1904874
제일밧데리경정비,경상북도,문경시,신흥로 116(점촌동),36.5917242,128.1999381
경기휠얼라이먼트,경상북도,문경시,모전로 128-1(모전동),36.5925831,128.1890172
중앙자동차정비공업사,경상북도,문경시,문경읍 새재로 433,36.7318638,128.1076925
종합카써비스,경상북도,문경시,문경읍 청운로 106,36.7369974,128.1127666
농암종합카센타,경상북도,문경시,농암면 농암길 70,36.5991362,128.0028585
새재자동차공업사,경상북도,문경시,문경읍 온천3길 10-32,36.7331019,128.1117071
백년카공업사,경상북도,문경시,흥덕4길 2(흥덕동),36.6033184,128.2044284
약수카센타,경상북도,문경시,문경읍 주흘1길 6,36.7346514,128.1069156
애니카랜드문경점,경상북도,문경시,당교로 145(모전동),36.5835191,128.1792587
현이카랜드,경상북도,문경시,신흥로 70(점촌동),36.5881134,128.1974836
대영오토,경상북도,문경시,운동장로 16(모전동),36.5910548,128.1902607
경일엔진튠업,경상북도,문경시,매봉로 9(모전동),36.5854653,128.1817052
경북종합카센타,경상북도,문경시,모전로 84(모전동),36.5886429,128.1905662
금호타이어문경카클리닉,경상북도,문경시,매봉로 138(모전동),36.5915961,128.1880218
문경자동차공업(합),경상북도,문경시,영신로 89(점촌동),36.5930969,128.2092212
동화자동차정비공장,경상북도,문경시,"용지마길 11, 201동(윤직동)",36.5823758,128.1949587
신국자동차공업사,경상북도,문경시,모전로 177(모전동),36.596551,128.1878312
영진자동차정비공장,경상북도,문경시,마성면 새재로 182-7,36.7147542,128.1216374
대성자동차정비,경상북도,문경시,골안길 96(공평동),36.607856,128.1669487
(주)세일,경상북도,문경시,신기공단2길 5(신기동),36.6361178,128.172154
현대종합정비공장,경상북도,문경시,영순면 영순로 130,36.5826674,128.2238309
영강자동차검사정비,경상북도,문경시,윤직2길 3,36.5917594,128.2088048
모전서부점 현대자동차,경상북도,문경시,당교로 216(모전동),36.5851138,128.1866796
영신보링공업사,경상북도,문경시,남산로 143(영신동),36.5897197,128.2115084
현대종합써비스,경상북도,문경시,중앙4길 10(점촌동),36.5924686,128.2007208
신흥카써비스,경상북도,문경시,중앙로 241 외 1필지,36.605688,128.2053516
(합)창녕자동차정비공장,경상남도,창녕군,창녕읍 명덕로 13,35.5429554,128.4907872
(주)천일·고려여객자가정비공장,경상남도,창녕군,창녕읍 창녕대로 11,35.5425787,128.4903671
부곡카 정비공업사,경상남도,창녕군,부곡면 온천로 665,35.4356188,128.5942162
창성카정비공업사,경상남도,창녕군,창녕읍 남창녕로 9,35.5314902,128.5025618
붕붕카정비공업사,경상남도,창녕군,창녕읍 우포1대로 1585,35.5415057,128.4868089
계성카정비공업사,경상남도,창녕군,계성면 영산계성로 463,35.4859397,128.5099153
메가정비,경상남도,창녕군,영산면 영산장마로 687,35.4597617,128.5197018
현대카정비마트,경상남도,창녕군,창녕읍 창밀로 11,35.544177,128.5033027
25시카,경상남도,창녕군,창녕읍 창녕대로 182,35.5306623,128.5024802
영산카정비공업사,경상남도,창녕군,영산면 원다리길 31,35.4525296,128.5292853
대광카종합공업사,경상남도,창녕군,성산면 성산로 11,35.6197658,128.4748932
계성성실자동차카정비,경상남도,창녕군,계성면 영산계성로 468,35.4862278,128.5104568
수덕카정비공업사,경상남도,창녕군,남지읍 남지중앙로 21,35.3907615,128.47194
대신카정비공업사,경상남도,창녕군,남지읍 대신길 6,35.3889463,128.4737571
한국타이어남지대리점 중앙오토카,경상남도,창녕군,남지읍 남지중앙2길 43,35.3925282,128.474156
르노코리아자동차서비스코너창녕점,경상남도,창녕군,창녕읍 우포1대로 1549,35.5403689,128.4827982
만도카정비공업사,경상남도,창녕군,창녕읍 창녕대로 57,35.5392965,128.4937487
신성종합자동차정비,경상남도,창녕군,영산면 영산도천로 440,35.4429127,128.5205153
타이어하우스,경상남도,창녕군,남지읍 남지중앙로 83,35.3919135,128.4785288
주흘자동차매매상사,경상북도,문경시,당교로 216-1(모전동),36.5851133,128.1869112
삼성자동차매매상사,경상북도,문경시,공평로 100,36.6083161,128.1829227
문경자동차상사,경상북도,문경시,경서로 123(점촌동),36.5907099,128.200973
현대자동차해체재활용산업,경상북도,문경시,"신기로 58-20, B동(신기동)",36.6244139,128.1692828
문경자동차해체재활용산업,경상북도,문경시,마성면 외어7길 46,36.69814,128.1291368
문경시자동차번호판발급대행소,경상북도,문경시,영신로 99(흥덕동),36.5929343,128.2095468
점촌자동차번호판발급대행소,경상북도,문경시,영신로 99(흥덕동),36.5929343,128.2095468
점촌종합자동차해체산업,경상북도,문경시,신기공단1길 76-13,36.6343445,128.1811197
점촌점기아카클리닉,경상북도,문경시,중앙10길 10(점촌동),36.5983571,128.2029287
매봉자동차공업사,경상북도,문경시,매봉1길 49-16(모전동),36.5893054,128.18229
스피드메이트 점촌점,경상북도,문경시,당교로 161(모전동),36.5845098,128.1806473
가은자동차공업사,경상북도,문경시,가은읍 대야로 2401,36.6529949,128.0590236
파인 오토,경상북도,문경시,매봉6길 8-16(모전동),36.5873783,128.180261
태극카클리닉,경상북도,문경시,여중1길 5(모전동),36.5968803,128.1904575
현대자동차모전점,경상북도,문경시,모전로 150(모전동),36.5944455,128.1890237
경북카마스타,경상북도,문경시,호서로 77(흥덕동),36.6012757,128.2018547
명진카써비스,경상북도,문경시,운동장로 11(모전동),36.5914255,128.190348
모전서부점현대자동차,경상북도,문경시,당교로 216(모전동),36.5851138,128.1866796
조은카센타,경상북도,문경시,중앙로 292(흥덕동),36.608916,128.2087165
수오모터스,경상북도,문경시,중앙로 266(흥덕동),36.6073742,128.2064804
보승카 공업사,경상북도,문경시,중앙로 298(흥덕동),36.6091255,128.2090784
신경카클리닉,경상북도,문경시,매봉로 10(모전동),36.585458,128.1822155
일광카센타,경상북도,문경시,운동장로 81(모전동),36.5879512,128.1967536
행복소나타정비,경상북도,문경시,신흥로 13(모전동),36.5861766,128.1936573
경북종합정비카센터,경상북도,문경시,가은읍 대야로 2420-2,36.651436,128.0591732
타이어가게,경상북도,문경시,영신로 60(점촌동),36.5931241,128.2053634
쌍용자동차문경서비스프라자,경상북도,문경시,매봉6길 8-11(모전동),36.5868908,128.1803617
진남카센타,경상북도,문경시,마성면 문경대로 1356,36.6605259,128.125354
문경여객자동차(주),경상북도,문경시,흥덕로 16(흥덕동),36.6009156,128.2045068
타이어테크 문경점,경상북도,문경시,모전로 95(모전동),36.5895883,128.1896831
한국지엠 문경서비스,경상북도,문경시,영신1길 6,36.5919773,128.2084145
차사랑자동차공업사,경상북도,문경시,영신로 94,36.5922224,128.2087382
대성오토미션 커먼 레일카,경상북도,문경시,돈달로 36(점촌동),36.5954301,128.1923112
문경마이카정비,경상북도,문경시,문경읍 온천8길 46,36.7268514,128.1078133
깜장타이어,경상북도,문경시,윤직2길 37,36.5917594,128.2088048
한솔자동차정비,경상남도,하동군,악양면 악양동로 116-4,35.1412829,127.7014273
진교자동차정비,경상남도,하동군,진교면 경충로 1119,35.0330446,127.9040331
진교점 현대자동차,경상남도,하동군,진교면 경충로 1069,35.0289111,127.9044492
또바기자동차부분정비공업사,경상남도,하동군,금성면 경제산업로 383-6,34.9639243,127.8133736
우리카부분정비,경상남도,하동군,금성면 산업로 508-2,34.9591328,127.778184
애니카랜드 하동점,경상남도,하동군,금남면 영천안길 5,34.9971884,127.8075991
"카즈텍3급정비, 외형복원",경상남도,하동군,하동읍 중앙로 106-1,35.0734914,127.7419696
동흥타이어,경상남도,하동군,옥종면 궁항리 356-1,35.2118213,127.8121008
한국타이어 하남대리점,경상남도,하동군,진교면 경충로 1067,35.0287648,127.9046639
차사랑정비센터,경상남도,하동군,화개면 화개로 2-3,35.1890043,127.6225869
금오카부분정비,경상남도,하동군,진교면 민다리안길 43,35.0316465,127.9015815
케이지모빌리티 하동서비스 프라자,경상남도,하동군,하동읍 군청로 85,35.0629768,127.7565669
해피카,경상남도,하동군,하동읍 군청로 180,35.0595166,127.7662526
현대자동차 블루핸즈 하동점,경상남도,하동군,하동읍 군청로 149,35.0612861,127.7630792
세진모터스,경상남도,하동군,진교면 경충로 1145,35.0354505,127.9042599
재우자동차정비,경상남도,하동군,악양면 악양서로 325-6,35.1601888,127.7071838
옥종카센타,경상남도,하동군,옥종면 주포중앙길 21,35.1794715,127.8817263
북천카마스타,경상남도,하동군,북천면 경서대로 2471,35.1157373,127.8947123
다은 모터스,경상남도,하동군,옥종면 옥종중앙길 87,35.1832445,127.8787688
타이어프로 하동점,경상남도,하동군,하동읍 군청로 46,35.0648911,127.7530304
북천종합정비3급,경상남도,하동군,북천면 옥단로 172,35.1230738,127.8893707
창일모터스,경상남도,하동군,진교면 들포길 61,35.0193345,127.9045109
르노코리아자동차 서비스코너 하동점,경상남도,하동군,하동읍 경서대로 222,35.0713405,127.7565201
쌍용카,경상남도,하동군,하동읍 경서대로 249-8,35.0712932,127.7601732
대광자동차1급정비,경상남도,하동군,진교면 새미골길 32-2,35.0198945,127.9008271
현대종합자동차정비공업사,경상남도,하동군,하동읍 섬진강대로 2334,35.0810477,127.7364669
(주)두일1급자동차종합비,경상남도,하동군,하동읍 화심길 126,35.0878872,127.7328547
하동자동차정비,경상남도,하동군,적량면 대티길 66,35.0792218,127.7804022
월드모터스,경상남도,하동군,금남면 산업로 911-1,34.9888658,127.8023243
이화모터스,경상남도,하동군,적량면 황금길 3,35.0791823,127.7816176
신라종합정비,경상남도,하동군,고전면 전도리 211-4,34.9974565,127.802733
조은자동차정비,경상남도,하동군,진교면 민다리안길 15,35.0336046,127.9034668
이화모터스,경상남도,하동군,적량면 경서대로 501,35.0790411,127.7800563
하남정비공업사,경상남도,하동군,진교면 들포길 45,35.020629,127.9038528
금성카센타,경상남도,하동군,진교면 민다리길 23,35.0240617,127.9033975
금성공업사,경상남도,하동군,금성면 광포길 60,34.9638256,127.8056379
조박사카센타,경상남도,하동군,금남면 산업로 901,34.9881212,127.8026182
동원카센타,경상남도,하동군,화개면 화개로 74,35.1945409,127.625548
하동점기아오토큐,경상남도,하동군,하동읍 화심길 23,35.0818713,127.7381867
화개자동차공업사,경상남도,하동군,화개면 화개로 18-1,35.1898471,127.6235691
일진자동차정비,경상남도,하동군,횡천면 경서대로 1224,35.1093216,127.8190529
진주자동차정비공업사,경상남도,하동군,금남면 노량해안길 6,34.9486811,127.8595107
중앙자동차정비공업사,경상남도,하동군,악양면 악양서로 389,35.1650036,127.7101832
한국자동차부분정비,경상남도,하동군,하동읍 경서대로 193,35.0712695,127.7534216
종합부분정비공업사,경상남도,하동군,옥종면 청룡리 123-1,35.1828913,127.8792452
대일카센타,경상남도,하동군,옥종면 옥종중앙길 78,35.1822751,127.8795087
호연카마스타,경상남도,하동군,하동읍 섬진강대로 2330,35.081052,127.7368037
상구자동차공업사,경상남도,하동군,하동읍 군청로 164-1,35.0602013,127.7641347
영광카써비스,경상남도,하동군,옥종면 궁항리 357,35.2119627,127.8125855
유진자동차정비공업사,경상남도,하동군,하동읍 섬진강대로 2336,35.0812478,127.7359289
금산자동차정비공업사,경상남도,하동군,진교면 경충로 1085,35.0301349,127.9049855
강구종합정비,경상북도,영덕군,강구면 동해대로 4404-4,36.35089,129.3795489
현대카센터,경상북도,영덕군,영해면 예주목은길 110,36.5418546,129.4086042
우진카센터,경상북도,영덕군,영덕읍 영덕로 293,36.4204641,129.3735969
우진타이어랜드,경상북도,영덕군,영해면 예주시장2길 19,36.539748,129.4047442
애니카랜드(영덕점),경상북도,영덕군,영덕읍 덕곡천길 74-1,36.4125287,129.3719597
대명카센터,경상북도,영덕군,영해면 영덕로 1727,36.5311338,129.4065511
(주)화성자동차정비,경상북도,영덕군,영덕읍 영덕로 299,36.4208706,129.3744527
금호카서비스,경상북도,영덕군,강구면 강영로 301,36.3868886,129.3812959
대신카서비스,경상북도,영덕군,영덕읍 경동로 8371,36.4178291,129.3677724
종합카서비스,경상북도,영덕군,영덕읍 영덕로 289,36.4200423,129.3737224
안전종합카센터,경상북도,영덕군,영덕읍 영덕로 110,36.4045099,129.3750112
대성카부분정비,경상북도,영덕군,영해면 벌영길 3,36.5380172,129.4039629
애니카랜드,경상북도,영덕군,영해면 영덕로 1770,36.5346869,129.405083
한일카,경상북도,영덕군,영해면 예주시장1길 37,36.5419016,129.4065688
성실카센터,경상북도,영덕군,영해면 영덕로 1844,36.5409363,129.4046418
동해세차장,경상북도,영덕군,강구면 동해대로 4450,36.3546328,129.3803896
OK공업사,경상북도,영덕군,강구면 동해대로 4499,36.3589888,129.3792573
GM대우바로정비(영덕점),경상북도,영덕군,영덕읍 우곡길 30,36.4066,129.3726614
현대블루핸즈(영덕점),경상북도,영덕군,영덕읍 우곡길 18,36.40589,129.373144
영덕카백화점,경상북도,영덕군,영덕읍 영덕로 293,36.4204641,129.3735969
백마카마스타,경상북도,영덕군,영덕읍 우곡길 39,36.4072481,129.3722076
TS화개 수리점,경상북도,영덕군,영덕읍 화개동길 38,36.4171787,129.3677562
케이지모빌리티 영덕서비스프라자,경상북도,영덕군,영덕읍 덕곡천길 10,36.4067884,129.371798
비젼모터스,경상북도,영덕군,영덕읍 영덕로 152,36.4082739,129.3757866
금호타이어 영덕대리점,경상북도,영덕군,영덕읍 영덕로 152,36.4082739,129.3757866
뉴현대카센터,경상북도,영덕군,축산면 축산항1길 6,36.5064599,129.4423069
명성모터스,경상북도,영덕군,영해면 영덕로 1966,36.5509085,129.4069497
신풍타이어,경상북도,영덕군,영덕읍 화수리 669-6,36.4187366,129.3730145
대교공업사,경상북도,영덕군,강구면 동해대로 4460,36.3552935,129.3809402
좋은차 만들기,경상남도,창녕군,대지면 우포2로 1155,35.5477585,128.4843897
길곡자동차정비공업사,경상남도,창녕군,길곡면 문화마을길 19,35.386436,128.5704803
황금카,경상남도,창녕군,남지읍 남지중앙2길 81,35.3932761,128.4781435
케이제이모터스,경상남도,창녕군,도천면 도천1길 6,35.4341811,128.5158712
보문자동차정비공업사,경상남도,창녕군,부곡면 온천로 1057,35.4292812,128.6358999
남지자동차 검사 종합정비,경상남도,창녕군,남지읍 대신새길 43,35.3920334,128.468911
은천사,경상남도,창녕군,창녕읍 갈전1길 11,35.5453857,128.4880728
신한자동차검사종합정비,경상남도,창녕군,도천면 영산도천로 291,35.4302561,128.5142766
넥센타이어 창녕점,경상남도,창녕군,창녕읍 창녕대로 140,35.5333566,128.4994684
르만트럭코리아,경상남도,창녕군,도천면 치이골길 31,35.4224017,128.5196016
동평자동차정비,경상남도,창녕군,영산면 영산도천로 384,35.4386748,128.5171977
넥센타이어 남지점,경상남도,창녕군,남지읍 남지중앙로 46,35.3907384,128.4747365
신성카정비공업사,경상남도,창녕군,영산면 영산도천로 434,35.4426161,128.5200033
한솔모터스,경상남도,창녕군,남지읍 남지중앙1길 35-3,35.3914284,128.4728984
신원자동차정비공업사,경상남도,창녕군,도천면 논리우강길 382,35.4254039,128.5328108
창녕대형카정비공업사,경상남도,창녕군,창녕읍 자련길 13,35.5262401,128.5039402
도일 모터스,경상남도,창녕군,이방면 이방대합로 255,35.5991928,128.3727606
ARV KOREA,경상남도,창녕군,유어면 우포1대로 285-1,35.5179743,128.3816442
(유)정일,경상남도,창녕군,영산면 영산계성로 106,35.4605368,128.5250905
은천사,경상남도,창녕군,창녕읍 갈전길 18,35.550132,128.4835524
김사부 카센터,경상남도,창녕군,창녕읍 화왕산1로 53,35.5379812,128.5012655
영해그린정비,경상북도,영덕군,영해면 영덕로 1759,36.5336513,129.4042772
영진카센터,경상북도,영덕군,강구면 강산로 6,36.3515333,129.3778945
현대자동차(강구점),경상북도,영덕군,강구면 동해대로 4571,36.3650371,129.3765874
협신밧데리,경상북도,영덕군,영덕읍 강변길 10,36.4151384,129.3714438
세아카센터,경상북도,영덕군,영덕읍 영덕로 226,36.4149857,129.3739827
월드카서비스,경상북도,영덕군,영덕읍 화개길 39,36.4177925,129.366889
화성카센터,경상북도,영덕군,강구면 동해대로 4441,36.3543321,129.3790452
한국지엠창녕바로서비스,경상남도,창녕군,창녕읍 우포2로 1179,35.5460247,128.4865894
달구지카마스타,경상남도,창녕군,대지면 우포2로 1156,35.5472409,128.4840908
차사랑,경상남도,창녕군,창녕읍 조산1길 9,35.5398355,128.4852683
부영카정비공업사,경상남도,창녕군,부곡면 원앙로 213,35.4369018,128.5915731
조은종합자동차정비,경상남도,창녕군,창녕읍 우포2로 1161-10,35.5482245,128.4845721
남지점 기아오토큐,경상남도,창녕군,남지읍 박진로 1750,35.396138,128.479603
병우카정비공업사,경상남도,창녕군,부곡면 부곡로 35,35.4357073,128.5998003
대성카마스타,경상남도,창녕군,도천면 영산도천로 356,35.4361027,128.5163058
창녕점 기아오토큐,경상남도,창녕군,창녕읍 창녕대로 100,35.5360958,128.4964715
성운자동차정비공장,경상남도,창녕군,도천면 영산도천로 329,35.4340271,128.5151146
오케이카마스타,경상남도,창녕군,대지면 우포2로 1178,35.5458719,128.4855516
남지점 현대자동차,경상남도,창녕군,남지읍 남지중앙1길 71-7,35.3925769,128.4768156
경화 카 정비세차,경상남도,창녕군,창녕읍 우포2로 1197,35.5447354,128.487641
삼성애니카랜드남지점,경상남도,창녕군,남지읍 동포1길 31,35.3916663,128.4812916
스피드자동차정비,경상남도,창녕군,창녕읍 조산1길 3,35.540216,128.4852769
케이지모빌리티 창녕서비스프라자,경상남도,창녕군,창녕읍 화왕산로 180-5,35.5310328,128.5031986
도양카센타,경상남도,창녕군,대지면 억만미산로 29,35.565285,128.4805802
대동카정비,경상남도,창녕군,영산면 연지길 33,35.45515,128.5294461
현대자동차BLUhands,경상남도,창녕군,창녕읍 우포1대로 1559,35.5406832,128.4838522
오토카하우스,경상남도,창녕군,영산면 영산계성로 114,35.4610827,128.5243936
온천카,경상남도,창녕군,부곡면 원앙로 260,35.4367454,128.5961064
퇴천자동차정비,경상남도,창녕군,창녕읍 창녕대로 310,35.5196857,128.5035774
이방카프라자,경상남도,창녕군,이방면 송곡외곽길 43,35.6043868,128.3806335
투앤투자동차서비스,경상남도,창녕군,대합면 십이리길 37,35.6129685,128.4691898
애니카랜드창녕점,경상남도,창녕군,창녕읍 창녕대로 121,35.5348242,128.498471
(주)서비스코리아마산,경상남도,창녕군,영산면 영산도천로 448,35.4435659,128.5209739
자동차성형,경상북도,안동시,강남로 62 (수상동),36.5486232,128.7087984
한국타이어터미널대리점,경상북도,안동시,경동로 169 (송현동),36.5747926,128.6804395
대영정비,경상북도,안동시,풍산읍 유통단지길 156,36.5880179,128.6139124
영호카써비스,경상북도,안동시,경동로 376(송현동),36.571813,128.7021203
삼성정비공장,경상북도,안동시,공단로 68(수상동),36.5509491,128.7076627
프로모터스,경상북도,안동시,맑은샘길9 (운흥동),36.5627406,128.7286369
JP모터스,경상북도,안동시,퇴계로 206 (신안동),36.5753438,128.7338749
탑모터스,경상북도,안동시,경동로 280(옥동),36.5727611,128.6920661
한국타이어안동판매㈜,경상북도,안동시,경북대로 515 (송현동),36.5744008,128.6973197
안동개인카센타,경상북도,안동시,앙실로 402-17(수하동),36.556401,128.6789187
주식회사 동안동현대서비스,경상북도,안동시,경북대로 617 (송현동),36.5838328,128.6978322
그린정비,경상북도,안동시,일직면 돌고개길 6,36.4766798,128.6596962
24시카서비스,경상북도,안동시,경동로 176(송현동),36.5743421,128.6809536
부청모터스,경상북도,안동시,풍산읍 석교길 2,36.5909664,128.6332705
에이스카서비스,경상북도,안동시,충효로 4418-1 (정상동),36.54858,128.7373356
가족카서비스,경상북도,안동시,은행나무로 73(송현동),36.5673513,128.6922383
영호종합자동차정비,경상북도,안동시,강남로 10-7(수상동),36.5456187,128.7045155
경북카센터,경상북도,안동시,송천길 14 (송천동),36.5459133,128.7883537
안동사(안동휠얼라이먼트),경상북도,안동시,서경지5길 22 (태화동),36.5585009,128.7138134
오토오아시스홈플러스안동점,경상북도,안동시,경동로 656(운흥동),36.5625607,128.7295823
대광종합정비공장,경상북도,안동시,풍산읍 유통단지길 160,36.5883786,128.6141177
우진모터스,경상북도,안동시,강남14길 16(정하동),36.5518306,128.736512
서안동자동차종합정비,경상북도,안동시,풍산읍 상리길 54,36.5858972,128.5839317
안동에스케이자동차정비공장,경상북도,안동시,경북대로 166-19 (수상동),36.5485506,128.7027687
거연카매니져,경상북도,안동시,풍산읍 풍산태사로 985,36.5806135,128.566399
평화자동차정비공장,경상북도,안동시,공단로 22(수상동),36.5492957,128.7031869
금호타이어안동판매(KTS수상점),경상북도,안동시,강남로 20 (수상동),36.5468183,128.7047673
바오마모터스,경상북도,안동시,강남로 99-7 (수상동),36.5507365,128.7118848
광명카서비스,경상북도,안동시,경동로 520,36.5635707,128.7143807
제이모터스,경상북도,안동시,옥동4길 65 (옥동),36.5597159,128.7027053
기진 모터스,경상북도,안동시,경동로 513 (태화동),36.564503,128.7140767
카카오모터스,경상북도,안동시,경동로 988 (용상동),36.5524247,128.7613329
수정 셀프 세차 카 서비스,경상북도,안동시,관광단지로 74 (용상동),36.5550008,128.7558086
스피드메이트용상점,경상북도,안동시,관광단지로 46 (용상동),36.5527006,128.7542766
용상카프라자,경상북도,안동시,경동로 925 (용상동),36.5565462,128.7566009
안동타이어,경상북도,안동시,임하면 추목로 9-2,36.5316811,128.810664
동성부분정비,경상북도,안동시,앙실로 384(수하동),36.5572292,128.6778698
동양카서비스,경상북도,안동시,서동문로 9 (평화동),36.5663914,128.7128165
정하점현대자동차,경상북도,안동시,충효로 4454 (정상동),36.5506304,128.7368344
천전타이어,경상북도,안동시,임하면 경동로 2051,36.5349642,128.8625316
옹천카서비스,경상북도,안동시,북후면 북평로 889,36.6861012,128.7026594
안동카태화세차장,경상북도,안동시,서경지5길 2(태화동),36.5585175,128.7127915
삼환카크리닉,경상북도,안동시,퇴계로 161 (신안동),36.5716062,128.73205
스피드메이트 이마트안동점,경상북도,안동시,옥동1길2(옥동),36.5584744,128.6994043
용상점기아오토큐,경상북도,안동시,경동로 1091(용상동),36.5505684,128.7726284
애니카랜드 정하점,경상북도,안동시,충효로 4430 (정상동),36.5490674,128.736223
태형카정비,경상북도,안동시,공단로 120 (수상동),36.5514896,128.7136391
한국타이어경상북도판매㈜,경상북도,안동시,강남로 2 (수상동),36.545657,128.7032864
로얄카프라자,경상북도,안동시,서부시장길 56 (태화동),36.5662235,128.7157412
스마일광남자동차정비공장,경상북도,안동시,강남로 125 (수상동),36.5517716,128.7150614
하이원카클리닉,경상북도,안동시,옥서3길 7-28 (옥동),36.5600742,128.694697
금호타이어 동신점,경상북도,안동시,서동문로 60(당북동),36.566456,128.7184574
좋은카서비스,경상북도,안동시,경북대로 341 (옥동),36.5603571,128.7033284
송현카 크리닉,경상북도,안동시,경동로 155-3(송현동),36.5750035,128.6786321
타이어세상,경상북도,안동시,경북대로 388(옥동),36.5643267,128.7018271
안동라지에터,경상북도,안동시,태화중앙로 89-1(태화동),36.5604915,128.7128882
모터랜드,경상북도,안동시,운동장길 2 (정하동),36.551896,128.7199
스피드메이트 SK안동송현점,경상북도,안동시,경동로 355(송현동),36.5723773,128.6997025
원광카,경상북도,안동시,경동로 1064(용상동),36.5501202,128.7693773
한성카서비스,경상북도,안동시,노하길427(송현동),36.5733273,128.6968795
하나카클리닉,경상북도,안동시,중평길 3(용상동),36.5542473,128.7539303
그린정비,경상북도,안동시,일직면 돌고개길 6,36.4766798,128.6596962
안동농협자동차경정비센타,경상북도,안동시,경동로 756 (법흥동),36.5641009,128.7408592
21세기카서비스,경상북도,안동시,한화길 85(안기동),36.5726883,128.71874
정대카서비스,경상북도,안동시,제비원로 131 (당북동),36.5640066,128.7204708
홍일카서비스,경상북도,안동시,태화중앙로 34(태화동),36.5585865,128.7083421
태정카,경상북도,안동시,복주1길 49 (옥동),36.562128,128.6999654
서울카서비스,경상북도,안동시,퇴계로 217 (안막동),36.576299,128.7333315
성실카서비스,경상북도,안동시,강변마을1길 87 (당북동),36.5591682,128.7194361
애니카랜드 옥동점,경상북도,안동시,옥서로 122(옥동),36.5650799,128.6972183
스피드메이트 법흥점,경상북도,안동시,경동로 741(법흥동),36.5645084,128.7389055
현대오토부분정비,경상북도,안동시,강남로 56-7 (수상동),36.5481851,128.7085196
현대자동차용상점,경상북도,안동시,관광단지로 71 (용상동),36.5553278,128.755197
와룡안전카서비스,경상북도,안동시,와룡면 퇴계로 789-1,36.6137092,128.7642227
기아자동차오토큐옥동점,경상북도,안동시,옥동3길 51 (옥동),36.5615932,128.7030816
르노코리아자동차지정정비코너옥동점,경상북도,안동시,광명로 206-7(옥동),36.5634029,128.7056347
영남종합정비공장,경상북도,안동시,공단로 30(수상동),36.5496576,128.7042293
스피드카,경상북도,안동시,말구리길 98(태화동),36.5674575,128.7075793
TY카클리닉,경상북도,안동시,영호7길 25-8 (안흥동),36.5630104,128.7258812
케이지모빌리티안동서비스프라자,경상북도,안동시,경북대로 333(옥동),36.5597366,128.7034528
카토피아,경상북도,안동시,강남로 150(수상동),36.5514514,128.7177781
신용카서비스,경상북도,안동시,옥명길 6-15(옥동),36.5643195,128.7025365
VIP모터스,경상북도,안동시,태화중앙로 38(태화동),36.5586561,128.7088779
부흥오토랜드,경상북도,안동시,경동로 1029(용상동),36.550979,128.7657957
태영카서비스,경상북도,안동시,강남2길 16 (정하동),36.5517142,128.7332618
장군카서비스,경상북도,안동시,경북대로 331(옥동),36.5596374,128.7034411
나래카경정비세차장,경상북도,안동시,은행나무로 97(송현동),36.5680585,128.6950561
온혜종합카서비스,경상북도,안동시,도산면 퇴계로 2632,36.749036,128.8325413
수창카프라자,경상북도,안동시,풍산읍 장터중앙길 48,36.5793533,128.571509
코오롱카써비스밧데리,경상북도,안동시,제비원로 264-1(안기동),36.5756631,128.719264
우리카서비스,경상북도,안동시,풍산읍 유통단지길 135,36.5876441,128.611591
현대자동차 옥동점,경상북도,안동시,경북대로 354(옥동),36.5617338,128.7037287
풍산대원카센터,경상북도,안동시,풍산읍 풍산태사로 943,36.5822833,128.5623609
오너카서비스,경상북도,안동시,태화중앙로 64(태화동),36.5585009,128.7117081
T.스테이션 송현점,경상북도,안동시,경동로 341 (송현동),36.5721403,128.6984824
북문카서비스,경상북도,안동시,퇴계로 213 (안막동),36.5759073,128.7334514
대일카서비스,경상북도,안동시,경동로 288(송현동),36.5730822,128.6929802
소망카서비스,경상북도,안동시,경동로 1297 (송천동),36.5442249,128.7885962
강남밧데리,경상북도,안동시,강남로 2(수상동),36.545657,128.7032864
풍천카서비스,경상북도,안동시,풍천면 지풍로 1484,36.5559918,128.5080193
대흥카서비스,경상북도,안동시,임동면 선착장길 2,36.566372,128.919167
용전카로체리아,경상북도,안동시,북후면 북평로 848,36.6825071,128.7012725
성창카서비스,경상북도,안동시,제비원로 323(안기동),36.5802689,128.7159458
교통카서비스,경상북도,안동시,경동로 421(태화동),36.5695619,128.7062727
동호카서비스,경상북도,안동시,경동로 1015-3 (용상동),36.5514737,128.7640296
성진상사,경상북도,안동시,경동로 699(운흥동),36.5635436,128.7343655
용마카서비스,경상북도,안동시,전거리길11(용상동),36.5616488,128.7457238
성원카서비스,경상북도,안동시,일직면 풍일로 2474,36.4780506,128.6572038
삼화카서비스,경상북도,안동시,풍산읍 신양로 6,36.5806963,128.5717696
FM카서비스,경상북도,안동시,북후면 북평로 987,36.6945155,128.7045156
월드카클리닉,경상북도,안동시,강남로 173 (정하동),36.5525599,128.7200336
365모터스,경상북도,안동시,서동문로 18-2(태화동),36.5661706,128.7135865
현대밧데리카센타,경상북도,안동시,태화중앙로 26(태화동),36.5585723,128.7075118
수복카클리닉,경상북도,안동시,강남로 63(수상동),36.5492169,128.708354
우광카서비스,경상북도,안동시,태화중앙로 83-1(태화동),36.5600184,128.7126504
성광자동차정비공장,경상북도,안동시,경동로 958 (용상동),36.5542641,128.7581057
경안자동차정비공장,경상북도,안동시,강남로 107 (수상동),36.5513396,128.7125918
뉴그린자동차정비공장,경상북도,안동시,강남로 76 (수상동),36.5490447,128.7103474
세광특장정비,경상북도,안동시,임하면 충효로 2466,36.4727487,128.8860634
세한자동차정비공장,경상북도,안동시,경북대로 168 (수상동),36.5478827,128.7022047
대일자동차정비공장,경상북도,안동시,강남로 6(수상동),36.5458872,128.7037426
국제자동차정비공장,경상북도,안동시,맑은샘길 47(운흥동),36.5616635,128.7270732
현대종합자동차정비공장,경상북도,안동시,공단로 42(수상동),36.5500961,128.7056763
고려자동차정비공장,경상북도,안동시,강남로 10-8 (수상동),36.5457657,128.7040684
동호부분정비,경상북도,안동시,마지1길 57 (수상동),36.5472237,128.711383
안기경정비,경상북도,안동시,제비원로 223(안기동),36.5720331,128.7187877
형제카써비스.세차장,경상북도,안동시,제비원로 108 (옥야동),36.5617851,128.7210603
현대자동차태화점,경상북도,안동시,경동로 427(태화동),36.5690644,128.7068023
골든카서비스,경상북도,안동시,경동로 833 (용상동),36.561355,128.7482524
케이지모빌리티 안동용상 서비스프라자,경상북도,안동시,마들길 89(용상동),36.5519656,128.7589697
대원카도크,경상북도,안동시,제비원로 254 (안기동),36.5745842,128.7195463
부성카프라자,경상북도,안동시,태화중앙로 95(태화동),36.5608932,128.7131994
서부카서비스,경상북도,안동시,영호1길 15 (옥야동),36.5605918,128.7217926
금호타이어 부분정비업,경상북도,안동시,안기천로 53(태화동),36.5622753,128.716396
더 타이어 ?? 성소점,경상북도,안동시,서동문로 88(광석동),36.5665662,128.7214361
영양종합1급자동차정비공장,경상북도,영양군,영양읍 중앙로 98-4,36.6619409,129.1131826
영진카공업사,경상북도,영양군,수비면 한티로 522,36.7644945,129.2043606
서부카인테리어,경상북도,영양군,영양읍 군청길 20,36.6650753,129.1115795
동서카프라자,경상북도,영양군,영양읍 동서대로 55,36.6630186,129.1151914
하나카센터,경상북도,영양군,영양읍 군민회관길 18,36.6626884,129.1166544
기아모터스,경상북도,영양군,영양읍 군민회관길 28-1,36.6620132,129.116368
현대자동차영양점,경상북도,영양군,영양읍 군청길 6,36.6635546,129.1111661
차마당카서비스,경상북도,영양군,영양읍 중앙로 172,36.6683222,129.1157148
한마음자동차병원,경상북도,영양군,입암면 입암로 94,36.5932353,129.0897541
우래카공업사,경상북도,영양군,영양읍 중앙로 282-7,36.6773755,129.1199604
대봉종합카센타,경상북도,영양군,영양읍 중앙로 76,36.6601691,129.1125341
싱글벙글카센터,경상북도,영양군,석보면 석보로 348,36.5605056,129.1167573
영일카서비스,전라남도,영광군,영광읍 대하길2길 3,35.2740419,126.4978273
로얄카센타,전라남도,영광군,영광읍 천년로 1399,35.270607,126.4971056
은성카공업사,전라남도,영광군,염산면 칠산로2길 43,35.2199479,126.3749106
금호타이어영광대리점,전라남도,영광군,영광읍 옥당로 284,35.2853313,126.5045354
스피드메이트영광점,전라남도,영광군,영광읍 대하길 62,35.2765556,126.4966488
한성카,전라남도,영광군,영광읍 옥당로 190,35.2788677,126.5002185
이철모터스,전라남도,영광군,영광읍 영대로 235,35.2871133,126.5106272
송하카센타,전라남도,영광군,영광읍 천년로13길 22,35.2749468,126.5070828
공임나라,전라남도,영광군,홍농읍 홍농로 493-2,35.3981655,126.4482892
보스 카(BOOS CAR),전라남도,영광군,법성면 굴비로4길 28,35.3539484,126.4476416
대광자동차공업사,전라남도,영광군,영광읍 단신길1길 22,35.2808347,126.4966746
옥당종합자동차정비공장,전라남도,영광군,영광읍 영대로 259,35.2873492,126.5132433
영광자동차정비공업사,전라남도,영광군,영광읍 영대로 263,35.2873501,126.513894
광신종합자동차공업사,전라남도,영광군,영광읍 백수로 1650-24,35.2816898,126.4866804
대신자동차공업사,전라남도,영광군,영광읍 백수로 1650-16,35.2812639,126.4858155
1급 서울자동차공업사,전라남도,영광군,영광읍 천년로 1348,35.2665892,126.4947085
성산카센타,전라남도,영광군,홍농읍 홍농로 742,35.4157954,126.438548
신진밧데리3급부분정비,전라남도,영광군,영광읍 대하길 101,35.2780857,126.4989296
종합카센타,전라남도,영광군,영광읍 옥당로 210,35.2804973,126.4996853
백수중앙카센타,전라남도,영광군,백수읍 백수로10길 42,35.2809964,126.4227255
태영카센타,전라남도,영광군,영광읍 천년로11길 2,35.2727771,126.5011434
막내카,전라남도,영광군,영광읍 함영로 3517,35.2636538,126.5087204
양승카센타,전라남도,영광군,영광읍 대하길 4,35.271771,126.4986415
제일부분정비공업사,전라남도,영광군,영광읍 옥당로 132,35.2740892,126.5024189
프로카센타,전라남도,영광군,영광읍 천년로 1397,35.270522,126.4969811
명성자동차공업사,전라남도,영광군,영광읍 중앙로 125,35.2701609,126.5117793
현대자동차 홍농점,전라남도,영광군,홍농읍 홍농로 437,35.39384,126.445048
대명부분정비업,전라남도,영광군,영광읍 중앙로 69,35.2656179,126.5095916
영광점현대자동차,전라남도,영광군,영광읍 천년로 1399,35.270607,126.4971056
로켓트밧데리,전라남도,영광군,영광읍 천년로12길 12,35.2737252,126.5013066
여주부분정비공업사,전라남도,영광군,영광읍 천년로 1424,35.2717396,126.4997076
쌍용 자동차 영광 서비스 프라자,전라남도,영광군,영광읍 대하길1길 24,35.2726579,126.5005764
달구지3급자동차정비소,전라남도,영광군,법성면 법성포로3길 6,35.3587257,126.4433157
애니카랜드 홍농점,전라남도,영광군,홍농읍 홍농로 533,35.4014635,126.4489276
동원카써비스,전라남도,영광군,홍농읍 홍농로 577,35.4055511,126.4486412
한국지엠영광바로서비스,전라남도,영광군,영광읍 천년로10길 3,35.2721615,126.4993364
양지카센타,전라남도,영광군,영광읍 천년로12길 4,35.2730019,126.5016938
평화자동차공업사,전라남도,영광군,영광읍 옥당로 225-2,35.2821537,126.4998264
홍농점기아오토큐,전라남도,영광군,홍농읍 홍농로 506,35.3987852,126.4492744
영광 모터스,전라남도,영광군,영광읍 천년로10길 4,35.2723442,126.4997873
그린종합카센타,전라남도,영광군,법성면 굴비로4길 21-11,35.3541725,126.4486148
영광카센터,전라남도,영광군,영광읍 영대로 231,35.286993,126.5103254
만도카 서비스,전라남도,장성군,삼계면 주산4길 16,35.253031,126.6726574
장성점기아오토큐,전라남도,장성군,황룡면 함장로 5310,35.2938154,126.7695659
동림자동차,전라남도,장성군,장성읍 영천로 89,35.2936242,126.780518
삼양자동차공업사,전라남도,장성군,장성읍 역전로 44,35.2961362,126.7802064
미래카부분정비,전라남도,장성군,북이면 사가시장2길 43,35.4315046,126.8095627
애니카랜드장성점,전라남도,장성군,장성읍 단풍로 41,35.3081586,126.7905707
쌍용자동차장성서비스프라자,전라남도,장성군,장성읍 역전로 130,35.3037215,126.7811795
상무카클리닉,전라남도,장성군,삼계면 사창로 24,35.2570598,126.6686205
장성카서비스,전라남도,장성군,장성읍 영천로 64,35.2913441,126.7809441
장성점현대자동차,전라남도,장성군,장성읍 역전로 211,35.3054968,126.7877762
태광카센타,전라남도,장성군,진원면 하서대로 344-7,35.258049,126.8101759
대일카서비스,전라남도,장성군,북이면 방장로 983,35.4327379,126.8091832
백양사농협영농자재프라자,전라남도,장성군,북이면 사가시장2길 21,35.4295905,126.8086352
케이티에스(KTS) 금호타이어 장성점,전라남도,장성군,황룡면 뱃나드리로 4-8,35.2924799,126.755692
상무 카 스토리,전라남도,장성군,삼서면 학성리 300-1,35.2527074,126.6089185
산들공업사,전라남도,장성군,장성읍 기산부동길 2,35.3009859,126.7660958
광명공업사,전라남도,장성군,황룡면 뱃나드리로 121,35.2926109,126.7680971
(주)상무자동차공업사,전라남도,장성군,삼계면 영장로 1722,35.2496027,126.6724261
새천년1급자동차공업사,전라남도,장성군,황룡면 외장산길 3-37,35.2944178,126.7580547
영상자동차공업사,전라남도,장성군,장성읍 영천월산길 5,35.3082157,126.7915982
한진1급자동차공업사,전라남도,장성군,장성읍 축령로 51,35.3083656,126.7740094
정통특장(주),전라남도,장성군,동화면 삼동로 831,35.2896711,126.7480979
(주)한국쓰리축,전라남도,장성군,동화면 원남평길 15-21,35.2769556,126.725468
대화특장,전라남도,장성군,동화면 수연로 68-11,35.2878353,126.7358527
윤상모터스,전라남도,장성군,장성읍 역전로 134,35.3041471,126.781411
종진카클리닉,전라남도,장성군,장성읍 단풍로 105,35.3133874,126.7938184
대명종합자동차공업사,전라남도,장성군,진원면 수촌길 3,35.2580752,126.8161517
(주)한진모터스,전라남도,장성군,황룡면 강변로 450,35.283451,126.7666689
르노코리아 서비스코너 영광점,전라남도,영광군,영광읍 천년로13길 45,35.2769601,126.5068384
동화부분정비,전라남도,장성군,동화면 삼동로 691,35.2831862,126.7353245
태양부분정비,전라남도,장성군,삼서면 태산로 41,35.2287915,126.6503989
대명부분정비,전라남도,장성군,황룡면 강변로 517,35.2896409,126.7697115
함동자동차써비스,전라남도,장성군,삼계면 해삼로 1385,35.2522777,126.6559245
현대카클리닉,전라남도,장성군,장성읍 청운길 42,35.3036036,126.7818517
매직카클리닉,전라남도,장성군,삼서면 태산로 12,35.2290002,126.6469494
신흥종합카센타,전라남도,장성군,북일면 봉암로 1016,35.3784332,126.8039088
한국타이어정하대리점,경상북도,안동시,충효로 4424 (정상동),36.5487894,128.7368664
케이지모빌리티 안동서비스센터,경상북도,안동시,풍산읍 금당길 8,36.5896265,128.6336925
디케이모터스,경상북도,안동시,은행나무로 61(옥동),36.5670161,128.6912019
타이어 할인마트,경상북도,안동시,옥서로 43(옥동),36.5581483,128.6981277
티스테이션 안동점,경상북도,안동시,경동로 539 (태화동),36.563835,128.7167925
금호타이어 용상점,경상북도,안동시,관광단지로 76(용상동),36.5547944,128.7563218
강남셀프세차장,경상북도,안동시,충효로 4440(정상동),36.5493755,128.7363958
J카마스터,경상북도,안동시,강남로 56-9(수상동),36.5480099,128.708672
조이모터스,경상북도,안동시,보현로 35-2(용상동),36.5522796,128.7597598
안동종합서비스 기아오토큐㈜,경상북도,안동시,경북대로 770(이천동),36.5969288,128.7015096
An수입차수리,경상북도,안동시,경동로 1095(용상동),36.5505792,128.7729743
부성정비,경상북도,안동시,강남로 47-1(수상동),36.5491312,128.7067213
카포스 안동점,경상북도,안동시,범석골길 12(안막동),36.5737203,128.7318357
한국타이어서광,경상북도,안동시,옥동2길 70(옥동),36.5600122,128.703052
국제 밧데리,경상북도,안동시,경북대로 523(송현동),36.5752302,128.6973604
경안 하이드로 빽,경상북도,안동시,경북대로 74-10(수상동),36.5409193,128.6994055
영은모터스,경상북도,안동시,마지락길 7-2,36.5753681,128.7199192
르노코리아자동차서비스 용상점,경상북도,안동시,경동로 1079(용상동),36.550647,128.7712013
동안동카,경상북도,안동시,길안면 충효로 2288-4,36.4580171,128.8909934
상신특장냉동,경상북도,안동시,북순환로 358-17(안막동),36.588996,128.7267046
카발통,경상북도,안동시,서동문로 1(평화동),36.5664104,128.7119799
보리카써비스,경상북도,안동시,서후면 서선길 179,36.5873285,128.6525337
타이어0싼집,경상북도,안동시,경동로 156 (송현동),36.5745084,128.6788509
서안동현대서비스,경상북도,안동시,풍산읍 풍산태사로 773,36.5891967,128.5465813
성광카,경상북도,안동시,태사2길 24(북문동),36.5673614,128.7311683
강변카 프라자,경상북도,안동시,전거리2길 76(용상동),36.5584244,128.747238
바른손 자동차 정비,경상북도,안동시,공단로 32(수상동),36.5497136,128.7044596
강남정비공장,경상북도,안동시,강남로 68-6 (수상동),36.5483648,128.7088974
바른정비,경상북도,안동시,풍산읍 유통단지길 147,36.5878866,128.6125256
동이카센터,경상북도,안동시,충효로 4409 (정하동),36.5477172,128.7374476
타이어직매장,경상북도,안동시,경북대로 492 (송현동),36.5723874,128.6978205
정우카센터,경상북도,안동시,단원로 79 (운안동),36.5717371,128.7124092
타이어프로 터미널점,경상북도,안동시,경동로 178(송현동),36.5743121,128.6813429
한승카세차,경상북도,안동시,노하길 440(송현동),36.5728249,128.6969705
프로 모터스,경상북도,안동시,앙실2길 13 (수하동),36.558222,128.6774828
타이어매니아&카서비스,경상북도,안동시,경북대로 519 (송현동),36.5748873,128.6973867
㈜토요타 와이엠 안동지점,경상북도,안동시,경동로 181 (송현동),36.5747441,128.6814776
타이어테크 안동점,경상북도,안동시,경동로 372 (송현동),36.5718274,128.7018489
차병원,경상북도,안동시,전거리8길 102 (용상동),36.5599522,128.749614
참 좋 은 모터스,경상북도,안동시,앙실로 384 (수하동),36.5572292,128.6778698
굿모터스,경상북도,안동시,경동로 501-1(태화동),36.5652246,128.7130998
동광카,경상북도,안동시,은행나무로 50 (옥동),36.5662853,128.6900033
삼일오토카,경상북도,안동시,은행나무로 48 (옥동),36.566093,128.6898953
수앤수 모터스,경상북도,안동시,태화중앙로 60 (태화동),36.5585429,128.7112235
상경 카 서비스,경상북도,안동시,경동로 914 (용상동),36.556674,128.7549042
KD특장,경상북도,안동시,남후면 남일로 1476,36.5213742,128.6893023
안동타이어팩토리,경상북도,안동시,관광단지로 80(용상동),36.5554566,128.7561782
드림모터스,경상북도,안동시,감나무길 26 (태화동),36.5687801,128.7095767
삼호타이어,경상북도,안동시,앙실로 145-1 (수하동),36.5407818,128.6876091
의령카센타,경상남도,의령군,의령읍 의병로8길 3,35.3188314,128.2549712
신반정비공업사,경상남도,의령군,부림면 신번로 92,35.4625596,128.3284188
애니카랜드 의령점,경상남도,의령군,의령읍 의병로 192,35.3190223,128.2578134
터미널자동차부분정비,경상남도,의령군,의령읍 의병로 131-1,35.3204529,128.2515321
르노코리아자동차 서비스코너 의령점,경상남도,의령군,의령읍 의병로 198,35.3192031,128.2584558
지정부분정비,경상남도,의령군,지정면 함의로 1434,35.3776987,128.3946691
대동카센터,경상남도,의령군,의령읍 의병로14길 28,35.3170167,128.2590724
정암카인테리어,경상남도,의령군,의령읍 구룡로1길 72,35.3147349,128.2816329
장수오토 자동차경정비,경상남도,의령군,부림면 대한로 1783,35.4673067,128.3268578
(의령점)현대자동차,경상남도,의령군,의령읍 백산로 32,35.3217806,128.266698
경남자동차정비,경상남도,의령군,의령읍 의병로6길 3-2,35.3198255,128.2532604
동양카센타,경상남도,의령군,의령읍 의병로9길 14,35.3202552,128.2557598
중앙카서비스,경상남도,의령군,의령읍 의병로 257,35.3203319,128.2649287
아는형님카정비세차,경상남도,의령군,의령읍 의병로 167-7,35.3197129,128.2547647
현대카24시,경상남도,의령군,부림면 신번로 215,35.4719042,128.3268769
예스자동차정비,경상남도,의령군,대의면 대의로 110,35.3766166,128.1076586
대도정비,경상남도,의령군,의령읍 의병로 107,35.3208606,128.2496295
금성1급종합정비,경상남도,의령군,부림면 의합대로 2102,35.4608618,128.3300141
의령정비,경상남도,의령군,의령읍 의병로14길 28,35.3170167,128.2590724
카 매니저,경상북도,영천시,강변로 60(금노동),35.9611445,128.929323
행복한자동차SOUL,경상북도,영천시,금호읍 금창로 37-1,35.9286081,128.8766062
제일 카 전문정비,경상북도,영천시,영천산단로 359-15(채신동),35.9142598,128.9499829
우리 카 타이어,경상북도,영천시,금호읍 금창로 99,35.9242107,128.8799554
타이어프로 서문육거리점,경상북도,영천시,최무선로 195(화룡동),35.9632812,128.9222316
몽키 모터스,경상북도,영천시,최무선로 231(성내동),35.9642321,128.925782
신세계 바른정비,경상북도,영천시,장수로 114(화룡동),35.9699481,128.9154798
1등 타이어(영천점),경상북도,영천시,강변로 8(성내동),35.9624234,128.9239671
재봉카마스타,경상북도,영천시,강남길 28(완산동),35.9647025,128.9365142
스타카라반,경상북도,영천시,청통면 관방길 41,35.9718407,128.8175838
서문카센터,경상북도,영천시,장수로 50(교촌동),35.9656093,128.9190898
신흥카센타,경상북도,영천시,고경면 방천길 35-41,35.979303,128.9706849
행운모터스,경상북도,영천시,금호읍 금창로 208-37,35.9139523,128.8828417
공임나라 영천완산점,경상북도,영천시,완산1길 39,35.9644902,128.9409459
굿모닝카서비스,경상북도,영천시,금호읍 금호로 459,35.9468344,128.9048758
해성3급 부분정비,경상북도,영천시,장수로 58(화룡동),35.9659217,128.9181998
도동삼거리카클리닉,경상북도,영천시,천문로 65(도동),35.9445212,128.9285723
가든카부분정비,경상북도,영천시,야사2길 18-5(야사동),35.9754688,128.9474331
신녕카센타,경상북도,영천시,신녕면 장수로 1618,36.0364868,128.7898333
놀부카서비스,경상북도,영천시,창신길 45-1(망정동),35.9897806,128.9519634
대운카센타,경상북도,영천시,최무선로 271(과전동),35.9663078,128.9297289
영남카센터,경상북도,영천시,포은로 65(언하동),35.9839381,128.9626221
광장경정비,경상북도,영천시,강변로 70(금노동),35.9616449,128.9302947
타이어나라,경상북도,영천시,천문로 174(금노동),35.9539822,128.9313634
용용카,경상북도,영천시,호국로 158(조교동),35.9761729,128.9546466
대우정비 영천점,경상북도,영천시,망정3길 7(망정동),35.9761891,128.9521859
TOP카센타,경상북도,영천시,천문로 66(도동),35.9449814,128.9292712
연금카센타,경상북도,영천시,최무선로 221-1(성내동),35.9638617,128.9251094
애니카랜드 금노점,경상북도,영천시,금완로 27(금노동),35.9606677,128.9313672
해성자동차전문정비,경상북도,영천시,호국로 196(조교동),35.9769705,128.9586127
부린카모터스,경상북도,영천시,동문길 125(문외동),35.97061,128.9371131
스피드메이트 명진,경상북도,영천시,최무선로 191(화룡동),35.9632407,128.922036
영주카클리닉,경상북도,영천시,북안면 운북로 1963,35.9124758,129.0096181
화북카서비스,경상북도,영천시,화북면 천문로 2251,36.107914,128.9225705
열심히하는카센타,경상북도,영천시,하이브리드로 700-136(봉동),35.93224222,128.9468386
금호타이어 영천대리점,경상북도,영천시,천문로 89(도동),35.9467871,128.9284885
한국타이어 IC점,경상북도,영천시,천문로 162(금노동),35.9533345,128.931179
대박카전문정비,경상북도,영천시,금호읍 금호로 372,35.9411636,128.8998338
티스테이션 영천점,경상북도,영천시,최무선로 135(오수동),35.9613088,128.9162307
팔팔택시㈜자가정비업,경상북도,영천시,천문로 484(화룡동),35.978747,128.9237131
영천타이어,경상북도,영천시,호국로 146(망정동),35.9758911,128.9530823
종합밧데리,경상북도,영천시,천문로 84(도동),35.9460971,128.9291129
하이웨이정비,경상북도,영천시,북안면 임포역길 37,35.9245355,129.0140387
부성밧데리,경상북도,영천시,천문로 212(금노동),35.9573927,128.9323785
고속카서비스,경상북도,영천시,호국로 119(망정동),35.9757435,128.9503377
태안카부분정비,경상북도,영천시,보목2길 4(야사동),35.971705,128.9411296
새중앙전문정비,경상북도,영천시,최무선로 343-1(문외동),35.9697947,128.9359612
화룡점 기아오토큐,경상북도,영천시,천문로 493(화룡동),35.9789497,128.9222356
천일모터스,경상북도,영천시,청통면 금송로 964-1,35.9909441,128.8235338
베스트카모터스·세차,경상북도,영천시,최무선로 299(창구동),35.9675526,128.9321961
동아카맨샵,경상북도,영천시,최무선로 323(문외동),35.9688023,128.934289
오색카써비스,경상북도,영천시,북안면 운북로 2044,35.9196916,129.0083731
야사점현대자동차,경상북도,영천시,충효로 171(야사동),35.9778159,128.9470676
대성부분정비공장,경상북도,영천시,외머리로 53(화룡동),35.9776829,128.9160679
현대자동차금노점,경상북도,영천시,금완로 10(금노동),35.9604825,128.9294425
현대자동차금호점,경상북도,영천시,금호읍 금호로 25-1,35.9296924,128.8646733
럭키카센타,경상북도,영천시,고경면 호국로 366,35.9796083,128.977173
한국지엠영천바로서비스,경상북도,영천시,최무선로 301(창구동),35.9678959,128.9322778
동양부분정비,경상북도,영천시,금호읍 금호시장길 31,35.9319673,128.8745673
도림카정비,경상북도,영천시,천문로 917(도림동),36.0164152,128.9285275
새영천카라이프,경상북도,영천시,영화로 4(금노동),35.952452,128.9310686
타이어하우스,경상북도,영천시,영화로 345(망정동),35.9729683,128.951474
금강카아트,경상북도,영천시,금완로 44(완산동),35.960068,128.9329574
클릭카부분정비업,경상북도,영천시,호국로 224(조교동),35.9775845,128.9616576
그린카클리닉,경상북도,영천시,최무선로 109(오수동),35.9598447,128.9137138
쌍용자동차영천서비스프라자,경상북도,영천시,최무선로 224(성내동),35.9636367,128.9254473
대성자동차공업사,경상북도,영천시,대창면 대창리 754,35.8779517,128.8941395
한국정비,경상북도,영천시,망정로 38(망정동),35.9794912,128.9535139
서광휠얼라이먼트,경상북도,영천시,최무선로 133(오수동),35.9611902,128.9159635
화남카센타,경상북도,영천시,화남면 천문로 1812,36.0746955,128.9061245
남촌카부분정비,경상북도,영천시,한방로 153(작산동),35.9392021,128.9447173
현대종합정비공장,경상북도,영천시,오수5길 106(오수동),35.9527899,128.9191329
시민1급자동차정비,경상북도,영천시,장수로 74(화룡동),35.9669582,128.9174736
삼일특장,경상북도,영천시,한방로 188-10(작산동),35.9400381,128.9490985
(주)석계특장,경상북도,영천시,고경면 호국로 1433-20,35.9985286,129.0840294
대호1급자동차정비,경상북도,영천시,주남4길 18(도동),35.9446031,128.9330578
신녕남강자동차정비공업사,경상북도,영천시,신녕면 장수로 1729,36.0459262,128.7870113
한쓰카1급정비,경상북도,영천시,호국로 60-1(야사동),35.973395,128.9444855
광명자동차부분정비,경상북도,영천시,금호읍 교대길 33-4,35.93409,128.8702433
영도카센타,경상북도,영천시,장수로 48(화룡동),35.9654769,128.9191831
대성카센타,경상북도,영천시,신녕면 찰방길 84,36.0431129,128.7848516
삼성정비공업사,경상북도,영천시,외머리로 117(화룡동),35.9812381,128.9214983
화산부분정비소,경상북도,영천시,화산면 장수로 925,36.0181618,128.8558224
경동부분정비공업사,경상북도,영천시,고경면 호국로 1323,36.0031989,129.0739664
애니카랜드 야사점,경상북도,영천시,충효로 172(야사동),35.9772244,128.9470843
대창카부분정비,경상북도,영천시,대창면 금창로 667-1,35.8765816,128.8962417
금호밧데리카써비스,경상북도,영천시,금호읍 금호로 208,35.934383,128.883733
동아카센타,경상북도,영천시,금호읍 금호로 82,35.9305851,128.8705075
우진카서비스,경상북도,영천시,최무선로 222(성내동),35.9634994,128.9251975
델코부분정비공업사,경상북도,영천시,천문로 241(금노동),35.9601253,128.9325756
신화부분정비,경상북도,영천시,천문로 409-8(창구동),35.9739244,128.9279596
대영부분정비,경상북도,영천시,청통면 금송로 679,35.9658666,128.822607
경북카센타,경상북도,영천시,금호읍 금호로 85,35.9310517,128.8706992
청호3급 부분정비,경상북도,영천시,호연정길 45-4(성내동),35.9647484,128.927468
일심카센타,경상북도,영천시,북안면 운북로 1976,35.9138235,129.0101099
영천점 현대자동차,경상북도,영천시,향군로 16(화룡동),35.9643167,128.9193858
현대카센타,경상북도,영천시,완산로 80,35.9671592,128.9391149
현대오토카,경상북도,영천시,장수로 62(화룡동),35.9662221,128.9178064
동부전문정비,경상북도,영천시,호국로 161(조교동),35.9767668,128.9546948
영천자동차서비스,경상북도,영천시,망정1길 45(야사동),35.9776414,128.9485
영천현대서비스,경상북도,영천시,금호읍 금호로 338-33,35.9373134,128.8965596
하원1급정비공장,경상북도,영천시,금호읍 고수골길 26,35.953256,128.9047714
도동종합자동차정비공장,경상북도,영천시,도들앞길 67-20(도동),35.9404719,128.9252148
그린종합정비공장,경상북도,영천시,오수5길 102(오수동),35.9531354,128.9188364
세명자동차종합정비공장,경상북도,영천시,유봉길 24(오수동),35.9571463,128.9186469
지엔비모터스㈜영천센터,경상북도,영천시,영천아이시로 109(본촌동),35.9299276,128.9491036
한국지엡화순바로서비스,전라남도,화순군,화순읍 충의로 94,35.0554876,126.9879543
티스테이션 화순점,전라남도,화순군,화순읍 충의로 145,35.0549271,126.9934174
(주)병만이가 차고치는 집,전라남도,화순군,화순읍 대교로 84,35.0631939,126.9882993
화순자동차부분정비공업사,전라남도,화순군,화순읍 내평길 45,35.0366995,126.9677209
24시 자동차부분정비공업사,전라남도,화순군,화순읍 충의로 151-2,35.0544065,126.9938636
스피드메이트화순점,전라남도,화순군,화순읍 쌍충로 131-1,35.0627889,126.9789531
주식회사 푸른,전라남도,화순군,"화순읍 유천리 3, 3호",35.0760814,127.0022687
드림 카 서비스,전라남도,화순군,화순읍 쌍충로 114,35.0618624,126.9807966
동남자동차부분정비공업사,전라남도,화순군,능주면 학포로 1885,34.9855477,126.962309
보성자동차부분정비공업사,전라남도,화순군,동복면 김삿갓로 824,35.0681524,127.1294899
청룡자동차부분정비공업사,전라남도,화순군,화순읍 충의로 221,35.0493454,126.9981493
광덕자동차부분정비공업사,전라남도,화순군,화순읍 충의로 120,35.0554768,126.9908942
2 Baek 모터스,전라남도,화순군,화순읍 대교로 5,35.0636015,126.979917
케이지모빌리티화순서비스프라자,전라남도,화순군,화순읍 쌍충로 113,35.0614805,126.9803237
영동자동차부분정비공업사,전라남도,화순군,화순읍 중앙로 63,35.0606714,126.9885193
능주자동차부분정비공업사,전라남도,화순군,능주면 학포로 1859,34.9834127,126.9632196
이양자동차부분정비공업사,전라남도,화순군,이양면 학포로 621,34.8928128,126.9882507
M모터스,전라남도,화순군,화순읍 쌍충로 64,35.0576205,126.9819546
기아자동차카클리닉,전라남도,화순군,화순읍 만연로 101,35.0647674,126.9899452
(주)금호타이어 화순대리점,전라남도,화순군,화순읍 안양산로 3,35.0684102,126.9925263
블루핸즈(화순점),전라남도,화순군,화순읍 충의로 60,35.0554945,126.9841613
도곡부분정비공업사,전라남도,화순군,도곡면 지석로 1122,34.9972298,126.918362
도훈자동차부분정비공업사,전라남도,화순군,화순읍 진각로 12-1,35.0526267,126.9859774
대광자동차부분정비공업사,전라남도,화순군,능주면 죽수길 18,34.9855097,126.961336
그린카정비센터,전라남도,화순군,화순읍 쌍충로 74,35.0587937,126.9822225
중앙자동차부분정비공업사,전라남도,화순군,화순읍 충의로 95,35.0558677,126.9880569
부영자동차부분정비공업사,전라남도,화순군,화순읍 광덕로 238,35.0660429,126.9928917
카프렌드오토샵,전라남도,화순군,화순읍 칠충로 84,35.0570212,126.9799859
우성오토샵,전라남도,화순군,화순읍 쌍충로 60,35.0571499,126.9818775
서광자동차부분정비공업사,전라남도,화순군,화순읍 도서관길 5,35.0615686,126.9812218
인디카 마스터,전라남도,화순군,화순읍 해대길 6,35.0553079,126.9834369
중앙타이어갤러리,전라남도,화순군,화순읍 대교로 64,35.0633175,126.9861682
구억카,전라남도,화순군,화순읍 오성로 580-6,35.0526639,126.9715068
백용카부분정비공업사,전라남도,화순군,동면 충의로 446,35.0341911,127.0131261
대한자동차공업사,전라남도,화순군,화순읍 충의로 129,35.0558799,126.9919921
원플러스원카써비스,전라남도,화순군,화순읍 충의로 166,35.053244,126.9941116
춘양카센타,전라남도,화순군,춘양면 춘양로 48,34.9550166,126.9614225
신성모터샵,전라남도,화순군,화순읍 소천길 7-6,35.0659399,126.9881762
통일자동차공업사,전라남도,화순군,화순읍 쌍충로 127-2,35.0621886,126.9786342
한국자동차공업사,전라남도,화순군,화순읍 대리길 22,35.0595029,126.9790149
화순하나로자동차1급공업사,전라남도,화순군,화순읍 대리길 42,35.0595133,126.9769769
능주자동차공업사,전라남도,화순군,능주면 학포로 1847-7,34.9821945,126.9645173
주식회사 현대1급정비마을,전라남도,화순군,화순읍 연양1길 2,35.0410536,126.963256
화순종합자동차공업사,전라남도,화순군,화순읍 학포로 2574,35.0393794,126.9628603
화순종합자동차공업사,전라남도,화순군,화순읍 학포로 2574,35.0393794,126.9628603
청호활어특장,전라남도,화순군,동면 동농공길 91,35.0243993,127.0274019
삼천리자동차부분정비공업사,전라남도,화순군,화순읍 충의로 108,35.0551824,126.9893862
천운자동차부분정비공업사,전라남도,화순군,화순읍 진각로 40,35.055176,126.9859731
용암자동차부분정비공업사,전라남도,화순군,능주면 학포로 1876,34.9846367,126.9627458
전진자동차정비공업사,전라남도,진도군,진도읍 왕온로 143,34.4739188,126.2643221
쌍용서비스프라자 진도코너,전라남도,진도군,진도읍 동외1길 34,34.4821682,126.2717066
로얄 카 부분정비 공업사,전라남도,진도군,진도읍 남산로 130-56,34.477626,126.2690621
진도카 부분정비 공업사,전라남도,진도군,진도읍 동외1길 20,34.4816093,126.270244
제일 종합 자동차 공업사,전라남도,진도군,진도읍 남산로 126,34.4766668,126.2643375
르노코리아 자동차 서비스코너 진도점,전라남도,진도군,진도읍 남동1길 60,34.4805644,126.2646961
옥주자동차정비공업사,전라남도,진도군,진도읍 남산2길 30,34.4749157,126.262314
현대믿음카 써비스,전라남도,진도군,임회면 십일시길 28-1,34.4098192,126.191096
로얄타이어마트,전라남도,진도군,진도읍 남동1길 18,34.4813308,126.2602052
한국지엠 진도지정서비스,전라남도,진도군,진도읍 동외1길 32,34.4820753,126.2715083
동백카 부분정비,전라남도,진도군,지산면 지산로 1202,34.4236982,126.1678622
포산자동차공업사,전라남도,진도군,진도읍 지도길 3,34.4752714,126.2461621
선진농협고군지점부분정비센타,전라남도,진도군,고군면 지수길 1-2,34.4914161,126.3430395
신세계카센타,전라남도,진도군,고군면 오일시1길 16,34.5002466,126.3115573
현대공업사,전라남도,진도군,군내면 송산길 107,34.5131748,126.315887
조도여객 자동차 정비소,전라남도,진도군,조도면 어류포길 1-12,34.3052083,126.051642
진도점 기아오토큐,전라남도,진도군,진도읍 동외1길 28,34.4818812,126.2710244
상빈카부분정비사,전라남도,진도군,진도읍 조금시장길 24,34.4807546,126.2574848
허준카부분정비사,전라남도,진도군,의신면 돈지로 14,34.4425106,126.2799364
금강부분정비사,전라남도,진도군,진도읍 진도대로 7286,34.4844002,126.2776951
태성부분정비공업사,전라남도,진도군,의신면 진도대로 2424-6,34.4416804,126.2809451
세기자동차써비스,전라남도,진도군,진도읍 남동1길 17,34.4816702,126.2604147
전남카정비공업사,전라남도,진도군,임회면 석교길 25,34.4069183,126.1924082
만생카센타,전라남도,진도군,진도읍 동외1길 24,34.4817887,126.2706675
코끼리카센타,전라남도,진도군,진도읍 남동1길 29,34.4817989,126.2617362
현대자동차 진도점,전라남도,진도군,진도읍 남산2길 51-1,34.4762356,126.2632941
보리카클리닉,경상남도,밀양시,부북면 감천리 99-2,35.4874577,128.7339368
우성정비,경상남도,밀양시,부북면 전사포리 294-6,35.4751032,128.7368517
대명자동차정비,경상남도,밀양시,중앙로 145(가곡동),35.4783021,128.7636859
타이어강호주식회사,경상남도,밀양시,밀양대로 1769(삼문동),35.483315,128.7521475
최강모터스,경상남도,밀양시,시청서2길 4,35.50243,128.742853
카프렌드,경상남도,밀양시,중앙로 467(내이동),35.5003099,128.7445054
안전모터스,경상남도,밀양시,내이동 1175-5,35.5002148,128.7422022
자동차이야기,경상남도,밀양시,시청서4길 21(내이동),35.5046354,128.7415455
화성카,경상남도,밀양시,부북면 전사포리 600-1,35.4750349,128.7354735
조은카클리닉,경상남도,밀양시,삼문동 719-10,35.48241,128.7507823
엔케이,경상남도,밀양시,상남면 상남로 984,35.4442314,128.7557707
태인카서비스,경상남도,밀양시,중앙로 159-1,35.4794413,128.7628945
대한오토정비,경상남도,밀양시,중앙로 467(내이동),35.5003099,128.7445054
밀양짚프전문점,경상남도,밀양시,터미널3길 2,35.5005875,128.7423141
국도카,경상남도,밀양시,상남면 밀양대로 1518,35.4663901,128.7602854
영진공업사,경상남도,밀양시,가곡6길 8-4(가곡동),35.4753199,128.7685255
영남밧데리부분정비,경상남도,밀양시,상남면 밀양대로 1473,35.4641255,128.7561569
감내3급종합정비,경상남도,밀양시,내이동 446-1,35.5040647,128.737804
보성카크리닉,경상남도,밀양시,내이동 122,35.5079053,128.7317834
영남카센타,경상남도,밀양시,상남면 밀양대로 1473,35.4641255,128.7561569
대영카센타,경상남도,밀양시,내이동 621-21,35.4976516,128.75159
봉화카써비스,경상남도,밀양시,산외면 금곡리 97-1,35.5121298,128.8416901
한양카써비스,경상남도,밀양시,부북면 전사포리 21-2,35.4750359,128.7521311
금천카크리닉,경상남도,밀양시,산외면 금천리 445-7,35.5030294,128.8009962
산동카써비스,경상남도,밀양시,산외면 산외로 299,35.5029555,128.8006472
카매니져,경상남도,밀양시,내이동 1175-3,35.5005389,128.7420722
형제카센타,경상남도,밀양시,상남면 평촌길 24,35.4117673,128.7767311
신법카24시,경상남도,밀양시,무안면 신법리 261-1,35.4790209,128.6572836
사포합동카,경상남도,밀양시,부북면 전사포리 838-78,35.4723158,128.7389824
호야카클리닉,경상남도,밀양시,상남면 상남로 1186,35.4613209,128.7535386
첨단카라디에테,경상남도,밀양시,운전1길 10-19,35.5097486,128.7316302
백산자동차부분정비,경상남도,밀양시,하남읍 백산리 672-17,35.3704278,128.7474965
제일카써비스,경상남도,밀양시,무안면 무안리 758-8,35.4680455,128.6485178
현대자동차수산점,경상남도,밀양시,하남읍 양동리 648-35,35.3756491,128.7164319
국일경정비공업사,경상남도,밀양시,무안면 성덕리 662-1,35.4280974,128.6502893
호성카센타,경상남도,밀양시,상동면 가곡리 780-1,35.5337783,128.7788954
두원카센타,경상남도,밀양시,부북면 감천리 99-2,35.4874577,128.7339368
득일카서비스,경상남도,밀양시,단장면 표충로 369,35.5151745,128.8768972
상우카센타,경상남도,밀양시,내이동 1519-10,35.5038242,128.7401016
대흥카센타,경상남도,밀양시,산내면 산내로 1115,35.5891606,128.9522138
신우종합상사,경상남도,밀양시,내이동 584-6,35.5027672,128.7488614
월드카센타,경상남도,밀양시,무안면 사명로 461,35.4660937,128.6500694
부북카센타,경상남도,밀양시,부북면 용운길 11-1,35.5117836,128.7294897
금산카센타,경상남도,밀양시,상동면 금산리 342-1,35.5501193,128.7706817
동신종합정비3급,경상남도,밀양시,상남면 세천1길 9,35.3862264,128.7613228
철원정비타운,경상남도,밀양시,상남면 상남로 1191,35.4619383,128.7536198
현대카서비스,경상남도,밀양시,삼문중앙로2길 21(삼문동),35.4821073,128.754691
대희카세차정비,경상남도,밀양시,시청로 78(내이동),35.5038373,128.7402029
모터박스,경상남도,밀양시,미리벌로 46(삼문동),35.4809809,128.7482205
경성부북카센타,경상남도,밀양시,부북로 17(내이동),35.5100598,128.7296937
천호카센타,경상남도,밀양시,삼랑진읍 삼랑진로 411,35.3991304,128.8165889
명문자동차정비,경상남도,밀양시,삼랑진읍 미율로 103,35.411795,128.8160658
모든타이어,경상남도,밀양시,밀양대로 1815,35.4866754,128.7489408
현대카센타,경상남도,밀양시,하남읍 하남로 73,35.385058,128.7337402
나노카모터스,경상남도,밀양시,밀양대로 2215-1(교동),35.5113514,128.7583798
오일팩토리세화자동차정비,경상남도,밀양시,상남면 예림2길 13,35.4683006,128.7602839
드림모터스,경상남도,밀양시,부북면 용운길 11-1,35.5117836,128.7294897
밀양카센터 카프렌드,경상남도,밀양시,시청로4길 8(내이동),35.5039088,128.7395601
형제 3급 정비,경상남도,밀양시,하남읍 명례로 458,35.3530257,128.7662586
제일카센타,경상남도,밀양시,하남읍 수산중앙로 105,35.3756475,128.7165697
모던카클리닉,경상남도,밀양시,하남읍 수산중앙로 122,35.375992,128.7181123
밀양카센터,경상남도,밀양시,밀양대로 1744(삼문동),35.4817212,128.7543534
국도카정비,경상남도,밀양시,밀양대로 2159(교동),35.5066531,128.7565209
킹타어어,경상남도,밀양시,밀양대로 1904-2(내이동),35.4935746,128.744722
디아큐에어,경상남도,밀양시,하남읍 하남로 123-8,35.3884937,128.7384961
개미카서비스,경상남도,밀양시,부북면 사포로 17-1,35.4745924,128.7519498
일등모터스,경상남도,밀양시,중앙로 467(내이동),35.5003099,128.7445054
허상영,경상남도,밀양시,밀양대로 1769(삼문동),35.483315,128.7521475
다올카모터스,경상남도,밀양시,밀성로 24(내이동),35.5006135,128.7498906
(주)누원밀양지점,경상남도,밀양시,하남읍 하남로 129,35.3878743,128.7383454
태양자동차정비공업사,경상남도,밀양시,내이동 1403-4,35.4897584,128.7410367
태양자동차정비공업사,경상남도,밀양시,내이동 1553-4,35.5013335,128.7429157
제일자동차정비,경상남도,밀양시,하남읍 수산중앙로 105,35.3756475,128.7165697
영남밧데리,경상남도,밀양시,하남읍 초하로 746,35.3747563,128.705435
우진카서비스,경상남도,밀양시,부북로 6,35.509313,128.7312772
유천종합카써비스,경상남도,밀양시,상동면 금산7길 17-12,35.5542397,128.7617925
도야카,경상남도,밀양시,하남읍 양동리 364-2,35.3848853,128.7335632
차사랑카정비,경상남도,밀양시,부북면 용지리 230-2,35.5059356,128.7442491
마이카부분정비,경상남도,밀양시,시청로 74,35.5041454,128.7403269
3급대신정비,경상남도,밀양시,내이5길 5(내이동),35.5003574,128.7425109
형제카클리닉,경상남도,밀양시,상남면 평촌길 24,35.4117673,128.7767311
상남부분정비3급,경상남도,밀양시,상남면 밀양대로 1459,35.463132,128.755195
태화카센타,경상남도,밀양시,삼문로 42,35.4878495,128.7545332
형제모터스정비,경상남도,밀양시,중앙로 448,35.4991061,128.7460506
극동카센타,경상남도,밀양시,산외면 산외로 723-2,35.5121717,128.8408937
남천카서비스,경상남도,밀양시,하남읍 백산로 10-4,35.3745176,128.7167666
타이어마스터밀양점,경상남도,밀양시,밀양대로 1873,35.4910216,128.7454513
동진카센타,경상남도,밀양시,하송정안길 19(내이동),35.4985756,128.7502044
미르카세차장,경상남도,밀양시,가곡중앙길 3 (가곡동),35.474293,128.7663697
오토오아시스 홈플러스 밀양점,경상남도,밀양시,점필재로 45,35.488956,128.74073
호야카센터,경상남도,밀양시,상남면 상남로 1186,35.4613209,128.7535386
하남점(현대자동차),경상남도,밀양시,하남읍 수산중앙로 127,35.3767768,128.7186149
무지게세차산업,경상남도,밀양시,내이1길 7(내이동),35.4962406,128.744423
새한카,경상남도,밀양시,백민로6길 7,35.4984423,128.747374
경민카,경상남도,밀양시,추화산성길 30(교동),35.5108244,128.7682281
신프로카센타,경상남도,밀양시,초동면 신호1길 24-23,35.4137713,128.6880705
밀양디젤카,경상남도,밀양시,밀양대로 1753-12(삼문동),35.4810601,128.7529781
태인카서비스,경상남도,밀양시,부북면 사포로 15-1,35.4745074,128.7524707
영광카서비스,경상남도,밀양시,부북면 사포로 155,35.4732832,128.738147
주식회사골든카,경상남도,밀양시,백민로11길 18(내이동),35.5021866,128.7475387
욜로모터스,경상남도,밀양시,중앙로 68(가곡동),35.4739989,128.7702269
대신모터스,경상남도,밀양시,부북면 사포산단2길 31-7,35.4708723,128.736165
현대자동차 상남점,경상남도,밀양시,상남면 밀양대로 1486-1,35.4644277,128.7577359
한국타이어밀양판매,경상남도,밀양시,밀양대로 1750(삼문동),35.4823004,128.7536168
보경카정비,경상남도,밀양시,시청서4길 2(내이동),35.5030893,128.7405538
하이카클리닉,경상남도,밀양시,삼문3길 1(삼문동),35.4870008,128.748819
금호타이어밀양대리점,경상남도,밀양시,내이동 1192-6,35.49811,128.7460602
스피드메이트밀양점,경상남도,밀양시,밀양대로 1811,35.4863069,128.7492307
청도카부분정비,경상남도,밀양시,청도면 인산1길 110,35.5478042,128.6320592
수현카클리닉,경상남도,밀양시,밀양대로 1776,35.4841134,128.7522748
오토카밋션,경상남도,밀양시,삼문동 398-26,35.4907914,128.745616
대성자동차정비,경상남도,밀양시,하남읍 수산중앙로 66,35.3747542,128.7125118
서광카경정비,경상남도,밀양시,중앙로 466(내이동),35.5003932,128.7450835
전진밋션부분정비,경상남도,밀양시,중앙로 491,35.5007687,128.7421344
초동카써비스,경상남도,밀양시,초동면 초동로 74,35.422188,128.6686022
쌍용카센타,경상남도,밀양시,밀성로 7(내이동),35.5022699,128.7498964
예림카써비스,경상남도,밀양시,상남면 밀양대로 1515,35.4664984,128.7595594
영진카서비스,경상남도,밀양시,삼랑진읍 천태로 181-1,35.4006796,128.8541918
영진카인테리어,경상남도,밀양시,시청로 64(내이동),35.5047725,128.7408698
우리카서비스,경상남도,밀양시,내이1길 26,35.4963806,128.7463909
기아자동차카클리닉삼문점,경상남도,밀양시,삼문중앙로4길 8,35.4833563,128.7542796
기산카,경상남도,밀양시,상남면 상남로 1129-1,35.4568104,128.7512848
홍일카,경상남도,밀양시,중앙로 486,35.5009437,128.7426061
송백카써비스,경상남도,밀양시,산내면 송백1길 6-18,35.5852015,128.8803113
철수카마스타,경상남도,밀양시,시청로 29,35.5044457,128.744235
인교카정비공업사,경상남도,밀양시,무안면 사명로 6,35.4263927,128.6503261
강남카부분정비,경상남도,밀양시,무안면 문화중앙길 9,35.4668932,128.6501214
한국지엠밀양바로서비스,경상남도,밀양시,삼문중앙로4길 18-3(삼문동),35.4822152,128.7549995
모든카클리닉,경상남도,밀양시,밀양대로 1815(삼문동),35.4866754,128.7489408
영신카랜드,경상남도,밀양시,내이동 1185-6,35.4987334,128.7452038
삼산카서비스,경상남도,밀양시,하남읍 수산리 673-1,35.3778916,128.7014614
금강정비,경상남도,밀양시,시청서길 2(내이동),35.5026826,128.7450702
케이지모빌리티 밀양서비스프라자,경상남도,밀양시,미리벌로 32(삼문동),35.4815553,128.749192
카젠가곡점,경상남도,밀양시,중앙로 145(가곡동),35.4783021,128.7636859
한국타이어밀양점,경상남도,밀양시,상남면 밀양대로 1514,35.4661585,128.7599004
한마카세차장,경상남도,밀양시,백민로 89-2,35.5005838,128.7457524
동양카,경상남도,밀양시,북성로5길 21,35.500573,128.748757
애니카랜드밀양점,경상남도,밀양시,백민로9길 15(내이동),35.5020414,128.7474557
티스테이션,경상남도,밀양시,밀양대로 1750(삼문동),35.4823004,128.7536168
쌍마정비공업사,경상남도,밀양시,삼문안길 7-2,35.4854179,128.7518703
한일자동차정비(주),경상남도,밀양시,부북면 사포로 107,35.4716699,128.7421211
1급밀성자동차정비공업사,경상남도,밀양시,부북로 6,35.509313,128.7312772
성진정비공업사,경상남도,밀양시,부북면 사포공단2길 14,35.4709679,128.7417292
현대정비공업사,경상남도,밀양시,부북면 춘화로 31,35.5079438,128.7452157
(주)대성특장,경상남도,밀양시,삼랑진읍 천태로 435,35.4096231,128.8768953
주식회사 대진,경상남도,밀양시,부북면 사포산단중앙로 27,35.4700987,128.7381841
밀양자동차정비공업사,경상남도,밀양시,석정로 110(교동),35.4994778,128.7523097
블루모터스1급종합정비,경상남도,밀양시,부북면 사포공단1길 7,35.4714158,128.7449535
영진특장1급자동차정비,경상남도,밀양시,부북면 사포산단중앙로 131,35.4624473,128.7322572
1급 미르자동차정비,경상남도,밀양시,상남면 상남로 1116,35.4559459,128.7532682
서진종합정비공업사,경상남도,밀양시,상남면 상남로 1118-14,35.4563366,128.7534578
덕성자동차종합정비,경상남도,밀양시,부북면 사포로 57,35.4735341,128.7479565
사포정비공업사,경상남도,밀양시,부북면 사포로 8,35.4749869,128.7530521
한국자동차정비,경상남도,밀양시,백민로10길 23(내이동),35.5012043,128.7429533
남밀양정비공업사,경상남도,밀양시,상남면 상남로 1006,35.4461783,128.7554815
현대자동차내이점,경상남도,밀양시,시청서길 21(내이동),35.5020967,128.743209
중앙카써비스,경상남도,밀양시,새미리벌로 49,35.4829334,128.7459686
영남종합카써비스,경상남도,밀양시,범북1길 61,35.51223,128.7615114
동광카써비스,경상남도,밀양시,상남면 상남로 568,35.4129596,128.7749643
쌍마카부분정비,경상남도,밀양시,삼문중앙로 1,35.483484,128.7528303
타이어프로 밀양가곡점,경상남도,밀양시,중앙로 164(가곡동),35.4799876,128.7628749
르노코리아자동차서비스코너밀양점,경상남도,밀양시,밀양대로 1723(삼문동),35.4800858,128.7545897
경북카서비스,경상남도,밀양시,밀양대로 2158(교동),35.5064973,128.7572488
대우카부분정비,경상남도,밀양시,밀양대로 1938,35.4965829,128.7436555
천일밧데리,경상남도,밀양시,석정로 102-1,35.4988021,128.7519002
무안카써비스,경상남도,밀양시,무안면 사명로 478,35.4673309,128.6510575
삼성카타운,경상남도,밀양시,석정로 98(내이동),35.4983187,128.7518274
온누리부분정비,경상남도,밀양시,밀양대로 1743,35.4814253,128.7536239
삼호카써비스,경상남도,밀양시,삼랑진읍 삼랑진로 135,35.3899988,128.83316
세계카부분정비공업사,전라남도,함평군,대동면 학동로 494,35.067656,126.531117
르노삼성자동차지정정비코너함평점(환경카센터),전라남도,함평군,함평읍 영수길 349,35.0676609,126.5282684
쌍용자동차 함평서비스프라자,전라남도,함평군,함평읍 함장로 1202-9,35.0586188,126.5270688
광주부분정비공업사,전라남도,함평군,함평읍 남일길 343,35.0836154,126.5010852
월야카센터,전라남도,함평군,월야면 밀재로 1542,35.1788606,126.6303741
웅신모터스,전라남도,함평군,해보면 해삼로 346,35.1795075,126.6051716
종합모터스,전라남도,함평군,엄다면 곤재로 514,35.0154548,126.5170383
타이어천지,전라남도,함평군,함평읍 함장로 1175,35.0604439,126.5232232
드림모터스,전라남도,함평군,함평읍 영수길 333,35.0671722,126.5274702
안전자동차공업사,전라남도,함평군,함평읍 함장로 1202-35,35.0567116,126.5275929
함평제일자동차공업사,전라남도,함평군,함평읍 함평천좌길 12,35.0606556,126.5267248
(유)광목,전라남도,함평군,학교면 영산로 3753,35.034681,126.5586766
(유)문장자동차공업사,전라남도,함평군,해보면 해삼로 392-9,35.1842997,126.6058911
함평현대서비스,전라남도,함평군,대동면 학동로 404,35.0614463,126.53776
광성정비,전라남도,함평군,함평읍 함장로 1202-22,35.0577983,126.5265494
기성카써비스3급공업사,전라남도,함평군,해보면 밀재로 1308,35.1801362,126.606306
토탈카센타,전라남도,함평군,함평읍 광남길 69-18,35.0644914,126.5198173
두리모터스,전라남도,함평군,학교면 함영로 532,35.0249035,126.5323383
진산카센타,전라남도,함평군,함평읍 영수길 333,35.0671722,126.5274702
매일카센타,전라남도,함평군,학교면 함영로 483,35.0204111,126.5335298
한국카맨샵,전라남도,함평군,월야면 밀재로 1488,35.1791015,126.6246614
손불3급공업사,전라남도,함평군,손불면 손무로 765-8,35.1421188,126.4303166
믿음정비센타,전라남도,함평군,대동면 학동로 497,35.0676617,126.5305354
나비카센타,전라남도,함평군,함평읍 함영로 1379,35.0868206,126.4974685
진양카모터스,전라남도,함평군,대동면 함장로 1202-87,35.0528544,126.5305635
문장카센타,전라남도,함평군,해보면 밀재로 1259,35.1818034,126.601486
부산밧데리,경상북도,울진군,후포면 후포삼율로 200,36.6876459,129.4422995
평해카센타,경상북도,울진군,평해읍 평오곡길 1,36.7283622,129.4452054
삼성밧데리,경상북도,울진군,후포면 후포삼율로 112,36.6797531,129.4422183
현대카센타,경상북도,울진군,죽변면 죽변북로 55,37.0636055,129.4191916
대도카종합센타,경상북도,울진군,북면 울진북로 2088,37.1028005,129.3739039
죽변점현대자동차,경상북도,울진군,죽변면 울진북로 1552,37.0743654,129.4013721
서울카서비스,경상북도,울진군,북면 흥부길 2-6,37.1005885,129.3650436
매화카센타,경상북도,울진군,매화면 매화로 476,36.9122386,129.3793828
남선자동차백화점,경상북도,울진군,울진읍 울진중앙로 63-3,36.9877656,129.398247
삼일공업사,경상북도,울진군,울진읍 울진북로 636,37.0034168,129.4011092
온정카수리센타,경상북도,울진군,온정면 백암온천로 1403,36.7187297,129.3562406
영남카인테리어,경상북도,울진군,울진읍 울진중앙로 45,36.9863115,129.3976051
용일카,경상북도,울진군,울진읍 울진북로 622,37.0022697,129.4008584
제일자동차정비,경상북도,울진군,울진읍 명도1길 6,37.0080739,129.3996555
금호경정비공업사,경상북도,울진군,후포면 후포삼율로 178,36.6856382,129.4421955
영호카정비,경상북도,울진군,울진읍 토일1길 70-2,36.9778994,129.3955021
월변카센타,경상북도,울진군,울진읍 울진중앙로 66-1,36.9879667,129.3990469
태환카센타,경상북도,울진군,울진읍 월변8길 1,36.9852576,129.3975715
삼공세차장,경상북도,울진군,후포면 후포삼율로 167,36.6848395,129.4417263
정승카정비,경상북도,울진군,울진읍 울진중앙로 58,36.9874175,129.3984448
중앙카센타,경상북도,울진군,울진읍 토일1길 69,36.9782989,129.395429
울진농협죽변지소,경상북도,울진군,죽변면 하죽로 1801,37.0553759,129.4077224
대성카센타,경상북도,울진군,후포면 후포삼율로 105,36.6796315,129.4415289
현대자동차(후포점),경상북도,울진군,후포면 후포삼율로 199,36.6877278,129.4415217
애니카랜드,경상북도,울진군,울진읍 읍내8길 8,36.9945243,129.4016874
제일부분정비,경상북도,울진군,후포면 후포삼율로 174,36.6855162,129.442561
백암카센타,경상북도,울진군,온정면 온정로 1280-1,36.7194587,129.3495945
울진정비,경상북도,울진군,울진읍 울진북로 659,37.0054485,129.3997431
백만정비,경상북도,울진군,울진읍 토일1길 138,36.9801456,129.3953697
동경정비,경상북도,울진군,평해읍 동해대로 723,36.704909,129.4426367
한미1급종합정비,경상북도,울진군,평해읍 학곡7길 18,36.7067972,129.441504
대원정비,경상북도,울진군,울진읍 토일2길 14,36.9809302,129.3952138
동일정비,경상북도,울진군,북면 울진북로 1834,37.081852,129.3742179
북대구정비,경상북도,울진군,죽변면 매정길 128,37.0703006,129.3962124
동성공업사,경상북도,울진군,평해읍 동해대로 720-8,36.7033005,129.4434609
울진남부현대자동차,경상북도,울진군,울진읍 토일1길 70-17,36.9784553,129.3958921
영광자동차부분정비,경상북도,울진군,평해읍 월송길 167,36.7403083,129.4606856
기성김기사 카센타,경상북도,울진군,기성면 기성로 683,36.800095,129.4527916
쌍용서비스프라자울진코너,경상북도,울진군,울진읍 토일1길 70-2,36.9778994,129.3955021
금호타이어울진대리점,경상북도,울진군,울진읍 토일1길 138,36.9801456,129.3953697
선경자동차정비 공업사,경상북도,울진군,죽변면 죽변북로 140,37.0669306,129.4115525
대용카클리닉,경상북도,울진군,죽변면 죽변북로 56,37.0640642,129.4196554
금성카클리닉,경상북도,울진군,후포면 삼덕로 4,36.6776815,129.4403883
부구카센타,경상북도,울진군,북면 흥부길 27-13,37.1012314,129.3614063
울진카인테리어,경상북도,울진군,근남면 울진북로 239,36.970528,129.3989235
지엠대우울진바로정비코너,경상북도,울진군,울진읍 울진북로 496-8,36.9931478,129.394153
애니카랜드 울진점,경상북도,울진군,울진읍 울진북로 814-118,37.0125462,129.4107916
서면카센타,경상북도,울진군,금강송면 불영계곡로 1682,36.9339752,129.2460567
르노삼성자동차정비코너울진북면점,경상북도,울진군,북면 울진북로 2035,37.0985418,129.3709121
기아오토큐죽변점,경상북도,울진군,죽변면 죽변북로 123,37.0654763,129.4118993
우리자동차정비,경상북도,울진군,북면 울진북로 2078,37.1019795,129.3731461
대원카센터,경상북도,울진군,후포면 후포삼율로 260,36.6930256,129.4432145
명진카센타,경상북도,울진군,울진읍 새마실3길 58,37.0025231,129.4013049
MIDAS MOTORS,경상북도,울진군,후포면 후포삼율로 54,36.6750521,129.4398952
JS MOTOR,경상북도,울진군,죽변면 후정2길 20-3,37.0660011,129.4162171
하나모터스,경상북도,울진군,죽변면 죽변북로 112,37.0652719,129.4135913
엠에스모터스,경상북도,울진군,죽변면 죽변북로 169,37.0687213,129.409375
범이모터스,경상북도,울진군,죽변면 매정길127-55,37.0697035,129.3934089
나정비,경상북도,울진군,울진읍 울진북로 745-15,37.0131526,129.4012888
무진장공업사,전라북도,진안군,진안읍 전진로 3165-3,35.7820436,127.4072648
진안현대모터스,전라북도,진안군,진안읍 개실길 31,35.7842053,127.4070288
안천공업사,전라북도,진안군,안천면 진무로 3023,35.8990319,127.5548334
쉐보레 진안바로 서비스,전라북도,진안군,진안읍 진장로 59,35.7925156,127.4376926
진안타이어 전문점,전라북도,진안군,진안읍 진장로 37,35.7928649,127.4352242
진흥공업사,전라북도,진안군,진안읍 진장로 8-1,35.7920313,127.4321177
진안종합카센타,전라북도,진안군,진안읍 진장로 21-1,35.7928264,127.4336691
마이세차경정비,전라북도,진안군,진안읍 진무로 1022,35.7872769,127.4235211
부귀카센타,전라북도,진안군,부귀면 전진로 1694,35.8550976,127.3280879
우리카크리닉,전라북도,진안군,진안읍 대광길 6,35.7889415,127.4218875
현대카클리닉진안점,전라북도,진안군,진안읍 대광3길 25-12,35.7859307,127.4217226
쌍용자동차진안서비스프라자,전라북도,진안군,진안읍 진무로 833-6,35.7737236,127.4311988
진안카센타,전라북도,진안군,진안읍 진무로 1173,35.7960364,127.4341546
진안점 기아오토큐,전라북도,진안군,진안읍 우화4길 17,35.792181,127.4328792
애니카랜드 진안점,전라북도,진안군,진안읍 진무로 979,35.7837914,127.423411
한진자동차정비,전라북도,군산시,개정면 모갱이1길 108,35.9841943,126.7688242
동서종합자동차공업사,전라북도,군산시,개정면 우산길 32,35.9478351,126.7998428
(유)동서공업사,전라북도,군산시,번영로 110,35.9686302,126.7318376
만도카센타,전라남도,강진군,강진읍 보은로 197,34.641318,126.7784967
원진자동차정비공업사,전라남도,강진군,강진읍 보은로2길 2,34.6373387,126.77194
강진현대공업사,전라남도,강진군,강진읍 보은로 199,34.6412462,126.7788516
남선자동차정비공업사,전라남도,강진군,성전면 송계로 864,34.6891583,126.7122881
다솜자동차공업사,전라남도,강진군,강진읍 중앙로 9,34.6332395,126.7611522
청자골자동차공업사,전라남도,강진군,강진읍 보은로 102,34.6358712,126.7702659
강진점현대자동차,전라남도,강진군,강진읍 금릉2길 2,34.6341407,126.767361
그린자동차공업사,전라남도,강진군,군동면 까치내로 4,34.64367,126.7888922
월드 자동차 부분정비,전라남도,강진군,강진읍 보은로 106,34.6361292,126.7708433
금릉카센터,전라남도,강진군,칠량면 청자로 747,34.5828509,126.7962718
똑똑카센터,전라남도,강진군,작천면 까치내로 890,34.7076379,126.7697089
희망자동차공업사,전라남도,강진군,강진읍 금릉4길 1,34.6354206,126.7694625
강진공업사,전라남도,강진군,강진읍 해강로 1404,34.6294475,126.7574752
(유)명성공업사,전라남도,강진군,강진읍 강진공단길 20-5,34.6323306,126.7576892
대성자동차정비공업사,전라남도,강진군,강진읍 강진공단길 40,34.6336034,126.7563824
금호타이어신강진대리점,전라남도,강진군,강진읍 중앙로 17,34.6337742,126.7616506
마량1급자동차공업사,전라남도,강진군,마량면 청자로 2320,34.4608884,126.8143461
평화자동차공업사,전라남도,강진군,강진읍 보은로 155,34.6392438,126.7751311
중앙자동차정비공업사,전라남도,강진군,강진읍 해강로 1390,34.6286257,126.7559571
대산카센타,전라남도,강진군,강진읍 삼일로 6,34.6343533,126.7661362
쌍용자동차서비스프라자,전라남도,강진군,강진읍 중앙로 18,34.6332805,126.7621327
오토박스부분정비,전라남도,강진군,강진읍 영랑로 17,34.6373437,126.7689329
거성공업사,전라남도,강진군,성전면 송계로 819,34.68548,126.7142456
진흥자동차공업사,전라남도,강진군,강진읍 보은로 163,34.6394091,126.7756496
성전카공업사,전라남도,강진군,성전면 송계로 768-18,34.6839825,126.7174282
호남자동차공업사,전라남도,강진군,도암면 도암중앙로 10,34.5408302,126.7280016
대림자동차공업사,전라남도,강진군,강진읍 보은로 59,34.6341588,126.7663706
신전사,전라북도,정읍시,문학길 2(연지동),35.5689976,126.8445708
무진카센타,전라북도,정읍시,충정로 610(용계동),35.5866835,126.8217325
대영자동차정비공업사,전라북도,정읍시,명륜길 11-6(수성동),35.5702021,126.8498785
차사랑공업사,전라북도,정읍시,서부산업도로 373(연지동),35.5803036,126.8480392
북면카자동차공업사,전라북도,정읍시,북면 정읍북로 540,35.6070188,126.8899761
정읍휴게소정비공업사,전라북도,정읍시,북면 하북1길 227-23,35.6007297,126.8648272
반도자동차유리,전라북도,정읍시,서부산업도로 354(연지동),35.5786551,126.8470906
태인자동차공업사,전라북도,정읍시,태인면 청학길 23-5,35.6586284,126.9337343
탱크카공업사,전라북도,정읍시,수성5로 47(수성동),35.5839755,126.8607499
K DIESEL J.S Motors,전라북도,정읍시,서부산업도로 260(연지동),35.5718955,126.8408951
믿음자동차공업사,전라북도,정읍시,신태인읍 인교2길 1,35.6836485,126.8875305
777타이어백화점,전라북도,정읍시,서부산업도로 358(연지동),35.5790496,126.8474183
대형타이어 할인마트,전라북도,정읍시,벚꽃로 98,35.5793077,126.8385399
스피드카센타,전라북도,정읍시,충정로 41-5(상동),35.5577332,126.8704281
칠보중앙카센타,전라북도,정읍시,칠보면 칠보중앙로 85,35.6035013,126.9917298
GS넥스테이션㈜ 오토오아시스,전라북도,정읍시,벚꽃로 85,35.579346,126.8398122
드림카서비스,전라북도,정읍시,정읍남로 1347(시기동),35.5595103,126.8497918
박주수 타이어,전라북도,정읍시,벚꽃로 94(농소동),35.5797749,126.8388467
정주카밧데리,전라북도,정읍시,벚꽃로 142(농소동),35.575932,126.8359823
그린카,전라북도,정읍시,샘골로 95-1(수성동),35.5785219,126.8558415
카메이트,전라북도,정읍시,벚꽃로 308(시기동),35.5666308,126.8477487
씽씽카공업사,전라북도,정읍시,관통로 68-2(시기동),35.5615502,126.8578413
금호카서비스센타,전라북도,정읍시,북면 정읍북로 235,35.5836561,126.8756584
태인점현대자동차,전라북도,정읍시,태인면 정읍북로 1203,35.6506618,126.9340176
영산카센타,전라북도,정읍시,정신로 57(하북동),35.5980536,126.8660563
애니카랜드 연지점,전라북도,정읍시,서부로 57(연지동),35.5729561,126.8470913
정일타이어카센타,전라북도,정읍시,영원로 74(용계동),35.5889492,126.8109735
진성자동차,전라북도,정읍시,우암로 69-3(장명동),35.5667727,126.8584778
제일자동차정비공업사,전라북도,정읍시,충정로 589(용계동),35.5856818,126.8238334
한솔자동차정비공업사,전라북도,정읍시,명덕2길 12(연지동),35.5787516,126.8479912
칠보대광자동차정비공업사,전라북도,정읍시,칠보면 산외로 3,35.5976522,127.0037623
사랑카공업사,전라북도,정읍시,수성택지5길 49(수성동),35.5817889,126.8523582
제화자동차정비공업사,전라북도,정읍시,입암면 정읍남로 788,35.5261042,126.8087662
대동카모터라이즈,전라북도,정읍시,충정로 131-1(상동),35.5646472,126.8649866
신태인카공업사,전라북도,정읍시,신태인읍 석지로 815,35.6938098,126.8917294
내장자동차공업사,전라북도,정읍시,내장산로 311(부전동),35.5322555,126.8926471
부부카공업사,전라북도,정읍시,충정로 38(상동),35.5576468,126.8712681
명장카공업사,전라북도,정읍시,충정로 134,35.5649604,126.8653496
공단자동차공업사,전라북도,정읍시,서부산업도로 390(농소동),35.5813806,126.8497608
동성자동차공업사,전라북도,정읍시,충정로 74-16(상동),35.5606284,126.8694206
팔팔밧데리,전라북도,정읍시,서부산업도로 217(상평동),35.5691612,126.8376847
한국타이어정읍상사,전라북도,정읍시,서부로 2(연지동),35.5687128,126.8444409
으뜸카센타,전라북도,정읍시,고부면 영주로 536-1,35.619262,126.7728334
스마일카크리닉,전라북도,정읍시,학산로 89-6(상동),35.5599538,126.8742302
신영카센타,전라북도,정읍시,천변로 8-12(연지동),35.5744442,126.8339704
동화카센타,전라북도,정읍시,서성길 8-1(수성동),35.5705149,126.8507181
광주밧데리카센타,전라북도,정읍시,서부산업도로 465-6,35.5864944,126.8549158
(유)북면공업사,전라북도,정읍시,북면 외야길 6,35.6069774,126.8886417
현대카테크,전라북도,정읍시,서부산업도로 279(연지동),35.5735705,126.8419032
원풍타이어,전라북도,정읍시,벚꽃로 184-4,35.5725473,126.836452
한교무역(한교카공업사),전라북도,정읍시,북면 정읍북로 580,35.6098748,126.8923988
현대자동차부분정비수성점,전라북도,정읍시,남북로 61(수성동),35.5703499,126.85234
현대밧데리,전라북도,정읍시,충정로 187(장명동),35.5669493,126.859848
안전카센타,전라북도,정읍시,중앙로 224,35.5623137,126.8618095
장명자동차공업사,전라북도,정읍시,우암로 86(장명동),35.5663531,126.8604027
호태카센타,전라북도,정읍시,천변로 276(시기동),35.5591986,126.8571829
유성카공업사,전라북도,정읍시,충정로 562(용계동),35.5848957,126.8267962
행운카농기,전라북도,정읍시,신태인읍 평화3길 78,35.6906468,126.8832768
정주카센타,전라북도,정읍시,서부산업도로 492(수성동),35.5870942,126.8580359
(유)1급전북자동차정비공업사,전라북도,정읍시,서부산업도로 595(하북동),35.5924946,126.8665702
쌍용자동차 정읍서비스프라자,전라북도,정읍시,벚꽃로 23(농소동),35.5846602,126.8435373
시기점 기아오토큐,전라북도,정읍시,관통로 46(시기동),35.5629644,126.8590636
영길카공업사,전라북도,정읍시,태인면 정읍북로 1214,35.650519,126.9348833
카고자동차정비공업사,전라북도,정읍시,동학로 11,35.58639,126.8256829
농소점기아오토큐,전라북도,정읍시,명덕1길 85(농소동),35.582669,126.8521801
정진카크리닉,전라북도,정읍시,서부로 51,35.5726078,126.8467858
마이카정비공업사,전라북도,정읍시,수성로 2(수성동),35.5787992,126.8526375
(유)신성자동차공업사,전라북도,정읍시,충정로 501(공평동),35.5813835,126.8321957
서부자동차공업사,전라북도,정읍시,소성면 소성상평로 10,35.5564068,126.7817501
타이어백화점,전라북도,정읍시,벚꽃로 98(농소동),35.5793077,126.8385399
대성자동차공업사,전라북도,정읍시,영원로 42(용계동),35.5884693,126.8143248
하이카센타,전라북도,정읍시,초산로 92(수성동),35.5667549,126.8558768
르노삼성자동차 지정정비코너 정읍점,전라북도,정읍시,서부로 19,35.5702274,126.8449916
현대자동차신태인점,전라북도,정읍시,신태인읍 신태인중앙로 61,35.6897193,126.8917743
베스트자동차공업사,전라북도,정읍시,관통로 44,35.5630608,126.8592065
안성카정비공업사,전라북도,정읍시,서부산업도로 347-6(연지동),35.5787694,126.8460498
OK종합자동차공업사,전라북도,정읍시,북면 서부산업도로 706,35.5984151,126.8771392
현대자동차부분정비농소점,전라북도,정읍시,명덕1길 87,35.5828036,126.8524288
차사랑카서비스,전라북도,정읍시,수성로 6,35.5788765,126.8527308
현대모터스,전라북도,정읍시,샘골로 112(수성동),35.5793362,126.8572583
한국지엠정읍바로서비스,전라북도,정읍시,수성1로 46-12(수성동),35.5777065,126.8518631
열린종합자동차정비,전라북도,정읍시,신태인읍 호남철로 58,35.6964082,126.8840478
수정카센타,전라북도,진안군,진안읍 진무로 1008,35.7860226,127.4229085
주천종합카센타,전라북도,진안군,주천면 동상주천로 2243,35.9766699,127.4280788
바른 정비,전라북도,진안군,진안읍 진무로 867,35.7756516,127.4304699
우리3급부분정비,전라남도,나주시,영나로 2444-23(용산동),34.9949011,126.7236425
우수로밧데리,전라남도,나주시,봉황면 죽석리 2-2,34.962734,126.7999059
우정자동차종합정비,전라남도,나주시,다시면 동옥선로 25,35.0242884,126.6340364
원형 자동차공업사,전라남도,나주시,남평읍 등수평야길 250,35.030041,126.8313406
월광카센타,전라남도,나주시,다시면 월태리 92-6,35.0156169,126.6496696
일급혁신자동차주식회사,전라남도,나주시,남평읍 교원교촌길 22-3,35.0352224,126.8381715
(주)지상모터스,전라남도,나주시,노안면 학산리 949-7,35.0590708,126.7446362
전남자동차공업사,전라남도,나주시,영산포로 162(이창동),34.9960968,126.7085794
전일부분정비공업사,전라남도,나주시,문평면 옥당리 1289-8,35.02527,126.6211116
정비나라,전라남도,나주시,빛가람동 442-3,35.0143328,126.7724351
제일카써비스,전라남도,나주시,예향로 4186(송월동),35.026774,126.7120225
조박사자동차공업사,전라남도,나주시,이창동 759-7,34.9926292,126.7094911
주식회사 덕승1급자동차공업사,전라남도,나주시,청동길 126(청동),35.0435833,126.7326082
죽동부분정비공업사,전라남도,나주시,세지면 송제리 664-15,34.9344703,126.7115176
케이모터스,전라남도,나주시,금천면 오강리 518-2,35.0309176,126.7448325
부형자동차공업사,전라남도,나주시,노안면 노안삼도로 359,35.0769209,126.7028064
빛가람점 현대자동차 블루핸즈,전라남도,나주시,석전2길 42(빛가람동),35.0236207,126.777388
산포종합카센타,전라남도,나주시,산포면 등정리 850-5,35.0432525,126.8192408
산포카세차장,전라남도,나주시,산포면 산남로 59,35.0429281,126.8201916
삼영자동차공업사,전라남도,나주시,삼영동325-7,35.0032203,126.704686
세명3급자동차공업사,전라남도,나주시,동강면 진천길 2,34.9375456,126.5723214
(주)나주교통,전라남도,나주시,왕곡면 영산포로 30-9,34.986137,126.7058
송월점 기아오토큐,전라남도,나주시,예향로 4190(송월동),35.0270066,126.7117136
수현카,전라남도,나주시,황동1길 34(빛가람동),35.013896,126.7717994
스피드메이트 나주빛가람점,전라남도,나주시,우정로 161(빛가람동),35.026211,126.7968091
스피드메이트 나주점,전라남도,나주시,남고문로 21(송월동),35.0281909,126.713484
스피드카,전라남도,나주시,재신길 6-6(송월동),35.0222172,126.714993
승원하이테크,전라남도,나주시,남고문로 11(경현동),35.027782,126.7121937
안전카 크리닉,전라남도,나주시,이창동 729-7,34.9944309,126.7070969
알3모터스,전라남도,나주시,금천면 영산로 5851,35.035184,126.7679431
양산자동차서비스,전라남도,나주시,왕곡면 양산리 33-22,34.971592,126.7059606
영산포자동차공업사,전라남도,나주시,삼영1길 23(삼영동),35.0031339,126.7054608
(주)더베스트파트너,전라남도,나주시,빛가람동 66-3,35.0297664,126.7969096
영평카세차장써비스,전라남도,나주시,남평읍 대교리 182,35.0428432,126.8428506
영훈카센타,전라남도,나주시,죽림동 32,35.0332277,126.7245847
왕개미 카센타,전라남도,나주시,건재로 12(산정동),35.036534,126.7137479
왕펑크카부분정비,전라남도,나주시,건재로 251(청동),35.051843,126.7280166
한성카센타,전라북도,정읍시,신태인읍 감곡로 3,35.6936663,126.892463
애니카랜드 수성점,전라북도,정읍시,수성택지1길 59,35.5768089,126.8541101
현대자동차정비시기점,전라북도,정읍시,정읍남로 1441-41(시기동),35.5582554,126.8591229
오토카그린세차장,전라북도,정읍시,태인면 정읍북로 1295,35.6542312,126.9427024
현대공업사,전라북도,정읍시,서부산업도로 139(상평동),35.5622101,126.8344326
월드자동차병원,전라북도,정읍시,샘골로 81-1(수성동),35.5775957,126.8548944
도영카써비스,전라북도,정읍시,입석길 43(상동),35.5622581,126.8626952
유성자동차공업사,전라북도,정읍시,충정로 562(용계동),35.5848957,126.8267962
하나로카서비스,전라북도,정읍시,남북로 55(수성동),35.5699245,126.8519238
정읍오토카정비,전라북도,정읍시,충정로 447(농소동),35.5801286,126.8380173
(유)정읍자동차공업사,전라북도,정읍시,명덕로 59-4(연지동),35.5763085,126.8455988
T-station 수성점,전라북도,정읍시,샘골로 171(수성동),35.5839022,126.8608943
호남카센타,전라북도,정읍시,태인면 석지로 1337,35.6616021,126.9300446
광명카센타,전라북도,정읍시,칠보면 칠보2길 11,35.6040028,126.9933716
타이어마스타,전라북도,정읍시,서부산업도로 347,35.57842,126.8461883
정읍카공업사,전라북도,정읍시,중앙1길 22,35.5693611,126.8498579
정읍중앙카센타,전라북도,정읍시,샘골로 139(수성동),35.5817151,126.8588266
스피드메이트,전라북도,정읍시,수성3로 35-2(수성동),35.5833386,126.8575518
우성자동차공업사,전라북도,정읍시,북면 정읍북로 255,35.5854118,126.8767824
이용섭 카맨샵,전라북도,정읍시,정읍남로 1395(시기동),35.5585474,126.8548616
일광공업사,전라북도,정읍시,황토현로 997(망제동),35.6054015,126.8412962
천일자동차공업사,전라북도,정읍시,용북길 119(구룡동),35.5786437,126.8850595
차웅오토,전라북도,정읍시,수성1로 47(수성동),35.5784942,126.8530304
현대하이카프라자,전라북도,정읍시,황토현로 1003(망제동),35.6051843,126.8414217
타이어타운타이어k,전라북도,정읍시,서부산업도로 213(상평동),35.5688296,126.8374511
신속카센터,전라북도,정읍시,정읍남로 1200,35.5521137,126.83699
타이어 메카닉,전라북도,정읍시,상사3길 52,35.5620805,126.8660728
서울밧데리,전라북도,정읍시,서부산업도로 470(수성동),35.5860436,126.8558787
내장카타이어,전라북도,정읍시,벚꽃로 184-13(연지동),35.5721839,126.8365539
유달회카클리닉,전라북도,정읍시,명덕1길 50(수성동),35.5800512,126.8505073
정읍자동차보링공업사,전라북도,정읍시,2산단1길 67(하북동),35.5964862,126.865588
스마트카프라자,전라북도,정읍시,샘골로 103(수성동),35.5790396,126.8562038
한국지엠정읍지정서비스,전라북도,정읍시,상동중앙로 72(상동),35.5625711,126.8698698
김현철모터스,전라북도,정읍시,서부산업도로 431(농소동),35.5841104,126.8524187
호남마스타카,전라북도,정읍시,수성3로 39-4(수성동),35.583161,126.8579931
신성대형카,전라북도,정읍시,충정로 501(공평동),35.5813835,126.8321957
땡큐자동차공업사,전라북도,정읍시,수성6로 1(수성동),35.5873357,126.8583586
수성카닥터,전라북도,정읍시,수성로 87(수성동),35.5850373,126.8579569
썬대형정비,전라북도,정읍시,황토현로 1245-8(농소동),35.583728,126.8465076
준타이어,전라북도,정읍시,충정로 253-3,35.569858,126.8538027
1급 태인자동차공업사,전라북도,정읍시,태인면 석지로 1343-4,35.6613395,126.9306884
선정카모터스,전라북도,정읍시,충정로 619(용계동),35.5861895,126.8208427
넘버원카서비스,전라북도,정읍시,우암로 76(장명동),35.5664947,126.8592914
푸른카닥터,전라북도,정읍시,상신경2길 7(상동),35.5586428,126.8708358
덕원자동차공업사,전라북도,정읍시,황토현로 1213-10(농소동),35.5869453,126.8455436
타이어 체인지,전라북도,정읍시,수성택지3길 27,35.5786867,126.8569026
타이어365,전라북도,정읍시,수성택지1길 61-1(수성동),35.5769254,126.8542756
첨단자동차 정비센터,전라북도,정읍시,황토현로 1245-8(농소동),35.583728,126.8465076
정우카공업사,전라북도,정읍시,정우면 정신로 545,35.6389073,126.8756605
한국오토미션,전라북도,정읍시,정읍남로 1447-14(시기동),35.5579436,126.8600302
북면카 공업사,전라북도,정읍시,북면 정읍북로 540,35.6070188,126.8899761
민정배터리 타이어,전라북도,정읍시,샘골로 81-1(수성동),35.5775957,126.8548944
GGM카프로,전라북도,정읍시,서부산업도로 358(연지동),35.5790496,126.8474183
동신카 타이어,전라북도,정읍시,2산단3길 7-7(하북동),35.5930528,126.8676082
대성자동차써비스㈜,전라남도,나주시,금천면 영산로 5678,35.0351892,126.7493163
대양자동차공업사,전라남도,나주시,세지면 예향로 3148,34.9394488,126.7124975
대인3급자동차공업사,전라남도,나주시,용산동 52-1,34.9948777,126.723697
대진카서비스,전라남도,나주시,금천면 오강리 276-6,35.030436,126.7528586
대하부분정비공업사,전라남도,나주시,예향로 3778(이창동),34.9923887,126.7105361
대한모터스,전라남도,나주시,금천면 빛가람로 467,35.0205752,126.7631654
대호점 현대자동차,전라남도,나주시,대호동 872-3,35.0409663,126.714606
(유)청동자동차공업사,전라남도,나주시,청동 234-7,35.0470365,126.7353426
대호타이어카센타,전라남도,나주시,남내동 77-16,35.0290472,126.7185294
동강카센타,전라남도,나주시,동강면 동강로 573,34.9355547,126.5639606
동곡카센터,전라남도,나주시,청동 234-61,35.0444832,126.7324263
동광자동차 정비,전라남도,나주시,남평읍 산남로 205,35.0462766,126.8356627
동신카클리닉,전라남도,나주시,삼영동 331-3,35.0027351,126.7028634
동아부분정비공업사,전라남도,나주시,남평읍 세남로 1640,35.0337786,126.8354971
동원모터스,전라남도,나주시,대호길 53(대호동),35.0406563,126.7178448
동원부분정비,전라남도,나주시,동강면 동강로 538,34.9327501,126.5629957
르노코리아자동차 서비스코너 나주점,전라남도,나주시,예향로 4126(송월동),35.0213541,126.7137342
미듬카센타,전라남도,나주시,나주로 83-4(송월동),35.0265775,126.7163727
(유)한국자동차서비스,전라남도,나주시,늦은맛재길 10(경현동),35.0274017,126.7100409
믿음카센타,전라남도,나주시,이창택지길 3(이창동),34.9939466,126.7062627
백제종합카센타,전라남도,나주시,세지면 오봉리 242-5,34.9210781,126.7485091
봉하카센타,전라남도,나주시,남평읍 대교리 197-2,35.0435451,126.842212
부영3급자동차정비,전라남도,나주시,삼영동 331,35.0031721,126.7030161
SJmotors,전라남도,나주시,나주로 89(남외동),35.0268814,126.7167234
강변카랜드,전라남도,나주시,남평읍 남평리 194-2,35.0471167,126.8389775
개미카부분정비,전라남도,나주시,경현동 218,35.0305294,126.7068842
(유)나주자동차공업사,전라남도,나주시,삼영1길 26-4(삼영동),35.003724,126.7046974
골든카크리닉,전라남도,나주시,남내동 65,35.0293488,126.7193207
공산부분정비공업사,전라남도,나주시,공산면 공산로 72,34.9419571,126.6135447
광이오토카독크,전라남도,나주시,남평읍 동촌로 30,35.0502769,126.8432417
광주카정비,전라남도,나주시,남평읍 대교리172-1,35.0426758,126.8424128
군계부분정비공업사,전라남도,나주시,세지면 송제리 802-15,34.9241148,126.7068812
그린카,전라남도,나주시,노안면 금동리 189-4,35.075059,126.7318075
그린카센타,전라남도,나주시,이창동 749-9,34.9950429,126.7111433
금오카,전라남도,나주시,금천면 오강리 285-28,35.0307663,126.7524011
금천자동차공업사,전라남도,나주시,금천면 원곡리 250-33,35.0357447,126.754115
금호 모터스,전라남도,나주시,왕곡면 예향로 3687,34.9867723,126.703602
(유)산포자동차공업사,전라남도,나주시,산포면 산포로 468-3,35.0398055,126.8045937
금호타이어 나주 송월점,전라남도,나주시,예향로 4101(송월동),35.0194113,126.7131317
기능장 모터스,전라남도,나주시,산포면 매성길 153,35.0277834,126.8045334
기아상회,전라남도,나주시,대호길 37(성북동),35.0392053,126.7177864
나주부분정비공업사,전라남도,나주시,성북동 140-8,35.035433,126.7209265
나주자동차헤드,전라남도,나주시,나주서부로 163(동수동),34.9813519,126.6874952
나주현대서비스주식회사,전라남도,나주시,금천면 영산로 5851,35.035184,126.7679431
남평점 기아오토큐,전라남도,나주시,남평읍 세남로 1771-22,35.0456271,126.8350186
남평카부분정비,전라남도,나주시,남평읍 지석로 63,35.0427053,126.8423219
노안 카 센터,전라남도,나주시,노안면 노안로 335,35.0751793,126.7312662
뉴 혁신카,전라남도,나주시,산포면 매성리 1180-20,35.0330678,126.8019115
(유)신원1급자동차공업사,전라남도,나주시,왕곡면 신원리 346-1,34.9556347,126.7062369
다시카센타,전라남도,나주시,다시면 영동리 422-2,35.0170622,126.6382131
대 명진 자동차정비 공업사,전라남도,나주시,봉황로 57(부덕동),34.9875297,126.7290691
대명공업사,전라남도,나주시,왕곡면 예향로 3631-10,34.9811133,126.7038998
태양카부분정비,전라남도,나주시,영산포로 158(이창동),34.995813,126.7083827
태찬카센터,전라남도,나주시,이창동 473-11,34.9962129,126.70823
프로3급자동차공업사,전라남도,나주시,남평읍 남평리 76,35.046829,126.8418504
하나카센터,전라남도,나주시,성북동 140-8,35.035433,126.7209265
한국지엠나주바로서비스,전라남도,나주시,예향로 4117(송월동),35.020578,126.7132333
한국타이어 나주대리점 카센타,전라남도,나주시,영산로 5338(교동),35.0351159,126.7124781
한국타이어영산포대리점,전라남도,나주시,왕곡면 장산리 400-3,34.9854773,126.7048118
한박사카센타,전라남도,나주시,동수동 4-4,34.9837832,126.6947871
(주)타이어모터스,전라남도,나주시,그린로 116(빛가람동),35.0119472,126.7796721
한성자동차(주) 대전중고차사업부,전라남도,나주시,산포면 매성리 292,35.0320091,126.8057852
해성자동차공업사,전라남도,나주시,남평읍 교원교촌길 32,35.0359075,126.8387771
현대3급부분정비공업사,전라남도,나주시,세지면 동창로 158,34.9224576,126.7477955
현대기아카서비스,전라남도,나주시,빛가람동 69-1,35.0292871,126.7953882
현대자동차(송월점),전라남도,나주시,송월동 832,35.0201455,126.7133113
현우카센터,전라남도,나주시,남고문로 38(금성동),35.0280283,126.7150578
형제공업사,전라남도,나주시,세지면 오봉리 727-25,34.9192863,126.7461673
형제카 인테리어,전라남도,나주시,남평읍 남평1로 4,35.0465313,126.8381288
형제타이어,전라남도,나주시,성북동 117-4,35.0350819,126.7236983
혜성특장,전라남도,나주시,노안면 노안로 313,35.0762256,126.7291458
(주)현대남부서비스,전라남도,나주시,산포면 산남로 66,35.0424425,126.8214575
화성자동차공업사,전라남도,나주시,왕곡면 예향로 3611,34.9799,126.7038658
화성카센터,전라남도,나주시,왕곡면 장산리 440,34.9795789,126.7040236
황제카밧데리,전라남도,나주시,성북동 117-1,35.0352188,126.7242555
흥국타이어,전라남도,나주시,건재로 330(석현동),35.0528465,126.7368673
힘찬 모터스,전라남도,나주시,이창동 32-2,34.9931693,126.7117057
세차의이유,전라남도,나주시,"문화로 216, 1층 132호(빛가람동)",35.0177883,126.7851801
3급나영정비공업사,전라남도,나주시,석현동 45-7,35.0538413,126.7392002
73 자동차 정비소,전라남도,나주시,봉황면 금봉로 635,34.9627778,126.7928204
G.H게라지 건형카센터,전라남도,나주시,황동3길 61(빛가람동),35.0126923,126.7745105
LG남부자동차정비,전라남도,나주시,왕곡면 장산리 400-7,34.9849029,126.7046982
(주)카럽,전라남도,나주시,예향로 4206(경현동),35.0281689,126.7107239
타이어명가 티스테이션 빛가람점,전라남도,나주시,빛가람동 511-3,35.0111056,126.7753317
타이어할인마트,전라남도,나주시,예향로 4182-1(송월동),35.0264712,126.7121857
이익헌카마스타,경상남도,양산시,남부동 465-4,35.3380214,129.0368092
일래성카,경상남도,양산시,덕계동 767-2,35.3684448,129.1469486
일원공업사,경상남도,양산시,용당동 566-5,35.4273866,129.1838387
일진자동차정비,경상남도,양산시,하북면 백록리 947,35.4630189,129.0805938
일진자동차정비,경상남도,양산시,하북면 백록리 947,35.4630189,129.0805938
임종규자동차정비,경상남도,양산시,삼호동 191-1,35.4136702,129.1775404
자일양산서비스㈜,경상남도,양산시,상북면 소토리 964-1,35.3889584,129.0531129
장성모터스(JSMOTORS),경상남도,양산시,덕계동 739-2,35.3715282,129.15045
전국부분정비공업사,경상남도,양산시,북부동 691-6,35.3481941,129.0391223
전국종합정비공업사,경상남도,양산시,상북면 소토리 664-1,35.3790403,129.0552018
전문화정비공업사,경상남도,양산시,북정동 236-1,35.3683402,129.0446129
전우양타이어,경상남도,양산시,하북면 순지리 132-10,35.4932948,129.0907541
정품카서비스,경상남도,양산시,삼호동 449-2,35.4194047,129.176396
제일카인테리어,경상남도,양산시,원동면 원리 627-8,35.3718552,128.9197989
조은카서비스,경상남도,양산시,삼호동 993-3,35.409691,129.1687444
종합카,경상남도,양산시,북정동 291-10,35.3603951,129.0444574
㈜금성자동차정비공업사,경상남도,양산시,북정동 253-21,35.3676565,129.0432588
주니카정비,경상남도,양산시,평산동 606-4,35.3821872,129.1435975
㈜동도특장차,경상남도,양산시,소주동 160,35.4112881,129.1583996
㈜동방종합정비공장,경상남도,양산시,물금읍 증산리 1416,35.3114999,129.0154139
㈜부산정비사업소,경상남도,양산시,동면 석산리 1420-2,35.3281045,129.0313422
㈜세원자동차정비,경상남도,양산시,북정동 97,35.3670387,129.0519252
주식회사 영남정비사업소,경상남도,양산시,교동 53-3,35.3549222,129.0306183
주식회사 제이엠케이,경상남도,양산시,용당동 1217-1,35.4355877,129.196313
주식회사르노코리아자동차지정정비센터양산스마트정비,경상남도,양산시,하북면 백록리 1256-4,35.4485049,129.0730263
㈜한진종합정비,경상남도,양산시,상북면 소토리 479-37,35.3780703,129.0480293
중부카센타,경상남도,양산시,중부동 603-10,35.3402451,129.0363953
진양1급종합정비,경상남도,양산시,주남동 89,35.4186162,129.161536
진일카,경상남도,양산시,상북면 석계리 238-1,35.4154547,129.0580517
차고치는남자,경상남도,양산시,상북면 석계리 299-6,35.4133187,129.0614827
차고치는집,경상남도,양산시,하북면 답곡리 708-1,35.4752302,129.0875385
참조은자동차정비공업사,경상남도,양산시,북부동 693-5,35.3500296,129.0397581
참참자동차수리집,경상남도,양산시,북정동 561-19,35.3591584,129.0486012
천일정기화물자동차㈜1급정비공장,경상남도,양산시,덕계동 419,35.3735567,129.1559258
천일카닥터,경상남도,양산시,남부동 459-2,35.3396255,129.0365869
청림카부분정비,경상남도,양산시,중부동 606-8,35.3389398,129.0356125
청황자동차정비,경상남도,양산시,주남동 93-25,35.4195758,129.1605021
친절한 모터스,경상남도,양산시,명동 989-5,35.3982454,129.1630023
카라이프,경상남도,양산시,북부동 462-31,35.344294,129.0347364
카라이프부분정비업,경상남도,양산시,덕계동 724-57,35.3744094,129.1522049
카리스마지프(CHARISMA JEEP),경상남도,양산시,상북면 대석리 690,35.3947744,129.051695
카매니아 모터스,경상남도,양산시,평산동 51-38,35.3853473,129.1524292
타이어 체인지,경상남도,양산시,동면 내송리 743-3,35.3247019,129.0591378
타이어박스,경상남도,양산시,남부동 465-1,35.3382191,129.0359663
타이어백화점정비,경상남도,양산시,삼호동 194,35.418972,129.176869
타이어클라쓰,경상남도,양산시,북정동 915-8,35.3557957,129.0399314
타이어타운(상북점),경상남도,양산시,상북면 석계리 529-1,35.4119769,129.0567301
타이어테크,경상남도,양산시,다방동 502,35.3316314,129.0401377
타이어프로 물금점,경상남도,양산시,물금읍 가촌리 1174-2,35.3143864,128.9894906
타이어프로 웅상점,경상남도,양산시,평산동 566-108,35.3871971,129.1484655
타이어프로(양산점),경상남도,양산시,남부동 397-4,35.3373939,129.0389146
타이어프로서창점,경상남도,양산시,명동 961-7,35.3993038,129.1631308
타타대우상용차(주),경상남도,양산시,상북면 소토리 803,35.3841288,129.0453751
태강상사(정비),경상남도,양산시,상북면 좌삼리 351,35.4347551,129.0491294
태영모터스,경상남도,양산시,다방동 470-6,35.3315243,129.0411103
태일자동차정비,경상남도,양산시,명동 749-18,35.4036847,129.1638311
태진카서비스,경상남도,양산시,용당동 977-5,35.4316078,129.1781182
통도정비공업사,경상남도,양산시,하북면 순지리 823-2,35.4941236,129.0880196
팔광카센터,경상남도,양산시,물금읍 범어리 638-1,35.3305777,128.9984504
코리아카,전라남도,나주시,송월동 1097-10,35.0139671,126.7136602
스카니아코리아그룹(주)신항지점,경상남도,창원시,진해구 신항2로 19(용원동),35.0906149,128.8264687
(주)에이원모터스,경상남도,창원시,진해구 안골로 70(안골동),35.0912362,128.7889456
터미널정비,경상남도,창원시,진해구 안골로 82-9(안골동),35.0920518,128.7899308
대원모터스,경상남도,창원시,진해구 안골로 82-15(안골동),35.0919416,128.7902409
티앤티주식회사,경상남도,창원시,진해구 안골로 60(안골동),35.090549,128.788313
블루핸즈용원웅동점,경상남도,창원시,진해구 용원북로11번가길 38(용원동),35.1044454,128.8106542
하나타이어,경상남도,창원시,진해구 충장로 193-1(여좌동),35.152808,128.673251
G Factory,경상남도,창원시,진해구 충장로 487(덕산동),35.1459948,128.7010309
오일엠,경상남도,창원시,진해구 진해대로1046번길 7(풍호동),35.136029,128.7074056
신항통운타이어,경상남도,창원시,진해구 안골로108번길 78(안골동),35.0885089,128.7865549
두동자동차,경상남도,창원시,진해구 두동동로46번길 11(두동),35.1254872,128.8075315
더 트럭,경상남도,창원시,진해구 안골로108번길 54(안골동),35.0900702,128.7885634
대광정비,경상남도,창원시,진해구 안골로89번길 23(안골동),35.092011,128.7886959
동부카,경상남도,창원시,진해구 냉천로126번길 17-1(자은동),35.1532361,128.7109565
NK MOTORS,경상남도,창원시,진해구 덕산로61번길 2-23(자은동),35.1466701,128.7065939
애니카랜드 경화점,경상남도,창원시,진해구 중초로 8(경화동),35.1537347,128.6817041
한울정비,경상남도,창원시,진해구 안골로108번길 38(안골동),35.0911871,128.7896626
신일종합정비,경상남도,창원시,진해구 안골로 113 (안골동),35.0944194,128.7910096
대덕모터스,경상남도,창원시,진해구 충장로 533(풍호동),35.1418155,128.7015322
주식회사 아이언사천 신항지점,경상남도,창원시,진해구 신항2로 13-19 (용원동),35.088357,128.8258481
타이어김,전라남도,나주시,예향로 4242(경현동),35.0315201,126.7098388
타이어 365,전라남도,순천시,삼산로 57(석현동),34.9719563,127.4896152
화목밧데리,경상북도,청송군,현서면 청송로 1144,36.2742244,128.8939151
두현정비,경상북도,청송군,현서면 파재길 16,36.288717,128.9208587
애니카랜드청송점(청일자동차정비),경상북도,청송군,부남면 대전로 163,36.3483185,129.0635933
범강이엔지,경상북도,청송군,청송읍 길안청송로 1668-9,36.4338807,129.0462643
유한회사 전주자동차공업사,전라북도,전주시,덕진구 야전1길 15,35.8638405,127.1024589
현대자동차(주) 전주하이테크센터,전라북도,전주시,덕진구 여산로 96,35.8614432,127.0771755
(주)전북고속터미널,전라북도,전주시,덕진구 가리내로 30,35.8345312,127.1328106
진보자동차공업사,전라북도,전주시,덕진구 신복로 42,35.8550666,127.1091325
쌍용정비공업사,전라북도,전주시,덕진구 신행로 53,35.8503366,127.0928305
풍남자동차공업사,전라북도,전주시,덕진구 서귀로 26,35.8500912,127.0941041
(유)21세기모터스,전라북도,전주시,덕진구 상리6길 6,35.8504385,127.1004355
서전주서비스,전라북도,전주시,덕진구 비석날로 131,35.8626271,127.0844867
(유)한성모터스,전라북도,전주시,덕진구 서귀로 18,35.8508449,127.0939739
(유)서부공업사,전라북도,전주시,덕진구 신복로 18-17,35.8557621,127.1109208
(주)화평자동차공업사,전라북도,전주시,덕진구 신복로 68-5,35.8573131,127.1078136
(유)코리아모터스,전라북도,전주시,덕진구 팔복로 115,35.8524674,127.0939006
(유)혁성자동차공업사,전라북도,전주시,덕진구 유상로 76,35.8637843,127.080608
기아(주)전주서비스센타,전라북도,전주시,덕진구 온고을로 246,35.8408762,127.0985631
한빛모터스,전라북도,전주시,덕진구 신복로 102-14,35.8588669,127.1056179
한국지엠(주)전주서비스센터,전라북도,전주시,덕진구 팔복로 105,35.8520039,127.0947578
(유)전주중기공업사,전라북도,전주시,덕진구 신행로 56,35.8498857,127.0936194
태평공업사,전라북도,전주시,덕진구 팔복로 99,35.8513579,127.0960702
금빛1급세계로모터스,전라북도,전주시,덕진구 구주길 17,35.8459549,127.1019004
우성자동차공업사,전라북도,전주시,덕진구 서귀로 23,35.8499113,127.0947834
케이지 모빌리티 전주서비스 센터 주식회사,전라북도,전주시,덕진구 팔복로 136,35.8535525,127.0928132
(유)서광종합자동차공업사,전라북도,전주시,덕진구 원만성로 37-4,35.8533776,127.0843704
(유)현대자동차에이치디서비스,전라북도,전주시,덕진구 추천로 91-5,35.8469591,127.1042577
(유)미성자동차공업사,전라북도,전주시,덕진구 신복천변1길 1,35.8561996,127.1084383
신성자동차공업사,전라북도,전주시,덕진구 신복로 6,35.8528655,127.1121161
미래모터스,전라북도,전주시,덕진구 감수길 10-4,35.863349,127.1018337
르노코리아자동차전주정비사업소,전라북도,전주시,덕진구 서귀로 11,35.8505898,127.0956936
(유)제일정비,전라북도,전주시,덕진구 신행로 73,35.8515833,127.0932728
삼일자동차모터스,전라북도,전주시,덕진구 신행로 65,35.8508255,127.093154
안전공업사,전라북도,전주시,덕진구 신행로 57,35.850369,127.0930966
삼화정비공업사,전라북도,전주시,덕진구 서귀로 17,35.8498928,127.0953671
(유)전일여객,전라북도,전주시,덕진구 가리내로 418,35.850701,127.114023
현대자동차광도점,경상남도,통영시,광도면 춘원2로 63-79,34.9570982,128.4134913
대형타이어,전라북도,전주시,덕진구 동부대로 1534,35.8770433,127.0805117
타이어프로 동산점,전라북도,전주시,덕진구 동부대로 1563,35.8771735,127.0772428
레이저,전라북도,전주시,덕진구 동부대로 1566,35.8781246,127.0778903
성운카마스타,전라북도,전주시,덕진구 동부대로 386,35.8268648,127.1774041
일공타이어,전라북도,전주시,덕진구 동부대로 388,35.8270944,127.1773286
제이엠모터스,전라북도,전주시,덕진구 동부대로 395,35.8275194,127.1764814
상상모터스,전라북도,전주시,덕진구 동부대로 395,35.8275194,127.1764814
아성종합카센타,전라북도,전주시,덕진구 동부대로 562,35.8410365,127.168466
주신오토밋션,전라북도,전주시,덕진구 동부대로 601,35.8433931,127.1651064
성심카센타,전라북도,전주시,덕진구 동부대로 648,35.8466169,127.1630863
오렌지카크리닉,전라북도,전주시,덕진구 동부대로 652,35.8468666,127.162911
21세기카센타,전라북도,전주시,덕진구 동부대로 699,35.8508996,127.1593114
역전카클리닉,전라북도,전주시,덕진구 동부대로 700,35.8510439,127.1600036
전라카인테리어,전라북도,전주시,덕진구 동부대로 704,35.8513395,127.159714
골든카센타,전라북도,전주시,덕진구 동부대로 707,35.8515986,127.1589448
수영자동차공업사,전라북도,전주시,덕진구 동부대로 718,35.8526656,127.1592361
우아카센타,전라북도,전주시,덕진구 동부대로 722,35.8528923,127.1589602
서울오토미션,전라북도,전주시,덕진구 동부대로 734,35.8538296,127.1584552
르노코리아자동차서비스코너호성점,전라북도,전주시,덕진구 동부대로 784,35.8580393,127.1560438
오토오아이스 스마트점,전라북도,전주시,덕진구 동부대로 786,35.8583933,127.1559138
현대자동차 호성점,전라북도,전주시,덕진구 동부대로 802,35.8593032,127.1548335
동아카센타,전라북도,전주시,덕진구 동부대로 841,35.861749,127.1515773
서림카서비스,전라북도,전주시,덕진구 동부대로 850,35.8627791,127.15143
(주)전북미쉐린,전라북도,전주시,덕진구 동부대로 959,35.8683307,127.1421235
(유)타이어프로 모아점,전라북도,전주시,덕진구 동부대로 962,35.8693766,127.1418515
광진사종합카센타,전라북도,전주시,덕진구 기린대로 612,35.849797,127.1138985
더프리미엄효성(주),전라북도,전주시,덕진구 기린대로 621,35.8496987,127.1124054
팔복자동차공업사,전라북도,전주시,덕진구 기린대로 714,35.854779,127.1044063
윤모터스,전라북도,전주시,덕진구 기린대로 714,35.854779,127.1044063
삼성카마스타,전라북도,전주시,덕진구 기린대로 838,35.8604096,127.0924303
북부자동차서비스,전라북도,전주시,덕진구 기린대로 840,35.8605222,127.0922396
타이어프로 팔복탄소점,전라북도,전주시,덕진구 기린대로 851,35.8605492,127.0907798
아이비전주모터스 주식회사,전라북도,전주시,덕진구 기린대로 885,35.8618965,127.0874205
타이어테크 동산점,전라북도,전주시,덕진구 기린대로 976,35.866165,127.0788826
르노삼성자동차서비스코너송천점,전라북도,전주시,덕진구 권삼득로 430,35.84976,127.1177049
길카서비스,전라북도,전주시,덕진구 도당산1길 13,35.8458819,127.1539848
정일자동차공업사,전라북도,전주시,덕진구 도당산로 10,35.8439754,127.1548554
새천년카서비스,전라북도,전주시,덕진구 동가재미1길 3-4,35.8323434,127.1614783
현대자동차 송천북부점,전라북도,전주시,덕진구 동부대로 1088,35.8700502,127.1284273
한국타이어 티스테이션 송천점,전라북도,전주시,덕진구 동부대로 1090,35.8701056,127.1280646
뉴 티스테이션 송천점,전라북도,전주시,덕진구 동부대로 1090,35.8701056,127.1280646
프로미카월드 송천점,전라북도,전주시,덕진구 동부대로 1091,35.8695296,127.1277874
타이어테크송천역점,전라북도,전주시,덕진구 동부대로 1161,35.8695023,127.1200233
르노코리아자동차서비스코너송천점,전라북도,전주시,덕진구 동부대로 1163,35.8694286,127.1197853
(유)에스씨코리아,전라북도,전주시,덕진구 동부대로 1193,35.8692827,127.1161698
전북냉동 정방특장,전라북도,전주시,덕진구 동부대로 1198,35.8700642,127.1162117
광명카센타,전라북도,전주시,덕진구 동부대로 1198,35.8700642,127.1162117
광명카센타,전라북도,전주시,덕진구 동부대로 1198,35.8700642,127.1162117
행복타이어,전라북도,전주시,덕진구 동부대로 1246,35.8702296,127.1106071
장인카서비스,전라북도,전주시,덕진구 견훤왕궁로 250,35.8405868,127.1458867
네바퀴카센타,전라북도,전주시,덕진구 견훤왕궁로 281,35.8428792,127.1440791
애니카랜드 진북점,전라북도,전주시,덕진구 공북로 27,35.8255803,127.1350772
타이어프로 과학로점,전라북도,전주시,덕진구 과학로 307,35.8957714,127.1250344
시온카크리닉,전라북도,전주시,덕진구 과학로 333,35.8979141,127.1244404
바이크나라,전라북도,전주시,덕진구 권삼득로 106-1,35.8303338,127.1435636
타이어클럽,전라북도,전주시,덕진구 권삼득로 120,35.831145,127.1425091
한진카크리닉,전라북도,전주시,덕진구 권삼득로 198,35.8361574,127.1364096
매직카서비스,전라북도,전주시,덕진구 권삼득로 202-2,35.8363599,127.1363016
성전사카센타,전라북도,전주시,덕진구 권삼득로 216,35.8375278,127.1351314
보쉬카 금암점,전라북도,전주시,덕진구 권삼득로 231,35.8383894,127.1338425
RT MOTORS,전라북도,전주시,덕진구 권삼득로 240-1,35.8392072,127.1334268
한수종자동차정비,전라북도,전주시,덕진구 권삼득로 424,35.8494905,127.1182298
미소카서비스,전라북도,전주시,덕진구 권삼득로 459-1,35.8510973,127.1146343
스타카크리닉,전라북도,전주시,덕진구 권삼득로 96-1,35.8296659,127.1442254
태원카모터스,전라북도,전주시,덕진구 기린대로 1010,35.8673824,127.075644
대형88카센타,전라북도,전주시,덕진구 기린대로 1124,35.8732495,127.06469
합동카센타,전라북도,전주시,덕진구 기린대로 1132,35.8729692,127.0644294
타워카센타,전라북도,전주시,덕진구 기린대로 1144,35.8738421,127.0628199
그린 EV모터스,전라북도,전주시,덕진구 기린대로 308,35.8321854,127.1396744
금암카서비스,전라북도,전주시,덕진구 기린대로 371-3,35.8355924,127.1340591
티스테이션 금암점,전라북도,전주시,덕진구 기린대로 381,35.8362959,127.1332886
터미널오토미션,전라북도,전주시,덕진구 기린대로 543-1,35.8461007,127.1195415
스피드메이트 호반점,전라북도,전주시,덕진구 기린대로 600,35.849235,127.115453
k카모터스,전라북도,전주시,덕진구 감수길 30-13,35.8663426,127.100769
명지카센타,전라북도,전주시,덕진구 거북바우로 102,35.8417536,127.1469112
행복한자동차마을,전라북도,전주시,덕진구 거북바우로 133,35.8430142,127.1500922
대덕카센타,전라북도,전주시,덕진구 건산로 108,35.8326386,127.1489889
라도카서비스,전라북도,전주시,덕진구 건산로 138,35.8329833,127.152397
정인카서비스,전라북도,전주시,덕진구 건산로 15,35.8337501,127.139712
인후OK카센타,전라북도,전주시,덕진구 건산로 199,35.8339029,127.1590914
금호판매서비스,전라북도,전주시,덕진구 건산로 206,35.8334718,127.1598174
현대자동차 인후남부점,전라북도,전주시,덕진구 건산로 213,35.8340659,127.1605883
대교카센타,전라북도,전주시,덕진구 건산로 29-2,35.834019,127.1412822
동광종합카센타,전라북도,전주시,덕진구 건산로 314,35.8365909,127.1711483
모래내 카센타,전라북도,전주시,덕진구 건산로 81,35.832512,127.146123
르노코리아자동차서비스코너인후점,전라북도,전주시,덕진구 견훤로 142,35.8248352,127.1616577
시온카센타,전라북도,전주시,덕진구 견훤로 162,35.8264827,127.1610775
인후남부점기아오토큐,전라북도,전주시,덕진구 견훤로 170,35.8270979,127.1607892
지니모터스,전라북도,전주시,덕진구 견훤로 180-1,35.8280505,127.1604829
코끼리카서비스,전라북도,전주시,덕진구 견훤로 182,35.8281526,127.1604506
차세대카서비스,전라북도,전주시,덕진구 견훤로 183,35.8281526,127.1604506
신 J MOTERS,전라북도,전주시,덕진구 견훤로 210,35.8305238,127.1594365
테크카센타,전라북도,전주시,덕진구 견훤로 220,35.8314004,127.1591001
케이지모빌리티 아중서비스프라자,전라북도,전주시,덕진구 견훤로 228,35.83207,127.1587962
대현카서비스,전라북도,전주시,덕진구 견훤로 238,35.8328732,127.1584608
평강카센타,전라북도,전주시,덕진구 견훤로 374,35.8445988,127.1537884
영진카센타,전라북도,전주시,덕진구 견훤로 376,35.8447055,127.1537348
미르카센타,전라북도,전주시,덕진구 견훤왕궁로 153,35.8332241,127.1504781
동주모터스,전라북도,전주시,덕진구 추천로 19-25,35.8416455,127.0991147
반석오토모터스,전라북도,전주시,덕진구 원만성로 76,35.8556109,127.0876062
청광모터스,전라북도,전주시,덕진구 비석날로 59-10,35.8577786,127.0789571
금화자동차공업사,전라북도,전주시,덕진구 원만성로 83,35.8561592,127.0872627
천일그랜드모터스,전라북도,전주시,덕진구 팔복5길 25-3,35.8516258,127.1049962
성진모터스,전라북도,전주시,덕진구 감수길 30-24,35.8673791,127.101995
신전북공업사,전라북도,전주시,덕진구 여산로 122-2,35.8633036,127.0788072
서우1급자동차공업사,전라북도,전주시,덕진구 신복천변1길 38,35.8576938,127.1111348
현성자동차2급모터스,전라북도,전주시,덕진구 신복로 90-5,35.8586033,127.1055177
타이어프로하가점,전라북도,전주시,덕진구 가련산로 87,35.8462145,127.1158386
대성모터스,전라북도,전주시,덕진구 가리내3길 20-8,35.8471438,127.1095689
(주)대한관광 리무진 카센타,전라북도,전주시,덕진구 가리내로 15-26,35.8334615,127.1338056
스피드메이트하가점,전라북도,전주시,덕진구 가리내로 184,35.8388392,127.117131
JK모터스,전라북도,전주시,덕진구 가리내로 208,35.8387684,127.1148803
드림헌터,전라북도,전주시,덕진구 가리내로 208,35.8387684,127.1148803
엔진모터스,전라북도,전주시,덕진구 가리내로 366,35.8477058,127.1093559
비젼카클리닉,전라북도,전주시,덕진구 가리내로 502,35.8575276,127.1170981
기아자동차공업사,전라북도,전주시,덕진구 가재미로 31,35.8278425,127.162582
현대자동차인후점,전라북도,전주시,덕진구 가재미로 50,35.8296036,127.1623404
통일카맨샵,전라북도,전주시,덕진구 가재미로 55,35.8298151,127.1617522
동아카센타,전라북도,전주시,덕진구 가재미로 65,35.8309175,127.1612539
문화카센타,전라북도,전주시,덕진구 가재미로 80,35.8321745,127.1613032
프랜드 카 매니저,전라북도,전주시,덕진구 가재미로 81-1,35.8322258,127.1608159
신성카공업사,전라북도,전주시,덕진구 감수길 30-10,35.865887,127.1011805
신성카센타,전라북도,전주시,덕진구 감수길 30-10,35.865887,127.1011805
(주)진모터스,전라북도,전주시,덕진구 온고을로 468,35.852506,127.0784514
전북공업사,전라북도,전주시,덕진구 신복천변3길 14,35.8579039,127.1071628
현대모터스,전라북도,전주시,덕진구 여산로 130-21,35.8630512,127.0796681
원모터스,전라북도,전주시,덕진구 감수길 30-24,35.8673791,127.101995
신화자동차공업사,전라북도,전주시,덕진구 덕촌길 23,35.8434805,127.0968116
1급 재영모터스,전라북도,전주시,덕진구 덕촌길 68,35.8464989,127.1007225
오토오아시스 정읍점,전라북도,정읍시,초산1길 3-18(시기동),35.5605821,126.8545152
자이카서비스,전라북도,정읍시,샘골로 95-1(수성동),35.5785219,126.8558415
J.S 모터스,전라북도,정읍시,서부산업도로 250(연지동),35.5710788,126.8402506
믿음자동차공업사,전라북도,정읍시,신태인읍 인교2길 1,35.6836485,126.8875305
부부카서비스,전라북도,정읍시,충정로 123(상동),35.563866,126.865577
그린카,전라북도,정읍시,마곡로 41(수성동),35.5862727,126.8635491
주식회사 태인모터스,전라북도,정읍시,태인면 석지로 1288,35.665081,126.9270371
타이어우즈,전라북도,정읍시,서부산업도로 358(연지동),35.5790496,126.8474183
투투옥과정비,전라남도,곡성군,오산면 오산로 975,35.2659215,127.121463
대신자동차부분정비공업사,전라남도,곡성군,곡성읍 낙동원로 97,35.289904,127.3005032
고향부분정비공업사,전라남도,곡성군,곡성읍 곡성로 746,35.2742574,127.2865687
오산자동차공업사,전라남도,곡성군,오산면 오산로 968,35.2646868,127.1212089
옥과카센타,전라남도,곡성군,옥과면 천변로 99-7,35.2706495,127.1331014
광주카정비공업사,전라남도,곡성군,곡성읍 중앙로 7,35.275547,127.2860026
럭키카자동차정비공업사,전라남도,곡성군,곡성읍 곡성로 817,35.278359,127.2933998
현대정비공업사,전라남도,곡성군,오곡면 기차마을로 295-5,35.2808316,127.3024929
금호자동차정비공업사,전라남도,곡성군,곡성읍 곡성로 921,35.2828507,127.3025081
명성카서비스,전라남도,곡성군,옥과면 리문3길 24,35.2733969,127.1352127
금성카센터,전라남도,곡성군,입면 입면로 680,35.2982698,127.2027856
태흥자동차공업사,전라남도,곡성군,곡성읍 곡고로 17,35.2849517,127.3016806
옥과금호타이어대리점카센타,전라남도,곡성군,옥과면 무림동길 13,35.2720259,127.1346867
씨앤디 전주서비스센터,전라북도,전주시,덕진구 원만성로 21,35.8523121,127.0830018
스타모터스,전라북도,전주시,덕진구 원만성로 27,35.8523327,127.084095
1급DS자동차공업사,전라북도,전주시,덕진구 비석날로 59-12,35.8578851,127.0786465
마이카모터스,전라북도,전주시,덕진구 원만성로 21-6,35.8524334,127.0839456
(주)내쇼날모터스,전라북도,전주시,덕진구 신복로 180,35.8645337,127.0991651
서울모터스,전라북도,전주시,덕진구 온고을로 456,35.8516804,127.079949
21세기특장,전라북도,전주시,덕진구 반룡로 143,35.8604853,127.0800472
(주)전북현대상용서비스,전라북도,전주시,덕진구 원만성로 61,35.8546835,127.0864831
카파라다이스모터스,전라북도,전주시,덕진구 감수길 30-16,35.8664018,127.1019004
전라자동차공업사,전라북도,전주시,덕진구 신복천변로 18,35.8558163,127.1040371
삼풍자동차공업사,전라북도,전주시,덕진구 덕촌길 27,35.8440331,127.0974287
월드자동차공업사,전라북도,전주시,덕진구 여산로 122-2,35.8633036,127.0788072
(유)팔복현대서비스,전라북도,전주시,덕진구 동곡로 25,35.8548318,127.093703
신흥자동차공업사,전라북도,전주시,덕진구 팔복로 33,35.8490561,127.1016858
(유)동화자동차공업사,전라북도,전주시,덕진구 원만성로 21-6,35.8524334,127.0839456
우주자동차공업사,전라북도,전주시,덕진구 학산길 16,35.8560307,127.0934724
새전주모터스,전라북도,전주시,덕진구 유상로 76,35.8637843,127.080608
태양모터스,전라북도,전주시,덕진구 감수길 30-36,35.8677866,127.1015214
서전주현대서비스유한회사,전라북도,전주시,덕진구 온고을로 438-1,35.8509286,127.082659
에코모터스,전라북도,전주시,덕진구 신복천변2길 15,35.8571533,127.1084687
일광모터스,전라북도,전주시,덕진구 신복천변3길 14,35.8579039,127.1071628
OK 1급자동차공업사,전라북도,전주시,덕진구 원만성로 83-1,35.8564914,127.0872887
KD한마음공업사,전라북도,전주시,덕진구 덕촌길 25,35.8438853,127.0972395
유한회사 경신모터스 호남본부,전라북도,전주시,덕진구 기린대로 867,35.8610634,127.0893131
전주오토공업사,전라북도,전주시,덕진구 반룡로 47,35.8561804,127.0892991
전주LP공업사,전라북도,전주시,덕진구 원만성로 76,35.8556109,127.0876062
1급전주합동자동차공업사,전라북도,전주시,덕진구 야전1길 15,35.8638405,127.1024589
미래정비공업사,전라북도,전주시,덕진구 추천로 25-9,35.8422199,127.1007027
유한회사 그린모터스,전라북도,전주시,덕진구 감수길 44-6,35.8666878,127.1006304
경성모터스,전라북도,전주시,덕진구 신복천변3길 38,35.8587558,127.1072754
차세대자동차공업사,전라북도,전주시,덕진구 팔복로 209,35.8562267,127.0848274
(주)케이에스자동차공업사,전라북도,전주시,덕진구 상리로 3,35.8494903,127.1018214
우림특장산업,전라북도,전주시,덕진구 원만성로 33,35.8526554,127.084244
나노자동차정비공업사,전라북도,전주시,덕진구 팔복로 199,35.8556842,127.085908
전주자동차모터스,전라북도,전주시,덕진구 야전1길 15,35.8638405,127.1024589
효성모터스,전라북도,전주시,덕진구 운암로 25,35.8597894,127.0873101
태성자동차공업사,전라북도,전주시,덕진구 추천로 47,35.8444432,127.1015976
대길자동차공업사,전라북도,전주시,덕진구 추천로 47,35.8444432,127.1015976
(유)신한1급자동차정비공업사,전라북도,전주시,덕진구 신복로 148,35.8622114,127.1015048
전주탄소자동차공업사,전라북도,전주시,덕진구 반룡로 49,35.8563985,127.0888531
선정자동차공업사,전라북도,전주시,덕진구 신복로 102-34,35.8595062,127.1064612
우리들자동차공업사,전라북도,전주시,덕진구 추천로 19-26,35.8419013,127.0990509
영일모터스,전라북도,전주시,덕진구 감수길 30-36,35.8677866,127.1015214
카마트자동차공업사,전라북도,전주시,덕진구 감수길 30-35,35.8672216,127.1006389
1급대한모터스,전라북도,전주시,덕진구 원만성로 19,35.8517386,127.0834483
제일유압공업사,전라북도,전주시,덕진구 추천로 269,35.8574794,127.1116205
1급 KB자동차공업사,전라북도,전주시,덕진구 여산로 88-27,35.8607171,127.0781017
한국도로공사 전북정비공장,전라북도,전주시,덕진구 번영로 420,35.8739329,127.0521093
주식회사 하스,전라북도,전주시,덕진구 기린대로 883,35.8617763,127.0876644
AB모터스,전라북도,전주시,덕진구 추천로 197,35.8533042,127.1126832
수자동차공업사,전라북도,전주시,덕진구 추천로 19-24,35.8420485,127.0995801
(유)한솔자동차공업사,전라북도,전주시,덕진구 구주길 21,35.8458522,127.1015105
(유)동보공업사,전라북도,전주시,덕진구 덕촌길 72,35.8465726,127.1016729
(유)대현모터스,전라북도,전주시,덕진구 원만성로 49,35.8537556,127.085537
1급삼보자동차공업사,전라북도,전주시,덕진구 팔복로 123,35.852669,127.0935721
(유)호남고속,전라북도,전주시,덕진구 신복천변로 28,35.8574533,127.1049053
(유)팔복자동차공업사,전라북도,전주시,덕진구 신복1길 40,35.8532493,127.1076147
(유)전일모터스,전라북도,전주시,덕진구 신복천변3길 14,35.8579039,127.1071628
더원모터스,전라북도,전주시,덕진구 덕촌길 44,35.8450647,127.0988225
차사랑자동차공업사,전라북도,전주시,덕진구 유상로 76,35.8637843,127.080608
1급믿음자동차공업사,전라북도,전주시,덕진구 원만성로 21-6,35.8524334,127.0839456
(유)CS자동차공업사,전라북도,전주시,덕진구 신복천변로 12,35.8557471,127.1035289
대형모터라인,전라북도,전주시,덕진구 추천로 48-17,35.8440097,127.1031721
서전주현대자동차공업사,전라북도,전주시,덕진구 감수길 22,35.8643833,127.1015883
동성1급자동차공업사,전라북도,전주시,덕진구 감수길 28,35.864861,127.1017375
한국공업사,전라북도,전주시,덕진구 감수길 22,35.8643833,127.1015883
평화자동차공업사(주),전라북도,전주시,덕진구 추천로 47,35.8444432,127.1015976
1급스카이정비공업사,전라북도,전주시,덕진구 원만성로 82,35.8558689,127.0878422
(유)전주월드컵자동차공업사,전라북도,전주시,덕진구 장동유통로 29,35.8606268,127.0622362
신 드림모터스,전라북도,전주시,덕진구 감수길 30-39,35.8669073,127.1009097
(주)광진기계,전라북도,전주시,덕진구 감수길 30-44,35.868324,127.101935
1급하나로모터스,전라북도,전주시,덕진구 원만성로 21,35.8523121,127.0830018
(유)다원특장,전라북도,전주시,덕진구 팔복로 233,35.8571426,127.0826564
(유)두산자동차공업사,전라북도,전주시,덕진구 신복로 18-8,35.8542136,127.1113146
퍼스트모터스,전라북도,전주시,덕진구 신복로 102-12,35.8588162,127.1054902
동화카 모터스,전라북도,전주시,완산구 어은로 43-2,35.8178052,127.1274746
호산나카센타,전라북도,전주시,완산구 서원로 291-1,35.8119788,127.1265211
진오토메카트로닉스,전라북도,전주시,완산구 소대배기로 5-3,35.787903,127.1314243
화인카센타,전라북도,전주시,완산구 평화8길 16,35.7892551,127.1337966
태양카센타,전라북도,전주시,완산구 천경로 30,35.8090089,127.1534607
정유카3급정비,전라북도,전주시,완산구 전룡4길 17,35.8267412,127.1193858
H모터스,전라북도,전주시,완산구 중화산로 142,35.8230367,127.1182792
두리종합카메리트,전라북도,전주시,완산구 서원로 349,35.8133444,127.1321771
한일자동변속기,전라북도,전주시,완산구 메너머2길 38-3,35.8225389,127.1184506
T-station서신점,전라북도,전주시,완산구 유연로 299,35.825583,127.1183762
현대정비센타,전라북도,전주시,완산구 중화산로 37,35.8136942,127.1179271
대한카자동차공업사,전라북도,전주시,완산구 감나무3길 12,35.8307911,127.1216629
한국지엠전주바로서비스,전라북도,전주시,완산구 서원로 319,35.8121863,127.1291872
르노삼성평화점,전라북도,전주시,완산구 장승배기로 293,35.7999068,127.1436043
쉐보레서신바로서비스,전라북도,전주시,완산구 안터6길 37-2,35.8300147,127.1168968
현대정비,전라북도,전주시,완산구 서원로 191-7,35.8136759,127.1157135
하이카프라자 에덴카센타,전라북도,전주시,완산구 산월2길 20,35.8142267,127.1208691
우성튠업사,전라북도,전주시,완산구 메너머3길 26,35.8240024,127.1200814
남원카써비스,전라북도,전주시,완산구 평화18길 17-5,35.7944201,127.1347492
남천종합카센타,전라북도,전주시,완산구 평화14길 27-5,35.7922292,127.1335466
평화오토,전라북도,전주시,완산구 쑥고개로 279,35.8015974,127.095822
애니오토현대오토밋션,전라북도,전주시,완산구 산월2길 16,35.8142516,127.1215232
천일카센타세차장,전라북도,전주시,완산구 공북로 76,35.8258701,127.1401305
애니카랜드효자점,전라북도,전주시,완산구 거마평로 191-6,35.8092981,127.1149811
통운카,전라북도,전주시,덕진구 팔복로 173,35.8543479,127.0876074
현대카센타,전라북도,전주시,덕진구 팔복로 260,35.8589421,127.0804584
반석 공업사,전라북도,전주시,덕진구 팔복로 348,35.8623247,127.071795
가제트카클리닉,전라북도,전주시,덕진구 팔복로 362-19,35.8647148,127.0709531
대동종합카,전라북도,전주시,덕진구 편운로 16,35.8710039,127.0783127
유원카서비스,전라북도,전주시,덕진구 편운로 24-8,35.8712747,127.079528
현대자동차 덕진중부점,전라북도,전주시,덕진구 하가2길 29-43,35.8459254,127.1154294
불리카,전라북도,전주시,덕진구 한배미4길 3,35.8243926,127.1668398
기린봉카센타,전라북도,전주시,덕진구 한배미4길 8,35.8245126,127.1663195
아마존카맨샵,전라북도,전주시,덕진구 혁신로 431,35.8517297,127.0659155
24시예약타이어,전라북도,전주시,덕진구 혁신로 466,35.8544173,127.0664367
뉴스타카 클리닉,전라북도,전주시,덕진구 혁신로 514,35.8583095,127.067776
유한회사 국보타이어,전라북도,전주시,덕진구 혁신로 516,35.8585489,127.0678607
월드컵대형카센타,전라북도,전주시,덕진구 혁신로 550,35.8614988,127.0690591
타이어마트,전라북도,전주시,덕진구 혁신로 584,35.8642337,127.0704248
우주종합카센타,전라북도,전주시,덕진구 혁신로 596,35.8651992,127.0706423
넘버원 개러지,전라북도,전주시,덕진구 혁신로 601,35.8661748,127.0700217
우성카세차장,전라북도,전주시,덕진구 혁신로 672,35.8716732,127.0740121
유진경정비,전라북도,전주시,덕진구 혁신로 678,35.8722825,127.0741855
붕붕카클리닉,전라북도,전주시,덕진구 혁신로 706-1,35.8744319,127.0752917
(주)아이버스,전라북도,전주시,덕진구 호남로 2519-21,35.8752062,127.0438086
덕진카에어컨,전라북도,전주시,덕진구 호반7길 3,35.8505912,127.1153047
고려보링사,전라북도,전주시,덕진구 원만성로 35,35.8527674,127.084399
애니카랜드서전주점,전라북도,전주시,완산구 전룡로 42-1,35.826473,127.1178549
심흥부품카센타,전라북도,전주시,덕진구 안덕원로 7,35.8274784,127.1311488
금호카인테리어,전라북도,전주시,덕진구 전주천동로 376,35.8275325,127.1304402
동국종합카센타,전라북도,전주시,덕진구 진북로 24,35.8273139,127.1342667
동산점 기아오토큐,전라북도,전주시,덕진구 쪽구름2길 10,35.8736618,127.0761216
로코모,전라북도,전주시,덕진구 쪽구름2길 38,35.8761776,127.0769794
우석카센타,전라북도,전주시,덕진구 쪽구름2길 6,35.873326,127.0760143
애니카랜드 덕진점,전라북도,전주시,덕진구 쪽구름5길 6,35.8763315,127.076954
동일카센타,전라북도,전주시,덕진구 쪽구름로 1,35.8662376,127.0790333
인수카마스타,전라북도,전주시,덕진구 쪽구름로 146,35.8742018,127.069502
자동차왕국,전라북도,전주시,덕진구 쪽구름로 169,35.8738485,127.0664298
전주대형카센타,전라북도,전주시,덕진구 쪽구름로 190-14,35.8755981,127.063974
최강모터스,전라북도,전주시,덕진구 쪽구름로 20,35.8677733,127.0786586
드림카센타,전라북도,전주시,덕진구 쪽구름로 206,35.8743284,127.0626299
성실카서비스,전라북도,전주시,덕진구 쪽구름로 32,35.868572,127.0780581
열린카정비,전라북도,전주시,덕진구 초포다리로 141,35.8684377,127.1595766
(유)하이엔진,전라북도,전주시,덕진구 초포다리로 18,35.8573353,127.1577618
고고카 서비스,전라북도,전주시,덕진구 초포로 176,35.8755555,127.140043
팔복카서비스,전라북도,전주시,덕진구 추천로 19-23,35.8417848,127.0996002
백문모터스,전라북도,전주시,덕진구 태진로 130-1,35.8326261,127.1357812
진일토탈카,전라북도,전주시,덕진구 태진로 137-5,35.8330294,127.1350023
(주)777타이어공단점,전라북도,전주시,덕진구 팔과정로 78,35.8547518,127.0898957
유성카센타,전라남도,곡성군,곡성읍 낙동원로 50,35.285589,127.300676
거성종합카센타,전라남도,곡성군,석곡면 석곡로 7,35.1278243,127.2524872
중앙경정비,전라남도,곡성군,곡성읍 곡성로 867,35.2807148,127.2982473
입면카센터,전라남도,곡성군,입면 창정노동길 8,35.3055226,127.1906354
엄지카공업사,전라남도,곡성군,삼기면 곡순로 1266,35.2287871,127.2248866
쌍둥이카센타,전라남도,곡성군,곡성읍 곡성로 886,35.2808315,127.3002805
금정종합자동차서비스,전라남도,곡성군,삼기면 곡순로 1269,35.228588,127.2240714
한국타이어 카센타,전라남도,곡성군,곡성읍 곡성로 829,35.2790057,127.2946613
키크리릭,전라남도,곡성군,옥과면 천변로 19,35.2672094,127.1260434
곡성톨게이트 카센터,전라남도,곡성군,삼기면 곡순로 1262,35.2285662,127.2252761
전종수 카센타,전라남도,곡성군,석곡면 석곡로 19,35.1288738,127.253068
현대자동차옥과점,전라남도,곡성군,옥과면 대학로 181,35.2771361,127.1392134
곡성점 현대자동차,전라남도,곡성군,곡성읍 학교로 8,35.2775007,127.290063
고속 카 센터,전라남도,곡성군,옥과면 대학로 85,35.2728539,127.1304786
한국GM옥과지정서비스,전라남도,곡성군,오산면 오산로 1001,35.2673161,127.1240952
동인카정비센타,전라남도,곡성군,입면 입면로 541,35.3060739,127.1933275
모든카클리닉,전라남도,곡성군,곡성읍 학교로 16,35.2780997,127.2897097
강철카 세차장,전라남도,곡성군,곡성읍 곡성로 744,35.2746973,127.2865976
지완카정비,전라남도,곡성군,곡성읍 곡성로 867,35.2807148,127.2982473
금호타이어 곡성점,전라남도,곡성군,곡성읍 곡성로 784,35.2764324,127.2904661
제로타이어,전라남도,곡성군,곡성읍 곡성로 737-20,35.2735396,127.2846904
동양카센타세차장,전라북도,전주시,덕진구 인후3길 43,35.8330692,127.1550378
프로모터스,전라북도,전주시,덕진구 인후3길 43,35.8330692,127.1550378
푸른카서비스,전라북도,전주시,덕진구 인후6길 38,35.8319127,127.1547732
모아카센타,전라북도,전주시,덕진구 원장동길 139,35.8527867,127.0640724
오토매니아,전라북도,전주시,덕진구 장동길 20,35.8545786,127.0670871
이레카센타,전라북도,전주시,덕진구 장동길 33,35.8529634,127.0665101
자동차재생나라,전라북도,전주시,덕진구 장동길 4,35.8558795,127.0679687
나인 오토,전라북도,전주시,덕진구 장동길 43,35.8528647,127.0658387
오토카서비스,전라북도,전주시,덕진구 장동유통로 29-1,35.8608467,127.0617175
전주타이어,전라북도,전주시,덕진구 장동유통로 29-18,35.8618276,127.0620508
(유)경신모터스,전라북도,전주시,덕진구 장동유통로 29-8,35.8611162,127.0622914
퍼스트,전라북도,전주시,덕진구 재방마을길 20,35.857486,127.0622728
문안카밧데리,전라북도,전주시,덕진구 전주천동로 489,35.8364929,127.1300076
금암점 기아오토큐,전라북도,전주시,덕진구 전주천동로 489,35.8364929,127.1300076
영신카센타,전라북도,전주시,덕진구 전진로 41,35.8419969,127.1729248
대우카센타,전라북도,전주시,덕진구 정언신로 152,35.8304359,127.1702155
온고을카센타,전라북도,전주시,덕진구 정언신로 54,35.8299287,127.1598705
생전사정비센타,전라북도,전주시,덕진구 정언신로 55,35.8304591,127.1598836
서광자동차병원,전라북도,전주시,덕진구 정언신로 55,35.8304591,127.1598836
동훈카플러스,전라북도,전주시,덕진구 정언신로 64,35.8302594,127.1609933
수빈카맨샵,전라북도,전주시,덕진구 정언신로 9,35.8297218,127.1547275
JJ모터스,전라북도,전주시,덕진구 정여립로 1096,35.8465875,127.0835571
독도카타이어,전라북도,전주시,덕진구 조경단로 86,35.8418267,127.1393355
안골자동차정비센타,전라북도,전주시,덕진구 진버들1길 46,35.8372789,127.1613206
영화카센타,전라북도,전주시,덕진구 진버들1길 9,35.8360881,127.1576178
타이어K전주총판,전라북도,전주시,덕진구 온고을로 511,35.8535532,127.0736463
BDM,전라북도,전주시,덕진구 온고을로 536,35.8550352,127.0714974
에디슨카튜닝,전라북도,전주시,덕진구 온고을로 548,35.8556215,127.07066
동은종합모터스,전라북도,전주시,덕진구 온고을로 556,35.8559246,127.0696349
하나카센타,전라북도,전주시,덕진구 온고을로 560,35.8559366,127.06949
호야종합카,전라북도,전주시,덕진구 온고을로 566,35.8561208,127.0689199
첨단타이어,전라북도,전주시,덕진구 온고을로 629,35.8589868,127.0627216
명진종합카센타,전라북도,전주시,덕진구 온고을로 715,35.8668586,127.0615418
마이더스모터스,전라북도,전주시,덕진구 와룡로 63,35.8652322,127.1117994
이지모비스,전라북도,전주시,덕진구 와룡로 81,35.8668808,127.1116504
정스카,전라북도,전주시,덕진구 와룡로 99,35.8683853,127.1115581
안전카센타,전라북도,전주시,덕진구 완주로 85,35.8736812,127.1505804
쉐보레송천바로서비스,전라북도,전주시,덕진구 용소로 63,35.8636561,127.1152902
보쉬카서비스송천점,전라북도,전주시,덕진구 용소로 66,35.8633096,127.1154561
까만손모터라인,전라북도,전주시,덕진구 용소로 83,35.8637418,127.1173889
서부타이어,전라북도,전주시,덕진구 용신길 20-6,35.875678,127.0618532
국도특장,전라북도,전주시,덕진구 용신길 42-4,35.877859,127.0619237
임경택자동차정비,전라북도,전주시,덕진구 우아로 16,35.8495341,127.1567117
유한회사씨앤디모터스 전주지점,전라북도,전주시,덕진구 원만성로 3,35.8503624,127.0824987
그린카센타,전라북도,전주시,덕진구 원반월길 108,35.8641467,127.0617156
블루핸즈현대자동차혁신점,전라북도,전주시,덕진구 원장동길 17,35.8450569,127.055614
스피드메이트 전주혁신점,전라북도,전주시,덕진구 원장동길 41,35.8462997,127.0579339
굿타이어,전라북도,전주시,덕진구 원장동길 94,35.8489962,127.0623838
뷰티카맨샵,전라북도,전주시,덕진구 인후1길 5-7,35.8329518,127.1522458
뉴타입모터스,전라북도,전주시,덕진구 아중중앙로 46,35.8322373,127.1712565
신일자동차병원,전라북도,전주시,덕진구 안골1길 7,35.8380389,127.1568605
하늘카클리닉,전라북도,전주시,덕진구 안골6길 2,35.8434115,127.1543533
진성종합카센타,전라북도,전주시,덕진구 안덕원로 217,35.8364276,127.1506275
인후점기아오토큐,전라북도,전주시,덕진구 안덕원로 287,35.8373749,127.1581103
유일모터스,전라북도,전주시,덕진구 안덕원로 311-8,35.8383657,127.160769
오토오아이스 인후점,전라북도,전주시,덕진구 안덕원로 317,35.8381789,127.161662
애니카랜드인후점,전라북도,전주시,덕진구 안덕원로 322,35.8376497,127.162051
카러브샵,전라북도,전주시,덕진구 안덕원로 383,35.8400559,127.1681383
777타이어 스토어(STORE),전라북도,전주시,덕진구 안덕원로 385,35.840248,127.1681209
한빛대형카센타,전라북도,전주시,덕진구 암실길 29,35.8770158,127.0665925
터널카센타 스피드메이트,전라북도,전주시,덕진구 어은로 138,35.8242836,127.1306573
타이어테크 서곡점,전라북도,전주시,덕진구 온고을로 210,35.8388874,127.1017601
자동차 프라자,전라북도,전주시,덕진구 여산로 252,35.8746952,127.0843155
한국타이어 티스테이션 서곡점,전라북도,전주시,덕진구 온고을로 210,35.8388874,127.1017601
전영카맨샵,전라북도,전주시,덕진구 온고을로 250,35.8412043,127.0983019
타이어K 덕진총판,전라북도,전주시,덕진구 온고을로 255,35.8409143,127.0974718
금호오토마스타,전라북도,전주시,덕진구 온고을로 271,35.8416856,127.0962134
주식회사 아이타이어 전주점,전라북도,전주시,덕진구 온고을로 277,35.84216,127.0954204
주식회사 디에스케이(DSK),전라북도,전주시,덕진구 온고을로 458,35.851588,127.0798313
타이어테크 혁신점,전라북도,전주시,덕진구 온고을로 486,35.8532827,127.0764227
한국종합카센타,전라북도,전주시,덕진구 온고을로 492,35.8532228,127.0759439
아우토부스,전라북도,전주시,덕진구 온고을로 502,35.8536186,127.0749342
드림모터스,전라북도,전주시,덕진구 온고을로 506,35.8537715,127.0747148
송천그린모터스,전라북도,전주시,덕진구 송천4길 56-10,35.8621845,127.1153591
송천남부점 기아오토큐,전라북도,전주시,덕진구 솔내8길 37-1,35.8609931,127.1255517
류정카센타,전라북도,전주시,덕진구 송천로 35,35.8563359,127.1182744
타이어 전주대리점,전라북도,전주시,덕진구 송천중앙로 214,35.8659485,127.1218313
(주)라온모터스,전라북도,전주시,덕진구 송천중앙로 217,35.8663702,127.121222
현대자동차송천동부점,전라북도,전주시,덕진구 송천중앙로 248,35.8688012,127.1218611
오토오아시스 롯데마트 전주송천점,전라북도,전주시,덕진구 송천중앙로 82,35.8545505,127.1204594
삼성튠업카센타,전라북도,전주시,덕진구 숲정이2길 11,35.8294958,127.1305172
진북카센타,전라북도,전주시,덕진구 숲정이2길 29,35.8310826,127.1302794
글로벌오토밋션,전라북도,전주시,덕진구 숲정이로 11-1,35.8321267,127.1290633
고창카센타,전라북도,전주시,덕진구 시천로 55,35.864306,127.1140681
세신자동차마을,전라북도,전주시,덕진구 신복로 11,35.8527553,127.1112757
세신자동차마을,전라북도,전주시,덕진구 신복로 11,35.8527553,127.1112757
휠스톰,전라북도,전주시,덕진구 신복로 16,35.8534648,127.1115447
삼호미션,전라북도,전주시,덕진구 신복로 18-11,35.8547108,127.110951
자동차마을,전라북도,전주시,덕진구 신복로 68,35.8567751,127.1071193
KS커먼레일,전라북도,전주시,덕진구 신복천변2길 4,35.8563677,127.1080046
푸른카센타,전라북도,전주시,덕진구 심방죽로 39,35.8395621,127.1511826
백마카서비스,전라북도,전주시,덕진구 심방죽로 52,35.8405728,127.1517822
전주종합타이어,전라북도,전주시,덕진구 아중5길 14,35.8302543,127.1702639
찰스카케어,전라북도,전주시,덕진구 아중로 128,35.8250225,127.1640105
마이카샵,전라북도,전주시,덕진구 아중로 129,35.8256177,127.1638683
동전주카센타,전라북도,전주시,덕진구 아중로 137,35.8259491,127.164712
덱스크루 전주점,전라북도,전주시,덕진구 아중로 241,35.8295064,127.1751764
우리카센타,전라북도,전주시,덕진구 벚꽃로 56,35.8289986,127.1358204
산정카타이어,전라북도,전주시,덕진구 사거리길 23,35.8742098,127.1541941
카리스 모터스,전라북도,전주시,덕진구 사근1길 23-15,35.8677986,127.1302287
현대카테크,전라북도,전주시,덕진구 사평로 45,35.8417046,127.1214463
대한카서비스센타,전라북도,전주시,덕진구 사평로 5,35.8389606,127.1184819
타이어백화점,전라북도,전주시,덕진구 사평로 55,35.8423873,127.1220306
티스테이션 덕진점,전라북도,전주시,덕진구 사평로 57,35.8426469,127.1222258
777타이어 덕진점,전라북도,전주시,덕진구 사평로 57,35.8426469,127.1222258
가정오토클럽,전라북도,전주시,덕진구 사평로 58,35.8421285,127.1225015
(주)가정오토클럽,전라북도,전주시,덕진구 사평로 59,35.8427351,127.1224504
타이어오케이(OK) 마트,전라북도,전주시,덕진구 삼례로 132,35.8896871,127.0774598
삼양대형카센타,전라북도,전주시,덕진구 삼례로 89,35.8857743,127.0768106
기아오토밋션,전라북도,전주시,덕진구 상리6길 27,35.8501834,127.1022083
수정카센타(세차장),전라북도,전주시,덕진구 상리로 4,35.8489429,127.1023948
OK카클리닉,전라북도,전주시,덕진구 서가재미1길 9,35.8310846,127.1600074
전주카센타,전라북도,전주시,덕진구 석소5길 23,35.8337869,127.1720241
정직카센타,전라북도,전주시,덕진구 석소5길 3,35.8325815,127.1735846
쉐보레아중바로서비스,전라북도,전주시,덕진구 석소로 91,35.8351573,127.1670454
한라오토카,전라북도,전주시,덕진구 솔내1길 80,35.8574488,127.1255316
헌터휠카센타,전라북도,전주시,덕진구 솔내5길 8,35.8576374,127.121465
솔내카센타,전라북도,전주시,덕진구 솔내8길 8,35.8609964,127.1221708
동부카센타,전라북도,전주시,덕진구 솔내로 173-16,35.8663637,127.1257119
현대자동차송천점,전라북도,전주시,덕진구 송천3길 44-12,35.8609525,127.1163624
수성카센타,전라북도,전주시,덕진구 송천4길 56,35.8616837,127.1157471
금호카센타,전라북도,전주시,덕진구 떡전로 19,35.836543,127.1272144
경은타이어,전라북도,전주시,덕진구 명주4길 10,35.8446472,127.1490086
경은타이어,전라북도,전주시,덕진구 명주4길 10,35.8446472,127.1490086
Car Cism,전라북도,전주시,덕진구 명주5길 12,35.8448517,127.1503753
에프원오토마스터,전라북도,전주시,덕진구 명주5길 12,35.8448517,127.1503753
정일카센타,전라북도,전주시,덕진구 명주5길 20-6,35.8441496,127.1503348
성락모터스,전라북도,전주시,덕진구 명주6길 6,35.8458381,127.1517347
신호남모터스,전라북도,전주시,덕진구 반룡로 47,35.8561804,127.0892991
대로카센타,전라북도,전주시,덕진구 반월로 31,35.8756635,127.068663
그린오토,전라북도,전주시,덕진구 반태산6길 3,35.8298103,127.1514064
태평양카매니저,전라북도,전주시,덕진구 백제대로 504,35.8368709,127.1264828
오토상사,전라북도,전주시,덕진구 백제대로 598,35.841037,127.1350608
일광카서비스,전라북도,전주시,덕진구 백제대로 601,35.8419403,127.1352869
현대자동차 금암점,전라북도,전주시,덕진구 백제대로 605,35.8419545,127.1355735
청운카센타,전라북도,전주시,덕진구 백제대로 626,35.8418737,127.1382014
전주 MJ모터스,전라북도,전주시,덕진구 백제대로 654,35.8427766,127.1409442
한국타이어 주식회사 티스테이션 전주역점,전라북도,전주시,덕진구 백제대로 760,35.8460883,127.1520252
금호종합카,전라북도,전주시,덕진구 번영로 300,35.8766547,127.0397423
동양자동차공업사,전라북도,전주시,덕진구 벚꽃3길 5,35.8281379,127.1337774
민정자동차병원,전라북도,전주시,덕진구 동부대로 962,35.8693766,127.1418515
나노카센타,전라북도,전주시,덕진구 동부대로 963,35.8688593,127.1414064
L-K 모터스,전라북도,전주시,덕진구 두간10길 10,35.8661698,127.1150947
신협종합카센터,전라북도,전주시,덕진구 두간2길 7,35.8658568,127.1208145
스피드메이트송천점,전라북도,전주시,덕진구 두간3길 4,35.8647103,127.1199309
남양카,전라북도,전주시,덕진구 두간5길 12,35.864295,127.1176848
예스카,전라북도,전주시,덕진구 두간5길 15,35.8638992,127.1181144
전진카센타,전라북도,전주시,덕진구 두간8길 5,35.8659456,127.1152759
송천점기아오토큐,전라북도,전주시,덕진구 두간로 48,35.8650784,127.1196811
개미카센타,전라북도,전주시,덕진구 들사평1길 56,35.836075,127.1239753
한성튠업사,전라북도,전주시,덕진구 들사평로 15,35.8382435,127.1217384
전주카서비스센타,전라북도,전주시,덕진구 들사평서로 11,35.8370567,127.1208799
부자카센타,전라북도,전주시,덕진구 들사평서로 20,35.8378532,127.1207364
J모터스(Motors),전라북도,전주시,덕진구 들사평서로 26,35.8383167,127.1204735
창조모터스,전라북도,전주시,덕진구 들사평서로 33,35.8385298,127.1193732
(유)타이어백화점 법원점,전라북도,전주시,덕진구 들사평서로 9,35.836912,127.1210436
(유)수정카클리닉,전라북도,전주시,덕진구 떡전4길 7,35.838343,127.1289593
OK우림모터스,전라북도,전주시,완산구 쑥고개로 302,35.8014604,127.0981029
믿음카정비,전라북도,전주시,완산구 평화11길 14,35.789438,127.1368291
타이어프로 전주대점,전라북도,전주시,완산구 효자로 76,35.8178355,127.0935268
㈜세하오토,전라북도,전주시,완산구 백제대로 365,35.8257571,127.1223417
GT MOTORS(GT 모터스),전라북도,전주시,완산구 콩쥐팥쥐로 1662,35.8228851,127.0808136
KK모터스,전라북도,전주시,완산구 잿뜸2길 14,35.8275801,127.1245227
전주 타이어나라,전라북도,전주시,완산구 양지3길 9,35.790025,127.1178875
프라임모터스,전라북도,전주시,완산구 천잠로 180,35.8035269,127.0982277
스피드메이트 전주효자점,전라북도,전주시,완산구 천잠로 188,35.8041204,127.0977382
로드필 후퍼옵틱,전라북도,전주시,완산구 유연로 332,35.8250069,127.1216422
(주)미쉐린타이어 전주점,전라북도,전주시,완산구 신촌1길 47,35.8136063,127.1136722
(유)예일상사,전라북도,전주시,완산구 효자로 58,35.8184813,127.0915622
금호타이어전북총판,전라북도,전주시,완산구 중화산로 82,35.8176537,127.1185022
삼성카세차장,전라북도,전주시,완산구 중화산로 79,35.8173918,127.1179537
영주자동차공업사,전라북도,전주시,완산구 용머리로 286,35.8116323,127.1392197
사파카세차장,전라북도,전주시,완산구 공북로 65,35.8261204,127.1387362
스피드메이트 전주 서신점,전라북도,전주시,완산구 새터로 2,35.8366696,127.1072687
스마일자동차정비,전라북도,전주시,완산구 아중로 100,35.8240749,127.1611058
이규문 카클리닉,전라북도,전주시,완산구 권삼득로 68,35.8277833,127.1464514
타이어프로 효자점,전라북도,전주시,완산구 강변로 252,35.8126265,127.1126074
효천카센타,전라북도,전주시,완산구 천잠로 37,35.7932173,127.1072218
창성모터스,전라북도,전주시,완산구 메너머3길 39-7,35.8232007,127.1187357
전주오토(전주오토밋션),전라북도,전주시,완산구 쑥고개로 301-6,35.8022765,127.0980921
에벤에셀 타이어,전라북도,전주시,완산구 견훤로 82,35.8190952,127.1615109
YAP CAR(얍카),전라북도,전주시,완산구 장승배기로 333,35.8021232,127.1470446
타이어K 완산총판,전라북도,전주시,완산구 천잠로 23,35.7924885,127.1086451
평화그린카서비스,전라북도,전주시,완산구 평화로 176,35.7921504,127.136553
이용인 타이어,전라북도,전주시,완산구 백제대로 78,35.8011438,127.1274541
현대종합카센타,전라북도,전주시,완산구 장교로 4-16,35.7839978,127.1084952
송성중 타이어,전라북도,전주시,완산구 효자로 5,35.8213916,127.0870279
바른 정비,전라북도,전주시,완산구 장승배기로 287-8,35.7999253,127.1428603
협성카크리닉,전라북도,전주시,완산구 세내로 511,35.8321789,127.1026674
오토오아시스 롯데마트 전주점,전라북도,전주시,완산구 우전로 240,35.8164155,127.1025063
777타이어,전라북도,전주시,완산구 장승배기로 301,35.800286,127.1446654
그린카서비스,전라북도,전주시,완산구 안행로 53-1,35.8018289,127.1336618
다둥이카서비스,전라북도,전주시,완산구 쑥고개로 367,35.8038697,127.1049673
대한고속,전라북도,전주시,완산구 쑥고개로 267,35.8013815,127.0942968
싱싱카센타,전라북도,전주시,완산구 산월2길 33,35.8139163,127.1194855
DNN모터스,전라북도,전주시,완산구 쑥고개로 301-15,35.8022106,127.0972175
영차영차자동차정비소,전라북도,전주시,완산구 메너머1길 37,35.8208518,127.1186414
현대자동차효자북부점,전라북도,전주시,완산구 후곡길 5-16,35.809383,127.0948934
해달카공업사,전라북도,전주시,완산구 권삼득로 40-1,35.8258755,127.1484621
오토오아시스 홈플러스효자점,전라북도,전주시,완산구 용머리로 31,35.8065785,127.1142642
효자중부점기아오토큐,전라북도,전주시,완산구 천잠로 176,35.8032503,127.098427
친절타이어,전라북도,전주시,완산구 쑥고개로 226,35.7986997,127.0911759
르노삼성자동차서비스코너효자점,전라북도,전주시,완산구 천잠로 219,35.8062184,127.0952789
티스테이션 중화산점,전라북도,전주시,완산구 효자로 303,35.8193504,127.1186702
티스테이션 효자점,전라북도,전주시,완산구 쑥고개로 277-1,35.8013998,127.095685
중화산점 기아오토큐,전라북도,전주시,완산구 어은로 41,35.8176636,127.127141
(유)성심택시,전라북도,전주시,완산구 양지3길 46,35.7901581,127.1219803
스마트카서비스,전라북도,전주시,완산구 천잠로 573,35.8353601,127.097343
스피드메이트 서곡점,전라북도,전주시,완산구 천잠로 517,35.8308526,127.0944751
황조카 서비스,전라북도,전주시,완산구 삼천천변3길 32-21,35.7971019,127.1133085
지광현 카서비스 프라자,전라북도,전주시,완산구 삼천천변2길 23-8,35.7969188,127.1132315
코오롱카서비스,전라북도,전주시,완산구 평화로 211,35.795441,127.1361829
현대자동차평화남부점,전라북도,전주시,완산구 평화로 165,35.7913928,127.1357807
오토오아시스홈플러스전주완산점,전라북도,전주시,완산구 기린대로 170,35.823661,127.1501214
스피드메이트 전주강변점,전라북도,전주시,완산구 강변로 212,35.8092156,127.1117732
개인택시신협카센타,전라북도,전주시,완산구 온고을로 170-15,35.8378547,127.1047741
매직카 삼천점,전라북도,전주시,완산구 용리로 78,35.7984466,127.1185034
우전카클리닉,전라북도,전주시,완산구 메너머3길 13-2,35.8236718,127.1210609
현대자동차서서학점,전라북도,전주시,완산구 팔달로 57,35.8077665,127.1494064
글로벌카프라자,전라북도,전주시,완산구 중화산로 60,35.8156427,127.1184268
현대자동차효자남부점,전라북도,전주시,완산구 쑥고개로 376,35.8035676,127.1061718
(유)스카이 투어,전라북도,전주시,완산구 평화16길 11,35.7927628,127.1376699
서부기아카센타,전라북도,전주시,완산구 세내로 518,35.8328233,127.1021571
전주프로모터스,전라북도,전주시,완산구 고사평로 45,35.8379376,127.1108487
(유)제이에스오토모빌,전라북도,전주시,완산구 쑥고개로 372,35.8034498,127.1057203
형제밧데리카센타,전라북도,전주시,완산구 전주천서로 73-11,35.8101047,127.1538807
스피드메이트 장승백이점,전라북도,전주시,완산구 장승배기로 283,35.7995739,127.1429967
번영카센타,전라북도,전주시,완산구 전라감영5길 6-2,35.8162015,127.1468296
타이어시티,전라북도,전주시,완산구 권삼득로 8,35.8240464,127.150551
르노삼성자동차완산점,전라북도,전주시,완산구 유연로 306,35.8250575,127.1189199
경전사카매니저,전라북도,전주시,완산구 용머리로 208-1,35.8073732,127.1328724
오일팩토리,전라북도,전주시,완산구 거마평로 166,35.8073228,127.1166012
(유)타이어백화점서신점,전라북도,전주시,완산구 백제대로 406,35.8293477,127.1230825
서학점기아오토큐,전라북도,전주시,완산구 장승배기로 328,35.8014058,127.1470416
하늘카서비스,전라북도,전주시,완산구 중화산로 124,35.8214426,127.1183229
한국지엠평화바로서비스,전라북도,전주시,완산구 맏내로 155,35.7937687,127.1281031
현대자동차삼천중부점,전라북도,전주시,완산구 장승배기로 87,35.7935983,127.1224626
블루카 서비스,전라북도,전주시,완산구 평화15길 2,35.7916723,127.13641
원종자동차,전라북도,전주시,완산구 견훤왕궁로 40,35.8242054,127.1530512
쌍용카크리닉,전라북도,전주시,완산구 안행3길 4-5,35.799732,127.130344
참빛카센타,전라북도,전주시,완산구 메너머3길 25-23,35.8228686,127.1200139
극동카 모터스,전라북도,전주시,완산구 맏내4길 16-5,35.7940927,127.1302386
타이어프로 삼천점,전라북도,전주시,완산구 백제대로 60,35.7998288,127.1287842
현대종합카센타,전라북도,전주시,완산구 메너머1길 10,35.8211799,127.1219022
자동차이야기,전라북도,전주시,완산구 견훤로 143,35.8248193,127.161049
제이모터스,전라북도,전주시,완산구 외칠봉2길 3,35.8042285,127.1358915
애니카랜드중화산점,전라북도,전주시,완산구 어은로 31,35.8171881,127.125992
코리안모터스,전라북도,전주시,완산구 인정1길 17,35.8197501,127.121967
드림카써비스,전라북도,전주시,완산구 고사평로 7,35.834807,127.109395
프로정성카,전라북도,전주시,완산구 거마평로 233,35.8128672,127.1134136
미래종합카센타,전라북도,전주시,완산구 서곡5길 9-4,35.8370692,127.1014388
은성카센타,전라북도,전주시,완산구 산월2길 41,35.8139305,127.1185592
케이지모빌리티 평화서비스프라자,전라북도,전주시,완산구 맏내로 149,35.7933742,127.1282517
우정모터스,전라북도,전주시,완산구 쑥고개로 368,35.8033073,127.1052067
행복카써비스,전라북도,전주시,완산구 맏내로 141,35.7926462,127.1285531
케이지모빌리티 서신서비스프라자,전라북도,전주시,완산구 전룡로 56,35.8267767,127.1192231
그린카서비스,전라북도,전주시,완산구 마당재2길 8,35.821064,127.1610223
그린파크카,전라북도,전주시,완산구 영경3길 10,35.8174342,127.1250334
금강자동차공업사,전라북도,전주시,완산구 쑥고개로 216,35.7979807,127.0900086
효자종합카센타,전라북도,전주시,완산구 신봉로 18,35.8101742,127.1169282
여락자동차카서비스,전라북도,전주시,완산구 서곡3길 11,35.8360715,127.100728
천변카센타,전라북도,전주시,완산구 관선5길 2,35.8229451,127.1572418
월드카써비스,전라북도,전주시,완산구 새터로 27,35.8361915,127.1100662
마스타자동차동아카,전라북도,전주시,완산구 맏내3길 6-7,35.7933533,127.1313326
카젠 모터스,전라북도,전주시,완산구 메너머3길 26-3,35.8240937,127.1197803
효자점기아오토큐,전라북도,전주시,완산구 서곡6길 8-4,35.8361336,127.1026494
모악카써비스,전라북도,전주시,완산구 맏내3길 7,35.7926783,127.1311587
서부제일카,전라북도,전주시,완산구 서곡2길 13-10,35.8347604,127.1028167
영조모터스,전라북도,전주시,완산구 신촌4길 6,35.8180215,127.1175732
우성카마스타,전라북도,전주시,완산구 장승배기로 76,35.7927848,127.1214728
타이어테크평화점,전라북도,전주시,완산구 장승배기로 223-1,35.7973509,127.1368858
수만카써비스,전라북도,전주시,완산구 유연로 300,35.8250431,127.1183459
주몽카센타,전라북도,전주시,완산구 서곡4길 22,35.8345929,127.1033163
성원카센타,전라북도,전주시,완산구 서신천변11길 14,35.8302975,127.1128422
중앙카센타,전라북도,전주시,완산구 흑석로 20,35.8024316,127.1500962
이레카톡서비스,전라북도,전주시,완산구 중화산로 146,35.8234015,127.1182623
곰솔자동차공업사,전라북도,전주시,완산구 안행2길 37,35.8011263,127.1281439
진검모터스,전라북도,전주시,완산구 선너머로 46,35.8155614,127.1299512
완성종합카크리닉,전라북도,전주시,완산구 물왕멀로 38,35.8268202,127.1505524
조은카클리닉,전라북도,전주시,완산구 아중로 80,35.8233676,127.1590881
한빛카센타,전라북도,전주시,완산구 신촌2길 8,35.8142498,127.1175194
천일카센타,전라북도,전주시,완산구 서곡2길 10,35.8341798,127.1016402
현대자동차중화산중부점,전라북도,전주시,완산구 서원로 341,35.8131627,127.1315421
금강자동차종합병원,전라북도,전주시,완산구 서곡로 82,35.8358475,127.1021085
현대자동차서비스효자서부점,전라북도,전주시,완산구 서곡1길 19-5,35.8351685,127.0989318
토탈카서비스,전라북도,전주시,완산구 천잠로 207,35.8052897,127.0956618
현대자동차평화점부분정비,전라북도,전주시,완산구 장승배기로 198,35.795903,127.1345627
현대자동차효자점,전라북도,전주시,완산구 안행로 50,35.8014199,127.1335954
신흥카서비스,전라북도,전주시,완산구 안행7길 6,35.802367,127.1342228
현대자동차서신중부점,전라북도,전주시,완산구 전룡로 59,35.8269178,127.1193892
현대서신자동차,전라북도,전주시,완산구 안터6길 37-6,35.830024,127.1171752
효자카서비스,전라북도,전주시,완산구 송정중앙로 59-4,35.8054808,127.1203147
원창카마스타,전라북도,전주시,완산구 견훤왕궁로 58,35.8256516,127.15326
전주카테크,전라북도,전주시,완산구 메너머3길 18,35.823981,127.1210331
이두성카크리닉,전라북도,전주시,완산구 천잠로 191,35.8041964,127.0968907
은하카프라자,전라북도,전주시,완산구 안행9길 7,35.803551,127.1346742
전주밧데리,전라북도,전주시,완산구 고사평4길 18,35.8351347,127.1112947
기분조은카크리닉,전라북도,전주시,완산구 백제대로 407,35.829651,127.1223254
홍재명카센타,전라북도,전주시,완산구 거마중앙로 77,35.7937673,127.1233395
용두밧데리카센타,전라북도,전주시,완산구 유기전1길 6,35.8082128,127.1354578
대창카센타,전라북도,전주시,완산구 콩쥐팥쥐로 1546,35.8246437,127.068308
근영카닥터,전라북도,전주시,완산구 계룡산길 6-1,35.7931466,127.1069497
금호카써비스,전라북도,전주시,완산구 거마평로 82,35.7997207,127.1170647
진보자동차왕국,전라북도,전주시,완산구 서신천변14길 6-6,35.8307145,127.1145202
월드카크리닉,전라북도,전주시,완산구 맏내2길 9-5,35.7913092,127.130678
우리들카센타,전라북도,전주시,완산구 어은로 39,35.8175328,127.126905
영광카프라자,전라북도,전주시,완산구 중화산로 50,35.8147404,127.1183928
코끼리카써비스,전라북도,전주시,완산구 전주객사2길 67,35.8196901,127.1398736
중앙카센타,전라북도,전주시,완산구 권삼득로 21,35.8244191,127.1494637
나현종합카센타,전라북도,전주시,완산구 효자로 328,35.8189383,127.1214025
모든카자동차공업사,전라북도,전주시,완산구 계룡산길 125,35.7832069,127.1042419
상산카써비스,전라북도,전주시,완산구 용리로 57-8,35.7990507,127.1160713
수전카센타,전라북도,전주시,완산구 서곡3길 14-27,35.8367226,127.1006833
쾌남카써비스,전라북도,전주시,완산구 난전들로 20,35.7782831,127.1267112
용범자동차공업사,전라북도,전주시,완산구 중앙반길 5,35.7963813,127.0873773
carpos서신점,전라북도,전주시,완산구 유연로 321,35.8255452,127.1208382
영광모터스,전라북도,전주시,완산구 전룡로 60,35.8270248,127.1197858
오토살롱,전라북도,전주시,완산구 장승배기로 315,35.8010986,127.1457908
태풍카모터스,전라북도,전주시,완산구 안행로 56,35.8016028,127.1340691
스마일카써비스,전라북도,전주시,완산구 공북로 75,35.8261922,127.139885
현 모터스,전라북도,전주시,완산구 안행로 31,35.8009757,127.131465
왜관정비공장,경상북도,칠곡군,왜관읍 현대로 40-29,35.9823179,128.427154
대성종합자동차정비공장,경상북도,칠곡군,왜관읍 구상길 137,35.9788645,128.3950242
신영자동차정비공장,경상북도,칠곡군,약목면 약목로 34-6(30),36.0308267,128.3701615
(주)신동명종합정비,경상북도,칠곡군,동명면 금암중앙길 71-1,35.9854839,128.5535562
약목소형정비공장,경상북도,칠곡군,약목면 칠곡대로 724,36.0310457,128.3708417
신동카센타,경상북도,칠곡군,지천면 신동로 78-30,35.9545067,128.4795826
현대자동차왜관점,경상북도,칠곡군,왜관읍 관문로 148-5,35.9878119,128.4106971
평화모터랜드,경상북도,칠곡군,약목면 칠곡대로 432,36.0455152,128.3445429
삼진자동차부분정비업소,경상북도,칠곡군,왜관읍 군청2길 15,35.9955675,128.4024904
오토오아시스 왜관점,경상북도,칠곡군,왜관읍 평장4길 7,35.9880444,128.4083819
아진전문정비,경상북도,칠곡군,가산면 인동가산로 796-3,36.0990321,128.496613
애니카랜드 석적점,경상북도,칠곡군,석적읍 서중리1길 10,36.0781278,128.4022036
토탈카클럽,경상북도,칠곡군,왜관읍 석전로3길 1,35.9989797,128.4041125
VIP자동차부분정비업소,경상북도,칠곡군,왜관읍 군청4길 18,35.9985466,128.4012144
동일자동차부분정비,경상북도,칠곡군,약목면 약목로 108-9,36.0355568,128.3654512
순정모터스,경상북도,칠곡군,왜관읍 공단로 133,35.9654373,128.4111256
대성자동차부분정비,경상북도,칠곡군,가산면 경북대로 1563,36.0853535,128.5380332
왜관공단자동차부분정비,경상북도,칠곡군,왜관읍 공단로 5,35.9602882,128.3984212
우정친절카정비센타,경상북도,칠곡군,약목면 남계2길 20-16,36.0313682,128.3655609
전광사자동차부분정비,경상북도,칠곡군,왜관읍 중앙로 251,35.9971883,128.3983901
삼일카서비스,경상북도,칠곡군,왜관읍 관문로 110,35.9884999,128.4066808
천평자동차부분정비업소,경상북도,칠곡군,가산면 경북대로 1582,36.0870227,128.5389129
BB모터스,경상북도,칠곡군,북삼읍 인평중앙로 60,36.0648478,128.3438207
21C카센타,경상북도,칠곡군,왜관읍 석전로1길 5,35.9984668,128.4026817
진모터스자동차정비,경상북도,칠곡군,북삼읍 북삼로 62,36.0730028,128.3415918
금호타이어왜관대리점,경상북도,칠곡군,왜관읍 중앙로 259,35.9977555,128.3977104
천평자동차소형정비공장,경상북도,칠곡군,가산면 천평리 8,36.0957548,128.5325048
애니카랜드 칠곡점,경상북도,칠곡군,왜관읍 공단로 9,35.9603463,128.398839
한국지엠왜관바로서비스,경상북도,칠곡군,왜관읍 관문로 24,35.9874495,128.397256
㈜한국에스브이엠,경상북도,칠곡군,가산면 진목정동길 58,36.0592336,128.537852
오토샵부분정비,경상북도,칠곡군,석적읍 북중리3길 49,36.0791216,128.411036
로얄자동차정비,경상북도,칠곡군,북삼읍 금오대로 284,36.0701958,128.3482182
강북종합자동차정비,경상북도,칠곡군,동명면 경북대로 48,35.9656652,128.5524163
다부카부분정비,경상북도,칠곡군,가산면 다부원1길 59,36.0460934,128.5202398
3공단자동차정비공장,경상북도,칠곡군,석적읍 유학로 126,36.0741822,128.4225318
윤성카부분정비,경상북도,칠곡군,왜관읍 석전로 89,36.0003223,128.4072689
왜관현대종합정비,경상북도,칠곡군,기산면 칠곡대로 1279,35.9894448,128.3873798
미래카부분정비,경상북도,칠곡군,석적읍 유학로 74,36.0761697,128.4169768
두원자동차정비,경상북도,칠곡군,약목면 약목로 97-3,36.034965,128.3646003
가야자동차시스템2호점,경상북도,칠곡군,왜관읍 2번도로길 103,35.9968879,128.3972324
동화자동차정비,경상북도,칠곡군,석적읍 대교길 40,36.0760888,128.3969638
경북자동차공업사,경상북도,칠곡군,왜관읍 석전로10길 94,35.9968294,128.4062776
조은카서비스,경상북도,칠곡군,북삼읍 북삼로 12,36.0700334,128.3457363
오토오아시스 석적점,경상북도,칠곡군,석적읍 유학로 2,36.0800709,128.4105891
뉴신일자동차부분정비,경상북도,칠곡군,약목면 관호8길 25-17,36.0009604,128.3903633
애니카랜드 왜관점,경상북도,칠곡군,왜관읍 석전로 42,35.997754,128.4031471
스피드카정비,경상북도,칠곡군,왜관읍 평장4길 32,35.9858393,128.4078023
달구벌자동차부분정비,경상북도,칠곡군,왜관읍 삼청리 496-3,35.9836943,128.4266115
약목한국타이어대리점,경상북도,칠곡군,약목면 약목로 32,36.0307938,128.3697405
대경1급종합자동차정비,경상북도,칠곡군,왜관읍 현대로 24,35.9834211,128.4269239
대구카서비스,경상북도,칠곡군,왜관읍 공단로4길 6,35.9681253,128.4185013
뉴대경자동차정비센타,경상북도,칠곡군,동명면 경북대로 252,35.9833547,128.5568173
지엔비모터스,경상북도,칠곡군,지천면 금호로 296,35.9571674,128.4469996
제일카써비스,경상북도,칠곡군,동명면 금암동석4길 1-1,35.9829122,128.5555961
은성카부분정비,경상북도,칠곡군,왜관읍 칠곡대로 1901,35.9735051,128.4340443
영남종합정비공장,경상북도,칠곡군,석적읍 중지3길 76-10,36.0240679,128.4194037
금호상사,경상북도,칠곡군,석적읍 석적로 1017-14,36.078393,128.4000562
아진보링,경상북도,칠곡군,가산면 인동가산로 796-3,36.0990321,128.496613
오토마스타,경상북도,칠곡군,북삼읍 금오대로 238,36.0666797,128.3464414
삼화자동차정비,경상북도,칠곡군,석적읍 북중리7길 30,36.0773454,128.4100558
수레자동차전문정비,경상북도,칠곡군,왜관읍 석전로10길 40,35.9996442,128.4109265
스카이자동차정비,경상북도,칠곡군,북삼읍 금오대로 230,36.0659482,128.3462268
Mr Lee's Auto Repair Shop,경상북도,칠곡군,왜관읍 석전로 106,36.0006138,128.4089691
한국타이어왜관대리점,경상북도,칠곡군,왜관읍 달오3길 20,35.9788344,128.4005705
스피드메이트왜관점,경상북도,칠곡군,왜관읍 중앙로 162-2,35.9892982,128.4000365
현대서비스가산정비공장,경상북도,칠곡군,가산면 송학리 276,36.1051248,128.5183422
명성자동차전문정비,경상북도,칠곡군,북삼읍 금오대로 136,36.0578306,128.344821
(주)북부모터스,경상북도,칠곡군,지천면 연화리 441-1,35.9719419,128.4375724
우성카센타,경상북도,칠곡군,왜관읍 석전로6길 15,35.9989779,128.4078324
기아오토큐왜관점,경상북도,칠곡군,왜관읍 전원4길 19,35.9811399,128.4008161
북삼밧데리,경상북도,칠곡군,약목면 금오대로 15,36.0470509,128.3450548
북삼현대서비스,경상북도,칠곡군,북삼읍 금오대로 120,36.0565606,128.3449984
투컴(TO COME)자동차정비,경상북도,칠곡군,"북삼읍 북삼로 105, 107동",36.0707771,128.3382486
애니카랜드 북삼점,경상북도,칠곡군,북삼읍 금오대로2길 41,36.0672658,128.3498226
스피드메이트석적점,경상북도,칠곡군,석적읍 서중리1길 22,36.0775753,128.4034463
첨단카프랜드,경상북도,칠곡군,북삼읍 인강1길 49,36.0656596,128.3382962
우리자동차정비센타,경상북도,칠곡군,석적읍 석적로 946,36.0747346,128.3938255
영보카센타,경상북도,칠곡군,왜관읍 현대로 40-42,35.9817284,128.4257787
주식회사 광림특수,경상북도,칠곡군,동명면 경북대로 849,36.0345978,128.5395459
prove design,경상북도,칠곡군,석적읍 장곡길 139-1,36.0753408,128.4099544
경안종합정비,경상북도,칠곡군,왜관읍 현대로 75,35.9869844,128.4298251
대왕카정비,경상북도,칠곡군,북삼읍 북삼로 43,36.071514,128.3425595
스피드모터스,경상북도,칠곡군,석적읍 동중리9길 28,36.0766838,128.4176694
클리어모터스,경상북도,칠곡군,왜관읍 2산업단지1길 41,35.9374544,128.4071799
한국도로공사경북자동차종합정비공장,경상북도,칠곡군,왜관읍 현대로 27,35.9846527,128.4265997
유성카중기,경상북도,칠곡군,북삼읍 칠곡대로 61,36.0564621,128.3060518
대우트럭대구경북판매주식회사,경상북도,칠곡군,왜관읍 칠곡대로 1921,35.9725158,128.4362948
신성카모터스,경상북도,칠곡군,북삼읍 북삼로 153,36.0675058,128.3345825
(주)삼일기업 삼일타이어,경상북도,칠곡군,왜관읍 금산리 854-1,35.9558655,128.3993926
금곡카,경상북도,칠곡군,북삼읍 칠곡대로 67,36.056266,128.3067554
황금카센타,경상북도,칠곡군,지천면 신동로1길 1,35.9566819,128.4792545
동서카서비스,경상북도,칠곡군,동명면 금암중앙길 25-3,35.9811262,128.5534255
동명밧데리,경상북도,칠곡군,동명면 금암중앙길 96,35.9872582,128.5540589
건륭윙바디종합정비㈜,경상북도,칠곡군,지천면 금호로2길 10,35.9604614,128.4411385
세종자동차정비,경상북도,칠곡군,북삼읍 율리 121-14,36.0604633,128.3528125
싸다모터스,경상북도,칠곡군,북삼읍 북삼로 198,36.064189,128.3329736
수정카,경상북도,칠곡군,왜관읍 삼청6길 10,35.9732035,128.4359285
르노삼성자동차 지정정비코너(왜관점),경상북도,칠곡군,왜관읍 관문로 11,35.9882447,128.3963611
미래정비,경상북도,칠곡군,약목면 교8길 59-6,36.0506925,128.350328
에이스정비센타,경상북도,칠곡군,약목면 약목로 108,36.0358651,128.3645281
진모터스,경상북도,칠곡군,석적읍 북중리4길 3,36.0757008,128.4079389
OK카프라자,경상북도,칠곡군,왜관읍 관문로 103,35.9889955,128.4059067
쌍용자동차왜관서비스프라자,경상북도,칠곡군,왜관읍 중앙로 38,35.978207,128.399082
연합카모터스,경상북도,칠곡군,석적읍 남중리2길 16,36.0741287,128.408073
대성자동차보링공장,경상북도,칠곡군,약목면 교리 510-543,36.0482091,128.364043
호룡영남특장,경상북도,칠곡군,지천면 금호로1길 37-23,35.9563687,128.4407826
신세계정비센터,경상북도,칠곡군,석적읍 남중리4길 3,36.0743201,128.4097937
자동차마을,경상북도,칠곡군,지천면 신리 287-2,35.9555737,128.4923633
동양자동차종합정비,경상북도,칠곡군,지천면 금호로 221,35.9517622,128.4442301
깜장타이어,경상북도,칠곡군,석적읍 북중리3길 8-1,36.0760903,128.4083869
(주)광일상운,경상북도,칠곡군,동명면 동명팔거천2길 59-8,35.9898287,128.5503985
대영타이어랜드,경상북도,칠곡군,왜관읍 평장4길 6,35.988297,128.407919
THE TIRE SHOP,경상북도,칠곡군,왜관읍 칠곡대로 1738,35.9839741,128.4225187
KS셀프카,경상북도,칠곡군,왜관읍 달오1길 10-3,35.9758314,128.4000303
(주)국제상사,경상북도,칠곡군,동명면 경북대로 16,35.9628327,128.5518182
멘토 모터스,경상북도,칠곡군,석적읍 석적로 1017-1,36.0780956,128.3989645
대원자동차정비,경상북도,칠곡군,"약목면 칠곡대로 719, 3동",36.0320703,128.3708284
타이어테크 북삼점,경상북도,칠곡군,북삼읍 금오대로 223,36.0654343,128.3452624
(주)엠비대경,경상북도,칠곡군,왜관읍 공단로 60(60-1),35.9609628,128.4047878
영원카센터,경상북도,칠곡군,"동명면 금암동석4길 29, 1층",35.9848943,128.5541606
스카이특장,경상북도,칠곡군,왜관읍 강변대로 821,35.9510518,128.3996123
남구미특장,경상북도,칠곡군,북삼읍 강변서로 415,36.0483595,128.3942464
고속자동차정비,경상북도,칠곡군,약목면 칠곡대로 814,36.0252834,128.3769171
88고속전문정비,경상북도,칠곡군,가산면 송신로 39,36.0894151,128.5351136
월드자동차정비,경상북도,칠곡군,왜관읍 현대로 6,35.9826953,128.4252392
T-R-S motors,경상북도,칠곡군,약목면 교8길 39-4,36.0499122,128.3482538
황보자동차정비,경상북도,칠곡군,"석적읍 남율로15길 15, 주2동",36.0675836,128.4044466
(주)엠트럭서비스,경상북도,칠곡군,왜관읍 현대로 74,35.9860813,128.4303078
명문특장,경상북도,칠곡군,왜관읍 공단로13길 16,35.9630595,128.4096317
팍스개러지,경상북도,칠곡군,왜관읍 석전로10길 57,35.9984209,128.4093635
(주)보람전자,경상북도,칠곡군,동명면 봉암7길 63,35.9655158,128.5501458
부성모터스,경상북도,칠곡군,약목면 복성15길 15,36.0445685,128.344015
북삼종합정비공장,경상북도,칠곡군,약목면 칠곡대로 412,36.0462402,128.3423777
주식회사 비에스코리아,경상북도,칠곡군,왜관읍 아곡8길 39,36.0210925,128.4315174
금호타이어남율점,경상북도,칠곡군,석적읍 남율로 57,36.0670096,128.4061306
무성자동차정비,경상북도,칠곡군,왜관읍 군청4길 23,35.9985674,128.4002485
홍특장,경상북도,칠곡군,지천면 금송로 329-8,35.9508143,128.4503798
(주)에이비씨인프라,경상북도,칠곡군,지천면 금호로1길 37-15,35.956386,128.4411039
(주)영남종합정비,경상북도,칠곡군,지천면 금호로 272,35.9614608,128.4510123
대남특장,경상북도,칠곡군,가산면 경북대로 1278,36.0597095,128.5370271
석적점 기아오토큐,경상북도,칠곡군,석적읍 석적로 919,36.0723487,128.3941194
북삼카 오일전문점,경상북도,칠곡군,북삼읍 북삼로 140,36.0688049,128.3351859
McQueen moters,경상북도,칠곡군,지천면 용산로 72,35.9051543,128.4981605
석적바른정비,경상북도,칠곡군,석적읍 석적로 969,36.0766007,128.3945646
스틸아트모터스,경상북도,칠곡군,지천면 금호로1길 14,35.9563609,128.4445076
동원카모터스,경상북도,칠곡군,북삼읍 숭오리 18-2,36.0676374,128.3352475
금곡카전문정비,경상북도,칠곡군,왜관읍 금산리 448-14,35.9640442,128.4082286
신우보링,경상북도,칠곡군,왜관읍 금산리 381-3,35.9662205,128.4113499
우리모터스,경상북도,칠곡군,북삼읍 칠곡대로 188,36.0533947,128.3191972
