Office_Name,County,City,Address,Latitude,Longitude
서울지방우정청,서울특별시,종로구,"종로 6 (서린동, 서울지방우정청)",37.5698231,126.9781051
동국대학교우편취급국,서울특별시,중구,"필동로1길 30 (장충동2가,동국대학교)",37.5582582,127.0001869
서울소공동우체국,서울특별시,중구,남대문로1길 34 (북창동),37.5625788,126.9775945
서울신당1동우편취급국,서울특별시,중구,다산로29길 23 (신당동),37.5612341,127.0126897
서울신당동우체국,서울특별시,중구,다산로 128-8 (신당동),37.5548943,127.0113012
서울신당현대우편취급국,서울특별시,중구,다산로36나길 7 (신당동),37.5605415,127.0195453
서울역전우체국,서울특별시,중구,통일로 21 (봉래동2가),37.5575875,126.9714134
서울을지로4가우체국,서울특별시,중구,을지로 154-2 (을지로4가),37.5661993,126.9951756
서울중앙우체국,서울특별시,중구,소공로 70 (충무로1가),37.5615629,126.9821154
서울충무로2가우체국,서울특별시,중구,삼일대로6길 5 (충무로2가),37.562547,126.9893235
서울태평로우체국,서울특별시,중구,칠패로 42 (봉래동1가),37.5594488,126.9735861
서울퇴계로5가우체국,서울특별시,중구,퇴계로 270 (장충동2가),37.562745,127.0016684
서울회현동우편취급국,서울특별시,중구,퇴계로6길 18 (남창동),37.5574259,126.9784135
서울흥인동우체국,서울특별시,중구,다산로 253 (흥인동),37.565656,127.0159219
광화문우체국,서울특별시,종로구,"종로 6 (서린동,광화문우체국)",37.5698231,126.9781051
상명대학교우편취급국,서울특별시,종로구,"홍지문2길 20 (홍지동,상명대학교)",37.6027666,126.9551533
서울내수동우편취급국,서울특별시,종로구,"새문안로3길 30, 지하121호",37.5727373,126.9733705
서울대학교병원우편취급국,서울특별시,종로구,대학로 101 (연건동),37.5797151,126.9990168
서울삼청동우체국,서울특별시,종로구,북촌로 112 (삼청동),37.586936,126.9850141
서울세검정우체국,서울특별시,종로구,세검정로 258 (신영동),37.6013978,126.9612853
서울숭인동우체국,서울특별시,종로구,지봉로 88 (숭인동),37.5780193,127.0155758
서울안국동우체국,서울특별시,종로구,율곡로 49 (안국동),37.576493,126.9847961
서울종로2가우체국,서울특별시,종로구,종로17길 8 (종로2가),37.5707233,126.9889815
서울종로5가우체국,서울특별시,종로구,종로 207-1 (종로5가),37.5711805,127.0008932
서울종로6가우편취급국,서울특별시,종로구,종로41길 36,37.5728892,127.0066139
서울창신1동우편취급국,서울특별시,종로구,종로 328 (창신동),37.5723812,127.0142974
서울창신2동우편취급국,서울특별시,종로구,"낙산길 198 (창신동,쌍용아파트)",37.5807661,127.0110855
서울통의동우체국,서울특별시,종로구,자하문로 30 (통의동),37.5787962,126.9718896
서울혜화동우체국,서울특별시,종로구,혜화로 1 (혜화동),37.585888,127.0007283
서울홍파동우편취급국,서울특별시,종로구,"송월길 99, 경희궁자이아파트 202동 상가 145호 (홍파동, 경희궁자이2단지)",37.5708754,126.9638824
성균관대학교우편취급국,서울특별시,종로구,"성균관로 25-2 (명륜3가,성균관대학교)",37.5879535,126.9921594
정부서울청사우편취급국,서울특별시,종로구,"세종대로 209 (세종로, 정부서울청사)",37.5749805,126.9751709
한국방송통신대학교우편취급국,서울특별시,종로구,대학로 86(동숭동),37.5793538,127.0033287
경찰청우편취급국,서울특별시,서대문구,"통일로 97 (미근동, 경찰청)",37.5633647,126.9674929
명지대학교우편취급국,서울특별시,서대문구,"거북골로 34 (남가좌동,명지대학교)",37.580597,126.9230255
서대문우체국,서울특별시,서대문구,"성산로20길 9(창천동,서대문우체국)",37.5608382,126.9320955
서울남가좌1동우편취급국,서울특별시,서대문구,모래내로 143 (남가좌동),37.5695278,126.9172637
서울독립문우편취급국,서울특별시,서대문구,독립문공원길 13 (현저동),37.5719126,126.9585393
서울모래내우체국,서울특별시,서대문구,거북골로 160 (북가좌동),37.5759833,126.9123375
서울미근동우편취급국,서울특별시,서대문구,"서소문로 21 (충정로3가,충정타워빌딩)",37.5598996,126.964101
서울신촌우체국,서울특별시,서대문구,신촌로 161 (대현동),37.5569318,126.9438923
서울연세대학교우체국,서울특별시,서대문구,연세로 50 (신촌동),37.5671131,126.9390292
서울연희동우체국,서울특별시,서대문구,증가로 12 (연희동),37.5695763,126.9316223
서울충정로우체국,서울특별시,서대문구,통일로 127 (충정로2가),37.5658602,126.966016
서울홍은2동우편취급국,서울특별시,서대문구,연희로 261-28 (홍은동),37.5798168,126.9345514
서울홍은미성우편취급국,서울특별시,서대문구,연희로41길 37 (홍은동),37.5903761,126.935241
서울홍제3동우편취급국,서울특별시,서대문구,간호대로 11-24 (홍제동),37.5958996,126.9480118
서울홍제동우체국,서울특별시,서대문구,통일로 419 (홍제동),37.5867116,126.9461098
이화여자대학교우편취급국,서울특별시,서대문구,"이화여대길 52 학생문화관 104호 (대현동, 이화여자대학교)",37.5617396,126.9472448
서강대학교우편취급국,서울특별시,마포구,"백범로 35 (신수동,서강대학교)",37.5517132,126.9410634
서울공덕2동우편취급국,서울특별시,마포구,마포대로14길 14-1 (공덕동),37.5483036,126.9561379
서울노고산동우편취급국,서울특별시,마포구,백범로1길 18 (노고산동),37.5546305,126.9379718
서울대흥동우편취급국,서울특별시,마포구,백범로17길 3(대흥동 198-1),37.5474418,126.9436609
서울도화동우편취급국,서울특별시,마포구,삼개로 24 용현빌딩(도화동 288-1),37.5380811,126.9472545
서울동교동우편취급국,서울특별시,마포구,신촌로4길 3 (동교동),37.5576869,126.9287595
서울마포우체국,서울특별시,마포구,"마포대로 89 (도화동, POSTTOWER)",37.5432405,126.9497967
서울망원동우편취급국,서울특별시,마포구,"망원로 49 ,1층 (망원동, 망원빌딩)",37.5569401,126.9022362
서울상암동우편취급국,서울특별시,마포구,월드컵북로 348 (상암동),37.5767334,126.8935385
서울상암디지털우체국,서울특별시,마포구,상암산로1길 75 (상암동),37.5806023,126.8832974
서울서교동우체국,서울특별시,마포구,양화로 62 (서교동),37.5503711,126.9156719
서울서부지방법원우체국,서울특별시,마포구,마포대로 174 (공덕동),37.5489952,126.9554886
서울성산2동우체국,서울특별시,마포구,월드컵북로 227 (성산동),37.5695661,126.9035077
서울성산동우체국,서울특별시,마포구,월드컵북로 112 (성산동),37.5633916,126.9138825
서울성산유원우편취급국,서울특별시,마포구,월드컵북로26길 17 (성산동),37.5674103,126.9111764
서울신수동우편취급국,서울특별시,마포구,신수로 46 (신수동),37.545736,126.934495
서울아현동우체국,서울특별시,마포구,신촌로 266 (아현동),37.5570846,126.9551484
서울용강동우편취급국,서울특별시,마포구,토정로 277 (용강동),37.5421941,126.940645
서울창전동우체국,서울특별시,마포구,독막로 109 (상수동),37.548146,126.9258756
서울갈현1동우편취급국,서울특별시,은평구,갈현로 277 (갈현동 434-4),37.6216642,126.9165869
서울갈현동우체국,서울특별시,은평구,서오릉로 190 (갈현동 489-5),37.61369,126.9125522
서울녹번동우편취급국,서울특별시,은평구,"진흥로 184-1 (녹번동, 대원빌딩)",37.6082488,126.9300529
서울대조동우체국,서울특별시,은평구,통일로71길 20(대조동 84-113),37.6128763,126.926721
서울불광2동우편취급국,서울특별시,은평구,통일로80길 15 (불광동 312-70),37.6203192,126.9221284
서울수색우체국,서울특별시,은평구,수색로 248 (수색동 101-7),37.5817602,126.8965598
서울신사미성우편취급국,서울특별시,은평구,은평터널로7길 2 (신사동 358),37.5925612,126.9061721
서울역촌동우편취급국,서울특별시,은평구,갈현로 94 (역촌동 50-55),37.606324,126.9107551
서울연신내우체국,서울특별시,은평구,연서로 306 (불광동 123-1),37.6226848,126.9275572
서울은평우체국,서울특별시,은평구,진관2로 29-8 (진관동 77),37.6354275,126.9206159
서울응암1동우체국,서울특별시,은평구,"은평로 170 (응암동,상현빌딩)",37.601101,126.9266658
서울응암동우체국,서울특별시,은평구,응암로 214 (응암동 576-37),37.5907821,126.9179192
경희대학교우편취급국,서울특별시,동대문구,"경희대로 26 (회기동,경희대학교)",37.5964494,127.0525009
동대문우체국,서울특별시,동대문구,"천호대로 4 (신설동, 117-23)",37.5749681,127.0239418
서울답십리우편취급국,서울특별시,동대문구,"황물로 103, 101호 (답십리동)",37.569628,127.051525
서울시립대학교우편취급국,서울특별시,동대문구,"서울시립대로 163, 서울시립대학교 자연과학관 (전농동)",37.583639,127.0588564
서울용두1동우편취급국,서울특별시,동대문구,"정릉천동로 58 상가 113호 (용두동,롯데캐슬피렌체아파트)",37.5772496,127.0357739
서울이문동우체국,서울특별시,동대문구,이문로 133 (이문동),37.5985345,127.0611811
서울장안2동우체국,서울특별시,동대문구,사가정로 240 (장안동),37.578587,127.0715823
서울장안동우체국,서울특별시,동대문구,한천로14길 53 (장안동),37.5668646,127.0657056
서울전농동우체국,서울특별시,동대문구,전농로 131 (전농동),37.5767556,127.0575406
서울제기2동우편취급국,서울특별시,동대문구,"안암로 86-1 1층 1호 (제기동, 서울제기2동우편취급국)",37.583518,127.0305937
서울제기동우체국,서울특별시,동대문구,고산자로 476 (제기동),37.5821386,127.0389184
서울청량리우체국,서울특별시,동대문구,홍릉로 10 (청량리동),37.5812886,127.0451464
서울휘경동우체국,서울특별시,동대문구,회기로 201 (휘경동),37.5903568,127.0581719
한국외국어대학교우편취급국,서울특별시,동대문구,"이문로 107 (이문동,한국외국어대학교)",37.5973078,127.0582878
서울망우1동우체국,서울특별시,중랑구,망우로 447 (망우동),37.600413,127.1016442
서울면목2동우편취급국,서울특별시,중랑구,중랑천로 64 (면목동),37.5910405,127.0733134
서울면목동우체국,서울특별시,중랑구,"면목로 344 (면목동,면목우체국)",37.5826026,127.088892
서울묵동우체국,서울특별시,중랑구,"동일로 895 (묵동,묵동우체국)",37.6103705,127.0774524
서울상봉1동우편취급국,서울특별시,중랑구,상봉중앙로1길 12 (상봉동),37.5996326,127.0874444
서울신내1동우편취급국,서울특별시,중랑구,"봉화산로 221 (신내동,동성타워프라자)",37.6079832,127.0973066
서울신내동우체국,서울특별시,중랑구,신내로17길 112 (신내동),37.6170579,127.090482
서울중랑우체국,서울특별시,중랑구,망우로 271 (상봉동),37.5959175,127.0828423
서울중화동우체국,서울특별시,중랑구,"동일로 784 (중화동,중화동우체국)",37.6005218,127.0800325
서울강동우체국,서울특별시,강동구,양재대로112길 57 (길동),37.5363089,127.1430813
서울강일동우체국,서울특별시,강동구,아리수로91길 12 (강일동),37.5647125,127.1734236
서울고덕동우체국,서울특별시,강동구,고덕로80길 8 (상일동),37.5561432,127.165174
서울고덕시영우편취급국,서울특별시,강동구,동남로81길 36 (고덕동),37.5601262,127.1547222
서울둔촌2동우편취급국,서울특별시,강동구,"양재대로102길 11 (둔촌동,광남캐스빌아파트)",37.5325834,127.1391049
서울명일동우체국,서울특별시,강동구,구천면로 424-9 (명일동),37.5503475,127.1455974
서울명일삼익우편취급국,서울특별시,강동구,"천중로51길 102 (명일동,금정빌딩)",37.5453737,127.1452155
서울명일현대우편취급국,서울특별시,강동구,"동남로71길 23 (명일동,한양아파트)",37.5514574,127.1547493
서울상일동우체국,서울특별시,강동구,상일로 9 (상일동),37.5479307,127.173106
서울성내1동우편취급국,서울특별시,강동구,성내로 67 (성내동),37.5279863,127.1276714
서울성내동우체국,서울특별시,강동구,양재대로 1309 (성내동),37.5234301,127.1342071
서울암사3동우편취급국,서울특별시,강동구,"고덕로27길 19 (암사동, 용성빌딩)",37.5557828,127.1375673
서울천호3동우편취급국,서울특별시,강동구,성안로 191 (천호동),37.5401195,127.1364924
서울천호동우체국,서울특별시,강동구,구천면로 188 (천호동),37.5407352,127.1255061
군인공제회우편취급국,서울특별시,강남구,남부순환로 2806 (도곡동),37.4891028,127.0529204
서울AID우편취급국,서울특별시,강남구,삼성로 635 (삼성동),37.5165525,127.0510481
서울강남우체국,서울특별시,강남구,개포로 619 (개포동),37.4935823,127.0781374
서울개포1동우체국,서울특별시,강남구,선릉로 36 (개포동),37.4830092,127.0605213
서울개포현대우편취급국,서울특별시,강남구,개포로17길 6 (개포동),37.4789846,127.0465292
서울논현2동우편취급국,서울특별시,강남구,언주로148길 31-1 (논현동),37.5212942,127.0370258
서울논현거평우편취급국,서울특별시,강남구,봉은사로 129 (논현동),37.5059195,127.028339
서울논현동우체국,서울특별시,강남구,학동로 212 (논현동),37.514067,127.0325316
서울대치4동우편취급국,서울특별시,강남구,"도곡로 413(삼환쏘굿주상복합) 101호 (대치동, 삼환SOGOOD)",37.4975765,127.0557518
서울대치동아우편취급국,서울특별시,강남구,역삼로71길 12 (대치동),37.5026688,127.0545839
서울대치우성우편취급국,서울특별시,강남구,남부순환로 2917 (대치동),37.4931523,127.059201
서울도곡서린우편취급국,서울특별시,강남구,"도곡로28길 8, 도곡1차아이파크 상가내",37.4923731,127.043449
서울도곡한신우편취급국,서울특별시,강남구,논현로38길 38- 4 2층 (도곡동),37.4853309,127.0448187
서울무역센터우체국,서울특별시,강남구,영동대로 513 (삼성동),37.5116621,127.0594274
서울미성우편취급국,서울특별시,강남구,압구정로 134 (신사동),37.5243554,127.023528
서울삼성2동우편취급국,서울특별시,강남구,삼성로107길 5(삼성동 120-1),37.5114517,127.0534723
서울삼성동우체국,서울특별시,강남구,선릉로 572 (삼성동),37.5095492,127.0444252
서울상록회관우체국,서울특별시,강남구,언주로 508 (역삼동),37.5039782,127.0429336
서울수서동우체국,서울특별시,강남구,광평로 303 (수서동),37.4887135,127.1050561
서울신사현대우편취급국,서울특별시,강남구,강남대로 620 (신사동),37.5171485,127.0197123
서울압구정우편취급국,서울특별시,강남구,압구정로 332 (신사동),37.5282481,127.0378507
서울역삼1동우체국,서울특별시,강남구,테헤란로 131 (역삼동),37.5000693,127.0329295
서울역삼2동우체국,서울특별시,강남구,역삼로 239 (역삼동),37.4977054,127.0425237
서울역삼성보우편취급국,서울특별시,강남구,선릉로 519 (역삼동),37.5058735,127.0480302
서울역삼우성우편취급국,서울특별시,강남구,테헤란로4길 46 (역삼동),37.4955423,127.0304041
서울역삼한라우편취급국,서울특별시,강남구,"봉은사로30길 42, 1층",37.5046819,127.0359012
서울영동시장우편취급국,서울특별시,강남구,"학동로4길 8, 2F (논현동)",37.5109284,127.0228883
서울은마아파트우체국,서울특별시,강남구,"삼성로 212 (대치동,은마아파트)",37.4977415,127.0650701
서울일원동우체국,서울특별시,강남구,양재대로55길 20 (일원동),37.4922045,127.0878227
서울일원본동우체국,서울특별시,강남구,광평로20길 8 (일원동),37.4830887,127.0866068
서울청담우편취급국,서울특별시,강남구,학동로101길 26 (청담동),37.5224875,127.0577062
서울청담청하우편취급국,서울특별시,강남구,도산대로 507 (청담동),37.5247587,127.0485533
서울해청아파트우편취급국,서울특별시,강남구,학동로56길 45 (삼성동),37.5143582,127.0434184
고려대학교우체국,서울특별시,성북구,안암로 145 (안암동5가),37.5899103,127.0318122
국민대학교우편취급국,서울특별시,성북구,"정릉로 77 (정릉동,국민대학교)",37.6108107,126.9969024
서경대학교우편취급국,서울특별시,성북구,"서경로 124 (정릉동,서경대학교)",37.6150457,127.0133575
서울돈암동우체국,서울특별시,성북구,"보문로 178, 2층 (삼선동4가)",37.5902029,127.0157115
서울동소문동우체국,서울특별시,성북구,성북로2길 31 (동소문동1가),37.5896521,127.0074084
서울삼익아파트우편취급국,서울특별시,성북구,"안암로9길 30 (안암동3가,삼익아파트)",37.5814783,127.0249527
서울석관1동우편취급국,서울특별시,성북구,한천로 584 (석관동),37.611652,127.0621753
서울석관동우체국,서울특별시,성북구,화랑로 203 (장위동),37.6087723,127.0524358
서울성북2동우편취급국,서울특별시,성북구,성북로 59 (성북동),37.5926527,127.0019156
서울성북우체국,서울특별시,성북구,동소문로 310 (하월곡동),37.6072897,127.0294028
서울월곡1동우편취급국,서울특별시,성북구,화랑로5길 90 (하월곡동),37.6061997,127.0405778
서울장위1동우편취급국,서울특별시,성북구,장위로 60 (장위동),37.6138207,127.0432679
서울장위동우체국,서울특별시,성북구,돌곶이로28길 3 (장위동),37.612536,127.058735
서울정릉우체국,서울특별시,성북구,보국문로 12 (정릉동),37.6056801,127.0115103
서울종암동우체국,서울특별시,성북구,종암로 64 (종암동),37.5960382,127.0358576
한성대학교우편취급국,서울특별시,성북구,삼선교로16길 116 (삼선동2가),37.5825084,127.0102929
가톨릭의과대학우편취급국,서울특별시,서초구,"반포대로 222 (반포동,가톨릭대학교성의교정)",37.5017271,127.0047035
서울가정행정법원출장소,서울특별시,서초구,강남대로 193 (양재동),37.4811735,127.0365239
서울교대역우편취급국,서울특별시,서초구,반포대로28길 72 (서초동),37.491645,127.012383
서울대법원우편취급국,서울특별시,서초구,서초대로 219 (서초동),37.4926457,127.0051584
서울무지개우편취급국,서울특별시,서초구,효령로77길 34 b105 (서초동),37.4919942,127.0288488
서울반포1동우편취급국,서울특별시,서초구,주흥1길 22 (반포동),37.5038431,127.0196445
서울반포4동우편취급국,서울특별시,서초구,서래로10길 1 (반포동),37.4994408,126.9985025
서울반포우체국,서울특별시,서초구,신반포로 131 (반포동),37.5045461,126.9987401
서울반포주공우편취급국,서울특별시,서초구,"서초중앙로 224, 한양상가 120호 (반포동,서초한양아파트상가)",37.5017532,127.0123013
서울방배1동우편취급국,서울특별시,서초구,"방배로13길 18 (방배동,방배아크로타워)",37.4831404,126.9953469
서울방배2동우편취급국,서울특별시,서초구,방배천로2길 39-15 (방배동),37.4772046,126.984634
서울방배3동우편취급국,서울특별시,서초구,"방배로6길 10-21 102호 (방배동, 평산빌딩)",37.4783117,127.0007161
서울방배동우체국,서울특별시,서초구,방배로 238 (방배동),37.4943983,126.9898057
서울법원청사우체국,서울특별시,서초구,서초중앙로 157 (서초동),37.4961787,127.0112577
서울서초1동우체국,서울특별시,서초구,효령로60길 13 (서초동),37.4849458,127.0187862
서울서초2동우편취급국,서울특별시,서초구,"서운로 19, 서초월드오피스텔 B1 (서초동)",37.4856054,127.0290813
서울서초3동우체국,서울특별시,서초구,반포대로 99 (서초동),37.4890686,127.0086214
서울서초우체국,서울특별시,서초구,동산로 19 (양재동),37.4698573,127.0412281
서울신반포우편취급국,서울특별시,서초구,"신반포로 177 (잠원동,반포쇼핑타운)",37.5060987,127.0034174
서울양재동우체국,서울특별시,서초구,남부순환로356길 5 (양재동),37.4847227,127.0377913
서울우면동우체국,서울특별시,서초구,태봉로 58 (우면동),37.4637943,127.0246515
서울잠원한신우편취급국,서울특별시,서초구,"강남대로95길 41, 양지빌딩 102호 (잠원동)",37.5130948,127.0179705
서울진흥아파트우편취급국,서울특별시,서초구,"서초대로 385, 진흥종합상가 2층 3호 (서초동,진흥아파트)",37.4973091,127.0228822
서울가든파이브우체국,서울특별시,송파구,충민로 66 (문정동),37.4776148,127.1249617
서울가락극동우편취급국,서울특별시,송파구,"동남로 208 (가락동,극동아파트)",37.4958154,127.1314466
서울가락본동우체국,서울특별시,송파구,송파대로30길 36 (가락동),37.4957515,127.1211122
서울거여동우체국,서울특별시,송파구,양산로 3 (거여동),37.4895679,127.1425937
서울동부지방법원우체국,서울특별시,송파구,"법원로 101 (문정동, 서울동부지방법원)",37.4833447,127.119679
서울마천동우체국,서울특별시,송파구,거마로20길 34 (마천동),37.4965048,127.1498321
서울문정건영우편취급국,서울특별시,송파구,새말로 103 (문정동),37.4828998,127.1256066
서울문정동우체국,서울특별시,송파구,중대로 20 (문정동),37.4901468,127.1115725
서울문정로데오우편취급국,서울특별시,송파구,동남로4길 10 (문정동),37.4891715,127.123921
서울방이동우체국,서울특별시,송파구,오금로 187 (방이동),37.5089936,127.1151475
서울삼전동우체국,서울특별시,송파구,백제고분로 256 (삼전동),37.5023281,127.0948158
서울삼전서호우편취급국,서울특별시,송파구,"삼전로12길 10, 1층 01호 (삼전동,경림빌딩)",37.5062131,127.0912341
서울송파1동우체국,서울특별시,송파구,백제고분로42길 5 (송파동),37.5059801,127.1097393
서울송파우체국,서울특별시,송파구,오금로 323 (오금동),37.5025521,127.1280429
서울송파한양우편취급국,서울특별시,송파구,송이로 26 (송파동),37.5027787,127.1164204
서울아산병원우편취급국,서울특별시,송파구,올림픽로43길 88 (풍납동),37.5265762,127.107935
서울오금대림우편취급국,서울특별시,송파구,마천로 61 (오금동),37.5082227,127.1274572
서울오륜동우체국,서울특별시,송파구,"양재대로 1218 (방이동,올림픽선수촌아파트)",37.5166909,127.1377122
서울위례동우편취급국,서울특별시,송파구,"위례광장로 290, 위례중앙푸르지오 2단지 상가동 제136호 (장지동, 위례중앙푸르지오2단지)",37.4747277,127.1428384
서울잠실2동우체국,서울특별시,송파구,올림픽로 107 (잠실동),37.5120921,127.0827498
서울잠실3동우체국,서울특별시,송파구,잠실로 51-33 (잠실동),37.5131351,127.0943755
서울잠실4동우체국,서울특별시,송파구,올림픽로35길 14,37.520109,127.1124279
서울잠실우성우편취급국,서울특별시,송파구,"올림픽로4길 48, 프리마상가 205 (잠실동,우성아파트)",37.5065324,127.0742699
서울장미아파트우편취급국,서울특별시,송파구,"올림픽로35길 124, 221호",37.5174925,127.1009378
서울풍납2동우편취급국,서울특별시,송파구,"올림픽로45길 19 (풍납동,풍성빌딩)",37.5271074,127.1158771
서울풍납동우체국,서울특별시,송파구,올림픽로 575 (풍납동),37.5333609,127.1211639
헬리오시티우편취급국,서울특별시,송파구,"송파대로 345, 헬리오시티 상가 1A동 2043호 (2층 43호) (가락동, 헬리오시티)",37.4976183,127.1072604
광운대학교우편취급국,서울특별시,노원구,"광운로 20 (월계동,광운대학교)",37.6197992,127.0584363
삼육대학교우체국출장소,서울특별시,노원구,"화랑로 815 (공릉동,삼육대학교)",37.6429794,127.1042695
삼육대학교우편취급국,서울특별시,노원구,"화랑로 815 제3과학관 지층 (공릉동, 삼육대학교)",37.6429794,127.1042695
서울공릉2동우편취급국,서울특별시,노원구,공릉로 168 (공릉동),37.624997,127.0800063
서울공릉동우체국,서울특별시,노원구,동일로 988 (공릉동),37.618462,127.0757271
서울과학기술대우편취급국,서울특별시,노원구,"공릉로 232 (공릉동,서울과학기술대학교)",37.6316217,127.0783723
서울노원역우편취급국,서울특별시,노원구,"노해로 492, 202호 (상계동,프린스빌딩)",37.6544635,127.0626968
서울노원우체국,서울특별시,노원구,중계로 123 (중계동),37.646262,127.0812091
서울상계10동우체국,서울특별시,노원구,노원로 510 (상계동),37.6609411,127.0626105
서울상계1동우체국,서울특별시,노원구,동일로 1632 (상계동),37.6741218,127.0557412
서울상계3동우체국,서울특별시,노원구,덕릉로113길 18 (상계동),37.6663045,127.0770732
서울상계5동우편취급국,서울특별시,노원구,한글비석로31길 19 (상계동),37.6609023,127.0697559
서울상계6동우체국,서울특별시,노원구,노해로 448 (상계동),37.6534316,127.0579396
서울상계8동우편취급국,서울특별시,노원구,"한글비석로 571 (상계동,상계주공아파트(10단지))",37.664176,127.0546229
서울상계미도우편취급국,서울특별시,노원구,덕릉로 459-37 (상계동),37.6469102,127.0597149
서울상계한양우편취급국,서울특별시,노원구,"동일로216길 92 (상계동,한양아파트)",37.6520525,127.0676313
서울수락산우체국,서울특별시,노원구,동일로 1693-6 (상계동),37.6796812,127.0548126
서울여자대학교우편취급국,서울특별시,노원구,"화랑로 621 (공릉동,서울여자대학교)",37.6280329,127.0904235
서울월계2동우체국,서울특별시,노원구,월계로 317 (월계동),37.6285017,127.0559244
서울월계3동우체국,서울특별시,노원구,마들로 57-1 (월계동),37.6209088,127.0690722
서울월계시영우편취급국,서울특별시,노원구,"월계로 370, 116호 (월계동,희성프라자)",37.6310464,127.0609491
서울중계3동우체국,서울특별시,노원구,공릉로 392 (중계동),37.6416813,127.0685982
서울중계동우체국,서울특별시,노원구,한글비석로 286 (중계동),37.6528861,127.0784457
서울하계시영우편취급국,서울특별시,노원구,"공릉로58길 78 (하계동,하정빌딩)",37.6354389,127.0727269
제77군사우편출장소,서울특별시,노원구,"화랑로 574, 육군사관학교 (공릉동)",37.6272436,127.1033264
LS용산타워우편취급국,서울특별시,용산구,한강대로 92 (한강로2가),37.5279871,126.9676597
국방부구내우편취급국,서울특별시,용산구,이태원로 22 (용산동3가),37.5336488,126.9775973
서울남영동우체국,서울특별시,용산구,두텁바위로 6-1 (남영동),37.545083,126.972825
서울보광동우체국,서울특별시,용산구,보광로 25 (보광동),37.5265816,127.0002223
서울용문동우체국,서울특별시,용산구,원효로41길 47 (원효로3가),37.535313,126.9599009
서울용산2가우편취급국,서울특별시,용산구,신흥로18길 3 (용산동2가),37.5458337,126.985761
서울용산우체국,서울특별시,용산구,한강대로 118 (한강로2가 142),37.5300166,126.9695135
서울원효로우체국,서울특별시,용산구,원효로 227 (원효로1가),37.5386841,126.9668264
서울이촌동우체국,서울특별시,용산구,이촌로77길 9 (이촌동),37.5202392,126.9749045
서울이태원우체국,서울특별시,용산구,녹사평대로 212 (이태원동),37.5366354,126.9872431
서울청파3가우편취급국,서울특별시,용산구,청파로47길 7 (청파동3가),37.5447058,126.9702237
서울한강로3가우편취급국,서울특별시,용산구,"이촌로 101 (한강로3가, 한진빌딩)",37.5240939,126.9593356
서울한남동우체국,서울특별시,용산구,대사관로 49 (한남동),37.533632,127.0036013
서울후암동우체국,서울특별시,용산구,후암로 58-1 (후암동),37.5511603,126.9772429
동서울우편집중국,서울특별시,광진구,자양로 76(자양동),37.5355388,127.0860686
건국대학교우편취급국,서울특별시,광진구,"능동로 120 학생회관 106호 (화양동, 건국대학교)",37.5438883,127.0759546
서울경안우편취급국,서울특별시,광진구,자양로 242 (구의동),37.5480108,127.0888198
서울광나루우편취급국,서울특별시,광진구,광장로 80 (광장동),37.5477137,127.1060223
서울광진우체국,서울특별시,광진구,강변역로 2 (구의동),37.5377539,127.089961
서울금호동우체국,서울특별시,성동구,금호로11길 2 (금호동2가),37.5548291,127.0196677
서울능동우편취급국,서울특별시,광진구,면목로 17-1 (군자동),37.55585,127.0756463
서울대림아파트우편취급국,서울특별시,성동구,독서당로 434 대림종합상가 209호(응봉동100),37.5539121,127.034084
서울뚝섬우체국,서울특별시,성동구,뚝섬로3길 14 (성수동1가),37.541421,127.0496402
서울마장동우체국,서울특별시,성동구,고산자로 352 (마장동),37.5709028,127.0382046
서울성동우체국,서울특별시,성동구,왕십리로 303 (행당동),37.5608737,127.0347148
서울성수노룬산우편취급국,서울특별시,광진구,"아차산로30길 25 (자양동, 새마을금고)",37.5395462,127.0674049
서울성수동우편취급국,서울특별시,성동구,성수동2가 300-10,37.5455707,127.0537045
서울옥수동우편취급국,서울특별시,성동구,독서당로 173(옥수동),37.5415617,127.0109203
서울왕십리우체국,서울특별시,성동구,마장로 194 (홍익동),37.5664715,127.0313341
서울용답동우체국,서울특별시,성동구,천호대로 378 (용답동),37.5616942,127.0608705
서울자양동우체국,서울특별시,광진구,뚝섬로 640 (자양동),37.5315082,127.0805693
서울장로회신학대학교우편취급국,서울특별시,광진구,광장로5길 25-1 (광장동),37.5498569,127.1032818
서울중곡3동우편취급국,서울특별시,광진구,용마산로 189 (중곡동),37.5706245,127.0858956
서울중곡동우체국,서울특별시,광진구,긴고랑로 68(중곡동),37.561536,127.083282
서울테크노마트우편취급국,서울특별시,광진구,광나루로56길 85 (구의동),37.5357263,127.0957093
서울한양대학교우체국,서울특별시,성동구,왕십리로 222 (사근동),37.5575753,127.0466899
서울화양동우체국,서울특별시,광진구,광나루로 356 (화양동),37.5479393,127.0694256
세종대학교우편취급국,서울특별시,광진구,"능동로 209 (군자동,세종대학교)",37.5514706,127.073884
국회구내우체국,서울특별시,영등포구,"의사당대로 1, 본관 (여의도동)",37.531917,126.9142029
국회구내출장소,서울특별시,영등포구,"의사당대로 1, 국회의원회관 1층 (여의도동)",37.531917,126.9142029
서울FKI타워우편취급국,서울특별시,영등포구,"여의대로 24 (여의도동, FKI타워)",37.5221784,126.919944
서울당산2동우편취급국,서울특별시,영등포구,당산로 172-1 (당산동4가),37.5296486,126.8988508
서울대림1동우편취급국,서울특별시,영등포구,대림로 146 (대림동),37.4941694,126.9007881
서울대림동우체국,서울특별시,영등포구,대림로 85 (대림동),37.4896503,126.9045458
서울문래동우체국,서울특별시,영등포구,도림로 429 (문래동2가),37.5139006,126.8951495
서울문래현대A우편취급국,서울특별시,영등포구,"문래로4길 6 (문래동6가,현대2차아파트)",37.5205132,126.8827733
서울신길2동우편취급국,서울특별시,영등포구,도신로 195 (신길동),37.5115169,126.9130068
서울신길3동우편취급국,서울특별시,영등포구,가마산로51길 1 (신길동),37.5034389,126.9006988
서울신길5동우체국,서울특별시,영등포구,신길로 65 (신길동),37.4984475,126.9079983
서울신길7동우편취급국,서울특별시,영등포구,"신풍로 77 래미안에스티움 상가 씨동 117호 (신길동, 래미안에스티움)",37.5010387,126.9137134
서울신길동우체국,서울특별시,영등포구,여의대방로 161 (신길동),37.501586,126.9205667
서울양평1가우편취급국,서울특별시,영등포구,선유서로26길 24 (양평동1가),37.5238547,126.8884799
서울양평동우체국,서울특별시,영등포구,양평로 92 (양평동4가),37.5365237,126.8971166
서울여의대방로우편취급국,서울특별시,영등포구,"여의대방로 379, 208,209호 (여의도동)",37.5191451,126.9309372
서울여의도광장우체국,서울특별시,영등포구,국회대로68길 7 (여의도동),37.5294792,126.9195086
서울영등포3동우편취급국,서울특별시,영등포구,양산로 214 (영등포동5가),37.5222149,126.9067672
서울영등포동4가우체국,서울특별시,영등포구,경인로 841 (영등포동4가),37.5165276,126.90606
서울영등포시범A우편취급국,서울특별시,영등포구,"버드나루로19길 3, 1층(당산동,양용빌딩)",37.5284068,126.9077167
서울영등포우체국,서울특별시,영등포구,선유동2로 6 (당산동4가),37.5296612,126.8949452
여의도우체국,서울특별시,영등포구,여의나루로 60 (여의도동),37.5223003,126.9262252
한국방송공사우편취급국,서울특별시,영등포구,"여의공원로 13 (여의도동, 한국방송공사)",37.5249816,126.9169394
서울관악삼성동우편취급국,서울특별시,관악구,호암로 526 (신림동),37.4645345,126.9317372
서울관악신사동우편취급국,서울특별시,관악구,조원로 118 (신림동),37.4850306,126.915537
서울관악우체국,서울특별시,관악구,남부순환로 1643 (신림동),37.4850209,126.9331523
서울낙성대우편취급국,서울특별시,관악구,"남부순환로244가길 2,102호 (봉천동, 진빌딩)",37.4760069,126.9630359
서울난곡우체국,서울특별시,관악구,난곡로 275 (신림동),37.4785561,126.9149243
서울남현동우편취급국,서울특별시,관악구,남부순환로272길 38 (남현동),37.4748461,126.9782585
서울대학교우체국,서울특별시,관악구,관악로 1 (신림동),37.464007,126.9522394
서울보라매우편취급국,서울특별시,관악구,"보라매로3길 29 (봉천동,보라매해태타워아파트)",37.4912113,126.9249903
서울봉천동우체국,서울특별시,관악구,관악로 249-1 (봉천동),37.4867894,126.9567214
서울봉천역전우편취급국,서울특별시,관악구,"남부순환로 1722 (봉천동,한국공인중개사협회)",37.4822766,126.941287
서울신림동부우편취급국,서울특별시,관악구,문성로31길 38 (신림동),37.4806763,126.9284944
서울신림동우체국,서울특별시,관악구,대학5길 38 (신림동),37.4691828,126.9400334
서울은천동우체국,서울특별시,관악구,봉천로27길 58 (봉천동),37.4858446,126.9416854
서울청룡동우편취급국,서울특별시,관악구,청룡중앙길 11 1층 (봉천동),37.4786535,126.9473883
서울행운동우체국,서울특별시,관악구,남부순환로 1841 (봉천동),37.4808609,126.9547293
제22군사우편출장소,서울특별시,관악구,"과천대로 851, 군악대1층",37.4665469,126.9872768
서울노량진1동우편취급국,서울특별시,동작구,"장승배기로 136, 1층 (노량진동, 일등속셈학원)",37.5096526,126.9403644
서울노량진2동우편취급국,서울특별시,동작구,등용로14길 68 (노량진동),37.5122889,126.9353158
서울노량진우체국,서울특별시,동작구,노량진로 224 (본동),37.5124642,126.9506503
서울동작약수우편취급국,서울특별시,동작구,장승배기로 6 (상도동),37.4994565,126.9437417
서울동작우체국,서울특별시,동작구,여의대방로22길 77 (신대방동),37.4980518,126.9243757
서울사당5동우편취급국,서울특별시,동작구,사당로 204 (사당동),37.4846233,126.9706758
서울사당동우체국,서울특별시,동작구,동작대로 75 (사당동),37.4833928,126.9814252
서울사당우성우편취급국,서울특별시,동작구,"동작대로29길, 77 (사당2동 120)",37.4886358,126.9778256
서울상도동우체국,서울특별시,동작구,상도로 236 (상도동),37.5050049,126.9448659
서울흑석동우체국,서울특별시,동작구,서달로15길 13 (흑석동),37.5083857,126.9623978
숭실대학교우편취급국,서울특별시,동작구,"상도로 369 (상도동,숭실대학교)",37.4966895,126.9575041
중앙대학교우편취급국,서울특별시,동작구,"흑석로 84 (흑석동,중앙대학교)",37.5048875,126.9573779
김포공항우편취급국,서울특별시,강서구,하늘길 112 (공항동),37.5587842,126.8033553
서울가양동우체국,서울특별시,강서구,허준로 95-5 (가양동),37.5672373,126.8515747
서울강서우체국,서울특별시,강서구,강서로 448 (등촌동),37.5652661,126.8407474
서울공항이주우편취급국,서울특별시,강서구,방화대로7길 40 (공항동),37.5562047,126.8139785
서울등촌동우체국,서울특별시,강서구,화곡로63길 90 (등촌동),37.5588621,126.8482017
서울마곡나루우체국,서울특별시,강서구,마곡중앙5로 28,37.5672405,126.8246451
서울마곡동우편취급국,서울특별시,강서구,마곡서로205-21,37.5724913,126.8232035
서울마곡역우편취급국,서울특별시,강서구,"공항대로 212 1층 105호 (마곡동, 문영퀸즈파크11차)",37.5588248,126.8310077
서울발산동우체국,서울특별시,강서구,강서로 283 (내발산동),37.551072,126.8360355
서울방화동우체국,서울특별시,강서구,금낭화로26길 22 (방화동),37.5797982,126.8149948
서울염창동우체국,서울특별시,강서구,공항대로 623 (염창동),37.5472506,126.8740318
서울화곡1동우편취급국,서울특별시,강서구,강서로17길 6 (화곡동),37.5334208,126.8452047
서울화곡3동우편취급국,서울특별시,강서구,"화곡로13길 28 (화곡동, 태화빌딩)",37.5411804,126.8335022
서울화곡4동우체국,서울특별시,강서구,곰달래로 265 (화곡동),37.5324331,126.8625178
서울화곡5동우편취급국,서울특별시,강서구,화곡로27길 30 (화곡동),37.54304,126.8400274
서울화곡본동우편취급국,서울특별시,강서구,화곡로53가길 18 (화곡동),37.5508071,126.8473692
우림블루나인우편취급국,서울특별시,강서구,"양천로 583, B동 지하117호 (염창동, 우림블루나인비즈니스센터)",37.5570451,126.8642592
화곡우체국,서울특별시,강서구,까치산로 55 (화곡동),37.544003,126.8456645
국제우편물류센터,인천광역시,중구,"공항동로193번길 40-32 (운서동,우정사업본부국제우편물류센터)",37.4680588,126.4743712
서울남부지방법원출장소,서울특별시,양천구,신월로 386 (신정동),37.5216107,126.8635549
서울목2동우편취급국,서울특별시,양천구,목동중앙본로 60 (목동),37.5412556,126.8691234
서울목동대림우편취급국,서울특별시,양천구,오목로56길 10(목동),37.5236953,126.8737137
서울목동동신우편취급국,서울특별시,양천구,목동중앙북로1길 46 (목동),37.5505035,126.8649021
서울삼보우편취급국,서울특별시,양천구,지양로 46-1 (신월동),37.5202142,126.8352915
서울신월1동우편취급국,서울특별시,양천구,곰달래로10길 9 (신월동),37.5291536,126.8367583
서울신월2동우체국,서울특별시,양천구,중앙로 309 (신월동),37.5236179,126.8508836
서울신월3동우체국,서울특별시,양천구,남부순환로 364 (신월동),37.5346759,126.8287305
서울신정1동우체국,서울특별시,양천구,신월로 368 (신정동),37.5218966,126.8619834
서울신정3동우체국,서울특별시,양천구,신정로 306 (신정동),37.5131194,126.8550284
서울신정6동우편취급국,서울특별시,양천구,신목로5길 23 (신정동),37.5173308,126.8715141
서울신정단지우편취급국,서울특별시,양천구,신월로 318 (신정동),37.5213025,126.8562044
서울양천우체국,서울특별시,양천구,"목동동로 411 1층 (목동, 부영그린타운3차)",37.5367263,126.8822137
동서울물류센터,서울특별시,광진구,구남길2 (구의동 587),37.537211,127.090196
서서울물류센터,서울특별시,양천구,목5동 서울양천우체국,37.53633,126.880651
덕성여자대학교우편취급국,서울특별시,도봉구,"삼양로144길 33 (쌍문동,덕성여자대학교)",37.6515354,127.0166028
서울강북우체국,서울특별시,강북구,솔매로50길 55 (미아동),37.6240798,127.0281149
서울도봉1동우체국,서울특별시,도봉구,도봉로 871 (도봉동),37.6822346,127.0454125
서울도봉우체국,서울특별시,도봉구,노해로 150 (쌍문동),37.6479449,127.0272132
서울방학2동우편취급국,서울특별시,도봉구,도당로13길 29-14 (방학동),37.665624,127.034164
서울방학동우체국,서울특별시,도봉구,도봉로 686 (방학동),37.6653467,127.0435897
서울번2동우체국,서울특별시,강북구,오현로35길 65 (번동),37.631807,127.037875
서울번3동우체국,서울특별시,강북구,한천로105길 27 (번동),37.6257149,127.0462294
서울북부지방법원우체국,서울특별시,도봉구,마들로 749 (도봉동),37.677408,127.0471516
서울삼각산동우편취급국,서울특별시,강북구,삼양로19길 59 (미아동),37.6157489,127.0193852
서울삼양동우체국,서울특별시,강북구,삼양로 229 (미아동),37.6238781,127.0183836
서울송천동우체국,서울특별시,강북구,도봉로 71 (미아동),37.6154946,127.0295839
서울수유3동우체국,서울특별시,강북구,도봉로 383 (수유동),37.6412272,127.0286802
서울수유동우체국,서울특별시,강북구,삼양로 468 (수유동),37.6449284,127.0159789
서울쌍문2동우체국,서울특별시,도봉구,도봉로125길 88 (쌍문동),37.6563989,127.0375771
서울쌍문한양우편취급국,서울특별시,도봉구,도봉로103길 10 (쌍문동),37.6449295,127.0316703
서울우이동우편취급국,서울특별시,강북구,"삼양로 660 (우이동,성원아파트 상가)",37.6616579,127.0135603
서울인수동우편취급국,서울특별시,강북구,수유로 58 (수유동),37.6356084,127.0200828
서울창2동우편취급국,서울특별시,도봉구,덕릉로 233-5 (창동),37.638955,127.0378132
서울창5동우체국,서울특별시,도봉구,노해로 309 (창동),37.6518378,127.0427665
서울창동동아우편취급국,서울특별시,도봉구,노해로 389 B107 (창동),37.6527733,127.0513599
서울가산동우체국,서울특별시,금천구,남부순환로 1288,37.4784379,126.8937995
서울가산디지털우체국,서울특별시,금천구,"가산디지털2로 108, 105호",37.4778951,126.8806602
서울개봉2동우편취급국,서울특별시,구로구,"개봉로 53, 2층",37.4903971,126.8557604
서울고척1동우편취급국,서울특별시,구로구,"중앙로3길 53 B동 101호 (고척동, 동국종합상가)",37.4984533,126.8617206
서울고척2동우편취급국,서울특별시,구로구,경인로33바길 5-1 (고척동),37.5015294,126.8504344
서울고척동우체국,서울특별시,구로구,중앙로 76,37.5044503,126.8617949
서울구로1동우체국,서울특별시,구로구,구일로 64,37.4919049,126.8741231
서울구로4동우체국,서울특별시,구로구,구로동로 130-2,37.4903284,126.8844061
서울구로5동우편취급국,서울특별시,구로구,공원로 71,37.5028292,126.8883675
서울구로디지털단지우체국,서울특별시,구로구,"디지털로26길 144 (구로동,구로단지우체국)",37.4832966,126.8984962
서울구로역전우편취급국,서울특별시,구로구,"경인로53길 15 1층 (구로동, 중앙유통단지)",37.5009708,126.8746491
서울구로우체국,서울특별시,구로구,금오로 931 (천왕동),37.4813455,126.8419671
서울궁동우편취급국,서울특별시,구로구,부일로 11길 38 1층,37.494846,126.8314235
서울금천우체국,서울특별시,금천구,"시흥대로 410 (독산동,서울금천우체국)",37.4701219,126.8984819
서울동구로우체국,서울특별시,구로구,"구로중앙로18길 5 (구로동,현대오피스텔)",37.4949788,126.8896511
서울성공회대우편취급국,서울특별시,구로구,연동로 320,37.4877974,126.8255598
서울시흥1동우체국,서울특별시,금천구,독산로 123,37.4582333,126.9050891
서울시흥3동우편취급국,서울특별시,금천구,시흥대로 77,37.4410757,126.90292
서울시흥동우체국,서울특별시,금천구,시흥대로 217,37.4531527,126.900719
서울신도림우체국,서울특별시,구로구,"경인로67길 23, 207호",37.5105879,126.8894776
서울오류동우체국,서울특별시,구로구,경인로 227,37.4972041,126.8457827
서울오류역전우편취급국,서울특별시,구로구,"경인로20길 13 (오류동,철도청중앙보급사무소)",37.4943798,126.8445947
우편고객센터,서울특별시,영등포구,"영중로 83 (영등포동7가, 한국우편사업진흥원)",37.5237548,126.9049222
덕적우체국,인천광역시,옹진군,덕적면 덕적북로133번길 40 (덕적우체국),37.226088,126.1437606
북도우체국,인천광역시,옹진군,북도면 시도로 97 (북도우체국),37.5333999,126.4272435
연세대학교국제캠퍼스취급국,인천광역시,연수구,"송도과학로 85 (송도동,연세대학교 국제캠퍼스)",37.3814288,126.6729829
연평우체국,인천광역시,옹진군,연평면 연평로137번길 13 (연평우체국),37.6598942,125.7001228
영종우체국,인천광역시,중구,운남로128번길 7 (운남동),37.4893119,126.5340229
영흥우체국,인천광역시,옹진군,영흥면 영흥로 410 (영흥우체국),37.253151,126.4702514
인천공항우편취급국,인천광역시,중구,"공항로 272, 제1여객터미널 2층 (운서동)",37.4583507,126.4276993
인천대학교우편취급국,인천광역시,연수구,아카데미로 119 (송도동),37.3754977,126.6332532
인천동춘2동우편취급국,인천광역시,연수구,"먼우금로63번길 13, 114호 (동춘동)",37.403735,126.6686192
인천만석동우체국,인천광역시,동구,"제물량로 341 (만석동,만석우체국)",37.4812957,126.6205057
인천송도G-타워우체국,인천광역시,연수구,"아트센터대로 175 (송도동,G타워)",37.3960863,126.63415
인천송도동우체국,인천광역시,연수구,"하모니로35번길 2 (송도동,인천송도동우체국)",37.3912612,126.6517615
인천송림동우체국,인천광역시,동구,"동산로 90 (송림동,인천송림동우체국)",37.4754182,126.6454184
인천연수2동우편취급국,인천광역시,연수구,샘말로8번길 20 (연수동),37.4113676,126.6785832
인천연수동우체국,인천광역시,연수구,비류대로 436 (연수동),37.423799,126.6830879
인천옥련동우체국,인천광역시,연수구,"한진로38번길 9 (옥련동,인천옥련동우체국)",37.4260564,126.6487403
인천용유동우편취급국,인천광역시,중구,마시란로 314-32 (남북동),37.4447993,126.4009039
인천우체국,인천광역시,연수구,"함박뫼로 226 (연수동,인천우체국)",37.4193186,126.6909604
인천운남동우체국,인천광역시,중구,운남동 1699-6,37.4770174,126.5234681
인천운서동우체국,인천광역시,중구,흰바위로27번길 6 (운서동),37.4931503,126.4883618
인천유통센터우편취급국,인천광역시,동구,"방축로83번길 23, 12동 227-1호 (송림동)",37.4861524,126.6546544
인천자월우편취급국,인천광역시,옹진군,"자월면 자월서로 164 (자월리, 자월면사무소)",37.2540325,126.3072017
인천중동우체국,인천광역시,중구,서해대로 366 (신흥동3가),37.4596101,126.6326487
인천항동우체국,인천광역시,중구,"연안부두로 67 (항동7가,인천항동우체국)",37.4533582,126.5992361
인천해상교환우체국,인천광역시,중구,"축항대로165번길 15 (항동7가, KCTC인천물류센터)",37.4560473,126.614786
인천화평동우체국,인천광역시,동구,"송화로 10 (화평동,화평우체국)",37.477913,126.6315964
검단우체국,인천광역시,서구,검단로 487 (마전동),37.6025146,126.6582089
서인천우체국,인천광역시,서구,서곶로 318 (심곡동),37.5457501,126.6772688
인천가정동우편취급국,인천광역시,서구,가정로406번길 18 (가정동),37.5210018,126.6752084
인천가좌1동우편취급국,인천광역시,서구,건지로 278 (가좌동),37.4990597,126.6730181
인천가좌2동우체국,인천광역시,서구,원적로96번길 27 (가좌동),37.4934807,126.6851345
인천검단산업단지우편취급국,인천광역시,서구,"오류동 1657-2, 가동 제 102호",37.5952419,126.6134336
인천검암동우체국,인천광역시,서구,"승학로 404 (검암동,인천검암동우체국)",37.557764,126.6734521
인천공단우편취급국,인천광역시,서구,가재울로 72 (가좌동),37.4782311,126.6808747
인천불로동우편취급국,인천광역시,서구,검단로 807 (불로동),37.6169418,126.6877605
인천석남동우체국,인천광역시,서구,가정로 314 (석남동),37.5128133,126.6729457
인천원당우체국,인천광역시,서구,고산후로121번길 38 (원당동),37.5951845,126.6951689
인천청라1동우체국,인천광역시,서구,청라라임로 52(연희동),37.5323373,126.6537628
인천청라3동우편취급국,인천광역시,서구,"청라한내로 96(청라동 96-1), 108호 (청라동)",37.533852,126.627887
남인천우체국,인천광역시,남동구,경인로 514 (간석동),37.460546,126.6964637
인천도화아파트우편취급국,인천광역시,미추홀구,"석정로 298 (도화동, 도화아파트우편취급국)",37.4678814,126.6684239
인천문학동우체국,인천광역시,미추홀구,소성로 337 (문학동),37.4375865,126.684709
인천삼덕아파트우편취급국,인천광역시,미추홀구,석정로 437 (주안동),37.4666538,126.6841672
인천숭의3동우편취급국,인천광역시,미추홀구,"석정로126번길 6 (숭의동, 새마을금고)",37.468345,126.6491803
인천숭의동우체국,인천광역시,미추홀구,인중로 4 (숭의동),37.4626353,126.6423479
인천용일우편취급국,인천광역시,미추홀구,"인주대로 200 (용현동, 용일새마을금고우편취급국)",37.4547388,126.659011
인천용현5동우편취급국,인천광역시,미추홀구,토금북로 14-1 (용현동),37.4549288,126.6360637
인천주안4동우편취급국,인천광역시,미추홀구,경인로 418 (주안동),37.4578402,126.6865692
인천주안8동우편취급국,인천광역시,미추홀구,인하로 383(주안동),37.4483718,126.691074
인천지방법원우체국,인천광역시,미추홀구,"소성로163번길 17 (학익동, 인천지방법원)",37.4430415,126.6675742
인천학익동우체국,인천광역시,미추홀구,한나루로 430 (학익동),37.4455872,126.666575
인하대학교우편취급국,인천광역시,미추홀구,인하로 100 (용현동),37.4507292,126.6538126
주안우체국,인천광역시,미추홀구,제일로 32 (도화동),37.4586605,126.6737738
인천계산동우체국,인천광역시,계양구,경명대로 1053 (계산동),37.5437668,126.7240097
인천계양1동우편취급국,인천광역시,계양구,장기로9번길 2 (장기동),37.5773825,126.7353708
인천계양2동우편취급국,인천광역시,계양구,장제로 922 (병방동),37.5485603,126.7417608
인천계양우체국,인천광역시,계양구,계산새로 76 (계산동),37.5375668,126.7363706
인천작전동우체국,인천광역시,계양구,효서로 292 (작전동),37.5278961,126.728687
인천효성동우체국,인천광역시,계양구,효서로 146 (효성동),37.5277401,126.7121671
고양가좌동우편취급국,경기도,고양시,일산서구 송산로 393,37.6854833,126.7225211
고양대화동우체국,경기도,고양시,일산서구 일산로 664,37.6830184,126.7555481
고양마두1동우편취급국,경기도,고양시,일산동구 일산로 284,37.6611918,126.7864887
고양백석동우체국,경기도,고양시,일산동구 강송로 123 (백석동),37.6498527,126.7859551
고양식사동우편취급국,경기도,고양시,"일산동구 위시티1로 7, 상가2동 108호 (식사동,위시티블루밍5단지아파트)",37.6759022,126.8112818
고양일산2동우체국,경기도,고양시,일산서구 원일로 90,37.6856593,126.7720443
고양일산우체국,경기도,고양시,일산동구 중앙로 1293,37.661317,126.7717505
고양장촌우편취급국,경기도,고양시,일산서구 호수로838번길 65-12,37.6728089,126.7510028
고양정발산동우체국,경기도,고양시,일산동구 일산로 425,37.6723996,126.7790353
고양주엽동우체국,경기도,고양시,일산서구 주화로 80,37.6701316,126.7593183
고양중산우체국,경기도,고양시,일산동구 중산로 226,37.692037,126.7804971
고양지원출장소,경기도,고양시,"일산동구 장백로 209 (장항동,의정부지방법원 고양지원)",37.6529186,126.7748863
고양탄현동우체국,경기도,고양시,일산서구 현중로36번길 7,37.6941849,126.7682218
고양풍산동우체국,경기도,고양시,일산동구 숲속마을로 56,37.667625,126.7972025
국립암센터우편취급국,경기도,고양시,일산동구 일산로 323,37.6632301,126.7834097
제110군사우편출장소,경기도,고양시,일산동구 고양대로 927,37.679122,126.7943712
고양능곡동우체국,경기도,고양시,덕양구 토당로 97 (토당동),37.6237043,126.8175884
고양덕양우체국,경기도,고양시,덕양구 백양로 132 (화정동),37.6372801,126.8352143
고양동우체국,경기도,고양시,덕양구 벽제관로 24 (고양동),37.7039179,126.9017175
고양삼송동우편취급국,경기도,고양시,덕양구 삼원로 15 (삼송동),37.6440641,126.8768238
고양주교동우체국,경기도,고양시,덕양구 호국로 793 (주교동),37.6571461,126.8364078
고양지축동우편취급국,경기도,고양시,덕양구 안진6길 10. 1층 (지축동),37.6467488,126.9169122
고양행신3동우체국,경기도,고양시,덕양구 중앙로558번길 84 (행신동),37.626632,126.8387384
고양행신동우체국,경기도,고양시,덕양구 충경로 34 (행신동),37.6151303,126.8332699
고양화전동우체국,경기도,고양시,덕양구 중앙로 181 (화전동),37.6036852,126.8692891
고양화정2동우편취급국,경기도,고양시,덕양구 성신로 10 글로벌테마프라자 109호 (화정동),37.6276427,126.8297967
벽제우체국,경기도,고양시,"덕양구 통일로 760, 124호 (관산동,더퍼스트프라임)",37.6879012,126.8660967
제111군사우편출장소,경기도,고양시,덕양구 호국로 1893 (벽제동),37.7196124,126.9153011
남부천우체국,경기도,부천시,경인로 162 (송내동),37.4836644,126.7735309
부천고강동우체국,경기도,부천시,고리울로8번길 21 (고강동),37.5268413,126.8170122
부천괴안동우체국,경기도,부천시,범안로 22 (괴안동),37.4795866,126.8064328
부천도당동우체국,경기도,부천시,수도로 202 (도당동),37.5196451,126.7875613
부천삼정동우편취급국,경기도,부천시,"석천로 397 쌍용3차테크노파크 401동 107호 (삼정동, 부천테크노파크쌍용3차)",37.522575,126.767125
부천상동우체국,경기도,부천시,부흥로 76 (상동),37.4970426,126.7509046
부천소사로우체국,경기도,부천시,소사로 88 (소사본동),37.4665579,126.7987589
부천심곡동우체국,경기도,부천시,부일로 412 (심곡동),37.4866961,126.7758427
부천약대동우편취급국,경기도,부천시,중동로 366 (약대동),37.5125074,126.7701919
부천역곡동우체국,경기도,부천시,부일로 717 (역곡동),37.4854567,126.8095379
부천역전우체국,경기도,부천시,경인로 266 (심곡본동),37.4826672,126.7850847
부천오정동우체국,경기도,부천시,오정로 262 (오정동),37.5303818,126.7875722
부천옥길동우편취급국,경기도,부천시,"범안로219번길 19 (옥길동, 부천옥길자이)",37.4639621,126.8126655
부천우체국,경기도,부천시,소향로 103 (중동),37.5029201,126.7594034
부천원미동우체국,경기도,부천시,부천로 118-1 (원미동),37.4947782,126.7854697
부천원종동우편취급국,경기도,부천시,소사로794번길 11 (원종동),37.5272369,126.8054114
부천중2동우체국,경기도,부천시,조마루로 254 (중동),37.4978382,126.7718119
부천중3동우체국,경기도,부천시,계남로 211 (중동),37.5072507,126.7725623
부천춘의동우편취급국,경기도,부천시,부천로 243 (춘의동),37.5057863,126.7861055
부천테크노파크우편취급국,경기도,부천시,"석천로 345 (삼정동,부천테크노파크)",37.5189333,126.7647
인천지법부천지원우체국,경기도,부천시,상일로 129 (상동),37.491911,126.7575767
부천우편집중국,경기도,부천시,오정구 오정로211번길 40 (오정동),37.5294931,126.7825619
대부우체국,경기도,안산시,단원구 대부중앙로 93 (대부북동),37.243268,126.58435
반월공단우체국,경기도,안산시,단원구 동산로 41 (원시동),37.3131961,126.7946339
안산공단우편취급국,경기도,안산시,"단원구 지원로 107, 110호 (성곡동)",37.3145352,126.74857
안산반월동우편취급국,경기도,안산시,"상록구 건건로82, 영무예다음아파트 근린생활시설 101호(건건동)",37.3084528,126.9044115
안산법원우편출장소,경기도,안산시,단원구 광덕서로 75 (고잔동),37.3119167,126.826425
안산본오동우체국,경기도,안산시,상록구 각골로 53 (본오동),37.2942168,126.8723519
안산사동우편취급국,경기도,안산시,"상록구 감골2로 44, 102호 (사동,선경아파트)",37.2911379,126.8514479
안산삼일빌딩우편취급국,경기도,안산시,"단원구 중앙대로 927, 105호 (고잔동)",37.3171367,126.8395479
안산상록수우체국,경기도,안산시,상록구 용신로 364 (본오동),37.3014917,126.8623201
안산선부동우체국,경기도,안산시,단원구 선부광장1로 138 (선부동),37.3319355,126.8101944
안산성포동우체국,경기도,안산시,상록구 예술광장로 71 (성포동),37.3271727,126.8445907
안산수암동우체국,경기도,안산시,상록구 수암길 5 (수암동),37.3622143,126.8761879
안산신안우편취급국,경기도,안산시,"상록구 반석로 54, 185호 (본오동)",37.2964617,126.8662039
안산와동우편취급국,경기도,안산시,단원구 와동로 125 천년가 리더스카이 상가 133호 (와동),37.3409679,126.8243933
안산우체국,경기도,안산시,단원구 중앙대로 815 (고잔동),37.3177599,126.8269868
안산원초우편취급국,경기도,안산시,단원구 원선로 19 101호 (원곡동),37.3269184,126.7961986
안산유통상가우편취급국,경기도,안산시,"단원구 산단로 325, 스마트스퀘어 C-269",37.3233926,126.7851102
안산이동우체국,경기도,안산시,상록구 중보로 41 (이동 716-5),37.3071895,126.8515477
안산일동우체국,경기도,안산시,상록구 성호로1길 12-2 (일동),37.3098551,126.8686506
안산중앙동우체국,경기도,안산시,단원구 예술대학로 74 (고잔동),37.3235788,126.8375294
안산초지동우체국,경기도,안산시,단원구 초지동로 65 (초지동),37.3094874,126.8168367
안산한양대학교우편취급국,경기도,안산시,"상록구 한양대학로 55(사3동 1271) (사동, 한양대학교)",37.2954261,126.8353162
안산호수동우체국,경기도,안산시,단원구 광덕2로 186 (고잔동),37.3095093,126.8313668
시흥군자우체국,경기도,시흥시,군자로 510 (거모동),37.344582,126.784787
시흥금바위우편취급국,경기도,시흥시,"시흥대로 1074, 정호빌딩 101호(은행동)",37.4316189,126.7930191
시흥대야동우체국,경기도,시흥시,호현로 58 (대야동),37.4454126,126.7857884
시흥매화동우편취급국,경기도,시흥시,매화1로 5 (매화동),37.4153317,126.8140375
시흥배곧동우체국,경기도,시흥시,서울대학로278번길 45 (배곧동),37.3677,126.7297411
시흥연성동우체국,경기도,시흥시,장곡로54번길 42 (장곡동),37.3821888,126.7814422
시흥우체국,경기도,시흥시,공단1대로 241 (정왕동),37.3363303,126.7286157
시흥월곶동우편취급국,경기도,시흥시,"월곶해안로161번길 15, 108동 105호 (월곶동, 월곶Ⅱ유호N플러스빌(상가동))",37.3891777,126.7356989
시흥은행동우체국,경기도,시흥시,은행로 146 (은행동),37.4440915,126.7998731
시흥정왕동상가우편취급국,경기도,시흥시,"옥구상가3길 23-11, 101호(정왕동)",37.3532764,126.7222635
시흥정왕동우체국,경기도,시흥시,군서마을로 32 (정왕동),37.3450161,126.7483405
시흥하중2동우편취급국,경기도,시흥시,"하중로 233, 금천프라자 105호 (하중동)",37.3910764,126.8064405
경기안양6동우편취급국,경기도,안양시,"만안구 만안로 35 (안양동, 빌로채)",37.3863869,126.9341344
과천문원단지우편취급국,경기도,과천시,문원청계길 17-12 (문원동),37.4248821,127.0092472
과천부림우편취급국,경기도,과천시,"별양로 164 과천센트럴푸르지오써밋APT상가 지하103호 (부림동, 과천센트럴파크푸르지오써밋)",37.431655,127.0011125
과천우면우편취급국,경기도,과천시,장군마을길 32 (주암동),37.4629417,127.0333223
과천우체국,경기도,과천시,별양로 54 (별양동),37.4238235,126.9935596
서안양우체국,경기도,안양시,만안구 안양로 233 (안양동),37.3938412,126.92508
수원지방법원안양지원우편출장소,경기도,안양시,동안구 관평로212번길 70 (관양동),37.396417,126.962792
안양4동우체국,경기도,안양시,만안구 병목안로 4 (안양동),37.3998306,126.9196952
안양관양2동우편취급국,경기도,안양시,"동안구 시민대로 401, 1층 115호 (관양동, 대륭테크노타운15차)",37.397111,126.9747066
안양관양동우체국,경기도,안양시,동안구 관악대로 407-1 (관양동),37.4050718,126.968172
안양귀인동우체국,경기도,안양시,동안구 평촌대로 102 (평촌동),37.3815804,126.9616475
안양부림동우체국,경기도,안양시,동안구 관평로176번길 18 (관양동),37.3929183,126.9615819
안양비산1동우편취급국,경기도,안양시,동안구 비산로 57(휴먼시아 상가) 가동 102호,37.4018617,126.9316489
안양비산삼호우편취급국,경기도,안양시,동안구 동안로 300 (비산동),37.4035777,126.9473247
안양석수동우체국,경기도,안양시,만안구 안양로 449 (석수동),37.4100593,126.911687
안양양지우편취급국,경기도,안양시,만안구 양화로47번길 9 (안양동),37.3976412,126.9125831
안양우체국,경기도,안양시,동안구 평촌대로253번길 25 (비산동),37.3932239,126.9526663
안양진흥우편취급국,경기도,안양시,만안구 장내로 164 청솔프라자 101호(안양1동 1384번지),37.3989528,126.9256804
안양호계3동우편취급국,경기도,안양시,"동안구 경수대로 428 (호계동, 덕유파크)",37.3622378,126.9625171
안양호계동우체국,경기도,안양시,동안구 시민대로 119 (호계동),37.3876222,126.9458667
안양호계현대우편취급국,경기도,안양시,"동안구 엘에스로 76, 안양디오밸리 151호 (호계동, 국제유통단지)",37.3700463,126.9531121
정부과천청사우편취급국,경기도,과천시,관문로 47 (중앙동),37.4261404,126.9844513
제132군사우편출장소,경기도,안양시,동안구 평촌대로 491 (비산동),37.415668,126.9461661
군포금정동우체국,경기도,군포시,당산로136번길 14,37.3636963,126.9452966
군포당동우체국,경기도,군포시,군포로 495,37.3506027,126.9442196
군포당정동우편취급국,경기도,군포시,봉성로 81,37.352069,126.9537572
군포대야미동우편취급국,경기도,군포시,대야1로11번길 4,37.3266532,126.9178903
군포산본1동우편취급국,경기도,군포시,산본천로215번길 5,37.3718176,126.9409135
군포산본2동우체국,경기도,군포시,산본로386번길 77,37.3705391,126.9345837
군포오금동우체국,경기도,군포시,번영로 382,37.349449,126.9259696
군포우체국,경기도,군포시,산본로 328,37.3602393,126.9339957
의왕내손동우체국,경기도,의왕시,복지로 14,37.380791,126.9750049
의왕내손우편취급국,경기도,의왕시,백운초등교길 7 (내손동),37.381364,126.973261
의왕부곡우체국,경기도,의왕시,부곡중앙남2길 11,37.3197368,126.9507465
의왕신안우편취급국,경기도,의왕시,경수대로 367 (오전동),37.3576597,126.9662025
의왕우체국,경기도,의왕시,효행로 45,37.3514112,126.9726063
의왕포일우편취급국,경기도,의왕시,흥안대로 434번길 91,37.3919497,126.9802837
수원북문우체국,경기도,수원시,장안구 수성로 360 (영화동),37.2932197,127.0114858
수원성균관대학교우편취급국,경기도,수원시,"장안구 서부로 2066 (천천동,성균관대학교자연과학캠퍼스)",37.2933638,126.9746545
수원송죽동우편취급국,경기도,수원시,장안구 경수대로995번길 8 (송죽동),37.3052445,127.0022243
수원역전우체국,경기도,수원시,팔달구 향교로 13 (매산로1가),37.2680812,127.0025158
수원연무동우체국,경기도,수원시,장안구 광교산로 97 (하광교동),37.2983738,127.0266571
수원우만1동우편취급국,경기도,수원시,팔달구 월드컵로 361 (우만동),37.2895625,127.0309308
수원우체국,경기도,수원시,장안구 천천로 94 (천천동),37.3002615,126.9842457
수원율전동우체국,경기도,수원시,장안구 하률로 6 (천천동),37.3028045,126.9737487
수원정자동우체국,경기도,수원시,장안구 정자천로134번길 10 (정자동),37.2928619,126.9914825
수원정자동우편취급국,경기도,수원시,장안구 장안로 286-2 (정자동),37.3071261,126.9906257
수원행궁동우편취급국,경기도,수원시,팔달구 정조로 732-1(중동 72-1) (중동),37.2733761,127.0166894
수원화서동우체국,경기도,수원시,팔달구 고화로 135 (화서동),37.281486,127.0063925
수원화서아파트우편취급국,경기도,수원시,"팔달구 동말로25번길 108,102호 (화서동, 현대프라자)",37.282271,126.9946409
경기도청우체국,경기도,수원시,"영통구 도청로 30 (이의동, 경기도청)",37.2889398,127.053822
동수원우체국,경기도,수원시,팔달구 인계로 143 (인계동),37.2672257,127.0336027
수원경기대학교우편취급국,경기도,수원시,"영통구 광교산로 154-42 (이의동,경기대학교)",37.3005585,127.0347398
수원매탄1동우체국,경기도,수원시,영통구 중부대로 242 (매탄동),37.274925,127.0423125
수원매탄2동우체국,경기도,수원시,영통구 매영로 93-20 (매탄동),37.2687355,127.05282
수원매탄3동우체국,경기도,수원시,영통구 동탄원천로881번길 66 (매탄동),37.2559,127.0428
수원매탄우편취급국,경기도,수원시,영통구 동수원로 294(매탄3동 1181-10) (매탄동),37.2555802,127.0365955
수원법원우체국,경기도,수원시,"영통구 법조로 105 (하동, 수원법원종합청사)",37.2904921,127.0693599
수원신동우편취급국,경기도,수원시,영통구 신원로 33(신동 531-3) (신동),37.2496084,127.0459207
수원영통동우체국,경기도,수원시,영통구 영통로214번길 1 (영통동),37.2465971,127.0573062
수원청명우체국,경기도,수원시,영통구 청명남로 57 (영통동),37.2542809,127.0762095
수원황곡우체국,경기도,수원시,영통구 봉영로1759번길 35 (영통동),37.2669031,127.0805797
아주대학교우편취급국,경기도,수원시,"영통구 월드컵로 206 (원천동,아주대학교)",37.2833808,127.046072
수원우편집중국,경기도,수원시,영통구 청명남로 57 (영통동),37.2542809,127.0762095
성남가천대학교우편취급국,경기도,성남시,수정구 성남대로 1342 (복정동),37.4523915,127.1307015
성남고등동우체국,경기도,성남시,수정구 대왕판교로982번길 2 (고등동),37.4277988,127.1024342
성남공단우체국,경기도,성남시,중원구 둔촌대로 484 시콕스타워 B106 (상대원동),37.4311635,127.1706944
성남금광동우체국,경기도,성남시,"중원구 광명로 311 (금광동,금광동우체국)",37.4450865,127.160561
성남금동우편취급국,경기도,성남시,중원구 금빛로100번길 2 (금광동),37.4506109,127.1661156
성남단대동우체국,경기도,성남시,"수정구 산성대로 475 (단대동,단대동우체국)",37.4541649,127.1604996
성남도촌동우체국,경기도,성남시,"중원구 도촌북로 30 (도촌동,도촌동우체국)",37.4169032,127.1533215
성남수진2동우편취급국,경기도,성남시,"수정구 모란로 65 상가1층 (수진동,삼부아파트)",37.4387616,127.1238977
성남수진동우체국,경기도,성남시,"수정구 산성대로 97 (수진동,수진동우체국)",37.4343039,127.129768
성남수진역우편취급국,경기도,성남시,수정구 탄리로 8 (신흥동),37.4381911,127.1404692
성남우체국,경기도,성남시,"수정구 산성대로 301 (신흥동,성남우체국)",37.4423645,127.1499047
성남중원우편취급국,경기도,성남시,중원구 제일로 45 (성남동),37.4311903,127.1361784
성남태평2동우편취급국,경기도,성남시,수정구 남문로 111 (태평동),37.4475664,127.1387652
성남태평동우체국,경기도,성남시,"수정구 수정로 113 (태평동,태평동우체국)",37.4414492,127.1328001
성남하대원우편취급국,경기도,성남시,중원구 둔촌대로 319 (하대원동),37.4307551,127.1534901
위례우체국,경기도,성남시,"수정구 위례서일로 6, 우대빌딩 1층 (창곡동)",37.4655966,127.1367046
제337군사우편출장소,경기도,성남시,수정구 대왕판교로 1210 (고등동),37.4380822,127.106942
성남구미동우체국,경기도,성남시,분당구 돌마로90번길 6-3 (구미동),37.3493695,127.1115582
성남구미무지개우편취급국,경기도,성남시,"분당구 구미로 100, B03호 (구미동,굿모닝프라자)",37.3382698,127.1205715
성남분당우체국,경기도,성남시,분당구 황새울로 347 (서현동),37.386889,127.1232299
성남삼평동우체국,경기도,성남시,분당구 동판교로266번길 20 (삼평동),37.4064807,127.1161279
성남서현1동우체국,경기도,성남시,분당구 중앙공원로39번길 31 (서현동),37.382728,127.1263247
성남서현2동우체국,경기도,성남시,분당구 분당로263번길 49 (서현동),37.3725489,127.1409484
성남수내동우체국,경기도,성남시,분당구 내정로166번길 27 (수내동),37.3716041,127.1216059
성남야탑동우체국,경기도,성남시,분당구 장미로86번길 17 (야탑동),37.4120852,127.1306459
성남야탑목련우편취급국,경기도,성남시,"분당구 판교로 700, 206호 (야탑동, 분당테크노파크)",37.4042805,127.1517384
성남운중동우체국,경기도,성남시,분당구 운중로138번길 7-1 (운중동),37.3908632,127.0787012
성남정든마을우편취급국,경기도,성남시,"분당구 불정로 119, 109호 (정자동, 한진상가)",37.3599972,127.1181505
성남정자동우체국,경기도,성남시,분당구 정자일로198번길 6 (정자동),37.3677066,127.1064306
성남탑마을우편취급국,경기도,성남시,분당구 판교로 437(야탑동 533-4) 숭문상가 206호,37.4057284,127.1224352
성남한솔마을우편취급국,경기도,성남시,"분당구 느티로 67, 104호 (정자동, 수내조합상가)",37.3687807,127.1120352
판교테크노밸리우편취급국,경기도,성남시,"분당구 판교로 253 이노밸리B동 1층 (삼평동, 판교이노밸리)",37.4034116,127.1012913
구리갈매우체국,경기도,구리시,갈매길 97 (갈매동),37.6317027,127.1148636
구리교문동우체국,경기도,구리시,안골로 32 (교문동),37.5970741,127.1346066
구리수택3동우편취급국,경기도,구리시,검배로 128 (토평동),37.5939106,127.1519939
구리수택동우체국,경기도,구리시,체육관로74번길 51 (수택동),37.5913353,127.1409852
구리우체국,경기도,구리시,건원대로34번길 34 (인창동),37.6042154,127.1424375
의정부1동우체국,경기도,의정부시,호국로 1318 (의정부동),37.7435434,127.0506702
의정부2동우체국,경기도,의정부시,시민로 35 (의정부동),37.7385695,127.0391002
의정부3동우체국,경기도,의정부시,평화로 482 (의정부동),37.7349517,127.0482017
의정부가능동우체국,경기도,의정부시,의정로 169 (가능동),37.7480179,127.034275
의정부민락동우체국,경기도,의정부시,용현로159번길 14-10 (민락동),37.7410002,127.0944183
의정부신곡1동우체국,경기도,의정부시,발곡로 21 (신곡동),37.7314013,127.0572
의정부용현동우편취급국,경기도,의정부시,충의로57번길 30 (용현동),37.7364572,127.0856558
의정부우체국,경기도,의정부시,추동로 88 (신곡동),37.7467785,127.0640669
의정부지방법원 우편출장소,경기도,의정부시,"녹양로34번길 23 (가능동, 의정부지방법원)",37.7549863,127.0333086
의정부호원동우편취급국,경기도,의정부시,호암로 95 (호원동),37.7100953,127.0449589
대청우체국,인천광역시,옹진군,대청면 대청로7번길 31,37.8237421,124.7145708
백령소청우체국,인천광역시,옹진군,대청면 소청동로 88-40,37.7709399,124.7515929
백령우체국,인천광역시,옹진군,백령면 백령로 270,37.9710041,124.7185027
제603군사우체국,인천광역시,옹진군,백령면 당후길 2,37.9612747,124.6645154
제603군사출장소,인천광역시,옹진군,백령면 당후길 2 (북포리),37.9612747,124.6645154
교하우체국,경기도,파주시,돌단풍길 12 (문발동),37.7194929,126.7115257
문산우체국,경기도,파주시,문산읍 문향로 46,37.8561604,126.7857454
법원리우체국,경기도,파주시,법원읍 사임당로 845,37.8492399,126.8748371
봉일천우체국,경기도,파주시,조리읍 봉천로 49-2,37.7437118,126.8061702
월롱우체국,경기도,파주시,월롱면 쉰우물길 5-6,37.7774073,126.7892617
적성우체국,경기도,파주시,적성면 청송로 1049,37.9559601,126.9210595
제109군사우편출장소,경기도,파주시,등원로 450,37.7785256,126.8414257
탄현우체국,경기도,파주시,탄현면 방촌로 651,37.8023439,126.7179949
통일동산우체국,경기도,파주시,탄현면 법흥로 13,37.770625,126.70035
파주광탄우편취급국,경기도,파주시,"광탄면 큰여울길 18 (신산리, 경희체육관)",37.7790643,126.8490095
파주금촌3동우편취급국,경기도,파주시,시청로 209 (아동동),37.7709435,126.7758452
파주금촌동우체국,경기도,파주시,문화로 92 (금촌동),37.762448,126.7752141
파주동패우편취급국,경기도,파주시,교하로 421 (동패동),37.7059112,126.7321777
파주연풍우편취급국,경기도,파주시,파주읍 술이홀로 443 (연풍리),37.8291503,126.8361191
파주우체국,경기도,파주시,새꽃로 1 (금촌동),37.750218,126.7682033
파주운정동우체국,경기도,파주시,금바위로 36 (와동동),37.7275091,126.7589333
파주웅담우편취급국,경기도,파주시,법원읍 술이홀로 1704(웅담리 386-5) (웅담리),37.913014,126.8951188
파주주내우체국,경기도,파주시,파주읍 향교말길 8,37.8328054,126.8169511
파평우체국,경기도,파주시,파평면 청송로 407,37.9309195,126.858318
고촌우체국,경기도,김포시,고촌읍 은행영사정로5번길 54,37.6024847,126.7704456
김포감정동우편취급국,경기도,김포시,봉화로 169 (감정동),37.6271344,126.7027072
김포구래동우편취급국,경기도,김포시,김포한강3로 432 골드하임 114호 (마산동),37.6411144,126.6439911
김포대곶우체국,경기도,김포시,대곶면 율생중앙로 7,37.6489582,126.5829401
김포북변동우체국,경기도,김포시,북변중로 22 (북변동),37.6239492,126.7126958
김포우체국,경기도,김포시,김포한강11로 157 (운양동),37.6467118,126.6790419
김포월곶우체국,경기도,김포시,월곶면 군하로 274,37.715938,126.5521981
김포장기동우체국,경기도,김포시,김포한강1로 28-9 (장기동),37.6410131,126.6672637
김포풍무동우편취급국,경기도,김포시,풍무로 109 (풍무동),37.6054485,126.7219536
양곡우체국,경기도,김포시,양촌읍 양곡로 540,37.6550823,126.6232915
통진우체국,경기도,김포시,통진읍 조강로 52,37.6905609,126.599999
하성우체국,경기도,김포시,하성면 애기봉로 824,37.7193509,126.6289633
강화갑곳리우편취급국,인천광역시,강화군,강화읍 갑룡길 33-1,37.7428675,126.4967377
강화길상우체국,인천광역시,강화군,길상면 온수길 27 (온수리),37.6392527,126.4915521
강화우체국,인천광역시,강화군,강화읍 강화대로 384,37.7449291,126.4885224
교동우체국,인천광역시,강화군,교동면 교동남로 61,37.7783108,126.2823103
내가우체국,인천광역시,강화군,내가면 강화서로 217-8,37.7160598,126.3905141
불은우체국,인천광역시,강화군,불은면 강화동로 562-1,37.6859553,126.4798031
삼산우체국,인천광역시,강화군,삼산면 삼산북로463번길 8 (석모리),37.7038128,126.3214087
서도우체국,인천광역시,강화군,서도면 주문도길 220,37.6449362,126.2472494
선원우체국,인천광역시,강화군,선원면 대문고개로 18,37.7123478,126.4845606
송해우체국,인천광역시,강화군,송해면 강화대로 669,37.7601049,126.4663251
양도우체국,인천광역시,강화군,양도면 강화남로 711-1,37.6630593,126.4207846
양사우체국,인천광역시,강화군,양사면 덕하로 95,37.7998801,126.4171418
하점우체국,인천광역시,강화군,하점면 강화대로 1089,37.7729305,126.4255945
화도우체국,인천광역시,강화군,화도면 마니산로 703-12,37.6323118,126.419848
광명2동우체국,경기도,광명시,광명로 944 (광명동),37.4829611,126.8563439
광명6동우체국,경기도,광명시,광명로 827 (광명동),37.4732901,126.8512304
광명소하동우체국,경기도,광명시,오리로 332 (소하동),37.4320999,126.8797228
광명우체국,경기도,광명시,범안로 1017 (하안동),37.4610959,126.8762784
광명철산1동우편취급국,경기도,광명시,사성로103번길 14 (철산동),37.4903855,126.8669347
광명철산3동우체국,경기도,광명시,모세로 54 (철산동),37.4811032,126.8708843
광명철산동우체국,경기도,광명시,광덕산로 35-1 (하안동),37.4712093,126.8722421
광명철산역전우편취급국,경기도,광명시,철산로 5 (철산동),37.4761818,126.8668205
광명하안3동우체국,경기도,광명시,금당로 45 (하안동),37.4599702,126.88308
오산세교우체국,경기도,오산시,문헌공로 37(금암동),37.1763203,127.0539805
오산수청동우편취급국,경기도,오산시,내삼미로 31 (수청동),37.1654655,127.0676585
오산신장동우편취급국,경기도,오산시,청학로 115 (궐동),37.1592491,127.0642035
오산우체국,경기도,오산시,성호대로 85 (오산동),37.1490679,127.0709565
오산원동우체국,경기도,오산시,경기대로 95 (원동),37.1333491,127.0722995
한신대학교우편취급국,경기도,오산시,"한신대길 137 해오름관 지상 1층 (양산동, 한신대학교)",37.1939449,127.0234105
모현우체국,경기도,용인시,처인구 모현읍 백옥대로 2366,37.3348144,127.2493925
백암우체국,경기도,용인시,처인구 백암면 백암로201번길 16 ),37.1649257,127.3734131
송전우체국,경기도,용인시,처인구 이동읍 경기동로705번길 13-11,37.1396827,127.1982979
양지우체국,경기도,용인시,처인구 양지면 양지로 171,37.2342208,127.2872701
용인김량장동우편취급국,경기도,용인시,"처인구 금령로13번길 4 (김량장동,북부한의원)",37.2352095,127.1979715
용인남사우체국,경기도,용인시,처인구 남사읍 처인성로185번길 23,37.1144413,127.1505605
용인동백우체국,경기도,용인시,기흥구 동백6로 39 (중동),37.2773541,127.1556225
용인명지대학교우편취급국,경기도,용인시,"처인구 명지로 116 (남동,명지대학교용인캠퍼스)",37.2217101,127.1856568
용인보라우편취급국,경기도,용인시,"기흥구 한보라1로 42-6 (보라동,현대프라자,용인보라우편취급국)",37.2518276,127.1087448
용인상하우편취급국,경기도,용인시,"기흥구 중부대로 814 (상하동,상하우편취급소)",37.2560867,127.1433602
용인우체국,경기도,용인시,처인구 중부대로1161번길 73 (삼가동),37.2419642,127.1806084
용인전대리우편취급국,경기도,용인시,처인구 포곡읍 석성로 1149(전대리우편취급소),37.2803359,127.2207715
용인중앙동우체국,경기도,용인시,처인구 금령로 101 (김량장동),37.2359371,127.2077254
용인한국외국어대학교우편취급국,경기도,용인시,처인구 모현읍 외대로 81 (한국외국어대학교용인캠퍼스),37.3363361,127.2656233
원삼우체국,경기도,용인시,처인구 원삼면 고당로16번길 17 ),37.1663837,127.310313
제505군사우편출장소,경기도,용인시,처인구 학산로 3-6 (역북동),37.2393549,127.1989451
포곡우체국,경기도,용인시,처인구 포곡읍 포곡로 320 ),37.2828543,127.2334539
서탄우체국,경기도,평택시,서탄면 금암2길 126,37.1077473,127.0351056
송탄우체국,경기도,평택시,탄현로 336 (지산동),37.0820581,127.0567113
수원지법평택지원우체국,경기도,평택시,평남로 1036 (동삭동),37.0105006,127.0967558
안중우체국,경기도,평택시,안중읍 안중로99번길 17-2,36.9902428,126.927301
오성우체국,경기도,평택시,오성면 숙성시장길 61 (숙성리),37.0083439,126.9844577
제309군사우편출장소,경기도,평택시,신장로 55 (신장동),37.0813753,127.047198
제800군사우편출장소,경기도,평택시,포승읍 2함대길 91,36.9925285,126.8260539
진위우체국,경기도,평택시,진위면 봉남길 62,37.0992134,127.0904714
청북우체국,경기도,평택시,청북면 신포길 70,37.0422719,126.9333522
팽성우체국,경기도,평택시,팽성읍 부용로55번길 39,36.9673516,127.0582192
평택LG전자우편취급국,경기도,평택시,진위면 엘지로 222,37.1290327,127.0916202
평택고덕우체국,경기도,평택시,고덕면 고덕여염6길 62 (여염리) 평택고덕우체국,37.0395438,127.0455915
평택대학교우편취급국,경기도,평택시,서동대로 3825 (용이동),36.9952846,127.1334625
평택본정우편취급국,경기도,평택시,팽성읍 본정2길 23-2 (본정리),36.9501268,127.0137178
평택비전2동우체국,경기도,평택시,평남로 726 (비전동),36.9945076,127.1147593
평택서정동우편취급국,경기도,평택시,신서로 14 (신장동),37.0742839,127.0462981
평택세교동우편취급국,경기도,평택시,세교상가5길 23 (세교동),36.9991619,127.0809192
평택송탄공단우체국,경기도,평택시,산단로64번길 8 (모곡동),37.0364753,127.0771527
평택안정우편취급국,경기도,평택시,팽성읍 안정로 48 (안정리),36.9605286,127.0490033
평택우체국,경기도,평택시,중앙로 63 (비전동),36.9945412,127.0901516
평택이충동우편취급국,경기도,평택시,이충로108번길 17 (서정동),37.0645154,127.0654697
평택중앙동우체국,경기도,평택시,서정역로 28 (서정동),37.0566621,127.0559957
평택하북우편취급국,경기도,평택시,진위면 하북1길 15 (하북리),37.1109888,127.0636567
평택합정동우체국,경기도,평택시,평택3로 3 (합정동),36.9894453,127.0927814
평택현화우체국,경기도,평택시,안중읍 현화중앙길 69,36.9847385,126.9206271
포승우체국,경기도,평택시,포승읍 서동대로 1118,36.9804293,126.8793549
현덕우체국,경기도,평택시,현덕면 인광길 57,36.9656947,126.9192557
고삼우체국,경기도,안성시,고삼면 고삼호수로 8,37.0830325,127.2614439
공도우체국,경기도,안성시,공도읍 승두길 50,36.9992679,127.1721375
금광우체국,경기도,안성시,금광면 금광초교길 71,36.9998596,127.3264
미양우체국,경기도,안성시,미양면 양지길 23,36.9758017,127.2156047
보개우체국,경기도,안성시,삼거리길 17 (가사동),37.0083833,127.283675
안성공단우편취급국,경기도,안성시,미양면 안성맞춤대로 685,36.9774112,127.2609253
안성대덕우체국,경기도,안성시,공단로 12 (신건지동),37.0138165,127.2504481
안성삼죽우편취급국,경기도,안성시,삼죽면 삼백로 5,37.0743886,127.3751214
안성서운우편취급국,경기도,안성시,"서운면 솔뫼로 241 (신촌리, 안성서운우편취급국)",36.9430012,127.2585557
안성우체국,경기도,안성시,아양로 12 (석정동),37.0087091,127.263022
양성우체국,경기도,안성시,양성면 읍내길 18,37.0596038,127.19518
원곡우체국,경기도,안성시,원곡면 가천중앙1길 38 (외가천리),37.0386559,127.1292669
일죽우체국,경기도,안성시,일죽면 금일로 436,37.0905986,127.4777739
죽산우체국,경기도,안성시,죽산면 중서길 9,37.0755297,127.4222819
경기광주신현우편취급국,경기도,광주시,"오포읍 머루숯길 11, 101호 (신현리)",37.360935,127.155911
경기광주우체국,경기도,광주시,행정타운로 49-10,37.4272223,127.2529455
경기광주태전우편취급국,경기도,광주시,고불로 109-9,37.3927992,127.2261301
경안동우체국,경기도,광주시,중앙로 123,37.4105502,127.2576359
곤지암우체국,경기도,광주시,곤지암읍 곤지암로 56,37.3498295,127.3405431
도척우체국,경기도,광주시,도척면 노곡로 47-7,37.3021986,127.3315612
오포우체국,경기도,광주시,오포읍 오포로 698 ),37.358148,127.218921
초월우체국,경기도,광주시,초월읍 경충대로 1243-9,37.3856612,127.2879778
퇴촌우체국,경기도,광주시,퇴촌면 광동로 29,37.4707482,127.3060417
하남감북동우체국,경기도,하남시,감북로 26 (감일동),37.5154326,127.1603095
하남미사2동우편취급국,경기도,하남시,미사강변한강로 152 (망월동),37.5760425,127.1921635
하남미사우체국,경기도,하남시,미사강변대로 30,37.5533068,127.1855212
하남석해우편취급국,경기도,하남시,하남대로777번길 14 (신장동),37.5392352,127.2101867
하남우체국,경기도,하남시,신장로 165 (덕풍동),37.5401283,127.2008624
하남창우동우체국,경기도,하남시,대청로 80 (창우동),37.53994,127.2211569
대월우체국,경기도,이천시,대월면 대평로174번길 40,37.2221589,127.4943839
마장우체국,경기도,이천시,마장면 오천로 66,37.2514829,127.3541887
백사우체국,경기도,이천시,백사면 현방로 71,37.3394769,127.4916432
부발우체국,경기도,이천시,부발읍 무촌로 147,37.2852355,127.4882579
설성우체국,경기도,이천시,설성면 진상미로 179,37.1050686,127.5473544
신둔우체국,경기도,이천시,신둔면 경충대로 3152-14,37.3082054,127.4031934
율면우체국,경기도,이천시,율면 고당로 110,37.0925709,127.5450384
이천모가우편취급국,경기도,이천시,모가면 진상미로 1272-5 (진가리),37.1697646,127.4798466
이천설성우편취급국,경기도,이천시,설성면 진상미로 179 (제요리),37.1050686,127.5473544
이천우체국,경기도,이천시,경충대로 2610 (중리동),37.275588,127.4428824
이천증포동우편취급국,경기도,이천시,이섭대천로 1328 (증포동),37.2871462,127.4513553
이천창전동우편취급국,경기도,이천시,영창로 177 (창전동),37.2815859,127.4424402
이천하이닉스우편취급국,경기도,이천시,부발읍 경충대로 2091,37.2529797,127.4806853
장호원우체국,경기도,이천시,장호원읍 샘재로 146,37.117682,127.628438
제138군사우편출장소,경기도,이천시,마장면 억만리로 137 (회억리),37.2660542,127.368845
제867군사우편출장소,경기도,이천시,진상미로 1700-29 (대포동),37.2024763,127.4601251
제900군사우편출장소,경기도,이천시,장호원읍 경충대로597번길 57-82,37.1559879,127.5735298
호법우체국,경기도,이천시,호법면 이섭대천로 530,37.222811,127.4271615
가남우체국,경기도,여주시,가남읍 태평로 29 (가남우체국),37.2031377,127.5458195
강천우체국,경기도,여주시,강천면 간매1길 10-1 (강천우체국),37.2711922,127.7158384
대신우체국,경기도,여주시,대신면 여양로 1430-7 (대신우체국),37.3756966,127.5886235
북내우체국,경기도,여주시,북내면 여양2로 287-1 (북내우체국),37.3282934,127.6802477
세종대왕우체국,경기도,여주시,세종대왕면 마장로 84 (신지리),37.2988254,127.5746999
여주상품우편취급국,경기도,여주시,산북면 상품로 113,37.4033851,127.4433029
여주오학우편취급국,경기도,여주시,"여양로233번길 15-4 (오학동, 여주오학우편취급국)",37.302343,127.6471355
여주우체국,경기도,여주시,세종로 100,37.2892515,127.6342453
여주하리우편취급국,경기도,여주시,청심로 102,37.2991642,127.6316481
여주흥천우편취급국,경기도,여주시,흥천면 부흥로 459 (효지리),37.3319938,127.5419596
이포우체국,경기도,여주시,금사면 이포로 36 (이포우체국),37.3924978,127.5344298
점동우체국,경기도,여주시,점동면 청안로 154 (점동우체국),37.2077255,127.663878
강상우체국,경기도,양평군,강상면 양평대교길 87,37.4825515,127.4852049
강하우체국,경기도,양평군,강하면 운심길 41,37.4962171,127.4108104
개군우체국,경기도,양평군,개군면 하자포길 33,37.4261041,127.5377267
경기옥천우체국,경기도,양평군,옥천면 옥천길 42,37.5185466,127.458316
경기용문우체국,경기도,양평군,용문면 용문로 315 (경기용문우체국),37.4818936,127.5898511
단월우체국,경기도,양평군,단월면 재인동길 2-8,37.5326894,127.6740663
서종우체국,경기도,양평군,서종면 하문호길 3,37.6058737,127.3489
양동우체국,경기도,양평군,양동면 학둔지아래길 83,37.4196508,127.7538693
양평양서우체국,경기도,양평군,양서면 양수로152번길 26,37.545975,127.317562
양평우체국,경기도,양평군,양평읍 중앙로111번길 11 (공흥리),37.4945702,127.5014241
양평지평우편취급국,경기도,양평군,지평면 지평의병로 87 (지평리),37.4755314,127.635718
양평청운우체국,경기도,양평군,청운면 용두로 152,37.5549857,127.7098138
가평북면우체국,경기도,가평군,북면 가화로 967,37.8822019,127.5473672
가평우체국,경기도,가평군,가평읍 보납로 2,37.831067,127.5107659
가평조종우체국,경기도,가평군,조종면 현창로 31,37.8174137,127.3483685
상면우체국,경기도,가평군,상면 청군로 1107,37.8050544,127.3564824
설악우체국,경기도,가평군,설악면 신천중앙로 109,37.6774047,127.4913633
청평우체국,경기도,가평군,청평면 잠곡로 19,37.737168,127.420925
동두천우체국,경기도,동두천시,평화로 2518 (생연동),37.9126426,127.0580959
동두천중앙동우체국,경기도,동두천시,중앙로273번길 23 (생연동),37.906005,127.0526315
동두천지행동우체국,경기도,동두천시,중앙로 136 (지행동),37.8936111,127.0525215
대광우체국,경기도,연천군,신서면 연신로 1151,38.1846818,127.1071505
연천군남우체국,경기도,연천군,군남면 군남로 406 (연천군남우체국),38.0837469,127.0193044
연천미산우체국,경기도,연천군,미산면 청정로 1734,38.0538234,127.0116999
연천백학우체국,경기도,연천군,백학면 두백로 21,38.0310402,126.9144516
연천우체국,경기도,연천군,연천읍 연천로 280,38.1018473,127.075314
연천청산우체국,경기도,연천군,청산면 아우라지길 4,38.0318674,127.1089564
연천초성우편취급국,경기도,연천군,청산면 학담로89번길 5(초성2리 214-2) (초성리),37.9969511,127.071601
전곡우체국,경기도,연천군,전곡읍 전곡역로 69,38.0244855,127.0705586
제106군사우편출장소,경기도,연천군,청산면 청창로 719,38.0262354,127.1336807
제105군사우편출장소,경기도,포천시,관인면 북원로475번길 4(사정리),38.1310673,127.2507775
제117군사우편출장소,경기도,포천시,이동면 성장로 1093(노곡리),38.0176038,127.3555785
제118군사우편출장소,경기도,포천시,호국로 1231(자작동),37.8732062,127.179701
포천가산우체국,경기도,포천시,가산면 선마로 225( 마산리),37.8481294,127.1867633
포천관인우편출장소,경기도,포천시,관인면 창동로 1844 (탄동리),38.156723,127.252266
포천군내우체국,경기도,포천시,군내면 청군로 3278 (구읍리),37.8875766,127.2183517
포천내촌우체국,경기도,포천시,내촌면 포천로 16 (내리),37.785875,127.2254625
포천대진대우편취급국,경기도,포천시,호국로 1007(선단동),37.8734346,127.1573986
포천선단우편취급국,경기도,포천시,삼육사로 2224 (선단동),37.8518342,127.162259
포천송우우체국,경기도,포천시,소흘읍 솔모루로 105( 송우리),37.8305516,127.1483915
포천신북우체국,경기도,포천시,신북면 포천로 2152(심곡리),37.9422981,127.187616
포천신북우편출장소,경기도,포천시,신북면 포천로 2151 (심곡리),37.9422436,127.1873095
포천영북우체국,경기도,포천시,영북면 운천로 45(운천리),38.090863,127.2693597
포천영중우체국,경기도,포천시,영중면 양문로6길 6 (양문리),38.000724,127.2430744
포천우체국,경기도,포천시,중앙로 159(신읍동),37.899882,127.2055
포천이동우체국,경기도,포천시,이동면 화동로 2058-5 (장암리),38.031546,127.366896
포천일동우체국,경기도,포천시,일동면 화동로 1068(기산7리),37.9583929,127.3187875
포천창수우체국,경기도,포천시,창수면 옥수로 103 (주원리),37.992658,127.1863484
포천창수우편출장소,경기도,포천시,창수면 옥수로 103 (주원리),37.992658,127.1863484
마도우체국,경기도,화성시,마도면 두곡서길 3,37.2059328,126.7749736
매송우체국,경기도,화성시,"매송면 화성로 2372, 1층 (원평리)",37.2493294,126.9243237
서신우체국,경기도,화성시,서신면 매화3길 5-1,37.168952,126.70542
양감우체국,경기도,화성시,양감면 은행나무로 278,37.08305,126.944725
장안우체국,경기도,화성시,장안면 기아자동차로 748,37.0720853,126.8143186
제14군사우편출장소,경기도,화성시,매송면 화성로 2420-1,37.2470653,126.9284808
조암우체국,경기도,화성시,우정읍 조암로 33,37.0862131,126.8188914
팔탄우체국,경기도,화성시,팔탄면 서촌길 13-1,37.1607571,126.9034088
화성비봉우편취급국,경기도,화성시,비봉면 비봉로 112 (양노리),37.235259,126.8694307
화성송산우체국,경기도,화성시,송산면 송산포도로 90,37.2138349,126.7391298
화성우체국,경기도,화성시,남양읍 시청로202번길 92 (남양리),37.1974266,126.8281227
화성장안우편취급국,경기도,화성시,장안면 기아자동차로 748 (사곡리),37.0720853,126.8143186
화성향남우체국,경기도,화성시,향남읍 행정서로3길 53 (행정리),37.1300489,126.9205527
신갈우체국,경기도,용인시,기흥구 신갈로58번길 16-1 (신갈동),37.2722267,127.1076137
용인경희대학교우편취급국,경기도,용인시,기흥구 덕영대로 1732 경희대학교 우정원1층 (서천동),37.2432813,127.0798264
용인구성우체국,경기도,용인시,기흥구 마북로 39 (마북동),37.295361,127.116603
용인단국대학교우편취급국,경기도,용인시,"수지구 죽전로 152 (죽전동,단국대학교)",37.3207278,127.1276811
용인동천동우체국,경기도,용인시,수지구 고기로45번길 62 (동천동),37.3385851,127.0924727
용인보정동우체국,경기도,용인시,기흥구 죽현로 47(보정동),37.3194637,127.1160042
용인상현우편취급국,경기도,용인시,수지구 만현로 17 (상현동),37.3141325,127.0890177
용인수지우체국,경기도,용인시,수지구 문정로 3 (풍덕천동),37.3212319,127.0968022
용인신봉동우체국,경기도,용인시,"수지구 신봉1로 114 (신봉동, 대흥빌딩)",37.3251684,127.0734376
용인죽전1동우체국,경기도,용인시,수지구 죽전로 250 (죽전1동),37.3320025,127.1282433
용인죽전2동우편취급국,경기도,용인시,"수지구 용구대로2790번길 6 (죽전동,경방프라자)",37.3344392,127.1095394
용인풍덕우편취급국,경기도,용인시,수지구 문인로31번길 11-1 (풍덕천동),37.3319447,127.0994093
의정부우편집중국,경기도,의정부시,산단로98번길 65 (용현동),37.7456665,127.0819065
안양우편물류센터,경기도,안양시,동안구 시민대로 121 (호계동),37.3889566,126.9451627
안양우편집중국,경기도,안양시,동안구 평촌대로 212 (관양동),37.3913298,126.9567822
성남우편집중국,경기도,성남시,분당구 성남대로 57 (구미동),37.3413287,127.1080733
고양우편집중국,경기도,고양시,일산동구 호수로 366 (백석동),37.6394692,126.7851475
경기광릉우체국,경기도,남양주시,진접읍 광릉내로 90,37.745245,127.2044929
금곡우체국,경기도,남양주시,사릉로 17 (금곡동),37.6347939,127.207215
남양주다산2동우편취급국,경기도,남양주시,경춘로476번길 56 (다산동),37.6069593,127.166627
남양주법원우편취급국,경기도,남양주시,다산중앙로82번안길 161,37.6140897,127.1690501
남양주별내동우체국,경기도,남양주시,별내3로 68,37.6468218,127.1215007
남양주오남우편취급국,경기도,남양주시,오남읍 진건오남로 564 (유호아파트),37.6833709,127.2133581
남양주왕숙천우편취급국,경기도,남양주시,경춘로 381 (도농동),37.6057575,127.1566665
남양주우체국,경기도,남양주시,경춘로 1288 (평내동),37.6487799,127.2365035
남양주장현우편취급국,경기도,남양주시,진접읍 장현로107번길 6,37.7199747,127.1837758
남양주조안우편취급국,경기도,남양주시,조안면 북한강로499번길 4,37.5649779,127.3189545
남양주진건우편취급국,경기도,남양주시,진건읍 사능리 633-75,37.6529039,127.1792433
남양주청학우편취급국,경기도,남양주시,별내면 청학로92번길 4,37.7082729,127.1170737
남양주호평우편취급국,경기도,남양주시,호평로46번길 5 (호평동),37.6554147,127.2450943
덕소우체국,경기도,남양주시,와부읍 덕소로71번길 12,37.5875967,127.2119381
마석우체국,경기도,남양주시,화도읍 마석로 11,37.651922,127.3062647
운수우체국,경기도,남양주시,수동면 비룡로 720,37.7030497,127.327072
진건우체국,경기도,남양주시,진건읍 사릉로 405,37.6561341,127.1793671
진접우체국,경기도,남양주시,진접읍 해밀예당1로 48,37.712776,127.1872472
퇴계원우체국,경기도,남양주시,퇴계원읍 경춘북로 533 (퇴계원리),37.6476389,127.1430115
남동탄우체국,경기도,화성시,왕배산1길 6 (목동),37.18093,127.1225925
병점우체국,경기도,화성시,떡전골로 98 (병점동),37.2072787,127.0340821
봉담우체국,경기도,화성시,봉담읍 동화새터길 111,37.2169067,126.9613567
정남우체국,경기도,화성시,정남면 신백길 195,37.1686756,126.982765
화성동탄2동우체국,경기도,화성시,10용사2길 32 (반송동),37.1917966,127.0667487
화성동탄3동우체국,경기도,화성시,동탄숲속로 69-39 (능동),37.2100495,127.0581588
화성동탄4동우체국,경기도,화성시,동탄영천로 68,37.2087908,127.1038057
화성동탄6동우편취급국,경기도,화성시,"동탄대로 469-12. 1025호 (오산동, 동탄역린스트라우스)",37.196194,127.097614
화성동탄7동우편취급국,경기도,화성시,동탄순환대로 127-9 우성애비뉴타워 제 212호,37.1665533,127.1072808
화성동탄우체국,경기도,화성시,노작로 240 (석우동),37.2077263,127.0780875
화성와우우편취급국,경기도,화성시,봉담읍 와우로 112,37.2141509,126.9780971
경인지방우정청,경기도,수원시,권선구 호매실로 22-55 (탑동 909),37.2582747,126.9700996
부평대로우체국,인천광역시,부평구,부평대로 88 (부평4동),37.4991577,126.7225552
부평우체국,인천광역시,부평구,길주로 415 (청천동),37.5087164,126.7083987
부평현대아파트우체국,인천광역시,부평구,경원대로 1269-1 (산곡3동),37.4905999,126.7093617
북인천우체국,인천광역시,부평구,경원대로 1373 (부평1동),37.4915427,126.7215643
인천갈산동우체국,인천광역시,부평구,주부토로 177 (갈산2동),37.5109937,126.7258077
인천동암우체국,인천광역시,부평구,열우물로 15 (십정2동),37.4698212,126.7005679
인천백운우편취급국,인천광역시,부평구,경인로 731 (십정2동),37.4750381,126.7090693
인천부개동우체국,인천광역시,부평구,부흥북로 153 (부개3동),37.500735,126.7394009
인천부평4동우편취급국,인천광역시,부평구,"신트리로8번길 29 (부평동,부평4동우편취급국)",37.5049295,126.722595
인천부평6동우체국,인천광역시,부평구,경인로 995 (부평6동),37.4874512,126.7305363
인천산곡2동우체국,인천광역시,부평구,마장로272번길 95 (산곡2동),37.5027095,126.7083589
인천삼산동우체국,인천광역시,부평구,굴포로 141 (삼산동),37.5118546,126.7366159
인천일신동우편취급국,인천광역시,부평구,일신로8번길 4 (일신동),37.4844379,126.7456583
제317군사우편출장소,인천광역시,부평구,무네미로 447 (구산동),37.4745075,126.7523311
부평물류센터,인천광역시,부평구,청천동 327,37.5094138,126.7083892
서수원우체국,경기도,수원시,권선구 호매실로 22-55 (탑동),37.2582747,126.9700996
수원곡반정동우편취급국,경기도,수원시,권선구 동수원로 146번길199 (곡반정동),37.2419826,127.0331125
수원곡선동우체국,경기도,수원시,권선구 권중로 81 (권선동),37.2515554,127.0296978
수원구운동우편취급국,경기도,수원시,권선구 일월천로16번길 6 (구운동),37.2833781,126.9733728
수원권선동우체국,경기도,수원시,권선구 경수대로 382 (권선동),37.260359,127.0244807
수원금곡동우편취급국,경기도,수원시,권선구 금호로 59-15 (금곡동),37.2701994,126.957546
수원세류동우체국,경기도,수원시,권선구 덕영대로 1084 (세류동),37.2540514,127.0102904
인천간석동우체국,인천광역시,남동구,용천로 145 (간석동),37.4626074,126.7143148
인천구월동우체국,인천광역시,남동구,인주대로 554 (구월동),37.4499712,126.6982112
인천구월아파트우편취급국,인천광역시,남동구,호구포로 775 (구월동),37.4516454,126.7186173
인천남동공단우체국,인천광역시,남동구,남동대로239번길 86 (논현동),37.4087231,126.6948936
인천남동우체국,인천광역시,남동구,논현로46번길 7 (논현동),37.4018182,126.7118002
인천남촌동우편취급국,인천광역시,남동구,남촌로 120,37.4312883,126.7125963
인천논현동우체국,인천광역시,남동구,남동대로370번길 137 (논현동),37.4132445,126.7132773
인천만수1동우체국,인천광역시,남동구,인주대로 907 (만수동),37.4483877,126.7383433
인천만수6동우체국,인천광역시,남동구,장승남로 43 (만수동),37.4436285,126.7371889
인천만수단지우체국,인천광역시,남동구,만수로50번길 31 (만수동),37.4595977,126.7353669
인천서창동우체국,인천광역시,남동구,서창방산로 67 (서창동),37.4228256,126.7519597
인천한화지구우체국,인천광역시,남동구,에코중앙로 178 (논현동),37.3925787,126.7274231
인천효성상아우편취급국,인천광역시,남동구,구월로 319 (만수동),37.4556414,126.7261471
광적우체국,경기도,양주시,광적면 가래비6길 6,37.8235158,126.9859561
백석우체국,경기도,양주시,백석읍 부흥로1036번길 26,37.80495,127.0008875
양주1동우체국,경기도,양주시,부흥로 1565 (마전동),37.782909,127.0490905
양주2동우체국,경기도,양주시,고읍북로 5 (만송동),37.7966206,127.0811495
양주남면우편취급국,경기도,양주시,남면 개나리길 114,37.896917,126.9766164
양주덕계우편취급국,경기도,양주시,평화로 1445 (덕계동),37.8198141,127.0467488
양주덕정동우체국,경기도,양주시,덕정길 29 (덕정동),37.8441956,127.0639903
양주우체국,경기도,양주시,옥정동 903,37.8176367,127.0829042
양주장흥우체국,경기도,양주시,장흥면 호국로 168,37.7159687,126.9400213
은현우체국,경기도,양주시,은현면 은현로 73-36,37.8753505,127.0224618
부산지방우정청,부산광역시,연제구,법원북로 33(거제1동 1473번지),35.1941057,129.0706071
부산구덕우편취급국,부산광역시,서구,꽃마을로 42 (서대신동3가),35.117734,129.0122847
부산대영우편취급국,부산광역시,중구,초량상로5번길 34 (영주동),35.112883,129.0334423
부산메리놀병원우편취급국,부산광역시,중구,중구로 121 (대청동4가),35.1076838,129.0324148
부산보수동우체국,부산광역시,중구,흑교로45번길 7(보수동),35.1034893,129.0242671
부산서대신동우체국,부산광역시,서구,구덕로 313 (서대신동2가),35.1118065,129.0167371
부산송도우체국,부산광역시,서구,충무대로 47 (암남동),35.0788692,129.0178265
부산신동아빌딩우편취급국,부산광역시,중구,"자갈치로 42, 2층 (남포동5가)",35.0968404,129.0290541
부산아미동우체국,부산광역시,서구,구덕로 193 (아미동1가),35.1019238,129.0195456
부산우체국,부산광역시,중구,중앙대로 63 (중앙동3가),35.1037134,129.0359863
부산중앙동4가우체국,부산광역시,중구,충장대로5번길 72(중앙동4가),35.1111421,129.0389284
부산창선동우체국,부산광역시,중구,광복로39번길 3-1(창선동2가),35.0996172,129.0292962
부산천마우편취급국,부산광역시,서구,천마로 90 (남부민동),35.0843715,129.0210747
부산충무동우체국,부산광역시,서구,"충무대로 258,충무동1가 39-10",35.0936803,129.024182
부산감천동우체국,부산광역시,사하구,감천로 123 (감천동),35.0877737,129.0053872
부산괴정2동우편취급국,부산광역시,사하구,까치고개로 6 (괴정동),35.1032155,129.0032115
부산괴정동우체국,부산광역시,사하구,사하로 191 (괴정동),35.098859,128.9934428
부산기계조합우편취급국,부산광역시,사하구,다산로 164-1 (다대동),35.0671605,128.9579105
부산다대2동우체국,부산광역시,사하구,다송로 13-4 (다대동),35.0663971,128.9819
부산다대동우체국,부산광역시,사하구,다대낙조1길 21,35.0501787,128.965986
부산사하우체국,부산광역시,사하구,다대로 166 (신평동),35.0878543,128.9770203
부산신평2동우체국,부산광역시,사하구,하신번영로 179 (신평동),35.0985009,128.9600994
부산장림동우체국,부산광역시,사하구,장평로 147 (장림동),35.0792531,128.9726164
부산하단2동우편취급국,부산광역시,사하구,하신번영로 364 (하단동),35.1133939,128.9603629
부산하단동우체국,부산광역시,사하구,낙동남로1423번길 8 (하단동),35.1069386,128.9672815
동래럭키아파트우편취급국,부산광역시,동래구,충렬대로107번길 96 (온천동),35.2110033,129.0736262
동래온천우체국,부산광역시,동래구,금강로 106-1 (온천동),35.218243,129.0794818
동래우체국,부산광역시,동래구,명륜로 169 (명륜동),35.2090956,129.0819599
부산명륜동우편취급국,부산광역시,동래구,명륜로 269 (명륜동),35.2170834,129.0856288
부산명장2동우편취급국,부산광역시,동래구,"충렬사로 81 상가 101호 (명장동,국제파크아파트)",35.2054357,129.0996579
부산명장동우체국,부산광역시,동래구,명안로78번길 24 (명장동),35.2033226,129.1055421
부산사직1동우편취급국,부산광역시,동래구,사직북로 42 (사직동),35.1995249,129.0597908
부산사직3동우편취급국,부산광역시,동래구,여고로113번길 39-2 (사직동),35.2002379,129.0744442
부산사직동우체국,부산광역시,동래구,아시아드대로 154 (사직동),35.1983341,129.0655335
부산수안동우체국,부산광역시,동래구,충렬대로 244-1 (수안동),35.2011345,129.0859007
부산안락2동우편취급국,부산광역시,동래구,안락로 123-3 (안락동),35.1988462,129.1104017
부산안락동우체국,부산광역시,동래구,충렬대로 395 (안락동),35.1971438,129.1016685
부산온천3동우체국,부산광역시,동래구,석사북로 106 (온천동),35.2057303,129.0674392
부산구서동우체국,부산광역시,금정구,금강로 473 (구서동),35.2496675,129.0877341
부산구서예그린우편취급국,부산광역시,금정구,금강로391번길 8(구서동),35.2432083,129.0864131
부산금사공단우편취급국,부산광역시,금정구,개좌로 87 (금사동 68-35),35.2207901,129.1129895
부산금정우체국,부산광역시,금정구,중앙대로1793번길 20 (구서동),35.2441621,129.0918807
부산남산동우체국,부산광역시,금정구,범어천로52번길 28 (남산동),35.2707858,129.0908966
부산남산신암우편취급국,부산광역시,금정구,중앙대로2007번길 11 (남산동 73-45),35.2635348,129.0912179
부산대학교우편취급국,부산광역시,금정구,"부산대학로63번길 2 (장전동,엔씨백화점부산대점)",35.2333798,129.0798453
부산부곡3동우편취급국,부산광역시,금정구,중앙대로1719번길 29 (부곡동 225-6),35.237717,129.0906916
부산부곡4동우편취급국,부산광역시,금정구,서동로 69-1 (부곡동 736-7),35.2178631,129.0949533
부산부곡동우체국,부산광역시,금정구,부곡로 75 (부곡동),35.222753,129.0906243
부산서동우체국,부산광역시,금정구,서동로149번길 13 (서동),35.2154842,129.103411
부산외국어대학교우편취급국,부산광역시,금정구,금샘로485번길 65 부산외국어대학교 A118호 (남산동),35.26705,129.07905
부산장전동우체국,부산광역시,금정구,금강로 241-1 (장전동),35.2297611,129.0844737
부산반송2동우체국,부산광역시,해운대구,신반송로 203-11 (반송동),35.2298573,129.1578967
부산반송동우체국,부산광역시,해운대구,아랫반송로 14 (반송동),35.2253036,129.1475237
부산반여1동우체국,부산광역시,해운대구,선수촌로 45 (반여동),35.1976924,129.1179724
부산반여동우체국,부산광역시,해운대구,재반로 203 (반여동),35.1953485,129.1305055
부산법원동부지원출장소,부산광역시,해운대구,재반로112번길 20 (재송동),35.1889873,129.1296458
부산삼어우편취급국,부산광역시,해운대구,반여로155번길 65 (반여동),35.2067729,129.1228356
부산센텀시티우체국,부산광역시,해운대구,센텀5로 55 센텀Q (우동),35.1729683,129.1315739
부산신곡우체국,부산광역시,해운대구,좌동순환로 304 (좌동),35.1688528,129.1825871
부산양운우체국,부산광역시,해운대구,대천로67번길 37 (좌동),35.1737048,129.1662017
부산우1동우체국,부산광역시,해운대구,중동1로 11 (우동),35.1639638,129.1611758
부산우2동우편취급국,부산광역시,해운대구,해운대로 427 (우동),35.1659717,129.1417908
부산운봉우편취급국,부산광역시,해운대구,반송로892번길 5 (반송동),35.2308793,129.1518404
부산장산우편취급국,부산광역시,해운대구,"해운대로161번길 19 (재송동, 장산우편취급국)",35.1841056,129.1237479
부산재송동우체국,부산광역시,해운대구,재반로 121-1 (재송동),35.1893017,129.1264233
부산좌1동우체국,부산광역시,해운대구,양운로 87 (좌동),35.1706427,129.1744372
부산좌동우체국,부산광역시,해운대구,좌동순환로 184 (좌동),35.1773619,129.1761603
부산중2동우편취급국,부산광역시,해운대구,좌동순환로 441 (중동),35.1613322,129.1725654
해운대마린시티우편취급국,부산광역시,해운대구,"마린시티3로 1 (우동,썬프라자)",35.1580154,129.1475625
해운대송정우체국,부산광역시,해운대구,송정중앙로33번길 9 (송정동),35.1828495,129.2041763
해운대우체국,부산광역시,해운대구,반송로 523 (석대동),35.2184061,129.1201993
부산국제우체국,경상남도,양산시,동면 남양산1길 30,35.3263095,129.0311102
경성대학교우편취급국,부산광역시,남구,"수영로 309 (대연동,경성대학교)",35.1422457,129.0969338
남부산우체국,부산광역시,수영구,수영로 448 (남천동),35.1454562,129.1102584
동명대학교우편취급국,부산광역시,남구,"신선로 428 (용당동,동명대학교)",35.1220654,129.1016625
부경대학교우편취급국,부산광역시,남구,"용소로 45 (대연동,부경대학교대연캠퍼스)",35.1335487,129.1059875
부산감만동우체국,부산광역시,남구,우암로 84 (감만동),35.1180734,129.0808622
부산광안2동우편취급국,부산광역시,수영구,광안로16번길 66 (광안동),35.153902,129.1127951
부산광안동우체국,부산광역시,수영구,수영로 619 (광안동),35.1610122,129.1135079
부산대연3동우편취급국,부산광역시,남구,"수영로 312, 308호 (대연동)",35.1369845,129.1006257
부산대연4동우체국,부산광역시,남구,석포로 107 (대연동),35.1272825,129.0902154
부산대연우체국,부산광역시,남구,못골로 97 (대연동),35.1357265,129.0932003
부산망미1동우편취급국,부산광역시,수영구,망미로8번길 40-1 (망미동),35.1723357,129.1030187
부산망미동우체국,부산광역시,수영구,과정로 64 (망미동),35.1770632,129.1074484
부산문전우편취급국,부산광역시,남구,전포대로 102-1 (문현동),35.1457918,129.0670282
부산문현동우체국,부산광역시,남구,수영로 56 (문현동),35.1358133,129.0734184
부산민락동우체국,부산광역시,수영구,광안해변로255번길 59 (민락동),35.1574079,129.1204207
부산분포우체국,부산광역시,남구,신선로 566-1 (용호동),35.1305734,129.111924
부산삼익비치아파트우편취급국,부산광역시,수영구,남천동로24번길 22 (남천동),35.1412151,129.1107007
부산수영동우체국,부산광역시,수영구,수영로725번길 33 (수영동),35.1685906,129.1170511
부산용당우편취급국,부산광역시,남구,신선로 339 (용당동),35.116401,129.09475
부산용호동우체국,부산광역시,남구,용호로 163 (용호동),35.1175296,129.1116111
경남정보대학교우편취급국,부산광역시,사상구,주례로 45 (주례동),35.14664,129.011275
부산감전1동우편취급국,부산광역시,사상구,"낙동대로 910, A-175 (감전동) (감전동,마트월드)",35.1413763,128.9705568
부산감전2동우편취급국,부산광역시,사상구,새벽로 178 (감전동),35.1569217,128.9836655
부산덕포1동우체국,부산광역시,사상구,사상로269번길 7 (덕포동),35.1688068,128.9818179
부산동감전우편취급국,부산광역시,사상구,학감대로237번길 39 (감전동),35.1523821,128.9877758
부산모라3동우체국,부산광역시,사상구,모라로192번길 25 (모라동),35.1848508,129.0010832
부산모라동우체국,부산광역시,사상구,사상로519번길 11 (모라동),35.1908114,128.9884572
부산모라우성우편취급국,부산광역시,사상구,백양대로 943 (모라동),35.1903781,128.991498
부산사상우체국,부산광역시,사상구,사상로 165 (괘법동),35.1603238,128.9858636
부산엄궁동우체국,부산광역시,사상구,낙동대로 784-4 (엄궁동),35.1304408,128.9720149
부산주례2동우편취급국,부산광역시,사상구,가야대로366번길 8 (주례동),35.1507046,129.0125004
부산주례동우체국,부산광역시,사상구,사상로 23 (주례동),35.1513229,128.9973336
부산학장공단우편취급국,부산광역시,사상구,대동로 182 (학장동),35.1436068,128.9844099
부산학장동우체국,부산광역시,사상구,학감대로 101 (학장동),35.1402633,128.989378
신라대학교우편취급국,부산광역시,사상구,"백양대로700번길 140 (괘법동,신라대학교)",35.1682792,128.9977086
부산우편집중국,부산광역시,강서구,대저로49번길 22(대저1동),35.217276,128.9587
김해관동우체국,경상남도,김해시,계동로 23,35.1785558,128.7956988
김해구산동우체국,경상남도,김해시,구산로39번길 33 (구산동),35.2512202,128.8704547
김해남산우편취급국,경상남도,김해시,김해대로 2419 (부원동),35.2275121,128.8913778
김해대동우체국,경상남도,김해시,대동면 대동로 615,35.2423578,128.9811524
김해동광우편취급국,경상남도,김해시,호계로 502 (동상동),35.2353371,128.8845985
김해부원동우체국,경상남도,김해시,가락로 58 (부원동),35.2317816,128.882269
김해삼계동우체국,경상남도,김해시,해반천로168번길 6 (삼계동),35.2629796,128.8678982
김해삼문우체국,경상남도,김해시,능동로 35,35.1969027,128.797211
김해삼방동우체국,경상남도,김해시,삼안로291번길 57 (삼방동),35.2468929,128.9078242
김해삼안동우체국,경상남도,김해시,삼안로77번길 17 (안동),35.2364376,128.9153317
김해상동우체국,경상남도,김해시,상동면 상동로 557,35.3081092,128.9307164
김해생림우체국,경상남도,김해시,생림면 마사로 91,35.3520935,128.850459
김해수로우편취급국,경상남도,김해시,김해대로2371번길 24-15 A동 101호 (부원동),35.2291875,128.8866027
김해어방우편취급국,경상남도,김해시,분성로 536 (어방동),35.2352831,128.9045127
김해연지우체국,경상남도,김해시,내외중앙로 120 (내동),35.2403944,128.86836
김해외동우체국,경상남도,김해시,함박로 31 (외동),35.2333829,128.8577607
김해우체국,경상남도,김해시,전하로176번길 83 (전하동),35.2239881,128.8744435
김해율하우체국,경상남도,김해시,율하1로 73,35.1750396,128.8127783
김해인제대학교우편취급국,경상남도,김해시,"인제로 197 (어방동,인제대학교)",35.2487277,128.9026673
김해장유우체국,경상남도,김해시,장유로 283,35.2005094,128.8135926
김해주촌우체국,경상남도,김해시,주촌면 서부로1638번길 4,35.2362489,128.8311298
김해진례우체국,경상남도,김해시,진례면 송현로 11,35.2489891,128.7496064
김해진영우체국,경상남도,김해시,진영읍 여래로20번길 21,35.3044629,128.7323795
김해한림우체국,경상남도,김해시,한림면 한림로 370,35.3203614,128.8029029
김해활천동우체국,경상남도,김해시,인제로39번길 44 (삼정동),35.2318212,128.9002314
마산교방주공우편취급국,경상남도,창원시,마산합포구 교방북2길 35-1,35.2163682,128.5634015
마산구산우편취급국,경상남도,창원시,마산합포구 구산면 구산로 509(수정리513-9),35.116047,128.5803272
마산구암동우체국,경상남도,창원시,마산회원구 금강로 283,35.2525616,128.5951449
마산남성동우체국,경상남도,창원시,마산합포구 동서북7길 46,35.2037185,128.5752727
마산내서우체국,경상남도,창원시,마산회원구 내서읍 중리공단로 225-1,35.2489165,128.5177929
마산대학교우편취급국,경상남도,창원시,"마산회원구 내서읍 함마대로 2640 (용담리, 마산대학)",35.2595221,128.5040311
마산동서동우편취급국,경상남도,창원시,마산합포구 제2부두로 17 현대아이파크상가 301동 제109호 (신포동1가),35.1968649,128.5732107
마산봉암동우체국,경상남도,창원시,마산회원구 봉암북14길 2 (봉암동),35.2178574,128.6056875
마산산호동우체국,경상남도,창원시,마산합포구 용마로 38,35.2171136,128.5795189
마산삼계우체국,경상남도,창원시,마산회원구 내서읍 삼계로 30,35.2321475,128.5015019
마산상남동우체국,경상남도,창원시,마산합포구 북성로 96,35.2157142,128.570675
마산양덕동우체국,경상남도,창원시,마산회원구 양덕동2길 37,35.2231119,128.5893524
마산여항우편취급국,경상남도,창원시,마산합포구 진전면 금암길 11 (금암리),35.1372122,128.375005
마산우체국,경상남도,창원시,마산합포구 3·15대로 148,35.1918588,128.5646494
마산월영동우체국,경상남도,창원시,마산합포구 월영동서로 1 (해운동),35.1783204,128.5599133
마산자산동우편취급국,경상남도,창원시,마산합포구 자산동 19-3 한백4차아파트상가 103호 (한백4차아파트),35.2056844,128.5649075
마산장군동4가우편취급국,경상남도,창원시,"마산합포구 완월동8길 40 (장군동4가, 장군동4가우편취급국)",35.198348,128.5648213
마산중리우편취급국,경상남도,창원시,마산회원구 내서읍 호원로 287 (호계리),35.2591887,128.5221638
마산창포동우편취급국,경상남도,창원시,마산합포구 문화동9길 21 (창포동2가),35.1837699,128.5612221
마산태화우편취급국,경상남도,창원시,마산회원구 회원동16길 50,35.2204992,128.5716147
마산팔용우편취급국,경상남도,창원시,마산회원구 팔용로 139,35.2415613,128.5900818
마산한우아파트우편취급국,경상남도,창원시,"마산합포구 자산솔밭로 52 (자산동,한우아파트)",35.202693,128.559325
마산합성1동우편취급국,경상남도,창원시,마산회원구 합성서1길 119 (합성동),35.2418897,128.5840196
마산합포우체국,경상남도,창원시,마산합포구 3·15대로 148 (중앙동2가),35.1918588,128.5646494
마산현동우편취급국,경상남도,창원시,마산합포구 현동7길 22 (현동),35.1492732,128.5542845
마산회성동우체국,경상남도,창원시,마산회원구 북성로 285,35.231183,128.5654472
마산회성시장우편취급국,경상남도,창원시,마산회원구 회성시장1길 16,35.2327998,128.5594969
진동우체국,경상남도,창원시,마산합포구 진동면 진북산업로 1,35.1165161,128.4879825
진북우체국,경상남도,창원시,마산합포구 진북면 지산5길 65,35.1152159,128.4683094
진전우체국,경상남도,창원시,마산합포구 진전면 대실로 145,35.10239,128.4180526
창원가음정동우체국,경상남도,창원시,성산구 원이대로863번길 20 (가음동),35.2085064,128.6973923
창원감계우체국,경상남도,창원시,의창구 북면 감계로110번길 54-38,35.300754,128.5949503
창원내동우편취급국,경상남도,창원시,"성산구 연덕로184번길 23,103호 (내동,일성그라미아파트)",35.21801,128.668363
창원대방동우체국,경상남도,창원시,성산구 대암로105번길 6 (대방동),35.2161578,128.7083961
창원대산우체국,경상남도,창원시,의창구 대산면 진산대로 281 (제동리),35.3263083,128.7145999
창원도계동우체국,경상남도,창원시,의창구 태복산로3번길 7 (도계동),35.2528602,128.638512
창원도계성신우편취급국,경상남도,창원시,"의창구 도계로8번길 1,101호 (도계동)",35.2595029,128.6337375
창원동읍우체국,경상남도,창원시,의창구 동읍 의창대로915번길 7,35.2797276,128.6904925
창원두대동우체국,경상남도,창원시,성산구 대원로93번길 6 (대원동),35.235151,128.6507987
창원명곡동우편취급국,경상남도,창원시,"의창구 창이대로113번길 9-1,2호",35.2422657,128.6492326
창원반송동우체국,경상남도,창원시,성산구 원이대로473번길 15 (반림동),35.235507,128.6695473
창원봉곡동우체국,경상남도,창원시,의창구 지귀로119번길 2 (봉곡동),35.2455961,128.6585467
창원북면우체국,경상남도,창원시,의창구 북면 신리길 20 (신촌리),35.347413,128.6055579
창원사림동우체국,경상남도,창원시,의창구 사림로 94 (사림동),35.2452034,128.6820834
창원상남동우체국,경상남도,창원시,성산구 동산로 65 (상남동),35.215601,128.68695
창원소계동우편취급국,경상남도,창원시,의창구 금강로341번길 2 (소계동),35.2560432,128.5998969
창원신월은아우편취급국,경상남도,창원시,"성산구 신사로 4, 28동 상가 8-2호 (신월동)",35.2269776,128.686475
창원안민동우편취급국,경상남도,창원시,"성산구 공단로 732,101호 (안민동)",35.1889816,128.6937449
창원양곡동우체국,경상남도,창원시,성산구 신촌로 31 (신촌동),35.206751,128.627
창원용호동우편취급국,경상남도,창원시,"성산구 용지로153번길 3, 101호 (용호동, 창원오피스텔)",35.2287353,128.6804729
창원우체국,경상남도,창원시,성산구 상남로 57 (상남동),35.2194283,128.6786759
창원우체국경남도청출장소,경상남도,창원시,의창구 중앙대로 300 (사림동),35.2377974,128.6919403
창원중동우체국,경상남도,창원시,의창구 서상로 74-1 (중동),35.2646166,128.6207364
창원중앙동우편취급국,경상남도,창원시,"성산구 중앙대로 95,132호 (중앙동)",35.2236257,128.6789305
창원지방법원우체국,경상남도,창원시,성산구 창이대로 681 (사파동),35.224193,128.7008766
창원차룡우편취급국,경상남도,창원시,"의창구 차상로150번길 68,150호 (팔용동)",35.2339993,128.6391339
창원팔용동우체국,경상남도,창원시,의창구 팔용로 437 (팔용동),35.2557293,128.6130208
진해경화동우체국,경상남도,창원시,진해구 충장로 305 (경화동),35.1536581,128.6853506
진해덕산동우체국,경상남도,창원시,진해구 충장로 493 (덕산동),35.1457716,128.7011734
진해여좌동우체국,경상남도,창원시,진해구 여좌로 69 (여좌동),35.1576157,128.6621652
진해우체국,경상남도,창원시,진해구 백구로 40 (통신동),35.1488664,128.6604156
진해웅동2동우체국,경상남도,창원시,진해구 용재로 42 (용원동),35.1012057,128.8145099
진해웅동우체국,경상남도,창원시,진해구 웅동로 63 (마천동),35.1252234,128.7836569
진해웅천동우체국,경상남도,창원시,진해구 웅천중로66번길 9 (성내동),35.1120685,128.7508685
진해이동우편취급국,경상남도,창원시,진해구 충장로 432 (이동),35.1500582,128.6973354
경상국립대학교우편취급국,경상남도,진주시,"진주대로 501 (가좌동, 경상대학교)",35.1538877,128.0985941
제306군사우체국,경상남도,진주시,금산면 송백로 46,35.2036255,128.1456409
진주가좌동우체국,경상남도,진주시,가좌길15,35.156077,128.1058312
진주금곡우체국,경상남도,진주시,금곡면 월아산로 115,35.0921964,128.1869241
진주금산우체국,경상남도,진주시,금산면 금산순환로 40,35.2175239,128.1482116
진주내동우체국,경상남도,진주시,내동면 순환로 370,35.159428,128.0699624
진주대곡우체국,경상남도,진주시,대곡면 진의로 1090,35.2640076,128.1692306
진주대평우체국,경상남도,진주시,대평면 한들길 52,35.2333307,127.9603304
진주도동우편취급국,경상남도,진주시,대신로340번길 7 (하대동),35.1909214,128.1175481
진주명석우편취급국,경상남도,진주시,명석면 광제산로 17 (우수리),35.2174226,128.0407032
진주문산우체국,경상남도,진주시,문산읍 동부로609번길 10,35.1691828,128.1669379
진주미천우체국,경상남도,진주시,미천면 진산로 1824,35.3180344,128.0904644
진주사봉우체국,경상남도,진주시,사봉면 사군로 51,35.1871831,128.2645907
진주상대동우체국,경상남도,진주시,솔밭로 129 (상대동),35.1806694,128.1066913
진주상봉서동우편취급국,경상남도,진주시,창렬로 128 (상봉동),35.1982269,128.0712258
진주상평공단우편취급국,경상남도,진주시,돗골로117번길 13 (상평동),35.1784978,128.1108839
진주서부우편취급국,경상남도,진주시,평거로 159 (신안동),35.1831722,128.0687932
진주수곡우체국,경상남도,진주시,수곡면 곤수로 977,35.1986814,127.9313791
진주신안동우체국,경상남도,진주시,평거로 86 (신안동),35.1771921,128.0675084
진주옥봉동우편취급국,경상남도,진주시,진산로 5 (옥봉동),35.1934279,128.0918017
진주우체국,경상남도,진주시,비봉로24번길 15 (중안동),35.1933926,128.0826309
진주이반성우체국,경상남도,진주시,이반성면 오봉산로 707,35.1682035,128.3261543
진주이현동우체국,경상남도,진주시,평거로 272 (이현동),35.1915697,128.0626771
진주일반성우체국,경상남도,진주시,일반성면 동부로 1941,35.1723714,128.2757837
진주지수우체국,경상남도,진주시,지수면 지수로 488,35.2351036,128.2701461
진주진성우체국,경상남도,진주시,진성면 동부로 1316,35.183615,128.2245458
진주집현우체국,경상남도,진주시,집현면 진산로 529,35.2322725,128.1012723
진주천전우편취급국,경상남도,진주시,진주대로856번길 9 (주약동),35.1773929,128.0928875
진주초장동우체국,경상남도,진주시,초장로14번길 18 (초전동),35.2049015,128.1145076
진주충무공동우체국,경상남도,진주시,충의로 153 (충무공동),35.1748336,128.1495173
진주칠암동우체국,경상남도,진주시,진주대로 940 (칠암동),35.1840235,128.0888222
진주평거동우체국,경상남도,진주시,진양호로125번길 15 (평거동),35.1692395,128.052569
진주하대동우체국,경상남도,진주시,도동로 182 (하대동),35.1864361,128.1225257
울산강동동우체국,울산광역시,북구,정자7길 37-2 (정자동 67),35.6180269,129.4491405
울산구영우편취급국,울산광역시,울주군,범서읍 구영로 158,35.568673,129.2436043
울산농소1동우체국,울산광역시,북구,호계로 196 (호계동),35.6218437,129.3558116
울산농소2동우편취급국,울산광역시,북구,신기3길 19-11 101호 (매곡동),35.6444575,129.3549925
울산농소3동우편취급국,울산광역시,북구,"고래로 2 (천곡동,원동현대아파트)",35.6315839,129.3434328
울산다운우편취급국,울산광역시,중구,운곡길 5 (다운동),35.5565395,129.2754525
울산두동우체국,울산광역시,울주군,두동면 대밀길 22-2,35.6546987,129.200675
울산두서우편취급국,울산광역시,울주군,두서면 노서길 10 (인보리),35.6435571,129.1583125
울산범서우체국,울산광역시,울주군,범서읍 송현길 64,35.5692338,129.2298883
울산병영우체국,울산광역시,중구,병영로 4 (남외동),35.5696426,129.3462665
울산복산세운우편취급국,울산광역시,중구,도화골길 5 (복산동),35.5672985,129.3323815
울산북정동우체국,울산광역시,중구,동헌길 165 (북정동),35.5577,129.32
울산삼남우체국,울산광역시,울주군,삼남면 중남로 45,35.5357538,129.1072865
울산삼성SDI우편취급국,울산광역시,울주군,삼남면 반구대로 163,35.5155125,129.094096
울산상북우체국,울산광역시,울주군,상북면 상북로 288,35.5906369,129.0901132
울산성안동우체국,울산광역시,중구,백양로 100 (성안동),35.573418,129.3171463
울산양정동우편취급국,울산광역시,북구,염포로 479 (양정동),35.5485879,129.3836653
울산언양우체국,울산광역시,울주군,언양읍 동문길 49,35.5665906,129.1250732
울산연암동우체국,울산광역시,북구,화봉로 84 (연암동),35.5879578,129.3680843
울산연암벽산우편취급국,울산광역시,북구,두부곡2길 4-7 (연암동 376-4),35.5840978,129.3665657
울산우정동우체국,울산광역시,중구,명륜로 66 (우정동),35.5574789,129.3111794
울산우체국,울산광역시,중구,구교로 77 (학성동),35.5557108,129.3329802
울산진장동우체국,울산광역시,북구,"진장유통로 34 (진장동, 울산우편집중국)",35.5738874,129.3574982
울산태화동우체국,울산광역시,중구,종가5길 57 (유곡동),35.5597881,129.2969186
울산화진우편취급국,울산광역시,중구,태화로 139(태화동 784-3) (태화동),35.5535198,129.2913357
남울산우체국,울산광역시,남구,왕생로 142 (달동),35.545733,129.3287
울산달동우체국,울산광역시,남구,삼산로 167 (달동),35.5372295,129.3254973
울산대학교우편취급국,울산광역시,남구,"대학로 93 (무거동,울산대학교)",35.5437482,129.2561333
울산무거2동우체국,울산광역시,남구,옥현로58번길 19 (무거동),35.540681,129.2635047
울산무거동우체국,울산광역시,남구,삼호로 71 (무거동),35.5496904,129.2721159
울산삼산동우체국,울산광역시,남구,삼산중로100번길 27 (삼산동),35.5423111,129.3385471
울산서생우체국,울산광역시,울주군,서생면 해맞이로 1604,35.3847455,129.3411952
울산선암동우편취급국,울산광역시,남구,"산업로339번길 27-2 209(상가)동 201호 (선암동, 선암에코하이츠)",35.5159305,129.3369908
울산신암우편취급국,울산광역시,울주군,서생면 해맞이로 888 (신암리),35.3491032,129.3250241
울산신정3동우편취급국,울산광역시,남구,중앙로300번길 26 (신정동),35.5481029,129.3120412
울산신정4동우체국,울산광역시,남구,수암로 81 (신정동),35.5300909,129.3169172
울산신정동우체국,울산광역시,남구,중앙로 219 (신정동),35.5406622,129.3115703
울산야음동우체국,울산광역시,남구,수암로 256 (야음동),35.5230215,129.333015
울산야음아파트우편취급국,울산광역시,남구,"신선로 92 (야음동,목화빌라)",35.5218716,129.3223936
울산옥동우체국,울산광역시,남구,거마로5번길 17 (옥동),35.5350287,129.2933557
울산온산우체국,울산광역시,울주군,온산읍 덕신로 244,35.4332754,129.3080867
울산온양우체국,울산광역시,울주군,온양읍 남창2길 20,35.4168984,129.2817704
울산웅촌우체국,울산광역시,울주군,웅촌면 곡천동문길 5,35.464093,129.2078646
울산장생포동우체국,울산광역시,남구,장생포고래로 193-1 (장생포동),35.5020706,129.3756516
울산지방법원우체국,울산광역시,남구,"법대로 55 (옥동, 울산지방법원)",35.5393646,129.2872265
울산청량우체국,울산광역시,울주군,청량읍 덕하장터길 9 (상남리),35.4917077,129.3059123
울산향수아파트우편취급국,울산광역시,남구,봉월로67번길 11-1 (신정동),35.5383713,129.3040557
부산동삼3동우체국,부산광역시,영도구,상리로 37(동삼동),35.0847148,129.0683865
부산동삼동우체국,부산광역시,영도구,"동삼로 37-1 (동삼동,부산동삼동우체국)",35.0768539,129.0709113
부산영도우체국,부산광역시,영도구,태종로 89 (대교2가81),35.0919846,129.0410142
부산영선동우체국,부산광역시,영도구,절영로 96-1 (영선동3가),35.0860778,129.039913
부산청학동우체국,부산광역시,영도구,청학로 87(청학동223-16),35.0960597,129.0611149
한국해양대학교우편취급국,부산광역시,영도구,"태종로 727 (동삼동,한국해양대학교)",35.076358,129.0892004
동의대학교우편취급국,부산광역시,부산진구,엄광로 176 (가야동) 수덕전2층,35.1418304,129.034615
부산가평우편취급국,부산광역시,부산진구,냉정로 218-1 (개금동),35.1508516,129.0236548
부산개금3동우편취급국,부산광역시,부산진구,"개금본동로9번길 77 (개금동,우진아파트)",35.1560324,129.0221203
부산당감3동우체국,부산광역시,부산진구,백양대로 156 (당감동),35.1596487,129.0329645
부산당감4동우체국,부산광역시,부산진구,백양산로53번길 71 (당감동),35.1715705,129.0282783
부산당감동우체국,부산광역시,부산진구,당감로 50-1 (당감동),35.1661798,129.03924
부산범전동우편취급국,부산광역시,부산진구,새싹로 72-1 (범전동),35.1638162,129.0546559
부산범천2동우체국,부산광역시,부산진구,신암로 9 (범천동),35.1428932,129.0556914
부산범천동우체국,부산광역시,부산진구,황령대로18번길 21 (범천동),35.1470631,129.0615478
부산부암동우체국,부산광역시,부산진구,동평로 211 (연지동),35.1689459,129.0507278
부산부전2동우체국,부산광역시,부산진구,중앙대로666번길 50 (부전동),35.1519683,129.0609104
부산서면우체국,부산광역시,부산진구,"중앙대로775번길 5 삼정기업빌딩 1층 (부전동, 대림빌딩)",35.1616254,129.0613804
부산성지우편취급국,부산광역시,부산진구,"초읍천로108번길 49-1, 부산성지우편취급국 (초읍동)",35.179533,129.0470215
부산양정1동우체국,부산광역시,부산진구,범양로 103 (양정동),35.1727263,129.0644875
부산양정동우체국,부산광역시,부산진구,거제대로22번길 20 (양정동),35.1703648,129.0686109
부산연지동우편취급국,부산광역시,부산진구,성지로 30 (연지동),35.1732847,129.0551321
부산전포동우편취급국,부산광역시,부산진구,동성로108번길 4 (전포동),35.1599088,129.0673293
부산전포아파트우편취급국,부산광역시,부산진구,진남로356번길 38 (전포동),35.1575361,129.0728717
부산진우체국,부산광역시,부산진구,가야대로 579 (가야동),35.1549125,129.0353605
동부산우체국,부산광역시,동구,조방로 15 (범일동),35.1382555,129.062214
부산구봉우편취급국,부산광역시,동구,망양로 893 (범일동),35.140183,129.0488087
부산수정1동우편취급국,부산광역시,동구,고관로 37 (수정동),35.1227325,129.0427851
부산수정5동우편취급국,부산광역시,동구,망양로 819-3 (수정동),35.1351729,129.0443245
부산수정동우체국,부산광역시,동구,수정로 9 (수정동),35.1273229,129.0456475
부산좌천동우체국,부산광역시,동구,중앙대로 471 (좌천동),35.1355942,129.0552734
부산초량3동우체국,부산광역시,동구,"중앙대로 236, 대동빌딩1층 (초량동)",35.1177303,129.0416218
부산초량6동우편취급국,부산광역시,동구,망양로 626 (초량동),35.1259968,129.0350138
부산초량우체국,부산광역시,동구,초량상로 71 (초량동),35.1181128,129.0378365
307군사우편출장소,부산광역시,강서구,공항진입로42번길 54,35.1831289,128.9483247
김해공항우편취급국,부산광역시,강서구,공항진입로 108 국제선,35.1720764,128.9474778
부산가덕도동우편취급국,부산광역시,강서구,동선1길 12-5 (동선동),35.0557696,128.8330771
부산가락동우편취급국,부산광역시,강서구,가락대로 1467,35.195209,128.9020441
부산강동동우체국,부산광역시,강서구,낙동북로 47,35.2190848,128.9349728
부산강서우체국,부산광역시,강서구,대저로63번길 49,35.2173098,128.9593084
부산녹산공단우체국,부산광역시,강서구,녹산산단232로 38-26,35.086657,128.840238
부산녹산동우체국,부산광역시,강서구,화전산단4로7번길 25 (녹산동),35.1121891,128.8789499
부산대저2동우체국,부산광역시,강서구,공항로811번길 34,35.180251,128.956123
부산대저동우체국,부산광역시,강서구,대저로 290,35.2117744,128.9832675
부산명지동우체국,부산광역시,강서구,공항로15번길 30,35.1122128,128.9309334
부산명지오션시티우체국,부산광역시,강서구,명지오션시티9로 45,35.0886629,128.9016895
부산법원서부지원출장소,부산광역시,강서구,"명지국제7로 77, 1층 (명지동)",35.0973107,128.9098686
부산신호동우체국,부산광역시,강서구,신호산단2로 43-31,35.0852141,128.8791439
부산지사동우체국,부산광역시,강서구,과학산단2로20번길 13,35.1508709,128.8321843
기장대라리우편취급국,부산광역시,기장군,기장읍 차성로 269,35.2416374,129.212776
기장신앙촌우편취급국,부산광역시,기장군,기장읍 죽성로 197,35.2490776,129.2412544
기장우체국,부산광역시,기장군,기장읍 대변로 1,35.2357349,129.2183116
기장좌천우편취급국,부산광역시,기장군,장안읍 좌천리 200-1(동부산농협 맞은편),35.3127638,129.2434177
부산모전우체국,부산광역시,기장군,정관읍 모전1길 6-3 부산모전우체국,35.335238,129.165989
부산정관우체국,부산광역시,기장군,정관읍 정관덕산2길 14 (방곡리),35.3221934,129.1831755
부산철마우체국,부산광역시,기장군,철마면 철마로 475-1,35.2749622,129.1489731
월내우체국,부산광역시,기장군,장안읍 길천2길 5-1,35.3290522,129.2827976
일광우체국,부산광역시,기장군,일광면 삼성1길 6-6,35.2643272,129.2335801
양산남부동우편취급국,경상남도,양산시,중앙로 43 (남부동),35.3349306,129.0384277
양산덕계동우체국,경상남도,양산시,웅상대로 781 (덕계동),35.3709182,129.1497984
양산동면우체국,경상남도,양산시,동면 영천로 79,35.3064545,129.1071946
양산동원과학기술대학교우편취급국,경상남도,양산시,명곡로 321 (명곡동),35.3433571,129.0675
양산물금우체국,경상남도,양산시,물금읍 새실로 36 (가촌리),35.3134345,128.9941212
양산북정우편취급국,경상남도,양산시,산막공단로 20 (북정동),35.3705999,129.0471072
양산상북석계우편취급국,경상남도,양산시,"상북면 상북중앙로 366, 105호 (석계리)",35.4158047,129.0614522
양산서창동우체국,경상남도,양산시,연호4길 16-4 (삼호동),35.4159404,129.1730593
양산석산우체국,경상남도,양산시,동면 남양산1길 30 (부산국제우체국),35.3263095,129.0311102
양산소주동우편취급국,경상남도,양산시,소주회야로45-8 (소주동),35.4068309,129.1583236
양산야리우편취급국,경상남도,양산시,물금읍 야리로 106,35.3115185,129.0070456
양산우체국,경상남도,양산시,중앙로 252 (신기동),35.3526479,129.0418869
양산원동우체국,경상남도,양산시,원동면 원동마을길 20,35.3636828,128.9200984
양산유산우편취급국,경상남도,양산시,새목1길 8 (어곡동),35.3732208,129.0270377
양산중부동우체국,경상남도,양산시,장터4길 17 (중부동),35.3431941,129.0359566
양산통도사우체국,경상남도,양산시,하북면 신평로 11-2,35.4892985,129.0872362
양산황산우체국,경상남도,양산시,물금읍 신주로 41,35.3332273,129.016138
밀양내이동우체국,경상남도,밀양시,약산로 53,35.4929129,128.7507103
밀양단장우체국,경상남도,밀양시,단장면 표충로 355,35.5152347,128.8754373
밀양무안우체국,경상남도,밀양시,무안면 사명로 511,35.470391,128.6518474
밀양밀성우편취급국,경상남도,밀양시,시청서길 23,35.5020194,128.7428928
밀양부북우체국,경상남도,밀양시,부북면 부북로 41,35.5120881,128.7286725
밀양산내우체국,경상남도,밀양시,산내면 산내로 352,35.5865571,128.881875
밀양산외우체국,경상남도,밀양시,산외면 산외로 702-1,35.5108885,128.8389445
밀양삼랑진우체국,경상남도,밀양시,삼랑진읍 천태로 11,35.3972568,128.8377297
밀양삼문동우체국,경상남도,밀양시,삼문중앙로3길 48,35.4865277,128.75541
밀양상남우체국,경상남도,밀양시,상남면 평촌중앙로 34,35.4113425,128.775217
밀양상동우체국,경상남도,밀양시,상동면 상동로 596-1,35.5562185,128.7618199
밀양예림우편취급국,경상남도,밀양시,상남면 밀양대로 1531,35.4676516,128.7605442
밀양우체국,경상남도,밀양시,중앙로 84 (가곡동),35.4746712,128.769034
밀양청도우체국,경상남도,밀양시,청도면 청도로 106,35.5488087,128.6252079
밀양초동우체국,경상남도,밀양시,초동면 초동로 304,35.4123445,128.6900056
밀양하남우체국,경상남도,밀양시,하남읍 수산중앙로 52,35.3748815,128.7111172
삼랑진임천우편취급국,경상남도,밀양시,삼랑진읍 임천2길 5,35.4533513,128.7974625
창녕길곡우체국,경상남도,창녕군,길곡면 낙동로 1507,35.3858267,128.5697126
창녕남지우체국,경상남도,창녕군,남지읍 낙동로 460,35.3884343,128.4748764
창녕대지우체국,경상남도,창녕군,대지면 우포2로 972-1,35.5551733,128.4674347
창녕대합우체국,경상남도,창녕군,대합면 십이리2길 3,35.6139009,128.4720419
창녕도천우체국,경상남도,창녕군,도천면 영산도천로 352,35.4359421,128.5161993
창녕부곡우체국,경상남도,창녕군,부곡면 신촌길 2,35.4367814,128.5924266
창녕성산우체국,경상남도,창녕군,성산면 창한로 433,35.6387562,128.4609944
창녕영산우체국,경상남도,창녕군,영산면 연지길 11,35.4563223,128.5277121
창녕우체국,경상남도,창녕군,창녕읍 화왕산1로 41,35.5376495,128.50002
창녕유어우체국,경상남도,창녕군,유어면 유어장마로 757,35.5102007,128.4165497
창녕장마우체국,경상남도,창녕군,장마면 강리길 28 (강리),35.4579492,128.4734985
신반우체국,경상남도,의령군,부림면 대한로 1764,35.4660668,128.3250578
의령가례우체국,경상남도,의령군,가례면 의병로 56,35.323055,128.2439921
의령궁류우체국,경상남도,의령군,궁류면 궁류로 125,35.4473404,128.2483336
의령낙서우체국,경상남도,의령군,낙서면 낙서로 506,35.4840674,128.3761608
의령대의우체국,경상남도,의령군,대의면 대의로 53-6,35.3717648,128.1066372
의령봉수우체국,경상남도,의령군,봉수면 대한로 1225,35.4708405,128.2700625
의령용덕우체국,경상남도,의령군,용덕면 의합대로 364,35.3455025,128.2938525
의령우체국,경상남도,의령군,의령읍 충익로 21,35.3179292,128.2618358
의령유곡우편취급국,경상남도,의령군,"유곡면 마장로 17 (칠곡리, 유곡다방)",35.4332295,128.3127403
의령정곡우체국,경상남도,의령군,정곡면 법정로 932-5,35.3800407,128.3261531
의령지정우체국,경상남도,의령군,지정면 함의로5길 3,35.3824999,128.3863724
의령칠곡우체국,경상남도,의령군,칠곡면 칠곡로 65,35.3402133,128.1958458
의령화정우체국,경상남도,의령군,화정면 화정로 299,35.2771716,128.2114815
군북우체국,경상남도,함안군,군북면 중암7길 6,35.2616854,128.3457004
제80군사우편출장소,경상남도,함안군,군북면 함마대로 848,35.2634441,128.3554682
칠원우체국,경상남도,함안군,칠원읍 용산1길 39 (칠원우체국),35.3092323,128.5166256
함안대산우체국,경상남도,함안군,대산면 대산중앙로 187,35.3506854,128.4302635
함안법수우체국,경상남도,함안군,법수면 우거북길 24,35.3155675,128.3550105
함안산인우체국,경상남도,함안군,산인면 가야로 221,35.2789108,128.4252706
함안아라우편취급국,경상남도,함안군,가야읍 가야로 93,35.2784038,128.4113228
함안우체국,경상남도,함안군,가야읍 함안대로 523,35.2736294,128.4073108
함안월촌우편취급국,경상남도,함안군,"군북면 월촌안길 117 (월촌리, 한복이야기)",35.2996773,128.2990538
함안칠북우체국,경상남도,함안군,칠북면 칠북로 31,35.346734,128.5213369
함안칠서우체국,경상남도,함안군,칠서면 공단상가3길 20 (대치리),35.3612202,128.4843551
함읍우체국,경상남도,함안군,함안면 북촌2길 50-21,35.2423673,128.4225601
고성개천우체국,경상남도,고성군,개천면 옥천로 1275-1,35.0983585,128.2588549
고성거류우체국,경상남도,고성군,거류면 거류로 648,34.9887339,128.404817
고성구만우편취급국,경상남도,고성군,구만면 영회로 1772,35.0875748,128.3346828
고성대가우체국,경상남도,고성군,대가면 대가로 551 (유흥리),35.023811,128.3017887
고성동해우체국,경상남도,고성군,동해면 구절로 754,35.0416981,128.4227733
고성마암우체국,경상남도,고성군,마암면 옥천로 251,35.0553446,128.336492
고성삼산우체국,경상남도,고성군,삼산면 미룡2길 42,34.9380986,128.2719736
고성영현우체국,경상남도,고성군,영현면 대가로 1675-9 (침점리),35.053816,128.205928
고성우체국,경상남도,고성군,고성읍 중앙로25번길 30 (성내리),34.9756139,128.3236016
고성하이우체국,경상남도,고성군,하이면 공룡로 7,34.9284083,128.1233215
고성하일우체국,경상남도,고성군,하일면 자란만로 1723-44,34.9419745,128.1983267
고성회화우체국,경상남도,고성군,회화면 배둔로28번길 6 (배둔리),35.0566991,128.3696969
상리우체국,경상남도,고성군,상리면 척번정1길 95,34.9995219,128.1863857
영오우체국,경상남도,고성군,영오면 영산1길 18,35.1077203,128.2368205
욕지도우체국,경상남도,통영시,욕지면 중촌길 176,34.635915,128.2631064
통영광도우체국,경상남도,통영시,광도면 죽림3로 27,34.8829361,128.4164917
통영도산우체국,경상남도,통영시,도산면 도산일주로 32,34.9029632,128.3617479
통영도천동우편취급국,경상남도,통영시,중앙로 36 (도천동),34.8385051,128.4146592
통영미수동우편취급국,경상남도,통영시,미수로 102 (미수동),34.8245566,128.4010609
통영봉평동우체국,경상남도,통영시,도남로 187 (도남동),34.8295185,128.4245828
통영사량우체국,경상남도,통영시,사량면 진촌2길 6-23,34.8437093,128.2252022
통영산양우체국,경상남도,통영시,산양읍 산양중앙로 73,34.8030844,128.3951995
통영용남우체국,경상남도,통영시,용남면 남해안대로 442,34.8688333,128.4442761
통영우체국,경상남도,통영시,중앙로 325 (무전동),34.8595606,128.4282709
통영중앙동우체국,경상남도,통영시,세병로 5 (중앙동),34.8450752,128.4229644
통영한산우체국,경상남도,통영시,한산면 한산일주로 841-1,34.7668955,128.5078874
거제고현우편취급국,경상남도,거제시,서문로 46-1 (고현동),34.8888326,128.6211606
거제능포동우체국,경상남도,거제시,능포로 141 (능포동),34.8765668,128.7315049
거제동부우체국,경상남도,거제시,동부면 동부로 18,34.8215107,128.6084729
거제동상우체국,경상남도,거제시,거제면 읍내로2길 18,34.8507571,128.5916
거제둔덕우체국,경상남도,거제시,둔덕면 하둔길 67-1,34.8403659,128.5084851
거제사등우체국,경상남도,거제시,사등면 성포로 144,34.9205096,128.5244238
거제아주우편취급국,경상남도,거제시,거제대로 3449 (아주동),34.8674991,128.6931403
거제연초우체국,경상남도,거제시,연초면 거제북로 42-1,34.9145501,128.6557999
거제옥포동우체국,경상남도,거제시,옥포로10길 12 (옥포동),34.8912074,128.6925936
거제외포우편취급국,경상남도,거제시,장목면 외포4길 8 (외포리),34.9429195,128.7159361
거제우체국,경상남도,거제시,거제중앙로17길 19 (고현동),34.8841049,128.6230761
거제우체국거제남부출장소,경상남도,거제시,"남부면 남부해안로 30 (저구리, 남부면사무소)",34.7321698,128.6101455
거제일운우체국,경상남도,거제시,일운면 지세포로 104,34.8298197,128.7037826
거제장목우체국,경상남도,거제시,장목면 옥포대첩로 1595-1,34.985895,128.6817305
거제장평동우체국,경상남도,거제시,장평로 52 (장평동),34.8913393,128.6115441
거제중곡우편취급국,경상남도,거제시,중곡로1길 26-2 (고현동),34.8933745,128.6277292
거제하청우체국,경상남도,거제시,하청면 하청로 30,34.9569651,128.6554216
장승포우체국,경상남도,거제시,장승포로 59 (장승포동),34.8668333,128.7302291
사천곤명우체국,경상남도,사천시,곤명면 경서대로 3421,35.1321724,127.9770358
사천곤양우체국,경상남도,사천시,곤양면 곤양로 103-1,35.0563133,127.9609459
사천동서금동우편취급국,경상남도,사천시,남일로 52 (동금동),34.9323295,128.0821847
사천사남우체국,경상남도,사천시,사남면 진삼로 1130,35.054524,128.0760352
사천서포우체국,경상남도,사천시,서포면 서포로 295,35.0086116,127.9752708
사천선구동우체국,경상남도,사천시,중앙로 50 (선구동),34.9306155,128.0754385
사천용현우체국,경상남도,사천시,용현면 진삼로 636,35.0134292,128.062075
사천우체국,경상남도,사천시,사천읍 진삼로 1484,35.083665,128.086062
사천정동우체국,경상남도,사천시,정동면 상정대로 2540-49,35.055363,128.124685
사천축동우체국,경상남도,사천시,축동면 길평길 37,35.108293,128.0886826
삼천포우체국,경상남도,사천시,중앙로 120,34.9363648,128.0787755
제336군사우편출장소,경상남도,사천시,사천읍 사천대로 1949 (수석리),35.092092,128.0812383
단성우체국,경상남도,산청군,단성면 목화로 977,35.298054,127.9572217
산청금서우체국,경상남도,산청군,금서면 동의보감로 1058,35.4626461,127.7938203
산청삼장우체국,경상남도,산청군,삼장면 덕산대포로 262,35.2983866,127.8323168
산청생비량우체국,경상남도,산청군,생비량면 비량로 49,35.3455838,128.0464542
산청시천우체국,경상남도,산청군,시천면 남명로 206,35.2770461,127.839046
산청신등우체국,경상남도,산청군,신등면 신등가회로 30,35.379935,128.0107327
산청신안우체국,경상남도,산청군,신안면 원지강변로63번길 30-18번지,35.302539,127.9721813
산청오부우체국,경상남도,산청군,오부면 오동로 651,35.499097,127.8874479
산청우체국,경상남도,산청군,산청읍 덕계로 7,35.4154379,127.8784317
생초우체국,경상남도,산청군,생초면 새실로 7,35.4937685,127.8370267
차황우체국,경상남도,산청군,차황면 친환경로 3582,35.4632159,127.9280008
악양우체국,경상남도,하동군,악양면 악양서로 357 (정서리),35.1623482,127.7089168
옥종우체국,경상남도,하동군,옥종면 덕천로 5,35.182825,127.87985
진교우체국,경상남도,하동군,진교면 민다리길 63,35.0274863,127.903096
청암우체국,경상남도,하동군,청암면 청학로 671,35.1559438,127.7989201
하동금남우체국,경상남도,하동군,금남면 섬진강대로 973-16 (계천리),34.9963746,127.8091343
하동금성우편취급국,경상남도,하동군,"금성면 금성중앙길 16 (궁항리, 진주세탁소)",34.9660102,127.7944992
하동노량우편취급국,경상남도,하동군,금남면 노량해안길 31 (노량리),34.9484124,127.8623183
하동북천우체국,경상남도,하동군,북천면 경서대로 2448,35.1140886,127.8929651
하동양보우체국,경상남도,하동군,양보면 진양로 729,35.0466565,127.8453881
하동우체국,경상남도,하동군,하동읍 중앙로 40,35.0708537,127.7481494
하동적량우체국,경상남도,하동군,적량면 적량로 100,35.0833159,127.7761658
하동횡천우체국,경상남도,하동군,횡천면 경서대로 1177,35.1093597,127.8142266
화개우체국,경상남도,하동군,화개면 쌍계로 50,35.1909389,127.6262463
남해고현우체국,경상남도,남해군,고현면 탑동로 53,34.8959297,127.873123
남해남면우체국,경상남도,남해군,남면 남서대로 779,34.7711796,127.8864477
남해미조우체국,경상남도,남해군,미조면 미송로 68,34.7114644,128.0464357
남해삼동우체국,경상남도,남해군,삼동면 동부대로1876번길 10,34.8313153,128.0008855
남해상주우체국,경상남도,남해군,상주면 남해대로675번길 8-7,34.7220086,127.9885488
남해서면우체국,경상남도,남해군,서면 남서대로 1661,34.809457,127.8365639
남해설천우체국,경상남도,남해군,설천면 설천로 696,34.9250467,127.9146786
남해우체국,경상남도,남해군,남해읍 화전로78번길 6,34.837968,127.894689
남해이동우체국,경상남도,남해군,이동면 무림로 50,34.8013934,127.9528533
남해창선우체국,경상남도,남해군,창선면 창선로 112,34.8587712,128.0124087
가조우체국,경상남도,거창군,가조면 가조가야로 1082,35.709801,128.013412
거창가북우체국,경상남도,거창군,가북면 용암로 7,35.76207,127.9933558
거창고제우체국,경상남도,거창군,고제면 입석2길 8,35.8140736,127.8719792
거창남상우체국,경상남도,거창군,남상면 수남로 1842,35.64437,127.9091276
거창남하우체국,경상남도,거창군,남하면 영서로 93,35.6631892,127.9447811
거창대동우체국,경상남도,거창군,거창읍 중앙로2길 13,35.6887539,127.918421
거창마리우체국,경상남도,거창군,마리면 빼재로 14,35.7008531,127.8545263
거창북상우체국,경상남도,거창군,북상면 덕유월성로 2309(갈계리 1434-1),35.777373,127.8178154
거창신원우체국,경상남도,거창군,신원면 신차로 3073,35.568426,127.9251836
거창우체국,경상남도,거창군,거창읍 중앙로 89,35.6856894,127.9085091
거창주상우체국,경상남도,거창군,주상면 당대고개길 1,35.7497132,127.9135321
웅양우체국,경상남도,거창군,웅양면 웅양로 1429,35.805032,127.9180634
위천우체국,경상남도,거창군,위천면 원학길 359,35.7502127,127.8313772
마천우체국,경상남도,함양군,마천면 천왕봉로 1169,35.3968941,127.6651523
서상우체국,경상남도,함양군,서상면 서상로 295-1,35.6822092,127.6859617
수동우체국,경상남도,함양군,수동면 수동길 21,35.5220923,127.7870792
안의우체국,경상남도,함양군,안의면 광풍로 114,35.6270103,127.8110074
함양백전우체국,경상남도,함양군,백전면 함양남서로 2353,35.5522968,127.6369306
함양병곡우체국,경상남도,함양군,병곡면 함양남서로 1758,35.5284738,127.6818326
함양서하우체국,경상남도,함양군,서하면 함양남서로 3944,35.647832,127.696187
함양우체국,경상남도,함양군,함양읍 학사루길 1,35.5200027,127.7263328
함양지곡우체국,경상남도,함양군,지곡면 병곡지곡로 966-16,35.5642995,127.7738751
함양휴천우체국,경상남도,함양군,휴천면 목현옥매로 26,35.4818819,127.7522894
대병우체국,경상남도,합천군,대병면 신성동길 32 (회양리 886-2),35.5210929,128.0133912
봉산우체국,경상남도,합천군,봉산면 서부로 4351 (김봉리 320-3),35.6286143,128.042673
삼가우체국,경상남도,합천군,삼가면 삼가1로 67 (금리 74),35.4146954,128.1206008
야로우체국,경상남도,합천군,야로면 가야산로 346-1,35.70506,128.1693
초계우체국,경상남도,합천군,초계면 초계중앙로 15 (초계리 404-4),35.559209,128.2617043
합천가야우체국,경상남도,합천군,가야면 가야시장로 86-1 (야천리 465-7),35.7622337,128.1393504
합천가회우체국,경상남도,합천군,가회면 황매산로 54 (덕촌리 385-4),35.4353317,128.033789
합천대양우체국,경상남도,합천군,대양면 대야로 272 (덕정리 665-7),35.5165214,128.1740887
합천덕곡우체국,경상남도,합천군,덕곡면 율지1길 20 (율지리 99-1),35.6145444,128.3581687
합천묘산우체국,경상남도,합천군,묘산면 묘산로 153 (산제리 28-9),35.6584881,128.111663
합천쌍백우체국,경상남도,합천군,쌍백면 쌍백중앙로 51 (평구리 536-6),35.4405396,128.1448474
합천쌍백우편취급국,경상남도,합천군,쌍백면 쌍백중앙로 51 (평구리),35.4405396,128.1448474
합천쌍책우체국,경상남도,합천군,쌍책면 성산우회로 5 (성산리),35.5750939,128.287393
합천용주우체국,경상남도,합천군,용주면 황계폭포로 1160 (용지리 404-4),35.54105,128.112725
합천우체국,경상남도,합천군,합천읍 동서로 56,35.5668477,128.1583013
합천율곡우체국,경상남도,합천군,율곡면 동부로 586 (영전리 464-3),35.5741604,128.2175499
합천적중우체국,경상남도,합천군,적중면 적중로 90 (상부리 830-2),35.548251,128.2780252
합천청덕우체국,경상남도,합천군,청덕면 동부로 1748 (두곡리 340-3),35.5590207,128.3208277
합천해인사우체국,경상남도,합천군,가야면 가야산로 1816 (치인리 산20-1),35.792216,128.0878615
동울산우체국,울산광역시,동구,방어진순환도로 779 (전하동),35.5113629,129.4302599
방어진우체국,울산광역시,동구,북진1길 34 (방어동),35.4867366,129.4211959
울산꽃바위우편취급국,울산광역시,동구,화문로 47 (방어동),35.4841884,129.4144103
울산남목동우체국,울산광역시,동구,방어진순환도로 1145 (서부동),35.5392544,129.4237773
울산대송동우편취급국,울산광역시,동구,대송8길 29 (화정동),35.5005478,129.4198463
울산대학교병원우편취급국,울산광역시,동구,"방어진순환도로 877 (전하동, 울산대학교병원)",35.5196519,129.4303161
울산동부시장우편취급국,울산광역시,동구,남목17길 29 (동부동),35.5430001,129.4287547
울산화정월봉우편취급국,울산광역시,동구,월봉로 49 (화정동),35.4946946,129.4239235
창원우편집중국,경상남도,창원시,성산구 적현로 311(신촌동 62-1),35.199465,128.5967803
진주우편집중국,경상남도,진주시,금산면 중천로 25 (중천리 276-13),35.2167733,128.1409568
부산구남우편취급국,부산광역시,북구,구남로14번길 62 (구포동),35.2006389,128.9967931
부산구포2동우편취급국,부산광역시,북구,낙동대로1582번길 5 (구포동),35.197799,128.9895028
부산구포동우편취급국,부산광역시,북구,구포만세길 73 (구포동),35.2054706,128.9965008
부산금곡동우체국,부산광역시,북구,금곡대로 464 (금곡동),35.2497834,129.0129925
부산금곡본동우체국,부산광역시,북구,효열로203번길 30 (금곡동),35.2632107,129.0169036
부산덕천2동우체국,부산광역시,북구,덕천2길 29 (덕천동),35.2094012,129.0069169
부산덕천동우편취급국,부산광역시,북구,"만덕대로90번길 13 (덕천동,대방아파트)",35.2120418,129.0153015
부산만덕동우체국,부산광역시,북구,만덕3로 48 (만덕동),35.2114113,129.0289498
부산만덕아파트우편취급국,부산광역시,북구,상리로 37-1 (만덕동),35.2082615,129.0381949
부산화명2동우체국,부산광역시,북구,양달로 62 (화명동),35.2436989,129.0200372
부산화명동우체국,부산광역시,북구,금곡대로 182-1 (화명동),35.225143,129.010237
북부산우체국,부산광역시,북구,화명신도시로 89 (화명동),35.2322777,129.010061
부산거제2동우편취급국,부산광역시,연제구,"아시아드대로46번길 3 ,(거제동1011-1)",35.188979,129.0683584
부산거제동우체국,부산광역시,연제구,해맞이로 87 (거제4동 649-40),35.1820985,129.0688776
부산교육대학교우편취급국,부산광역시,연제구,"교대로 24 (거제동,부산교육대학교)",35.1964877,129.0741436
부산물만골우편취급국,부산광역시,연제구,"연수로 110, 상가 제10호(연산동 경동메르빌아파트))",35.1747354,129.0829813
부산법원우체국,부산광역시,연제구,법원로 31 (거제1동 1500),35.1921969,129.0729632
부산시청우체국,부산광역시,연제구,중앙대로 1001 (연산5동 1000),35.179816,129.0750223
부산연산1동우체국,부산광역시,연제구,과정로 319 (연산1동 312-15),35.1892034,129.0924227
부산연산4동우편취급국,부산광역시,연제구,거제천로230번길 61 (연산4동 585-13),35.1892414,129.0827987
부산연산5동우체국,부산광역시,연제구,월드컵대로 115 (연산5동 709-2),35.1845351,129.0821799
부산연산동우체국,부산광역시,연제구,연수로 197 (연산6동 2133-54),35.1740555,129.0925266
부산연산토곡우편취급국,부산광역시,연제구,연안로 12 (연산동),35.1888619,129.1073574
부산연일우편취급국,부산광역시,연제구,쌍미천로 58 (연산6동 1777-11),35.1780935,129.0895339
부산연제우체국,부산광역시,연제구,법원북로 33 (거제1동1473),35.1941057,129.0706071
부산연화우편취급국,부산광역시,연제구,거제천로 143-1 (거제동),35.1865178,129.0761651
울산우편집중국,울산광역시,북구,진장유통로 34(진장동),35.5738874,129.3574982
충청지방우정청,대전광역시,서구,둔산로 111 (둔산동),36.3517313,127.3861962
대전가양동우체국,대전광역시,동구,동대전로 278 (가양동),36.345896,127.4458106
대전가오동우체국,대전광역시,동구,동구청로 117 (가오동),36.3081363,127.455226
대전낭월동우체국,대전광역시,동구,산내로 1323 (낭월동),36.281453,127.4672482
대전대자양우편취급국,대전광역시,동구,"동대전로 202 (자양동,윤내과의원)",36.3395616,127.4490705
대전대학교우편취급국,대전광역시,동구,"대학로 62 (용운동,대전대학교)",36.3343597,127.4606466
대전비룡동우체국,대전광역시,동구,옥천로 427 (비룡동),36.3322967,127.4759199
대전산내우편취급국,대전광역시,동구,대전로340번길 20 삼익세라믹아파트상가 2동 103호 (대성동),36.2981208,127.4611417
대전삼성동우체국,대전광역시,동구,우암로85번길 24 (삼성동),36.3384569,127.4276089
대전성남2동우편취급국,대전광역시,동구,계족로 330 (성남동),36.3418433,127.4355308
대전소제동우체국,대전광역시,동구,계족로 271 (소제동),36.3369553,127.438262
대전용운아파트우편취급국,대전광역시,동구,새울로 85-2 (용운동),36.3260038,127.4615212
대전용전동우체국,대전광역시,동구,"계족로 482(용전동 123-8) (용전동,아트맥)",36.3547099,127.4330106
대전우체국,대전광역시,동구,대전로 757 (원동),36.3275606,127.4341571
대전판암동우체국,대전광역시,동구,동부로 35 (판암동),36.3203071,127.4572516
대전홍도동우편취급국,대전광역시,동구,동산초교로 15 (홍도동),36.345783,127.4272215
대전효천우편취급국,대전광역시,동구,"계족로 65 상가 202호 (인동, 어진마을아파트)",36.3214687,127.4424232
우송대학교우편취급국,대전광역시,동구,"동대전로 171 (자양동,우송정보대학, 우송대 서캠퍼스)",36.3375527,127.4453669
대전대흥동우체국,대전광역시,중구,대흥로 184 (대흥동),36.3253383,127.4320192
대전목동우체국,대전광역시,중구,동서대로 1411(목동),36.3345671,127.4128123
대전문창2동우편취급국,대전광역시,중구,보문로 24-1 (문창동),36.3145414,127.4379611
대전문화2동우체국,대전광역시,중구,당디로6번길 98(문화2동),36.3078327,127.3994196
대전부사동우체국,대전광역시,중구,대종로 374(부사동),36.3186567,127.4319737
대전선화동우체국,대전광역시,중구,중앙로129번길 5 (선화동),36.3282999,127.4239044
대전성모병원우편취급국,대전광역시,중구,"대흥로 64(대흥동, 성모병원)",36.323042,127.420163
대전오류동우체국,대전광역시,중구,계백로 1709-10(오류동),36.3221482,127.4093333
대전옥계동우편취급국,대전광역시,중구,모암로7번길 150(옥계동),36.2979735,127.4542741
대전용두2동우편취급국,대전광역시,중구,동서대로1321번길 19(용두동),36.3298851,127.4055317
대전유천1동우편취급국,대전광역시,중구,당디로 123 (유천동),36.3159241,127.3907502
대전천근우편취급국,대전광역시,중구,서문로43번길 64 (문화동),36.3137607,127.4051279
대전태평동우체국,대전광역시,중구,태평로 113(태평동),36.3267816,127.3950441
대전호동우체국,대전광역시,중구,대종로 150(호동),36.3053641,127.4493661
서대전우체국,대전광역시,중구,계룡로 914(문화동),36.3207088,127.4141975
한밭산성우편취급국,대전광역시,중구,대둔산로 345(사정동),36.3002418,127.3852094
대덕연구단지우체국,대전광역시,유성구,대덕대로 587 (도룡동),36.3853659,127.378303
대덕테크노밸리우체국,대전광역시,유성구,테크노4로 127 (관평동),36.4234375,127.3885704
대전구암동우편취급국,대전광역시,유성구,월드컵대로289번길 32 (구암동),36.3500287,127.3330963
대전구즉동우편취급국,대전광역시,유성구,구즉로 63 (송강동),36.4348728,127.3851835
대전노은2동우체국,대전광역시,유성구,반석동로 53 (반석동),36.3921247,127.3112836
대전봉명동우체국,대전광역시,유성구,계룡로 61 (봉명동),36.3549447,127.3379226
대전신성동우체국,대전광역시,유성구,신성로 73 (신성동),36.3900056,127.3487222
대전어은동우체국,대전광역시,유성구,"어은로 57 한빛프라자 2층 (어은동,한빛아파트)",36.3650212,127.3561171
대전유성우체국,대전광역시,유성구,온천로 51 (봉명동),36.3556556,127.3435572
대전전민동우체국,대전광역시,유성구,엑스포로 486-22 (전민동),36.3994446,127.4062377
대전지족동우체국,대전광역시,유성구,은구비로 52 (지족동),36.3757461,127.320853
제120군사우편출장소,대전광역시,유성구,반석로 94 (반석동),36.3923838,127.2999266
제78군사우체국,대전광역시,유성구,자운로97번길 265 (신봉동),36.4073193,127.3367364
진잠우체국,대전광역시,유성구,원내로39번길 25 (원내동),36.3010585,127.3200766
충남대학교우편취급국,대전광역시,유성구,"대학로 99 (궁동,충남대학교)",36.366638,127.3457442
한국과학기술원우편취급국,대전광역시,유성구,"대학로 291 (구성동,한국과학기술원)",36.3717787,127.3608437
한국전자통신연구원우체국,대전광역시,유성구,가정로 218 (가정동),36.381799,127.3670416
한밭대학교우편취급국,대전광역시,유성구,동서대로 125 (덕명동),36.3520635,127.3014114
대전대덕우체국,대전광역시,대덕구,문평동로 16 (문평동),36.4462063,127.4036178
대전대덕장동우편취급국,대전광역시,대덕구,"장동로 263-2 (장동,우체국)",36.4162935,127.4407539
대전대청우편취급국,대전광역시,대덕구,"신탄진로 778 (신탄진동,대청우편취급국)",36.4468225,127.4298293
대전대화동우체국,대전광역시,대덕구,대화로 67 (대화동),36.3672232,127.4122408
대전덕암동우체국,대전광역시,대덕구,덕암로 157 (덕암동),36.4347662,127.4217905
대전법동우체국,대전광역시,대덕구,동춘당로 183 (법동),36.3672885,127.4312769
대전비래동우편취급국,대전광역시,대덕구,우암로 464(비래동),36.3584023,127.4508029
대전새뜸우편취급국,대전광역시,대덕구,한밭대로 986 (오정동),36.3572944,127.4080961
대전송촌동우체국,대전광역시,대덕구,동춘당로 61 (송촌동),36.3633301,127.4423866
대전영진우편취급국,대전광역시,대덕구,아리랑로 211 (법동),36.3750602,127.42675
대전오정동우체국,대전광역시,대덕구,대전로 1095 (오정동),36.3522548,127.4151274
대전중리동우편취급국,대전광역시,대덕구,홍도로119번길 6 (중리동),36.3568097,127.4270235
대전중리서로우편취급국,대전광역시,대덕구,중리서로 17 (중리동),36.3603964,127.4207432
신탄진우체국,대전광역시,대덕구,석봉로37번길 62 2층 (석봉동),36.4502249,127.4263612
한남대학교우편취급국,대전광역시,대덕구,"한남로 70 (오정동,한남대학교)",36.3541173,127.4217991
회덕우체국,대전광역시,대덕구,신탄진로254번길 7 (와동),36.4028957,127.4233429
공주계룡우체국,충청남도,공주시,계룡면 영규대사로 497-1(월암리 384번지),36.3610932,127.1419514
공주교육대학교우편취급국,충청남도,공주시,"웅진로 27 (봉황동,공주교육대학교)",36.4448772,127.119253
공주대학교우편취급국,충청남도,공주시,"공주대학로 56 (신관동,공주대학교)",36.4702096,127.141
공주반포우편취급국,충청남도,공주시,반포면 반포초교길 75 (공암리),36.3997041,127.2474449
공주신관동우체국,충청남도,공주시,관골1길 34-17 (신관동),36.47246,127.133475
공주우체국,충청남도,공주시,"우체국길 15 (반죽동,공주우체국)",36.4546586,127.1227282
공주정안우체국,충청남도,공주시,정안면 광정장터길 7(광정리 284-2),36.6093542,127.1219179
사곡우체국,충청남도,공주시,사곡면 산넘어길 6-1(호계리 340-2),36.5014468,127.0254934
신풍우체국,충청남도,공주시,신풍면 신풍길 82(산정리 72-9),36.5151811,126.956786
우성우체국,충청남도,공주시,우성면 동대리길 63-1(동대리 414-2),36.4702547,127.0509586
유구우체국,충청남도,공주시,유구읍 중앙1길 109(석남리 200),36.5545608,126.9509094
의당우체국,충청남도,공주시,의당면 의당로 316(청룡리 824),36.4983413,127.1402959
이인우체국,충청남도,공주시,이인면 검바위로 230(이인리 181-7),36.3624015,127.0644718
탄천우체국,충청남도,공주시,탄천면 통산로 173(삼각리 485-4),36.330584,127.0293359
대전우편집중국,충청남도,계룡시,두마면 사계로 184(두마면 왕대리 80번지),36.2610038,127.2746889
남서울대학교우편취급국,충청남도,천안시,서북구 성환읍 대학로 91,36.9095318,127.1447235
성거우체국,충청남도,천안시,서북구 성거읍 성거길 73,36.8721636,127.200543
성환우체국,충청남도,천안시,서북구 성환읍 성환11길 20,36.916674,127.129977
입장우체국,충청남도,천안시,서북구 입장면 하장4길 14,36.9145447,127.2209249
직산우체국,충청남도,천안시,서북구 직산읍 삼은3길 17,36.8784738,127.1512877
천안백석농공단지우편취급국,충청남도,천안시,서북구 백석공단1로 20 (백석동),36.8249876,127.1113913
천안불당동우체국,충청남도,천안시,서북구 봉서산로 66 (불당동),36.8058739,127.1140832
천안산업단지우편취급국,충청남도,천안시,서북구 2공단5로 36 (차암동),36.8549787,127.1202844
천안성정동우체국,충청남도,천안시,서북구 서부대로 706 (성정동),36.8301877,127.1336295
천안신당동우편취급국,충청남도,천안시,서북구 천안대로 1217 (신당동),36.8499476,127.1549406
천안쌍용2동우체국,충청남도,천안시,서북구 월봉로 82 (쌍용동),36.7979482,127.1183327
천안쌍용동우체국,충청남도,천안시,서북구 쌍용11길 71 (쌍용동),36.8017815,127.1265679
천안우체국,충청남도,천안시,서북구 백석3로 105 (백석동),36.8208358,127.1233312
천안우체국(임시창구),충청남도,천안시,"서북구 백석3로 105 (백석동, 천안우편집중국)",36.8208358,127.1233312
가덕우체국,충청북도,청주시,상당구 가덕면 단재로 1426,36.5775003,127.576474
낭성우체국,충청북도,청주시,상당구 낭성면 낭성시내길 12-2,36.6222593,127.6028303
내수우체국,충청북도,청주시,청원구 내수읍 청암로 64,36.7238918,127.5373649
문의우체국,충청북도,청주시,상당구 문의면 문의시내로 39,36.5168701,127.4972855
미원우체국,충청북도,청주시,상당구 미원면 미원시내2길 26,36.6327633,127.6542377
북이우체국,충청북도,청주시,청원구 북이면 의암로 344-3,36.7608788,127.5554068
오창과학단지우체국,충청북도,청주시,청원구 오창읍 중심상업2로 24,36.7122296,127.432423
오창우체국,충청북도,청주시,청원구 오창읍 팔결로 695,36.7402176,127.4564819
청원화상우편취급국,충청북도,청주시,청원구 북이면 화상길 45-21,36.7496567,127.5041011
청주남일우체국,충청북도,청주시,상당구 남일면 단재로 741,36.565545,127.5100178
청주내덕동우체국,충청북도,청주시,청원구 중앙로 211 (내덕동),36.6560804,127.4879152
청주대학교우편취급국,충청북도,청주시,"청원구 대성로 298 (내덕동,청주대학교)",36.6531853,127.4957084
청주보성우편취급국,충청북도,청주시,청원구 교서로242번길 14 (내덕동),36.6564895,127.476683
청주석교우편취급국,충청북도,청주시,상당구 영운로 166 (서운동),36.6284227,127.4920275
청주성안동우체국,충청북도,청주시,상당구 성안로 34 (북문로1가),36.6338281,127.4889549
청주시청우편취급국,충청북도,청주시,"청원구 상당로 314 (내덕동, 청주첨단문화산업단지)",36.6554238,127.4895849
청주영운동우체국,충청북도,청주시,상당구 영운로 36-2 (영운동),36.6189629,127.4966286
청주용담동우체국,충청북도,청주시,상당구 산성로116번길 14 (용담동),36.6326448,127.5052235
청주용암1동우체국,충청북도,청주시,상당구 용암북로160번길 15 (용암동),36.6222748,127.5151249
청주용암동우체국,충청북도,청주시,상당구 무농정로 51 (용암동),36.6073087,127.5082274
청주우체국,충청북도,청주시,청원구 1순환로 70 (율량동),36.6634278,127.505097
청주이화우편취급국,충청북도,청주시,상당구 산성로49번길 21 (탑동),36.6287656,127.4994538
청주우편집중국,충청북도,청주시,"서원구 수곡로 106 (수곡동,청주우편집중국)",36.6215912,127.4715775
건국대학교글로컬캠퍼스우편취급국,충청북도,충주시,"충원대로 268 (단월동,건국대학교글로컬캠퍼스)",36.9494179,127.907532
금가우체국,충청북도,충주시,금가면 강수로 321,37.0428238,127.9238913
노은우체국,충청북도,충주시,노은면 감노로 1403,37.0468878,127.7535427
동량우체국,충청북도,충주시,동량면 조동1길 53,37.02664,127.9656418
산척우체국,충청북도,충주시,산척면 천등박달로 120,37.0792153,127.9556981
살미우체국,충청북도,충주시,살미면 세성로 68,36.9022693,127.9646166
소태우체국,충청북도,충주시,소태면 주치길 30,37.1111358,127.846308
수안보우체국,충청북도,충주시,수안보면 온천중앙길 8,36.8476083,127.9903755
신니우체국,충청북도,충주시,신니면 신덕로 788,36.9957568,127.7375336
앙성우체국,충청북도,충주시,앙성면 가곡로 1014,37.1080082,127.7513373
엄정우체국,충청북도,충주시,엄정면 내창로 171,37.0858777,127.9132831
주덕우체국,충청북도,충주시,주덕읍 신양로 93 (주덕우체국),36.973042,127.7975365
충주금릉동우체국,충청북도,충주시,금제13길 8 (금릉동),36.9904279,127.9277624
충주대소원우체국,충청북도,충주시,대소원면 쇠실로 1032,36.9765544,127.8187352
충주목행동우체국,충청북도,충주시,행정9길 25 (목행동),37.013158,127.917775
충주성내동우체국,충청북도,충주시,관아1길 20 (성내동),36.9701498,127.9353548
충주우체국,충청북도,충주시,국원대로 20 (문화동),36.9739985,127.9247885
충주중앙탑우편취급국,충청북도,충주시,중앙탑면 원앙9길 10 (용전리),37.0177609,127.8258524
충주칠금동우체국,충청북도,충주시,신립로 23 (칠금동),36.9820913,127.9214844
한국교통대학교우편취급국,충청북도,충주시,대소원면 대학로 50 (한국교통대학교),36.9696921,127.872252
백운우체국,충청북도,제천시,백운면 평동로2길 9,37.1386868,128.0229097
봉양우체국,충청북도,제천시,봉양읍 주포로7길 2,37.1325556,128.1242202
세명대학교우편취급국,충청북도,제천시,"세명로 65 (신월동,세명대학교)",37.181051,128.196837
송학우체국,충청북도,제천시,송학면 시곡포전로1길 14-1,37.1842775,128.2615498
수산우체국,충청북도,제천시,수산면 월악로26길 18-1,36.9335277,128.1782487
제천금성우체국,충청북도,제천시,금성면 청풍호로 1037,37.0624516,128.1674335
제천덕산우체국,충청북도,제천시,덕산면 약초로 62,36.9116681,128.1637943
제천서부우편취급국,충청북도,제천시,의병대로 31 (서부동),37.1380981,128.2047318
제천신백동우편취급국,충청북도,제천시,의병대로 246 (신백동),37.131924,128.227563
제천영천동우체국,충청북도,제천시,내제로 22 (영천동),37.1318465,128.2054537
제천용두동우체국,충청북도,제천시,용두대로23길 4 (하소동),37.1457885,128.1987035
제천우체국,충청북도,제천시,청전대로 72 (청전동),37.147148,128.2071485
제천중앙동우체국,충청북도,제천시,의림대로 122 (중앙로2가),37.1385512,128.211115
제천청전동우체국,충청북도,제천시,청전대로 181 (청전동),37.152115,128.2176
청풍우체국,충청북도,제천시,청풍면 청풍호로 2113,37.0008517,128.1676978
한수면우편취급국,충청북도,제천시,한수면 미륵송계로8길 26,36.8850785,128.0819414
금산군북우체국,충청남도,금산군,군북면 군북로 717,36.1679276,127.5259697
금산금성우체국,충청남도,금산군,금성면 진산로 361,36.1295348,127.4548922
금산남이우체국,충청남도,금산군,남이면 진악로 23 (금산남이우체국),36.0478019,127.4364292
금산남일우체국,충청남도,금산군,남일면 금산로 518,36.0268511,127.5050408
금산복수우편취급국,충청남도,금산군,복수면 복수로 91 (곡남리),36.1620075,127.397269
금산우체국,충청남도,금산군,금산읍 인삼로 59,36.103457,127.4883
금산중부대우편취급국,충청남도,금산군,"추부면 대학로 201, 중부대학교 복지관 1층",36.1929411,127.4501711
부리우체국,충청남도,금산군,부리면 현내로 95,36.062951,127.5552228
제원우체국,충청남도,금산군,제원면 금강로 111,36.1114242,127.5463904
진산우체국,충청남도,금산군,진산면 읍내로 61,36.1438411,127.369673
추부우체국,충청남도,금산군,추부면 마전로 52,36.1909649,127.4673765
가야곡우체국,충청남도,논산시,가야곡면 육곡길 16,36.1340494,127.1598988
강경대흥동우편취급국,충청남도,논산시,강경읍 계백로 88 (대흥리 44-10),36.1537383,127.0115975
강경우체국,충청남도,논산시,강경읍 계백로167번길 53-1 (서창리 63-1),36.1622479,127.0146794
건양대학교우편취급국,충청남도,논산시,대학로 121 (내동 26),36.1827999,127.1114387
계룡금암동우체국,충청남도,계룡시,장안로 55 (금암동 163-4),36.2727126,127.2506879
계룡남선우체국,충청남도,계룡시,신도안면 신도안2길 63 (계룡남선우체국),36.3004032,127.2425643
계룡엄사우체국,충청남도,계룡시,엄사면 번영로 45 (엄사리 278-4),36.288608,127.240075
광석우체국,충청남도,논산시,광석면 광석로 106-1 (신당리 17-25),36.2427097,127.0791267
논산내동우편취급국,충청남도,논산시,시민로 221 (내동 363-10),36.1866285,127.0967009
논산노성우편취급국,충청남도,논산시,노성면 노성로 553 (읍내리),36.2766941,127.1276773
논산연무우체국,충청남도,논산시,연무읍 안심로 52 (마산리 700-8),36.1258457,127.0988991
논산오거리우편취급국,충청남도,논산시,시민로 420 (취암동 582-9),36.2017595,127.0866916
논산우체국,충청남도,논산시,중앙로480번길 33 (화지동),36.2065904,127.0869923
논산취암동우체국,충청남도,논산시,부창로100번길 9-27 (취암동),36.1947887,127.0893639
논산황화우체국,충청남도,논산시,연무읍 황화로 143 (고내리 944-10),36.086135,127.0923171
벌곡우체국,충청남도,논산시,벌곡면 대둔로 821-6 (한삼천리 263-1),36.2075747,127.2666576
부적우체국,충청남도,논산시,부적면 마구평길 4 (마구평리 73),36.2140123,127.1270586
상월우체국,충청남도,논산시,상월면 백일헌로 1047 (신충리 55-5),36.29536,127.1415134
성동우체국,충청남도,논산시,성동면 성동로 281 (성동우체국),36.2039302,127.0340948
양촌우체국,충청남도,논산시,양촌면 매죽헌로1665번길 17 (인천리 401),36.1375809,127.2333486
연산우체국,충청남도,논산시,연산면 연산3길 4 (연산리 231-9),36.215726,127.218013
은진우체국,충청남도,논산시,은진면 매죽헌로 23-1 (연서리 250-3),36.1674615,127.1061358
제501군사우체국,충청남도,계룡시,신도안면 계룡대로 663,36.3080463,127.2184422
채운우체국,충청남도,논산시,채운면 채운로 103 (용화리 300-11),36.1710199,127.0681504
구룡우체국,충청남도,부여군,구룡면 흥수로 105,36.2454602,126.8069547
규암우체국,충청남도,부여군,규암면 규암로 5,36.2746725,126.8871373
내산우체국,충청남도,부여군,내산면 성충로 1008,36.2731876,126.7822715
부여남면우체국,충청남도,부여군,남면 남성로 430,36.2125982,126.8063965
부여동남우편취급국,충청남도,부여군,부여읍 궁남로 7,36.2755297,126.9128923
부여석성우체국,충청남도,부여군,석성면 증산로39번길 7,36.2516961,127.0005303
부여양화우체국,충청남도,부여군,양화면 입포로53번길 3,36.1357638,126.8806154
부여옥산우체국,충청남도,부여군,옥산면 대백제로 336,36.1920532,126.7331944
부여우체국,충청남도,부여군,부여읍 사비로 82,36.2800116,126.9108797
부여장암우체국,충청남도,부여군,장암면 장암로 18,36.2431243,126.8848439
세도우체국,충청남도,부여군,세도면 세도중앙로 34,36.1705416,126.9457364
외산우체국,충청남도,부여군,외산면 외산로 96,36.3026744,126.7044726
은산우체국,충청남도,부여군,은산면 충절로 2794,36.3086942,126.8536304
임천우체국,충청남도,부여군,임천면 성흥로 119,36.188168,126.8936017
초촌우체국,충청남도,부여군,초촌면 초촌로 20,36.2635897,127.0198693
충화우체국,충청남도,부여군,충화면 팔충로 772,36.1822284,126.8217916
홍산우체국,충청남도,부여군,홍산면 동헌로 23,36.2149598,126.7570095
기산우체국,충청남도,서천군,기산면 기산길 62,36.0740727,126.7625742
마서우체국,충청남도,서천군,마서면 장서로 695-4,36.0627962,126.7070384
비인우체국,충청남도,서천군,비인면 비인로 201,36.142083,126.6003513
서천명신우체국,충청남도,서천군,마산면 삼일로 276-1,36.1164854,126.7923219
서천문산우체국,충청남도,서천군,문산면 신농길 23,36.1409079,126.7524347
서천서면우체국,충청남도,서천군,서면 신월길 17,36.1527795,126.5520908
서천서부우편취급국,충청남도,서천군,서천읍 사곡길 4,36.0814558,126.687456
서천우체국,충청남도,서천군,서천읍 서천로 59,36.0762966,126.6928982
서천화양우체국,충청남도,서천군,화양면 옥포길8번길 10,36.0374218,126.7821085
시초우체국,충청남도,서천군,시초면 서문로 784,36.121768,126.7489604
장항우체국,충청남도,서천군,장항읍 신창동로 28,36.0108137,126.6928447
장항창선우편취급국,충청남도,서천군,장항읍 장서로 38,36.0112352,126.6985972
판교우체국,충청남도,서천군,판교면 종판로 901,36.1541628,126.6905556
한산우체국,충청남도,서천군,한산면 한마로 72,36.0867374,126.8033651
둔포우체국,충청남도,아산시,둔포면 둔포면로 16,36.9281346,127.0373
선장우체국,충청남도,아산시,선장면 선장로110번길 15,36.788564,126.8626305
송악우체국,충청남도,아산시,송악면 송악로 807,36.7332401,127.0096807
순천향대학교우편취급국,충청남도,아산시,신창면 순천향로 22 (순천향대학교),36.7700865,126.932338
아산권곡동우체국,충청남도,아산시,삼동로 52 (모종동),36.7845397,127.0116524
아산도고우편취급국,충청남도,아산시,도고면 아산만로 199-2 (신언리),36.7613774,126.8675948
아산배방우체국,충청남도,아산시,배방읍 모산로 171,36.7755546,127.0617292
아산신창우체국,충청남도,아산시,신창면 서부북로 623,36.8038955,126.9350687
아산온양1동우편취급국,충청남도,아산시,온천대로 1431 (온천동),36.7831328,126.9971838
아산온천동우체국,충청남도,아산시,온궁로 17 (온천동),36.7824711,127.0025164
아산용화동우체국,충청남도,아산시,시민로 282 (용화동),36.7747563,126.9957267
아산우체국,충청남도,아산시,시민로 455 (온천동),36.7890834,127.0013194
아산우체국 도고출장소,충청남도,아산시,도고면 아산만로 199-2,36.7613774,126.8675948
아산장재우체국,충청남도,아산시,배방읍 공원로 51,36.7884224,127.0992664
염치우체국,충청남도,아산시,염치읍 염성길 109-7,36.815463,126.9722745
영인우체국,충청남도,아산시,영인면 영인로 80,36.8566741,126.9543298
음봉우체국,충청남도,아산시,음봉면 음봉면로 25,36.8495107,127.012974
인주우체국,충청남도,아산시,인주면 현대로 1291,36.868628,126.8848578
탕정우체국,충청남도,아산시,탕정면 탕정로21번길 23,36.7972413,127.0474317
호서대학교우편취급국,충청남도,아산시,배방읍 호서로79번길 20,36.7363588,127.0750254
고려대학교세종캠퍼스우편취급국,세종특별자치시,조치원읍,세종로 2511,36.6101822,127.2857059
세종금남우체국,세종특별자치시,금남면,용포로 115,36.4684974,127.2807849
세종다정동우편취급국,세종특별자치시,다정중앙로,"52 (다정동, 페스티발2) 120호",36.4951815,127.2492573
세종부강우체국,세종특별자치시,부강면,부촌길 42,36.5299387,127.367016
세종소정우체국,세종특별자치시,소정면,소정구길 110,36.7139686,127.155028
세종아름동우체국,세종특별자치시,보듬3로,111(아름동),36.5114727,127.2473786
세종연동우체국,세종특별자치시,연동면,청연로 602,36.5580107,127.3252407
세종연서우체국,세종특별자치시,연서면,당산로 342,36.5620186,127.2824276
세종우체국,세종특별자치시,시청대로,180 (보람동),36.4805266,127.2919536
세종전동우체국,세종특별자치시,전동면,전동로 3,36.6539237,127.2668375
세종전의우체국,세종특별자치시,전의면,운주산로 1208-1,36.6799817,127.2028058
세종한솔동우체국,세종특별자치시,노을3로,93,36.4796889,127.2542949
장군우체국,세종특별자치시,장군면,장척로 408-4,36.4969787,127.2060512
정부세종청사2우체국,세종특별자치시,한누리대로,"402 (어진동,산업통상자원부)",36.499574,127.2606212
정부세종청사우체국,세종특별자치시,도움6로,"11 (어진동, 국토교통부)",36.5052557,127.263279
제119군사우편출장소,세종특별자치시,금남면,채나무길 71 (국곡리),36.4262164,127.2689436
조치원우체국,세종특별자치시,조치원읍,새내12길 3 (교리),36.6025937,127.2983245
고덕우체국,충청남도,예산군,고덕면 고덕중앙로 52,36.7443432,126.7032382
광시우체국,충청남도,예산군,광시면 예당로 177,36.5503085,126.7750683
대술우체국,충청남도,예산군,대술면 대술로 123,36.655186,126.8923295
대흥우체국,충청남도,예산군,대흥면 의좋은형제길 25-4,36.6065734,126.7892216
삽교우체국,충청남도,예산군,삽교읍 삽교로1길 16,36.687422,126.7378585
신례원우체국,충청남도,예산군,예산읍 신례원로 183,36.7256277,126.8434862
신암우체국,충청남도,예산군,신암면 추사로 110,36.7358726,126.8264553
신양우체국,충청남도,예산군,신양면 청신로 412,36.6048168,126.8708503
예산덕산우체국,충청남도,예산군,덕산면 봉운로 33,36.7056185,126.669322
예산봉산우체국,충청남도,예산군,봉산면 구암길 2,36.7479961,126.6811711
예산역전우체국,충청남도,예산군,예산읍 주교로 74-1,36.6879194,126.8310883
예산우체국,충청남도,예산군,예산읍 예산로 194,36.6791048,126.8464323
오가우체국,충청남도,예산군,오가면 오가중앙로 39,36.688509,126.7942059
응봉우체국,충청남도,예산군,응봉면 응봉로 148,36.6593813,126.7635902
고대우체국,충청남도,당진시,고대면 고대로 20,36.9243626,126.6008348
기지시우체국,충청남도,당진시,송악읍 기지시1길 49,36.9049931,126.6920575
당진거산리우편취급국,충청남도,당진시,신평면 거산3거리길 18,36.8792321,126.7538625
당진우체국,충청남도,당진시,당진중앙2로 158 (읍내동),36.8953043,126.6331009
당진정미우체국,충청남도,당진시,정미면 정미로 706-1,36.8850267,126.5691482
당진중흥우편취급국,충청남도,당진시,송악읍 송악로 662(중흥리 375-18) (중흥리),36.9385203,126.7439455
당진채운우편취급국,충청남도,당진시,서부로 210 (채운동),36.8929448,126.6251936
대호지우체국,충청남도,당진시,대호지면 4.4만세로 37,36.9002255,126.5024547
면천우체국,충청남도,당진시,면천면 한천로 871,36.8158768,126.6662439
석문우체국,충청남도,당진시,석문면 통정3길 7,36.9814679,126.5921625
송산우체국,충청남도,당진시,송산면 상거중앙길 63-1,36.9330278,126.6796656
순성우체국,충청남도,당진시,순성면 남부로 1154,36.8437183,126.7140967
신평우체국,충청남도,당진시,신평면 신평로 837,36.8851312,126.7727155
합덕우체국,충청남도,당진시,합덕읍 버그내1길 113,36.8084417,126.7719
운곡우체국,충청남도,청양군,운곡면 청신로 874,36.5236187,126.8452591
정산우체국,충청남도,청양군,정산면 효자길 7,36.4116917,126.949686
청남우체국,충청남도,청양군,청남면 명덕로 247,36.3581712,126.9512575
청양남양우체국,충청남도,청양군,남양면 만수로 1604,36.3996043,126.7773725
청양대치우체국,충청남도,청양군,대치면 칠갑산로 517,36.4455046,126.8296643
청양목면우체국,충청남도,청양군,목면 안심길 164-1,36.4227143,127.0083417
청양비봉우체국,충청남도,청양군,비봉면 충절로 1985,36.518493,126.7858065
청양우체국,충청남도,청양군,청양읍 칠갑산로 249,36.4509613,126.804227
청양장평우체국,충청남도,청양군,장평면 닭우리고개길 30-17,36.3409201,126.8938717
청양화성우체국,충청남도,청양군,화성면 무한로 94,36.4264413,126.7141298
갈산우체국,충청남도,홍성군,갈산면 갈산로 98-1 (상촌리),36.6045333,126.5500365
결성우체국,충청남도,홍성군,결성면 구성남로 1 (읍내리),36.5250833,126.547325
광천우체국,충청남도,홍성군,광천읍 홍남로 683 (광천리),36.5033384,126.6265641
구항우체국,충청남도,홍성군,구항면 구항길 45 (오봉리),36.58774,126.6039
서부우체국,충청남도,홍성군,서부면 이호1길 13 (이호리),36.5823289,126.5141527
은하우체국,충청남도,홍성군,은하면 은하로 249 (대천리),36.531542,126.589425
장곡우체국,충청남도,홍성군,장곡면 홍남동로474번길 1 (도산리),36.5039103,126.6915969
충남도청 우편취급국,충청남도,홍성군,"홍북읍 충남대로 21 (신경리, 충청남도청)",36.659249,126.672908
홍동우체국,충청남도,홍성군,홍동면 광금남로 719 (구정리),36.5615322,126.6905297
홍북우체국,충청남도,홍성군,홍북읍 홍북로 447 (대동리),36.6497472,126.6917137
홍성금당우편취급국,충청남도,홍성군,홍동면 충절로430번길 3-18 (금당리),36.5697662,126.7229499
홍성금마우체국,충청남도,홍성군,금마면 금북로 16 (죽림리),36.6200797,126.7114004
홍성남장우편취급국,충청남도,홍성군,홍성읍 충서로1159번길 7 (남장리),36.5803121,126.6546794
홍성역전우편취급국,충청남도,홍성군,홍성읍 조양로 196 (고암리),36.6001731,126.6712609
홍성우체국,충청남도,홍성군,홍성읍 내포로 111 (옥암리),36.595424,126.6577
홍성우체국 내포집배센터,충청남도,홍성군,홍북읍 자경로 40 (신경리),36.651036,126.6853464
남포우체국,충청남도,보령시,남포면 충서로 1839-8,36.3046307,126.6056938
대천해수욕장우체국,충청남도,보령시,머드로 69 (신흑동),36.311528,126.5142984
미산우체국,충청남도,보령시,미산면 만수로 1102,36.2936214,126.6734313
보령대천동우체국,충청남도,보령시,중앙로 78 (대천동),36.350852,126.5958451
보령성주우체국,충청남도,보령시,성주면 성주중앙길 39,36.3336748,126.6508809
보령우체국,충청남도,보령시,터미널길 29 (궁촌동),36.3437775,126.5874546
보령웅천우체국,충청남도,보령시,웅천읍 장터7길 5,36.2333977,126.5979611
보령주교우편취급국,충청남도,보령시,중앙로 210 (대천동),36.3553192,126.5827219
보령천북출장소,충청남도,보령시,천북면 홍보로 462 (하만리),36.4787183,126.5273123
보령청라출장소,충청남도,보령시,"청라면 원모루길 223 (나원리, 청라면사무소)",36.3904725,126.6736013
보령한내우편취급국,충청남도,보령시,작은오랏3길 7 (동대동),36.3468082,126.6062845
오천우체국,충청남도,보령시,오천면 충청수영로 825,36.4377831,126.5223788
원산도우체국,충청남도,보령시,오천면 원산도3길 398,36.3822752,126.4328719
주산우체국,충청남도,보령시,주산면 충서로 411-7,36.1989704,126.6328454
주포우체국,충청남도,보령시,주포면 보령읍성길 80-19,36.4148454,126.5886655
청소우체국,충청남도,보령시,청소면 청소큰길 185,36.446768,126.59045
고북우체국,충청남도,서산시,고북면 고북1로 258,36.6638607,126.5333954
서산대산우체국,충청남도,서산시,대산읍 구진천로 22-3,36.938635,126.435425
서산동문동우체국,충청남도,서산시,고운로 165 (동문동),36.7836258,126.4537007
서산부석우체국,충청남도,서산시,부석면 취평2길 30-1,36.7147605,126.3926923
서산오남우편취급국,충청남도,서산시,덕지천로 437 (오남동),36.7461754,126.483542
서산우체국,충청남도,서산시,율지16로 48 (동문동),36.780408,126.46475
서산읍내동우체국,충청남도,서산시,부춘1로 54 (읍내동),36.786385,126.4459193
서산읍내우편취급국,충청남도,서산시,동헌로 83 (읍내동),36.7769301,126.4526489
서산지곡우체국,충청남도,서산시,지곡면 화천1로 96,36.8652056,126.4366633
서산팔봉우체국,충청남도,서산시,팔봉면 팔봉1로 405-1,36.8128423,126.3487312
성연우체국,충청남도,서산시,성연면 성연로 210-10,36.837473,126.4622106
운산우체국,충청남도,서산시,운산면 운암로 1005,36.8112583,126.579447
음암우체국,충청남도,서산시,음암면 운암로 361-3,36.7994977,126.5151766
인지우체국,충청남도,서산시,인지면 무학로 1683,36.7533488,126.42598
제384군사우편출장소,충청남도,서산시,고북면 신성로 330-1 (신정리),36.7057722,126.5051081
해미우체국,충청남도,서산시,해미면 남문2로 117,36.7131933,126.5453122
고남우체국,충청남도,태안군,고남면 빗독1길 37,36.4234912,126.4075991
근흥우체국,충청남도,태안군,근흥면 근흥로 706-4,36.7146546,126.229247
만리포우체국,충청남도,태안군,소원면 천리포1길 10,36.7839992,126.1443956
소원우체국,충청남도,태안군,소원면 신덕길 11-1,36.7589681,126.1950969
안면우체국,충청남도,태안군,안면읍 장터로 157,36.5211553,126.3448329
태안남면우체국,충청남도,태안군,남면 남면로 104,36.6739591,126.2967694
태안우체국,충청남도,태안군,태안읍 독샘로 5,36.7514475,126.2971242
태안원북우체국,충청남도,태안군,원북면 원이로 844,36.8243529,126.2585974
태안이원우체국,충청남도,태안군,이원면 분지길 7,36.8700105,126.2802611
광혜원우체국,충청북도,진천군,"광혜원면 중리3길 17, (광혜원리 443)",36.9898804,127.4436586
문백우체국,충청북도,진천군,"문백면 봉죽길 14 ,(봉죽리 308-11)",36.7852174,127.4339541
백곡우체국,충청북도,진천군,"백곡면 장터길 7-7 ,(석현리 312-8)",36.8829849,127.3768396
이월우체국,충청북도,진천군,"이월면 송림4길 10-5 ,(송림리 430-3)",36.931617,127.4287632
진천덕산우체국,충청북도,진천군,덕산읍 몽촌2길 3 (용몽리),36.9077737,127.5091181
진천우체국,충청북도,진천군,"진천읍 중앙서로 48 ,(읍내리 369-1)",36.8554986,127.4417657
진천초평우체국,충청북도,진천군,"초평면 초동로 7, (용정리 594-4)",36.8455182,127.5231993
감물우체국,충청북도,괴산군,감물면 감물로 65,36.8385188,127.8733474
괴산사리우체국,충청북도,괴산군,사리면 모래재로 340,36.8126595,127.649814
괴산우체국,충청북도,괴산군,괴산읍 읍내로6길 18,36.8091087,127.7922017
도안우체국,충청북도,증평군,도안면 화성로 55,36.8125383,127.6134938
목도우체국,충청북도,괴산군,불정면 목도로 44,36.873583,127.8531993
문광우체국,충청북도,괴산군,문광면 광덕길 25,36.7902278,127.784853
소수우체국,충청북도,괴산군,소수면 소수로 146-1,36.8555219,127.7456621
연풍우체국,충청북도,괴산군,연풍면 중앙로 18-1,36.765336,127.9954253
장연우체국,충청북도,괴산군,장연면 미선로 754,36.8237148,127.9537125
제310군사우편출장소,충청북도,괴산군,괴산읍 문무로 177,36.8243927,127.8068018
제82군사우편출장소,충청북도,증평군,증평읍 초평로 1717,36.8044261,127.560579
증평우체국,충청북도,증평군,증평읍 중앙로 208,36.7842,127.5818226
청안우체국,충청북도,괴산군,청안면 청안읍내로 36,36.7731608,127.638505
청천우체국,충청북도,괴산군,청천면 괴산로 1351,36.6601587,127.7361044
칠성우체국,충청북도,괴산군,칠성면 도정로 57,36.7880103,127.8634943
금왕우체국,충청북도,음성군,금왕읍 금석로107번길 2-2 (무극리 162-3),36.994944,127.5959615
대소우체국,충청북도,음성군,대소면 오태로 80-6 (오산리 117-4),36.967793,127.484352
맹동우체국,충청북도,음성군,맹동면 덕금로 413-1 (쌍정리 121-14),36.9276433,127.5653871
보천출장소,충청북도,음성군,원남면 보천로 75 (보룡리 339),36.8768651,127.6553901
삼성우체국,충청북도,음성군,삼성면 덕호로 3-1 (덕정리 550-2),37.0211033,127.5001238
생극우체국,충청북도,음성군,생극면 음성로 1659 (신양리 448-3),37.0345367,127.6051633
소이우체국,충청북도,음성군,소이면 소이로 354 (소이우체국),36.9247029,127.7515074
음성감곡우체국,충청북도,음성군,감곡면 장감로126번길 2 (왕장리 450-2),37.1185183,127.6364319
음성꽃동네우체국,충청북도,음성군,맹동면 꽃동네길 23 (인곡리 산1-73),36.9410906,127.5763745
음성동성우체국,충청북도,음성군,맹동면 장성2길 17 (동성리),36.9090785,127.5406389
음성보천우편취급국,충청북도,음성군,원남면 보천로 75 (보룡리),36.8768651,127.6553901
음성우체국,충청북도,음성군,음성읍 중앙로 94 (음성우체국),36.9326846,127.6892875
매곡우체국,충청북도,영동군,매곡면 노천5길 4,36.190498,127.931903
심천우체국,충청북도,영동군,심천면 심천로 82-1,36.2363538,127.7226328
양강우체국,충청북도,영동군,양강면 학산영동로 837,36.1472168,127.7482041
영동계산우체국,충청북도,영동군,영동읍 계산로 44,36.1729769,127.78151
영동부용우편취급국,충청북도,영동군,영동읍 매천1길 4 (매천리),36.1691029,127.7768539
영동상촌우체국,충청북도,영동군,상촌면 민주지산로 3025,36.149471,127.9144755
영동양산우체국,충청북도,영동군,양산면 송호로 7,36.1250089,127.6676855
영동영산우편취급국,충청북도,영동군,영동읍 영산로 52-1,36.1792746,127.7746951
영동용산우체국,충청북도,영동군,용산면 용산로 318-1,36.2591881,127.8294637
영동우체국,충청북도,영동군,영동읍 난계로 1178,36.1737926,127.7733186
용화우체국,충청북도,영동군,용화면 용화양강로 11-9,36.0209864,127.7651183
추풍령우체국,충청북도,영동군,추풍령면 추풍령로 461,36.2125093,127.9981457
학산우체국,충청북도,영동군,학산면 서산로 22,36.0954102,127.6854794
황간우체국,충청북도,영동군,황간면 영동황간로 1665,36.2250578,127.9099209
동이우체국,충청북도,옥천군,동이면 평산4길 6,36.2832847,127.6206404
안남우체국,충청북도,옥천군,안남면 연주길 46,36.3562448,127.6727633
안내우체국,충청북도,옥천군,안내면 현리길 85,36.393629,127.6597862
옥천군북우체국,충청북도,옥천군,군북면 이백길 3-7,36.3294816,127.5354629
옥천군서우체국,충청북도,옥천군,군서면 성왕로 498,36.275724,127.5287366
옥천우체국,충청북도,옥천군,옥천읍 중앙로 3,36.2986812,127.5662315
옥천이원우체국,충청북도,옥천군,이원면 묘목로 105,36.2473791,127.6218533
청산우체국,충청북도,옥천군,청산면 지전길 50-9,36.3464066,127.7914465
청성우체국,충청북도,옥천군,청성면 산계길 82,36.3295858,127.7597779
내북우체국,충청북도,보은군,내북면 남부로 6268,36.5780924,127.663383
마로우체국,충청북도,보은군,마로면 관기송현로 128,36.434376,127.82285
보은산외우체국,충청북도,보은군,산외면 구티1길 15,36.5513472,127.7310398
보은우체국,충청북도,보은군,보은읍 삼산로5길 4,36.4829396,127.7173055
보은원남우체국,충청북도,보은군,삼승면 삼승탄부로 7,36.3972987,127.73315
보은장안우체국,충청북도,보은군,장안면 장안로 10-7,36.46716,127.7883
보은회인우체국,충청북도,보은군,회인면 회인로1길 4,36.490678,127.5971793
속리산우체국,충청북도,보은군,속리산면 법주사로 274,36.5318516,127.8234225
수한우체국,충청북도,보은군,수한면 후평바리미길 6,36.4804797,127.6981612
탄부우체국,충청북도,보은군,탄부면 하장3길 6-6,36.430861,127.7969435
회남우체국,충청북도,보은군,회남면 사담길 25,36.4438008,127.5803947
가곡우체국,충청북도,단양군,가곡면 남한강로 528,37.0264798,128.3843887
단양단성우체국,충청북도,단양군,단성면 월악로 4664,36.9352241,128.3255467
단양상진우편취급국,충청북도,단양군,단양읍 삼봉로 109,36.9779985,128.3552739
단양우체국,충청북도,단양군,단양읍 중앙1로 36,36.9860273,128.3685722
단양적성우체국,충청북도,단양군,적성면 금수산로 961,36.959889,128.2934498
대강우체국,충청북도,단양군,대강면 단양로 156-6,36.9215611,128.3557567
매포우체국,충청북도,단양군,매포읍 단양로 1917,37.0331694,128.3037123
어상천우체국,충청북도,단양군,어상천면 어상천로 941,37.1023524,128.3569353
영춘우체국,충청북도,단양군,영춘면 온달평강로 64,37.0792469,128.4839152
대전가수원동우체국,대전광역시,서구,가수원로 109 (가수원동),36.3037803,127.3493253
대전갈마1동우편취급국,대전광역시,서구,갈마로 62 (갈마동),36.3469088,127.3692272
대전갈마동우체국,대전광역시,서구,갈마중로50번길 5 (갈마동),36.3467911,127.3746173
대전강변우편취급국,대전광역시,서구,"정림동로7번길 22,134호(무지개상가) (정림동)",36.3055321,127.3664375
대전관저2동우체국,대전광역시,서구,관저로 63 (관저동),36.29911,127.3287228
대전관저동우체국,대전광역시,서구,관저북로 26 (관저동),36.3041103,127.3373315
대전괴정동우체국,대전광역시,서구,갈마로 196 (괴정동),36.3371956,127.377162
대전기성동우편취급국,대전광역시,서구,흑석3길 5 (흑석동),36.2552749,127.3401811
대전도마동우체국,대전광역시,서구,계백로 1422 (도마동),36.3124835,127.3793301
대전도안동우편취급국,대전광역시,서구,"도안동로 3, 114호 (도안동, 리더스프라자에이)",36.3055523,127.3526723
대전둔산2동우체국,대전광역시,서구,청사로 279 (둔산동),36.3599675,127.3948844
대전둔산우체국,대전광역시,서구,둔산로 111 (둔산동),36.3517313,127.3861962
대전만년동우체국,대전광역시,서구,만년로 15 (만년동),36.3675676,127.374543
대전법원우체국,대전광역시,서구,둔산중로78번길 45 (둔산동),36.3544304,127.38926
대전변동우체국,대전광역시,서구,도산로 189 (변동),36.3253635,127.3786543
대전변정우편취급국,대전광역시,서구,중반5길 115 1층 (변동),36.3263046,127.3857488
대전삼천가람우편취급국,대전광역시,서구,"둔산로 201, 국화라이프아파트상가106호 (둔산동,라이프아파트)",36.3551614,127.3964569
대전용문동우체국,대전광역시,서구,계룡로 669 (용문동),36.3366099,127.394784
대전월평1동우체국,대전광역시,서구,월평새뜸로4번길 110 (월평동),36.3546727,127.3573748
대전월평2동우체국,대전광역시,서구,갈마역로 143-12 (월평동),36.3635836,127.3736398
대전월평하나로우편취급국,대전광역시,서구,"청사로 5, 하나로아파트상가112호 (월평동,하나로아파트)",36.3609364,127.3648967
대전정림동우체국,대전광역시,서구,정림로 4 (정림동),36.3010576,127.3669748
대전탄방동우편취급국,대전광역시,서구,"문예로 16,106호(한가람아파트상가) (탄방동,한가람아파트)",36.3480465,127.3917095
대전향촌우편취급국,대전광역시,서구,둔산북로 36 (둔산동),36.3554541,127.3783636
목원대학교우편취급국,대전광역시,서구,도안북로 88 (도안동),36.3261041,127.3386258
배재대학교우편취급국,대전광역시,서구,배재로 155-40 (도마동),36.320202,127.3652283
정부대전청사우체국,대전광역시,서구,청사로 189 (둔산동),36.3626786,127.3848882
강내우체국,충청북도,청주시,흥덕구 강내면 가로수로 554-1,36.6237876,127.3616417
서청주우체국,충청북도,청주시,흥덕구 죽천로 109 (복대동),36.6380654,127.435225
오송생명과학단지출장소,충청북도,청주시,흥덕구 오송읍 오송생명1로194-41(커뮤니케이션 및 벤처연구센타),36.635786,127.3271626
오송우체국,충청북도,청주시,흥덕구 오송읍 가로수로 188-9,36.6100005,127.3261007
청주가경동우체국,충청북도,청주시,흥덕구 풍년로 107-2 (가경동),36.622524,127.435363
청주강서동우체국,충청북도,청주시,"흥덕구 가로수로1154번길 5-16 (강서동,청주강서동우체국)",36.6261573,127.4258405
청주개신동우체국,충청북도,청주시,서원구 경신로 43 (개신동),36.6210723,127.4467489
청주공단우편취급국,충청북도,청주시,흥덕구 내수동로 28,36.6327507,127.4504633
청주남이우체국,충청북도,청주시,서원구 남이면 청남로 1201 (외천리),36.5591871,127.4334059
청주복대1동우체국,충청북도,청주시,흥덕구 진재로47번길 12-2 (복대동),36.6355868,127.4289724
청주복지우편취급국,충청북도,청주시,서원구 호국로3번길 3-16 (모충동),36.6279875,127.4736154
청주봉명동우체국,충청북도,청주시,흥덕구 직지대로 604 (봉명동),36.6429034,127.4601098
청주분평동우체국,충청북도,청주시,서원구 월평로 80 (분평동),36.611249,127.49385
청주사직동우체국,충청북도,청주시,서원구 호국로 107 (사직동),36.637501,127.4760504
청주사창동우체국,충청북도,청주시,서원구 사직대로 143 (사창동),36.6353759,127.4633252
청주수곡1동우체국,충청북도,청주시,서원구 구룡산로 309 (수곡동),36.618652,127.4787391
청주수곡동우체국,충청북도,청주시,서원구 청남로 2026 (수곡동),36.6130258,127.4856779
청주옥산우체국,충청북도,청주시,흥덕구 옥산면 옥산시내1길 28,36.6634396,127.37448
청주운천동우체국,충청북도,청주시,흥덕구 사운로 231 (운천동),36.6488194,127.4752534
청주운천아파트우편취급국,충청북도,청주시,흥덕구 1순환로 453 (신봉동),36.6503928,127.4694034
청주지방법원우체국,충청북도,청주시,"서원구 산남로62번길 51 (산남동,청주지방법원)",36.6143887,127.4674048
청주하이닉스우편취급국,충청북도,청주시,흥덕구 대신로 215 (향정동),36.6528661,127.4345308
충북대학교우편취급국,충청북도,청주시,"서원구 충대로 1 (개신동,충북대학교)",36.6300483,127.4550701
한국교원대학교우편취급국,충청북도,청주시,흥덕구 강내면 태성탑연로 250 (한국교원대학교),36.6109885,127.3588709
현도우체국,충청북도,청주시,"서원구 현도면 선동1길 4 (선동리, 농협)",36.485694,127.4243372
광덕우체국,충청남도,천안시,동남구 광덕면 신흥리4길 50,36.6989287,127.1120916
동천안우체국,충청남도,천안시,동남구 청수5로 10 (청당동),36.7839342,127.155445
목천우체국,충청남도,천안시,동남구 목천읍 서리1길 49,36.785465,127.2354951
백석대학교우편취급국,충청남도,천안시,동남구 문암로 76 (안서동),36.8411545,127.1813742
병천우체국,충청남도,천안시,동남구 병천면 충절로 1732,36.7630161,127.297448
수신우체국,충청남도,천안시,동남구 수신면 수신로 445,36.7316389,127.2823649
천안단국대학교우편취급국,충청남도,천안시,동남구 단대로 119 (안서동),36.8373833,127.1685008
천안대흥동우체국,충청남도,천안시,동남구 대흥로 258 (대흥동),36.8108797,127.1488936
천안대흥동우편취급국,충청남도,천안시,동남구 대흥로 258 (대흥동),36.8108797,127.1488936
천안동면우체국,충청남도,천안시,동남구 동면 동산1길 25,36.7764718,127.345383
천안봉명동우체국,충청남도,천안시,동남구 봉정로 26 (봉명동),36.8043129,127.1395746
천안북면우체국,충청남도,천안시,동남구 북면 위례성로 661-5,36.8218808,127.2726531
천안상명대학교우편취급국,충청남도,천안시,"동남구 상명대길 31 (안서동,상명대학교천안캠퍼스)",36.8334468,127.1791465
천안서부우편취급국,충청남도,천안시,동남구 서부대로 281 (신방동),36.7930787,127.1286393
천안성남우체국,충청남도,천안시,동남구 성남면 신사대화로 169,36.7412554,127.2384743
천안신계우편취급국,충청남도,천안시,동남구 목천읍 충절로 813,36.7696892,127.2021354
천안신방동우체국,충청남도,천안시,동남구 신방동 1908,36.772751,127.1323781
천안신부동우체국,충청남도,천안시,동남구 터미널8길 3 (신부동),36.8220387,127.157497
천안오룡동우체국,충청남도,천안시,동남구 영성로 69 (오룡동),36.8045798,127.1498752
천안원성동우편취급국,충청남도,천안시,"동남구 고재10길 3, 101호 (원성동)",36.8001459,127.1594634
풍세우체국,충청남도,천안시,동남구 풍세면 풍년길 50,36.7226346,127.119375
한국기술교육대학교우편취급국,충청남도,천안시,동남구 병천면 충절로 1600,36.7637515,127.2819829
중부권광역우편물류센터,대전광역시,동구,안골로 11 (구도동),36.2703563,127.4738017
운송용기관리국,충청남도,계룡시,두마면 사계로 184,36.2610038,127.2746889
전남지방우정청,광주광역시,서구,계수로 41 (유촌동),35.1609443,126.8551988
광주각화동우편취급국,광주광역시,북구,면앙로165번길 100-2 ( 각화동),35.1802427,126.9316294
광주동림동우체국,광주광역시,북구,북문대로 238 (동림동),35.1870757,126.8663428
광주동운동우편취급국,광주광역시,북구,북문대로 2 (운암동),35.1734621,126.8849528
광주두암1동우체국,광주광역시,북구,군왕로 95-1 (두암동),35.1698151,126.9324647
광주두암동우체국,광주광역시,북구,동문대로 160 (두암2동),35.1766873,126.9283779
광주매곡동우체국,광주광역시,북구,서하로 88 (매곡동),35.18721,126.8900619
광주문흥동우체국,광주광역시,북구,대천로 140-1 (문흥1동),35.1868429,126.9212747
광주밤실우편취급국,광주광역시,북구,필문대로 77 (풍향동),35.1628222,126.9278551
광주본촌공단우편취급국,광주광역시,북구,하서로241번길 3 (양산동),35.1968005,126.8762208
광주본촌동우체국,광주광역시,북구,본촌마을길 95 (본촌동),35.219768,126.8799
광주북구청우체국,광주광역시,북구,우치로 77 (용봉동),35.17406,126.911963
광주석곡동우편취급국,광주광역시,북구,석곡로 605 (망월동),35.2129777,126.9488653
광주양산동우체국,광주광역시,북구,하서로 349 (양산동),35.2061845,126.8730936
광주오치동우체국,광주광역시,북구,서하로 241 (오치1동),35.1872882,126.9068709
광주용두동우편취급국,광주광역시,북구,하서로423번길 24 (용두동),35.2131251,126.8734503
광주용봉금호우편취급국,광주광역시,북구,비엔날레로 94 (용봉동),35.1802022,126.8904915
광주우산동우체국,광주광역시,북구,동문대로65번길 14,35.17071,126.9208076
광주운암동우체국,광주광역시,북구,서강로54번길 30 (운암동),35.1758915,126.8742111
광주태봉우편취급국,광주광역시,북구,서암대로 159 (신안동),35.1694848,126.901841
북광주우체국,광주광역시,북구,양일로 314 (삼각동),35.2018283,126.897803
전남대학교우편취급국,광주광역시,북구,"용봉로 77 (용봉동,전남대학교)",35.1778193,126.9080453
광주광복우편취급국,광주광역시,남구,회서로11번길 16-1 (주월동),35.1322876,126.8946706
광주군분로우편취급국,광주광역시,남구,군분로109번길 12 (월산동),35.141939,126.8888602
광주대성우편취급국,광주광역시,남구,중앙로 66 (서동),35.1432027,126.9056007
광주대촌동우체국,광주광역시,남구,포충로 594 (지석동),35.0810987,126.8343611
광주대학교우편취급국,광주광역시,남구,"효덕로 277 (진월동,광주대학교)",35.1072019,126.8960122
광주무등로우체국,광주광역시,동구,무등로 298 (계림동),35.1622678,126.9157052
광주방림동우체국,광주광역시,남구,봉선중앙로134번길 16 (방림동),35.132999,126.9125
광주백운동우체국,광주광역시,남구,독립로 16 (백운동),35.1348414,126.9017107
광주법원우체국,광주광역시,동구,"준법로 7-12, 광주법원 구내 (지산동)",35.1500658,126.9353966
광주봉선동우체국,광주광역시,남구,봉선2로 49 (봉선동),35.1259519,126.91175
광주산수동우체국,광주광역시,동구,무등로 467 (산수동),35.15549,126.931275
광주샘우편취급국,광주광역시,남구,용대로 189 (방림동),35.125866,126.911964
광주소태동우편취급국,광주광역시,동구,남문로 562 (소태동),35.1212514,126.9334947
광주송하동우편취급국,광주광역시,남구,송암로24번길 4 (송하동),35.108023,126.879635
광주양림동우편취급국,광주광역시,남구,백서로 49-1 (양림동),35.1377605,126.9137014
광주우체국,광주광역시,동구,제봉로 211 (대인동),35.1541183,126.9141797
광주운림동우편취급국,광주광역시,동구,"의재로 149-4 (운림동,무등스위트빌라 101동)",35.1326342,126.9444989
광주월산동우체국,광주광역시,남구,구성로76번길 2 (월산동),35.148915,126.903325
광주주월동우편취급국,광주광역시,남구,"봉선로19번길 31(주월동 1270-16) (주월동,성민안경)",35.1318225,126.906347
광주지원동우체국,광주광역시,동구,"학소로 109 (소태동, 무등산골드클래스)",35.1294787,126.9317947
광주진월동우체국,광주광역시,남구,서문대로 737 (주월동),35.1250773,126.897745
광주충장로우체국,광주광역시,동구,충장로 94 (충장로2가),35.1475912,126.9171025
광주학동우체국,광주광역시,동구,제봉로 31 (학동),35.1414688,126.9210008
광주효덕우편취급국,광주광역시,남구,서문대로 659,35.1182641,126.8984502
조선대학교우편취급국,광주광역시,동구,"조선대2길 11, 체육대학 1층",35.1403738,126.9274891
광주광천동우체국,광주광역시,서구,"죽봉대로111번길 3, (광천동 60-25)",35.1633088,126.8829992
광주금호동우체국,광주광역시,서구,운천로32번길 4 (금호동),35.1353092,126.8595874
광주농성동우체국,광주광역시,서구,대남대로 481(농성동),35.1524305,126.8846066
광주동천동우체국,광주광역시,서구,"하남대로710번길 8 (동천동,광주동천동우체국)",35.1706614,126.8698376
광주매월동우편취급국,광주광역시,서구,매월2로 53 2-1광주산업용재유통센터 9동117호(매월동),35.11639,126.8604792
광주명지아파트우편취급국,광주광역시,서구,상무대로935번길 3-1(쌍촌동),35.1518537,126.8642366
광주무진로우체국,광주광역시,서구,계수로 41(유촌동),35.1609443,126.8551988
광주상무1동우체국,광주광역시,서구,상무평화로 110 (치평동),35.1482732,126.8509281
광주서구청우편취급국,광주광역시,서구,경열로 33 광주광역시서구청(농성동),35.151969,126.890272
광주서창동우체국,광주광역시,서구,눌재로 416 (세하동),35.1148708,126.8298747
광주송원우편취급국,광주광역시,서구,화운로323번길 2(광천동),35.167952,126.8770222
광주양동금호우편취급국,광주광역시,서구,천변좌로 268 (양동),35.1523445,126.9046113
광주치평동우체국,광주광역시,서구,치평로 63 (치평동)),35.1530862,126.847152
광주풍암동우체국,광주광역시,서구,풍암1로 31(풍암동),35.1245428,126.8787327
광주풍암마재우체국,광주광역시,서구,회재로 909 (금호동),35.1238379,126.8629511
광주현대아파트우편취급국,광주광역시,서구,화운로156번길 9 (화정동),35.1529648,126.8776953
서광주우체국,광주광역시,서구,월드컵4강로 109 (화정동),35.1465558,126.8719418
305군사우편 출장소,광주광역시,광산구,"송도로114번길 53, (황룡동 제305군우 사서함)",35.1163179,126.7907211
광주광산우체국,광주광역시,광산구,사암로171번길 32 (우산동),35.160057,126.806113
광주동곡동우체국,광주광역시,광산구,동곡로185번길 17 (하산동),35.099174,126.774163
광주본량동우체국,광주광역시,광산구,평촌길 111 (남산동),35.1811626,126.7292211
광주비아동우체국,광주광역시,광산구,비아안길 74 (비아동),35.220993,126.820263
광주삼도동우체국,광주광역시,광산구,삼도로 340 (도덕동),35.1627776,126.7000047
광주소촌동우편취급국,광주광역시,광산구,"어등대로665번길 27 (소촌동, 서라아파트상가103호)",35.1466615,126.7907828
광주송정동우체국,광주광역시,광산구,광산로 35 (송정동),35.139265,126.795388
광주신창동우체국,광주광역시,광산구,신창로 61 (신창동),35.1909121,126.8367221
광주운남동우체국,광주광역시,광산구,목련로273번안길 7 (운남동),35.178076,126.824325
광주월계동우편취급국,광주광역시,광산구,산월로 9 (월계동),35.2089951,126.8382462
광주월곡동우체국,광주광역시,광산구,사암로340번안길 13 (월곡동),35.176135,126.809988
광주임곡동우체국,광주광역시,광산구,고봉로 804-1 (임곡동),35.2201909,126.7430188
광주첨단동우체국,광주광역시,광산구,첨단중앙로124번길 6 (월계동),35.216343,126.842513
광주평동우체국,광주광역시,광산구,평동로 799 (옥동),35.124574,126.761687
광주하남2지구우체국,광주광역시,광산구,용아로379번길 83 (산정동),35.1761021,126.7999693
광주하남동우체국,광주광역시,광산구,하남산단4번로 172 (장덕동),35.1906946,126.8089611
호남대학교우편취급국,광주광역시,광산구,"호남대길 20, 1층 (서봉동, 복지관)",35.1503656,126.770199
광주우편집중국,광주광역시,광산구,앰코로 11 (쌍암동),35.219035,126.8515
국립목포해양대학교우편취급국,전라남도,목포시,해양대학로 91 (죽교동),34.7917765,126.365053
도초우체국,전라남도,신안군,도초면 불섬길 32,34.7129048,125.9352325
목포대양동우편취급국,전라남도,목포시,산양로 42 (대양동),34.8370487,126.4273875
목포대향우편취급국,전라남도,목포시,상동로26번길 5 (상동),34.8126281,126.4152398
목포산정동우체국,전라남도,목포시,산정로 162 (용당동),34.8031584,126.3926122
목포삼학도우체국,전라남도,목포시,동명로 10 (산정동),34.7881688,126.3959247
목포석현동우체국,전라남도,목포시,영산로 674,34.8256748,126.4232986
목포양동우체국,전라남도,목포시,북항로 30 (양동),34.7978049,126.3801595
목포연산동우체국,전라남도,목포시,원산중앙로 98 (연산동),34.8120677,126.3815013
목포영해동우편취급국,전라남도,목포시,해안로249번길 5 (보광동1가),34.7868319,126.3883108
목포옥암동우체국,전라남도,목포시,통일대로 98 (옥암동),34.8010311,126.4345914
목포용해동우체국,전라남도,목포시,양을로 220 (용당동),34.8113823,126.3940118
목포우성우편취급국,전라남도,목포시,교육로 37 (상동),34.8007946,126.4213302
목포우체국,전라남도,목포시,영산로 288 (용당동),34.804841,126.397563
목포원산정우편취급국,전라남도,목포시,연산로101번길 11 B101호 (산정동),34.8064547,126.3831099
목포유달산우체국,전라남도,목포시,영산로 33 (대의동2가),34.7870271,126.3825635
목포죽교동우체국,전라남도,목포시,원산로 39 (산정동),34.8038661,126.3737969
목포창평동우체국,전라남도,목포시,수문로20번길 10 (창평동),34.7927513,126.3837007
목포하당동우체국,전라남도,목포시,비파로 101 (상동),34.8069918,126.4236966
비금우체국,전라남도,신안군,비금면 비금북부길 10,34.75345,125.928775
비금우체국 도고출장소,전라남도,신안군,비금면 비금북부길 965-1,34.7761012,125.9705881
신의우체국,전라남도,신안군,신의면 상동길 89,34.5878571,126.0943375
안좌우체국,전라남도,신안군,안좌면 김환기길 12-3,34.753769,126.1241262
암태우체국,전라남도,신안군,암태면 장단고길 32,34.8291604,126.1108425
압해우체국,전라남도,신안군,압해읍 복룡로 10,34.866,126.3115683
임자우체국,전라남도,신안군,임자면 진리길 5-1,35.0848658,126.1113055
자은도우체국,전라남도,신안군,자은면 구영2길 49-1,34.8847524,126.045068
장산우체국,전라남도,신안군,장산면 도창길 1-22,34.6422081,126.1492264
증도우체국,전라남도,신안군,증도면 문준경길 184,35.0029065,126.1403767
지도우체국,전라남도,신안군,지도읍 읍내길 77,35.0606923,126.2077139
팔금우체국,전라남도,신안군,팔금면 삼층석탑길 163-1,34.78495,126.143125
하의우체국,전라남도,신안군,하의면 곰실길 16,34.6065095,126.0366754
홍도우체국,전라남도,신안군,흑산면 홍도1길 35,34.6835591,125.1918958
흑산가거도우체국,전라남도,신안군,흑산면 가거도길 40,34.0521668,125.1262552
흑산도우체국,전라남도,신안군,흑산면 예리1길 76,34.6852675,125.4452364
낙안우체국,전라남도,순천시,낙안면 삼일로 11,34.9058221,127.3438326
별량우체국,전라남도,순천시,별량면 별량길 163,34.8692438,127.4502985
상사우체국,전라남도,순천시,상사면 상사호길 332,34.9393368,127.4546089
송광우체국,전라남도,순천시,송광면 이읍2길 5,34.9718679,127.2644875
순천남정동우체국,전라남도,순천시,우석로 144 (남정동),34.9415158,127.488646
순천삼산동우체국,전라남도,순천시,중앙로 248 (석현동),34.9677756,127.4845358
순천서면우체국,전라남도,순천시,서면 북차길 98-36,34.9927419,127.4945523
순천연향동우체국,전라남도,순천시,연향1로 24 (연향동),34.9448077,127.516882
순천왕조동우체국,전라남도,순천시,봉화3길 3 (조례동),34.9628765,127.5208771
순천외서우체국,전라남도,순천시,외서면 반월로 2,34.915686,127.2743113
순천외서우편취급국,전라남도,순천시,외서면 반월로 2 (월암리),34.915686,127.2743113
순천우체국,전라남도,순천시,하대석길 9 (연향동),34.9438291,127.5240647
순천조곡동우체국,전라남도,순천시,역전길 43 (조곡동),34.9470866,127.499042
순천조례동우체국,전라남도,순천시,장선배기길 20 (조례동),34.9530779,127.5245895
순천행동우체국,전라남도,순천시,중앙로 99 (행동),34.9545155,127.4836436
순천황전우체국,전라남도,순천시,황전면 월등로 1045,35.1031569,127.4291821
승주우체국,전라남도,순천시,승주읍 승평동길 7,35.0183249,127.3759017
월등우체국,전라남도,순천시,월등면 월평1길 105,35.0921071,127.38055
주암우체국,전라남도,순천시,주암면 동주로 2019 (광천리),35.0775303,127.2323924
해룡우체국,전라남도,순천시,해룡면 월전길 31,34.9145807,127.5377647
거문도우체국,전라남도,여수시,삼산면 거문길 28-8 (거문리),34.02575,127.311638
돌산우체국,전라남도,여수시,돌산읍 방답길 55-1 (군내리),34.6167033,127.7227669
돌산우체국 화태출장소,전라남도,여수시,남면 달밭금길 31-2 (화태리),34.5792578,127.7366839
여수개도우체국,전라남도,여수시,화정면 개도화산1길 6 (개도리),34.5716988,127.6634643
여수교동우체국,전라남도,여수시,충무로 46 (충무동),34.740605,127.7316329
여수국동우체국,전라남도,여수시,신월로 629 (국동),34.7285105,127.7140979
여수남면우체국,전라남도,여수시,남면 내외진안길 13 (우학리),34.5088187,127.7657399
여수남면우체국 안도출장소,전라남도,여수시,남면 안도안길 3 (안도리),34.4885179,127.802925
여수동문동우체국,전라남도,여수시,동문로 52 (관문동),34.7414477,127.7407496
여수문수동우체국,전라남도,여수시,좌수영로 321 (문수동),34.7593448,127.710427
여수미평동우체국,전라남도,여수시,미평로 67 (미평동),34.7691333,127.7087375
여수봉계동우체국,전라남도,여수시,시청로 238 (여천동),34.7829871,127.6629445
여수봉산동우체국,전라남도,여수시,어항로 37 (봉산동),34.7314949,127.7224578
여수삼일동우체국,전라남도,여수시,여수산단로 274-5 (월하동),34.8066129,127.6688579
여수선원동우체국,전라남도,여수시,화산로 102 (선원동),34.774875,127.6487324
여수소라우체국,전라남도,여수시,소라면 덕양로 445-1 (덕양리),34.7972717,127.6307335
여수소호동우체국,전라남도,여수시,소호로 506 (소호동),34.7470538,127.654845
여수신기동우체국,전라남도,여수시,새터로 47 (신기동),34.7605024,127.6745303
여수여서동우체국,전라남도,여수시,여서1로 95-3 (여서동),34.7544121,127.7075024
여수우체국,전라남도,여수시,흥국로 24 (학동),34.7628519,127.6649811
여수전남대학교우편취급국,전라남도,여수시,"대학로 50 (둔덕동,전남대학교 여수캠퍼스)",34.7743417,127.6993875
여수죽포우체국,전라남도,여수시,돌산읍 향일암로 958 (죽포리),34.6411479,127.7828254
여수현대아파트우편취급국,전라남도,여수시,여서로 156-1 (여서동),34.7479758,127.6989867
여수화양우체국,전라남도,여수시,화양면 나진길 8 (나진리),34.7082013,127.614375
연도우체국,전라남도,여수시,남면 연도서부길 22 (연도리),34.4316596,127.7987375
율촌우체국,전라남도,여수시,율촌면 동산개길 19 (조화리),34.880852,127.578486
초도우체국,전라남도,여수시,삼산면 의성길 22 (초도리),34.2246784,127.2521752
화정우체국,전라남도,여수시,화정면 백야2길 7(백야리),34.6195377,127.6407273
군남우체국,전라남도,영광군,군남면 포천길 30,35.2400166,126.4496461
낙월우체국,전라남도,영광군,낙월면 낙월길 52-4,35.2024953,126.1389141
대마우체국,전라남도,영광군,대마면 영장로 257,35.3014879,126.5793108
묘량우체국,전라남도,영광군,묘량면 묘량로 271,35.2567743,126.5432994
백수우체국,전라남도,영광군,백수읍 백수로 989,35.2819442,126.4183204
법성포우체국,전라남도,영광군,법성면 진굴비길 50,35.3604848,126.4472155
불갑우체국,전라남도,영광군,불갑면 함영로4길 21,35.2082135,126.5071415
염산우체국,전라남도,영광군,염산면 칠산로 75,35.2175794,126.3711005
영광군서우체국,전라남도,영광군,군서면 군서로 5,35.2537624,126.4801322
영광우체국,전라남도,영광군,영광읍 중앙로 200,35.2765987,126.5127366
홍농우체국,전라남도,영광군,홍농읍 홍농로 450,35.394518,126.4462518
동화우체국,전라남도,장성군,동화면 삼동로 735,35.2845417,126.739675
북상우체국,전라남도,장성군,북하면 백양로 610,35.4120669,126.8512498
사가우체국,전라남도,장성군,북이면 백양로 20,35.4292593,126.8088949
삼계우체국,전라남도,장성군,삼계면 사창로 64-9,35.2596667,126.6655875
삼서우체국,전라남도,장성군,삼서면 해삼로 1123,35.2314239,126.6463497
서삼우체국,전라남도,장성군,서삼면 축령로 365,35.3335177,126.7666638
신흥우체국,전라남도,장성군,북일면 신흥로 408,35.3752715,126.8067021
약수우체국,전라남도,장성군,북하면 백양로 895,35.4077296,126.881801
장성남면우체국,전라남도,장성군,남면 못재로 81,35.244193,126.81255
장성우체국,전라남도,장성군,장성읍 역전로 201 (영천리),35.3056077,126.7868064
제75군사우체국,전라남도,장성군,삼서면 태청로 428,35.2493425,126.6150541
진원우체국,전라남도,장성군,진원면 노사로 489,35.2732606,126.8326496
황룡우체국,전라남도,장성군,황룡면 뱃나드리로 184,35.2904675,126.773649
겸면우체국,전라남도,곡성군,겸면 곡순로 1854-3,35.2554417,127.1732
고달우체국,전라남도,곡성군,고달면 목동1길 7,35.2950743,127.3411854
곡성오곡우체국,전라남도,곡성군,오곡면 기차마을로 130,35.2706355,127.3153635
곡성오산우체국,전라남도,곡성군,오산면 오산로 593,35.2365463,127.1219768
곡성우체국,전라남도,곡성군,곡성읍 군청로 27,35.2804505,127.2925654
목사동우체국,전라남도,곡성군,목사동면 주목로 758,35.1204737,127.3003375
삼기우체국,전라남도,곡성군,삼기면 원등1길 63,35.2344465,127.2105419
석곡우체국,전라남도,곡성군,석곡면 석곡로 63-1,35.1327696,127.2534858
옥과우체국,전라남도,곡성군,옥과면 대학로 139-2,35.2761917,127.1347375
입면우체국,전라남도,곡성군,입면 청계동로 1215,35.3000167,127.20365
죽곡우체국,전라남도,곡성군,죽곡면 오죽로 25,35.1513757,127.3192162
고서우체국,전라남도,담양군,고서면 가사문학로 316 (동운리),35.2236873,126.9725271
담양가사문학우체국,전라남도,담양군,가사문학면 가사문학로 1120 (연천리),35.1773715,127.0265948
담양금성우체국,전라남도,담양군,금성면 석현길 8 (석현리),35.3433044,127.0261015
담양대덕우체국,전라남도,담양군,대덕면 대조동1길 1 (매산리),35.2494513,127.038125
담양대전우체국,전라남도,담양군,대전면 추성1로 192 (대치리),35.2763575,126.8873939
담양봉산우체국,전라남도,담양군,봉산면 신학길 41-2 (제월리),35.2774488,126.9565103
담양우체국,전라남도,담양군,담양읍 추성로 1328 (지침리),35.3197122,126.9833972
무정우체국,전라남도,담양군,무정면 술지1길 8 (봉안리),35.2945901,127.0305588
수북우체국,전라남도,담양군,수북면 추성1로 711 (수북리),35.3017003,126.929346
용면우체국,전라남도,담양군,용면 추월산로 376 (추성리),35.3647352,126.9884295
월산우체국,전라남도,담양군,월산면 도개길 15-51 (화방리),35.3398487,126.954375
창평우체국,전라남도,담양군,창평면 의병로 149 (창평리),35.2389263,127.016655
능주우체국,전라남도,화순군,능주면 죽수길 48,34.9875386,126.9593792
도곡우체국,전라남도,화순군,도곡면 지석로 1126,34.9974679,126.918925
동복우체국,전라남도,화순군,동복면 석등길 3,35.0710593,127.128268
사평우체국,전라남도,화순군,사평면 사호로 271 (사평리),35.0067804,127.1001973
이양우체국,전라남도,화순군,이양면 이양로 80,34.8867487,126.9888625
한천우체국,전라남도,화순군,한천면 한계1길 26,34.9766194,126.997932
화순대리우편취급국,전라남도,화순군,화순읍 칠충로 98,35.0579563,126.9810125
화순도암우체국,전라남도,화순군,도암면 천태로 407,34.9353779,126.8982363
화순동면우체국,전라남도,화순군,동면 우평4길 5,35.0302531,127.0395919
화순백아,전라남도,화순군,백아면 학천길 24,35.1682368,127.1326136
화순우체국,전라남도,화순군,화순읍 중앙로 85,35.0606377,126.9906494
화순이서우체국,전라남도,화순군,이서면 백아로 3124,35.1102034,127.0784703
화순청풍우체국,전라남도,화순군,청풍면 평지촌길 23,34.8775653,126.9717749
화순춘양우체국,전라남도,화순군,춘양면 춘양로 87,34.9518279,126.9615072
공산우체국,전라남도,나주시,공산면 공산로 112,34.9420139,126.6096008
나주금천우체국,전라남도,나주시,금천면 금영로 923,35.0301583,126.7526625
나주동강우체국,전라남도,나주시,동강면 인동길 25-8,34.938971,126.5628743
나주성북동우체국,전라남도,나주시,금성길 46 (성북동),35.0332118,126.7180633
나주우체국,전라남도,나주시,시청길 18 (송월동),35.0162723,126.7120768
남평우체국,전라남도,나주시,남평읍 남평2로 42-8,35.046113,126.843226
노안우체국,전라남도,나주시,노안면 금산로 29,35.0768872,126.7303742
다도우체국,전라남도,나주시,다도면 다도로 755,34.9475751,126.8273801
다시우체국,전라남도,나주시,다시면 다시로 187,35.0174108,126.6378885
동신대학교우편취급국,전라남도,나주시,"건재로 185 (대호동,동신대학교)",35.0496477,126.7210311
문평우체국,전라남도,나주시,문평면 체암로 297,35.054682,126.6035236
반남우체국,전라남도,나주시,반남면 고분로 589,34.9027024,126.6510729
봉황우체국,전라남도,나주시,봉황면 봉황로 720-1,34.9569031,126.7812284
빛가람우체국,전라남도,나주시,그린로312,35.0146094,126.7959659
산포우체국,전라남도,나주시,산포면 산포로 420,35.0356879,126.8038677
세지우체국,전라남도,나주시,세지면 동창로 130-5,34.9201024,126.7486257
영산포우체국,전라남도,나주시,영산포로 187 (영산동),34.9982746,126.70989
왕곡우체국,전라남도,나주시,왕곡면 나주서부로 382,34.9683596,126.6711425
나산우체국,전라남도,함평군,나산면 나산길 37,35.1115837,126.6104264
손불우체국,전라남도,함평군,손불면 손불중앙길 76-7 (대전리),35.1431632,126.431306
엄다우체국,전라남도,함평군,엄다면 엄다길 58,35.0096091,126.516196
월야우체국,전라남도,함평군,월야면 밀재로 1523,35.1798694,126.6285682
학교우체국,전라남도,함평군,학교면 함영로 500,35.0221377,126.5333546
함평대동우체국,전라남도,함평군,대동면 대동길 29,35.0684681,126.5336926
함평신광우체국,전라남도,함평군,신광면 신광중앙길 106,35.1561854,126.4984422
함평우체국,전라남도,함평군,함평읍 광남길 66,35.063571,126.5192314
함평해보우체국,전라남도,함평군,해보면 밀재로 1331,35.1793774,126.6084201
군서우체국,전라남도,영암군,군서면 왕인로 498 (군서우체국),34.7617179,126.6322031
금정우체국,전라남도,영암군,금정면 용두로 5 (금정우체국),34.8622575,126.7492368
덕진우체국,전라남도,영암군,덕진면 새터신정길 72 (덕진우체국),34.8194185,126.6979815
도포우체국,전라남도,영암군,도포면 호산로 34 (도포우체국),34.8444222,126.6442368
미암우체국,전라남도,영암군,미암면 미중로 15-5 (미암우체국),34.6989367,126.5691268
삼호우체국,전라남도,영암군,삼호읍 중앙촌길 19 (삼호우체국),34.7470119,126.468614
서호우체국,전라남도,영암군,서호면 서호로 313 (서호우체국),34.755118,126.5840578
시종우체국,전라남도,영암군,시종면 내동중앙로 40 (시종우체국),34.8686487,126.6078123
신북우체국,전라남도,영암군,신북면 황금동로 64-3 (신북우체국),34.8876172,126.6921239
영암삼호산단우편취급국,전라남도,영암군,"삼호읍 신항로 123-11, 104호 (삼호3차사원임대아파트)",34.7474013,126.375125
영암우체국,전라남도,영암군,영암읍 남문로 13,34.7979308,126.697946
영암학산우체국,전라남도,영암군,학산면 영산로 22 (학산우체국),34.7258905,126.5687101
제8군사우편출장소,전라남도,영암군,삼호읍 용당로 321,34.7662218,126.3923543
강진대구우체국,전라남도,강진군,대구면 수동길 11,34.4950013,126.8001625
강진우체국,전라남도,강진군,강진읍 남문길 7,34.6403601,126.7687557
군동우체국,전라남도,강진군,군동면 진흥로 323,34.6449354,126.8158636
도암우체국,전라남도,강진군,도암면 도암중앙로 78,34.5468971,126.7286989
마량우체국,전라남도,강진군,마량면 마량공단길 18 (마량리),34.4547693,126.8141399
병영우체국,전라남도,강진군,병영면 병영성로 139,34.7168686,126.8153369
성전우체국,전라남도,강진군,성전면 별뫼로 380,34.6911703,126.7079477
신전우체국,전라남도,강진군,신전면 신전중앙길 16-1,34.5134571,126.7213507
옴천우체국,전라남도,강진군,옴천면 개산중앙길 12,34.744171,126.7949234
작천우체국,전라남도,강진군,작천면 평리길 60,34.7043263,126.7720375
칠량우체국,전라남도,강진군,칠량면 칠량로 75,34.5719589,126.799092
유치우체국,전라남도,장흥군,유치면 유치로 40 (원등리),34.8020688,126.8372238
장평우체국,전라남도,장흥군,장평면 장평중앙길 37 (용강리),34.7731639,126.9745129
장흥관산우체국,전라남도,장흥군,관산읍 관산로 86 (옥당리),34.5629041,126.9387541
장흥대덕우체국,전라남도,장흥군,대덕읍 대대로 939 (연정리),34.4991534,126.8892478
장흥부산우체국,전라남도,장흥군,부산면 부유로 32 (유량리),34.7230859,126.9030285
장흥안양우체국,전라남도,장흥군,안양면 남부관광로 741 (운흥리),34.648715,126.972451
장흥용산우체국,전라남도,장흥군,용산면 용안로 3 (인암리),34.6154563,126.9144801
장흥우체국,전라남도,장흥군,장흥읍 장흥로 15 (건산리),34.6808929,126.906375
장흥장동우체국,전라남도,장흥군,장동면 흥성로 1551 (북교리),34.7511766,126.9951638
회진우체국,전라남도,장흥군,회진면 가학회진로 1605 (회진리),34.4827276,126.9395753
남악우체국,전라남도,무안군,삼향읍 남악2로74번길 45,34.8133048,126.4598157
망운우체국,전라남도,무안군,망운면 운해로 1409,35.0124839,126.3920494
몽탄우체국,전라남도,무안군,몽탄면 몽탄로 848,34.9317801,126.5030611
무안우체국,전라남도,무안군,무안읍 무안로 489,34.9874297,126.4777601
삼향우체국,전라남도,무안군,삼향읍 임성로 144-33,34.8211073,126.4392046
운남우체국,전라남도,무안군,운남면 운해로 603 (연리),34.9618897,126.3425517
일로우체국,전라남도,무안군,일로읍 일로로 57,34.8494915,126.4929953
청계우체국,전라남도,무안군,청계면 도림길 72,34.9096981,126.4307385
해제우체국,전라남도,무안군,해제면 양간로 74,35.1140035,126.2954763
현경우체국,전라남도,무안군,현경면 운해로 1599,35.0211798,126.4093626
계곡우체국,전라남도,해남군,계곡면 둔주포길 3,34.6449237,126.6578875
산이우체국,전라남도,해남군,산이면 비석길 74,34.6429546,126.4501481
송지우체국,전라남도,해남군,송지면 산정1길 66,34.3705623,126.5206229
우수영우체국,전라남도,해남군,문내면 동영길 7,34.5961732,126.3138946
해남마산우체국,전라남도,해남군,마산면 마산로 448,34.62195,126.5690374
해남북일우체국,전라남도,해남군,북일면 만월길 18-4,34.4642964,126.673251
해남북평우체국,전라남도,해남군,북평면 달량진길 12,34.4079131,126.626034
해남삼산우체국,전라남도,해남군,삼산면 고산로 521,34.5212192,126.6093497
해남옥천우체국,전라남도,해남군,옥천면 해남로 395,34.5673422,126.6469346
해남우체국,전라남도,해남군,해남읍 중앙1로 70,34.5713716,126.6034557
해남화원우체국,전라남도,해남군,화원면 청용2길 7,34.6709084,126.3297087
해남황산우체국,전라남도,해남군,황산면 시등로 128,34.5757857,126.430339
현산우체국,전라남도,해남군,현산면 현산북평로 107,34.4580034,126.5536178
화산우체국,전라남도,해남군,화산면 해남화산로 1082,34.4901846,126.5164
금일우체국,전라남도,완도군,금일읍 금일로390번길 6,34.3491166,127.0291176
넙도출장소,전라남도,완도군,노화읍 넙도길 86,34.1961904,126.512492
노화우체국,전라남도,완도군,노화읍 노화로 839,34.1769316,126.5730437
소안우체국,전라남도,완도군,소안면 비자2길 14-1 (비자리),34.1729171,126.6516885
신지우체국,전라남도,완도군,신지면 대곡길 6-1,34.3342309,126.8278414
약산우체국,전라남도,완도군,약산면 약산로 370-1,34.3935458,126.8988411
약산우편취급국,전라남도,완도군,약산면 약산로 370-1 (장용리),34.3935458,126.8988411
완도개포우편취급국,전라남도,완도군,완도읍 개포로62번길 25,34.3177994,126.7471438
완도고금우체국,전라남도,완도군,고금면 고금동로2번길 18,34.3958554,126.8018364
완도군외우체국,전라남도,완도군,군외면 원동1길 59,34.390024,126.6486905
완도금당우체국,전라남도,완도군,금당면 차우길 22,34.42831,127.072956
완도보길우체국,전라남도,완도군,보길면 청별길 1 (부황리),34.1697315,126.5647927
완도생일우체국,전라남도,완도군,생일면 생일로 617,34.3354968,126.9954123
완도우체국,전라남도,완도군,완도읍 청해진남로23번길 3,34.3130556,126.7568147
완도죽청우편취급국,전라남도,완도군,완도읍 농공단지2길 35,34.3401417,126.7320924
청산도우체국,전라남도,완도군,청산면 청산로 1619-5,34.1810693,126.8574437
고군우체국,전라남도,진도군,고군면 오일시1길 33,34.501017,126.31325
군내우체국,전라남도,진도군,군내면 진도대로 7973 (군내우체국),34.5384635,126.2987773
의신우체국,전라남도,진도군,의신면 돈지1길 37-1,34.4402264,126.2811313
조도우체국,전라남도,진도군,조도면 창유2길 5,34.2976517,126.0468476
지산우체국,전라남도,진도군,지산면 인지인천1길 32,34.4250766,126.1677548
진도우체국,전라남도,진도군,진도읍 남동1길 63,34.4811131,126.2652864
진도임회우체국,전라남도,진도군,임회면 십일시길 47-3,34.4091203,126.1931653
간전우체국,전라남도,구례군,간전면 안음길 4,35.1778102,127.5435569
광의우체국,전라남도,구례군,광의면 구만제로 336-1,35.2603188,127.4408841
구례마산우체국,전라남도,구례군,마산면 화엄사로 137,35.2221346,127.486525
구례산동우체국,전라남도,구례군,산동면 원촌길 109,35.3154879,127.4388485
구례우체국,전라남도,구례군,구례읍 북교길 8,35.2100981,127.4637896
문척우체국,전라남도,구례군,문척면 수달생태로 271,35.1928073,127.4898366
용방우체국,전라남도,구례군,용방면 용방로 479,35.2511068,127.4309656
토지우체국,전라남도,구례군,토지면 섬진강대로 5042,35.1972657,127.526183
광양광영우체국,전라남도,광양시,금영로 125 (광영동),34.9618217,127.7194085
광양금호우체국,전라남도,광양시,폭포사랑길 99 (금호동),34.9403013,127.73225
광양목성우체국,전라남도,광양시,광양읍 매천로 889,34.9726181,127.5914952
광양성황동우체국,전라남도,광양시,지동길 31-9 (성황동),34.9395748,127.6819769
광양우체국,전라남도,광양시,시청로 47 (중동),34.9398743,127.6970986
광양진상우체국,전라남도,광양시,진상면 신시길 217,35.0195711,127.7192296
광양태인동우체국,전라남도,광양시,담안길 81 (태인동),34.9415833,127.7505436
다압우체국,전라남도,광양시,다압면 항동2길 11,35.1207846,127.6896164
봉강우체국,전라남도,광양시,봉강면 조양길 63,35.012472,127.5804136
옥곡우체국,전라남도,광양시,옥곡면 큰골1길 7,34.9874097,127.700972
옥룡우체국,전라남도,광양시,옥룡면 신재로 616,35.0163104,127.619158
진월우체국,전라남도,광양시,진월면 선소중앙길 48,34.9777453,127.7585794
겸백우체국,전라남도,보성군,겸백면 충의로 2472,34.8291593,127.1523525
노동우체국,전라남도,보성군,노동면 광곡길 16,34.797916,127.0703604
노동우편취급국,전라남도,보성군,노동면 광곡길 16 (광곡리),34.797916,127.0703604
문덕우체국,전라남도,보성군,문덕면 장운길 46,34.9292583,127.1717232
미력우체국,전라남도,보성군,미력면 우봉길 3,34.7990122,127.0873219
미력우편취급국,전라남도,보성군,미력면 우봉길 3 (도개리),34.7990122,127.0873219
벌교우체국,전라남도,보성군,벌교읍 채동선로 217,34.8426071,127.3437125
보성우체국,전라남도,보성군,보성읍 동산길 9,34.7694333,127.0806625
보성조성우체국,전라남도,보성군,조성면 조성로 127,34.8084053,127.2485315
복내우체국,전라남도,보성군,복내면 개기로 1658,34.8938195,127.1306029
예당우체국,전라남도,보성군,득량면 예당역전길 11,34.7793834,127.2017741
웅치우체국,전라남도,보성군,웅치면 일림로 1012,34.716262,127.0214149
율어우체국,전라남도,보성군,율어면 율어로 552-1,34.8701985,127.186116
회천우체국,전라남도,보성군,회천면 남부관광로 2293,34.6686222,127.0851124
고흥금산우체국,전라남도,고흥군,금산면 거금중앙길 88-4,34.4592794,127.1256141
고흥동일우체국,전라남도,고흥군,동일면 봉영로 1,34.503192,127.467838
고흥영남우체국,전라남도,고흥군,영남면 팔영로 1071 (우체국),34.6027332,127.4557547
고흥오천우편취급국,전라남도,고흥군,금산면 오천길 58,34.4357013,127.208525
고흥우체국,전라남도,고흥군,고흥읍 봉황길 5,34.6103297,127.2846455
고흥우체국 두원출장소,전라남도,고흥군,"두원면 두원로 484 (용산리, 중앙보건지소)",34.646453,127.2734035
고흥풍양우체국,전라남도,고흥군,풍양면 풍양로 12 (야막리),34.5747141,127.2417266
과역우체국,전라남도,고흥군,과역면 고흥로 2959,34.6773149,127.361304
나로도우체국,전라남도,고흥군,봉래면 축정2길 105,34.4639179,127.4544517
남양우체국,전라남도,고흥군,남양면 남양희망길 22,34.7286947,127.3401973
남양우편취급국,전라남도,고흥군,남양면 남양희망길 22 1층 (남양리),34.7286947,127.3401973
대서우체국,전라남도,고흥군,대서면 석장2길 13,34.7699112,127.2840877
도덕우체국,전라남도,고흥군,도덕면 고흥로 453,34.5654827,127.1732821
도양우체국,전라남도,고흥군,도양읍 녹동남촌2길 26,34.5289536,127.1371863
도화우체국,전라남도,고흥군,도화면 중심길 56,34.5120178,127.3205878
동강우체국,전라남도,고흥군,동강면 원유둔1길 29,34.7819436,127.3334992
소록우체국,전라남도,고흥군,도양읍 소록선창길 12-9 (소록리),34.5208288,127.1331206
점암우체국,전라남도,고흥군,점암면 모룡길 68 (우체국),34.6512277,127.3800106
포두우체국,전라남도,고흥군,포두면 우주로 613-1 (포두우체국),34.5701167,127.34135
영암우편집중국,전라남도,영암군,삼호읍 대불주거1로 124,34.7509488,126.4518785
순천집중과,전라남도,순천시,하대석길 9,34.9438291,127.5240647
경북지방우정청,대구광역시,동구,동촌로 1 (입석동),35.8923028,128.6442536
국채보상우체국,대구광역시,중구,동덕로 167 (동인동2가),35.8696999,128.6034497
남대구우체국,대구광역시,남구,중앙대로 200 (대명동),35.8506753,128.5910014
대구대명9동우편취급국,대구광역시,남구,자유1길 5 (대명동),35.8408475,128.5834875
대구대명동우체국,대구광역시,남구,현충로 163 (대명동),35.8474431,128.5797761
대구대봉동우체국,대구광역시,중구,대봉로 224 (대봉동),35.8585783,128.6016254
대구동덕우편취급국,대구광역시,중구,동덕로 130 (삼덕동2가),35.8662525,128.604703
대구동산의료원우체국,대구광역시,중구,달성로 56 (동산동),35.8694728,128.5831323
대구명덕우체국,대구광역시,중구,중앙대로 265 (남산동),35.8573414,128.5901853
대구반월당우체국,대구광역시,중구,달구벌대로 2141 (삼덕동1가),35.8649835,128.598034
대구봉덕1동우편취급국,대구광역시,남구,봉덕로 61 (봉덕동),35.8452516,128.5976386
대구봉덕동우체국,대구광역시,남구,중앙대로22길 269 (봉덕동),35.8417974,128.6054947
대구안지랑우체국,대구광역시,남구,대명로 79 (대명동),35.8396341,128.5662436
대구우체국,대구광역시,중구,경상감영길 80 (포정동),35.871451,128.59187
대구공산우체국,대구광역시,동구,팔공로 1017 (백안동),35.9543993,128.6897958
대구동호동우체국,대구광역시,동구,동호로 63 (동호동),35.8659069,128.7239801
대구방촌동우체국,대구광역시,동구,동촌로 242 다산빌딩 202호 (방촌동),35.8807501,128.6661604
대구불로봉무동우체국,대구광역시,동구,팔공로47길 22 (봉무동),35.9201649,128.6385863
대구서호모란우편취급국,대구광역시,동구,"율하동로20길 30 (신기동,모란2차아파트)",35.8673391,128.7056996
대구신암2동우체국,대구광역시,동구,신암로 76 (신암동),35.8780941,128.6089367
대구신암4동우체국,대구광역시,동구,아양로 106 (신암동),35.8838002,128.6255236
대구신천3동우편취급국,대구광역시,동구,동부로 76 (신천동),35.8751098,128.6206918
대구신천4동우체국,대구광역시,동구,동부로30길 12-1 (신천동),35.8762107,128.6282601
대구신천동우체국,대구광역시,동구,송라로 11 (신천동),35.8687093,128.6190588
대구안심우체국,대구광역시,동구,경안로 780 (동호동),35.8716259,128.7139364
대구율하동우체국,대구광역시,동구,안심로16길 49 (율하동),35.863639,128.6933956
대구팔공우편취급국,대구광역시,동구,"동화천로 372, 팔공새마을금고 팔공지점",35.9440597,128.6292859
대구효목동우체국,대구광역시,동구,화랑로25길 13 (효목동),35.8754145,128.6402873
동대구우체국,대구광역시,동구,동촌로 1 (입석동),35.8923028,128.6442536
제304군사우편출장소,대구광역시,동구,아양로 352 (입석동),35.8948538,128.6461479
대구우편집중국,대구광역시,북구,유통단지로 115 (산격동),35.910332,128.614675
경북대학교우편취급국,대구광역시,북구,"대학로 80 (산격동,경북대학교)",35.8905477,128.6121117
대구고성동우체국,대구광역시,북구,원대로 60 (고성동3가),35.882645,128.581462
대구노원동우체국,대구광역시,북구,팔달로 195 (노원동2가),35.8885671,128.5714076
대구동천동우체국,대구광역시,북구,동천로 3 (동천동),35.9320478,128.558061
대구무태우편취급국,대구광역시,북구,호국로51길 45-6 (서변동),35.9251961,128.5937998
대구복현동우체국,대구광역시,북구,경진로 5 (복현동),35.8958836,128.61388
대구산격동우체국,대구광역시,북구,연암로 42 (산격동),35.8909086,128.5987655
대구서변동우체국,대구광역시,북구,호국로43길 17 (서변동),35.9208841,128.5971441
대구읍내동우체국,대구광역시,북구,구암로15길 16 (읍내동),35.9340255,128.5497585
대구제3공단우편취급국,대구광역시,북구,노원로25길 23 (노원동3가),35.8986157,128.5730787
대구종합유통단지우체국,대구광역시,북구,"유통단지로 115, 1층 (산격동,대구우편집중국)",35.910332,128.614675
대구칠곡우체국,대구광역시,북구,칠곡중앙대로 577 (읍내동),35.9472791,128.5510879
대구침산2동우편취급국,대구광역시,북구,"성북로 70, 상가 111호 (침산동, 침산화성파크드림)",35.8913503,128.5924049
대구태전동우체국,대구광역시,북구,매전로 74 (태전동),35.9122822,128.54686
북대구우체국,대구광역시,북구,구암로65길 38 (구암동),35.9415161,128.5657674
제79군사우체국,대구광역시,북구,호국로 780 (학정동),35.9708382,128.5828329
대구대평리우편취급국,대구광역시,서구,서대구로42길 42 (평리동),35.8769986,128.5594712
대구비산7동우체국,대구광역시,서구,서대구로 358 (비산동),35.8884109,128.5606403
대구비산동우체국,대구광역시,서구,달서로 157 (비산동),35.8762957,128.5708719
대구서문우체국,대구광역시,서구,큰장로 101 (내당동),35.8679601,128.5771207
대구염색공단우편취급국,대구광역시,서구,염색공단로 17 (비산동),35.88827,128.5538881
대구중리동우체국,대구광역시,서구,평리로 148 (중리동),35.8585413,128.5406316
대구평리1동우편취급국,대구광역시,서구,북비산로 311 (평리동),35.8796903,128.5673863
대구평리3동우체국,대구광역시,서구,국채보상로 279 (평리동),35.8718884,128.5614309
서대구우체국,대구광역시,서구,서대구로 97 (평리동),35.8668208,128.5551864
대구감삼동우체국,대구광역시,달서구,달구벌대로 1578-11 (감삼동),35.8503973,128.5399287
대구강창우체국,대구광역시,달서구,호산로 124 (호산동),35.8508478,128.478288
대구다사우체국,대구광역시,달성군,다사읍 왕선로 39,35.8629364,128.4641191
대구달서우체국,대구광역시,달서구,학산로 65 (월성동),35.830675,128.5343625
대구도원동우체국,대구광역시,달서구,도원로 6 (도원동),35.809158,128.535625
대구두류동우체국,대구광역시,달서구,성당로 247 (두류동),35.8542988,128.5736727
대구명곡우체국,대구광역시,달성군,화원읍 화암로 76,35.7976517,128.4970006
대구본리동우체국,대구광역시,달서구,당산로 36 (본리동),35.8406377,128.5451217
대구삼익신협우편취급국,대구광역시,달서구,달구벌대로 1862 (두류동),35.860768,128.5686587
대구상인1동우체국,대구광역시,달서구,상인서로10길 6-4 (상인동),35.8141597,128.5451761
대구상인3동우편취급국,대구광역시,달서구,상인로 9 (상인동),35.8090211,128.5513089
대구상인동우체국,대구광역시,달서구,송현로 47 (상인동),35.8226598,128.5467636
대구성서3동우편취급국,대구광역시,달서구,성서로72길 97-10 (이곡동),35.8498285,128.5131156
대구성서공단우체국,대구광역시,달서구,성서공단로 118 (월암동),35.8348152,128.4956125
대구성서우체국,대구광역시,달서구,성서로 406 (이곡동),35.8537512,128.5077248
대구신당동우체국,대구광역시,달서구,선원로 58 (신당동),35.8589544,128.4985737
대구용산동우체국,대구광역시,달서구,용산로 214 (용산동),35.8566689,128.530908
대구월배우체국,대구광역시,달서구,상원로 97 (진천동),35.8175039,128.5321825
대구장기동우체국,대구광역시,달서구,장기로 273 (장기동),35.8433183,128.530286
대구지법서부지원출장소,대구광역시,달서구,장산남로 30 (용산동),35.8530719,128.5275549
대구진천동우체국,대구광역시,달서구,월배로 32 (진천동),35.8123784,128.518462
대구하빈우체국,대구광역시,달성군,하빈면 하빈로90길 1,35.9029722,128.4459136
대구하빈우편취급국,대구광역시,달성군,하빈면 하빈로 424 (현내리),35.9015418,128.4454027
대구화원우체국,대구광역시,달성군,화원읍 비슬로 2589,35.804242,128.499675
성서계명대학교우편취급국,대구광역시,달서구,"달구벌대로 1095 (신당동,계명대학교성서캠퍼스)",35.8559056,128.484579
대구가창우체국,대구광역시,달성군,가창면 가창로216길 1,35.8014416,128.6228087
대구고산우체국,대구광역시,수성구,달구벌대로 3070 (시지동),35.8426694,128.6927272
대구대동우편취급국,대구광역시,수성구,범어로 76 (범어동),35.8560743,128.635718
대구만촌1동우체국,대구광역시,수성구,국채보상로 1075 (만촌동),35.8688865,128.6467699
대구범물동우체국,대구광역시,수성구,범안로16길 6 (범물동),35.8177754,128.6462784
대구범어2동우체국,대구광역시,수성구,달구벌대로 2465 (범어동),35.8590866,128.6323146
대구범어3동우체국,대구광역시,수성구,"동대구로 401 (범어동, 삼성화재빌딩 1층)",35.8663159,128.626255
대구범어우방우편취급국,대구광역시,수성구,"동대구로 222, 상가 1층 5호 (범어동)",35.8501672,128.6255171
대구법원우체국,대구광역시,수성구,동대구로 364 (범어동),35.8623331,128.6292878
대구삼남우편취급국,대구광역시,수성구,무학로33길 1 (지산동),35.8307309,128.6277246
대구상동우체국,대구광역시,수성구,수성로 82 (상동),35.8327952,128.6115369
대구수성우체국,대구광역시,수성구,달구벌대로 2320 (수성동2가),35.8593128,128.6158624
대구신매동우체국,대구광역시,수성구,달구벌대로 3182 (신매동),35.8405595,128.7045899
대구중동우체국,대구광역시,수성구,들안로 137 (중동),35.8422342,128.6164209
대구지산동우체국,대구광역시,수성구,지범로 149 (지산동),35.8233912,128.6367519
대구파동우체국,대구광역시,수성구,파동로 59 (파동),35.8095057,128.6191653
대구황금동우체국,대구광역시,수성구,청수로 243 (황금동),35.8410134,128.6345159
수성대학교우편취급국,대구광역시,수성구,달구벌대로528길 15 (만촌동),35.853323,128.6482213
제134군사우편출장소,대구광역시,수성구,달구벌대로568길 40 (이천동),35.8434936,128.6553073
제503군사우편출장소,대구광역시,수성구,무열로 56 (만촌동),35.8631979,128.65123
제96군사우편출장소,대구광역시,수성구,달구벌대로 2903 사서함 96 (가천동),35.8452291,128.6800784
경산가야우편취급국,경상북도,경산시,진량읍 봉황길 27,35.8846997,128.8208696
경산남부우편취급국,경상북도,경산시,경안로 76 (신교동),35.8143044,128.7390742
경산남산우체국,경상북도,경산시,남산면 하남로 325,35.792942,128.8374062
경산남천우편취급국,경상북도,경산시,남천면 남천로 469 (삼성리),35.7668293,128.7269291
경산대구대학교우편취급국,경상북도,경산시,진량읍 대구대로 201 (대구대학교경산캠퍼스),35.901049,128.8491
경산대동우편취급국,경상북도,경산시,대동안길 2 (대동),35.8379321,128.7505875
경산서상동우체국,경상북도,경산시,경안로29길 34 (서상동),35.8205113,128.7342119
경산압량우체국,경상북도,경산시,압량면 부적길 35-4,35.8429423,128.7596496
경산옥곡동우체국,경상북도,경산시,경산로 55 (옥곡동),35.8139761,128.7317847
경산옥산동우체국,경상북도,경산시,성암로5길 4 (옥산동),35.822814,128.7205954
경산와촌우체국,경상북도,경산시,와촌면 금송로 410,35.945635,128.836063
경산용성우체국,경상북도,경산시,용성면 용성당리1길 1,35.7931841,128.8754408
경산우방우편취급국,경상북도,경산시,대학로12길 9 (정평동),35.8330598,128.7293646
경산우체국,경상북도,경산시,백자로 130 (사동),35.816358,128.759138
경산자인우체국,경상북도,경산시,자인면 일연로 90,35.8207985,128.8219101
경산중방동우체국,경상북도,경산시,경안로 216 (중방동),35.8268,128.736825
경산중산우편취급국,경상북도,경산시,경산로 261 (중산동),35.8310751,128.7230277
경산진량공단우체국,경상북도,경산시,진량읍 공단4로 153-14,35.8710889,128.8267847
경산진량우체국,경상북도,경산시,진량읍 대학로 1057,35.8758187,128.8116004
경산하양우체국,경상북도,경산시,하양읍 하양로 100,35.913067,128.8185866
경일대학교우편취급국,경상북도,경산시,하양읍 가마실길 50,35.90729,128.801112
대구가톨릭대학교우편취급국,경상북도,경산시,하양읍 하양로 13-13 (대구가톨릭대학교),35.9108879,128.8077811
대구한의대학교우편취급국,경상북도,경산시,한의대로 1 (유곡동),35.7950097,128.7754765
영남대학교우편취급국,경상북도,경산시,"대학로 280 (대동,영남대학교)",35.8325351,128.7575093
구미고아원호우체국,경상북도,구미시,고아읍 문장로 180,36.1493321,128.3311625
구미공단우체국,경상북도,구미시,1공단로7길 86-19 (공단동),36.1098904,128.3795375
구미관심리우편취급국,경상북도,구미시,고아읍 선산대로 1014 (관심리),36.2125518,128.3257575
구미구평동우체국,경상북도,구미시,인동43길 3 (구평동),36.0937398,128.436798
구미낙계우편취급국,경상북도,구미시,"1공단로 182, 금오빌딩 (공단동)",36.1018121,128.3828755
구미도개우체국,경상북도,구미시,도개면 도안로 96,36.299225,128.331925
구미도량동우체국,경상북도,구미시,송동로 127 (도량동),36.1441237,128.322325
구미무을우체국,경상북도,구미시,무을면 상무로 996,36.2601583,128.1987125
구미봉곡동우체국,경상북도,구미시,봉곡로 143 (봉곡동),36.1515407,128.3103584
구미산동우체국,경상북도,구미시,산동읍 강동로 1000 (적림리),36.1683034,128.4379296
구미상모동우체국,경상북도,구미시,상모로 74 (상모동),36.09026,128.3581528
구미선산우체국,경상북도,구미시,선산읍 남문로 31,36.2404955,128.3016235
구미신평우편취급국,경상북도,구미시,구미대로 399 (신평동),36.1224863,128.3625115
구미양포동우체국,경상북도,구미시,산호대로35길 10 (옥계동),36.1372117,128.4254476
구미옥성우체국,경상북도,구미시,옥성면 주아1길 14,36.2958935,128.2778145
구미우체국,경상북도,구미시,송원서로 6 (송정동),36.1184404,128.343125
구미원평동우체국,경상북도,구미시,구미중앙로11길 9 (원평동),36.1301967,128.3304843
구미인동우체국,경상북도,구미시,인동중앙로 11 (인의동),36.1066273,128.4203322
구미장천우체국,경상북도,구미시,장천면 강동로 143,36.1226487,128.496525
구미해평우체국,경상북도,구미시,해평면 강동로 1662,36.198768,128.391562
구미형곡동우체국,경상북도,구미시,형곡로17길 19 (형곡동),36.1133987,128.3342375
구미황상우편취급국,경상북도,구미시,"수출대로31길 91, 한일상가 (황상동)",36.1177147,128.4278269
가톨릭상지대학우편취급국,경상북도,안동시,상지길 45 (율세동),36.5696263,128.7361091
경북도청출장소,경상북도,안동시,"풍천면 도청대로 455 (갈전리, 경상북도청)",36.5759477,128.5056462
안동강남동우체국,경상북도,안동시,강남5길 22 (정하동),36.5509594,128.7349048
안동길안우체국,경상북도,안동시,길안면 천지길 38,36.458406,128.891567
안동남선우체국,경상북도,안동시,남선면 충효로 3850,36.5264795,128.7711485
안동남후우체국,경상북도,안동시,남후면 무릉길 105,36.5219479,128.6903432
안동녹전우체국,경상북도,안동시,녹전면 녹전로 725,36.743295,128.7732402
안동대학교우편취급국,경상북도,안동시,"경동로 1375 (송천동,안동대학교)",36.5422432,128.7971386
안동도산우체국,경상북도,안동시,도산면 청계길 8,36.7477163,128.8331839
안동북후우체국,경상북도,안동시,북후면 북평로 845,36.6826005,128.7007614
안동삼산동우체국,경상북도,안동시,중앙로 47 (삼산동),36.5654478,128.7318004
안동서후우체국,경상북도,안동시,서후면 학가산온천길 377,36.6163202,128.6634736
안동신안동우편취급국,경상북도,안동시,"퇴계로 155 (신안동,상일금탑맨션 상가)",36.5711631,128.7320064
안동예안우체국,경상북도,안동시,예안면 오리실길 14,36.6619126,128.8834852
안동옥동우체국,경상북도,안동시,옥서1길 50 (옥동),36.5614157,128.6949696
안동와룡우체국,경상북도,안동시,와룡면 퇴계로 833,36.6170573,128.7669221
안동용상동우체국,경상북도,안동시,경동로 935-2 (용상동),36.5557102,128.7573041
안동우체국,경상북도,안동시,경동로 560 (당북동),36.5632583,128.7188625
안동우체국임동출장소,경상북도,안동시,임동면 편항1길 22,36.5691421,128.9186377
안동일직우체국,경상북도,안동시,일직면 중앙통길 31,36.4739596,128.6576625
안동임하우체국,경상북도,안동시,임하면 충효로 3258,36.5248072,128.8305686
안동풍산우체국,경상북도,안동시,풍산읍 풍산중앙길 119,36.5792003,128.5739993
하회마을우체국,경상북도,안동시,풍천면 지풍로 1468,36.5555563,128.5061964
경주감포우체국,경상북도,경주시,감포읍 감포로3길 27,35.80275,129.502825
경주강동우체국,경상북도,경주시,강동면 강동로 8-3,35.9880482,129.2747523
경주건천우체국,경상북도,경주시,건천읍 내서로 1088,35.8511481,129.1012048
경주내남우체국,경상북도,경주시,내남면 이조1길 3,35.7506877,129.1975362
경주대학교우편취급국,경상북도,경주시,태종로 188 (효현동),35.8294,129.16305
경주동천동우체국,경상북도,경주시,양정로 278 (동천동),35.8575116,129.2243836
경주보문우체국,경상북도,경주시,경감로 587-12 (천군동),35.8351904,129.287
경주산내우체국,경상북도,경주시,산내면 의곡2길 17,35.7568257,129.0472751
경주서면우체국,경상북도,경주시,서면 내서로 414-1,35.8939987,129.0488
경주성건동우체국,경상북도,경주시,봉황로 149 (성건동),35.852825,129.2098696
경주안강우체국,경상북도,경주시,안강읍 안강중앙로 243,35.9920423,129.2267475
경주양남우체국,경상북도,경주시,양남면 하서중앙길 39,35.6745304,129.4630108
경주외동우체국,경상북도,경주시,외동읍 입실로 85,35.7160198,129.3237003
경주용강동우체국,경상북도,경주시,다불로 5-4 (용강동),35.8771099,129.2280863
경주우체국,경상북도,경주시,화랑로 136 (황오동),35.8442092,129.2157318
경주위덕대학교우편취급국,경상북도,경주시,강동면 동해대로 261,36.0126541,129.2837978
경주중부동우체국,경상북도,경주시,동성로 48-1 (성건동),35.8433841,129.2056203
경주천북우체국,경상북도,경주시,천북면 천북로 388,35.8945808,129.2715001
경주현곡우체국,경상북도,경주시,현곡면 용담로 177 우남시티빌101호(금장리 447),35.8669903,129.2030323
경주황성동우체국,경상북도,경주시,황성로 37 (황성동),35.8662716,129.2150756
문무대왕우체국,경상북도,경주시,문무대왕면 어일중앙길 9,35.7915037,129.4413448
불국사우체국,경상북도,경주시,불국신택지5길 11 (진현동),35.7844891,129.3270842
북포항우체국,경상북도,포항시,북구 불종로 43 (신흥동),36.0387594,129.3643718
제209군사우체국,경상북도,포항시,남구 오천읍 충무로 70,35.9751779,129.4183025
포항구룡포우체국,경상북도,포항시,남구 구룡포읍 호미로 267,35.9909242,129.5595817
포항기계우체국,경상북도,포항시,북구 기계면 기계로 87 (현내리),36.0699325,129.2068828
포항기북우체국,경상북도,포항시,북구 기북면 기북로 436,36.1278005,129.1666032
포항대도동우체국,경상북도,포항시,남구 상공로 130 (대도동),36.0188219,129.3618059
포항대이동우체국,경상북도,포항시,남구 대이로41번길 18 (대잠동),36.0184245,129.340231
포항동해우체국,경상북도,포항시,남구 동해면 일월로 46 (도구리),35.9885859,129.4380496
포항득량동우편취급국,경상북도,포항시,북구 양학로 41 (득량동),36.0271697,129.3493057
포항법원우편취급국,경상북도,포항시,북구 법원로 181 (양덕동),36.0919166,129.3888393
포항상옥우편취급국,경상북도,포항시,북구 죽장면 죽장로 1831,36.2475614,129.214159
포항송도동우체국,경상북도,포항시,남구 송림로 5 (송도동),36.0301556,129.3759999
포항송라우체국,경상북도,포항시,북구 송라면 보경로 37,36.2283092,129.3585822
포항신광우체국,경상북도,포항시,북구 신광면 토성길 19,36.1284856,129.2607319
포항연일우체국,경상북도,포항시,남구 연일읍 연일로159번길 9,35.9968158,129.344906
포항오천우체국,경상북도,포항시,"남구 오천읍 세계길 10,(문덕리)",35.9630172,129.4154471
포항용흥동우편취급국,경상북도,포항시,북구 새마을로 98 (용흥동),36.0415066,129.3500828
포항우목우체국,경상북도,포항시,북구 흥해읍 죽천길213번길 16,36.0973598,129.4281969
포항우체국,경상북도,포항시,남구 중흥로 66 (상도동),36.0111938,129.3491854
포항월포우체국,경상북도,포항시,북구 청하면 월포로160번길 14,36.2024296,129.3692945
포항장기우체국,경상북도,포항시,남구 장기면 읍내길 95,35.89551,129.4927919
포항장량동우체국,경상북도,포항시,"북구 양덕남로8번길 3 (장성동,우체국)",36.0773506,129.3934347
포항죽장우체국,경상북도,포항시,북구 죽장면 새마을로 3609,36.1606545,129.0951465
포항창포동우체국,경상북도,포항시,북구 새천년대로 1103 (창포동),36.0673107,129.3716607
포항청림동우편취급국,경상북도,포항시,남구 청림서길 17-6 (청림동),35.9959723,129.4114262
포항청하우체국,경상북도,포항시,북구 청하면 청하로217번길 12,36.1990128,129.3389849
포항한동대학교우편취급국,경상북도,포항시,북구 흥해읍 한동로 558,36.1036575,129.3881109
포항항구동우체국,경상북도,포항시,북구 삼호로 187 (항구동),36.055327,129.3763619
포항호미곶우체국,경상북도,포항시,남구 호미곶면 해맞이로 195-1,36.0785016,129.5599529
포항효곡동우체국,경상북도,포항시,남구 지곡로212번길 49 (지곡동),36.029698,129.3255973
포항흥해우체국,경상북도,포항시,북구 흥해읍 흥해로 54-8,36.1094473,129.3476492
달성공단우체국,대구광역시,달성군,논공읍 논공중앙로33길 9,35.730489,128.4527099
달성구지우체국,대구광역시,달성군,구지면 창리로11길 18,35.6578316,128.4131336
달성논공우체국,대구광역시,달성군,논공읍 비슬로366길 3,35.7759728,128.4253375
달성옥포우체국,대구광역시,달성군,옥포읍 비슬로 2302 (기세리),35.7907563,128.4729641
달성우체국,대구광역시,달성군,현풍읍 비슬로130길 7 (원교리),35.6946989,128.4399436
달성유가우체국,대구광역시,달성군,유가읍 비슬로64길 52-4 (유곡리),35.672891,128.4490249
청도각남우체국,경상북도,청도군,각남면 각남로 89,35.6433221,128.6602951
청도각북우체국,경상북도,청도군,각북면 헐티로 806,35.687893,128.590213
청도고수리우편취급국,경상북도,청도군,청도읍 청화로 201 (고수리),35.6412002,128.7463381
청도금천우체국,경상북도,청도군,금천면 선암로 612,35.6903734,128.8929914
청도매전우체국,경상북도,청도군,매전면 청려로 3689,35.6667036,128.8552004
청도우체국,경상북도,청도군,청도읍 고수뒷길 52,35.6425425,128.7414694
청도운문우체국,경상북도,청도군,운문면 청려로 4725,35.716612,128.9148511
청도유천우체국,경상북도,청도군,청도읍 유천길 73,35.5710583,128.7691688
청도이서우체국,경상북도,청도군,이서면 학산1길 8,35.6619452,128.6714033
청도풍각우체국,경상북도,청도군,풍각면 헐티로 233,35.6412902,128.6156938
청도화양우체국,경상북도,청도군,화양읍 도주관로 151,35.6488729,128.7056555
군위부계우체국,대구광역시,군위군,부계면 창평길 5 (창평리),36.1004377,128.663863
군위산성우체국,대구광역시,군위군,산성면 산성가음로 684 (화본리),36.1244054,128.6950329
군위소보우체국,대구광역시,군위군,소보면 송원3길 31 (송원리),36.256192,128.478825
군위우보우체국,대구광역시,군위군,우보면 이화길 113 (이화리),36.1948598,128.6627862
군위우체국,대구광역시,군위군,군위읍 중앙길 82 (서부리),36.2355766,128.5667442
군위의흥우체국,대구광역시,군위군,의흥면 읍내2길 4 (읍내리),36.1755958,128.7153569
군위효령우체국,대구광역시,군위군,효령면 치산효령로 2407 (중구리),36.156587,128.5843448
삼국유사우체국,대구광역시,군위군,삼국유사면 삼국유사로 28 (화수리),36.1274668,128.7575688
고령개진우체국,경상북도,고령군,개진면 개경포로 955,35.7048859,128.3872968
고령다산우체국,경상북도,고령군,다산면 상곡길 73,35.8269667,128.4497875
고령덕곡우편취급국,경상북도,고령군,덕곡면 덕운로 821,35.792582,128.2121749
고령성산우체국,경상북도,고령군,성산면 성산로 902-4,35.74941,128.360463
고령쌍림우체국,경상북도,고령군,쌍림면 대가야로 608,35.6791963,128.2422529
고령우곡우체국,경상북도,고령군,우곡면 도진3길 7,35.677943,128.34045
고령우체국,경상북도,고령군,대가야읍 중앙로 1-1,35.7303713,128.2675991
고령운수우체국,경상북도,고령군,운수면 잣밭길 7,35.769275,128.290825
왜관산업단지우체국,경상북도,칠곡군,왜관읍 공단로4길 18-26,35.966305,128.417031
칠곡가산우체국,경상북도,칠곡군,가산면 경북대로 1566,36.0855686,128.5388055
칠곡기산출장소,경상북도,칠곡군,기산면 대밭골1길 14,35.9874527,128.3744944
칠곡동명우체국,경상북도,칠곡군,동명면 금암중앙길 54,35.9836199,128.5534843
칠곡북삼우체국,경상북도,칠곡군,북삼읍 인평중앙로 38,36.0628559,128.3438
칠곡석적우체국,경상북도,칠곡군,석적읍 남중리6길 8,36.0744751,128.4119426
칠곡약목우체국,경상북도,칠곡군,약목면 약목로 109,36.0358827,128.3640289
칠곡왜관리우편취급국,경상북도,칠곡군,왜관읍 중앙로 183,35.991301,128.399125
칠곡우체국,경상북도,칠곡군,왜관읍 2번도로길 86,35.9952588,128.3976643
칠곡지천우체국,경상북도,칠곡군,지천면 신동로7길 22,35.9561218,128.4878261
성주가천우체국,경상북도,성주군,가천면 창금로 311,35.8855268,128.1628761
성주금수우체국,경상북도,성주군,금수면 성주로 1900,35.9182759,128.176926
성주대가우체국,경상북도,성주군,대가면 여실길 5,35.910707,128.230012
성주벽진우체국,경상북도,성주군,벽진면 벽봉로 59,35.950918,128.213838
성주선남우체국,경상북도,성주군,선남면 관화길 83-1,35.901982,128.351763
성주수륜우체국,경상북도,성주군,수륜면 신파1길 10-7,35.832525,128.192038
성주용암우체국,경상북도,성주군,용암면 운용로 1024,35.8355144,128.3374629
성주우체국,경상북도,성주군,성주읍 성주로 3210,35.9184951,128.2846231
성주월항우체국,경상북도,성주군,월항면 주산로 370,35.9478336,128.3186632
성주초전우체국,경상북도,성주군,초전면 대장1길 28,35.9720376,128.263169
김천감문우체국,경상북도,김천시,감문면 감문로 1125-3,36.2158384,128.1876549
김천개령우체국,경상북도,김천시,개령면 동부길 52-5,36.1671382,128.1874338
김천구성우체국,경상북도,김천시,구성면 남김천대로 2375-1,36.0315094,128.0460393
김천금산동우편취급국,경상북도,김천시,대학로 106 (교동),36.1365502,128.0930318
김천남면우체국,경상북도,김천시,남면 농남로 496-1,36.0949068,128.2195839
김천농소우체국,경상북도,김천시,농소면 농남로 54,36.1050437,128.1732522
김천대덕우체국,경상북도,김천시,대덕면 남김천대로 726,35.9176288,127.9694552
김천봉산우체국,경상북도,김천시,봉산면 덕천2길 4,36.1339071,128.0390926
김천부곡동우체국,경상북도,김천시,부곡맛고을1길 121 (부곡동),36.1241808,128.0955045
김천부항우체국,경상북도,김천시,부항면 부항로 993,35.9862892,127.9406372
김천신음동우체국,경상북도,김천시,신음새동네길 60 (신음동),36.1335971,128.1204269
김천아포우체국,경상북도,김천시,아포읍 한지2길 2,36.1590758,128.2592781
김천어모우체국,경상북도,김천시,어모면 어모로 254,36.178551,128.1182758
김천역전우체국,경상북도,김천시,김천로 80 (평화동),36.1250727,128.111253
김천우체국,경상북도,김천시,중앙시장3길 22 (모암동),36.1184849,128.1255767
김천조마우체국,경상북도,김천시,조마면 강곡1길 61,36.0354211,128.1003527
김천증산우체국,경상북도,김천시,증산면 증산1로 12,35.9007031,128.0375815
김천지례우체국,경상북도,김천시,지례면 장터길 14,35.98601,128.028012
김천혁신도시우체국,경상북도,김천시,"혁신로 274, 1층 (율곡동, 우정사업조달센터)",36.1249996,128.1820072
직지사우체국,경상북도,김천시,대항면 황악로 1446,36.1147394,128.0181832
상주계림우편취급국,경상북도,상주시,상산로 334 (냉림동),36.420664,128.1592705
상주공검우편취급국,경상북도,상주시,공검면 양정1길 47 (양정리),36.5118047,128.1579068
상주공성우체국,경상북도,상주시,공성면 공성중앙로 29,36.2819199,128.0920629
상주낙동우체국,경상북도,상주시,낙동면 영남제일로 89-1,36.3632389,128.2978536
상주내서우편취급국,경상북도,상주시,내서면 낙서1길 62 (낙서리),36.4014044,128.0269197
상주모동우체국,경상북도,상주시,모동면 용호1길 19,36.3186625,127.960087
상주모서우체국,경상북도,상주시,모서면 백화로 1374,36.3417753,127.9592213
상주사벌우체국,경상북도,상주시,사벌면 덕담1길 88,36.4692449,128.2113887
상주상촌우체국,경상북도,상주시,낙동면 상촌1길 34,36.3751443,128.2486223
상주상촌우편취급국,경상북도,상주시,낙동면 장천로 460 (상촌리),36.3747987,128.2478625
상주외남우체국,경상북도,상주시,외남면 청동로 1,36.3582312,128.0906309
상주외남우편취급국,경상북도,상주시,외남면 청동로 1 (신상리),36.3582312,128.0906309
상주외서우체국,경상북도,상주시,외서면 가곡1길 9,36.4788709,128.107726
상주우체국,경상북도,상주시,중앙로 227 (성하동),36.416049,128.163425
상주은척우체국,경상북도,상주시,은척면 봉중1길 19,36.532308,128.072925
상주이안우체국,경상북도,상주시,이안면 무운로 1485,36.5755099,128.1476764
상주중동우체국,경상북도,상주시,중동면 오상1길 16,36.427126,128.268563
상주청리우체국,경상북도,상주시,청리면 청리중앙로 143,36.339365,128.1294
상주함창우체국,경상북도,상주시,함창읍 함창중앙로 109,36.5689113,128.1766593
상주화동우체국,경상북도,상주시,화동면 이소1길 36-3,36.3887647,127.9542025
상주화북우체국,경상북도,상주시,화북면 문장로 1713 (용유리),36.5615243,127.9193966
상주화서우체국,경상북도,상주시,화서면 화령북2길 5,36.4456156,127.9502968
문경가은우체국,경상북도,문경시,가은읍 대야로 2492,36.6453432,128.0622163
문경농암우체국,경상북도,문경시,농암면 청암2길 10-3,36.5972798,128.0026876
문경동로우체국,경상북도,문경시,동로면 노은2길 18,36.7699321,128.3150028
문경마성우체국,경상북도,문경시,마성면 모곡2길 5,36.6929722,128.1165615
문경모전동우체국,경상북도,문경시,중앙로 21 (모전동),36.5885674,128.1932822
문경산북우체국,경상북도,문경시,산북면 금천로 587,36.6563404,128.25905
문경산양우체국,경상북도,문경시,산양면 불암2길 26,36.6130914,128.2579128
문경새재우체국,경상북도,문경시,문경읍 문희로 9,36.7332266,128.1080749
문경신기동우체국,경상북도,문경시,양달마길 3 (신기동),36.6410153,128.1688665
문경영순우체국,경상북도,문경시,영순면 영순로 279,36.579317,128.23665
문경우체국,경상북도,문경시,중앙8길 11 (점촌동),36.5957836,128.2013062
문경호계우체국,경상북도,문경시,호계면 막곡길 10,36.6335553,128.2059547
영주단산우체국,경상북도,영주시,단산면 아호로 31,36.9501144,128.6182922
영주문수우체국,경상북도,영주시,문수면 문수로1363번길 25,36.7708792,128.6299303
영주봉현우체국,경상북도,영주시,봉현면 노좌로 20,36.7940747,128.5013788
영주부석우체국,경상북도,영주시,부석면 부석로 65-1,36.9797888,128.6553392
영주순흥우체국,경상북도,영주시,순흥면 순흥로55번길 8 (읍내리),36.9145292,128.5753113
영주안정우체국,경상북도,영주시,안정면 용주로 1409,36.8460933,128.5552902
영주우체국,경상북도,영주시,중앙로 49 (영주동),36.8210745,128.6215981
영주이산우체국,경상북도,영주시,이산면 이산로 639,36.8345555,128.6967896
영주장수우체국,경상북도,영주시,장수면 장수로 46,36.7748667,128.5782125
영주평은우체국,경상북도,영주시,평은면 평은로903 (평은리),36.7622494,128.6907161
영주풍기우체국,경상북도,영주시,풍기읍 기주로 100,36.8704489,128.5250799
영주하망동우체국,경상북도,영주시,중앙로 132 (하망동),36.8269852,128.6262605
영주휴천동우체국,경상북도,영주시,선비로 55 (휴천동),36.8100333,128.624175
봉화명호우체국,경상북도,봉화군,명호면 양지마을길 7-12,36.8588786,128.8972919
봉화물야우체국,경상북도,봉화군,물야면 문수로 986,36.974766,128.7364566
봉화법전우체국,경상북도,봉화군,법전면 법전로 99,36.9112321,128.8766144
봉화봉성우체국,경상북도,봉화군,봉성면 봉명로 558,36.8840299,128.8156955
봉화상운우체국,경상북도,봉화군,상운면 예봉로 1290,36.8342679,128.7560921
봉화석포우체국,경상북도,봉화군,석포면 석포로1길 54,37.0481754,129.0656724
봉화소천우체국,경상북도,봉화군,소천면 소천로 1269-5,36.9395385,129.002086
봉화우체국,경상북도,봉화군,봉화읍 봉화로 1158,36.8907123,128.7366434
봉화재산우체국,경상북도,봉화군,재산면 재산로 521,36.8175459,128.9628046
봉화춘양우체국,경상북도,봉화군,춘양면 춘양로 175,36.936778,128.9164293
예천감천우체국,경상북도,예천군,감천면 포리2길 16-7,36.7223092,128.5286339
예천보문우체국,경상북도,예천군,보문면 미호길 136,36.6643997,128.5116024
예천용궁우체국,경상북도,예천군,용궁면 용궁로 86,36.6072396,128.274428
예천용문우체국,경상북도,예천군,용문면 상금시장길 6-6,36.6889615,128.4087463
예천우체국,경상북도,예천군,예천읍 군청길 27,36.6570827,128.4524305
예천유천우체국,경상북도,예천군,유천면 예성로 693-1,36.6349835,128.3897121
예천은풍우체국,경상북도,예천군,은풍면 은풍로 76-2,36.7439388,128.4428541
예천지보우체국,경상북도,예천군,지보면 지보로 160,36.5453,128.387875
예천풍양우체국,경상북도,예천군,풍양면 낙상2길 48,36.51045,128.299375
예천호명우체국,경상북도,예천군,호명면 오천길 5,36.5945178,128.4691147
예천효자우체국,경상북도,예천군,효자면 도효자로 1469,36.770444,128.4179693
주왕산우체국,경상북도,청송군,주왕산면 부동로 1008,36.3561308,129.1591947
청송광덕우편취급국,경상북도,청송군,진보면 양정길 217,36.5484503,129.05344
청송부남우체국,경상북도,청송군,부남면 대전로 122,36.3446202,129.0642885
청송안덕우체국,경상북도,청송군,안덕면 안덕로 52 ),36.2876233,128.9571136
청송우체국,경상북도,청송군,청송읍 중앙로 249-8,36.4340628,129.0564047
청송진보우체국,경상북도,청송군,진보면 진보로 116,36.5285707,129.0440987
청송파천우체국,경상북도,청송군,파천면 청송로 5532,36.4621026,129.0373409
청송현동우체국,경상북도,청송군,현동면 도평관길 14,36.2915704,129.0163564
청송현서우체국,경상북도,청송군,현서면 구산동로 26,36.2754043,128.8960865
영양석보우체국,경상북도,영양군,석보면 원리길 6-1,36.5573416,129.1236737
영양수비우체국,경상북도,영양군,수비면 한티로 473-7 (발리리),36.7664209,129.1994489
영양우체국,경상북도,영양군,영양읍 중앙로 90,36.661306,129.1128582
영양일월우체국,경상북도,영양군,일월면 영양로 2373,36.7005859,129.1245594
영양입암우체국,경상북도,영양군,입암면 입암로 92,36.5931595,129.0896301
영양청기우체국,경상북도,영양군,청기면 청기로 1617-6,36.6975353,129.0650669
영덕강구우체국,경상북도,영덕군,강구면 강구대게길 23,36.3587683,129.3829851
영덕남정우체국,경상북도,영덕군,남정면 진불길 27,36.2842465,129.3726204
영덕달산우체국,경상북도,영덕군,달산면 팔각산로 1825,36.3987602,129.3035418
영덕병곡우체국,경상북도,영덕군,병곡면 병곡길 40,36.602644,129.4114036
영덕영해우체국,경상북도,영덕군,영해면 예주시장3길 7,36.5400813,129.4061315
영덕우체국,경상북도,영덕군,영덕읍 덕곡길 90,36.4119961,129.3697429
영덕지품우체국,경상북도,영덕군,지품면 경동로 7159,36.4476658,129.2822574
영덕창수우체국,경상북도,영덕군,창수면 창수영해로 21,36.5454939,129.348716
영덕축산우체국,경상북도,영덕군,축산면 영덕대게로 2084,36.5075509,129.443754
울진근남우체국,경상북도,울진군,근남면 울진북로 148,36.9627567,129.3962545
울진금강송우체국,경상북도,울진군,금강송면 불영계곡로 1701,36.9347729,129.2478466
울진기성우체국,경상북도,울진군,기성면 척산3길 11,36.79842,129.4526631
울진매화우체국,경상북도,울진군,매화면 매화1길 51,36.9109819,129.3818002
울진북면우체국,경상북도,울진군,북면 부구3길 14-3,37.1046719,129.3725623
울진온정우체국,경상북도,울진군,온정면 소태로 9-16,36.7230724,129.3438723
울진우체국,경상북도,울진군,울진읍 연호로 19,36.993781,129.4033627
울진죽변우체국,경상북도,울진군,죽변면 죽변중앙로 173,37.0594467,129.423049
울진평해우체국,경상북도,울진군,평해읍 평해로 78,36.7274844,129.441597
울진후포우체국,경상북도,울진군,후포면 후포로 154-2,36.6827124,129.4571142
의성가음우편취급국,경상북도,의성군,가음면 금성현서로 471,36.2336405,128.7266733
의성구천우편취급국,경상북도,의성군,구천면 소보안계로 1619 (유산리),36.3489676,128.4318037
의성다인우체국,경상북도,의성군,다인면 서릉1길 6,36.4483408,128.3559956
의성단밀우체국,경상북도,의성군,단밀면 중동단밀로 963,36.375732,128.382913
의성단북우체국,경상북도,의성군,단북면 중련길 6-1,36.3877887,128.4055177
의성단촌우체국,경상북도,의성군,단촌면 장터길 20,36.4221571,128.6737785
의성봉양우체국,경상북도,의성군,봉양면 도리원3길 5,36.2988712,128.5790197
의성비안우체국,경상북도,의성군,비안면 강변길 94,36.3364936,128.4938569
의성사곡우체국,경상북도,의성군,사곡면 의성사곡로 967,36.3063045,128.7871589
의성안계우체국,경상북도,의성군,안계면 안계시장길 54,36.3856727,128.4369276
의성안평우체국,경상북도,의성군,안평면 봉호로 918,36.375199,128.580838
의성옥산우체국,경상북도,의성군,옥산면 입암1길 47,36.4004474,128.8039684
의성우체국,경상북도,의성군,의성읍 중앙길 60,36.349738,128.697113
의성점곡우체국,경상북도,의성군,점곡면 점곡길 79,36.4238135,128.7684465
의성춘산우체국,경상북도,의성군,춘산면 옥정2길 7,36.2384265,128.8154397
의성춘산우편취급국,경상북도,의성군,춘산면 옥정2길 7 (옥정리),36.2384265,128.8154397
의성탑리우체국,경상북도,의성군,금성면 탑리길 77,36.2580757,128.6807453
영천고경우체국,경상북도,영천시,고경면 호국로 1081,36.0016377,129.0476035
영천교동우편취급국,경상북도,영천시,최무선로 214(성내동),35.963068,128.924488
영천금호우체국,경상북도,영천시,금호읍 금호로 130 (교대리),35.9317922,128.8758448
영천단포우체국,경상북도,영천시,고경면 호국로 496,35.9854273,128.9897526
영천대창우체국,경상북도,영천시,대창면 금창로 682,35.8753671,128.8962734
영천문외동우체국,경상북도,영천시,최무선로 325-1(문외동),35.969051,128.934587
영천북안우체국,경상북도,영천시,북안면 임포역길 91,35.9176822,129.0106114
영천신녕우체국,경상북도,영천시,신녕면 장수로 1702,36.0435353,128.7875979
영천영동우편취급국,경상북도,영천시,호국로 57-1 (야사동),35.9736645,128.9440491
영천우체국,경상북도,영천시,완산로 11(완산동),35.961076,128.938775
영천임고우체국,경상북도,영천시,임고면 운주로 21,36.017183,128.9764842
영천자양우체국,경상북도,영천시,자양면 포은로 1625-7,36.0790273,129.0178311
영천작산동우편취급국,경상북도,영천시,범어1길 7(작산동),35.9422094,128.9533167
영천청통우체국,경상북도,영천시,청통면 금송로 976,35.991643,128.82285
영천화남우체국,경상북도,영천시,화남면 천문로 1618-8,36.0617856,128.8928559
영천화북우체국,경상북도,영천시,화북면 화북길 56-1 (자천리),36.110932,128.9215084
영천화산우체국,경상북도,영천시,화산면 장수로 932,36.018683,128.8552063
제135군사우편출장소,경상북도,영천시,고경면 호국로 495,35.9904997,128.9953443
울릉서면우체국,경상북도,울릉군,서면 남양5길 29,37.4684596,130.836828
울릉우체국,경상북도,울릉군,울릉읍 도동2길 80,37.4846125,130.905004
울릉저동우체국,경상북도,울릉군,울릉읍 봉래2길 14,37.4928926,130.9092756
울릉천부우체국,경상북도,울릉군,북면 천부길 18,37.5402232,130.8734638
울릉태하우편취급국,경상북도,울릉군,서면 태하2길 14 (태하리),37.5107551,130.7993918
안동우편집중국,경상북도,안동시,축제장길 262 (운흥동),36.5607312,128.7358314
포항우편집중국,경상북도,포항시,북구 흥해읍 새마을로 379,36.043114,129.3228819
전북지방우정청,전라북도,전주시,완산구 서원로 99 (효자동2가),35.8145717,127.1055405
전북도청출장소,전라북도,전주시,완산구 효자로 225 (효자동3가),35.8203294,127.108784
전주경원동우체국,전라북도,전주시,완산구 전라감영5길 20 (경원동1가),35.8174652,127.1462848
전주광진우편취급국,전라북도,전주시,완산구 안행로 107 (효자동1가),35.8058091,127.1342268
전주교동우편취급국,전라북도,전주시,완산구 향교길 105 (교동),35.8120731,127.1553684
전주근영우편취급국,전라북도,전주시,완산구 중화산로 98 (중화산동2가),35.8188511,127.1183671
전주기전대학우편취급국,전라북도,전주시,완산구 전주천서로 267 (중화산동1가),35.8173544,127.1356801
전주대학교우편취급국,전라북도,전주시,"완산구 천잠로 303 (효자동2가,전주대학교)",35.8141581,127.0901464
전주동부우편취급국,전라북도,전주시,완산구 충경로 106 (풍남동1가),35.8195267,127.1505809
전주삼천동우체국,전라북도,전주시,완산구 거마중앙로 47 (삼천동1가),35.7963106,127.1220432
전주서부우편취급국,전라북도,전주시,완산구 하거마3길 25-14,35.7937744,127.1178458
전주서신동우체국,전라북도,전주시,완산구 서신천변14길 6-5 (서신동),35.8308309,127.115018
전주서원우편취급국,전라북도,전주시,완산구 거마평로 218 (효자동1가),35.8116474,127.1145116
전주서학동우체국,전라북도,전주시,완산구 팔달로 15 (서서학동),35.8043267,127.1485905
전주우체국,전라북도,전주시,완산구 서원로 99 (효자동2가),35.8145717,127.1055405
전주중노송동우체국,전라북도,전주시,완산구 인봉북로 2 (중노송동),35.8268216,127.1539816
전주중화산동우체국,전라북도,전주시,완산구 백제대로 280 (중화산동2가),35.8180911,127.1234675
전주태평동우체국,전라북도,전주시,완산구 태평3길 35 (태평동),35.8238239,127.1419906
전주평화동우체국,전라북도,전주시,완산구 평화로 164 (평화동2가),35.7912427,127.1362679
전주효자3동우체국,전라북도,전주시,완산구 효자천변2길 15 (효자동1가),35.804651,127.1141812
전주효자4동우체국,전라북도,전주시,완산구 서곡로 94 (효자동3가),35.8367549,127.1029565
전주효자동우체국,전라북도,전주시,완산구 용머리로 127 (효자동1가),35.8060427,127.1242053
동전주우체국,전라북도,전주시,덕진구 백제대로 714 (인후동2가),35.8445821,127.1472375
전북대학교우편취급국,전라북도,전주시,"덕진구 백제대로 567 (금암동,전북대학교)",35.8462574,127.1320049
전주금암2동우편취급국,전라북도,전주시,덕진구 조경단로 51 (금암동),35.839095,127.1379891
전주덕진동우체국,전라북도,전주시,덕진구 추탄로 30 (덕진동2가),35.8433594,127.1094631
전주법원우체국,전라북도,전주시,"덕진구 가인로 33 (만성동, 전주지방법원)",35.8425711,127.0747456
전주성덕우편취급국,전라북도,전주시,덕진구 번영로 214 (성덕동),35.8760667,127.0306624
전주송천동우체국,전라북도,전주시,덕진구 송천중앙로 162 (송천동1가),35.8612418,127.1218091
전주에코시티우편취급국,전라북도,전주시,"덕진구 세병로 130, 상가109호 (송천동2가, 에코시티데시앙네스트)",35.8750891,127.137184
전주여의동우체국,전라북도,전주시,덕진구 쪽구름로 80 (여의동),35.8725765,127.0762058
전주인후1동우편취급국,전라북도,전주시,덕진구 팽나무1길 13 (인후동1가),35.8347122,127.1503832
전주인후3동우체국,전라북도,전주시,덕진구 아중로 143 (인후동1가),35.8260787,127.1653305
전주인후동우체국,전라북도,전주시,덕진구 견훤로 312 (인후동1가),35.839293,127.1559378
전주장동우체국,전라북도,전주시,덕진구 출판로 90 (장동 1088-1),35.8393495,127.0623586
전주전은빌딩우편취급국,전라북도,전주시,덕진구 백제대로 566 (금암동),35.8398859,127.1317767
전주진북2동우체국,전라북도,전주시,덕진구 벚꽃로 25 (진북동),35.8288889,127.1324236
전주진북동우체국,전라북도,전주시,덕진구 권삼득로 142 (진북동),35.8325565,127.1406607
전주팔복동우체국,전라북도,전주시,덕진구 신복5길 4 (팔복동1가),35.8534655,127.1062555
전주현대우편취급국,전라북도,전주시,덕진구 사평로 41 (덕진동1가),35.8414354,127.1209274
전주호성동우체국,전라북도,전주시,덕진구 호성3길 10 (호성동1가),35.8614704,127.1508648
전주우편집중국,전라북도,완주군,봉동읍 둔산3로 102,35.9645501,127.1273133
익산2공단우체국,전라북도,익산시,석암로3길 67 (팔봉동),35.9535794,127.0041479
익산금마우체국,전라북도,익산시,금마면 금마길 55,35.9915401,127.0523501
익산남중동우체국,전라북도,익산시,인북로 242 (남중동),35.9499905,126.9580385
익산낭산우체국,전라북도,익산시,낭산면 함낭로 951,36.0779081,127.010256
익산동산동우체국,전라북도,익산시,평동로 734 (동산동),35.9285938,126.9595927
익산망성우체국,전라북도,익산시,망성면 무네미길 107,36.1391263,127.0179837
익산부송동우체국,전라북도,익산시,부송1로 67-4 (부송동),35.9578863,126.9896155
익산삼기우체국,전라북도,익산시,삼기면 황금로 516,36.0196155,126.9839025
익산서송학우편취급국,전라북도,익산시,"배산로1길 50 (송학동,송학우편취급국)",35.940769,126.9313808
익산성당우체국,전라북도,익산시,성당면 성당로 200,36.0892023,126.9350664
익산소라우편취급국,전라북도,익산시,인북로 327-4 (신동),35.9575642,126.9606125
익산신동우체국,전라북도,익산시,익산대로64길 22 (신동),35.963373,126.9542671
익산여산우체국,전라북도,익산시,여산면 가람로 382,36.0590398,127.0846116
익산영등2동우체국,전라북도,익산시,무왕로13길 20 (영등동),35.9602884,126.9770031
익산영등동우체국,전라북도,익산시,동서로 370 익산비즈니스센터 B동 지하1층(영등동) 익산영등동우체국,35.9500404,126.9748658
익산오산우체국,전라북도,익산시,오산면 평동로 313,35.9384482,126.9151992
익산왕궁우체국,전라북도,익산시,왕궁면 왕궁로 533,35.9666495,127.0892822
익산용동출장소,전라북도,익산시,용동면 용동1길 85,36.1103592,126.9915635
익산용안우체국,전라북도,익산시,용안면 현내로 379,36.1168562,126.9525262
익산우체국,전라북도,익산시,배산로 171 (모현동2가),35.9532458,126.94119
익산웅포우체국,전라북도,익산시,웅포면 강변로 11,36.0645272,126.8772902
익산원광대학교우편취급국,전라북도,익산시,익산대로 460 원광대학교 (신동),35.96783,126.9557171
익산주현동우체국,전라북도,익산시,서동로 53 (주현동),35.9322146,126.9579397
익산중앙동우체국,전라북도,익산시,평동로7길 57 (중앙동3가),35.936838,126.9498008
익산춘포우체국,전라북도,익산시,춘포면 춘포2길 17,35.9003898,127.0051561
익산터질목우편취급국,전라북도,익산시,"하나로 357 (어양동,쌍용아파트)",35.9527338,126.9823944
익산팔봉동우체국,전라북도,익산시,무왕로 1383 (팔봉동),35.9643814,127.0089246
익산함라우체국,전라북도,익산시,함라면 천남길 2,36.059298,126.9099597
익산함열우체국,전라북도,익산시,함열읍 함열중앙로 41,36.0786943,126.9620263
익산황등우체국,전라북도,익산시,황등면 황등로 105,36.001405,126.9443267
군산개정우체국,전라북도,군산시,개정면 아동남로 29,35.965107,126.7677439
군산경암동우체국,전라북도,군산시,해망로 38 (경암동),35.9788329,126.7245138
군산나운2동우체국,전라북도,군산시,백토로 111 (나운동),35.9692694,126.7059684
군산나운동우체국,전라북도,군산시,공단대로 400 (나운동),35.9625613,126.6980117
군산나포우체국,전라북도,군산시,나포면 십자들로 648,36.0313155,126.8317049
군산대야우체국,전라북도,군산시,대야면 번영로 883,35.9472164,126.8096063
군산대학교우편취급국,전라북도,군산시,"대학로 558 (미룡동,군산대학교)",35.9470944,126.6814342
군산문화동우체국,전라북도,군산시,팔마로 14 (문화동),35.9735166,126.7026661
군산산업단지우체국,전라북도,군산시,요죽3길 14 (오식도동),35.963859,126.56565
군산서수우체국,전라북도,군산시,서수면 항쟁로 208,35.9821281,126.8771634
군산선유도우체국,전라북도,군산시,옥도면 선유북길 69,35.8135065,126.4146191
군산성산우체국,전라북도,군산시,성산면 동군산로 52,35.9897116,126.7869937
군산세종우편취급국,전라북도,군산시,"백릉로 162 (조촌동,삼성아파트)",35.9751412,126.7445931
군산소룡동우체국,전라북도,군산시,공항로 89 (소룡동),35.9755596,126.6791375
군산수송동우체국,전라북도,군산시,월명로 211 (수송동),35.9629176,126.7152173
군산어청도우체국,전라북도,군산시,옥도면 어청도길 49-2,36.1173435,125.9817524
군산옥구우체국,전라북도,군산시,옥구읍 상평로 17,35.9238819,126.6878079
군산옥산우체국,전라북도,군산시,옥산면 산성로 227,35.9418033,126.7489372
군산옥서우체국,전라북도,군산시,옥서면 원성산1길 28,35.9255315,126.6447562
군산우체국,전라북도,군산시,우체통거리1길 20 (중앙로1가),35.9863414,126.7124687
군산임피우체국,전라북도,군산시,임피면 동군산로 683,35.9842559,126.8489535
군산임피우편취급국,전라북도,군산시,임피면 동군산로 683 (읍내리),35.9842559,126.8489535
군산자유무역관리원,전라북도,군산시,자유로 482(오식도 513),35.9604495,126.5490562
군산조촌동우체국,전라북도,군산시,조촌로 13 (조촌동),35.9652863,126.7375323
군산지곡동우체국,전라북도,군산시,백토로 227 (지곡동),35.958939,126.7046986
군산지원우체국,전라북도,군산시,법원로 68 (조촌동),35.9682653,126.7411681
군산회현우체국,전라북도,군산시,회현면 대위로 431,35.9122292,126.7553917
군산회현우편취급국,전라북도,군산시,회현면 대위로 431 (대정리),35.9122292,126.7553917
정읍감곡우체국,전라북도,정읍시,감곡면 원삼3길 2,35.7161239,126.9304267
정읍감곡우편취급국,전라북도,정읍시,감곡면 원삼3길 2 (방교리),35.7161239,126.9304267
정읍고부우체국,전라북도,정읍시,고부면 교동3길 10-9,35.6206511,126.7727184
정읍금붕동우편취급국,전라북도,정읍시,내장산로 283 (금붕동),35.5341854,126.8909669
정읍덕천우체국,전라북도,정읍시,덕천면 내정3길 4,35.6211361,126.843256
정읍북면우체국,전라북도,정읍시,북면 정읍북로 502,35.6051294,126.8861956
정읍산내우체국,전라북도,정읍시,산내면 능교1길 18,35.5666567,127.0297802
정읍산외우편취급국,전라북도,정읍시,산외면 운전2길 2 (평사리),35.6209488,127.0393096
정읍상동우체국,전라북도,정읍시,충정로 120 (상동),35.563864,126.8661026
정읍소성우체국,전라북도,정읍시,소성면 보화1길 129-1,35.5559685,126.7780069
정읍수성동우체국,전라북도,정읍시,수성로 45 (수성동),35.5820162,126.8550799
정읍신태인우체국,전라북도,정읍시,신태인읍 신태인1길 31-8,35.6860581,126.8879019
정읍영원우체국,전라북도,정읍시,영원면 영원로 1084-1,35.6552816,126.7853789
정읍옹동우체국,전라북도,정읍시,옹동면 옹지동촌로 224,35.644707,126.9752961
정읍우체국,전라북도,정읍시,조곡천1길 27 (연지동),35.5684718,126.8473802
정읍이평우체국,전라북도,정읍시,이평면 황토현로 311,35.6635764,126.8394476
정읍입암우체국,전라북도,정읍시,입암면 정읍남로 793-4,35.526944,126.8086675
정읍정우우체국,전라북도,정읍시,정우면 정신로 584-1,35.6424343,126.8765659
정읍칠보우체국,전라북도,정읍시,칠보면 칠보중앙로 103,35.6047063,126.9906857
정읍태인우체국,전라북도,정읍시,태인면 향교1길 5,35.652019,126.940451
완주경천우편취급국,전라북도,완주군,경천면 대둔산로 238 (경천리),36.0214792,127.2503453
완주고산우체국,전라북도,완주군,고산면 고산로 96,35.9746806,127.2072518
완주구이우체국,전라북도,완주군,구이면 하학길 6,35.7331275,127.1195576
완주동상우체국,전라북도,완주군,동상면 동상로 1412,35.9364854,127.2967467
완주봉동우체국,전라북도,완주군,봉동읍 봉동로 157,35.9390392,127.1679772
완주비봉우체국,전라북도,완주군,비봉면 비봉소농길 27,35.996811,127.1393644
완주상관우체국,전라북도,완주군,상관면 신리로 59,35.768057,127.2101912
완주소양우체국,전라북도,완주군,소양면 소양로 232,35.8557456,127.2337563
완주용진우체국,전라북도,완주군,용진읍 완주로 178,35.8807602,127.1560891
완주우체국,전라북도,완주군,삼례읍 삼봉로 19,35.9117578,127.0739575
완주운주우체국,전라북도,완주군,운주면 운주로 108,36.0920949,127.2788909
완주이서우체국,전라북도,완주군,이서면 이서로 65,35.8205246,127.0237693
완주화산우체국,전라북도,완주군,화산면 화산로 830-18,36.0354679,127.2029247
우석대학교우편취급국,전라북도,완주군,삼례읍 삼례로 443,35.9127996,127.0659877
전주과학산업단지우체국,전라북도,완주군,봉동읍 둔산3로 102,35.9645501,127.1273133
89군사우편출장소,전라북도,임실군,임실읍 감천로 55-77,35.6010323,127.2946899
임실강진우체국,전라북도,임실군,강진면 호국로 52 (갈담리),35.5300915,127.1642503
임실관촌우체국,전라북도,임실군,관촌면 사선로 33,35.6734036,127.2696937
임실덕치우체국,전라북도,임실군,덕치면 인덕로 1397-1,35.5097465,127.1571874
임실삼계우체국,전라북도,임실군,삼계면 충효로 1293,35.5085878,127.2750078
임실성수우체국,전라북도,임실군,성수면 임진로 204,35.6290967,127.3322828
임실신덕우체국,전라북도,임실군,신덕면 수지로 99,35.6845847,127.1781985
임실신평우체국,전라북도,임실군,신평면 원천1길 3,35.6552792,127.2234556
임실오수우체국,전라북도,임실군,오수면 삼일로 19,35.5403903,127.3270544
임실우체국,전라북도,임실군,임실읍 봉황8길 27,35.6138606,127.2830192
임실운암우체국,전라북도,임실군,운암면 임운로 1883-6,35.6595266,127.1596729
임실지사우체국,전라북도,임실군,지사면 충효로 2411,35.5622481,127.3551584
임실청웅우체국,전라북도,임실군,청웅면 청웅로 164,35.5700256,127.2022777
임실하운암우편취급국,전라북도,임실군,운암면 강운로 991-35,35.5921162,127.1241638
진안동향우체국,전라북도,진안군,동향면 양지길 37,35.8395477,127.5689483
진안마령우체국,전라북도,진안군,마령면 임진로 2097,35.733115,127.3703347
진안백운우체국,전라북도,진안군,백운면 임진로 1322,35.6909147,127.3971851
진안부귀우체국,전라북도,진안군,부귀면 신거석길 8,35.8367343,127.360432
진안상전우체국,전라북도,진안군,상전면 회사길 17-4,35.8246301,127.4862413
진안성수우체국,전라북도,진안군,성수면 관진로 787,35.7088503,127.3241248
진안안천우체국,전라북도,진안군,안천면 보한길 16,35.8980174,127.5509185
진안용담우체국,전라북도,진안군,용담면 안용로 999,35.9639983,127.5189357
진안우체국,전라북도,진안군,진안읍 진무로 1114,35.7919499,127.430389
진안정천우체국,전라북도,진안군,정천면 봉학로 73,35.8726113,127.4280075
진안주천우체국,전라북도,진안군,주천면 동상주천로 2232,35.9758572,127.4272129
무주무풍우체국,전라북도,무주군,무풍면 현내로 230,35.9690849,127.8506239
무주부남우체국,전라북도,무주군,부남면 대소길 24,35.9729238,127.5606741
무주설천우체국,전라북도,무주군,설천면 무설로 1606,36.008019,127.7887208
무주안성우체국,전라북도,무주군,안성면 시장윗길 6,35.8678284,127.6542856
무주우체국,전라북도,무주군,무주읍 주계로 100,36.0062558,127.6611556
무주적상우체국,전라북도,무주군,적상면 적상산로 24,35.9430823,127.6594042
김제공덕우편취급국,전라북도,김제시,공덕면 공덕로 238 (마현리),35.8928181,126.9122805
김제광활우체국,전라북도,김제시,광활면 광활11길 30-4,35.8330767,126.7416418
김제금구우체국,전라북도,김제시,금구면 금구로 45,35.7744974,127.010621
김제금산우체국,전라북도,김제시,금산면 모악로 3 (원평리),35.7162521,126.9946194
김제만경우체국,전라북도,김제시,만경읍 두내산로 48,35.8538979,126.820158
김제백구우체국,전라북도,김제시,백구면 번영로 2514,35.8921226,126.9677179
김제백산우체국,전라북도,김제시,백산면 학당길 6,35.8286181,126.892611
김제봉남우체국,전라북도,김제시,봉남면 봉남로 429-1,35.7543647,126.9614879
김제부량우체국,전라북도,김제시,부량면 부량로 11,35.7342162,126.8446527
김제부량우편취급국,전라북도,김제시,부량면 부량로 11 (대평리),35.7342162,126.8446527
김제성덕우체국,전라북도,김제시,성덕면 지평선로 90,35.8101346,126.7920612
김제신풍동우체국,전라북도,김제시,중앙로 206 (신풍동),35.7984408,126.8953372
김제역전우편취급국,전라북도,김제시,중앙로 283 (신풍동),35.7937277,126.9017571
김제용지우체국,전라북도,김제시,용지면 용지로 448,35.8528539,126.9551642
김제우체국,전라북도,김제시,중앙로 85 (요촌동),35.8050005,126.8857137
김제월촌동우체국,전라북도,김제시,벽골제로 802 (입석동),35.7820809,126.8721908
김제죽산우체국,전라북도,김제시,죽산면 해학로 20 (죽산리),35.7715363,126.816156
김제진봉우체국,전라북도,김제시,진봉면 진봉로 488,35.8577536,126.7677261
김제청하우체국,전라북도,김제시,청하면 만경로 1433,35.9034179,126.8400816
김제황산우체국,전라북도,김제시,황산면 용마로 64,35.794399,126.9430401
부안격포우편취급국,전라북도,부안군,변산면 격포로 235 (격포리),35.621333,126.4740466
부안계화우체국,전라북도,부안군,계화면 간재로 400,35.7619974,126.6989551
부안곰소우체국,전라북도,부안군,진서면 청자로 937-1,35.5874404,126.6070125
부안동진우체국,전라북도,부안군,동진면 동진로 88,35.7493687,126.7393183
부안백산우체국,전라북도,부안군,백산면 시기길 14,35.7182242,126.8097749
부안변산우체국,전라북도,부안군,변산면 지서로 77,35.6639515,126.5286156
부안보안우체국,전라북도,부안군,보안면 부안로 1134,35.6098308,126.6689572
부안상서우체국,전라북도,부안군,상서면 부안로 2004,35.6863218,126.6787795
부안서외우편취급국,전라북도,부안군,부안읍 번영로 94-1,35.7263518,126.7308168
부안우체국,전라북도,부안군,부안읍 석정로 192,35.7283507,126.7369518
부안위도우체국,전라북도,부안군,위도면 위도로 259,35.6037873,126.2943361
부안주산우체국,전라북도,부안군,주산면 선돌로 364 ),35.6732202,126.7112605
부안줄포우체국,전라북도,부안군,줄포면 줄포중앙로 52,35.5904906,126.6789131
부안하서우체국,전라북도,부안군,하서면 신지길 1,35.715371,126.6626781
부안행안우체국,전라북도,부안군,행안면 변산로 134,35.7301642,126.7065694
고창고수우체국,전라북도,고창군,고수면 고수로 5,35.4089076,126.6782467
고창공음우체국,전라북도,고창군,공음면 공음길 47-1,35.3784127,126.5128019
고창대산우체국,전라북도,고창군,대산면 대성로 266-6,35.3402876,126.6032648
고창무장우체국,전라북도,고창군,무장면 무장읍성길 18,35.4157318,126.5597313
고창부안우체국,전라북도,고창군,부안면 복분자로 903-1,35.5134721,126.6741175
고창삼흥우편취급국,전라북도,고창군,고창읍 천변북로 63,35.4348535,126.6991021
고창상하우체국,전라북도,고창군,상하면 상하로 81,35.4451862,126.4937929
고창성내우체국,전라북도,고창군,성내면 시기1길 41,35.5397435,126.7402509
고창성송우체국,전라북도,고창군,성송면 대성로 790,35.3657922,126.6469304
고창신림우체국,전라북도,고창군,신림면 임리1길 15-2,35.4898412,126.7138024
고창심원우체국,전라북도,고창군,심원면 심원로 210,35.5237589,126.5510295
고창아산우체국,전라북도,고창군,아산면 녹두로 798,35.4400216,126.635961
고창우체국,전라북도,고창군,고창읍 월곡1길 7,35.435548,126.709045
고창해리우체국,전라북도,고창군,해리면 해리중앙로 96-1,35.4609501,126.5404711
고창흥덕우체국,전라북도,고창군,흥덕면 선운대로 3755,35.5210583,126.701725
남원광한루우편취급국,전라북도,남원시,요천로 1288 (조산동),35.3965488,127.3644326
남원금지우체국,전라북도,남원시,금지면 택내길 12,35.3282441,127.2981512
남원대강우체국,전라북도,남원시,대강면 섬진로 859-1,35.3466396,127.2279086
남원대산우체국,전라북도,남원시,대산면 운교2길 16,35.4300145,127.3252672
남원도통동우체국,전라북도,남원시,춘향로 15 (도통동),35.41699,127.3979579
남원보절우체국,전라북도,남원시,보절면 보산로 927,35.5125278,127.4015653
남원사매우체국,전라북도,남원시,사매면 덕오로 99,35.4991427,127.3595659
남원산내우체국,전라북도,남원시,산내면 천왕봉로574,35.4286333,127.6205878
남원산동우체국,전라북도,남원시,산동면 요천로 2912,35.4917716,127.4754395
남원송동우체국,전라북도,남원시,송동면 송기안길 29-16,35.3553337,127.3372593
남원수지우체국,전라북도,남원시,수지면 고주로 623,35.3384775,127.3718189
남원아영우체국,전라북도,남원시,아영면 아백로 343,35.505575,127.61105
남원우체국,전라북도,남원시,광한북로 66 (하정동),35.4089714,127.3802538
남원운봉우체국,전라북도,남원시,운봉읍 운성로 27,35.4364897,127.5301622
남원이백우체국,전라북도,남원시,이백면 이백로 484,35.4279928,127.4575663
남원인월우체국,전라북도,남원시,인월면 인월장터로 29,35.4622897,127.6010605
남원주생우체국,전라북도,남원시,주생면 요천로 817,35.3780731,127.3213977
남원주천출장소,전라북도,남원시,주천면 외평2길 25,35.3888704,127.4445727
남원향교우편취급국,전라북도,남원시,"충정로 128 (향교동,선원영농조합법인)",35.4160989,127.3883075
순창구림우체국,전라북도,순창군,구림면 구림로 461,35.4518513,127.1011125
순창금과우체국,전라북도,순창군,금과면 담순로 619,35.3519308,127.0744812
순창동계우체국,전라북도,순창군,동계면 동계로 11,35.4397883,127.2386422
순창복흥우체국,전라북도,순창군,복흥면 추령로 1168,35.4333108,126.9297708
순창쌍치우체국,전라북도,순창군,쌍치면 쌍계로 54,35.5008753,127.0042193
순창우체국,전라북도,순창군,순창읍 장류로 342,35.3765201,127.1399899
순창유등우편취급국,전라북도,순창군,유등면 유등로 404 (외이리),35.3609724,127.1875593
순창적성우체국,전라북도,순창군,적성면 적성로 117,35.3969528,127.206583
순창팔덕우체국,전라북도,순창군,팔덕면 강천로 349,35.3924773,127.0949625
순창풍산우체국,전라북도,순창군,풍산면 금풍로 1026,35.3375465,127.139738
장수계남우체국,전라북도,장수군,계남면 장수로 3078,35.7033904,127.5785346
장수계북우체국,전라북도,장수군,계북면 장무로 970,35.7858253,127.6133745
장수번암우체국,전라북도,장수군,번암면 장수로 471,35.530921,127.5431459
장수산서우체국,전라북도,장수군,산서면 보산로 1852,35.5837321,127.3971356
장수우체국,전라북도,장수군,장수읍 싸리재로 5,35.6493151,127.519775
장수장계우체국,전라북도,장수군,장계면 한들로 94,35.730901,127.58235
장수천천우체국,전라북도,장수군,천천면 송탄로 43,35.7374258,127.5339432
강원지방우정청,강원도,원주시,서원대로 412 (단구동) 강원지방우정청,37.3288994,127.9505326
강원대학교우편취급국,강원도,춘천시,"강원대학길 1 (효자동,강원대학교)",37.8684418,127.7438324
김유정우체국,강원도,춘천시,신동면 김유정로 1424,37.8182417,127.7161961
춘천거두우편취급국,강원도,춘천시,공지로 118 (석사동),37.8569785,127.7477106
춘천남산우편취급국,강원도,춘천시,남산면 한치로 35 춘천남산우편취급국 (방곡리),37.7948208,127.643807
춘천동면우체국,강원도,춘천시,동면 가산로 82,37.9113317,127.7820213
춘천사북우체국,강원도,춘천시,사북면 영서로 4827,38.0389273,127.6434232
춘천사우동우체국,강원도,춘천시,영서로2771번길 3 (우두동),37.9005758,127.7283795
춘천서면우체국,강원도,춘천시,서면 박사로 914-8,37.8973114,127.6940847
춘천석사동우체국,강원도,춘천시,우석로 39 (석사동),37.863049,127.750175
춘천소양로우체국,강원도,춘천시,금강로 34 (소양로3가),37.881016,127.7260465
춘천신북우체국,강원도,춘천시,신북읍 율문1길 16-4,37.9265846,127.7447375
춘천우체국,강원도,춘천시,방송길 108(온의동),37.8669989,127.7205652
춘천칠전동우체국,강원도,춘천시,칠전동길 51 (칠전동),37.842657,127.715363
춘천퇴계동우체국,강원도,춘천시,퇴계농공로 36 (퇴계동),37.8501103,127.7438783
춘천한계울우편취급국,강원도,춘천시,지내고탄로 6 (신동),37.93293,127.7229704
춘천효자동우체국,강원도,춘천시,공지로 287 (효자동),37.866632,127.733163
춘천후평3동우체국,강원도,춘천시,후석로 240 (후평동),37.8728752,127.7529369
춘천후평동우체국,강원도,춘천시,후석로 354 (후평동),37.88227,127.7487058
한림대학교우편취급국,강원도,춘천시,한림대학길 1 한림대학교 (옥천동),37.8872151,127.7382499
가톨릭관동대학교우편취급국,강원도,강릉시,"범일로579번길 24 (내곡동,가톨릭관동대학교)",37.7358498,128.8739922
강릉교동우체국,강원도,강릉시,하슬라로 114 (교동),37.759535,128.873915
강릉교리우편취급국,강원도,강릉시,화부산로 10 (교동),37.7577706,128.8867605
강릉교항우편취급국,강원도,강릉시,주문진읍 매맥이아랫길 4,37.877006,128.8276881
강릉구산우체국,강원도,강릉시,성산면 구산길 27,37.7181385,128.8323783
강릉노암동우체국,강원도,강릉시,율곡로 2750 (노암동),37.7523577,128.9053256
강릉동부우편취급국,강원도,강릉시,경강로2323번길 13 (포남동),37.7695042,128.9142696
강릉사천우체국,강원도,강릉시,사천면 미노길 65,37.8232905,128.8489908
강릉옥천동우편취급국,강원도,강릉시,동부시장3길 4 (옥천동),37.7581964,128.9004041
강릉우체국,강원도,강릉시,강릉대로 326 (포남동),37.7651401,128.9038432
강릉원주대학교우편취급국,강원도,강릉시,"죽헌길 7 (지변동,강릉원주대학교)",37.7706676,128.8701111
강릉입암동우편취급국,강원도,강릉시,월대산로 15 (입암동),37.7595957,128.912131
강릉중앙동우체국,강원도,강릉시,경강로 2046 (명주동),37.7515711,128.8924058
경포대우체국,강원도,강릉시,해안로 505 (안현동),37.8046937,128.9047008
구정우체국,강원도,강릉시,구정면 구정중앙로 227,37.7179154,128.8793341
연곡우체국,강원도,강릉시,연곡면 진고개로 2726-8,37.858753,128.8370663
옥계우체국,강원도,강릉시,옥계면 현내시장길 100,37.6075327,129.0332524
왕산우체국,강원도,강릉시,왕산면 백두대간로 1993,37.6724539,128.838082
정동우체국,강원도,강릉시,강동면 헌화로 1085-1,37.6897848,129.0321556
제334군사우편출장소,강원도,강릉시,월호평길 117 (학동),37.7523142,128.9318737
주문진우체국,강원도,강릉시,주문진읍 주문로 141 (주문리),37.8951702,128.8302576
강원지정우체국,강원도,원주시,지정면 간현로 132 (간현리),37.3622329,127.8395952
귀래우체국,강원도,원주시,귀래면 북원로 123 (운남리),37.1716267,127.8839088
문막우체국,강원도,원주시,문막읍 건등로 2 (건등리),37.311573,127.8173869
부론우체국,강원도,원주시,부론면 법천시장길 35 (법천리),37.2091707,127.7498195
소초우체국,강원도,원주시,소초면 치악로 2778 (평장리),37.4165177,128.0009183
신림우체국,강원도,원주시,신림면 치악로 29 (신림리),37.2298137,128.0787387
연세대학교미래캠퍼스우편취급국,강원도,원주시,"흥업면 연세대길 1 (매지리, 연세대학교)",37.280875,127.901
원주가현동우체국,강원도,원주시,북원로 2711 (가현동),37.3856107,127.947541
원주기업도시우편취급국,강원도,원주시,"지정면 기업도시로 6, 113호 (신평리)",37.378554,127.8926324
원주단계동우체국,강원도,원주시,이화1길 27 (단계동),37.3397071,127.9349625
원주단구동우체국,강원도,원주시,치악로 1558 (단구동),37.3227368,127.9630531
원주명륜동우편취급국,강원도,원주시,"남원로469번길 80 (명륜동, 구곡동보렉스9차아파트)",37.326621,127.9376367
원주반곡동우체국,강원도,원주시,혁신로 17 (반곡동),37.3251122,127.9765754
원주봉산동우편취급국,강원도,원주시,행구로 127 (봉산동),37.3422884,127.9702349
원주봉화산우체국,강원도,원주시,봉화로 61 (단계동),37.3500846,127.9285337
원주우산동우체국,강원도,원주시,우산초교길 33-11 (우산동),37.3669282,127.9376976
원주우체국,강원도,원주시,서원대로 412 (단구동),37.3288994,127.9505326
원주원문로우편취급국,강원도,원주시,원문로 172 (단계동),37.3563418,127.930736
원주중앙동우체국,강원도,원주시,평원로 57 (중앙동),37.3508067,127.9506251
원주혁신도시우편취급국,강원도,원주시,"황금로 23, 203호 (반곡동)",37.3273562,127.9892688
흥업우체국,강원도,원주시,흥업면 울업1길 1 (흥업리),37.3027746,127.9205321
원주우편집중국,강원도,원주시,이화1길 27,37.3397071,127.9349625
동해부곡우편취급국,강원도,동해시,발한로 57 (부곡동),37.5376811,129.1021699
동해북삼동우체국,강원도,동해시,효자로 669 (동회동),37.4926433,129.1071635
동해북평동우체국,강원도,동해시,전천로 311 (북평동),37.483381,129.125409
동해삼화동우체국,강원도,동해시,삼화로 17 (이로동),37.4868749,129.0677463
동해송정동우체국,강원도,동해시,동해항3길 11 (송정동),37.5003539,129.1271487
동해우체국,강원도,동해시,천곡로 92 (천곡동),37.5236644,129.1153848
묵호우체국,강원도,동해시,발한로 211-2 (발한동),37.5487788,129.1082897
제604군사우편출장소,강원도,동해시,"대동로 430, 제604 군사우편출장소 (송정동)",37.503393,129.1305093
간동우체국,강원도,화천군,간동면 간척월명로 307,38.0547075,127.8171005
사내우체국,강원도,화천군,사내면 사내로 15,38.0701563,127.5231238
상서우체국,강원도,화천군,상서면 영서로 7703,38.2063013,127.661975
화천봉오우편취급국,강원도,화천군,상서면 신월동로 8,38.1917788,127.5986282
화천우체국,강원도,화천군,화천읍 중앙로 29,38.1038206,127.7074006
화천하남우체국,강원도,화천군,하남면 영서로 5494,38.0581499,127.6663687
강현우체국,강원도,양양군,강현면 동해대로 3495,38.1487988,128.6086095
손양우체국,강원도,양양군,손양면 손중로 186,38.058907,128.6426951
양양서면우체국,강원도,양양군,서면 물윗구미길 1,38.0708917,128.585225
양양우체국,강원도,양양군,양양읍 남문로 32,38.0747017,128.619672
제123군사우편출장소,강원도,양양군,손양면 동해대로 2463 사서함 123 (간리),38.0675422,128.636458
현남우체국,강원도,양양군,현남면 인구중앙길 42 (인구리),37.9685873,128.7598372
현북우체국,강원도,양양군,현북면 하조대1길 44 (현북우체국),38.018861,128.7244937
간성우체국,강원도,고성군,간성읍 간성로67번길 3,38.3790635,128.4676204
거진우체국,강원도,고성군,거진읍 거탄진로 102,38.4443354,128.4539102
대진우체국,강원도,고성군,현내면 한나루로 87-1,38.496046,128.4265896
속초교동우체국,강원도,속초시,교동로1길 7 (교동),38.2005433,128.5807067
속초모래기우편취급국,강원도,속초시,중앙로 405 (장사동),38.2238133,128.5882141
속초우체국,강원도,속초시,중앙로 175 (중앙동),38.2062909,128.5923852
속초조양동우체국,강원도,속초시,동해대로 4107 (조양동),38.1892945,128.5852385
속초현대우편취급국,강원도,속초시,"미시령로 3395, 1층 (교동)",38.2073912,128.5774106
제71군사우편출장소,강원도,고성군,토성면 뒷골길 116 (학야리),38.287122,128.4976316
죽왕우체국,강원도,고성군,죽왕면 동해대로 5901,38.3290301,128.5240892
천진우체국,강원도,고성군,토성면 토성로 170,38.2594481,128.5570062
강림우체국,강원도,횡성군,강림면 태종로 24 (강림리),37.3610042,128.1269243
공근우체국,강원도,횡성군,공근면 학담3길 8,37.536843,127.9611488
둔내우체국,강원도,횡성군,둔내면 둔내로 57,37.5123257,128.2170395
서원우체국,강원도,횡성군,서원면 서원로 150,37.4865228,127.8492882
안흥우체국,강원도,횡성군,안흥면 안흥로 34,37.4123737,128.1569375
우천우체국,강원도,횡성군,우천면 우항3길 9-2,37.4593243,128.0637495
청일우체국,강원도,횡성군,청일면 청정로 851-1,37.583734,128.1518402
횡성갑천우체국,강원도,횡성군,갑천면 청정로매일3길 5,37.5589749,128.1086537
횡성갑천우편취급국,강원도,횡성군,갑천면 청정로매일3길 5 (매일리),37.5589749,128.1086537
횡성북천우편취급국,강원도,횡성군,횡성읍 화성로 45,37.4945254,127.9901477
횡성우체국,강원도,횡성군,횡성읍 중앙로 7,37.488376,127.9846
마차우체국,강원도,영월군,북면 마차중앙1길 44-3 (마차리 1158-4),37.2559197,128.4572735
상동우체국,강원도,영월군,상동읍 태백산로 3193,37.1273182,128.8271216
석항우편취급국,강원도,영월군,중동면 영월로 3855 (석항리),37.1985234,128.619614
연당우체국,강원도,영월군,남면 연당로 27,37.1856828,128.4028304
영월김삿갓우체국,강원도,영월군,김삿갓면 옥동장터길 27,37.1248448,128.56904
영월녹전우체국,강원도,영월군,산솔면 산솔시장길 33 (녹전리),37.1444863,128.680139
영월덕포우편취급국,강원도,영월군,영월읍 중앙로 128 (덕포리),37.1808052,128.4764779
영월무릉도원우체국,강원도,영월군,무릉도원면,37.288327,128.268592
영월무릉도원우편취급국,강원도,영월군,무릉도원면 중방길 58 (무릉리),37.2887388,128.2691982
영월우체국,강원도,영월군,영월읍 단종로33번길 20,37.1852193,128.4667137
영월우체국 쌍용출장소,강원도,영월군,한반도면 쌍용로 203-5,37.1777027,128.3268058
영월한반도우체국,강원도,영월군,한반도면 신천길 6,37.2360032,128.3280042
주천우체국,강원도,영월군,주천면 주천로 71,37.2699903,128.2668748
대관령우체국,강원도,평창군,대관령면 대관령로 70,37.6734256,128.7040969
대화우체국,강원도,평창군,대화면 대화중앙로 128-5,37.5004638,128.4557092
미탄우체국,강원도,평창군,미탄면 미탄중앙로 32,37.3418768,128.4991103
방림우체국,강원도,평창군,방림면 서동로 1336,37.4258835,128.3935851
봉평우체국,강원도,평창군,봉평면 기풍로 128,37.6140237,128.378525
용평우체국,강원도,평창군,용평면 경강로 2017-18,37.6070737,128.4393625
진부우체국,강원도,평창군,진부면 청송로 80,37.636274,128.555313
평창우체국,강원도,평창군,평창읍 평창중앙로 66,37.368911,128.3956275
평창우체국 면온출장소,강원도,평창군,봉평면 진조길 10,37.5633673,128.3487045
고한우체국,강원도,정선군,고한읍 고한2길 57,37.2023993,128.8518388
구절우체국,강원도,정선군,여량면 노추산로 764-11,37.5152601,128.7293697
나전우체국,강원도,정선군,북평면 북평7길 18,37.447346,128.6672289
신동우체국,강원도,정선군,신동읍 의림로 244-1,37.2135272,128.6447208
여량우체국,강원도,정선군,여량면 서동로 2938,37.4720617,128.725995
임계우체국,강원도,정선군,임계면 송계3길 3 (송계리),37.4947214,128.8514984
정선남면우체국,강원도,정선군,남면 문은단로 2-2,37.2672708,128.7409822
정선사북우체국,강원도,정선군,사북읍 사북중앙로 12,37.2267103,128.816275
정선애산우편취급국,강원도,정선군,정선읍 녹송5길 41 (봉양리),37.3849825,128.6712691
정선우체국,강원도,정선군,정선읍 비봉로 25,37.3812737,128.6610375
함백우체국,강원도,정선군,신동읍 함백로 315,37.2149031,128.6693659
화암우체국,강원도,정선군,화암면 그림바위길 56,37.3390046,128.7880158
태백구문소동우체국,강원도,태백시,장성로 219 (장성동),37.1015471,129.022172
태백우체국,강원도,태백시,황지로 132 (황지동),37.1705583,128.9923541
태백우체국 소도동출장소,강원도,태백시,소도길 41,37.1364659,128.975882
태백장성동우체국,강원도,태백시,보드미길 21 (장성동),37.1032899,129.006881
태백철암동우체국,강원도,태백시,갈골길 3 (철암동),37.1285287,129.0459633
태백통리우체국,강원도,태백시,통리길 65 (통동),37.1727747,129.0382981
태백황지동우체국,강원도,태백시,황지로 173 (황지동),37.17378,128.9905753
근덕우체국,강원도,삼척시,근덕면 삼척로 3621,37.3777341,129.2252459
도계우체국,강원도,삼척시,도계읍 도계로 316,37.2371386,129.0453932
미로우체국,강원도,삼척시,미로면 적병길 36,37.4163539,129.1128323
삼척가곡우편취급국,강원도,삼척시,가곡면 가곡천로 1473,37.1493688,129.205641
삼척강원대학교우편취급국,강원도,삼척시,"중앙로 346 (학생회관 1층) (교동, 강원대학교삼척캠퍼스)",37.4534416,129.161989
삼척교동우편취급국,강원도,삼척시,"정상안길 76 (정상동,열린학원)",37.4451444,129.1775757
삼척우체국,강원도,삼척시,진주로 36 (남양동),37.4437347,129.1641891
삼척정라우체국,강원도,삼척시,새천년도로 23 (정상동),37.43663,129.1851971
임원우체국,강원도,삼척시,원덕읍 임원본촌길 23,37.2313268,129.343862
제73군사우편출장소,강원도,삼척시,새천년도로 648 (갈천동),37.4642703,129.1591745
하장우체국,강원도,삼척시,하장면 하장길 54,37.3468917,128.9450707
호산우체국,강원도,삼척시,원덕읍 삼척로 449,37.1763723,129.3342634
내촌우체국,강원도,홍천군,내촌면 아홉사리로 1141,37.8157334,128.0888563
반곡우체국,강원도,홍천군,서면 팔봉산로 624,37.6888352,127.6650222
북방우체국,강원도,홍천군,북방면 영서로 2678,37.7034444,127.85292
서석우체국,강원도,홍천군,서석면 구룡령로 2518,37.7127506,128.1847478
성산우체국,강원도,홍천군,화촌면 성산로 139 (성산리),37.7706852,127.9666857
양덕원우체국,강원도,홍천군,남면 양덕원로 88,37.6173391,127.7682414
영귀미우체국,강원도,홍천군,영귀미면 공작산로 510,37.6774459,127.9362589
자은우체국,강원도,홍천군,두촌면 자은로 341,37.8681927,128.0181948
제101군사우편출장소,강원도,홍천군,북방면 하화계리 264-12(홍천로 132),37.6927792,127.8615803
창촌우체국,강원도,홍천군,내면 창촌로 45-5,37.7723391,128.3891892
홍천갈마곡우편취급국,강원도,홍천군,홍천읍 갈마로 58 (갈마곡리),37.6946065,127.9025558
홍천연봉우체국,강원도,홍천군,홍천읍 연봉중앙로 54,37.6823281,127.8785337
홍천우체국,강원도,홍천군,홍천읍 홍천로 368,37.6891256,127.8862032
기린우체국,강원도,인제군,기린면 기린로 28,37.9546738,128.3175766
상남우체국,강원도,인제군,상남면 내린천로 2562,37.8720844,128.2599347
서화우체국,강원도,인제군,서화면 천도로114번길 3,38.222401,128.209387
신남우체국,강원도,인제군,남면 신남로 60,37.9679375,128.0800466
원통우체국,강원도,인제군,북면 금강로26번길 10(원통우체국),38.1231621,128.2077109
인제우체국,강원도,인제군,인제읍 인제로193번길 10,38.0697834,128.1716499
방산우체국,강원도,양구군,방산면 평화로 5141,38.208892,127.9466244
양구국토정중앙우체국,강원도,양구군,국토정중앙면 정중앙로 612 (청리),38.108211,128.0334875
양구우체국,강원도,양구군,양구읍 관공서로 26,38.1083757,127.9904263
임당우체국,강원도,양구군,동면 금강산로 1695,38.2024036,128.0439849
해안우체국,강원도,양구군,해안면 펀치볼로 1306,38.2847991,128.1379553
구철원우체국,강원도,철원군,철원읍 금학로 285,38.2132781,127.2141998
김화우체국,강원도,철원군,김화읍 김화로 621,38.2481124,127.4202206
동송우체국,강원도,철원군,동송읍 이평로 27,38.2101204,127.2209666
와수우체국,강원도,철원군,서면 와수로 163-1,38.2383763,127.4377
철원근남우체국,강원도,철원군,근남면 하오재로 2066-1,38.2384737,127.4712849
철원우체국,강원도,철원군,갈말읍 삼부연로 25,38.1457831,127.3107352
철원자등우체국,강원도,철원군,서면 자등로 612,38.1665029,127.4145356
강릉우편집중국,강원도,강릉시,하슬라로 114 (교동),37.759535,128.873915
제주지방우정청,제주도,제주시,청사로 59,33.4912525,126.525416
제주우편집중국,제주도,제주시,1100로 3307(노형동 707) 제주우편집중국,33.481764,126.4806804
김녕우체국,제주도,제주시,구좌읍 김녕로 86,33.5540789,126.7471505
세화우체국,제주도,제주시,구좌읍 구좌로 26-4,33.5231096,126.8541955
신제주우체국,제주도,제주시,선덕로 5 (연동),33.4858357,126.4973544
신창우체국,제주도,제주시,한경면 두신로 71,33.3495889,126.1825561
애월우체국,제주도,제주시,애월읍 애월로11길 8,33.4650998,126.3204857
제주고산우체국,제주도,제주시,한경면 고산로 27,33.3036546,126.1791797
제주공항우편취급국,제주도,제주시,공항로 2 (용담이동),33.5059364,126.4959513
제주관광대학우편취급국,제주도,제주시,애월읍 평화로 2715,33.4483838,126.434602
제주국제대학교우편취급국,제주도,제주시,516로 2870 (영평동),33.4404296,126.5703877
제주노형동우체국,제주도,제주시,월랑로 20 (노형동),33.487974,126.4774831
제주대학교우편취급국,제주도,제주시,제주대학로 102 (아라일동),33.455902,126.5623921
제주도남동우체국,제주도,제주시,도남로 87 (도남동),33.4926292,126.5284008
제주동광우체국,제주도,제주시,동광로 136-1 (일도이동),33.5077551,126.5412848
제주삼담우체국,제주도,제주시,남성로 6 (용담일동),33.5006906,126.5131033
제주삼성우체국,제주도,제주시,광양7길 3 (이도이동),33.5005417,126.5297875
제주아라1동우편취급국,제주도,제주시,중앙로 579 (아라일동),33.4718114,126.5457903
제주연동우체국,제주도,제주시,1100로 3307 (노형동),33.481764,126.4806804
제주외도동우편취급국,제주도,제주시,우정로12길 8 (외도일동),33.4876954,126.4299155
제주용담2동우편취급국,제주도,제주시,용문로 150 (용담이동),33.5079969,126.5098556
제주우도우체국,제주도,제주시,우도면 우도로 142,33.5051,126.954138
제주우체국,제주도,제주시,관덕로 33 (삼도이동),33.5134349,126.5227326
제주우체국 제주지방법원출장소,제주도,제주시,남광북5길 3 (이도이동),33.4940961,126.5356224
제주일도2동우편취급국,제주도,제주시,연신로 17 (일도이동),33.4993535,126.5450482
제주제원우편취급국,제주도,제주시,"신광로6길 25 (연동,제원아파트)",33.4878623,126.487377
제주화북동우체국,제주도,제주시,화삼로 1 (화북일동),33.5145686,126.5733816
조천우체국,제주도,제주시,조천읍 신북로 251,33.5379657,126.6389717
추자도우체국,제주도,제주시,추자면 대서2길 11,33.9639409,126.2970106
하귀우체국,제주도,제주시,애월읍 항몽로 26,33.4811765,126.4049466
한림우체국,제주도,제주시,한림읍 한림중앙로 30,33.4119562,126.2647665
함덕우체국,제주도,제주시,조천읍 신북로 480,33.5431924,126.6613797
협재우체국,제주도,제주시,한림읍 한림로 402,33.3976633,126.2454846
모슬포우체국,제주도,서귀포시,대정읍 상모로 316,33.2227999,126.2556274
서귀포고성우체국,제주도,서귀포시,성산읍 서성일로 1253,33.4473466,126.9121723
서귀포법환동우체국,제주도,서귀포시,법환로 27-1 (법환동),33.2372137,126.5124267
서귀포안성우체국,제주도,서귀포시,대정읍 추사로12번길 28,33.25019,126.279632
서귀포예래동우체국,제주도,서귀포시,하예로 58,33.245578,126.3905457
서귀포우체국,제주도,서귀포시,신중로 34 (강정동),33.2548279,126.5089135
서귀포중문동우체국,제주도,서귀포시,천제연로 175 (중문동),33.2520772,126.4234614
서귀포중앙동우체국,제주도,서귀포시,중정로 57 (서귀동),33.2480531,126.5622604
서귀포효돈동우체국,제주도,서귀포시,효돈로 160 (하효동),33.263438,126.6157634
성산포우체국,제주도,서귀포시,성산읍 성산중앙로 42,33.4632883,126.93386
안덕우체국,제주도,서귀포시,안덕면 화순로 109,33.2463053,126.3346256
위미우체국,제주도,서귀포시,남원읍 태위로 139,33.2751452,126.6622356
제주남원우체국,제주도,서귀포시,남원읍 태위로 632,33.277709,126.7141902
중문관광단지우편취급국,제주도,서귀포시,중문관광로110번길 15 (색달동),33.2500441,126.413005
표선우체국,제주도,서귀포시,표선면 표선동서로 245,33.3258444,126.8323799
