Center_Name,County,City,Address,Latitude,Longitude
청운효자동주민센터,서울특별시,종로구,자하문로 92,37.5841367,126.9706519
사직동주민센터,서울특별시,종로구,경희궁1길 15,37.5713641,126.9706183
삼청동주민센터,서울특별시,종로구,삼청로 107,37.5850126,126.981836
부암동주민센터,서울특별시,종로구,창의문로 145,37.5924785,126.9641
평창동주민센터,서울특별시,종로구,평창문화로 65,37.6063166,126.9681871
무악동주민센터,서울특별시,종로구,통일로14길 36,37.5760032,126.958148
교남동주민센터,서울특별시,종로구,송월길 154,37.5719391,126.9619364
가회동주민센터,서울특별시,종로구,북촌로 35,37.5800784,126.9847995
종로1234가동주민센터,서울특별시,종로구,종로17길 8,37.5707233,126.9889815
종로56가동주민센터,서울특별시,종로구,종로35가길 19,37.5720148,127.0050414
이화동주민센터,서울특별시,종로구,이화장길 33,37.577008,127.004338
혜화동주민센터,서울특별시,종로구,혜화로 12,37.5869186,127.0005764
창신1동주민센터,서울특별시,종로구,지봉로 8-6,37.570758,127.016363
창신2동주민센터,서울특별시,종로구,창신길 62,37.574458,127.010863
창신3동주민센터,서울특별시,종로구,지봉로 87,37.5778444,127.0151761
숭인1동주민센터,서울특별시,종로구,지봉로 86,37.5778049,127.0156274
숭인2동주민센터,서울특별시,종로구,종로65길 10,37.574867,127.019988
소공동주민센터,서울특별시,중구,남대문로1길 31-5,37.562442,126.977025
회현동주민센터,서울특별시,중구,퇴계로8길 46,37.5572864,126.9793216
명동주민센터(임시청사),서울특별시,중구,퇴계로20나길 16,37.5583291,126.9852542
필동주민센터,서울특별시,중구,퇴계로36길 42,37.5601529,126.9955699
장충동주민센터,서울특별시,중구,장충단로8길 22,37.5618946,127.0078812
광희동주민센터,서울특별시,중구,퇴계로 303-9,37.564494,127.0050623
을지로동주민센터(임시청사),서울특별시,중구,충무로9길 20,37.5670173,126.9913248
신당동주민센터,서울특별시,중구,다산로33길 3,37.5620506,127.0144795
다산동주민센터,서울특별시,중구,동호로15길 50,37.5542861,127.0082322
약수동주민센터,서울특별시,중구,다산로 92,37.552479,127.0090022
청구동주민센터,서울특별시,중구,청구로3길 55,37.557083,127.014687
신당제5동주민센터,서울특별시,중구,다산로44길 85,37.565142,127.02185
동화동주민센터,서울특별시,중구,다산로36길 100,37.5600434,127.0194561
황학동주민센터,서울특별시,중구,난계로11길 52,37.5673446,127.0212812
중림동주민센터,서울특별시,중구,만리재로175,37.5549829,126.9631642
후암동주민센터,서울특별시,용산구,후암로 32-6,37.5486375,126.9781344
용산2가동주민센터,서울특별시,용산구,신흥로 90,37.5461327,126.9855777
남영동주민센터,서울특별시,용산구,두텁바위로 25,37.5457586,126.9748403
청파동주민센터,서울특별시,용산구,청파로49길 6,37.545432,126.969889
원효로제1동주민센터,서울특별시,용산구,백범로 350,37.5372185,126.9676811
원효로제2동주민센터,서울특별시,용산구,효창원로8길 3,37.53435,126.951538
효창동주민센터,서울특별시,용산구,효창원로 161,37.5424569,126.9618498
용문동주민센터,서울특별시,용산구,새창로12길 13,37.5389,126.957562
한강로동주민센터,서울특별시,용산구,한강대로38길 28,37.5281071,126.9692332
이촌제1동주민센터,서울특별시,용산구,이촌로71길 24,37.5214167,126.9732
이촌제2동주민센터,서울특별시,용산구,이촌로18길 20,37.5262575,126.9547071
이태원제1동주민센터,서울특별시,용산구,보광로 104-6,37.5325225,126.9950384
이태원제2동주민센터,서울특별시,용산구,회나무로13길 58,37.5418962,126.9901481
한남동주민센터,서울특별시,용산구,대사관로5길 1,37.53455,127.0005
서빙고동주민센터,서울특별시,용산구,서빙고로 279,37.520458,126.994663
보광동주민센터,서울특별시,용산구,장문로 95,37.5263257,127.0001818
왕십리도선동주민센터,서울특별시,성동구,마장로 141,37.5678257,127.0255501
왕십리제2동주민센터,서울특별시,성동구,무학봉15길 6,37.5618652,127.0310213
마장동주민센터,서울특별시,성동구,마장로 42길 11,37.566325,127.045388
사근동주민센터,서울특별시,성동구,사근동길 37,37.5614846,127.0453315
행당제1동주민센터,서울특별시,성동구,고산자로10길 18,37.558567,127.036188
행당제2동주민센터,서울특별시,성동구,행당로9길 9,37.558208,127.02935
응봉동주민센터,서울특별시,성동구,독서당로 424,37.5531636,127.0334357
금호1가동주민센터,서울특별시,성동구,금호로 166-1,37.5557531,127.0203111
금호2.3가동주민센터,서울특별시,성동구,무수막18길 1,37.5532922,127.0209487
금호4가동주민센터,서울특별시,성동구,독서당로46길 26,37.5471987,127.02241
옥수동주민센터,서울특별시,성동구,독서당로 203,37.5436402,127.0134148
성수1가제1동주민센터,서울특별시,성동구,뚝섬로3길8,37.5410304,127.0496441
성수1가제2동주민센터,서울특별시,성동구,왕십리로5길3,37.5464774,127.0443034
성수2가제1동주민센터,서울특별시,성동구,뚝섬로385-19,37.5395907,127.0540659
성수2가제3동주민센터,서울특별시,성동구,광나루로2길 35,37.5482223,127.0552645
송정동주민센터,서울특별시,성동구,동일로 43길 13,37.5545217,127.0696004
용답동주민센터,서울특별시,성동구,용답중앙23길 20,37.5640618,127.0555515
중곡제1동주민센터,서울특별시,광진구,긴고랑로12길 49,37.560675,127.080038
중곡제2동주민센터,서울특별시,광진구,능동로 346,37.560308,127.081487
중곡제3동주민센터(임시청사),서울특별시,광진구,용마산로 117,37.5640462,127.0865889
중곡제4동주민센터,서울특별시,광진구,긴고랑로 131,37.5590865,127.0894538
능동주민센터,서울특별시,광진구,천호대로112길 55,37.5537803,127.0804994
구의제1동주민센터,서울특별시,광진구,광나루로36길 56,37.5424917,127.0856756
구의제2동주민센터,서울특별시,광진구,천호대로136길 55,37.5471504,127.0899608
구의제3동주민센터,서울특별시,광진구,강변역로 17,37.5379468,127.0921464
광장동주민센터,서울특별시,광진구,광장로 52,37.546892,127.103025
자양제1동주민센터,서울특별시,광진구,자양로13길 37,37.534508,127.082438
자양제2동주민센터,서울특별시,광진구,자양로3가길 26,37.528825,127.084438
자양제3동주민센터,서울특별시,광진구,뚝섬로 568,37.533842,127.072913
자양제4동주민센터,서울특별시,광진구,뚝섬로26길 58,37.5341115,127.0662969
화양동주민센터,서울특별시,광진구,능동로17길 39,37.5465421,127.0713152
군자동주민센터,서울특별시,광진구,면목로13,37.5554853,127.0753494
용신동주민센터,서울특별시,동대문구,천호대로27길 35,37.5758185,127.0372169
제기동주민센터,서울특별시,동대문구,약령시로 71,37.5831612,127.0378551
전농제1동주민센터,서울특별시,동대문구,서울시립대로9길21,37.5779984,127.0477575
전농제2동주민센터,서울특별시,동대문구,사가정로 137,37.5781027,127.0600375
답십리제1동주민센터,서울특별시,동대문구,사가정로 30,37.5717963,127.0512678
답십리제2동주민센터,서울특별시,동대문구,한천로11길 18,37.567417,127.06125
장안제1동주민센터,서울특별시,동대문구,한천로18길 52,37.567842,127.066375
장안제2동주민센터,서울특별시,동대문구,사가정로 230-1,37.578483,127.0706
청량리동주민센터,서울특별시,동대문구,왕산로 239 4층,37.583058,127.0482149
회기동주민센터,서울특별시,동대문구,회기로25길 12-1,37.5908083,127.0553132
휘경제1동주민센터,서울특별시,동대문구,외대역동로6길 3,37.592932,127.065725
휘경제2동주민센터,서울특별시,동대문구,한천로 329,37.5902093,127.0685788
이문제1동주민센터,서울특별시,동대문구,외대역동로 114-1,37.597849,127.06545
이문제2동주민센터,서울특별시,동대문구,신이문로 27-5,37.6033571,127.065075
면목본동 주민센터,서울특별시,중랑구,면목로 397,37.5873592,127.0874227
면목제2동 주민센터,서울특별시,중랑구,동일로101길 20-15,37.589799,127.07905
면목제38동 주민센터,서울특별시,중랑구,사가정로51길 48,37.582968,127.0880956
면목제4동 주민센터,서울특별시,중랑구,면목로 246,37.5746736,127.0855775
면목제5동 주민센터,서울특별시,중랑구,동일로 619,37.5857842,127.079511
면목제7동 주민센터,서울특별시,중랑구,사가정로52길 13 5층 ~ 9층,37.5800874,127.0874569
상봉제1동 주민센터,서울특별시,중랑구,상봉중앙로1길 6,37.5998799,127.0872004
상봉제2동 주민센터,서울특별시,중랑구,동일로114길 10,37.592892,127.0808518
중화제1동 주민센터,서울특별시,중랑구,동일로134길 17,37.6011745,127.080623
중화제2동 주민센터,서울특별시,중랑구,동일로129길 1 5층,37.5993838,127.0795427
묵제1동 주민센터,서울특별시,중랑구,공릉로2가길 5,37.6123734,127.0784729
묵제2동 주민센터,서울특별시,중랑구,동일로157길 29,37.6096644,127.0763966
망우본동 주민센터,서울특별시,중랑구,망우로67길 10,37.6005732,127.1014684
망우제3동 주민센터,서울특별시,중랑구,겸재로61길 40,37.5919108,127.0949497
신내제1동 주민센터,서울특별시,중랑구,용마산로129나길 35,37.605882,127.099538
신내제2동 주민센터,서울특별시,중랑구,봉화산로 190,37.6061896,127.0942306
성북동주민센터,서울특별시,성북구,성북로 37,37.5911237,127.0032875
삼선동주민센터,서울특별시,성북구,보문로 190,37.5908326,127.0146297
동선동주민센터,서울특별시,성북구,동소문로26길 27,37.5939824,127.0203666
돈암제1동주민센터(임시청사),서울시,성북구,"정릉로48길35, 3층",37.6025844,127.0277465
돈암제2동주민센터,서울특별시,성북구,흥천사길 7,37.598039,127.0105659
안암동주민센터,서울특별시,성북구,고려대로 16,37.5858532,127.0213937
보문동주민센터,서울특별시,성북구,안암로3길 35,37.580383,127.0228
정릉제1동주민센터,서울특별시,성북구,정릉로38마길 33,37.6014512,127.0166146
정릉제2동주민센터,서울특별시,성북구,정릉로26길 1,37.6045594,127.010714
정릉제3동주민센터,서울특별시,성북구,솔샘로1길 6-3,37.6089578,127.004186
정릉제4동주민센터,서울특별시,성북구,보국문로 106-1,37.6133387,127.0069798
길음제1동주민센터,서울특별시,성북구,길음로 92,37.6104856,127.0193925
길음제2동주민센터,서울특별시,성북구,삼양로2길 70,37.6066835,127.0273442
종암동주민센터,서울특별시,성북구,종암로 98-8,37.5990075,127.0351572
월곡제1동주민센토,서울특별시,성북구,오패산로 96,37.6105472,127.0357574
월곡제2동주민센터,서울특별시,성북구,화랑로 152,37.6057667,127.0478758
장위제1동주민센터,서울특별시,성북구,장위로 61,37.6141245,127.0437129
장위제2동주민센터,서울특별시,성북구,돌곶이로27길 12,37.6123899,127.0545206
장위제3동주민센터,서울특별시,성북구,한천로 657,37.6171204,127.057213
석관동주민센터,서울특별시,성북구,화랑로 296,37.612957,127.061413
삼양동주민센터,서울특별시,강북구,솔매로 69,37.6250518,127.0197725
미아동주민센터,서울특별시,강북구,솔매로49길 14,37.6270736,127.0269791
송중동주민센터,서울특별시,강북구,오패산로 162,37.616099,127.033738
송천동주민센터,서울특별시,강북구,솔샘로 284,37.618282,127.023838
삼각산동주민센터,서울특별시,강북구,삼양로19길 34,37.6151568,127.0207209
번1동주민센터,서울특별시,강북구,덕릉로41길 74,37.6377594,127.0305818
번2동주민센터,서울특별시,강북구,한천로 897,37.6323588,127.0387953
번3동주민센터,서울특별시,강북구,한천로105길 21,37.625874,127.04665
수유1동주민센터,서울특별시,강북구,삼양로 299,37.6300865,127.0176014
수유2동주민센터,서울특별시,강북구,한천로 1117,37.6447027,127.0198777
수유3동주민센터,서울특별시,강북구,노해로 36,37.638715,127.023125
우이동주민센터,서울특별시,강북구,삼양로 139길 49,37.6479523,127.0118533
인수동주민센터,서울특별시,강북구,인수봉로 255,37.6415105,127.0106307
쌍문제1동 주민센터,서울특별시,도봉구,노해로 147,37.6480275,127.0261145
쌍문제2동 주민센터,서울특별시,도봉구,도봉로138길 21,37.661273,127.043771
쌍문제3동 주민센터,서울특별시,도봉구,노해로44길9,37.6489775,127.0278643
쌍문제4동 주민센터,서울특별시,도봉구,시루봉로 62-7,37.656482,127.028425
방학제1동 주민센터,서울특별시,도봉구,방학로2길 27,37.6641763,127.0407251
방학제2동 주민센터,서울특별시,도봉구,시루봉로 226,37.6681842,127.0351005
방학제3동 주민센터,서울특별시,도봉구,시루봉로 94,37.6591685,127.028036
창제1동 주민센터,서울특별시,도봉구,해등로 46,37.6483771,127.0438238
창제2동 주민센터,서울특별시,도봉구,덕릉로59길 73-3,37.6414033,127.0356387
창제3동 주민센터,서울특별시,도봉구,덕릉로62길 89,37.6381278,127.0429556
창제4동 주민센터,서울특별시,도봉구,노해로 390,37.6522276,127.0515994
창제5동 주민센터,서울특별시,도봉구,도봉로136나길 20,37.6563436,127.0436793
도봉제1동 주민센터,서울특별시,도봉구,도봉로169나길 22,37.6786913,127.0434369
도봉제2동 주민센터,서울특별시,도봉구,마들로 668,37.669751,127.046575
월계1동주민센터,서울특별시,노원구,석계로 59,37.6199197,127.0630165
월계2동주민센터,서울특별시,노원구,초안산로5길 28,37.6325377,127.0508
월계3동주민센터,서울특별시,노원구,마들로 57,37.6210475,127.0692485
공릉1동주민센터,서울특별시,노원구,동일로186길 3-24,37.624874,127.073838
공릉2동주민센터,서울특별시,노원구,노원로1길 68,37.621332,127.083488
하계1동주민센터,서울특별시,노원구,노원로 261,37.6405374,127.0725852
하계2동주민센터,서울특별시,노원구,공릉로55길 88,37.6320048,127.0679733
중계본동주민센터,서울특별시,노원구,중계로 143,37.64784,127.080338
중계1동주민센터,서울특별시,노원구,한글비석로 279,37.6525986,127.0775275
중계2.3동주민센터,서울특별시,노원구,노원로17길 56,37.6421829,127.0687126
중계4동주민센터,서울특별시,노원구,덕릉로82길 50,37.6587275,127.0780091
상계1동주민센터,서울특별시,노원구,동일로 1697,37.6799006,127.0549781
상계2동주민센터,서울특별시,노원구,상계로 118,37.6574727,127.0678377
상계3.4동주민센터,서울특별시,노원구,덕릉로 859,37.6729133,127.0832665
상계5동주민센터,서울특별시,노원구,한글비석로 432,37.6627472,127.0695231
상계6.7동주민센터,서울특별시,노원구,노원로 429,37.654882,127.0669541
상계8동주민센터,서울특별시,노원구,동일로227길 97,37.6667854,127.0515874
상계9동주민센터,서울특별시,노원구,한글비석로 487,37.664553,127.0638347
상계10동주민센터,서울특별시,노원구,노원로 530,37.661274,127.060225
녹번동주민센터,서울특별시,은평구,은평로 195,37.602784,126.929164
불광제1동주민센터,서울특별시,은평구,진흥로15길 10,37.6103876,126.9320747
불광제2동주민센터,서울특별시,은평구,연서로41길 18,37.6263831,126.9272663
갈현제1동주민센터,서울특별시,은평구,갈현로 301,37.623707,126.916675
갈현제2동주민센터,서울특별시,은평구,연서로27길 31-6,37.6185866,126.9158385
구산동주민센터,서울특별시,은평구,갈현로17길 10,37.6117455,126.9103893
대조동주민센터,서울특별시,은평구,연서로20길 24-3,37.614165,126.920813
응암제1동주민센터,서울특별시,은평구,백련산로 179,37.6006884,126.926813
응암제2동주민센터,서울특별시,은평구,백련산로 100,37.5946071,126.9230926
응암제3동주민센터,서울특별시,은평구,불광천길 410-17,37.5922474,126.9157268
역촌동주민센터,서울특별시,은평구,연서로 59,37.6044046,126.915114
신사제1동주민센터,서울특별시,은평구,은평로2길 2,37.5978445,126.9117735
신사제2동주민센터,서울특별시,은평구,증산로15길 47,37.5902796,126.9084195
증산동주민센터,서울특별시,은평구,증산서길 89,37.5843063,126.9070404
수색동주민센터,서울특별시,은평구,수색로280,37.5835188,126.8936727
진관동주민센터,서울특별시,은평구,진관2로 31,37.634983,126.9210512
충현동주민센터,서울특별시,서대문구,북아현로22길 38,37.5648265,126.9546863
천연동주민센터,서울특별시,서대문구,성산로 694,37.5711247,126.9590332
북아현동주민센터,서울특별시,서대문구,북아현로 24,37.5595,126.957025
신촌동주민센터,서울특별시,서대문구,연세로2나길 47,37.5578175,126.9395459
연희동주민센터,서울특별시,서대문구,연희로 189,37.5739083,126.9351754
홍제제1동주민센터,서울특별시,서대문구,통일로 435-1,37.5876988,126.9448779
홍제제2동주민센터,서울특별시,서대문구,통일로34길 27,37.586107,126.949338
홍제제3동주민센터,서울특별시,서대문구,세검정로4길 32,37.5938295,126.9496737
홍은제1동주민센터,서울특별시,서대문구,홍은중앙로 85,37.5989056,126.9471111
홍은제2동주민센터,서울특별시,서대문구,모래내로 334,37.5801972,126.9342509
남가좌제1동주민센터,서울특별시,서대문구,모래내로15길 37,37.573295,126.9197232
남가좌제2동주민센터,서울특별시,서대문구,증가로10길 28,37.5784658,126.9238889
북가좌제1동주민센터,서울특별시,서대문구,수색로 100-55,37.57429,126.910194
북가좌제2동주민센터,서울특별시,서대문구,응암로1길 10,37.5815,126.9112
공덕동주민센터,서울특별시,마포구,만리재옛길 84,37.550192,126.960025
아현동주민센터,서울특별시,마포구,마포대로7길 18,37.547125,126.95215
도화동주민센터,서울특별시,마포구,도화길 37,37.5415123,126.9498798
용강동주민센터,서울특별시,마포구,토정로31길 31,37.5422119,126.9426766
대흥동주민센터,서울특별시,마포구,신촌로26길 10,37.5557827,126.9424619
염리동주민센터,서울특별시,마포구,숭문길 14,37.5470734,126.9456502
신수동주민센터,서울특별시,마포구,독막로 192,37.5471182,126.9351878
서강동주민센터,서울특별시,마포구,독막로 165,37.5477444,126.93206
서교동주민센터,서울특별시,마포구,동교로15길 7,37.5551015,126.914588
합정동주민센터,서울특별시,마포구,월드컵로5길 11,37.5516561,126.9118888
망원제1동주민센터,서울특별시,마포구,포은로6길 10,37.5556222,126.9055969
망원제2동주민센터,서울특별시,마포구,방울내로7길 11,37.5602495,126.9023578
연남동주민센터,서울특별시,마포구,성미산로29길 17-9,37.564501,126.922027
성산제1동주민센터,서울특별시,마포구,성산로4길 15,37.5634083,126.90785
성산제2동주민센터,서울특별시,마포구,월드컵북로30길 22,37.568618,126.9090061
상암동주민센터,서울특별시,마포구,매봉산로2길 16,37.578325,126.8946875
목1동주민센터,서울특별시,양천구,목동서로 192,37.5303777,126.8712323
목2동주민센터,서울특별시,양천구,목동중앙본로 120,37.5461131,126.8717128
목3동주민센터,서울특별시,양천구,목동중앙남로16나길 55,37.5448009,126.8644431
목4동주민센터,서울특별시,양천구,목동중앙로 25,37.532425,126.86835
목5동주민센터,서울특별시,양천구,목동서로 41,37.5371201,126.8816206
신월1동주민센터,서울특별시,양천구,곰달래로1길 38,37.532808,126.831487
신월2동주민센터,서울특별시,양천구,중앙로53길 47,37.5249763,126.8444512
신월3동주민센터,서울특별시,양천구,남부순환로54길 5,37.5336234,126.8291541
신월4동주민센터,서울특별시,양천구,오목로5길 34,37.5246218,126.8401341
신월5동주민센터,서울특별시,양천구,화곡로4길 10,37.5386227,126.8271621
신월6동주민센터,서울특별시,양천구,남부순환로83길 53,37.5179929,126.8451505
신월7동주민센터,서울특별시,양천구,지양로14길 17,37.5242177,126.8329278
신정1동주민센터,서울특별시,양천구,중앙로32길 1,37.5185289,126.8542636
신정2동주민센터,서울특별시,양천구,목동동로 154,37.5221018,126.8752658
신정3동주민센터,서울특별시,양천구,중앙로 209,37.5151685,126.8547892
신정4동주민센터,서울특별시,양천구,오목로34길 5,37.5245455,126.8558042
신정6동주민센터,서울특별시,양천구,목동서로 353,37.5170414,126.8644471
신정7동주민센터,서울특별시,양천구,목동동로 37,37.514393,126.8597007
염창동주민센터,서울특별시,강서구,양천로67가길 63,37.553751,126.8709777
등촌제1동주민센터,서울특별시,강서구,공항대로53가길 55,37.5558154,126.8589287
등촌제2동주민센터,서울특별시,강서구,등촌로 143,37.542658,126.8625
등촌제3동주민센터,서울특별시,강서구,화곡로63길 96,37.5589789,126.847881
화곡본동주민센터,서울특별시,강서구,초록마을로5길 29,37.544075,126.847725
화곡제1동주민센터,서울특별시,강서구,곰달래로 79,37.530408,126.841562
화곡제2동주민센터,서울특별시,강서구,곰달래로37길 13,37.531817,126.854613
화곡제3동주민센터,서울특별시,강서구,강서로33가길 17,37.5425392,126.8384231
화곡제4동주민센터,서울특별시,강서구,곰달래로57가길 26,37.5346476,126.8609068
화곡제6동주민센터,서울특별시,강서구,공항대로46길 105,37.5515623,126.850962
화곡제8동주민센터,서울특별시,강서구,곰달래로25길 45,37.5326541,126.848335
우장산동주민센터,서울특별시,강서구,우현로 34,37.5482468,126.8418849
가양제1동주민센터,서울특별시,강서구,허준로 30,37.5695239,126.8447099
가양제2동주민센터,서울특별시,강서구,허준로 93,37.5673763,126.8512826
가양제3동주민센터,서울특별시,강서구,허준로 202,37.561092,126.8605955
발산제1동주민센터,서울특별시,강서구,강서로47길 54,37.5531209,126.8331686
공항동주민센터,서울특별시,강서구,송정로 45,37.5588296,126.8101437
방화제1동주민센터,서울특별시,강서구,방화대로 330,37.5703659,126.817026
방화제2동주민센터,서울특별시,강서구,개화동로21길 52,37.5717834,126.8058069
방화제3동주민센터,서울특별시,강서구,금낭화로24길 5,37.5787386,126.8135628
신도림동주민센터,서울특별시,구로구,신도림로 40,37.5077664,126.8805826
구로제1동주민센터,서울특별시,구로구,구일로4길 57,37.4930433,126.8757585
구로제2동주민센터,서울특별시,구로구,구로동로 141,37.491377,126.8834703
구로제3동주민센터,서울특별시,구로구,디지털로31길 109,37.4873799,126.8903678
구로제4동주민센터,서울특별시,구로구,구로동로28길 94,37.4916271,126.8891697
구로제5동주민센터,서울특별시,구로구,구로중앙로28길 66,37.5001593,126.8892945
가리봉동주민센터,서울특별시,구로구,우마2길 35,37.4825557,126.8897489
고척제1동주민센터,서울특별시,구로구,중앙로3길 18-8,37.5004631,126.8628603
고척제2동주민센터,서울특별시,구로구,중앙로15길 22,37.5067055,126.8587122
개봉제1동주민센터,서울특별시,구로구,경인로33길 51,37.5003318,126.8511255
개봉제2동주민센터,서울특별시,구로구,개봉로16가길 17,37.4907149,126.8565907
개봉제3동주민센터,서울특별시,구로구,개봉로3길 47-5,37.485993,126.853838
오류제1동주민센터,서울특별시,구로구,경인로27길 7,37.497009,126.845201
오류제2동주민센터,서울특별시,구로구,오류로 45,37.4888016,126.8395371
수궁동주민센터,서울특별시,구로구,오리로15길 32,37.4939422,126.8314627
항동주민센터,서울특별시,구로구,연동로 191-19,37.4791103,126.8225449
가산동주민센터,서울특별시,금천구,가산로 129,37.4769094,126.8917326
독산제1동주민센터,서울특별시,금천구,시흥대로123길 11,37.4702453,126.897041
독산제2동주민센터,서울특별시,금천구,독산로 179,37.4631474,126.9034825
독산제3동주민센터,서울특별시,금천구,독산로 317,37.4751198,126.9032524
독산제4동주민센터,서울특별시,금천구,독산로 232,37.4675452,126.9022074
시흥제1동주민센터,서울특별시,금천구,시흥대로58길 36,37.4535411,126.9032625
시흥제2동주민센터,서울특별시,금천구,금하로 764,37.4495487,126.9148345
시흥제3동주민센터,서울특별시,금천구,시흥대로18길 40,37.4403095,126.9057945
시흥제4동주민센터,서울특별시,금천구,독산로36길 14,37.4589713,126.9061628
시흥제5동주민센터,서울특별시,금천구,금하로24길 6,37.4507194,126.9083398
영등포본동주민센터,서울특별시,영등포구,신길로61길 17,37.5146826,126.9093046
영등포동주민센터,서울특별시,영등포구,영등포로53길 22,37.5203914,126.9107068
여의동주민센터,서울특별시,영등포구,국제금융로 124,37.5177232,126.934584
당산제1동주민센터,서울특별시,영등포구,양산로23길 11,37.5249643,126.897443
당산제2동주민센터,서울특별시,영등포구,당산로41가길 7,37.5310483,126.8973273
도림동주민센터,서울특별시,영등포구,도영로7길 10,37.509475,126.89595
문래동주민센터,서울특별시,영등포구,문래로 28길 15,37.5171174,126.8994966
양평제1동주민센터,서울특별시,영등포구,영등포로11길 12,37.52365,126.888238
양평제2동주민센터,서울특별시,영등포구,선유로47길 30,37.5365008,126.8940136
신길제1동주민센터,서울특별시,영등포구,영등포로84길 24-5,37.5112667,126.9214285
신길제3동주민센터,서울특별시,영등포구,신길로41라길 13-8,37.5064747,126.9100707
신길제4동주민센터,서울특별시,영등포구,신길로42길 1,37.5084428,126.9113752
신길제5동주민센터,서울특별시,영등포구,도림로264,37.5016177,126.9052679
신길제6동주민센터,서울특별시,영등포구,대방천로167,37.4993832,126.909785
신길제7동주민센터,서울특별시,영등포구,여의대방로43길 10,37.506392,126.921475
대림제1동주민센터,서울특별시,영등포구,디지털로 441,37.4954685,126.905818
대림제2동주민센터,서울특별시,영등포구,대림로 23길25,37.4927521,126.8982938
대림제3동주민센터,서울특별시,영등포구,가마산로364,37.5009455,126.8990315
노량진제1동주민센터,서울특별시,동작구,장승배기로28길30,37.5131787,126.9465552
노량진제2동주민센터,서울특별시,동작구,장승배기로19길48,37.508509,126.937352
상도제1동주민센터,서울특별시,동작구,상도로53길9,37.4981,126.953089
상도제2동주민센터,서울특별시,동작구,상도로211,37.5055197,126.942296
상도제3동주민센터,서울특별시,동작구,성대로2길11,37.4991123,126.9313793
상도제4동주민센터,서울특별시,동작구,양녕로27길 44,37.4993993,126.9414102
흑석동주민센터,서울특별시,동작구,흑석한강로 11,37.5058617,126.966612
사당제1동주민센터,서울특별시,동작구,동작대로17길28,37.4830639,126.9786682
사당제2동주민센터,서울특별시,동작구,동작대로29길52,37.4887323,126.9792598
사당제3동주민센터,서울특별시,동작구,사당로17길86,37.4866575,126.9720766
사당제4동주민센터,서울특별시,동작구,사당로16아길6,37.4809888,126.9716704
사당제5동주민센터,서울특별시,동작구,사당로2가길219,37.4857521,126.9668658
대방동주민센터,서울특별시,동작구,여의대방로44길20,37.508133,126.92635
신대방제1동주민센터,서울특별시,동작구,신대방길72,37.488943,126.91005
신대방제2동주민센터,서울특별시,동작구,여의대방로24길76,37.4984422,126.9244085
보라매동주민센터,서울특별시,관악구,봉천로 279-8,37.4881456,126.9327389
은천동주민센터,서울특별시,관악구,봉천로33나길 30,37.4853086,126.9424278
성현동주민센터,서울특별시,관악구,구암길 38,37.4895366,126.9481271
중앙동주민센터,서울특별시,관악구,양녕로6다길 7,37.4842598,126.9497133
청림동주민센터,서울특별시,관악구,관악로 304,37.4928329,126.9593731
행운동주민센터,서울특별시,관악구,행운1길 43,37.4806541,126.9570456
청룡동주민센터,서울특별시,관악구,쑥고개로 44,37.4791304,126.9416518
낙성대동주민센터,서울특별시,관악구,낙성대로4가길 5,37.4762971,126.9583884
인헌동주민센터,서울특별시,관악구,남부순환로246가길 20,37.4751153,126.9652589
남현동주민센터,서울특별시,관악구,남현1가길 29,37.4745394,126.9778366
신림동주민센터,서울특별시,관악구,신림동길 14,37.4894621,126.9261574
신사동주민센터,서울특별시,관악구,조원로 142,37.4853966,126.9180165
조원동주민센터,서울특별시,관악구,조원로12길 25,37.4826299,126.9078649
미성동주민센터,서울특별시,관악구,난곡로 249,37.4761761,126.9155534
난곡동주민센터,서울특별시,관악구,난곡로30길 40,37.4709634,126.9216507
난향동주민센터,서울특별시,관악구,난곡로 67,37.461429,126.918842
서원동주민센터,서울특별시,관악구,신림로 282,37.4797346,126.9313
신원동주민센터,서울특별시,관악구,신원로3길 13,37.4816106,126.9273799
서림동주민센터,서울특별시,관악구,신림로29길 6,37.4749956,126.9349995
삼성동주민센터,서울특별시,관악구,호암로 589,37.470101,126.932963
대학동주민센터,서울특별시,관악구,신림로 111,37.4706145,126.9369907
서초1동주민센터,서울특별시,서초구,사임당로 89,37.4901186,127.0195082
서초2동주민센터,서울특별시,서초구,서초대로 70길 51,37.49208,127.02496
서초3동주민센터,서울특별시,서초구,반포대로 34,37.4837259,127.0120055
서초4동주민센터,서울특별시,서초구,서운로26길 3,37.5026685,127.0221589
잠원동주민센터,서울특별시,서초구,나루터로 38,37.5149619,127.0140771
반포본동주민센터,서울특별시,서초구,신반포로 3길 8,37.5021441,126.9868224
반포1동주민센터,서울특별시,서초구,사평대로 273,37.5050895,127.0135073
반포2동주민센터,서울특별시,서초구,신반포로 127,37.504416,126.9982723
반포3동주민센터,서울시,서초구,신반포로23길 78,37.5120925,127.0056289
반포4동주민센터,서울특별시,서초구,사평대로28길 70,37.4974314,127.0003853
방배본동주민센터,서울특별시,서초구,동광로19길 38,37.4941452,126.988785
방배1동주민센터,서울특별시,서초구,효령로29길 43,37.4832801,126.9945569
방배2동주민센터,서울특별시,서초구,청두곶길 36,37.4797439,126.9855106
방배3동주민센터,서울특별시,서초구,방배로 40,37.4784409,126.9999918
방배4동주민센터,서울시,서초구,방배로 173,37.489007,126.9923344
양재1동주민센터,서울특별시,서초구,바우뫼로 41,37.4716412,127.026744
양재2동주민센터,서울특별시,서초구,강남대로12길 44,37.470601,127.041188
내곡동주민센터,서울시,서초구,청계산로15길 77,37.4493583,127.0583103
신사동주민센터,서울특별시,강남구,압구정로 128,37.5240101,127.0227814
논현1동주민센터,서울특별시,강남구,학동로20길 25,37.5115706,127.028461
논현2동주민센터,서울특별시,강남구,학동로43길 17,37.517342,127.037213
압구정동주민센터,서울특별시,강남구,압구정로33길48,37.530642,127.030713
청담동주민센터,서울특별시,강남구,압구정로79길 26,37.525107,127.049291
삼성1동주민센터,서울특별시,강남구,봉은사로 616,37.5144424,127.062532
삼성2동주민센터,서울특별시,강남구,봉은사로 419,37.5112,127.04595
대치1동주민센터,서울특별시,강남구,남부순환로391길 19,37.4931821,127.0567047
대치2동주민센터,서울특별시,강남구,영동대로65길 24,37.5022848,127.0642072
대치4동주민센터,서울특별시,강남구,도곡로77길 23,37.4997415,127.0579127
역삼1동주민센터,서울특별시,강남구,역삼로7길 16,37.4954841,127.0333574
역삼2동주민센터,서울특별시,강남구,도곡로43길 25,37.4959674,127.0468034
도곡1동주민센터,서울특별시,강남구,"도곡로18길 57, 2층",37.488238,127.0390246
도곡2동주민센터,서울특별시,강남구,남부순환로378길 34-9,37.4837425,127.0464338
개포1동주민센터(임시청사),서울,강남구,개포로 303 현대1차상가아파트 상가동 103호(개포1동주민센터 임시청사),37.4824625,127.0544858
개포2동주민센터,서울특별시,강남구,개포로 511,37.4897723,127.0689523
개포4동주민센터,서울특별시,강남구,개포로38길 12,37.4788232,127.0516592
일원본동주민센터,서울특별시,강남구,광평로 126,37.4833484,127.0864633
일원1동주민센터(임시청사),서울특별시,강남구,개포로 615 석탑프라자 5층(일원1동주민센터 임시청사),37.4926645,127.0756013
개포3동주민센터(임시청사),서울특별시,강남구,개포로 615 석탑프라자 5층(개포3동주민센터 임시청사),37.4926645,127.0756013
수서동주민센터(임시청사),서울특별시,강남구,"광평로56길 11, 도시개발아파트 내(수서소망교회 옆)(수서동주민센터 임시청사)",37.4875007,127.1051644
세곡동주민센터,서울특별시,강남구,밤고개로 286,37.4690635,127.1069322
풍납1동주민센터,서울특별시,송파구,천호대로 152길 7,37.538092,127.122075
풍납2동주민센터,서울특별시,송파구,토성로 52,37.5292457,127.1157494
거여1동주민센터,서울특별시,송파구,오금로53길 32,37.4969643,127.1432324
거여2동주민센터,서울특별시,송파구,거마로2길 19,37.4935854,127.1467615
마천1동주민센터,서울특별시,송파구,마천로 303,37.4960195,127.1499724
마천2동주민센터,서울특별시,송파구,마천로 287,37.4968477,127.1485193
방이1동주민센터,서울특별시,송파구,위례성대로 16길 22,37.510933,127.123925
방이2동주민센터,서울특별시,송파구,"올림픽로34길 5-13, 2층",37.5164354,127.1113002
오륜동주민센터,서울특별시,송파구,양재대로 1232,37.515425,127.1343
오금동주민센터,서울특별시,송파구,중대로 25길 5,37.5030528,127.1281494
송파1동주민센터,서울특별시,송파구,백제고분로 392,37.5062595,127.1093393
송파2동주민센터,서울특별시,송파구,송이로 32,37.502317,127.1167651
석촌동주민센터,서울특별시,송파구,백제고분로 37길 16,37.503592,127.1037
삼전동주민센터,서울특별시,송파구,백제고분로 236,37.502714,127.0925354
가락본동주민센터,서울특별시,송파구,송파대로 28길 39,37.4955568,127.1217864
가락1동주민센터,서울특별시,송파구,양재대로 925,37.4964571,127.1098764
가락2동주민센터,서울특별시,송파구,중대로 20길 6,37.4987054,127.1266714
문정1동주민센터,서울특별시,송파구,동남로 116,37.4900962,127.1242148
문정2동주민센터,서울특별시,송파구,중대로 16,37.489823,127.1108107
장지동주민센터,서울특별시,송파구,새말로 19길 6,37.4869571,127.1324712
위례동주민센터,서울특별시,송파구,위례광장로 210,37.4811812,127.1440572
잠실본동주민센터,서울특별시,송파구,백제고분로 145,37.5060757,127.0832121
잠실2동주민센터,서울특별시,송파구,올림픽로 159,37.5119488,127.088559
잠실3동주민센터,서울특별시,송파구,잠실로51-31,37.5132117,127.0943589
잠실4동주민센터,서울특별시,송파구,올림픽로35길 16,37.5201089,127.1122668
잠실6동주민센터,서울특별시,송파구,올림픽로35길 120,37.518142,127.10065
잠실7동주민센터,서울특별시,송파구,"올림픽로 4길 17, 2층",37.5086777,127.0771146
강일동주민센터,서울특별시,강동구,아리수로93길 9-14,37.5649783,127.173909
상일제1동주민센터,서울,강동구,구천면로 633,37.550583,127.1683007
상일제2동주민센터,서울,강동구,"상일로6길 51, 다올빌딩",37.5499349,127.1758661
명일제1동주민센터,서울,강동구,"양재대로1634, 2층",37.5512453,127.1443656
명일제2동주민센터,서울특별시,강동구,상암로 260,37.546366,127.1513427
고덕제1동주민센터,서울특별시,강동구,양재대로 156길 123,37.5572593,127.1515382
고덕제2동주민센터,서울특별시,강동구,아리수로78길 43-12,37.5605,127.16435
암사제1동주민센터,서울특별시,강동구,올림픽로98가길 57,37.551508,127.132663
암사제2동주민센터,서울특별시,강동구,상암로3길 28,37.5517481,127.1272074
암사제3동주민센터,서울특별시,강동구,고덕로 137,37.5549912,127.1408248
천호제1동주민센터,서울특별시,강동구,구천면로42길 59,37.5450159,127.1368066
천호제2동주민센터,서울특별시,강동구,올림픽로 698,37.5434611,127.1254485
천호제3동주민센터,서울,강동구,"천호대로1089, 16층~17층",37.5365922,127.1334297
성내제1동주민센터,서울특별시,강동구,성내로 13,37.5304417,127.122425
성내제2동주민센터,서울특별시,강동구,풍성로37가길 62,37.532425,127.129563
성내제3동주민센터,서울특별시,강동구,강동대로53길 76,37.5260101,127.13287
길동주민센터,서울,강동구,천호대로1183,37.5345592,127.142679
둔촌제1동주민센터,서울,강동구,천호대로186길 7 둔촌2동주민센터 내,37.5332885,127.1419221
둔촌제2동주민센터,서울특별시,강동구,천호대로186길 7,37.5332885,127.1419221
중앙동주민센터,부산광역시,중구,중앙대로 41번길 10,35.1013019,129.0353456
동광동주민센터,부산광역시,중구,동광길 105,35.1074541,129.0352091
대청동주민센터,부산광역시,중구,대청로99번길 14-1,35.1042369,129.0310895
보수동행정복지센터,부산광역시,중구,보수대로140번길 61,35.1061895,129.0246834
부평동주민센터,부산광역시,중구,중구로29번길 23,35.1003877,129.026516
광복동주민센터,부산광역시,중구,광복로55번길 10,35.1000351,129.0304382
남포동주민센터,부산광역시,중구,자갈치로 68-1,35.0973732,129.031682
영주1동주민센터,부산광역시,중구,대영로224번길 10,35.11112,129.0350153
영주2동주민센터,부산광역시,중구,동영로 71-2,35.1115537,129.0318636
동대신1동주민센터,부산광역시,서구,구덕로280번길 32,35.1096159,129.0202546
동대신2동주민센터,부산광역시,서구,보동길275번길 9,35.112967,129.0232196
동대신3동주민센터,부산광역시,서구,대영로73번길 92,35.1144274,129.0172586
서대신1동행정복지센터,부산광역시,서구,구덕로315번길 49,35.1110786,129.0144164
서대신3동주민센터,부산광역시,서구,대신로 27,35.1134842,129.0119281
서대신4동주민센터,부산광역시,서구,꽃마을로 58,35.1192106,129.0118
부민동주민센터,부산광역시,서구,임시수도기념로 22-11,35.1038368,129.0184653
아미동주민센터,부산광역시,서구,해돋이로269번길 17,35.1001846,129.0154137
초장동주민센터,부산광역시,서구,초장로27번길 32,35.0960031,129.020294
충무동주민센터,부산광역시,서구,구덕로148번길 16,35.0980078,129.0216251
남부민1동행정복지센터,부산광역시,서구,충무대로255번길 5-26,35.0927593,129.023299
남부민2동행정복지센터,부산광역시,서구,천마로 87,35.0844847,129.0205515
암남동주민센터,부산광역시,서구,충무대로 83,35.0798494,129.0209801
초량1동행정복지센터,부산광역시,동구,중앙대로179번길 33,35.1139306,129.0369576
초량2동행정복지센터,부산광역시,동구,중앙대로209번길 30,35.1165497,129.0384653
초량3동행정복지센터,부산광역시,동구,초량상로 112,35.1213264,129.0398009
초량6동행정복지센터,부산광역시,동구,초량로 75,35.1200442,129.0345141
수정1동행정복지센터,부산광역시,동구,홍곡로 71,35.1253992,129.0422759
수정2동행정복지센터,부산광역시,동구,수정중로11번길 23,35.129981,129.0426005
수정4동행정복지센터,부산광역시,동구,망양로685번길 2,35.1271201,129.0407048
수정5동행정복지센터,부산광역시,동구,망양로795번길 2,35.1339172,129.0424181
좌천동행정복지센터,부산광역시,동구,좌천남로 19,35.1314332,129.0491557
범일1동행정복지센터,부산광역시,동구,범상로 12,35.1413146,129.0491277
범일2동행정복지센터,부산광역시,동구,범일로 58,35.1351299,129.0597905
범일5동행정복지센터,부산광역시,동구,성남로47번길 13,35.1304983,129.0538031
남항동행정복지센터,부산광역시,영도구,남항로9번길 1,35.0899453,129.0376182
영선1동행정복지센터,부산광역시,영도구,꿈나무길 25,35.0902531,129.044792
영선2동행정복지센터,부산광역시,영도구,영선대로 65,35.087024,129.0412874
신선동행정복지센터,부산광역시,영도구,하나길 317,35.0833799,129.0451425
봉래1동행정복지센터,부산광역시,영도구,대교로6번길 5,35.0935102,129.0443083
봉래2동행정복지센터,부산광역시,영도구,태종로165번길 1-8,35.093427,129.0461526
청학1동행정복지센터,부산광역시,영도구,청학서로 78,35.0968824,129.0584009
청학2동행정복지센터,부산광역시,영도구,태종로 394,35.0918908,129.0657094
동삼1동행정복지센터,부산광역시,영도구,중리로 44-1,35.0748948,129.0684255
동삼2동행정복지센터,부산광역시,영도구,동삼오션로 27,35.068394,129.0830157
동삼3동행정복지센터,부산광역시,영도구,상리로 39,35.0846665,129.0686539
부전1동주민센터,부산광역시,부산진구,범전로5번길 13,35.1635244,129.0630013
부전2동주민센터,부산광역시,부산진구,부전로20번길 13,35.1526411,129.0567641
연지동주민센터,부산광역시,부산진구,국악로 30,35.1727914,129.052775
초읍동주민센터,부산광역시,부산진구,새싹로 284,35.1814896,129.047353
양정1동주민센터,부산광역시,부산진구,동평로406번길 38,35.1721677,129.0687343
양정2동주민센터,부산광역시,부산진구,양정로15번길 26,35.1728764,129.0757562
전포1동주민센터,부산광역시,부산진구,서전로68번길 75,35.1544183,129.0673831
전포2동주민센터,부산광역시,부산진구,동성로118번길 34,35.1616889,129.0662018
부암1동주민센터,부산광역시,부산진구,신천대로241번길 41,35.1633118,129.0485492
부암3동주민센터,부산광역시,부산진구,백양순환로110번길 25,35.168931,129.0395866
당감1동주민센터,부산광역시,부산진구,동평로44번길 49-6,35.1644669,129.0356415
당감2동주민센터,부산광역시,부산진구,가야대로703번길 13,35.1578132,129.0478371
당감4동주민센터,부산광역시,부산진구,백양순환로 40,35.1682395,129.0334098
가야1동주민센터,부산광역시,부산진구,가야대로572번길 22,35.1532498,129.0342842
가야2동주민센터,부산광역시,부산진구,엄광로147번길 37,35.1492159,129.0317632
개금1동주민센터,부산광역시,부산진구,가야대로454번길 9,35.1526164,129.0219511
개금2동주민센터,부산광역시,부산진구,복지로 93,35.1448583,129.0194689
개금3동주민센터,부산광역시,부산진구,개금본동로 88,35.1557806,129.0219827
범천1동주민센터,부산광역시,부산진구,범일로192번길 21,35.1470344,129.0610134
범천2동주민센터,부산광역시,부산진구,신암로 48,35.146519,129.0561883
수민동행정복지센터,부산광역시,동래구,온천천로339번길 48,35.1960366,129.091041
복산동행정복지센터,부산광역시,동래구,복천로 1,35.20581,129.086063
명륜동행정복지센터,부산광역시,동래구,명륜로207번길 26,35.2124923,129.0815225
온천1동행정복지센터,부산광역시,동래구,금강로 127,35.2200711,129.0801
온천2동행정복지센터,부산광역시,동래구,충렬대로107번길 28,35.2080387,129.0729557
온천3동행정복지센터,부산광역시,사직북로,28번길 153,35.2034461,129.065518
사직1동행정복지센터,부산광역시,동래구,석사로 19,35.199021,129.0618666
사직2동행정복지센터,부산광역시,동래구,사직북로63번길 22,35.1992738,129.0574688
사직3동행정복지센터,부산광역시,동래구,아시아드대로154번길 79,35.1994672,129.0694354
안락1동행정복지센터,부산광역시,동래구,안연로110번길 9,35.1971502,129.0985714
안락2동행정복지센터,부산광역시,동래구,명안로18번길 103,35.1977003,129.1100477
명장1동행정복지센터,부산광역시,동래구,명장로 32,35.2047352,129.104205
명장2동행정복지센터,부산광역시,동래구,명서로 168,35.207943,129.102438
대연1동행정복지센터,부산광역시,남구,유엔평화로 24,35.1329647,129.0917989
대연3동행정복지센터,부산광역시,남구,"수영로 345, 118호, 216호(대연동, 대연힐스테이트푸르지오 상가동)",35.1422158,129.1010779
대연4동행정복지센터,부산광역시,남구,석포로91번길 96,35.1298212,129.0913815
대연5동행정복지센터,부산광역시,남구,진남로46번길 7,35.1384678,129.0901037
대연6동행정복지센터,부산광역시,남구,못골로 13,35.1372821,129.0831706
용호1동행정복지센터,부산광역시,남구,용호로42번길 140,35.1207911,129.1090308
용호2동행정복지센터,부산광역시,남구,용호로197번길 41,35.1148328,129.1134248
용호3동행정복지센터,부산광역시,남구,동명로145번길 33,35.121015,129.112812
용호4동행정복지센터,부산광역시,남구,용호로216번길 10,35.1132194,129.1103661
용당동행정복지센터,부산광역시,남구,신선로 349-4,35.1176479,129.0950484
감만1동행정복지센터,부산광역시,남구,우암로 71-7,35.1168248,129.0806215
감만2동행정복지센터,부산광역시,남구,석포로 32-1,35.1225217,129.0845375
우암동행정복지센터,부산광역시,남구,동제당로 368,35.1250116,129.0769064
문현1동행정복지센터,부산광역시,남구,고동골로60번길 1,35.1425379,129.0713212
문현2동행정복지센터,부산광역시,남구,전포대로92번길 31-7,35.14526,129.0686276
문현3동행정복지센터,부산광역시,남구,고동골로4번길 7-18,35.138174,129.071663
문현4동행정복지센터,부산광역시,남구,"수영로 12, 301호(문현동, 세종그랑시아)",35.1361938,129.069115
구포1동행정복지센터(임시청사),부산광역시,북구,백양대로1172번길 18(임시청사),35.2062332,129.0056119
구포2동행정복지센터,부산광역시,북구,낙동북로681번길 23,35.201677,128.9994237
구포3동행정복지센터,부산광역시,북구,시랑로118번길 23,35.194937,129.0087524
금곡동행정복지센터,부산광역시,북구,금곡대로 466,35.2500816,129.0128228
화명1동행정복지센터,부산광역시,북구,금곡대로 274,35.2327558,129.0138172
화명2동행정복지센터,부산광역시,북구,양달로 58,35.2435162,129.0198417
화명3동행정복지센터,부산광역시,북구,화명신도시로 85,35.2318885,129.0100726
덕천1동행정복지센터,부산광역시,북구,만덕대로102번가길 11,35.2124496,129.0166646
덕천2동행정복지센터,부산광역시,북구,금곡대로20번길 56,35.2123875,129.0078742
덕천3동행정복지센터,부산광역시,북구,덕천로 118,35.2099519,129.0174288
만덕1동행정복지센터,부산광역시,북구,만덕1로 1,35.2135139,129.0364023
만덕2동행정복지센터,부산광역시,북구,만덕2로44번길 10,35.2102181,129.0371776
만덕3동행정복지센터,부산광역시,북구,만덕3로 52,35.2114076,129.0292047
우1동행정복지센터,부산광역시,해운대구,해운대로 612,35.162874,129.1581043
우2동행정복지센터,부산광역시,해운대구,해운대로383번가길 7,35.1712063,129.1399249
우3동행정복지센터,부산광역시,해운대구,해운대해변로 104,35.159705,129.143301
중1동행정복지센터,부산광역시,해운대구,중동1로37번길 20,35.1625621,129.164251
중2동행정복지센터,부산광역시,해운대구,좌동순환로433번길 34,35.1620173,129.1792796
좌1동행정복지센터,부산광역시,해운대구,양운로 91,35.1709085,129.1741873
좌2동행정복지센터,부산광역시,해운대구,좌동순환로 302,35.1691502,129.1826065
좌3동행정복지센터,부산광역시,해운대구,좌동순환로 65,35.1722299,129.1666092
좌4동행정복지센터,부산광역시,해운대구,좌동순환로 183,35.177885,129.176225
송정동행정복지센터,부산광역시,해운대구,송정중앙로21번길 20,35.1836876,129.2036352
반여1동행정복지센터,부산광역시,해운대구,선수촌로 85,35.2011463,129.1189307
반여2동행정복지센터,부산광역시,해운대구,재반로211번길 9,35.1959321,129.1301065
반여3동행정복지센터,부산광역시,해운대구,재반로256번길 29-70,35.2010177,129.1335064
반여4동행정복지센터,부산광역시,해운대구,삼어로133번길 50,35.2092684,129.1171518
반송1동행정복지센터,부산광역시,해운대구,아랫반송로 16,35.2251755,129.1478845
반송2동행정복지센터,부산광역시,해운대구,신반송로 173,35.2288785,129.160454
재송1동행정복지센터,부산광역시,해운대구,재반로63번길 23,35.184617,129.1251019
재송2동행정복지센터,부산광역시,해운대구,재반로125번길 26,35.1896533,129.1253854
괴정1동행정복지센터,부산광역시,사하구,낙동대로250번안길 3,35.099655,128.9893649
괴정2동행정복지센터,부산광역시,사하구,까치고개로 14-1,35.10339,129.004012
괴정3동행정복지센터,부산광역시,사하구,낙동대로171번길 30-5,35.1003442,128.9980305
괴정4동행정복지센터,부산광역시,사하구,낙동대로309번길 9,35.0991418,128.9831837
당리동행정복지센터,부산광역시,사하구,낙동대로398번길 21,35.10399,128.9745503
하단1동행정복지센터,부산광역시,사하구,하신중앙로 308,35.1040081,128.9642398
하단2동행정복지센터,부산광역시,사하구,하신번영로 377,35.114632,128.960488
신평1동행정복지센터,부산광역시,사하구,장평로 258,35.0892475,128.9732412
신평2동행정복지센터,부산광역시,사하구,하신중앙로 185,35.0949676,128.9615408
장림1동행정복지센터,부산광역시,사하구,장림로161번길 2,35.0830524,128.9668867
장림2동행정복지센터,부산광역시,사하구,장평로 131,35.0779034,128.9726172
다대1동행정복지센터,부산광역시,사하구,다대로530번길 7,35.0591698,128.971335
다대2동행정복지센터,부산광역시,사하구,다대로429번길 30,35.063467,128.9822
구평동행정복지센터,부산광역시,사하구,서포로 48,35.0819129,128.9878435
감천1동행정복지센터,부산광역시,사하구,감천로 97,35.0884027,129.0028588
감천2동행정복지센터,부산광역시,사하구,옥천로93번길 14,35.0946051,129.009319
서1동행정복지센터,부산광역시,금정구,서부로69번길 17,35.218343,129.099138
서2동행정복지센터,부산광역시,금정구,서동중심로 33,35.2128802,129.1044995
서3동행정복지센터,부산광역시,금정구,서곡로33번길 9,35.2172495,129.1039269
금사회동동행정복지센터,부산광역시,금정구,"금사로 76, 5층",35.2203976,129.1113308
부곡1동행정복지센터,부산광역시,금정구,동부곡로6번길 29,35.2244246,129.0921392
부곡2동행정복지센터,부산광역시,금정구,부곡로156번길 7,35.2298579,129.0927774
부곡3동행정복지센터,부산광역시,금정구,기찰로 107,35.2405803,129.0938048
부곡4동행정복지센터,부산광역시,금정구,부곡로18번안길 37,35.2199002,129.0885621
장전1동행정복지센터,부산광역시,금정구,수림로71번길 36,35.2382174,129.084502
장전2동행정복지센터,부산광역시,금정구,소정로 19,35.2277638,129.0809712
선두구동행정복지센터,부산광역시,금정구,두구죽전1길 13,35.2982524,129.1133555
청룡노포동행정복지센터,부산광역시,금정구,청룡로 25,35.2752563,129.089831
남산동행정복지센터,부산광역시,금정구,중앙대로2097번길 4,35.2716545,129.0922589
구서1동행정복지센터,부산광역시,금정구,수림로72번길 123,35.2451603,129.086871
구서2동행정복지센터,부산광역시,금정구,금강로 584,35.2595345,129.0880544
금성동행정복지센터,부산광역시,금정구,산성로 452,35.2503351,129.0561369
대저1동행정복지센터,부산광역시,강서구,대저로221번길 19,35.215466,128.9768405
대저2동행정복지센터,부산광역시,강서구,공항로811번가길 30-1,35.1785814,128.9564668
강동동행정복지센터,부산광역시,강서구,제도로 1171,35.2145485,128.9352352
명지1동행정복지센터,부산광역시,강서구,명지국제8로 131,35.1001671,128.9070486
명지2동행정복지센터,부산광역시,강서구,명지오션시티11로 35,35.084563,128.900069
가락동행정복지센터,부산광역시,강서구,가락대로 1476,35.1964203,128.9018427
녹산동행정복지센터,부산광역시,강서구,가락대로900번가길 32,35.1534953,128.8837691
가덕도동행정복지센터,부산광역시,강서구,동선길 10,35.0566814,128.8317558
거제1동행정복지센터,부산광역시,연제구,법원북로 88,35.1918532,129.0756384
거제2동행정복지센터,부산광역시,연제구,아시아드대로22번길 19,35.1877838,129.0703237
거제3동행정복지센터,부산광역시,연제구,거제대로 180,35.1843115,129.0711623
거제4동행정복지센터,부산광역시,연제구,화지로52번길 33,35.1800292,129.0659202
연산1동행정복지센터,부산광역시,연제구,연동로8번길 66,35.1900421,129.0904394
연산2동행정복지센터,부산광역시,연제구,중앙대로1038번길 39,35.1799753,129.0793244
연산3동행정복지센터,부산광역시,연제구,연수로218번길 4,35.1733561,129.0942235
연산4동행정복지센터,부산광역시,연제구,쌍미천로151번길 42,35.1862934,129.084928
연산5동행정복지센터,부산광역시,연제구,거제천로124번길 15,35.1845044,129.0760488
연산6동행정복지센터,부산광역시,연제구,쌍미천로52번길 2,35.1774697,129.0896435
연산8동행정복지센터,부산광역시,연제구,"과정로 262(201, 202, 302호)",35.1881276,129.0987624
연산9동행정복지센터,부산광역시,연제구,과정로164번길 38,35.1859162,129.1093486
남천제1동행정복지센터,부산광역시,수영구,남천동로 13,35.1427019,129.1103244
남천제2동행정복지센터,부산광역시,수영구,광안해변로 99,35.143832,129.114725
수영동행정복지센터,부산광역시,수영구,수영성로 36,35.1705037,129.1160418
망미제1동행정복지센터,부산광역시,수영구,연수로315번길 23,35.1734258,129.1048368
망미제2동행정복지센터,부산광역시,수영구,수미로35번길 40,35.1753136,129.1152948
광안제1동행정복지센터,부산광역시,수영구,광일로14번길 17,35.1629019,129.1124055
광안제2동행정복지센터,부산광역시,수영구,광안로16번길 22,35.1557731,129.1137962
광안제3동행정복지센터,부산광역시,수영구,연수로404번길 27,35.1675568,129.1124301
광안제4동행정복지센터,부산광역시,수영구,수영로 541,35.1541308,129.1119486
민락동행정복지센터,부산광역시,수영구,광안해변로295번길 20,35.1572904,129.125424
삼락동행정복지센터,부산광역시,사상구,낙동대로1310번길 19,35.1769421,128.9777253
모라1동행정복지센터,부산광역시,사상구,모라로 93,35.1870049,128.9899727
모라3동행정복지센터,부산광역시,사상구,모라로110번길 99,35.184676,128.996062
덕포1동행정복지센터,부산광역시,사상구,강선로 31,35.1693924,128.9856926
덕포2동행정복지센터,부산광역시,사상구,사상로333번길 17,35.174486,128.9829302
괘법동행정복지센터,부산광역시,사상구,광장로97번길 6,35.1637644,128.9871708
감전동행정복지센터,부산광역시,사상구,새벽시장로56번길 20,35.1543357,128.9794421
주례1동행정복지센터,부산광역시,사상구,가야대로255번길 17,35.1513888,129.001174
주례2동행정복지센터,부산광역시,사상구,주례로10번길 15,35.1500823,129.0104026
주례3동행정복지센터,부산광역시,사상구,냉정로 10,35.147349,129.0014
학장동행정복지센터,부산광역시,사상구,학감대로147번길 11,35.1441103,128.9873358
엄궁동행정복지센터,부산광역시,사상구,엄궁북로 15,35.1287029,128.9721288
기장읍 행정복지센터,부산광역시,기장군,기장읍 차성동로5번길 10,35.2387351,129.2157566
장안읍 행정복지센터(임시청사),부산광역시,기장군,장안읍 해맞이로 8,35.3124297,129.2448426
정관읍 행정복지센터,부산광역시,기장군,정관읍 용수로 4,35.3254808,129.1803974
일광읍 행정복지센터(임시청사),부산광역시,기장군,일광읍 일광로 96,35.2648896,129.2334615
철마면 행정복지센터,부산광역시,기장군,철마면 철마로 485,35.2752118,129.1497617
동인동행정복지센터,대구광역시,중구,국채보상로142길 19-5,35.8679123,128.6091498
삼덕동행정복지센터,대구광역시,중구,달구벌대로447길 72-11,35.865549,128.6089
성내1동행정복지센터,대구광역시,중구,동성로2길 7,35.8666483,128.5957865
성내2동행정복지센터,대구광역시,중구,달구벌대로415길 48,35.868375,128.5903863
성내3동행정복지센터,대구광역시,중구,달성로 111,35.8750109,128.5818047
대신동행정복지센터,대구광역시,중구,달구벌대로389길 50,35.8655452,128.5762676
남산1동행정복지센터,대구광역시,중구,2.28길 18-15,35.8593362,128.5904272
남산2동행정복지센터,대구광역시,중구,명륜로 27-1,35.8640404,128.5895375
남산3동행정복지센터,대구광역시,중구,남산로4길 70,35.8598713,128.5854883
남산4동행정복지센터,대구광역시,중구,남산로1길 42,35.8581982,128.5805738
대봉1동행정복지센터,대구광역시,중구,달구벌대로440길 27,35.861649,128.6043
대봉2동행정복지센터,대구광역시,중구,대봉로47길 31,35.8587666,128.5993473
신암1동행정복지센터,대구광역시,동구,아양로7길 27,35.8843012,128.6163562
신암2동행정복지센터,대구광역시,동구,신성로 56,35.88005,128.6126639
신암3동행정복지센터,대구광역시,동구,신암남로 67,35.8796635,128.6231349
신암4동행정복지센터,대구광역시,동구,신암남로23길 53,35.8850672,128.6293226
신암5동행정복지센터,대구광역시,동구,아양로37길 92,35.8897669,128.6330879
신천1·2동행정복지센터,대구광역시,동구,국채보상로159길 41,35.8707546,128.615241
신천3동행정복지센터,대구광역시,동구,장등로 90,35.8754258,128.6235913
신천4동행정복지센터,대구광역시,동구,동부로30길 61-7,35.8717571,128.6293
효목1동행정복지센터,대구광역시,동구,화랑로41길 46,35.8816208,128.6448881
효목2동행정복지센터,대구광역시,동구,화랑로25길 45,35.8781211,128.6413229
도평동행정복지센터,대구광역시,동구,팔공로24길 171,35.9099797,128.6501392
불로·봉무동행정복지센터,대구광역시,동구,팔공로25길 16,35.9102497,128.6393269
지저동행정복지센터,대구광역시,동구,해동로3길 80,35.8933795,128.6382862
동촌동행정복지센터,대구광역시,동구,동촌로11길 5,35.8899364,128.6496347
방촌동행정복지센터,대구광역시,동구,동촌로48길 26,35.8800556,128.6652466
해안동행정복지센터,대구광역시,동구,방촌로29길 46,35.8821236,128.6715962
안심1동행정복지센터,대구광역시,동구,율하동로25길 5,35.8703932,128.7016363
안심2동행정복지센터,대구광역시,동구,반야월로1길 28,35.8754157,128.6870351
안심3동행정복지센터,대구광역시,동구,"안심로 368, 2층",35.8678287,128.7246224
안심4동행정복지센터,대구광역시,동구,안심로49길 98,35.8701262,128.7110557
혁신동행정복지센터,대구광역시,동구,이노밸리로26길 8,35.8780289,128.7114986
공산동행정복지센터,대구광역시,동구,팔공로91길 9,35.9401899,128.6441922
내당1동행정복지센터,대구광역시,서구,서대구로4길 35,35.8606545,128.5607263
내당2·3동행정복지센터,대구광역시,서구,큰장로15길 11-1,35.86739,128.5742959
내당4동행정복지센터,대구광역시,서구,서대구로3길 46,35.8589404,128.55175
비산1동행정복지센터,대구광역시,서구,북비산로65길 18,35.8811924,128.5689458
비산2·3동행정복지센터,대구광역시,서구,국채보상로81길 43,35.8758154,128.5747125
비산4동행정복지센터,대구광역시,서구,국채보상로78길 29-4,35.8697526,128.574308
비산5동행정복지센터,대구광역시,서구,달서천로65길 17,35.8863039,128.5696192
비산6동행정복지센터,대구광역시,서구,문화로67길 3,35.87629,128.569075
비산7동행정복지센터,대구광역시,서구,염색공단로5길 4,35.8879427,128.553558
평리1동행정복지센터,대구광역시,서구,문화로 280,35.8756068,128.5632042
평리2동행정복지센터,대구광역시,서구,국채보상로60길 6,35.8712267,128.563644
평리3동행정복지센터,대구광역시,서구,문화로 261,35.8759617,128.5613061
평리4동행정복지센터,대구광역시,서구,국채보상로46길 37-3,35.8673387,128.5568122
평리5동행정복지센터(임시청사),대구광역시,서구,국채보상로 151(임시청사),35.8695238,128.5477776
평리6동행정복지센터,대구광역시,서구,서대구로41길 41,35.8765877,128.5500837
상중이동행정복지센터,대구광역시,서구,당산로 343,35.8669758,128.5461141
원대동행정복지센터,대구광역시,서구,달서로 257,35.8853501,128.5734662
이천동행정복지센터,대구광역시,남구,이천로28길 18,35.8537107,128.5994252
봉덕1동행정복지센터,대구광역시,남구,봉덕로 51-2,35.8452937,128.5964247
봉덕2동행정복지센터,대구광역시,남구,이천로10길 50,35.8438162,128.6010957
봉덕3동행정복지센터,대구광역시,남구,중앙대로22길 100,35.8424172,128.5959657
대명1동행정복지센터,대구광역시,남구,두류공원로 38,35.8417184,128.573572
대명2동행정복지센터,대구광역시,남구,명덕로32길 30,35.855299,128.586625
대명3동행정복지센터,대구광역시,남구,명덕로20길 115,35.8522949,128.5790477
대명4동행정복지센터,대구광역시,남구,두류공원로20길 19,35.8459699,128.5695253
대명5동행정복지센터,대구광역시,남구,대명로58길 11,35.84319,128.587787
대명6동행정복지센터,대구광역시,남구,대명남로 73,35.8351195,128.5660381
대명9동행정복지센터,대구광역시,남구,큰골길 53,35.8372793,128.579184
대명10동행정복지센터,대구광역시,남구,대명복개로4길 166,35.8399455,128.5689436
대명11동행정복지센터,대구광역시,남구,관문시장4길 53,35.8362311,128.5605798
고성동행정복지센터,대구광역시,북구,고성로31길 21,35.881913,128.5835804
칠성동행정복지센터,대구광역시,북구,칠성로19길 4,35.8791089,128.5999257
침산1동행정복지센터,대구광역시,북구,침산남로13길 16,35.8903321,128.581175
침산2동행정복지센터,대구광역시,북구,침산남로 195,35.8872842,128.5969766
침산3동행정복지센터,대구광역시,북구,성북로 55,35.89206,128.5894316
노원동행정복지센터,대구광역시,북구,노원로10길 166,35.89014,128.576228
산격1동행정복지센터,대구광역시,북구,연암로 36길 6,35.9003822,128.5969732
산격2동행정복지센터,대구광역시,북구,동북로31길 30,35.9017014,128.6092594
산격3동행정복지센터(임시청사),대구광역시,북구,대학로 95(임시청사),35.8936497,128.6101674
산격4동행정복지센터,대구광역시,북구,대구체육관로 48,35.8922712,128.6042805
복현1동행정복지센터,대구광역시,북구,동북로52길 7,35.893749,128.61855
복현2동행정복지센터,대구광역시,북구,복현로8길 16-5,35.8954566,128.6254438
대현동행정복지센터,대구광역시,북구,대현남로 25,35.8819333,128.6054161
검단동행정복지센터,대구광역시,북구,검단로 230,35.9137739,128.6297538
무태조야동행정복지센터,대구광역시,북구,호국로43길 20,35.9213384,128.5970987
관문동행정복지센터,대구광역시,북구,매천로18길 34,35.901665,128.542088
태전1동행정복지센터,대구광역시,북구,태전로7길 10-24,35.9240581,128.5431895
태전2동행정복지센터,대구광역시,북구,칠곡중앙대로52길 32,35.9214797,128.548766
구암동행정복지센터,대구광역시,북구,구암서로 32,35.9389057,128.566043
관음동행정복지센터,대구광역시,북구,관음동로 125,35.9442427,128.5473053
읍내동행정복지센터,대구광역시,북구,칠곡중앙대로 561,35.9459215,128.5505268
동천동행정복지센터,대구광역시,북구,대천로 81,35.9372162,128.5580729
국우동행정복지센터,대구광역시,북구,구리로 188,35.9480266,128.5753716
범어1동행정복지센터,대구광역시,수성구,범어천로 97,35.8555656,128.6220352
범어2동행정복지센터,대구광역시,수성구,달구벌대로489안길 47,35.8622691,128.6310757
범어3동행정복지센터,대구광역시,수성구,상록로 42,35.8632763,128.6241846
범어4동행정복지센터,대구광역시,수성구,달구벌대로504길 26,35.8561882,128.6381714
만촌1동행정복지센터,대구광역시,수성구,국채보상로 1001,35.8663111,128.6399664
만촌2동행정복지센터,대구광역시,수성구,무열로 12,35.8598566,128.6472178
만촌3동행정복지센터,대구광역시,수성구,교학로2길 45,35.855499,128.650625
수성1가동행정복지센터,대구광역시,수성구,명덕로73길 7,35.8552321,128.6103112
수성2·3가동행정복지센터,대구광역시,수성구,명덕로 443-2,35.8547729,128.6190324
수성4가동행정복지센터,대구광역시,수성구,들안로67길 64,35.862665,128.616638
황금1동행정복지센터,대구광역시,수성구,청호로57길 10,35.8439538,128.6381715
황금2동행정복지센터,대구광역시,수성구,청솔로2길 64,35.8471947,128.6237245
중동행정복지센터,대구광역시,수성구,수성로50길 38,35.847374,128.6150346
상동행정복지센터,대구광역시,수성구,들안로9길 56,35.8321069,128.6154039
파동행정복지센터,대구광역시,수성구,파동로 136,35.8134323,128.6173914
두산동행정복지센터,대구광역시,수성구,상화로 95,35.8353136,128.6175259
지산1동행정복지센터,대구광역시,수성구,지범로21길 16,35.8248724,128.6370121
지산2동행정복지센터,대구광역시,수성구,용학로33길 9,35.8231297,128.6280122
범물1동행정복지센터,대구광역시,수성구,범안로 76,35.817762,128.6459696
범물2동행정복지센터,대구광역시,수성구,범안로 52,35.8175861,128.6434402
고산1동행정복지센터,대구광역시,수성구,달구벌대로 3260-2,35.8371144,128.712388
고산2동행정복지센터,대구광역시,수성구,달구벌대로 3091,35.8434019,128.6951688
고산3동행정복지센터,대구광역시,수성구,고산로 152,35.8441109,128.7065669
성당동행정복지센터,대구광역시,달서구,야외음악당로 38,35.8405861,128.5530987
두류1·2동행정복지센터,대구광역시,달서구,두류길 141-8,35.8577618,128.5672859
두류3동행정복지센터,대구광역시,달서구,야외음악당로39길 24,35.8537,128.5554722
본리동행정복지센터,대구광역시,달서구,당산로 37-14,35.8409942,128.5431592
감삼동행정복지센터,대구광역시,달서구,감삼북길 119-10,35.8510442,128.5421798
죽전동행정복지센터,대구광역시,달서구,죽전1길 176,35.8565277,128.5390534
장기동행정복지센터,대구광역시,달서구,장기로 277,35.8433525,128.5299774
용산1동행정복지센터,대구광역시,달서구,용산로 212-7,35.8566653,128.5312224
용산2동행정복지센터,대구광역시,달서구,선원로 278,35.8584246,128.5229863
이곡1동행정복지센터,대구광역시,달서구,달구벌대로 1309,35.8516505,128.5106609
이곡2동행정복지센터,대구광역시,달서구,계대동문로 77,35.8557404,128.5007228
신당동행정복지센터,대구광역시,달서구,선원로 60,35.8589725,128.4988313
월성1동행정복지센터,대구광역시,달서구,조암남로 97,35.8195264,128.522854
월성2동행정복지센터,대구광역시,달서구,월성로 65,35.8309462,128.5282856
진천동행정복지센터,대구광역시,달서구,진천로9길 33,35.8122129,128.5228173
유천동행정복지센터,대구광역시,달서구,조암로 175,35.8172537,128.5139392
상인1동행정복지센터,대구광역시,달서구,상인서로 40,35.8142582,128.5450203
상인2동행정복지센터,대구광역시,달서구,상원로 27,35.8124428,128.536239
상인3동행정복지센터,대구광역시,달서구,월곡로26안길 3,35.8088299,128.5507233
도원동행정복지센터,대구광역시,달서구,한실로 53,35.8074544,128.5321772
송현1동행정복지센터,대구광역시,달서구,중흥로8길 41,35.829258,128.5547037
송현2동행정복지센터,대구광역시,달서구,월배로83길 120-14,35.8327884,128.5455794
본동행정복지센터,대구광역시,달서구,구마로26길 62,35.8344418,128.5410486
화원읍행정복지센터(임시청사),대구광역시,달성군,화원읍 화암로 10 (임시청사),35.7978101,128.4896829
논공읍행정복지센터,대구광역시,달성군,논공읍 비슬로 1779,35.7743052,128.4199139
다사읍행정복지센터,대구광역시,달성군,다사읍 매곡로 7,35.8618434,128.4539279
유가읍행정복지센터,대구광역시,달성군,유가읍 테크노상업로 95,35.6939301,128.4598163
옥포읍행정복지센터,대구광역시,달성군,옥포읍 비슬로 2215,35.7892427,128.4640097
현풍읍행정복지센터,대구광역시,달성군,현풍읍 비슬로134길 157,35.6974654,128.4476094
가창면행정복지센터,대구광역시,달성군,가창면 가창로 1100,35.8026898,128.6228183
하빈면행정복지센터,대구광역시,달성군,하빈면 하빈로84길 1,35.9009231,128.4455026
구지면행정복지센터,대구광역시,달성군,구지면 창리로11길 38,35.6587771,128.4136123
군위읍행정복지센터,대구광역시,군위군,군위읍 중앙길 134,36.2399427,128.5687564
우보면행정복지센터,대구광역시,군위군,우보면 이화길 105,36.194985,128.661788
호령면행정복지센터,대구광역시,군위군,효령면 치산효령로 2400,36.156865,128.5854
산성면행정복지센터,대구광역시,군위군,산성면 산성가음로 668,36.1230536,128.6948951
소보면행정복지센터,대구광역시,군위군,소보면 송백로 1415,36.2549903,128.4752186
의흥면행정복지센터,대구광역시,군위군,의흥면 읍내길 39,36.1759366,128.7154143
부계면행정복지센터,대구광역시,군위군,부계면 창평길 3,36.1007737,128.663725
삼국유사면행정복지센터,대구광역시,군위군,삼국유사면 삼국유사로 448,36.1233928,128.7949095
신포동행정복지센터,인천광역시,중구,제물량로 168,37.470363,126.6250709
연안동행정복지센터,인천광역시,중구,축항대로86번길 44,37.4532326,126.6045353
신흥동행정복지센터,인천광역시,중구,제물량로80번길 3-14,37.4675963,126.6341391
도원동행정복지센터,인천광역시,중구,도원로 42,37.4680937,126.6379007
율목동행정복지센터,인천광역시,중구,서해대로483번길 3,37.4693373,126.6357566
동인천동행정복지센터,인천광역시,중구,참외전로72번길 25,37.4767875,126.6289764
개항동행정복지센터,인천광역시,중구,차이나타운로44번길 13-2,37.4752173,126.6185186
영종동행정복지센터,인천광역시,중구,운남서로 100,37.4942488,126.5315335
영종1동행정복지센터,인천광역시,중구,하늘달빛로 120,37.4888944,126.5548844
영종2동행정복지센터,인천광역시,중구,은하수로 160,37.4992882,126.5687504
운서동행정복지센터,인천광역시,중구,흰바위로27번길 10,37.4934183,126.4884593
용유동행정복지센터,인천광역시,중구,마시란로 308-13,37.4439071,126.4024386
만석동행정복지센터,인천광역시,동구,석수로 96,37.4832479,126.6255365
화수1·화평동행정복지센터,인천광역시,동구,화도로 41,37.4815688,126.6299104
화수2동행정복지센터,인천광역시,동구,화수안로 42,37.4843917,126.6301963
송현1·2동행정복지센터,인천광역시,동구,솔빛로22번길 2,37.4765269,126.6355894
송현3동행정복지센터,인천광역시,동구,인중로 635-20,37.482278,126.6426609
송림1동행정복지센터,인천광역시,동구,송림로43번길 42,37.4762679,126.6402735
송림2동행정복지센터,인천광역시,동구,안송로6번길 5,37.4758229,126.6427195
송림3·5동행정복지센터,인천광역시,동구,새천년로 72,37.4747295,126.6487635
송림4동행정복지센터,인천광역시,동구,송림로162번길 10,37.4771728,126.6502396
송림6동행정복지센터,인천광역시,동구,샛골로162번길 56,37.4773826,126.6479917
금창동행정복지센터,인천광역시,동구,금곡로36번길 16,37.4725789,126.6398418
숭의13동 행정복지센터,인천광역시,미추홀구,석정로92번길 21-17,37.4672401,126.647234
숭의2동 행정복지센터,인천광역시,미추홀구,경인로34번길 20,37.4630452,126.6472737
숭의4동 행정복지센터,인천광역시,미추홀구,경인로156번길 32,37.4648398,126.6591536
용현14동 행정복지센터,인천광역시,미추홀구,인주대로 198,37.4548011,126.6585755
용현2동 행정복지센터,인천광역시,미추홀구,용마루로 56,37.4562977,126.6442201
용현3동 행정복지센터(임시청사),인천광역시,미추홀구,인주대로 145(임시청사),37.4566745,126.653326
용현5동 행정복지센터,인천광역시,미추홀구,토금북로 60,37.4525615,126.6402686
학익1동 행정복지센터,인천광역시,미추홀구,매소홀로 380,37.439841,126.6640894
학익2동 행정복지센터,인천광역시,미추홀구,한나루로 444,37.4465898,126.6674671
도화1동 행정복지센터,인천광역시,미추홀구,경인로 295,37.4608883,126.6738355
도화23동 행정복지센터,인천광역시,미추홀구,장고개로 29-1,37.4709226,126.6661438
주안1동 행정복지센터,인천광역시,미추홀구,주안서로53번길 22,37.4637817,126.6765716
주안2동 행정복지센터,인천광역시,미추홀구,남주길43번길 14-29,37.4546972,126.6727198
주안3동 행정복지센터,인천광역시,미추홀구,인하로212,37.4483221,126.6715538
주안4동 행정복지센터,인천광역시,미추홀구,구월남로 5,37.455135,126.6903163
주안5동 행정복지센터,인천광역시,미추홀구,석정로461번길 21,37.4672115,126.686506
주안6동 행정복지센터,인천광역시,미추홀구,경원대로864번길 59,37.4612489,126.6923606
주안7동 행정복지센터,인천광역시,미추홀구,인하로 265,37.4484525,126.6776674
주안8동 행정복지센터,인천광역시,미추홀구,인주대로470번길 24,37.449564,126.6893171
관교동 행정복지센터,인천광역시,미추홀구,인하로 452,37.4441795,126.6968205
문학동 행정복지센터,인천광역시,미추홀구,소성로 339,37.4376949,126.6850158
옥련1동행정복지센터,인천광역시,연수구,비류대로186번길 14,37.4273876,126.6551024
옥련2동행정복지센터,인천광역시,연수구,옥련로 82,37.4262177,126.6482577
선학동행정복지센터,인천광역시,연수구,선학로 54,37.4225219,126.7013097
연수1동행정복지센터,인천광역시,연수구,함박뫼로 127,37.4222283,126.6812014
연수2동행정복지센터,인천광역시,연수구,원인재로 158,37.4117038,126.6818324
연수3동행정복지센터,인천광역시,연수구,원인재로 283,37.4193426,126.6919702
청학동행정복지센터,인천광역시,연수구,비류대로 287,37.4266725,126.6666205
동춘1동행정복지센터,인천광역시,연수구,먼우금로 117,37.4096428,126.6707506
동춘2동행정복지센터,인천광역시,연수구,먼우금로 41,37.4027615,126.6693661
동춘3동행정복지센터,인천광역시,연수구,원인재로 110,37.4084876,126.6783201
송도1동행정복지센터,인천광역시,연수구,하모니로35번길 8,37.3910473,126.6520347
송도2동행정복지센터,인천,연수구,신송로 248,37.403288,126.6416632
송도3동행정복지센터,인천광역시,연수구,송도교육로 63,37.3713884,126.6601656
송도4동행정복지센터,인천광역시,연수구,컨벤시아대로252번길 79,37.3882283,126.6298226
송도5동행정복지센터,인천광역시,연수구,센트럴로 418,37.4107486,126.6288286
구월1동행정복지센터,인천광역시,남동구,선수촌공원로 104(구월동),37.4476604,126.7124969
구월2동행정복지센터,인천광역시,남동구,구월로 208(구월동),37.4560973,126.7133772
구월3동행정복지센터,인천광역시,남동구,문화서로 84(구월동),37.4526997,126.6969601
구월4동행정복지센터,인천광역시,남동구,구월말로 7(구월동),37.4496191,126.7240601
간석1동행정복지센터,인천광역시,남동구,경인로524번길 21(간석동),37.4603909,126.6980421
간석2동행정복지센터,인천광역시,남동구,남동대로916번길 47(간석동),37.463964,126.7109236
간석3동행정복지센터,인천광역시,남동구,용천로 186(간석동),37.4661597,126.7145856
간석4동행정복지센터,인천광역시,남동구,벽돌말로19번길 7(간석동),37.466656,126.700797
만수1동행정복지센터,인천광역시,남동구,인주대로 851(만수동),37.4487432,126.7319816
만수2동행정복지센터,인천광역시,남동구,만수서로 46(만수동),37.461416,126.7311337
만수3동행정복지센터,인천광역시,남동구,서판로 11(만수동),37.461959,126.7230579
만수4동행정복지센터,인천광역시,남동구,만수로50번길 39(만수동),37.4594737,126.735639
만수5동행정복지센터,인천광역시,남동구,만경로28번길 3(만수동),37.4580286,126.72773
만수6동행정복지센터,인천광역시,남동구,장승남로 47(만수동),37.4437742,126.737666
장수서창동행정복지센터,인천광역시,남동구,독곡로 28(서창동),37.4359098,126.7473251
서창2동행정복지센터,인천광역시,남동구,서창남순환로 43(서창동),37.4279083,126.7507304
남촌도림동행정복지센터,인천광역시,남동구,남촌동로 32(남촌동),37.4322506,126.7152089
논현1동행정복지센터,인천광역시,남동구,소래역로 115(논현동),37.4057553,126.7293076
논현2동행정복지센터,인천광역시,남동구,논현고잔로 248(논현동),37.4042279,126.7163727
논현고잔동행정복지센터,인천광역시,남동구,앵고개로847번길 32(논현동),37.3978078,126.7262643
부평1동행정복지센터,인천광역시,부평구,부평문화로37번길 1,37.4941819,126.7200815
부평2동행정복지센터,인천광역시,부평구,부영로 23,37.4874311,126.717235
부평3동행정복지센터,인천광역시,부평구,"마장로 82, 2층",37.4860467,126.7082936
부평4동행정복지센터,인천광역시,부평구,주부토로 65,37.5008233,126.7249905
부평5동행정복지센터,인천광역시,부평구,"장제로 150, 2층",37.4989009,126.7311913
부평6동행정복지센터,인천광역시,부평구,동수로 70,37.4850706,126.7266013
산곡1동행정복지센터,인천광역시,부평구,"마장로 320, 4층",37.5066003,126.7037115
산곡2동행정복지센터,인천광역시,부평구,안남로 255,37.5058828,126.7085812
산곡3동행정복지센터,인천광역시,부평구,경원대로 1269-2,37.4907279,126.7094787
산곡4동행정복지센터,인천광역시,부평구,부흥로173번길 68,37.5017349,126.711455
청천1동행정복지센터,인천광역시,부평구,산청로 119,37.5198099,126.7019223
청천2동행정복지센터,인천광역시,부평구,마장로410번길 5,37.5148862,126.7045419
갈산1동행정복지센터,인천광역시,부평구,주부토로 254,37.517675,126.7271995
갈산2동행정복지센터,인천광역시,부평구,주부토로 173,37.5107623,126.7256995
삼산1동행정복지센터,인천광역시,부평구,후정동로 9,37.5181838,126.7371372
삼산2동행정복지센터,인천광역시,부평구,굴포로 137,37.5117746,126.7363684
부개1동행정복지센터,인천광역시,부평구,동수로162번길 11,37.4848523,126.7370865
부개2동행정복지센터,인천광역시,부평구,동수천로 104,37.4948216,126.7371406
부개3동행정복지센터,인천광역시,부평구,길주남로 117,37.5043321,126.7347194
일신동행정복지센터,인천광역시,부평구,경인로1148번길 6,37.4845341,126.7469557
십정1동행정복지센터,인천광역시,부평구,"열우물로 103, 2층",37.4758016,126.6961371
십정2동행정복지센터,인천광역시,부평구,동암산로33번길 6-7,37.4738242,126.7078789
효성1동행정복지센터,인천광역시,계양구,봉오대로569번길 22,37.5324527,126.7121562
효성2동행정복지센터,인천광역시,계양구,아나지로 162,37.5250623,126.7098239
계산1동행정복지센터,인천광역시,계양구,향교로 24,37.5396056,126.7213219
계산2동행정복지센터,인천광역시,계양구,주부토로 559,37.5442261,126.7282002
계산3동행정복지센터,인천광역시,계양구,계산새로 7,37.5377344,126.7289786
계산4동행정복지센터,인천광역시,계양구,용종로 12-8,37.5346234,126.7416801
작전1동행정복지센터,인천광역시,계양구,봉오대로 727,37.5307971,126.729707
작전2동행정복지센터,인천광역시,계양구,봉오대로677번길 23,37.532957,126.7238897
작전서운동행정복지센터,인천광역시,계양구,효서로 361,37.5279861,126.7364211
계양1동행정복지센터,인천광역시,계양구,장기서로 8,37.576812,126.734128
계양2동행정복지센터,인천광역시,계양구,장제로 853,37.5437824,126.7370804
계양3동행정복지센터,인천광역시,계양구,양지로 31,37.5615778,126.754899
검암경서동행정복지센터,인천광역시,서구,승학로 480,37.5644236,126.6736172
연희동행정복지센터,인천광역시,서구,간촌로 12,37.5489311,126.6782111
청라1동행정복지센터,인천광역시,서구,청라라임로 58,37.5326733,126.6537448
청라2동행정복지센터,인천광역시,서구,청라커낼로 269,37.532663,126.6441507
청라3동행정복지센터,인천광역시,서구,청라한내로 89,37.5333399,126.6270214
가정1동행정복지센터,인천광역시,서구,가정로406번길 25,37.5214212,126.6759365
가정2동행정복지센터,인천광역시,서구,서곶로 100,37.5263197,126.6776635
가정3동행정복지센터,인천광역시,서구,서달로179번길 12-16,37.5154963,126.6778827
신현원창동행정복지센터,인천광역시,서구,가정로335번길 3,37.5146075,126.6722986
석남1동행정복지센터,인천광역시,서구,가정로294번길 17,37.5111863,126.6747608
석남2동행정복지센터,인천광역시,서구,거북로 116,37.5026587,126.6746407
석남3동행정복지센터,인천광역시,서구,서달로 107,37.5082014,126.6782449
가좌1동행정복지센터,인천광역시,서구,가정로112번길 10,37.4943427,126.672605
가좌2동행정복지센터,인천광역시,서구,장고개로309번길 4,37.4908571,126.6848686
가좌3동행정복지센터,인천광역시,서구,원적로57번길 4,37.4924871,126.6798554
가좌4동행정복지센터,인천광역시,서구,장고개로280번길 14,37.4874195,126.6836545
검단동행정복지센터,인천광역시,서구,검단로529번길 14,37.6050437,126.6617232
불로대곡동행정복지센터,인천광역시,서구,검단로 814,37.6170925,126.6889484
원당동행정복지센터,인천광역시,서구,고산로 24,37.5951583,126.7017078
당하동행정복지센터,인천광역시,서구,청마로167번길 19,37.5920968,126.6746282
오류왕길동행정복지센터,인천광역시,서구,봉화로 42,37.5970256,126.6376386
마전동행정복지센터,인천광역시,서구,완정로10번길 14,37.5953891,126.6736819
아라동행정복지센터,인천광역시,서구,바리미로 23,37.5940114,126.7156029
강화읍사무소,인천광역시,강화군,강화읍 강화대로440번길 10,37.7483599,126.4836967
선원면사무소,인천광역시,강화군,선원면 대문고개로 22,37.7132925,126.4848016
불은면사무소,인천광역시,강화군,불은면 강화동로 562-3,37.6861892,126.4801463
길상면사무소,인천광역시,강화군,길상면 마니산로21,37.6416621,126.4891486
화도면사무소,인천광역시,강화군,화도면 마니산로 703-14,37.6316897,126.4198465
양도면사무소,인천광역시,강화군,양도면 강화남로 708-2,37.6628698,126.4220842
내가면사무소,인천광역시,강화군,내가면 강화서로 249,37.7195525,126.3900191
하점면사무소,인천광역시,강화군,하점면 강화대로 1220,37.7748965,126.4116519
양사면사무소,인천광역시,강화군,양사면 전망대로 1391,37.7982273,126.4086908
송해면사무소,인천광역시,강화군,송해면 전망대로 29,37.7646324,126.463439
교동면사무소,인천광역시,강화군,교동면 교동동로 485-13,37.7843714,126.2823605
삼산면사무소,인천광역시,강화군,삼산면 삼산북로 475,37.7048538,126.3203582
서도면사무소,인천광역시,강화군,서도면 주문도1길 16,37.650285,126.238802
북도면사무소,인천광역시,옹진군,북도면 시도로 82,37.5328792,126.4287593
연평면사무소,인천광역시,옹진군,연평면 연평중앙로24번길 3,37.6649695,125.7020319
백령면사무소,인천광역시,옹진군,백령면 백령로278번길 61-2,37.9740382,124.718363
대청면사무소,인천광역시,옹진군,대청면 대청로19번길 59,37.8253399,124.7122784
덕적면사무소,인천광역시,옹진군,덕적면 덕적북로 130,37.2276447,126.1446777
자월면사무소,인천광역시,옹진군,자월면 자월서로 164,37.2540325,126.3072017
영흥면사무소,인천광역시,옹진군,영흥면 영흥로251번길 90,37.256001,126.4839077
충장동행정복지센터,광주광역시,동구,충장로58번길 16,35.1491774,126.9128163
동명동행정복지센터,광주광역시,동구,동명로26번길 13,35.151182,126.92515
계림1동행정복지센터,광주광역시,동구,경양로247번길 26,35.1585591,126.9196571
계림2동행정복지센터,광주광역시,동구,"계림로30번길 15, 227동1층상가13호",35.1578322,126.9248682
산수1동행정복지센터,광주광역시,동구,무등로449번길 12,35.157315,126.930725
산수2동행정복지센터,광주광역시,동구,필문대로191번길 43-24,35.154582,126.936138
지산1동행정복지센터,광주광역시,동구,지산로 57,35.149023,126.9327301
지산2동행정복지센터,광주광역시,동구,지호로 51,35.147982,126.934475
서남동행정복지센터,광주광역시,동구,서남로 14,35.144949,126.923125
학동행정복지센터,광주광역시,동구,남문로753번길 20 상가 A동 102호,35.1371912,126.9231831
학운동행정복지센터,광주광역시,동구,의재로 53,35.1324904,126.9335
지원1동행정복지센터,광주광역시,동구,지원로 31-9,35.1253006,126.9351767
지원2동행정복지센터,광주광역시,동구,화산로 361,35.1204405,126.9328482
양동행정복지센터,광주광역시,서구,천변좌로222번길 3-2,35.1548103,126.9010107
양3동행정복지센터,광주광역시,서구,상무대로1223번길 16,35.1575241,126.8939823
농성1동행정복지센터,광주광역시,서구,상무대로1189번길 23,35.1566708,126.8897629
농성2동행정복지센터,광주광역시,서구,화정로 314,35.150349,126.89025
광천동행정복지센터,광주광역시,서구,광천2길 9,35.164324,126.88035
유덕동행정복지센터,광주광역시,서구,유덕로 24,35.1653522,126.8519646
치평동행정복지센터,광주광역시,서구,상무공원로 62,35.14994,126.843325
상무1동행정복지센터,광주광역시,서구,월드컵4강로197번길 20,35.1537706,126.8674338
상무2동행정복지센터,광주광역시,서구,화정로85번길 17,35.1465729,126.866424
화정1동행정복지센터,광주광역시,서구,내방로338번길 11,35.156374,126.877725
화정2동행정복지센터,광주광역시,서구,화운로 94,35.1474499,126.8821199
화정3동행정복지센터,광주광역시,서구,월드컵4강로68번길 21,35.143399,126.876925
화정4동행정복지센터,광주광역시,서구,염화로83번길 3,35.1418337,126.873759
서창동행정복지센터,광주광역시,서구,눌재로 412,35.114565,126.830225
금호1동행정복지센터,광주광역시,서구,운천로31번길 17,35.1351821,126.8571438
금호2동행정복지센터,광주광역시,서구,풍금로 135,35.12901,126.8571625
풍암동행정복지센터,광주광역시,서구,풍암1로 27,35.1247501,126.8786693
동천동행정복지센터,광주광역시,서구,유림로98번길 8,35.1708644,126.8647377
양림동행정복지센터,광주광역시,남구,백서로 94,35.1404631,126.9164591
방림1동행정복지센터,광주광역시,남구,오방로 101-2,35.134349,126.918263
방림2동행정복지센터,광주광역시,남구,천변좌로566번다길 12,35.131882,126.922
봉선1동행정복지센터,광주광역시,남구,봉선로51번길 21,35.1292851,126.9066963
봉선2동행정복지센터,광주광역시,남구,봉선중앙로26번길 10,35.1234434,126.9137328
사직동행정복지센터,광주광역시,남구,중앙로95번길 14,35.1457876,126.9080777
월산동행정복지센터,광주광역시,남구,덕림2길 3,35.14754,126.902613
월산4동행정복지센터,광주광역시,남구,대남대로390번길 11,35.146698,126.8907651
월산5동행정복지센터,광주광역시,남구,군분로82번길 14,35.1409652,126.8929547
백운1동행정복지센터,광주광역시,남구,독립로54번길 20,35.13829,126.9039
백운2동행정복지센터,광주광역시,남구,진다리로6번길 9,35.136082,126.902312
주월1동행정복지센터,광주광역시,남구,회서로21번가길 13,35.1319526,126.8933567
주월2동행정복지센터,광주광역시,남구,군분로13번길 12,35.1346796,126.8942647
진월동행정복지센터,광주광역시,남구,화산로 15,35.1124503,126.8985506
효덕동행정복지센터,광주광역시,남구,효우로 200,35.1019593,126.8943347
송암동행정복지센터,광주광역시,남구,송암로 66,35.1115485,126.8771057
대촌동행정복지센터,광주광역시,남구,포충로 591,35.081267,126.8336643
중흥1동행정복지센터,광주광역시,북구,중흥로183번길 7,35.1616956,126.9138179
중흥동행정복지센터,광주광역시,북구,당뫼로 33,35.1691439,126.9140625
중앙동행정복지센터,광주광역시,북구,금재로 30,35.1573156,126.9065805
임동행정복지센터,광주광역시,북구,서림로 53,35.1658404,126.8942
신안동행정복지센터,광주광역시,북구,자산로 66,35.1674578,126.8987767
용봉동행정복지센터,광주광역시,북구,용주로18번길 28,35.1803813,126.9011672
운암1동행정복지센터,광주광역시,북구,동운로201번길 55,35.1748704,126.8744322
운암2동행정복지센터,광주광역시,북구,죽봉대로 214,35.1725518,126.885072
운암3동행정복지센터,광주광역시,북구,서강로 129,35.1827546,126.8743116
동림동행정복지센터,광주광역시,북구,북문대로 236,35.1870424,126.8665517
우산동행정복지센터,광주광역시,북구,서방로 68번길 21,35.1710869,126.9199719
풍향동행정복지센터,광주광역시,북구,필문대로29번길 10,35.1644369,126.9231324
문화동행정복지센터(임시청사),광주광역시,북구,"동문대로 249번길 7, 상가동 2층(임시청사)",35.1838704,126.931228
문흥1동행정복지센터,광주광역시,북구,대천로 140-3,35.186776,126.9216
문흥2동행정복지센터,광주광역시,북구,문산로 25,35.18431,126.921888
두암1동행정복지센터,광주광역시,북구,동문대로110번길 77,35.171035,126.92895
두암2동행정복지센터,광주광역시,북구,면앙로192번길 15,35.1745643,126.9324723
두암3동행정복지센터,광주광역시,북구,삼정로3번길 25,35.1630092,126.9347609
삼각동행정복지센터,광주광역시,북구,설죽로 447,35.199301,126.8995
일곡동행정복지센터,광주광역시,북구,설죽로 525,35.2060402,126.8972683
매곡동행정복지센터,광주광역시,북구,매곡로69번길 25,35.189643,126.892038
오치1동행정복지센터,광주광역시,북구,우치로274번길 48,35.1891036,126.9081323
오치2동행정복지센터,광주광역시,북구,서하로183번길 29,35.1900452,126.9004791
석곡동행정복지센터,광주광역시,북구,석곡로 634,35.2149267,126.9499918
건국동행정복지센터,광주광역시,북구,본촌마을길 25,35.2229319,126.8816355
양산동행정복지센터,광주광역시,북구,양산택지로 32,35.2091679,126.8796149
신용동행정복지센터,광주광역시,북구,첨단연신로107번길 22,35.2077531,126.8617595
송정1동행정복지센터,광주광역시,광산로,70,35.1407178,126.7987735
송정2동행정복지센터,광주광역시,광산구,광산로30번길 65,35.1366789,126.7972508
도산동행정복지센터,광주광역시,광산구,도산로 12,35.1294546,126.7916242
신흥동행정복지센터,광주광역시,광산구,신흥동안길 9,35.145224,126.800637
어룡동행정복지센터,광주광역시,광산구,선운중앙로67번길 6,35.148442,126.7798868
우산동행정복지센터,광주광역시,광산구,무진대로 246-12,35.1602715,126.8070122
월곡1동행정복지센터,광주광역시,광산구,사암로 306,35.171885,126.809725
월곡2동행정복지센터,광주광역시,광산구,산정공원로72번길 21-12,35.1743675,126.8080075
비아동행정복지센터,광주광역시,광산구,비아중앙로31번길 8-6,35.2222712,126.8244193
첨단1동행정복지센터,광주광역시,광산구,첨단중앙로 160,35.219526,126.842362
첨단2동행정복지센터,광주광역시,광산구,첨단중앙로124번길 24,35.2162416,126.8433257
신가동행정복지센터(임시청사),광주광역시,광산구,목련로382번안길 36-1,35.1798454,126.8360017
운남동행정복지센터,광주광역시,광산구,목련로217번길 10,35.1732717,126.8219204
신창동행정복지센터,광주광역시,광산구,왕버들로 291,35.195582,126.8407192
수완동행정복지센터,광주광역시,광산구,장덕로 158,35.1970266,126.8255539
하남동행정복지센터,광주광역시,광산구,하남대로54번길 15,35.1795188,126.7998443
임곡동행정복지센터,광주광역시,광산구,고봉로 788,35.219626,126.744788
동곡동행정복지센터,광주광역시,광산구,동곡로 151-56,35.0986142,126.772023
평동행정복지센터,광주광역시,광산구,평동로 790,35.1247277,126.7602642
삼도동행정복지센터,광주광역시,광산구,오운로 433-1,35.1621821,126.6975683
본량동행정복지센터,광주광역시,광산구,용진로 379,35.18081,126.728775
중앙동 행정복지센터,대전광역시,동구,대동천우안5길 24,36.3345962,127.4388043
신인동 행정복지센터,대전광역시,동구,충무로203번길 28-25,36.3234177,127.4379311
효동 행정복지센터,대전광역시,동구,대전로542번길 143,36.3169107,127.4424887
판암1동 행정복지센터,대전광역시,동구,동부로10번길 68,36.318175,127.4600343
판암2동 행정복지센터,대전광역시,동구,동부로 37,36.3205056,127.4573746
용운동 행정복지센터,대전광역시,동구,새울로109번길 5,36.3281689,127.461497
대동 행정복지센터,대전광역시,동구,계족로 180,36.3300619,127.4428067
자양동 행정복지센터,대전광역시,동구,백룡로 16,36.3355031,127.4485873
가양1동 행정복지센터,대전광역시,동구,가양로 122,36.3470132,127.4414099
가양2동 행정복지센터,대전광역시,동구,흥룡로 33,36.3490565,127.4473972
용전동 행정복지센터,대전광역시,동구,계족로 515,36.3577167,127.4323955
성남동 행정복지센터,대전광역시,동구,계족로368번길 70,36.3445545,127.4374448
홍도동 행정복지센터,대전광역시,동구,동산초교로34번길 56,36.3489993,127.425651
삼성동 행정복지센터,대전광역시,동구,태전로 138-12,36.3405818,127.4222035
대청동 행정복지센터,대전광역시,동구,옥천로 633,36.343576,127.492635
산내동 행정복지센터,대전광역시,동구,산내로1257번길 53,36.2763659,127.4671769
은행선화동행정복지센터,대전광역시,중구,보문로337번길 33,36.3324248,127.4166389
목동행정복지센터,대전광역시,중구,목중로39번길 39,36.3359058,127.4084385
중촌동행정복지센터,대전광역시,중구,대종로 663-7,36.33893,127.412446
대흥동행정복지센터,대전광역시,중구,"대흥로 109, 3층",36.323402,127.4242025
문창동행정복지센터,대전광역시,중구,보문로20번길 38,36.3162454,127.437905
석교동행정복지센터,대전광역시,중구,대종로 267,36.3110316,127.4382588
대사동행정복지센터,대전광역시,중구,충무로74번길 14,36.3164192,127.4247712
부사동행정복지센터,대전광역시,중구,보문로68번길 20,36.3142484,127.4336673
용두동행정복지센터,대전광역시,중구,동서대로1322번길 111,36.3252236,127.410355
오류동행정복지센터,대전광역시,중구,오류로 56,36.3255137,127.403845
태평1동행정복지센터,대전광역시,중구,동서대로 1234,36.3259272,127.3967122
태평2동행정복지센터,대전광역시,중구,평촌로 51,36.3212833,127.3928375
유천1동행정복지센터,대전광역시,중구,계백로1566번길 57,36.3149823,127.3953138
유천2동행정복지센터,대전광역시,중구,문화로133번길 55,36.315359,127.399167
문화1동행정복지센터,대전광역시,중구,문화로 195,36.3153477,127.40653
문화2동행정복지센터,대전광역시,중구,당디로6번길 90,36.3077335,127.3992177
산성동행정복지센터,대전광역시,중구,대둔산로 403,36.3053492,127.3860963
복수동행정복지센터,대전광역시,서구,복수동로49,36.3000184,127.3790034
도마1동행정복지센터,대전광역시,서구,도마3길 46,36.3160305,127.3811354
도마2동행정복지센터,대전광역시,서구,도림1길 14,36.3128119,127.3735844
정림동행정복지센터,대전광역시,서구,정림동로 10,36.3045039,127.3667259
변동행정복지센터,대전광역시,서구,중반5길 133,36.3258307,127.3867608
용문동행정복지센터,대전광역시,서구,계룡로 626-1,36.3388679,127.3915698
탄방동행정복지센터,대전광역시,서구,탄방로7번길 97,36.3466878,127.3954103
둔산1동행정복지센터,대전광역시,서구,둔산중로 65,36.3525204,127.3860492
둔산2동행정복지센터,대전광역시,서구,둔산서로 80,36.3538497,127.3835853
둔산3동행정복지센터,대전광역시,서구,둔산북로 232-52,36.3534312,127.4000006
괴정동행정복지센터,대전광역시,서구,가장로 57,36.3371675,127.3820423
가장동행정복지센터,대전광역시,서구,도산로 282,36.3317271,127.3852608
내동행정복지센터,대전광역시,서구,도솔로 247,36.3322553,127.3773069
갈마1동행정복지센터,대전광역시,서구,신갈마로 191,36.3508144,127.3678053
갈마2동행정복지센터,대전광역시,서구,대덕대로 147,36.3468108,127.3748765
월평1동행정복지센터,대전광역시,서구,월평서로 13,36.3546845,127.3576015
월평2동행정복지센터,대전광역시,서구,갈마역로 145,36.3635375,127.3740484
월평3동행정복지센터,대전광역시,서구,청사로 27-9,36.3603223,127.3668549
만년동행정복지센터,대전광역시,서구,만년로 19,36.3675369,127.3750393
가수원동행정복지센터,대전광역시,서구,가수원로 105,36.3035126,127.3494302
도안동행정복지센터,대전광역시,서구,원도안로242번길 33,36.3236339,127.3467447
관저1동행정복지센터,대전광역시,서구,관저북로 24,36.3039509,127.3373611
관저2동행정복지센터,대전광역시,서구,관저중로 82,36.2993141,127.335202
기성동행정복지센터,대전광역시,서구,흑석1길 16,36.2558968,127.3415534
진잠동행정복지센터,대전광역시,유성구,원내로 5,36.2998001,127.3163538
학하동행정복지센터,대전광역시,유성구,학하북로 75-21,36.3411508,127.3087292
원신흥동행정복지센터,대전광역시,유성구,봉명로 27-18,36.3421655,127.3432902
상대동행정복지센터,대전광역시,유성구,월드컵대로316번길 28-7,36.3468049,127.3346924
온천1동행정복지센터,대전광역시,유성구,도안대로589번길 35,36.353055,127.3389806
온천2동행정복지센터,대전광역시,유성구,장대로 120,36.3654277,127.3333887
노은1동행정복지센터,대전광역시,유성구,노은동로87번길 89,36.3682789,127.3183982
노은2동행정복지센터,대전광역시,유성구,송림로19번길 35,36.3895008,127.3207187
노은3동행정복지센터,대전광역시,유성구,지족동로 145,36.3867956,127.3079056
신성동행정복지센터,대전광역시,유성구,유성대로 1193,36.395352,127.3519556
전민동행정복지센터,대전광역시,유성구,유성대로 1719,36.3999816,127.4003749
구즉동행정복지센터,대전광역시,유성구,구룡달전로 22,36.4406161,127.3835362
관평동행정복지센터,대전광역시,유성구,관평2로 42,36.4230721,127.3887458
오정동행정복지센터,대전광역시,대덕구,한밭대로972번길 92,36.3538438,127.4098904
대화동행정복지센터,대전광역시,대덕구,동심5길 10,36.3664903,127.4114059
회덕동행정복지센터,대전광역시,대덕구,대전로 1376,36.3762806,127.4214571
비래동행정복지센터,대전광역시,대덕구,비래동로 10,36.354881,127.4499689
송촌동행정복지센터,대전광역시,대덕구,동춘당로94번길 11,36.3657714,127.4398762
중리동행정복지센터,대전광역시,대덕구,중리남로 47,36.360615,127.4264117
법1동행정복지센터,대전광역시,대덕구,계족로663번길 36,36.3707754,127.4267848
법2동행정복지센터,대전광역시,대덕구,동춘당로 187,36.3672075,127.4308161
신탄진동행정복지센터,대전광역시,대덕구,"신탄진로 836, 4층",36.4520393,127.4290878
석봉동행정복지센터,대전광역시,대덕구,대덕대로 1579,36.4507683,127.4232095
덕암동행정복지센터,대전광역시,대덕구,덕암북로104번길 60,36.4402918,127.4268117
목상동행정복지센터,대전광역시,대덕구,대덕대로1470번길 7,36.4485001,127.4122517
학성동행정복지센터,울산광역시,중구,구교로 92,35.5553698,129.3346943
반구1동행정복지센터,울산광역시,중구,화합로 340,35.5564224,129.3416249
반구2동행정복지센터,울산광역시,중구,구교4길 40,35.5633476,129.3408149
복산동행정복지센터,울산광역시,중구,북부순환도로 610,35.563075,129.32705
성안동행정복지센터,울산광역시,중구,백양로 34,35.5743793,129.3096898
중앙동행정복지센터,울산광역시,중구,중앙길 199,35.5574579,129.3240515
우정동행정복지센터,울산광역시,중구,장춘로 30,35.5553047,129.3124654
태화동행정복지센터,울산광역시,중구,유곡로 45,35.556542,129.3045
다운동행정복지센터,울산광역시,중구,운곡길 6,35.556292,129.275675
병영1동행정복지센터,울산광역시,중구,병영3길 8,35.5700454,129.3465835
병영2동행정복지센터,울산광역시,중구,병영성7길 9,35.5793883,129.3459869
약사동행정복지센터,울산광역시,중구,평산4길 38,35.570425,129.3372953
신정1동행정복지센터,울산광역시,남구,월평로9번길 7,35.5413424,129.3065446
신정2동행정복지센터,울산광역시,남구,봉월로20번길 9,35.534675,129.307738
신정3동행정복지센터,울산광역시,남구,월평로103번길 18,35.5451167,129.3163375
신정4동행정복지센터,울산광역시,남구,수암로64번길 16,35.5294096,129.314461
신정5동행정복지센터,울산광역시,남구,월평로 147,35.544942,129.321413
달동행정복지센터,울산광역시,남구,돋질로92번길 28,35.5364,129.3165
삼산동행정복지센터,울산광역시,남구,삼산중로131번길 36,35.5444183,129.3318658
삼호동행정복지센터,울산광역시,남구,삼호로 15,35.550033,129.265987
무거동행정복지센터,울산광역시,남구,대학로147번길 38,35.551008,129.260725
옥동행정복지센터,울산광역시,남구,문수로369번길 5,35.5352731,129.2938581
야음장생포동행정복지센터,울산광역시,남구,여천로12번길 50,35.5200808,129.3399386
대현동행정복지센터,울산광역시,남구,수암로 182,35.5265545,129.3268006
수암동행정복지센터,울산광역시,남구,중앙로 32,35.5244132,129.3184728
선암동행정복지센터,울산광역시,남구,"산업로339번길 17, 2층",35.5149472,129.3383262
방어동행정복지센터,울산광역시,동구,꽃바위로 325,35.4862307,129.4239685
일산동행정복지센터,울산광역시,동구,일산진11길 123,35.499159,129.4312816
화정동행정복지센터,울산광역시,동구,대송로 140,35.4959565,129.4226036
대송동행정복지센터,울산광역시,동구,대송5길 10,35.503167,129.418338
전하1동행정복지센터,울산광역시,동구,바드래3길 55,35.5167946,129.4285712
전하2동행정복지센터,울산광역시,동구,진성4길 45,35.508867,129.426588
남목1동행정복지센터,울산광역시,동구,방어진순환도로 1170,35.5392716,129.420729
남목2동행정복지센터,울산광역시,동구,명덕6길 33,35.5245583,129.431525
남목3동행정복지센터,울산광역시,동구,동해안로 100,35.5460523,129.4313759
농소1동행정복지센터,울산광역시,북구,호계2길 10,35.6227474,129.3560597
농소2동행정복지센터,울산광역시,북구,찬샘1길 24,35.638324,129.348363
농소3동행정복지센터,울산광역시,북구,신답로 77,35.628632,129.3396
강동동행정복지센터,울산광역시,북구,무룡로 1096,35.612831,129.4455992
효문동행정복지센터,울산광역시,북구,산업로 970,35.577792,129.361
송정동행정복지센터,울산광역시,북구,송내14길 41,35.5923667,129.365075
양정동행정복지센터,울산광역시,북구,오치골3길 16-1,35.5486417,129.385325
염포동행정복지센터,울산광역시,북구,염포로 707,35.5307313,129.3944146
범서읍행정복지센터,울산광역시,울주군,범서읍 송현길 72,35.5686242,129.2305204
온산읍행정복지센터,울산광역시,울주군,온산읍 덕신로 303,35.4339374,129.3143567
언양읍행정복지센터,울산광역시,울주군,언양읍 동문길 7,35.5692763,129.125761
온양읍행정복지센터,울산광역시,울주군,온양읍 남창1길 20,35.4194285,129.2804853
청량읍행정복지센터,울산광역시,울주군,청량읍 신덕하3길 5,35.4931944,129.3061152
삼남읍행정복지센터,울산광역시,울주군,삼남읍 작괘들길 2,35.5409339,129.108435
서생면행정복지센터,울산광역시,울주군,서생면 해맞이로 894,35.3499654,129.325925
웅촌면행정복지센터,울산광역시,울주군,웅촌면 새초천길 12,35.461375,129.2083139
두동면행정복지센터,울산광역시,울주군,두동면 대밀길 28,35.654342,129.2011725
두서면행정복지센터,울산광역시,울주군,두서면 반구대로 1817-11,35.6479144,129.1618614
상북면행정복지센터,울산광역시,울주군,상북면 도동신리로 5,35.590515,129.091325
삼동면행정복지센터,울산광역시,울주군,삼동면 삼동로 777,35.5237661,129.1575837
조치원읍행정복지센터,세종특별자치시,조치원읍,새내16길 17,36.6045541,127.2984614
연기면행정복지센터,세종특별자치시,연기면,당산로 81,36.541889,127.2735634
연동면행정복지센터,세종특별자치시,연동면,장욱진로 7,36.5553556,127.3273245
부강면행정복지센터,세종특별자치시,부강면,부강5길 38,36.5297262,127.37092
금남면행정복지센터,세종특별자치시,금남면,용포로 57,36.463826,127.28035
장군면행정복지센터,세종특별자치시,장군면,장척로 400-1,36.4966971,127.2056329
연서면행정복지센터,세종특별자치시,연서면,대첩로 238,36.592587,127.2716217
전의면행정복지센터,세종특별자치시,전의면,운주산로 1270,36.6814441,127.1959556
전동면행정복지센터,세종특별자치시,전동면,운주산로 386,36.655807,127.2641571
소정면행정복지센터,세종특별자치시,소정면,소정구길 204,36.7220259,127.1583525
한솔동행정복지센터,세종특별자치시,한솔동,노을3로 85,36.47927,127.254618
도담동행정복지센터,세종특별자치시,도담동,보람로 77,36.515497,127.261838
아름동행정복지센터,세종특별자치시,보듬3로,114,36.5122362,127.2469321
종촌동행정복지센터,세종특별자치시,도움3로,125,36.5045299,127.2469119
고운동행정복지센터,세종특별자치시,마음로,284,36.519747,127.2366679
보람동행정복지센터,세종특별자치시,호려울로,42,36.4789158,127.2906429
새롬동행정복지센터,세종특별자치시,새롬중앙로,44,36.4848559,127.2518046
대평동행정주민센터,세종특별자치시,대평1길,10,36.4709576,127.2792247
소담동행정주민센터,세종특별자치시,한누리대로,2023,36.4839559,127.3004148
다정동행정주민센터,세종특별자치시,다정남3로,10,36.494488,127.2503432
반곡동행정주민센터,세종특별자치시,반곡로,39,36.4987257,127.3105784
어진동행정주민센터,세종특별자치시,다솜1로31,,36.5019683,127.2562826
나성동행정주민센터,세종특별자치시,갈매로,280,36.4890882,127.2643268
해밀동행정주민센터,세종특별자치시,해밀1로,45,36.5269612,127.2682168
파장동 행정복지센터,경기도,수원시,장안구 파장천로 60,37.3103529,126.9974438
율천동 행정복지센터,경기도,수원시,장안구 서부로2106번길 27,37.2976181,126.9714921
정자1동 행정복지센터,경기도,수원시,장안구 정자로130번길 20,37.3022,126.991288
정자2동 행정복지센터,경기도,수원시,장안구 송정로24번길 34,37.2950651,127.000442
정자3동 행정복지센터,경기도,수원시,장안구 대평로 85,37.2957333,126.9925366
영화동 행정복지센터,경기도,수원시,장안구 수성로382번길 24,37.2931486,127.0139656
송죽동 행정복지센터,경기도,수원시,장안구 송원로41번길 16-21,37.3005189,127.0070114
조원1동 행정복지센터,경기도,수원시,장안구 금당로 56,37.3018729,127.0164315
조원2동 행정복지센터,경기도,수원시,장안구 송원로 109-50,37.3056333,127.00965
연무동 행정복지센터,경기도,수원시,장안구 경수대로 757,37.2905829,127.0215522
세류1동 행정복지센터,경기도,수원시,권선구 세류로38번길 10,37.2622653,127.0079771
세류2동 행정복지센터,경기도,수원시,권선구 덕영대로 1107,37.2533664,127.0130702
세류3동 행정복지센터,경기도,수원시,권선구 정조로 557,37.2590538,127.0119411
평동 행정복지센터,경기도,수원시,권선구 평동로76번길 13,37.258033,126.994163
서둔동 행정복지센터,경기도,수원시,권선구 서호로 146,37.2725801,126.9860539
구운동 행정복지센터,경기도,수원시,권선구 구운로47번길 57-33,37.2770626,126.9714302
금곡동 행정복지센터,경기도,수원시,권선구 금곡로196번길 20,37.2727373,126.9521809
호매실동 행정복지센터,경기도,수원시,권선구 칠보로 161,37.2662109,126.9570459
권선1동 행정복지센터,경기도,수원시,권선구 경수대로352번길 29,37.2577882,127.0245685
권선2동 행정복지센터,경기도,수원시,권선구 권중로 85,37.251325,127.0296875
곡선동 행정복지센터,경기도,수원시,권선구 동수원로146번길 174,37.2433725,127.0333038
입북동 행정복지센터,경기도,수원시,권선구 입북로 17,37.293233,126.959513
행궁동 행정복지센터,경기도,수원시,팔달구 신풍로23번길 40,37.2840501,127.0126478
매교동 행정복지센터,경기도,수원시,팔달구 효원로89번길 60,37.268752,127.014416
매산동 행정복지센터,경기도,수원시,팔달구 매산로 45,37.268905,127.0059412
고등동 행정복지센터,경기도,수원시,팔달구 고등로 37,37.273466,127.0011269
화서1동 행정복지센터,경기도,수원시,팔달구 동말로4번길 10,37.2764189,126.9950391
화서2동 행정복지센터,경기도,수원시,팔달구 화산로6번길 6,37.2851209,126.9862918
지동 행정복지센터,경기도,수원시,팔달구 세지로 339,37.281558,127.0247074
우만1동 행정복지센터,경기도,수원시,팔달구 경수대로656번길 37-17,37.2854413,127.0299031
우만2동행정복지센터,경기도,수원시,팔달구 중부대로207번길 33,37.278039,127.0397669
인계동 행정복지센터,경기도,수원시,팔달구 인계로 123,37.2680521,127.0301429
매탄1동 행정복지센터,경기도,수원시,영통구 인계로189번길 119,37.2705147,127.0404987
매탄2동 행정복지센터,경기도,수원시,영통구 매영로39번길 21,37.2701732,127.0474356
매탄3동 행정복지센터,경기도,수원시,영통구 동탄원천로881번길 76,37.2564467,127.0430982
매탄4동 행정복지센터,경기도,수원시,영통구 산남로 26-4,37.2651145,127.0486937
원천동 행정복지센터,경기도,수원시,영통구 중부대로 339,37.2734789,127.0532893
광교1동 행정복지센터,경기도,수원시,영통구 도청로89번길 20,37.2902086,127.047369
광교2동 행정복지센터,경기도,수원시,영통구 법조로149번길 155,37.2922771,127.0701599
영통1동 행정복지센터,경기도,수원시,영통구 봉영로1759번길 23,37.2663493,127.08057
영통2동 행정복지센터,경기도,수원시,영통구 영통로217번길 12,37.2469632,127.0563198
영통3동 행정복지센터,경기도,수원시,영통구 반달로 105,37.2525612,127.0769122
망포1동 행정복지센터,경기도,수원시,영통구 영통로90번길 4-16,37.237797,127.0608445
망포2동 행정복지센터,경기도,수원시,영통구 태장로54번길 10,37.2388699,127.0515912
주교동행정복지센터,경기도,고양시,덕양구 고양대로1315번길 71,37.6594879,126.8296424
원신동행정복지센터,경기도,고양시,덕양구 호국로 1261,37.6773994,126.8758573
흥도동행정복지센터,경기도,고양시,덕양구 흥도로454번길 44,37.6449331,126.8543984
성사1동행정복지센터,경기도,고양시,덕양구 호국로 793,37.6571461,126.8364078
성사2동행정복지센터,경기도,고양시,덕양구 호국로742번길 6-6,37.6529515,126.8329338
효자동행정복지센터,경기도,고양시,덕양구 오부자로 32,37.6528518,126.9135698
삼송1동행정복지센터,경기도,고양시,덕양구 신도길 8-8,37.6525828,126.8937039
삼송2동행정복지센터,경기도,고양시,덕양구 신도길 8-8,37.6525828,126.8937039
창릉동행정복지센터,경기도,고양시,덕양구 동세로 30,37.6455111,126.8865438
고양동행정복지센터,경기도,고양시,덕양구 벽제관로 5,37.7033661,126.9037032
관산동행정복지센터,경기도,고양시,덕양구 통일로 789,37.6880184,126.8625629
능곡동행정복지센터,경기도,고양시,덕양구 토당로 83,37.6227988,126.8180599
화정1동행정복지센터,경기도,고양시,덕양구 화중로 197,37.6446864,126.8334924
화정2동행정복지센터,경기도,고양시,덕양구 화신로 232,37.6305713,126.8357629
행주동행정복지센터,경기도,고양시,덕양구 지도로14번길 11,37.6184671,126.8253826
행신1동행정복지센터,경기도,고양시,덕양구 중앙로 541-12,37.6223293,126.835906
행신2동행정복지센터,경기도,고양시,덕양구 충경로 30,37.61517,126.8330534
행신3동행정복지센터,경기도,고양시,덕양구 중앙로558번길 78,37.6263978,126.838618
행신4동행정복지센터,경기도,고양시,"덕양구 중앙로 454, 4층",37.6186154,126.845
화전동행정복지센터,경기도,고양시,덕양구 중앙로 131,37.6000423,126.8726717
대덕동행정복지센터,경기도,고양시,덕양구 덕은로 60-22,37.5855665,126.8751753
식사동행정복지센터,경기도,고양시,일산동구 위시티2로11번길 22-21,37.6773368,126.8137469
중산1동행정복지센터,경기도,고양시,일산동구 중산로 224,37.6918198,126.7804521
중산2동행정복지센터,경기도,고양시,"일산동구 하늘마을1로 2, 6층",37.6745313,126.7860201
정발산동행정복지센터,경기도,고양시,일산동구 일산로 422,37.6724644,126.7798638
풍산동행정복지센터,경기도,고양시,일산동구 숲속마을1로 36,37.6640927,126.7998843
백석1동행정복지센터,경기도,고양시,일산동구 일산로 145,37.6496787,126.7925109
백석2동행정복지센터,경기도,고양시,일산동구 장백로 72,37.6439282,126.7855014
마두1동행정복지센터,경기도,고양시,일산동구 일산로 218,37.6558183,126.789816
마두2동행정복지센터,경기도,고양시,일산동구 강송로 166,37.6535933,126.7844813
장항1동행정복지센터,경기도,고양시,일산동구 장항로225번길 72,37.6416066,126.7705335
장항2동행정복지센터,경기도,고양시,일산동구 노루목로 114,37.649886,126.7783329
고봉동행정복지센터,경기도,고양시,일산동구 성현로 397-18,37.7019015,126.8272205
일산1동행정복지센터,경기도,고양시,일산서구 원일로 55,37.6872559,126.7685565
일산2동행정복지센터,경기도,고양시,일산서구 고봉로 283,37.6846266,126.7771973
일산3동행정복지센터,경기도,고양시,일산서구 강선로 158,37.6769888,126.7702631
탄현1동행정복지센터,경기도,고양시,일산서구 홀트로 36,37.6943312,126.7684293
탄현2동행정복지센터,경기도,고양시,일산서구 탄현로 120,37.7022224,126.7676707
주엽1동행정복지센터,경기도,고양시,일산서구 강성로 109,37.6701253,126.7633196
주엽2동행정복지센터,경기도,고양시,일산서구 주엽로 178,37.6741291,126.7605008
대화동행정복지센터,경기도,고양시,일산서구 일산로 668,37.682987,126.7551418
송포동행정복지센터,경기도,고양시,일산서구 대화로 143,37.6714524,126.7355113
덕이동행정복지센터,경기도,고양시,일산서구 덕이로 50-7,37.6909096,126.7543051
가좌동행정복지센터,경기도,고양시,일산서구 송산로374번길 7,37.6844741,126.7208778
신흥1동행정복지센터,경기도,성남시,수정구 수정로188번길 7,37.4430537,127.1411856
신흥2동행정복지센터,경기도,성남시,수정구 수정로 267,37.448889,127.145334
신흥3동행정복지센터,경기도,성남시,수정구 공원로349번길 8,37.4435318,127.1488541
태평1동행정복지센터,경기도,성남시,수정구 모란로 88,37.4407578,127.1261384
태평2동행정복지센터,경기도,성남시,수정구 남문로 108,37.4471468,127.1386921
태평3동행정복지센터,경기도,성남시,수정구 남문로 54,37.4453511,127.1330711
태평4동행정복지센터,경기도,성남시,수정구 남문로 134,37.4477013,127.1414857
수진1동행정복지센터,경기도,성남시,수정구 탄리로 19,37.4385737,127.1390057
수진2동행정복지센터,경기도,성남시,수정구 성남대로 1204,37.4373436,127.1287189
단대동행정복지센터,경기도,성남시,수정구 희망로506번길 21,37.4494085,127.1553874
산성동행정복지센터,경기도,성남시,수정구 수정남로 261,37.4522791,127.1500711
양지동행정복지센터,경기도,성남시,수정구 산성대로 483,37.4549067,127.1609645
복정동행정복지센터,경기도,성남시,수정구 복정로 144,37.4658148,127.1271221
위례동행정복지센터,경기도,성남시,수정구 위례순환로 125,37.4713772,127.1423164
신촌동행정복지센터,경기도,성남시,수정구 오야로 19,37.4546777,127.1044123
고등동행정복지센터,경기,성남시,수정구 대왕판교로 985,37.4282804,127.1012937
시흥동행정복지센터,경기도,성남시,수정구 여수대로56번길 6,37.4219831,127.1079536
성남동행정복지센터,경기도,성남시,중원구 광명로 89,37.4350666,127.1383915
중앙동행정복지센터,경기도,성남시,중원구 광명로264번길 1,37.4429349,127.1562636
금광1동행정복지센터,경기도,성남시,중원구 광명로 328,37.4450787,127.1624218
금광2동행정복지센터,경기도,성남시,중원구 광명로 345,37.4462486,127.1640512
은행1동행정복지센터,경기도,성남시,중원구 은행로 85,37.4521126,127.1689061
은행2동행정복지센터,경기도,성남시,중원구 은이로 21,37.45709,127.1665593
상대원1동행정복지센터,경기도,성남시,중원구 둔촌대로 425,37.4332292,127.1643929
상대원2동행정복지센터,경기도,성남시,중원구 둔촌대로 388,37.432633,127.1592797
상대원3동행정복지센터,경기도,성남시,중원구 박석로 78,37.4397392,127.1655568
하대원동행정복지센터,경기도,성남시,중원구 둔촌대로 252,37.4282864,127.1463712
도촌동행정복지센터,경기도,성남시,중원구 도촌북로 28,37.4165265,127.1527511
분당동행정복지센터,경기도,성남시,분당구 불정로 312,37.3702161,127.131148
수내1동행정복지센터,경기도,성남시,분당구 내정로173번길 21,37.3755813,127.1178736
수내2동행정복지센터,경기도,성남시,분당구 내정로166번길 17,37.3724141,127.1207927
수내3동행정복지센터,경기도,성남시,분당구 돌마로356번길 43,37.3668663,127.1261392
정자동행정복지센터,경기도,성남시,분당구 황새울로18번길 14,37.3614531,127.1115436
정자1동행정복지센터,경기도,성남시,분당구 성남대로407번길 12,37.3729088,127.1061807
정자2동행정복지센터,경기도,성남시,분당구 내정로 66,37.3660181,127.1152768
정자3동행정복지센터,경기도,성남시,분당구 돌마로 242,37.3607965,127.1195385
서현1동행정복지센터,경기도,성남시,분당구 중앙공원로39번길 35,37.3828654,127.12601
서현2동행정복지센터,경기도,성남시,분당구 돌마로476번길 17,37.3760371,127.1345991
이매1동행정복지센터,경기도,성남시,분당구 성남대로779번길 10,37.3995558,127.1271626
이매2동행정복지센터,경기도,성남시,분당구 탄천로79번길 19,37.39958,127.1218872
야탑1동행정복지센터,경기도,성남시,분당구 장미로86번길 18,37.4120466,127.1302605
야탑2동행정복지센터,경기도,성남시,분당구 야탑로76번길 5,37.4094291,127.1273765
야탑3동행정복지센터,경기도,성남시,분당구 야탑로167번길 12,37.4108339,127.1379228
금곡동행정복지센터,경기도,성남시,분당구 성남대로171번길 14,37.3516321,127.1070895
구미동행정복지센터,경기도,성남시,분당구 구미로 130,37.3402542,127.1226373
구미1동행정복지센터,경기도,성남시,분당구 돌마로90번길 8,37.3492867,127.1117755
판교동행정복지센터,경기도,성남시,분당구 서판교로32번길 9,37.3899223,127.0986737
삼평동행정복지센터,경기도,성남시,분당구 동판교로266번길 7,37.4061337,127.1163137
백현동행정복지센터,경기도,성남시,분당구 동판교로 21,37.3885404,127.1108349
운중동행정복지센터,경기도,성남시,분당구 운중로138번길 10,37.3906025,127.0778451
포곡읍행정복지센터,경기도,용인시,처인구 포곡읍 포곡로 258,37.2778247,127.2308404
모현읍행정복지센터,경기도,용인시,처인구 모현읍 독점로 31-6,37.3294524,127.2423688
이동읍행정복지센터,경기도,용인시,처인구 이동읍 경기동로 673,37.1411114,127.1962053
남사읍행정복지센터,경기도,용인시,처인구 남사면 내기로 22,37.1157212,127.1506388
원삼면행정복지센터,경기도,용인시,처인구 원삼면 원양로 64,37.16665,127.3138
백암면행정복지센터,경기도,용인시,처인구 백암면 백암로 189,37.1634518,127.3753443
양지면행정복지센터,경기도,용인시,처인구 양지면 양지로105번길 5,37.2355071,127.2798015
중앙동행정복지센터,경기도,용인시,처인구 금령로78번길 7,37.2346715,127.2048447
역북동행정복지센터,경기도,용인시,처인구 명지로 16,37.2345643,127.1881571
삼가동행정복지센터,경기도,용인시,처인구 동백죽전대로 61,37.2498203,127.1651803
유림동행정복지센터,경기도,용인시,처인구 백옥대로 1315,37.2524452,127.2117201
동부동행정복지센터,경기도,용인시,처인구 중부대로 1574,37.2327624,127.2191334
신갈동행정복지센터,경기도,용인시,기흥구 신갈로58번길 11,37.272604,127.1067442
영덕1동행정복지센터,경기도,용인시,기흥구 흥덕2로118번길 2,37.2778213,127.0745335
영덕2동행정복지센터,경기도,용인시,기흥구 덕영대로2077번길 68,37.2666883,127.0918542
구갈동행정복지센터,경기도,용인시,기흥구 강남로 23,37.2724246,127.1275883
상갈동행정복지센터,경기도,용인시,기흥구 상갈로 2,37.2665734,127.107612
보라동행정복지센터,경기도용인시,기흥구,한보라1로10번길 6-10,37.2539511,127.1082869
기흥동행정복지센터,경기도,용인시,기흥구 고매로43번길 12-14,37.2315089,127.1155187
서농동행정복지센터,경기도,용인시,기흥구 서천서로 79,37.2379837,127.0684056
구성동행정복지센터,경기도,용인시,기흥구 구성로77번길 17,37.296806,127.1190087
마북동행정복지센터,경기도,용인시,기흥구 구교동로118번길 16,37.3015904,127.1174402
동백1동행정복지센터,경기도,용인시,기흥구 동백죽전대로 444,37.27795,127.1515224
동백2동행정복지센터,경기도,용인시,기흥구 동백중앙로 214,37.2724609,127.1517145
동백3동행정복지센터,경기도,용인시,기흥구 동백죽전대로527번길 98-2,37.2810719,127.1442402
상하동행정복지센터,경기도,용인시,기흥구 어정로 62-23,37.2704794,127.1383523
보정동행정복지센터,경기도,용인시,기흥구 죽전로 40,37.320165,127.1129619
풍덕천1동행정복지센터,경기도,용인시,수지구 수지로342번길 3,37.3279525,127.0950392
풍덕천2동행정복지센터,경기도,용인시,수지구 풍덕천로 51,37.3194542,127.088698
신봉동행정복지센터,경기도,용인시,수지구 수지로 215,37.3206662,127.0835545
죽전1동행정복지센터,경기도,용인시,수지구 대지로15번길 50,37.3310435,127.1139952
죽전2동행정복지센터,경기도,용인시,수지구 포은대로 523,37.3259382,127.1066979
죽전3동행정복지센터,경기,용인시,수지구 대지로 42,37.3279864,127.1141859
동천동행정복지센터,경기도,용인시,수지구 신수로783번길 40,37.3418601,127.0992391
상현1동행정복지센터,경기도,용인시,수지구 상현로 71,37.304611,127.0811215
상현2동행정복지센터,경기도,용인시,수지구 만현로 48,37.3103639,127.0865576
상현3동행정복지센터,경기,용인시,수지구 법조로 223,37.2996393,127.0727046
성복동행정복지센터,경기도,용인시,수지구 성복1로 100,37.3164158,127.0690127
심곡1동행정복지센터,경기도,부천시,원미구 장말로351번길 9 (심곡동),37.4909759,126.7806466
심곡2동행정복지센터,경기도,부천시,원미구 부흥로424번길 25 (심곡동),37.4874042,126.787103
심곡3동행정복지센터,경기도,부천시,원미구 부일로 393 (심곡동),37.4874049,126.7738435
원미1동행정복지센터,경기도,부천시,원미구 부천로122번길 60 (원미동),37.4944255,126.7886271
원미2동행정복지센터,경기도,부천시,원미구 조종로36번길 26 (원미동),37.4919413,126.7882918
소사동행정복지센터,경기도,부천시,원미구 소사로310번길 3-9 (소사동),37.4858883,126.7945927
역곡1동행정복지센터,경기도,부천시,원미구 부일로791번길 14 (역곡동),37.4892399,126.8167653
역곡2동행정복지센터,경기도,부천시,원미구 부일로699번길 35 (역곡동),37.4860562,126.806675
춘의동행정복지센터,경기도,부천시,원미구 부천로209번길 19 (춘의동),37.5027214,126.7858889
도당동행정복지센터,경기도,부천시,원미구 평천로849번길 26-7 (도당동),37.5163212,126.7859358
약대동행정복지센터,경기도,부천시,원미구 수도로 44 (약대동),37.5132909,126.7712867
중동행정복지센터,경기도,부천시,원미구 부일로 342 (중동),37.4878119,126.7681845
중1동행정복지센터,경기도,부천시,원미구 조마루로 250 (중동),37.4978822,126.771387
중2동행정복지센터,경기도,부천시,원미구 심중로119번길 8 (중동),37.4940407,126.7698424
중3동행정복지센터,경기도,부천시,원미구 옥산로113번길 39 (중동),37.5037371,126.7780256
중4동행정복지센터,경기도,부천시,원미구 석천로209번길 15 (중동),37.5060166,126.7625886
상동행정복지센터,경기도,부천시,원미구 석천로 83 (상동),37.4949442,126.7608249
상1동행정복지센터,경기도,부천시,원미구 상일로 97 (상동),37.4918159,126.7531865
상2동행정복지센터,경기도,부천시,원미구 조마루로 95 (상동),37.5005775,126.7544075
상3동행정복지센터,경기도,부천시,원미구 상동로117번길 48 (상동),37.5082405,126.75102
심곡본1동행정복지센터,경기도,부천시,소사구 심곡로9번길 54 (심곡본동),37.4824389,126.7789446
심곡본동행정복지센터,경기도,부천시,소사구 성주로249번길 19 (심곡본동),37.4807394,126.7800433
소사본동행정복지센터,경기도,부천시,소사구 호현로433 (소사본동),37.4762334,126.7921463
소사본1동행정복지센터,경기도,부천시,소사구 은성로68번길 56 (소사본동),37.4728348,126.7980946
범박동행정복지센터,경기도,부천시,소사구 범안로129번길 17 (범박동),37.4705808,126.8097232
옥길동행정복지센터,경기도,부천시,"소사구 옥길로 116, 문영 퀸즈파크 A동 402~405호(옥길동)",37.4669591,126.822643
괴안동행정복지센터,경기도,부천시,소사구 범안로 38 (괴안동),37.4784179,126.8068972
역곡3동행정복지센터,경기도,부천시,소사구 부광로8번길 53 (괴안동),37.4825722,126.8102226
송내1동행정복지센터,경기도,부천시,소사구 경인로9번길 25 (송내동),37.4840523,126.7561317
송내2동행정복지센터,경기도,부천시,소사구 중동로22번길 101 (송내동),37.4825632,126.7695558
성곡동행정복지센터,경기도,부천시,오정구 성오로 25 (여월동),37.5167184,126.8034928
원종1동행정복지센터,경기도,부천시,오정구 원종로51번길 43 (원종동),37.5258937,126.8054732
원종2동행정복지센터,경기도,부천시,오정구 성오로 129 (오정동),37.5251696,126.7991965
고강본동행정복지센터,경기도,부천시,오정구 고리울로 79 (고강동),37.5270349,126.8248081
고강1동행정복지센터,경기도,부천시,오정구 고강로72번길 8 (고강동),37.5294454,126.8119334
오정동행정복지센터,경기도,부천시,오정구 오정로252번길 88 (오정동),37.5289028,126.7908359
신흥동행정복지센터,경기도,부천시,오정구 삼작로 109 (삼정동),37.5204275,126.7733753
일동행정복지센터,경기도,안산시,상록구 성호로 53,37.31036,126.8661286
이동행정복지센터,경기도,안산시,상록구 이동로 46,37.305375,126.8608625
사동행정복지센터,경기도,안산시,상록구 석호로 171,37.297091,126.8509914
사이동행정복지센터,경기도,안산시,상록구 감골1로 52,37.2898254,126.851854
해양동행정복지센터,경기도,안산시,상록구 해양로 8,37.2948439,126.8200683
본오1동행정복지센터,경기도,안산시,상록구 샘골로 16,37.2851062,126.8642702
본오2동행정복지센터,경기도,안산시,상록구 석호로 349,37.293582,126.8693552
본오3동행정복지센터,경기도,안산시,상록구 용신로 376,37.301474,126.86379
부곡동행정복지센터,경기도,안산시,상록구 성호로 326,37.3319447,126.8610894
월피동행정복지센터,경기도,안산시,상록구 시낭북로 4,37.3335361,126.8566398
성포동행정복지센터,경기도,안산시,상록구 충장로 468,37.3206935,126.8494558
반월동행정복지센터,경기도,안산시,상록구 건건로 51,37.306075,126.902263
안산동행정복지센터,경기도,안산시,상록구 장하로 315,37.361902,126.8733861
와동행정복지센터,경기도,안산시,단원구 선부로 273,37.3416502,126.8256763
고잔동행정복지센터,경기도,안산시,단원구 화정천동로 252,37.3271115,126.8191528
중앙동행정복지센터,경기도,안산시,단원구 예술대학로 76,37.3237954,126.8375919
호수동행정복지센터,경기도,안산시,단원구 광덕2로 125,37.3102993,126.8243128
원곡동행정복지센터,경기도,안산시,단원구 부부로 55,37.3332548,126.7908383
백운동행정복지센터,경기도,안산시,단원구 원선로 31,37.328114,126.7970576
신길동행정복지센터,경기도,안산시,단원구 삼일로 42-7,37.3348093,126.7831596
초지동행정복지센터,경기도,안산시,단원구 초지동로 67,37.3099668,126.8168082
선부1동행정복지센터,경기도,안산시,단원구 선부광장서로 47,37.3342173,126.8044133
선부2동행정복지센터,경기도,안산시,단원구 지곡로 46,37.3385679,126.8027074
선부3동행정복지센터,경기도,안산시,단원구 선삼로 47,37.3450842,126.8125687
대부동행정복지센터,경기도,안산시,단원구 대부중앙로 97-9,37.243743,126.585288
와부조안행정복지센터,경기도,남양주시,와부읍 월문천로 35,37.5855588,127.2162819
진접오남행정복지센터,경기도,남양주시,진접읍 금강로 1509-26,37.7263311,127.1898676
화도수동행정복지센터,경기도,남양주시,화도읍 비룡로 59,37.6579185,127.3006163
진건퇴계원행정복지센터,경기도,남양주시,진건읍 진건오남로 41-19,37.6546279,127.1777148
오남읍주민센터,경기도,남양주시,오남읍 진건오남로 806-34,37.6986057,127.2048104
퇴계원읍주민센터,경기도,남양주시,퇴계원읍 도제원로 13,37.6493508,127.1446521
별내면주민센터,경기도,남양주시,별내면 청학로8번길 22,37.7025595,127.1247248
수동면주민센터,경기도,남양주시,수동면 비룡로 729,37.7036167,127.3259212
조안면주민센터,경기도,남양주시,조안면 북한강로 120,37.5359,127.30345
호평평내행정복지센터,경기도,남양주시,호평로68번길 21,37.6549037,127.2486496
평내동주민센터,경기도,남양주시,경춘로 1286,37.6483117,127.2360753
금곡양정행정복지센터,경기도,남양주시,경춘로 899,37.6330332,127.2015399
양정동주민센터,경기도,남양주시,홍유릉로 55,37.6163584,127.1871747
다산행정복지센터,경기도,남양주시,다산중앙로 7,37.6138912,127.1553701
다산2동주민센터,경기도,남양주시,다산지금로16번길 75,37.607682,127.1694771
별내행정복지센터,경기도,남양주시,별내3로 64-21,37.6461869,127.121931
안양1동행정복지센터,경기도,안양시,만안구 장내로 170,37.3989921,126.9259084
안양2동행정복지센터,경기도,안양시,만안구 안양로384번길 50,37.4050874,126.9178327
안양3동행정복지센터,경기도,안양시,만안구 양화로 28,37.3962813,126.9147074
안양4동행정복지센터,경기도,안양시,만안구 냉천로193번길 34,37.3965313,126.9178571
안양5동행정복지센터,경기도,안양시,만안구 냉천로157번길 18,37.39429,126.920838
안양6동행정복지센터,경기도,안양시,만안구 안양로170번길 23,37.390057,126.9305665
안양7동행정복지센터,경기도,안양시,만안구 덕천로 115,37.3914648,126.933741
안양8동행정복지센터,경기도,안양시,만안구 안양로111번길 17,37.3842191,126.932137
안양9동행정복지센터,경기도,안양시,만안구 병목안로142번길 12-9,37.3914649,126.9083832
석수1동행정복지센터,경기도,안양시,만안구 경수대로 1252,37.4196839,126.9105353
석수2동행정복지센터,경기도,안양시,만안구 안양로 496,37.4139694,126.9093548
충훈동행정복지센터,경기도,안양시,만안구 충훈로90번길 36,37.4091957,126.8994063
박달1동행정복지센터,경기도,안양시,만안구 양화로127번길 9,37.4036557,126.9091738
박달2동행정복지센터,경기도,안양시,만안구 박달로 470,37.4019599,126.9047083
비산1동행정복지센터,경기도,안양시,동안구 비산로12,37.399791,126.933741
비산2동행정복지센터,경기도,안양시,동안구 관악대로106번길 70,37.3979504,126.9388427
비산3동행정복지센터,경기도,안양시,동안구 운곡로 34,37.4040626,126.9455755
부흥동행정복지센터(임시청사),경기도,안양시,동안구 경수대로 813,37.3919641,126.9437634
달안동행정복지센터,경기도,안양시,동안구 달안로 65,37.3960819,126.950179
관양동행정복지센터,경기도,안양시,동안구 관평로358번길 46,37.4061457,126.9614627
인덕원동행정복지센터,경기도,안양시,동안구 관양로 215,37.4022817,126.9710143
부림동행정복지센터,경기도,안양시,동안구 달안로 154,37.3987378,126.9594525
평촌동행정복지센터,경기도,안양시,동안구 흥안대로456번길 21,37.3946789,126.9770774
평안동행정복지센터,경기도,안양시,동안구 관평로138번길 39,37.390407,126.964238
귀인동행정복지센터,경기도,안양시,동안구 부림로 16,37.385534,126.9694893
호계1동행정복지센터,경기도,안양시,동안구 경수대로 538,37.3708644,126.9583098
호계2동행정복지센터,경기도,안양시,동안구 경수대로 657,37.3806387,126.9532978
호계3동행정복지센터,경기도,안양시,동안구 경수대로 504,37.367672,126.9588144
범계동행정복지센터,경기도,안양시,동안구 평촌대로217번길 63,37.3897644,126.9525157
신촌동행정복지센터,경기도,안양시,동안구 동안로 28,37.381817,126.9562459
갈산동행정복지센터,경기도,안양시,동안구 흥안대로223번길 30,37.3761444,126.9660952
봉담읍행정복지센터,경기도,화성시,봉담읍 샘마을1길 7,37.2202551,126.9502606
우정읍행정복지센터,경기도,화성시,우정읍 쌍봉로 109-14,37.0898278,126.8154594
향남읍행정복지센터,경기도,화성시,향남읍 발안로 89,37.1324392,126.92032
남양읍행정복지센터,경기도,화성시,남양읍 남양성지로 192-5,37.2116065,126.8243629
매송면행정복지센터,경기도,화성시,매송면 매송로 43,37.2522226,126.909155
비봉면행정복지센터,경기도,화성시,비봉면 비봉로71번길 1,37.2357878,126.8738985
마도면행정복지센터,경기도,화성시,마도면 마도북로 389,37.2055104,126.7696337
송산면행정복지센터,경기도,화성시,송산면 매봉산길 12,37.217818,126.739138
서신면행정복지센터,경기도,화성시,서신면 궁평항로 1702,37.1666435,126.708788
팔탄면행정복지센터,경기도,화성시,팔탄면 구장길 14,37.1622339,126.9049012
장안면행정복지센터,경기도,화성시,장안면 포승장안로 1460-7,37.0798333,126.8313488
양감면행정복지센터,경기도,화성시,양감면 초록로 7,37.0816711,126.9454246
정남면행정복지센터,경기도,화성시,정남면 서봉로 998,37.1605049,126.9711531
새솔동행정복지센터,경기도,화성시,수노을중앙로 178,37.281286,126.8187676
진안동행정복지센터,경기도,화성시,병점4로 34,37.2133416,127.0349812
병점1동행정복지센터,경기도,화성시,경기대로1010번길 11,37.2068683,127.0372731
병점2동행정복지센터,경기도,화성시,병점3로 99,37.2114714,127.0430122
반월동행정복지센터,경기도,화성시,영통로61번길 32,37.2331611,127.0605637
기배동행정복지센터,경기도,화성시,기안남로 62,37.2243293,126.9846413
화산동행정복지센터,경기도,화성시,화산중앙로 16,37.2061596,127.0148595
동탄1동행정복지센터,경기도,화성시,동탄반석로 195,37.2064931,127.0719286
동탄2동행정복지센터,경기도,화성시,동탄반석로 87,37.1969294,127.0723027
동탄3동행정복지센터,경기도,화성시,동탄지성로 151,37.2099405,127.0587756
동탄4동행정복지센터,경기도,화성시,동탄대로시범길 133,37.1998543,127.1123261
동탄5동행정복지센터,경기도,화성시,동탄영천로 84,37.2103056,127.1038915
동탄6동행정복지센터,경기도,화성시,동탄감배산로 54,37.1914638,127.0901756
동탄7동행정복지센터,경기도,화성시,동탄대로8길 36,37.1705083,127.1104927
동탄8동행정복지센터,경기도,화성시,동탄대로 87,37.1622997,127.105276
팽성읍행정복지센터,경기도,평택시,팽성읍 동서촌로 89,36.9651726,127.0624052
안중읍행정복지센터,경기도,평택시,안중읍 안현로 400,36.9860645,126.9313225
포승읍행정복지센터,경기도,평택시,포승읍 서동대로 1174-16,36.982943,126.88515
진위면행정복지센터,경기도,평택시,진위면 봉남길 61,37.1000622,127.090581
서탄면행정복지센터,경기도,평택시,서탄면 금암2길 122,37.108232,127.035325
고덕면행정복지센터,경기도,평택시,고덕면 고덕로 283,37.0423001,127.0177448
오성면행정복지센터,경기도,평택시,오성면 숙성시장길 23,37.0077005,126.9801027
청북읍행정복지센터,경기도,평택시,청북읍 청원로 2,37.0398794,126.9343352
현덕면행정복지센터,경기도,평택시,현덕면 인광길 84,36.9674003,126.9214991
중앙동행정복지센터,경기도,평택시,서정역로 16,37.0554014,127.0560139
서정동행정복지센터,경기도,평택시,탄현로 170,37.0677879,127.0546899
송탄동행정복지센터,경기도,평택시,방여울로 117,37.0444288,127.0950366
지산동행정복지센터,경기도,평택시,송탄로 379,37.0774217,127.0575964
송북동행정복지센터,경기도,평택시,지산2로 113,37.0816288,127.0602396
신장1동행정복지센터,경기도,평택시,신장로90번길 63,37.0840297,127.0524069
신장2동행정복지센터,경기도,평택시,밀월로21번길 7,37.0764515,127.0524346
신평동행정복지센터,경기도,평택시,평택3로 9,36.9900919,127.0927265
원평동행정복지센터,경기도,평택시,원평2로 9,36.9893304,127.0805337
통복동행정복지센터,경기도,평택시,통복시장로48번길 41,37.0008153,127.0872017
비전1동행정복지센터,경기도,평택시,비전2로 330,37.0109407,127.112164
비전2동행정복지센터,경기도,평택시,중앙로 261,36.9903562,127.1117538
세교동행정복지센터,경기도,평택시,"평택로 149, 1층",36.9987223,127.0794611
용이동행정복지센터,경기도,평택시,현촌5길 5-19,36.9975724,127.1337314
동삭동행정복지센터,경기도,평택시,상서재로2길 56-10,37.0152299,127.1034274
고덕동행정복지센터,경기도,평택시,고덕면 고덕여염9길 37,37.0405303,127.0504684
의정부1동주민센터,경기도,의정부시,경의로 120(의정부동),37.732273,127.0491024
의정부2동주민센터,경기도,의정부시,신흥로 275,37.7407861,127.0427947
의정부3동주민센터,경기도,의정부시,경의로 120,37.732273,127.0491024
장암동주민센터,경기도,의정부시,장곡로250번길 23,37.7264068,127.0542544
호원1동주민센터,경기도,의정부시,평화로230번길 12-9,37.7120303,127.0487645
호원2동행정복지센터,경기도,의정부시,신흥로 115,37.7264481,127.0431141
신곡1동행정복지센터,경기도,의정부시,신곡로71,37.7330953,127.0562235
신곡2동주민센터,경기도,의정부시,추동로 23번길 7,37.7436996,127.0579769
송산1동주민센터,경기도,의정부시,민락로 13,37.7311817,127.0866851
송산2동행정복지센터,경기도,의정부시,용민로 115,37.7397478,127.0900017
송산3동행정복지센터,경기도,의정부시,민락로 360,37.7531898,127.1137733
자금동주민센터,경기도,의정부시,거북로 13,37.7502752,127.0582251
가능동주민센터,경기도,의정부시,신촌로 35,37.7505409,127.0384877
흥선동행정복지센터,경기도,의정부시,흥선로 20,37.7462577,127.0307181
녹양동주민센터,경기도,의정부시,진등로 21,37.7600465,127.0322732
고산동주민센터,경기도,의정부시,바대논길 21,37.7315014,127.1080859
대야동주민센터,경기도,시흥시,소래산길 11,37.4486107,126.7848597
신천동주민센터,경기도,시흥시,포도원로 72,37.4353994,126.7817792
신현동행정복지센터,경기도,시흥시,신현로 46,37.4062009,126.7845787
은행동행정복지센터,경기도,시흥시,수인로3247번길 25,37.4364497,126.7979301
매화동행정복지센터,경기도,시흥시,매화로 22,37.418057,126.8153507
목감동행정복지센터,경기도,시흥시,목감우회로 23,37.3816803,126.8587237
군자동행정복지센터,경기도,시흥시,도일로102번길 11,37.3400008,126.7849466
정왕본동행정복지센터,경기도,시흥시,역전로 228,37.3494202,126.7460054
정왕1동행정복지센터,경기도,시흥시,정왕대로298번길 15,37.3402676,126.7439063
정왕2동행정복지센터,경기도,시흥시,정왕대로 122,37.3510792,126.7290066
정왕3동행정복지센터,경기도,시흥시,정왕대로53번길 38,37.3575417,126.7264481
정왕4동행정복지센터,경기도,시흥시,함송로29번길 23,37.3655768,126.7322396
거북섬동행정복지센터,경기도,시흥시,거북섬5길 16,37.321062,126.6836762
배곧1동행정복지센터,경기도,시흥시,배곧4로 94-41,37.3717054,126.735733
배곧2동행정복지센터,경기도,시흥시,배곧1로 30,37.3609768,126.7123449
과림동행정복지센터,경기도,시흥시,금오로 383,37.4368753,126.8328517
연성동행정복지센터,경기도,시흥시,새재로 30,37.3816461,126.8034604
능곡동행정복지센터,경기도,시흥시,능곡로 140,37.3664199,126.8159456
월곶동행정복지센터,경기도,시흥시,월곶중앙로 30번안길 7,37.3888386,126.7423714
장곡동행정복지센터,경기도,시흥시,인선길 14,37.377421,126.7880485
문산읍행정복지센터,경기도,파주시,문산읍 통일로 1680,37.8568748,126.7910161
조리읍행정복지센터,경기도,파주시,조리읍 봉천로 64,37.744754,126.8051392
법원읍행정복지센터,경기도,파주시,법원읍 사임당로907번길 21,37.8491631,126.882384
파주읍행정복지센터,경기도,파주시,파주읍 술이홀로 295,37.8307539,126.8199571
광탄면행정복지센터,경기도,파주시,광탄면 혜음로 1044,37.7762341,126.85124
탄현면행정복지센터,경기도,파주시,탄현면 방촌로649번길 24-7,37.802541,126.7161142
월롱면행정복지센터,경기도,파주시,월롱면 엘지로 17,37.7992755,126.7892091
적성면행정복지센터,경기도,파주시,적성면 청송로 1013,37.9542739,126.917595
파평면행정복지센터,경기도,파주시,파평면 청송로 189-21,37.9218857,126.837603
교하동행정복지센터,경기도,파주시,교하로 1401,37.753037,126.7468664
운정1동행정복지센터,경기도,파주시,와석순환로 415,37.7240758,126.7515251
운정2동행정복지센터,경기도,파주시,와석순환로 415,37.7240758,126.7515251
운정3동행정복지센터,경기도,파주시,교하로 239,37.7170907,126.7435272
금촌1동행정복지센터,경기도,파주시,새꽃로 215,37.7663203,126.7760057
금촌2동행정복지센터,경기도,파주시,쇠재로 115,37.751595,126.7772152
금촌3동행정복지센터,경기도,파주시,시청로 194,37.7714763,126.7783644
통진읍행정복지센터,경기도,김포시,통진읍 마송1로 77,37.6866708,126.6000137
고촌읍행정복지센터,경기도,김포시,고촌읍 장차로 14,37.6033003,126.7709246
양촌읍행정복지센터,경기도,김포시,양촌읍 양곡1로68번길 37,37.6572063,126.6254268
대곶면행정복지센터,경기도,김포시,대곶면 율생중앙로 58,37.65353,126.5829571
월곶면행정복지센터,경기도,김포시,월곶면 군하로 263,37.7151377,126.5528425
하성면행정복지센터,경기도,김포시,하성면 애기봉로 845,37.7202077,126.6313796
김포본동행정복지센터,경기도,김포시,북변1로 13,37.6275987,126.7057
장기본동행정복지센터,경기도,김포시,김포대로 1433,37.6522941,126.6717652
사우동행정복지센터,경기도,김포시,돌문로 51,37.6193404,126.716725
풍무동행정복지센터,경기도,김포시,풍무로 74,37.6021064,126.7220393
장기동행정복지센터,경기도,김포시,김포한강2로 112,37.639739,126.6713392
구래동행정복지센터,경기도,김포시,김포한강9로115번길 25,37.6464788,126.6236797
운양동행정복지센터,경기도,김포시,모담공원로 32,37.6513555,126.683033
마산동행정복지센터,경기도,김포시,김포한강8로 246,37.6436521,126.6412844
광명1동행정복지센터,경기도,광명시,광명로 947,37.4833607,126.8559355
광명2동행정복지센터,경기도,광명시,광명로 947,37.4833607,126.8559355
광명3동행정복지센터,경기도,광명시,광명로928번길 18-20,37.4802281,126.8569482
광명4동행정복지센터,경기도,광명시,오리로 941 4층,37.4780073,126.8582866
광명5동행정복지센터,경기도,광명시,너부대로35번길 20,37.4787631,126.847507
광명6동행정복지센터,경기도,광명시,광명로791번길 6,37.4710873,126.8486568
광명7동행정복지센터,경기도,광명시,새터로 13,37.4693751,126.853071
철산1동행정복지센터,경기도,광명시,사성로 121,37.4908162,126.8678956
철산2동행정복지센터,경기도,광명시,시청로 94,37.4847029,126.866029
철산3동행정복지센터,경기도,광명시,철산로 56,37.4771336,126.8724885
철산4동행정복지센터,경기도,광명시,"오리로 908, 3층",37.4774589,126.8620562
하안1동행정복지센터,경기도,광명시,오리로 747,37.4651274,126.8691448
하안2동행정복지센터,경기도,광명시,안현로 25,37.4647164,126.8747335
하안3동행정복지센터,경기도,광명시,금당로 28,37.4587053,126.8816257
하안4동행정복지센터,경기도,광명시,안현로 54,37.4657221,126.8777341
소하1동행정복지센터,경기도,광명시,소하로 25,37.4522456,126.8849765
소하2동행정복지센터,경기도,광명시,성채로 52,37.4320913,126.8801468
일직동행정복지센터,경기도,광명시,"양지로 17, 6층",37.4186807,126.8828897
학온동행정복지센터,경기도,광명시,서독로104번길 14,37.4154672,126.8513466
초월읍행정복지센터,경기도,광주시,초월읍 경충대로 1241,37.3852489,127.2879589
곤지암행정복지센터,경기도,광주시,곤지암읍 광여로 59,37.3510136,127.3523376
도척면행정복지센터,경기도,광주시,도척면 노곡로 20,37.3045486,127.3311821
퇴촌면행정복지센터,경기도,광주시,퇴촌면 탑골길 6,37.4669053,127.3071517
남종면행정복지센터,경기도,광주시,남종면 분원길 9,37.4941759,127.3017421
남한산성면행정복지센터,경기도,광주시,남한산성면 남한산성로 2,37.4633008,127.2446289
오포1동행정복지센터,경기도,광주시,오포로859번길 29,37.3661334,127.2287596
오포2동행정복지센터,경기도,광주시,양벌로215번길 7,37.3776665,127.2545821
신현동행정복지센터,경기도,광주시,신현로 109,37.3596458,127.158845
능평동행정복지센터,경기도,광주시,창뜰아랫길 6,37.3502972,127.1669122
경안동행정복지센터,경기도,광주시,중앙로 125,37.4108614,127.2572901
쌍령동행정복지센터(임시청사),경기도,광주시,경충대로1461번길 26 2층 (임시청사),37.3998729,127.2702267
송정동행정복지센터,경기도,광주시,광주대로 216,37.4259142,127.2582036
탄벌동행정복지센터,경기도,광주시,탄벌길 6,37.4196913,127.2461005
광남1동행정복지센터,경기도,광주시,고불로46번길 47,37.3942652,127.2290865
광남2동행정복지센터,경기도,광주시,태봉로 45,37.389057,127.229825
군포1동행정복지센터,경기도,군포시,군포로 531 (당동),37.3536269,126.9455526
군포2동주민센터,경기도,군포시,고산로 263 (당동),37.346378,126.943131
산본1동행정복지센터,경기도,군포시,고산로724번길 13 (산본동),37.3733699,126.938595
산본2동주민센터,경기도,군포시,고산로 663 (산본동),37.3699995,126.932724
금정동주민센터,경기도,군포시,금산로 35 (금정동),37.3654619,126.9393617
재궁동주민센터,경기도,군포시,번영로550번길 25 (금정동),37.3584357,126.9390427
오금동주민센터,경기도,군포시,고산로 406 (금정동),37.3510524,126.9294947
수리동주민센터,경기도,군포시,수리산로 38 (산본동),37.356065,126.921013
궁내동주민센터,경기도,군포시,고산로517번길 10 (산본동),37.359674,126.921838
광정동행정복지센터,경기도,군포시,광정로 106 (산본동),37.362132,126.927888
대야동주민센터,경기도,군포시,대야2로 139 (대야미동),37.3302605,126.9153004
송부동행정복지센터,경기도,군포시,송부로74번길 3-32 (도마교동),37.3162245,126.9238208
중앙동행정복지센터,경기도,오산시,경기대로 307,37.1523139,127.073136
대원1동행정복지센터,경기도,오산시,오산로 132번길 28,37.1387223,127.0717597
대원2동행정복지센터,경기도,오산시,"동부대로 332-13, 가동 1층",37.1320824,127.0790798
남촌동행정복지센터,경기도,오산시,청학로 55-5,37.1545803,127.0634497
신장1동행정복지센터,경기도,오산시,문헌공로 45,37.1766429,127.0545675
신장2동행정복지센터,경기도,오산시,"내삼미로79번길 48, 3~4층",37.1697764,127.0654133
세마동행정복지센터,경기도,오산시,독산성로 419,37.1883118,127.0407632
초평동행정복지센터,경기도,오산시,초평중앙로 77,37.1401961,127.0441039
장호원읍행정복지센터,경기도,이천시,장호원읍 서동대로 8844-6,37.1148856,127.6167974
부발읍행정복지센터,경기도,이천시,부발읍 무촌로 121,37.2836418,127.4872824
신둔면행정복지센터,경기도,이천시,신둔면 경충대로 3128,37.3062853,127.4040503
백사면행정복지센터,경기도,이천시,백사면 현방로 65,37.339057,127.490713
호법면행정복지센터,경기도,이천시,호법면 이섭대천로527번길 27,37.2227303,127.4249266
마장면행정복지센터,경기도,이천시,마장면 오천로 107,37.2487317,127.3581811
대월면행정복지센터,경기도,이천시,대월면 사동로 1-10,37.2298587,127.4923668
모가면행정복지센터,경기도,이천시,모가면 진상미로 1295,37.1716945,127.480134
설성면행정복지센터,경기도,이천시,설성면 설장로17번길 6-5,37.132449,127.522038
율면행정복지센터,경기도,이천시,율면 고당로 132,37.0943112,127.5464173
창전동행정복지센터,경기도,이천시,영창로163번길 22,37.2819414,127.4410805
증포동행정복지센터,경기도,이천시,증신로156번길 15,37.2903779,127.4524826
중리동행정복지센터,경기도,이천시,남천로 31,37.2779975,127.4416271
관고동행정복지센터,경기도,이천시,설봉로 65,37.2823947,127.4378808
공도읍행정복지센터,경기도,안성시,공도읍 공도4로 8,37.0011798,127.1726265
보개면행정복지센터,경기도,안성시,보개면 보개원삼로 220,37.023016,127.2908537
금광면행정복지센터,경기도,안성시,금광면 금광오산로 228,36.9972319,127.3175125
서운면행정복지센터,경기도,안성시,서운면 서운중앙길 23,36.9430806,127.2592958
미양면행정복지센터,경기도,안성시,미양면 양지길 29,36.97535,127.2152799
대덕면행정복지센터,경기도,안성시,대덕면 중앙로 82,37.0124847,127.2378324
양성면행정복지센터,경기도,안성시,양성면 읍내길 21,37.059858,127.194487
원곡면행정복지센터,경기도,안성시,원곡면 가천중앙1길 46,37.039718,127.1296312
일죽면행정복지센터,경기도,안성시,일죽면 금일로 433,37.0906018,127.4769978
죽산면행정복지센터,경기도,안성시,죽산면 죽산초교길 61,37.0785829,127.4224594
삼죽면행정복지센터,경기도,안성시,삼죽면 삼죽로 112,37.0724941,127.3745409
고삼면행정복지센터,경기도,안성시,고삼면 고삼호수로 21,37.0826797,127.2634207
안성1동행정복지센터,경기도,안성시,낙원길 95,37.005652,127.2742328
안성2동행정복지센터,경기도,안성시,강변로74번길 16,37.0005993,127.269932
안성3동행정복지센터,경기도,안성시,고수2로 11,37.0146091,127.257748
백석읍행정복지센터,경기도,양주시,백석읍 중앙로223번길 46,37.7950756,126.9855156
은현면행정복지센터,경기도,양주시,은현면 은현로 66,37.874999,127.024525
남면행정복지센터,경기도,양주시,남면 개나리17길 6,37.8981154,126.976675
광적면행정복지센터,경기도,양주시,광적면 가래비길 93,37.8246394,126.9836434
장흥면행정복지센터,경기도,양주시,장흥면 권율로 7,37.7179271,126.9410814
양주1동행정복지센터,경기도,양주시,외미로64번길 45,37.7732673,127.0437813
양주2동행정복지센터,경기도,양주시,고읍로 77,37.7969222,127.0803902
회천1동행정복지센터,경기도,양주시,화합로1327번길 39,37.8470802,127.064665
회천2동행정복지센터,경기도,양주시,평화로1475번길 39,37.8217302,127.0467246
회천3동행정복지센터,경기도,양주시,회정로 143,37.8378297,127.0689333
회천4동행정복지센터,경기도,양주시,옥정로 397-7,37.8371856,127.090148
갈매동행정복지센터,경기도,구리시,갈매중앙로 80(갈매동),37.63143,127.1177975
동구동행정복지센터,경기도,구리시,"동구릉로136번길 57, 별관 1층(인창동)",37.6134686,127.1405406
인창동행정복지센터,경기도,구리시,응달말로 46(인창동),37.60449,127.1349562
교문1동행정복지센터,경기도,구리시,경춘로 111(교문동),37.5978754,127.1303471
교문2동주민센터,경기도,구리시,장자대로 34(교문동),37.587099,127.134137
수택1동행정복지센터(임시청사),경기도,구리시,검배로 7(수택동),37.6004014,127.1419488
수택2동행정복지센터,경기도,구리시,원수택로12번길 16(수택동),37.593193,127.1400424
수택3동행정복지센터,경기도,구리시,체육관로 74(수택동),37.5915435,127.1389288
소흘읍행정복지센터,경기도,포천시,소흘읍 호국로 567,37.8233306,127.1387637
군내면행정복지센터,포천시,군내면,청군로3290번길 16,37.8890018,127.2179698
내촌면행정복지센터,경기도,포천시,내촌면 내촌로 70,37.786225,127.22855
가산면행정복지센터,경기도,포천시,가산면 선마로 223,37.8487077,127.186376
신북면행정복지센터,경기도,포천시,신북면 호국로 2065,37.9339599,127.2265365
창수면행정복지센터,경기도,포천시,창수면 메치골로 178,37.9916814,127.1890604
영중면행정복지센터,경기도,포천시,영중면 양문로 151,38.0055852,127.2451428
일동면행정복지센터,경기도,포천시,일동면 화동로1099번길 30,37.9612463,127.3173123
이동면행정복지센터,경기도,포천시,이동면 화동로 2048,38.0306849,127.3672446
영북면행정복지센터,경기도,포천시,영북면 영북로 166,38.0891474,127.2755059
관인면행정복지센터,경기도,포천시,관인면 관인로 14,38.1577479,127.2511782
화현면행정복지센터,경기도,포천시,화현면 달인동로1길 55,37.9012334,127.2881052
포천동행정복지센터,경기도,포천시,중앙로119번길 26,37.898307,127.199975
선단동행정복지센터,경기도,포천시,삼육사로2186번길 11,37.8542533,127.1591331
고천동주민센터,경기도,의왕시,사천로 11,37.3458022,126.9769369
부곡동주민센터,경기도,의왕시,부곡시장길 75,37.3185865,126.9567734
오전동주민센터,경기도,의왕시,찬우물길 11,37.3535389,126.9716032
내손1동주민센터,경기도,의왕시,갈미로 71,37.378395,126.975689
내손2동주민센터,경기도,의왕시,복지로 109,37.3877106,126.9817009
청계동주민센터,경기도,의왕시,안양판교로 232,37.3885389,126.9960392
천현동행정복지센터,경기도,하남시,검단남로 48,37.5192377,127.2240489
신장1동행정복지센터,경기도,하남시,신장1로27번길 13,37.5387764,127.2094997
신장2동행정복지센터,경기도,하남시,대청로21번길 32,37.5416916,127.2139122
덕풍1동행정복지센터,경기도,하남시,덕풍공원로 110,37.5351443,127.1984451
덕풍2동행정복지센터,경기도,하남시,덕풍공원로 12,37.5422783,127.1981355
덕풍3동행정복지센터,경기도,하남시,덕풍서로 66,37.5525612,127.2047464
미사1동행정복지센터,경기도,하남시,미사강변남로 59,37.560357,127.1888159
미사2동행정복지센터,경기도,하남시,아리수로 531,37.5671338,127.1860375
미사3동행정복지센터,경기도,하남시,하남대로 1037-4,37.5490329,127.185108
감북동행정복지센터,경기도,하남시,감북로 39,37.516208,127.161688
감일동행정복지센터,경기도,하남시,감일순환로 181,37.5080215,127.1590168
위례동행정복지센터,경기도,하남시,위례순환로 310,37.4772035,127.1525432
춘궁동행정복지센터,경기도,하남시,서하남로 490,37.5221659,127.1941477
초이동행정복지센터,경기도,하남시,초이로 65,37.5366253,127.1708553
가남읍행정복지센터,경기도,여주시,가남읍 태평중앙1길 20,37.2018731,127.5451758
점동면행정복지센터,경기도,여주시,점동면 청안2길 20,37.2039761,127.6599635
세종대왕면행정복지센터,경기도,여주시,세종대왕면 번도1길 2-9,37.3002031,127.5734663
흥천면행정복지센터,경기도,여주시,흥천면 효자로 154,37.333066,127.541262
금사면행정복지센터,경기도,여주시,금사면 이포로 27,37.3925714,127.533357
산북면행정복지센터,경기도,여주시,산북면 상품로 93,37.401426,127.443268
대신면행정복지센터,경기도,여주시,대신면 여양로 1456-10,37.3750561,127.5865002
북내면행정복지센터,경기도,여주시,북내면 여양2로 301,37.3293682,127.6789267
강천면행정복지센터,경기도,여주시,강천면 긴등길 5,37.2731667,127.7116
여흥동행정복지센터,경기도,여주시,여흥로 148(상동),37.295034,127.639867
중앙동행정복지센터,경기도,여주시,여흥로11번길 26(하동),37.2986809,127.6293104
오학동행정복지센터,경기도,여주시,도예로 2(현암동),37.3052119,127.6382716
양평읍사무소,경기도,양평군,양평읍 양근강변길 7,37.4864594,127.4933516
강상면사무소,경기도,양평군,강상면 신화길 10,37.4770834,127.4859057
강하면사무소,경기도,양평군,강하면 운심길 40-8,37.4949652,127.410467
양서면사무소,경기도,양평군,양서면 목왕로 31,37.5433607,127.3233235
옥천면사무소,경기도,양평군,옥천면 옥천길 21,37.5181063,127.4561024
서종면사무소,경기도,양평군,서종면 북한강로 777,37.606574,127.348688
단월면사무소,경기도,양평군,단월면 보룡길 53,37.5385213,127.67293
청운면사무소,경기도,양평군,청운면 용두로 170,37.5562547,127.7107201
양동면사무소,경기도,양평군,양동면 학둔지아래길 20,37.4251158,127.7511783
지평면사무소,경기도,양평군,지평면 지평의병로 116번길 1,37.474668,127.639426
용문면사무소,경기도,양평군,용문면 용문로 428,37.4887795,127.5994042
개군면사무소,경기도,양평군,개군면 하자포길33번길 8,37.4259876,127.5367955
생연1동행정복지센터,경기도,동두천시,장고갯로 140,37.9073954,127.0659186
생연2동행정복지센터,경기도,동두천시,생연로 95,37.9012186,127.0499072
중앙동행정복지센터,경기도,동두천시,생연로 172,37.9077884,127.0532558
보산동행정복지센터,경기도,동두천시,싸리말로 28,37.9176479,127.0613214
불현동행정복지센터,경기도,동두천시,행선로 123,37.8984392,127.0624287
송내동행정복지센터,경기도,동두천시,동두천로 97,37.884156,127.051211
소요동행정복지센터,경기도,동두천시,평화로 2706,37.9294598,127.0572866
상패동행정복지센터,경기도,동두천시,어수로 8,37.905386,127.0442885
원문동행정복지센터,경기도,과천시,중앙로 28,37.4194212,126.9891793
갈현동행정복지센터,경기도,과천시,과천대로7길 26,37.4147815,126.9794
별양동주민센터,경기도,과천시,별양로 60,37.4242466,126.9937989
부림동주민센터,경기도,과천시,별양로 174,37.4335392,126.9986011
과천동행정복지센터,경기도,과천시,과천대로 608-17,37.4484318,126.9954261
문원동주민센터,경기도,과천시,아랫배랭이로 35,37.4264061,127.0018402
가평읍행정복지센터,경기도,가평군,가평읍 가화로 62,37.825151,127.5164545
설악면행정복지센터,경기도,가평군,설악면 한서로 8,37.6761159,127.4940817
청평면행정복지센터,경기도,가평군,청평면 은고개로 19,37.7405002,127.4241546
상면행정복지센터,경기도,가평군,상면 청군로 1105,37.8046973,127.3567948
조종면행정복지센터,경기도,가평군,조종면 조종내길 71,37.8175455,127.3532466
북면행정복지센터,경기도,가평군,북면 가화로 1030-39,37.8881402,127.5492736
연천읍행정복지센터,경기도,연천군,연천읍 연천로 302,38.103889,127.0759041
전곡읍행정복지센터,경기도,연천군,전곡읍 은전로 45,38.0279886,127.0637225
군남면행정복지센터,경기도,연천군,군남면 군남로 417,38.0851896,127.019074
청산면행정복지센터,경기도,연천군,청산면 청신로 71,37.9818043,127.0676463
백학면행정복지센터,경기도,연천군,백학면 청정로 534,38.0297793,126.9179497
미산면행정복지센터,경기도,연천군,미산면 유노로 110,38.0474471,126.9929038
왕징면행정복지센터,경기도,연천군,왕징면 왕산로 44,38.0585685,127.0127876
신서면행정복지센터,경기도,연천군,신서면 연신로 1130,38.1828827,127.1070131
중면행정복지센터,경기도,연천군,중면 군중로 400,38.1358253,127.0191022
장남면행정복지센터,경기도,연천군,장남면 장백로 244,37.9817763,126.8842514
신북읍행정복지센터,강원특별자치도,춘천시,신북읍 율문길 75,37.9258903,127.7462251
동면행정복지센터,강원특별자치도,춘천시,동면 가산로 69,37.9102763,127.7810583
동산면행정복지센터,강원특별자치도,춘천시,동산면 조양길 270,37.7523116,127.7962366
신동면행정복지센터,강원특별자치도,춘천시,신동면 김유정로 1418,37.8177552,127.7159348
동내면행정복지센터,강원특별자치도,춘천시,동내면 동내로 78,37.8478654,127.7611125
남면행정복지센터,강원특별자치도,춘천시,남면 충효로 1130-10,37.7321654,127.5997755
남산면행정복지센터,강원특별자치도,춘천시,남산면 한치로 73,37.7918451,127.646125
서면행정복지센터,강원특별자치도,춘천시,서면 금산길 31,37.898699,127.6928316
사북면행정복지센터,강원특별자치도,춘천시,사북면 영서로 4721,38.029908,127.640738
북산면행정복지센터,강원특별자치도,춘천시,북산면 북산로 493,37.9872931,127.8860458
소양동행정복지센터,강원특별자치도,춘천시,금강로 17,37.8823103,127.7247732
교동행정복지센터,강원특별자치도,춘천시,교동길 19,37.8806415,127.7361892
조운동행정복지센터,강원특별자치도,춘천시,아침길 11,37.8794542,127.7302872
약사명동행정복지센터,강원특별자치도,춘천시,망대길 9,37.876574,127.724825
근화동행정복지센터,강원특별자치도,춘천시,영서로 2487,37.88064,127.71215
후평1동행정복지센터,강원특별자치도,춘천시,후석로 403,37.8859867,127.7454815
후평2동행정복지센터,강원특별자치도,춘천시,부안길6번길 45,37.8775121,127.7504248
후평3동행정복지센터,강원특별자치도,춘천시,후만로 83,37.8765203,127.7538672
효자1동행정복지센터,강원특별자치도,춘천시,효자상길 9,37.8721774,127.7275736
효자2동행정복지센터,강원특별자치도,춘천시,돌담길10번길 8,37.8723886,127.7363946
효자3동행정복지센터,강원특별자치도,춘천시,두하길 21,37.8763922,127.7413383
석사동행정복지센터,강원특별자치도,춘천시,후석로 48,37.8585329,127.7423573
퇴계동행정복지센터,강원특별자치도,춘천시,남춘로 7,37.8623027,127.7293976
강남동행정복지센터,강원특별자치도,춘천시,방송길 86,37.8679146,127.7189641
신사우동행정복지센터,강원특별자치도,춘천시,사우4길 28,37.9059474,127.727872
문막읍행정복지센터,강원특별자치도,원주시,문막읍 건등로 11,37.312583,127.817213
소초면행정복지센터,강원특별자치도,원주시,소초면 치악로 2790,37.41796,128.002388
호저면행정복지센터,강원특별자치도,원주시,호저면 호저로 429,37.411007,127.925675
지정면행정복지센터,강원특별자치도,원주시,지정면 간현로 126,37.3621821,127.8401906
부론면행정복지센터,강원특별자치도,원주시,부론면 법천시장길 59,37.2076589,127.7505147
귀래면행정복지센터,강원특별자치도,원주시,귀래면 북원로 106,37.1700679,127.8848125
흥업면행정복지센터,강원특별자치도,원주시,흥업면 울업1길 3,37.3026129,127.9211771
판부면행정복지센터,강원특별자치도,원주시,치악로 1503,37.318642,127.96635
신림면행정복지센터,강원특별자치도,원주시,신림면 치악로 28,37.230718,128.079475
중앙동행정복지센터,강원특별자치도,원주시,충정길 12,37.3528236,127.9474919
원인동행정복지센터,강원특별자치도,원주시,무실로 63,37.3455963,127.9468218
개운동행정복지센터,강원특별자치도,원주시,행구로 40,37.3410794,127.9600173
명륜1동행정복지센터,강원특별자치도,원주시,남원로 653,37.3412628,127.9532886
명륜2동행정복지센터,강원특별자치도,원주시,황소마을길 30,37.33163,127.9439404
단구동행정복지센터,강원특별자치도,원주시,치악로 1605,37.32612,127.9602339
일산동행정복지센터,강원특별자치도,원주시,천사로 159,37.34969,127.9421
학성동행정복지센터,강원특별자치도,원주시,학성길 116,37.353522,127.9441792
단계동행정복지센터,강원특별자치도,원주시,북원로 2321,37.3525982,127.9344794
우산동행정복지센터,강원특별자치도,원주시,진광길 9,37.3715015,127.9400812
태장1동행정복지센터,강원특별자치도,원주시,치악로 2066,37.3637619,127.9634119
태장2동행정복지센터,강원특별자치도,원주시,흥양로 50번길 1,37.3825661,127.9529282
봉산동행정복지센터,강원특별자치도,원주시,치악로 1868,37.3475423,127.9569685
행구동행정복지센터,강원특별자치도,원주시,행구로 250,37.3425779,127.9838473
무실동행정복지센터,강원특별자치도,원주시,만대공원길 14-10,37.3381905,127.9292092
반곡관설동주민센터,강원특별자치도,원주시,입춘로 5,37.3297286,127.9742759
주문진읍사무소,강원특별자치도,강릉시,주문진읍 항구로 19,37.8940471,128.8234018
성산면사무소,강원특별자치도,강릉시,성산면 구산길 22,37.718711,128.8320499
왕산면사무소,강원특별자치도,강릉시,왕산면 백두대간로 1997,37.6727199,128.8378891
구정면사무소,강원특별자치도,강릉시,구정면 구정중앙로 237,37.7183287,128.8800078
강동면사무소,강원특별자치도,강릉시,강동면 율곡로 2208,37.7280864,128.954213
옥계면사무소,강원특별자치도,강릉시,옥계면 현내시장길 30,37.6126071,129.0379
사천면사무소,강원특별자치도,강릉시,사천면 미노길 67,37.823517,128.848713
연곡면사무소,강원특별자치도,강릉시,연곡면 연주로 35-8,37.86014,128.8369
홍제동주민센터,강원특별자치도,강릉시,경강로 1953,37.7483204,128.8836307
중앙동주민센터,강원특별자치도,강릉시,토성로 163,37.7560849,128.8940072
옥천동주민센터,강원특별자치도,강릉시,경강로 2179,37.760175,128.90295
교1동주민센터,강원특별자치도,강릉시,하슬라로 173,37.7655775,128.8744304
교2동주민센터,강원특별자치도,강릉시,율곡로 2974,37.7679147,128.8924843
포남1동주민센터,강원특별자치도,강릉시,남구길10번길 25,37.7660414,128.9081349
포남2동주민센터,강원특별자치도,강릉시,하평2길 29,37.772783,128.913388
초당동주민센터,강원특별자치도,강릉시,초당순두부길 99,37.791883,128.915963
송정동주민센터,강원특별자치도,강릉시,경강로 2451,37.7744719,128.9275765
내곡동주민센터,강원특별자치도,강릉시,범일로 574,37.7390854,128.8809534
강남동주민센터,강원특별자치도,강릉시,남부로 232,37.74421,128.905612
성덕동주민센터,강원특별자치도,강릉시,성덕포남로 115,37.7635,128.91365
경포동주민센터,강원특별자치도,강릉시,운정길 16,37.7838197,128.8806307
천곡동행정복지센터,강원특별자치도,동해시,천곡로 98-1,37.5229,129.116225
송정동행정복지센터,강원특별자치도,동해시,동해항2길 25,37.4997346,129.1286032
북삼동행정복지센터,강원특별자치도,동해시,효자남길 33-4,37.489429,129.1075345
부곡동행정복지센터,강원특별자치도,동해시,부곡로 21,37.5357746,129.1062934
동호동행정복지센터,강원특별자치도,동해시,동호3길 35,37.5458363,129.1001854
발한동행정복지센터,강원특별자치도,동해시,발한로 211,37.5484921,129.1079674
묵호동행정복지센터,강원특별자치도,동해시,논골길 78,37.5587095,129.1142995
북평동행정복지센터,강원특별자치도,동해시,대동로 137,37.4837618,129.1250041
망상동행정복지센터,강원특별자치도,동해시,발한로 330,37.5579376,129.104521
삼화동행정복지센터,강원특별자치도,동해시,무릉1길 10,37.4884058,129.0676214
황지동주민센터(임시청사),강원특별자치도,태백시,연지로 7 (임시청사),37.1749351,128.9879479
황연동주민센터,강원특별자치도,태백시,광장로 31,37.178751,128.986662
삼수동주민센터,강원특별자치도,태백시,태백로 758,37.1804964,128.9779024
상장동행정복지센터,강원특별자치도,태백시,태백로 1182,37.153357,128.990688
문곡소도동주민센터,강원특별자치도,태백시,천제단길 4,37.1314211,128.9603957
장성동주민센터,강원특별자치도,태백시,장성1길 171,37.1004714,129.008202
구문소동주민센터,강원특별자치도,태백시,평화길 13,37.1000946,129.0222127
철암동주민센터,강원특별자치도,태백시,철암길 2,37.1172872,129.0397859
영랑동주민센터,강원특별자치도,속초시,중앙로 403,38.223693,128.588213
동명동주민센터,강원특별자치도,속초시,중앙로 257,38.212727,128.5957306
금호동주민센터,강원특별자치도,속초시,중앙시장로 43,38.2069168,128.5882433
교동주민센터,강원특별자치도,속초시,청학로 51,38.2025034,128.5826279
노학동주민센터,강원특별자치도,속초시,동해대로 4245,38.1970397,128.5762972
조양동주민센터,강원특별자치도,속초시,선사로1길 16,38.187618,128.590788
청호동주민센터,강원특별자치도,속초시,청호로 93,38.1979658,128.5955201
대포동주민센터,강원특별자치도,속초시,설악산로 466,38.165724,128.557112
도계읍행정복지센터,강원특별자치도,삼척시,도계읍 도계로 308,37.236635,129.045269
원덕읍행정복지센터,강원특별자치도,삼척시,원덕읍 삼척로 440,37.176468,129.3357
근덕면행정복지센터,강원특별자치도,삼척시,근덕면 삼척로 3639,37.379307,129.225763
하장면행정복지센터,강원특별자치도,삼척시,하장면 하장길 118,37.3494567,128.9430381
노곡면행정복지센터,강원특별자치도,삼척시,노곡면 미근로 886,37.3478177,129.1640512
미로면행정복지센터,강원특별자치도,삼척시,미로면 적병길 8,37.4175871,129.1124698
가곡면행정복지센터,강원특별자치도,삼척시,가곡면 가곡천로 1477,37.1497625,129.2051817
신기면행정복지센터,강원특별자치도,삼척시,신기면 신기길 15,37.3496094,129.0831747
남양동행정복지센터,강원특별자치도,삼척시,남양길 11,37.442568,129.16845
성내동행정복지센터,강원특별자치도,삼척시,대학로 57,37.446201,129.162913
교동행정복지센터,강원특별자치도,삼척시,대학로 88-14,37.447935,129.1646
정라동행정복지센터,강원특별자치도,삼척시,새천년도로 16,37.4360778,129.1845373
홍천읍행정복지센터,강원특별자치도,홍천군,홍천읍 홍천로 351,37.6893353,127.8842625
화촌면행정복지센터,강원특별자치도,홍천군,화촌면 성산로 143,37.770958,127.966925
두촌면행정복지센터,강원특별자치도,홍천군,두촌면 자은로 349,37.8686587,128.0186194
내촌면행정복지센터,강원특별자치도,홍천군,내촌면 내촌길 27,37.8162635,128.0867457
서석면행정복지센터,강원특별자치도,홍천군,서석면 풍암길 10,37.7136065,128.186153
영귀미면행정복지센터,강원특별자치도,홍천군,영귀미면 공작산로 497,37.6780743,127.9349836
남면행정복지센터,강원특별자치도,홍천군,남면 양덕원로 97,37.6181092,127.7676773
서면행정복지센터,강원특별자치도,홍천군,서면 팔봉산로 617,37.6885811,127.6640984
북방면행정복지센터,강원특별자치도,홍천군,북방면 영서로 2698,37.705576,127.853112
내면행정복지센터,강원특별자치도,홍천군,내면 창촌로 59,37.7738476,128.3896962
횡성읍행정복지센터,강원특별자치도,횡성군,횡성읍 태기로 85,37.4923505,127.9926012
우천면행정복지센터,강원특별자치도,횡성군,우천면 우항1길 5-30,37.459443,128.06235
안흥면행정복지센터,강원특별자치도,횡성군,안흥면 안흥로 27,37.4124778,128.1560577
둔내면행정복지센터,강원특별자치도,횡성군,둔내면 둔내로51번길 17,37.512233,128.218813
갑천면행정복지센터,강원특별자치도,횡성군,갑천면 청정로 295,37.560967,128.110212
청일면행정복지센터,강원특별자치도,횡성군,청일면 유동로 17,37.5838993,128.150266
공근면행정복지센터,강원특별자치도,횡성군,공근면 학담시장길 11,37.5364906,127.9617519
서원면행정복지센터,강원특별자치도,횡성군,서원면 서원로 161,37.4871001,127.8503718
강림면행정복지센터,강원특별자치도,횡성군,강림면 태종로 42,37.36024,128.1254
영월읍사무소,강원특별자치도,영월군,영월읍 단종로 48-8,37.187443,128.4661
상동읍사무소,강원특별자치도,영월군,상동읍 태백산로 3189,37.12698,128.8267734
산솔면사무소,강원특별자치도,영월군,산솔면 태백산로 1202,37.1451663,128.6802402
김삿갓면사무소,강원특별자치도,영월군,김삿갓면 옥동장터길 36,37.125632,128.570112
북면사무소,강원특별자치도,영월군,북면 봉래산로 987,37.254743,128.4550399
남면사무소,강원특별자치도,영월군,남면 연당로 47-6,37.186612,128.4044907
한반도면사무소,강원특별자치도,영월군,한반도면 신천길 6-6,37.236793,128.328387
무릉도원면사무소,강원특별자치도,영월군,무릉도원면 무릉길 70-6,37.2883188,128.2686145
주천면사무소,강원특별자치도,영월군,주천면 주천로 103,37.2722,128.2695139
평창읍사무소(임시청사),강원특별자치도,평창군,평창읍 백오로 177 (임시청사),37.3677608,128.4004993
미탄면사무소,강원특별자치도,평창군,미탄면 청옥산1길 1,37.342124,128.49575
방림면사무소,강원특별자치도,평창군,방림면 서동로 1337,37.4264388,128.3942635
대화면사무소,강원특별자치도,평창군,대화면 남산1길 28,37.500942,128.458025
봉평면사무소,강원특별자치도,평창군,봉평면 기풍4길 10,37.616027,128.379845
용평면사무소,강원특별자치도,평창군,용평면 경강로 2027,37.6066167,128.4408031
진부면사무소,강원특별자치도,평창군,진부면 석두산2길 13,37.6374223,128.5531412
대관령면사무소,강원특별자치도,평창군,대관령면 대관령로 83,37.6736629,128.7059137
정선읍행정복지센터,강원특별자치도,정선군,정선읍 정선로 1331,37.3797735,128.6616517
고한읍행정복지센터,강원특별자치도,정선군,고한읍 고한2길 1,37.2043076,128.8516255
사북읍행정복지센터,강원특별자치도,정선군,사북읍 사북중앙로 65,37.227743,128.821788
신동읍행정복지센터,강원특별자치도,정선군,신동읍 예미1길 1,37.2122023,128.6420711
화암면행정복지센터,강원특별자치도,정선군,화암면 그림바위길 40,37.3401821,128.7878125
남면행정복지센터,강원특별자치도,정선군,남면 칠현로 80,37.268808,128.740588
여량면행정복지센터,강원특별자치도,정선군,여량면 서동로 2885,37.4706856,128.7205522
북평면행정복지센터,강원특별자치도,정선군,북평면 북평6길 36,37.4488827,128.6704737
임계면행정복지센터,강원특별자치도,정선군,임계면 서동로 4575,37.4947769,128.8520659
철원읍사무소,강원특별자치도,철원군,철원읍 금학로330번길 12,38.2166565,127.2141291
김화읍사무소,강원특별자치도,철원군,김화읍 호국로 6510,38.2497078,127.4212837
갈말읍사무소,강원특별자치도,철원군,갈말읍 명성로 178,38.1476987,127.3083075
동송읍행정복지센터,강원특별자치도,철원군,동송읍 이평로 133,38.2071429,127.20815
서면사무소,강원특별자치도,철원군,서면 신술2길 40,38.1646673,127.4157265
근남면사무소,강원특별자치도,철원군,근남면 하오재로 2050,38.2370916,127.4710315
화천읍사무소,강원특별자치도,화천군,화천읍 중앙로9길 9,38.1043164,127.7071781
간동면사무소,강원특별자치도,화천군,간동면 파로호로 919,38.055292,127.7899
하남면사무소,강원특별자치도,화천군,하남면 원천새싹길 6,38.0588729,127.6675462
상서면사무소,강원특별자치도,화천군,상서면 하양지길 39,38.1578152,127.654211
사내면사무소,강원특별자치도,화천군,사내면 사내로 11,38.070158,127.523438
양구읍사무소,강원특별자치도,양구군,양구읍 관공서로 18,38.1080304,127.9906024
국토정중앙면사무소,강원특별자치도,양구군,국토정중앙면 삼팔선로 9,38.1084672,128.0345315
동면사무소,강원특별자치도,양구군,동면 금강산로 1693,38.2023271,128.0434985
방산면사무소,강원특별자치도,양구군,방산면 장거리길 21,38.2090111,127.9494182
해안면사무소,강원특별자치도,양구군,해안면 펀치볼로 1307,38.28515,128.1371139
인제읍행정복지센터,강원특별자치도,인제군,인제읍 인제로205번길 9,38.070392,128.172188
남면행정복지센터,강원특별자치도,인제군,남면 신남로58번길 37,37.965968,128.083362
북면행정복지센터,강원특별자치도,인제군,북면 금강로 55,38.124674,128.204138
기린면행정복지센터,강원특별자치도,인제군,기린면 기린로42번길 9,37.955601,128.319175
서화면행정복지센터,강원특별자치도,인제군,서화면 천도로78번길 16,38.218376,128.208513
상남면행정복지센터,강원특별자치도,인제군,상남면 상남로38번길 10,37.8741414,128.2599651
현내면사무소,강원특별자치도,고성군,현내면 한나루로 67,38.4944328,128.4276245
거진읍행정복지센터,강원특별자치도,고성군,거진읍 자산천로 240,38.4362085,128.4524808
간성읍행정복지센터,강원특별자치도,고성군,간성읍 간성로67번길 14,38.3783811,128.4670022
죽왕면사무소,강원특별자치도,고성군,죽왕면 오호길 11,38.3288661,128.5255087
토성면행정복지센터,강원특별자치도,고성군,토성면 천진해변길 88,38.2607671,128.5567927
양양읍행정복지센터,강원특별자치도,양양군,양양읍 관아길 32,38.080658,128.624
서면행정복지센터,강원특별자치도,양양군,서면 물윗구미길 5,38.0714747,128.5853674
손양면행정복지센터,강원특별자치도,양양군,손양면 손중로 209,38.060533,128.6411
현북면행정복지센터,강원특별자치도,양양군,현북면 하조대1길 41-8,38.0189544,128.7231145
현남면행정복지센터,강원특별자치도,양양군,현남면 인구중앙길 45,37.969226,128.759488
강현면행정복지센터,강원특별자치도,양양군,강현면 동해대로 3509,38.14994,128.607587
낭성면 행정복지센터,충청북도,청주시,상당구 낭성면 낭성시내길 21,36.6227272,127.6039913
미원면 행정복지센터,충청북도,청주시,상당구 미원면 단재로 2472,36.6361454,127.6584639
가덕면 행정복지센터,충청북도,청주시,상당구 가덕면 보청대로 4646,36.5535842,127.5487824
남일면 행정복지센터,충청북도,청주시,상당구 남일면 단재로 501,36.5866254,127.5098962
문의면 행정복지센터,충청북도,청주시,상당구 문의면 문의시내1길 8-15,36.517767,127.4962
중앙동 행정복지센터,충청북도,청주시,상당구 교서로 32번길 31 (북문로2가),36.6398499,127.4881731
성안동 행정복지센터,충청북도,청주시,상당구 대성로 72 (서운동),36.6317233,127.4931602
탑대성동 행정복지센터,충청북도,청주시,상당구 당산로 9 (대성동),36.633149,127.4967
영운동 행정복지센터,충청북도,청주시,상당구 단재로 129 (영운동),36.6180104,127.4988977
금천동 행정복지센터,충청북도,청주시,상당구 쇠내로 50 (금천동),36.624504,127.4992951
용담ㆍ명암ㆍ산성동 행정복지센터,충청북도,청주시,상당구 교동로 149 (용담동),36.6352154,127.5036
용암제1동 행정복지센터,충청북도,청주시,상당구 중흥로 29 (용암동),36.6088521,127.5014283
용암제2동 행정복지센터,충청북도,청주시,상당구 무농정로 47 (용암동),36.6071966,127.5079983
남이면 행정복지센터,충청북도,청주시,서원구 남이면 척산길 7,36.5604575,127.4340359
현도면 행정복지센터,충청북도,청주시,서원구 현도면 선동1길 9,36.4865491,127.4242042
사직제1동 행정복지센터,충청북도,청주시,서원구 대원로 45 (사직동),36.6401998,127.4811113
사직제2동 행정복지센터,충청북도,청주시,서원구 충렬로53번길 31 (사직동),36.6316504,127.4736872
사창동 행정복지센터,충청북도,청주시,서원구 내수동로 108 (사창동),36.63359,127.458925
모충동 행정복지센터,충청북도,청주시,서원구 모충로124번길 25 (모충동),36.6277586,127.4768181
산남동 행정복지센터,충청북도,청주시,서원구 안뜸로12번길 42 (분평동),36.6103441,127.4786248
분평동 행정복지센터,충청북도,청주시,서원구 분평로 35 (분평동),36.6087306,127.4890513
수곡제1동 행정복지센터,충청북도,청주시,서원구 구룡산로 322 (수곡동),36.6182767,127.4799245
수곡제2동 행정복지센터,충청북도,청주시,서원구 수곡로 61 (수곡동),36.6173683,127.4719878
성화ㆍ개신ㆍ죽림동 행정복지센터,충청북도,청주시,서원구 성봉로 128 (성화동),36.617082,127.453075
오송읍 행정복지센터,충청북도,청주시,흥덕구 오송읍 가로수로 174,36.6088613,127.323975
강내면 행정복지센터,충청북도,청주시,흥덕구 강내면 태성탑연로 433,36.6213821,127.357375
옥산면 행정복지센터,충청북도,청주시,흥덕구 옥산면 옥산시내1길 43,36.6647778,127.3759033
운천ㆍ신봉동 행정복지센터,충청북도,청주시,흥덕구 사운로 216 (운천동),36.647957,127.476587
복대제1동 행정복지센터,충청북도,청주시,흥덕구 증안로 86 (복대동),36.6355052,127.4325734
복대제2동 행정복지센터,충청북도,청주시,흥덕구 신율로103번길 42 (복대동),36.6261754,127.4437902
가경동 행정복지센터,충청북도,청주시,흥덕구 풍년로180번길 25-2 (가경동),36.6288666,127.4330287
봉명제1동 행정복지센터,충청북도,청주시,흥덕구 직지대로620번길 70 (봉명동),36.6404493,127.4596253
봉명제2ㆍ송정동 행정복지센터,충청북도,청주시,흥덕구 주현로41번길 18 (봉명동),36.6446906,127.4578384
강서제1동 행정복지센터,충청북도,청주시,흥덕구 가로수로 1164 (강서동),36.6266674,127.426008
강서제2동 행정복지센터,충청북도,청주시,흥덕구 송화로108번길 95(송절동),36.6661369,127.4536804
오창읍 행정복지센터,충청북도,청주시,청원구 오창읍 두릉유리로 1137-1,36.7423231,127.4544831
내수읍 행정복지센터,충청북도,청주시,청원구 내수읍 마산3길 49,36.7239654,127.5350131
북이면 행정복지센터,충청북도,청주시,청원구 북이면 신대석성로 10,36.7392823,127.5417293
우암동 행정복지센터,충청북도,청주시,청원구 향군로 34 (우암동),36.6491668,127.4869149
내덕제1동 행정복지센터,충청북도,청주시,청원구 새터로 71 (내덕동),36.658415,127.48275
내덕제2동 행정복지센터,충청북도,청주시,청원구 충청대로 28 (내덕동),36.6595772,127.4908691
율량ㆍ사천동 행정복지센터,충청북도,청주시,청원구 충청대로107번길 52 (율량동),36.6665491,127.4904562
오근장동 행정복지센터,충청북도,청주시,청원구 팔결로 121 (오동동),36.6941387,127.4811625
주덕읍행정복지센터,충청북도,충주시,주덕읍 신덕로 1359,36.9755929,127.795575
살미면행정복지센터,충청북도,충주시,살미면 세성양지말길 41,36.9053813,127.9646018
수안보면행정복지센터,충청북도,충주시,수안보면 관동길 9-9,36.8473726,127.9943482
대소원면행정복지센터,충청북도,충주시,대소원면 대소원1길 29,36.9777205,127.8179955
신니면행정복지센터,충청북도,충주시,신니면 신덕로 780,36.9958829,127.7367366
노은면행정복지센터,충청북도,충주시,노은면 연하중앙길 15,37.0481462,127.7541585
앙성면행정복지센터,충청북도,충주시,앙성면 가곡로 1005,37.1091647,127.7507913
중앙탑면행정복지센터,충청북도,충주시,중앙탑면 중앙탑길 247,37.028983,127.856962
금가면행정복지센터,충청북도,충주시,금가면 강수로 331,37.043067,127.924538
동량면행정복지센터,충청북도,충주시,동량면 조돈안길 1,37.026217,127.96305
산척면행정복지센터,충청북도,충주시,산척면 동산로 736,37.081722,127.9557988
엄정면행정복지센터,충청북도,충주시,엄정면 내창로 185,37.0867288,127.9148629
소태면행정복지센터,충청북도,충주시,소태면 쟁골1길 1,37.1098487,127.8477125
성내충인동행정복지센터,충청북도,충주시,충인6길 46,36.973443,127.933838
교현·안림동행정복지센터,충청북도,충주시,금봉대로 410,36.9715309,127.9477242
교현2동행정복지센터,충청북도,충주시,대흥길 46,36.9814749,127.9290962
용산동행정복지센터,충청북도,충주시,거룡6길 35,36.9642526,127.9387476
지현동행정복지센터,충청북도,충주시,지현천변1길 41,36.9681895,127.9322044
문화동행정복지센터,충청북도,충주시,사직산6길 46,36.971743,127.925513
호암직동행정복지센터,충청북도,충주시,호암토성3길 5,36.952993,127.9335637
달천동행정복지센터,충청북도,충주시,충원대로 211,36.9477449,127.9011189
봉방동행정복지센터,충청북도,충주시,봉방2길 27,36.9736105,127.9194024
칠금금릉동행정복지센터,충청북도,충주시,칠금중앙로 37,36.9821176,127.9191151
연수동행정복지센터,충청북도,충주시,예성로 344,36.9867217,127.9341229
목행용탄동행정복지센터,충청북도,충주시,행정5길 21,37.0115783,127.9170038
봉양읍행정복지센터,충청북도,제천시,봉양읍 주포로 83,37.1326,128.1217
금성면행정복지센터,충청북도,제천시,금성면 청풍호로 1045,37.061592,128.168663
청풍면행정복지센터,충청북도,제천시,청풍면 청풍호로 2115,37.000558,128.168187
수산면행정복지센터,충청북도,제천시,수산면 월악로26길 39,36.9338309,128.1810647
덕산면행정복지센터,충청북도,제천시,덕산면 약초로 59,36.911986,128.1644132
한수면행정복지센터,충청북도,제천시,한수면 미륵송계로8길 26,36.8850785,128.0819414
백운면행정복지센터,충청북도,제천시,백운면 애련로 13,37.1373071,128.0260375
송학면행정복지센터,충청북도,제천시,송학면 시곡포전로1길 14-2,37.1846013,128.26095
교동행정복지센터,충청북도,제천시,장락로 43,37.146281,128.2219092
의림지동행정복지센터,충청북도,제천시,의림대로42길 34,37.1620762,128.2150886
중앙동행정복지센터,충청북도,제천시,독순로 61,37.1393426,128.2102102
남현동행정복지센터,충청북도,제천시,의병대로 147,37.1347967,128.2170353
영서동행정복지센터,충청북도,제천시,동명로 11,37.132823,128.201757
용두동행정복지센터,충청북도,제천시,용두대로17길 8,37.1423162,128.2003631
신백동행정복지센터,충청북도,제천시,의병대로34길 50,37.1283631,128.2232806
청전동행정복지센터,충청북도,제천시,의림대로 241,37.148965,128.214438
화산동행정복지센터,충청북도,제천시,내토로 521,37.1271809,128.2150109
보은읍행정복지센터,충청북도,보은군,보은읍 삼산로 50,36.4835906,127.7170055
속리산면행정복지센터,충청북도,보은군,속리산면 법주사로 12,36.5121373,127.8103083
장안면행정복지센터,충청북도,보은군,장안면 장안로 37,36.469743,127.788713
마로면행정복지센터,충청북도,보은군,마로면 관기송현로 103,36.435735,127.82045
탄부면행정복지센터,충청북도,보은군,탄부면 하장2길 15,36.4306743,127.7959472
삼승면행정복지센터,충청북도,보은군,삼승면 안내삼승로 687,36.3957036,127.7275938
수한면행정복지센터,충청북도,보은군,수한면 후평바리미길 13,36.4793564,127.6986949
회남면행정복지센터,충청북도,보은군,회남면 회남로 1901,36.4453212,127.5791473
회인면행정복지센터,충청북도,보은군,회인면 회인로 81,36.4948594,127.5964668
내북면행정복지센터,충청북도,보은군,내북면 남부로 6270,36.578034,127.6639455
산외면행정복지센터,충청북도,보은군,산외면 구티길 65,36.5519555,127.7326022
옥천읍행정복지센터,충청북도,옥천군,옥천읍 동부로 15,36.307425,127.574888
동이면행정복지센터,충청북도,옥천군,동이면 평산4길 2,36.283867,127.620313
안남면행정복지센터,충청북도,옥천군,안남면 연주길 46,36.3562448,127.6727633
안내면행정복지센터,충청북도,옥천군,안내면 현리길 66,36.3944691,127.6625393
청성면행정복지센터,충청북도,옥천군,청성면 산계길 53,36.327692,127.759888
청산면행정복지센터,충청북도,옥천군,청산면 지전1길 29,36.346384,127.7919265
이원면행정복지센터,충청북도,옥천군,이원면 신흥1길 14,36.2462369,127.6195014
군서면행정복지센터,충청북도,옥천군,군서면 성왕로 540,36.2793279,127.5274511
군북면행정복지센터,충청북도,옥천군,군북면 이백길 8,36.3301865,127.5344497
영동읍행정복지센터,충청북도,영동군,영동읍 영동황간로 15,36.171209,127.7759028
용산면행정복지센터,충청북도,영동군,용산면 용산로 324,36.2597252,127.8294574
황간면행정복지센터,충청북도,영동군,황간면 남성2길 11,36.22846,127.910438
추풍령면행정복지센터,충청북도,영동군,추풍령면 추풍령로4길 27,36.2145727,127.9986835
매곡면행정복지센터,충청북도,영동군,매곡면 민주지산로 3595,36.190885,127.932113
상촌면행정복지센터,충청북도,영동군,상촌면 민주지산로 3017,36.148757,127.914138
양강면행정복지센터,충청북도,영동군,양강면 괴목로 17,36.1522523,127.7508251
용화면행정복지센터,충청북도,영동군,용화면 민주지산로 111,36.0208459,127.7672201
학산면행정복지센터,충청북도,영동군,학산면 서산로 76,36.0993923,127.6848816
양산면행정복지센터,충청북도,영동군,양산면 학산양산로 317,36.1223465,127.6690052
심천면행정복지센터,충청북도,영동군,심천면 심천로 104,36.2381703,127.7213081
증평읍행정복지센터,충청북도,증평군,증평읍 광장로 88,36.785345,127.581507
도안면행정복지센터,충청북도,증평군,도안면 문화마을길 8,36.8135474,127.6126388
진천읍행정복지센터,충청북도,진천군,진천읍 상산로 65,36.8549237,127.4411875
덕산읍행정복지센터,충청북도,진천군,덕산읍 덕금로 829,36.9137904,127.5092
초평면행정복지센터,충청북도,진천군,초평면 초동로 45-6,36.8459493,127.5262887
문백면행정복지센터,충청북도,진천군,문백면 옥성1길 21,36.7846715,127.43729
백곡면행정복지센터,충청북도,진천군,백곡면 장터길 15-10,36.8833982,127.3764327
이월면행정복지센터,충청북도,진천군,이월면 진광로 729,36.925816,127.4283974
광혜원면행정복지센터,충청북도,진천군,광혜원면 화랑길 86,36.9934077,127.435584
괴산읍행정복지센터,충청북도,괴산군,괴산읍 읍내로13길 50,36.8118009,127.7906119
감물면행정복지센터,충청북도,괴산군,감물면 충민로신대길 13,36.8367195,127.8749483
장연면행정복지센터,충청북도,괴산군,장연면 미선로오가5길 7,36.8242263,127.9552982
연풍면행정복지센터,충청북도,괴산군,연풍면 향교로 71,36.7678172,128.0006926
칠성면행정복지센터,충청북도,괴산군,칠성면 도정로 61,36.7882145,127.8641515
문광면행정복지센터,충청북도,괴산군,문광면 광덕길 27,36.7901584,127.7850666
청천면행정복지센터,충청북도,괴산군,청천면 괴산로 1342-1,36.6605028,127.7373493
청안면행정복지센터,충청북도,괴산군,청안면 청안읍내로2길 7,36.7719756,127.6396174
사리면행정복지센터,충청북도,괴산군,사리면 사리로 242,36.8168993,127.6489649
소수면행정복지센터,충청북도,괴산군,소수면 소수로 151,36.8565733,127.7441736
불정면행정복지센터,충청북도,괴산군,불정면 목도로2길 11,36.8711771,127.8540664
음성읍행정복지센터,충청북도,음성군,음성읍 예술로 106,36.9312988,127.6792331
금왕읍행정복지센터,충청북도,음성군,금왕읍 무극로 221,36.992223,127.5864581
소이면행정복지센터,충청북도,음성군,소이면 소이로 409,36.9236046,127.7576143
원남면행정복지센터,충청북도,음성군,원남면 원중로 19,36.8754822,127.6487511
맹동면행정복지센터,충청북도,음성군,맹동면 대동로 33,36.9301585,127.5626829
대소면행정복지센터,충청북도,음성군,대소면 오태로 57-16,36.9719669,127.4832929
삼성면행정복지센터,충청북도,음성군,삼성면 덕정로30번길 8,37.0183803,127.49504
생극면행정복지센터,충청북도,음성군,생극면 음성로 1646,37.0346108,127.6068754
감곡면행정복지센터,충청북도,음성군,감곡면 음성로 2652,37.1120321,127.6440625
단양읍행정복지센터,충청북도,단양군,단양읍 중앙1로 35,36.9865335,128.3681508
매포읍행정복지센터,충청북도,단양군,매포읍 평동14길 12,37.0322999,128.3033589
단성면행정복지센터,충청북도,단양군,단성면 충혼로 16,36.9370466,128.3233722
대강면행정복지센터,충청북도,단양군,대강면 대강로 74,36.9225299,128.3525322
가곡면행정복지센터,충청북도,단양군,가곡면 남한강로 550,37.0286103,128.38551
영춘면행정복지센터,충청북도,단양군,영춘면 온달평강3로 9,37.0786721,128.4873774
어상천면행정복지센터,충청북도,단양군,어상천면 어상천로 928,37.10229,128.3588
적성면행정복지센터,충청북도,단양군,적성면 금수산로 957,36.960726,128.292962
 목천읍행정복지센터 ,충청남도,천안시,동남구 목천읍 서리1길 41-7,36.7850103,127.2346185
 풍세면행정복지센터 ,충청남도,천안시,풍세면 상정1길 3,36.7218136,127.1187712
 광덕면행정복지센터 ,충청남도,천안시,동남구 광덕면 신흥3길 33,36.684349,127.075829
 북면행정복지센터 ,충청남도,천안시,동남구 북면 위례성로 724,36.8274219,127.2732386
 성남면행정복지센터 ,충청남도,천안시,동남구 성남면 신사대화로 149,36.7435159,127.2329073
 수신면행정복지센터 ,충청남도,천안시,동남구 수신면 수신로 431,36.7311685,127.280953
 병천면행정복지센터 ,충청남도,천안시,동남구 병천면 병천2로 57,36.7664974,127.3026374
 동면행정복지센터 ,충청남도,천안시,동남구 동면 동산1길 15,36.7761055,127.3443662
 중앙동행정복지센터 ,충청남도,천안시,동남구 원성천1길 17,36.80005,127.15265
 문성동행정복지센터 ,충청남도,천안시,동남구 문화로 15,36.810992,127.1502723
 원성1동행정복지센터 ,충청남도,천안시,동남구 충절로 130,36.807192,127.158354
 원성2동행정복지센터 ,충청남도,천안시,동남구 고재15길 15,36.801442,127.16085
 봉명동행정복지센터 ,충청남도,천안시,동남구 봉정로 39,36.8057835,127.1394133
 일봉동행정복지센터 ,충청남도,천안시,동남구 신용로 48,36.8012268,127.1420836
 신방동행정복지센터 ,충청남도,천안시,동남구 천안천변길 129-41,36.7859101,127.1224885
 청룡동행정복지센터 ,충청남도,천안시,동남구 청수14로 99,36.786085,127.1567709
 신안동행정복지센터 ,충청남도,천안시,동남구 신부3길 16-6,36.8174013,127.1603391
 성환읍행정복지센터 ,충청남도,천안시,서북구 성환읍 성환13길 7,36.918198,127.1343397
 성거읍행정복지센터 ,충청남도,천안시,서북구 성거읍 봉주로 469,36.8780155,127.1990193
 직산읍행정복지센터 ,충청남도,천안시,서북구 직산읍 삼은4길 2,36.8787705,127.1504913
 입장면행정복지센터 ,충청남도,천안시,서북구 입장면 입장로 129,36.912709,127.2211117
 성정1동행정복지센터 ,충청남도,천안시,서북구 서북구 성정8길 5,36.818002,127.141456
 성정2동행정복지센터 ,충청남도,천안시,서북구 서부8길 29,36.8197755,127.1398835
 쌍용1동행정복지센터 ,충청남도,천안시,서북구 미라10길 21,36.8040466,127.1305078
 쌍용2동행정복지센터 ,충청남도,천안시,서북구 쌍용14길 70,36.7962528,127.1232041
쌍용3동행정복지센터,충청남도,천안시,서북구 월봉로 138,36.8029718,127.1191886
 백석동행정복지센터 ,충청남도,천안시,서북구 번영로 208,36.8188164,127.1151481
 불당1동행정복지센터 ,충청남도,천안시,서북구 봉서산로 64,36.8059419,127.1137218
 불당2동행정복지센터 ,충청남도,천안시,서북구 불당25로 182,36.8173065,127.1087019
부성1동행정복지센터,충청남도,천안시,서북구 부대중앙길 51,36.8427697,127.1522387
부성2동행정복지센터,충청남도,천안시,서북구 노태산로 133,36.8386634,127.1281861
유구읍행정복지센터,충청남도,공주시,유구읍 중앙1길 87-1,36.552825,126.9504
이인면행정복지센터 ,충청남도,공주시,이인면 검바위로 217,36.3620086,127.0632331
탄천면행정복지센터 ,충청남도,공주시,탄천면 통산로 165,36.3300443,127.0302004
계룡면행정복지센터,충청남도,공주시,계룡면 영규대사로 489,36.3603183,127.1416514
반포면행정복지센터 ,충청남도,공주시,반포면 반포초교길 30,36.3969168,127.250283
의당면행정복지센터 ,충청남도,공주시,의당면 의당전의로 13,36.4995146,127.1412779
정안면행정복지센터 ,충청남도,공주시,정안면 정안중앙길 157,36.6087691,127.1202727
우성면행정복지센터 ,충청남도,공주시,우성면 동대리길 51,36.4709645,127.0496419
사곡면행정복지센터 ,충청남도,공주시,사곡면 마곡사로 103,36.5021452,127.0253228
신풍면행정복지센터 ,충청남도,공주시,신풍면 안뜸길 14,36.514675,126.9555
중학동행정복지센터,충청남도,공주시,감영길 4,36.4525143,127.1219085
웅진동행정복지센터 ,충청남도,공주시,백미고을길 9-8,36.4649176,127.1221805
금학동행정복지센터,충청남도,공주시,우금티로 496-3,36.4388466,127.1194085
옥룡동행정복지센터,충청남도,공주시,무령로 335,36.4576008,127.1362567
신관동행정복지센터,충청남도,공주시,관골1길 24-5,36.472264,127.1325743
월송동행정복지센터,충청남도,공주시,월송동현로 51,36.4714322,127.1549477
웅천읍행정복지센터,충청남도,보령시,웅천읍 장터중앙길 88,36.2318799,126.6015424
주포면행정복지센터,충청남도,보령시,주포면 질재로 47-10,36.4151121,126.5879781
주교면행정복지센터,충청남도,보령시,주교면 울계큰길 396,36.390849,126.569288
오천면행정복지센터,충청남도,보령시,오천면 솟재길 281,36.4366768,126.5236164
천북면행정복지센터,충청남도,보령시,천북면 홍보로 462,36.4787183,126.5273123
청소면행정복지센터,충청남도,보령시,청소면 청소큰길 167,36.44546,126.589538
청라면행정복지센터,충청남도,보령시,청라면 원모루길 223,36.3904725,126.6736013
남포면행정복지센터,충청남도,보령시,남포면 충서로 1839-20,36.304658,126.605
주산면행정복지센터,충청남도,보령시,주산면 충서로 389-6,36.1983387,126.6317295
미산면행정복지센터,충청남도,보령시,미산면 내평봉성길 5,36.21061,126.6764
성주면행정복지센터,충청남도,보령시,성주면 심원계곡로 6-7,36.3360988,126.6513572
대천1동행정복지센터,충청남도,보령시,체육관길 14,36.3575044,126.6081281
대천2동행정복지센터,충청남도,보령시,중앙로 142-16,36.3534082,126.5898359
대천3동행정복지센터,충청남도,보령시,대청로 167,36.3561175,126.6113078
대천4동행정복지센터,충청남도,보령시,명천로 70,36.3381428,126.6077668
대천5동행정복지센터,충청남도,보령시,대천항로 204,36.3170689,126.5152054
염치읍행정복지센터,충청남도,아산시,염치읍 염치로 37,36.816792,126.97645
배방읍행정복지센터,충청남도,아산시배방읍,배방로 38,36.7738439,127.0538488
송악면행정복지센터,충청남도,아산시,송악면 송악로 790,36.7316302,127.0090541
탕정면행정복지센터,충청남도,아산시,탕정면 탕정면로 36,36.7985417,127.0608889
음봉면행정복지센터,충청남도,아산시,음봉면 음봉면로 23-5,36.849749,127.012275
둔포면행정복지센터,충청남도,아산시,둔포면 둔포면로 33,36.929729,127.037629
영인면행정복지센터,충청남도,아산시,영인면 영인로 78,36.8565973,126.9547671
인주면행정복지센터,충청남도,아산시,인주면 현대로 1295,36.8690444,126.8846138
선장면행정복지센터,충청남도,아산시,선장면 선장로 137,36.791292,126.861288
도고면행정복지센터,충청남도,아산시,도고면 도고면로 91,36.757458,126.8774077
신창면행정복지센터,충청남도,아산시,신창면 서부북로 631,36.8037083,126.9361
온양1동행정복지센터,충청남도,아산시,번영로 77,36.7870957,126.9994668
온양2동행정복지센터,충청남도,아산시,중앙로 40,36.7783561,127.0033666
온양3동행정복지센터,충청남도,아산시,삼동로40번길 14,36.7836159,127.0125396
온양4동행정복지센터,충청남도,아산시,실옥로 220,36.7982329,126.9785092
온양5동행정복지센터,충청남도,아산시,시민로 286,36.775239,126.9954832
온양6동행정복지센터,충청남도,아산시,외암로 1330,36.7548628,127.0193303
대산읍행정복지센터,충청남도,서산시,대산읍 구진로 42-4,36.939635,126.434325
인지면행정복지센터,충청남도,서산시,인지면 무학로 1677,36.753125,126.425313
부석면행정복지센터,충청남도,서산시,부석면 취평2길 26-13,36.7152916,126.3933312
팔봉면행정복지센터,충청남도,서산시,팔봉면 팔봉1로 392,36.8120788,126.3502106
지곡면행정복지센터,충청남도,서산시,지곡면 안견관길 15,36.8634864,126.4381037
성연면행정복지센터,충청남도,서산시,성연면 마루들길 15,36.8390916,126.4609841
음암면행정복지센터,충청남도,서산시,음암면 운암로 381,36.800067,126.517988
운산면행정복지센터,충청남도,서산시,운산면 운암로 1016,36.8107403,126.5806158
해미면행정복지센터,충청남도,서산시,해미면 남문2로 109,36.7140486,126.5447959
고북면행정복지센터,충청남도,서산시,고북면 고북1로 294,36.6671468,126.533973
부춘동행정복지센터,충청남도,서산시,문화로 54,36.786117,126.4481
동문1동행정복지센터,충청남도,서산시,학동3로 53,36.7876849,126.463862
동문2동행정복지센터,충청남도,서산시,율지6로 6,36.7807477,126.4599667
수석동행정복지센터,충청남도,서산시,무석1로 2,36.771367,126.467213
석남동행정복지센터,충청남도,서산시,남부순환로 982,36.7638409,126.4534722
강경읍사무소 ,충청남도,논산시,강경읍 계백로 162,36.1580866,127.0179734
연무읍사무소 ,충청남도,논산시,연무읍 안심로 50,36.1251581,127.0990365
성동면사무소 ,충청남도,논산시,성동면 성동로 275,36.2036313,127.0335534
광석면사무소 ,충청남도,논산시,광석면 사계로 441,36.2428982,127.0797819
노성면사무소 ,충청남도,논산시,노성면 노성로585번길 12-8,36.27815,127.13025
상월면사무소 ,충청남도,논산시,상월면 백일헌로 1049,36.2957412,127.141235
부적면사무소 ,충청남도,논산시,부적면 마구평길 22,36.216034,127.1277721
연산면사무소 ,충청남도,논산시,연산면 선비로275번길 21,36.2134624,127.2005718
벌곡면사무소 ,충청남도,논산시,벌곡면 황룡제로 594,36.205889,127.264882
양촌면사무소 ,충청남도,논산시,양촌면 매죽헌로1665번길 28,36.1385547,127.2326348
가야곡면사무소 ,충청남도,논산시,가야곡면 덕은로 22,36.1368074,127.1587979
은진면사무소,충청남도,논산시,은진면 매죽헌로37번길 13,36.1674273,127.1068711
채운면사무소 ,충청남도,논산시,채운면 채운로 41,36.1737805,127.0626125
취암동행정복지센터,충청남도,논산시,시민로 389,36.1992755,127.0871464
부창동행정복지센터,충청남도,논산시,시민로 389,36.1992755,127.0871464
두마면사무소 ,충청남도,계룡시,두마면 팥거리2길 14,36.2668957,127.2727146
엄사면사무소 ,충청남도,계룡시,엄사면 번영로 47,36.2886055,127.2398733
신도안면사무소 ,충청남도,계룡시,신도안면 신도안2길 59,36.3004309,127.2422067
금암동주민센터 ,충청남도,계룡시,장안1길 28,36.272767,127.2464
합덕읍행정복지센터,충청남도,당진시,합덕읍 예덕로 403,36.8098709,126.7639965
송악읍행정복지센터,충청남도,당진시,송악읍 반촌로 59,36.9028346,126.690204
고대면행정복지센터,충청남도,당진시,고대면 구장터길 9,36.926026,126.596838
석문면행정복지센터,충청남도,당진시,석문면 통정3길 2-1,36.981918,126.590825
대호지면행정복지센터,충청남도,당진시,대호지면 4.4만세로 55-1,36.90004,126.5042
정미면행정복지센터,충청남도,당진시,정미면 정미로 679,36.8825079,126.5682311
면천면행정복지센터,충청남도,당진시,면천면 면천로 623,36.8158688,126.6650946
순성면행정복지센터,충청남도,당진시,순성면 순성로 535,36.8453821,126.7144219
우강면행정복지센터,충청남도,당진시,우강면 솔뫼로 51,36.8153168,126.7769476
신평면행정복지센터,충청남도,당진시,신평면 신평로 834,36.8852817,126.7735715
송산면행정복지센터,충청남도,당진시,송산면 상거중앙길 57,36.9326384,126.6791258
당진1동행정복지센터,충청남도,당진시,당진중앙1로 33,36.8932076,126.6270872
당진2동행정복지센터,충청남도,당진시,서부로 139,36.8897691,126.6260538
당진3동행정복지센터,충청남도,당진시,원당로 86,36.9085452,126.6458024
금산읍행정복지센터,충청남도,금산군,금산읍 비호로 69,36.1072971,127.4905071
금성면행정복지센터,충청남도,금산군,금성면 진산로 372,36.1308231,127.4537352
제원면행정복지센터,충청남도,금산군,제원면 제원3길 3,36.1125619,127.5460681
부리면행정복지센터,충청남도,금산군,부리면 현내1길 37,36.0607683,127.5550167
군북면행정복지센터,충청남도,금산군,군북면 산꽃로 17,36.168935,127.527663
남일면행정복지센터,충청남도,금산군,남일면 봉황로 84,36.0428891,127.5044837
남이면행정복지센터,충청남도,금산군,남이면 휴양림로 299,36.0454599,127.4366865
진산면행정복지센터,충청남도,금산군,진산면 읍내로 69,36.1442171,127.3700496
복수면행정복지센터,충청남도,금산군,복수면 복수로 150,36.1664603,127.3983228
추부면행정복지센터,충청남도,금산군,추부면 서대산로 93,36.194949,127.4759822
부여읍행정복지센터 ,충청남도,부여군,부여읍 사비로 36,36.2755959,126.9111637
규암면행정복지센터 ,충청남도,부여군,규암면 계백로 39,36.2751273,126.8841609
은산면행정복지센터 ,충청남도,부여군,은산면 충의로 690,36.3104189,126.8542053
외산면행정복지센터 ,충청남도,부여군,외산면 외산로 111,36.3043382,126.7042179
내산면행정복지센터 ,충청남도,부여군,내산면 성충로 982,36.2748057,126.7805549
구룡면행정복지센터 ,충청남도,부여군,구룡면 태양로 17,36.252692,126.812888
홍산면행정복지센터 ,충청남도,부여군,홍산면 홍산로 77,36.216726,126.760313
옥산면행정복지센터 ,충청남도,부여군,옥산면 대백제로 336-6,36.191468,126.733675
남면행정복지센터 ,충청남도,부여군,남면 남성로 426,36.2120981,126.8063
충화면행정복지센터 ,충청남도,부여군,충화면 팔충로 770,36.1817549,126.8216672
양화면행정복지센터 ,충청남도,부여군,양화면 입포로53번길 6,36.1353583,126.8812073
임천면행정복지센터 ,충청남도,부여군,임천면 성흥로97번길 23,36.1911858,126.894792
장암면행정복지센터 ,충청남도,부여군,장암면 석동로 15,36.243926,126.8865
세도면행정복지센터 ,충청남도,부여군,세도면 세도중앙로 8,36.169976,126.948438
석성면행정복지센터 ,충청남도,부여군,석성면 증산로 61-1,36.2532893,127.0023977
초촌면행정복지센터 ,충청남도,부여군,초촌면 초촌로 15,36.263958,127.020062
장항읍행정복지센터,충청남도,서천군,장항읍 장항로 208,36.0104239,126.7003021
서천읍행정복지센터,충청남도,서천군,서천읍 서천로 92,36.0778106,126.6898896
마서면행정복지센터,충청남도,서천군,마서면 장서로 685,36.061933,126.706763
화양면행정복지센터,충청남도,서천군,화양면 옥포길8번길 6,36.0378,126.781888
기산면행정복지센터,충청남도,서천군,기산면 기산길 57,36.074667,126.7622
한산면행정복지센터,충청남도,서천군,한산면 한마로61번길 10,36.086265,126.8021
마산면행정복지센터,충청남도,서천군,마산면 삼일로265번길 7,36.1173085,126.7907719
시초면행정복지센터,충청남도,서천군,시초면 시초북로 37,36.121882,126.752863
문산면행정복지센터,충청남도,서천군,문산면 신농길24번길 11,36.142307,126.752188
판교면행정복지센터,충청남도,서천군,판교면 종판로901번길 45,36.1577863,126.6891251
종천면행정복지센터,충청남도,서천군,종천면 종천화산길 29,36.0974807,126.6700725
비인면행정복지센터,충청남도,서천군,비인면 비인로 194-1,36.1421091,126.6013681
서면행정복지센터,충청남도,서천군,서면 서인로 761,36.1529457,126.5495554
청양읍행정복지센터,충청남도,청양군,청양읍 칠갑산로9길 32,36.4534116,126.8068259
운곡면사무소 ,충청남도,청양군,운곡면 청신로 873,36.5238179,126.8446673
대치면사무소 ,충청남도,청양군,대치면 칠갑산로 541,36.4443792,126.8321163
정산면행정복지센터,충청남도,청양군,대치면 칠갑산로 1857,36.414882,126.94505
목면사무소 ,충청남도,청양군,목면 안심길 107,36.4189767,127.0038679
청남면사무소 ,충청남도,청양군,청남면 명덕로 183,36.3521702,126.9524879
장평면사무소 ,충청남도,청양군,장평면 닭우리고개길 35,36.3418906,126.8930507
남양면사무소 ,충청남도,청양군,남양면 구용길 332,36.4012582,126.7761229
화성면행정복지센터,충청남도,청양군,화성면 고산골길 12,36.4275725,126.7173072
비봉면사무소 ,충청남도,청양군,비봉면 충절로 1994,36.5194666,126.786513
홍성읍행정복지센터 ,충청남도,홍성군,홍성읍 문화로 108,36.5970717,126.6631008
광천읍행정복지센터 ,충청남도,홍성군,광천읍 광천로 342,36.5045861,126.624979
홍북읍행정복지센터 ,충청남도,홍성군,홍북읍 홍북로 449,36.6497472,126.6917137
금마면행정복지센터 ,충청남도,홍성군,금마면 광금북로 478,36.611907,126.732663
홍동면행정복지센터 ,충청남도,홍성군,홍동면 홍장남로 712,36.5590884,126.6880704
장곡면행정복지센터 ,충청남도,홍성군,장곡면 홍남동로 461,36.50515,126.6913
은하면행정복지센터 ,충청남도,홍성군,은하면 은하로 258,36.5319381,126.5905247
결성면행정복지센터 ,충청남도,홍성군,결성면 홍남서로 738번길 5,36.5242633,126.5466167
서부면행정복지센터 ,충청남도,홍성군,서부면 서부로 544번길 17-2,36.5802791,126.51724
갈산면행정복지센터 ,충청남도,홍성군,갈산면 갈산로 93,36.605174,126.5501
구항면행정복지센터 ,충청남도,홍성군,구항면 구항길 109,36.587757,126.610888
예산읍행정복지센터,충청남도,예산군,예산읍 예산로176번길 15,36.6787164,126.8462406
삽교읍행정복지센터,충청남도,예산군,삽교읍 두리3길 33,36.6880379,126.739388
대술면행정복지센터,충청남도,예산군,대술면 대술로 147,36.657582,126.892188
신양면행정복지센터,충청남도,예산군,신양면 청신로 372,36.6015584,126.86848
광시면행정복지센터,충청남도,예산군,광시면 광시소길 16,36.5489388,126.7732904
대흥면행정복지센터,충청남도,예산군,대흥면 의좋은형제길 37,36.6067572,126.7883162
응봉면행정복지센터,충청남도,예산군,응봉면 노화조개내길 9,36.6586449,126.7611528
덕산면행정복지센터,충청남도,예산군,덕산면 덕산온천로 391,36.701485,126.6655
봉산면행정복지센터,충청남도,예산군,봉산면 황금뜰로 3,36.748701,126.681675
고덕면행정복지센터,충청남도,예산군,고덕면 고덕중앙로 45-5,36.745301,126.702637
신암면행정복지센터,충청남도,예산군,신암면 종경길 70,36.7345022,126.8262431
오가면행정복지센터,충청남도,예산군,오가면 오가중앙로 86-12,36.687126,126.797613
태안읍행정복지센터 ,충청남도,태안군,태안읍 백화로 54,36.7576791,126.2963727
안면읍행정복지센터 ,충청남도,태안군,안면읍 장터로 149,36.5206815,126.3444752
고남면사무소 ,충청남도,태안군,고남면 안면대로 4254-12,36.420401,126.4092
남면사무소 ,충청남도,태안군,남면 달산포로 311,36.6721265,126.2977711
근흥면사무소 ,충청남도,태안군,근흥면 근흥로 724,36.713626,126.227988
소원면행정복지센터 ,충청남도,태안군,소원면 소근로 26-11,36.7625541,126.1972821
원북면사무소 ,충청남도,태안군,원북면 상리길 11,36.823067,126.257525
이원면사무소 ,충청남도,태안군,이원면 분지길 14,36.8695816,126.2808382
중앙동주민센터,전북특별자치도,전주시,완산구 태평3길 43-17,35.823542,127.140613
풍남동주민센터,전북특별자치도,전주시,완산구 어진길 122-12,35.8170916,127.1481152
노송동주민센터,전북특별자치도,전주시,완산구 인봉1길 54,35.8244741,127.158364
완산동주민센터,전북특별자치도,전주시,완산구 강당2길 7,35.8091812,127.13484
동서학동주민센터,전북특별자치도,전주시,완산구 서학로 26,35.809508,127.1522
서서학동주민센터,전북특별자치도,전주시,완산구 공수내로 24,35.805733,127.148675
중화산1동주민센터,전북특별자치도,전주시,완산구 한두평3길 16,35.814633,127.12485
중화산2동주민센터,전북특별자치도,전주시,완산구 화산천변로 30,35.8217024,127.1164071
평화1동행정복지센터,전북특별자치도,전주시,완산구 장승배기로 256,35.7981,127.140338
평화2동주민센터,전북특별자치도,전주시,완산구 평화18길 14-16,35.795558,127.135238
서신동주민센터,전북특별자치도,전주시,완산구 서신천변14길 10,35.831085,127.1155485
삼천1동주민센터,전북특별자치도,전주시,완산구 성지산로 33,35.8007277,127.121585
삼천2동행정복지센터,전북특별자치도,전주시,완산구 거마중앙로 49,35.7963579,127.1223509
삼천3동주민센터,전북특별자치도,전주시,완산구 삼천천변2길 37,35.7968854,127.1143314
효자1동주민센터,전북특별자치도,전주시,완산구 안행5길 59-3,35.805883,127.13
효자2동주민센터,전북특별자치도,전주시,완산구 오두정1길 1,35.80695,127.119587
효자3동주민센터,전북특별자치도,전주시,완산구 강변로 180,35.806559,127.1103191
효자4동주민센터,전북특별자치도,전주시,완산구 천잠로 186,35.8039457,127.0978343
효자5동주민센터,전북특별자치도,전주시,완산구 우전로 259,35.8177202,127.1015225
진북동주민센터,전북특별자치도,전주시,덕진구 벚꽃1길 88,35.827817,127.131515
인후1동주민센터,전북특별자치도,전주시,덕진구 견훤로 290,35.8374724,127.1566638
인후2동주민센터,전북특별자치도,전주시,덕진구 견훤왕궁로 244,35.8398802,127.1463252
인후3동행정복지센터,전북특별자치도,전주시,덕진구 구총목로 5,35.8278598,127.1607395
덕진동주민센터,전북특별자치도,전주시,덕진구 기린대로 533-7,35.8453489,127.1206712
금암1동주민센터,전북특별자치도,전주시,덕진구 기린대로 392,35.837424,127.133088
금암2동주민센터,전북특별자치도,전주시,덕진구 거북바우로 50,35.8385756,127.1430633
팔복동주민센터,전북특별자치도,전주시,덕진구 신복5길 6,35.853657,127.106313
우아1동주민센터,전북특별자치도,전주시,덕진구 우아2길 25,35.8498511,127.1595688
우아2동주민센터,전북특별자치도,전주시,덕진구 진버들7길 25,35.83779,127.167063
호성동주민센터,전북특별자치도,전주시,덕진구 동부대로 869,35.8636764,127.1496213
송천1동주민센터,전북특별자치도,전주시,덕진구 송천중앙로 116,35.857132,127.121025
송천2동주민센터,전북특별자치도,전주시,덕진구 두간9길 6,35.8649317,127.1156886
조촌동주민센터,전북특별자치도,전주시,덕진구 쪽구름로 150,35.8745274,127.0692019
여의동주민센터,전북특별자치도,전주시,덕진구 여암2길 9,35.8713317,127.0756502
혁신동주민센터,전북특별자치도,전주시,덕진구 기지로 95,35.8390037,127.0627997
옥구읍행정복지센터,전북특별자치도,군산시,옥구읍 옥구로 6,35.9231823,126.6852364
옥산면행정복지센터,전북특별자치도,군산시,옥산면 산성로 200,35.9394676,126.7484038
회현면행정복지센터,전북특별자치도,군산시,회현면 회현로 181,35.9134776,126.7569556
임피면행정복지센터,전북특별자치도,군산시,임피면 남상2길 1,35.9824759,126.8506204
서수면행정복지센터,전북특별자치도,군산시,서수면 항쟁로 193,35.98342,126.875839
대야면행정복지센터,전북특별자치도,군산시,대야면 석화로 7,35.9467547,126.8115985
개정면행정복지센터,전북특별자치도,군산시,개정면 바르메길 42,35.9583897,126.7964389
성산면행정복지센터,전북특별자치도,군산시,성산면 송호로 222,35.9896358,126.7859996
나포면행정복지센터,전북특별자치도,군산시,나포면 나포초교길 9,36.0304597,126.8320053
옥도면행정복지센터,전북특별자치도,군산시,내항2길 125,35.9930891,126.7099774
옥서면행정복지센터,전북특별자치도,군산시,옥서면 옥봉들3길 10,35.9236096,126.6432993
해신동행정복지센터,전북특별자치도,군산시,중앙로 220,35.9894809,126.7076097
월명동행정복지센터,전북특별자치도,군산시,구영6길 51,35.9864147,126.7090167
삼학동행정복지센터,전북특별자치도,군산시,미원로 17,35.9769485,126.7076344
신풍동행정복지센터,전북특별자치도,군산시,대학로 215,35.972885,126.700775
중앙동행정복지센터,전북특별자치도,군산시,큰샘길 47,35.9860287,126.7174666
흥남동행정복지센터,전북특별자치도,군산시,월명로 377,35.9779077,126.7152383
조촌동행정복지센터(임시청사),전북특별자치도,군산시,조촌5길 15(임시청사),35.9744254,126.7372252
경암동행정복지센터,전북특별자치도,군산시,경암3길 56,35.979634,126.729841
구암동행정복지센터,전북특별자치도,군산시,세풍길 21,35.9858077,126.7440126
개정동행정복지센터,전북특별자치도,군산시,번영로 339-5,35.964409,126.7543737
수송동행정복지센터,전북특별자치도,군산시,동수송1길 7,35.964816,126.7176384
나운1동행정복지센터,전북특별자치도,군산시,신설3길 3,35.9667904,126.6947908
나운2동행정복지센터,전북특별자치도,군산시,나운3길 16,35.9648627,126.6995972
나운3동행정복지센터,전북특별자치도,군산시,부곡1길 25,35.9587673,126.6892213
소룡동행정복지센터,전북특별자치도,군산시,설림안4길 30,35.9737996,126.6838077
미성동행정복지센터,전북특별자치도,군산시,공항로 371,35.9576677,126.6575929
함열읍행정복지센터,전북특별자치도,익산시,함열읍 함열중앙로 83,36.0782567,126.9662602
오산면행정복지센터,전북특별자치도,익산시,오산면 평동로 323,35.9386769,126.9162904
황등면행정복지센터,전북특별자치도,익산시,황등면 황등로 140-5,36.0044599,126.945072
함라면행정복지센터,전북특별자치도,익산시,함라면 함라1길 65,36.060058,126.910375
웅포면행정복지센터,전북특별자치도,익산시,웅포면 강변로 9,36.0644351,126.8768734
성당면행정복지센터,전북특별자치도,익산시,성당면 황성로 727,36.0882773,126.9349726
용안면행정복지센터,전북특별자치도,익산시,용안면 용안교동1길 21,36.1200189,126.9523421
낭산면행정복지센터,전북특별자치도,익산시,낭산면 함낭로 949,36.0780757,127.0098578
망성면행정복지센터,전북특별자치도,익산시,망성면 안성로 726,36.1325543,127.0206448
여산면행정복지센터,전북특별자치도,익산시,여산면 여산동촌1길 13-12,36.0586867,127.0860148
금마면행정복지센터,전북특별자치도,익산시,금마면 고도3길 3,35.993045,127.0529446
왕궁면행정복지센터,전북특별자치도,익산시,왕궁면 흥암1길 14,35.9664006,127.0878063
춘포면행정복지센터,전북특별자치도,익산시,춘포면 춘포2길 11,35.901032,127.005275
삼기면행정복지센터,전북특별자치도,익산시,삼기면 황금로 513,36.0203484,126.984063
용동면행정복지센터,전북특별자치도,익산시,용동면 용동1길 80-31,36.109912,126.9930074
중앙동행정복지센터,전북특별자치도,익산시,익산대로16길 47,35.939788,126.9524136
평화동행정복지센터,전북특별자치도,익산시,익산대로4길 12,35.9323035,126.9453362
인화동행정복지센터,전북특별자치도,익산시,인북로4길 38,35.9294769,126.9536058
동산동행정복지센터,전북특별자치도,익산시,동천로 82,35.9286158,126.9725693
마동행정복지센터,전북특별자치도,익산시,중앙로25길 5,35.9379592,126.9591871
남중동행정복지센터,전북특별자치도,익산시,인북로56길 8,35.9511476,126.9590691
모현동행정복지센터,전북특별자치도,익산시,선화로 129(모현동 1가),35.9487204,126.9450338
송학동행정복지센터,전북특별자치도,익산시,고현로 11,35.9384856,126.9402935
신동행정복지센터,전북특별자치도,익산시,인북로 353,35.959818,126.961288
영등1동행정복지센터,전북특별자치도,익산시,고봉로18길 34,35.9523672,126.9725502
영등2동행정복지센터,전북특별자치도,익산시,무왕로13길 18,35.960064,126.9769928
어양동행정복지센터,전북특별자치도,익산시,동서로63길 43,35.9553415,126.9843109
팔봉동행정복지센터,전북특별자치도,익산시,무왕로 1408,35.96522,127.0117143
삼성동행정복지센터,전북특별자치도,익산시,부송로 125,35.9627038,126.9894392
신태인읍행정복지센터,전북특별자치도,정읍시,신태인읍 신태인중앙로 14,35.6877708,126.8867011
북면사무소,전북특별자치도,정읍시,북면 정읍북로 570,35.6092246,126.892242
입암면사무소,전북특별자치도,정읍시,입암면 정읍남로 489,35.5037907,126.793232
소성면사무소,전북특별자치도,정읍시,소성면 소성상평로 19,35.5568931,126.7831975
고부면행정복지센터,전북특별자치도,정읍시,고부면 영주로 542 -12,35.61859,126.771725
영원면사무소,전북특별자치도,정읍시,영원면 영원로 1082,35.6551453,126.7853374
덕천면사무소,전북특별자치도,정읍시,덕천면 황토현로 848,35.618624,126.842613
이평면사무소,전북특별자치도,정읍시,이평면 황토현로 293,35.6650398,126.8381746
정우면사무소,전북특별자치도,정읍시,정우면 정신로 609,35.6448192,126.8759185
태인면사무소,전북특별자치도,정읍시,태인면 정읍북로 1193,35.6506114,126.9322156
감곡면사무소,전북특별자치도,정읍시,감곡면 원삼1길 37,35.7149398,126.928441
옹동면사무소,전북특별자치도,정읍시,옹동면 옹지동촌로 208,35.6434954,126.9745453
칠보면사무소,전북특별자치도,정읍시,칠보면 칠보중앙로 68,35.6025814,126.9935305
산내면사무소,전북특별자치도,정읍시,산내면 능교3길 14-6,35.5682277,127.0302203
산외면사무소,전북특별자치도,정읍시,산외면 산외로 462 -1,35.621489,127.0421053
수성동주민센터,전북특별자치도,정읍시,명륜길 15-11,35.5697746,126.8506162
장명동행정복지센터,전북특별자치도,정읍시,중앙1길 147,35.5675996,126.8565772
내장상동주민센터,전북특별자치도,정읍시,신경2길 12-2,35.5573627,126.8686996
시기동주민센터,전북특별자치도,정읍시,벚꽃로 323,35.5654921,126.8493635
초산동주민센터,전북특별자치도,정읍시,천변로 226,35.5619747,126.8524653
연지동주민센터,전북특별자치도,정읍시,조곡천1길 5,35.5683949,126.8453387
농소동주민센터,전북특별자치도,정읍시,충정로 531-8,35.5833012,126.8284654
상교동주민센터,전북특별자치도,정읍시,구계교암길 277,35.5502909,126.8375173
운봉읍행정복지센터,전북특별자치도,남원시,운봉읍 황산로 1083,35.43981,127.528888
주천면행정복지센터,전북특별자치도,남원시,주천면 정령치로 61,35.390874,127.441863
수지면행정복지센터,전북특별자치도,남원시,수지면 고주로 623-10,35.339307,127.371512
송동면행정복지센터,전북특별자치도,남원시,송동면 송기길 56,35.354749,127.337125
주생면행정복지센터,전북특별자치도,남원시,주생면 요천로 821,35.378815,127.32155
금지면행정복지센터,전북특별자치도,남원시,금지면 금지순환길 917-27,35.357599,127.303838
대강면행정복지센터,전북특별자치도,남원시,대강면 섬진로 865,35.3473278,127.2278049
대산면행정복지센터,전북특별자치도,남원시,대산면 운교1길 26,35.432118,127.325188
사매면행정복지센터,전북특별자치도,남원시,사매면 오신1길 9-4,35.4967167,127.3587618
덕과면행정복지센터,전북특별자치도,남원시,덕과면 덕과월평길 3,35.5171401,127.3520537
보절면행정복지센터,전북특별자치도,남원시,보절면 신흥2길 17,35.5131669,127.4024109
산동면행정복지센터,전북특별자치도,남원시,산동면 요천로 2919,35.4926853,127.4761662
이백면행정복지센터,전북특별자치도,남원시,이백면 입촌길 16,35.426876,127.457863
인월면행정복지센터,전북특별자치도,남원시,인월면 황산로 1804,35.4648177,127.5997098
아영면행정복지센터,전북특별자치도,남원시,아영면 아백로 380,35.5086863,127.6129111
산내면행정복지센터,전북특별자치도,남원시,산내면 대정길 21,35.419201,127.623238
동충동주민센터,전북특별자치도,남원시,향단로 86,35.41104,127.38295
죽항동주민센터,전북특별자치도,남원시,비석길 72,35.407599,127.38455
노암동행정복지센터,전북특별자치도,남원시,소리길 10,35.399615,127.38025
금동행정복지센터,전북특별자치도,남원시,가방뜰길 8,35.4024357,127.3754276
왕정동행정복지센터,전북특별자치도,남원시,성황단길 7,35.408257,127.36975
향교동행정복지센터,전북특별자치도,남원시,동림로 116,35.418075,127.3842467
도통동행정복지센터,전북특별자치도,남원시,역재3길 8,35.419843,127.40005
만경읍행정복지센터,전북특별자치도,김제시,만경읍 두내산로 52,35.8543654,126.8199875
죽산면행정복지센터,전북특별자치도,김제시,죽산면 죽산3길 3,35.7724002,126.8138481
백산면행정복지센터,전북특별자치도,김제시,백산면 학당길 18,35.8282743,126.8921512
용지면행정복지센터,전북특별자치도,김제시,용지면 용지로 455,35.853895,126.9551719
백구면행정복지센터,전북특별자치도,김제시,백구면 황토로 2167-21,35.882005,126.958155
부량면행정복지센터,전북특별자치도,김제시,부량면 벽골제로 208,35.7339529,126.8439389
공덕면행정복지센터,전북특별자치도,김제시,공덕면 공덕로 228,35.8923716,126.9128981
청하면행정복지센터,전북특별자치도,김제시,청하면 청하로 518,35.903424,126.840675
성덕면행정복지센터,전북특별자치도,김제시,성덕면 석동1길 23,35.8205404,126.8058542
진봉면행정복지센터,전북특별자치도,김제시,진봉면 진봉1길 15-3,35.8589218,126.7660818
금구면행정복지센터,전북특별자치도,김제시,금구면 봉두로 105,35.7767456,127.0123151
봉남면행정복지센터,전북특별자치도,김제시,봉남면 봉남로 419,35.753541,126.9623238
황산면행정복지센터,전북특별자치도,김제시,황산면 용마로 59,35.7945494,126.9423603
금산면행정복지센터,전북특별자치도,김제시,금산면 원평8길 27,35.7165637,126.9961692
광활면행정복지센터,전북특별자치도,김제시,광활면 광활11길 46,35.833824,126.7419159
요촌동행정복지센터,전북특별자치도,김제시,요촌중길 50,35.8051917,126.8914635
신풍동행정복지센터,전북특별자치도,김제시,중앙10길 11,35.7960179,126.8978853
검산동행정복지센터,전북특별자치도,김제시,검산택지길 34,35.803251,126.9036883
교월동행정복지센터,전북특별자치도,김제시,벽지산로 215,35.7948299,126.8785523
삼례읍행정복지센터,전북특별자치도,완주군,삼례읍 삼봉로 48,35.9131923,127.0779569
봉동읍행정복지센터,전북특별자치도,완주군,봉동읍 삼봉로 933,35.9417325,127.1658954
용진읍행정복지센터,전북특별자치도,완주군,용진읍 완주로 210,35.8836031,127.1567885
상관면행정복지센터,전북특별자치도,완주군,상관면 신리로 109,35.7716497,127.2068953
이서면행정복지센터,전북특별자치도,완주군,이서면 이서로 55,35.8207022,127.0225742
소양면행정복지센터,전북특별자치도,완주군,소양면 소양로 161,35.853978,127.2260343
구이면행정복지센터,전북특별자치도,완주군,구이면 구이로 1482,35.7319013,127.1207375
고산면행정복지센터,전북특별자치도,완주군,고산면 고산로 69-13,35.9765012,127.2052663
비봉면행정복지센터,전북특별자치도,완주군,비봉면 비봉소농길 16,35.9957318,127.1403181
운주면행정복지센터,전북특별자치도,완주군,운주면 장선로 124,36.092469,127.2773956
화산면행정복지센터,전북특별자치도,완주군,화산면 화산로 830-14,36.0356894,127.2034799
동상면행정복지센터,전북특별자치도,완주군,동산면 동상로 1414,35.936648,127.297025
경천면행정복지센터,전북특별자치도,완주군,경천면 대둔산로 259,36.0226002,127.2526253
진안읍 행정복지센터,전북특별자치도,진안군,진안읍 대성길 3,35.7892996,127.4231535
용담면 행정복지센터,전북특별자치도,진안군,용담면 대송로 17,35.9666429,127.5200125
안천면 행정복지센터,전북특별자치도,진안군,안천면 진무로 2998,35.8965046,127.5517869
동향면 행정복지센터,전북특별자치도,진안군,동향면 진성로 1609,35.8381115,127.5670925
상전면 행정복지센터,전북특별자치도,진안군,상전면 주평로 41,35.8229847,127.4871455
백운면 행정복지센터,전북특별자치도,진안군,백운면 임진로 1297,35.6893991,127.3959547
성수면 행정복지센터,전북특별자치도,진안군,성수면 관진로 783,35.7085688,127.323311
마령면 행정복지센터,전북특별자치도,진안군,마령면 솔안2길 8,35.7345267,127.3707454
부귀면 행정복지센터,전북특별자치도,진안군,부귀면 부귀로 305-7,35.8373269,127.3603802
정천면 행정복지센터,전북특별자치도,진안군,정천면 봉학로 66,35.87319,127.4286
주천면 행정복지센터,전북특별자치도,진안군,주천면 동상주천로 2213,35.9753802,127.4260454
무주읍행정복지센터,전북특별자치도,무주군,무주읍 향학로 49,36.0087917,127.6622375
무풍면행정복지센터,전북특별자치도,무주군,무풍면 무풍면 현내로 171,35.96994,127.844587
설천면행정복지센터,전북특별자치도,무주군,설천면 무설로 1607,36.007942,127.789888
적상면행정복지센터,전북특별자치도,무주군,적상면 적상산로 51,35.945578,127.6593746
안성면행정복지센터,전북특별자치도,무주군,안성면 안성로 246-17,35.8634487,127.6530875
부남면행정복지센터,전북특별자치도,무주군,부남면 대소길 3,35.9737532,127.5593474
장수읍행정복지센터,전북특별자치도,장수군,장수읍 장천로 245,35.6542752,127.5196399
산서면사무소,전북특별자치도,장수군,산서면 보산로 1858,35.5840402,127.3962852
번암면사무소,전북특별자치도,장수군,번암면 장수로 485,35.5320013,127.5438539
장계면행정복지센터,전북특별자치도,장수군,장계면 한들로 153-3,35.731926,127.588888
천천면사무소,전북특별자치도,장수군,천천면 장천로 1186,35.733468,127.532325
계남면사무소,전북특별자치도,장수군,계남면 장수로 3071,35.70296,127.577713
계북면사무소,전북특별자치도,장수군,계북면 장무로 961,35.7854962,127.6124591
임실읍사무소,전북특별자치도,임실군,임실읍 봉황11길 114,35.6173709,127.2868818
청웅면사무소,전북특별자치도,임실군,청웅면 청웅로 153,35.5697975,127.2012401
운암면사무소,전북특별자치도,임실군,운암면 임운로 1884,35.6606485,127.1604708
신평면사무소,전북특별자치도,임실군,신평면 석등슬치로 369,35.6573282,127.2241849
성수면사무소,전북특별자치도,임실군,성수면 임진로 213,35.6300565,127.3335395
오수면사무소,전북특별자치도,임실군,오수면 오수3길 14,35.5367585,127.3283121
신덕면사무소,전북특별자치도,임실군,신덕면 수지로 94,35.6840217,127.1783313
삼계면사무소,전북특별자치도,임실군,삼계면 충효로 1281,35.5076618,127.2743793
관촌면행정복지센터,전북특별자치도,임실군,관촌면 사선1길 13,35.6738595,127.2707696
강진면사무소,전북특별자치도,임실군,강진면 호국로 47,35.53034,127.1635784
덕치면사무소,전북특별자치도,임실군,덕치면 인덕로 1401,35.5101146,127.1571878
지사면사무소,전북특별자치도,임실군,지사면 충효로 2437,35.5640014,127.3576028
순창읍 행정복지센터,전북특별자치도,순창군,순창읍 장류로 407-7,35.3769901,127.1470258
인계면 행정복지센터,전북특별자치도,순창군,인계면 인덕로 227,35.411915,127.141275
동계면 행정복지센터,전북특별자치도,순창군,동계면 동계1길 15,35.4413232,127.2427201
적성면 행정복지센터,전북특별자치도,순창군,적성면 적성로 135,35.3975237,127.2085625
유등면 행정복지센터,전북특별자치도,순창군,유등면 유등로 405,35.361332,127.187463
풍산면 행정복지센터,전북특별자치도,순창군,풍산면 금풍로 1006-1,35.3367676,127.1385192
금과면 행정복지센터,전북특별자치도,순창군,금과면 매우1길 12-3,35.3395979,127.0864319
팔덕면 행정복지센터,전북특별자치도,순창군,팔덕면 강천로 330,35.3915763,127.0970935
복흥면 행정복지센터,전북특별자치도,순창군,복흥면 추령로 1159,35.4321596,126.9297375
쌍치면 행정복지센터,전북특별자치도,순창군,쌍치면 쌍계로 29-7,35.500575,127.001363
구림면 행정복지센터,전북특별자치도,순창군,구림면 구림로 477-5,35.45296,127.102338
고창읍 행정복지센터,전북특별자치도,고창군,고창읍 모양성로 26,35.4343873,126.7030646
고수면 행정복지센터,전북특별자치도,고창군,고수면 고인돌대로 1412,35.4099343,126.6785952
아산면 행정복지센터,전북특별자치도,고창군,아산면 녹두로 786,35.4398048,126.6347587
무장면 행정복지센터,전북특별자치도,고창군,무장면 녹두로 6-8,35.4195641,126.5596241
공음면 행정복지센터,전북특별자치도,고창군,공음면 공음길 35,35.3778822,126.5113702
상하면 행정복지센터,전북특별자치도,고창군,상하면 상하로 84-11,35.444526,126.4952
해리면 행정복지센터,전북특별자치도,고창군,해리면 청해2길 38,35.4609755,126.5390947
성송면 행정복지센터,전북특별자치도,고창군,성송면 대성로 770,35.3644422,126.6466716
대산면 행정복지센터,전북특별자치도,고창군,대산면 대성로 273,35.341074,126.603413
심원면 행정복지센터,전북특별자치도,고창군,심원면 심원로 211,35.524317,126.551087
흥덕면 행정복지센터,전북특별자치도,고창군,흥덕면 문화2길 27,35.517775,126.703638
성내면 행정복지센터,전북특별자치도,고창군,성내면 시기2길 6,35.538025,126.743338
신림면 행정복지센터,전북특별자치도,고창군,신림면 신림로 136,35.489068,126.712125
부안면 행정복지센터,전북특별자치도,고창군,부안면 인촌로 1246,35.514183,126.674088
부안읍행정복지센터,전북특별자치도,부안군,부안읍 석정로 182,35.7296253,126.7368135
주산면사무소,전북특별자치도,부안군,주산면 주산로 8,35.6719216,126.711052
동진면사무소,전북특별자치도,부안군,동진면 동진로 89,35.7496937,126.7387934
행안면사무소,전북특별자치도,부안군,행안면 번영로 33,35.7263666,126.724035
계화면사무소,전북특별자치도,부안군,계화면 간재로 405,35.761717,126.698025
보안면사무소,전북특별자치도,부안군,보안면 영전길 19-29,35.6123607,126.6711157
변산면사무소,전북특별자치도,부안군,변산면 지서로 77-1,35.6635321,126.5284625
진서면사무소,전북특별자치도,부안군,진서면 청자로 926,35.587657,126.605425
백산면사무소,전북특별자치도,부안군,백산면 백산로 335,35.7043621,126.787219
상서면사무소,전북특별자치도,부안군,상서면 부안로 2001,35.68641,126.678012
하서면사무소,전북특별자치도,부안군,하서면 하서길 28-5,35.715622,126.6620141
줄포면사무소,전북특별자치도,부안군,줄포면 줄포4길 9-7,35.5914421,126.6777554
위도면사무소,전북특별자치도,부안군,위도면 진리안길 5,35.6025903,126.2930338
용당1동행정복지센터,전라남도,목포시,동부로31번길 20,34.8059996,126.3916868
용당2동행정복지센터,전라남도,목포시,백년대로 95-5,34.799569,126.3997755
연동행정복지센터,전라남도,목포시,산정로63번길 14-1,34.7945916,126.3915596
산정동행정복지센터,전라남도,목포시,양을로 144,34.8091659,126.3865751
연산동주민센터,전라남도,목포시,연산로 191,34.8130039,126.3771442
원산동행정복지센터,전라남도,목포시,원산로145번길 20,34.8118404,126.381038
대성동주민센터,전라남도,목포시,마파지로 20,34.7992375,126.3836891
목원동행정복지센터,전라남도,목포시,수문로 32 트윈스타 행정타운 4층,34.7930597,126.3827234
동명동행정복지센터,전라남도,목포시,자유로20번길 27,34.7909583,126.39205
삼학동주민센터,전라남도,목포시,자유로104번길 35,34.7903686,126.4016491
만호동주민센터,전라남도,목포시,수강로12번길 24,34.7873521,126.387188
유달동행정복지센터,전라남도,목포시,유동로 19,34.7834833,126.3803
죽교동행정복지센터,전라남도,목포시,북항로81번길 6,34.7998503,126.3751139
북항동행정복지센터,전라남도,목포시,고하대로 655,34.807008,126.369513
용해동행정복지센터,전라남도,목포시,용당로 335,34.8165495,126.3993621
이로동주민센터,전라남도,목포시,백년대로 189,34.799167,126.409813
상동행정복지센터,전라남도,목포시,상리로1번길 32,34.813824,126.4141724
하당동행정복지센터,전라남도,목포시,하당로 215,34.8085998,126.4200844
신흥동행정복지센터,전라남도,목포시,하당로 66,34.7988344,126.4188348
삼향동주민센터,전라남도,목포시,영산로 743,34.8304552,126.4178966
옥암동주민센터,전라남도,목포시,삼향천로 118,34.8101498,126.4298585
부흥동행정복지센터,전라남도,목포시,삼향천로 28,34.8043397,126.4345054
부주동행정복지센터,전라남도,목포시,남악1로52번가길 2,34.8104226,126.4475495
돌산읍사무소,전라남도,여수시,돌산읍 돌산로 1253-6,34.617293,127.7218877
소라면사무소,전라남도,여수시,소라면 덕양로 389,34.792717,127.632525
율촌면사무소,전라남도,여수시,율촌면 동산개길 8,34.8819807,127.578587
화양면사무소,전라남도,여수시,화양면 나진길 16-10,34.70815,127.6135373
남면사무소,전라남도,여수시,남면 내외진길 10,34.5094392,127.7665777
화정면사무소,전라남도,여수시,화정면 백야3길 8-11,34.6210098,127.6393871
삼산면사무소,전라남도,여수시,삼산면 거문길 28-10,34.0256802,127.3119567
동문동주민센터,전라남도,여수시,관문1길 19,34.7419477,127.7428619
한려동주민센터,전라남도,여수시,수정2길 9,34.7449807,127.7473364
중앙동주민센터,전라남도,여수시,중앙로 99,34.7388985,127.7381415
충무동주민센터,전라남도,여수시,연등1길 26,34.7488215,127.7288255
광림동주민센터,전라남도,여수시,광무3길 38-5,34.7475633,127.7271257
서강동주민센터,전라남도,여수시,서교1길 28,34.741151,127.725888
대교동주민센터,전라남도,여수시,봉산남2길 7-7,34.7355815,127.7212891
국동주민센터,전라남도,여수시,국동남5길 22,34.7299655,127.7192519
월호동주민센터,전라남도,여수시,신월로 598,34.7261904,127.7118346
여서동주민센터,전라남도,여수시,여서동5길 17,34.750726,127.708854
문수동행정복지센터,전라남도,여수시,여문1로 71,34.7545602,127.7027285
미평동행정복지센터,전라남도,여수시,미평3길 42,34.768942,127.704363
둔덕동주민센터,전라남도,여수시,좌수영로 509,34.7693567,127.694557
만덕동주민센터,전라남도,여수시,덕충안길 95,34.7536747,127.7465719
쌍봉동주민센터,전라남도,여수시,흥국로 25,34.7634851,127.6654686
시전동주민센터,전라남도,여수시,시전6길 16,34.7605145,127.673767
여천동주민센터,전라남도,여수시,무선로 190,34.7774918,127.6524346
주삼동주민센터,전라남도,여수시,여수산단로 35,34.7875902,127.6630307
삼일동주민센터,전라남도,여수시,상암3길 13,34.8251781,127.7312484
묘도동주민센터,전라남도,여수시,묘도1길 67,34.8746811,127.7095491
승주읍행정복지센터,전라남도,순천시,승주읍 승주로 731,35.01445,127.389813
주암면행정복지센터,전라남도,순천시,주암면 동주로 2047,35.076875,127.235063
송광면행정복지센터,전라남도,순천시,송광면 쌍향수길 1338,34.9741039,127.2638634
외서면행정복지센터,전라남도,순천시,외서면 쌍향수길 440,34.913782,127.2774
낙안면행정복지센터,전라남도,순천시,낙안면 민속마을길 1690,34.9080329,127.3462475
별량면행정복지센터,전라남도,순천시,별량면 별량장길 25,34.8743684,127.4518358
상사면행정복지센터,전라남도,순천시,상사면 상사호길 330,34.9391316,127.455151
해룡면행정복지센터,전라남도,순천시,해룡면 해룡로 1128-10,34.9137581,127.5377017
서면행정복지센터,전라남도,순천시,서면 임촌동길 94,34.9947137,127.4883358
황전면행정복지센터,전라남도,순천시,황전면 백야중길 12,35.1014153,127.4268823
월등면행정복지센터,전라남도,순천시,월등면 월등로 571,35.0934154,127.3805375
향동행정복지센터,전라남도,순천시,임청대길 1,34.95276,127.479113
매곡동행정복지센터,전라남도,순천시,북정2길 63,34.9639673,127.4827827
삼산동행정복지센터,전라남도,순천시,삼산로 3,34.9708748,127.4837928
조곡동행정복지센터,전라남도,순천시,자경1길 13,34.9500639,127.4987474
덕연동행정복지센터,전라남도,순천시,덕연로 41,34.9483331,127.5107622
풍덕동행정복지센터,전라남도,순천시,풍덕1길 40,34.94186,127.497313
남제동행정복지센터,전라남도,순천시,남정5길 1,34.941385,127.487912
저전동행정복지센터,전라남도,순천시,청사1길 43,34.9480778,127.4840559
장천동행정복지센터,전라남도,순천시,중앙로 22,34.9484778,127.4867556
중앙동행정복지센터,전라남도,순천시,강남로 128,34.9560018,127.4864055
도사동행정복지센터,전라남도,순천시,순천만길 27,34.925316,127.4936588
왕조1동행정복지센터,전라남도,순천시,조례신대길 6,34.9622577,127.5207517
왕조2동행정복지센터,전라남도,순천시,왕궁길 50,34.9552944,127.5323887
남평읍행정복지센터,전라남도,나주시,남평읍 남평2로 42-7,35.0464249,126.8431643
세지면행정복지센터,전라남도,나주시,세지면 동창로 130-12,34.919751,126.7495
왕곡면행정복지센터,전라남도,나주시,왕곡면 터진목길 10,34.968178,126.6697945
반남면행정복지센터,전라남도,나주시,반남면 자미로 6,34.903807,126.651713
공산면행정복지센터,전라남도,나주시,공산면 공산로 128-4,34.943335,126.608125
동강면행정복지센터,전라남도,나주시,동강면 인동길 28,34.9393784,126.5636022
다시면행정복지센터,전라남도,나주시,다시면 다시로 175-24,35.0189457,126.6370338
문평면행정복지센터,전라남도,나주시,문평면 체암로 302,35.0554468,126.6039147
노안면행정복지센터,전라남도,나주시,노안면 금산로 14,35.075925,126.7322
금천면행정복지센터,전라남도,나주시,금천면 금영로 934,35.0308514,126.7534808
산포면행정복지센터,전라남도,나주시,산포면 산포로 468-15,35.0400956,126.8057299
다도면행정복지센터,전라남도,나주시,다도면 다도로 759,34.9469585,126.8272802
봉황면행정복지센터,전라남도,나주시,봉황면 봉황로 753,34.9582813,126.7842464
송월동행정복지센터,전라남도,나주시,송월4길 7,35.0171778,126.7170693
영강동행정복지센터,전라남도,나주시,삼영1길 8,35.0040572,126.7069526
금남동행정복지센터,전라남도,나주시,금성관길 17,35.0324937,126.7157038
성북동행정복지센터,전라남도,나주시,성북2길 6,35.0349929,126.7193818
영산동행정복지센터,전라남도,나주시,예향로 3872,34.999726,126.713975
이창동행정복지센터,전라남도,나주시,영산포로 182-7,34.997635,126.710525
빛가람동행정복지센터,전라남도,나주시,빛가람로 719,35.0218797,126.7901932
광양읍사무소,전라남도,광양시,광양읍 남등길 6,34.9734096,127.58105
봉강면사무소,전라남도,광양시,봉강면 조양길 46,35.011492,127.581188
옥룡면사무소,전라남도,광양시,옥룡면 신재로 624,35.0169293,127.6192289
옥곡면사무소,전라남도,광양시,옥곡면 옥진로 656,34.989526,127.698888
진상면사무소,전라남도,광양시,진상면 신시길 227,35.0199884,127.7196684
진월면사무소,전라남도,광양시,진월면 선소중앙길 31,34.9784011,127.7580982
다압면사무소,전라남도,광양시,다압면 섬진강매화로 2143,35.1233046,127.6911503
골약동주민센터,전라남도,광양시,성황6길 15,34.9373714,127.6791674
중마동주민센터,전라남도,광양시,중마중앙로 119,34.9410195,127.6976665
광영동주민센터,전라남도,광양시,새미골길 15,34.9630003,127.7252497
태인동주민센터,전라남도,광양시,담안2길 16-15,34.9434782,127.749676
금호동주민센터,전라남도,광양시,희망길 50,34.9377032,127.7231846
담양읍사무소,전라남도,담양군,담양읍 중앙로 83,35.3204731,126.9818562
봉산면사무소,전라남도,담양군,봉산면 신학길 30-5,35.2762083,126.956875
고서면사무소,전라남도,담양군,고서면 가사문학로 325,35.2235819,126.9731108
가사문학면사무소,전라남도,담양군,가사문학면 가사문학로 1131,35.1774503,127.0278602
창평면사무소,전라남도,담양군,창평면 돌담길 9,35.2389014,127.0190173
대덕면사무소,전라남도,대덕면,창평현로 915,35.249249,127.036631
무정면사무소,전라남도,담양군,무정면 술지1길 5-12,35.294908,127.030038
금성면사무소,전라남도,담양군,금성면 석현길 11,35.343374,127.0255
용면사무소,전라남도,담양군,용면 추월산로 369,35.3646519,126.9872046
월산면사무소,전라남도,담양군,월산면 도개길 15-52,35.3402237,126.9547375
수북면사무소,전라남도,담양군,수북면 추성1로 705,35.301783,126.9287
대전면사무소,전라남도,담양군,대전면 대치8길 21-5,35.274958,126.887913
곡성읍행정복지센터,전라남도,곡성군,곡성읍 중앙로 131,35.2821336,127.2964025
오곡면사무소,전라남도,곡성군,오곡면 기차마을로 155,35.27235,127.313913
삼기면사무소,전라남도,곡성군,삼기면 곡순로 1430,35.2360096,127.2117125
석곡면행정복지센터,전라남도,곡성군,석곡면 석곡로 70,35.1329455,127.2541064
목사동면사무소,전라남도,곡성군,목사동면 주목로 759,35.1207698,127.2999188
죽곡면사무소,전라남도,곡성군,죽곡면 오죽로 17,35.151215,127.319238
고달면사무소,전라남도,곡성군,고달면 목동1길 1,35.295625,127.341388
옥과면행정복지센터,전라남도,곡성군,옥과면 천변로 135,35.27375,127.135625
입면사무소,전라남도,곡성군,입면 입면로 697,35.297105,127.2041358
겸면사무소,전라남도,곡성군,겸면 곡순로 1860,35.255608,127.1725
오산면사무소,전라남도,곡성군,오산면 오산로 606,35.237951,127.12155
구례읍사무소,전라남도,구례군,봉성로 73-9,35.2092113,127.4637622
문척면사무소,전라남도,구례군,문척면 수달생태로 268-12,35.1917846,127.489075
간전면사무소,전라남도,구례군,간전면 안음길 7,35.1782185,127.5437694
토지면사무소,전라남도,구례군,토지면 섬진강대로 5040,35.1978406,127.526233
마산면사무소,전라남도,구례군,마산면 화엄사로 150,35.22311,127.487488
광의면사무소,전라남도,구례군,광의면 구만제로 341,35.260208,127.439925
용방면사무소,전라남도,구례군,용방면 하용길 5,35.2504485,127.4304782
산동면사무소,전라남도,구례군,산동면 원촌길 114,35.315858,127.439375
고흥읍사무소,전라남도,고흥군,고흥읍 터미널길 11,34.606287,127.280653
도양읍사무소,전라남도,고흥군,도양읍 녹동남촌2길 14,34.5295021,127.1385568
풍양면사무소,전라남도,고흥군,풍양면 풍양로 5,34.5755253,127.2420116
도덕면사무소,전라남도,고흥군,도덕면 고흥로 499,34.5667263,127.177932
금산면사무소,전라남도,고흥군,금산면 거금중앙길 84,34.4591431,127.1251178
도화면사무소,전라남도,고흥군,도화면 오치길 37,34.5101492,127.3172381
포두면사무소,전라남도,고흥군,포두면 우주로 597,34.571533,127.34055
봉래면사무소,전라남도,고흥군,봉래면 나로도항길 16,34.4637278,127.4590323
동일면사무소,전라남도,고흥군,동일면 양화길 8,34.5024211,127.4669437
점암면사무소,전라남도,고흥군,점암면 모룡길 48,34.65308,127.380028
영남면사무소,전라남도,고흥군,영남면 해맞이로 10,34.602015,127.45595
과역면사무소,전라남도,고흥군,과역면 송학큰길 52,34.681266,127.3598822
남양면사무소,전라남도,고흥군,남양면 남양희망길 19,34.7289214,127.339812
동강면사무소,전라남도,고흥군,동강면 서민호길 9,34.779392,127.333963
대서면사무소,전라남도,고흥군,대서면 동서로 464,34.7710904,127.2839754
두원면사무소,전라남도,고흥군,두원면 두원로 480-1,34.646568,127.2736582
보성읍행정복지센터,전라남도,보성군,보성읍 신흥길 17,34.7685044,127.0801849
벌교읍행정복지센터,전라남도,보성군,벌교읍 채동선로 293,34.8471794,127.3416545
노동면사무소,전라남도,보성군,노동면 화전길 1,34.7992404,127.0676242
미력면사무소,전라남도,보성군,미력면 송재로 599,34.8010036,127.0875468
겸백면사무소,전라남도,보성군,겸백면 충의로 2476,34.8294592,127.1518275
율어면사무소,전라남도,보성군,율어면 율어로 562,34.8706205,127.1869641
문덕면사무소,전라남도,보성군,문덕면 장운길 40,34.92931,127.172462
복내면행정복지센터,전라남도,보성군,복내면 개기로 1670,34.893007,127.131275
조성면행정복지센터,전라남도,보성군,조성면 조성로 119,34.8084771,127.2476116
득량면행정복지센터,전라남도,보성군,득량면 역전길 13,34.7622152,127.1687734
회천면행정복지센터,전라남도,보성군,회천면 남부관광로 2295,34.668785,127.0854
웅치면사무소,전라남도,보성군,웅치면 일림로 1001,34.7160593,127.0201949
화순읍행정복지센터,전라남도,화순군,화순읍 중앙로 20-4,35.05995,126.9845875
한천면사무소,전라남도,화순군,한천면 죽헌로 265,34.9778989,126.9987383
춘양면사무소,전라남도,화순군,춘양면 돌정3길 12,34.9506882,126.9600476
청풍면사무소,전라남도,화순군,청풍면 평지촌길 40,34.8763944,126.9703061
이양면사무소,전라남도,화순군,이양면 이양로 91,34.8879324,126.9882985
능주면사무소,전라남도,화순군,능주면 죽수길 73,34.9897801,126.9581002
도곡면사무소,전라남도,화순군,도곡면 효자2길 71,34.9968816,126.9142451
도암면사무소,전라남도,화순군,도암면 권동길 4-2,34.9378025,126.8968113
이서면사무소,전라남도,화순군,이서면 적벽로 845,35.1105055,127.0717076
벡아면사무소,전라남도,화순군,백아면 학천길 26,35.1681505,127.1323149
동복면사무소,전라남도,화순군,동복면 석등길 11,35.0711999,127.1291514
사평면사무소,전라남도,화순군,사평면 사호로 229,35.0073052,127.095865
동면사무소,전라남도,화순군,동면 충의로 751,35.0298417,127.038825
장흥읍행정복지센터,전라남도,장흥군,장흥읍 칠거리예양로 83,34.6797613,126.9026432
관산읍행정복지센터,전라남도,장흥군,관산읍 관산로 71,34.5616043,126.9389041
대덕읍행정복지센터,전라남도,장흥군,대덕읍 대대로 929,34.4994489,126.8882284
용산면행정복지센터,전라남도,장흥군,용산면 장흥대로 2467,34.614924,126.914025
안양면행정복지센터,전라남도,장흥군,안양면 안양로 135-8,34.6503403,126.9739518
장동면행정복지센터,전라남도,장흥군,장동면 신북1길 35,34.7498839,126.9953817
장평면행정복지센터,전라남도,장흥군,장평면 장평중앙길 42,34.773675,126.9748
유치면행정복지센터,전라남도,장흥군,유치면 유치로 22,34.8026924,126.8385869
부산면행정복지센터,전라남도,장흥군,부산면 내안구룡길 380,34.7205416,126.9025163
회진면행정복지센터,전라남도,장흥군,회진면 회진중앙길 12,34.4815479,126.9395573
강진읍사무소,전라남도,강진군,강진읍 초지길 21,34.6357995,126.7735557
군동면사무소,전라남도,강진군,군동면 진흥로 315,34.6448771,126.8150887
대구면사무소,전라남도,강진군,대구면 수동길 18,34.4954358,126.8008437
도암면사무소,전라남도,강진군,도암면 도암중앙로 73,34.5463528,126.7277118
마량면사무소,전라남도,강진군,마량면 마량8길 20,34.450833,126.819305
병영면사무소,전라남도,강진군,병영면 성남하고길 22,34.7172141,126.8125815
성전면사무소,전라남도,강진군,성전면 예향로 16,34.6926951,126.7090975
신전면사무소,전라남도,강진군,신전면 신전중앙길 21,34.5135487,126.7200508
옴천면사무소,전라남도,강진군,옴천면 개산중앙길 22,34.7450562,126.7944132
작천면사무소,전라남도,강진군,작천면 평리3길 2,34.7042279,126.7713914
칠량면사무소,전라남도,강진군,칠량면 칠량로 67,34.572733,126.799213
해남읍사무소,전라남도,해남군,해남읍 남부순환로 114,34.5652148,126.5991859
삼산면사무소,전라남도,해남군,삼산면 신기큰길 7,34.520825,126.609988
화산면사무소,전라남도,해남군,화산면 송평로 27,34.4885265,126.5143608
현산면사무소,전라남도,해남군,현산면 현산북평로 86,34.459926,126.553525
송지면사무소,전라남도,해남군,송지면 산정1길 96,34.3696721,126.5192
북평면사무소,전라남도,해남군,북평면 달량진길 8,34.4083289,126.6256121
북일면사무소,전라남도,해남군,북일면 장고봉로 5,34.464275,126.676765
옥천면사무소,전라남도,해남군,옥천면 해강로 5,34.5675,126.64785
계곡면사무소,전라남도,해남군,계곡면 해남로 1442,34.645132,126.659563
마산면사무소,전라남도,해남군,마산면 마산로 445,34.621615,126.568163
황산면사무소,전라남도,해남군,황산면 시등로 70,34.5769748,126.4363578
산이면사무소,전라남도,해남군,산이면 초두길 6,34.6450827,126.4477202
문내면사무소,전라남도,해남군,문내면 동영길 10,34.5970535,126.3141326
화원면사무소,전라남도,해남군,화원면 금평길 32,34.6708751,126.3276839
영암읍사무소,전라남도,영암군,영암읍 낭주로 133,34.799739,126.7013456
삼호읍행정복지센터,전라남도,영암군,삼호읍 중앙촌길 32,34.746009,126.4691688
덕진면사무소,전라남도,영암군,덕진면 예향로 1731,34.8188476,126.69704
금정면사무소,전라남도,영암군,금정면 용두로 14,34.8631242,126.7489896
신북면사무소,전라남도,영암군,신북면 간은정로 29,34.8902458,126.6925942
시종면사무소,전라남도,영암군,시종면 내동중앙로 41,34.8685963,126.6070278
도포면사무소,전라남도,영암군,도포면 호산로 43,34.8451907,126.6436625
군서면사무소,전라남도,영암군,군서면 왕인로 762,34.7798991,126.6510259
서호면사무소,전라남도,영암군,서호면 서호로 303,34.754992,126.584963
학산면사무소,전라남도,영암군,학산면 독천로 193-1,34.726205,126.5701348
미암면사무소,전라남도,영암군,미암면 미중로 39,34.6992679,126.5717875
무안읍사무소,전라남도,무안군,무안읍 성내1길 2,34.9905385,126.4762997
일로읍사무소,전라남도,무안군,일로읍 일로중앙로 37,34.8514376,126.4902893
삼향읍사무소,전라남도,무안군,삼향읍 신기길 20,34.8230754,126.4415757
몽탄면사무소,전라남도,무안군,몽탄면 몽탄로 862,34.930801,126.502075
청계면사무소,전라남도,무안군,청계면 영산로 1701-8,34.9110087,126.4289038
현경면사무소,전라남도,무안군,현경면 현해로 84,35.0214249,126.4119676
망운면사무소,전라남도,무안군,망운면 운해로 1436-10,35.0129675,126.3945444
해제면사무소,전라남도,무안군,해제면 현해로 1693,35.110449,126.294513
운남면사무소,전라남도,무안군,운남면 운해로 607,34.9622151,126.343238
함평읍사무소,전라남도,함평군,함평읍 중앙길 132,35.0654,126.520263
손불면사무소,전라남도,함평군,손불면 손불중앙길 76-9,35.1432282,126.4317627
신광면사무소,전라남도,함평군,신광면 신광중앙길 98,35.1527693,126.4961622
학교면사무소,전라남도,함평군,학교면 학다리길 330,35.0169526,126.5375183
엄다면사무소,전라남도,함평군,엄다면 엄다길 53,35.0103615,126.5158705
대동면사무소,전라남도,함평군,대동면 대동길 5-10,35.0689154,126.5313014
나산면사무소,전라남도,함평군,나산면 나산길 108,35.1138754,126.6091091
해보면사무소,전라남도,함평군,해보면 밀재로 1264-7,35.1801273,126.6015484
월야면사무소,전라남도,함평군,월야면 전하길 65,35.1800611,126.6322803
영광읍사무소,전라남도,영광군,영광읍 중앙로3길 10,35.2732287,126.5128166
백수읍사무소,전라남도,영광군,백수읍 백수로10길 10,35.2816954,126.4201047
홍농읍사무소,전라남도,영광군,홍농읍 상하길 43,35.395774,126.44535
대마면사무소,전라남도,영광군,대마면 영장로 241,35.3014522,126.5775075
묘량면사무소,전라남도,영광군,묘량면 묘량로 273,35.257092,126.54315
불갑면사무소,전라남도,영광군,불갑면 함영로4길 32,35.2089885,126.5076039
군서면사무소,전라남도,영광군,군서면 군서로2길 64,35.257833,126.4751
군남면사무소,전라남도,영광군,군남면 포천길 32,35.2398056,126.4498748
염산면사무소,전라남도,영광군,염산면 천년로1길 1-3,35.2180367,126.3714682
법성면사무소,전라남도,영광군,법성면 진굴비길 68-1,35.362057,126.445988
낙월면사무소,전라남도,영광군,낙월면 낙월길 64,35.2021822,126.1376215
장성읍행정복지센터,전라남도,장성군,장성읍 영천로 211,35.3031917,126.785275
진원면행정복지센터,전라남도,장성군,진원면 노사로 495,35.27315,126.8334625
남면행정복지센터,전라남도,장성군,남면 못재로 85,35.2443096,126.8121375
동화면행정복지센터,전라남도,장성군,동화면 삼동로 721,35.284275,126.73885
삼서면행정복지센터,전라남도,장성군,삼서면 해삼로 1131,35.232176,126.646388
삼계면행정복지센터,전라남도,장성군,삼계면 영장로 1585,35.2577909,126.6618721
황룡면행정복지센터,전라남도,장성군,황룡면 신월산2길 20,35.2889012,126.7730091
서삼면행정복지센터,전라남도,장성군,서삼면 축령로 370,35.3341283,126.7671655
북일면행정복지센터,전라남도,장성군,북일면 북부1길 2,35.37474,126.807363
북이면행정복지센터,전라남도,장성군,북이면 사남북길 38,35.4292283,126.8081789
북하면행정복지센터,전라남도,장성군,북하면 약수2길 2,35.4073737,126.8796
완도읍사무소,전라남도,완도군,완도읍 개포로62번길 9,34.3167311,126.7455253
금일읍사무소,전라남도,완도군,금일읍 금일로 394,34.3489074,127.0295208
노화읍사무소,전라남도,완도군,노화읍 노화로 813,34.1778706,126.5757598
군외면사무소,전라남도,완도군,군외면 청해진서로 2148,34.3893939,126.6474247
신지면사무소,전라남도,완도군,신지면 한들길 11,34.3348633,126.8272854
고금면사무소,전라남도,완도군,고금면 농상도남길 24,34.3949315,126.8043208
약산면사무소,전라남도,완도군,약산면 약산로 367,34.3936081,126.898137
청산면사무소,전라남도,완도군,청산면 도청4길 19-3,34.1799008,126.8589715
소안면사무소,전라남도,완도군,소안면 비자2길 38-3,34.174835,126.650988
금당면사무소,전라남도,완도군,금당면 금당로 50-1,34.4299013,127.071175
보길면사무소,전라남도,완도군,보길면 청별길 26-1,34.1691382,126.5675831
생일면사무소,전라남도,완도군,생일면 생일로 582,34.333125,126.99755
진도읍행정복지센터,전라남도,진도군,진도읍 남동1길 46,34.480813,126.2630177
군내면사무소,전라남도,진도군,군내면 가흥로 643,34.512517,126.291988
고군면사무소,전라남도,진도군,고군면 지수길 44-6,34.4905206,126.3430118
의신면사무소,전라남도,진도군,의신면 돈지1길 56-5,34.43926,126.28345
임회면사무소,전라남도,진도군,임회면 석교길 48,34.4061122,126.1899531
지산면사무소,전라남도,진도군,지산면 지산민속로 9,34.4256515,126.1672423
조도면사무소,전라남도,진도군,조도면 창리길 49,34.2966666,126.0471008
지도읍사무소,전라남도,신안군,지도읍 읍내길 67-5,35.0612496,126.2075859
압해읍사무소,전라남도,신안군,압해읍 압해로 876-22,34.8663701,126.3126876
증도면사무소,전라남도,신안군,증도면 문준경길 188,35.0028313,126.1396938
임자면사무소,전라남도,신안군,임자면 임자로 87-63,35.0841533,126.1111695
자은면사무소,전라남도,신안군,자은면 구영1길 8,34.883725,126.0476139
비금면사무소,전라남도,신안군,비금면 읍동길 29-6,34.755483,125.926625
도초면사무소,전라남도,신안군,도초면 서남문로 1515-22,34.703635,125.953438
흑산면사무소,전라남도,신안군,흑산면 진마을길 11,34.6829792,125.4273709
하의면사무소,전라남도,신안군,하의면 곰실길 12,34.6068178,126.0365754
신의면사무소,전라남도,신안군,신의면 신의로 661,34.5848539,126.088421
장산면사무소,전라남도,신안군,장산면 장산중앙길 2,34.6429,126.149125
안좌면사무소,전라남도,신안군,안좌면 중부로 872,34.7560853,126.1246439
팔금면사무소,전라남도,신안군,팔금면 삼층석탑길 161,34.7851151,126.1424737
암태면사무소,전라남도,신안군,암태면 장단고길 7-53,34.827208,126.112188
구룡포읍행정복지센터,경상북도,포항시,남구 구룡포읍 호미로 133,35.9851252,129.5461489
연일읍행정복지센터,경상북도,포항시,남구 연일읍 철강로 10,35.991618,129.3441
오천읍행정복지센터,경상북도,포항시,남구 오천읍 세계길 5,35.9624016,129.4146427
대송면행정복지센터,경상북도,포항시,남구 대송면 장동홍계길 19,35.968501,129.359925
동해면행정복지센터,경상북도,포항시,남구 동해면 일월로 66,35.9884726,129.4401691
장기면행정복지센터,경상북도,포항시,남구 장기면 읍내길 99,35.8957657,129.49229
호미곶면행정복지센터,경상북도,포항시,남구 호미곶면 해맞이로 242,36.0808541,129.5555306
상대동행정복지센터,경상북도,포항시,남구 상대로 98,36.0140192,129.3569633
해도동행정복지센터,경상북도,포항시,남구 상공로 235,36.0232746,129.3714395
송도동행정복지센터,경상북도,포항시,남구 송림로 25,36.0360763,129.3785521
청림동행정복지센터,경상북도,포항시,남구 신항로 10,35.9973642,129.4056856
제철동행정복지센터,경상북도,포항시,남구 인덕로 79,35.992318,129.397125
효곡동행정복지센터,경상북도,포항시,남구 효자동길 30,36.0103335,129.3294116
대이동행정복지센터,경상북도,포항시,남구 대이로 17,36.0172502,129.3429899
흥해읍행정복지센터,경상북도,포항시,북구 흥해읍 동해대로 1511,36.107199,129.341663
신광면행정복지센터,경상북도,포항시,북구 신광면 토성길37번길 13,36.1301355,129.2629066
청하면행정복지센터,경상북도,포항시,북구 청하면 청하로217번길 22,36.1995703,129.3378855
송라면행정복지센터,경상북도,포항시,북구 송라면 보경로 56,36.2288341,129.3569449
기계면행정복지센터,경상북도,포항시,북구 기계면 근면길 14,36.072433,129.21025
죽장면행정복지센터,경상북도,포항시,북구 죽장면 새마을로 3610,36.160182,129.095775
기북면행정복지센터,경상북도,포항시,북구 기북면 기북로 443,36.128582,129.16635
중앙동행정복지센터,경상북도,포항시,북구 학산로 54,36.0493963,129.368524
양학동행정복지센터,경상북도,포항시,북구 양학로17번길 4,36.025292,129.35035
죽도동행정복지센터,경상북도,포항시,북구 죽도로40번길 28,36.0312323,129.3631924
용흥동행정복지센터,경상북도,포항시,북구 새마을로 20,36.038331,129.3576629
우창동행정복지센터,경상북도,포항시,북구 우창동로 24,36.0546798,129.3617193
두호동행정복지센터,경상북도,포항시,북구 삼호로 260,36.06092,129.3800726
장량동행정복지센터,경상북도,포항시,북구 장량로 50,36.0819654,129.3859196
환여동행정복지센터,경상북도,포항시,북구 삼호로 400,36.0682046,129.3917767
감포읍행정복지센터,경상북도,경주시,감포읍 감포로8길 14-8,35.8074109,129.5016436
안강읍행정복지센터,경상북도,경주시,안강읍 비화원로 47,35.990128,129.2270258
건천읍행정복지센터,경상북도,경주시,건천읍 내서로 1106,35.8499328,129.1019346
외동읍행정복지센터,경상북도,경주시,외동읍 읍청사로 25,35.7175474,129.327637
문무대왕면행정복지센터,경상북도,경주시,문무대왕면 어일중앙길 24,35.791133,129.443125
양남면행정복지센터,경상북도,경주시,양남면 다래길 8,35.6778108,129.4603262
내남면행정복지센터,경상북도,경주시,내남면 이조중앙길 31,35.7524042,129.2001359
산내면행정복지센터,경상북도,경주시,산내면 문복로 1822,35.7557456,129.0443956
서면행정복지센터,경상북도,경주시,서면 내서로 458,35.8913424,129.0525474
현곡면행정복지센터,경상북도,경주시,현곡면 금장2길 12,35.8664403,129.2023949
강동면행정복지센터,경상북도,경주시,강동면 강동로 19,35.987785,129.273313
천북면행정복지센터,경상북도,경주시,천북면 천북로 383,35.8953299,129.2711256
중부동행정복지센터,경상북도,경주시,원효로 50,35.8420342,129.2062327
황오동행정복지센터,경상북도,경주시,북성로 130,35.84694,129.216013
성건동행정복지센터,경상북도,경주시,금성로 370,35.850824,129.20735
황남동행정복지센터,경상북도,경주시,첨성로 47,35.8335506,129.2075032
선도동행정복지센터,경상북도,경주시,태종로 416,35.8436313,129.1748665
월성동행정복지센터,경상북도,경주시,원화로 177,35.83654,129.219575
용강동행정복지센터,경상북도,경주시,토용길 20,35.864257,129.223187
황성동행정복지센터,경상북도,경주시,갓뒤동녘길 37,35.8722285,129.219185
동천동행정복지센터,경상북도,경주시,대안길 45,35.8541722,129.2226219
불국동행정복지센터,경상북도,경주시,산업로 3008,35.775264,129.3006248
보덕동행정복지센터,경상북도,경주시,경감로 593,35.834699,129.28745
아포읍행정복지센터,경상북도,김천시,아포읍 국사길 63,36.1598889,128.253401
농소면행정복지센터,경상북도,김천시,농소면 농남로 42,36.1060922,128.1723227
남면행정복지센터,경상북도,김천시,남면 옥산길 44,36.1079173,128.189496
개령면행정복지센터,경상북도,김천시,개령면 동부길59-14,36.1676998,128.1861813
감문면행정복지센터,경상북도,김천시,감문면 감문로 1055,36.2142223,128.1810064
어모면행정복지센터,경상북도,김천시,어모면 어모로 279,36.1805798,128.1187498
봉산면행정복지센터,경상북도,김천시,봉산면 예지송정길 11,36.1414787,128.0602698
대항면행정복지센터,경상북도,김천시,대항면 황악로 1563,36.1244378,128.0221239
감천면행정복지센터,경상북도,김천시,감천면 금감로 1552,36.0659251,128.1255005
조마면행정복지센터,경상북도,김천시,조마면 강곡1길 32,36.03495,128.099025
구성면행정복지센터,경상북도,김천시,구성면 상좌원1길 16,36.0327241,128.0474332
지례면행정복지센터,경상북도,김천시,지례면 상부길 101,35.984793,128.02665
부항면행정복지센터,경상북도,김천시,부항면 부항로 834,35.990228,127.955109
대덕면행정복지센터,경상북도,김천시,대덕면 남김천대로 721,35.9179469,127.9686561
증산면행정복지센터,경상북도,김천시,증산면 증산로 945-7,35.9019768,128.0352033
자산동행정복지센터,경상북도,김천시,용암로 27,36.1222487,128.127875
평화남산동행정복지센터,경상북도,김천시,평화순환길 291,36.1205621,128.1162617
양금동행정복지센터,경상북도,김천시,강변로 178,36.110466,128.1233942
대신동행정복지센터,경상북도,김천시,신양1길 22,36.1353069,128.1158592
대곡동행정복지센터,경상북도,김천시,부곡길 2,36.1244724,128.0892426
지좌동행정복지센터,경상북도,김천시,영남대로 1940,36.120007,128.1423343
율곡동행정복지센터,경상북도,김천시,혁신4로 21,36.1213716,128.1837472
풍산읍행정복지센터,경상북도,안동시,풍산읍 풍산중앙길 99,36.580125,128.572025
와룡면행정복지센터,경상북도,안동시,와룡면 퇴계로 823,36.61644,128.766413
북후면행정복지센터,경상북도,안동시,북후면 북평로 877,36.6850376,128.7022829
서후면행정복지센터,경상북도,안동시,서후면 서후중앙길 20,36.6169571,128.66385
풍천면행정복지센터,경상북도,안동시,풍천면 지풍로 1471,36.5561917,128.506525
일직면행정복지센터,경상북도,안동시,일직면 중앙통길 12,36.475301,128.659562
남후면행정복지센터,경상북도,안동시,남후면 남일로 1465-9,36.5236437,128.6899618
남선면행정복지센터,경상북도,안동시,남선면 충효로 3866,36.526192,128.769837
임하면행정복지센터,경상북도,안동시,임하면 충효로 3254,36.5247368,128.8310079
길안면행정복지센터,경상북도,안동시,길안면 길안청송로 3,36.4559559,128.8943801
임동면행정복지센터,경상북도,안동시,임동면 편항1길 11,36.5688502,128.9175764
예안면행정복지센터,경상북도,안동시,예안면 임예로 1918,36.6612822,128.8851267
도산면행정복지센터,경상북도,안동시,도산면 퇴계로 2580,36.7451538,128.8338223
녹전면행정복지센터,경상북도,안동시,녹전면 녹전로 713,36.7428429,128.7737125
중구동행정복지센터,경상북도,안동시,서동문로 238,36.564776,128.7376925
명륜동행정복지센터,경상북도,안동시,퇴계로 221,36.5767071,128.7330018
용상동행정복지센터,경상북도,안동시,전거리1길 93,36.55915,128.749587
서구동행정복지센터,경상북도,안동시,안기천로 78,36.5643392,128.7174877
태화동행정복지센터,경상북도,안동시,태화중앙로 100,36.5611262,128.7139328
평화동행정복지센터,경상북도,안동시,평화3길 5,36.5691268,128.7131293
안기동행정복지센터,경상북도,안동시,제비원로 355,36.5829861,128.7142953
옥동행정복지센터,경상북도,안동시,옥동3길 27,36.5614968,128.7017555
송하동행정복지센터,경상북도,안동시,송하1길 60,36.5703591,128.6942669
강남동행정복지센터,경상북도,안동시,강남5길 185,36.5486899,128.7271351
선산읍행정복지센터,경상북도,구미시,선산읍 선산중앙로 71-1,36.242976,128.298975
고아읍행정복지센터,경상북도,구미시,고아읍 선산대로 980,36.2109468,128.3283922
산동읍행정복지센터,경상북도,구미시,산동읍 강동로 1038-5,36.1696763,128.43415
무을면행정복지센터,경상북도,구미시,무을면 상무로 981,36.2607667,128.1974625
옥성면행정복지센터,경상북도,구미시,옥성면 주아령로 415,36.295783,128.278775
도개면행정복지센터,경상북도,구미시,도개면 도안로 103,36.299558,128.330813
해평면행정복지센터,경상북도,구미시,해평면 강동로 1672,36.199835,128.391288
장천면행정복지센터,경상북도,구미시,장천면 강동로 184,36.125907,128.4951
송정동주민센터,경상북도,구미시,송원동로 10,36.1185139,128.3471819
원평동주민센터,경상북도,구미시,구미중앙로25길 20,36.127033,128.3400005
지산동주민센터,경상북도,구미시,선산대로 105,36.1394321,128.3458125
도량동주민센터,경상북도,구미시,문장로12길 1,36.1405404,128.332575
선주원남동주민센터,경상북도,구미시,봉곡로 42,36.1425904,128.3102
형곡1동주민센터,경상북도,구미시,경은로 52,36.114007,128.334438
형곡2동주민센터,경상북도,구미시,형곡로 180,36.1062452,128.3355323
신평1동주민센터,경상북도,구미시,칠성로 32,36.1209071,128.359275
신평2동주민센터,경상북도,구미시,신비로7길 9,36.1231654,128.3657125
비산동주민센터,경상북도,구미시,비산로 4,36.119324,128.3722
공단동주민센터,경상북도,구미시,1공단로 198-8,36.10144,128.384463
광평동주민센터,경상북도,구미시,광평길 55,36.1047125,128.3660419
상모사곡동주민센터,경상북도,구미시,박정희로188,36.0953818,128.3534996
임오동주민센터,경상북도,구미시,임은길 61,36.089282,128.369238
인동동주민센터,경상북도,구미시,인동15길 42,36.1042563,128.4291963
진미동주민센터,경상북도,구미시,이계북로 149,36.1060634,128.4186119
양포동주민센터,경상북도,구미시,산호대로35길 6,36.1369821,128.4258
풍기읍행정복지센터,경상북도,영주시,풍기읍 남원로 80,36.8671714,128.5262727
이산면행정복지센터,경상북도,영주시,이산면 이산로 201,36.8217981,128.6562063
평은면행정복지센터,경상북도,영주시,평은면 신평로 29,36.7584366,128.688515
문수면행정복지센터,경상북도,영주시,문수면 문수로1363번길 35,36.7720876,128.6305403
장수면행정복지센터,경상북도,영주시,장수면 장수로 50,36.774708,128.578688
안정면행정복지센터,경상북도,영주시,안정면 신재로 537,36.8459286,128.5566697
봉현면행정복지센터,경상북도,영주시,봉현면 오현로 27,36.861424,128.525013
순흥면행정복지센터,경상북도,영주시,순흥면 순흥로 67,36.9157914,128.5749063
단산면행정복지센터,경상북도,영주시,단산면 옥대로 36,36.951301,128.619487
부석면행정복지센터,경상북도,영주시,부석면 부석로 49,36.9788861,128.6541669
상망동행정복지센터,경상북도,영주시,광복로 87,36.8281056,128.6283305
하망동행정복지센터,경상북도,영주시,영주로280번길 21,36.8238988,128.6303515
영주1동행정복지센터,경상북도,영주시,광복로 47,36.8282527,128.6237042
영주2동행정복지센터,경상북도,영주시,선비로181번길 10,36.820814,128.6187113
휴천1동행정복지센터,경상북도,영주시,남간로 18,36.8207827,128.6263899
휴천2동행정복지센터,경상북도,영주시,대학로 22,36.8100769,128.6217626
휴천3동행정복지센터,경상북도,영주시,구성로273번길 30,36.8177771,128.6258484
가흥1동행정복지센터,경상북도,영주시,대동로13번길 9,36.8159935,128.6034571
가흥2동행정복지센터,경상북도,영주시,가흥로 357,36.8293879,128.6116978
금호읍행정복지센터,경상북도,영천시,금호읍 금호로 153,35.9333442,128.8776223
청통면행정복지센터,경상북도,영천시,청통면 금송로 978,35.9921437,128.822977
신녕면행정복지센터,경상북도,영천시,신녕면 화성중앙길 30,36.0453276,128.7897786
화산면행정복지센터,경상북도,영천시,화산면 연지길 16,36.020417,128.852338
화북면행정복지센터,경상북도,영천시,화북면 화북길 93,36.1082892,128.9193771
화남면행정복지센터,경상북도,영천시,화남면 신화로 1197,36.0590922,128.8890467
자양면행정복지센터,경상북도,영천시,자양면 포은로 1631,36.0784287,129.0183414
임고면행정복지센터,경상북도,영천시,임고면 포은로 491,36.0215,128.9737655
고경면행정복지센터,경상북도,영천시,고경면 호국로 1065-25,36.001592,129.04585
북안면행정복지센터,경상북도,영천시,북안면 운북로 1995,35.9153323,129.0091366
대창면행정복지센터,경상북도,영천시,대창면 금박로 1057-7,35.8760649,128.8946401
동부동행정복지센터,경상북도,영천시,상록4길 63(야사동),35.974518,128.942575
중앙동행정복지센터,경상북도,영천시,천문로 402-4(문내동),35.9732638,128.9298753
서부동행정복지센터,경상북도,영천시,장수로 19(화룡동),35.9637331,128.9211565
완산동행정복지센터,경상북도,영천시,완산2길 9(완산동),35.9641359,128.9468829
남부동행정복지센터,경상북도,영천시,쇠늘안길 5(도동),35.9415,128.9351674
함창읍행정복지센터,경상북도,상주시,함창읍 함창중앙로 135,36.570192,128.179438
사벌국면행정복지센터,경상북도,상주시,사벌국면 덕담1길 39,36.466368,128.208587
중동면행정복지센터,경상북도,상주시,중동면 공산로 9,36.4263263,128.2715375
낙동면행정복지센터,경상북도,상주시,낙동면 상촌1길 29,36.374982,128.248125
청리면행정복지센터,경상북도,상주시,청리면 원장1길 12,36.338624,128.130563
공성면행정복지센터,경상북도,상주시,공성면 공성중앙로 67,36.283428,128.0924754
외남면행정복지센터,경상북도,상주시,외남면 석단로 932,36.3574404,128.0894125
내서면행정복지센터,경상북도,상주시,내서면 신촌2길 8,36.4122846,128.0675678
모동면행정복지센터,경상북도,상주시,모동면 용호3길 5,36.3201456,127.9594085
모서면행정복지센터,경상북도,상주시,모서면 중화로 901,36.342465,127.96005
화동면행정복지센터,경상북도,상주시,화동면 이소1길 42-5,36.389532,127.954175
화서면행정복지센터,경상북도,상주시,화서면 화령로 45,36.4454358,127.951397
화북면행정복지센터,경상북도,상주시,화북면 문장로 1739,36.5632573,127.9172092
외서면행정복지센터,경상북도,상주시,외서면 가곡1길 2,36.479326,128.108138
은척면행정복지센터,경상북도,상주시,은척면 봉중2길 2,36.531725,128.071513
공검면행정복지센터,경상북도,상주시,공검면 비재로 1308,36.51215,128.158638
이안면행정복지센터,경상북도,상주시,이안면 양범안룡길 46,36.579433,128.1455
화남면행정복지센터,경상북도,상주시,화남면 평온동관로 3,36.448318,127.905575
남원동행정복지센터,경상북도,상주시,중앙로 132,36.4154898,128.1525784
북문동행정복지센터,경상북도,상주시,북천로 63,36.429026,128.157775
계림동행정복지센터,경상북도,상주시,냉림1길 50,36.422093,128.164288
동문동행정복지센터,경상북도,상주시,복룡2길 23,36.41741,128.169138
동성동행정복지센터,경상북도,상주시,성동새싹길 42,36.415315,128.16975
신흥동행정복지센터,경상북도,상주시,상산로 141,36.4035959,128.1599339
문경읍 행정복지센터,경상북도,문경시,문경읍 청운로 55,36.7373076,128.1070111
가은읍 행정복지센터,경상북도,문경시,가은읍 가은로 123,36.6426866,128.0620398
영순면 행정복지센터,경상북도,문경시,영순면 산남로 23,36.582083,128.235987
산양면 행정복지센터,경상북도,문경시,산양면 불암2길 8-5,36.611732,128.258675
호계면 행정복지센터,경상북도,문경시,호계면 막곡장터길 11,36.6312721,128.2058423
산북면 행정복지센터,경상북도,문경시,산북면 금천로 586,36.656032,128.259413
동로면 행정복지센터,경상북도,문경시,동로면 벌재장터길 8-7,36.7733563,128.3149837
마성면 행정복지센터,경상북도,문경시,마성면 은성로 1661,36.692626,128.116675
농암면 행정복지센터,경상북도,문경시,농암면 농암길 50,36.6009478,128.0029384
점촌1동 행정복지센터,경상북도,문경시,점촌로 54-3,36.5986308,128.1977725
점촌2동 행정복지센터,경상북도,문경시,중앙로 50,36.5900855,128.1961082
점촌3동 행정복지센터,경상북도,문경시,신흥로 254,36.6029838,128.2065781
점촌4동 행정복지센터,경상북도,문경시,공평로 71,36.605532,128.1823
점촌5동 행정복지센터,경상북도,문경시,매봉로 65,36.590444,128.1800782
하양읍 행정복지센터,경상븍도,경산시,하양읍 문화로 36,35.912113,128.812379
진량읍 행정복지센터,경상븍도,경산시,진량읍 다문로 50,35.874002,128.816311
와촌면 행정복지센터,경상븍도,경산시,와촌면 금송로 416,35.94668,128.836606
자인면 행정복지센터,경상븍도,경산시,자인면 일연로 82,35.821236,128.822562
용성면 행정복지센터,경상븍도,경산시,용성면 원효로 1423,35.793495,128.876308
남산면 행정복지센터,경상븍도,경산시,남산면 하남로 323,35.793542,128.837288
압량읍 행정복지센터,경상븍도,경산시,압량면 부적길 35,35.843193,128.760027
남천면 행정복지센터,경상븍도,경산시,남천면 남천로 465,35.766572,128.727226
중앙동 행정복지센터,경상븍도,경산시,경안로30길 18,35.820168,128.740324
동부동 행정복지센터,경상븍도,경산시,백자로 46,35.810308,128.753726
서부1동 행정복지센터,경상븍도,경산시,경산로 135,35.820682,128.728197
서부2동 행정복지센터,경상븍도,경산시,경산로44길 7,35.827532,128.726105
남부동 행정복지센터,경상븍도,경산시,경안로 68,35.813755,128.739156
북부동 행정복지센터,경상븍도,경산시,중방로 125,35.833408,128.746636
중방동 행정복지센터,경상븍도,경산시,중앙초등길 62,35.827089,128.734045
군위읍행정복지센터,경상북도,군위군,군위읍 중앙길 134,36.240223,128.568601
소보면행정복지센터,경상북도,군위군,소보면 송백로 1415,36.255002,128.475345
효령면행정복지센터,경상북도,군위군,효령면 치산효령로 2400,36.156705,128.58527
부계면행정복지센터,경상북도,군위군,부계면 창평길 3,36.100833,128.664163
우보면행정복지센터,경상북도,군위군,우보면 이화길 105,36.195119,128.661788
의흥면행정복지센터,경상북도,군위군,의흥면 읍내길 39,36.175821,128.71518
산성면행정복지센터,경상북도,군위군,산성면 산성가음로 668,36.123086,128.694859
삼국유사면행정복지센터,경상북도,군위군,삼국유사면 삼국유사로 448,36.123501,128.794803
의성읍행정복지센터,경상북도,의성군,의성읍 후죽3길 5,36.3554853,128.6946618
단촌면행정복지센터,경상북도,의성군,단촌면 장터길 23,36.4220822,128.6743162
점곡면행정복지센터,경상북도,의성군,점곡면 점곡길 73,36.4241006,128.7679173
옥산면행정복지센터,경상북도,의성군,옥산면 신감옥산로 1180,36.3928291,128.8099542
사곡면행정복지센터,경상북도,의성군,사곡면 의성사곡로 973,36.3063295,128.7878463
춘산면행정복지센터,경상북도,의성군,춘산면 금성현서로 1481,36.2375392,128.8117085
가음면행정복지센터,경상북도,의성군,가음면 금성현서로 455,36.234135,128.724662
금성면행정복지센터,경상북도,의성군,금성면 탑리길 115,36.261367,128.681038
봉양면행정복지센터,경상북도,의성군,봉양면 도리원3길 31,36.3007596,128.576354
비안면행정복지센터,경상북도,의성군,비안면 강변길 59,36.337349,128.490187
구천면행정복지센터,경상북도,의성군,구천면 소보안계로 1601,36.347407,128.432613
단밀면행정복지센터,경상북도,의성군,단밀면 중동단밀로 949,36.376124,128.381763
단북면행정복지센터,경상북도,의성군,단북면 단북다인로 168,36.3875365,128.4048944
안계면행정복지센터,경상북도,의성군,안계면 안계길 114,36.383615,128.439587
다인면행정복지센터,경상북도,의성군,다인면 서릉길 37,36.45031,128.353838
신평면행정복지센터,경상북도,의성군,신평면 봉호로 2454,36.47366,128.502438
안평면행정복지센터,경상북도,의성군,안평면 안평의성로 36,36.37674,128.5842
안사면행정복지센터,경상북도,의성군,안사면 안신로 645,36.4310873,128.4616504
청송읍행정복지센터,경상북도,청송군,청송읍 중앙로 253,36.434162,129.0567498
주왕산면행정복지센터,경상북도,청송군,주왕산면 이전앞길 1,36.3568891,129.1593984
부남면행정복지센터,경상북도,청송군,부남면 대전로 119,36.344624,129.063312
현동면행정복지센터,경상북도,청송군,현동면 청송로 2647,36.290667,129.016838
현서면행정복지센터,경상북도,청송군,현서면 구산동로 27,36.2758773,128.895937
안덕면행정복지센터,경상북도,청송군,안덕면 안덕로 82,36.2889767,128.9599555
파천면행정복지센터,경상북도,청송군,파천면 청송로 5544,36.463051,129.037813
진보면행정복지센터,경상북도,청송군,진보면 진안동2길 4-10,36.529475,129.046675
영양읍행정복지센터,경상북도,영양군,영양읍 군청길 53,36.6670666,129.1142507
입암면행정복지센터,경상북도,영양군,입암면 조기리길 10,36.5932181,129.0903967
청기면행정복지센터,경상북도,영양군,청기면 청기1길 9-6,36.6611773,129.062285
일월면행정복지센터,경상북도,영양군,일월면 영양로 2419,36.7024131,129.1287501
수비면행정복지센터,경상북도,영양군,수비면 한티로 503,36.765225,129.202563
석보면행정복지센터,경상북도,영양군,석보면 원리3길 3,36.558083,129.12455
영덕읍행정복지센터,경상북도,영덕군,영덕읍 우곡길 62,36.4096229,129.3724067
강구면행정복지센터,경상북도,영덕군,강구면 동해대로 4526,36.361843,129.3786138
남정면행정복지센터,경상북도,양덕군,남정면 진불길 43,36.286075,129.372559
달산면행정복지센터,경상북도,영덕군,달산면 팔각산로 1829,36.3990698,129.3032598
지품면행정복지센터,경상북도,영덕군,지품면 경동로 7153,36.448354,129.28205
축산면행정복지센터,경상북도,영덕군,축산면 도곡길 67,36.508992,129.414225
영해면행정복지센터,경상북도,영덕군,영해면 예주3길 7,36.537558,129.407113
병곡면행정복지센터,경상북도,영덕군,병곡면 병곡길 72,36.6023737,129.410625
창수면행정복지센터,경상북도,영덕군,창수면 신기길 5,36.5462,129.3482
청도읍행정복지센터,경상북도,청도군,청도읍 청화로 137,35.645434,128.7412839
화양읍행정복지센터,경상북도,청도군,화양읍 도주관로 159,35.649865,128.706138
각남면행정복지센터,경상북도,청도군,각남면 각남로 74,35.641991,128.6590647
풍각면행정복지센터,경상북도,청도군,풍각면 송서로 70,35.6388822,128.6183686
각북면행정복지센터,경상북도,청도군,각북면 헐티로 801,35.687293,128.58925
이서면행정복지센터,경상북도,청도군,이서면 이서로 145-18,35.663249,128.670537
운문면행정복지센터,경상북도,청도군,운문면 청려로 4707,35.715626,128.913125
금천면행정복지센터,경상북도,청도군,금천면 선암로 575,35.6871905,128.8924165
매전면행정복지센터,경상북도,청도군,매전면 청려로 3693,35.6670841,128.8556081
대가야읍행정복지센터,경상북도,고령군,대가야읍 중앙로 1,35.7304254,128.2679275
덕곡면행정복지센터,경상북도,고령군,덕곡면 덕운로 570,35.77935,128.232937
운수면행정복지센터,경상북도,고령군,운수면 운용로 106,35.769067,128.29045
성산면행정복지센터,경상북도,고령군,성산면 성산로 897,35.749926,128.359862
다산면행정복지센터,경상북도,고령군,다산면 다산로 681,35.8226936,128.4521122
개진면행정복지센터,경상북도,고령군,개진면 개경포로 589-9,35.708153,128.3502095
우곡면행정복지센터,경상북도,고령군,우곡면 도진3길 21,35.67796,128.342087
쌍림면행정복지센터,경상북도,고령군,쌍림면 대가야로 613,35.679681,128.2418429
성주읍행정복지센터,경상북도,성주군,성주읍 성주읍1길 13,35.9191381,128.2895824
선남면행정복지센터,경상북도,성주군,선남면 관화길 96,35.900857,128.351788
용암면행정복지센터,경상북도,성주군,용암면 운용로 1031,35.8363443,128.336856
수륜면행정복지센터,경상북도,성주군,수륜면 참별로 915,35.832983,128.192388
가천면행정복지센터,경상북도,성주군,가천면 가천로 63,35.884407,128.1662
금수면행정복지센터,경상북도,성주군,금수면 성주로 1883,35.9195131,128.1760221
대가면행정복지센터,경상북도,성주군,대가면 동강한강로 891,35.9103532,128.2287603
벽진면행정복지센터,경상북도,성주군,벽진면 수촌길 12,35.9485247,128.2164631
초전면행정복지센터,경상북도,성주군,초전면 대장길 107,35.974626,128.263313
월항면행정복지센터,경상북도,성주군,월항면 주산로 366,35.94561,128.3158
왜관읍행정복지센터(임시청사),경상북도,칠곡군,"석적읍 강변대로 1580, 컨벤션홀 (임시청사)",36.0178781,128.4040784
북삼읍행정복지센터,경상북도,칠곡군,북삼읍 인평1길 6,36.0629252,128.3429453
석적읍행정복지센터,경상북도,칠곡군,석적읍 남율로7길 7,36.0667815,128.4010545
지천면행정복지센터,경상북도,칠곡군,지천면 신동로 171,35.9562001,128.4910544
동명면행정복지센터,경상북도,칠곡군,동명면 금암중앙길 56,35.9840481,128.5534526
가산면행정복지센터,경상북도,칠곡군,가산면 경북대로 1570,36.085977,128.5389035
약목면행정복지센터,경상북도,칠곡군,약목면 복성1길 15,36.03275,128.363738
기산면행정복지센터,경상북도,칠곡군,기산면 주산로 1213,35.9863749,128.382786
예천읍행정복지센터,경북,예천군,예천읍 군청앞길 2(서본리 1-6),36.656871,128.452779
호명읍행정복지센터,경북,예천군,호명읍 오천길 2(오천리 157-3),36.594545,128.4687361
용문면행정복지센터,경상북도,예천군,용문면 금당실길 54,36.690218,128.411013
효자면행정복지센터,경상북도,예천군,효자면 도효자로 1481,36.771367,128.41885
은풍면행정복지센터,경상북도,예천군,은풍면 은풍로 88,36.7451086,128.4431143
감천면행정복지센터,경상북도,예천군,감천면 충효로 1389,36.7208677,128.5265841
보문면행정복지센터,경상북도,예천군,보문면 미호길 127,36.6638635,128.512229
유천면행정복지센터,경상북도,예천군,유천면 예성로 699-8,36.635407,128.390063
용궁면행정복지센터,경상북도,예천군,용궁면 읍부1길 45,36.6086838,128.2773486
개포면행정복지센터,경상북도,예천군,개포면 신음리길 28-8,36.608407,128.366463
지보면행정복지센터,경상북도,예천군,지보면 지보로 126-5,36.548308,128.39035
풍양면행정복지센터,경상북도,예천군,풍양면 낙상2길 50,36.5105931,128.2990039
봉화읍행정복지센터,경상북도,봉화군,봉화읍 내성로3길 9,36.8876904,128.7395875
물야면행정복지센터,경상북도,봉화군,물야면 문수로 991,36.9751835,128.7358042
봉성면행정복지센터,경상북도,봉화군,봉성면 옥마로 23,36.885924,128.81805
법전면행정복지센터,경상북도,봉화군,법전면 법전로 100,36.910752,128.8769326
춘양면행정복지센터,경상북도,봉화군,춘양면 의양로5길 19,36.935118,128.914875
소천면행정복지센터,경상북도,봉화군,소천면 소천로 1294,36.9377006,129.0030884
석포면행정복지센터,경상북도,봉화군,석포면 석포로1길 55,37.0486623,129.0651481
재산면행정복지센터,경상북도,봉화군,재산면 대내골길 4,36.816085,128.9620772
명호면행정복지센터,경상북도,봉화군,명호면 도천길 18,36.8586687,128.8995404
상운면행정복지센터,경상북도,봉화군,상운면 예봉로 1281,36.833815,128.755175
울진읍행정복지센터,경상북도,울진군,울진읍 읍내10길 19,36.9972037,129.4029773
평해읍행정복지센터,경상북도,울진군,평해읍 평해로 82,36.7280587,129.441347
북면행정복지센터,경상북도,울진군,북면 부구3길 12,37.1048012,129.3731604
금강송면행정복지센터,경상북도,울진군,금강송면 삼근1길 23,36.935585,129.247175
근남면행정복지센터,경상북도,울진군,근남면 노음4길 6-7,36.9627893,129.394463
매화면행정복지센터,경상북도,울진군,매화면 매화1길 95,36.913207,129.382225
기성면행정복지센터,경상북도,울진군,기성면 척산2길 8,36.798192,129.451425
온정면행정복지센터,경상북도,울진군,온정면 소태로 23,36.723841,129.3450238
죽변면행정복지센터,경상북도,울진군,죽변면 죽변중앙로 165,37.0597841,129.4223767
후포면행정복지센터,경상북도,울진군,후포면 삼율로 7-20,36.678567,129.4393218
울릉읍행정복지센터,경상북도,울릉군,울릉읍 도동길 158,37.4850007,130.9036819
서면행정복지센터,경상북도,울릉군,서면 남양4길 31,37.4675611,130.8380393
북면행정복지센터,경상북도,울릉군,북면 천부2길 15,37.54075,130.8746
동읍행정복지센터,경상남도,창원시,의창구 동읍 동읍로 88,35.284725,128.682513
북면행정복지센터,경상남도,창원시,의창구 북면 천주로 1085,35.3477816,128.6070384
대산면행정복지센터,경상남도,창원시,의창구 대산면 가술산단동로 10,35.3310298,128.7087068
의창동행정복지센터,경상남도,창원시,의창구 서상로12번길 75,35.2620949,128.6228769
팔룡동행정복지센터,경상남도,창원시,의창구 팔용로 435,35.255537,128.612796
명곡동행정복지센터,경상남도,창원시,의창구 태복산로15번길 8,35.2538923,128.6402265
봉림동행정복지센터,경상남도,창원시,의창구 대봉로26번길 5,35.2519595,128.6675708
반송동행정복지센터,경상남도,창원시,성산구 원이대로473번길 19-14,35.2359429,128.6695125
중앙동행정복지센터,경상남도,창원시,성산구 외동반림로 5,35.2210983,128.673695
용지동행정복지센터,경상남도,창원시,의창구 용지로239번길 19-4,35.236077,128.684143
상남동행정복지센터,경상남도,창원시,성산구 동산로 73,35.2162658,128.6872174
사파동행정복지센터,경상남도,창원시,성산구 대암로 109,35.215843,128.708712
가음정동행정복지센터,경상남도,창원시,성산구 가음로13번길 31,35.2129071,128.7004305
성주동행정복지센터,경상남도,창원시,성산구 공단로 735,35.1897409,128.6950205
웅남동행정복지센터,경상남도,창원시,성산구 신촌로 50,35.2053096,128.6271625
구산면행정복지센터,경상남도,창원시,마산합포구 구산면 구산로 554,35.119699,128.580887
진동면행정복지센터,경상남도,창원시,마산합포구 진동면 신서촌로 11,35.1158406,128.4843082
진북면행정복지센터,경상남도,창원시,마산합포구 진북면 지산5길 80,35.115474,128.467412
진전면행정복지센터,경상남도,창원시,마산합포구 진전면 대실로 155,35.10289,128.418987
현동행정복지센터,경상남도,창원시,마산합포구 현동7길 27,35.1498876,128.5537934
가포동행정복지센터,경상남도,창원시,마산합포구 가포해안길 33,35.169554,128.5720515
월영동행정복지센터,경상남도,창원시,마산합포구 월영남1길 13,35.179275,128.5577604
문화동행정복지센터,경상남도,창원시,마산합포구 문화남5길 36,35.184685,128.558175
반원중앙동행정복지센터,경상남도,창원시,마산합포구 중앙남5길 45,35.1940929,128.5641375
완월동행정복지센터,경상남도,창원시,마산합포구 완월동11길 6,35.1994538,128.5644637
자산동행정복지센터,경상남도,창원시,마산합포구 자산동5길 1,35.2055204,128.5654624
오동동행정복지센터,경상남도,창원시,마산합포구 동서북4길 13,35.2042629,128.5737075
교방동행정복지센터,경상남도,창원시,마산합포구 교방동5길 18,35.2143452,128.5662614
합포동행정복지센터,경상남도,창원시,마산합포구 허당로 31,35.2109247,128.5791278
산호동행정복지센터,경상남도,창원시,마산합포구 산호남로 60,35.2160999,128.5859895
내서읍행정복지센터,경상남도,창원시,마산회원구 내서읍 중리상곡로 65,35.24681,128.507625
회원1동행정복지센터,경상남도,창원시,마산회원구 회원동11길 7,35.2182626,128.5742472
회원2동행정복지센터,경상남도,창원시,마산회원구 회원남로 74,35.218866,128.569559
석전동행정복지센터,경상남도,창원시,마산회원구 석전동4길 52,35.2302966,128.5731034
회성동행정복지센터,경상남도,창원시,마산회원구 북성로 327,35.233076,128.561637
양덕1동행정복지센터,경상남도,창원시,마산회원구 팔용로 25,35.23231,128.586212
양덕2동행정복지센터,경상남도,창원시,마산회원구 율림교로 3,35.229201,128.583925
합성1동행정복지센터,경상남도,창원시,마산회원구 합성서3길 21,35.2422167,128.5839889
합성2동행정복지센터,경상남도,창원시,마산회원구 합성남8길 46,35.239051,128.586762
구암1동행정복지센터,경상남도,창원시,마산회원구 구암서2길 95,35.2499589,128.5950276
구암2동행정복지센터,경상남도,창원시,마산회원구 구암남16길 12,35.24901,128.598388
봉암동행정복지센터,경상남도,창원시,마산회원구 봉양로 148,35.2175954,128.6024625
충무동행정복지센터,경상남도,창원시,진해구 중원로74번길 6,35.1505077,128.6603422
여좌동행정복지센터,경상남도,창원시,진해구 여명로 77,35.1585489,128.6603153
태백동행정복지센터,경상남도,창원시,진해구 중초로9번길 38,35.1538996,128.6773763
경화동행정복지센터,경상남도,창원시,진해구 경화로8번길 5,35.154357,128.686838
병암동행정복지센터,경상남도,창원시,진해구 경화로16번길 31,35.154983,128.6895627
석동행정복지센터,경상남도,창원시,진해구 돌리로 3,35.1586311,128.7000338
이동행정복지센터,경상남도,창원시,진해구 냉천로12번길 9,35.1493421,128.6999119
자은동행정복지센터,경상남도,창원시,진해구 덕산로51번길 12,35.1470394,128.705653
덕산동행정복지센터,경상남도,창원시,진해구 동진로157번길 5,35.1433449,128.7037509
풍호동행정복지센터,경상남도,창원시,진해구 진해대로1034번길 6,35.137599,128.707313
웅천동행정복지센터,경상남도,창원시,진해구 웅천중로 59,35.111338,128.7496332
웅동1동행정복지센터,경상남도,창원시,진해구 웅동로57번가길 6,35.1258956,128.7826923
웅동2동행정복지센터,경상남도,창원시,진해구 용재로 46,35.1011522,128.8147496
문산읍사무소,경상남도,진주시,문산읍 동부로587번길 12,35.169201,128.164238
내동면사무소,경상남도,진주시,내동면 순환로 389,35.1601211,128.0679265
정촌면사무소,경상남도,진주시,정촌면 정촌로 57,35.1314231,128.1026087
금곡면사무소,경상남도,진주시,금곡면 월아산로 140,35.09439,128.187862
진성면사무소,경상남도,진주시,진성면 동부로 1329,35.185341,128.2235552
일반성면사무소,경상남도,진주시,일반성면 동부로1959번길 2,35.1712557,128.2771705
이반성면사무소,경상남도,진주시,이반성면 오봉산로 719,35.1692067,128.3263142
사봉면사무소,경상남도,진주시,사봉면 사군로 105,35.1887966,128.2703009
지수면사무소,경상남도,진주시,지수면 지수로 483,35.2350821,128.2695873
대곡면사무소,경상남도,진주시,대곡면 진의로 1094,35.264325,128.1694
금산면사무소,경상남도,진주시,금산면 금산로 107,35.214016,128.1479992
집현면사무소,경상남도,진주시,집현면 진산로 697,35.2390449,128.0863668
미천면사무소,경상남도,진주시,미천면 오방로 731,35.299225,128.115438
명석면사무소,경상남도,진주시,명석면 광제산로 37,35.2195758,128.0403525
대평면사무소,경상남도,진주시,대평면 한들길 44,35.2326291,127.9608942
수곡면사무소,경상남도,진주시,수곡면 곤수로 972,35.198643,127.93215
천전동행정복지센터,경상남도,진주시,망경남길44번길 22,35.1831498,128.0854976
성북동행정복지센터,경상남도,진주시,진주대로1143번길 3,35.195735,128.078213
중앙동행정복지센터,경상남도,진주시,진주대로1032번길 14,35.192101,128.08615
상봉동행정복지센터,경상남도,진주시,진주성로 111,35.1995746,128.0749478
상대동행정복지센터,경상남도,진주시,동진로 189,35.1800966,128.1117591
하대동행정복지센터,경상남도,진주시,모덕로 305,35.1893657,128.1273926
상평동행정복지센터,경상남도,진주시,솔밭로80번길 18,35.176151,128.109087
초장동행정복지센터,경상남도,진주시,초장로14번길 14,35.2046263,128.1145375
평거동행정복지센터,경상남도,진주시,평거로40번길 5,35.17381,128.065425
신안동행정복지센터,경상남도,진주시,진양호로 360,35.1844853,128.0689824
이현동행정복지센터,경상남도,진주시,평거로 287,35.192784,128.0617454
판문동행정복지센터,경상남도,진주시,새평거로 55,35.1669356,128.0546246
가호동행정복지센터,경상남도,진주시,진주역로95번길 6,35.151921,128.114172
충무공동주민센터,경상남도,진주시,충의로 145,35.1748998,128.150337
산양읍사무소,경상남도,통영시,산양읍 산양일주로 1683-25,34.8035424,128.386227
용남면사무소,경상남도,통영시,용남면 달포큰길 28,34.8677614,128.4424059
도산면사무소,경상남도,통영시,도산면 도산일주로 30-2,34.9032485,128.3618624
광도면행정복지센터,경상남도,통영시,광도면 노산길 115,34.8998163,128.4068334
욕지면사무소,경상남도,통영시,욕지면 중촌길 193,34.6363253,128.2633784
한산면사무소,경상남도,통영시,한산면 한산일주로 844,34.7671638,128.5076533
사량면사무소,경상남도,통영시,사량면 상도일주로 1580-13,34.8455071,128.22015
도천동행정복지센터,경상남도,통영시,평인일주로 36,34.8393214,128.4007105
명정동주민센터,경상남도,통영시,충렬로 6,34.8425671,128.4197869
중앙동주민센터,경상남도,통영시,동문로 28-1,34.8465796,128.4269579
정량동주민센터,경상남도,통영시,장좌로 28,34.8430633,128.4302452
북신동행정복지센터,경상남도,통영시,여황로 403-6,34.8569842,128.4255652
무전동주민센터,경상남도,통영시,안개4길 53,34.8589554,128.429039
미수동주민센터,경상남도,통영시,미수해안로 51-1,34.8304227,128.4060889
봉평동행정복지센터,경상남도,통영시,도남로 185,34.8296125,128.4243211
사천읍행정복지센터,경상남도,사천시,사천읍 무산로 21,35.0877175,128.0876728
정동면행정복지센터,경상남도,사천시,정동면 상정대로 2540-39,35.0560382,128.1238736
사남면행정복지센터,경상남도,사천시,사남면 진삼로 1108,35.0525575,128.0751728
용현면행정복지센터,경상남도,사천시,용현면 진삼로 637,35.0137414,128.0612661
축동면행정복지센터,경상남도,사천시,축동면 길평1길 20,35.1071514,128.0883576
곤양면행정복지센터,경상남도,사천시,곤양면 성내공원길 11,35.057517,127.959625
곤명면행정복지센터,경상남도,사천시,곤명면 원전새길 64,35.111974,127.94155
서포면행정복지센터,경상남도,사천시,서포면 자구로 465-17,35.0062309,127.9779526
동서동행정복지센터,경상남도,사천시,수남길 102,34.9286405,128.0686941
선구동행정복지센터,경상남도,사천시,각산로 22,34.9297572,128.0721138
동서금동행정복지센터,경상남도,사천시,동금로 27,34.9310228,128.0786373
벌용동행정복지센터,경상남도,사천시,벌용길 60,34.9440133,128.0794422
향촌동행정복지센터,경상남도,사천시,향촌5길 28,34.93386,128.093462
남양동행정복지센터,경상남도,사천시,임내안길 65,34.9702858,128.0630317
진영읍행정복지센터,경상남도,김해시,진영읍 여래로20번길 11,35.304435,128.736909
주촌면행정복지센터,경상남도,김해시,주촌면 서부로1368번길 12,35.2215262,128.8135916
진례면행정복지센터,경상남도,김해시,진례면 진례로 241,35.2490513,128.74775
한림면행정복지센터,경상남도,김해시,한림면 한림로 369,35.320594,128.8021947
생림면행정복지센터,경상남도,김해시,생림면 봉림로 40,35.328175,128.8491625
상동면행정복지센터,경상남도,김해시,상동면 상동로 554,35.3077094,128.9304158
대동면행정복지센터,경상남도,김해시,대동면 대동로 610,35.242281,128.9802456
동상동행정복지센터,경상남도,김해시,호계로517번길 8,35.236826,128.883463
회현동행정복지센터,경상남도,김해시,가락로63번길 33,35.231526,128.87825
부원동행정복지센터,경상남도,김해시,김해대로2371번길 24-16,35.2287145,128.8865647
내외동행정복지센터,경상남도,김해시,내외로 67,35.2352077,128.8645731
북부동행정복지센터,경상남도,김해시,해반천로 160,35.2624643,128.8676556
칠산서부동행정복지센터,경상남도,김해시,전하로208번길 7-13,35.2227278,128.8707616
활천동행정복지센터,경상남도,김해시,인제로11번길 51,35.228985,128.899875
삼안동행정복지센터,경상남도,김해시,활천로255번길 12,35.2438943,128.9074716
불암동행정복지센터,경상남도,김해시,식만로 388,35.221932,128.9265612
장유1동행정복지센터,경상남도,김해시,금관대로 579,35.2012564,128.8127538
장유2동행정복지센터,경상남도,김해시,능동로 43,35.1971228,128.7977274
장유3동행정복지센터,경상남도,김해시,관동로 25,35.1775361,128.8060193
삼랑진읍행정복지센터,경상남도,밀양시,삼랑진읍 외송중앙길 6,35.3958695,128.8376951
하남읍행정복지센터,경상남도,밀양시,하남읍 수산중앙로 53,35.3753898,128.7110422
부북면행정복지센터,경상남도,밀양시,부북면 부북로 28,35.5112087,128.7297462
상동면행정복지센터,경상남도,밀양시,상동면 상동로 554,35.552833,128.763287
산외면행정복지센터,경상남도,밀양시,산외면 산외로 427,35.50261,128.8148415
산내면행정복지센터,경상남도,밀양시,산내면 산내로 322,35.5842836,128.880858
단장면행정복지센터,경상남도,밀양시,단장면 표충로 359,35.515233,128.875988
상남면행정복지센터,경상남도,밀양시,상남면 상남로 1031,35.4483911,128.7534862
초동면행정복지센터,경상남도,밀양시,초동면 초동로 111,35.4216439,128.6729139
무안면행정복지센터,경상남도,밀양시,무안면 동부1길 13,35.4707128,128.6513378
청도면행정복지센터,경상남도,밀양시,청도면 청도로 100,35.548908,128.62445
내일동행정복지센터,경상남도,밀양시,중앙로 346,35.493713,128.7542629
내이동행정복지센터,경상남도,밀양시,중앙로 425-4,35.497101,128.746163
교동행정복지센터,경상남도,밀양시,교동로 189,35.5109625,128.7571715
삼문동행정복지센터(임시청사),경상남도,밀양시,미리벌중앙로1길12-1(임시청사),35.481757,128.7486496
가곡동행정복지센터,경상남도,밀양시,가곡14길 4,35.478743,128.764563
일운면사무소,경상남도,거제시,일운면 지세포4길 7,34.8297454,128.7031953
동부면사무소,경상남도,거제시,동부면 동부로 16,34.8215917,128.6081814
남부면사무소,경상남도,거제시,남부면 남부해안로 30,34.7321698,128.6101455
거제면사무소,경상남도,거제시,거제면 서상길 1,34.851057,128.5904
둔덕면사무소,경상남도,거제시,둔덕면 거제남서로 4620,34.8369069,128.5051009
사등면사무소,경상남도,거제시,사등면 성포로 104,34.918943,128.5223
연초면사무소,경상남도,거제시,연초면 죽토로 11,34.9145445,128.6564347
하청면사무소,경상남도,거제시,하청면 하청로 12-7,34.9553903,128.6552131
장목면사무소,경상남도,거제시,장목면 장동1길 46-1,34.9865606,128.6822304
장승포동주민센터,경상남도,거제시,장승로 146-25,34.8673746,128.7272156
능포동주민센터,경상남도,거제시,능포로 182,34.879199,128.7345659
아주동주민센터,경상남도,거제시,탑곡로 73,34.8621675,128.6906146
옥포1동주민센터,경상남도,거제시,옥포로2길 7,34.8901212,128.6960168
옥포2동행정복지센터,경상남도,거제시,옥포로25길 20,34.8965499,128.6876521
장평동주민센터,경상남도,거제시,장평3로 10,34.8893628,128.6094496
고현동주민센터,경상남도,거제시,거제중앙로13길 24,34.8821897,128.6184729
상문동주민센터,경상남도,거제시,거제중앙로 1641,34.8680902,128.6379441
수양동주민센터,경상남도,거제시,제산로5길 26,34.887941,128.6462865
물금읍행정복지센터,경상남도,양산시,물금읍 황산로 384,35.3103654,128.9872393
동면행정복지센터,경상남도,양산시,동면 내송로 37,35.3234848,129.0618858
원동면행정복지센터,경상남도,양산시,원동면 원동마을길 36,35.3648864,128.9186464
상북면행정복지센터,경상남도,양산시,상북면 상북중앙로 398,35.418326,129.06435
하북면행정복지센터,경상남도,양산시,하북면 신평강변5길 12,35.4892835,129.0869664
중앙동행정복지센터,경상남도,양산시,북안남5길 21(북부동),35.345849,129.04085
양주동행정복지센터,경상남도,양산시,양주로 130(중부동),35.3364654,129.0322113
삼성동행정복지센터,경상남도,양산시,신기서길 27(신기동),35.3528222,129.0406057
강서동행정복지센터,경상남도,양산시,교동1길 18(교동),35.3451483,129.0261261
서창동행정복지센터,경상남도,양산시,서창로 194(삼호동),35.4163475,129.1732007
소주동행정복지센터,경상남도,양산시,소주회야1길 5-26(소주동),35.4075283,129.1577421
평산동행정복지센터,경상남도,양산시,평산로 71(평산동),35.3816895,129.1469892
덕계동행정복지센터,경상남도,양산시,번영로 35(덕계동),35.3751084,129.1490784
의령읍행정복지센터,경상남도,의령군,의령읍 의병로19길 15,35.32114,128.2603816
가례면사무소,경상남도,의령군,가례면 새가례로 40,35.3266944,128.2452746
칠곡면행정복지센터,경상남도,의령군,칠곡면 칠곡로 33,35.3414333,128.1926541
대의면사무소,경상남도,의령군,대의면 대의로 42,35.371898,128.1083179
화정면사무소,경상남도,의령군,화정면 화정로 294,35.277742,128.2108041
용덕면사무소,경상남도,의령군,용덕면 용암로1길 4,35.3482093,128.291172
정곡면행정복지센터,경상남도,의령군,정곡면 법정로 932-7,35.380524,128.3262781
지정면사무소,경상남도,의령군,지정면 함의로5길 8,35.3825749,128.3859849
낙서면사무소,경상남도,의령군,낙서면 낙서로 509-3,35.4841628,128.3772205
부림면행정복지센터,경상남도,의령군,부림면 대한로 1761,35.4663976,128.3245384
봉수면사무소,경상남도,의령군,봉수면 대한로 1188,35.4723197,128.2662604
궁류면사무소,경상남도,의령군,궁류면 궁류로 124,35.4472987,128.248971
유곡면사무소,경상남도,의령군,유곡면 마장로 10,35.4332518,128.3136403
가야읍행정복지센터,경상남도,함안군,가야읍 함안대로 505,35.2719914,128.4082155
칠원읍사무소,경상남도,함안군,칠원읍 원서로 4,35.308842,128.5185
함안면사무소,경상남도,함안군,함안면 성산로 15,35.2420673,128.4237476
군북면사무소,경상남도,함안군,군북면 지두2길 15,35.2616254,128.3450577
법수면사무소,경상남도,함안군,법수면 우거북길 16-3,35.3154326,128.355409
대산면사무소,경상남도,함안군,대산면 대산중앙로 176,35.3501786,128.4315565
칠서면사무소,경상남도,함안군,칠서면 청계2길 35,35.3336013,128.4979377
칠북면사무소,경상남도,함안군,칠북면 칠북로 32,35.3467388,128.5216732
산인면사무소,경상남도,함안군,산인면 가야로 211,35.2792623,128.4243466
여항면사무소,경상남도,함안군,여항면 여항로 50,35.2104698,128.4347033
창녕읍행정복지센터,경상남도,창녕군,창녕읍 종로 38-9,35.5412699,128.500761
남지읍행정복지센터,경상남도,창녕군,남지읍 낙동로 483,35.3890888,128.477189
고암면사무소,경상남도,창녕군,고암면 고암성산대로 8,35.5763945,128.5110054
성산면사무소,경상남도,창녕군,성산면 이천길 6,35.6287391,128.4939806
대합면사무소,경상남도,창녕군,대합면 도장골길 5,35.6136971,128.472093
이방면사무소,경상남도,창녕군,이방면 이방로 639,35.5771505,128.3878419
유어면사무소,경상남도,창녕군,유어면 우포1대로 583,35.5081019,128.4111291
대지면사무소,경상남도,창녕군,대지면 우포2로 975,35.555637,128.4679413
계성면사무소,경상남도,창녕군,장마면 영산계성로 256,35.4688436,128.512945
영산면사무소,경상남도,창녕군,영산면 로터리길 15,35.4536446,128.5278697
장마면사무소,경상남도,창녕군,장마면 강리길 23,35.4581847,128.4729497
도천면사무소,경상남도,창녕군,도천면 도천3길 5,35.4351343,128.5180382
길곡면사무소,경상남도,창녕군,길곡면 증산2길 19,35.3870249,128.5689815
부곡면사무소,경상남도,창녕군,부곡면 부곡로 65,35.4348944,128.6029214
고성읍행정복지센터,경상남도,고성군,고성읍 송학로 93,34.9780763,128.3191976
삼산면사무소,경상남도,고성군,삼산면 공룡로 2137,34.9368932,128.2738073
하일면사무소,경상남도,고성군,하일면 공룡로 979,34.9434825,128.1924397
하이면사무소,경상남도,고성군,하이면 공룡로 1,34.9286924,128.1227005
상리면사무소,경상남도,고성군,상리면 척번정길 105,34.99973,128.186406
대가면사무소,경상남도,고성군,대가면 대가로 471,35.0175245,128.2985653
영현면사무소,경상남도,고성군,영현면 대가로 1681,35.054068,128.2055606
영오면사무소,경상남도,고성군,영오면 영산1길 7,35.107832,128.237663
개천면사무소,경상남도,고성군,개천면 옥천로 1278,35.0987865,128.2589238
구만면사무소,경상남도,고성군,구만면 영회로 1765,35.088015,128.335
회화면사무소,경상남도,고성군,회화면 배둔로 80,35.0603345,128.3732724
마암면사무소,경상남도,고성군,마암면 옥천로 247,35.0551354,128.3366412
동해면사무소,경상남도,고성군,동해면 장기3길 100,35.041467,128.421075
거류면사무소,경상남도,고성군,거류면 당동3길 5,34.9918215,128.4042812
남해읍행정복지센터,경상남도,남해군,남해읍 남해읍 화전로 81,34.838658,127.893564
이동면행정복지센터,경상남도,남해군,이동면 무림로 76,34.7994271,127.9547031
상주면행정복지센터,경상남도,남해군,상주면 남해대로 705,34.7238235,127.9853899
삼동면행정복지센터,경상남도,남해군,삼동면 동부대로1876번길 12,34.8309558,128.000954
미조면행정복지센터,경상남도,남해군,미조면 미송로 60,34.7120248,128.0460335
남면행정복지센터,경상남도,남해군,남면 남서대로 778,34.7715213,127.8867477
서면행정복지센터,경상남도,남해군,서면 스포츠로 676,34.8100403,127.8382013
고현면행정복지센터,경상남도,남해군,고현면 탑동로 42,34.8956155,127.8742957
설천면행정복지센터,경상남도,남해군,설천면 설천로 695,34.9248717,127.9139662
창선면행정복지센터,경상남도,남해군,창선면 창선로97번길 6,34.857815,128.012088
하동읍사무소,경상남도,하동군,하동읍 중앙로 70,35.0721177,127.7452915
화개면사무소,경상남도,하동군,화개면 쌍계로 71-9,35.1938768,127.6270242
악양면사무소,경상남도,하동군,악양면 악양서로 357,35.1623482,127.7089168
적량면사무소,경상남도,하동군,적량면 대티길 9,35.0832,127.776862
횡천면사무소,경상남도,하동군,횡천면 경서대로 1175-3,35.109757,127.81395
고전면사무소,경상남도,하동군,고전면 하동읍성로 349,35.022108,127.817288
금남면사무소,경상남도,하동군,금남면 미법마을길 10,34.950526,127.859088
금성면사무소,경상남도,하동군,금성면 신도길 149,34.963776,127.790225
진교면사무소,경상남도,하동군,진교면 민다리안길 62,35.0304574,127.9008397
양보면사무소,경상남도,하동군,양보면 진양로 736,35.0473125,127.8457194
북천면사무소,경상남도,하동군,북천면 경서대로 2451,35.11469,127.892775
청암면사무소,경상남도,하동군,청암면 청학로 672,35.1564302,127.7995341
옥종면사무소,경상남도,하동군,옥종면 덕천로 3,35.182968,127.8795
산청읍행정복지센터,경상남도,산청군,산청읍 산엔청로 42,35.4140207,127.8776387
차황면사무소,경상남도,산청군,차황면 친환경로 3581,35.4636885,127.9278067
오부면사무소,경상남도,산청군,오부면 산수로 541,35.458707,127.8619446
생초면사무소,경상남도,산청군,생초면 생초로 58,35.493176,127.832925
금서면사무소,경상남도,산청군,금서면 친환경로 2536,35.4171791,127.8632081
삼장면사무소,경상남도,산청군,삼장면 덕산대포로 257,35.2982336,127.8317586
시천면사무소,경상남도,산청군,시천면 남명2길 21,35.278427,127.8405764
단성면사무소,경상남도,산청군,단성면 목화로 985,35.298892,127.957663
신안면사무소,경상남도,산청군,신안면 원지로 11-15,35.3045962,127.9740478
생비량면사무소,경상남도,산청군,생비량면 비량로 38,35.3448721,128.0451429
신등면사무소,경상남도,산청군,신등면 신차로 576,35.382824,128.006612
함양읍행정복지센터,경상남도,함양군,함양읍 학사루길 11,35.519725,127.726675
마천면사무소,경상남도,함양군,마천면 당흥길 15,35.396949,127.663088
휴천면사무소,경상남도,함양군,휴천면 목현옥매로 3,35.480668,127.750225
유림면사무소,경상남도,함양군,유림면 천왕봉로 2872-3,35.4662281,127.7923361
수동면사무소,경상남도,함양군,수동면 수동길 27,35.522167,127.787725
지곡면사무소,경상남도,함양군,지곡면 함양로 1882,35.5663115,127.7738271
안의면사무소,경상남도,함양군,안의면 금성길 7,35.628674,127.811275
서하면사무소,경상남도,함양군,서하면 함양남서로 3937,35.6476263,127.6954795
서상면사무소,경상남도,함양군,서상면 서상로 260,35.6793103,127.6884372
백전면사무소,경상남도,함양군,백전면 구산대안로 10-3,35.5532053,127.6353207
병곡면사무소,경상남도,함양군,병곡면 함양남서로 1756,35.528458,127.682125
거창읍 행정복지센터,경상남도,거창군,거창읍 거열로 90,35.6879429,127.9039
주상면 행정복지센터,경상남도,거창군,주상면 주곡로 655,35.7491471,127.9133072
웅양면 행정복지센터,경상남도,거창군,웅양면 웅양로 1431,35.8054068,127.9177675
고제면 행정복지센터,경상남도,거창군,고제면 입석1길 14,35.8146337,127.8711156
북상면 행정복지센터,경상남도,거창군,북상면 송계로 710,35.7776967,127.8192421
위천면 행정복지센터,경상남도,거창군,위천면 원학길 324,35.7496294,127.8331021
마리면 행정복지센터,경상남도,거창군,마리면 빼재로 18,35.7014052,127.854507
남상면 행정복지센터,경상남도,거창군,남상면 인평길 36,35.6432439,127.9101226
남하면 행정복지센터,경상남도,거창군,남하면 영서로 41,35.6677641,127.9436449
신원면 행정복지센터,경상남도,거창군,신원면 신차로 3067,35.5677733,127.9251888
가조면 행정복지센터,경상남도,거창군,가조면 장군봉1길 8,35.711001,128.0147
가북면 행정복지센터,경상남도,거창군,가북면 용암로 17-16,35.7627805,127.9932241
합천읍사무소,경상남도,합천군,합천읍 중앙로 61,35.5659728,128.1578639
봉산면사무소,경상남도,합천군,봉산면 김봉길 17,35.626139,128.0418251
묘산면사무소,경상남도,합천군,묘산면 묘산로 173-1,35.6584796,128.1133156
가야면사무소,경상남도,합천군,가야면 가야시장로 92,35.762683,128.139463
야로면사무소,경상남도,합천군,야로면 향교길 20,35.705251,128.167737
율곡면사무소,경상남도,합천군,율곡면 영전3길 26,35.5724584,128.2179463
초계면사무소,경상남도,합천군,초계면 초계중앙로 45,35.560008,128.265288
쌍책면사무소,경상남도,합천군,쌍책면 성산큰길 48,35.5759321,128.2822394
덕곡면사무소,경상남도,합천군,덕곡면 율지2길 11,35.6151238,128.3590297
청덕면사무소,경상남도,합천군,청덕면 동부로 1754,35.5593441,128.3217519
적중면사무소,경상남도,합천군,적중면 적중로 98,35.547575,128.278562
대양면사무소,경상남도,합천군,대양면 대한로 5,35.5165646,128.1745013
쌍백면사무소,경상남도,합천군,쌍백면 쌍백중앙로 63,35.441626,128.145475
삼가면사무소,경상남도,합천군,삼가면 삼가중앙2길 12-8,35.41444,128.12185
가회면사무소,경상남도,합천군,가회면 황매산로 52,35.4349485,128.0339165
대병면사무소,경상남도,합천군,대병면 신성동길 23,35.5212013,128.0142536
용주면사무소,경상남도,합천군,용주면 황계폭포로 1154,35.5406754,128.1133187
한림읍사무소,제주특별자치도,제주시,한림읍 한림상로 132,33.4106028,126.2669853
애월읍사무소,제주특별자치도,제주시,애월읍 일주서로 6322,33.4621468,126.3291907
구좌읍사무소,제주특별자치도,제주시,구좌읍 일주동로 3116,33.522567,126.852037
조천읍사무소,제주특별자치도,제주시,조천읍 신북로 194,33.5344,126.634188
한경면사무소,제주특별자치도,제주시,한경면 두신로 84,33.3501086,126.1841306
추자면사무소,제주특별자치도,제주시,추자면 추자로 26,33.9635189,126.2960724
우도면사무소,제주특별자치도,제주시,우도면 우도로 153,33.5064832,126.9530513
일도1동주민센터,제주특별자치도,제주시,중앙로7길 15,33.5150484,126.5263272
일도2동주민센터,제주특별자치도,제주시,고마로 28,33.5117021,126.5388171
이도1동주민센터,제주특별자치도,제주시,중앙로25길 17,33.5068506,126.5268961
이도2동주민센터,제주특별자치도,제주시,오복3길 8,33.4971002,126.5352568
삼도1동주민센터,제주특별자치도,제주시,전농로 40,33.5041441,126.5173684
삼도2동주민센터,제주특별자치도,제주시,관덕로6길 15,33.5117206,126.5222202
용담1동주민센터,제주특별자치도,제주시,용남3길 11,33.5091067,126.5133381
용담2동주민센터,제주특별자치도,제주시,흥운길 27,33.5114828,126.5116914
건입동주민센터,제주특별자치도,제주시,만덕로 18,33.5150213,126.5315146
화북동주민센터,제주특별자치도,제주시,진남로6길 17,33.520214,126.565371
삼양동주민센터,제주특별자치도,제주시,지석13길 6,33.5218023,126.5854635
봉개동주민센터,제주특별자치도,제주시,봉개북1길 15,33.4916742,126.5946695
아라동주민센터,제주특별자치도,제주시,인다8길 5,33.4763337,126.5452322
오라동주민센터,제주특별자치도,제주시,오라로10길 6,33.4951179,126.5115625
연동주민센터,제주특별자치도,제주시,신대로 101,33.4881819,126.4968445
노형동주민센터,제주특별자치도,제주시,노형9길 9-4,33.483085,126.477175
외도동주민센터,제주특별자치도,제주시,일주서로 7350,33.4929788,126.4321011
이호동주민센터,제주특별자치도,제주시,백포서길 9,33.499776,126.458088
도두동주민센터,제주특별자치도,제주시,도두1길 9-1,33.5028974,126.4682826
대정읍사무소,제주특별자치도,서귀포시,대정읍 하모중앙로 20,33.2267641,126.2523158
남원읍사무소,제주특별자치도,서귀포시,남원읍 태위로 695,33.2799101,126.7207138
성산읍사무소,제주특별자치도,서귀포시,성산읍 일주동로 4330,33.442637,126.9110537
안덕면사무소,제주특별자치도,서귀포시,안덕면 화순서서로 74,33.2576246,126.3305732
표선면사무소,제주특별자치도,서귀포시,표선면 표선중앙로 74,33.3267203,126.8309939
송산동주민센터,제주특별자치도,서귀포시,소암로 4,33.245035,126.565925
정방동주민센터,제주특별자치도,서귀포시,태평로 421번길 7,33.2458777,126.5652856
중앙동주민센터,제주특별자치도,서귀포시,동문동로 27,33.250869,126.5655514
천지동주민센터,제주특별자치도,서귀포시,중정로47번길 3,33.2478418,126.5612478
효돈동주민센터,제주특별자치도,서귀포시,효돈로152번길 7,33.2634976,126.6149237
영천동주민센터,제주특별자치도,서귀포시,토평로 15,33.268767,126.58665
동홍동주민센터,제주특별자치도,서귀포시,동홍로 104,33.2578209,126.5689192
서홍동주민센터,제주특별자치도,서귀포시,중앙로 125,33.2559876,126.5601387
대륜동주민센터,제주특별자치도,서귀포시,일주동로 9185,33.2479896,126.5113135
대천동주민센터,제주특별자치도,서귀포시,도순로 44,33.2507619,126.4775737
중문동주민센터,제주특별자치도,서귀포시,1100로 30,33.2533436,126.4336707
예래동주민센터,제주특별자치도,서귀포시,예래로 82,33.2547417,126.399982
