County,City,Town,Address,Park_Name,Park_Type,Latitude,Longitude
경기도,양평군,용문면,광탄리 711,광탄2호 소공원,소공원,37.509628,127.628406
경기도,양평군,용문면,광탄리 762,광탄3호 소공원,소공원,37.508443,127.627414
경기도,양평군,양평읍,공흥리 885-1,공흥 소공원,소공원,37.493844,127.5093259
경기도,양평군,강하면,운심리 43-25,한강아트로드 공원,소공원,37.496021,127.4082162
경기도,양평군,강하면,운심리 28-1,강하 소공원,소공원,37.496164,127.4123259
경기도,양평군,양평읍,오빈리 96-40,오빈12호 소공원,소공원,37.505413,127.476939
경기도,양평군,양평읍,오빈리 88-47,오빈13호 소공원,소공원,37.506925,127.479025
경기도,양평군,양평읍,오빈리 88-46,오빈14호 소공원,소공원,37.507148,127.479103
경기도,양평군,양평읍,오빈리 81-32,오빈15호 소공원,소공원,37.50698641,127.4796766
경기도,양평군,양평읍,양근리 53-2,양근소공원(17호),소공원,37.49946708,127.4921815
경기도,양평군,강상면,병산리 138,병산1호 소공원,소공원,37.49067302,127.4739159
경기도,양평군,강상면,병산리 142-35,병산2호 소공원,소공원,37.49108254,127.4753493
경기도,양평군,강상면,병산리 40,병산3호 소공원,소공원,37.48961623,127.4791688
경기도,양평군,강상면,병산리 1205-1,병산4호 소공원,소공원,37.4885532,127.4791562
경기도,양평군,양평읍,양근리 739,양근소공원(19호),소공원,37.49280474,127.4894425
경기도,양평군,양서면,신원리 471-5,양서 소공원 7,소공원,37.52498145,127.3720793
경기도,양평군,양평읍,공흥리 456-25,공흥 양근공원,소공원,37.4877417,127.4986762
경기도,평택시,비전동,981공,2호 어린이공원(여염리),어린이공원,37.006453,127.101332
경기도,남양주시,진접읍,금곡리 970,진접2호도담공원,어린이공원,37.7192162,127.1915425
경기도,남양주시,진접읍,금곡리 985,진접6호한빛공원,어린이공원,37.7221182,127.2017407
경기도,남양주시,진접읍,금곡리 1084,진접1호해밀공원,어린이공원,37.71199895,127.1895491
경기도,남양주시,진접읍,장현리 710-2,장현3어린이공원,어린이공원,37.726114,127.1937654
경기도,남양주시,진접읍,장현리 710-6,장현3어린이공원,어린이공원,37.7232914,127.1927287
경기도,남양주시,다산동,3720-2,힐스테이트황금산 APT 소공원,소공원,37.6074695,127.1663634
경기도,남양주시,오남읍,양지리 807-5,양지어린이공원,어린이공원,37.6987771,127.1989011
경기도,남양주시,와부읍,덕소리 110-2,덕소4호공원,어린이공원,37.5859681,127.2166206
경기도,남양주시,오남읍,오남리 891-5,오남1지구 오남아이파크어린이공원,어린이공원,37.6966072,127.2012855
충청남도,당진시,읍내동,507-12,공원:103(당진:03 승리봉공원),근린공원,36.895543,126.627703
충청남도,당진시,채운동,357-21,공원:104(당진:04 채운공원),근린공원,36.890644,126.619224
충청남도,당진시,읍내동,234-33,공원:107(당진:06 남산공원),근린공원,36.894382,126.634567
충청남도,당진시,읍내동,560-2,공원:109(당진:8 서문공원),소공원,36.893201,126.627137
충청남도,당진시,읍내동,177-1,공원:110(당진:09 새싹공원),어린이공원,36.890234,126.635389
충청남도,당진시,채운동,278-4,공원:111(당진:10 은하공원),어린이공원,36.894686,126.622673
경기도,평택시,비전동,1075공,29호 어린이공원(서정동),어린이공원,37.002226,127.107017
경기도,평택시,비전동,1004-1공,2호 어린이공원(동삭 세교지구),어린이공원,37.003243,127.096344
경기도,평택시,비전동,1016공,2호 물빛2 수변공원(소사벌택지 이곡수변),수변공원,37.003573,127.103911
경기도,평택시,죽백동,737-2공,3호 소리 수변공원(소사벌택지),수변공원,37.007098,127.111214
경기도,평택시,비전동,1032공,4호 소리 수변공원(소사벌택지),수변공원,37.004339,127.107357
경기도,평택시,비전동,1069공,5호 물빛3 수변공원(소사벌택지 이곡수변),수변공원,37.00246,127.107881
경기도,평택시,비전동,1065 1093 1099,6호 물빛4 수변공원(소사벌택지 이곡수변),수변공원,37.001798,127.111412
경기도,평택시,비전동,966 966-1~6,7호 너울 수변공원(소사벌택지),수변공원,37.003257,127.090635
경기도,평택시,군문동,201-1,군문 수변공원,수변공원,36.982112,127.091679
경기도,평택시,동삭동,12-1,상서재 1호 수변공원(동삭2지구),수변공원,37.015396,127.104691
경기도,평택시,동삭동,186-1,11호 어린이공원(서정동),어린이공원,37.006472,127.093243
경기도,평택시,세교동,산3-8,14호 어린이공원(고덕국제화지구  두릉리),어린이공원,37.011591,127.091001
경기도,평택시,세교동,26,17호 어린이공원(고덕국제화지구 좌교리),어린이공원,37.004107,127.089859
경기도,평택시,세교동,288-1,18호 어린이공원(고덕국제화지구 해창리),어린이공원,37.008211,127.08741
경기도,평택시,세교동,37-3,19호 어린이공원(고덕국제화지구),어린이공원,37.006081,127.087364
경기도,평택시,평택동,38,1호 어린이공원(동삭 세교지구),어린이공원,36.993417,127.087884
경기도,평택시,군문동,360-3,1호 어린이공원(포승지구 BIX),어린이공원,36.987728,127.084538
경기도,평택시,동삭동,546,1호 어린이공원(화양지구),어린이공원,37.020321,127.081163
경기도,평택시,세교동,559-2,20호 어린이공원(고덕국제화지구  해창리),어린이공원,37.000296,127.083343
경기도,평택시,지제동,산7-7임,23호 현덕 어린이공원(인광2지구),어린이공원,37.022168,127.077426
경기도,평택시,비전동,927,25호 어린이공원(여염리),어린이공원,36.995114,127.109641
경기도,평택시,용이동,690,26호 어린이공원(서정동),어린이공원,36.993175,127.124286
경기도,평택시,죽백동,816-4공,27호 어린이공원(율포리),어린이공원,37.002339,127.124685
경기도,평택시,세교동,408-2전,28호 어린이공원(서정동),어린이공원,37.013263,127.075078
경기도,오산시,내삼미동,862,수청제3어린이공원,어린이공원,37.1743043159,127.0584887935
서울특별시,영등포구,대림동,752-60,산성어린이공원,어린이공원,37.49697742,126.902594
서울특별시,영등포구,대림동,703-6,다사랑어린이공원,어린이공원,37.492834,126.899215
서울특별시,영등포구,도림동,23-1,고추말어린이공원,어린이공원,37.511577,126.9070507
서울특별시,영등포구,대림동,870,대림어린이공원,어린이공원,37.491332,126.903016
서울특별시,영등포구,영등포동8가,28,서강어린이공원,어린이공원,37.5259219,126.905848
서울특별시,영등포구,대림동,690,원지어린이공원,어린이공원,37.497618,126.899642
서울특별시,영등포구,대림동,742,동심어린이공원,어린이공원,37.498712,126.897293
서울특별시,영등포구,대림동,715,두암어린이공원,어린이공원,37.49551276,126.897371
서울특별시,영등포구,대림동,657,신우어린이공원,어린이공원,37.503539,126.899081
서울특별시,영등포구,양평동,153-2,양화폭포근린공원,근린공원,37.53904364,126.8985934
서울특별시,영등포구,영등포동,582-3,영등포근린공원,근린공원,37.516127,126.912126
서울특별시,영등포구,양평동4가,301-7,양평어린이공원,어린이공원,37.538015,126.898077
서울특별시,영등포구,영등포동,647-3,영일어린이공원,어린이공원,37.51015183,126.903919
서울특별시,영등포구,영등포동2가,222,중마루근린공원,근린공원,37.519919,126.911497
서울특별시,영등포구,신길동,4937-1,꿈에그린어린이공원,어린이공원,37.50300166,126.9088394
서울특별시,영등포구,문래동6가,25-1,문래소공원,소공원,37.5197992,126.8869024
서울특별시,영등포구,문래동4가,67-1,인스빌1 소공원,소공원,37.514461,126.888327
서울특별시,영등포구,문래동4가,68-1,인스빌2 소공원,소공원,37.513622,126.890546
서울특별시,영등포구,당산동5가,4-23,꽃담 소공원,소공원,37.53120144,126.900161
서울특별시,영등포구,신길동,4955-3,(가칭)신길14재정비촉진구역 소공원,소공원,37.504367,126.9060219613
서울특별시,영등포구,당산동5가,9-29,당산역 소공원,소공원,37.533517,126.900642
서울특별시,영등포구,대림1동,1124-3,파밀리에 소공원,소공원,37.495012,126.903451
서울특별시,영등포구,도림동,821-3,도리미 소공원,소공원,37.509476,126.9021917
경기도,남양주시,진접읍,금곡리 1092,진접3호늘찬공원,어린이공원,37.71490907,127.1962489
대구광역시,달서구,성당동,701-5,원화어린이공원,어린이공원,35.84625957,128.5464382
대구광역시,달서구,유천동,596,한남어린이공원,어린이공원,35.81472524,128.5166123
대구광역시,달서구,대곡동,731-2,윗한실1어린이공원,어린이공원,35.79399019,128.5303084
대구광역시,달서구,상인동,1549,유림어린이공원,어린이공원,35.81378224,128.5490458
대구광역시,달서구,호산동,357,은하수어린이공원,어린이공원,35.85102891,128.4870951
대구광역시,달서구,상인동,1589,은행어린이공원,어린이공원,35.80671996,128.5513375
대구광역시,달서구,이곡동,1304-2,이곡어린이공원,어린이공원,35.85568796,128.5121997
대구광역시,달서구,송현동,1993-2,장관어린이공원,어린이공원,35.82895733,128.5572124
대구광역시,달서구,진천동,780-1,장미어린이공원,어린이공원,35.81119451,128.5186156
대구광역시,달서구,상인동,1592-3,장미어린이공원,어린이공원,35.80737863,128.5559509
대구광역시,달서구,용산동,940-7,장산어린이공원,어린이공원,35.85662968,128.5251077
대구광역시,달서구,신당동,1801,점터어린이공원,어린이공원,35.85425569,128.493869
대구광역시,달서구,죽전동,203-2,죽전어린이공원,어린이공원,35.85649116,128.539629
대구광역시,달서구,진천동,832-3,진달래어린이공원,어린이공원,35.81091596,128.5318237
대구광역시,달서구,진천동,223-31,오복어린이공원,어린이공원,35.81404107,128.5293488
대구광역시,달서구,월성동,270,창공어린이공원,어린이공원,35.83192291,128.5331421
대구광역시,달서구,상인동,1581,채정어린이공원,어린이공원,35.80967377,128.5500446
대구광역시,달서구,신당동,1846-2,청록공원,어린이공원,35.85457293,128.4963841
대구광역시,달서구,장기동,813-2,초록어린이공원,어린이공원,35.84486322,128.5300611
대구광역시,달서구,죽전동,376-4,춘추어린이공원,어린이공원,35.8551821,128.5360883
대구광역시,달서구,송현동,1966-5,치영어린이공원,어린이공원,35.82446957,128.5527652
대구광역시,달서구,용산동,922-1,큰못공원,어린이공원,35.86013786,128.5263361
대구광역시,달서구,상인동,1501-1,태양어린이공원,어린이공원,35.81833131,128.5407924
대구광역시,달서구,송현동,147,토끼와거북이어린이공원,어린이공원,35.83299096,128.5520654
충청북도,진천군,덕산읍,두촌리 2595,너나들이공원,어린이공원,36.90260454,127.5394716
충청북도,진천군,덕산읍,두촌리 2501,하람공원,어린이공원,36.90296087,127.5265635
충청북도,진천군,덕산읍,두촌리 2719,양지공원,어린이공원,36.90238265,127.5286282
충청북도,진천군,덕산읍,두촌리 2770,늘해랑공원,어린이공원,36.89929281,127.5352141
대구광역시,달서구,호산동,357-60,호산근린공원,근린공원,35.84898659,128.4839363
대구광역시,달서구,대곡동,1049,진남소공원,소공원,35.80701878,128.5240282
대구광역시,달서구,대곡동,1111,송정소공원,소공원,35.79537922,128.5284122
대구광역시,달서구,대곡동,1136,갈밭소공원,소공원,35.79986307,128.5341962
대구광역시,달서구,도원동,1451-4,도원소공원,소공원,35.80628301,128.5461183
대구광역시,달서구,진천동,482-57,소공원,소공원,35.810994,128.524162
대구광역시,달서구,상인동,797,월곡소공원,소공원,35.8191261061,128.5451669721
대구광역시,달서구,유천동,598,세모소공원,소공원,35.81472524,128.5166123
대구광역시,달서구,월성동,1794-4,출판밸리소공원,소공원,35.83652501,128.5242896
대구광역시,달서구,도원동,898-1,월광수변공원,수변공원,35.7988027,128.5482878
대구광역시,달서구,장기동,842,출판밸리수변공원,수변공원,35.84179251,128.5254492
대구광역시,달서구,도원동,1439-3,가람어린이공원,어린이공원,35.80665966,128.5408088
대구광역시,달서구,신당동,1834-5,갈뫼공원,어린이공원,35.85276471,128.494303
대구광역시,달서구,감삼동,165-2,감삼어린이공원,어린이공원,35.84909064,128.539941
대구광역시,달서구,감삼동,123,삼각지어린이공원,어린이공원,35.84984363,128.5457296
대구광역시,달서구,감삼동,287-59,감삼소어린이공원,어린이공원,35.84441945,128.5421725
대구광역시,달서구,상인동,1461,감성테마어린이공원,어린이공원,35.81040639,128.5354373
대구광역시,달서구,월성동,88,감천리어린이공원,어린이공원,35.83004106,128.5283352
대구광역시,달서구,도원동,1443-1,강산어린이공원,어린이공원,35.80543908,128.5358911
경기도,수원시,영통구,영통동 1012-4,반달,근린공원,37.25087449,127.0788585
경기도,수원시,영통구,영통동 989-3,살구골,근린공원,37.25066343,127.0716869
경기도,수원시,영통구,영통동 969-2,벽적골,근린공원,37.24867774,127.0618933
경기도,수원시,영통구,영통동 981-4,교통,근린공원,37.24539567,127.0627739
경기도,수원시,영통구,매탄동 1318,머내생태,근린공원,37.2595236,127.0490344
경기도,수원시,영통구,매탄동 1338,매여울,근린공원,37.25697937,127.0438285
경기도,수원시,영통구,매탄동 1345,선주리들,근린공원,37.25604619,127.0439958
경기도,수원시,영통구,이의동1183,열림,근린공원,37.30555736,127.0431528
경기도,수원시,영통구,이의동 1213,성죽,근린공원,37.30947394,127.0480744
경기도,수원시,영통구,이의동 1215,솔내,근린공원,37.30818449,127.0510224
경기도,수원시,영통구,이의동 1288,연암,근린공원,37.29450237,127.0364342
경기도,수원시,영통구,망포동 358-5,망포,근린공원,37.24246445,127.0577196
경기도,수원시,영통구,이의동 1302,광교중앙,근린공원,37.293898,127.0603242
경기도,수원시,영통구,이의동 1328,다산,근린공원,37.29037967,127.0547563
경기도,수원시,영통구,이의동 1354,혜령,근린공원,37.28826802,127.0452351
경기도,수원시,영통구,원천동 588,사색,근린공원,37.28323083,127.0548829
경기도,수원시,영통구,원천동 596-1,텃밭,근린공원,37.27302817,127.0632063
경기도,수원시,영통구,하동 1002,번암가족,근린공원,37.29674051,127.0879704
경기도,수원시,영통구,이의동 1365,71호근린공원,근린공원,37.28401494,127.0394157
경기도,수원시,영통구,하동 1023,광교호수공원,근린공원,37.27499276,127.0652651
경기도,수원시,영통구,망포동 737,방죽,근린공원,37.24470146,127.0514803
경기도,수원시,영통구,망포동 755,지성,근린공원,37.23882922,127.0463235
경기도,수원시,영통구,이의동 산13-88,수원광교박물관 인근,역사공원,37.29764664,127.0530962
경기도,수원시,영통구,신동 942,신동수변공원,수변공원,37.24740815,127.0404663
강원특별자치도,춘천시,후평동,849-5,후평새싹공원,어린이공원,37.883323,127.743747
경상남도,양산시,동면,금산리 1431,금산들 어린이공원,어린이공원,35.31214046,129.0266153
경상남도,양산시,동면,석산리 1450-3,석산들 어린이공원,어린이공원,35.31849471,129.0233955
경상남도,양산시,동면,석산리 1448-4,석금산 어린이공원,어린이공원,35.31806915,129.0278645
경상남도,양산시,동면,석산리 1447-2,석산강변 어린이공원,어린이공원,35.32345079,129.0243045
경상남도,양산시,물금읍,범어리 2714-2,음악분수 공원,근린공원,35.32764129,129.0180791
경상남도,양산시,명동,346-8,남낙어린이공원,어린이공원,35.39789501,129.1685893
경상남도,양산시,명동,995-4,솔밭어린이공원,어린이공원,35.39604968,129.1652901
경상남도,양산시,소주동,147-10,천성어린이공원,어린이공원,35.41084727,129.1602601
경상남도,양산시,북정동,산48-2,북정9근린공원,근린공원,35.35641075,129.0540918
경상남도,양산시,평산동,587-28,서리어린이공원,어린이공원,35.3814981,129.1414896
경상남도,양산시,어곡동,865-8,어곡근로자 근린공원,근린공원,35.37909651,129.0217933
경상남도,양산시,어곡동,859,어곡산업단지 근린공원,근린공원,35.37975166,129.0162893
경상남도,양산시,신기동,648-5,신기11어린이공원,어린이공원,35.35284811,129.0366481
경상남도,양산시,신기동,645-1,신기12어린이공원,어린이공원,35.3558041,129.0377464
경상남도,양산시,물금읍,범어리 2787-6,잎새어린이공원,어린이공원,35.339312,129.0169029
경상남도,양산시,어곡동,1073-1,어실어린이공원,어린이공원,35.3851587,129.0171299
경상남도,양산시,물금읍,범어리 2722-4,남양산 어린이공원,어린이공원,35.32448114,129.0165508
경상남도,양산시,물금읍,물금리 897-1,물금남부공원,근린공원,35.30740419,128.994145
경상남도,양산시,물금읍,가촌리 1272-13,신기공원,근린공원,35.31434354,128.9956631
경상남도,양산시,물금읍,증산리 2-4,증산역공원(10-A),근린공원,35.30615889,129.0110392
경상남도,양산시,물금읍,가촌리 1283,메기들공원(14호 근린공원),근린공원,35.31252922,129.0077227
경상남도,양산시,물금읍,범어리 2779-5,야리공원,어린이공원,35.31622072,129.008926
경상남도,양산시,물금읍,가촌리 1248-2,통새미공원,어린이공원,35.32045361,128.9968378
서울특별시,강서구,내발산동,384-2,햇빛,어린이공원,37.555822,126.826886
서울특별시,강서구,마곡동,811-5,마곡지구4호,근린공원,37.568317,126.826463
서울특별시,강서구,화곡동,1091-15,푸른수명산,소공원,37.544175,126.830269
서울특별시,강서구,마곡동,737-16,마곡,소공원,37.567478,126.822146
서울특별시,강서구염창동,309-1,,염창,소공원,37.549839,126.870745
서울특별시,강서구염창동,306-1,,염창2,소공원,37.551722,126.873857
서울특별시,강서구가양동,1499,,탑산(가양동),문화공원,37.566194,126.846336
서울특별시,강서구마곡동,800-7,,새개,문화공원,37.558287,126.83003
서울특별시,강서구마곡동,790-6,,놋다리,문화공원,37.566207,126.84614
서울특별시,강서구,마곡동,756-4,똘고랑,문화공원,37.571433,126.826326
서울특별시,강서구,마곡동,778-4,선두암,문화공원,37.567379,126.83817
서울특별시,강서구,마곡동,727-1038,한다리,문화공원,37.56106,126.830369
서울특별시,강서구,마곡동,797-5,가로공원1호,가로공원,37.559061,126.837242
전라남도,여수시,소라면,죽림리 648-1,하금공원,근린공원,34.761316,127.631161
전라남도,여수시,소라면,죽림리 산116,원죽림공원,근린공원,34.75573235,127.630437
전라남도,여수시,소라면,죽림리 233,신송공원,근린공원,34.758474,127.636759
전라남도,여수시,소라면,죽림리 257,개나리공원,어린이공원,34.760158,127.6369594
전라남도,여수시,소라면,죽림리 743-1,고사리공원,어린이공원,34.75839967,127.630531
전라남도,여수시,소라면,죽림리 696,강산골공원,소공원,34.758372,127.633286
전라남도,여수시,소라면,죽림리 770-5,원죽공원,어린이공원,34.756653,127.6336561
전라남도,여수시,소라면,죽림리 168,삼정공원,어린이공원,34.756327,127.6370719
경상북도,구미시,임은동,478-4,삼거리공원,어린이공원,36.0860624897,128.3593518972
경상북도,구미시,사곡동,660,효자(모래)공원,어린이공원,36.1004890498,128.3583899094
경상북도,구미시,상모동,45,애린공원,어린이공원,36.0907776032,128.3560520181
대전광역시,서구,흑석동,983,금평,어린이공원,36.254111,127.341743
대전광역시,서구,관저동,1996,노곡,어린이공원,36.29704495,127.3238301
대전광역시,서구,관저동,1988,방아,어린이공원,36.29568013,127.3276937
대전광역시,서구,관저동,산 46-26,안샘,어린이공원,36.293549,127.325441
대전광역시,서구,관저동,875-59,옥은,어린이공원,36.294498,127.332929
대전광역시,서구,복수동,277-5,불티,어린이공원,36.30762469,127.3735059
대전광역시,서구,관저동,1574,햇살아래,어린이공원,36.29599337,127.3342882
대전광역시,서구,관저동,1594,느리울,어린이공원,36.29390401,127.3411369
대전광역시,서구,관저동,1603,창골,어린이공원,36.29585963,127.3442375
대전광역시,서구,관저동,1616,동방,어린이공원,36.29899895,127.3468039
대전광역시,서구,도안동,1113,원도안,어린이공원,36.32433529,127.3460925
대전광역시,서구,가수원동,1237,미나리,어린이공원,36.30809214,127.3535844
대전광역시,서구,가수원동,989,용소,어린이공원,36.30703083,127.3506341
대전광역시,서구,도안동,1401,나비,어린이공원,36.3150075,127.3501199
대전광역시,서구,가수원동,1091,바다,어린이공원,36.31081136,127.352368
제주특별자치도,제주시,노형동,291,신비의도로,문화공원,33.44929032,126.4878637
제주특별자치도,제주시,건입동,1343,산짓물공원,문화공원,33.51560647,126.5285597
제주특별자치도,제주시,한경면,고산리 3758-1,수월봉공원,문화공원,33.29413084,126.1636958
제주특별자치도,제주시,용담3동,1089,용담체육공원,체육공원,33.51823268,126.4994431
제주특별자치도,제주시,애월읍,고내리 1356,고내공원,체육공원,33.46299168,126.3319697
제주특별자치도,제주시,화북1동,1424,1-121호공원,어린이공원,33.52255119,126.5699998
제주특별자치도,제주시,화북1동,1888,1-122호공원,어린이공원,33.52105183,126.5698646
제주특별자치도,제주시,화북1동,1394-2,1-123호공원,어린이공원,33.52141235,126.5717842
제주특별자치도,제주시,화북1동,1245-2,1-1호소공원,소공원,33.52004998,126.5708544
제주특별자치도,제주시,한림읍,금능리 산20,금능공원,근린공원,33.37693263,126.2331252
제주특별자치도,제주시,한림읍,월령리 산9-3,월령공원,근린공원,33.37201806,126.2259711
제주특별자치도,제주시,노형동,1889일원,미리내공원,체육공원,33.45836404,126.4790912
제주특별자치도,제주시,구좌읍,김녕리 497-1,구좌문화공원,문화공원,33.55518407,126.7627472
제주특별자치도,애월읍,하귀1리,260-1일원,소공원,소공원,33.48842709,126.4196794
제주특별자치도,제주시,월평동,691 일원,공원(근린공원),근린공원,33.45378366,126.5805027
제주특별자치도,제주시,월평동,651-34 일원,공원(어린이공원),어린이공원,33.45503161,126.5773559
대구광역시,남구,대명동,1827,대명공원,어린이공원,35.85528539,128.5862415
대구광역시,남구,대명동,2254,명동공원,어린이공원,35.8531699,128.5776382
대구광역시,남구,대명동,328,대명2공원,근린공원,35.84542165,128.5834382
대구광역시,남구,봉덕동,592-9,봉덕공원,어린이공원,35.84614624,128.5933101
대구광역시,남구,봉덕동,1005-4,목련공원,소공원,35.84372529,128.5913934
대구광역시,남구,대명동,152,명덕공원,어린이공원,35.84388048,128.5728204
대구광역시,남구,대명동,1668-10,무궁화공원,어린이공원,35.8428124,128.5781744
대구광역시,남구,대명동,1046,중앙공원,어린이공원,35.83788281,128.567714
제주특별자치도,제주시,아라1동,6099-9,1-111호공원,어린이공원,33.47530565,126.5422689
제주특별자치도,제주시,아라1동,6089,1-112호공원,어린이공원,33.47320006,126.5441545
제주특별자치도,제주시,아라1동,6071,1-113호공원,어린이공원,33.47189628,126.5429176
제주특별자치도,제주시,아라1동,6058-6,1-114호공원,어린이공원,33.47145901,126.5409993
제주특별자치도,제주시,아라1동,6077,1-115호공원,어린이공원,33.46958323,126.5447959
제주특별자치도,제주시,아라1동,6108-3,1-116호공원,어린이공원,33.4759009049,126.5467993081
제주특별자치도,제주시,아라1동,6111-1,1-117호공원,어린이공원,33.476531,126.5491231
제주특별자치도,제주시,아라1동,6131-3,1-118호공원,어린이공원,33.47275583,126.5485619
제주특별자치도,제주시,아라1동,6141-9,1-119호공원,어린이공원,33.47086102,126.5468938
제주특별자치도,제주시,아라1동,6159-1,1-120호공원,어린이공원,33.47186707,126.5512017
제주특별자치도,제주시,노형동,3790-1,1-121호공원,어린이공원,33.48323887,126.4783988
제주특별자치도,제주시,노형동,3799,1-122호공원,어린이공원,33.48103305,126.476975
제주특별자치도,제주시,애월읍,하귀1리 148-1,하귀1호공원,어린이공원,33.48638893,126.4188543
제주특별자치도,제주시,애월읍,하귀1리 234-3,하귀2호공원,어린이공원,33.48165123,126.4135614
제주특별자치도,제주시,구좌읍,세화리 3642-1,세화어린이공원,어린이공원,33.52624331,126.8547973
제주특별자치도,제주시,구좌읍,한동리 4849-17,용암해수제2공원,어린이공원,33.54101995,126.815287
제주특별자치도,제주시,조천읍,함덕리 4154-3,함덕1호어린이공원,어린이공원,33.53946103,126.6755684
제주특별자치도,제주시,조천읍,함덕리 4145-1,함덕2호어린이공원,어린이공원,33.53926072,126.6736981
제주특별자치도,제주시,조천읍,함덕리 272-76,샘물공원,어린이공원,33.54044199,126.6754027
제주특별자치도,제주시,삼도2동,43-2,관덕공원,역사공원,33.51355564,126.5221366
서울특별시,은평구진관동,14-3,,덕수천,근린공원,37.609251,126.90656
서울특별시,은평구진관동,101-2,,마고정,근린공원,37.611787,126.909981
서울특별시,은평구진관동,"85-1,2,3",,우물골,근린공원,37.6351344788,126.9253781615
서울특별시,은평구진관동,206-21,,신도,근린공원,37.594288,126.919595
서울특별시,은평구진관동,125-22,,마실길,근린공원,37.6411847166,126.942867269
서울특별시,은평구,"역촌동85-34,36",,역촌동소공원,소공원,37.611442,126.910162
서울특별시,은평구,구산동,309-38,거북이소공원,소공원,37.614886,126.907774
서울특별시,은평구,불광동,13-33외 3,요  산소공원,소공원,37.591827,126.918252
서울특별시,은평구,응암동,761-7,응암9구역소공원,소공원,37.609041,126.929362
서울특별시,은평구,불광동641-1일대,,불광3구역소공원,소공원,37.648497,126.929826
서울특별시,은평구,불광동,638-3 일대,불광6구역소공원,소공원,37.648497,126.929826
서울특별시,은평구,불광동,643-3,불광7구역소공원,소공원,37.646145,126.927556
서울특별시,은평구,응암동,762-4,응암3주택 재개발구역내소공원,소공원,37.633198,126.919096
서울특별시,은평구,진관동,158-14일원,폭포동소공원,소공원,37.637075,126.916493
서울특별시,은평구,진관동,195-16,잿말소공원,소공원,37.634196,126.925428
서울특별시,은평구,진관동,211-34,한옥마을소공원,소공원,37.632016,126.93076
서울특별시,은평구,신사동372-1,,신사동(새절)소공원,소공원,37.635399,126.934794
서울특별시,은평구,녹번동,283-7,녹번1-2지구 주택재개발정비구역내소공원,소공원,37.632016,126.93076
서울특별시,은평구,진관동,53-5,금암문화공원 (은평뉴타운제1호문화공원),주제공원,37.624806,126.92741
서울특별시,은평구,진관동,135-26,제각말문화공원 (은평뉴타운제2호 문화공원),주제공원,37.626369,126.925398
서울특별시,은평구,불광1,247-4,불광위령탑마을마당,기타공원,37.61362,126.929777
서울특별시,은평구,구산,산173-23,구산마을마당,기타공원,37.595561,126.904347
서울특별시,은평구,불광1,247,신사마을마당,기타공원,37.594385,126.908643
서울특별시,은평구,대조,48-42,대조마을마당,기타공원,37.641342,126.942228
서울특별시,은평구,녹번,103-23,자투리(녹번)마을마당,기타공원,37.599552,126.915551
서울특별시,은평구,신사2,300-153,자투리(신사)마을마당,기타공원,37.618267,126.932812
대구광역시,달서구,이곡동,1189,와룡윗근린공원,근린공원,35.85778877,128.5007069
대구광역시,달서구,용산동,949,용산근린공원,근린공원,35.85598189,128.5285095
대구광역시,달서구,상인동,1530,월곡근린공원,근린공원,35.8179798521,128.5445907664
대구광역시,달서구,월성동,87,월명근린공원,근린공원,35.8281201,128.5288887
대구광역시,달서구,상인동,1421-22,월배근린공원,근린공원,35.81283464,128.5367433
대구광역시,달서구,월암동,1163,선돌마당근린공원,근린공원,35.8225168511,128.515867615
대구광역시,달서구,유천동,613,흐르네근린공원,근린공원,35.81946039,128.5137102
대구광역시,달서구,유천동,608,한마음근린공원,근린공원,35.81656976,128.5156958
대구광역시,달서구,월성동,280-1,월성근린공원,근린공원,35.83108781,128.5318978
대구광역시,달서구,대천동,1022,월천근린공원,근린공원,35.82294406,128.5125818
대구광역시,달서구,상인동,1559,월촌근린공원,근린공원,35.81277938,128.5489485
대구광역시,달서구,이곡동,1301-2,이곡생수근린공원,근린공원,35.85443771,128.514682
대구광역시,달서구,이곡동,1306-6,이곡장미근린공원,근린공원,35.85741285,128.5144608
대구광역시,달서구,이곡동,1304-6,이곡정자근린공원,근린공원,35.85596982,128.5132242
대구광역시,달서구,장기동,산13-1,장기근린공원,근린공원,35.84447419,128.5204355
대구광역시,달서구,장동,산28,장동근린공원,근린공원,35.83708969,128.5128944
대구광역시,달서구,월성동,739,조암구석기근린공원,근린공원,35.82912849,128.5260212
대구광역시,달서구,월성동,산10-1,학산근린공원,근린공원,35.83203466,128.5388938
대구광역시,달서구,대천동,353-5,한샘청동근린공원,근린공원,35.82024789,128.5178277
대구광역시,달서구,호산동,714,호림근린공원,근린공원,35.84219401,128.4889018
대구광역시,달서구,대천동,900,호림강나루근린공원,근린공원,35.83282587,128.487231
대구광역시,달서구,대천동,900-2,호림강변근린공원,근린공원,35.83282587,128.487231
강원특별자치도,동해시,발한동,86-25일원,부곡공원,근린공원,37.54051506,129.1038624
대구광역시,동구,봉무동,1517,노랑공원,소공원,35.927432,128.6369874
대구광역시,동구,신암동,252-17,큰고개어린이공원(신암공원),어린이공원,35.883853,128.627224
대구광역시,동구,봉무동,416-1,봉무수변공원,수변공원,35.926165,128.6481247
대구광역시,동구,지묘동,1343,지묘공원,근린공원,35.94551409,128.6275796
대구광역시,동구,신서동,1156-5,반달곰어린이공원,어린이공원,35.87700682,128.727283
대구광역시,동구,신암동,666-10,신암1소공원,소공원,35.888412,128.6169921
대구광역시,동구,신암동,678-1,신암2소공원,소공원,35.89070196,128.6253178
대구광역시,동구,신암동,662,신암3소공원,소공원,35.889739,128.618409
대구광역시,동구,각산동,1177-1,각산1공원,소공원,35.87450223,128.7153795
대구광역시,동구,율암동,408,근린공원,근린공원,35.873979,128.701243
대구광역시,동구,율하동,33-2,소공원,소공원,35.873802,128.697432
대구광역시,동구,율하동,813-7,공원(율하첨단),문화공원,35.8640470959,128.6834228092
대구광역시,동구,신천동,353-7,어린이공원,어린이공원,35.869117,128.630518
대구광역시,동구,율암동,1157-49,어린이공원,어린이공원,35.874214757,128.709530894
대구광역시,동구,지묘동,1331,매암공원,소공원,35.94678749,128.6286585
대구광역시,동구,지묘동,1315,계동공원,소공원,35.94832495,128.6276103
대구광역시,동구,효목동,54-71,효목1동 소공원,소공원,35.883472,128.637864
대구광역시,동구,신암동,669,신암 어린이공원,어린이공원,35.888582,128.619098
대구광역시,동구,효목동,127-3,어린이공원,어린이공원,35.882458,128.640337
대구광역시,동구,신천동,656-45,신천어린이공원,어린이공원,35.869801,128.616803
대구광역시,동구,신암동,1796,신암1가로공원,기타,35.887953,128.625606
대구광역시,동구,효목동,68-5,효목1동 가로공원1,기타,35.886085,128.6380025
대구광역시,동구,효목동,120-1,효목1동 가로공원2,기타,35.88483927,128.6405455
대구광역시,동구,신천동,520-2,신천가로공원,기타,35.874056,128.616592
대구광역시,동구,신암동,산27-1,국립신암선열공원,묘지공원,35.890628,128.631121
대구광역시,동구,효목동,118-32,가로공원,기타,35.885049,128.641136
대구광역시,동구,효목동,89-29,가로공원,기타,35.8853888,128.641794
대구광역시,동구,효목동,83-13,가로공원,기타,35.886987,128.6408038
대구광역시,동구,금강동,628,금강소공원,소공원,35.8632220359,128.7323332993
인천광역시,남동구,간석동,37-679,순박길공원,어린이공원,37.4664305,126.7159631
충청남도,논산시,노성면,교촌리 346-10,노성산 애향공원,문화공원,36.283598,127.127364
충청남도,논산시,벌곡면,신양리 산79,진달래공원,묘지공원,36.208528,127.296885
경상북도,구미시,상모동,196,중수공원,어린이공원,36.0886849424,128.3509646366
경상북도,구미시,상모동,348-5,해오름공원,어린이공원,36.0840691,128.3498615
경상북도,구미시,봉곡동,197,봉곡도서관공원,근린공원,36.1529157351,128.3076920724
경상북도,구미시,봉곡동,217-1,싸리골공원,어린이공원,36.1532782641,128.3156936228
경상북도,구미시,봉곡동,207-5,명지공원,어린이공원,36.1527663782,128.3124570774
경상북도,구미시,봉곡동,151-1,지성공원,어린이공원,36.1557877986,128.30764499
경상북도,구미시,봉곡동,237-1,솔밭공원,어린이공원,36.1523975,128.3094061
경상북도,구미시,봉곡동,425-6,관동공원,어린이공원,36.1467356541,128.3114803103
경상북도,구미시,봉곡동,249,동살공원,어린이공원,36.1518859594,128.3053451818
경상북도,구미시,봉곡동,410-1,장고개공원,어린이공원,36.148821082,128.3155426802
경상북도,구미시,봉곡동,366-1,경구공원,어린이공원,36.1479541794,128.3091580579
경상북도,구미시,봉곡동,431-1,두리공원,어린이공원,36.1447784747,128.3093260764
경상북도,구미시,봉곡동,639,성남공원,어린이공원,36.1571654027,128.3059533875
경상북도,구미시,봉곡동,437-2,갓골공원,어린이공원,36.1434787257,128.3107838689
경상북도,구미시,사곡동,699,물꽃공원,근린공원,36.092936678,128.3566391209
경상북도,구미시,사곡동,692,늘푸른 공원,어린이공원,36.0935883791,128.3543999995
경상북도,구미시,사곡동,678-4,상록공원,어린이공원,36.0962398441,128.3578672741
제주특별자치도,제주시,노형동,2517-4,1-91호공원,어린이공원,33.48226306,126.4723586
제주특별자치도,제주시,노형동,2531-5,1-92호공원,어린이공원,33.4847873,126.4730782
제주특별자치도,제주시,노형동,2596-3,1-93호공원,어린이공원,33.48134247,126.4722779
제주특별자치도,제주시,노형동,2585-3,1-94호공원,어린이공원,33.48429881,126.4685571
제주특별자치도,제주시,노형동,2583-3,1-95호공원,어린이공원,33.48802946,126.4713321
제주특별자치도,제주시,노형동,2582-5,1-96호공원,어린이공원,33.48795878,126.4743783
제주특별자치도,제주시,도남동,731-6,1-97호공원,어린이공원,33.48855949,126.5218701
제주특별자치도,제주시,도남동,755-2,1-98호공원,어린이공원,33.48861146,126.5261216
제주특별자치도,제주시,이도2동,2041-4,1-99호공원,어린이공원,33.48746885,126.533931
제주특별자치도,제주시,이도2동,2033,1-100호공원,어린이공원,33.48965976,126.5339372
제주특별자치도,제주시,이도2동,2012-1,1-101호공원,어린이공원,33.48835313,126.5362833
제주특별자치도,제주시,이도2동,2024-1,1-102호공원,어린이공원,33.48654119,126.535539
제주특별자치도,제주시,이도2동,1991-1,1-103호공원,어린이공원,33.49231722,126.5391004
제주특별자치도,제주시,이도2동,1982-10,1-104호공원,어린이공원,33.48972162,126.5414789
제주특별자치도,제주시,이도2동,1942-2,1-105호공원,어린이공원,33.49357439,126.5440399
제주특별자치도,제주시,월평동,748-1,1-106호공원,어린이공원,33.45109298,126.5747136
제주특별자치도,제주시,도련1동,1969-4,1-107호공원,어린이공원,33.51512752,126.5794886
제주특별자치도,제주시,도련1동,1989-6,1-108호공원,어린이공원,33.51308094,126.5794897
제주특별자치도,제주시,도련1동,1999-6,1-109호공원,어린이공원,33.51312272,126.582352
제주특별자치도,제주시,아라1동,6045,1-110호공원,어린이공원,33.47658888,126.5409887
충청북도,청주시,청원구,오창읍 구룡리 436,안길,어린이공원,36.709081,127.412762
충청북도,청주시,청원구,오창읍 구룡리 406-1,구룡중앙,어린이공원,36.711292,127.414056
충청북도,청주시,청원구,오창읍 구룡리 399-2,샛별,어린이공원,36.711902,127.412464
제주특별자치도,제주시,외도1동,438-3,1-71호공원,어린이공원,33.49155214,126.427864
제주특별자치도,제주시,외도1동,442-5,1-72호공원,어린이공원,33.49061562,126.4300867
제주특별자치도,제주시,외도1동,455-1,1-73호공원,어린이공원,33.49008813,126.4275892
제주특별자치도,제주시,외도1동,452-1,1-74호공원,어린이공원,33.49119616,126.4332182
제주특별자치도,제주시,외도1동,493-3,1-75호공원,어린이공원,33.48806061,126.428379
제주특별자치도,제주시,외도1동,523-3,1-76호공원,어린이공원,33.48853258,126.4321901
제주특별자치도,제주시,외도1동,453-2,1-77호공원,어린이공원,33.49080703,126.433817
제주특별자치도,제주시,외도1동,560-3,1-78호공원,어린이공원,33.4857257,126.4319502
제주특별자치도,제주시,화북1동,1957,1-79호공원,어린이공원,33.52149443,126.5647671
제주특별자치도,제주시,화북1동,1972-9,1-80호공원,어린이공원,33.51969793,126.5676814
제주특별자치도,제주시,화북1동,2127,1-81호공원,어린이공원,33.51459773,126.5609092
제주특별자치도,제주시,화북1동,2134-3,1-82호공원,어린이공원,33.51423727,126.5663721
제주특별자치도,제주시,화북1동,11-8,1-86호공원,어린이공원,33.5207155485,126.5753567677
제주특별자치도,제주시,화북1동,9-2,1-87호공원,어린이공원,33.519704457,126.5766601666
제주특별자치도,제주시,화북1동,12-3,1-88호공원,어린이공원,33.51788288,126.5760423
제주특별자치도,제주시,노형동,2511-1,1-89호공원,어린이공원,33.48454606,126.4710597
제주특별자치도,제주시,노형동,2514-2,1-90호공원,어린이공원,33.48354646,126.4719407
제주특별자치도,제주시,노형동,1274-8,1-49호공원,어린이공원,33.4892038,126.4813182
제주특별자치도,제주시,노형동,1066-1,1-50호공원,어린이공원,33.48846965,126.4777956
제주특별자치도,제주시,노형동,1056-4,1-51호공원,어린이공원,33.48744152,126.4755709
제주특별자치도,제주시,노형동,1285-2,1-52호공원,어린이공원,33.48548708,126.4766269
제주특별자치도,제주시,도련2동,578-5,1-53호공원,어린이공원,33.51499463,126.5899634
제주특별자치도,제주시,도련1동,1795-3,1-54호공원,어린이공원,33.5118938,126.5908101
제주특별자치도,제주시,도련1동,1769-9,1-55호공원,어린이공원,33.5115258,126.5885774
제주특별자치도,제주시,도련1동,2264-9,1-56호공원,어린이공원,33.50896125,126.5850566
제주특별자치도,제주시,도련1동,2224,1-57호공원,어린이공원,33.50792012,126.5815219
제주특별자치도,제주시,도련1동,2277,1-58호공원,어린이공원,33.50767807,126.5863797
제주특별자치도,제주시,도련동,1615-1,1-59호공원,어린이공원,33.48295235,126.4719591
제주특별자치도,제주시,봉개동,2448-1,1-60호공원,어린이공원,33.49119254,126.5889504
제주특별자치도,제주시,봉개동,2609-5,1-61호공원,어린이공원,33.49288727,126.5910792
제주특별자치도,제주시,봉개동,1920-2,1-62호공원,어린이공원,33.48909803,126.5938871
제주특별자치도,제주시,봉개동,1552-1,1-63호공원,어린이공원,33.48946195,126.5981681
제주특별자치도,제주시,봉개동,1378,1-64호공원,어린이공원,33.48827094,126.5999294
제주특별자치도,제주시,노형동,751-1,1-65호공원,어린이공원,33.47784257,126.4802037
제주특별자치도,제주시,노형동,732-2,1-66호공원,어린이공원,33.47922768,126.4865701
제주특별자치도,제주시,연동,1519-1,1-67호공원,어린이공원,33.4776474,126.4897899
제주특별자치도,제주시,연동,1504-2,1-68호공원,어린이공원,33.47964798,126.4914688
제주특별자치도,제주시,외도1동,492-11,1-69호공원,어린이공원,33.4872938,126.4276289
제주특별자치도,제주시,외도1동,634-6,1-70호공원,어린이공원,33.4857195,126.4300351
경상북도,구미시,옥계동,922,푸른공원,어린이공원,36.138333949,128.4308103611
경상북도,구미시,송정동,448,송정공원,근린공원,36.1195252097,128.3538351745
경상북도,구미시,선산읍,교리 1164,생원공원,어린이공원,36.2481921281,128.3018132171
경상북도,구미시,봉곡동,292,봉곡테마공원,근린공원,36.1509603846,128.3139780248
경상북도,구미시,봉곡동,산 3,다봉공원,근린공원,36.1560898429,128.3094449221
경상북도,구미시,도량동,87,야은공원,어린이공원,36.1481762425,128.3231432641
경상북도,구미시,도량동,80,소롯골 공원,어린이공원,36.1460596388,128.3250199063
경상북도,구미시,황상동,161,해바라기공원,어린이공원,36.1178660275,128.4261608823
경상북도,구미시,황상동,273-1,황상공원(꾸러기),어린이공원,36.1120518846,128.4238375936
경상북도,구미시,원평동,78-12,샛별공원,어린이공원,36.1281902146,128.3270744511
경상북도,구미시,형곡동,133-1,형일공원,어린이공원,36.1150554357,128.3313870687
경상북도,구미시,도량동,76,새싹공원,어린이공원,36.149824904,128.3254717586
경상북도,구미시,도량동,113,희망공원,어린이공원,36.1413614713,128.322293878
경상북도,구미시,도량동,89,소담공원,어린이공원,36.1462614184,128.3216362848
경상북도,구미시,도량동,124,해나라공원,어린이공원,36.1421858016,128.3238673637
경상북도,구미시,오태동,734,초록공원,어린이공원,36.0718529198,128.3470154493
경상북도,구미시,오태동,752-1,오태중앙공원,어린이공원,36.0708614255,128.3518945961
경상북도,구미시,인의동,838-1,한누리공원,어린이공원,36.10464574,128.4220430249
경상북도,구미시,원평동,1078,원평공원,근린공원,36.1207683109,128.3549206763
경상북도,구미시,송정동,43,백산공원,어린이공원,36.1208584255,128.3452357825
경상북도,구미시,선산읍,교리 887-1,용호공원,어린이공원,36.252022909,128.3028620679
경상북도,구미시,상모동,266-11,I♡공원,어린이공원,36.0862750282,128.3511745073
경상북도,구미시,상모동,260-5,개나리공원,어린이공원,36.0859513171,128.3489988991
경상북도,구미시,오태동,80-3,당산공원,어린이공원,36.079740689,128.3746957027
경상북도,구미시,상모동,542,온누리공원,어린이공원,36.0850147861,128.3516444823
충청남도,논산시,취암동,1043-13,논산 9호 어린이공원,어린이공원,36.202481,127.091117
충청남도,논산시,취암동,1052-4,논산 10호 어린이공원,어린이공원,36.199915,127.089762
충청남도,논산시,강산동,560,논산 11호 어린이공원,어린이공원,36.194561,127.087692
충청남도,논산시,강산동,624,논산 12호 어린이공원,어린이공원,36.193267,127.086173
충청남도,논산시,강산동,644,논산 13호 어린이공원,어린이공원,36.19231049,127.089656
충청남도,논산시,내동,1070,논산 14호 어린이공원,어린이공원,36.191303,127.090762
충청남도,논산시,내동,678,논산 15호 어린이공원,어린이공원,36.187464,127.100051
충청남도,논산시,내동,916,논산 16호 어린이공원,어린이공원,36.184322,127.0993935
충청남도,논산시,내동,610,논산 17호 어린이공원,어린이공원,36.186646,127.103217
충청남도,논산시,대교동,332,논산 18호 어린이공원,어린이공원,36.211008,127.090668
충청남도,논산시,내동,272-3,논산 20호 어린이공원,어린이공원,36.19126118,127.0969957
충청남도,논산시,취암동,1068-1,취암어린이공원,어린이공원,36.201406,127.093449
충청남도,논산시,취암동,1079-7,논산 취암27 어린이공원,어린이공원,36.198948,127.092563
경기도,화성시,매송명,원평리 208-1,어천저수지쌈지공원,기타,37.25159213,126.917471
경기도,화성시,남양리,2214,1호근린 늘봄맞이 공원,근린공원,37.20377191,126.8339098
경기도,화성시,남양리,2194,2호근린 풀 향기 숲공원,근린공원,37.2103532,126.8362792
경기도,화성시,북양리,695,3호근린 꽃내음 언덕공원,근린공원,37.21536194,126.834282
경기도,화성시,남양리,2255,4호근린 너른 고향 들,근린공원,37.2103429,126.8250355
경기도,화성시,남양리,2254,5호근린 돋음볕 공원,근린공원,37.2078298,126.8179152
경기도,화성시,남양리,230,6호근린 솔바람 공원,근린공원,37.20909572,126.8045352
경기도,화성시,남양리,2300-1,7호근린 마을어귀 길,근린공원,37.20246756,126.823594
경기도,화성시,남양리,2236,1호체육 푸른 건강 뜰,체육공원,37.20997393,126.8264524
경기도,화성시,남양리,2203,1호어린이 파릇파릇 어린이공원,어린이공원,37.20421166,126.8400042
경기도,화성시,남양리,2211-1,2호어린이 꿈틀꿈틀 놀이터,어린이공원,37.20446805,126.8380011
경기도,화성시,남양리,2220,3호어린이 산들산들 어린이공원,어린이공원,37.20860812,126.8362159
경기도,화성시,남양리,2234,4호어린이 풍덩풍덩 어린이공원,어린이공원,37.21015717,126.8282693
경기도,화성시,남양리,2276,5호어린이 첨벙첨벙 어린이공원,어린이공원,37.20735158,126.8262819
경기도,화성시,남양리,2250,6호어린이 질퍽질퍽 어린이공원,어린이공원,37.20956367,126.8219585
경기도,화성시,남양리,2286,7호어린이 용알 어린이공원,어린이공원,37.20576672,126.8189085
대구광역시,수성구,중동,533-3,중동공원,소공원,35.8488659,128.6096633
경기도,화성시,새솔동,27-2,1호 근린공원(별솔공원),근린공원,37.28303455,126.8295649
경기도,화성시,새솔동,83,2호 근린공원(수노을중앙공원),근린공원,37.28303452,126.8171133
경기도,화성시,새솔동,113,3호 어린이공원(가온공원),어린이공원,37.27815623,126.8199499
경기도,화성시,새솔동,15,4호 어린이공원(해오름어린이공원),어린이공원,37.28565434,126.8209244
경기도,화성시,비봉면,유포리 619,비봉체육공원,체육공원,37.25813928,126.8479895
경기도,화성시,새솔동,126,2호 체육공원(봉선체육공원),체육공원,37.27617817,126.8227509
경기도,화성시,새솔동,99-7,공공공지 1호,기타,37.27963427,126.8201719
경기도,화성시,새솔동,101-1,공공공지 2호,기타,37.27927289,126.8195413
경기도,화성시,새솔동,51-16,공공공지 3호,기타,37.28589986,126.8165033
경기도,화성시,새솔동,52-6,공공공지 4호,기타,37.28564694,126.8160979
경기도,화성시,새솔동,58-6,공공공지 5호,기타,37.28510541,126.8155129
경기도,화성시,새솔동,54-1,공공공지 6호,기타,37.28607818,126.815285
경기도,화성시,새솔동,57-18,공공공지 7호,기타,37.28582596,126.8153307
경기도,화성시,새솔동,57-6,공공공지 8호,기타,37.28625697,126.8143824
경기도,화성시,새솔동,60-1,공공공지 9호,기타,37.28571685,126.8146994
경기도,화성시,새솔동,84-10,경관광장 1호,기타,37.28362821,126.8158322
경기도,화성시,새솔동,85-15,경관광장 2호,기타,37.28384365,126.815313
경기도,화성시,새솔동,89-14,경관광장 3호,기타,37.28272689,126.815654
경기도,화성시,새솔동,88-14,경관광장 4호,기타,37.28276188,126.8149773
경기도,화성시,새솔동,57-12,경관광장 5호,기타,37.28611344,126.8147887
경기도,화성시,비봉면,양노리 738-54,양노리 소공원,소공원,37.21756393,126.8703831
경기도,화성시,비봉면,구포리 63-4,구포리 소공원,기타,37.24033075,126.8824821
경기도,화성시,비봉면,구포리 산6-22,비봉 쌈지공원 (1),기타,37.23778991,126.8763179
경기도,화성시,비봉면,양노리 180-9,비봉 쌈지공원 (2),기타,37.23147872,126.8730986
경기도,화성시,비봉면,양노리 705-4,비봉 쌈지공원 (3),기타,37.22413998,126.8589272
경기도,화성시,매송면,원평리 579,매송체육공원,체육공원,37.24840996,126.9283726
경기도,화성시,매송면,천천리 91-3,천천리 가로공원,기타,37.24385636,126.9527873
경기도,화성시,매송면,천천리 185-1,매송 쌈지공원(천천리 어린이놀이터),기타,37.24601066,126.9452166
경기도,화성시,매송면,원평리 537-2,벌터쌈지공원,기타,37.23840458,126.9263718
경기도,광명시,가학동,7,가학산근린공원,근린공원,37.4272,126.8653
경기도,광명시,일직동,528-1,문화공원2,문화공원,37.4125585955,126.8857442797
경기도,광명시,일직동,345,양지사거리체육공원,체육공원,37.416412541,126.8776774325
경기도,광명시,광명동,317-33,새싹모둠소공원,소공원,37.4700100564,126.8534933054
경기도,광명시,철산동,638-1,광덕,어린이공원,37.4725,126.8658
대구광역시,동구,각산동,1096-2,거북이어린이공원,어린이공원,35.87767483,128.720786
대구광역시,동구,숙천동,387,수달어린이공원,어린이공원,35.88021548,128.7528034
대구광역시,동구,숙천동,380-5,꽃사슴어린이공원,어린이공원,35.88365747,128.7522501
대구광역시,동구,신암동,134-11,동자02공원,소공원,35.889825,128.6296366
대구광역시,동구,신암동,1835,선진신암어린이공원,어린이공원,35.87815585,128.6178644
대구광역시,동구,지묘동,1347,서원연경공원,문화공원,35.94197359,128.6300418
대구광역시,동구,지묘동,1384,한들어린이공원,어린이공원,35.94099414,128.6307209
대구광역시,동구,율하동,1626,율하체육공원,체육공원,35.859922,128.692837
대구광역시,동구,사복동,842-4,나무늘보어린이공원,어린이공원,35.87619656,128.750231
대구광역시,동구,사복동,852-1,담비어린이공원,어린이공원,35.87472152,128.7517244
대구광역시,동구,송정동,305-2,송정1공원,소공원,35.98799206,128.6224719
대구광역시,동구,백안동,456,백안1공원,소공원,35.95669563,128.693206
대구광역시,동구,백안동,467-13,백안2공원,소공원,35.95623624,128.6911878
대구광역시,동구,백안동,223-1,백안3공원,소공원,35.955143,128.6943805
대구광역시,동구,백안동,183-2,백안4공원,소공원,35.95401429,128.6924653
대구광역시,동구,용계동,603-2,용계어린이공원,어린이공원,35.87197245,128.684657
대구광역시,동구,용계동,796-12,용계공원,문화공원,35.87038681,128.6831598
대구광역시,동구,신암동,1767-2,신암2가로공원,소공원,35.889032,128.627818
대구광역시,동구,신암동,716-87,기상대기념공원,문화공원,35.88554534,128.618964
대구광역시,동구,봉무동,1525,위남공원,근린공원,35.92646346,128.6374753
대구광역시,동구,봉무동,1567,단산유적공원,근린공원,35.91757514,128.6399264
대구광역시,동구,봉무동,1540,푸른공원,소공원,35.9218102,128.6400113
대구광역시,동구,봉무동,1538,초록공원,소공원,35.921735,128.6422927
대구광역시,동구,봉무동,1536,분홍공원,소공원,35.921743,128.6442524
서울특별시,강남구,일원동,732-4,일원장미공원,어린이공원,37.480681,127.0808231
서울특별시,강남구,일원동,730-3,일원개나리공원,어린이공원,37.48300519,127.0763956
서울특별시,강남구,일원동,730-2,일원느티나무공원,어린이공원,37.483047,127.0774123
서울특별시,강남구,일원동,718-1,일원소나무공원,어린이공원,37.484061,127.0817812
서울특별시,강남구,일원동,734-1,일원상록수공원,어린이공원,37.482102,127.0822265
서울특별시,강남구,일원동,735-1,일원비둘기공원,어린이공원,37.48327765,127.0860025
서울특별시,강남구,일원동,716-1,일원진달래공원,어린이공원,37.484753,127.0847344
서울특별시,강남구,수서동,746-1,일원새싹공원,어린이공원,37.484772,127.0890958
서울특별시,강남구,수서동,736-1,수서까치공원,어린이공원,37.48713637,127.0979512
서울특별시,강남구,수서동,707-1,수서은행나무공원,어린이공원,37.49213676,127.0997523
서울특별시,강남구,수서동,712-1,수서목련공원,어린이공원,37.49062982,127.1036989
서울특별시,강남구,수서동,723-1,수서개나리공원,어린이공원,37.487518,127.1054203
서울특별시,강남구,세곡동,129-13,아래반고개공원,어린이공원,37.463874,127.1071102
서울특별시,강남구,세곡동,99-6,윗반고개공원,어린이공원,37.46569942,127.109147
서울특별시,강남구,세곡동,369-3,은곡마을공원,어린이공원,37.46801863,127.1004611
서울특별시,강남구,자곡동,233-2,쟁골공원,어린이공원,37.48190388,127.1020753
서울특별시,강남구,자곡동,447-23,못골공원,어린이공원,37.473573,127.100181
서울특별시,강남구,율현동,308-29,윗방죽마을공원,어린이공원,37.470276,127.104681
서울특별시,강남구,율현동,194-1,아래방죽마을공원,어린이공원,37.473276,127.1082321
서울특별시,강남구,역삼동,666-2,충현공원,어린이공원,37.50467201,127.0365347
서울특별시,강남구,세곡동,522-1,세곡천공원,어린이공원,37.46321345,127.1012799
서울특별시,강남구,세곡동,526-2,대왕공원,어린이공원,37.4624778,127.1049341
서울특별시,강남구,세곡동,603,세천근린공원,근린공원,37.46652497,127.0949058
서울특별시,강남구,자곡동,625,세명근린공원,근린공원,37.4692274,127.0902554
경기도,광주시,경안동,428,경안2소공원,소공원,37.41172868,127.261992
경기도,광주시,곤지암읍,곤지암리 453-4,곤지암소공원,소공원,37.35055475,127.3374982
서울특별시,송파구,신천동,"32, 잠실동 47",송파나루,근린공원,37.51210416,127.1077049
서울특별시,송파구,문정동,150-8,숯내,근린공원,37.48970385,127.111231
서울특별시,송파구,잠실동,84,아시아,근린공원,37.51068203,127.0759347
서울특별시,송파구,문정동,92,연화,근린공원,37.485159989,127.1297173897
서울특별시,송파구,오금동,51,오금,근린공원,37.499994,127.134853
서울특별시,송파구,신천동,20-1,온조마루,근린공원,37.5199244,127.1100846
서울특별시,송파구,가락동,21,웃말,근린공원,37.50167671,127.123153
서울특별시,송파구,잠실동,230,잠실,근린공원,37.50621827,127.084165
서울특별시,송파구,장지동,846,장수,근린공원,37.480889,127.1304766
서울특별시,송파구,장지동,산 11 외,장지,근린공원,37.484721,127.134551
서울특별시,송파구,마천동,산 2 외,천마,근린공원,37.500386,127.158815
서울특별시,송파구,풍납동,389-2,태양,근린공원,37.52544289,127.1152157
서울특별시,송파구,풍납동,74,풍납,근린공원,37.53809304,127.1217719
서울특별시,송파구,신천동,17-10,하늘가람,근린공원,37.519327,127.106703
서울특별시,송파구,송파동,152,한양,근린공원,37.50407597,127.1153987
서울특별시,송파구,문정동,"626,633",한우물,근린공원,37.479138,127.1244919
서울특별시,송파구,문정동,150-5,훼밀리,근린공원,37.49075881,127.1140908
서울특별시,송파구,오금동,106-1 일원,오금지구 근린공원,근린공원,37.505504,127.140584
서울특별시,송파구,오금동,21,가야금,어린이공원,37.508629,127.1293119
서울특별시,송파구,문정동,81,개나리,어린이공원,37.482425,127.1283131
서울특별시,송파구,거여동,29,개미,어린이공원,37.4921999,127.146735
서울특별시,송파구,송파동,243-1,거북이,어린이공원,37.50170298,127.119522
서울특별시,송파구,거여동,593-1,거여,어린이공원,37.492626,127.1428082
서울특별시,송파구,방이동,139,곰말,어린이공원,37.51190919,127.1177088
서울특별시,송파구,문정동,150-6,굴렁쇠,어린이공원,37.490223,127.1124333
서울특별시,송파구,오금동,117-1,꿈나무,어린이공원,37.5032386,127.141109
서울특별시,송파구,삼전동,37,나루터,어린이공원,37.501606,127.0867436
경상북도,청도군,화양읍,소라리 산47,송읍공원,근린공원,35.65631383,128.7409951
경상북도,청도군,청도읍,유호리 686,유호공원,근린공원,35.57478645,128.7714191
경상북도,청도군,청도읍,고수리 494-4,고수제1공원,어린이공원,35.64465738,128.7410305
경상북도,청도군,청도읍,고수리 831-85,고수제4공원,어린이공원,35.6426209,128.7472682
경상북도,청도군,이서면,학산리 164-1,학산제1호어린이공원,어린이공원,35.66369808,128.670247
경상북도,청도군,각북면,남산리 248,남산3공원,소공원,35.6906981,128.5890725
경상북도,청도군,운문면,방음리 651,새마을동산,문화공원,35.70906434,128.9526634
경상북도,청도군,매전면,호화리 752-33,장연공원,수변공원,35.63931938,128.8506000109
대구광역시,중구,달성동,294-1,달성공원,근린공원,35.87339859,128.5759232
대구광역시,중구,포정동,21,경상감영공원,근린공원,35.87267548,128.5916854
대구광역시,중구,동인동2가,42,국채보상운동기념공원,근린공원,35.86930105,128.601739
대구광역시,중구,공평동,15,2.28기념 중앙공원,근린공원,35.8692142,128.5971828
대구광역시,중구,수창동,174,수창공원,근린공원,35.87541893,128.5832242
대구광역시,중구,수창동,64,제2수창공원,근린공원,35.87541867,128.5832235
대구광역시,중구,대신동,2111,대신공원,소공원,35.86416777,128.5750918
대구광역시,중구,남산동,3040,남산3공원,소공원,35.8621819595,128.5756534
대구광역시,중구,남산동,3023,남산소공원,소공원,35.862636621,128.5840585565
대구광역시,중구,수창동,58-18,제3수창공원,소공원,35.87543789,128.5844994
대구광역시,중구,남산동,3042,남산4공원,소공원,35.8599296923,128.5752705801
대구광역시,중구,남산동,3041,남산5공원,소공원,35.8608958867,128.5772319326
대구광역시,중구,남산동,2507,남산공원,어린이공원,35.858258,128.5805701
대구광역시,중구,남산동,3052,남산제2공원,어린이공원,35.8606417284,128.5796031738
대구광역시,중구,달성동,356,달성제1어린이공원,어린이공원,35.8755175987,128.5814005881
대구광역시,중구,달성동,353,달성제2어린이공원,어린이공원,35.8767287728,128.5786910831
대구광역시,중구,대봉동,733-17,건들바위역사공원,역사공원,35.85687326,128.5977698
충청남도,공주시,산성동,181-149,산성문화공원,문화공원,36.4567323255,127.1228908777
충청남도,공주시,중동,64-6,금낙원공원,소공원,36.4552066268,127.1257792523
충청남도,공주시,금학동,250-29,금학소공원,소공원,36.4415652204,127.1196152307
충청남도,공주시,월송동,621,숲속놀이터,어린이공원,36.4757355242,127.1543990619
충청남도,공주시,반포면,봉곡리 산7-1,반포공원,근린공원,36.40463415,127.2484899
충청남도,공주시,유구읍,석남리 366-2,바람공원,어린이공원,36.55001366,126.9481927
충청남도,공주시,월송동,513,돝음별 공원,근린공원,36.472719,127.153021
충청남도,공주시,금흥동,산45-11,풀향기숲공원,근린공원,36.479368,127.153254
충청남도,공주시,금흥동,607-4,신금공원,소공원,36.479325,127.141235
충청남도,공주시,금흥동,612-1,한적골공원,어린이공원,36.478645,127.139005
충청남도,공주시,신관동,665,관골2공원,어린이공원,36.4751917742,127.135562
서울특별시,강남구,개포동,12-3,한마음공원,어린이공원,37.49642631,127.0755359
경상남도,창원시,진해구,여좌동 924-1,근린공원92,근린공원,35.158055,128.666869
경상남도,창원시,진해구,여좌동 924-1,소공원102,소공원,35.158055,128.666869
경상남도,창원시,진해구,여좌동 924-1,소공원103,소공원,35.158055,128.666869
경상남도,창원시,진해구,여좌동 924-1,소공원104,소공원,35.158055,128.666869
경상남도,창원시,진해구,이동 552-10,어린이공원234,어린이공원,35.151443,128.690847
경상남도,창원시,진해구,태백동 55-16,소공원109,소공원,35.166291,128.658858
경상남도,창원시,진해구,안골동 산35,공원85,근린공원,35.091938,128.805336
경상남도,창원시,진해구,안골동 45,공원93,소공원,35.090823,128.804865
경상남도,창원시,진해구,안골동 35,공원94,소공원,35.091044,128.806194
경상남도,창원시,진해구,장천동 572-3,어린이공원241,어린이공원,35.129496,128.701264
경상남도,창원시,진해구,풍호동 414-1,소공원121,소공원,35.133961,128.699925
경상남도,창원시,진해구,풍호동 414-9,소공원122,소공원,35.13379952,128.699073
경상남도,창원시,진해구,장천동 555-1,소공원123,소공원,35.130921,128.700236
경상남도,창원시,진해구,용원동 1335,용원체육공원,체육공원,35.09127172,128.8265902
경기도,광주시,경안동,242,청석공원,체육공원,37.4119921,127.264843
경기도,광주시,경안동,168-1,광주시호국보훈공원,근린공원,37.40936025,127.2512846
경기도,광주시,곤지암읍,삼리 131-1,삼리어린이공원,어린이공원,37.35642312,127.3267943
경기도,광주시,중대동,92,중대물빛공원,수변공원,37.40058533,127.2201255
경기도,광주시,오포읍,양벌리 1040-1,양벌소공원,소공원,37.37092621,127.2479185
경기도,광주시,초월읍,서하리 471-3,안골소공원,소공원,37.43496569,127.3071028
경기도,광주시,경안동,254-34,경안소공원,소공원,37.4121908,127.2543733
경기도,광주시,태전동,223,태전소공원,소공원,37.38723494,127.2296743
경기도,광주시,탄벌동,731-7,탄벌소공원,소공원,37.42105043,127.2374622
경기도,광주시,초월읍,지월리 889,초월1소공원,소공원,37.41630044,127.3080169
경기도,광주시,초월읍,무갑리 913,초월2소공원,소공원,37.41566864,127.3124059
경기도,광주시,경안동,425,경안1소공원,소공원,37.41246902,127.2613857
서울특별시,마포구,망원동,381-1,한마음어린이공원,어린이공원,37.554689,126.908012
서울특별시,마포구,망원동,408-3,옹달샘어린이공원,어린이공원,37.555005,126.902213
서울특별시,마포구,망원2동,436-1,두리어린이공원,어린이공원,37.560249,126.901287
서울특별시,마포구,망원2동,509-1,망원새싹어린이공원,어린이공원,37.559072,126.898531
서울특별시,마포구,연남동,563-5,느티나무어린이공원,어린이공원,37.559509,126.918717
서울특별시,마포구,연남동,250-1,은행나무어린이공원,어린이공원,37.564634,126.922412
서울특별시,마포구,성산동,113-2,다솜어린이공원,어린이공원,37.562273,126.915497
서울특별시,마포구,성산동,588-8,뒤뜰어린이공원,어린이공원,37.563171,126.909337
서울특별시,마포구,성산동,587-18 일대,외주목어린이공원,어린이공원,37.562753,126.907962
서울특별시,마포구,성산동,667-1,성메어린이공원,어린이공원,37.568099,126.914835
서울특별시,마포구,성산동,147-5,성황당어린이공원,어린이공원,37.569036,126.907328
서울특별시,마포구,성산동,200-50,큰길어린이공원,어린이공원,37.567792,126.9082419
서울특별시,마포구,성산동,200-335,쌍둥이어린이공원,어린이공원,37.565742,126.906753
서울특별시,마포구,성산동,199-11,성사천어린이공원,어린이공원,37.565373,126.904868
서울특별시,마포구,중동,36-27,중동소어린이공원,어린이공원,37.57067636,126.906726
서울특별시,마포구,중동,228,중동어린이공원,어린이공원,37.568461,126.910438
서울특별시,마포구,중동,36-34,샘터어린이공원,어린이공원,37.569894,126.906749
서울특별시,마포구,중동,40-5 일대,개나리어린이공원,어린이공원,37.569918,126.909182
서울특별시,마포구,상암동,1619,새누리어린이공원,어린이공원,37.575503,126.898226
서울특별시,마포구,상암동,14-5,휴암어린이공원,어린이공원,37.577136,126.895662
서울특별시,마포구,상암동,1636,부엉바위어린이공원,어린이공원,37.575395,126.892472
서울특별시,마포구,상암동,1656,물치어린이공원,어린이공원,37.577694,126.887921
서울특별시,마포구,상암동,1681,귀리어린이공원,어린이공원,37.581473,126.880714
서울특별시,마포구,상암동,산26-39,상암공원,근린공원,37.578696,126.883265
서울특별시,마포구,상암동,1631,매봉산공원,근린공원,37.573807,126.8955799
서울특별시,마포구,상암동,1583,구룡공원,근린공원,37.582791,126.883713
서울특별시,마포구,창전동3-231,등 59필지,와우공원,근린공원,37.552344,126.928984
충청남도,논산시,취암동,1029-1,논산 7호 어린이공원,어린이공원,36.207846,127.097702
충청남도,논산시,취암동,1034-1,논산 8호 어린이공원,어린이공원,36.20550863,127.093932
경상남도,창원시,진해구,용원동 1336-7,초록오름1공원,근린공원,35.089273,128.806143
경상남도,창원시,진해구,이동 666,이동레포츠공원,체육공원,35.147672,128.694622
경상남도,창원시,진해구,남문동 1284,어린이공원212,어린이공원,35.104739,128.760306
경상남도,창원시,진해구,장천동 산1-300,장천체육 공원,체육공원,35.128567,128.719252
경상남도,창원시,진해구,풍호동 305-25,근린공원74,근린공원,35.134021,128.703806
경상남도,창원시,진해구,장천동 175-1,벚꽃공원,문화공원,35.123465,128.708060334
경상남도,창원시,진해구,남문동 1292,어린이공원217,어린이공원,35.10459988,128.756348
경상남도,창원시,진해구,안골동 산64,소공원67,소공원,35.088942,128.795244
경상남도,창원시,진해구,안골동 산59,소공원68,소공원,35.090843,128.7925503859
경상남도,창원시,진해구,경화동 1334-2,덕주공원,문화공원,35.159789,128.685109
경상남도,창원시,진해구,명동 산104,어린이공원221,어린이공원,35.095043,128.734661
경상남도,창원시,진해구,명동 54,소공원69,소공원,35.0969603416,128.734469
경상남도,창원시,진해구,두동 290,어린이공원222,어린이공원,35.126593,128.806266
경상남도,창원시,진해구,두동 373,어린이공원223,어린이공원,35.123195,128.804094
경상남도,창원시,진해구,두동 750,어린이공원224,어린이공원,35.123879,128.801349
경상남도,창원시,진해구,두동 120,소공원70,소공원,35.126727,128.810075
경상남도,창원시,진해구,두동 319,소공원71,소공원,35.125052,128.808408
경상남도,창원시,진해구,두동 457-1,소공원72,소공원,35.121928,128.805949
경상남도,창원시,진해구,두동 1042,소공원73,소공원,35.120668,128.796132
경상남도,창원시,진해구,죽곡동 산106,소공원76,소공원,35.107414,128.721098
경상남도,창원시,진해구,죽곡동 산113-1,소공원77,소공원,35.105507,128.719138
경상남도,창원시,진해구,죽곡동 산99,소공원78,소공원,35.109042,128.724677
경상남도,창원시,진해구,자은동 143-3,소공원82,소공원,35.154514,128.713159
경상남도,창원시,진해구,경화동 1007-14,진해해변 공원,문화공원,35.147195,128.684297
경상남도,창원시,진해구,경화동 664,소공원90,소공원,35.156469,128.685389
경상남도,창원시,진해구,경화동 690,소공원91,소공원,35.156554,128.686757
경상남도,창원시,진해구,태백동 산 52-105,근린공원91,근린공원,35.159486,128.668573
대구광역시,수성구,신매동,580-2,청솔공원,어린이공원,35.836675,128.706066
대구광역시,수성구,신매동,586,신기공원,어린이공원,35.83460363,128.7082373
대구광역시,수성구,신매동,594-2,동서공원,어린이공원,35.834319,128.705562
대구광역시,수성구,신매동,595-2,두성공원,어린이공원,35.833657,128.7051988
대구광역시,수성구,신매동,598,두리공원,어린이공원,35.83190248,128.7037204
대구광역시,수성구,매호동,1329,삼각공원,어린이공원,35.843632,128.707552
대구광역시,수성구,매호동,1333,나래공원,어린이공원,35.84369031,128.700098
대구광역시,수성구,매호동,1330-2,누리공원,어린이공원,35.84136103,128.7060404
대구광역시,수성구,시지동,137-5,고산공원,어린이공원,35.844868,128.694859
대구광역시,수성구,지산동,1265,세각단공원,어린이공원,35.82699061,128.6330244
대구광역시,수성구,지산동,1293,무학공원,어린이공원,35.8249773,128.6395648
대구광역시,수성구,지산동,1287,지봉공원,어린이공원,35.82328302,128.6398919
대구광역시,수성구,지산동,1280,수동공원,어린이공원,35.82491506,128.6370054
대구광역시,수성구,지산동,1272-1,에덴공원,어린이공원,35.82142302,128.6322700479
대구광역시,수성구,지산동,1247,청산공원,어린이공원,35.82363097,128.6276183
대구광역시,수성구,지산동,1256,화성공원,어린이공원,35.8254819,128.6291573
대구광역시,수성구,시지동,487,달무리공원,어린이공원,35.84103285,128.6930633
대구광역시,수성구,시지동,498-1,미진공원,어린이공원,35.837723,128.6966134
대구광역시,수성구,시지동,509-1,전원공원,어린이공원,35.841312,128.6976032
대구광역시,수성구,사월동,646,사월공원,어린이공원,35.83822269,128.7218373
대구광역시,수성구,두산동,31-7,들안길꿈나무공원,어린이공원,35.838306,128.618639
대구광역시,수성구,수성동3가,216,수성공원,어린이공원,35.8528826,128.6186534
대구광역시,수성구,만촌동,725-1,두건골공원,역사공원,35.85826865,128.6517033
대구광역시,수성구,욱수동,11-4,사월공원,소공원,35.8324886652,128.7127924
대구광역시,수성구,파동,118-222,파동공원,소공원,35.8199768,128.6175803
대구광역시,수성구,범물동,1283-2,용지공원,소공원,35.8208197289,128.6465575868
경상북도,구미시,진평동,1041-1,찰밭공원,어린이공원,36.100833942,128.4225801009
경상북도,구미시,오태동,769,도원공원,어린이공원,36.0688837794,128.3539836489
경상북도,구미시,신평동,56-2,푸르미공원,어린이공원,36.1249212261,128.362981587
경상북도,구미시,남통동,6-3,남통공원,어린이공원,36.1296802269,128.3234651454
경상북도,구미시,신평동,103-9,누리공원,어린이공원,36.1225193143,128.3658317048
경상북도,구미시,선산읍,노상리 357-14,노상공원,어린이공원,36.2432385876,128.2974761578
경상북도,구미시,형곡동,142,형곡공원,근린공원,36.1137977966,128.3352215167
경상북도,구미시,형곡동,237-3,산들공원,어린이공원,36.1087749317,128.3338229742
경상북도,구미시,송정동,468,성직공원,어린이공원,36.1158803941,128.3410348997
경상북도,구미시,송정동,476,송리공원,어린이공원,36.1156482953,128.3455534623
경상북도,구미시,형곡동,173,산내공원,어린이공원,36.1109290138,128.340184592
경상북도,구미시,형곡동,332,시무실공원,어린이공원,36.105632829,128.33737986
대전광역시,서구,관저동,1247,새아름,어린이공원,36.300566,127.3376849
대전광역시,서구,관저동,1421,모롱이,어린이공원,36.301839,127.343176
대전광역시,서구,관저동,1365,선유,어린이공원,36.29822708,127.339259
대전광역시,서구,관저동,1397,시롱,어린이공원,36.298756,127.343272
대전광역시,서구,관저동,1393,찬샘,어린이공원,36.295551,127.340958
대전광역시,서구,복수동,453,신계,어린이공원,36.300951,127.378165
대전광역시,서구,복수동,646,벌말,어린이공원,36.298619,127.379391
대전광역시,서구,복수동,689,천변,어린이공원,36.298221,127.380595
대전광역시,서구,복수동,898,느티나무,어린이공원,36.29670138,127.379542
대전광역시,서구,복수동,815,옻샘,어린이공원,36.295968,127.376842
대전광역시,서구,복수동,752,방울샘,어린이공원,36.29766824,127.376469
대전광역시,서구,복수동,569,서낭당,어린이공원,36.299161,127.374836
대전광역시,서구,복수동,503,샛별,어린이공원,36.298811,127.377781
대전광역시,서구,흑석동,842,두레박,어린이공원,36.25525874,127.3398049
충청남도,당진시,수청동,863-1,공원:136(수청지구),어린이공원,36.897353,126.646338
충청남도,당진시,수청동,849-26,공원:137(수청지구),어린이공원,36.892756,126.647106
경기도,의왕시,내손동,806,갈미공원,어린이공원,37.37526656,126.9688086
경기도,의왕시,포일동,639,호수마을공원,어린이공원,37.39076351,126.979215
경기도,의왕시,내손동,646-2,내동공원,어린이공원,37.38850049,126.9803882
경기도,의왕시,내손동,710-11,내손어린이공원,어린이공원,37.3857253,126.9800051
경기도,의왕시,내손동,709,백운공원,어린이공원,37.38362995,126.977721
경기도,의왕시,내손동,844-5,내손양지공원,어린이공원,37.38601761,126.9734345
경기도,의왕시,청계동,979,푸른내공원,어린이공원,37.39015711,126.9991089
경기도,의왕시,청계동,981,소담공원,어린이공원,37.39109419,126.9969422
경기도,의왕시,청계동,985-3,청계양지공원,어린이공원,37.39122209,126.9942207
경기도,의왕시,청계동,970,맑은내공원,어린이공원,37.39206769,127.0015269
경기도,의왕시,청계동,967,초록공원,어린이공원,37.39331677,127.0001553
경기도,의왕시,포일동,651,다람이공원,어린이공원,37.4018568,126.9893124
경기도,의왕시,포일동,645-1,반디공원,어린이공원,37.40241118,126.985026
경기도,의왕시,포일동,648,까치공원,어린이공원,37.40431696,126.9888882
경기도,의왕시,포일동,644-2,두터비공원,어린이공원,37.40546191,126.9865048
경기도,의왕시,오전동,236-29,모락공원,어린이공원,37.3591996,126.973495
제주특별자치도,제주시,이도2동,1044-5,1-30호공원,어린이공원,33.49837984,126.5356197
제주특별자치도,제주시,이도2동,1073,1-31호공원,어린이공원,33.49561965,126.5377968
제주특별자치도,제주시,이도2동,1053,1-32호공원,어린이공원,33.49687665,126.5342999
제주특별자치도,제주시,이도2동,1077-5,1-33호공원,어린이공원,33.49411255,126.5369074
제주특별자치도,제주시,이도2동,1014-6,1-34호공원,어린이공원,33.49460654,126.5306472
제주특별자치도,제주시,도남동,88-11,1-35호공원,어린이공원,33.49463501,126.5292168
제주특별자치도,제주시,도남동,55-4,1-36호공원,어린이공원,33.49356308,126.5272207
제주특별자치도,제주시,도남동,46,1-37호공원,어린이공원,33.49600738,126.5225852
제주특별자치도,제주시,도남동,67-20,1-38호공원,어린이공원,33.49054959,126.5298979
제주특별자치도,제주시,이도2동,375-1,1-39호공원,어린이공원,33.5001208,126.5379902
제주특별자치도,제주시,이도2동,404,1-40호공원,어린이공원,33.497756106,126.5404085381
제주특별자치도,제주시,일도2동,65,1-41호공원,어린이공원,33.50225609,126.5447664
제주특별자치도,제주시,일도2동,88,1-42호공원,어린이공원,33.49998666,126.5472902
제주특별자치도,제주시,도두1동,2620,1-43호공원,어린이공원,33.50405136,126.464852
제주특별자치도,제주시,연동,2330-1,1-44호공원,어린이공원,33.49262633,126.488774
제주특별자치도,제주시,연동,2319-1,1-45호공원,어린이공원,33.49184999,126.4866019
제주특별자치도,제주시,연동,1962-1,1-46호공원,어린이공원,33.4902648,126.484359
제주특별자치도,제주시,노형동,1031-1,1-47호공원,어린이공원,33.49221588,126.4752506
제주특별자치도,제주시,노형동,1041-10,1-48호공원,어린이공원,33.48994585,126.4761404
충청남도,당진시,수청동,1004,공원:130(대덕수청지구 도시개발사업:33/수청),근린공원,36.891265,126.644746
충청남도,당진시,대덕동,1790,공원:131(대덕수청지구 도시개발사업:34/상상),어린이공원,36.884697,126.634605
충청남도,당진시,대덕동,1835,공원:132(대덕수청지구 도시개발사업:35/구름),어린이공원,36.884976,126.646319
충청남도,당진시,대덕동,1878,공원:133(대덕수청지구 도시개발사업:36/무지개),어린이공원,36.882007,126.644248
충청남도,당진시,채운동,1126,공원:134(당진:37 채운),소공원,36.89385027,126.621911
충청남도,당진시,읍내동,232-40,공원:135(당진:44 남산공원),소공원,36.894527,126.631857
강원특별자치도,양구군,양구읍,죽곡리 산3-1,묘지공원,묘지공원,38.1253436,127.9986276
강원특별자치도,양구군,양구읍,상리 275-5,상리공원3,어린이공원,38.1062088,127.9907157
대전광역시,동구,자양동,87-3,안터공원,어린이공원,36.33940626,127.4524059
경상남도,창원시,의창구,사림동 85-1,어린이공원152,어린이공원,35.246181,128.678751
경상남도,창원시,의창구,명서동 193,어린이공원153,어린이공원,35.240835,128.647385
경상남도,창원시,의창구,명서동 26,소공원3,소공원,35.253082,128.643022
경상남도,창원시,의창구,북면 감계리 254-1,감계1호 근린공원,근린공원,35.299273,128.587379
경상남도,창원시,의창구,북면 감계리 237-1,감계3호 근린공원,근린공원,35.300615,128.593886
경상남도,창원시,의창구,북면 감계리 738-1,감계4호 근린공원,근린공원,35.303262,128.586402
경상남도,창원시,의창구,북면 무동리 148-2,무동1호 근린공원,근린공원,35.3166099886,128.586879
경상남도,창원시,의창구,북면 내곡리 산264,근린공원50,근린공원,35.345175,128.572969
경상남도,창원시,의창구,북면 내곡리 905,근린공원51,근린공원,35.340435,128.570053
경상남도,창원시,의창구,북면 내곡리 산312-1,내곡4호근린공원,근린공원,35.339373,128.580906
경상남도,창원시,의창구,동읍 무성리 275,무성1호근린공원,근린공원,35.291593,128.697118
경상남도,창원시,의창구,대산면 제동리 253-1,제동1호근린공원,근린공원,35.336113,128.710123
경상남도,창원시,의창구,북면 감계리 266-2,어린이공원156,어린이공원,35.298903,128.592165
경상남도,창원시,의창구,북면 감계리 238-10,어린이공원157,어린이공원,35.299798,128.595491
경상남도,창원시,의창구,북면 동전리 467-7,어린이공원158,어린이공원,35.316062,128.598566
경상남도,창원시,의창구,북면 무동리 150-2,어린이공원159,어린이공원,35.315362,128.582418
경상남도,창원시,의창구,북면 내곡리 232-5,어린이공원160,어린이공원,35.340254,128.5931202643
경상남도,창원시,의창구,북면 내곡리 584,어린이공원161,어린이공원,35.342581,128.582208
경상남도,창원시,의창구,북면 내곡리 산288,어린이공원162,어린이공원,35.342457,128.576309
경상남도,창원시,의창구,북면 내곡리 1159,어린이공원163,어린이공원,35.348063,128.571164
경상남도,창원시,의창구,북면 신촌리 842-1,어린이공원164,어린이공원,35.347868,128.604255
경상남도,창원시,의창구,동읍 신방리 920-5,어린이공원165,어린이공원,35.289261,128.678468
경상남도,창원시,의창구,대산면 일동리 666-1,어린이공원166,어린이공원,35.366243,128.695805
경상남도,창원시,의창구,팔용동 214-1,소공원4,소공원,35.254658,128.605407
경상남도,창원시,의창구,봉림동 683,봉림공원,근린공원,35.251643,128.668681
경상남도,창원시,의창구,봉림동 791-14,어린이공원171,어린이공원,35.252822,128.666924
인천광역시,남동구,구월동,1246-1,구월공원,어린이공원,37.45891399,126.7183317
인천광역시,남동구,만수동,산1-31,산밑말근린공원,근린공원,37.4661047,126.7113059
인천광역시,남동구,구월동,1102-14,장다리공원,어린이공원,37.45737534,126.7188991
인천광역시,남동구,구월동,1093,붉은고개공원,어린이공원,37.4529117,126.6991081
인천광역시,남동구,만수5동,881,뗏마루공원,어린이공원,37.4561805,126.7288131
인천광역시,남동구,구월동,1258-4,모래내공원,어린이공원,37.45457287,126.7235396
인천광역시,남동구,만수동,929,만수천공원,어린이공원,37.45063675,126.7267874
인천광역시,남동구,구월동,1196-4,큰구월공원,어린이공원,37.45026276,126.7089204
인천광역시,남동구,구월동,1229-2,만월공원,어린이공원,37.4498343,126.7164526
인천광역시,남동구,구월동,1163,큰성말공원,어린이공원,37.4458454,126.704475
인천광역시,남동구,구월동,1192-7,작은성말공원,어린이공원,37.44810912,126.7081595
인천광역시,남동구,만수동,994-9,만수공원,어린이공원,37.45354611,126.7276999
인천광역시,남동구,만수동,845-1,쇄판공원,어린이공원,37.46228626,126.7231495
인천광역시,남동구,구월동,1281-8,작은구월공원,어린이공원,37.4495274,126.7211378
인천광역시,남동구,만수동,969,하촌공원,어린이공원,37.45136932,126.7329376
경상남도,창원시,의창구,명서동 35,어린이공원118,어린이공원,35.251725,128.647442
경상남도,창원시,의창구,팔용동 93-5,어린이공원119,어린이공원,35.253025,128.612921
경상남도,창원시,의창구,팔용동 130-5,어린이공원120,어린이공원,35.256889,128.611703
경상남도,창원시,의창구,팔용동 140-1,어린이공원121,어린이공원,35.255135,128.609201
경상남도,창원시,의창구,도계동 892,어린이공원122,어린이공원,35.253496,128.639565
경상남도,창원시,의창구,서상동 672-5,느티나무생태놀이터,어린이공원,35.258771,128.624765
경상남도,창원시,의창구,서상동 694,어린이공원138,어린이공원,35.256127,128.621673
경상남도,창원시,의창구,중동 761-1,하늘길생태놀이터,어린이공원,35.259973,128.629141
경상남도,창원시,의창구,명서동 187-7,어린이공원150,어린이공원,35.242654,128.647438
경상남도,창원시,의창구,북면 외감리 산112-2,달천공원,근린공원,35.283197,128.598252
경상남도,창원시,의창구,봉곡동 157,어린이공원151,어린이공원,35.247757,128.674078
부산광역시,동래구,온천동,1836,온새미로공원,소공원,35.20843173,129.0629303
부산광역시,동래구,사직동,632-64,석사공원(사직1-6재건축),어린이공원,35.201944,129.059348
부산광역시,동래구,복천동,87-1,소공원(복산1주택재개발),소공원,35.2052367,129.0888982651
부산광역시,동래구,칠산동,70-8,가로공원(북산1주택재개발),기타,35.205784,129.0926947
부산광역시,동래구,수안동,7-11,어린이공원,어린이공원,35.1991691926,129.0812171
부산광역시,동래구,낙민동,20-49,어린이공원(낙민1재건축),어린이공원,35.197295,129.0928457233
부산광역시,동래구,사직동,157-44,사직A소공원,소공원,35.1989266,129.074942
전라남도,구례군,구례읍,봉북리 595-10,서시천체육공원,체육공원,35.21540078,127.466582
서울특별시,송파구,가락동,37,가락,근린공원,37.498469,127.125124
서울특별시,송파구,잠실동,44-6,개나리,근린공원,37.507553,127.0941112
서울특별시,송파구,가락동,195,개롱,근린공원,37.493407,127.130026
서울특별시,송파구,거여동,11,거여,근린공원,37.497007,127.140981
서울특별시,송파구,가락동,110,건너말,근린공원,37.491603,127.123473
서울특별시,송파구,문정동,"621,625",글샘,근린공원,37.48044523,127.1205075
서울특별시,송파구,문정동,631,글샘작은,근린공원,37.477494,127.1212146
서울특별시,송파구,오금동,110,누에머리,근린공원,37.50381027,127.141799
서울특별시,송파구,송파동,120,동산,근린공원,37.506226,127.1145005
서울특별시,송파구,마천동,11,마천,근린공원,37.50128584,127.1456483
서울특별시,송파구,잠실동,35-4,매미,근린공원,37.50934354,127.0887161
서울특별시,송파구,오금동,156,목련,근린공원,37.499035,127.138842
서울특별시,송파구,문정동,18-4 외,문정,근린공원,37.486486,127.128916
서울특별시,송파구,방이동,52,방이,근린공원,37.51435318,127.1136443
서울특별시,송파구,오금동,6,백토,근린공원,37.50811694,127.132113
서울특별시,송파구,잠실동,19-3,뽕나무,근린공원,37.51397635,127.0816397
서울특별시,송파구,삼전동,62-1,삼전,근린공원,37.50179286,127.0933328
서울특별시,송파구,문정동,357,소리,근린공원,37.4816116181,127.1199678258
서울특별시,송파구,송파동,113,송파,근린공원,37.50633354,127.110451
충청남도,논산시,연무읍,금곡리 78-25,연무 육군훈련소체험문화공원,문화공원,36.112806,127.097815
충청남도,논산시,연산면,임리 74,5호 문화공원,문화공원,36.20978957,127.181013
충청남도,논산시,연무읍,마전리 452-1,1호 문화공원,문화공원,36.09751943,127.0925097
경기도,평택시,팽성읍,노와리 153-190,노와4리 마을쉼터,기타,36.951728,127.081941
경기도,평택시,팽성읍,대사리 205-7,대사1리 마을쉼터,기타,36.944426,127.062246
경기도,평택시,팽성읍,동창리 121-2,동창리 마을쉼터,기타,36.97213,127.03442
경기도,평택시,팽성읍,두리 123-14,두1리 마을쉼터,기타,36.977043,127.06472
경기도,평택시,팽성읍,두리 36-18,두2리 마을쉼터,기타,36.970214,127.063551
경기도,평택시,팽성읍,두정리 138-6,두정2리 마을쉼터,기타,36.945054,127.026243
경기도,평택시,팽성읍,두정리 163-127,두정3리 마을쉼터,기타,36.9445,127.032089
경기도,평택시,팽성읍,본정리 47-16,본정1리 마을쉼터,기타,36.946182,127.007023
경기도,평택시,비전동,788-3,비전쌈지,기타,37.000544,127.092964
대전광역시,서구,관저동,985,봉우재,어린이공원,36.30942275,127.3383638
대전광역시,서구,관저동,991,금성,어린이공원,36.30621506,127.338831
대전광역시,서구,관저동,999,만수,어린이공원,36.30245227,127.3383903
대전광역시,서구,관저동,1138,금동,어린이공원,36.29923067,127.325369
대전광역시,서구,가장동,38-5,들말,어린이공원,36.32914581,127.3823284
대전광역시,서구,관저동,1167,요동,어린이공원,36.29866565,127.3284436
대전광역시,서구,관저동,1130,장가동,어린이공원,36.30038256,127.3314927
대전광역시,서구,관저동,1183,선암,어린이공원,36.30001449,127.3365021
대전광역시,서구,관저동,1144,서당,어린이공원,36.29733449,127.3273024
대전광역시,서구,관저동,1148,돌샘,어린이공원,36.29747469,127.3300677
대전광역시,서구,관저동,1156,관저,어린이공원,36.29477598,127.331191
광주광역시,광산구,흑석동,520,해님,어린이공원,35.18318112,126.8131734489
광주광역시,광산구,흑석동,573,장자울,어린이공원,35.1811717997,126.8103918281
광주광역시,광산구,신가동,1305,버들,어린이공원,35.18184585,126.8167373
광주광역시,광산구,수완동,925,수완,어린이공원,35.1986812601,126.8249140615
광주광역시,광산구,수완동,969,해솔,어린이공원,35.1927626,126.8247774
광주광역시,광산구,수완동,1299,솟대,어린이공원,35.1929146159,126.8311148
광주광역시,광산구,수완동,1641,동심,어린이공원,35.1893760542,126.8309966551
광주광역시,광산구,수완동,1706,새터,어린이공원,35.18868435,126.8302329
광주광역시,광산구,수완동,1492,은빛,어린이공원,35.18789158,126.8257044
광주광역시,광산구,신가동,1063,아름,어린이공원,35.18462172,126.8255041
광주광역시,광산구,신가동,1203,성곽,어린이공원,35.18120619,126.820553
광주광역시,광산구,하남동,550,한우물,어린이공원,35.17788487,126.7963801
광주광역시,광산구,광산동,600,광곡,어린이공원,35.23735019,126.7420919
광주광역시,광산구,광산동,16,오룡동,어린이공원,35.2519039896,126.7493476
광주광역시,광산구,남산동,214-2,풍숙,어린이공원,35.1724875809,126.7235092997
광주광역시,광산구,남산동,417,황계,어린이공원,35.17350479,126.7363963
광주광역시,광산구,동산동,122-1,동산,어린이공원,35.11400301,126.7216002942
광주광역시,광산구,동산동,967-1,"신동,화산,학동",어린이공원,35.11363383,126.7076986
광주광역시,광산구,명도동,390,"예림,평림",어린이공원,35.17290019,126.6970576
광주광역시,광산구,명화동,427,화동,어린이공원,35.1234889566,126.7204223608
광주광역시,광산구,박호동,498,박산,어린이공원,35.16845316,126.741717
광주광역시,광산구,본덕동,362-1,분토,어린이공원,35.08762458,126.7796766
광주광역시,광산구,북산동,409,북성,어린이공원,35.1768978472,126.7102524
광주광역시,광산구,북산동,149-3,"황산,장등",어린이공원,35.17890033,126.7169614
광주광역시,광산구,사호동,441-1,원사호,어린이공원,35.2161136685,126.7319007794
전라남도,목포시,용당동,1192-2,초원,어린이공원,34.81050461,126.392363
전라남도,목포시,용당동,1198-7,마리아,어린이공원,34.81111862,126.3952521
전라남도,목포시,상동,741,상동,어린이공원,34.81573216,126.4140832
전라남도,목포시,상동,746,푸른,어린이공원,34.81353235,126.416212
전라남도,목포시,상동,763,중화,어린이공원,34.81175538,126.4150551
전라남도,목포시,연산동,1260-3,진,어린이공원,34.8139011,126.3805964
전라남도,목포시,연산동,1260-5,선,어린이공원,34.81237327,126.3810014
전라남도,목포시,연산동,1262-6,미,어린이공원,34.81145469,126.3829525
전라남도,목포시,상동,1119-1,파크,어린이공원,34.79533321,126.426974
전라남도,목포시,옥암동,1104,제일,어린이공원,34.799258,126.440441
전라남도,목포시,옥암동,1146,옥암지구1호,어린이공원,34.80812679,126.437146
전라남도,목포시,옥암동,1339-1,옥암지구2호,어린이공원,34.8069864,126.449456
충청남도,태안군,태안읍,동문리 937,어린이 28호공원,어린이공원,36.7515826,126.3083808
충청남도,태안군,태안읍,남문리 281-1,경이정소공원,소공원,36.757117,126.296661
충청남도,태안군,태안읍,남문리 370,남문소공원,소공원,36.758391,126.2938199
충청남도,태안군,태안읍,남문리 717,그린근린공원,근린공원,36.744761,126.299679
충청남도,홍성군,갈산면,상촌리 산12-1,갈산공원(갈산근린1호),근린공원,36.60996173,126.5480776
충청남도,홍성군,홍성읍,남장리 601,숲자락근린공원,근린공원,36.58650804,126.669452
충청남도,홍성군,결성면,읍내리 319-1,석당공원(결성근린1호),근린공원,36.523292,126.545695
충청남도,홍성군,홍성읍,고암리 664-2,역재방죽공원(홍성근린8호),근린공원,36.592255,126.676184
충청남도,홍성군,광천읍,소암리 산34,염산공원(광천근린1호),근린공원,36.5106231,126.6386421
충청남도,홍성군,광천읍,옹암리 산8-1,옹암공원(광천근린2호),근린공원,36.49504297,126.6283553
충청남도,홍성군,홍성읍,월산리 849,월산근린공원,근린공원,36.60169908,126.6480531
충청남도,홍성군,홍성읍,고암리 1040,고암근린공원,근린공원,36.600225,126.6764468
충청남도,홍성군,갈산면,취생리 산133-2,홍성산단 1호근린공원,근린공원,36.628613,126.534556
충청남도,홍성군,홍성읍,대교리 410-2,노변공원,근린공원,36.6043428,126.6638341
충청남도,홍성군,홍성읍,오관리 98,홍주공원(홍성근린6호),근린공원,36.60172104,126.6613892
충청남도,홍성군,서부면,남당리 146-1,해양공원,근린공원,36.53267782,126.4820503
충청남도,홍성군,서부면,남당리 160-59,남당공원,근린공원,36.53622923,126.4794975
충청남도,홍성군,서부면,상황리 629-13,속동해안공원,근린공원,36.57237392,126.4659197
충청남도,홍성군,홍북읍,신경리 545,내포시민1공원(홍북근린1호),근린공원,36.660663,126.678872
충청남도,홍성군,홍북읍,신경리 547,내포시민2공원(홍북근린2호),근린공원,36.66101698,126.680346
충청남도,홍성군,홍북읍,신경리 198-110일원,산학1공원(홍북근린11호),근린공원,36.637261,126.676472
충청남도,홍성군,홍북읍,신경리 198-3일원,산학2공원(홍북근린14호),근린공원,36.635625,126.677661
충청남도,홍성군,홍북읍,신경리 198-142일원,산학3공원(홍북근린12호),근린공원,36.636937,126.669078
충청남도,홍성군,홍북읍,신경리 934,신리천공원(홍북근린3호),근린공원,36.653943,126.681203
충청남도,홍성군,홍북읍,신경리 1172,신리천공원(홍북근린5호),근린공원,36.64942104,126.6734093
충청남도,홍성군,홍북읍,신경리 1201,자경천1공원(홍북근린6호),근린공원,36.647995,126.675595
충청남도,천안시,서북구,"불당동 1641,1642,1643,1855",물총새공원,근린공원,36.81067673,127.1076169
충청남도,청양군,정산면,서정리 101-5,정산 어린이공원,어린이공원,36.413078,126.947993
충청남도,청양군,청양읍,교월리 59,지천생태공원,근린공원,36.45349758,126.811661
충청남도,청양군,청양읍,교월리 산19-1,교월공원,근린공원,36.448076,126.810827
충청남도,청양군,청양읍,교월리 산203-1,제4어린이공원,어린이공원,36.448064,126.808961
충청남도,청양군,청양읍,교월리 산5-1,향교공원,근린공원,36.455705,126.816207
충청남도,청양군,청양읍,벽천리 766,벽천1공원,소공원,36.437889,126.797178
충청남도,청양군,청양읍,벽천리 767,벽천2공원,소공원,36.43750711,126.7973099537
충청남도,청양군,청양읍,읍내리 15-10,제3소공원,소공원,36.453608,126.807963
충청남도,청양군,청양읍,읍내리 167-89,제3어린이공원,어린이공원,36.449281,126.804422
충청남도,청양군,청양읍,읍내리 184-11,제2어린이공원,어린이공원,36.449118,126.800216
충청남도,청양군,청양읍,읍내리 216-13,제1어린이공원,어린이공원,36.452732,126.8015043
충청남도,청양군,청양읍,읍내리 380-1,읍내2공원,소공원,36.444808,126.800433
충청남도,청양군,청양읍,읍내리 387-1,읍내1공원,소공원,36.445203,126.799506
충청남도,태안군,태안읍,동문리 32,동문공원,근린공원,36.75353265,126.3065883
충청남도,태안군,안면읍,승언리 1350-24,조각공원,문화공원,36.518033,126.340969
충청남도,태안군,태안읍,동문리 898-4,어린이 03호공원,어린이공원,36.745784,126.305077
충청남도,태안군,태안읍,동문리 888-6,생태놀이터,어린이공원,36.747959,126.306034
충청남도,태안군,태안읍,남문리 706-6,어린이 05호공원,어린이공원,36.747026,126.301352
충청남도,태안군,태안읍,동문리 682-1,어린이 06호공원,어린이공원,36.757429,126.300269
충청남도,태안군,태안읍,동문리 431,어린이 07호공원,어린이공원,36.75474496,126.302088
충청남도,태안군,태안읍,동문리 665-6,어린이 08호공원,어린이공원,36.75693586,126.3000842
충청남도,태안군,태안읍,남문리 458-1,어린이 09호공원,어린이공원,36.754286,126.292772
충청남도,태안군,태안읍,남문리 389,어린이 10호공원,어린이공원,36.759591,126.291312
충청남도,태안군,안면읍,승언리 1121,어린이 13호공원,어린이공원,36.517019,126.344648
충청남도,천안시,서북구,쌍용동 1919,단풍공원(쌍용26),어린이공원,36.806362,127.118278
충청남도,천안시,서북구,직산읍 삼은리 510,삼은공원,근린공원,36.888058,127.159965
충청남도,천안시,서북구,쌍용동 1924,희망공원(쌍용11),어린이공원,36.801759,127.118451
충청남도,천안시,서북구,쌍용동 1926,늘푸른공원(쌍용12),어린이공원,36.804148,127.119611
충청남도,천안시,서북구,차암동 547,차암공원,근린공원,36.843618,127.106988
충청남도,천안시,서북구,쌍용동 2046-4,쌍용17공원,어린이공원,36.789721,127.123742
충청남도,천안시,서북구,쌍용동 619,쌍용20공원,어린이공원,36.795511,127.124083
충청남도,천안시,서북구,쌍용동 656,쌍용19공원,어린이공원,36.798029,127.122264
충청남도,천안시,서북구,쌍용동 산85,쌍용공원,근린공원,36.810531,127.130591
충청남도,천안시,서북구,쌍용동2095,쌍용10공원,어린이공원,36.786548,127.116858
충청남도,천안시,서북구,쌍용동2101,노리공원(쌍용29),어린이공원,36.810244,127.121224
충청남도,천안시,서북구,쌍용동2102,휴공원(쌍용28),어린이공원,36.807733,127.118287
충청남도,천안시,서북구,직산읍 모시리 274,제5호 근린공원,근린공원,36.86707309,127.123139
충청남도,천안시,서북구,"직산읍 모시리 292,294",제1호 근린공원,근린공원,36.86104443,127.118435
충청남도,천안시,서북구,"직산읍 모시리 305, 318",제2호 근린공원,근린공원,36.861529,127.121324
충청남도,천안시,서북구,직산읍 삼은리 507,테크노파크공원,근린공원,36.888058,127.159965
충청남도,천안시,서북구,직산읍 신갈리 232,제3호 근린공원,근린공원,36.866921,127.113882
충청남도,천안시,서북구,직산읍 신갈리 244,제4호 근린공원,근린공원,36.863116,127.114459
충청남도,천안시,서북구,차암동 439,산동공원,소공원,36.842559,127.104032
충청남도,천안시,서북구,차암동 495,차암밤개울공원(밤개울),어린이공원,36.839799,127.101788
충청남도,천안시,서북구,성정동 354,성정공원,체육공원,36.821438,127.145767
충청남도,천안시,서북구,성거읍 요방리 산6-12,망향의동산,묘지공원,36.850704,127.188067
충청남도,천안시,서북구,불당동 1752,하늘소리공원,어린이공원,36.81039905,127.102613
충청남도,천안시,서북구,백석동 122,한들공원,수변공원,37.433804,127.729062
충청남도,천안시,서북구,"불당동 1506,1800",수피아공원,근린공원,36.821458,127.1013969
충청남도,천안시,서북구,"불당동 1512,1547,1612",아름드리공원,근린공원,36.81807892,127.1037003
충청남도,천안시,서북구,"불당동 1484,1490,1493,1499",능수버들공원,근린공원,36.819704,127.110286
충청남도,천안시,서북구,불당동 1851,하늘맞이공원,근린공원,36.804934,127.104036
충청남도,논산시,강경읍,황산리 81-23,강경 1호 역사공원(팔봉정),역사공원,36.156303,127.009788
충청남도,논산시,연무읍,안심리 75,중앙체육공원,체육공원,36.125879,127.095627
충청남도,논산시,강경읍,염천리 20,강경 1호 문화공원(강경젓갈문화체험공원),문화공원,36.16097864,127.014621
충청남도,논산시,연무읍,죽평리 390,연무 1호 문화공원(육군훈련소 상징공원),문화공원,36.108843,127.098654
충청남도,논산시,연무읍,황화정리 971-41,연무 2호 문화공원(육군훈련소 상징공원),문화공원,36.105436,127.098952
전라남도,목포시,산정동,1782,중앙,어린이공원,34.803938,126.377888
전라남도,목포시,산정동,1805,청해,어린이공원,34.803537,126.369186
전라남도,목포시,용당동,1185-6,용일,어린이공원,34.80974727,126.390389
전라남도,여수시,문수동,459-5,세종공원,어린이공원,34.75504429,127.6959727
충청남도,천안시,서북구,성정동 637,인쇄창공원(성정1),어린이공원,36.82469886,127.146845
충청남도,천안시,서북구,성정동 646-2,푸르내공원(성정3),어린이공원,36.82325996,127.138344
충청남도,천안시,서북구,성정동 657-3,목련공원(성정4),어린이공원,36.822205,127.140774
충청남도,천안시,서북구,성정동 673-6,꽃구름공원(성정5),어린이공원,36.820537,127.137714
충청남도,천안시,서북구,성정동 691,잠자리공원(성정6),어린이공원,36.819521,127.144083
충청남도,천안시,서북구,성정동 694-8,성정8길공원(성정7),어린이공원,36.818347,127.141417
충청남도,천안시,서북구,성정동 707-4,성정3길공원(성정8),어린이공원,36.817563,127.137107
충청남도,천안시,서북구,성정동 715-21,성정12길공원(성정9),어린이공원,36.81490756,127.141009
충청남도,천안시,서북구,성정동 844,도원공원(성정13),어린이공원,36.821216,127.134702
충청남도,천안시,서북구,성정동 955,안식의공원(성정14),어린이공원,36.819754,127.1325045
충청남도,천안시,서북구,성환읍 매주리 241-5,매주1공원,어린이공원,36.902861,127.131951
충청남도,천안시,서북구,성환읍 성월리 93-28,성환4공원,근린공원,36.91233067,127.134499
충청남도,천안시,서북구,쌍용1동 1133,으뜸공원(쌍용6),어린이공원,37.421283,127.757981
충청남도,천안시,서북구,쌍용1동 1188,사랑공원(쌍용3),어린이공원,37.428833,127.835811
충청남도,천안시,서북구,쌍용1동 1234,장미공원(쌍용7),어린이공원,37.425329,127.754225
충청남도,천안시,서북구,쌍용1동 388-18,무궁화공원(쌍용4),어린이공원,36.7953241,127.1308267
충청남도,천안시,서북구,쌍용1동 847,개나리공원(봉명4),어린이공원,37.423323,127.810367
충청남도,천안시,서북구,쌍용1동 890,비둘기공원(쌍용5),어린이공원,37.422877,127.847801
충청남도,천안시,서북구,두정동 1205,행복공원(두정11),어린이공원,36.836176,127.140234
충청남도,천안시,서북구,두정동 1560,부대2공원,어린이공원,36.8374277,127.144732
충청남도,천안시,서북구,쌍용동 1589,쌍용18공원,어린이공원,36.7918021,127.1150198
충청남도,천안시,서북구,두정동 1696,늘푸른공원(부대1),어린이공원,36.83718258,127.149342
충청남도,천안시,서북구,쌍용동 1617,쌍용16공원,어린이공원,36.792168,127.118172
충청남도,천안시,서북구,쌍용동 1867,쌍용15공원,어린이공원,36.7891164,127.115714
충청남도,천안시,서북구,두정동 2038,정담은공원(두정1),어린이공원,36.833152,127.1496907
충청남도,천안시,서북구,두정동 2046,두정8공원,어린이공원,36.831274,127.149931
충청남도,천안시,서북구,쌍용동 1916,초록공원(쌍용25),어린이공원,36.804457,127.121031
충청남도,천안시,서북구,두정동 771,백석56호공원,어린이공원,36.831216,127.131407
충청남도,천안시,서북구,두정동 833,백석55호공원,어린이공원,36.830641,127.136281
충청남도,천안시,서북구,백석동 895,백석54호공원,어린이공원,36.82267894,127.121366
충청남도,천안시,서북구,"백석동 899,905",백석2공원,근린공원,36.821594,127.125829
충청남도,천안시,서북구,백석동 911,백석51호공원,어린이공원,36.820321,127.119717
충청남도,천안시,서북구,백석동 916,백석53호공원,어린이공원,36.822654,127.119272
충청남도,천안시,서북구,백석동931,백석1공원,어린이공원,36.82786179,127.116362
충청남도,천안시,서북구,백석동 948,백석9공원,어린이공원,36.83110628,127.1251004
충청남도,천안시,서북구,백석동 999,환서공원,어린이공원,36.828505,127.121321
충청남도,천안시,서북구,백석동 1168,송골공원,어린이공원,36.82615712,127.121233
충청남도,천안시,서북구,불당동 1279,불당3공원,근린공원,36.797784,127.0978902
충청남도,천안시,서북구,불당동 1282,불당4공원,근린공원,36.793888,127.098043
충청남도,천안시,서북구,"불당동 1451,1458",불당6공원,근린공원,36.798832,127.1025983
충청남도,천안시,서북구,불당동 743,불당2공원,근린공원,36.81061544,127.1130795
충청남도,천안시,서북구,"불당동 761, 815",쌍불공원,근린공원,36.806758,127.1152531
충청남도,천안시,서북구,"불당동 909,871 일원",천변공원,근린공원,36.805002,127.108555
충청남도,천안시,서북구,불당동1409,불당공원(불당1),어린이공원,36.799094,127.106845
충청남도,천안시,서북구,성거읍 신월리 4-18,신월공원(신월1),어린이공원,36.87881182,127.1591999
충청남도,천안시,서북구,성거읍 천흥리 316-2,천흥공원,근린공원,36.883346,127.2106851
충청남도,천안시,서북구,성정1동 1030,개목10길공원(성정15),어린이공원,37.437428,127.819889
충청남도,천안시,서북구,성정1동 737-4,양지길시장공원(성정10),어린이공원,37.425068,127.832883
충청남도,천안시,서북구,성정1동 746-6,양지10길공원(성정11),어린이공원,37.424081,127.839591
충청남도,천안시,서북구,성정동 1137,숲정이공원(두정7),어린이공원,36.82964343,127.134432
충청남도,천안시,서북구,성정동 1180,고우니공원(성정18),어린이공원,36.827377,127.135582
충청남도,천안시,서북구,성정동 124-22,선영9길공원(성정16),어린이공원,36.814554,127.145861
충청남도,천안시,서북구,성정동 1285,청사공원,근린공원,36.82939874,127.139526
충청남도,천안시,서북구,성정동 436-10,장수공원(성정12),어린이공원,36.824662,127.135286
충청남도,천안시,서북구,성정동 626-3,서부공원(성정2),어린이공원,36.824933,127.140068
충청남도,천안시,동남구,원성동 573-1,꽃재공원(원성4),어린이공원,36.800851,127.161612
충청남도,천안시,동남구,원성동 631,화령공원(원성3),어린이공원,36.802984,127.162079
충청남도,천안시,동남구,청당동 120-8,청당2공원,어린이공원,36.778058,127.153995
충청남도,천안시,동남구,청당동 142-9,청당1공원,어린이공원,36.780233,127.1554992
충청남도,천안시,동남구,청당동 437,청당4공원,어린이공원,36.780018,127.142457
충청남도,천안시,동남구,청당동 474,청당1공원,근린공원,36.786595,127.153534
충청남도,천안시,동남구,청당동 546,청당2공원,근린공원,36.783334,127.157894
충청남도,천안시,동남구,청당동 602,청당3공원,근린공원,36.78902577,127.157086
충청남도,천안시,동남구,청당동 608,청당4공원,근린공원,36.790176,127.159907
충청남도,천안시,동남구,청당동 651,청당골공원(청당5),어린이공원,36.785433,127.160033
충청남도,천안시,동남구,청당동 776,청당6공원,어린이공원,36.783317,127.160664
충청남도,천안시,동남구,청당동 870,뒷들공원(청당7),어린이공원,36.782407,127.162251
충청남도,천안시,동남구,청수동 264,구성2공원,어린이공원,36.789858,127.155911
충청남도,천안시,동남구,청수동 270,청수2공원,근린공원,36.787718,127.149548
충청남도,천안시,동남구,청수동 330,청수1공원,어린이공원,36.788447,127.153469
충청남도,천안시,동남구,풍세면 보성리 731,2호공원,근린공원,36.72473183,127.1027875
충청남도,천안시,동남구,풍세면 용정리 989,솔모랭이공원(6호),소공원,36.733318,127.100544
충청남도,천안시,동남구,유량동 산1-1,태조산공원,근린공원,36.822077,127.188956
충청남도,천안시,동남구,신방동 1521,신방문화공원,근린공원,36.774415,127.130731
충청남도,천안시,동남구,병천면 병천리 289-12,아우내기념공원,역사공원,36.75963221,127.2963822
충청남도,천안시,서북구,"두정동 397-1, 396-1",두정공원,근린공원,36.834811,127.154173
충청남도,천안시,서북구,두정동 615,말우물공원(백석4),어린이공원,36.826311,127.128613
충청남도,천안시,서북구,두정동 681,두정오성공원(두정6),어린이공원,36.832637,127.130357
충청남도,천안시,서북구,두정동869,원두정먹거리공원(두정5),어린이공원,36.831769,127.1364208
충청남도,천안시,서북구,두정동 985,북부제1공원,근린공원,36.834597,127.134616
충청남도,천안시,서북구,백석동 1012,새가라공원,어린이공원,36.8310856,127.121505
충청남도,천안시,서북구,백석동 1071,유통단지공원,근린공원,36.83597896,127.1216692
충청남도,천안시,서북구,백석동 107-5,초록공원,소공원,37.441086,127.853881
강원특별자치도,동해시,묵호진동,2-502일원,어달3호공원,어린이공원,37.55911409,129.1199376
강원특별자치도,동해시,묵호진동,122일원,어달4호공원,어린이공원,37.55815861,129.1180784
강원특별자치도,동해시,용정동,514일원,용정1호공원,어린이공원,37.51275885,129.1214946
강원특별자치도,동해시,이도동,259-3일원,이도2호공원,어린이공원,37.47959899,129.1092509
강원특별자치도,동해시,이로동,535-4일원,이로1호공원,어린이공원,37.49658247,129.0563729
강원특별자치도,동해시,이로동,46일원,이로4호공원,어린이공원,37.48599321,129.0636073
강원특별자치도,동해시,이로동,1021-9일원,이로2호공원,어린이공원,37.49620603,129.0480668
강원특별자치도,동해시,이로동,433-6일원,이로3호공원,어린이공원,37.49262006,129.0551183
강원특별자치도,동해시,지가동,77-12일원(위치변경),지가1호공원,어린이공원,37.47592001,129.1104966
강원특별자치도,동해시,천곡동,1036일원,천곡10호공원,어린이공원,37.5188733,129.113317
강원특별자치도,동해시,천곡동,965-10일원,천곡11호공원,어린이공원,37.51657329,129.1183279
강원특별자치도,동해시,천곡동,973-18일원,천곡12호공원,어린이공원,37.5173121,129.1221285
강원특별자치도,동해시,천곡동,989-23일원,천곡13호공원,어린이공원,37.51604751,129.1215099
강원특별자치도,동해시,천곡동,790일원,천곡3호공원,어린이공원,37.52628694,129.1068202
강원특별자치도,동해시,천곡동,1082-6일원,천곡5호공원,어린이공원,37.52451903,129.1060587
강원특별자치도,동해시,천곡동,798-12일원,천곡6호공원,어린이공원,37.5254945,129.1115601
강원특별자치도,동해시,평릉동,425일원,하평1호공원,어린이공원,37.53192975,129.1104111
강원특별자치도,동해시,평릉동,482일원,하평2호공원,어린이공원,37.52995239,129.1175209
강원특별자치도,동해시,효가동,165-1일원,효가2호공원,어린이공원,37.49381101,129.1080252
강원특별자치도,동해시,효가동,489일원,효가4호공원,어린이공원,37.49429962,129.113551
강원특별자치도,동해시,천곡동,산16-1일원,용정공원,근린공원,37.51257845,129.1110402
강원특별자치도,동해시,구미동,산2일원,구미공원,근린공원,37.4909519,129.1432641
강원특별자치도,동해시,천곡동,933일원,냉천공원,근린공원,37.51924086,129.1192275
강원특별자치도,동해시,동회동,산8일원,동회공원,근린공원,37.49344656,129.1017209
강원특별자치도,동해시,망상동,321-3,망상공원,근린공원,37.59016288,129.0837168116
충청남도,공주시,정안면,사현리 510,정안2농공2소공원,소공원,36.620693,127.128192
충청남도,공주시,탄천면,덕지리 729,탄천1소공원,소공원,36.30060702,127.056228
충청남도,공주시,탄천면,덕지리 737,탄천3소공원,소공원,36.299037,127.062841
충청남도,공주시,산성동,181-149,산성문화공원,문화공원,36.456736,127.122894
충청남도,금산군,군북면,호티리 710-3,호티근린공원(금산10호 근린공원),근린공원,36.111177,127.496932
충청남도,금산군,금산읍,상리 산3-6,비호산공원(금산6호 근린공원),근린공원,36.11204299,127.4901942
충청남도,금산군,금산읍,아인리 156-3,아인친수공원(금산9호 어린이공원),어린이공원,36.1070168,127.4817696
충청남도,금산군,금산읍,아인리 산6-12,아인수림공원(금산5호 어린이공원),어린이공원,36.109141,127.479585
충청남도,금산군,금산읍,중도리 211-1,중도아동공원(금산4호 어린이공원),어린이공원,36.10804368,127.4940868
충청남도,금산군,금산읍,하옥리 산3,남산공원(금산1호 근린공원),근린공원,36.09517146,127.4934178
충청남도,금산군,진산면,읍내리 417-8,진산30호 소공원,소공원,36.141044,127.3667008
충청남도,금산군,추부면,마전리 507,마전18호 어린이공원,어린이공원,36.188042,127.464621
충청남도,금산군,추부면,마전리 564-2,마전16호 어린이공원,어린이공원,36.19195587,127.465258
충청남도,금산군,추부면,마전리 산1-45,추부29호 소공원,소공원,36.195954,127.452678
충청남도,금산군,추부면,마전리 산44-1,청천공원(마전21호 근린공원),근린공원,36.19144984,127.463332
충청남도,금산군,추부면,마전리 산5-1,태봉공원(마전20호 근린공원),근린공원,36.195895,127.462413
충청남도,금산군,추부면,신평리 1004-2,비도시2호(추부농공단지),소공원,36.222216,127.5052902
충청남도,금산군,추부면,신평리 1005-5,비도시1호(추부농공단지),소공원,36.2190011,127.5026417
충청남도,논산시,관촉동,312-2,논산 6호 근린공원(도시숲공원),근린공원,36.194169,127.107418
충청남도,논산시,내동,1115,내동2지구 1호 근린공원(근린공원),근린공원,36.181889,127.105298
충청남도,논산시,강경읍,채산리 산10-1,강경 1호 근린공원(채산공원),근린공원,36.151021,127.016834
충청남도,논산시,강경읍,북옥리 113,강경 2호 근린공원(북옥공원),근린공원,36.164501,127.0122886
충청남도,논산시,연무읍,마산리 산6-19,연무 3호 근린공원(마산공원),근린공원,36.12658171,127.1004664
충청남도,논산시,연무읍,동산리 977,동산일반산단 1호 근린공원,근린공원,36.130257,127.135684
충청남도,논산시,성동면,원남리 1212-8,논산2일반산단 1호 근린공원,근린공원,36.216322,127.043858
충청남도,천안시,동남구,원성동 482-6,원성공원(원성2),어린이공원,36.80788166,127.163675
충청북도,청주시,청원구,내수읍 학평리 149-1,내수중앙공원,근린공원,36.725811,127.539463
충청북도,청주시,청원구,오창읍 구룡리 376-1,오창구룡공원,근린공원,36.714878,127.412774
충청북도,청주시,흥덕구,옥산면 호죽리 910,호죽2,소공원,36.413718,127.221769
충청북도,청주시,흥덕구,봉명동 2447-6,봉명3공원(38호),소공원,36.396931,127.272878
충청북도,청주시,흥덕구,현암동 산26,제40호소공원,소공원,36.6007008257,127.3903921721
충청북도,청주시,흥덕구,현암동 102-2,검은배,소공원,36.355192,127.233781
충청북도,청주시,흥덕구,현암동 산2-2,제42호소공원,소공원,36.355516,127.234521
충청북도,청주시,흥덕구,복대동 106-8,34호소공원,소공원,36.635169,127.445467
충청북도,청주시,흥덕구,오송읍 봉산리 424과,하늘,어린이공원,36.615897,127.314036
충청북도,청주시,흥덕구,오송읍 봉산리 275-2,도자기,어린이공원,36.619533,127.314301
충청북도,청주시,흥덕구,오송읍 봉산리 228-3,참봉,어린이공원,36.622681,127.316081
충청북도,청주시,흥덕구,오송읍 봉산리 181-1,솔밭,어린이공원,36.623718,127.317768
충청북도,청주시,흥덕구,오송읍 봉산리 169-1,범,어린이공원,36.622099,127.320283
충청북도,청주시,흥덕구,오송읍 봉산리 124-2,둥지,어린이공원,36.619781,127.322836
충청북도,청주시,흥덕구,오송읍 봉산리 300,송산공원,근린공원,36.62197798,127.3118999
충청북도,청주시,흥덕구,오송읍 봉산리 145-3,새뜸공원,근린공원,36.365973,127.192094
충청북도,청주시,흥덕구,오송읍 정중리 산13-1,병마공원,근린공원,36.374274,127.182741
충청북도,청주시,흥덕구,오송읍 정중리 산27-1,율포공원,근린공원,36.365677,127.184096
충청북도,청주시,흥덕구,비하동 242-1,산양공원,근린공원,36.374994,127.252194
충청북도,청주시,흥덕구,비하동 417-2,윗동토골,어린이공원,36.635981,127.419929
충청북도,청주시,흥덕구,비하동 228-,동토골,어린이공원,36.634886,127.422734
충청북도,청주시,흥덕구,운천동 912,직지소공원(40호),소공원,36.64385379,127.4728143
충청북도,청주시,흥덕구,지동동 산65,부모산,역사공원,36.634045,127.404801
충청북도,청주시,흥덕구,사창동 357,공원,소공원,36.633261,127.465545
충청북도,청주시,흥덕구,원평동 8-1,미호천,기타,36.679891,127.440558
충청남도,공주시,금성동,182-1,백미고을공원,어린이공원,36.465187,127.122297
충청남도,공주시,신관동,602-14,번영1공원,어린이공원,36.471053,127.134392
충청남도,공주시,신관동,21,신금2공원,어린이공원,36.472534,127.145155
충청남도,공주시,금흥동,612-1,한적골공원,어린이공원,36.478642,127.1390173
충청남도,공주시,신관동,610-8,현대A공원,어린이공원,36.467727,127.136426
충청남도,공주시,검상동,산7-2,검상농공소공원,소공원,36.42940989,127.0755466
충청남도,공주시,중동,64-6,금낙원공원,소공원,36.45520663,127.125763
충청남도,공주시,금학동,250-29,금학소공원,소공원,36.441525,127.1196152
충청남도,공주시,송선동,산32-49,송선산단1소공원,소공원,36.493448,127.164314
충청남도,공주시,송선동,332,송선산단2소공원,소공원,36.493282,127.166859
충청남도,공주시,금흥동,607-4,신금공원,소공원,36.479318,127.141238
충청남도,공주시,반포면,온천리 169-1,온전말1공원,소공원,36.3873686,127.256377
충청남도,공주시,반포면,온천리 29-6,온전말2공원,소공원,36.386112,127.257481
충청남도,공주시,반포면,온천리 159-12,온전말3공원,소공원,36.386619,127.256007
충청남도,공주시,월미동,465,월미농공소공원,소공원,36.48877859,127.1042506
충청남도,공주시,정안면,사현리 525,정안2농공1소공원,소공원,36.616932,127.128055
경기도,평택시,세교동,392답,영신이들 근린공원(지제 세교지구),근린공원,37.01125,127.073562
경기도,평택시,용이동,441-1,용이 근린공원(용이지구 3호),근린공원,36.996314,127.136287
경기도,평택시,동삭동,467-9,원동 근린공원 (모산영신지구),근린공원,37.022131,127.087362
경기도,평택시,세교동,산86-1,은실 근린공원,근린공원,37.006568,127.081995
경기도,평택시,용이동,483,이화 근린공원(용이지구 2호),근린공원,36.999855,127.145107
경기도,평택시,용이동,561-1번지,죽백 근린공원(용죽지구),근린공원,37.001502,127.14932
경기도,평택시,지제동,624-2답,지제울 근린공원(지제 세교지구),근린공원,37.017364,127.077589
경기도,평택시,팽성읍,추팔리 398-2,추팔 근린공원(송화택지),근린공원,36.951944,127.075162
경기도,평택시,통복동,170,통복(원평) 근린공원,근린공원,36.990316,127.08003
경기도,평택시,세교동,540,평택공단 근린공원,근린공원,37.010515,127.079436
경기도,평택시,소사동,81-1,풀내음 근린공원(소사2지구),근린공원,36.986737,127.126498
경기도,평택시,비전동,1035공,하날 근린공원(소사벌택지 2호),근린공원,37.004393,127.110811
경기도,평택시,용이동,494-1,현신 근린공원(용이지구 1호),근린공원,36.998446,127.151239
경기도,평택시,용이동,602-2,현촌 근린공원(현촌지구),근린공원,36.997396,127.130501
경기도,평택시,팽성읍,노성리 42-1,노성1리 마을쉼터,기타,36.9298,127.0315
경기도,평택시,팽성읍,노성리 79-9,노성2리 마을쉼터,기타,36.935208,127.021417
경기도,평택시,팽성읍,노양리 40-15,노양1리 마을쉼터,기타,36.936252,126.999602
경기도,평택시,팽성읍,노양리 14-9,노양2리 마을쉼터,기타,36.941074,127.006815
경기도,평택시,팽성읍,노와리 95-1,노와1리 마을쉼터,기타,36.958509,127.087795
경기도,평택시,팽성읍,노와리 244-2,노와2리 마을쉼터,기타,36.949849,127.096921
경기도,수원시,장안구,파장동 593-4,장우,어린이공원,37.30731373,126.9966882
경기도,수원시,장안구,파장동 603-7,소정,어린이공원,37.30558378,126.9990299
경기도,수원시,장안구,송죽동 457,송죽,어린이공원,37.30222909,127.0033486
경기도,수원시,장안구,조원동 731,석산,어린이공원,37.3030995,127.0156152
경기도,수원시,장안구,조원동 758-4,다람쥐,어린이공원,37.30016231,127.0141348
경기도,수원시,장안구,조원동 772-2,역마,어린이공원,37.29686206,127.0163697
경기도,수원시,장안구,연무동 214-6,연무,어린이공원,37.2961515,127.0301403
경기도,수원시,장안구,연무동 237-15,창훈,어린이공원,37.29437818,127.0274999
경기도,수원시,장안구,연무동 252-1,쪽박산,어린이공원,37.29318313,127.0239151232
경기도,수원시,장안구,파장동 629,일림,어린이공원,37.30864072,127.001409
경기도,수원시,장안구,정자동 35-22,정자,어린이공원,37.29552819,127.0025669
경기도,수원시,장안구,영화동 412,영화,어린이공원,37.29132609,127.0099231
경기도,수원시,장안구,영화동 396-13,영복,어린이공원,37.28922453,127.0027517
경기도,수원시,장안구,조원동 854,대추원,어린이공원,37.30451968,127.0151755
경기도,수원시,장안구,조원동 860,조원,어린이공원,37.30368019,127.0172351
경기도,수원시,장안구,조원동 862,금당,어린이공원,37.30439047,127.0178064
경기도,수원시,장안구,천천동 565-1,별,어린이공원,37.30267863,126.9776435
경기도,수원시,장안구,천천동 566-1,달,어린이공원,37.30269384,126.9785128
경기도,수원시,장안구,천천동 551-16,하늘,어린이공원,37.30368551,126.9758072
경기도,수원시,장안구,천천동 482-2,바람,어린이공원,37.30115977,126.9819739
경기도,수원시,장안구,천천동 505-2,샘터,어린이공원,37.29939524,126.9792424
경기도,수원시,장안구,천천동 511-2,천천,어린이공원,37.29916341,126.9818185
경기도,수원시,장안구,정자동 915,초록,어린이공원,37.29693844,126.9870001
경기도,수원시,장안구,천천동 529,비단,어린이공원,37.29751654,126.9833844
충청남도,당진시,읍내동,1450,공원:120(당진:22 하나공원),어린이공원,36.897777,126.624732
충청남도,당진시,우두동,1388,공원:121(당진:23 우리공원),어린이공원,36.902356,126.632638
충청남도,당진시,원당동,1225,공원:122(당진:25 원당공원),근린공원,36.899041,126.640279
충청남도,당진시,원당동,1250,공원:123(당진:26 소망공원),어린이공원,36.902182,126.644718
충청남도,당진시,원당동,1247,공원:124(당진:27 사랑공원),어린이공원,36.899545,126.642594
충청남도,당진시,원당동,1176,공원:125(당진:28 호서공원),어린이공원,36.901248,126.639785
충청남도,당진시,수청동,1110,공원:126(대덕수청지구 도시개발사업:29),수변공원,36.885356,126.642096
충청남도,당진시,대덕동,1809,공원:127(대덕수청지구 도시개발사업:30),수변공원,36.884159,126.641817
충청남도,당진시,대덕동,1810,공원:128(대덕수청지구 도시개발사업:31),수변공원,36.884037,126.644066
충청남도,당진시,대덕동,1881,공원:129(대덕수청지구 도시개발사업:32/봉암),근린공원,36.88232922,126.6401277
경상남도,창원시,진해구,석동 657,석동2공원,근린공원,35.155208,128.706573
경상남도,창원시,진해구,석동 647-1,석동2지구제1공원,어린이공원,35.157126,128.704628
경상남도,창원시,진해구,석동 661,어린이공원141,어린이공원,35.155642,128.709718
경상남도,창원시,진해구,자은동 760-2,어린이공원149,어린이공원,35.142667,128.708524
경상남도,창원시,진해구,장천동 119-33,어린이공원167,어린이공원,35.126888,128.707643
경상남도,창원시,진해구,석동 671,어린이공원170,어린이공원,35.158282,128.695187
경상남도,창원시,진해구,자은동 132,근린공원57,근린공원,35.154871,128.719496
경상남도,창원시,진해구,자은동 107,어린이공원175,어린이공원,35.1566599825,128.715011
경상남도,창원시,진해구,죽곡동 233-1,소공원8,소공원,35.112568,128.725081
경상남도,창원시,진해구,용원동 1336-9,근린공원59,근린공원,35.089421,128.809466
경상남도,창원시,진해구,용원동 1347-3,근린공원60,근린공원,35.092006,128.821485
경상남도,창원시,진해구,용원동 1353-5,근린공원61,근린공원,35.087334,128.822643
경상남도,창원시,진해구,용원동 1336-2,어린이공원179,어린이공원,35.089228,128.800795
경상남도,창원시,진해구,용원동 1337-4,어린이공원180,어린이공원,35.086838,128.805166
경상남도,창원시,진해구,용원동 1338-4,어린이공원181,어린이공원,35.0869199016,128.810131
경상남도,창원시,진해구,용원동 1339-4,어린이공원182,어린이공원,35.087514,128.813509
경상남도,창원시,진해구,용원동 1341-3,어린이공원183,어린이공원,35.090382,128.815017
경상남도,창원시,진해구,남양동 407,소공원7,소공원,35.116049,128.780329
경상남도,창원시,진해구,남문동 1257,제1근린공원,근린공원,35.1047098773,128.750219
경상남도,창원시,진해구,남문동 1289,제2근린공원,근린공원,35.104788,128.754499
경상남도,창원시,진해구,남문동 1297,제3근린공원,근린공원,35.102936,128.762397
경상남도,창원시,진해구,남문동 1200,어린이공원190,어린이공원,35.109454,128.747513
경상남도,창원시,진해구,남문동 1238,어린이공원191,어린이공원,35.107375,128.751264
경상남도,창원시,진해구,남문동 1219,어린이공원192,어린이공원,35.109655,128.753682
경상남도,창원시,진해구,남문동 산4-2,흰돌메공원,근린공원,35.100942,128.770937
경상남도,창원시,진해구,덕산동 산 2,에너지과학공원,문화공원,35.141299,128.688300172
경상남도,창원시,진해구,태백동 10-30,소공원24,소공원,35.154608,128.6714798964
경기도,평택시,동삭동,산38-2,동삭 근린공원(동삭지구 1호),근린공원,37.022762,127.090661
경기도,평택시,동삭동,396,모산 근린공원,근린공원,37.014183,127.093286
경기도,평택시,죽백동,764공,배나무 근린공원(소사벌택지 4호),근린공원,37.006145,127.116709
경기도,평택시,죽백동,800공,배다리 근린공원(소사벌택지 5호),근린공원,37.001031,127.11924
경기도,평택시,팽성읍,객사리 산3,부용산 근린공원,근린공원,36.96763,127.0604
경기도,평택시,비전동,274-6,비전 근린공원(매봉산),근린공원,36.995058,127.103395
경기도,평택시,동삭동,710,사군자 근린공원(서재지구),근린공원,37.007972,127.097251
경기도,평택시,동삭동,719,사색 근린공원(서재지구),근린공원,37.012872,127.098871
경기도,평택시,비전동,473-78,삼각산(평택) 근린공원,근린공원,37.001172,127.090938
경기도,평택시,동삭동,산25-1,상서재동초 근린공원(동삭2지구),근린공원,37.018494,127.098362
경기도,평택시,동삭동,산1,상서재마당 근린공원(동삭2지구 근린2호),근린공원,37.013885,127.102771
경기도,평택시,용이동,산122번지,생기자리 근린공원(용죽지구),근린공원,37.006435,127.136474
경기도,평택시,세교동,556-1,세교 근린공원(세교지구),근린공원,37.002585,127.083758
경기도,평택시,소사동,산13-1,솔숲 근린공원(소사2지구),근린공원,36.990325,127.130417
경기도,평택시,팽성읍,송화리 106-1,송화 근린공원,근린공원,36.958616,127.057677
경기도,평택시,용이동,744-1번지,신흥 근린공원(신흥지구),근린공원,37.003764,127.148865
경기도,평택시,팽성읍,송화리 68-55,안정 근린공원,근린공원,36.960697,127.053128
경기도,평택시,소사동,506,역사유적 근린공원(소사지구),근린공원,36.987599,127.120279
경기도,평택시,동삭동,589-3,영신 제1호 근린공원(영신지구),근린공원,37.018323,127.083491
울산광역시,중구,다운동,600-10,2호소공원,소공원,35.55676197,129.271573
울산광역시,중구,다운동,64,3호소공원,소공원,35.5779762,129.2749372
울산광역시,중구,다운동,262-1,4호소공원,소공원,35.57593582,129.2678164
울산광역시,중구,다운동,391,5호소공원,소공원,35.56689244,129.2716128
울산광역시,중구,반구동,318-28,반구1지구제3공원,소공원,35.557909,129.3148989
울산광역시,중구,학성동,383-8,계변로공원,소공원,35.55836398,129.3335269
울산광역시,중구,학성동,83-23,학남공원,어린이공원,35.551957,129.339618
경기도,평택시,비전동,산84-14,덕동산 근린공원(비전지구),근린공원,36.997727,127.100058
경기도,평택시,비전동,880,동부 근린공원(비전3지구),근린공원,36.993988,127.118683
경기도,평택시,비전동,875,동부그린 근린공원(비전3지구),근린공원,36.996786,127.117584
대전광역시,서구,월평동,405,월평,어린이공원,36.356732,127.360173
대전광역시,서구,월평동,664,사정,어린이공원,36.35711463,127.3666229
대전광역시,서구,월평동,862,반달,어린이공원,36.35534706,127.3653233
대전광역시,서구,월평동,1554,섬말,어린이공원,36.35529555,127.3610203
대전광역시,서구,월평동,1489,새뜸,어린이공원,36.35396386,127.3553053
대전광역시,서구,만년동,7,청산,어린이공원,36.367969,127.374954
대전광역시,서구,만년동,24,중보,어린이공원,36.36540959,127.3709107
대전광역시,서구,만년동,279,만년,어린이공원,36.3663674,127.3721547
대전광역시,서구,가수원동,769-1,원모,어린이공원,36.30380498,127.3516804
대전광역시,서구,가수원동,788-4,구봉,어린이공원,36.30073795,127.3530754
대전광역시,서구,가수원동,815-6,백야,어린이공원,36.297215,127.354189
대전광역시,서구,관저동,1004,원앙,어린이공원,36.30953467,127.335481
경상남도,진주시,충무공동,40-1,충무공동나누미공원,소공원,35.1791453612,128.1397571882
충청북도,청주시,흥덕구,옥산면 가락리 265,가락공원,근린공원,36.6727732936,127.3914711307
충청북도,청주시,흥덕구,옥산면 국사리 776,장군,어린이공원,36.67636768,127.3909576
충청북도,청주시,흥덕구,수의동 산1-6,80호소공원,소공원,36.62081035,127.3923225
충청북도,청주시,청원구,내덕동 663-5,청북,어린이공원,36.6590707,127.4794526
충청북도,청주시,청원구,내덕동 620-6,새동네,어린이공원,36.66092773,127.480171
충청북도,청주시,청원구,우암동 377-4,중암,어린이공원,36.392771,127.291002
충청북도,청주시,청원구,우암동 360,새싹,어린이공원,36.65322373,127.4857955
충청북도,청주시,청원구,우암동 345,우암,어린이공원,36.64746842,127.4855313
충청북도,청주시,청원구,우암동 368-1,덕암,어린이공원,36.65603461,127.4841803
충청북도,청주시,청원구,내덕동 산61-7,새적굴공원,근린공원,36.66275654,127.494817
충청북도,청주시,청원구,사천동 225-75,사천공원,근린공원,36.394954,127.284079
충청북도,청주시,청원구,율량동 766767,성모,어린이공원,36.405251,127.291187
충청북도,청주시,청원구,율량동 796,소리,어린이공원,36.403111,127.291741
충청북도,청주시,청원구,율량동 813,청율,어린이공원,36.402641,127.292538
충청북도,청주시,청원구,율량동 739740,삼정,어린이공원,36.403231,127.293386
충청북도,청주시,청원구,율량동 851,솔미,어린이공원,36.395809,127.293775
충청북도,청주시,청원구,율량동 1050,효성,어린이공원,36.395152,127.294165
충청북도,청주시,청원구,율량동 1013,율봉,어린이공원,36.394548,127.293772
충청북도,청주시,청원구,율량동 990,율량,어린이공원,36.394548,127.293772
충청북도,청주시,청원구,율량동 913915,왯골,어린이공원,36.395437,127.292411
충청북도,청주시,청원구,율량동 943,역내,어린이공원,36.394806,127.292194
충청북도,청주시,청원구,내수읍 내수리 24,내수공원,어린이공원,36.725946,127.533489
충청북도,청주시,청원구,내수읍 마산리 13-32,북일공원,어린이공원,36.72162397,127.5390153
충청북도,청주시,청원구,내수읍 마산리 산21-4,마산공원,근린공원,36.425272,127.329591
충청북도,청주시,청원구,내수읍 도원리 산19-1,산업공원,근린공원,36.422933,127.324335
서울특별시,은평구,녹번동,산27,녹번동,근린공원,37.6032511658,126.9322993236
서울특별시,은평구구산동,산37-4,,거 북 골,근린공원,37.599915,126.925992
서울특별시,은평구구산동,산48-7,,구  산,근린공원,37.587111,126.919033
서울특별시,은평구진관동,5-3,,상림,근린공원,37.614762,126.907901
서울특별시,"은평구진관동13-2,",12-1,,못자리골,근린공원,37.586731,126.923094
인천광역시,계양구,서운동,127-30일원,서운공원,어린이공원,37.528747,126.748187
충청북도,진천군,진천읍,벽암리 산36,진천3호공원,기타,36.85335736,127.4231938
충청북도,진천군,진천읍,읍내리 산3-10,진천1호공원,근린공원,36.85792637,127.4396775
충청북도,진천군,광혜원면,광혜원리 529-2,광혜원공원,근린공원,36.9942363,127.4383117
충청북도,진천군,광혜원면,광혜원리 665-3,공단공원,체육공원,36.98507186,127.4377032
충청북도,진천군,덕산읍,용몽리 640-1,덕산1호공원,근린공원,36.91490259,127.5092614
충청북도,진천군,광혜원면,광혜원리 571-27,광혜원 5호 어린이공원,어린이공원,36.98921822,127.436107
충청북도,진천군,덕산읍,두촌리 3127,윗말공원,근린공원,36.9113393,127.5328319
충청북도,진천군,덕산읍,두촌리 2407,옥동공원,근린공원,36.90918806,127.5342158
충청북도,진천군,덕산읍,두촌리 2447,두레봉공원,근린공원,36.9059929,127.5361792
충청북도,진천군,덕산읍,두촌리 2593,원봉공원,근린공원,36.90398387,127.5378471
충청북도,진천군,덕산읍,두촌리 2609,강당말공원,근린공원,36.90190292,127.5390942
충청북도,진천군,덕산읍,두촌리 2855,돌실공원,체육공원,36.89787355,127.5264923
충청북도,진천군,덕산읍,두촌리 2093,나무숲공원,소공원,36.91076325,127.5328365
충청북도,진천군,덕산읍,두촌리 2650,햇살가득공원,소공원,36.90058497,127.5381808
충청북도,진천군,덕산읍,두촌리 3014,소담공원,소공원,36.89688066,127.5337773
충청북도,진천군,덕산읍,두촌리 2839,송인공원,역사공원,36.89787881,127.5380305
충청북도,진천군,덕산읍,두촌리 2742,대화공원,수변공원,36.90010026,127.5308188
충청북도,진천군,덕산읍,두촌리 3017,선옥공원,수변공원,36.89573833,127.5349845
충청북도,진천군,진천읍,장관리 산9-12,장관 어린이공원1,어린이공원,36.87047263,127.4409492
전라남도,광양시,광영동,산41-3,광영체육,어린이공원,34.9609236961,127.719125923
전라남도,광양시,광양읍,우산리 산39-6,우산공원,어린이공원,34.9853027585,127.586385
전라남도,광양시,중동,1820,23호,기타,34.928677057,127.6983427651
전라남도,광양시,광양읍,덕례리 1779-1,덕례생태,어린이공원,34.9682009914,127.5623968694
전라남도,광양시,중동,1673,중동3,어린이공원,34.9354661835,127.6914483105
전라남도,광양시,성황동,1853-54,성황2,어린이공원,34.934377,127.674159
대구광역시,수성구,만촌동,1006-2,청구공원,어린이공원,35.863426,128.645941
서울특별시,강서구,방화동,853,은하수,어린이공원,37.570507,126.806548
서울특별시,강서구,방화동,815,능말,어린이공원,37.577955,126.810607
서울특별시,강서구,방화동,826,메아리,어린이공원,37.578615,126.814351
서울특별시,강서구,방화동,799,느티,어린이공원,37.579421,126.810313
서울특별시,강서구,방화동,837,돌샘,어린이공원,37.576054,126.818966
서울특별시,강서구,방화동,840,꿈나무,어린이공원,37.575194,126.818941
서울특별시,강서구,방화동,818,개화,어린이공원,37.580248,126.812534
서울특별시,강서구,공항동,4-36,긴등마을,어린이공원,37.563075,126.818681
서울특별시,강서구,공항동,484,꿈자람,어린이공원,37.564793,126.819154
서울특별시,강서구,공항동,4,다솜,어린이공원,37.563003,126.818161
서울특별시,강서구,공항동,705,풀잎,어린이공원,37.556989,126.816565
서울특별시,강서구,마곡동,316-1,푸르미,어린이공원,37.570478,126.825219
서울특별시,강서구,마곡동,397-1,예솔,어린이공원,37.563629,126.822694
서울특별시,강서구,외발산동,69-1,솔,어린이공원,37.555856,126.825767
경상남도,창원시,의창구,사림동 155,어린이공원92,어린이공원,35.248535,128.686153
경상남도,창원시,의창구,도계동 309-1,어린이공원93,어린이공원,35.261897,128.635913
경상남도,창원시,의창구,도계동 321-1,어린이공원94,어린이공원,35.262883,128.639394
경상남도,창원시,의창구,도계동 358-1,어린이공원95,어린이공원,35.260461,128.639848
경상남도,창원시,의창구,도계동 341-3,어린이공원96,어린이공원,35.259133,128.636174
경상남도,창원시,의창구,도계동 419-3,어린이공원97,어린이공원,35.255475,128.639977
경상남도,창원시,의창구,도계동 406-3,어린이공원98,어린이공원,35.255319,128.637489
경상남도,창원시,의창구,명서동 9-2,어린이공원99,어린이공원,35.250029,128.639159
경상남도,창원시,의창구,명서동 87-1,기쁨공원,어린이공원,35.246767,128.640949
경상남도,창원시,의창구,명서동 114-1,어린이공원101,어린이공원,35.242347,128.643173
경상남도,창원시,의창구,명서동 153-22,어린이공원102,어린이공원,35.249003,128.650552
경상남도,창원시,의창구,봉곡동 47,어린이공원103,어린이공원,35.244884,128.654655
경상남도,창원시,의창구,봉곡동 96-2,어린이공원104,어린이공원,35.248349,128.664748
경상남도,창원시,의창구,봉곡동 106,어린이공원105,어린이공원,35.247886,128.666457
경상남도,창원시,의창구,봉곡동 124-10,어린이공원106,어린이공원,35.247318,128.668137
경상남도,창원시,의창구,사림동 117-1,공룡어린이공원,어린이공원,35.247101,128.680975
경상남도,창원시,의창구,사림동 50,어린이공원110,어린이공원,35.242684,128.687526
경상남도,창원시,의창구,사림동 26,어린이공원111,어린이공원,35.240986,128.687499
경상남도,창원시,의창구,명서동 174-9,어린이공원115,어린이공원,35.245941,128.648629
경상남도,창원시,의창구,사림동 77-8,어린이공원116,어린이공원,35.243386,128.680094
경상남도,창원시,의창구,명서동 80-1,어린이공원117,어린이공원,35.247327,128.644339
경기도,화성시,능동,1123,인곡2 저류지 (저류지 7호),기타(저류지),37.21064081,127.0552515
경기도,화성시,반송동,735,반송 저류지 (저류지 5호),기타(저류지),37.19171671,127.0819641
경기도,화성시,반송리,635,금반 저류지 (저류지 6호),기타(저류지),37.18494267,127.0829053
경기도,화성시,능동,1283-2,능동지구 소공원,소공원,37.20134627,127.0455574
경기도,화성시,능동,1100-1,미관광장 1호,기타(광장),37.21587936,127.0556082
경기도,화성시,능동,1080 -1,미관광장 2호,기타(광장),37.21359335,127.0625115
충청남도,논산시,대교동,250-22,논산 2호 어린이공원,어린이공원,36.209933,127.088653
서울특별시,은평구,진관동,산95 일대,진  관,근린공원,37.61634,126.931455
서울특별시,은평구진관동,산52,,향   림,근린공원,37.6293321935,126.9273553535
서울특별시,은평구,신사동,산80-64일대,신  사,근린공원,37.604686,126.915235
서울특별시,은평구,진관동,산100-44,물 푸 레,근린공원,37.6378399622,126.9165116853
서울특별시,은평구,진관동,106-17,기 자 촌,근린공원,37.621404,126.928596
서울특별시,은평구,녹번동,85-1,녹번서,근린공원,37.614034,126.920502
강원특별자치도,동해시,발한동241-9,,발한공원,근린공원,37.54822731,129.1058549
강원특별자치도,동해시,송정동,1695,송정산단소공원,소공원,37.48667187,129.119036595
강원특별자치도,동해시,효가동,산2번지,효가소공원,소공원,37.50047998,129.1126816
강원특별자치도,동해시,이로동,17-8,이로2호공원,소공원,37.48587765,129.0723915
강원특별자치도,동해시,묵호진동,산 4-3,묵호2호소공원,소공원,37.55604425,129.1196539
강원특별자치도,동해시,추암동,442-4일원,추암1호공원,소공원,37.47640506,129.1575362
강원특별자치도,동해시,구미동,468-2 일원,구미1호공원,어린이공원,37.48280173,129.1287809
강원특별자치도,동해시,구미동,149-1일원,구미2호공원,어린이공원,37.47827476,129.1338674
강원특별자치도,동해시,귀운동,122-2일원,귀운1호공원,어린이공원,37.47723059,129.0956034
강원특별자치도,동해시,북평동,325,단봉1호공원,어린이공원,37.4794011392,129.1205428
강원특별자치도,동해시,동회동,산10일원,동회1호공원,어린이공원,37.49427016,129.1003647
강원특별자치도,동해시,동회동,443일원,동회2호공원,어린이공원,37.48847756,129.1079463
강원특별자치도,동해시,묵호진동,78-127일원,묵호1호공원,어린이공원,37.55515064,129.1122047
강원특별자치도,동해시,발한동,501-13일원,발한1호공원,어린이공원,37.5461597,129.1005282
강원특별자치도,동해시,부곡동,5-85일원,부곡1호공원,어린이공원,37.54015275,129.107908
강원특별자치도,동해시,송정동,산7-8일원,송정2호공원,어린이공원,37.49668625,129.1288422
강원특별자치도,동해시,송정동,1064-13일원,송정7호공원,어린이공원,37.49423508,129.1241575
강원특별자치도,동해시,쇄운동,산14-2일원,쇄운2호공원,어린이공원,37.489023,129.0948825
강원특별자치도,동해시,어달동,47일원,어달1호공원,어린이공원,37.56549661,129.1186523
충청남도,당진시,읍내동,1373,공원:113(당진:12 하늘공원),어린이공원,36.888038,126.634842
충청남도,당진시,채운동,1042,공원:114(당진:13 보름달공원),어린이공원,36.887203,126.630679
충청남도,당진시,대덕동,1522,공원:115(당진:14 바다공원),어린이공원,36.886851,126.634962
충청남도,당진시,대덕동,1710,공원:116(당진:15 해바라기공원),근린공원,36.886157,126.639825
충청남도,당진시,읍내동,1068,공원:117(당진:16 채송공원),근린공원,36.890076,126.6391185
충청남도,당진시,읍내동,934,공원:118(당진:17 라일락공원),근린공원,36.892888,126.639189
충청남도,당진시,읍내동,1487,공원:119(당진:21 한마음공원),근린공원,36.900473,126.629238
전북특별자치도,완주군,이서면,용서리 777-1,지사울공원,문화공원,35.82892818,127.0226256
전북특별자치도,완주군,고산면,소향리 162,대아전통문화공원,문화공원,35.98879374,127.2613407
전북특별자치도,완주군,삼례읍,수계리 1217,소공원 12호,소공원,35.919561,127.119831
전북특별자치도,완주군,삼례읍,수계리 1242-2,소공원 13호,소공원,35.920861,127.122871
전북특별자치도,완주군,삼례읍,수계리 1248,소공원 14호,소공원,35.924411,127.123911
전북특별자치도,완주군,삼례읍,수계리 1200,소공원 15호,소공원,35.920341,127.114031
전북특별자치도,완주군,삼례읍,수계리 1223-4,소공원 16호,소공원,35.920811,127.115521
전북특별자치도,완주군,삼례읍,수계리 1228-5,소공원 17호,소공원,35.922291,127.120421
전북특별자치도,완주군,삼례읍,수계리 1241-2,소공원 18호,소공원,35.922331,127.122411
전북특별자치도,완주군,용진읍,운곡리 844,공원,수변공원,35.9025790301,127.1628727329
전북특별자치도,완주군,용진읍,운곡리 839,공원,소공원,35.9019738981,127.1632040267
대전광역시,서구,갈마동,408-3,우마장,어린이공원,36.34228193,127.369617
대전광역시,서구,갈마동,295-17,뒷뜰,어린이공원,36.35269209,127.3663765
대전광역시,서구,갈마동,392-6,한마음,어린이공원,36.344106,127.368018
대전광역시,서구,갈마동,402-1,건능골,어린이공원,36.344806,127.371591
대전광역시,서구,갈마동,985,명학,어린이공원,36.34764916,127.374279
대전광역시,서구,갈마동,1318,상촌,어린이공원,36.341591,127.375433
경상북도,구미시,고아읍,문성리 1693,문성지구 제3어린이공원,어린이공원,36.1540739,128.3465722
경상북도,구미시,공단동,296-31,공단지구 어린이놀이터1,어린이공원,36.09516857,128.3899311541
경상북도,구미시,공단동,296-30,공단지구 어린이놀이터2,어린이공원,36.0947405821,128.3897270601
경상북도,구미시,고아읍,문성리 1607,문성지구 제2어린이공원,어린이공원,36.1548745,128.3440518
경상북도,구미시,고아읍,문성리 1947,문성1공원,어린이공원,36.1591337,128.350595
경상북도,구미시,고아읍,문성리 1882,문성2공원,어린이공원,36.1586184,128.3483515
경상북도,구미시,비산동,419,양지공원(갈뫼공원),근린공원,36.1241641559,128.3718617484
경상북도,구미시,송정동,424-22,중앙공원(송정지구),근린공원,36.1158500928,128.3433123585
광주광역시,광산구,운남동,794-4 (운남 2지구),방동,어린이공원,35.17365889,126.8159368
광주광역시,광산구,월곡동,702-1 (운남 2지구),기쁨,어린이공원,35.17031771,126.8106542
광주광역시,광산구,신가동,870,신가,근린공원,35.1826649,126.8278526
광주광역시,광산구,선암동,54-7,황룡강대상,근린공원,35.1447126368,126.7821638049
광주광역시,광산구,신창동,1120,가족,근린공원,35.19885678,126.8386205
충청북도,청주시,서원구,개신동 690,불무공원,근린공원,36.365573,127.265957
충청북도,청주시,서원구,개신동 587,강뜰,어린이공원,36.623182,127.443899
충청북도,청주시,서원구,개신동 633,바람골,어린이공원,36.620589,127.447231
충청북도,청주시,서원구,개신동 614,배티,어린이공원,36.6218466858,127.4489798099
충청북도,청주시,서원구,개신동 636,새터,어린이공원,36.619976,127.449817
충청북도,청주시,서원구,산남동 745,꿈동산,어린이공원,36.609501,127.465853
충청북도,청주시,서원구,성화동 산80-7,오리골공원,근린공원,36.363251,127.271041
충청북도,청주시,흥덕구,비하동 716,중하,어린이공원,36.374597,127.253813
충청북도,청주시,흥덕구,가경동 1470-13,송골,어린이공원,36.622015,127.432736
충청북도,청주시,흥덕구,가경동 1551,강변,어린이공원,36.619343,127.441896
충청북도,청주시,흥덕구,가경동 1486-2,통수,어린이공원,36.371005,127.262321
충청북도,청주시,흥덕구,강내면 탑연리 산16-4,탑연공원,근린공원,36.6163439842,127.3580891482
충청북도,청주시,서원구,현도면 중삼리 54,중삼공원,근린공원,36.295734,127.245754
충청북도,청주시,서원구,현도면 죽전리 660,죽전공원,근린공원,36.301253,127.251712
충청북도,청주시,서원구,현도면 달계리 555-2,달계공원,어린이공원,36.621852,127.369296
충청북도,청주시,서원구,현도면 매봉리 271-4,과수원,어린이공원,36.473831,127.427247
서울특별시,강서구,방화동,645-13,봉선화,어린이공원,37.566522,126.806987
서울특별시,강서구,방화동,648-13,민들레,어린이공원,37.567221,126.806731
서울특별시,강서구,방화동,551-26,내촌,어린이공원,37.570073,126.808687
서울특별시,강서구,방화동,411,신대부석,어린이공원,37.583724,126.816494
서울특별시,강서구,방화동,616-1,목련,어린이공원,37.564958,126.807825
서울특별시,강서구,방화동,558,샛별,어린이공원,37.572732,126.809505
서울특별시,강서구,방화동,583,새싹교통,어린이공원,37.569485,126.809344
세종특별자치시,고운동,2084,,진달래꽃어린이공원,어린이공원,36.51395623,127.240156
세종특별자치시,다정동,739,,봄빛어린이공원,어린이공원,36.49821012,127.2371161
세종특별자치시,다정동,948,,샛별어린이공원,어린이공원,36.49398339,127.2475656
세종특별자치시,대평동,709,,꿈바라기어린이공원,어린이공원,36.47090544,127.2786285
서울특별시,강남구,개포동,169-3,개포까치공원,어린이공원,37.48370515,127.0608782
서울특별시,강남구,개포동,1220,개포은행나무공원,어린이공원,37.47602964,127.0492625
서울특별시,강남구,개포동,1176,개포목련공원,어린이공원,37.47429924,127.0524432
서울특별시,강남구,일원동,615-2,일원은행나무공원,어린이공원,37.492002,127.0769753
서울특별시,강남구,일원동,658,일원목련공원,어린이공원,37.491431,127.0855901
서울특별시,강남구,일원동,712-4,일원까치공원,어린이공원,37.4918904,127.0882309
서울특별시,강남구,수서동,465-15,궁마을공원,어린이공원,37.484831,127.0994148
서울특별시,강남구,개포동,12-7,예지공원,어린이공원,37.49183156,127.0733493
광주광역시,광산구,지정동,716-11,봉정,어린이공원,35.13654628,126.7199138646
경기도,양주시,삼숭동,653,삼숭어린이공원,어린이공원,37.80499485,127.0892811
경기도,양주시,삼숭동,575-5,삼숭소공원,소공원,37.8040912,127.0920097
제주특별자치도,제주시,일도2동,397,1-17호공원,어린이공원,33.50814888,126.5440140815
제주특별자치도,제주시,일도2동,405-3,1-18호공원,어린이공원,33.5062971,126.5433966
제주특별자치도,제주시,일도2동,414,1-19호공원,어린이공원,33.5039034,126.541478
제주특별자치도,제주시,이도2동,320-6,1-20호공원,어린이공원,33.50337547,126.5379893
제주특별자치도,제주시,삼양2동,2154-1,1-21호공원,어린이공원,33.52008403,126.5800858
제주특별자치도,제주시,삼양1동,1593-1,1-22호공원,어린이공원,33.52908427,126.5937503
제주특별자치도,제주시,삼양1동,1647-12,1-23호공원,어린이공원,33.52605417,126.5905053
제주특별자치도,제주시,삼양1동,1660-5,삼양공원,역사공원,33.52349254,126.588028
제주특별자치도,제주시,삼양2동,2104-4,1-25호공원,어린이공원,33.52437701,126.5849458
제주특별자치도,제주시,삼양2동,2113-1,1-26호공원,어린이공원,33.52452058,126.5856754
제주특별자치도,제주시,삼양2동,2130-1,1-27호공원,어린이공원,33.52212086,126.5831741
제주특별자치도,제주시,삼양2동,2179-10,1-28호공원,어린이공원,33.52023614,126.583926
제주특별자치도,제주시,삼양2동,2100-2,1-29호공원,어린이공원,33.52422601,126.581988
제주특별자치도,제주시,구좌읍,한동리 4849-20,용암해수제1공원,근린공원,33.54169797,126.8118746
제주특별자치도,제주시,조천읍,함덕리 919,함덕공원,근린공원,33.53770789,126.6676173
제주특별자치도,제주시,조천읍,조천리 1134,만세공원,근린공원,33.54080767,126.6418055
제주특별자치도,제주시,한경면,두모리 2791,두모공원,근린공원,33.35197677,126.1817498
제주특별자치도,제주시,한경면,고산리 2067-1,고산공원,근린공원,33.30408297,126.1851594
제주특별자치도,제주시,삼도1동,785-1,1-1호공원,어린이공원,33.50606226,126.519003
제주특별자치도,제주시,삼도1동,505,1-2호공원,어린이공원,33.50148055,126.5158418
제주특별자치도,제주시,삼도1동,547-11,1-3호공원,어린이공원,33.50219134,126.5217593
제주특별자치도,제주시,도남동,914-13,1-4호공원,어린이공원,33.49950713,126.525639
제주특별자치도,제주시,연동,311-33,1-5호공원,어린이공원,33.49153985,126.4989133
제주특별자치도,제주시,연동,293-6,1-6호공원,어린이공원,33.48687709,126.4943098
제주특별자치도,제주시,연동,297-1,1-7호공원,어린이공원,33.48290923,126.4945669
제주특별자치도,제주시,연동,252-23,1-8호공원,어린이공원,33.48737471,126.4862344
제주특별자치도,제주시,연동,266-2,1-9호공원,어린이공원,33.48309995,126.4888362
제주특별자치도,제주시,노형동,910-7,1-10호공원,어린이공원,33.4870011751,126.4836473285
제주특별자치도,제주시,노형동,921,1-11호공원,어린이공원,33.48302062,126.482236
제주특별자치도,제주시,건입동,671,1-12호공원,어린이공원,33.51678782,126.5400243
제주특별자치도,제주시,일도2동,154,1-13호공원,어린이공원,33.51127326,126.5418173
제주특별자치도,제주시,일도2동,318,1-14호공원,어린이공원,33.50993954,126.5372764
제주특별자치도,제주시,일도2동,355-8,1-15호공원,어린이공원,33.50886099,126.5406201
제주특별자치도,제주시,일도2동,337,1-16호공원,어린이공원,33.50695262,126.5362826
서울특별시,강남구,역삼동,635,역삼문화공원,문화공원,37.50251536,127.0303909
서울특별시,강남구,역삼동,763-18,다솜소공원,소공원,37.49577558,127.0478708
서울특별시,강남구,도곡동,539-6,도곡단비소공원,소공원,37.49389921,127.0472249
서울특별시,강남구,도곡동,462-9,도곡동 426-9(로덴하우스)소공원,소공원,37.48560304,127.0460585
서울특별시,강남구,역삼동,716-5,역삼나들이소공원,소공원,37.500748,127.0504317
서울특별시,강남구,논현동,276-2,아크로힐스소공원,소공원,37.51003194,127.0395693
서울특별시,강남구,논현동,162-11,논현까치공원,어린이공원,37.50852892,127.0250971
서울특별시,강남구,논현동,137-18,논현목련공원,어린이공원,37.5108669,127.0267093
서울특별시,강남구,논현동,47-13,논현은행나무공원,어린이공원,37.51259546,127.0224572
서울특별시,강남구,논현동,150-5,논현개나리공원,어린이공원,37.51122564,127.0300758
서울특별시,강남구,논현동,205-7,논현무궁화공원,어린이공원,37.50667179,127.0307039
서울특별시,강남구,논현동,239,논현소나무공원,어린이공원,37.51573112,127.0374539
서울특별시,강남구,논현동,263-23,학동공원,어린이공원,37.511646,127.0387639
서울특별시,강남구,신사동,558,신사은행나무공원,어린이공원,37.52059722,127.0260394
서울특별시,강남구,신사동,567-37,신사목련공원,어린이공원,37.52291399,127.0258327
제주특별자치도,제주시,구좌읍,동복리 1679,동복공원,근린공원,33.55284125,126.7080888
제주특별자치도,제주시,구좌읍,상도리 392-1,상도공원,근린공원,33.51427806,126.8704479
제주특별자치도,제주시,구좌읍,평대리 468-36,평대공원,근린공원,33.52675978,126.8471297
제주특별자치도,제주시,구좌읍,상도리 471-32,세화공원,근린공원,33.52361771,126.8634157
전라남도,장흥군,부산면,부춘리 170,심천공원,근린공원,34.75122679,126.8933144
전라남도,장흥군,대덕읍,연지리 산64,문학공원,근린공원,34.51565008,126.903496
전라남도,장흥군,장흥읍,해당리 556,바이오산단 근린공원,근린공원,34.6882926674,126.9329754278
전라남도,장흥군,부산면,부춘리 산100,장흥 그린파크,근린공원,34.70723001,126.9180881
전라남도,장흥군,장흥읍,건산리 628-4,탐진강문화공원,근린공원,34.68340221,126.9040219
전라남도,장흥군,장흥읍,원도리 308-5,동파앞어린이공원,어린이공원,34.68132429,126.9085488
서울특별시,강서구,가양동,1486-1,진달래,어린이공원,37.562375,126.860979
서울특별시,강서구,내발산동,697,발음,어린이공원,37.552042,126.833204
서울특별시,강서구,내발산동,221-1,광명,어린이공원,37.546857,126.822944
서울특별시,강서구,내발산동,741-2,수정,어린이공원,37.554043,126.828743
서울특별시,강서구,내발산동,753-1,은행나무,어린이공원,37.552158,126.823201
서울특별시,강서구,내발산동,761,신광명,어린이공원,37.547313,126.823007
서울특별시,강서구,내발산동,650,원당,어린이공원,37.557413,126.842084
서울특별시,강서구,내발산동,657-2,가곡,어린이공원,37.555964,126.837765
서울특별시,강서구,내발산동,657-3,꿈빛,어린이공원,37.556117,126.840003
서울특별시,강서구,공항동1341,,활주로,어린이공원,37.554212,126.815978
서울특별시,강서구,공항동1361,,다솔,어린이공원,37.554428,126.818292
서울특별시,강서구,공항동668,,장미,어린이공원,37.556809,126.813805
서울특별시,강서구,공항동42-11,,송정,어린이공원,37.560635,126.811276
서울특별시,강서구,방화동,266-24,쌈지,어린이공원,37.571268,126.814976
서울특별시,강서구,방화동,569-14,개나리,어린이공원,37.573113,126.812217
서울특별시,강서구,방화동,247-201,긴등,어린이공원,37.56802,126.816194
서울특별시,강서구,방화동,608-112,문성,어린이공원,37.564839,126.815435
서울특별시,강서구,방화동,448-5,새싹,어린이공원,37.574806,126.812748
서울특별시,강서구,방화동,184-66,도레미,어린이공원,37.571792,126.819136
서울특별시,강서구,방화동,890-1,들꽃,어린이공원,37.570615,126.821227
서울특별시,강남구,삼성동,75,봉은역사공원,역사공원,37.51391154,127.0554916
서울특별시,동작구,사당동,164-1,새빛,소공원,37.48733571,126.9744112
서울특별시,동작구,흑석동,231-31,까막골,소공원,37.5045058,126.9605347
서울특별시,동작구,상도1동,558,비둘기,어린이공원,37.505903,126.9517486201
전라남도,장흥군,장흥읍,남외리 산10-8,예양공원,근린공원,34.67667645,126.8982389
대구광역시,달서구,호산동,368-1,미리내어린이공원,어린이공원,35.8512613,128.4835649
대구광역시,달서구,도원동,1444-3,미리샘어린이공원,어린이공원,35.80487441,128.5407357
대구광역시,달서구,월성동,270,미성어린이공원,어린이공원,35.83192291,128.5331421
대구광역시,달서구,이곡동,1306-3,미소어린이공원,어린이공원,35.85749377,128.5122725
대구광역시,달서구,상인동,1429-1,민들레공원,어린이공원,35.81471092,128.5362016
대구광역시,달서구,이곡동,1184-5,배꽃어린이공원,어린이공원,35.86005824,128.5018536
대구광역시,달서구,본리동,640-1,백조해양어린이공원,어린이공원,35.83945563,128.5324319
대구광역시,달서구,도원동,1442-4,별메어린이공원,어린이공원,35.80460189,128.5343185
대구광역시,달서구,도원동,1441-2,별모람어린이공원,어린이공원,35.80596892,128.5323853
대구광역시,달서구,용산동,517,병풍바위어린이공원,어린이공원,35.8614499,128.5209723
대구광역시,달서구,용산동,410-1,보람어린이공원,어린이공원,35.85102674,128.5182786
대구광역시,달서구,상인동,1515-1,보배어린이공원,어린이공원,35.81584474,128.5415238
대구광역시,달서구,본리동,88-4,본리어린이공원,어린이공원,35.84055882,128.541814
대구광역시,달서구,진천동,253-32,봉숭아어린이공원,어린이공원,35.81071605,128.5266816
대구광역시,달서구,상인동,1563-1,비둘기어린이공원,어린이공원,35.80867671,128.5522461
대구광역시,달서구,도원동,1438-2,사계절어린이공원,어린이공원,35.80694033,128.5382931
대구광역시,달서구,월성동,277-2,사랑어린이공원,어린이공원,35.83033101,128.5311067
대구광역시,달서구,이곡동,1216,사령봉어린이공원,어린이공원,35.85292679,128.5032909
대구광역시,달서구,도원동,1457-1,산새어린이공원,어린이공원,35.80265602,128.5345222
대구광역시,달서구,두류동,140-2,상록어린이공원,어린이공원,35.85689442,128.5596054
대구광역시,달서구,용산동,459-1,새동네공원,어린이공원,35.85703549,128.5225599
대구광역시,달서구,상인동,1534,새싹어린이공원,어린이공원,35.81669196,128.5469138
대구광역시,달서구,용산동,952,샘골어린이공원,어린이공원,35.85467177,128.5315795
강원특별자치도,태백시,황지동,3-53,위령탑공원,근린공원,37.1750271,128.9958536
강원특별자치도,태백시,황지동,산51-4,황부자며느리공원,근린공원,37.1738802,128.9848177
강원특별자치도,태백시,동점동,514-24,남동공원,근린공원,37.1097568,129.0367434
강원특별자치도,태백시,소도동,24-56,소도공원,근린공원,37.13474507,128.9738519
강원특별자치도,태백시,동점동,산1-18,국민안전체험테마파크,근린공원,37.10402206,129.0406133
강원특별자치도,태백시,황지동,30-9,황지천생태하천공원,수변공원,37.1714669,128.9924953
강원특별자치도,태백시,철암동,417-8,태백도시자연공원,도시농업공원,37.12114707,129.0297485
대구광역시,달서구,도원동,1440-2,아람어린이공원,어린이공원,35.80592067,128.5307899889
대구광역시,달서구,대곡동,778-6,아래한실어린이공원,어린이공원,35.79899754,128.5286763
대구광역시,달서구,신당동,1844-1,앞돌어린이공원,어린이공원,35.85328625,128.496288
대구광역시,달서구,본동,616-3,애화공원,어린이공원,35.83298582,128.5341022
대구광역시,달서구,월성동,270-2,연왕어린이공원,어린이공원,35.83522361,128.5330966
대구광역시,달서구,상인동,1517-1,영광어린이공원,어린이공원,35.8182854,128.5435972
대구광역시,달서구,신당동,1778,오정어린이공원,어린이공원,35.85667653,128.4962663
대구광역시,달서구,월성동,273-1,옹달샘어린이공원,어린이공원,35.83157674,128.5298707
대구광역시,달서구,이곡동,1342-1,용강어린이공원,어린이공원,35.86156292,128.5140108
대구광역시,달서구,용산동,911-1,용산어린이공원,어린이공원,35.86060497,128.5295282
대구광역시,달서구,용산동,873,용산미로어린이공원,어린이공원,35.85592257,128.5331056
대구광역시,달서구,용산동,564-1,용산본어린이공원,어린이공원,35.86009078,128.5236346
대구광역시,달서구,용산동,918-1,용전어린이공원,어린이공원,35.85907643,128.527985
대구광역시,달서구,용산동,414-3,용주어린이공원,어린이공원,35.85393946,128.5185141
대구광역시,달서구,용산동,423,용하어린이공원,어린이공원,35.85371385,128.5214803
대구광역시,달서구,도원동,670,원덕어린이공원,어린이공원,35.8060227,128.5470122
강원특별자치도,태백시,통동,73-80,연화제3공원,어린이공원,37.17054796,129.0383113
강원특별자치도,태백시,황지동,341-12,삼수제1공원,어린이공원,37.18030403,128.9800547
강원특별자치도,태백시,소도동,23,소도제3공원,어린이공원,37.13292192,128.9720041
강원특별자치도,태백시,황지동,25-2,황지연못,근린공원,37.17296116,128.9907134
경상남도,진주시,충무공동,225-6,충무공동쌈지울공원,소공원,35.1799438625,128.1468661863
경상남도,진주시,충무공동,287-4,충무공동한치울공원,소공원,35.176914657,128.1438609134
경상남도,진주시,충무공동,321-1,충무공동소담울공원,소공원,35.1699233575,128.1467254309
경기도,김포시,양촌읍,학운리 3352,학운2소공원51,소공원,37.60282888,126.5906063
경기도,김포시,양촌읍,학운리 1758,학운(2)산단(42호),근린공원,37.613159,126.604448
경기도,김포시,감정동,675,신화공원(김포어린이3),어린이공원,37.625594,126.701173
경기도,김포시,북변동,720,봉화공원(김포어린이5),어린이공원,37.6276172,126.704206
경기도,김포시,운양동,1283-9,한강소공원16,소공원,37.64975581,126.6984292
경기도,김포시,통진읍,마송리 578,마송어린이5,어린이공원,37.688547,126.605441
경기도,김포시,양촌읍,학운리 1364,학운3소공원50,소공원,37.613844,126.607159
경기도,김포시,대곶면,대벽리 1062,항공근린공원1호,근린공원,37.618575,126.571867
경기도,김포시,양촌읍,학운리 2963,양산근린1,근린공원,37.61394934,126.6180768
경기도,김포시,고촌읍,신곡리 1281,고촌제1근린공원(고촌24호),근린공원,37.60739153,126.772291
경기도,김포시,장기동,1549,장기어린이3,어린이공원,37.64098798,126.673035
경기도,김포시,운양동,1325-1,한강주제5,문화공원,37.6448255494,126.6945053885
경기도,김포시,마산동,672-4,한강소공원1,소공원,37.63644984,126.6406948
경기도,김포시,운양동,119-7,한강소공원17,소공원,37.648037,126.698581
경기도,김포시,마산동,650-9,한강어린이6,어린이공원,37.63593722,126.6445398
경기도,김포시,풍무동,258-28,김포어린이42,어린이공원,37.610918,126.733963
경기도,김포시,장기동,1641,장기근린2,근린공원,37.641395,126.6662032
경기도,김포시,양촌읍,양곡리 1267,양곡어린이3,어린이공원,37.657363,126.633526
경기도,김포시,장기동,1343,장기어린이56,어린이공원,37.647849,126.667716
경기도,김포시,장기동,1323,장기어린이57,어린이공원,37.648412,126.666625
경기도,김포시,운양동,1326-11,한강어린이12,어린이공원,37.65151619,126.6869323
경기도,김포시,운양동,1293-1,한강어린이13,어린이공원,37.65399551,126.6888122
경기도,김포시,운양동,1274-12,한강어린이14,어린이공원,37.65209308,126.6994601
경기도,김포시,운양동,1315-1,한강어린이15,어린이공원,37.65110745,126.6907111
경기도,김포시,운양동,1316-1,한강어린이16,어린이공원,37.6498851,126.6937336
경기도,수원시,장안구,파장동 561,세일,어린이공원,37.31001292,126.9907275
대전광역시,서구,도안동,1368,소태,근린공원,36.31707788,127.3466285
대전광역시,서구,관저동,1662,봉우재,근린공원,36.30618093,127.3334885
대전광역시,서구,가수원동,835,도안7,근린공원,36.31154909,127.3444163
대전광역시,서구,관저동,2026,선유,근린공원,36.288766,127.332105
대전광역시,서구,복수동,287-4,오량,어린이공원,36.3095928,127.3739286
대전광역시,서구,정림동,18-16,계림,어린이공원,36.30654398,127.3679612
대전광역시,서구,정림동,563,강변,어린이공원,36.306349,127.364088
대전광역시,서구,정림동,635,수밋들,어린이공원,36.30406408,127.3664116
대전광역시,서구,정림동,668,정림,어린이공원,36.30170246,127.3667974
대전광역시,서구,변동,254-182,목운,어린이공원,36.33161809,127.368743
대전광역시,서구,변동,254-364,평화,어린이공원,36.330229,127.3679983
대전광역시,서구,탄방동,59-14,선경,어린이공원,36.34297758,127.3946476
대전광역시,서구,탄방동,780,새말,어린이공원,36.3439996,127.3906417
대전광역시,서구,탄방동,1051,도산,어린이공원,36.346508,127.395813
대전광역시,서구,둔산동,2006,문정,어린이공원,36.3500004,127.398921
대전광역시,서구,둔산동,1193,윗둔지미,어린이공원,36.35063299,127.379071
대전광역시,서구,둔산동,1234,계룡,어린이공원,36.346429,127.381419
대전광역시,서구,괴정동,51-1,백운,어린이공원,36.33785321,127.3863761
대전광역시,서구,괴정동,123-6,지치울,어린이공원,36.339704,127.376899
대전광역시,서구,괴정동,138-5,웅기,어린이공원,36.336034,127.375737
대전광역시,서구,가장동,23-1,새들,어린이공원,36.33115899,127.389596
대전광역시,서구,내동,16-1,예정,어린이공원,36.33136066,127.378459
대전광역시,서구,내동,161-7,안골,어린이공원,36.33534582,127.371706
대전광역시,서구,갈마동,363-1,안산뜸,어린이공원,36.348391,127.368625
강원특별자치도,영월군,영월읍,영흥리 1097-2,하송공원,근린공원,37.19440587,128.4574812
강원특별자치도,영월군,영월읍,영흥리 산59,금강공원,근린공원,37.19040325,128.4935623
강원특별자치도,영월군,영월읍,삼옥리 897,동강생태공원,근린공원,37.22820572,128.505455
강원특별자치도,영월군,상동읍,구래리 산61,상동1공원,근린공원,37.14578106,128.8429902
강원특별자치도,영월군,영월읍,덕포리 585,덕포공원,근린공원,37.177817419,128.4821862902
경상북도,영양군,영양읍,서부리 123,서부공원,근린공원,36.66052651,129.1152235
경상북도,영양군,입암면,신구리 산27-5,입암공원,근린공원,36.594802,129.093007
경상북도,영양군,수비면,발리리 산48,수비공원,근린공원,36.76167243,129.199914
경상북도,영양군,영양읍,삼지리 200,삼지연꽃 테마파크,수변공원,36.662816,129.1306383
강원특별자치도,동해시,묵호진동,2-297,묵호3호소공원,소공원,37.55234443,129.1173916
강원특별자치도,동해시,구미동,591,단봉3호공원,어린이공원,37.4777957,129.1283768
강원특별자치도,동해시,어달동16-82,,어달2호공원,어린이공원,37.55916998,129.1121287
강원특별자치도,동해시,천곡동996,,천곡14호공원,어린이공원,37.51339446,129.1181333
부산광역시,기장군,정관읍,달산리 1054번지,어린이공원1호,어린이공원,35.31521,129.1818
부산광역시,기장군,정관읍,달산리 1124-7번지,어린이공원2호,어린이공원,35.32011,129.2041
부산광역시,기장군,정관읍,모전리 773번지,하늘아리공원,어린이공원,35.3368852,129.1613769
부산광역시,기장군,정관읍,두명리 254-28번지,두명소공원,소공원,35.362353,129.147428
서울특별시,동작구,본동,483,본동,어린이공원,37.51062857,126.9544535
서울특별시,동작구,사당동,1138-1,개나리,어린이공원,37.48622359,126.965684
서울특별시,동작구,신대방동,719-1,청명,어린이공원,37.487572,126.9080022
서울특별시,동작구,신대방동,719-3,해당화,어린이공원,37.48687458,126.905905
서울특별시,동작구,흑석동,335-7,비계,소공원,37.505468,126.966378
서울특별시,동작구,상도동,527-1외 2,태양,어린이공원,37.506795,126.944663
서울특별시,동작구,흑석동,339-4,서달,소공원,37.50115916,126.9599134
서울특별시,동작구,동작동,333-3,희망,어린이공원,37.49388882,126.9801298
서울특별시,동작구,사당동,1131-17(영아),남성,소공원,37.48499215,126.9721592
서울특별시,동작구,본동,494-9,충효,소공원,37.51401526,126.950109
서울특별시,동작구,상도동,521-1,꿈나무,어린이공원,37.50329035,126.9427329
서울특별시,동작구,상도동,296-6,빙수골,소공원,37.49668291,126.932279
서울특별시,동작구,상도동,529-1 상도두산위브아파트,국화원,소공원,37.50479617,126.942298
서울특별시,동작구,상도동,531-2,흐리목,소공원,37.49448602,126.9530398
서울특별시,동작구,흑석동,335-10,까망돌,어린이공원,37.506578,126.964102
서울특별시,동작구,사당동,1157-1,해밀,어린이공원,37.48852684,126.9744312
서울특별시,동작구,상도동,535-6,영도,소공원,37.50338581,126.9411913
서울특별시,동작구,상도동,535-3,나비,소공원,37.50334639,126.943593
서울특별시,동작구,상도동,25-8,꽃담길,소공원,37.505644,126.942102
서울특별시,동작구,흑석동,186-135,흑석,소공원,37.50916104,126.957863
서울특별시,동작구,신대방동,698,칸나,소공원,37.48562691,126.9043083
서울특별시,동작구,상도동,36-1,꿈나래,어린이공원,37.5052677,126.9481801
부산광역시,기장군,정관읍,달산리 1198번지,나래울공원,어린이공원,35.3135424,129.1900656
부산광역시,기장군,정관읍,방곡리 411번지,꽃보라공원,어린이공원,35.3263365,129.188662
서울특별시,구로구,개봉동,314-14,개명,소공원,37.48292941,126.8481689
서울특별시,구로구,오류동,332-36,오류동(대체공원),소공원,37.4934436,126.842953
서울특별시,구로구,천왕동,7-36,연지마을,소공원,37.482231,126.843715
서울특별시,구로구,항동,31,푸른수목원,근린공원,37.48196844,126.8236695
대전광역시,서구,월평동,313,은평,근린공원,36.35946964,127.3635047
대전광역시,서구,도마동,413-3,도마변동,근린공원,36.32691457,127.374245
대전광역시,서구,가수원동,802-1,가수원,근린공원,36.29819002,127.3524924
대전광역시,서구,갈마동,820,갈마,문화공원,36.35550811,127.3740079
대전광역시,서구,둔산동,1379,샘머리,근린공원,36.35603899,127.3839261
대전광역시,서구,둔산동,953,38의거둔지미,근린공원,36.35711682,127.3783829
대전광역시,서구,둔산동,1544,보라매,근린공원,36.35356501,127.3848602
대전광역시,서구,둔산동,1385,씨애틀,근린공원,36.35502625,127.3944429
대전광역시,서구,탄방동,1084,남선,근린공원,36.34623037,127.3979912
대전광역시,서구,관저동,1129,장갓골,근린공원,36.3010162,127.3302645
대전광역시,서구,관저동,1151,신선암,근린공원,36.2981289,127.334078
대전광역시,서구,갈마동,414-1,월평,근린공원,36.34555079,127.3640684
대전광역시,서구,관저동,1419,느리울,근린공원,36.29973868,127.342493
대전광역시,서구,관저동,264,구봉,근린공원,36.294499,127.332929
대전광역시,대덕구,석봉동780,,금강로하스산호빛,체육공원,36.45388321,127.4215677
대전광역시,대덕구,신일동1682-8,,을미기,체육공원,36.44272654,127.4113264
대전광역시,대덕구,상서동,산66-11,지수,체육공원,36.42535428,127.4166966
대전광역시,대덕구,신탄진동264-2,,신탄진1,체육공원,36.44209918,127.4316132
부산광역시,기장군,정관읍,모전리 718번지,둥지공원,어린이공원,35.3368852,129.1613769
부산광역시,기장군,정관읍,모전리 709번지,바람개비공원,어린이공원,35.3368852,129.1613769
부산광역시,기장군,정관읍,모전리 733번지,새늘공원,어린이공원,35.3368852,129.1613769
부산광역시,기장군,정관읍,용수리 1394번지,얼레공원,어린이공원,35.339239,129.1774978
부산광역시,기장군,정관읍,매학리 769-5번지,뵤뵤공원,어린이공원,35.32115,129.1805
부산광역시,기장군,정관읍,달산리 1063번지,광장 12호,기타,35.31363,129.185399
부산광역시,기장군,정관읍,매학리 796번지,애솔공원,어린이공원,35.3169318,129.1661425
부산광역시,기장군,정관읍,달산리 1208번지,동구래공원,어린이공원,35.3135424,129.1900656
충청남도,천안시,동남구,신부동 542,신부6공원,어린이공원,36.823674,127.155311
충청남도,천안시,동남구,신부동 671,신부8공원,어린이공원,36.822732,127.160165
충청남도,천안시,동남구,신부동 749,편지공원(신부7),어린이공원,36.821839,127.157372
충청남도,천안시,동남구,"신부동 811, 815, 673",신부공원,근린공원,36.820027,127.159626
충청남도,천안시,동남구,"신부동 888,889",성정9공원(신부9),어린이공원,36.822416,127.150155
충청남도,천안시,동남구,쌍용동 551-4,차돌공원(쌍용1),어린이공원,36.803151,127.133034
충청남도,천안시,동남구,"안서동206-21,207-4",상암공원(안서4),어린이공원,36.829066,127.187268
충청남도,천안시,동남구,용곡동 581,용소공원(용곡6),어린이공원,36.791262,127.135976
충청남도,천안시,동남구,용곡동 585,미르공원(용곡8),어린이공원,36.78191648,127.1395318
충청남도,천안시,동남구,용곡동 586,용곡9공원,어린이공원,36.781691,127.136873
충청남도,천안시,동남구,용곡동 597,용곡공원(용곡4),어린이공원,36.787417,127.135552
충청남도,천안시,동남구,용곡동 601,눈들공원(용곡1),어린이공원,36.79261113,127.1392161
충청남도,천안시,동남구,원성동 214-3,원성소공원,소공원,36.813416,127.1590607
전라남도,고흥군,동강면,장덕리 1118-1,동강소공원,소공원,34.80673232,127.3443211
강원특별자치도,원주시,태장동,2758,소일어린이공원,어린이공원,37.36899236,127.9626836
강원특별자치도,원주시,태장동,2736,한배미수변공원,수변공원,37.37123272,127.9594087
강원특별자치도,원주시,지정면,신평리 1173-5,안말소공원,소공원,37.38285296,127.8810261
강원특별자치도,원주시,지정면,신평리 1194-6,새말소공원,소공원,37.38177157,127.8829549
강원특별자치도,원주시,지정면,가곡리 1590-3,조락골소공원,소공원,37.37972363,127.882509
강원특별자치도,원주시,지정면,가곡리 1573-1,산마루소공원,소공원,37.38196332,127.8786382
강원특별자치도,원주시,지정면,가곡리 1563-2,집너머소공원,소공원,37.38487657,127.877584
강원특별자치도,원주시,지정면,신평리 1153-4,물터2소공원,소공원,37.38770884,127.8769324
강원특별자치도,원주시,지정면,신평리 1155-13,물터1소공원,소공원,37.38860146,127.8776343
강원특별자치도,원주시,지정면,가곡리 1554,솔경지1소공원,소공원,37.38963791,127.8760965
강원특별자치도,원주시,지정면,가곡리 1549,솔경지2소공원,소공원,37.39125582,127.8762566
강원특별자치도,원주시,태장동,2798,태장지구 소공원,소공원,37.36049202,127.9572634
강원특별자치도,원주시,일산동,184-99,일산소공원,소공원,37.35236821,127.9450995
강원특별자치도,원주시,명륜동,259,원주향교역사공원,역사공원,37.33843457,127.950291
강원특별자치도,원주시,문막읍,반계리 2242,근린공원 306호,근린공원,37.28851133,127.7988601
강원특별자치도,영월군,주천면,주천리 897-9,꽃가람어린이공원,어린이공원,37.2721014,128.2651462
강원특별자치도,영월군,영월읍,하송리 363-2,하송어린이공원,어린이공원,37.17782597,128.4558897
강원특별자치도,영월군,영월읍,하송리 127,은행나무어린이공원,어린이공원,37.1780387139,128.4640980884
강원특별자치도,영월군,영월읍,영흥리 1033-33,가온어린이공원,어린이공원,37.18905254,128.469896
강원특별자치도,영월군,한반도면,신천리 471,새내어린이공원,어린이공원,37.23636557,128.3290029
강원특별자치도,영월군,북면,마차리 14-22,마차어린이공원,어린이공원,37.25744112,128.4536987
강원특별자치도,영월군,산솔면,연상리 67-9,연상어린이공원,어린이공원,37.1990933806,128.6153714694
강원특별자치도,영월군,영월읍,덕포리 574-151,덕포리어린이공원,어린이공원,37.18045333,128.4762946
강원도,횡성군,우천면,양적리 산21,우천근린공원4호,근린공원,37.460605,128.0587845
강원도,횡성군,횡성읍,가담리 산3,횡성근린공원3호,근린공원,37.47914988,127.9774419
강원도,횡성군,횡성읍,읍하리 40,횡성근린공원2호,근린공원,37.49309178,127.9848198
대구광역시,동구,동내동,1119-3,동내향수공원,근린공원,35.87783688,128.7372748
대구광역시,동구,사복동,837-5,사복노을공원,근린공원,35.87704179,128.7513912
대구광역시,동구,숙천동,391,숙천꿈마루공원,근린공원,35.8763419,128.7538104
대구광역시,동구,각산동,1029-1,다람쥐어린이공원,어린이공원,35.88553738,128.7142742
대구광역시,동구,각산동,1043-1,돌고래어린이공원,어린이공원,35.8887025,128.716667
대구광역시,동구,각산동,1054-1,너구리어린이공원,어린이공원,35.88630001,128.719702
대구광역시,동구,각산동,1062-1,펭귄어린이공원,어린이공원,35.88082537,128.7155095
대구광역시,동구,각산동,1070-4,고라니어린이공원,어린이공원,35.88025957,128.7175962
강원특별자치도,원주시,지정면,가곡리 1288,901호 수변공원,수변공원,37.37048304,127.8676327
강원특별자치도,원주시,지정면,가곡리 1290,902호 수변공원,수변공원,37.37001577,127.8678331
강원특별자치도,원주시,태장동,2782,실벗뜨락공원,근린공원,37.36978268,127.9658087
세종특별자치시,조치원읍,신흥리,348,수변공원,수변공원,36.59824621,127.2878877
세종특별자치시,소담동,535,,수3-5,수변공원,36.48854696,127.2969728
세종특별자치시,아름동1281,,,어서각역사공원,역사공원,36.51540014,127.2462159
세종특별자치시,아름동,1336,,누리빛 문화공원(문화1-2),문화공원,36.51162422,127.2436229
세종특별자치시,한솔동,965,,문화-한솔동 965,문화공원,36.47926828,127.2547335
세종특별자치시,한솔동,932,,문화-한솔동 932,문화공원,36.47946014,127.255004
세종특별자치시,한솔동,1137,,문화-한솔동 1137,문화공원,36.47851563,127.2479909
세종특별자치시,한솔동,1171,,문화-한솔동 1171,문화공원,36.47930244,127.249245
인천광역시,연수구,동춘동,932-2,동막공원,근린공원,37.403544,126.6737375
인천광역시,연수구,동춘동,925-4,부수지공원,근린공원,37.40810006,126.6778858
인천광역시,연수구,연수동,535-3,함박공원,어린이공원,37.4222546,126.6810562
인천광역시,연수구,연수동,537-1,효정공원,어린이공원,37.42318112,126.6719376
인천광역시,연수구,연수동,544-9,일단지공원,어린이공원,37.42014247,126.6783403
인천광역시,연수구,연수동,603,늘봄공원,어린이공원,37.41319988,126.6785372
인천광역시,연수구,연수동,622,샘말공원,어린이공원,37.41449139,126.6807996
인천광역시,연수구,청학동,554-1,백제우물공원,어린이공원,37.42642193,126.670127
인천광역시,연수구,청학동,449-1,성호공원,어린이공원,37.42339344,126.6679509
인천광역시,연수구,청학동,451-1,시대공원,어린이공원,37.42278865,126.670945
인천광역시,연수구,청학동,530-9,안골공원,어린이공원,37.42964777,126.6642505
인천광역시,연수구,청학동,551-5,이야기공원,어린이공원,37.4265496,126.668873
인천광역시,연수구,청학동,546-13,중앙공원,어린이공원,37.428725,126.6681989
인천광역시,연수구,청학동,471,청담공원,어린이공원,37.41829565,126.6728506
인천광역시,연수구,옥련동,417-5,한진공원,어린이공원,37.421883,126.651779
인천광역시,연수구,선학동,359,선학공원,어린이공원,37.42348871,126.6995192
인천광역시,연수구,옥련동,194-54,능허대공원,어린이공원,37.4229841,126.6425202
인천광역시,연수구,선학동,365-2,두리공원,어린이공원,37.42402254,126.6954643
인천광역시,연수구,선학동,348,승기공원,어린이공원,37.4197522,126.6984594
인천광역시,연수구,선학동,345,은행나무공원,어린이공원,37.420872,126.6975196
인천광역시,연수구,선학동,346,학공원,어린이공원,37.42008553,126.6968194
인천광역시,연수구,연수동,514,마리공원,어린이공원,37.42604066,126.6829999
인천광역시,연수구,연수동,541-2,문남공원,어린이공원,37.42118616,126.6786198
인천광역시,연수구,연수동,533-1,연일공원,어린이공원,37.41944263,126.6916193
인천광역시,연수구,청학동,467,용담공원,근린공원,37.41862117,126.674218
인천광역시,연수구,청학동,501,청학공원,근린공원,37.416022,126.6746663
인천광역시,연수구,연수동,582-1,솔밭공원,근린공원,37.41678364,126.6891767
경상북도,구미시,공단동,282-90,공단소공원(방림옆),소공원,36.0989428532,128.3669870964
경상북도,구미시,진평동,644-1,공단 소공원(장앤정),소공원,36.1016900471,128.4107911877
경상북도,구미시,공단동,297-25,소소공원,소공원,36.0890492,128.3902927
경상북도,구미시,산동읍,인덕리 135,인덕지 수변생태공원,수변공원,36.1656652,128.4661546
경상북도,구미시,신평동,6-38,양지공원(분수),근린공원,36.1256711729,128.3590210183
경상북도,구미시,도량동,산29,꽃동산공원(주차장),근린공원,36.1412607907,128.3309138707
경상북도,구미시,광평동,산56,중앙공원(등산로),근린공원,36.1097887813,128.350664039
경상북도,구미시,임은동,산7,오태공원(임오체육공원),근린공원,36.083348079,128.3656830693
경상북도,구미시,인의동,13-2,천생산공원(마제지),근린공원,36.1056281336,128.4392970008
경상북도,구미시,지산동,99-32,원앞공원,어린이공원,36.1447695444,128.3468513544
경상북도,구미시,사곡동,603-6,맑은누리공원,어린이공원,36.1024811971,128.3569452282
경상북도,구미시,장천면,하장리 587-1,해맑은공원,어린이공원,36.131209232,128.4949283519
경상북도,구미시,산동읍,신당리 1736,꿈나무공원,어린이공원,36.1600792,128.429301
경상북도,구미시,산동읍,신당리 1976,나래공원,어린이공원,36.1550847,128.4269655
경상북도,구미시,사곡동,816,어린이공원,어린이공원,36.1036021,128.3559417
경기도,구리시,교문동,750,가능골공원,어린이공원,37.5957053,127.1332803
경기도,구리시,교문동,799,호수공원,어린이공원,37.59132594,127.1322485
경기도,구리시,교문동,358-11,금호어울림공원,어린이공원,37.597511,127.1280142
경기도,구리시,교문동,418-2,샛다리공원,어린이공원,37.59096492,127.1277344
경기도,구리시,수택동,436,옥밭굴공원,어린이공원,37.59594218,127.140804
경기도,구리시,수택동,477,서가산공원,어린이공원,37.5949186,127.1453749
경기도,구리시,수택동,437-20,옥천공원,어린이공원,37.5946454,127.1395168
경기도,구리시,수택동,449,새말공원,어린이공원,37.592621,127.1410816
경기도,구리시,수택동,684-14,새마을공원,어린이공원,37.592111,127.148072
경기도,구리시,수택동,854-1,부양공원,어린이공원,37.59079099,127.1415173
경기도,구리시,인창동,651-36,아름마을어린이공원,어린이공원,37.610171,127.130311
전라남도,고흥군,고흥읍,남계리 산 57,봉황공원,근린공원,34.60728824,127.2852717
전라남도,고흥군,풍양면,한동리 산 13-1,풍양유자공원,근린공원,34.57235059,127.2353457
전라남도,고흥군,고흥읍,행정리 258,마치공원,근린공원,34.61106139,127.281197
전라남도,고흥군,고흥읍,옥하리 88-1,옥하공원,근린공원,34.61375844,127.2855782
전라남도,고흥군,과역면,과역리 산 6,원등공원,근린공원,34.67718286,127.3620148
전라남도,고흥군,포두면,길두리 832-1,응덕공원,근린공원,34.56755202,127.3455203
전라남도,고흥군,도양읍,봉암리 2240-27,소록공원,근린공원,34.5258425,127.1367258
전라남도,고흥군,도양읍,봉암리 2737-12,북촌공원,근린공원,34.52787412,127.1317927
전라남도,고흥군,고흥읍,성촌리 56,남계공원,근린공원,34.60390158,127.2737193
전라남도,고흥군,고흥읍,호형리 산 13-1,현충공원,근린공원,34.61594276,127.2978075
전라남도,고흥군,두원면,운대리 141-1,덤벙분청공원,문화공원,34.62782423,127.3244711
전라남도,고흥군,봉래면,신금리 산 392-1,나로낭만공원,문화공원,34.46456795,127.454644
전라남도,고흥군,고흥읍,옥하리 200-8,역사문화공원,역사공원,34.61182397,127.285828
전라남도,고흥군,도덕면,용동리 산 13,수변노을공원,수변공원,34.6435739,127.197867
전라남도,고흥군,고흥읍,남계리 717-4,봉동어린이공원,어린이공원,34.60635931,127.2896735
전라남도,고흥군,고흥읍,남계리 1071,남계택지어린이공원,어린이공원,34.6052841,127.278506
전라남도,고흥군,도양읍,봉암리 2043,녹동어린이공원,어린이공원,34.53026052,127.1342831
전라남도,고흥군,도양읍,봉암리 3894,대봉1어린이공원,어린이공원,34.52780795,127.1431619
경상북도,문경시,모전동,863,모전1공원(개나리공원),어린이공원,36.5869501,128.1883339
경상북도,문경시,모전동,865-4,모전2-1공원(장미공원),어린이공원,36.58447542,128.1893287
경상북도,문경시,모전동,953-4,여중1공원(아침도시공원),어린이공원,36.59701023,128.1884389
경상북도,문경시,모전동,964,여중2공원,어린이공원,36.59382533,128.1897488
경상북도,문경시,모전동,977,여중3공원(반쟁이공원),어린이공원,36.59382533,128.1897488
경상북도,문경시,모전동,1148,모전2-2공원,어린이공원,36.58454754,128.1854276
경상북도,문경시,모전동,1267,모전1공원(모전1-1공원),어린이공원,36.58447542,128.1893287
경상북도,문경시,흥덕동,338-1,흥덕어린이공원,어린이공원,36.60490254,128.2022128
경상북도,문경시,흥덕동,769,동부공원,어린이공원,36.6043513,128.2073881
경상북도,문경시,흥덕동,787-1,흥덕2공원,어린이공원,36.60130525,128.2068661
경상북도,문경시,흥덕동,805,흥덕3공원,어린이공원,36.6004514,128.2038001
경상북도,문경시,가은읍,왕능리 275-9,왕능1공원,어린이공원,36.64720698,128.0602275
경상북도,문경시,모전동,산30-2,모전공원,근린공원,36.589082,128.1863387
경상북도,문경시,모전동,690-11,모전5-2공원,어린이공원,36.59022608,128.1822915
경상북도,문경시,모전동,922-3,모전3공원(새마을공원),어린이공원,36.58579737,128.1806137
경상북도,문경시,모전동,938-3,모전4공원,어린이공원,36.58233254,128.1815832
경상북도,문경시,점촌동,385-4,문창공원,어린이공원,36.60177627,128.1995176
경상북도,문경시,신기동,1119,소공원1,소공원,36.64467718,128.1761578
경상북도,문경시,신기동,1137,소공원2,소공원,36.64230756,128.1790247
경상북도,문경시,점촌동,121,중앙공원,문화공원,36.58892814,128.1976169
강원도,횡성군,우천면,우항리 754-6,우천집단마을소공원,소공원,37.458779,128.0642526
강원도,횡성군,우천면,법주리 719,우천면소공원,소공원,37.45098853,128.0613181
강원도,횡성군,횡성읍,읍하리 395-6,횡성읍소공원,소공원,37.495821,127.982893
강원도,횡성군,안흥면,안흥리 36-57,안흥어린이공원3호,어린이공원,37.4087134,128.1583467
강원도,횡성군,안흥면,안흥리 63-2,안흥어린이공원2호,어린이공원,37.41191206,128.1590615
강원도,횡성군,안흥면,안흥리 1060-1,안흥어린이공원18호,어린이공원,37.412335,128.155568
강원도,횡성군,횡성읍,생운리 63-9,어린이공원(횡성역사),어린이공원,37.48422797,128.0092912
강원도,횡성군,둔내면,둔방내리 585-1,둔내어린이공원5호,어린이공원,37.514124,128.2117014
강원도,횡성군,둔내면,둔방내리 590-2,둔내어린이공원4호,어린이공원,37.5121623,128.210642
강원도,횡성군,횡성읍,읍상리 646,횡성어린이공원20호,어린이공원,37.48721207,127.992982
강원도,횡성군,횡성읍,읍상리 621,횡성어린이공원19호,어린이공원,37.489181,127.993326
강원도,횡성군,횡성읍,읍하리 166,횡성어린이공원17호,어린이공원,37.48938262,127.9790385
강원도,횡성군,횡성읍,읍하리 528-1,횡성어린이공원16호,어린이공원,37.49448755,127.9879243
강원도,횡성군,횡성읍,읍하리 490,횡성어린이공원15호,어린이공원,37.496922,127.9860188
강원도,횡성군,횡성읍,입석리 172-4,횡성어린이공원14호,어린이공원,37.4784564,127.9826341
강원도,횡성군,횡성읍,읍상리 668,횡성어린이공원12호,어린이공원,37.486387,127.9864875
강원도,횡성군,횡성읍,읍하리 570,횡성어린이공원11호,어린이공원,37.48795412,127.983077
강원도,횡성군,횡성읍,읍상리 545,횡성어린이공원8호,어린이공원,37.48811107,127.9866832
강원도,횡성군,횡성읍,읍하리 351-8,횡성어린이공원7호,어린이공원,37.4922077,127.9820784
강원도,횡성군,횡성읍,북천리 115-191,횡성어린이공원5호,어린이공원,37.49271911,127.9903796
강원도,횡성군,횡성읍,읍상리 596,횡성어린이공원3호,어린이공원,37.4902337,127.991871
강원도,횡성군,둔내면,둔방내리 198-2,둔내근린공원8호,근린공원,37.5156806,128.2099556
강원도,횡성군,우천면,우항리 393-5,우천근린공원6호,근린공원,37.447921,128.0756133
강원도,횡성군,우천면,양적리 산24,우천근린공원5호,근린공원,37.460232,128.0595521
충청북도,청주시,흥덕구,오송읍 만수리 499,근린공원7(환호공원),근린공원,36.381105,127.203169
충청북도,청주시,흥덕구,봉명동 193-6,낙원공원(91호),근린공원,36.6414457191,127.4571804148
충청북도,청주시,흥덕구,휴암동 335-1,푸르미공원(95호),근린공원,36.371375,127.241894
충청북도,청주시,흥덕구,복대동230-23,제29호소공원,소공원,36.637542,127.441211
충청북도,청주시,흥덕구,옥산면 호죽리 957,호죽1,소공원,36.413264,127.215826
충청북도,청주시,흥덕구,옥산면 가락리 산63-3,옥산공원,근린공원,36.401253,127.225355
충청북도,청주시,흥덕구,강외면 오송리 42,오송,소공원,36.362798,127.195151
충청북도,청주시,흥덕구,강외면 봉산리 612-5,청솔,소공원,36.605828,127.307251
충청북도,청주시,흥덕구,복대동 216-3,76호소공원,소공원,36.6361953472,127.4376328
충청북도,청주시,흥덕구,복대동 78-22,77호소공원,소공원,36.637676,127.447374
충청북도,청주시,흥덕구,옥산면 가락리 265,무당벌레,어린이공원,36.6727732936,127.3914711307
충청북도,청주시,흥덕구,옥산면 가락리 265,울림,어린이공원,36.6727732936,127.3914711307
강원도,횡성군,공근면,학담리 880,학담소공원,소공원,37.537006,127.962535
강원도,횡성군,공근면,학담리 855-4,학담어린이공원,소공원,37.53695681,127.961459
강원도,횡성군,횡성읍,읍하리 476-27,횡성읍수변공원,소공원,37.486601,127.9711657
강원도,횡성군,우천면,상하가리 496,우천일반산업단지소공원,소공원,37.4907904,128.061526
서울특별시,구로구,고척동,224-3,골목,어린이공원,37.507017,126.853545
서울특별시,구로구,고척동,331-1,도레미,어린이공원,37.508017,126.852322
서울특별시,구로구,구로동,777-1,꿈마을,어린이공원,37.487173,126.8901545
서울특별시,구로구,구로동,797-1,환경,어린이공원,37.48502191,126.888408
서울특별시,구로구,구로동,745-74,희망,어린이공원,37.48703809,126.886243
서울특별시,구로구,구로동,47,삼각,어린이공원,37.50135772,126.8920128
서울특별시,구로구,궁동,237-6,삭새,어린이공원,37.496337,126.825012
서울특별시,구로구,궁동,279-6,수른,어린이공원,37.49794413,126.829601
서울특별시,구로구,온수동,73-5,온수,어린이공원,37.494631,126.8177077
서울특별시,구로구,구로동,478-1,화원,어린이공원,37.49791653,126.8804405
서울특별시,구로구,신도림동,646-1,신도림,어린이공원,37.51070916,126.8883753
서울특별시,구로구,구로동,139-82,구로리,어린이공원,37.4904165,126.891578
서울특별시,구로구,구로동,501-22,애경,어린이공원,37.500156,126.8846598
서울특별시,구로구,신도림동,314-2,미래사랑,어린이공원,37.50984705,126.8890762
서울특별시,구로구,구로동,391-1,솔길,어린이공원,37.48918401,126.8804792
서울특별시,구로구,오류동,353-4,오동나무,어린이공원,37.485594,126.838383
서울특별시,구로구,천왕동,277-14,버들,어린이공원,37.48155019,126.8406417
서울특별시,구로구,천왕동,2-5,이펜시아,어린이공원,37.483092,126.8473137
서울특별시,구로구,온수동,155-3,와룡,소공원,37.4979921,126.8214922
서울특별시,구로구,온수동,155-4,갈매,소공원,37.49669974,126.8228085
서울특별시,구로구,개봉동,345-14,개봉동과장미,소공원,37.48810124,126.854735
서울특별시,구로구,고척동,341-2,무궁화,소공원,37.50495918,126.8650559
서울특별시,구로구,구로동,1286-1,구로동(다울),소공원,37.49253575,126.888217
서울특별시,구로구,고척동,342-1,현화,소공원,37.50432419,126.8600969
서울특별시,구로구,개봉동,"492-1,-2",개봉,소공원,37.49958755,126.849609
서울특별시,구로구,천왕동,13-56,천왕역,소공원,37.48530509,126.8400322
경기도,수원시,권선구,오목천동 814-1,105호근린공원,근린공원,37.2359684,126.9761943
경기도,수원시,권선구,고색동 1111,배다리공원,근린공원,37.24029343,126.9850965
경기도,수원시,권선구,고색동 917,고색체육공원,체육공원,37.24370905,126.9782807
경기도,수원시,권선구,고색동 904-4,오목천체육공원,체육공원,37.24725021,126.970053
경기도,수원시,권선구,금곡동 1071,1호체육공원,체육공원,37.27629039,126.9483114
경기도,수원시,권선구,호매실동 1369,글모둠문화공원,문화공원,37.26641239,126.9579934
경기도,수원시,권선구,금곡동 1074,누리문화공원,문화공원,37.27647038,126.9450191
경기도,수원시,권선구,고색동 1187,권선1문화공원,문화공원,37.25532774,126.9723092
경기도,수원시,권선구,권선동 1355-4,한림문화공원,문화공원,37.23760102,127.0250249
경기도,수원시,권선구,권선동 1253,10호문화공원,문화공원,37.25336116,127.0296678
경기도,수원시,권선구,권선동 1252,11호문화공원,문화공원,37.25298444,127.0312257
경기도,수원시,권선구,평동 2-36,14호문화공원,문화공원,37.25874733,126.9923985
경기도,수원시,권선구,평동 4-11,15호문화공원,문화공원,37.2589472,126.9931637
경기도,수원시,권선구,세류동 283-1,세류문화공원,문화공원,37.25830559,127.0071658
경기도,수원시,권선구,입북동 817,달누리,수변공원,37.30049017,126.951202
경기도,수원시,권선구,평동 185,7호수변공원,수변공원,37.2591677963,126.9915777105
경기도,수원시,권선구,금곡동 1075,물새공원,수변공원,37.27558977,126.9440925
경기도,수원시,권선구,금곡동 1092,두레뜰공원,수변공원,37.27252262,126.9436982
경기도,수원시,권선구,금곡동 1097,두물맞이공원,수변공원,37.27087887,126.9407973
경기도,수원시,권선구,금곡동 1095-2,실개울공원,수변공원,37.27198689,126.9467985
경기도,수원시,권선구,금곡동 1120,물빛찬공원,수변공원,37.27270944,126.9512045
경기도,수원시,권선구,금곡동 1126,어울림공원,수변공원,37.27328764,126.9569416
경기도,수원시,권선구,호매실동 1384,물향기공원,수변공원,37.26334249,126.9543911
경기도,수원시,권선구,호매실동1422,물다미공원,수변공원,37.25920994,126.951423
경기도,수원시,권선구,서둔동 27-23,5호수변공원,수변공원,37.26217547,126.9902433
강원특별자치도,춘천시,효자동,175-40,지성공원,어린이공원,37.867832,127.736877
부산광역시,동래구,사직동,1045,한길소공원,소공원,35.19792059,129.0666585
부산광역시,동래구,사직동,1043,여고소공원,소공원,35.19792059,129.0666585
부산광역시,동래구,칠산동,51-1,소공원(복산1주택재개발),소공원,35.207669,129.092689
부산광역시,동래구,명장동,152-4,소공원(안락1주택재건축),소공원,35.201863,129.109632
부산광역시,동래구,안락동,466-1,소공원(안락1주택재건축),소공원,35.200624,129.110977
부산광역시,동래구,사직동,15-1,소공원(사직1주택재건축),소공원,35.20130207,129.0609885
부산광역시,동래구,명장동,508-81,대명소공원,소공원,35.21130193,129.0983911
부산광역시,동래구,사직동,1044,신정소공원,소공원,35.196715,129.0666314
부산광역시,동래구,명장동,506-3,명서공원,어린이공원,35.212224,129.100218
부산광역시,동래구,명장동,506-18,세실공원,어린이공원,35.209175,129.100539
부산광역시,동래구,안락동,171-8,안락꽃밭공원,어린이공원,35.19099348,129.112504
부산광역시,동래구,낙민동,80,연안꽃동산공원,어린이공원,35.19394139,129.091889
부산광역시,동래구,온천동,387-10,온천어린이공원,어린이공원,35.214377,129.072262
부산광역시,동래구,온천동,1379-1,온천3동공원,어린이공원,35.202827,129.068595
부산광역시,동래구,온천동,1236-10,미남공원,어린이공원,35.205742,129.066217
부산광역시,동래구,명장동,611-2,화현공원,어린이공원,35.200824,129.106906
부산광역시,동래구,사직동,54-2,사직놀이공원,어린이공원,35.200807,129.063638
부산광역시,동래구,사직동,16-7,사직한밭공원,어린이공원,35.19990711,129.059145
부산광역시,동래구,사직동,74-17,단비동산공원,어린이공원,35.19779575,129.063094
부산광역시,동래구,안락동,455-8,안락꿈돌이공원,어린이공원,35.199551,129.106137
부산광역시,동래구,명장동,136-13,명장한마음공원,어린이공원,35.203709,129.104858
부산광역시,동래구,온천동,1853-28,하늘공원,어린이공원,35.211947,129.0704191092
부산광역시,동래구,온천동,1853-13,꿈나무공원,어린이공원,35.2099017363,129.0692531604
부산광역시,동래구,온천동,1853-9,숲향기공원,어린이공원,35.2102192444,129.0662569197
부산광역시,동래구,명장동,150-10,어린이공원(안락1주택재건축),어린이공원,35.20180676,129.108544
부산광역시,동래구,명장동,152-15,어린이공원(안락1주택재건축),어린이공원,35.20169813,129.1106403
서울특별시,강서구,화곡동,56-25,박장,어린이공원,37.540768,126.849087
서울특별시,강서구,화곡동,56-638,참새,어린이공원,37.539725,126.847003
서울특별시,강서구,화곡동,56-3,한글,어린이공원,37.538536,126.850451
서울특별시,강서구,화곡동,922-10,효심,어린이공원,37.529495,126.840632
서울특별시,강서구,화곡동,424-45,버들,어린이공원,37.531101,126.841222
서울특별시,강서구,화곡동,355-12,필마,어린이공원,37.531491,126.83882
서울특별시,강서구,화곡동,346-26,다운,어린이공원,37.532101,126.844653
서울특별시,강서구,화곡동,906-26,호돌이,어린이공원,37.528191,126.846009
서울특별시,강서구,화곡동,900-46,곰돌이,어린이공원,37.529614,126.845017
서울특별시,강서구,화곡동,865-1,골말,어린이공원,37.533313,126.85605
서울특별시,강서구,화곡동,845-19,뜸부기,어린이공원,37.530115,126.856902
서울특별시,강서구,화곡동,883-3,하마터,어린이공원,37.530115,126.853739
서울특별시,강서구,화곡동,1016-34,바탕골,어린이공원,37.5447,126.834711
서울특별시,강서구,화곡동,1008-32,미리내,어린이공원,37.547649,126.834751
서울특별시,강서구,화곡동,1044-31,수명산,어린이공원,37.540958,126.834336
서울특별시,강서구,화곡동,1022,대원,어린이공원,37.544928,126.835911
서울특별시,강서구,화곡동,1139-1,천사,어린이공원,37.54683,126.833001
서울특별시,강서구,화곡동,792-9,두레,어린이공원,37.531104,126.859414
서울특별시,강서구,화곡동783-1,,달빛,어린이공원,37.531248,126.862932
서울특별시,강서구,화곡동806-10,,무지개,어린이공원,37.533937,126.861301
서울특별시,강서구,화곡동468-1,,능골,어린이공원,37.536752,126.855316
경기도,평택시,진위면,하북리 187-12,하북2리 마을쉼터,기타,37.104372,127.058457
경기도,평택시,진위면,하북리 350-11,하북3리 마을쉼터,기타,37.099001,127.049593
경기도,평택시,서탄면,회화리 133,회화리 마을쉼터,기타,37.09506,127.022973
경기도,평택시,지산동,519-4,부락산 문화공원(동부 130호),문화공원,37.0714,127.075284
경기도,평택시,현덕면,장수리 300-9,문화공원 1호(황해경제구역 현덕지구),문화공원,36.936623,126.905903
경기도,평택시,고덕면,해창리 1141-1,고덕문화마을1 소공원,소공원,37.040265,127.014809
경기도,평택시,서탄면,금암리 469-8,금암2리 소공원,소공원,37.110578,127.036043
경기도,평택시,도일동,525,동부19호 소공원,소공원,37.053,127.106322
경기도,평택시,칠원동,334-4,상서재1호 소공원(동삭2지구),소공원,37.019276,127.106952
경기도,평택시,칠원동,337-1,상서재2호 소공원(동삭2지구),소공원,37.019323,127.106823
경기도,평택시,서정동,780,서정동 소공원(서정연립재건축),소공원,37.069739,127.061914
경기도,평택시,고덕면,여염리 1665공,성두 소공원(고덕일반산업단지 소공원1),소공원,37.034796,127.043204
경기도,평택시,독곡동,산69-3,소공원 1호 (송원 현대재건축),소공원,37.084785,127.060812
경기도,평택시,칠원동,440-3,수촌1 소공원(수촌지구),소공원,37.021725,127.105338
경기도,평택시,신장동,170-3,신장지구 소공원,소공원,37.085809,127.054661
경기도,평택시,고덕면,여염리 1652공,용우물 소공원(고덕일반산업단지 소공원3),소공원,37.038943,127.050892
경기도,오산시,궐동,585-1,궐동어린이2공원,어린이공원,37.1598793128,127.063639
서울특별시,구로구,개봉동,340-8,개웅,어린이공원,37.489928,126.852866
서울특별시,구로구,개봉동,271-17,소막골,어린이공원,37.48853123,126.852386
서울특별시,구로구,개봉동,312-25,절골,어린이공원,37.482821,126.851652
서울특별시,구로구,개봉동,458-4,가린열,어린이공원,37.500611,126.8542042
서울특별시,구로구,고척동,57-22,오금,어린이공원,37.505038,126.866221
서울특별시,구로구,고척동,220-3,능골,어린이공원,37.506852,126.854254
경기도,김포시,고촌읍,신곡리 1250,천둥근린공원(고촌10호),근린공원,37.59942793,126.7661085006
경기도,김포시,양촌읍,학운리 3316,학운2어린이47,어린이공원,37.60499841,126.5938716
경기도,김포시,사우동,1043,사우택지5(김포어린이10),어린이공원,37.621805,126.715035
경기도,김포시,감정동,54-2,김포어린이30,어린이공원,37.633241,126.678747
경기도,김포시,고촌읍,전호리 667,고촌물류단지(35호),근린공원,37.5976080746,126.7825183453
경기도,김포시,고촌읍,전호리 717,고촌물류단지(36호),근린공원,37.5931399417,126.7900241493
경기도,김포시,마산동,674-5,한강소공원22,소공원,37.642249,126.641989
경기도,김포시,풍무동,837,김포어린이35,어린이공원,37.614681616,126.727580979
경기도,김포시,풍무동,907,김포어린이37,어린이공원,37.6108529622,126.7256254918
경기도,김포시,풍무동,303-1,김포어린이41,어린이공원,37.60632565,126.7326481
경기도,김포시,풍무동,"881, 882",풍무2지구(김포26호),근린공원,37.612794159,126.7285315812
경기도,김포시,풍무동,"940, 941",풍무2지구(김포27호),근린공원,37.6107968537,126.7298745884
경기도,김포시,북변동,831,풍년근린공원(김포5호),근린공원,37.6242764,126.7197748
경기도,김포시,사우동,864,사우근린공원(김포6호),근린공원,37.62311082,126.7238324
경기도,김포시,걸포동,1553,걸포근린공원(김포3호),근린공원,37.6375945,126.7046722
경기도,김포시,걸포동,1569,신향근린공원(김포4호),근린공원,37.63282898,126.7089527
경기도,김포시,감정동,660,삼환공원(김포어린이4),어린이공원,37.6282822248,126.7010367039
경기도,김포시,걸포동,1605,김포소공원50,소공원,37.6319712674,126.7050428112
경기도,김포시,양촌읍,학운리 3376,학운2체육공원4,체육공원,37.60220176,126.5826327
광주광역시,남구,방림동,528-2,방림 제1,어린이공원,35.13240389,126.9167246
광주광역시,남구,백운동,653-136,세은 3,어린이공원,35.135342,126.897162
강원특별자치도,원주시,반곡동,1964-13,황새쟁이소공원,소공원,37.33438131,127.9861546
강원특별자치도,원주시,지정면,신평리 1097,여우박골소공원,소공원,37.37645872,127.8825507
강원특별자치도,원주시,지정면,신평리 1100,새말고개소공원,소공원,37.37948774,127.8836102
세종특별자치시,어진동,602-2,,근1-20,근린공원,36.50622004,127.2730192
세종특별자치시,고운동,2105,,고운뜰근린공원,근린공원,36.51176919,127.2367622
세종특별자치시,다정동,947,,도란뜰근린공원,근린공원,36.49433358,127.2474105
세종특별자치시,다정동,967,,해든뜰근린공원,근린공원,36.49193627,127.2522688
세종특별자치시,다정동,907,,별뜰근린공원,근린공원,36.49927681,127.2332793
경기도,평택시,신장동,327-15 327-14 326-5~7,목천 마을쉼터,기타,37.083503,127.054172
경기도,평택시,고덕면,문곡리 419 419-1,문곡1리 마을쉼터,기타,37.066241,127.011993
경기도,평택시,서탄면,수월암리 406 409 434-1,수월암2리 마을쉼터,기타,37.118986,127.034179
경기도,평택시,진위면,신리 126-3,신리 마을쉼터,기타,37.097397,127.071037
경기도,평택시,신장동,646-8,신흥 마을쉼터,기타,37.08666,127.05754
경기도,평택시,서정동,972,적봉 마을쉼터,기타,37.077714,127.042113
대구광역시,수성구,상동,555-1,상동 1공원,소공원,35.83257976,128.6078599
대구광역시,수성구,상동,555-2,상동 2공원,소공원,35.82949992,128.6087337
대구광역시,수성구,상동,59-5,백합공원,소공원,35.83667408,128.6132473
대구광역시,수성구,상동,44,상동공원,소공원,35.83804321,128.615508
대구광역시,수성구,두산동,43,보람공원,소공원,35.83729611,128.6209396
대구광역시,수성구,두산동,149-11,맑음공원,소공원,35.83358572,128.6183888
대구광역시,수성구,대흥동,906,의료1공원,수변공원,35.83448182,128.6896078
대구광역시,수성구,대흥동,825,의료2공원,수변공원,35.8363385,128.6810661
대구광역시,수성구,수성동3가,130-2,새마을공원,어린이공원,35.85829032,128.6186072
대구광역시,수성구,범어동,966-2,범어재공원,어린이공원,35.86539245,128.6203946
대구광역시,수성구,수성동4가,1009-2,호돌이공원,어린이공원,35.861041,128.620089
대구광역시,수성구,범어동,416-9,계림공원,어린이공원,35.863473,128.638031
대구광역시,수성구,만촌동,656-3,샛별공원,어린이공원,35.87055418,128.6435411
경상북도,봉화군,춘양면,의양리 387-19,평촌공원,소공원,36.93620647,128.915566
경상북도,봉화군,봉화읍,내성리 201-3,내성제6호공원,소공원,36.88644625,128.7407347
경상북도,봉화군,봉화읍,유곡리 1104-4,유곡농공단지소공원,소공원,36.89955767,128.7642006
경상북도,봉화군,봉화읍,해저리 1217,해저소공원1,소공원,36.8945541733,128.7254856028
경기도,김포시,사우동,948,사우택지6(김포어린이11),어린이공원,37.6202628549,126.7177961603
충청남도,천안시,동남구,풍세면 용정리 1017,돈마루공원(7호),소공원,36.730704,127.097072
충청남도,천안시,동남구,신방동 912,용곡3공원,어린이공원,36.788083,127.130745
충청남도,천안시,동남구,신방동 919,신방1공원,어린이공원,36.786894,127.126431
충청남도,천안시,동남구,풍세면 용정리 1040,용두공원(5호),소공원,36.72944017,127.104619
충청남도,천안시,동남구,풍세면 용정리 970,1호공원,근린공원,36.73437632,127.1052847
충청남도,천안시,동남구,신방동 945,건강공원,근린공원,36.778492,127.1329266
충청남도,천안시,동남구,신방동 1766,해오름공원,어린이공원,36.773935,127.137097
충청남도,천안시,동남구,신부동 228,천호지공원,근린공원,36.832829,127.167322
충청남도,천안시,동남구,신부동 453-1,중앙공원(신부5),어린이공원,36.817963,127.153658
충청남도,천안시,동남구,신부동 460-4,신부문화공원,문화공원,36.81811752,127.156157
충청남도,천안시,동남구,신부동 471-2,시민문화공원(신부3),어린이공원,36.817784,127.159491
충청남도,천안시,동남구,신부동 497-1,신부1공원,어린이공원,36.8199695,127.162232
경상남도,창원시,마산합포구,진전면 임곡리 197,독립운동기념공원,역사공원,35.107634,128.431717
경상남도,창원시,마산합포구,서성동 84-61,문화공원13,문화공원,35.202296,128.569419
경상남도,창원시,마산회원구,양덕동 산35-1,중앙공원,근린공원,35.222056,128.577223
경상남도,창원시,마산회원구,양덕동 산8-2,팔룡공원,근린공원,35.231828,128.591943
경상남도,창원시,마산회원구,석전동 235-1,어린이공원3,어린이공원,35.233039,128.577436
경상남도,창원시,마산회원구,회원동 52-10,어린이공원4,어린이공원,35.218247,128.573881
경상남도,창원시,마산회원구,회원동 32-1,어린이공원5,어린이공원,35.221478,128.572631
경상남도,창원시,마산회원구,양덕동 70,어린이공원6,어린이공원,35.234102,128.580792
경상남도,창원시,마산회원구,양덕동 94-13,어린이공원7,어린이공원,35.234982,128.584442
경상남도,창원시,마산회원구,양덕동 24-1,어린이공원11,어린이공원,35.235443,128.588401
경상남도,창원시,마산회원구,구암동 279-1,어린이공원8,어린이공원,35.253509,128.593728
경상남도,창원시,마산회원구,구암동 1355-1,어린이공원9,어린이공원,35.253566,128.599243
충청남도,천안시,동남구,성남면 대화리 313,생활권공원,근린공원,36.74246074,127.2550095
충청남도,천안시,동남구,성남면 대화리 315,생활권공원,근린공원,36.739678,127.259838
충청남도,천안시,동남구,성남면 대화리 376,생활권공원,근린공원,36.73608467,127.2584033
충청남도,천안시,동남구,성남면 용원리 668,천안온천중앙공원,근린공원,36.757753,127.226102
충청남도,천안시,동남구,수신면 신풍리 575,생활권공원,소공원,36.738997,127.265699
충청남도,천안시,동남구,신방동 1073,소리공원,어린이공원,36.777332,127.130359
충청남도,천안시,동남구,신방동 1392,산마루공원,어린이공원,36.772609,127.128786
충청남도,천안시,동남구,신방동 1600,무지개공원,어린이공원,36.776157,127.136605
충청남도,천안시,동남구,신방동 1894,중앙공원,근린공원,36.771882,127.131169
충청남도,천안시,동남구,신방동 1925,꽃내음공원,어린이공원,36.770997,127.130926
충청남도,천안시,동남구,신방동 896,신방2공원,어린이공원,36.793032,127.131714
충청남도,천안시,동남구,풍세면 보성리 818,3호공원,근린공원,36.725448,127.0960662
충청남도,천안시,동남구,신방동 898,신방3공원,어린이공원,36.791565,127.129518
충청남도,천안시,동남구,풍세면 보성리 822,4호공원,근린공원,36.72039278,127.105633
충청남도,천안시,동남구,신방동 906,용곡2공원,어린이공원,36.790057,127.1311209
부산광역시,동래구,낙민동,83-12,연안수민공원,근린공원,35.19489855,129.0933215
부산광역시,동래구,온천동,산201-1,온천공원,근린공원,35.20725578,129.0617177
부산광역시,동래구,온천동,20-1,금강공원,근린공원,35.21962513,129.075758
부산광역시,동래구,복천동,50,복천동고분군공원,역사공원,35.207379,129.091795
부산광역시,동래구,안락동,831-1,충렬사공원,역사공원,35.20169201,129.095486
부산광역시,동래구,사직동,597-93,쇠미소공원,소공원,35.20271272,129.053221
부산광역시,동래구,명장동,334-2,명장소공원,소공원,35.2097523806,129.1041775028
부산광역시,동래구,사직동,1037,SWITZEN PARK,소공원,35.19896555,129.0575801
부산광역시,동래구,온천동,1853-25,산저공원,소공원,35.2115324674,129.072223
부산광역시,동래구,온천동,1020-18,솔밭공원,소공원,35.211738,129.066977
부산광역시,동래구,온천동,15-8,고당공원,소공원,35.224059,129.078222
부산광역시,동래구,온천동,296-17,금산공원,소공원,35.218818,129.076694
경상남도,창원시,마산합포구,완월동 157,소공원35,소공원,35.199066,128.557394
경상남도,창원시,마산합포구,가포동 668,가포체육공원,체육공원,35.162722,128.577362
경상남도,창원시,마산합포구,우산동 300-3,문화공원7,문화공원,35.156800359,128.550208
경상남도,창원시,마산합포구,월남동1가 46-4,공원77,근린공원,35.185835,128.564447
경상남도,창원시,마산합포구,월남동1가 46-4,소공원51,소공원,35.185835,128.564447
경상남도,창원시,마산합포구,월남동1가 46-4,소공원52,소공원,35.185835,128.564447
경상남도,창원시,마산합포구,월남동1가 46-4,소공원53,소공원,35.185835,128.564447
경상남도,창원시,마산합포구,가포동 644,소공원54,소공원,35.169999,128.574068
경상남도,창원시,마산합포구,가포동 657,소공원55,소공원,35.165654,128.574168
경상남도,창원시,마산합포구,가포동 646,소공원56,소공원,35.170465,128.574508
경상남도,창원시,마산합포구,월남동1가 46-4,수변공원3,수변공원,35.185835,128.564447
경상남도,창원시,마산합포구,월남동1가 46-4,수변공원4,수변공원,35.185835,128.564447
경상남도,창원시,마산합포구,월남동1가 46-4,수변공원5,수변공원,35.185835,128.564447
경상남도,창원시,마산합포구,가포동 344-3,어린이공원225,어린이공원,35.157578,128.576517
경상남도,창원시,마산합포구,가포동 산 1-5,가포2공원,근린공원,35.169498,128.573391
경상남도,창원시,마산합포구,구산면 석곡리 772-1,공원10,문화공원,35.109742,128.541294
경상남도,창원시,마산합포구,가포동 787,소공원98,소공원,35.154875,128.584361
경상남도,창원시,마산합포구,가포동 792-3,소공원99,소공원,35.157618,128.583502
경상남도,창원시,마산합포구,상남동 182-2,어린이공원237,어린이공원,35.2117202242,128.576678
경상남도,창원시,마산합포구,산호동 509-54,어린이공원238,어린이공원,35.211197,128.5795202065
경상남도,창원시,마산합포구,산호동 556-17,소공원119,소공원,35.212892,128.582106
경상남도,창원시,마산합포구,상남동 190-173,소공원120,소공원,35.209812,128.579188
부산광역시,중구,광복동,2가 1-2,용두산공원,근린공원,35.1002085571,129.0322777511
부산광역시,영도구,동삼동,산 19-2,태종대유원지,기타,35.05969496,129.0798057
경상남도,고성군,대가면,유흥리 304,대가 연꽃테마공원,근린공원,35.00852503,128.2992359
경상남도,고성군,하이면,덕호리 1331-4,군호마을 소공원-1,소공원,34.92997669,128.1179973
경상남도,고성군,하이면,덕호리 1342-1,군호마을 소공원-2,소공원,34.93004974,128.1190159
경상남도,고성군,하이면,덕호리 1339-1,군호마을 소공원-3,소공원,34.93084028,128.1196548
경상남도,고성군,고성읍,동외리 595,남산공원,근린공원,34.96732073,128.327117
경상남도,고성군,고성읍,동외리 76,동산공원,근린공원,34.9733035,128.3336728
경상남도,고성군,고성읍,송학리 475-1,왕릉공원,역사공원,34.97937123,128.3210129
경상남도,고성군,회화면,배둔리 1288-19,가례공원,어린이공원,35.057643,128.372777
경상남도,고성군,회화면,배둔리 372-1,양지공원,어린이공원,35.06003388,128.3719877
경상남도,고성군,상리면,척번정리 89-1,연꽃공원,수변공원,34.99532669,128.1871282
경상남도,고성군,고성읍,수남리 511-14,수남공원,수변공원,34.96260631,128.3184183
경상남도,고성군,고성읍,수남리 487,코아루공원,어린이공원,34.96400544,128.321133
대구광역시,수성구,황금동,산1,범어공원,근린공원,35.85057186,128.6339465
대구광역시,수성구,범어동,산250,야시골공원,근린공원,35.86548277,128.6315814
대구광역시,수성구,만촌동,1417,화랑공원,근린공원,35.87213596,128.6390576
대구광역시,수성구,수성동4가,1090-15,수성공원,근린공원,35.86064443,128.6148718
대구광역시,수성구,지산동,1274,지산공원,근린공원,35.82093041,128.6376168
대구광역시,수성구,범물동,1328-2,범물공원,근린공원,35.81840305,128.6433622
대구광역시,수성구,신매동,590,신매공원,근린공원,35.8329044,128.7090821
대구광역시,수성구,시지동,501,노변공원,근린공원,35.83875924,128.6993727
대구광역시,수성구,매호동,1321,매호공원,근린공원,35.84463371,128.7039616
대구광역시,수성구,삼덕동,산 89,대구대공원,근린공원,35.82641641,128.6608924
대구광역시,수성구,노변동,741,의료공원,근린공원,35.83682122,128.6949251
대구광역시,수성구,황금동,산106,무학산공원,문화공원,35.83691479,128.6321737
대구광역시,동구,율하동,1404,붓꽃어린이공원,어린이공원,35.86262787,128.6923743
대구광역시,동구,율하동,1462,산수국어린이공원,어린이공원,35.86567507,128.695819
대구광역시,동구,율하동,1465,쑥부쟁이어린이공원,어린이공원,35.86481963,128.698702
대구광역시,동구,율하동,1411,원추리어린이공원,어린이공원,35.86219325,128.6987346
대구광역시,동구,율하동,1532,비비추어린이공원,어린이공원,35.86270875,128.7028893
대구광역시,동구,안심동,1622,범부채어린이공원,어린이공원,35.8603657,128.7026219
대구광역시,동구,율하동,1105,율하공원,근린공원,35.86761143,128.6903524
대구광역시,동구,율하동,1095,하늘어린이공원,어린이공원,35.86968937,128.6892013
대구광역시,동구,율하동,1187,초롱어린이공원,어린이공원,35.86705788,128.691613
대구광역시,동구,율하동,1218,바람꽃어린이공원,어린이공원,35.86689592,128.694375
대구광역시,동구,입석동,962-43,대구선동촌공원,근린공원,35.89302026,128.645187
대구광역시,동구,신서동,818-1,대구선반야월공원,근린공원,35.872504,128.724961
대구광역시,동구,신천동,1504,신천공원,어린이공원,35.87626346,128.613244
대구광역시,동구,효목동,963,대구선아양공원,근린공원,35.884987,128.635938
대구광역시,동구,상매동,502,송호지공원,근린공원,35.889411,128.705488
대구광역시,동구,각산동,1064,각산비나리공원,근린공원,35.88003275,128.715402
대구광역시,동구,각산동,1060,새론공원,근린공원,35.88432213,128.7159299
대구광역시,동구,각산동,1127,수리물길공원,근린공원,35.88495579,128.7203047
대구광역시,동구,신서동,1185,신서중앙공원,근린공원,35.880947,128.7341237
대구광역시,동구,신서동,1183,새골공원,근린공원,35.88539575,128.734559
대구광역시,동구,동내동,1140,동호유적공원,근린공원,35.88437307,128.7409629
대구광역시,동구,동내동,1115-4,동내여울공원,근린공원,35.88063447,128.7380165
인천광역시,남동구,간석동,37-264,풍년길공원,어린이공원,37.4652336,126.7181187
제주특별자치도,제주시,한림읍,상명리 산5,망오름공원,근린공원,33.36536754,126.261634
제주특별자치도,제주시,애월읍,신엄리 2386,신엄공원,근린공원,33.47000157,126.3620967
제주특별자치도,제주시,애월읍,수산리 산1-1,수산공원,근린공원,33.47382012,126.3828401
제주특별자치도,제주시,애월읍,하귀1리 199,하귀1근린공원,근린공원,33.48478576,126.4137774
제주특별자치도,제주시,구좌읍,김녕리 4302,김녕공원,근린공원,33.55651696,126.7353234
경상북도,문경시,모전동,890,모전5공원(철탑공원),어린이공원,36.5843525,128.184701
경상북도,문경시,모전동,878,모전5-1공원(제일공원),어린이공원,36.5857778,128.1839975
제주특별자치도,제주시,도남동,749,시민복지타운근린공원,근린공원,33.48936364,126.5272064
제주특별자치도,제주시,이도2동,1942-1,한마음공원,근린공원,33.49516674,126.5452831
제주특별자치도,제주시,월평동,718-3,첨단제1근린공원,근린공원,33.45685908,126.572894
제주특별자치도,제주시,월평동,746-2,첨단제2근린공원,근린공원,33.45269595,126.5742574
제주특별자치도,제주시,영평동,2180,첨단제3근린공원,근린공원,33.4516212,126.5697129
제주특별자치도,제주시,영평동,2188-1,첨단제4근린공원,근린공원,33.44825371,126.5697806
제주특별자치도,제주시,아라1동,3009,첨단제5근린공원,근린공원,33.44627797,126.5688881
제주특별자치도,제주시,삼양2동,2261,삼화제1근린공원,근린공원,33.51860732,126.5802498
제주특별자치도,제주시,삼양2동,2315,삼화제2근린공원,근린공원,33.51847928,126.5832442
제주특별자치도,제주시,삼양2동,2329,삼화제3근린공원,근린공원,33.51769529,126.5856465
제주특별자치도,제주시,도련1동,1981,삼화제4근린공원,근린공원,33.51320741,126.5779378
제주특별자치도,제주시,도련1동,1895-1,삼화제5근린공원,근린공원,33.51584343,126.5837499
제주특별자치도,제주시,도련1동,1912,삼화제6근린공원,근린공원,33.5133028,126.5839097
제주특별자치도,제주시,화북2동,118,삼화제7근린공원,근린공원,33.51319074,126.5772707
제주특별자치도,제주시,아라1동,6055,아라제1근린공원,근린공원,33.47312851,126.5411327
제주특별자치도,제주시,아라1동,6125,아라제2근린공원,근린공원,33.47300608,126.5506879
제주특별자치도,제주시,도두일동,산1,도두봉공원,근린공원,33.50855785,126.4689243
제주특별자치도,제주시,한림읍,명월리 2200,명월공원,근린공원,33.4016803,126.2612113
제주특별자치도,제주시,한림읍,대림리 977,대림공원,근린공원,33.42950756,126.2810428
제주특별자치도,제주시,한림읍,협재리 2610,한림공원,근린공원,33.39022486,126.2396912
경상북도,문경시,흥덕동,769,동부공원,어린이공원,36.6043513,128.2073881
경상북도,문경시,영신동,493-5,영신공원,어린이공원,36.59191787,128.2098736
경상북도,문경시,문경읍,하리 349-1,하리1어린이공원,어린이공원,36.73241685,128.1100685
경상북도,문경시,문경읍,하리 388,1보양공원어린이,어린이공원,36.7307669,128.1120423
경상북도,문경시,문경읍,하리 396-3,2보양공원어린이,어린이공원,36.72817717,128.1078582
경상북도,문경시,문경읍,하리 399-1,3보양공원어린이,어린이공원,36.72817717,128.1078582
경상북도,문경시,유곡동,713,신기산단소공원,소공원,36.62036831,128.165944
경상남도,창원시,마산합포구,현동 1277,어린이공원187,어린이공원,35.146676,128.547124
경상남도,창원시,마산합포구,현동 1586,어린이공원188,어린이공원,35.143223,128.556418
경상남도,창원시,마산합포구,우산동 149,어린이공원189,어린이공원,35.152643,128.553519
경상남도,창원시,마산합포구,덕동동 772-1,소공원9,소공원,35.137605,128.571669
경상남도,창원시,마산합포구,덕동동 606,소공원10,소공원,35.139636,128.576095
경상남도,창원시,마산합포구,진북면 신촌리 9-4,어린이공원195,어린이공원,35.139406,128.481248
경상남도,창원시,마산합포구,교방동 54-1,소공원16,소공원,35.212522,128.567445
경상남도,창원시,마산합포구,교방동 15,교방천수변공원,수변공원,35.212498,128.568751
경상남도,창원시,마산합포구,반월동 82-8,어린이공원198,어린이공원,35.189696,128.560735
경상남도,창원시,마산합포구,중앙동1가 10-8,소공원21,소공원,35.189283,128.561596
경상남도,창원시,마산합포구,자산동 37-2,소공원25,소공원,35.205817,128.565802
경상남도,창원시,마산합포구,월영동 77-47,어린이공원201,어린이공원,35.188686,128.554965
경상남도,창원시,마산합포구,대창동 242,소공원26,소공원,35.185492,128.555036
경상남도,창원시,마산합포구,산호동 545-7,소공원27,소공원,35.215763,128.5780597961
경상남도,창원시,마산합포구,진동면 진동리 140,어린이공원204,어린이공원,35.115190373,128.4914597123
경상남도,창원시,마산합포구,진북면 신촌리 11-8,어린이공원205,어린이공원,35.134399,128.477577
경상남도,창원시,마산합포구,진북면 정현리 796-2,소공원32,소공원,35.173784,128.465151
경상남도,창원시,마산합포구,진북면 정현리 788-4,소공원33,소공원,35.174918,128.464206
강원특별자치도,태백시,황지동,49-94,황지제1공원,어린이공원,37.1689609,128.9890054
강원특별자치도,태백시,황지동,44-53,황지제2공원,어린이공원,37.1706705,128.989702
강원특별자치도,태백시,화전동,24-7,화전제1공원,어린이공원,37.1813696,128.9763461
강원특별자치도,태백시,황지동,20-27,황지제3공원,어린이공원,37.176455,128.992131
강원특별자치도,태백시,황지동,663-1,상장제2공원,어린이공원,37.1626259,128.983054
강원특별자치도,태백시,황지동,409-20,상장제4공원,어린이공원,37.15508645,128.9811067
강원특별자치도,태백시,황지동,359-7,절골제1공원,어린이공원,37.17591384,128.9789001
경상남도,진주시,대평면,대평리 511-5,대평한들바람공원,소공원,35.2339795913,127.9592984029
경상남도,진주시,대평면,대평리 553-5,대평한들앞들공원,소공원,35.2318116386,127.9626541646
경상남도,진주시,대평면,대평리 529-1,대평한들보라공원,소공원,35.2308682058,127.9590914509
경상남도,진주시,정촌면,예하리 1271-5,정촌모다공원,소공원,35.1311655655,128.101706386
경상남도,진주시,금산면,갈전리 1626,금산마실공원,소공원,35.1851695244,128.1550995594
경상남도,진주시,지수면,압사리 942-3,지수숫골공원,소공원,35.23453,128.25918
경상남도,진주시,이반성면,가산리 1387,이반성바람목공원,소공원,35.152016205,128.318983051
경상남도,진주시,망경동,134-9,망경바람결공원,소공원,35.1853183135,128.0802708321
경상남도,진주시,망경동,140-23,망경바람빛공원,소공원,35.1846635493,128.0803387829
경상남도,진주시,망경동,97-1,망경바람꽃공원,소공원,35.1850599879,128.0828859895
경상남도,진주시,망경동,29-11,망경바람맞이공원,소공원,35.1856280482,128.0845511711
경상남도,진주시,강남동,108-26,강남하늘길공원,소공원,35.1862446034,128.0855397518
경상남도,진주시,망경동,138-1,강남8소공원,소공원,35.1843270833,128.080687937
경상남도,진주시,정촌면,예하리 1408-3,정촌뿌리둘레공원,소공원,35.1123230273,128.1075192854
경상남도,진주시,정촌면,예하리 1393-6,정촌뿌리내림공원,소공원,35.1137239305,128.1044948569
경상남도,진주시,정촌면,예하리 1389-4,정촌예상공원,소공원,35.1102115403,128.1037128714
경상남도,진주시,정촌면,예하리 1406-3,정촌뿌리나눔공원,소공원,35.1146491294,128.1115000988
경상남도,진주시,정촌면,예하리 1401-4,정촌뿌리꼭지공원,소공원,35.1150535949,128.1075520322
경상남도,진주시,정촌면,예하리 1407-4,정촌뿌리곧은공원,소공원,35.1139600249,128.1075478213
경상남도,진주시,정촌면,대축리 88,항공1소공원,소공원,35.128961338,128.0900185052
경상남도,창원시,마산합포구,월영동 710-3,월영달빛공원,어린이공원,35.170708,128.557016
경상남도,창원시,마산합포구,월영동 산175-8,만날공원,근린공원,35.184722,128.548823
경상남도,창원시,마산합포구,신포동1가 68-1,공원34,근린공원,35.197574,128.571911
경상남도,창원시,마산합포구,해운동 54,공원35,근린공원,35.176556,128.566086
경상남도,창원시,마산합포구,신포동1가 65-1,어린이공원61,어린이공원,35.199278,128.572184
경상남도,창원시,마산합포구,해운동 40,어린이공원62,어린이공원,35.177849,128.563758
경상남도,창원시,마산합포구,월영동 727,어린이공원63,어린이공원,35.175794,128.568478
경상남도,창원시,마산합포구,진동면 진동리 430,어린이공원67,어린이공원,35.118646,128.486981
경상남도,창원시,마산합포구,진동면 진동리 622,어린이공원68,어린이공원,35.117276,128.486382
경상남도,창원시,마산합포구,완월동 390-2,어린이공원145,어린이공원,35.198065,128.558762
경상남도,창원시,마산합포구,진북면 지산리 226-19,어린이공원146,어린이공원,35.115658,128.464523
경상남도,창원시,마산합포구,진전면 오서리 1763-2,어린이공원147,어린이공원,35.100908,128.417395
경상남도,창원시,마산합포구,자산동 20,어린이공원148,어린이공원,35.2052799232,128.5651002167
경상남도,창원시,마산합포구,상남동 58-8,노비산 공원,근린공원,35.214106,128.5741296973
경상남도,창원시,마산합포구,진북면 망곡리 424,어린이공원168,어린이공원,35.13739967,128.484195
경상남도,창원시,마산합포구,진북면 망곡리 431,어린이공원169,어린이공원,35.134746,128.484211
경상남도,창원시,마산합포구,신포동1가 76-1,어린이공원176,어린이공원,35.197313,128.572975
경상남도,창원시,마산합포구,우산동 194-1,우산공원,근린공원,35.156855,128.551933
경상남도,창원시,마산합포구,월영동 740,어린이공원178,어린이공원,35.171516,128.562898
경상남도,창원시,마산합포구,상남동 137-4,소공원5,소공원,35.212696,128.5730000439
경상남도,창원시,마산합포구,월영동 614-54,소공원6,소공원,35.177284,128.559938
경상남도,창원시,마산합포구,현동 1294,현동공원,근린공원,35.147768,128.555264
경상남도,창원시,마산합포구,현동 1288,공원63,근린공원,35.145268,128.552337
경상남도,창원시,마산합포구,현동 220,어린이공원186,어린이공원,35.149234,128.552488
경상남도,양산시,물금읍,가촌리 1277-6,새실공원,어린이공원,35.31253211,128.9987028
경상남도,양산시,물금읍,물금리 890-12,물금동부공원,어린이공원,35.30993355,128.990793
경상남도,양산시,물금읍,물금리 883-1,물금중부공원,어린이공원,35.3071657,128.9895373
경상남도,양산시,물금읍,범어리 1312-1,디자인공원(7호근린),근린공원,35.33411086,129.0209278
경상남도,양산시,물금읍,증산리 1819,캠퍼스역공원(8-A),근린공원,35.31132631,129.0122001
경상남도,양산시,물금읍,가촌리 1321,구두공원,근린공원,35.30994874,129.0024807
경상남도,양산시,물금읍,증산리 1747-2,오래뜰어린이공원,어린이공원,35.30803927,129.0064604
경상남도,양산시,물금읍,증산리 1758-2,새솔어린이공원,어린이공원,35.30615705,129.0044646
경상남도,양산시,물금읍,증산리 1817,다솜어린이공원,어린이공원,35.30714817,129.0079893
경상남도,양산시,동면,금산리 850,목련어린이공원,어린이공원,35.30066522,129.0263905
경상남도,양산시,하북면,용연리 1173-1,어린이공원(355),어린이공원,35.44589222,129.0826693
경상남도,양산시,물금읍,범어리 2767,서 새들천 공원(5-D 근린공원),근린공원,35.33130243,129.0084117
경상남도,양산시,물금읍,범어리 2765,동 새들천 공원(5-A 근린공원),근린공원,35.33747104,129.0183901
경상남도,양산시,물금읍,범어리 2764,워터파크(5-B 근린공원),근린공원,35.33717733,129.0210818
경상남도,양산시,물금읍,범어리 2766,중 새들천 공원(5-C 근린공원),근린공원,35.33410876,129.0116158
경상남도,양산시,물금읍,증산리 1818,증산역공원(10-B),근린공원,35.30824626,129.0102779
경상남도,양산시,물금읍,범어리 2803,캠퍼스역공원(8-B),근린공원,35.31890574,129.0152891
경상남도,양산시,물금읍,증산리 1833,캠퍼스역공원(8-C),근린공원,35.31337879,129.0122171
경상남도,양산시,물금읍,증산리 1808-1,가람뜰어린이공원,어린이공원,35.30422197,129.0084201
경상남도,양산시,산막동,564-3,산막근린공원,근린공원,35.37413682,129.064856
경상남도,양산시,호계동,1118,범실근린공원,근린공원,35.36649479,129.0677407
경상남도,양산시,상북면,대석리 1341-5,소공원<50>,소공원,35.39035665,129.0594362
경상남도,양산시,물금읍,물금리 774-51,서부마을 소공원,소공원,35.30931093,128.9819127
경상남도,양산시,매곡동,1113-4,들목공원,소공원,35.36210944,129.1725768
전라남도,광양시,광양읍,칠성리 165-1,꿈트리놀이터,어린이공원,34.980662,127.585383
전라남도,광양시,중동,1690,중동,어린이공원,34.9322567404,127.694353
전라남도,광양시,중동,산39-1,자연마당,어린이공원,34.946145,127.6914220045
전라남도,광양시,중동,1916,리채,어린이공원,34.938673,127.686939
전라남도,광양시,마동,1254,눈소1,어린이공원,34.935285,127.705313
전라남도,광양시,마동,1282,눈소2,어린이공원,34.938497,127.710597
전라남도,광양시,마동,1711,와우3,어린이공원,34.940878,127.712432
전라남도,광양시,마동,1955,와우4,어린이공원,34.943355,127.711485
전라남도,광양시,마동,1511,와우5,어린이공원,34.945435,127.716477
전라남도,광양시,마동,1819,와우6,어린이공원,34.941722,127.710119
전라남도,광양시,광양읍,읍내리 202-2,동외마을 경관숲,기타,34.976788,127.586196
전라남도,광양시,중동,1774-5,중동17,소공원,34.9326862538,127.699302
전라남도,광양시,마동,1082-1,기업공원15호(임천공원 제1호),어린이공원,34.952897171,127.696511
전라남도,광양시,광영동,773(광영교회),상광,어린이공원,34.9649551023,127.7182486276
경상남도,양산시,매곡동,1118-3,가옷어린이공원,소공원,35.36038384,129.1704502
경상남도,양산시,어곡동,414,어곡주민공원,소공원,35.37754451,129.0265059
경상남도,양산시,덕계동,354,덕산공원,소공원,35.37816296,129.159441
경상남도,양산시,평산동,584,평산근린공원,근린공원,35.38596298,129.1414937
경상남도,양산시,용당동,1218-3,배일봉1공원,소공원,35.43337898,129.1958811
경상남도,양산시,용당동,1219-3,배일봉2공원,소공원,35.43281435,129.1931373
경상남도,양산시,주남동,1120,주남1소공원,소공원,35.42520322,129.1576236
경상남도,양산시,주남동,1121,주남2소공원,소공원,35.42523892,129.1566285
경상남도,양산시,상북면,석계리 1131-7,대바웃골,소공원,35.40812672,129.0781981
경상남도,양산시,상북면,석계리 1133-2,팥밭골,소공원,35.40905027,129.0752316
경상남도,양산시,상북면,석계리 1119-1,봉수대공원,근린공원,35.41438048,129.0705343
경상남도,양산시,물금읍,증산리 1831,증산역공원(10-C),근린공원,35.30386131,129.0095429
경상남도,양산시,동면,내송리 937,내송솔숲공원,근린공원,35.3221169414,129.0642376376
경기도,평택시,장당동,636 636-2,장당(석정) 근린공원,근린공원,37.052747,127.063266
경기도,평택시,이충동,615,장당택지 근린공원,근린공원,37.050776,127.057345
경기도,평택시,장안동,621,장안하늘채 근린공원(동부 25호),근린공원,37.057621,127.077627
경기도,평택시,가재동,436-1,제1호 근린공원(가재지구),근린공원,37.044253,127.07525
경기도,평택시,장안동,204-2,제1호 근린공원(브레인시티 일반산업단지),근린공원,37.052902,127.087992
경기도,평택시,가재동,산58-1,제2호 근린공원(가재지구),근린공원,37.042392,127.083782
경기도,평택시,장안동,61-4,제2호 근린공원(브레인시티 일반산업단지),근린공원,37.056557,127.092852
경기도,평택시,장안동,산130,제3호 근린공원(브레인시티 일반산업단지),근린공원,37.050579,127.092787
경기도,평택시,진위면,견산리 산16,진위 근린공원,근린공원,37.109273,127.074837
경기도,평택시,진위면,청호리 342-4,진위산업단지 근린공원,근린공원,37.122825,127.082002
경기도,평택시,이충동,692,충의 근린공원,근린공원,37.059477,127.071108
경기도,평택시,칠괴동,579-1,칠괴 근린공원,근린공원,37.032169,127.088287
경기도,평택시,진위면,가곡리 419-4,가곡5리 마을쉼터,기타,37.115643,127.072373
경기도,평택시,진위면,견산리 409-1 410-1,견산1리 마을쉼터,기타,37.108159,127.073751
경기도,평택시,진위면,견산리 24-3,견산2리 마을쉼터,기타,37.107169,127.080433
경기도,평택시,진위면,견산리 372 396 373,견산3리 마을쉼터,기타,37.109004,127.072384
경기도,평택시,진위면,견산리 439-2,견산5리 마을쉼터,기타,37.107212,127.072677
경기도,평택시,고덕면,당현리 341-1,고덕당현1리 마을쉼터,기타,37.065287,127.033445
경기도,평택시,고덕면,해창리 1148-4,고덕문화마을2 마을쉼터,기타,37.038078,127.014455
경기도,평택시,서탄면,마두리 40-3,마두1리 마을쉼터,기타,37.109829,127.023405
경기도,평택시,진위면,마산리 829-1,마산1리 마을쉼터,기타,37.084656,127.084434
제주특별자치도,제주시,용담1동,373,용담공원,근린공원,33.5148035919,126.5117980469
제주특별자치도,제주시,건입동,387-1,사라봉공원,근린공원,33.51866295,126.5476888
제주특별자치도,제주시,연동,1010,남조봉공원,근린공원,33.46872831,126.4915725
제주특별자치도,제주시,노형동,3812-2,방일리공원,근린공원,33.47779743,126.4767007
제주특별자치도,제주시,연동,302-2,삼다공원,근린공원,33.48899967,126.4970499
제주특별자치도,제주시,연동,270-5,삼무공원,근린공원,33.49177998,126.4919597
제주특별자치도,제주시,연동,1373-5,연동공원,근린공원,33.48212741,126.4901668
제주특별자치도,제주시,삼도2동,1256,탑동제1공원,근린공원,33.51879351,126.5202072
제주특별자치도,제주시,삼도2동,1262,탑동제2공원,근린공원,33.51811257,126.5239537
제주특별자치도,제주시,도남동,80-1,도남공원,근린공원,33.49229533,126.5319021
제주특별자치도,제주시,이도2동,371,수운공원,근린공원,33.49975371,126.5396887
제주특별자치도,제주시,이도2동,440,이도공원,근린공원,33.4978168,126.5444899
제주특별자치도,제주시,노형동,731,노형공원,근린공원,33.48089189,126.4828684
제주특별자치도,제주시,용담2동,1835,서부공원,근린공원,33.49734521,126.492163
제주특별자치도,제주시,오등동,1596,오등봉공원,근린공원,33.47218555,126.5192163
제주특별자치도,제주시,건입동,167,중부공원,근린공원,33.50817103,126.5494352
제주특별자치도,제주시,화북2동,3387,화북공원,근린공원,33.50683018,126.5628134
제주특별자치도,제주시,화북2동,679,동부공원,근린공원,33.50870009,126.5709297
제주특별자치도,제주시,노형동,2584-1,노형제1근린공원,근린공원,33.48655399,126.4692429
제주특별자치도,제주시,노형동,2582-1,노형제2근린공원,근린공원,33.48925464,126.4716539
경기도,수원시,장안구,이목동 850,39호소공원,소공원,37.3142763,126.9862086
경기도,수원시,장안구,정자동 569-11,40호소공원,소공원,37.31075034,126.9869221
경기도,수원시,장안구,정자동 836-5,60호소공원,소공원,37.29744098,126.9981817
경기도,수원시,장안구,송죽동 346-6,61호소공원,소공원,37.299249,127.0034947
경기도,수원시,권선구,평동 13-236,12호소공원,소공원,37.23979543,127.0552753
경기도,수원시,권선구,오목천동 314-86,18호소공원,소공원,37.24576426,126.9660779
경기도,수원시,권선구,금곡동 1115,20호소공원,소공원,37.27631795,126.9556215
경기도,수원시,권선구,금곡동 1134-4,21호소공원,소공원,37.27151843,126.9573903
경기도,수원시,권선구,호매실동 1354,22호소공원,소공원,37.26707309,126.9462954
경기도,수원시,권선구,권선동 1367-14,28호소공원,소공원,37.24753698,127.026406
경기도,수원시,권선구,권선동 1367-26,29호소공원,소공원,37.2488844,127.0209394
경기도,수원시,권선구,호매실동 1413-4,34호소공원,소공원,37.25623296,126.9605291
경기도,수원시,권선구,금곡동 1064,35호소공원,소공원,37.27795615,126.9435986
경기도,수원시,권선구,호매실동 1392,36호소공원,소공원,37.26024933,126.9573769
경기도,수원시,권선구,서둔동 382,51호소공원,소공원,37.26390643,126.9952846
경기도,수원시,권선구,평동 20-10,54호소공원,소공원,37.26193815,126.9971396
경기도,수원시,권선구,평동 177,55호소공원,소공원,37.26288088,126.9995543
경기도,수원시,권선구,금곡동 1090,62호소공원,소공원,37.27250154,126.9422387
경기도,수원시,권선구,호매실동 1347,63호소공원,소공원,37.26852636,126.9435554
경기도,수원시,권선구,금곡동 1136-2,64호소공원,소공원,37.271198,126.9581708
경기도,수원시,권선구,세류동 1273,64호소공원,소공원,37.2616459,127.0046637
경기도,수원시,권선구,권선동 1352-65,69호소공원,소공원,37.23644472,127.023442
경기도,수원시,권선구,권선동 1354-67,70호소공원,소공원,37.23678921,127.0232309
경기도,수원시,권선구,권선동 1345-69,71호소공원,소공원,37.24035116,127.0201012
경기도,수원시,권선구,서둔동 9-31,80호소공원,소공원,37.2701613,126.9936072
경기도,수원시,권선구,서둔동 9-51,81호소공원,소공원,37.26987871,126.9943135
경기도,수원시,권선구,서둔동 323-6,50호소공원,소공원,37.26443377,126.9948411
경기도,수원시,영통구,원천동 581,꿈틀이,어린이공원,37.2772832,127.0502561
경기도,수원시,영통구,원천동 612,동물놀이,어린이공원,37.27443574,127.0528192
경기도,수원시,영통구,하동 965-8,소꼽놀이,어린이공원,37.29348217,127.0697268
경기도,수원시,영통구,하동 978,신호등,어린이공원,37.29185633,127.0702764
경기도,수원시,영통구,이의동 1273-1,고래등,어린이공원,37.29786649,127.0436077
경기도,수원시,영통구,이의동 1345,틴틴,어린이공원,37.28887163,127.0485014
경기도,수원시,영통구,신동 927-2,동그라미,어린이공원,37.24783014,127.0429386
경기도,수원시,영통구,신동969,물빛,어린이공원,37.2466074625,127.0418114
경기도,수원시,장안구,율전동 604,9호소공원,소공원,37.29823745,126.9667016
경기도,수원시,장안구,조원동 912-2,송원공원,소공원,37.30768169,127.0113154
전북특별자치도,전주시,덕진구,송천동2가 1356,화정공원,근린공원,35.8716158,127.1364965
전북특별자치도,전주시,덕진구,팔복동1가 243-3,팔복문화공원,문화공원,35.86133297,127.1009481
전북특별자치도,전주시,덕진구,우아동1가 942-1,철도178호,근린공원,35.82991351,127.1764064
전북특별자치도,전주시,덕진구,송천동2가 377-66,에코시티 1호공원,어린이공원,35.8769132,127.114948
전북특별자치도,전주시,덕진구,송천동2가 377-70,에코시티5호,근린공원,35.87558642,127.1112869
전북특별자치도,전주시,덕진구,우아동1가 1121,제187호 근린공원,근린공원,35.8255237,127.1762275
전북특별자치도,전주시,덕진구,여의동2가 551-3,동산구역B,소공원,35.8698979,127.0792306
전북특별자치도,전주시,덕진구,여의동2가 601-5,동산구역A,소공원,35.870165,127.080703
전북특별자치도,전주시,덕진구,팔복동2가 100-2,추천대공원,소공원,35.845709,127.1041981
인천광역시,남동구,고잔동,990,고잔공원,근린공원,37.38663185,126.7047433
인천광역시,남동구,논현동,590-46,논현공원,어린이공원,37.408628,126.721616
경상남도,창원시,진해구,용원동 1207-1,청안공원,근린공원,35.103441,128.806724
경상남도,창원시,진해구,용원동 1226,용재공원,근린공원,35.100711,128.817622
경상남도,창원시,진해구,안골동 359-1,어린이공원54,어린이공원,35.0997800352,128.804779
경상남도,창원시,진해구,용원동 1174-7,어린이공원55,어린이공원,35.104161,128.815443
경상남도,창원시,진해구,용원동 1260-8,어린이공원56,어린이공원,35.098042,128.815558
경상남도,창원시,진해구,용원동 1235-6,어린이공원57,어린이공원,35.099189,128.819806
경상남도,창원시,진해구,남양동 208-1,남양공원,근린공원,35.113257,128.782924
경상남도,창원시,진해구,경화동 1285-1,어린이공원78,어린이공원,35.161838,128.682783
경상남도,창원시,진해구,자은동 834-7,어린이공원79,어린이공원,35.147198,128.710158
경상남도,창원시,진해구,청안동 478,청안2공원,근린공원,35.103285,128.802704
경상남도,창원시,진해구,남양동 378-2,어린이공원87,어린이공원,35.122334,128.784806
경상남도,창원시,진해구,제덕동 866-3,어린이공원88,어린이공원,35.101788,128.741936
경상남도,창원시,진해구,제덕동 875-7,어린이공원89,어린이공원,35.100714,128.743476
경상남도,창원시,진해구,석동 551-2,소공원2,소공원,35.160023,128.694671
경상남도,창원시,성산구,토월동 산 66-3,공원90,근린공원,35.229641,128.706276
경상남도,창원시,성산구,남산동 81-2,공원86,근린공원,35.204717,128.712319
경상남도,창원시,성산구,대방동 산 83,공원87,근린공원,35.2084497885,128.711594
경상남도,창원시,성산구,남산동 148,삼정자전통놀이공원,문화공원,35.202832,128.707101
경상남도,창원시,성산구,대원동 109-1,소공원94,근린공원,35.229745,128.651705
경상남도,창원시,성산구,안민동 627,공원95,근린공원,35.184122,128.686345
경상남도,창원시,성산구,외동 산12,공원111,소공원,35.222773,128.671251
경상남도,창원시,성산구,토월동 37,공원117,소공원,35.230745,128.704429
경상남도,창원시,성산구,완암동 240-2,제113호소공원,소공원,35.203626,128.656048
경상남도,창원시,성산구,완암동 264,제114호소공원,소공원,35.2020901181,128.658594
경상남도,창원시,성산구,상복동 447-1,제115호소공원,소공원,35.200855,128.661775
경상남도,창원시,성산구,남지동 299-1,제116호소공원,소공원,35.193603,128.677764
경상남도,창원시,성산구,토월동 38,소공원118,소공원,35.230587,128.704227
경상남도,창원시,마산합포구,산호동 532-12,산호공원,근린공원,35.213798,128.582016
경상남도,창원시,마산합포구,자산동 산21-4,추산공원,근린공원,35.207443,128.567691
경상남도,창원시,마산합포구,산호동 56-7,어린이공원1,어린이공원,35.217642,128.578512
경상남도,창원시,마산합포구,산호동 22-8,어린이공원2,어린이공원,35.218709,128.583232
경상남도,창원시,마산합포구,진동면 인곡리 산 74,인곡공원,묘지공원,35.1408802462,128.529943
경상남도,창원시,마산합포구,교방동 362-7,어린이공원26,어린이공원,35.214706,128.563358
경상남도,창원시,마산합포구,진동면 진동리 56-1,진동공원,근린공원,35.119789,128.491302
경상남도,창원시,마산합포구,자산동 산96-9,자산공원,근린공원,35.201261,128.560436
경상남도,창원시,마산합포구,가포동 산1-51,가포공원,근린공원,35.172536,128.576102
경상남도,창원시,마산합포구,자산동 23-4,어린이공원35,어린이공원,35.206226,128.563035
경상남도,창원시,마산합포구,자산동 28-3,어린이공원36,어린이공원,35.204235,128.561004
경상남도,창원시,마산합포구,월영동 707,어린이공원58,어린이공원,35.173609,128.558894
전북특별자치도,완주군,이서면,금평리 789,윤슬공원,근린공원,35.83203568,127.0474664
전북특별자치도,완주군,이서면,반교리 723,노을공원,근린공원,35.83169047,127.0343136
전북특별자치도,완주군,이서면,갈산리 641-20,산들공원,어린이공원,35.8391906,127.0541614
전북특별자치도,완주군,이서면,갈산리 656-2,병아리공원,어린이공원,35.8335799,127.0540985
전북특별자치도,완주군,이서면,용서리 771-14,비행기공원,어린이공원,35.8308576,127.0234643
전북특별자치도,완주군,이서면,용서리 767-6,씽씽공원,어린이공원,35.8306749,127.0215346
전북특별자치도,완주군,이서면,용서리 761-5,기차공원,어린이공원,35.83089165,127.018643
전북특별자치도,완주군,고산면,오산리 808,고산문화공원,문화공원,35.97398096,127.2315259
전북특별자치도,완주군,구이면,원기리 1260,새누공원,수변공원,35.72921777,127.1236426
전북특별자치도,완주군,봉동읍,용암리 81-1,용암소공원,소공원,35.96010717,127.1343031
전북특별자치도,완주군,삼례읍,후정리 123-42,수도산근린공원,근린공원,35.9010944,127.0690832
전북특별자치도,완주군,봉동읍,장구리 602,우주공원,근린공원,35.97337174,127.1124526
전북특별자치도,완주군,봉동읍,장구리 600,찬누리공원,근린공원,35.9767881,127.1173621
전북특별자치도,완주군,봉동읍,장구리 582-11,소예공원,소공원,35.9718315,127.113905
전북특별자치도,완주군,고산면,읍내리 900,만경강수변생태공원,수변공원,35.97450949,127.2030509
전북특별자치도,완주군,봉동읍,장기리 1129-27,장기늘푸름공원,어린이공원,35.9364634,127.1654274
전북특별자치도,완주군,삼례읍,삼례리 1656,깡쇠어린이공원,어린이공원,35.91778414,127.0729496
전북특별자치도,완주군,삼례읍,삼례리 1429-30,삼례충혼탑어린이공원,어린이공원,35.90801738,127.0716715
전북특별자치도,완주군,고산면,읍내리683-1,고산어린이공원,어린이공원,35.97597896,127.209547
전북특별자치도,완주군,삼례읍,삼례리 1656-3,서여공원,소공원,35.9175984,127.073193
전북특별자치도,완주군,삼례읍,삼례리 1689-19,참사랑공원,소공원,35.9116689,127.0773335
전북특별자치도,완주군,이서면,반교리 715,정농함박골공원,소공원,35.83777547,127.0232659
전북특별자치도,완주군,이서면,반교리 716,정농통일공원,소공원,35.83547585,127.033992
전북특별자치도,완주군,이서면,용서리 831-1,용소공원,소공원,35.83331364,127.023584
서울특별시,구로구,오류동,18-141,온수(반달지구),근린공원,37.49947855,126.8418368
서울특별시,구로구,오류동,산4,온수(궁동지구),근린공원,37.49780089,126.8375987
서울특별시,구로구,온수동,9-44,온수(벽산지구),근린공원,37.49459859,126.8244691
서울특별시,구로구,온수동,산4-25,온수(온수골지구),근린공원,37.4940823,126.821833
서울특별시,구로구,온수동,산10-4,온수(온수체육지구),근린공원,37.49330391,126.8193736
서울특별시,구로구,고척동,산9-14,고척,근린공원,37.50658242,126.8532783
서울특별시,구로구,고척동,산8,계남,근린공원,37.509285,126.850122
서울특별시,구로구,개봉동,산53-3,개웅산,근린공원,37.48690364,126.8471261
서울특별시,구로구,천왕동,173,천왕(시)(천왕골),근린공원,37.48261513,126.8337054
서울특별시,구로구,항동,147-2,천왕(시)(항골),근린공원,37.47854975,126.8290997
서울특별시,구로구,천왕동,276,천왕(구),근린공원,37.4764232,126.8417584
서울특별시,구로구,천왕동,274-2,연지,근린공원,37.47965771,126.8379653
서울특별시,구로구,천왕동,산13-1,봉화대,근린공원,37.48469858,126.8424192
서울특별시,구로구,구로동,102,구로,근린공원,37.49748278,126.8896027
서울특별시,구로구,구로동,3-33,신도림테크노,근린공원,37.50811753,126.8908707
서울특별시,구로구,고척동,339-4,덕의,근린공원,37.50702571,126.8558381
서울특별시,구로구,항동,76-1,항동 2호,근린공원,37.48192505,126.826833
서울특별시,구로구,항동,산50-2,항동 3호,근린공원,37.4751259,126.8154416
서울특별시,구로구,항동,산50-3,항동 4호,근린공원,37.47418114,126.8176643
서울특별시,구로구,오류동,산45-5,항동,근린공원,37.4892532223,126.8273744799
서울특별시,구로구,신도림동,692-1,대성디큐브시티,문화공원,37.50923794,126.8902377
서울특별시,구로구,오류동,299-29,오류역,문화공원,37.49463217,126.8455221
서울특별시,구로구,고척동,100,고척,문화공원,37.49813087,126.8585712
서울특별시,구로구,항동,162,항동,체육공원,37.47613508,126.8220008
서울특별시,구로구,개봉동,492-1,개봉,기타,37.49958755,126.849609
경상남도,진주시,정촌면,예하리 652-18,항공2소공원,소공원,35.1262481933,128.0957272863
경상남도,진주시,정촌면,대축리 산74-2,항공3소공원,소공원,35.1277710346,128.0913691841
경상남도,진주시,상평동,214-9,상평산단1소공원,소공원,35.1738379809,128.1100541705
경상남도,진주시,상평동195-14,,상평산단2소공원,소공원,35.175440309,128.1154892019
경상남도,진주시,상대동,33-65,상평산단3소공원,소공원,35.1791228007,128.1229735386
경상남도,진주시,가좌동,600-2,여객1소공원,소공원,35.159593005,128.1107818292
경상남도,진주시,가좌동,527-1,여객2소공원,소공원,35.1590469615,128.1085966954
경상남도,진주시,호탄동,733-1,여객3소공원,소공원,35.1596091533,128.1123545216
경상남도,진주시,초전동,360-13,소공원41,소공원,35.2095562029,128.1212855272
경상남도,진주시,초전동,360-13,소공원42,소공원,35.2095562029,128.1212855272
경상남도,진주시,이반성면,가산리 1405,이반성나눔공원,소공원,35.1503623493,128.3200380137
경상남도,진주시,상봉동,271,비봉공원,근린공원,35.205893008,128.0770486526
경상남도,진주시,상대동,871,선학공원,근린공원,35.1863199377,128.0983205099
경상남도,진주시,망경동,산29-3,망경공원,근린공원,35.1771240666,128.0758524674
경상남도,진주시,가좌동,산 87-1,가좌공원,근린공원,35.1657594913,128.1046541604
경상남도,진주시,이현동,110-4,이현공원,근린공원,35.1874701903,128.0615268945
경상남도,진주시,장재동,산2,장재공원,근린공원,35.2102053601,128.1049366058
경상남도,진주시,옥봉동,411,옥봉금산근린공원,근린공원,35.1976101485,128.0894608024
경상남도,진주시,상평동,268-3,송림공원,근린공원,35.1756685023,128.1057998381
경상남도,진주시,금산면,중천리 269-1,금산숲향기공원,근린공원,35.2178547684,128.1411815227
경상남도,진주시,금산면,중천리 261,금산물꽃공원,근린공원,35.2182827287,128.1398527655
경상남도,진주시,문산읍,삼곡리 645,삼곡공원,근린공원,35.1676255178,128.1666350724
강원특별자치도,원주시,단계동,1207-23,전망소공원,소공원,37.35317255,127.9177599
강원특별자치도,원주시,단계동,1200-1,바우골어린이공원,어린이공원,37.3545599991,127.9173532
강원특별자치도,원주시,단계동,산57,봉화산근린공원,근린공원,37.34688353,127.9189383
강원특별자치도,원주시,무실동,1891-1,별꽃어린이공원,어린이공원,37.32717716,127.9289559
강원특별자치도,원주시,단구동,1710,새빛누리어린이공원,어린이공원,37.31693665,127.9464394
강원특별자치도,원주시,무실동,16,한지공원,근린공원,37.33437553,127.9353957
인천광역시,연수구,연수동,634-2,솔안공원,근린공원,37.41231221,126.6828469
인천광역시,연수구,연수동,594-1,양지공원,근린공원,37.41535286,126.678406
인천광역시,연수구,연수동,580,대학공원,근린공원,37.42110245,126.6877626
강원특별자치도,정선군,정선읍,애산리 432-452,애산공원,어린이공원,37.38460102,128.6728248
강원특별자치도,정선군,임계면,송계리 692-2,임계제3공원,어린이공원,37.4973663,128.8526728
강원특별자치도,정선군,남면,무릉리 819-58,증산공원,어린이공원,37.2396315,128.7872227
강원특별자치도,정선군,정선읍,봉양리 73-2,봉양3공원,어린이공원,37.38139216,128.671142
강원특별자치도,정선군,남면,무릉리 431-11,증산제3공원,어린이공원,37.2518906611,128.7758184
강원특별자치도,정선군,신동읍,예미리 728-6,예미공원,어린이공원,37.21355766,128.6439785
강원특별자치도,정선군,고한읍,고한리 216-36,고한제1공원,어린이공원,37.2179987885,128.8557282107
강원특별자치도,정선군,고한읍,고한리 63-58,고한제3공원,어린이공원,37.19776463,128.8588823
강원특별자치도,정선군,사북읍,사북리 산153-5,동탄지구어린이공원1,어린이공원,37.222967,128.8209201
강원특별자치도,정선군,사북읍,사북리 산153-32,동탄지구어린이공원2,어린이공원,37.223658,128.822484
강원특별자치도,정선군,신동읍,조동리 5-5,신동2공원,어린이공원,37.21510051,128.6927309
강원특별자치도,정선군,신동읍,조동리 151-37,신동4공원,어린이공원,37.22280828,128.6785805
강원특별자치도,정선군,북평면,북평리 63-66,북평4공원,어린이공원,37.4540646377,128.6731645588
강원특별자치도,정선군,여량면,구절리 268-1,구절1호 어린이공원,어린이공원,37.5157141131,128.7345588609
강원특별자치도,정선군,신동읍,예미리 산190-3,의림공원,어린이공원,37.21806957,128.6453693
강원특별자치도,정선군,신동읍,예미리 692-25,신동1공원,소공원,37.21622156,128.643357
강원특별자치도,정선군,남면,무릉리 615-5,증산제4공원,소공원,37.2454971902,128.773805215
강원특별자치도,정선군,정선읍,봉양리 281-2,봉양3공원,소공원,37.38070238,128.658736
강원특별자치도,정선군,정선읍,북실리 753,북실1공원,소공원,37.379159,128.652222
강원특별자치도,정선군,신동읍,예미리 742-8,노일공원,소공원,37.211485,128.6451142
강원특별자치도,정선군,신동읍,조동리 17-16,조동1소공원,소공원,37.21472754,128.6875177
강원특별자치도,정선군,신동읍,조동리 산54-25,조동2소공원,소공원,37.21394706,128.6868684
강원특별자치도,정선군,남면,문곡리 597,제1호소공원,소공원,37.26963102,128.738984
강원특별자치도,정선군,남면,문곡리 319-4,제4호소공원,소공원,37.2669513795,128.740202
경기도,오산시,지곶동,산50,소공원 158호,소공원,37.1749591315,127.0356313197
경기도,오산시,지곶동,500,소공원 159호,소공원,37.1721177755,127.0321340731
경기도,오산시,청호동,4,어린이공원 160호,어린이공원,37.1323443084,127.0819131402
경기도,오산시,원동,산42-1,원동 문화공원,문화공원,37.1388385653,127.0888673874
경기도,오산시,양산동,3,양산3구역 근린공원,근린공원,37.199019,127.0362329549
경기도,오산시,서동,292-1,수변공원 163호,수변공원,37.1525746733,127.0417967775
경기도,오산시,외삼미동,67-1,수변공원 164호,수변공원,37.194063,127.0636675018
서울특별시,강남구,압구정동,422,신사근린공원,근린공원,37.526708,127.0212651
서울특별시,강남구,일원동,621,대청근린공원,근린공원,37.49319912,127.0830019
서울특별시,강남구,일원동,690,늘푸른근린공원,근린공원,37.48951135,127.0773393
서울특별시,강남구,개포동,180,개포서근린공원,근린공원,37.4885944,127.0635583
서울특별시,강남구,개포동,182-1,개포동근린공원,근린공원,37.48970641,127.0682905
서울특별시,강남구,대치동,512,대치근린공원,근린공원,37.495123,127.0699032
서울특별시,강남구,대치동,501,늘벗근린공원,근린공원,37.48928087,127.0563303
서울특별시,강남구,도곡동,461,독골근린공원,근린공원,37.484552,127.0468249
서울특별시,강남구,개포동,1239-21,포이근린공원,근린공원,37.47967612,127.0447815
서울특별시,강남구,개포동,649-1,청룡근린공원,근린공원,37.48528514,127.0537972
서울특별시,강남구,개포동,181,배밭근린공원,근린공원,37.48821488,127.0594681
서울특별시,강남구,개포동,183-1,학여울근린공원,근린공원,37.48970641,127.0682905
서울특별시,강남구,청담동,134-13,청수근린공원,근린공원,37.523249,127.0584463
서울특별시,강남구,청담동,66,청담근린공원,근린공원,37.52152002,127.0522736
서울특별시,강남구,대치동,212-1,한티근린공원,근린공원,37.49524119,127.0622107
서울특별시,강남구,개포동,139,개포근린공원,근린공원,37.4830336,127.063861
서울특별시,강남구,개포동,156,달터근린공원,근린공원,37.485434,127.0596369
서울특별시,강남구,개포동,13-1,대진근린공원,근린공원,37.496049,127.0788531
경상남도,창원시,진해구,안골동 372,안정공원,근린공원,35.098404,128.802929
경상남도,창원시,성산구,대원동 33-1,소공원60,소공원,35.233458,128.651808
경상남도,창원시,성산구,대원동 12-5,소공원62,소공원,35.234257,128.653977
경상남도,창원시,성산구,완암동 309,상복제3공원,소공원,35.203899,128.653906
경상남도,창원시,성산구,창곡동 31,상복제1공원,소공원,35.206009,128.651981
경상남도,창원시,성산구,완암동 311,상복제2공원,소공원,35.204085,128.652927
경상남도,창원시,성산구,가음동 49,기업사랑공원,근린공원,35.208836,128.687754
경상남도,창원시,성산구,삼동동 147-5,창원수목원,근린공원,35.228112,128.654723
경상남도,창원시,성산구,가음동 14-5,소공원88,소공원,35.210779,128.695508
경상남도,창원시,성산구,신촌동 34-1,소공원89,소공원,35.202981,128.627753
경상남도,창원시,성산구,신월동 13-67,소공원95,소공원,35.230249,128.695104
경상남도,창원시,성산구,신월동 12-17,소공원96,소공원,35.232539,128.693495
경상남도,창원시,성산구,대원동 37-1,대원1공원,소공원,35.235456,128.650706
경상남도,창원시,성산구,신월동 93,소공원101,소공원,35.225251,128.687491
경상남도,창원시,성산구,신월동 90,소공원105,소공원,35.222416,128.691736
경상남도,진주시,가좌동,539,가좌프린지공원,근린공원,35.1518563675,128.1065034332
경상남도,진주시,초전동1583-38,,초전공원,근린공원,35.2088844577,128.1250549431
경상남도,진주시,사봉면,사곡리 1812-1,사봉빛나공원,근린공원,35.1881403724,128.2745762458
경상남도,진주시,사봉면,사곡리 1852,사봉달골공원,근린공원,35.1848338817,128.2835751659
경상남도,진주시,사봉면,사곡리 1853,사봉사곡공원,근린공원,35.184922033,128.2874921974
경상남도,진주시,이현동,1178,이현버드실공원,근린공원,35.1943225049,128.0555446304
경상남도,진주시,정촌면,예하리 1246-9,정촌꽃맞이공원,근린공원,35.11782845,128.1062554751
경상남도,진주시,평거동,803,평거솔바람공원,근린공원,35.1676866529,128.0580798938
경상남도,진주시,문산읍,삼곡리 980-4,문산맑은숲공원,근린공원,35.156965507,128.1639666264
경상남도,진주시,충무공동,12,충무공동해시계공원,근린공원,35.1834063587,128.1386558254
경상남도,진주시,충무공동,14,충무공동노을지공원,근린공원,35.1784588996,128.1335496493
경상남도,진주시,충무공동,21,충무공동기쁨누리공원,근린공원,35.178031726,128.1363636556
경상남도,진주시,충무공동,44,바람모아공원,근린공원,35.1716214834,128.129928793
경상남도,진주시,충무공동,75,충무공동나래공원,근린공원,35.1736914361,128.1336247214
경상남도,진주시,충무공동,102,충무공동생기율공원,근린공원,35.1739483932,128.1361034979
경상남도,진주시,충무공동,136,충무공동따스하리공원,근린공원,35.1686899387,128.1396163673
경상남도,진주시,충무공동,227-3,충무공동아람울공원,근린공원,35.1771791835,128.1450193987
경상남도,진주시,충무공동,285-1,충무공동한터울공원,근린공원,35.1749285383,128.1472214567
경상남도,진주시,충무공동,299,충무공동참살이울공원,근린공원,35.1728008354,128.1444825252
경상남도,진주시,충무공동,350,충무공동하얀울공원,근린공원,35.1733220358,128.1553814391
경상남도,진주시,초전동,1634-3,초전풀밭해공원,근린공원,35.2074080522,128.1154288188
경상남도,진주시,판문동,산171-1,진양호공원,근린공원,35.1744382865,128.0373864752
경상남도,진주시,내동면,삼계리 663,진양호가족공원,근린공원,35.1592404444,128.0321079741
경상남도,진주시,금산면,용아리 1102-24,금호지공원,근린공원,35.2112478066,128.1548784045
경상남도,진주시,평거동,1107,평거새로나공원,근린공원,35.1644493722,128.0490125034
경상남도,진주시,평거동,1135,평거늘봄공원,근린공원,35.1640260172,128.05365662
경기도,양주시,옥정동,998-1,옥정제1어린이공원(율정),어린이공원,37.83658617,127.0937109
경기도,양주시,옥정동,1014-1,옥정제2어린이공원(천보),어린이공원,37.83375137,127.0956036
경기도,양주시,고암동,603-8,제4호 공공공지,기타,37.829689,127.0731684
경기도,양주시,옥정동,914-4,옥정제5어린이공원(참수물),어린이공원,37.82152089,127.0858264
경기도,양주시,남면,구암리 367,남면일반산업단지 소공원,소공원,37.88418737,126.9737239
경기도,양주시,고암동,602-8,제5호 공공공지,기타,37.8295799,127.0746555
경기도,양주시,옥정동,560-1,옥정 제3소공원,소공원,37.81891698,127.084229
경기도,양주시,옥정동,901-4,옥정 제4소공원,소공원,37.81781626,127.0808201
경기도,양주시,고암동,619,옥정체육공원,체육공원,37.82729942,127.0721334
경기도,양주시,옥정동,989-15,옥정 제2호 광장,기타,37.83554954,127.0921666
경기도,양주시,옥정동,1009-20,옥정 제3호 광장,기타,37.83188424,127.0926118
경기도,양주시,옥정동,946-4,옥정 제4호 광장,기타,37.83050451,127.0918449
경기도,양주시,옥정동,738,옥정 제6호 광장,기타,37.82655888,127.0786141
경기도,양주시,옥정동,962-3,옥정 제9호 광장,기타,37.82612883,127.093305
경기도,양주시,옥정동,958-3,옥정 제10호 광장,기타,37.82150574,127.0913645
경기도,양주시,옥정동,963-19,옥정 제11호 광장,기타,37.82020188,127.0919096
경기도,양주시,옥정동,1047-5,옥정 제13호 광장,기타,37.81723927,127.0913008
경기도,양주시,옥정동,1049-5,옥정 제15호 광장,기타,37.81445992,127.0894693
경기도,양주시,옥정동,1095-5,옥정 제16호 광장,기타,37.81378019,127.0895954
경기도,양주시,옥정동,937-3,옥정 제17호 광장,기타,37.81363015,127.0886011
경기도,양주시,옥정동,1095-3,옥정 제18호 광장,기타,37.81092723,127.0857783
경기도,양주시,광적면,석우리 407,석우근린공원,근린공원,37.8272047,126.9800496
경기도,양주시,덕계동,592-3,덕계천어린이공원,어린이공원,37.8236746,127.0432057
경기도,양주시,옥정동,1108-2,제6호 공공공지,기타,37.81184939,127.102356
강원특별자치도,정선군,남면,문곡리 66-7,제2호소공원,소공원,37.2719769312,128.7396349113
강원특별자치도,정선군,정선읍,북실리 744-3,북실2공원,소공원,37.37959977,128.6520514
강원특별자치도,정선군,정선읍,북실리 831,북실3공원,소공원,37.37874582,128.648598
강원특별자치도,정선군,여량면,구절리 290-1,구절1소공원,소공원,37.51632327,128.7319834
강원특별자치도,정선군,여량면,구절리 278,구절2소공원,소공원,37.51521295,128.7299863
강원특별자치도,정선군,고한읍,고한리 산2-1,물하공원,근린공원,37.211015,128.8574388
강원특별자치도,정선군,신동읍,조동리 산34,조동1공원,근린공원,37.224575,128.6820345
강원특별자치도,정선군,화암면,화암리 1114,수변공원,수변공원,37.340181,128.785536
강원특별자치도,정선군,정선읍,광하리 16-6,모평공원,문화공원,37.36129109,128.6248952
강원특별자치도,정선군,남면,무릉리 800-1,증산제2공원,문화공원,37.25420598,128.780245
강원특별자치도,정선군,정선읍,애산리 560,아리랑근린공원,문화공원,37.37638383,128.671536
강원특별자치도,정선군,신동읍,조동리 240,조동3공원,체육공원,37.22445434,128.672555
경기도,광명시,소하동,1378-1,영당말,근린공원,37.4338028922,126.8823098302
경기도,광명시,소하동,산146,덕 안,근린공원,37.427343,126.883256
경기도,광명시,소하동,산 137-1,오리역사공원,역사공원,37.4300744365,126.8793742173
경기도,광명시,소하동,1068-3,충현역사공원,역사공원,37.432106,126.87833
경기도,광명시,일직동,산20-2외,기형도문화공원,문화공원,37.426066,126.882548
경기도,광명시,일직동,395-4,일직수변공원,수변공원,37.412131,126.883703
경기도,광명시,광명동,산75,도덕산자연공원,근린공원,37.469467,126.857863
경기도,광명시,하안동,산 142-2,구름산자연공원,근린공원,37.4533597805,126.8717352404
경기도,광명시,소하동,산 102-1,소하동역사공원,역사공원,37.435028342,126.8745492481
충청남도,당진시,수청동,1004,공원:130(대덕수청지구 도시개발사업:33/수청),소공원,36.89126459,126.6447458
충청남도,당진시,대덕동,1790,공원:131(대덕수청지구 도시개발사업:34/상상),어린이공원,36.8846969,126.6346045
충청남도,당진시,대덕동,1835,공원:132(대덕수청지구 도시개발사업:35/구름),어린이공원,36.88497603,126.6463185
충청남도,당진시,대덕동,1878,공원:133(대덕수청지구 도시개발사업:36/무지개),어린이공원,36.88200697,126.6442476
충청남도,당진시,채운동,1126,공원:134(당진:37 채운),소공원,36.89385027,126.6219112
충청남도,당진시,읍내동,232-40,공원:135(당진:44 남산공원),소공원,36.894527,126.631857
충청남도,당진시,수청동,863-1,공원:136(수청지구),어린이공원,36.89735285,126.6463375
충청남도,당진시,수청동,849-26,공원:137(수청지구),어린이공원,36.8927558,126.6471064
충청남도,당진시,수청동,산148,공원:102(당진:02 계림공원),근린공원,36.89744497,126.6450933
충청남도,당진시,읍내동,507-12,공원:103(당진:03 승리봉공원),역사공원,36.89554285,126.627703
충청남도,당진시,채운동,357-21,공원:104(당진:04 채운공원),근린공원,36.89064383,126.619224
충청남도,당진시,읍내동,234-33,공원:107(당진:06 남산공원),근린공원,36.8932545249,126.636098009
충청남도,당진시,읍내동,560-2,공원:109(당진:8 서문공원),소공원,36.89320136,126.6271367
충청남도,당진시,읍내동,177-1,공원:110(당진:09 새싹공원),어린이공원,36.89023423,126.6353885
충청남도,당진시,채운동,278-4,공원:111(당진:10 은하공원),어린이공원,36.8946859,126.6226732
충청남도,당진시,읍내동,1373,공원:113(당진:12 하늘공원),어린이공원,36.88803752,126.6348417
충청남도,당진시,채운동,1042,공원:114(당진:13 보름달공원),어린이공원,36.88720282,126.6306794
충청남도,당진시,대덕동,1522,공원:115(당진:14 바다공원),어린이공원,36.8868512,126.6349617
경기도,광명시,소하동,1363-3,새터,어린이공원,37.4486874851,126.8916219479
경기도,광명시,소하동,1288-1,하평,어린이공원,37.4530057588,126.8828836943
경기도,광명시,소하동,1305-10,물결,어린이공원,37.4508744782,126.882585802
경기도,광명시,소하동,1319,그루터기,어린이공원,37.4485349822,126.8885458575
경기도,광명시,소하동,1326,금빛,어린이공원,37.446186104,126.8905038011
경기도,광명시,소하동,1349,둔벙,어린이공원,37.4445359432,126.8916968886
경기도,광명시,소하동,1351,해오름,어린이공원,37.4429515609,126.8938312662
경기도,광명시,소하동,1267-1,새싹,어린이공원,37.4344167291,126.8801443784
경기도,광명시,소하동,1258,성화,어린이공원,37.4345512335,126.8839758874
경기도,광명시,소하동,1247,선경,어린이공원,37.4357050982,126.8819608944
경기도,광명시,소하동,1234,한솔,어린이공원,37.4370010073,126.8833779916
경기도,광명시,소하동,935,개운,어린이공원,37.4369712342,126.8775001958
경기도,광명시,소하동,946,오리,어린이공원,37.4342144455,126.8764151
경기도,광명시,소하동,1127,과일나라,어린이공원,37.431767,126.877151
경기도,광명시,소하동,1376,꽃향기,어린이공원,37.4323187732,126.8861502832
경기도,광명시,일직동,504-3,자경제1,어린이공원,37.4211929174,126.88998413
경기도,광명시,일직동,505-10,자경제2,어린이공원,37.4211995369,126.8912722593
경기도,광명시,광명동,166-8,너부대,근린공원,37.4789238746,126.8466198867
경기도,광명시,철산동,153,현 충,근린공원,37.482755,126.8646514
경기도,광명시,철산동,450,왕재산,근린공원,37.4760778233,126.8725295314
경기도,광명시,철산동,산 80-1,광덕산,근린공원,37.4721419537,126.8710334967
경기도,광명시,철산동,633-1,광 덕,근린공원,37.4704529847,126.8729644602
경기도,광명시,하안동,산 24-2,철망산,근린공원,37.46510331,126.8699854424
경기도,광명시,하안동,703,가림2,어린이공원,37.4666655186,126.8640346207
경기도,광명시,하안동,862,안터저수지,근린공원,37.4593088,126.8698209846
경기도,광명시,소하동,산 95-5,소 하,근린공원,37.4357241,126.8757083
경기도,광명시,소하동,1308,한 내,근린공원,37.4511925785,126.886700816
경상북도,김천시,교동,979,교동근린공원,근린공원,36.142576,128.097412
경상북도,김천시,교동,1017,교동택지 1호 공원,어린이공원,36.141385,128.097121
경상북도,김천시,삼락동,1337,교동택지 2호 공원,어린이공원,36.142235,128.094744
경상북도,김천시,남산동,192-1,남산공원,근린공원,36.116548,128.118635
경상북도,김천시,응명동,66,매목공원,어린이공원,36.141122,128.133436
경상북도,김천시,모암동189-1,,모암 어린이 공원,어린이공원,36.124105,128.126215
경상북도,김천시,율곡동,608,바우배기어린이공원,어린이공원,36.123959,128.194528
경상북도,김천시,봉산면,예지리 910,봉산문화마을 공원,어린이공원,36.143552,128.061151
경상북도,김천시,부곡동,1328-1,부곡 2공원,어린이공원,36.121305,128.088329
경상북도,김천시,부곡동,1533-1,부곡근린공원,근린공원,36.125008,128.089499
경상북도,김천시,부곡동,1385,부곡택지지구 1호 공원,어린이공원,36.124788,128.091836
경상북도,김천시,부곡동,1510,부곡택지지구 2호 공원,어린이공원,36.124911,128.094277
경상북도,김천시,부곡동,1531,부곡택지지구 3호 공원,어린이공원,36.125412,128.098321
경상북도,김천시,율곡동,334,삼산이수어린이공원,어린이공원,36.122622,128.183515
경상북도,김천시,율곡동,350,서낭댕이공원,근린공원,36.122329,128.184053
경상북도,김천시,성내동,120-6,성내공원,근린공원,36.122248,128.122834
경상북도,김천시,율곡동,443,소나무어린이공원,어린이공원,36.123535,128.188986
경상북도,김천시,신음동,1279,신음 4공원,어린이공원,36.141759,128.114825
경상북도,김천시,신음동,1303,신음택지 1호 공원,어린이공원,36.132787,128.120056
경상북도,김천시,신음동,1311,신음택지 2호 공원,어린이공원,36.131727,128.122511
경상북도,김천시,아포읍,국사리 1111,아포택지 1호 공원,어린이공원,36.159956,128.259703
경상북도,김천시,아포읍,국사리 1001,아포택지 2호 공원,어린이공원,36.159002,128.262618
경상북도,김천시,율곡동,767,안산공원,근린공원,36.120082,128.191194
경상북도,김천시,율곡동,800,왕버들공원,근린공원,36.116154,128.180953
경상북도,김천시,율곡동,737,자두꽃어린이공원,어린이공원,36.12170973,128.194556
경상북도,김천시,신음동,1056-2,조각공원,근린공원,36.130384,128.116615
경상북도,김천시,대항면,운수리 35,직지문화공원,근린공원,36.115475,128.014261
경상북도,김천시,평화동,72-42,평화 1공원,어린이공원,36.127511,128.114392
서울특별시,구로구,개봉동,45-2,온수(잣절지구),근린공원,37.5019961685,126.8397231408
서울특별시,중랑구,면목동,656,샘  터,어린이공원,37.57303,127.0834002
서울특별시,중랑구,면목동,42-1,송  계,어린이공원,37.58921984,127.0956963
서울특별시,중랑구,면목동,86-3,소  파,어린이공원,37.59148188,127.0925459
서울특별시,중랑구,면목동,178-19,섬  들,어린이공원,37.58816879,127.0769075
서울특별시,중랑구,면목동,30-38,한  신,어린이공원,37.58701827,127.1003895
서울특별시,중랑구,상봉동,114-1,이  화,어린이공원,37.59505385,127.0844896
서울특별시,중랑구,상봉동,122-31,면목1(가칭),어린이공원,37.5931312,127.0824887
서울특별시,중랑구,상봉동,136-35,봉  황,어린이공원,37.59193672,127.0739354
서울특별시,중랑구,중화동,302-57,상  봉,어린이공원,37.59827363,127.0773921
서울특별시,중랑구,중화동,280-16,상  리,어린이공원,37.60403621,127.0805855
서울특별시,중랑구,중화동,323-14,봉  화,어린이공원,37.5957492,127.0727829
서울특별시,중랑구,중화동,332-48,중화리,어린이공원,37.6041874,127.0749772
서울특별시,중랑구,중화동,328-14,초  롱,어린이공원,37.59920895,127.0738061
서울특별시,중랑구,중화동,131-20,배  꽃,어린이공원,37.60113637,127.0857752
서울특별시,중랑구,묵동,240-100,세  화,어린이공원,37.61114293,127.0748852
서울특별시,중랑구,묵동,177-5,본  동,어린이공원,37.61153715,127.0790717
서울특별시,중랑구,망우동,492-6,소  망,어린이공원,37.59773924,127.0966044
서울특별시,중랑구,망우동,155-2,먹  골,어린이공원,37.59914936,127.1035307
서울특별시,중랑구,망우동,344-11,등나무,어린이공원,37.60240392,127.1026933
서울특별시,중랑구,면목동,164-2,갓바위,어린이공원,37.59903,127.1033
서울특별시,중랑구,묵동,396-1,방  죽,어린이공원,37.61712154,127.0813554
서울특별시,중랑구,면목동,1508-11,새  싹,어린이공원,37.5828299,127.0837025
서울특별시,중랑구,묵동,396-2,묵  동,어린이공원,37.6147236,127.082477
서울특별시,중랑구,묵동,164-52,묵동소공원,소공원,37.61531263,127.078096
서울특별시,중랑구,묵동,396-2,묵1동소공원,소공원,37.614773,127.08246
서울특별시,중랑구,면목동,1537-1,코오롱하늘채앞소공원,소공원,37.57193391,127.086431
전라남도,광양시,광양읍,구산리 82-1,26호,기타,34.985253,127.580037
전라남도,광양시,중동,1218-3,24호,기타,34.930803,127.688608
전라남도,광양시,중동,1355,27호,기타,34.942309,127.6919889387
전라남도,광양시,마동,700-10,13호,기타,34.9527677986,127.6935953704
전라남도,광양시,옥곡면,신금리 871-4,16호,기타,34.983464,127.7091158911
전라남도,광양시,광영동,702-12,14호,기타,34.959548,127.7248232923
전라남도,광양시,태인동,1350-4,5호,기타,34.943868,127.742576
전라남도,광양시,광양읍,칠성리 410-8,28호,기타,34.975932,127.582388
전라남도,광양시,광양읍,구산리 417-3,마산마을 입구 마을숲,기타,34.9761143673,127.5715759544
전라남도,광양시,광양읍,칠성리 164,우산공원 힐링숲,기타,34.980544,127.5850894309
전라남도,광양시,옥룡면,산남리 686-1,옥룡 고인돌 역사체험숲,기타,35.0097952933,127.6089529539
전라남도,광양시,다압면,고사리 1417-2,다압 면민 광장숲,기타,35.125619,127.6912125005
전라남도,광양시,진월면,오사리 1221-5,진월 돈탁 하천숲,기타,35.020767,127.781387
전라남도,광양시,진월면,오사리 277,오미자 소득숲,기타,35.0103176695,127.777937
전라남도,광양시,광영동,746,광영하광배수펌프장  하천숲,기타,34.9610258446,127.7292798844
전라남도,광양시,광영동,423-1,광영 마을 경관숲,기타,34.959345,127.716951
전라남도,광양시,금호동,915,이순신대교 주변 풍치숲,기타,34.929406,127.7063985356
전라남도,광양시,광양읍,세풍리 2204,율촌1산단공원,기타,34.9180101183,127.590643002
전라남도,광양시,광양읍,구산리 576-28,서천변주차장,기타,34.9847099451,127.5786706556
전라남도,광양시,광양읍,도월리 603-23,도월공원,소공원,34.948661,127.5994114361
전라남도,광양시,옥곡면,신금리 산97,광영의암1,소공원,34.971276,127.719275
전라남도,광양시,옥곡면,신금리 산79-1,광영의암1,소공원,34.9686131736,127.7232817509
전라남도,광양시,옥곡면,신금리 산71,광영의암1,소공원,34.966321,127.722846
전라남도,광양시,마동,산79-2,가야산,근린공원,34.9614213549,127.701590266
전라남도,광양시,마동,504,마동 저수지공원,근린공원,34.9478268316,127.6996981032
전라남도,광양시,마동,"1212, 1232",눈소공원,근린공원,34.9377208278,127.7017366491
전라남도,광양시,마동,1550,와우1,근린공원,34.944411,127.715959
전라남도,광양시,마동,1590,와우2,근린공원,34.942609,127.714338
전라남도,광양시,태인동,1878,명당3지구,근린공원,34.955842,127.765572
전라남도,광양시,광양읍,칠성리 250,호북,어린이공원,34.9779750877,127.5854995032
전라남도,광양시,중군동,산125-7,중동6,기타,34.9618818986,127.6533993499
전라남도,광양시,중동,1454,중동7,기타,34.94678165,127.687965
전라남도,광양시,성황동,271-5,성황8,기타,34.944064253,127.6794405193
전라남도,광양시,마동,1039,마동9,기타,34.95535545,127.6918306
전라남도,광양시,황금동,183-30,황금10,기타,34.90943419,127.6420919581
전라남도,광양시,마동,21,마동11,기타,34.94950545,127.7187762809
전라남도,광양시,마동,21,마동12,기타,34.949558423,127.7187762809
전라남도,광양시,마동,700-10,마동13,기타,34.9527677986,127.6935953704
전라남도,광양시,마동,1082-1,마동15,기타,34.952897171,127.6965149
전라남도,광양시,마동,408,마동17,기타,34.9417402401,127.7022817
전라남도,광양시,중동,1713-4,중동18,기타,34.9472205451,127.6972984382
전라남도,광양시,중동,1543,중동20,기타,34.94953558,127.6896958626
전라남도,광양시,중동,1599,중동21,기타,34.95226662,127.6895428
전라남도,광양시,진월면,선소리 140-9,진월 22,기타,34.97902947,127.7608418
전라남도,광양시,중동,1480,미관43,기타,34.9437529,127.6880421
전라남도,광양시,중동,1642,미관23,기타,34.93694066,127.6963436
전라남도,광양시,중동,1475,미관42,기타,34.94487975,127.6880488
전라남도,광양시,마동,1111,미관44,기타,34.95121964,127.6961981309
전라남도,광양시,중동,1320,미관47,기타,34.9428330061,127.696815
전라남도,광양시,마동,1025,미관40,기타,34.9551348988,127.6900249
전라남도,광양시,중동,1631,미관49,기타,34.93802939,127.6955186
전라남도,광양시,중동,1711,미관45,기타,34.94770711,127.6975016287
전라남도,광양시,중동,1311-1,미관48,기타,34.9391483,127.6959524
전라남도,광양시,중동,1581,사동,기타,34.95050815,127.6893086
전라남도,광양시,마동,328,커뮤니티유원지,기타,34.946503255,127.7030716822
전라남도,광양시,마동,276-7,가야산시민휴식공간,기타,34.9561775233,127.7107249701
전라남도,광양시,중군동,435-2,설성,기타,34.96094912,127.6564081
전라남도,광양시,마동,21,와우생태호수공원,기타,34.94950545,127.7187762809
전라남도,광양시,태인동,1653,공단공원,소공원,34.94171154,127.7532863
전라남도,광양시,마동,1301,중마금호해상공원,수변공원,34.9363236005,127.711104
전라남도,광양시,광양읍,덕례리 1779-1,덕례생태공원,기타,34.9682009914,127.5623968694
전라남도,광양시,광양읍,익신리 745,익신산단1,소공원,34.9533304126,127.6027568
전라남도,광양시,광양읍,익신리 751,익신산단2,소공원,34.9514474759,127.6031818
전라남도,광양시,광양읍,덕례리 산1,서산,근린공원,34.96488927,127.5790148
전라남도,광양시,중동,1673,중동,근린공원,34.9354661835,127.6914483105
전라남도,광양시,마동,700-10,마동,근린공원,34.9527677986,127.6935953704
전라남도,광양시,중동,산109-8,마동(현충탑),근린공원,34.942958,127.6909572
전라남도,광양시,광영동,산41-3,광영,근린공원,34.9609236961,127.719125923
전라남도,광양시,태인동,1707,명당제2,수변공원,34.9466550834,127.768001
전라남도,광양시,태인동,1629-10,배알도,수변공원,34.95947173,127.7583798
전라남도,광양시,태인동,산22-10,삼봉,근린공원,34.9527452599,127.7462005951
전라남도,광양시,태인동,1738,명당2지구,근린공원,34.95143297,127.7596802258
전라남도,광양시,중동,1297-1,중동1,소공원,34.94250956,127.6990929
전라남도,광양시,중동,1378,중동2,어린이공원,34.94195494,127.6864724
전라남도,광양시,중동,1599,중동4,소공원,34.95226662,127.6895428
전라남도,광양시,중동,1738,중동14,어린이공원,34.943157,127.7024978888
전라남도,광양시,중동,1749-1,중동15,어린이공원,34.9406433563,127.7005619573
전라남도,광양시,중동,1762-1,중동16,소공원,34.93509098,127.6993169
전라남도,광양시,광영동,686,하광,어린이공원,34.960739,127.7218231095
전라남도,광양시,광영동,756,월광,어린이공원,34.96545591,127.7157641
전라남도,광양시,광영동,733-2,광영,어린이공원,34.96109087,127.726773
전라남도,광양시,광영동,산55-6,광영1,어린이공원,34.966247,127.7122043185
전라남도,광양시,광영동,836-7,도촌,어린이공원,34.95192589,127.7240879
전라남도,광양시,도이동,786,성황,어린이공원,34.9379689,127.6823933
전라남도,광양시,중동,1543,중동,기타,34.94953558,127.6896958626
전라남도,광양시,광영동,616-2,광영1,기타,34.9510223202,127.7245752418
전라남도,광양시,광영동,산20-5,광영2,기타,34.94829588,127.7214067
전라남도,광양시,중동,1820,중동3,기타,34.928677057,127.6983427651
충청남도,당진시,대덕동,1710,공원:116(당진:15 해바라기공원),근린공원,36.88615679,126.6398247
충청남도,당진시,읍내동,1068,공원:117(당진:16 채송공원),근린공원,36.89007621,126.6391197
충청남도,당진시,읍내동,934,공원:118(당진:17 라일락공원),근린공원,36.89288768,126.6391892
충청남도,당진시,읍내동,1487,공원:119(당진:21 한마음공원),근린공원,36.90047324,126.6292377
충청남도,당진시,읍내동,1450,공원:120(당진:22 하나공원),어린이공원,36.89777744,126.6247316
충청남도,당진시,우두동,1388,공원:121(당진:23 우리공원),어린이공원,36.9023557,126.6326383
충청남도,당진시,수청동,651-6,공원:153(수청1지구),근린공원,36.8923914,126.651763
충청남도,당진시,읍내동,454-5,공원:155(당진도시지역),소공원,36.89707861,126.6288552
충청남도,당진시,읍내동,232-85,공원:156호,문화공원,36.89397081,126.6319455
충청남도,당진시,채운동,992-1,공원:157호,수변공원,36.9029601,126.6249087
충청남도,당진시,읍내동,454-3,공원:158(당진도시지역),소공원,36.89717452,126.6288924
충청남도,당진시,채운동,산65-4,공원:159,어린이공원,36.8898591,126.624476
충청남도,당진시,우두동,439-3,공원:160(당진2지구),어린이공원,36.90454486,126.6289607
충청남도,당진시,우두동,395-2,공원:161(당진2지구),수변공원,36.90518797,126.6321224
충청남도,당진시,우두동,388-1,공원:162(당진2지구),수변공원,36.90589343,126.6335824
충청남도,당진시,우두동,475-1,공원:163(당진2지구),수변공원,36.90590386,126.6269159
충청남도,당진시,합덕읍,운산리 28-1,공원:301(합덕:01 하운공원),문화공원,36.80105358,126.778304
충청남도,당진시,합덕읍,운산리 941-6,공원:302(합덕:02 운산공원),근린공원,36.8058004,126.7652644
충청남도,당진시,우강면,창리 366-30,공원:303(합덕:03 교동(소들)공원),근린공원,36.80671918,126.7789728
충청남도,당진시,합덕읍,운산리 321-6,공원:304(합덕:04 서동공원),어린이공원,36.8100723,126.7683262
충청남도,당진시,합덕읍,운산리 251-1,공원:305(합덕:05 중동공원),어린이공원,36.8057117,126.7711133
충청남도,당진시,합덕읍,운산리 295-20,공원:306(합덕:06 중앙공원),어린이공원,36.80945017,126.7737065
충청남도,당진시,우강면,송산리 744,공원:309(합덕10 우강송산지구),어린이공원,36.81172952,126.7732346
충청남도,당진시,우강면,송산리 720,공원:310(합덕11 우강송산지구),어린이공원,36.81182634,126.7749100249
충청남도,당진시,합덕읍,운산리 291-60,공원:311(합덕 도시지역),소공원,36.80834432,126.7776551
충청남도,당진시,면천면,성상리 779-4,공원:401호,역사공원,36.81811065,126.6683249
서울특별시,은평구,불광동,산33-1,불  광,근린공원,37.614968,126.910327
서울특별시,은평구응암동,산1-27,,백  련,근린공원,37.60836,126.919486
서울특별시,중랑구,신내동,234,구릉공원,근린공원,37.61873149,127.1123335
서울특별시,중랑구,신내동,111-31,능말공원,근린공원,37.615356,127.107069
서울특별시,중랑구,신내동,산8-9,배말공원,근린공원,37.614014,127.112305
서울특별시,중랑구,신내동,산2-45,청남공원,근린공원,37.62011974,127.1104604
서울특별시,중랑구,묵동,20-1,원  묵,어린이공원,37.61706409,127.0881222
서울특별시,중랑구,신내동,650-1,서  당,어린이공원,37.6156627,127.0912651
서울특별시,중랑구,용마산로100길,20,은하수,어린이공원,37.59124873,127.0991535
서울특별시,중랑구,망우동,520-6,꽃동산,어린이공원,37.59221339,127.095187
서울특별시,중랑구,망우동,416-1,달동산,어린이공원,37.59339462,127.1008446
서울특별시,중랑구,망우동,474-11,샛  별,어린이공원,37.59360721,127.0952679
서울특별시,중랑구,신내동,474-33,햇  님,어린이공원,37.60453182,127.0978631
서울특별시,중랑구,신내동,656-1,안  골,어린이공원,37.61328191,127.0941169
서울특별시,중랑구,신내동,660-1,한아름,어린이공원,37.60842712,127.0940364
서울특별시,중랑구,상봉동,484-1,꽃피울,어린이공원,37.60347172,127.0897486
서울특별시,중랑구,망우동,583-2,신  현,어린이공원,37.60215539,127.1038444
서울특별시,중랑구,면목동,127-33,망우동,어린이공원,37.58956391,127.0859226
서울특별시,중랑구,면목동,127-33,면  목,어린이공원,37.5895,127.0859
서울특별시,중랑구,면목동,98-20,양  지,어린이공원,37.59020491,127.088887
서울특별시,중랑구,면목동,70-3,겸  재,어린이공원,37.58794,127.0932
서울특별시,중랑구,면목동,142-15,오거리,어린이공원,37.58857132,127.0809543
서울특별시,중랑구,면목동,153-6,열  매,어린이공원,37.58564763,127.0818678
서울특별시,중랑구,면목동,110-1,사  랑,어린이공원,37.58548947,127.0912564
서울특별시,중랑구,면목동,110-1,남  촌,어린이공원,37.58548947,127.0912564
서울특별시,중랑구,면목동,137-14,햇  살,어린이공원,37.5899334,127.0832
서울특별시,중랑구,면목동,570,까  치,어린이공원,37.5835,127.086969
서울특별시,은평구,진관동,산63-4,서오능,근린공원,37.6384025764,126.9138098934
서울특별시,은평구,구산동,산136-5,봉산,근린공원,37.585195,126.891941
대구광역시,동구,신암동,664-18,신암공원,근린공원,35.88930158,128.6231873
대구광역시,동구,효목동,산234-38,망우당공원,근린공원,35.87739265,128.6563523
대구광역시,동구,효목동,409,동부제4공원,어린이공원,35.878059,128.635428
대구광역시,동구,신암동,1841,동부제1공원,소공원,35.88076153,128.6228834
대구광역시,동구,신암동,282-2,덕성어린이공원,어린이공원,35.88238371,128.627976
대구광역시,동구,신암동,670-51,신암어린이공원,어린이공원,35.887824,128.619258
대구광역시,동구,불로동,산3,불로고분공원,근린공원,35.914671,128.6489232
대구광역시,동구,신기동,580,안심공원,근린공원,35.86902026,128.7023587
대구광역시,동구,율하동,1001,햇님어린이공원,어린이공원,35.86900873,128.6959018
대구광역시,동구,율하동,929-4,달님어린이공원,어린이공원,35.8690351,128.6988437
대구광역시,동구,신기동,546,소공원,소공원,35.870395,128.702108
대구광역시,동구,신기동,557-1,꽃님어린이공원,어린이공원,35.8684428,128.704315
대구광역시,동구,신기동,560-1,안심어린이공원,어린이공원,35.86820287,128.7065369
대구광역시,동구,불로동,1145,새동네어린이공원,어린이공원,35.914479,128.6423713
대구광역시,동구,불로동,1152-4,불로어린이공원,어린이공원,35.91408193,128.639961
대구광역시,동구,용계동,산30,돈지봉공원,근린공원,35.879573,128.695511
대구광역시,동구,율하동,1019,사랑어린이공원,어린이공원,35.86686165,128.6985542
대구광역시,동구,율하동,1022,믿음어린이공원,어린이공원,35.86660899,128.7011909
대구광역시,동구,신기동,595,소망어린이공원,어린이공원,35.86629527,128.703621
대구광역시,동구,동호동,360,동호공원,근린공원,35.86583383,128.719052
대구광역시,동구,신서동,539,신서공원,근린공원,35.86671602,128.7277128
대구광역시,동구,동호동,388,아라어린이공원,어린이공원,35.86513342,128.724758
대구광역시,동구,신서동,558,강동어린이공원,어린이공원,35.8677781,128.7315156
대구광역시,동구,신서동,567,금강어린이공원,어린이공원,35.86469446,128.729569
대구광역시,동구,율하동,1416,반계공원,근린공원,35.86283811,128.6950893
대구광역시,동구,율하동,1460,샛터공원,근린공원,35.86469043,128.7036507
대구광역시,동구,율하동,1354,금낭화어린이공원,어린이공원,35.86187333,128.6881975
대구광역시,동구,율하동,1301,앵초어린이공원,어린이공원,35.86418056,128.692828
인천광역시,남동구,간석동,37-79,아지랭이공원,어린이공원,37.46582129,126.7186993
경기도,평택시,청북면,옥길리 1294,한방 어린이공원,어린이공원,37.024696,126.913794
경기도,평택시,안중읍,현화리 843-3,합정 어린이공원,어린이공원,36.983102,126.923314
경기도,평택시,청북면,옥길리 1065-18,합정새롬 어린이공원,어린이공원,37.014168,126.907382
경기도,평택시,청북면,율북리 886답,율북 체육공원,체육공원,37.05742,126.979386
경기도,평택시,청북면,율북리 867답,드림 체육공원,체육공원,37.062376,126.970077
경기도,평택시,청북면,옥길리 1072,으뜸 체육공원(청북지구 택지개발),체육공원,37.019934,126.909408
경기도,평택시,고덕면,좌교리 353임,12호 근린공원(고덕국제화지구),근린공원,37.041582,127.020765
경기도,평택시,포승읍,만호리 471-4,큰나루 근린공원,근린공원,36.954857,126.862459
경기도,평택시,신대동,16-4,높은들 근린공원,근린공원,36.996059,127.0795
경기도,평택시,세교동,196-1번지,10호소공원(세교 지구단위),소공원,37.001779,127.076907
경기도,평택시,장당동,175-1,1호 소공원(장당지구),소공원,37.031648,127.069598
경기도,평택시,지제동,567-3,1호 소공원(지제지구),소공원,37.011929,127.072227
경기도,평택시,진위면,견산리 347-1,1호 소공원(진위3지구),소공원,37.107398,127.074994
경기도,평택시,포승읍,희곡리 507-1,담소 소공원,소공원,36.949401,126.870515
경기도,평택시,통복동,233-2,통복 소공원1호(통복지구),소공원,36.995338,127.072654
경기도,평택시,포승읍,희곡리 501,희여울 수변공원,수변공원,36.950117,126.870537
경기도,평택시,고덕면,해창리 456-3임,합정푸른 어린이공원(폐지),어린이공원,37.03856,127.018765
경기도,평택시,포승읍,희곡리 495-11,해모 어린이공원(청북지구 택지개발),어린이공원,36.950203,126.873969
경기도,평택시,통복동,235-3,햇살 어린이공원(롯테캐슬),어린이공원,36.995064,127.073554
경기도,평택시,현덕면,인광리 405-107번지,향촌 어린이공원,어린이공원,36.96321,126.921585
경기도,평택시,합정동,835,화경 어린이공원,어린이공원,36.99083,127.093891
경기도,평택시,고덕면,두릉리 646대,역사공원 1호(고덕국제화지구  두릉리),역사공원,37.057106,127.018941
경기도,평택시,팽성읍,송화리 125-1,송당소공원,소공원,36.955098,127.051604
경기도,평택시,고덕면,당현리 457답,동말 근린공원,근린공원,37.05996,127.0301
경기도,평택시,고덕면,해창리 1274-1,참나무 소공원,소공원,37.02728,127.0155
경기도,평택시,통복동,22-2,통복2 소공원,소공원,36.998617,127.083091
경기도,광명시,하안동,13-5,노봉애,어린이공원,37.4666548044,126.8777827928
경기도,광명시,하안동,110-1,푸른,어린이공원,37.4635930782,126.8822134119
경기도,광명시,하안동,27-4,서편,어린이공원,37.4643413067,126.8817273577
경기도,광명시,하안동,110-4,개나리,어린이공원,37.4615315232,126.88260173
경기도,광명시,하안동,260-5,초록,어린이공원,37.4561945303,126.8850615363
경기도,광명시,하안동,200-4,병아리,어린이공원,37.4592111883,126.8848202132
경기도,광명시,하안동,200-5,백합,어린이공원,37.4585210823,126.8861907655
경기도,광명시,소하동,1299,달맞이,어린이공원,37.4557207105,126.884300498
경상북도,구미시,구평동,1002-1,사계절공원,어린이공원,36.0921202,128.4453898
경상북도,구미시,진평동,1062,나들이공원,어린이공원,36.0910929084,128.4258904805
경상북도,구미시,인의동,987,건강공원,어린이공원,36.0979956576,128.4331370898
경상북도,구미시,황상동,200-18,다정공원,어린이공원,36.1169434416,128.4255863262
경상북도,구미시,진평동,19-4,아름공원,어린이공원,36.096942388,128.4269143953
경상북도,구미시,인의동,662-1,도토리공원,어린이공원,36.1006456485,128.4284308765
경상북도,구미시,인의동,681-5,인의공원,어린이공원,36.1008599279,128.4261128117
경상북도,구미시,인의동,690-4,색동공원,어린이공원,36.0984955971,128.4287859319
광주광역시,광산구,수완동,943,고래실,근린공원,35.19520308,126.8296875
광주광역시,광산구,수완동,974,너른배미,근린공원,35.1932303869,126.8273167832
광주광역시,광산구,수완동,1493,은빛,근린공원,35.18789158,126.8257044
광주광역시,광산구,신가동,1066,아름,근린공원,35.18462172,126.8255041
광주광역시,광산구,산월동,882-2 (첨단1-4지구),라온,어린이공원,35.21169173,126.8469326
광주광역시,광산구,산월동,883-3 (첨단1-4지구),첨단강변,어린이공원,35.21167349,126.8508788
광주광역시,광산구,산월동,886-3 (첨단1-4지구),월봉,어린이공원,35.20853725,126.8469109
광주광역시,광산구,하남동,663,경암,근린공원,35.17828124,126.8000842
광주광역시,광산구,산정동,1122,역산,근린공원,35.1693909253,126.8000818221
광주광역시,광산구,산정동,"1035, 1037번지",장수천,근린공원,35.1758493542,126.8008492557
광주광역시,광산구,하남동,664,경암,어린이공원,35.17828124,126.8000842
광주광역시,광산구,산정동,1025,따사로움,어린이공원,35.17420363,126.7998867
광주광역시,광산구,산정동,1058,부엉,어린이공원,35.17422749,126.8018425
광주광역시,광산구,산정동,1121,역산,어린이공원,35.1700484309,126.8004367646
광주광역시,광산구,선암동,713,북두칠성,어린이공원,35.14749387,126.7716851
광주광역시,광산구,장덕동,1038,새골풀,어린이공원,35.20083648,126.8129735
광주광역시,광산구,옥동,1241-1,옥동2,근린공원,35.12527786,126.7632801
광주광역시,광산구,장덕동,1099,고실,어린이공원,35.20094675,126.8166527
광주광역시,광산구,장덕동,1045,신완,어린이공원,35.1982349347,126.812676021
광주광역시,광산구,장덕동,1117,꽃방울,어린이공원,35.19671096,126.818041
광주광역시,광산구,장덕동,1325,잿등,어린이공원,35.19420011,126.8127531
광주광역시,광산구,장덕동,1456,우주선,어린이공원,35.1917505029,126.8131104
광주광역시,광산구,장덕동,1168,보물선,어린이공원,35.1932437658,126.8162648337
광주광역시,광산구,장덕동,1524,골옷,어린이공원,35.18990148,126.8117162
광주광역시,광산구,장덕동,1598,장덕,어린이공원,35.1880109796,126.8136912026
광주광역시,광산구,장덕동,1692,성덕,어린이공원,35.187925403,126.8167044882
경기도,광명시,하안동,296-4,새싹,어린이공원,37.4600834523,126.878498743
경기도,광명시,하안동,295-2,나래,어린이공원,37.4596912292,126.8803706673
경기도,광명시,하안동,260-10,꿈나무,어린이공원,37.4575185913,126.8818185051
경기도,광명시,하안동,30-6,무궁화,어린이공원,37.4647060285,126.8797089758
경기도,용인시,기흥구,보라동 662 일원,보라지구 어린이 공원(그루터기),어린이공원,37.25456977,127.1130308
경기도,용인시,기흥구,보정동 1315,보정제7호 어린이공원(해솔),어린이공원,37.30665039,127.1122681
경기도,용인시,기흥구,보정동 1296,보정제6호 어린이공원(은솔),어린이공원,37.30831743,127.1078708
경기도,용인시,기흥구,보정동 1284,보정제5호 어린이공원(포솔),어린이공원,37.31181472,127.1104082
경기도,용인시,기흥구,보정동 1270,보정제4호 어린이공원(죽현),어린이공원,37.31895551,127.1119257
경기도,용인시,기흥구,보정동 1235,보정제3호 어린이공원(독정),어린이공원,37.31944163,127.1209739
경기도,용인시,기흥구,보정동 1211,보정제2호 어린이공원(꽃메),어린이공원,37.32078513,127.1162285
경기도,용인시,기흥구,보정동 1201,보정제1호 어린이공원(신촌),어린이공원,37.32179999,127.1125141
경기도,용인시,기흥구,보라동 618,보라3어린이공원(구슬치기),어린이공원,37.24941778,127.1072157
경기도,용인시,기흥구,보라동 615,보라2어린이공원(민속놀이),어린이공원,37.25004124,127.1098079
경기도,용인시,기흥구,보라동 592-1,보라1어린이공원(색동저고리),어린이공원,37.25289635,127.1126782
경기도,용인시,기흥구,마북동 639,움찬 어린이공원(마북 제2호),어린이공원,37.30165397,127.119711
경기도,용인시,기흥구,동백동 680,동백제2호 어린이공원(누리),어린이공원,37.28317192,127.1527632
경기도,용인시,기흥구,동백동 655,동백제4호 어린이공원(들샘),어린이공원,37.28249059,127.1560349
경기도,용인시,기흥구,동백동 629,동백제3호 어린이공원(아라),어린이공원,37.28040504,127.1530301
경기도,용인시,기흥구,동백동 609-5,동백제1호 어린이공원(가람),어린이공원,37.28469867,127.1525426
경기도,용인시,기흥구,동백동 594,동백제5호 어린이공원(푸른내),어린이공원,37.28279185,127.1633003
경기도,용인시,기흥구,구갈동 605 일원,제54호 어린이공원(은하수),어린이공원,37.27023022,127.1340681
경기도,용인시,기흥구,신갈동 740 일원,상미숲속 어린이공원(상미마을 113호),어린이공원,37.27172155,127.0993307
경기도,용인시,기흥구,신갈동 159-1,제35호 어린이공원(갈현),어린이공원,37.28152646,127.107443
경기도,용인시,기흥구,서천동 832 일원,서그내내음어린이공원,어린이공원,37.24502836,127.0745696
경기도,용인시,기흥구,서천동 800,서천5어린이공원(꽃내음),어린이공원,37.23930779,127.0751148
경기도,용인시,기흥구,서천동 784,서천4어린이공원(물내음),어린이공원,37.23730085,127.0773485
경기도,용인시,기흥구,서천동 751,서천3어린이공원(풀내음),어린이공원,37.23703829,127.0690586
경기도,용인시,기흥구,서천동 742,서천2어린이공원(희망내음),어린이공원,37.2387687,127.069965
전라남도,나주시,송월동,1096-5,완사천공원,역사공원,35.015395,126.713303
전라남도,나주시,서내동,34,동헌공원,역사공원,35.032953,126.7148993
전라남도,나주시,서내동,77-1,서성벽공원,역사공원,35.032974,126.712677
전라남도,나주시,빛가람동,302,공원,체육공원,35.01874909,126.796973
경기도,수원시,장안구,송죽동 316,만석,근린공원,37.30064243,127.0042635
경기도,수원시,장안구,정자동 869-1,정자,근린공원,37.29766409,126.9883063
경기도,수원시,장안구,연무동 산21-1,퉁소바위,근린공원,37.29133938,127.025709
경기도,수원시,장안구,천천동 575,밤밭,근린공원,37.30059174,126.9758041
경기도,수원시,장안구,천천동 520,샘내,근린공원,37.29576471,126.9819051
경기도,수원시,장안구,하광교동 393-2,광교,근린공원,37.30150454,127.0312636
경기도,수원시,장안구,정자동 947,정자문화공원,문화공원,37.3095764,126.9864004
경기도,수원시,장안구,조원동 198-14,새싹문화공원,문화공원,37.30660898,127.0080955
경기도,수원시,장안구,이목동 519-138,104호수변공원,수변공원,37.31284336,126.982227
경기도,수원시,장안구,정자동 925,5호 체육공원,체육공원,37.29073825,126.986498
경기도,수원시,권선구,권선동 1012,올림픽,근린공원,37.26147267,127.0285798
경기도,수원시,권선구,구운동 464,구운,근린공원,37.27849556,126.976192
경기도,수원시,권선구,권선동 1269,권선중앙,근린공원,37.25138141,127.0311845
경기도,수원시,권선구,권선동 1198,권선,근린공원,37.24998179,127.0234851
경기도,수원시,권선구,고색동 980,오목천,근린공원,37.24105541,126.973141
경기도,수원시,권선구,탑동 746-1,탑동,근린공원,37.27311789,126.9720697
경기도,수원시,권선구,오목천동 1171,오목호수공원,근린공원,37.24815347,126.9645449
경기도,수원시,권선구,평동 45-13,은하수공원,근린공원,37.25632198,126.9943208
경기도,수원시,권선구,고색동 992,솔대,근린공원,37.23618536,126.9817029
경기도,광명시,하안동,702-3,가림,어린이공원,37.4648028941,126.8662895238
경기도,광명시,하안동,597,안현,어린이공원,37.4601073626,126.8724583
경기도,광명시,하안동,650-7,무지개,어린이공원,37.462804898,126.8766834941
경기도,광명시,하안동,650-6,소망,어린이공원,37.4635459619,126.8752602649
경기도,광명시,하안동,682-2,평화,어린이공원,37.4649186076,126.8745057891
경기도,평택시,고덕면,여염리 1650공,여염 근린공원(고덕일반산업단지),근린공원,37.03082,127.055173
경상북도,포항시,북구,흥해읍 망천리 990,흥해벌샘,어린이공원,36.111268,129.3523726978
경상북도,포항시,북구,흥해읍 오도리 88-4,사방기념공원,근린공원,36.163731,129.397824
경상북도,포항시,북구,흥해읍 옥성리 129-6,중앙공원(향교),근린공원,36.1098368169,129.343666107
경상북도,포항시,북구,흥해읍 옥성리 247,흥해청아,어린이공원,36.104199,129.340852
경상북도,포항시,북구,흥해읍 죽천리 702-1,영일만일반산업단지,근린공원,36.092049,129.4154238031
경상북도,포항시,북구,흥해읍 중성리 140-1,흥해중성,어린이공원,36.110253,129.350673
경상북도,포항시,북구,흥해읍 초곡리 1162,흥해심골,어린이공원,36.0981488523,129.3370560971
경상북도,포항시,북구,흥해읍 초곡리 1315,흥해 목장,어린이공원,36.095457469,129.3412117657
경상북도,포항시,북구,흥해읍 초곡리 1493,초곡공원,근린공원,36.094010576,129.3368882619
경상북도,포항시,북구,흥해읍 초곡리 1511,초곡소공원,소공원,36.0925810431,129.3389182424
경상북도,포항시,북구,흥해읍 초곡리 1672,흥해 새마을,어린이공원,36.0923969276,129.3322486132
경상북도,포항시,북구,흥해읍 초곡리 1756,초곡1공원,근린공원,36.0990039,129.3316834289
서울특별시,중랑구,망우동,산69-1,용마산근린공원,근린공원,37.59689152,127.102662
서울특별시,중랑구,묵동,산 46-19,봉화산근린공원,근린공원,37.60899267,127.0868214
서울특별시,중랑구,신내동,652,신내공원,근린공원,37.613749,127.089209
서울특별시,중랑구,신내동,315-5,신내어울공원,근린공원,37.61398523,127.0986292
서울특별시,중랑구,신내동,317-2,능산공원,근린공원,37.611635,127.0973915
충청남도,예산군,예산읍,예산리 772,예산22(22호소공원),소공원,36.68191856,126.8462937
충청남도,예산군,예산읍,예산리 778,예산21(21호소공원),소공원,36.67978244,126.8440027
충청남도,예산군,예산읍,예산리 802,예산18(18호소공원),소공원,36.67939916,126.8431662
충청남도,예산군,예산읍,예산리 803,예산19(19호소공원),소공원,36.67881211,126.8430627
충청남도,예산군,예산읍,예산리 산13-1,예산1(중앙공원),근린공원,36.683274,126.8420678
충청남도,예산군,예산읍,창소리 103-1,예산2(창소공원),근린공원,36.725607,126.835862
충청남도,예산군,예산읍,창소리 277-5,예산7(상록공원),어린이공원,36.73161503,126.8409217
충청남도,예산군,예산읍,향천리 산68,예산12(삽티공원),근린공원,36.67879085,126.8568495
충청남도,예산군,응봉면,주령리 410,삽교12(12호소공원),소공원,36.67060203,126.7595288
충청남도,예산군,응봉면,증곡리 529,비도시2(문화공원),문화공원,36.6617464,126.7709897
충청남도,천안시,동남구,다가동 377-1,일봉공원(다가2),어린이공원,36.799578,127.135897
충청남도,천안시,동남구,다가동 391-1,다가공원(다가1),어린이공원,36.79987952,127.141273
충청남도,천안시,동남구,다가동 409-9,다가말공원(다가3),어린이공원,36.798055,127.1382083
충청남도,천안시,동남구,다가동 462-45,천안천공원,어린이공원,36.795578,127.150311
충청남도,천안시,동남구,봉명동 209-3,봉명공원(봉명1),어린이공원,36.806315,127.1348294
충청남도,천안시,동남구,봉명동 255,개목공원(봉명2),어린이공원,36.816309,127.132185
충청남도,천안시,동남구,봉명동 426,솔모루공원(봉명5),어린이공원,36.813383,127.132782
충청남도,천안시,동남구,봉명동 492,봉서공원(봉명3),어린이공원,36.811879,127.131446
충청남도,천안시,동남구,사직동 284-39,남산공원,근린공원,36.799908,127.149293
충청남도,천안시,동남구,삼룡동 291-4,삼거리공원,근린공원,36.784216,127.1677013
전북특별자치도,전주시,덕진구,송천동2가 377-66,에코시티4호,소공원,35.8769132,127.114948
전북특별자치도,전주시,덕진구,송천동2가 377-66,에코시티5호,소공원,35.8769132,127.114948
전북특별자치도,전주시,덕진구,송천동2가 377-66,에코시티6호,소공원,35.8769132,127.114948
전북특별자치도,전주시,덕진구,송천동2가 377-66,에코시티9호,소공원,35.8769132,127.114948
전북특별자치도,전주시,덕진구,송천동2가 1293-86,백석공원,근린공원,35.88165646,127.1241909
전북특별자치도,전주시,덕진구,송천동2가 1316,세병공원,근린공원,35.87592143,127.1320572
전북특별자치도,전주시,덕진구,송천동2가 1339,붓내공원,근린공원,35.87140771,127.1296104
경기도,용인시,기흥구,서천동 735,서천1어린이공원(소리내음),어린이공원,37.23989746,127.0740516
경기도,용인시,기흥구,상하동 676 일원,제95호 어린이공원(지석1),어린이공원,37.26938313,127.1372066
경기도,용인시,기흥구,상하동 678 일원,제96호 어린이공원(지석2),어린이공원,37.26817703,127.1381999
경기도,용인시,기흥구,상하동 631,제86호 어린이공원(한아름),어린이공원,37.27365466,127.1367754
경기도,용인시,기흥구,상갈동 481-2,제63호 어린이공원(금화3),어린이공원,37.26195094,127.1066298
경기도,용인시,기흥구,상갈동 470,제66호 어린이공원(동아리),어린이공원,37.26510209,127.1059677
경기도,용인시,기흥구,상갈동 465 일원,제65호 어린이공원(농골),어린이공원,37.26141073,127.1088685
경기도,용인시,기흥구,상갈동 461-2,제64호 어린이공원(금화1),어린이공원,37.26360991,127.1092521
경기도,용인시,기흥구,상갈동 455,제62호 어린이공원(금화5),어린이공원,37.26696976,127.1101624
경기도,용인시,기흥구,상갈동 102-5,제101호 어린이공원(상갈),어린이공원,37.26763322,127.1058181
경기도,용인시,기흥구,영덕동 1222,흥덕6어린이공원(작은곰별자리),어린이공원,37.28050875,127.0792675
경기도,용인시,기흥구,영덕동 1133-2,흥덕1어린이공원(물병자리),어린이공원,37.27245381,127.0933594
경기도,용인시,기흥구,영덕동 1105-1 일원,흥덕2어린이공원(페가수스자리),어린이공원,37.2731734,127.0888918
경기도,용인시,기흥구,영덕동 1075,흥덕3어린이공원(양별자리),어린이공원,37.27207995,127.0828794
경기도,용인시,기흥구,영덕동 1045-4,흥덕4어린이공원(황소별자리),어린이공원,37.27105005,127.0802704
경기도,용인시,기흥구,언남동 504,하마비마을 어린이공원(제106호),어린이공원,37.29440243,127.1251503
경기도,용인시,기흥구,언남동 512,꿈날개 어린이공원,어린이공원,37.29358107,127.1255448
경기도,용인시,기흥구,신갈동 708,제29호 어린이공원(녹원),어린이공원,37.28908945,127.1106634
경기도,용인시,기흥구,신갈동 704,제30호 어린이공원(새천년),어린이공원,37.2888855,127.1143105
경기도,용인시,기흥구,신갈동 692,제31호 어린이공원(달빛),어린이공원,37.28911459,127.1172802
경기도,용인시,기흥구,신갈동 735,해늘 어린이공원(상미마을 112호),어린이공원,37.27591391,127.0990906
경기도,용인시,기흥구,신갈동 44-8,제46호 어린이공원(신갈),어린이공원,37.2742375,127.1077211
경기도,용인시,기흥구,신갈동 397-13,제41호 어린이공원(양지마을),어린이공원,37.27665908,127.101759978
경기도,용인시,기흥구,신갈동 33-4,제45호 어린이공원(신갈중앙),어린이공원,37.27622109,127.1086092
경기도,용인시,기흥구,신갈동 2,제43호 어린이공원(동오),어린이공원,37.27929153,127.1074711
경기도,용인시,기흥구,신갈동 166-1 일원,제33호 어린이공원(새릉골),어린이공원,37.286062,127.1121498
경기도,용인시,기흥구,신갈동 165-1,제32호 어린이공원(도현),어린이공원,37.28565407,127.1081922
경기도,용인시,기흥구,중동 957,동백제8호 어린이공원(해거름),어린이공원,37.27058334,127.1570857
경기도,용인시,기흥구,중동 938,동백제7호 어린이공원(나래),어린이공원,37.27213554,127.1591357
경기도,용인시,기흥구,중동 884-1,동백제13호 어린이공원(꽃내),어린이공원,37.27670773,127.1601619
경기도,용인시,기흥구,중동 873,동백제6호 어린이공원(마루),어린이공원,37.27699686,127.1562897
경기도,용인시,기흥구,중동 1140 일원,중동어린이공원,어린이공원,37.2777852,127.1466099
경기도,용인시,기흥구,중동 1104,거인발자국(동진원제3호)어린이공원,어린이공원,37.28044942,127.1443113
경기도,용인시,기흥구,중동 1101-1,오르막내리막(동진원제2호)어린이공원,어린이공원,37.28279847,127.1475996
경기도,용인시,기흥구,중동 1097,동진원제1호어린이공원,어린이공원,37.28505075,127.1423936
경기도,용인시,기흥구,중동 1083,제90호 어린이공원(풀향기),어린이공원,37.27793989,127.144758
경기도,용인시,기흥구,중동 1082,제91호 어린이공원(어정),어린이공원,37.27722468,127.145632
경기도,용인시,기흥구,중동 1049-1,동백제10호 어린이공원(다솜),어린이공원,37.2658892,127.1565947
경기도,용인시,기흥구,중동 1044-1,동백제12호 어린이공원(해울),어린이공원,37.26185461,127.1610014
경기도,용인시,기흥구,중동 1010-1,동백제11호 어린이공원(아띠),어린이공원,37.26371311,127.1604012
경기도,용인시,기흥구,영덕동 998-1,흥덕5어린이공원(쌍둥이별자리),어린이공원,37.27309177,127.0716314
경기도,용인시,기흥구,영덕동 915,제59호 어린이공원(진달래),어린이공원,37.26931732,127.0755211
경기도,용인시,기흥구,영덕동 934,제58호 어린이공원(개나리),어린이공원,37.26780398,127.0774768
경기도,용인시,기흥구,영덕동 1268 일원,함박웃음 어린이공원(하갈지구),어린이공원,37.26628175,127.0948179
경기도,용인시,처인구,모현읍 왕산리 949,제107호 모현어린이공원,어린이공원,37.33393818,127.2538619
경기도,용인시,처인구,마평동 758-3,제85호 마평어린이공원,어린이공원,37.23486122,127.2163746
경기도,용인시,처인구,남사읍 완장리 945-2,남사아곡 제1호 어린이공원(한숲꽃내음),어린이공원,37.16022317,127.1753800418
경기도,용인시,처인구,남사읍 완장리 949-2,남사아곡 제2호 어린이공원(한숲 무지개),어린이공원,37.15717207,127.1725576
경기도,용인시,처인구,남사읍 아곡리 692,남사아곡 제3호 어린이공원(한숲 물내음),어린이공원,37.15256329,127.1693456
경기도,용인시,처인구,김량장동 503-2,제84호 아리랑어린이공원,어린이공원,37.23247099,127.1969343
경기도,용인시,처인구,김량장동 351,제80호 별학어린이공원,어린이공원,37.23201947,127.2009722
경기도,용인시,처인구,김량장동 340,제81호 처인어린이공원,어린이공원,37.23419894,127.2026555
경기도,용인시,처인구,김량장동 320,제79호 수여어린이공원,어린이공원,37.23595682,127.198824
경기도,용인시,처인구,김량장동 291-1,제78호 반디어린이공원,어린이공원,37.23552717,127.1953665
경기도,용인시,처인구,고림동 389-1 일원,꽃구름 어린이공원(제100호),어린이공원,37.25145552,127.226013
경기도,용인시,기흥구,청덕동 566 일원,구성5어린이공원(산마을),어린이공원,37.29323481,127.1528585
경기도,용인시,기흥구,청덕동 536 일원,구성1어린이공원(하늘마을),어린이공원,37.29082581,127.1434466
경기도,용인시,기흥구,청덕동 514 일원,구성2어린이공원(바람마을),어린이공원,37.29430479,127.1464414
경기도,용인시,기흥구,청덕동 500 일원,구성4어린이공원(숲속마을),어린이공원,37.2961572,127.1523997
경기도,용인시,기흥구,청덕동 489 일원,구성3어린이공원(땅마을),어린이공원,37.29781744,127.1509958
경기도,용인시,기흥구,중동 963,동백제9호 어린이공원(해음),어린이공원,37.26704233,127.1584114
경기도,용인시,수지구,풍덕천동 85-9,풍덕소공원,소공원,37.32270597,127.1012713
경기도,용인시,처인구,포곡읍 삼계리 671-25 일원,경안천벚길 어린이공원(제99호),어린이공원,37.28797374,127.2332122
경기도,용인시,처인구,포곡읍 둔전리 450 일원,제105호 포곡어린이공원,어린이공원,37.27292155,127.2217992
경기도,용인시,처인구,포곡읍 둔전리 139-4 일원,늘봄 어린이공원(제56호 어린이공원),어린이공원,37.2692232,127.2188945
경기도,용인시,처인구,포곡읍 전대리 591,꿈빛(제39호)어린이공원,어린이공원,37.28165195,127.2202197
충청북도,청주시,서원구,산남동 221-1,원흥이,기타,36.613344,127.468445
충청북도,청주시,청원구,내덕동 646-4,미덕,어린이공원,36.65741935,127.4822518
충청북도,청주시,흥덕구,문암동 186,164,어린이공원,36.672169,127.448467
충청북도,청주시,흥덕구,송절동 348,97호공원,근린공원,36.393456,127.271818
충청북도,청주시,흥덕구,송절동 302,191호공원,근린공원,36.394241,127.277221
충청북도,청주시,흥덕구,송절동 283-1,99호공원,근린공원,36.394611,127.271737
충청북도,청주시,흥덕구,송절동 348,100호공원,근린공원,36.393398,127.271802
충청북도,청주시,흥덕구,송절동 521,163,어린이공원,36.668699,127.445266
충청북도,청주시,흥덕구,송절동 188,165,어린이공원,36.673873,127.457076
경상북도,칠곡군,동명면,구덕리 415,송림공원,수변공원,35.983928,128.567842
전라남도,광양시,광양읍,덕례리 1667,4호,기타,34.9661912933,127.5691870198
전라남도,광양시,옥곡면,신금리 1507-23,19호,기타,34.97285284,127.7257814
전라남도,광양시,광양읍,읍내리 202-2,25호,기타,34.976795,127.586196
전라남도,광양시,광양읍,인동리 375-2,교통광장,기타,34.97455065,127.5889006056
전라남도,광양시,진상면,비평리 353,백학광장,기타,35.0448708212,127.7205694198
전라남도,광양시,광양읍,"목성리 737,738-3",소공원,기타,34.97407253,127.5914749
전라남도,광양시,옥곡면,신금리 917-1,장동폐도부지체육공원,기타,34.98446897,127.7085791
전라남도,광양시,진상면,섬거리 97-3,수어댐하류시민공원,기타,35.03224789,127.7207181
전라남도,광양시,광양읍,인서리 114,인서소공원,기타,34.97233835,127.5851426
전라남도,광양시,옥곡면,신금리 1598,신금산단,소공원,34.9755343242,127.7183245185
전라남도,광양시,광양읍,목성리 988-2,목성소공원,소공원,34.9778409101,127.5911303344
경기도,화성시,석우동,4,동탄14호 근린공원(돌모루공원),근린공원,37.2241497,127.0765656
경기도,화성시,능동,1097-1,동탄1호 어린이공원,어린이공원,37.21653225,127.0563187
경기도,화성시,능동,1166,동탄2호 어린이공원,어린이공원,37.19820666,127.0515766
경기도,화성시,반송동,153,동탄3호 어린이공원,어린이공원,37.19270248,127.0665988
경기도,화성시,반송동,175-2,동탄4호 어린이공원,어린이공원,37.18810252,127.0700424
경기도,화성시,반송동,119,동탄5호 어린이공원(옹달샘공원),어린이공원,37.19750418,127.0766045
경기도,화성시,석우동,14-1,동탄6호 어린이공원,어린이공원,37.22446674,127.0748423
경기도,화성시,능동,1282-1,능동지구 제3호어린이공원,어린이공원,37.20144887,127.0486924
경기도,화성시,능동,1283-3,능동지구 제4호어린이공원,어린이공원,37.20157955,127.0481298
경기도,화성시,석우동,45-5,석우리천 공원,수변공원,37.21616129,127.0852301
경기도,화성시,능동,1221-1,능동 쌈지공원,기타(쌈지공원),37.21262377,127.0550892
경기도,화성시,석우동,65,석우동 쌈지공원,기타(쌈지공원),37.22496802,127.0738277
경기도,화성시,능동,1106,인곡1 저류지 (저류지1호),기타(저류지),37.2140788,127.0543215
경기도,화성시,능동,1172,능리 저류지 (저류지2호),기타(저류지),37.19704636,127.0507194
경기도,화성시,석우동,1-8,한반 저류지 (저류지3호),기타(저류지),37.22524949,127.0721266
충청북도,청주시,서원구,산남동 1096,샛별,어린이공원,36.609087,127.472419
충청북도,청주시,서원구,분평동 1361,은하수,어린이공원,36.361567,127.295068
경기도,평택시,서정동,201-7 201-8,서정 근린공원,근린공원,37.063181,127.060854
경기도,평택시,이충동,산81-1,석정 근린공원,근린공원,37.056071,127.061922
경기도,평택시,지산동,산 182-3,송탄 근린공원,근린공원,37.078655,127.059925
경기도,평택시,칠원동,313-1,수촌 근린공원(수촌지구),근린공원,37.01944,127.109343
경기도,평택시,신장동,370-2,신장 근린공원,근린공원,37.085894,127.051198
경기도,평택시,칠원동,산36-36,신촌 새말 근린공원(신촌지구 동부 101호),근린공원,37.024067,127.104973
경기도,오산시,수청동,15-3,수청어린이공원,어린이공원,37.165851,127.068351
경기도,오산시,수청동,522,궐동어린이1공원,어린이공원,37.163845,127.060207
경상북도,포항시,북구,창포동 645-6,창포제비,어린이공원,36.067161,129.370882
경상북도,포항시,북구,창포동 648-1,창포하나,어린이공원,36.066912,129.370731
경상북도,포항시,북구,창포동 658,창포 메트로,어린이공원,36.0690804099,129.3677128559
경상북도,포항시,북구,창포동 659,창포 두호초,어린이공원,36.0648158392,129.3680289489
경상북도,포항시,북구,창포동 660,창포메트로시티,소공원,36.0638906752,129.3676839424
경상북도,포항시,북구,항구동 344-6,항구영일대,어린이공원,36.056928,129.375233
경상북도,포항시,북구,환호동 490,환호숲속,어린이공원,36.073531937,129.398356
경상북도,포항시,북구,환호동 495-1,환호신촌,어린이공원,36.071745,129.398257
경상북도,포항시,북구,환호동 514,환호해맞이,어린이공원,36.069182,129.399512
경상북도,포항시,북구,환호동 산56-1,환호공원,근린공원,36.066471291,129.390252
경상북도,포항시,북구,흥해읍 남성리 299-5,남성7,어린이공원,36.1073347,129.3486238
경상북도,포항시,북구,흥해읍 남성리 327,흥해남산,어린이공원,36.106342,129.3458158569
충청북도,청주시,서원구,분평동 1210,원평,어린이공원,36.363181,127.292507
충청북도,청주시,서원구,분평동 1203,푸른,어린이공원,36.363516,127.293366
충청북도,청주시,서원구,분평동 1201,옹달샘,어린이공원,36.363501,127.294688
충청북도,청주시,서원구,분평동 1248,분평,어린이공원,36.362389,127.291673
충청북도,청주시,서원구,분평동 1256,새마루,어린이공원,36.362394,127.293906
충청북도,청주시,서원구,분평동 1260,파랑새,어린이공원,36.363021,127.294787
충청북도,청주시,서원구,분평동 1262,까치,어린이공원,36.362061,127.294909
충청북도,청주시,서원구,분평동 1388,새뜸,어린이공원,36.361648,127.292397
충청북도,청주시,서원구,분평동 1367,샛별,어린이공원,36.361332,127.293358
경기도,평택시,진위면,봉남리 산22-1,봉남 근린공원,근린공원,37.105507,127.092851
경기도,평택시,이충동,279-1,부락산분수 근린공원,근린공원,37.065121,127.067652
경기도,평택시,칠원동,산56,상서재 근린공원(동삭2지구),근린공원,37.022294,127.098857
경기도,평택시,칠원동,산63,상서재서초 근린공원(동삭2지구),근린공원,37.035098,127.105155
경기도,오산시,누읍동,623,누읍어린이공원,어린이공원,37.141516,127.0536699583
경상남도,양산시,물금읍,범어리 2768-1,수학체험공원,근린공원,35.3191030809,129.007082553
경상남도,밀양시,내일동,35-10,무봉공원,근린공원,35.49283782,128.7594136
경상남도,밀양시,삼문동,15-48,유환공원,근린공원,35.48628934,128.7570241
경상남도,밀양시,내이동,1179-5,내이동 제1공원,어린이공원,35.4997751,128.7435411
경상남도,밀양시,내이동,1202-4,내이동 제2공원,어린이공원,35.4971803,128.7444954
경상남도,밀양시,하남읍,수산리 489-38,수산공원,어린이공원,35.3767823,128.7115543
경상남도,밀양시,상남면,기산리 1477,공원,어린이공원,35.45669622,128.7504345
경상남도,밀양시,내이동,302,내이동 제3공원,어린이공원,35.5062049,128.7359564
경상남도,밀양시,내이동,1556-3,내이동 제5공원,어린이공원,35.5012014,128.7448069
경상남도,밀양시,내이동,1583-6,내이동 제6공원,어린이공원,35.5008012,128.7485361
경상남도,밀양시,내이동,1575-5,내이동 제7공원,어린이공원,35.49746243,128.7478125
경상남도,밀양시,내이동,1532-3,내이동 제4공원,어린이공원,35.5040676,128.743644
경상남도,밀양시,내이동,1517-3,내이동 제8공원,어린이공원,35.5045292,128.7393202
경상북도,포항시,북구,장성동 1436-1,장성장흥초,어린이공원,36.078089,129.394663
경상북도,포항시,북구,장성동 1444-7,장성해맞이,어린이공원,36.0738140668,129.389559
경상북도,포항시,북구,장성동 1460-1,장성낙천대,어린이공원,36.076698143,129.387067
경상북도,포항시,북구,장성동 1501-1,장성삼도,어린이공원,36.087161,129.383343
경상북도,포항시,북구,장성동 1512-1,장성서당,어린이공원,36.084684,129.383965
경상북도,포항시,북구,장성동 1518-2,장성장량성당,어린이공원,36.083759,129.3813069541
경상북도,포항시,북구,장성동 1531-1,장성근린,근린공원,36.080795775,129.3808281596
경상북도,포항시,북구,장성동 1540-8,장성드림,어린이공원,36.079704,129.383623
경상북도,포항시,북구,장성동 1551-9,장성경성,어린이공원,36.078563,129.3833075345
경상북도,포항시,북구,장성동 1566-8,장성준양,어린이공원,36.076326,129.384252
경상북도,포항시,북구,장성동 1570-1,장성두산,어린이공원,36.0769974104,129.3814186953
경상북도,포항시,북구,장성동 1588-7,장성침촌,어린이공원,36.080108,129.379056
경상북도,포항시,북구,장성동 866-68,두호7,어린이공원,36.066363689,129.3771219996
경상북도,포항시,북구,죽도동 105,죽도죽파,어린이공원,36.027493,129.3620986
경상북도,포항시,북구,죽도동 195-6,죽도서부,어린이공원,36.029631,129.3595108
경상북도,포항시,북구,죽도동 601-6,죽도토끼,어린이공원,36.026627,129.357187
경상북도,포항시,북구,죽도동 626-10,죽도오광장,어린이공원,36.022597,129.356464
경상북도,포항시,북구,죽도동 663-10,죽도칠성,어린이공원,36.020313,129.350412
경상북도,포항시,북구,죽도동 673-1,죽도중섬,어린이공원,36.0170960197,129.354862
경상북도,포항시,북구,죽도동 713,죽도세명,어린이공원,36.015546,129.350419
경상북도,포항시,북구,창포동 618-5,창포빗물,어린이공원,36.0628788645,129.369252
경상북도,포항시,북구,창포동 622,창포창흥,어린이공원,36.0622046017,129.366697702
경상북도,포항시,북구,창포동 632,창포두호장터,어린이공원,36.062329,129.369377
경상북도,포항시,북구,창포동 645-10,창포주공중앙,어린이공원,36.065874,129.369916
경상북도,포항시,북구,창포동 645-3,창포초,어린이공원,36.067645,129.368771
경상북도,영주시,순흥면,지동리 544-4,봉서루공원,역사공원,36.89988008,128.579378
서울특별시,동작구,대방동,362-11,제비,어린이공원,37.506438,126.925844
서울특별시,동작구,상도동,산75,상도,근린공원,37.49321807,126.9384079
서울특별시,동작구,노량진동,225-291,노량진,근린공원,37.509371,126.943688
서울특별시,동작구,본동,"산3-9일대, 흑석동 141-2일대",용봉정,근린공원,37.511663,126.958792
서울특별시,동작구,사당동,산24-17,현충,근린공원,37.48538566,126.9757312
서울특별시,동작구,노량진동,155-1,사육신,역사공원,37.51345628,126.9494127
서울특별시,동작구,상도동,426,꿈동산,어린이공원,37.50336478,126.9543235
서울특별시,동작구,상도1동,424,해님,어린이공원,37.5015852,126.951273
서울특별시,동작구,상도4동,211-415,별님,어린이공원,37.498885,126.944953
서울특별시,동작구,사당동,산32,삼일,근린공원,37.483419,126.966736
서울특별시,동작구,사당동,1028-1,까치,어린이공원,37.48053895,126.979537
서울특별시,동작구,흑석동141-2일대,,까치산,근린공원,37.51066813,126.9627656
서울특별시,동작구,신대방동,492-222외 1,은하수,어린이공원,37.494528,126.912513
서울특별시,동작구,상도동,380-2,장미,어린이공원,37.49366825,126.936031
서울특별시,동작구,사당동,316-23,노루,어린이공원,37.48182555,126.974225
서울특별시,동작구,사당동,316-33,새싹,어린이공원,37.479905,126.973124
서울특별시,동작구,사당동,300-26,꿈돌이,어린이공원,37.48033513,126.9699916
서울특별시,동작구,사당동,1000,동산,어린이공원,37.47945513,126.9697982
서울특별시,동작구,사당동,1000-13,토끼,어린이공원,37.47817735,126.970241
서울특별시,동작구,대방동,414-29 외 5,참새,어린이공원,37.498336,126.921885
서울특별시,동작구,사당동,316-37,양지,어린이공원,37.4798868,126.974021
서울특별시,동작구,상도동,335-141,새벽,어린이공원,37.50092249,126.930155
서울특별시,동작구,상도동,299-193,옹달샘,어린이공원,37.49518283,126.929617
서울특별시,동작구,동작동,326외 1,동작주차,근린공원,37.503828,126.977294
서울특별시,동작구,사당동,1144,샛별,어린이공원,37.48740186,126.965401
서울특별시,동작구,사당동,233-12,반달,어린이공원,37.48355007,126.967932
서울특별시,동작구,사당동,산32-76,늘푸른,어린이공원,37.48244858,126.9690493
경상남도,창원시,마산회원구,내서읍 용담리 214-4,소공원84,소공원,35.264937,128.505553
경상남도,창원시,마산회원구,내서읍 평성리 55,근린공원93,근린공원,35.259229,128.540392
경상남도,창원시,마산회원구,내서읍 안성리 694,소공원110,소공원,35.2598201858,128.545472
경상남도,창원시,마산회원구,내서읍 평성리 553-3,체육공원8,체육공원,35.263377,128.531267
경상남도,창원시,마산회원구,회원동 499-7,어린이공원239,어린이공원,35.218377,128.567229
경상남도,창원시,마산회원구,두척동 260-1,근린공원96,근린공원,35.235373,128.550391
경상남도,창원시,마산회원구,회성동 125,근린공원97,근린공원,35.231837,128.556566
경상남도,창원시,마산회원구,석전동 130-1,근린공원98,근린공원,35.228152,128.565461
경상남도,창원시,마산회원구,회성동 391,어린이공원242,어린이공원,35.234519,128.552619
경상남도,창원시,마산회원구,회성동 487,어린이공원243,어린이공원,35.2307498598,128.561585
경상남도,창원시,마산회원구,석전동 194-3,어린이공원244,어린이공원,35.229464,128.564961
경상남도,창원시,마산회원구,두척동 453-2,소공원125,소공원,35.238042,128.541302
경상남도,창원시,마산회원구,두척동 918-1,체육공원9,체육공원,35.237167,128.537859
경상남도,창원시,진해구,풍호동 23,풍호공원,근린공원,35.135380116,128.713222
경상남도,창원시,진해구,제황산동 28-5,제황산공원,근린공원,35.147604,128.664374
경상남도,창원시,진해구,태백동 산84-17,장복산공원,근린공원,35.172094,128.657111
경상남도,창원시,진해구,서중동 산51-1,웅천묘지 공원,묘지공원,35.107853,128.729263
경상남도,창원시,진해구,이동 622-9,어린이공원37,어린이공원,35.149819,128.692328
경상남도,창원시,진해구,이동 614-5,어린이공원38,어린이공원,35.150135,128.6953003219
경상남도,창원시,진해구,풍호동 802,어린이공원40,어린이공원,35.136976,128.707561
경상남도,창원시,진해구,풍호동 76-2,어린이공원41,어린이공원,35.136351,128.712073
경상남도,창원시,진해구,석동 90-4,어린이공원42,어린이공원,35.151118,128.704008
경상남도,창원시,진해구,석동 182,자은공원,근린공원,35.153001,128.7051399202
경상남도,창원시,진해구,석동 216,어린이공원49,어린이공원,35.155899,128.701481
경상남도,창원시,진해구,석동 86,어린이공원50,어린이공원,35.152908,128.700967
경상남도,창원시,진해구,자은동 903-2,어린이공원51,어린이공원,35.149847,128.705992
경상남도,창원시,진해구,자은동 977-2,어린이공원52,어린이공원,35.153336,128.7091099287
경상남도,창원시,진해구,석동 113-3,어린이공원53,어린이공원,35.150681,128.705773
전라남도,광양시,광양읍,덕례리 1667,덕례5,소공원,34.9661912933,127.5691870198
전라남도,광양시,광양읍,용강리 886-1,용강1,어린이공원,34.97663378,127.6082848
전라남도,광양시,광양읍,용강리 867,용강2,어린이공원,34.9732617666,127.6075024161
전라남도,광양시,광양읍,용강리 875-1,용강3,소공원,34.97124102,127.6076642
전라남도,광양시,광양읍,용강리 900-4,용강4,어린이공원,34.97053318,127.6118291
전라남도,광양시,광양읍,용강리 917,용강5,어린이공원,34.96916457,127.6095139
경기도,평택시,고덕면,좌교리 산35-4임,13호 근린공원(고덕국제화지구 좌교리),근린공원,37.044113,127.032301
경기도,평택시,고덕면,해창리 361-1전,14호 근린공원(고덕국제화지구  해창리),근린공원,37.032926,127.019145
경기도,평택시,서정동,608-2답,2호 근린공원(고덕국제화지구 서정동),근린공원,37.072141,127.042956
경기도,평택시,고덕면,당현리 457답,3호 근린공원(고덕국제화지구 당현리),근린공원,37.059962,127.034466
경기도,평택시,고덕면,두릉리 산32-5임,4호 근린공원(고덕국제화지구 두릉리),근린공원,37.05882,127.021191
경기도,평택시,고덕면,율포리 512-6잡,5호 근린공원(고덕국제화지구 율포리),근린공원,37.051142,127.019873
경기도,평택시,고덕면,좌교리 433-52전,6호 근린공원(고덕국제화지구 좌교리),근린공원,37.046797,127.018503
경기도,평택시,고덕면,두릉리 576임,7호 근린공원(고덕국제화지구 두릉리),근린공원,37.053903,127.017266
경기도,평택시,고덕면,두릉리 547-1번,8호 근린공원(고덕국제화지구 두룡리),근린공원,37.050157,127.015155
경기도,평택시,고덕면,율포리 539-5장,9호 근린공원(고덕국제화지구 율포리),근린공원,37.047085,127.014586
경기도,평택시,진위면,청호리 367,LG Digital Park일반산업단지 근린공원,근린공원,37.128946,127.091568
경기도,평택시,진위면,가곡리 70-1,가곡 근린공원,근린공원,37.11258,127.08718
경기도,평택시,진위면,갈곶리 118,갈곶 근린공원(진위제2산업단지),근린공원,37.12396,127.079289
경기도,평택시,진위면,견산리 산9임,견산 근린공원,근린공원,37.107238,127.077771
경기도,평택시,고덕면,궁리 산32,궁2리 근린공원(궁리2지구),근린공원,37.022288,127.035645
경기도,평택시,모곡동,444,모곡 근린공원,근린공원,37.035404,127.075836
경기도,평택시,이충동,662,반지산(돌산) 근린공원,근린공원,37.058844,127.064732
경기도,평택시,고덕면,여염리 1683공,봉골 근린공원(고덕일반산업단지),근린공원,37.026177,127.063527
경기도,평택시,현덕면,화양리 816,제4호 어린이공원(봉남리),어린이공원,36.968345,126.904173
경기도,평택시,안중읍,현화리 859,제4호 어린이공원(브레인시티),어린이공원,36.983129,126.926768
경기도,평택시,청북면,옥길리 1108,조개터 1호 어린이공원,어린이공원,37.024696,126.913794
경기도,평택시,청북면,옥길리 1056-3,조개터2호 어린이공원,어린이공원,37.024696,126.913794
경기도,평택시,포승읍,도곡리 1147,좌동 어린이공원,어린이공원,36.987462,126.846321
경기도,평택시,안중읍,현화리 820-5 820-7 551-8,좌울 어린이공원(동부 78호),어린이공원,36.986918,126.919066
경기도,평택시,청북면,옥길리 1073,지산 어린이공원,어린이공원,37.024696,126.913794
경기도,평택시,청북면,옥길리 1148,지산이주단지 어린이공원,어린이공원,37.024696,126.913794
경기도,평택시,안중읍,현화리 840-2,지장 어린이공원,어린이공원,36.981111,126.924214
경기도,평택시,청북면,옥길리 1099,청솔 어린이공원,어린이공원,37.024696,126.913794
경기도,평택시,청북면,옥길리 1092,추팔 어린이공원,어린이공원,37.016615,126.925231
경기도,평택시,청북면,옥길리 1164,충혼 어린이공원,어린이공원,37.028514,126.911493
경기도,평택시,안중읍,현화리 824-4,통미 어린이공원,어린이공원,36.982991,126.918873
경기도,평택시,안중읍,안중리 96-8,통복 어린이공원,어린이공원,36.98682,126.935346
경기도,평택시,안중읍,송담리 660,팽성 어린이공원,어린이공원,36.978327,126.931769
경기도,평택시,안중읍,송담리 862,팽송 어린이공원,어린이공원,36.981261,126.929213
경기도,평택시,안중읍,송담리 222,평일 어린이공원,어린이공원,36.982318,126.939276
경기도,평택시,안중읍,송담리 266-4,포스코더샵 어린이공원,어린이공원,36.981114,126.933441
경기도,평택시,현덕면,인광리 414,풍물 제2호 어린이공원(모산영신지구),어린이공원,36.961983,126.918816
경기도,평택시,현덕면,권관리 796-6,풍진 어린이공원(폐지),어린이공원,36.926889,126.906183
경기도,평택시,포승읍,도곡리 1134,하늘 어린이공원(소사벌택지 7호),어린이공원,36.98999,126.844522
경기도,평택시,청북면,옥길리 1160,하서재 어린이공원(서재지구 76호),어린이공원,37.019934,126.909408
전라남도,광양시,광양읍,덕례리 1781-1,덕산,어린이공원,34.96723167,127.5632445
울산광역시,중구,복산동,368-40,느을골공원,소공원,35.564915,129.3299976
울산광역시,중구,교동,60,두리공원,소공원,35.564421,129.315853
울산광역시,중구,교동,106-2,금강공원,소공원,35.563271,129.316384
울산광역시,중구,서동,583-2,사열사공원,소공원,35.58230883,129.3360177
울산광역시,중구,반구동,683,동천공원,소공원,35.5541552,129.3484855
울산광역시,중구,복산동,492-6,계비공원,소공원,35.558868,129.328479
울산광역시,중구,약사동,1108-4,부평역공원,소공원,35.56971465,129.336818
전북특별자치도,전주시,덕진구,만성동 1339-18,만성문화,문화공원,35.84938801,127.079261
전북특별자치도,전주시,덕진구,인후동1가 176-22,종광대,소공원,35.8308589,127.1513332
전북특별자치도,전주시,덕진구,만성동 398-20,만성어린 3,어린이공원,35.8451605,127.0783565
전북특별자치도,전주시,덕진구,동산동 571-41,동산구역,소공원,35.86992524,127.0792306
전북특별자치도,전주시,덕진구,만성동 1168-8,서찰방공원,소공원,35.8343406,127.067871
전북특별자치도,전주시,덕진구,만성동 1174-3,찰방공원,어린이공원,35.83393617,127.0696925
전북특별자치도,전주시,덕진구,중동 783-4,오정공원,어린이공원,35.834749,127.0605874
전북특별자치도,전주시,덕진구,진북동 1022-10,느티나무공원,어린이공원,35.8283609,127.1349598
전북특별자치도,전주시,덕진구,진북동 339-6,건산공원,어린이공원,35.8318687,127.1425954
전북특별자치도,전주시,덕진구,장동 1065,원장동공원,근린공원,35.84130384,127.0555798
전북특별자치도,전주시,덕진구,만성동 962,만성지구 2,근린공원,35.8351751,127.0712343
전북특별자치도,전주시,덕진구,장동 1073-1,엽순공원,근린공원,35.8430173,127.0607347
전북특별자치도,전주시,덕진구,송천동 97-8,송천유남공원,소공원,35.8634308,127.130367
전북특별자치도,전주시,덕진구,송천동2가 1346,에코시티7호,소공원,35.87470624,127.1399388
전북특별자치도,전주시,덕진구,송천동2가 1365-4,에코시티8호,소공원,35.87145141,127.1394612
전북특별자치도,전주시,덕진구,송천동2가 377-66,에코시티1호,소공원,35.8769132,127.114948
전북특별자치도,전주시,덕진구,송천동2가 377-66,에코시티2호,소공원,35.8769132,127.114948
전북특별자치도,전주시,덕진구,송천동2가 377-66,에코시티3호,소공원,35.8769132,127.114948
경상남도,창원시,마산회원구,내서읍 용담리 491,소공원83,소공원,35.270334,128.500297
경기도,오산시,가수동,산5-2,세교2지구 제1호 근린공원,근린공원,37.1484359695,127.0503319543
경기도,오산시,벌음동,산33-7,세교2지구 제2호 근린공원,근린공원,37.1384049793,127.040973
경기도,오산시,궐동,397-3,세교2지구 제1호 수변공원,수변공원,37.160601561,127.0499202291
경기도,오산시,누읍동,545,세교2지구 제2호 수변공원,수변공원,37.1399451787,127.045527
경기도,오산시,탑동,226,세교2지구 제3호 수변공원,수변공원,37.1346390315,127.0518162312
경기도,오산시,벌음동,214,세교2지구 제4호 수변공원,수변공원,37.141839,127.042956
경기도,오산시,궐동,472,세교2지구 제1호 어린이공원,어린이공원,37.1628764797,127.050561
경기도,오산시,가수동,112,세교2지구 제1호 역사공원,역사공원,37.1453998606,127.0513808395
경기도,오산시,누읍동,426-8,세교2지구 제3호 어린이공원,어린이공원,37.1438090123,127.0488166803
경기도,오산시,누읍동,394-1,세교2지구 제4호 어린이공원,어린이공원,37.1423414055,127.0538786217
경상남도,창원시,성산구,사파동 24-5,소공원30,소공원,35.228244,128.699052
경상남도,창원시,성산구,상남동 65-3,소공원31,소공원,35.216176,128.677941
경상남도,창원시,성산구,성주동 111-2,어린이공원208,어린이공원,35.199949,128.710899
경상남도,창원시,성산구,불모산동 584,소공원39,소공원,35.189242,128.725253
경상남도,창원시,성산구,성주동 83-1,소공원40,소공원,35.186373,128.707154
경상남도,창원시,성산구,성주동 88-1,소공원41,소공원,35.185986,128.706584
경상남도,창원시,성산구,성주동 86-1,소공원42,소공원,35.184237,128.706842
경상남도,창원시,성산구,가음동 12-3,소공원43,소공원,35.209662,128.692305
경상남도,창원시,성산구,가음동 12-6,소공원44,소공원,35.209321,128.689327
경상남도,창원시,성산구,가음동 13-2,소공원45,소공원,35.209156,128.692851
경상남도,창원시,성산구,가음동 13-4,소공원46,소공원,35.209156,128.692851
경상남도,창원시,성산구,용호동 69-1,어린이공원213,어린이공원,35.231948,128.676648
경상남도,창원시,성산구,용호동 74-1,소공원47,소공원,35.230415,128.676239
경상남도,창원시,성산구,대원동 42-1,어린이공원215,어린이공원,35.234293,128.650424
경상남도,창원시,성산구,성주동 80,소공원49,소공원,35.188255,128.707904
경상남도,창원시,성산구,대원동 14-1,소공원59,소공원,35.233931,128.654649
경상남도,창원시,성산구,대원동 1-1,소공원61,소공원,35.235918,128.651263
전라남도,목포시,산정동,산58-10,산정,체육공원,34.80554298,126.3801161
전라남도,목포시,만호동,1-51,만호진,역사공원,34.78554678,126.384413
전라남도,목포시,옥암동,1387,옥암수변,수변공원,34.80479134,126.4560731
전라남도,목포시,산정동,1827,노을,수변공원,34.80895733,126.3657649
전라남도,목포시,산정동,1326-1,동명,어린이공원,34.789931,126.398141
전라남도,목포시,산정동,1372-5,삼학,어린이공원,34.788435,126.4009796
전라남도,목포시,상동,807,하당,어린이공원,34.808983,126.4199777
전라남도,목포시,상동,920,영흥,어린이공원,34.80291974,126.4159428
전라남도,목포시,상동,946,쉼터,어린이공원,34.79990647,126.417672
전라남도,목포시,상동,965,입암,어린이공원,34.79913918,126.4202563
전라남도,목포시,상동,885,동아,어린이공원,34.80281494,126.423774
전라남도,목포시,상동,1015,신흥,어린이공원,34.79947451,126.426072
전라남도,목포시,대성동,223,대성,어린이공원,34.79910111,126.3826577
전라남도,목포시,죽교동,61-5,죽교,어린이공원,34.79748049,126.3765049
전라남도,목포시,옥암동,993,옥암,어린이공원,34.80616494,126.4306248
전라남도,목포시,옥암동,1025,부영,어린이공원,34.803646,126.4343684
전라남도,목포시,용당동,1093-1,용당,어린이공원,34.807376,126.4014555
전라남도,목포시,용당동,947-177,진섬,어린이공원,34.802187,126.3992407
전라남도,목포시,산정동,1714-5,서해,어린이공원,34.80978012,126.3801321
전라남도,목포시,산정동,1729,상아,어린이공원,34.81042452,126.376685
전라남도,목포시,산정동,1743,도서관,어린이공원,34.807865,126.376449
전라남도,목포시,산정동,1755,온누리,어린이공원,34.80771821,126.372881
전라남도,목포시,산정동,1772,한성,어린이공원,34.805624,126.3752279
경상남도,창원시,성산구,성주동 177-1,어린이공원193,어린이공원,35.190439,128.723494
경상남도,창원시,성산구,성주동 167,어린이공원200,어린이공원,35.194803,128.715092
경상남도,창원시,성산구,성주동 165,소공원22,소공원,35.194913,128.714545
경상남도,창원시,성산구,양곡동 811-15,신촌공원,근린공원,35.210898,128.621889
전북특별자치도,전주시,덕진구,장동 1094,기지재,수변공원,35.84124785,127.0644982
전북특별자치도,전주시,덕진구,반월동 248-6,여의공원,어린이공원,35.87151609,127.0760843
전북특별자치도,전주시,덕진구,송천동2가 270-5,179호 붓내구역,소공원,35.8680381,127.1235233
전북특별자치도,전주시,덕진구,송천동2가 453-23,160호 붓내구역,소공원,35.8687265,127.122497
전북특별자치도,전주시,덕진구,우아동3가 386,우아구역,소공원,35.84331326,127.1648847
전북특별자치도,전주시,덕진구,장동 1092-1,원중공원,소공원,35.843344,127.0638563
전북특별자치도,전주시,덕진구,중동 779-15,정문공원,소공원,35.835826,127.0599446
전북특별자치도,전주시,덕진구,중동 787-11,중동공원,근린공원,35.833591,127.0621413
전북특별자치도,전주시,덕진구,만성동 1028-2,만성어린 5,어린이공원,35.8398361,127.0719803
전북특별자치도,전주시,덕진구,만성동 1063,만성수변,수변공원,35.8435031,127.0704111
전북특별자치도,전주시,덕진구,만성동 240,만성어린 1,어린이공원,35.8456323,127.0817119
전북특별자치도,전주시,덕진구,만성동 458,만성지구 1,근린공원,35.841164,127.0744742
전북특별자치도,전주시,덕진구,만성동 574,만성어린 4,어린이공원,35.8378935,127.0759124
전북특별자치도,전주시,덕진구,만성동 산 85,만성어린 2,어린이공원,35.8418104,127.0794203
전라남도,목포시,옥암동,1306,초당산공원,근린공원,34.80875859,126.4496047
전라남도,목포시,옥암동,1269,부주공원,근린공원,34.80985841,126.4514244
전라남도,목포시,옥암동,1245,회룡공원,근린공원,34.812911,126.4519619
전라남도,목포시,옥암동,1280,작은섬공원,근린공원,34.81026502,126.4569387
전라남도,목포시,달동,1331-16,허사공원,근린공원,34.75634006,126.3617347
전라남도,목포시,용당동,1024-1,동목포공원,근린공원,34.80933473,126.3920045
전라남도,목포시,용당동,1024-24,송림공원,근린공원,34.81020107,126.4000699
전라남도,목포시,상동,1045,이로공원,근린공원,34.81270119,126.4193395
전라남도,목포시,석현동,1034-1,석현공원,근린공원,34.820116,126.4303008
전라남도,목포시,연산동,1952,백련,근린공원,34.816594,126.3900037
전라남도,목포시,용당동,1069,남해,체육공원,34.79759265,126.4008434
대구광역시,북구,연경동,925,태봉공원,어린이공원,35.9462079797,128.6163885451
대구광역시,북구,매천동,752,매천무지개,어린이공원,35.9062978678,128.5437970422
대구광역시,북구,고성동1가,156-24,고성공원,어린이공원,35.878987,128.582417
부산광역시,동래구,명륜동,137-4,동래사적공원,근린공원,35.211818,129.0921895
부산광역시,동래구,명장동,455-2,명장공원,근린공원,35.207759,129.108461
부산광역시,동래구,온천동,707,온천아파트공원,근린공원,35.209842,129.074409
부산광역시,동래구,낙민동,135-1,수민어울공원,근린공원,35.196528,129.091638
부산광역시,동래구,낙민동,92-8,낙민공원,근린공원,35.19559115,129.097216
경상북도,영주시,휴천동,1169,제1호소공원,소공원,36.81967812,128.635032
경상북도,영주시,휴천동,642-528,삼각지소공원2,소공원,36.81765082,128.6225058
경상북도,영주시,휴천동,642-472,삼각지소공원1,소공원,36.8182031,128.6220436
경상북도,영주시,휴천동,167-20,휴천소공원,소공원,36.8180878,128.6322374
경상북도,영주시,휴천동,321-7,1토지제2공원,소공원,36.80934176,128.6245556
경상북도,영주시,휴천동,683-1,3토지제2공원,소공원,36.81487824,128.6259629
경상북도,영주시,문정동,706-2,한정공원,수변공원,36.79860879,128.6165708
경상북도,영주시,평은면,금광리 584,평은수변공원1,수변공원,36.732814,128.6780547
경상북도,영주시,평은면,금광리 산59,평은수변공원2,수변공원,36.72292826,128.6699837
경기도,파주시,동패동,1850,소공원 20호,소공원,37.7147642006,126.7374542247
경기도,파주시,동패동,1875,소공원 21호,소공원,37.7128135167,126.7360823848
경기도,파주시,동패동,1914,소공원 22호,소공원,37.7102960577,126.7380223474
경기도,파주시,동패동,1931,소공원 23호,소공원,37.709509697,126.7374329516
경기도,파주시,동패동,1869,소공원 24호,소공원,37.7126314022,126.73565489
경기도,파주시,동패동,1950,소공원 25호,소공원,37.7103270335,126.7364054002
경기도,파주시,동패동,2013,소공원 26호,소공원,37.7107901654,126.7322170385
경기도,파주시,동패동,1988,소공원 27호,소공원,37.7096948317,126.7336390865
경기도,파주시,동패동,2032,소공원 28호,소공원,37.7095628897,126.7329659354
경기도,파주시,동패동,2055,소공원 29호,소공원,37.7082202265,126.7345419104
경기도,파주시,동패동,2034,소공원 30호,소공원,37.7093697091,126.7311208588
경기도,파주시,동패동,2090-7,안골공원,소공원,37.710647852,126.711124973
경기도,파주시,와동동,1418,운정지구 수변공원2,수변공원,37.7202230156,126.763808857
경기도,파주시,야당동,1086,운정지구 수변공원3,수변공원,37.7152784969,126.7611886259
경기도,파주시,야당동,1039,운정지구 수변공원5,수변공원,37.7099734395,126.7603699247
경기도,파주시,와동동,1485,운정지구 수변공원6,수변공원,37.7334989729,126.7673844071
경기도,파주시,문산읍,당동리 897,당동산업단지 3호,어린이공원,37.866048271,126.7836137434
경기도,파주시,문산읍,선유리 1367,선유산업단지4호 어린이공원,어린이공원,37.8608387291,126.8061697606
경기도,파주시,문산읍,당동리 944,당동어린이공원,어린이공원,37.8667415666,126.7723363671
경기도,파주시,문발동,543-3,노을빛어린이공원,어린이공원,37.7281447298,126.7085214898
경기도,파주시,문발동,556,문발어린이공원,어린이공원,37.7255311355,126.7062021306
경기도,파주시,문발동,614,두일어린이공원,어린이공원,37.7189293458,126.7098799678
경기도,파주시,동패동,1709,책향기어린이공원,어린이공원,37.7213488403,126.7203435388
경기도,파주시,동패동,1705,석곶어린이공원,어린이공원,37.7228985175,126.7200013927
경기도,파주시,다율동,996,청석어린이공원,어린이공원,37.7278533859,126.7156389484
경기도,파주시,문발동,587-1,숲속길어린이공원,어린이공원,37.7219418181,126.7049977662
경기도,파주시,금촌동,973,금화어린이공원,어린이공원,37.7555111946,126.7680179146
경기도,파주시,금촌동,985,새꽃어린이공원,어린이공원,37.7538225511,126.7679868892
경상북도,영주시,부석면,임곡리 120,콩사과테마공원,문화공원,36.99445416,128.6637072
경상북도,영주시,영주동,150-11,관사골공원,문화공원,36.8301316,128.6175925
경상북도,영주시,적서동,600,문화공원1,문화공원,36.78237171,128.6164143
경상북도,영주시,적서동,산 36,문화공원2,문화공원,36.78288098,128.6162214
경상북도,영주시,평은면,용혈리 1037,영주댐하류공원,문화공원,36.71718718,128.6595927
경상북도,영주시,풍기읍,성내리 21,문화공원,문화공원,36.87088619,128.5248413
경상북도,영주시,풍기읍,수철리 216-1,죽령테마공원,문화공원,36.89485309,128.4663183
경상북도,영주시,가흥동,1590,가흥제2소공원,소공원,36.82008896,128.6058725
경상북도,영주시,가흥동,1590,가흥제1소공원,소공원,36.82008896,128.6058725
경상북도,영주시,가흥동,322-1,한절마제1소공원,소공원,36.81408627,128.6127814
경상북도,영주시,가흥동,247-1,가흥소공원,소공원,36.80786277,128.6104895
경상북도,영주시,가흥동,산20-2,공원,소공원,36.80999886,128.6051956
경상북도,영주시,문수면,권선리 225-2,소공원1,소공원,36.78023907,128.6086734
경상북도,영주시,문수면,권선리 229-1,소공원2,소공원,36.7788015,128.6115584
경상북도,영주시,부석면,소천리 423-2,동구산공원,소공원,36.97657875,128.6546958
경상북도,영주시,상줄동,680,OCI머티리얼즈산업단지공원,소공원,36.83083798,128.5873093
경상북도,영주시,상줄동,712,가흥일반산업단지공원,소공원,36.82504102,128.5881739
경상북도,영주시,영주동,12-1,신사골소공원,소공원,36.82891519,128.6268354
경상북도,영주시,영주동,205-1,서천소공원,소공원,36.83060737,128.6154805
경상북도,영주시,장수면,두전리 1072-1,공원1(갈산일반산업단지),소공원,36.79021311,128.5742381
경상북도,영주시,장수면,두전리 1075,공원2(갈산일반산업단지),소공원,36.78946122,128.5735247
경상북도,영주시,조암동,1457,조암소공원,소공원,36.801368,128.622075
경상북도,영주시,평은면,금광리 375,댐소공2,소공원,36.73542679,128.6792587
경상북도,영주시,평은면,평은리 1579,댐소공1,소공원,36.75633048,128.690019
경상북도,영주시,평은면,금광리 599,댐소공3,소공원,36.73101474,128.6774802
경상북도,영주시,풍기읍,창락리 428,풍기온천관광지소공원1,소공원,36.88812302,128.4782094
경상북도,영주시,풍기읍,창락리 441,풍기온천관광지소공원2,소공원,36.88768357,128.4787177
경상북도,영주시,하망동,406-6,곱작골소공원,소공원,36.82117857,128.6325217
경상북도,영주시,하망동,182,향교골소공원1,소공원,36.82874557,128.629497
경상북도,영주시,하망동,156-12,향교골소공원2,소공원,36.82890301,128.6280926
경상북도,영주시,하망동,200-2,하망제2소공원,소공원,36.82977756,128.6309733
충청남도,예산군,예산읍,산성리 95-2,예산6(나래공원),어린이공원,36.68802953,126.8414729
충청남도,예산군,예산읍,산성리 750,예산9(9호어린이공원),어린이공원,36.69193222,126.8346451
충청남도,예산군,예산읍,산성리 662,예산11(11호어린이공원),어린이공원,36.69423597,126.8351779
충청남도,예산군,예산읍,발연리 253-2,예산14(14호어린이공원),어린이공원,36.69680794,126.8326325
충청남도,예산군,예산읍,대회리 227,예산16(16호어린이공원),어린이공원,36.67469315,126.8480246
충청남도,예산군,대흥면,상중리 274-2,비도시1(의좋은형제공원),역사공원,36.60652823,126.7921951
대구광역시,북구,학정동,960,거북공원,어린이공원,35.949049,128.568834
대구광역시,북구,침산동,105-87,침산하늘채공원,어린이공원,35.8849643076,128.5950818477
대구광역시,북구,복현동,190-5,녹색공원,어린이공원,35.89872955,128.6197764884
대구광역시,북구,태전동,1104,파란공원,어린이공원,35.9130817622,128.5461821979
대구광역시,북구,태전동,1105,도담한공원,어린이공원,35.9098877986,128.5461181436
대구광역시,북구,태전동,1151,아람공원,어린이공원,35.9093933896,128.547176
대구광역시,북구,매천동742,,매천휴먼시아공원,어린이공원,35.907352547,128.5450116
대구광역시,북구,매천동,727,송천공원,어린이공원,35.9075679238,128.5428897147
대구광역시,북구,금호동,879,새터공원,어린이공원,35.895288,128.5232825519
대구광역시,북구,사수동,772,장기터공원,어린이공원,35.898911,128.5091799041
대구광역시,북구,사수동,783,사수공원,어린이공원,35.9008706471,128.5101894179
대구광역시,북구,칠성동2가,717,칠성공원,어린이공원,35.878108,128.5937468
대구광역시,북구,침산동,1753,침산1공원,소공원,35.8916626121,128.5885511968
대구광역시,북구,복현동,702,복현5공원,어린이공원,35.9006045817,128.6198919187
대구광역시,북구,태전동,1193,태전1공원,어린이공원,35.9218611912,128.550343
대구광역시,북구,노원동3가,1227-1,노원1소공원,소공원,35.8905881772,128.5669803697
대구광역시,북구,노원동3가,1227-2,노원2소공원,소공원,35.8914589738,128.5693631085
대구광역시,북구,노원동3가,1227-3,노원3소공원,소공원,35.8912439404,128.5703639646
대구광역시,북구,연경동,1051,연경공원,근린공원,35.94510324,128.6254562
대구광역시,북구,연경동,1046,화암공원,어린이공원,35.9434358714,128.6204329365
인천광역시,부평구,삼산동,388-2,영성공원,근린공원,37.52196831,126.7406061
인천광역시,부평구,삼산동,517,교통공원,근린공원,37.51949317,126.7498192
인천광역시,부평구,삼산동,518,건강공원,근린공원,37.51761295,126.7493656
인천광역시,부평구,삼산동,541,부들공원,근린공원,37.5152706,126.7485482
인천광역시,부평구,십정동,577,제일놀이공원,어린이공원,37.47756983,126.7082282
인천광역시,부평구,십정동,518-4,동암놀이공원,어린이공원,37.46981426,126.7040459
인천광역시,부평구,십정동,587-5,약산놀이공원,어린이공원,37.47341408,126.7075683
인천광역시,부평구,십정동,591,법성놀이공원,어린이공원,37.47485328,126.7049622
인천광역시,부평구,십정동,445-4,석정놀이공원,어린이공원,37.46973782,126.6984724
인천광역시,부평구,십정동,420,샘터놀이공원,어린이공원,37.47073888,126.6999014
인천광역시,부평구,십정동,570-2,애향놀이공원,어린이공원,37.48121861,126.7105406
인천광역시,부평구,부평동,546-105,서부동놀이공원,어린이공원,37.49345831,126.7208608
인천광역시,부평구,부평동,178,부흥놀이공원,어린이공원,37.49519131,126.7310497
인천광역시,부평구,부평동,104-10,중부동놀이공원,어린이공원,37.50069243,126.733251
인천광역시,부평구,부평동,916,신복공원,어린이공원,37.50482419,126.7319907
인천광역시,부평구,갈산동,180-7,갈월놀이공원,어린이공원,37.51465657,126.7225174
인천광역시,부평구,갈산동,361-2,상꾸지놀이공원,어린이공원,37.51413902,126.7253535
인천광역시,부평구,갈산동,359-1,새갈놀이공원,어린이공원,37.51337322,126.7293285
인천광역시,부평구,갈산동,366,명월놀이공원,어린이공원,37.51091571,126.7263831
인천광역시,부평구,갈산동,362-3,대월놀이공원,어린이공원,37.50940963,126.7226503
인천광역시,부평구,갈산동,369-1,반월놀이공원,어린이공원,37.51003336,126.7295167
인천광역시,부평구,갈산동,380,쉼터놀이공원 (공원해제),어린이공원,37.50804661,126.7236039
인천광역시,부평구,갈산동,389,마당놀이공원,어린이공원,37.50822326,126.727008
인천광역시,부평구,갈산동,398,대갈놀이공원,어린이공원,37.50761308,126.7304939
인천광역시,부평구,삼산동,387-1,꿈동산놀이공원,어린이공원,37.52309427,126.7407226
인천광역시,부평구,삼산동,388-37,상상놀이공원,어린이공원,37.52003976,126.7424575
전북특별자치도,전주시,덕진구,인후동1가 774-1,언덕공원,어린이공원,35.83528072,127.1535205
전북특별자치도,전주시,덕진구,팔복동2가 830-7,팔과공원,근린공원,35.8596025,127.0900692
전북특별자치도,전주시,덕진구,팔복동2가 505,팔복지구 3호공원,근린공원,35.8558169,127.0932998
전북특별자치도,전주시,덕진구,우아동2가 854-1,신덕공원,어린이공원,35.83771473,127.1662817
전북특별자치도,전주시,덕진구,우아동2가 907,중상보공원,근린공원,35.83053163,127.1711276
전북특별자치도,전주시,덕진구,인후동1가 858-3,아람길공원,근린공원,35.83102485,127.1678172
전북특별자치도,전주시,덕진구,팔복동3가 404,팔복공원,근린공원,35.85144205,127.0870282
전북특별자치도,전주시,덕진구,송천동2가 1270,붓내공원,어린이공원,35.868031,127.1253815
전북특별자치도,전주시,덕진구,송천동2가 1274,솔내공원,어린이공원,35.8668845,127.1268701
전북특별자치도,전주시,덕진구,송천동1가 844-8,송천제2호공원,어린이공원,35.86142033,127.1176708
전북특별자치도,전주시,덕진구,송천동1가 816-1,송천유적공원,어린이공원,35.86501667,127.1187477
전북특별자치도,전주시,덕진구,용정동 124-41,나들목공원,근린공원,35.8754524,127.0555936
전북특별자치도,전주시,덕진구,우아동2가 869-2,아중18호공원,어린이공원,35.8344393,127.1692888
전북특별자치도,전주시,덕진구,덕진동2가 682,하늘공원,근린공원,35.8452358,127.1071352
전북특별자치도,전주시,덕진구,덕진동2가 726,쇠똥구리공원,어린이공원,35.85229684,127.1186639
전북특별자치도,전주시,덕진구,덕진동2가 726,반딧불이공원,어린이공원,35.85229684,127.1186639
전북특별자치도,전주시,덕진구,덕진동2가 726,여울목공원,어린이공원,35.85229684,127.1186639
전북특별자치도,전주시,덕진구,만성동 1188-6,월평공원,어린이공원,35.835815,127.073567
전북특별자치도,전주시,덕진구,만성동 1194-3,월방공원,소공원,35.83466855,127.0726077
전북특별자치도,전주시,덕진구,만성동 1194-3,월방공원,어린이공원,35.83466855,127.0726077
전북특별자치도,전주시,덕진구,인후동1가 산 153-3,기린공원,근린공원,35.82258424,127.1692571
전북특별자치도,전주시,덕진구,인후동1가 925,마당재공원,근린공원,35.82402423,127.162349
경상남도,창원시,마산회원구,내서읍 중리 837,소공원58,소공원,35.257122,128.506614
경기도,광명시,하안동,871-10,밤일제1소공원,소공원,37.4537240712,126.8606711261
경기도,광명시,하안동,867-1,밤일제2소공원,소공원,37.4541418226,126.8619590676
경기도,광명시,하안동,869-2,밤일제3소공원,소공원,37.4538122164,126.8617150191
경기도,광명시,하안동,874-8,밤일제4소공원,소공원,37.4534485454,126.8616935042
경기도,광명시,하안동,876-3,밤일제5소공원,소공원,37.4531329501,126.8616400109
경기도,광명시,하안동,883,밤일제6소공원,소공원,37.4529359964,126.8626005924
경기도,광명시,하안동,883-3,밤일제7소공원,소공원,37.4528467694,126.8630778986
경기도,광명시,소하동,1373-5,기찻길소공원,소공원,37.434852046,126.8858798603
경기도,광명시,소하동,1315-4,소하제1소공원,소공원,37.4488009697,126.8898875639
경기도,광명시,소하동,1317-2,소하제2소공원,소공원,37.4481210129,126.8903590875
경기도,광명시,일직동,219-5,호봉제1소공원,소공원,37.418804113,126.8792799924
경기도,광명시,광명동,98-11,광이제2(다솜),어린이공원,37.4824401104,126.8541473306
경기도,광명시,광명동,158-279,꿈동산,어린이공원,37.4771320099,126.8593414512
경기도,광명시,광명동,158-640,무지개,어린이공원,37.4772824894,126.8554881679
경기도,광명시,광명동,172-77,너부대,어린이공원,37.4785990894,126.8481752087
경기도,광명시,광명동,382-8,둥지,어린이공원,37.471327,126.848727
경기도,광명시,광명동,759-14,우리,어린이공원,37.472066,126.845845
경기도,광명시,광명동,78-8,동산,어린이공원,37.48285074,126.8617837709
경기도,광명시,광명동,755,꿈동산,어린이공원,37.4697636676,126.8474138659
경기도,광명시,광명동,745,우리또래,어린이공원,37.4672737238,126.8501409568
경기도,광명시,광명동,731,신나는,어린이공원,37.4681332233,126.8544805882
경기도,광명시,광명동,712,희망찬,어린이공원,37.472274724,126.8570246003
경기도,광명시,철산동,629-1,철산,어린이공원,37.4887158256,126.8644626931
경기도,광명시,철산동,185,연서,어린이공원,37.4816142107,126.8634492912
경기도,광명시,철산동,242,철산13단지,어린이공원,37.4786920488,126.8703730734
경기도,광명시,철산동,618,도덕파크,어린이공원,37.4698202078,126.8654895483
경기도,광명시,철산동,367-1,햇빛,어린이공원,37.4729905831,126.8753805102
경기도,광명시,하안동,707-23,현대,어린이공원,37.4676009487,126.8645827398
경상북도,영주시,가흥동,산45-7,가흥공원4,근린공원,36.82063442,128.6115011
경상북도,영주시,가흥동,9-8,구학공원,근린공원,36.82054981,128.6176043
경상북도,영주시,가흥동,산2-2,서부공원,근린공원,36.83149767,128.6070695
경상북도,영주시,가흥동,1909,가흥안뜰공원,근린공원,36.81221745,128.6062345
경상북도,영주시,상망동,산78-1,공원1,근린공원,36.83455105,128.6360692
경상북도,영주시,영주동,439-2,구성공원,근린공원,36.82267379,128.6208234
경상북도,영주시,장수면,반구리 565-12,반구전문농공단지공원,근린공원,36.77699047,128.5944224
경상북도,영주시,평은면,용혈리 897-1,용혈공원,근린공원,36.72611271,128.6538605
경상북도,영주시,풍기읍,산법리 376-1,광복공원,근린공원,36.8784517,128.5387883
경상북도,영주시,하망동,산8,철탄산공원,근린공원,36.83235944,128.6302763
경상북도,영주시,휴천동,산155,휴천공원3-1,근린공원,36.80317759,128.6337492
경상북도,영주시,휴천동,산24-6,휴천공원3-2,근린공원,36.80443248,128.6230029
경상북도,영주시,휴천동,산172,광승공원,근린공원,36.81470457,128.6332064
경상북도,영주시,휴천동,642-9,삼각지공원,근린공원,36.81919646,128.6213106
경상북도,영주시,가흥동,1622,가흥제8공원,어린이공원,36.8159935,128.6034571
경상북도,영주시,가흥동,1457-2,2토지제2공원,어린이공원,36.81618739,128.6173332
경상북도,영주시,가흥동,1679,가흥제3공원,어린이공원,36.81783441,128.6072952
경상북도,영주시,가흥동,1590,가흥제1공원,어린이공원,36.82008896,128.6058725
경상북도,영주시,가흥동,1514,가흥제2공원,어린이공원,36.82185795,128.6099948
경상북도,영주시,가흥동,1774,가흥제4공원,어린이공원,36.81549952,128.6098401
경상북도,영주시,가흥동,1486,가흥제7공원,어린이공원,36.82573284,128.6104641
경상북도,영주시,상망동,579-7,상망제1공원,어린이공원,36.8264771,128.6389557
경상북도,영주시,평은면,평은리 1580,공원(댐어공1),어린이공원,36.75774123,128.6876404
경상북도,영주시,풍기읍,성내리 203-1,성내공원,어린이공원,36.8713662,128.5199903
경상북도,영주시,하망동,547-1,3토지제3공원,어린이공원,36.82317229,128.6300703
경상북도,영주시,휴천동,494-14,1토지제1공원,어린이공원,36.80768797,128.6205034
경상북도,영주시,휴천동,694-6,3토지제1공원,어린이공원,36.81554823,128.6286278
경상북도,영주시,휴천동,160,제1호어린이공원,어린이공원,36.81998186,128.6331411
경상북도,영주시,봉현면,유전리 226,천부산공원,문화공원,36.80834838,128.5068335
경상북도,영주시,봉현면,오현리 992,풍기인삼문화팝업공원,문화공원,36.86821152,128.5184326
서울특별시,강서구,가양동,1482-1,곰돌이,어린이공원,37.562311,126.857433
서울특별시,강서구,가양동,1489-1,비둘기,어린이공원,37.559504,126.862944
경상남도,밀양시,내이동,1526-6,내이동 제9공원,어린이공원,35.5027218,128.7417207
경상남도,밀양시,교동,1234,교동 제1공원,어린이공원,35.5073386,128.7539079
경상남도,밀양시,교동,1226,교동 제2공원,어린이공원,35.51090348,128.755462
경상남도,밀양시,하남읍,수산리 434,수산 체육공원,체육공원,35.3716624,128.7123488
경상남도,밀양시,무안면,무안리 737,무안1 어린이공원,어린이공원,35.46673376,128.6482087
경상남도,밀양시,청도면,구기리 125,당숲공원,어린이공원,35.5499548,128.6237304
경상남도,밀양시,하남읍,백산리 255-3,공원,어린이공원,35.369235,128.7533837
경상남도,밀양시,하남읍,백산리 703-1,공원,어린이공원,35.3687663,128.7493281
경상남도,밀양시,교동,555-4,밀양아리랑대공원,근린공원,35.50509927,128.7585334
경상남도,밀양시,무안면,무안리 867-11,공원,소공원,35.471014,128.6501754
경상남도,밀양시,부북면,전사포리 915-1,후사포공원,근린공원,35.4675005,128.7309585
경상남도,밀양시,부북면,전사포리 887-2,전사포공원 1,근린공원,35.4665627,128.7373307
경상남도,밀양시,부북면,전사포리 913,전사포공원 2,근린공원,35.4719638,128.7373109
경상남도,밀양시,부북면,춘화리 857,공원,소공원,35.5297568,128.7239184
경상남도,밀양시,삼문동,654-1,삼문제1소공원,소공원,35.48145473,128.7456283
경상남도,밀양시,내이동,879-1,해천문화공원,문화공원,35.493997,128.7510545
경상남도,하동군,하동읍,읍내리 1424,하동공원,문화공원,35.06856968,127.7449403
경상남도,하동군,하동읍,광평리 440-5,송림공원,문화공원,35.06211338,127.7446785
경상남도,하동군,금성면,궁항리 1370,금성생활체육공원,체육공원,34.96126204,127.791642
경상남도,하동군,금성면,고포리 543-141,금성수변공원,수변공원,34.96621964,127.7712337
전라남도,해남군,해남읍,구교리 380-2,해남근린공원,근린공원,34.57616974,126.5926317
전라남도,해남군,해남읍,구교리 372-2,서림근린공원,근린공원,34.5737567,126.5931854
전라남도,해남군,해남읍,구교리 산71,구교근린공원,근린공원,34.58142355,126.5945384
전라남도,해남군,황산면,남리리 509-1,황산근린공원,근린공원,34.57491772,126.4218643
전라남도,해남군,송지면,소죽리 산9,송지근린공원,근린공원,34.364372,126.525881
서울특별시,강서구,화곡동819-5,,종달새,어린이공원,37.535302,126.858021
서울특별시,강서구,화곡동1159-2,,화곡2주구1,어린이공원,37.550201,126.838658
서울특별시,강서구,화곡동1159-3,,화곡2주구2,어린이공원,37.548723,126.8387
서울특별시,강서구,화곡동1061-36,,범바위,어린이공원,37.543234,126.841377
서울특별시,강서구,화곡동75-3,,개나리,어린이공원,37.548372,126.844024
서울특별시,강서구,화곡동1165-2,,화곡3주구1,어린이공원,37.54614,126.836964
서울특별시,강서구,화곡동1165-6,,화곡3주구2,어린이공원,37.545177,126.840547
서울특별시,강서구,화곡동978-18,,역말,어린이공원,37.549726,126.848944
서울특별시,강서구,화곡동994-5,,새말,어린이공원,37.552035,126.846474
서울특별시,강서구,화곡동1109,,연지,어린이공원,37.554707,126.853537
서울특별시,강서구,화곡동980-2,,백연,어린이공원,37.550667,126.851903
서울특별시,강서구,화곡동379-32,,솔뫼,어린이공원,37.538112,126.838674
서울특별시,강서구,화곡동372-26,,월정,어린이공원,37.535153,126.836008
서울특별시,강서구,화곡동1088-16,,초롱,어린이공원,37.5381,126.836229
서울특별시,강서구,화곡동369-11,,은행,어린이공원,37.535821,126.840511
서울특별시,강서구,화곡동354-14,,까치산,어린이공원,37.533488,126.841904
서울특별시,강서구,화곡동341-24,,배다리,어린이공원,37.532144,126.848303
서울특별시,강서구,화곡동155-1,,안골,어린이공원,37.535964,126.850746
서울특별시,강서구,화곡동409-84,,대무,어린이공원,37.538002,126.847506
서울특별시,강서구,화곡동892-17,,모태,어린이공원,37.529543,126.849512
서울특별시,강서구,화곡동339-19,,더부리,어린이공원,37.534902,126.846751
서울특별시,강서구,가양동,1459-1,나들이,어린이공원,37.571854,126.844243
서울특별시,강서구,가양동,1465,아름,어린이공원,37.568594,126.848864
서울특별시,강서구,가양동,1461-1,꽃동네,어린이공원,37.570095,126.847132
서울특별시,강서구,가양동,1462-2,가양,어린이공원,37.569758,126.844804
서울특별시,강서구,가양동,1474-1,엄지,어린이공원,37.56581,126.854721
서울특별시,강서구,가양동,1478-1,무지개,어린이공원,37.565086,126.851657
서울특별시,강서구,가양동,1481-1,풀피리,어린이공원,37.563578,126.8545998997
경기도,수원시,영통구,영통동 1017,으뜸,어린이공원,37.24911008,127.0774793
경기도,수원시,영통구,영통동 988-3,풀잎,어린이공원,37.24851981,127.0696446
경기도,수원시,영통구,영통동 970-2,보리수,어린이공원,37.24813812,127.0671583
경기도,수원시,영통구,영통동 964-3,솔찬,어린이공원,37.25302259,127.0647227
경기도,수원시,영통구,영통동 967-3,박지성,어린이공원,37.24989846,127.0660942
경기도,수원시,영통구,영통동 972-4,한울,어린이공원,37.24923873,127.0608564
경기도,수원시,영통구,영통동 987,미리내,어린이공원,37.24536018,127.0685793
경기도,수원시,영통구,영통동 1245,푸름,어린이공원,37.2625946,127.0477359
경기도,수원시,영통구,매탄동 1259,매화,어린이공원,37.26020972,127.046066
경기도,수원시,영통구,매탄동 1275,매여울,어린이공원,37.25833791,127.0430012
경기도,수원시,영통구,매탄동 1283,풀샘,어린이공원,37.25515484,127.0422868
경기도,수원시,영통구,매탄동 1281,그린나래,어린이공원,37.25500972,127.0415066
경기도,수원시,영통구,망포동 296-17,샘말,어린이공원,37.24182751,127.0536129
경기도,수원시,영통구,망포동 383-3,방죽,어린이공원,37.23984573,127.0553349
경기도,수원시,영통구,망포동 544-13,소담,어린이공원,37.238967,127.0555283
경기도,수원시,영통구,망포동 724,소문,어린이공원,37.23990141,127.0573732
경기도,수원시,영통구,망포동 523-1,온누리,어린이공원,37.2387693,127.059446
경기도,수원시,영통구,망포동 708,수련,어린이공원,37.24245373,127.0645009
경기도,수원시,영통구,망포동 719,당암,어린이공원,37.24372795,127.0608294
경기도,수원시,영통구,망포동 500-6,우주,어린이공원,37.24148487,127.0632755
경기도,수원시,영통구,망포동 713,숲속부엉이,어린이공원,37.24084216,127.0654118
경기도,수원시,영통구,망포동 721,망포,어린이공원,37.2447432,127.0558023
경기도,수원시,영통구,망포동 1259-3,다람쥐,어린이공원,37.29954505,127.0461757
경기도,수원시,영통구,망포동 1311-2,물봉선,어린이공원,37.29409232,127.053864
경기도,수원시,영통구,이의동 1343,붐붐,어린이공원,37.28591543,127.0525412
경상남도,창원시,마산회원구,내서읍 중리 836,소공원57,소공원,35.257882,128.507091
인천광역시,부평구,부개동,497-2,부개공원,근린공원,37.50604759,126.7411715
인천광역시,부평구,부개동,499-6,청운공원,근린공원,37.50296964,126.7427654
인천광역시,부평구,부개동,500-2,세영공원,근린공원,37.49986044,126.7367769
인천광역시,부평구,부개동,500-7,방촌공원,근린공원,37.49780768,126.7390151
인천광역시,부평구,삼산동,443-1,시냇물공원,근린공원,37.51277232,126.7363686
인천광역시,부평구,삼산동,451-1,박물관공원,근린공원,37.51214198,126.737932
인천광역시,부평구,삼산동,458-4,분수공원,근린공원,37.50815932,126.7411937
인천광역시,부평구,삼산동,386,후정공원,근린공원,37.52349492,126.7429755
경기도,이천시,중리동,445-6,한마음공원,어린이공원,37.2767548,127.4380016
경기도,이천시,관고동,501-9,마전터공원,어린이공원,37.2841272,127.4345441
경기도,이천시,갈산동,639-1,갈산제1공원,어린이공원,37.28395378,127.4556812
경기도,이천시,증포동,475-3,증포제1공원,어린이공원,37.29629085,127.4530205
경기도,이천시,송정동,293-4,송정공원,어린이공원,37.2969501,127.4327276
경기도,이천시,갈산동,611-4,증포제2공원,어린이공원,37.283321,127.4553421
경기도,이천시,증포동,483,증포제3공원,어린이공원,37.28941811,127.4497003
경기도,이천시,관고동,512,관고제6공원,어린이공원,37.2832654,127.4336145
경기도,이천시,갈산동,786,휴먼시아공원,어린이공원,37.2821735,127.4575724
경기도,이천시,증포동,481,푸르지오공원,어린이공원,37.28527841,127.4516502
경기도,이천시,갈산동,779,갈산제2공원,어린이공원,37.28095085,127.4587268
경기도,이천시,장호원읍,진암리 100-1,진암공원,근린공원,37.1101735631,127.6189887763
경기도,이천시,마장면,오천리 411,마장근린공원,근린공원,37.2535668451,127.3547039279
경기도,이천시,송정동,455,48호어린이공원,어린이공원,37.29239137,127.4453949
경기도,이천시,송정동,453,송정제2어린이공원라온프라이빗,어린이공원,37.2991290503,127.437134
경기도,이천시,증포동,482,증포제2어린이공원,어린이공원,37.296659,127.4568135464
경기도,이천시,증포동,산46-9,KCC정문소공원,소공원,37.2877591169,127.450666
충청북도,청주시,서원구,사직동 217-2,수변공원2,수변공원,36.640757,127.4823449
충청북도,청주시,서원구,사직동 227-6,수변공원3,수변공원,36.638829,127.482498
충청북도,청주시,서원구,모충동 83-1,모충,소공원,36.371201,127.293641
충청북도,청주시,서원구,모충동 399-3,남들,소공원,36.372734,127.284518
충청북도,청주시,서원구,수곡동 156-4,수곡,소공원,36.365638,127.285966
충청북도,청주시,서원구,수곡동 69,제34호소공원,소공원,36.61547153,127.4871996
충청북도,청주시,서원구,수곡동 17-12,수변공원4,수변공원,36.619168,127.492166
충청북도,청주시,서원구,수곡동 20-1,수변공원5,수변공원,36.617448,127.492397
충청북도,청주시,서원구,개신동 3-16,배티공원,근린공원,36.372534,127.283411
충청북도,청주시,서원구,개신동 10-2,개신배수지,소공원,36.373147,127.288491
충청북도,청주시,서원구,개신동 2-48,개신,소공원,36.371995,127.286651
충청북도,청주시,서원구,사창동 283,제30호소공원,소공원,36.6336117,127.4622148
충청북도,청주시,서원구,사직동 236-6,수변공원7,수변공원,36.637266,127.482634
충청북도,청주시,서원구,남이면 가마리 143,흙내음,어린이공원,36.599197,127.469392
충청북도,청주시,서원구,산남동 351,산남,기타,36.615585,127.468055
충청남도,예산군,삽교읍,목리 1182,내포1(애향공원),역사공원,36.66190273,126.6823269
충청남도,예산군,삽교읍,목리 764,내포1(홍예공원),문화공원,36.65875766,126.6648833
충청남도,예산군,응봉면,증곡리 529,비도시2(문화공원),문화공원,36.66177917,126.7709897
충청남도,예산군,고덕면,상몽리 442-2,신소재1(수변공원),수변공원,36.7970473,126.7029568
충청남도,예산군,예산읍,창소리 103-1,예산2(창소공원),근린공원,36.7252784803,126.8366132243
충청남도,예산군,덕산면,읍내리 348-5,덕산1(덕산공원),근린공원,36.70611057,126.6684219
대구광역시,달서구,도원동,1461,둥지어린이공원,어린이공원,35.80323736,128.536857
대구광역시,달서구,상인동,1109-10,매화어린이공원,어린이공원,35.81067688,128.544022
대구광역시,달서구,이곡동,1240,목련어린이공원,어린이공원,35.8557268,128.508302
대구광역시,달서구,진천동,812,무궁화어린이공원,어린이공원,35.81333335,128.5329172
강원특별자치도,원주시,단계동,1183,3호 근린공원,근린공원,37.35389735,127.9212437
경기도,안성시,미양면,계륵리 267,계륵공원,어린이공원,36.98017005,127.2564252
경기도,안성시,금산동,189,금산공원(솔밭공원),근린공원,37.01524123,127.2685391
경기도,안성시,미양면,계륵리 271-4,미양공원,근린공원,36.978474,127.2612384
경기도,안성시,공도읍,승두리 83-1,2호어린이공원,어린이공원,36.99630826,127.1697105
경기도,안성시,공도읍,용두리 158-4일원,9호어린이공원,어린이공원,37.001761,127.169039
경기도,안성시,공도읍,마정리 233-156일원,16호어린이공원,어린이공원,37.015297,127.201505
경기도,안성시,석정동,192-1,아양2호소공원,소공원,37.008729,127.254842
경기도,안성시,양성면,도곡리 318-5번지 일원,소공원1호,소공원,37.075521,127.215871
경기도,안성시,일죽면,방초리 1156,방초산단 소공원,소공원,37.14099217,127.433678
경기도,안성시,일죽면,월정리 1840,월정산단 소공원,소공원,37.08586592,127.4582253
경기도,안성시,죽산면,장원리 1387,장원산단2 소공원,소공원,37.06766306,127.4292106
경기도,안성시,원곡면,내가천리 283,원곡산단 소공원,소공원,37.04310556,127.119578
경기도,안성시,봉남동,4번지,봉남공원,어린이공원,37.00685318,127.2768936
경기도,안성시,당왕동,534-5,17호공원,어린이공원,37.014286,127.2575727
경기도,안성시,대덕면,내리 676-1,23호공원,어린이공원,37.00355158,127.2259551
경기도,안성시,대덕면,내리 696,24호공원,어린이공원,37.000902,127.2222775
경기도,안성시,대덕면,내리 707-3,25호공원,어린이공원,36.999218,127.223336
경기도,안성시,가사동,178,39호공원,어린이공원,37.01202894,127.2910685
경기도,안성시,석정동,233-12,40호공원(우남공원),어린이공원,37.010088,127.259821
경기도,안성시,공도읍,만정리805-2,8호어린이공원,어린이공원,37.000794,127.1701453
경기도,안성시,공도읍,만정리 791-1,10호어린이공원,어린이공원,37.002705,127.172682
경기도,안성시,공도읍,만정리 777-2,13호어린이공원,어린이공원,37.00794397,127.171938
경기도,안성시,공도읍,진사리 20-2일원,21호어린이공원,어린이공원,36.992738,127.139142
경기도,안성시,공도읍,진사리 산30-2일원,22호어린이공원,어린이공원,36.994287,127.143374
경기도,이천시,창전동,466,샛별공원,어린이공원,37.2795137,127.4490814
경기도,이천시,중리동,465-6,청솔공원,어린이공원,37.2755183,127.4486608
경기도,이천시,중리동,458-6,장미공원,어린이공원,37.2758452,127.4451223
경기도,파주시,법원읍,가야리 379,무건리 소공원 2,소공원,37.8486126944,126.8649749007
경기도,파주시,법원읍,가야리 380-16,무건리 소공원 3,소공원,37.8484282296,126.8672838654
경기도,파주시,적성면,가월리 1855-8,적성산업단지 소공원,소공원,37.9692758984,126.9098602951
경기도,파주시,다율동,972,문발산업단지 소공원,소공원,37.7307357448,126.7141837003
경기도,파주시,탄현면,금승리 609,축현2산업단지 소공원1,소공원,37.820437801,126.733481043
경기도,파주시,탄현면,축현리 1037,축현2산업단지 소공원2,소공원,37.819803296,126.73179105
경기도,파주시,법원읍,대능리 576,법원2일반산업단지 소공원1,소공원,37.84217062,126.859748406
경기도,파주시,법원읍,대능리 530-2,법원2일반산업단지 소공원2,소공원,37.8364056289,126.8517641519
경기도,파주시,파주읍,연풍리 485,연풍리공동주택 소공원,소공원,37.828046516,126.845815139
경기도,파주시,조리읍,오산리 396-14,오산공원,소공원,37.7727872044,126.8372058251
경기도,파주시,조리읍,봉일천리 271,조리소공원,소공원,37.7475397283,126.8062600782
경기도,파주시,파평면,금파리 527,금파지방산업단지 금파공원,소공원,37.924748187,126.8429258698
경기도,파주시,와동동,1571,소공원 2호,소공원,37.7356140129,126.756441846
경기도,파주시,와동동,1623,소공원 4호,소공원,37.7347257179,126.7512612589
경기도,파주시,목동동,733,소공원 5호,소공원,37.7323253578,126.7459272612
경기도,파주시,목동동,747,소공원 6호,소공원,37.7313199083,126.747119904
경기도,파주시,목동동,771,소공원 7호,소공원,37.7302694724,126.7468263977
경기도,파주시,목동동,717,소공원 8호,소공원,37.7312663852,126.7452781376
경기도,파주시,목동동,801,소공원 9호,소공원,37.7308931234,126.7438031648
경기도,파주시,목동동,832,소공원 10호,소공원,37.7303266649,126.740476305
경기도,파주시,목동동,859,소공원 11호,소공원,37.7297897892,126.7384536856
경기도,파주시,목동동,894,소공원 12호,소공원,37.7324307461,126.7368475949
경기도,파주시,목동동,891,소공원 13호,소공원,37.7321132695,126.7366862451
경기도,파주시,목동동,1037,소공원 14호,소공원,37.7238018198,126.7375001229
경기도,파주시,목동동,1070,소공원 15호,소공원,37.7225462812,126.7397238079
경기도,파주시,목동동,1102,소공원 16호,소공원,37.7200912924,126.7384101855
경기도,파주시,목동동,1121,소공원 17호,소공원,37.7196614281,126.7383252716
경기도,파주시,동패동,1813,소공원 18호,소공원,37.7151174966,126.7416658082
경기도,파주시,동패동,1855,소공원 19호,소공원,37.7151361032,126.7380577395
경상남도,진주시,초전동,1674,초전물빛공원,근린공원,35.210597683,128.1114277258
경상남도,진주시,초전동,1661,초전아름공원,근린공원,35.2117426044,128.1037258884
경상남도,진주시,정촌면,예하리 산18,근린공원 63,근린공원,35.1266481606,128.0942908604
경상남도,진주시,망경동,453-1,근린공원 64,근린공원,35.1809496329,128.0864961266
경상남도,진주시,장대동,103,장대어린이공원,어린이공원,35.1931176522,128.0884485797
경상남도,진주시,수정동,31,수정어린이공원,어린이공원,35.1973320652,128.0854662268
경상남도,진주시,상봉동,1452,서봉지공원,어린이공원,35.2019998739,128.0739767324
경상남도,진주시,상봉동,831-1,상봉한미르공원,어린이공원,35.2014341719,128.0668250792
경상남도,진주시,칠암동,522,칠암어린이공원,어린이공원,35.1838653669,128.0929731103
경상남도,진주시,하대동,295,하대중앙공원,어린이공원,35.1942107588,128.1193355422
경상남도,진주시,하대동,326,하대도래새미공원,어린이공원,35.1921338876,128.1248164452
경상남도,진주시,상평동,313-1,상평큰들공원,어린이공원,35.1731478457,128.1243457296
경상남도,진주시,상평동,260-1,상평돝골공원,어린이공원,35.1697144985,128.114307978
경상남도,진주시,가좌동,1432-1,가좌솔찬공원,어린이공원,35.1602749609,128.1066522931
경상남도,진주시,가좌동,1438-7,가좌늘꿈공원,어린이공원,35.1587519183,128.1062623334
경상남도,진주시,가좌동,663,가좌맑은누리공원,어린이공원,35.1624525445,128.1111307977
경상남도,진주시,가좌동,684-2,가좌참벗공원,어린이공원,35.1610210636,128.1084089213
경상남도,진주시,가좌동,659-3,가좌어깨동무공원,어린이공원,35.1623550081,128.1083140569
경상남도,진주시,호탄동,604,호탄늘품공원,어린이공원,35.1634048453,128.1133705588
경상남도,진주시,호탄동,638,호탄작은범골공원,어린이공원,35.1642816312,128.1168615131
경상남도,진주시,호탄동,619-8,호탄해그늘공원,어린이공원,35.1624178353,128.1146008168
경상남도,진주시,평거동,718-1,평거누리공원,어린이공원,35.1700748438,128.0519994441
경상남도,진주시,평거동,736,평거사랑뜰공원,어린이공원,35.1693041282,128.0505016743
경상남도,진주시,평거동,136-1,평거가득뜰공원,어린이공원,35.1736269551,128.0582966402
경상남도,진주시,신안동,451,신안누리공원,어린이공원,35.1818955192,128.0680756934
경상남도,진주시,신안동,708-2,신안초록공원,어린이공원,35.1766314511,128.069711305
경기도,파주시,목동동,1144,산내공원 10호,근린공원,37.7206730806,126.7326852498
경기도,파주시,와동동,1591,근린공원 11호,근린공원,37.7344306372,126.7532825605
경기도,파주시,와동동,1412,운정호수공원 12호,근린공원,37.7233898317,126.7563252478
경기도,파주시,광탄면,신산리 산 7-1,천주교묘지공원,묘지공원,37.7882047947,126.8470582073
경기도,파주시,문산읍,선유리 1379-3,성혼선생의묘(선유지구),묘지공원,37.8564497179,126.8060076864
경기도,파주시,탄현면,법흥리 1632,통일동산묘지공원,묘지공원,37.794279605,126.6973377606
경기도,파주시,탄현면,법흥리 1652-239,통일동산 갈대광장,문화공원,37.7881746278,126.699240398
경기도,파주시,와동동,1348,라온공원,문화공원,37.7269978956,126.7577879506
경기도,파주시,동패동,1766,메아리공원,문화공원,37.7083041124,126.7374511858
경기도,파주시,야당동,993,오름공원,문화공원,37.7142398759,126.7558322376
경기도,파주시,목동동,921,짚풀공원,문화공원,37.7315899342,126.7328009694
경기도,파주시,와동동,1461-1,세모뜰공원,문화공원,37.728361993,126.7623741642
경기도,파주시,와동동,1428,여울공원,문화공원,37.7253441519,126.7621494997
경기도,파주시,야당동,1058,운정지구 문화공원7,문화공원,37.7107954668,126.7600106756
경기도,파주시,동패동,2074,운정3지구 문화공원4,문화공원,37.714042016,126.710108084
경기도,파주시,파평면,율곡리 산 5-2,율곡문화공원,문화공원,37.8964843982,126.8269676607
경기도,파주시,문발동,528-1,파주출판단지 문화공원1,문화공원,37.7063648416,126.6855339418
경기도,파주시,적성면,설마리 산 43,설마공원,문화공원,37.9359313577,126.9464049247
경기도,파주시,문산읍,당동리 907,당동지구,문화공원,37.8632005818,126.7808004168
경기도,파주시,신촌동,725-4,신촌산업단지 소공원 1호,소공원,37.7283746493,126.6947690676
경기도,파주시,신촌동,722-3,신촌산업단지 소공원 2호,소공원,37.7306233406,126.6947535246
경기도,파주시,탄현면,성동리 669-3,통일동산(계절화원),소공원,37.781087198,126.6879476305
경기도,파주시,탄현면,법흥리 1652-343,통일동산(5) 근린공원,소공원,37.7869643491,126.6968242708
경기도,파주시,탄현면,법흥리 1652-403,통일동산(6) 근린공원,소공원,37.7866107148,126.6990285015
경기도,파주시,월롱면,능산리 663-1,월롱산업단지 소공원,소공원,37.8296194079,126.7801164536
경기도,파주시,문산읍,당동리 877,문산산업단지 당동지구,소공원,37.8698088722,126.7818891285
경기도,파주시,탄현면,축현리 985,축현산업단지 소공원,소공원,37.805471731,126.7433711693
경기도,파주시,법원읍,가야리 376-13,무건리 소공원 1,소공원,37.8498692857,126.8681668312
광주광역시,동구,학동,55-151,푸른길,근린공원,35.138933,126.9218729
광주광역시,동구,금남로3가,20-2,금남로,근린공원,35.14966953,126.9156302
광주광역시,동구,산수동,687,두암제2,근린공원,35.16158847,126.9379859
광주광역시,동구,산수동,568-2,산수제1,어린이공원,35.15882516,126.934946
광주광역시,동구,운림동,671-1,무량,어린이공원,35.13262277,126.9435268
광주광역시,동구,계림동,53,계림제1,어린이공원,35.158524,126.925015
경기도,수원시,영통구,영통동 1052-4,달님,어린이공원,37.26276871,127.084262
경기도,수원시,영통구,영통동 957-1,푸른,어린이공원,37.25905057,127.0739487
경기도,수원시,영통구,영통동 1047-3,단오,어린이공원,37.25601981,127.0766658
경기도,수원시,영통구,영통동 1031,수정,어린이공원,37.25175741,127.0800835
경상북도,구미시,고아읍,원호리 457,초롱공원,어린이공원,36.1513456214,128.3327924222
경상북도,구미시,고아읍,원호리 436,퇴경공원,어린이공원,36.1509051544,128.3294622595
경상북도,구미시,고아읍,원호리 451,싸리공원,어린이공원,36.1522813245,128.3304886801
경상북도,구미시,진평동,14,청백리공원,근린공원,36.0994341996,128.4236679593
경상북도,구미시,진평동,1056-1,푸른꿈공원,어린이공원,36.0907616218,128.427752484
경상북도,구미시,진평동,75-1,버금공원,어린이공원,36.0945439836,128.4298068734
경상북도,구미시,진평동,105-3,미리내공원,어린이공원,36.0937339318,128.4278068995
경상북도,구미시,진평동,99-2,어우름공원,어린이공원,36.0922752836,128.4307624252
경기도,평택시,고덕면,율포리 356-9잡,고덕 1호 문화공원 (고덕국제화지구),문화공원,37.054885,127.034647
경기도,평택시,팽성읍,노와리 456공,노와이주단지 체육공원(노와지구),체육공원,36.947202,127.090014
경기도,평택시,고덕면,해창리 531답,11호 근린공원(고덕국제화지구  해창리),근린공원,37.038837,127.016067
경기도,평택시,비전동,826,돌패기 어린이공원(청북지구 택지개발),어린이공원,36.996461,127.108229
경기도,평택시,합정동,921-1,동령 어린이공원,어린이공원,36.989147,127.09984
경기도,평택시,합정동,930-1,동막골(동구재) 어린이공원,어린이공원,36.987735,127.103446
경기도,평택시,세교동,557-1,동부 105호 어린이공원(신촌지구),어린이공원,37.003313,127.083109
경기도,평택시,팽성읍,추팔리 396-2,동부 106호 어린이공원(신촌지구),어린이공원,36.957551,127.078011
경기도,평택시,합정동,749,동삭 어린이공원(동삭지구),어린이공원,36.991862,127.096174
경기도,평택시,통복동,73,동일 어린이공원,어린이공원,36.998423,127.085552
경기도,평택시,팽성읍,안정리 169-50,두릉이주 어린이공원,어린이공원,36.959505,127.047945
경기도,평택시,팽성읍,송화리 770-1,둔터 어린이공원(청북지구 택지개발),어린이공원,36.963502,127.054582
경기도,평택시,합정동,774,둥실봉 어린이공원,어린이공원,36.990515,127.105605
경기도,평택시,동삭동,429-1,뒷동산 어린이공원(소사벌택지 5호),어린이공원,37.017869,127.08719
경기도,평택시,죽백동,748공,롯데인벤스 어린이공원,어린이공원,37.004445,127.113983
경기도,평택시,동삭동,714,모산골 어린이공원(동삭2지구),어린이공원,37.009731,127.100923
경기도,평택시,합정동,881,모험 어린이공원(소사벌택지 4호),어린이공원,36.990793,127.119713
경기도,평택시,합정동,902-4,무동 어린이공원(소사2지구),어린이공원,36.988787,127.105013
경기도,평택시,합정동,830,무지개 어린이공원,어린이공원,36.989137,127.091306
경기도,평택시,합정동,836,문화촌 어린이공원,어린이공원,36.990232,127.096101
경기도,평택시,세교동,560-1,물결 어린이공원(소사벌택지 6호),어린이공원,37.001993,127.07931
경기도,평택시,합정동,871-5,물방울(동부84호) 어린이공원(세교지구단위),어린이공원,36.98992,127.116372
경기도,평택시,용이동,596-7공,현촌한마음 문화공원(현촌지구),문화공원,36.998927,127.133623
경기도,오산시,가수동,113-2,가수어린이공원,어린이공원,37.145197,127.051045
경기도,평택시,비전동,1047공,늘푸른 어린이공원,어린이공원,37.002497,127.111008
경기도,평택시,세교동,555-1,늘푸른안정 어린이공원,어린이공원,37.001829,127.086017
경기도,평택시,신대동,184-9,대동 어린이공원(소사3지구),어린이공원,37.000529,127.058007
경기도,평택시,비전동,803,대장골 어린이공원(청북지구 택지개발),어린이공원,36.998698,127.101299
경기도,평택시,비전동,798-1,도곡 어린이공원(포승공단),어린이공원,37.000145,127.097266
경기도,평택시,세교동,230-59,도화동 어린이공원(안중지구 택지개발),어린이공원,37.006571,127.076627
경기도,평택시,죽백동,778-1공,돌우물 어린이공원,어린이공원,37.005663,127.120216
광주광역시,광산구,수완동,1154,수문1,근린공원,35.195920635,126.833189663
서울특별시,강남구,삼섬동,19-4,래미안라클래시소공원,소공원,37.51863809,127.0497099
경기도,파주시,탄현면,법흥리 1652-470,통일동산(759),근린공원,37.7870890043,126.7016278792
경기도,파주시,문산읍,당동리 884,당동공원,근린공원,37.8676338208,126.7785382058
경기도,파주시,문산읍,당동리 907,당동3근린공원,근린공원,37.8632005818,126.7808004168
경기도,파주시,문산읍,당동리 928,당동산업단지4호 근린공원,근린공원,37.8614747565,126.7747549078
경기도,파주시,문산읍,당동리 936,북부근린공원,근린공원,37.868224717,126.7876555203
경기도,파주시,문산읍,선유리 1374,선유산업단지1호 근린공원,근린공원,37.8616658566,126.8142849141
경기도,파주시,문산읍,선유리 1379,선유산업단지2호 근린공원,근린공원,37.8585218547,126.8066116854
경기도,파주시,문산읍,내포리 1641,월롱일반산업단지 근린공원,근린공원,37.838532789,126.7809770427
경기도,파주시,파주읍,봉서리 358-4,통일공원,근린공원,37.8490943987,126.7898894421
경기도,파주시,광탄면,기산리 산 150-1,마장근린공원,근린공원,37.7730652874,126.9277757787
경기도,파주시,목동동,820,가재울공원 1호,근린공원,37.7306885635,126.7420451674
경기도,파주시,와동동,1326,가람공원 2호,근린공원,37.730460954,126.7579084646
경기도,파주시,목동동,993,가재울공원 3호,근린공원,37.7267442694,126.7412488492
경기도,파주시,목동동,670,해솔공원 4호,근린공원,37.7256890019,126.7475370784
경기도,파주시,목동동,680,해솔공원 5호,근린공원,37.7226287642,126.7459061833
경기도,파주시,목동동,1091,산내공원 6호,근린공원,37.7199446146,126.7394132482
경기도,파주시,야당동,1001,한빛공원 7호,근린공원,37.7130296022,126.7483957237
경기도,파주시,동패동,1884,한울공원 8호,근린공원,37.7133868539,126.7369150467
경기도,파주시,목동동,1008,한솔공원 9호,근린공원,37.7252480702,126.7372276493
경기도,수원시,영통구,영통동 948-5,해오름,어린이공원,37.26491233,127.0813304
경기도,수원시,영통구,영통동 1053-3,달래,어린이공원,37.26663771,127.0830516
경기도,수원시,영통구,영통동 955-2,미로,어린이공원,37.26185806,127.0781262
경기도,안성시,미양면,개정리 766,개정산단,근린공원,36.95820534,127.1983896
경기도,안성시,공도읍,만정리 260-28 일원,퇴미1 공원(29호공원),근린공원,36.99878639,127.178638
경기도,안성시,공도읍,만정리 879,퇴미2 공원(30호공원),근린공원,36.99901899,127.178851
경기도,안성시,미양면,양변리 473 일원,4산단 근린공원1,근린공원,36.954093,127.244563
경기도,안성시,서운면,양촌리 487 일원,4산단 근린공원2,근린공원,36.946444,127.288654
경기도,안성시,원곡면,칠곡리 산33일원,원곡물류단지 근린공원,근린공원,37.046314,127.163185
경기도,안성시,공도읍,진사리 353-16 일원,진사근린공원1,근린공원,36.993392,127.145534
경기도,안성시,공도읍,진사리 5-6 일원,진사근린공원2,근린공원,36.996572,127.148549
경기도,안성시,낙원동,609-5 일원,낙원역사공원,역사공원,37.005021,127.272648
경기도,안성시,보개면,복평리 298,문화공원2,문화공원,37.03292002,127.312537
경기도,안성시,공도읍,승두리 65-3 일원,31호공원,문화공원,36.998053,127.168593
경기도,안성시,공도읍,마정리 산29일원,수변공원,수변공원,37.018786,127.211309
경기도,안성시,중리동,440,안성체육공원,체육공원,36.982442,127.2669687
경기도,안성시,서운면,신촌리 17-6,33호공원,어린이공원,36.94200665,127.2576923
경기도,안성시,당왕동,535-3,19호공원,어린이공원,37.015901,127.2617952
경기도,파주시,탄현면,법흥리 1652-141,통일동산 달맞이동산공원,근린공원,37.7897124559,126.697476082
경기도,파주시,탄현면,법흥리 1652-585,통일동산 노을동산,근린공원,37.7901765323,126.7024019242
경기도,수원시,영통구,매탄동 209-25,옹달샘,어린이공원,37.26557551,127.0470885
경기도,수원시,영통구,매탄동 205-32,산샘,어린이공원,37.26714647,127.0482123
경기도,수원시,영통구,매탄동 861,마루터기,어린이공원,37.26385648,127.0487029
경기도,수원시,영통구,원천동 463-1,먼내,어린이공원,37.26957867,127.0576438
경기도,수원시,영통구,매탄동 1201,우정,어린이공원,37.27156282,127.0538907
경기도,수원시,영통구,매탄동 1217-6,매미,어린이공원,37.26651885,127.0517346
경기도,수원시,영통구,매탄동 1354,효원,어린이공원,37.26223292,127.0415354
경기도,수원시,영통구,매탄동 1231-2,교통,어린이공원,37.26630262,127.0574025
경기도,수원시,영통구,원천동 549-3,솔빛,어린이공원,37.26713882,127.058579
충청남도,예산군,삽교읍,목리 764,내포1(홍예공원),문화공원,36.65875766,126.6648833
충청남도,예산군,삽교읍,목리 880,내포5(소금쟁이공원),어린이공원,36.66622729,126.6777794
충청남도,예산군,삽교읍,목리 923,내포2(목리천공원),근린공원,36.66128683,126.6735692
충청남도,예산군,삽교읍,목리 산52-1,신도시20(주제공원),체육공원,36.670585,126.673206
충청남도,예산군,삽교읍,신가리 20-24,삽교10(10호소공원),소공원,36.68530932,126.7493395
충청남도,예산군,삽교읍,신가리 24-189,삽교7(7호소공원),소공원,36.684392,126.7443645
충청남도,예산군,삽교읍,신가리 266-46,삽교9(9호근린공원),근린공원,36.68546479,126.7382239
충청남도,예산군,삽교읍,신리 281-7,내포1(무당벌레공원),어린이공원,36.402039,126.403052
충청남도,예산군,삽교읍,신리 294-24,내포2(자연소리공원),어린이공원,36.401941,126.404767
충청남도,예산군,삽교읍,신리 298-2,내포3(여치공원),어린이공원,36.401698,126.410107
충청남도,예산군,삽교읍,월산리 172,삽교11(11호소공원),소공원,36.67436347,126.7611888
충청남도,예산군,삽교읍,효림리 481,삽교15(15호소공원),소공원,36.67725156,126.7513703
충청남도,예산군,삽교읍,효림리 535,삽교13(13호어린이공원),어린이공원,36.671704,126.751444
충청남도,예산군,삽교읍,효림리 561,삽교14(14호소공원),소공원,36.67902736,126.7521543
충청남도,예산군,예산읍,관작리 288-9,예산1(동학농민혁명기념공원),역사공원,36.71573482,126.8423874
충청남도,예산군,예산읍,대회리 227,예산16(16호어린이공원),어린이공원,36.674645,126.848025
충청남도,예산군,예산읍,대회리 294-4,예산13(대회공원),근린공원,36.674166,126.856149
충청남도,예산군,예산읍,발연리 253-2,예산14(14호어린이공원),어린이공원,36.696807,126.8326325
충청남도,예산군,예산읍,산성리 122,예산4(예산공원),근린공원,36.687254,126.838007
충청남도,예산군,예산읍,산성리 275-56,예산2(산성공원),역사공원,36.69222413,126.8230439
충청남도,예산군,예산읍,산성리 662,예산11(11호어린이공원),어린이공원,36.694237,126.835178
충청남도,예산군,예산읍,산성리 697-1,예산10(10호소공원),소공원,36.691798,126.829513
충청남도,예산군,예산읍,산성리 750,예산9(9호어린이공원),어린이공원,36.691933,126.834646
충청남도,예산군,예산읍,산성리 858,예산5(5호어린이공원),어린이공원,36.690917,126.832637
충청남도,예산군,예산읍,산성리 95-2,예산6(나래공원),어린이공원,36.688031,126.841471
충청남도,예산군,예산읍,예산리 770,예산17(17호소공원),소공원,36.68273504,126.8458339
충청남도,천안시,서북구,쌍용동 1563,방아다리공원(쌍용4),근린공원,36.79288169,127.118357
부산광역시,기장군,정관읍,달산리 1096번지,근린공원 2호,근린공원,35.31699,129.1932
세종특별자치시,대평동,703,,별바라기어린이공원,어린이공원,36.47267514,127.2817591
세종특별자치시,보람동,728,,솜사탕어린이공원,어린이공원,36.47799548,127.2833405
세종특별자치시,보람동,736,,바람개비어린이공원,어린이공원,36.47637836,127.2858006
세종특별자치시,보람동,771,,호드기어린이공원,어린이공원,36.47883522,127.2939012
세종특별자치시,소담동,538,,해님어린이공원,어린이공원,36.486825,127.2988626
세종특별자치시,소담동,522,,늘꿈어린이공원,어린이공원,36.48833437,127.3011043
세종특별자치시,소담동,532,,슬기샘어린이공원,어린이공원,36.48786832,127.2996701
세종특별자치시,반곡동,859,,해맑은어린이공원,어린이공원,36.49894564,127.3148923
세종특별자치시,부강면,부강리,102-3,부강꿈뜰공원,어린이공원,36.5282015,127.3708739
세종특별자치시,부강면,부강리,412-9,부강새말어린이공원,어린이공원,36.53043921,127.3640419
세종특별자치시,나성동,852,,아이뜰어린이공원,어린이공원,36.48940094,127.2654863
세종특별자치시,반곡동,1043,,별가득어린이공원,어린이공원,36.48186899,127.3129033
세종특별자치시,전의면,읍내리,130-6,금지어린이공원,어린이공원,36.6821067,127.1972104
세종특별자치시,보람동,54-2전,일원(보람동 807),포근뜰근린공원,근린공원,36.478586,127.299762
세종특별자치시,소담동,"9-59전,","9-98임 일원(소담동 624, 625)",소담뜰근린공원,근린공원,36.479892,127.302512
세종특별자치시,보람동,54-2전,"일원(소담동 626, 627)",새샘뜰근린공원,근린공원,36.478577,127.299773
세종특별자치시,집현동,883-152답,"일원(집현동 1200, 1259, 1359)",능실수변공원,수변공원,36.486306,127.322261
세종특별자치시,집현동,산186임,"일원(집현동 1175, 1188, 1198)",솔솔수변공원,수변공원,36.486761,127.323885
세종특별자치시,집현동,산122임,일원(집현동 1182),시울문화공원,문화공원,36.495227,127.324906
세종특별자치시,집현동,883-40답,"일원(집현동 1186, 1193, 1197)",새나루뜰근린공원,근린공원,36.491123,127.323625
세종특별자치시,집현동,883-161답,일원(집현동 1274),문4-16,문화공원,36.484966,127.320916
세종특별자치시,집현동,883-161답,일원(집현동 1273),문4-17,문화공원,36.484966,127.320916
전라남도,나주시,빛가람동,350,공원(소1혁신),소공원,35.01959462,126.782836
전라남도,나주시,빛가람동,514,공원(소2혁신),소공원,35.011705,126.7766684
전라남도,나주시,빛가람동,330-1,공원(소3혁신),소공원,35.017349,126.793892
전라남도,나주시,빛가람동,221,공원(소4혁신),소공원,35.023511,126.797143
전라남도,나주시,남평읍,평산리 975,작수공원,소공원,35.049851,126.8314156
전라남도,나주시,남평읍,평산리 524-5,앞들공원,소공원,35.051312,126.8329631
전라남도,나주시,남평읍,평산리 762-3,노화장공원,소공원,35.061785,126.830457
전라남도,나주시,남평읍,평산리 62-1,어전공원,소공원,35.058482,126.839351
전라남도,나주시,남평읍,수원리 716-4,마당거리공원,소공원,35.05052324,126.8484292
전라남도,나주시,남평읍,노동리 286,상노동공원,소공원,35.066752,126.891913
전라남도,나주시,남평읍,수원리 255-2,하노동공원,소공원,35.051045,126.848806
전라남도,나주시,노안면,양천리 255-13,금동공원,소공원,35.108683,126.690142
전라남도,나주시,노안면,안산리 850-1,이룡공원,소공원,35.09908492,126.6970189
전라남도,나주시,노안면,안산리 1411-11,대안공원,소공원,35.093632,126.705329
전라남도,나주시,노안면,안산리 599-2,평산공원,소공원,35.088941,126.700064
전라남도,나주시,노안면,안산리 214-1,월평공원,소공원,35.08988161,126.715631
전라남도,나주시,노안면,안산리 214-1,엄동공원,소공원,35.08988161,126.715631
전라남도,나주시,노안면,용산리 562-56,금곡공원,소공원,35.078905,126.705541
전라남도,나주시,노안면,유곡리 58,감정공원,소공원,35.100638,126.7475955
전라남도,나주시,노안면,유곡리 516-5,가곡공원,소공원,35.08830639,126.734431
전라남도,나주시,노안면,유곡리 195,유림공원,소공원,35.08834422,126.741318
전라남도,나주시,노안면,유곡리 산33,현애원공원,소공원,35.10344136,126.7402263
전라남도,나주시,노안면,금동리 468,신암공원,소공원,35.09277613,126.724227
전라남도,나주시,노안면,도산리 647,대암공원,소공원,35.085941,126.751618
전라남도,나주시,노안면,도산리 383,도천공원,소공원,35.086528,126.756105
전라남도,나주시,산포면,등정리 419-3,공원,소공원,35.0480030873,126.8167932016
전라남도,나주시,산포면,신도리 1310,신도공원,소공원,34.99863305,126.8011431
충청남도,당진시,신평면,금천리 산13-1,공원:501(신평:01 신평공원),체육공원,36.8856091,126.7821793
충청남도,당진시,신평면,거산리 62-1,공원:502(신평:03 거산공원),근린공원,36.87852686,126.758081
충청남도,당진시,신평면,금천리 880-10,공원:503(신평:05 정우공원),어린이공원,36.884801,126.7691922
충청남도,당진시,신평면,거산리 877,공원:504(신평:06 공간공원),어린이공원,36.8824741,126.7591698
충청남도,당진시,송악읍,기지시리 153-46,공원:601(송악:01 기지시공원),근린공원,36.90227998,126.6958419
충청남도,당진시,송악읍,기지시리 502,공원:602(송악:제1호공원),어린이공원,36.90023918,126.6899896
충청남도,당진시,송악읍,기지시리 509,공원:603(송악:제2호공원),어린이공원,36.90088789,126.6933012
충청남도,당진시,송악읍,기지시리 513,공원:604(송악:제3호공원),수변공원,36.89926327,126.6968508
충청남도,당진시,송악읍,기지시리 493,공원:605(송악:제4호공원(송악지구),소공원,36.90070367,126.6894244
충청남도,당진시,송악읍,기지시리 457,공원:606(송악:07 어린이공원),어린이공원,36.9030855,126.6948116
충청남도,당진시,송악읍,반촌리 989,공원:607(송악:08 소공원),소공원,36.9046866,126.6987127
충청남도,당진시,송악읍,반촌리 988,공원:608(송악:09 소공원),소공원,36.9041786,126.6950519
충청남도,당진시,송악읍,기지시리 347,공원:609(송악:줄다리기공원),역사공원,36.90542724,126.6888263
충청남도,당진시,송악읍,중흥리 81-1,공원:701(중흥:1 공원),근린공원,36.92976402,126.749989
충청남도,당진시,송악읍,한진리 377-7,공원:803(한진리지구 10),소공원,36.96925398,126.7793314
충청남도,당진시,송악읍,한진리 374,공원:804(한진리지구 11),소공원,36.9693119019,126.7806358205
충청남도,당진시,송악읍,한진리 374,공원:805(한진리지구 12),소공원,36.9693119019,126.7806358205
충청남도,당진시,송악읍,한진리85-1,공원:806(한진리지구 14),어린이공원,36.97108845,126.7792587
충청남도,당진시,정미면,덕마리343-9,공원:812(덕마리지구 13),어린이공원,36.848864,126.5986445
충청남도,당진시,신평면,운정리 214-5,공원:813(삽교호관광지:2),근린공원,36.89182902,126.8226069
충청남도,당진시,신평면,매산리 516-40,공원:814(매산지구:행담2공원),소공원,36.9409256,126.8095297
충청남도,당진시,신평면,남산리 3,공원:815(남산지구 소공원),소공원,36.876972,126.779649
충청남도,당진시,신평면,남산리 산86-7,공원:816(남산지구 어린이공원),어린이공원,36.87328796,126.780432
충청남도,당진시,신평면,신흥리 446-87,공원:817(남산지구 어린이공원),어린이공원,36.87772468,126.7842678
충청남도,당진시,고대면,용두리 산20-1,공원:818(용두리지구),근린공원,36.92597838,126.5996849
충청남도,당진시,고대면,용두리 668-3,공원:819(용두리지구),어린이공원,36.925591,126.597317
충청남도,당진시,고대면,용두리 586-1,공원:820(용두리지구),어린이공원,36.928862,126.601746
충청북도,청주시,서원구,분평동 1363,원마루공원,근린공원,36.361406,127.294504
충청남도,당진시,고대면,용두리 산13-6,공원:821(용두리지구),소공원,36.926969,126.6037776
충청남도,당진시,고대면,용두리 506,공원:822(용두리지구),소공원,36.925068,126.6050354
충청남도,당진시,합덕읍,신리 70-8,공원:823(신리성지 7),역사공원,36.762616,126.7711039
충청남도,당진시,우강면,송산리 147,공원:824(솔뫼성지),역사공원,36.81906765,126.7845921
충청남도,당진시,석문면,통정리 325-4,공원:825(통정리지구 1),근린공원,36.97770187,126.5939414
충청남도,당진시,석문면,통정리 산107-2,공원:826(통정리지구),어린이공원,36.98446777,126.5883287
충청남도,당진시,석문면,통정리 401-2,공원:827(통정리지구),어린이공원,36.98317988,126.5910217
충청남도,당진시,석문면,통정리 산 172-8,공원:828(통정리지구),어린이공원,36.980741,126.593076
충청남도,당진시,석문면,통정리 1160,공원:829(통정리지구),소공원,36.98244558,126.5870909
충청남도,당진시,석문면,통정리 388-17,공원:830(통정리지구),소공원,36.979802,126.591192
충청남도,당진시,대호지면,조금리 산43-1,공원:831(창의사 역사공원),역사공원,36.90356144,126.5128776
충청남도,당진시,송악읍,고대리 167-120,공원:당진1철강 산업단지:공1,소공원,36.98308523,126.7391484
충청남도,당진시,석문면,통정리 1838,공원:석문국가산업단지:1(도량개들어린이공원),어린이공원,36.97685481,126.5895307
충청남도,당진시,석문면,통정리 1347,공원:석문국가산업단지:1(통정공원),근린공원,36.99731253,126.5911586
충청남도,당진시,석문면,통정리 1505,공원:석문국가산업단지:2(석문공원),근린공원,37.00197892,126.5942953
충청남도,당진시,석문면,장고항리 1208,공원:석문국가산업단지:3(달맞이공원),근린공원,37.02093457,126.5807905
충청남도,당진시,석문면,장고항리 1430,공원:석문국가산업단지:4(해맞이공원),근린공원,37.02345327,126.5795684
충청남도,당진시,석문면,삼봉리 2240,공원:석문국가산업단지:5(솔숲공원),근린공원,37.0112986,126.5747634
충청남도,당진시,석문면,삼봉리 2151,공원:석문국가산업단지:6(삼봉공원),근린공원,37.01115708,126.5612936
충청남도,당진시,고대면,성산리 1630,공원:석문국가산업단지:7(진골공원),근린공원,36.9766045,126.5813581
충청남도,당진시,석문면,통정리 2029,공원:석문국가산업단지:8(옛토성공원),근린공원,36.97391805,126.5906887
충청남도,당진시,송산면,유곡리 산 1-2,공원:송산2 일반산업단지:1(미래공원),어린이공원,36.965951,126.6879165
충청남도,당진시,송산면,동곡리 165-39,공원:송산2 일반산업단지:1(파란공원),문화공원,36.97414846,126.7022202
충청남도,당진시,송산면,유곡리 410-41,공원:송산2 일반산업단지:10,소공원,36.958969,126.692285
충청남도,당진시,송산면,유곡리 1444,공원:송산2 일반산업단지:11,소공원,36.959509,126.693025
충청북도,청주시,서원구,분평동 1251,안뜸공원,근린공원,36.60919407,127.4894403
충청북도,청주시,서원구,사직동 205-16,수변공원1,수변공원,36.64271016,127.4820573
경기도,수원시,팔달구,화서동 645,쪽빛,어린이공원,37.28592281,126.9909966
경기도,수원시,팔달구,화서동 649-1,개구쟁이,어린이공원,37.28474429,126.9915651
경기도,수원시,팔달구,화서동 654,숙지,어린이공원,37.28337838,126.9925305
경기도,수원시,팔달구,화서동 657,네버랜드,어린이공원,37.28135952,126.9925868
경기도,수원시,팔달구,우만동 72-1,솔밭산,어린이공원,37.27790107,127.0434517
경기도,수원시,팔달구,우만동 51-1,장고개,어린이공원,37.2786827,127.0404484
경기도,수원시,팔달구,교동 45,교동,어린이공원,37.27174738,127.012064
경기도,수원시,팔달구,화서동 79-9,약수터,어린이공원,37.28291807,127.0038746
경기도,수원시,팔달구,화서동 755,푸른숲,어린이공원,37.28176264,127.0006431
경기도,수원시,팔달구,화서동 744,힘찬,어린이공원,37.28889777,126.9990599529
경기도,수원시,팔달구,인계동 384-1,색동,어린이공원,37.26832123,127.0349365
경기도,수원시,팔달구,인계동 465-3,인도래,어린이공원,37.26952732,127.0338052
경기도,수원시,영통구,매탄동 899,매화,어린이공원,37.27008315,127.0404451
경기도,수원시,영통구,매탄동 1166-2,참새,어린이공원,37.25704329,127.0404504
경기도,수원시,영통구,매탄동 1177,혜성,어린이공원,37.25488673,127.0379939
경기도,수원시,영통구,매탄동 101-16,무지개,어린이공원,37.2730117,127.0450275
경기도,수원시,영통구,매탄동 196-25,미래,어린이공원,37.27168445,127.0473854
경기도,수원시,영통구,매탄동 111-107,산남,어린이공원,37.27170482,127.0504251
인천광역시,미추홀구,도화동,994-1,배말근린공원,근린공원,37.47413782,126.6579618
인천광역시,미추홀구,도화동,987-3,궁현어린이공원,어린이공원,37.4758787,126.6637398471
인천광역시,미추홀구,도화동,1003-2,서화어린이공원,어린이공원,37.4746683163,126.6621224935
인천광역시,미추홀구,도화동,988,송림어린이공원,어린이공원,37.4763098817,126.6603724
인천광역시,미추홀구,주안동,1579-10,석암어린이공원,어린이공원,37.454458,126.6929048
인천광역시,미추홀구,주안동,830-48,푸르름어린이공원,어린이공원,37.448105,126.672296
인천광역시,미추홀구,주안동,1668,물방울어린이공원,어린이공원,37.4449179436,126.6726131
인천광역시,미추홀구,주안동,1666,꽃구름어린이공원,어린이공원,37.4450796278,126.6735300352
인천광역시,미추홀구,용현동,627-509,용현도시농업공원,도시농업공원,37.446178,126.6417841
인천광역시,미추홀구,학익동,587-6,아이그린공원,어린이공원,37.44334601,126.6470017
인천광역시,미추홀구,숭의동,440-1,주인공원,근린공원,37.45811288,126.648439
인천광역시,미추홀구,용현동,692,용마루어린이공원,어린이공원,37.4595096081,126.641241967
인천광역시,미추홀구,용현동,523-32,비랑이어린이공원,어린이공원,37.4564863,126.644077
인천광역시,미추홀구,주안동,1680,승기어린이공원,어린이공원,37.4536293398,126.6743230754
인천광역시,미추홀구,주안동,1681,미추어린이공원,어린이공원,37.4534077158,126.6791861847
인천광역시,미추홀구,주안동,1545-2번지 일원,하늘새어린이공원,어린이공원,37.4567026,126.6917549
인천광역시,미추홀구,문학동,344-1,문학소공원,소공원,37.440082,126.683947
인천광역시,미추홀구,주안6동,923-3,두리어린이공원,어린이공원,37.4599969,126.6925976
인천광역시,미추홀구,문학동,336-6,소성어린이공원,어린이공원,37.4396875091,126.680556
인천광역시,미추홀구,문학동,351-1,도천어린이공원,어린이공원,37.4388984316,126.6782673342
인천광역시,미추홀구,문학동,360,삼호어린이공원,어린이공원,37.4379952882,126.6803292
인천광역시,미추홀구,문학동,383-7,관선어린이공원,어린이공원,37.4378999,126.6874996
서울특별시,은평구,증산,163-34,분토골어린이공원,어린이공원,37.621482,126.915707
서울특별시,은평구,갈현,434-38,서갈현어린이공원,어린이공원,37.583268,126.916127
서울특별시,은평구,불광,444-1,새장골어린이공원,어린이공원,37.611011,126.908075
서울특별시,은평구,불광,444-15,시내어린이공원,어린이공원,37.607188,126.907777
서울특별시,은평구,불광,270-11,관동어린이공원,어린이공원,37.623992,126.916508
서울특별시,은평구,불광,448-51,가람어린이공원,어린이공원,37.586711,126.911699
서울특별시,은평구,신사,31-2,신흥어린이공원,어린이공원,37.60631,126.9342
서울특별시,은평구,신사,200-27,아까시아어린이공원,어린이공원,37.591312,126.928971
서울특별시,은평구,신사,237-177,개나리어린이공원,어린이공원,37.590721,126.905813
서울특별시,은평구,응암,742-9,응암4동어린이공원,어린이공원,37.605483,126.930922
서울특별시,은평구,불광,236-5,불광어린이공원,어린이공원,37.603157,126.929288
서울특별시,은평구,응암동,761-9,응암9어린이공원,어린이공원,37.603459,126.932237
서울특별시,은평구,응암,85-41,응암어린이공원,어린이공원,37.615323,126.919745
서울특별시,은평구,녹번,20-6,신록어린이공원,어린이공원,37.614689,126.915685
서울특별시,은평구,응암,120-22,참다래어린이공원,어린이공원,37.617265,126.913295
서울특별시,은평구,응암,115-25,포수동어린이공원,어린이공원,37.625135,126.918535
서울특별시,은평구,증산,185-1,시루메어린이공원,어린이공원,37.603973,126.923728
서울특별시,은평구,역촌,32-36,연서어린이공원,어린이공원,37.605114,126.938126
서울특별시,은평구,역촌,39-2,역마을어린이공원,어린이공원,37.601679,126.923517
서울특별시,은평구,역촌,47-1,역말어린이공원,어린이공원,37.598043,126.919446
서울특별시,은평구,역촌,8-11,인조유기비어린이공원,어린이공원,37.595367,126.917374
서울특별시,은평구,대조,212,대조어린이공원,어린이공원,37.601073,126.918478
서울특별시,은평구,갈현,474-1,길마어린이공원,어린이공원,37.606876,126.914238
서울특별시,은평구,갈현,327-21,궁말어린이공원,어린이공원,37.608641,126.916513
서울특별시,은평구,갈현,416-3,박석어린이공원,어린이공원,37.616846,126.908951
서울특별시,은평구,갈현,513-1,좌월어린이공원,어린이공원,37.598914,126.911312
서울특별시,은평구,갈현,436-51,갈곡리어린이공원,어린이공원,37.595946,126.911954
서울특별시,은평구,신사,5-21,새락골어린이공원,어린이공원,37.582994,126.906559
서울특별시,은평구,녹번,95-44,호연어린이공원,어린이공원,37.604098,126.916651
경기도,평택시,용이동,447-1,놀이 어린이공원(서재지구 80호),어린이공원,36.998348,127.139361
경기도,평택시,용이동,459-1,농성 어린이공원(안정2호 근린공원),어린이공원,36.996513,127.140007
경기도,평택시,용이동,453-4,높은들 어린이공원,어린이공원,36.995507,127.136516
경기도,평택시,용이동,749-1번지,꼬불길 어린이공원(지제세교지구),어린이공원,37.001736,127.148257
경기도,평택시,팽성읍,안정리 43-4,꽃잎소리 어린이공원(소사벌택지 9호),어린이공원,36.964653,127.045679
경기도,평택시,동삭동,575-1,꿈동산 어린이공원(소사벌택지 3호),어린이공원,37.020082,127.083718
경기도,평택시,용이동,300-2번지,나비 어린이공원(소사벌택지 2호),어린이공원,36.990964,127.121355
경기도,평택시,통복동,22-2,낙촌 어린이공원,어린이공원,36.998618,127.083086
경기도,평택시,용이동,593-3,내일 4호 어린이공원(모산영신지구),어린이공원,36.999606,127.131558
경기도,평택시,비전동,752-13,노래비 1호 어린이공원(모산영신지구),어린이공원,36.994051,127.10067
경기도,평택시,동삭동,412-14,노루댕이 어린이공원(장당 3호),어린이공원,37.016004,127.090542
경기도,평택시,용이동,485-1,노와이주 어린이공원(노와이주단지 12호),어린이공원,37.000023,127.14821
인천광역시,남동구,구월동,1495,성리공원,어린이공원,37.44381983,126.7095181
인천광역시,남동구,구월동,1509,무지개공원,어린이공원,37.44473057,126.7153655
인천광역시,남동구,구월동,1486-2,구월소공원,소공원,37.44708759,126.7121549
인천광역시,남동구,도림동,412,주적체육공원,체육공원,37.41473596,126.724402
인천광역시,남동구,운연동,48-4,연락골소공원,소공원,37.44353394,126.7676514
인천광역시,남동구,장수동,45일원,만의골공원,소공원,37.459241,126.773141
인천광역시,남동구,간석동,산 15-1,석촌공원,근린공원,37.47177154,126.7103718
인천광역시,남동구,간석동,1-873,새말소공원,소공원,37.465791,126.720657
인천광역시,남동구,간석동,60-2,네모소공원,소공원,37.4699114,126.712227
경기도,오산시,수청동,87-16,수청근린공원,근린공원,37.1627651283,127.0693102037
경기도,오산시,원동,555-2,원동근린공원,근린공원,37.1400030187,127.075812155
경기도,오산시,원동,481-17,원동제2근린공원,근린공원,37.132595,127.074916
경기도,오산시,오산동,852-11,오산어린이공원,어린이공원,37.151616,127.072782
경기도,오산시,원동,760-5,원동어린이공원,어린이공원,37.147119,127.071119
경기도,오산시,은계동,39-6,은계어린이공원,어린이공원,37.1608808688,127.0732477168
경상남도,창원시,의창구,사림동 72-1,어린이공원91,어린이공원,35.244308,128.683062
서울특별시,강남구,세곡동,537,물굽이공원,수변공원,37.46520915,127.093755
서울특별시,강남구,세곡동,549,쉼표소공원,소공원,37.467518,127.099851
서울특별시,강남구,역삼동,711-5,역삼미소공원,소공원,37.50142477,127.0439883
서울특별시,강남구,도곡동,538-4,도곡햇살소공원,소공원,37.49575164,127.0524907
서울특별시,강남구,세곡동,548,도담공원,어린이공원,37.46732499,127.0986125
서울특별시,강남구,세곡동,546,행복공원,어린이공원,37.46728874,127.0971653
서울특별시,강남구,대치동,1029-2,대치에스케이뷰1 소공원,소공원,37.49576505,127.0595115
서울특별시,강남구,대치동,1029-3,대치에스케이뷰2 소공원,소공원,37.49605146,127.0614886
서울특별시,강남구,대치동,1027-1,래미안대치팰리스소공원1,소공원,37.4943606,127.0598416
서울특별시,강남구,대치동,1028-1,래미안대치팰리스소공원2,소공원,37.4949289,127.061663
서울특별시,강남구,율현동,354,방죽소공원,소공원,37.4724532,127.1065987
서울특별시,강남구,율현동,431,솔밭소공원,소공원,37.4738142,127.1082681
서울특별시,강남구,대치동,977,대치제2지구소공원,소공원,37.50195628,127.0648309
경상남도,창원시,성산구,남양동 41-1,어린이공원155,어린이공원,35.205049,128.704205
경상남도,창원시,성산구,상복동 591,창원묘지공원,묘지공원,35.191857,128.663619
전라남도,여수시,학동,25-1,건천공원,소공원,34.764515,127.6674784
전라남도,여수시,선원동,143-1,여선공원,소공원,34.767045,127.6528896
전라남도,여수시,선원동,1325-2,도원공원,어린이공원,34.764424,127.6517293
전라남도,여수시,선원동,1306,용성공원,어린이공원,34.773836,127.653574
전라남도,여수시,돌산읍,우두리 산1,돌산공원,근린공원,34.68580539,127.7920771
전라남도,여수시,여서동,210,여문공원,근린공원,34.752261,127.7026752
전라남도,여수시,문수동,873,허문공원,어린이공원,34.749747,127.6946863
전라남도,여수시,여서동,247,텃골공원,어린이공원,34.75255781,127.7087823
전라남도,여수시,여서동,387,여명공원,어린이공원,34.750382,127.708896
경기도,파주시,문발동,563,송골공원,근린공원,37.7224119963,126.7095563754
경기도,파주시,동패동,1692,교하중앙공원,근린공원,37.7239339378,126.7170032156
경기도,파주시,다율동,988,노을빛공원,근린공원,37.7294246279,126.7152103188
경기도,파주시,다율동,984,다율공원,근린공원,37.7299387818,126.7212277758
경기도,파주시,문발동,593,문발공원,근린공원,37.7195369805,126.7045477485
경기도,파주시,문발동,599,달맞이공원,근린공원,37.7204134837,126.7070656137
경기도,파주시,동패동,1688,솔내음공원,근린공원,37.7252196015,126.7146669611
경기도,파주시,동패동,1712,양지말공원,근린공원,37.7187536413,126.7213790019
경기도,파주시,동패동,1697,해돋이공원,근린공원,37.7259525259,126.7192742981
경기도,파주시,다율동,981,물푸레공원,근린공원,37.734041161,126.7202412487
경기도,파주시,문발동,496-1,파주출판단지 근린공원,근린공원,37.7198463934,126.688409388
경기도,파주시,금촌동,995,후곡공원,근린공원,37.7500195073,126.7707147529
경기도,파주시,금촌동,1010,쇠재공원,근린공원,37.7505531293,126.7764909632
경기도,파주시,금릉동,428,금릉공원,근린공원,37.7538401032,126.7798133888
경기도,파주시,금촌동,427-3,금신공원,근린공원,37.7717292739,126.7740601844
경기도,파주시,탄현면,법흥리 1701,통일동산 근린공원,근린공원,37.7761546885,126.7043095845
경기도,파주시,탄현면,성동리 681,통일동산 락가든공원,근린공원,37.7785645926,126.6916449856
경기도,파주시,탄현면,성동리 680,통일동산 고산원공원,근린공원,37.7776482599,126.6908793958
대구광역시,달서구,대곡동,1024,대진어린이공원,어린이공원,35.80662654,128.5217068
대구광역시,달서구,도원동,573,도원어린이공원,어린이공원,35.80748419,128.5473065
대구광역시,달서구,도원동,1451,도원어린이공원,어린이공원,35.80628301,128.5461183
대구광역시,달서구,신당동,1716,돌산공원,어린이공원,35.85741103,128.4935096
대구광역시,달서구,진천동,623-12,진천어린이공원,어린이공원,35.8127071,128.5229466
대구광역시,달서구,상인동,1523-1,동심어린이공원,어린이공원,35.81322913,128.5449621
강원특별자치도,원주시,단계동,1186-8,바우골근린공원,근린공원,37.355848,127.9194833
부산광역시,기장군,정관읍,달산리 1245번지,강변공원,근린공원,35.3135424,129.1900656
부산광역시,기장군,정관읍,용수리 1361번지,해밀공원,어린이공원,35.339239,129.1774978
부산광역시,기장군,정관읍,방곡리 389-3번지,옛터공원,어린이공원,35.33003,129.1905
부산광역시,기장군,정관읍,모전리 740-11번지,광장 1호,기타,35.34332,129.1599
부산광역시,기장군,정관읍,모전리 742-5번지,광장 2호,기타,35.3368852,129.1613769
부산광역시,기장군,정관읍,모전리 758번지,광장 3호,기타,35.3368852,129.1613769
부산광역시,기장군,정관읍,모전리 771번지,광장 4호,기타,35.3368852,129.1613769
부산광역시,기장군,정관읍,용수리 1392번지,광장 5호,기타,35.339239,129.1774978
부산광역시,기장군,정관읍,용수리 1332번지,광장 6호,기타,35.339239,129.1774978
부산광역시,기장군,정관읍,매학리 714-7번지,광장 7호,기타,35.32122,129.1797
부산광역시,기장군,정관읍,매학리 750-17번지,광장 8호,기타,35.3169318,129.1661425
부산광역시,기장군,정관읍,방곡리 447번지,광장 9호,기타,35.3263365,129.188662
부산광역시,기장군,정관읍,용수리 1281번지,광장 10호,기타,35.339239,129.1774978
부산광역시,기장군,정관읍,방곡리 398-1번지,광장 11호,기타,35.33046,129.1911
부산광역시,기장군,정관읍,모전리 674번지,솔빛공원,근린공원,35.3368852,129.1613769
부산광역시,기장군,정관읍,모전로 29,물빛공원,근린공원,35.34095,129.1665
부산광역시,기장군,정관읍,모전리 690번지,모전공원,어린이공원,35.3368852,129.1613769
부산광역시,기장군,정관읍,용수리 1277번지,산골공원,어린이공원,35.339239,129.1774978
부산광역시,기장군,정관읍,용수리 1300번지,해오름공원,어린이공원,35.339239,129.1774978
부산광역시,기장군,정관읍,용수리 1290-3번지,어울공원,어린이공원,35.33387,129.1847
부산광역시,기장군,정관읍,두명리 466-1,두명공공공지,기타,35.35938,129.1463
부산광역시,기장군,정관읍,모전리 726번지,솔마루공원,근린공원,35.3368852,129.1613769
부산광역시,기장군,정관읍,달산리 1036번지,근린공원 1호,근린공원,35.31737,129.1864
경기도,구리시,인창동,693,원일공원,어린이공원,37.61186183,127.1386002
경기도,구리시,인창동,595,삼호공원,어린이공원,37.60281663,127.1365201
경기도,구리시,토평동,957,새싹공원,어린이공원,37.58719208,127.147062
경기도,구리시,인창동,663-3,주공1단지,어린이공원,37.61053409,127.1397086
경기도,구리시,인창동,665-2,삼보1공원,어린이공원,37.607911,127.1410333
경기도,구리시,인창동,664-2,주공2단지1공원,어린이공원,37.61069531,127.1407541
경기도,구리시,인창동,664-4,주공2단지2공원,어린이공원,37.609241,127.1437257
경기도,구리시,인창동,665-3,삼보2공원,어린이공원,37.60780795,127.1404967
경기도,구리시,인창동,666-4,주공4단지1공원,어린이공원,37.60694053,127.143298
경기도,구리시,인창동,666-5,주공4단지2공원,어린이공원,37.60694053,127.143298
경기도,구리시,토평동,1010,민벌공원,어린이공원,37.5932476,127.1563305
경기도,구리시,토평동,1004,개맥이공원,어린이공원,37.59261996,127.1515648
경기도,구리시,토평동,983,오성공원,어린이공원,37.58914181,127.1471419
경기도,구리시,교문동,822,금호공원,어린이공원,37.58575181,127.1341714
경기도,구리시,인창동,667-2,삼환공원,어린이공원,37.60505626,127.1439918
경기도,구리시,갈매동,536,탑골공원,어린이공원,37.6379297,127.1232326
경기도,구리시,토평동,23-50,돌섬공원,어린이공원,37.57976438,127.155611
경기도,구리시,교문동,667-4,공원(백교2),어린이공원,37.58161904,127.1276101
경기도,구리시,아천동,353-10,공원(아치울2),어린이공원,37.57465468,127.1186927
경기도,구리시,수택동,889,왕산내뜰어린이공원,어린이공원,37.6027172,127.1473125
경기도,구리시,인창동,713-2,포스코공원,어린이공원,37.60318749,127.1311763
경기도,구리시,교문동,220,덕고개공원,어린이공원,37.5989141,127.1331825
서울특별시,성동구,행당동,323-24,행당4구역,소공원,37.5555693,127.0320798
서울특별시,성동구,행당동,346-2,도장골,소공원,37.5548088817,127.0273997152
서울특별시,성동구,홍익동,370,도선,어린이공원,37.56550468,127.031418
서울특별시,성동구,행당동,376-3,살구골,어린이공원,37.55573009,127.0335764
서울특별시,성동구,금호동2가,1218,금동,어린이공원,37.549422288,127.0256914528
서울특별시,성동구,행당동,347-2,논골새싹,어린이공원,37.5575113137,127.0250458
서울특별시,성동구,하왕십리동,1069,꽃재,어린이공원,37.5678193398,127.0278897345
서울특별시,성동구,행당동,90-2,전관원,어린이공원,37.5546744736,127.0404901794
서울특별시,성동구,성수동1가,656-1735,동부,소공원,37.545245833,127.0474356
서울특별시,성동구,성수동2가,277-23,청송,소공원,37.5459959331,127.0587894152
서울특별시,성동구,성수동2가,289-28,향림,소공원,37.547036659,127.0533154
서울특별시,성동구,송정동,107,장미,소공원,37.5522684,127.069422196
서울특별시,성동구,금호동2가,1213,금옥,소공원,37.5530604673,127.0214355952
서울특별시,성동구,금호동3가,701,금남,소공원,37.5505481318,127.0213924385
서울특별시,성동구,옥수동,562-1,옥정,소공원,37.5458337,127.0153489
서울특별시,성동구,옥수동,561-1,매봉,소공원,37.547295491,127.0121475
서울특별시,성동구,하왕십리동,1002-1,왕십리 KCC스위첸,소공원,37.56067856,127.0268747531
서울특별시,성동구,상왕십리동,811-3,뉴타운2구역,기타,37.5678250213,127.0250535959
서울특별시,성동구,하왕십리동,1066-1,뉴타운1구역,기타,37.5678250213,127.0250535959
서울특별시,성동구,하왕십리동,1068,청계꿈나무,어린이공원,37.56781934,127.0278905
서울특별시,성동구,금호동4가,235-3,푸른,어린이공원,37.5473327732,127.0235968
서울특별시,성동구,상왕십리동,816-3,견우,어린이공원,37.5665904987,127.0240824632
서울특별시,성동구,하왕십리동,1070-5,직녀,어린이공원,37.5667467,127.0278177
서울특별시,성동구,성수동1가,718,트리마제,소공원,37.53923821,127.0446715182
서울특별시,성동구,하왕십리동,1071-2,하왕1-5구역,소공원,37.560075385,127.0241246196
경기도,용인시,처인구,이동읍 송전리 1228,제3호 송전어린이공원,어린이공원,37.13870496,127.2001665
경기도,용인시,처인구,이동읍 천리 578-1,노루(제87호) 어린이공원,어린이공원,37.20525957,127.2065086
경기도,용인시,처인구,유방동 287-4,제67호 유방어린이공원,어린이공원,37.2593318,127.2167613
경기도,용인시,처인구,역북동 789 일원,역북1 어린이공원,어린이공원,37.2412896,127.1970999
경기도,용인시,처인구,역북동 725-3,제83호 벌터어린이공원,어린이공원,37.23407485,127.1900753
경기도,용인시,처인구,역북동 736-2 일원,늘품어린이공원(역북도시개발사업),어린이공원,37.23412027,127.1872598
경기도,용인시,처인구,역북동 437,제77호 샛별어린이공원,어린이공원,37.23649667,127.1916545
경기도,용인시,처인구,역북동 419,제75호 미르어린이공원,어린이공원,37.23724658,127.1877529
경기도,용인시,처인구,역북동 381-2,제76호 새터말어린이공원,어린이공원,37.23930818,127.1919734
경기도,용인시,처인구,삼가동 289-16 일원,숲속어린이공원,어린이공원,37.23872386,127.1637377
경기도,용인시,처인구,삼가동 195-19 일원,언덕어린이공원,어린이공원,37.24047571,127.1695371
경기도,용인시,처인구,삼가동 187-11 일원,물방울어린이공원,어린이공원,37.24085798,127.1673156
경기도,용인시,기흥구,신갈동 1-5,소공원(신미주앞),소공원,37.27913779,127.1066371
경기도,용인시,기흥구,신갈동 733-1,제28호소공원(신갈주공),소공원,37.28240602,127.1095945
경기도,용인시,수지구,상현동 1110,새빛 소공원,소공원,37.3017811,127.0749818
경기도,용인시,수지구,상현동 23-1 일원,냇가 소공원,소공원,37.3141813,127.0906249
경기도,용인시,수지구,상현동 66-24 일원,상현 소공원,소공원,37.30908312,127.0855694
경기도,용인시,수지구,성복동 481-4 일원,성서 소공원,소공원,37.3155818,127.0637613
경기도,용인시,수지구,성복동 763,성복 소공원,소공원,37.31858203,127.0672096
경기도,용인시,수지구,죽전동 12-11,죽전디지털밸리 제1호 소공원,소공원,37.33127223,127.1321346
경기도,용인시,수지구,죽전동 12-14,죽전디지털밸리 제4호 소공원,소공원,37.332264,127.1366747
경기도,용인시,수지구,죽전동 1268,죽전소공원,소공원,37.32424438,127.1169534
경기도,용인시,수지구,죽전동 23-10,죽전디지털밸리 제3호 소공원,소공원,37.33193907,127.1337895
경기도,용인시,수지구,죽전동 23-9,죽전디지털밸리 제2호 소공원,소공원,37.33192402,127.133051
경기도,용인시,수지구,풍덕천동 1199,두리소공원,소공원,37.32708332,127.0997294
경기도,용인시,수지구,풍덕천동 1204,노량소공원,소공원,37.32863518,127.1015344
경기도,용인시,수지구,풍덕천동 1228,초록빛 소공원,소공원,37.31381857,127.0854738
경기도,용인시,수지구,풍덕천동 69-75,풍덕천소공원,소공원,37.32448746,127.1006168
경기도,용인시,수지구,풍덕천동 714-4,수풍소공원,소공원,37.32413961,127.0969866
경기도,용인시,처인구,역북동 788,소공원(우남1차옆),소공원,37.24255578,127.1944717
경기도,용인시,처인구,역북동 796 일원,소공원(용인역북신원아침도시아파트 옆),소공원,37.23993176,127.1974964
경기도,용인시,처인구,역북동 801,마중뜰소공원,소공원,37.2365455,127.1854329
경기도,용인시,처인구,유방동 1100,유곡 소공원,소공원,37.25895338,127.1957154
경기도,용인시,처인구,이동읍 덕성리 1258-4,달집소공원,소공원,37.17713352,127.2054016
경기도,용인시,처인구,이동읍 덕성리 1266-7,두루봉소공원,소공원,37.17450977,127.2045467
경기도,용인시,처인구,이동읍 덕성리 1283-2,국은 소공원,소공원,37.16825431,127.2100338
경기도,용인시,기흥구,구갈동 403-2 일원,소공원(우림앞),소공원,37.27659672,127.1108401
경기도,용인시,기흥구,마북동 389-1 일원,소공원2(태영데시앙앞),소공원,37.29336979,127.1143483
경기도,용인시,기흥구,마북동 640,(마북지구) 제1호 소공원,소공원,37.30551437,127.1273195
경기도,용인시,기흥구,마북동 643,(마북지구) 제4호 소공원,소공원,37.30314417,127.1238266
경기도,용인시,기흥구,마북동 648,(마북지구)제5호 소공원,소공원,37.30122867,127.122573
경기도,용인시,기흥구,보정동 1400,보정동 소공원,소공원,37.30634909,127.1087622
경기도,용인시,기흥구,보정동 산88-12 일원,소공원1(보정동),소공원,37.31173215,127.0948133
경기도,용인시,기흥구,상하동 677 일원,상하소공원,소공원,37.26815522,127.1378112
경기도,용인시,기흥구,서천동 829 일원,서천소공원,소공원,37.24556942,127.0715875
경기도,용인시,기흥구,서천동 831 일원,소공원(서그내마을 삼거리),소공원,37.2448381,127.0697696
경기도,용인시,수지구,성복동 778,제55호 성복근린공원,근린공원,37.31681598,127.0634835
경기도,용인시,수지구,성복동 192-24 일원,별다올 근린공원(제54호),근린공원,37.31394627,127.0749006
경기도,용인시,처인구,김량장동 산37-16 일원,용인중앙공원 1차,근린공원,37.23170555,127.2083756
경기도,용인시,처인구,김량장동 503-1,소공원(삼환아파트 앞),소공원,37.23280856,127.1970494
경기도,용인시,처인구,김량장동 527,소공언(금호어울림아파트 옆),소공원,37.23681156,127.1978445
경기도,용인시,처인구,남사읍 통삼리 1013,동막소공원,소공원,37.13713928,127.1292736
경기도,용인시,처인구,마평동 661-1 일원,제36호 소공원(마평소공원),소공원,37.23626792,127.2126291
경기도,용인시,처인구,마평동 740-66,소공원(천일빌리지 앞),소공원,37.23440257,127.2114638
경기도,수원시,팔달구,화서동 184-58,동말,어린이공원,37.27712897,126.9969782
경기도,수원시,팔달구,화서동 702,양지말,어린이공원,37.28595461,126.9847311
경기도,수원시,팔달구,화서동 688-4,산마루,어린이공원,37.28604145,126.9876586
경기도,수원시,팔달구,화서동 678-1,선재미,어린이공원,37.2876745996,126.9890251
충청남도,당진시,송악읍,기지시리 513,공원:604(송악:제3호공원),수변공원,36.899263,126.696851
충청남도,당진시,송악읍,기지시리 493,공원:605(송악:제4호공원(송악지구),소공원,36.90070367,126.689424
충청남도,당진시,송악읍,기지시리 457,공원:606(송악:07 어린이공원),어린이공원,36.903086,126.694812
충청남도,당진시,송악읍,반촌리 989,공원:607(송악:08 소공원),소공원,36.904687,126.698713
충청남도,당진시,합덕읍,운산리 245-8,공원:307(합덕:07 합덕공원),어린이공원,36.804033,126.775073
충청남도,당진시,우강면,창리 300,공원:308(합덕:09 우강공원),어린이공원,36.810164,126.784395
충청남도,당진시,우강면,송산리 411-5,공원:309(합덕10 우강송산지구),어린이공원,36.484201,126.462365
충청남도,당진시,우강면,송산리 410,공원:310(합덕11 우강송산지구),어린이공원,36.482458,126.462957
충청남도,당진시,합덕읍,운산리 291-60,공원:311(합덕 도시지역),소공원,36.808344,126.777655
충청남도,당진시,성상리,779-4,공원:401호,역사공원,36.8180449,126.6683682
충청남도,당진시,신평면,금천리 산13-1,공원:501(신평:01 신평공원),근린공원,36.885609,126.782179
충청남도,당진시,신평면,거산리 62-1,공원:502(신평:03 거산공원),근린공원,36.878527,126.758081
충청남도,당진시,신평면,금천리 880-10,공원:503(신평:05 정우공원),어린이공원,36.884801,126.769192
충청남도,당진시,신평면,거산리 877,공원:504(신평:06 공간공원),어린이공원,36.882474,126.7591681
충청남도,당진시,신평면,금천리 산41-1,공원:505(신평:02 금천공원),근린공원,36.88776157,126.757853
충청남도,당진시,송악읍,기지시리 153-46,공원:601(송악:01 기지시공원),근린공원,36.90227328,126.695842
충청남도,당진시,송악읍,기지시리 502,공원:602(송악:제1호공원),어린이공원,36.90023918,126.6899896
충청남도,당진시,송악읍,기지시리 509,공원:603(송악:제2호공원),어린이공원,36.900888,126.6933012
경기도,구리시,갈매동,"551, 555",협동공원,근린공원,37.635548,127.126286
경기도,구리시,갈매동,"578, 580",갈매중앙공원,근린공원,37.63111074,127.118567
경기도,구리시,갈매동,657,산마루공원,근린공원,37.628343,127.120737
경기도,구리시,갈매동,"669, 670",새우개공원,근린공원,37.622675,127.109309
경기도,구리시,인창동,669-1,동구하늘공원,근린공원,37.6076938,127.1454042
경기도,구리시,인창동,674-2,늘푸른공원,근린공원,37.604531,127.1448022
경기도,구리시,교문동,593-1,장자못공원,근린공원,37.58107068,127.1364976
경기도,구리시,토평동,23-45,소공원(돌섬),소공원,37.579951,127.155061
경기도,구리시,교문동,358-9,소공원(교문3),소공원,37.59708883,127.130411
경기도,구리시,인창동,714-2,소공원(인창3),소공원,37.602669,127.1296221
경기도,구리시,갈매동,592 일원,갈매천공원,수변공원,37.640522,127.127748
경기도,구리시,교문동,728,안골공원,어린이공원,37.59820805,127.1315981
경기도,구리시,수택동,626-4,수누피공원,어린이공원,37.59401968,127.1449146
전북특별자치도,완주군,봉동읍,낙평리 1221-7,신월희망공원,어린이공원,35.9263651,127.1625849
전북특별자치도,완주군,봉동읍,둔산리 875-1,둔산어린이공원,어린이공원,35.9634281,127.1263916
전북특별자치도,완주군,봉동읍,둔산리 895-4,제2어린이공원,어린이공원,35.95986128,127.1243945
전북특별자치도,완주군,봉동읍,낙평리 1213-8,신월햇살공원,어린이공원,35.9280614,127.1608183
전북특별자치도,완주군,봉동읍,둔산리 881,둔산공원,근린공원,35.9609127,127.1284052
전북특별자치도,완주군,봉동읍,둔산리 898-1,우동공원,근린공원,35.96151635,127.1234221
전북특별자치도,완주군,봉동읍,낙평리795,생강골공원,근린공원,35.93122461,127.1591568
전북특별자치도,완주군,봉동읍,장기리 353-1,봉동장기어린이공원,어린이공원,35.93866627,127.1645537
전북특별자치도,완주군,삼례읍,수계리 1229-2,근린공원 4호,근린공원,35.921591,127.119151
전북특별자치도,완주군,삼례읍,수계리 1345,근린공원 5호,근린공원,35.919681,127.113471
전북특별자치도,완주군,삼례읍,"수계리 1223-1, 1224-1, 1228-2",근린공원 10호,근린공원,35.924251,127.116131
전북특별자치도,완주군,삼례읍,수계리 1194-1,어린이공원 6호,어린이공원,35.921411,127.112191
전북특별자치도,완주군,삼례읍,수계리 1204-2,어린이공원 7호,어린이공원,35.920611,127.116371
전북특별자치도,완주군,삼례읍,수계리 1208,어린이공원 8호,어린이공원,35.919021,127.115881
전북특별자치도,완주군,삼례읍,수계리 1233-2,어린이공원 9호,어린이공원,35.925811,127.121841
전북특별자치도,완주군,삼례읍,수계리 1225-3,어린이공원 19호,어린이공원,35.921661,127.117621
전북특별자치도,완주군,삼례읍,후정리 112,삼례수도산근린공원,근린공원,35.90335386,127.069009
전북특별자치도,완주군,이서면,갈산리 648,소리공원,근린공원,35.836145,127.0550234
전북특별자치도,완주군,이서면,갈산리 667-8,새라공원,근린공원,35.8332382,127.0570745
전북특별자치도,완주군,이서면,반교리 723,초록공원,근린공원,35.83169047,127.0343136
전북특별자치도,완주군,이서면,반교리 721,설화공원,근린공원,35.83502029,127.0246549
충청북도,충주시,대소원면,대소리 393-18,기타 공원시설/이류13(소공원),소공원,36.97767297,127.8192043
충청북도,충주시,주덕읍,신양리 235-21,기타 공원시설/주덕10(신양1 소공원),소공원,36.97377279,127.7963238
충청북도,충주시,주덕읍,신양리 184-9,기타 공원시설/주덕11(신양2 소공원),소공원,36.97525265,127.799863
충청북도,충주시,주덕읍,신양리 292-2,기타 공원시설/주덕9(소공원),소공원,36.97064829,127.7931414
충청북도,충주시,용탄동,455-1,기타공원시설/1(소공원),소공원,37.0083057,127.9470621
충청북도,충주시,수안보면,안보리 732,기타공원시설/1(소공원),소공원,36.83056069,127.9981587
충청북도,충주시,수안보면,안보리 696,기타공원시설/3(소공원),소공원,36.8303767,127.9957762
충청북도,충주시,수안보면,안보리 657,기타공원시설/4(소공원),소공원,36.83048456,127.9958401
충청북도,충주시,대소원면,검단리 366,기타공원시설/대소원8(소공원),소공원,36.97279259,127.8781598
충청북도,충주시,대소원면,검단리 397,기타공원시설/대소원9(소공원),소공원,36.97442871,127.8791486
충청북도,충주시,봉방동,166-3,소공원/26,소공원,36.97605527,127.9120241
충청북도,충주시,봉방동,407-3,소공원/27,소공원,36.97431552,127.9109432
대구광역시,수성구,만촌동,852,국화공원,어린이공원,35.85641329,128.649043
대구광역시,수성구,만촌동,862,진달래공원,어린이공원,35.85306717,128.6511181
대구광역시,수성구,만촌동,870-13,만촌공원,어린이공원,35.850851,128.653092
대구광역시,수성구,만촌동,874-2,봉선화공원,어린이공원,35.850604,128.650317
대구광역시,수성구,만촌동,882,민들레공원,어린이공원,35.84874541,128.6507506
대구광역시,수성구,두산동,741-7,말뫼공원,어린이공원,35.825407,128.626524
대구광역시,수성구,범물동,1279-3,보성공원,어린이공원,35.821145,128.643529
대구광역시,수성구,범물동,1283-2,용지공원,어린이공원,35.820871,128.6465576
대구광역시,수성구,범물동,1288-2,마산공원,어린이공원,35.81889992,128.6488047
대구광역시,수성구,범물동,1302,배수지공원,어린이공원,35.81608789,128.6483258
대구광역시,수성구,범물동,1348,중앙공원,어린이공원,35.8178535,128.6389699687
대구광역시,수성구,범물동,1367,관계지공원,어린이공원,35.81429385,128.6398517
대구광역시,수성구,범물동,1376,범물공원,어린이공원,35.81706153,128.6441324
대구광역시,수성구,범물동1382-1,,삼주공원,어린이공원,35.81560132,128.6429244
대구광역시,수성구,신매동,579-1,천마공원,어린이공원,35.837307,128.7064083
전북특별자치도,군산시,조촌동,산59-17,군봉,근린공원,35.974663,126.7496662
전북특별자치도,군산시,오식도동,840,가도,근린공원,35.94792411,126.5722488
전북특별자치도,군산시,비응도동,38,비응도,근린공원,35.947808,126.5242094
전북특별자치도,군산시,소룡동,산120,월명공원,근린공원,35.980171,126.696242
전북특별자치도,군산시,소룡동,1630,공단1공원,근린공원,35.960737,126.584143
전북특별자치도,군산시,임피면,월하리 901,55호 공원,어린이공원,35.960691,126.868279
전북특별자치도,군산시,임피면,월하리 910-2,56호 공원,어린이공원,35.959166,126.8709732
전북특별자치도,군산시,개사동,899,옥녀저수지동남측 공원,소공원,35.94438065,126.6344874
전북특별자치도,군산시,개사동,922,옥녀저수지동남측 공원,소공원,35.943377,126.637285
전북특별자치도,군산시,중동,266-2,서래공원,소공원,35.982959,126.725081
전북특별자치도,군산시,중동,274-75,강변공원,소공원,35.984402,126.722329
전북특별자치도,군산시,옥구읍,선제리 98-11,옥구읍행정복지센터 공원,소공원,35.922886,126.685392
전북특별자치도,군산시,해망동,998-1,해망공원,근린공원,35.99018482,126.7012972
전북특별자치도,군산시,월명동,32-2,월명2공원,근린공원,35.984266,126.703204
전북특별자치도,군산시,신흥동,4-64,신흥공원,근린공원,35.988542,126.7051982
전라남도,신안군,지도읍,감정리 산216-12,두류산근린공원,근린공원,35.079633,126.183145
전라남도,신안군,자은면,대율리 559,대율근린공원,근린공원,34.901545,126.0731988
전라남도,신안군,압해읍,송공리 산35,송공산근린공원,근린공원,34.85138866,126.2560011
전라남도,신안군,압해읍,복룡리 산303,홀매산근린공원,근린공원,34.88923354,126.3201559
전라남도,신안군,자은면,송산리 540-1,두모체육공원,체육공원,34.909328,126.0534382
전라남도,신안군,흑산면,진리 83,흑산생활체육공원,체육공원,34.68170287,125.4330115
전라남도,신안군,압해읍,동서리 648-1,선돌공원,역사공원,34.867065,126.2965699
전라남도,신안군,하의면,후광리 121,노벨평화공원,문화공원,34.63188251,126.029652
전라남도,신안군,안좌면,읍동리 641,안좌 농어촌테마파크,문화공원,34.74425089,126.1218957
제주특별자치도,제주시,일도2동,852,신산공원,근린공원,33.50444317,126.5351739
전북특별자치도,군산시,내흥동,521-3,내흥초등등학교동측 근린공원,근린공원,35.993739,126.758679
전북특별자치도,군산시,내흥동,789-9,내흥초등등학교 근린공원,근린공원,35.994469,126.755318
전북특별자치도,군산시,내흥동,453-2,군산역북측 근린공원,근린공원,36.001087,126.759007
전북특별자치도,군산시,내흥동,837-2,내흥3LH아파트서측 근린공원,근린공원,36.002052,126.755587
전북특별자치도,군산시,수송동,798-1,29호,근린공원,35.966089,126.711365
전북특별자치도,군산시,나운동,856-4,28호,근린공원,35.96114973,126.690801
전북특별자치도,군산시,미룡동,78-11,27호,근린공원,35.94124435,126.6939883
전북특별자치도,군산시,구암동,358-2,구암,근린공원,35.986935,126.742262
전북특별자치도,군산시,내흥동,894,금강,근린공원,36.007161,126.7552598
전북특별자치도,군산시,비응도동,36-7,요죽,근린공원,35.94785081,126.5242094
전북특별자치도,군산시,소룡동,1634,공단3,근린공원,35.957427,126.576609
전북특별자치도,군산시,소룡동,1639,공단2,근린공원,35.95915684,126.590474
전북특별자치도,군산시,지곡동,426-1,지곡,근린공원,35.94591783,126.705118
전북특별자치도,군산시,지곡동,332-3,은파,근린공원,35.950362,126.704113
전북특별자치도,군산시,내초동,231,내초,근린공원,35.950604,126.5896417
전북특별자치도,군산시,오식도동,503,오식,근린공원,35.966894,126.5564164
전북특별자치도,군산시,오식도동,864,중앙2호,근린공원,35.950211,126.549793
전북특별자치도,군산시,오식도동,509-9,중앙1호,근린공원,35.9603083,126.546938
전북특별자치도,군산시,오식도동,700,분말,근린공원,35.962556,126.574563
전북특별자치도,군산시,소룡동,171,입이도,근린공원,35.975635,126.6454449
전북특별자치도,군산시,나운동,156,나운,근린공원,35.95963318,126.6966165
전북특별자치도,군산시,수송동,701-3,새들,근린공원,35.962168,126.709142
전북특별자치도,군산시,동흥남동,139-297,흥남,근린공원,35.975527,126.7224045
전북특별자치도,군산시,사정동,318-3,통매,근린공원,35.960292,126.741309
경상남도,진주시,신안동,707-3,신안아이뜰공원,어린이공원,35.1788691813,128.0664643834
경상남도,진주시,신안동,705-2,신안가락뜰공원,어린이공원,35.1774802336,128.0655556836
경상남도,진주시,신안동,710-3,신안고운뜰공원,어린이공원,35.1769291451,128.067952641
경상남도,진주시,평거동,191-2,평거꽃가람공원,어린이공원,35.1748085232,128.0635174685
경상남도,진주시,평거동,192-2,평거고깔공원,어린이공원,35.1726242493,128.0627233515
경상남도,진주시,평거동,780-1,평거도담공원,어린이공원,35.1714778338,128.0654585
경상남도,진주시,평거동,759-4,평거무지개공원,어린이공원,35.173740403,128.0666447221
경상남도,진주시,금산면,중천리 278-6,금산꿈마루공원,어린이공원,35.2160767686,128.14079246
경상남도,진주시,문산읍,삼곡리 658-5,문산푸르네공원,어린이공원,35.1662813788,128.1657615036
경상남도,진주시,초전동,978번지,초전누리공원,어린이공원,35.21414,128.11081
경상남도,진주시,초전동,1335-2번지,초전햇살공원,어린이공원,35.20854,128.11039
경상남도,진주시,초전동,1079번지,초전푸른솔공원,어린이공원,35.2106,128.11454
경상남도,진주시,초전동,630-2번지,초전풀밭달공원,어린이공원,35.20972,128.11451
경상남도,진주시,가좌동,479-2,가좌가온누리공원,어린이공원,35.1545841713,128.1086366349
경상남도,진주시,가좌동,573-2,가좌그린나래공원,어린이공원,35.148754494,128.1013690984
경상남도,진주시,가좌동,446-1,가좌달보드레공원,어린이공원,35.1584309505,128.1084107797
경상남도,진주시,평거동,896,평거햇살공원,어린이공원,35.1693733156,128.0586460385
경상남도,진주시,평거동,799,평거달팽이공원,어린이공원,35.1693986952,128.0563901951
경상남도,진주시,평거동,960,평거종이비행기공원,어린이공원,35.1687239703,128.0612798813
경상남도,진주시,가좌동,1890,가좌꽃누리공원,어린이공원,35.145008485,128.1038348048
경상남도,진주시,초전동,1645-7,초전풀빛공원,어린이공원,35.2047578315,128.1155605702
경상남도,진주시,초전동,1628,초전풀밭별공원,어린이공원,35.2092729522,128.1144184924
경상남도,진주시,가좌동,1933,가좌꿈초롱공원,어린이공원,35.1655213542,128.1110686126
경상남도,진주시,호탄동,971,호탄꽃가람공원,어린이공원,35.1640264653,128.1092360432
경상남도,진주시,이현동,1196,이현버드골공원,어린이공원,35.1937032261,128.0597191263
경상남도,진주시,정촌면,예하리 1291-4,정촌도란길공원,어린이공원,35.1253365309,128.0997880953
충청북도,충주시,대소원면,검단리 78-11,어린이공원/대소원6,어린이공원,36.96510811,127.8722008
충청북도,충주시,대소원면,만정리 232-3,어린이공원/대소원7,어린이공원,36.96326854,127.873032
충청북도,충주시,대소원면,만정리 191-1,어린이공원/대소원10,어린이공원,36.96191393,127.8712009
충청북도,충주시,대소원면,만정리 39-2,어린이공원/대소원11,어린이공원,36.96076867,127.8743454
충청북도,충주시,주덕읍,당우리 1481,어린이공원/주덕4,어린이공원,37.00804648,127.7500256
충청북도,충주시,주덕읍,당우리 1470,어린이공원/주덕5,어린이공원,37.01459537,127.7508888
충청북도,충주시,주덕읍,당우리 1490,어린이공원/주덕6,어린이공원,37.01124352,127.7522714
충청북도,충주시,주덕읍,당우리 1503,어린이공원/주덕7,어린이공원,37.00698155,127.7532801
충청북도,충주시,주덕읍,신양리 21-1,어린이공원/주덕8,어린이공원,36.97422615,127.8061811
충청북도,충주시,수안보면,안보리 726,어린이공원/2,어린이공원,36.82921705,127.997553
충청북도,충주시,용산동,104,기타 공원시설/1(용산시민 소공원),소공원,36.96602332,127.9334385
충청북도,충주시,목행동,490-32,기타 공원시설/2(목행 소공원),소공원,37.00476655,127.9199609
충청북도,충주시,용탄동,1147,기타 공원시설/27(소공원),소공원,37.00900606,127.9440368
충청북도,충주시,봉방동,170-14,기타 공원시설/41(소공원),소공원,36.97324893,127.918889
충청북도,충주시,중앙탑면,탑평리 37-5,기타 공원시설/가금5(소공원),소공원,37.01938512,127.8625451
충청북도,충주시,중앙탑면,탑평리 59-1,기타 공원시설/가금6(소공원),소공원,37.0174418,127.8647586
충청북도,충주시,금가면,도촌리 168-78,기타 공원시설/금가3(소공원),소공원,37.04302299,127.9244423
충청북도,충주시,금가면,도촌리 156-3,기타 공원시설/금가4(소공원),소공원,37.04513631,127.9262688
충청북도,충주시,금가면,도촌리 347-1,기타 공원시설/금가5(소공원),소공원,37.04768669,127.9224046
충청북도,충주시,노은면,연하리 604-7,기타 공원시설/노은2(소공원),소공원,37.0471909,127.7581263
충청북도,충주시,수안보면,수회리 594,기타 공원시설/수4(소공원),소공원,36.8780766,127.9719504
충청북도,충주시,앙성면,능암리 산70-2,기타 공원시설/앙성1(소공원),소공원,37.07445779,127.819092
충청북도,충주시,앙성면,능암리 613-8,기타 공원시설/앙성2(소공원),소공원,37.08914764,127.7999622
충청북도,충주시,앙성면,능암리 618-3,기타 공원시설/앙성3(소공원),소공원,37.08858968,127.8010243
충청북도,충주시,앙성면,능암리 728,기타 공원시설/앙성5(소공원),소공원,37.08731032,127.7991796
충청북도,충주시,대소원면,검단리 58-4,기타 공원시설/대소원14(소공원),소공원,36.9673205,127.8771875
충청북도,충주시,대소원면,검단리 산21-8,기타 공원시설/대소원15(소공원),소공원,36.96732218,127.8755718
충청북도,청주시,흥덕구,가경동 1075,풍년골공원,근린공원,36.62974102,127.4332881
충청북도,청주시,흥덕구,송정동 산8-4,솔밭공원,근린공원,36.6466257828,127.4349392741
충청북도,청주시,흥덕구,가경동 1459,발산공원,근린공원,36.6255178825,127.4348921977
충청북도,청주시,흥덕구,가경동 1512,경산공원,근린공원,36.371907,127.263017
충청북도,청주시,흥덕구,가경동 1505,꽃재공원,근린공원,36.62064159,127.4386523
충청북도,청주시,흥덕구,복대동 3025,진재공원,근린공원,36.6356185693,127.430699631
충청북도,청주시,흥덕구,복대동 2458,갓골,어린이공원,36.381811,127.253888
충청북도,청주시,흥덕구,복대동 3030,외태불,어린이공원,36.380511,127.261247
충청북도,청주시,흥덕구,복대동 2502,새떼,어린이공원,36.375993,127.254794
충청북도,청주시,흥덕구,복대동 3026,진재,어린이공원,36.375871,127.261361
경상남도,진주시,충무공동,190-3,충무공동실크공원,어린이공원,35.1823997868,128.1484774393
경상남도,진주시,충무공동,274,충무공동조약돌공원,어린이공원,35.1763012968,128.1516832645
경상남도,진주시,충무공동,257,충무공동이음새공원,어린이공원,35.1766953566,128.1544608341
경상남도,진주시,충무공동,337-2,충무공동대나무공원,어린이공원,35.1726169419,128.149569853
경상남도,진주시,충무공동,307-1,충무공동물새공원,어린이공원,35.1698732332,128.1423004902
경상남도,진주시,충무공동,119-6,충무공동여우별공원,어린이공원,35.1729774369,128.1381273809
경상남도,진주시,충무공동,127,충무공동토끼달공원,어린이공원,35.1711032271,128.1368044684
경상남도,진주시,신안동,708-3번지,신안분수공원,어린이공원,35.1768470561,128.070432268
경기도,수원시,팔달구,우만동 300-4,소만,어린이공원,37.29189804,127.0322859
경기도,수원시,팔달구,우만동 301-2,작은새,어린이공원,37.29240068,127.0358679
경기도,수원시,팔달구,화서동 707,버들,어린이공원,37.2894783,126.9829531
경기도,수원시,팔달구,화서동 728,백로,어린이공원,37.28589764,126.9817406
경기도,수원시,팔달구,화서동 64-3,샛별,어린이공원,37.27942364,127.0051463
경기도,수원시,팔달구,고등동 79-5,고등,어린이공원,37.27058365,127.0069136
경기도,수원시,팔달구,고등동 50-2,나래,어린이공원,37.27509616,127.0048438
경기도,수원시,팔달구,화서동 116-3,화서오거리,어린이공원,37.27966634,126.9997294
전라남도,광양시,광양읍,덕례리 1789-1,예구,어린이공원,34.9657908157,127.5676542
경기도,양평군,양평읍,공흥리 884,공흥 어린이공원,어린이공원,37.492399,127.507728
경기도,양평군,양평읍,오빈리 96-25,오빈10 어린이공원,어린이공원,37.5062275,127.4764038
경기도,양평군,양평읍,오빈리 39-1,오빈11 어린이공원,어린이공원,37.508745,127.4794429
경기도,양평군,용문면,다문리 1054,다문 어린이공원,어린이공원,37.48774079,127.5905299803
경기도,양평군,양동면,삼산리 105-19,삼산 어린이공원,어린이공원,37.42099823,127.770641
경기도,양평군,용문면,다문리 209,다문 어린이공원6,어린이공원,37.47862634,127.5946339
충청북도,충주시,지현동,2321,어린이공원/42,어린이공원,36.572401,127.555301
충청북도,충주시,호암동,258,어린이공원/43,어린이공원,36.571201,127.568001
충청북도,충주시,호암동,529,어린이공원/44,어린이공원,36.571801,127.554201
충청북도,충주시,용두동,461-42,어린이공원/대소원12,어린이공원,36.96350223,127.8747513
충청북도,충주시,대소원면,검단리 71-4,어린이공원/대소원4,어린이공원,36.96430033,127.8733746
충청북도,충주시,대소원면,검단리 73-12,어린이공원/대소원5,어린이공원,36.96455157,127.8755876
경기도,수원시,권선구,권선동 1343,꿈이랑,어린이공원,37.24177692,127.0181324
경기도,수원시,권선구,권선동 1361-2,물이랑,어린이공원,37.24417067,127.0275409
경기도,수원시,권선구,오목천동 851-3,고금,어린이공원,37.23393782,126.9742589
경기도,수원시,권선구,오목천동 788-4,고사,어린이공원,37.23304652,126.9774257
경기도,수원시,권선구,고색동 14-35,씽씽어린이공원,어린이공원,37.2568351,126.9887757
경기도,수원시,팔달구,우만동 500,당산,어린이공원,37.28706853,127.0320989
경기도,수원시,팔달구,지동 473,못골,어린이공원,37.2834799,127.027695
경기도,수원시,팔달구,우만동 560,청록,어린이공원,37.28091621,127.0321865
경기도,수원시,팔달구,인계동 973,반달,어린이공원,37.26967298,127.024921
경기도,수원시,팔달구,인계동 948,드라마센터,어린이공원,37.27019098,127.0292686
경기도,수원시,팔달구,인계동 944,미소,어린이공원,37.27465621,127.0305692
경기도,수원시,팔달구,인계동 998,장다리,어린이공원,37.2655614,127.0240014
서울특별시,마포구,상암동1735,,부엉이공원,근린공원,37.58464695,126.8832829
경기도,수원시,권선구,고색동 916,고색,어린이공원,37.24694221,126.9788974
경기도,수원시,권선구,세류동 1020-12,한주,어린이공원,37.25407994,127.0134765
경기도,수원시,권선구,금곡동 66-1,풀잎,어린이공원,37.27833743,126.9518662
경기도,수원시,권선구,권선동 980-1,장교둑,어린이공원,37.2591911,127.0188716
경기도,수원시,권선구,서둔동 27-114,벌터,어린이공원,37.26367431,126.9908188
경기도,수원시,권선구,세류동 1066-9,고래의모험,어린이공원,37.25248056,127.0090813
경기도,수원시,권선구,탑동 23-39,서낭재,어린이공원,37.27316319,126.9783039
경기도,수원시,권선구,오목천동 945,오목천,어린이공원,37.24213772,126.9636059
경기도,수원시,권선구,오목천동 953,오색,어린이공원,37.24674139,126.9675025
경기도,수원시,권선구,서둔동 372,한터,어린이공원,37.26787345,126.9961442
경기도,수원시,권선구,권선동 1035-2,무지개,어린이공원,37.25774671,127.0252778
경기도,수원시,권선구,권선동 1329,상상나래,어린이공원,37.25377589,127.0242229
경기도,수원시,권선구,권선동 1332,꿈나무,어린이공원,37.25404854,127.0265616
경기도,수원시,권선구,오목천동 958,여우별,어린이공원,37.24502597,126.9681128
경기도,수원시,권선구,세류동 1267,물결,어린이공원,37.26546203,127.0084686
경기도,수원시,권선구,금곡동 1080,크레파스,어린이공원,37.27508432,126.9372468
경기도,수원시,권선구,호매실동 1339,물방울,어린이공원,37.27035712,126.9422609
경기도,수원시,권선구,금곡동 1107,우주선,어린이공원,37.27614865,126.9544608
경기도,수원시,권선구,금곡동 1143,숲속,어린이공원,37.2708023,126.9548565
경기도,수원시,권선구,곡반정동 541,곡반정,어린이공원,37.24116251,127.0310741
경기도,수원시,권선구,곡반정동 572,신아,어린이공원,37.2373961,127.0299682
경기도,수원시,권선구,곡반정동 600,오누이,어린이공원,37.2335338,127.0254139
경기도,수원시,권선구,입북동 818,해누리,어린이공원,37.30068259,126.9538867
경기도,수원시,권선구,입북동 816,별누리,어린이공원,37.29784735,126.9534509
경기도,수원시,권선구,권선동 1346-5,하늘이랑,어린이공원,37.24006544,127.0210479
서울특별시,마포구,성산동산11-1,등 38필지,성산공원,근린공원,37.562212,126.909895
충청남도,예산군,삽교읍,목리 1067,내포12(개미공원),어린이공원,36.66325506,126.6826115
충청남도,예산군,삽교읍,목리 1140,내포13(나비공원),어린이공원,36.66346836,126.6844092
충청남도,예산군,삽교읍,목리 1182,내포1(애향공원),역사공원,36.66190273,126.6823269
충청남도,예산군,삽교읍,목리 1243,내포2(두레3소공원),소공원,36.66034365,126.6854536
충청남도,예산군,삽교읍,목리 1276,내포7(하늘놀이공원),어린이공원,36.66846437,126.685394
충청남도,예산군,삽교읍,목리 1807,내포9(숲속하늘소공원),어린이공원,36.6695102,126.6872445
충청남도,예산군,삽교읍,목리 1933,내포11(사슴벌레공원),어린이공원,36.66752428,126.6881518
충청남도,예산군,삽교읍,목리 1964,내포6(풍뎅이숲공원),어린이공원,36.66751801,126.6816922
충청남도,예산군,삽교읍,목리 289,내포8(거미줄놀이공원),어린이공원,36.67180251,126.6846709
충청남도,예산군,삽교읍,목리 612-61,내포4(쇠똥구리공원),어린이공원,36.66583204,126.671496
충청남도,예산군,삽교읍,목리 687-31,내포1(수암천공원),근린공원,36.66854081,126.6678232
충청남도,천안시,서북구,쌍용동 1523,쌍용14공원,어린이공원,36.798349,127.119476
경기도,수원시,권선구,구운동 895,세모,어린이공원,37.28530362,126.9724008
경기도,수원시,권선구,구운동 933,드림,어린이공원,37.28048782,126.9703666
경기도,수원시,권선구,구운동 941-1,하늬,어린이공원,37.28067947,126.9723015
경기도,수원시,권선구,구운동 955,별솔,어린이공원,37.2785693,126.9698845
경기도,수원시,권선구,구운동 966,사랑,어린이공원,37.27714009,126.9718878
경기도,수원시,권선구,탑동 764,탑마루,어린이공원,37.27362319,126.9753258
경기도,수원시,권선구,탑동 829,푸른지대,어린이공원,37.27024924,126.9732388
경기도,수원시,권선구,탑동 855-9,잎새,어린이공원,37.27090592,126.9780323
경기도,수원시,권선구,탑동 866,탑골,어린이공원,37.26817391,126.9764008
경기도,수원시,권선구,권선동 1300,명당,어린이공원,37.25264478,127.0399881
경기도,수원시,권선구,권선동 1288,온수골,어린이공원,37.25190143,127.0363942
경기도,수원시,권선구,권선동 1307,상록,어린이공원,37.25002682,127.0378542
경기도,수원시,권선구,권선동 1319,산들,어린이공원,37.24863213,127.0368538
경기도,수원시,권선구,권선동 1313,별빛,어린이공원,37.24810467,127.033795
충청남도,아산시,배방읍,장재리 1538,연고을어린이공원,어린이공원,36.787123,127.091229
충청남도,아산시,배방읍,장재리 1540,연화어린이공원,어린이공원,36.784426,127.093775
충청남도,아산시,배방읍,장재리 1415,버섯골어린이공원,어린이공원,36.787256,127.096555
충청남도,아산시,배방읍,장재리 1627,포도어린이공원,어린이공원,36.785099,127.100594
충청남도,아산시,배방읍,장재리 1841,대조원어린이공원,어린이공원,36.788243,127.111081
충청남도,아산시,용화동,1390,하늘도시자연공원,기타,36.771048,127.005616
충청남도,아산시,둔포면,석곡리 1481,둔포체육공원,체육공원,36.919466,127.058855
충청남도,아산시,권곡동,448-1,아산문화공원,문화공원,36.794041,127.002321
충청남도,아산시,송악면,역촌리 77,외암문화공원,문화공원,36.725919,127.012942
충청남도,아산시,온천동,318-2,3호문화공원,문화공원,36.784251,126.999608
충청남도,아산시,음봉면,신휴리 766,밸리근린공원,근린공원,36.902288,127.061488
충청남도,아산시,탕정면,명암리 산77-1,아산DC2단지1근린공원,근린공원,36.809075,127.058016
충청남도,아산시,탕정면,명암리 산45-1,아산DC2단지2근린공원,근린공원,36.806382,127.0624004
충청남도,아산시,음봉면,동암리 715,동암어린이공원,어린이공원,36.843563,127.067811
충청남도,예산군,고덕면,상몽리 442-2,신소재1(수변공원),수변공원,36.7970473,126.702949
충청남도,예산군,고덕면,상몽리 산36-121,신소재1(근린공원),근린공원,36.79580472,126.698385
충청남도,예산군,고덕면,상몽리 산69,신소재1(소공원),소공원,36.797519,126.700023
충청남도,예산군,고덕면,오추리 815,예당3(3호소공원),소공원,36.76915219,126.726764
충청남도,예산군,고덕면,오추리 816,예당1(근린공원),근린공원,36.76478307,126.7222481
충청남도,예산군,고덕면,지곡리 438,예당2(2호소공원),소공원,36.76007048,126.724315
충청남도,예산군,대흥면,상중리 276,비도시1(의좋은형제공원),역사공원,36.606529,126.792195
충청남도,예산군,덕산면,신평리 175-8,덕산4(4호소공원),소공원,36.693766,126.663061
충청남도,예산군,덕산면,신평리 179-1,덕산5(5호소공원),소공원,36.693563,126.663387
충청남도,예산군,덕산면,읍내리 348-5,덕산1(덕산공원),근린공원,36.706112,126.668422
충청남도,예산군,삽교읍,목리 1007,내포1(두레1소공원),소공원,36.66291548,126.6814975
충청남도,천안시,서북구,쌍용동 1408,쌍용13공원,어린이공원,36.800219,127.119972
충청남도,아산시,음봉면,신휴리 779,세모소공원,소공원,36.903518,127.0683701
충청남도,아산시,둔포면,석곡리 1516,바람소공원,소공원,36.914404,127.061457
충청남도,아산시,둔포면,운용리 666,길섶소공원,소공원,36.933215,127.0635500324
충청남도,아산시,도고면,기곡리 306-1,고삿소공원,소공원,36.761295,126.886756
충청남도,아산시,온천동,2594,중앙소공원,소공원,36.7881586,127.0009043
충청남도,아산시,온천동,2574,벗소공원,소공원,36.7881586,127.0009043
충청남도,아산시,모종동,645,만남소공원,소공원,36.779543,127.021243
충청남도,아산시,배미동,10-5,편백향기소공원,소공원,36.800988,126.976447
충청남도,아산시,온천동,2674,새날소공원,소공원,36.7881586,127.0009043
충청남도,아산시,온천동,1962,옥정수변공원,수변공원,36.7881586,127.0009043
충청남도,아산시,방축동,750,방축1수변공원(1),수변공원,36.774982,126.980427
충청남도,아산시,방축동,737,방축1수변공원(2),수변공원,36.774976,126.981405
충청남도,아산시,방축동,726,방축1수변공원(3),수변공원,36.775204,126.982214
충청남도,아산시,배방읍,공수리 1485,은하어린이공원,어린이공원,36.7728796,127.046473
충청남도,아산시,배방읍,공수리 1514,온빛어린이공원,어린이공원,36.774994,127.051191
충청남도,아산시,배방읍,북수리 1563,아람어린이공원,어린이공원,36.77261984,127.076724
충청남도,아산시,배방읍,북수리 1817,움찬어린이공원,어린이공원,36.770374,127.0798404
충청남도,아산시,음봉면,월랑리 698,물빛어린이공원,어린이공원,36.845022,127.0685499
충청남도,아산시,모종동,726,산들어린이공원,어린이공원,36.778124,127.022691
충청남도,아산시,법곡동,328,꿈찬어린이공원,어린이공원,36.76459974,127.011811
충청남도,아산시,풍기동,494,샛들어린이공원,어린이공원,36.775913,127.023148
충청남도,아산시,배방읍,장재리 1918,장재울어린이공원,어린이공원,36.785169,127.111123
충청남도,아산시,배방읍,장재리 1213,용연어린이공원,어린이공원,36.792743,127.092445
충청남도,아산시,배방읍,장재리 1290,한글어린이공원,어린이공원,36.792411,127.093682
충청남도,아산시,배방읍,장재리 1209,마을내어린이공원,어린이공원,36.791141,127.088882
충청남도,천안시,서북구,쌍용동 1291,봉서공원(쌍용9),어린이공원,36.801688,127.124493
충청남도,아산시,용화동,710,더함어린이공원,어린이공원,36.772847,126.995976
충청남도,아산시,용화동,842,온사랑어린이공원,어린이공원,36.7694311,126.995079
충청남도,아산시,풍기동,229-80,아이좋아어린이공원,어린이공원,36.775586,127.016356
충청남도,아산시,권곡동85-3,,새싹어린이공원,어린이공원,36.790059,127.019535
충청남도,아산시,모종동,639,어울림근린공원,근린공원,36.782446,127.021547
충청남도,아산시,풍기동,453,가온길근린공원,근린공원,36.777539,127.019488
충청남도,아산시,월랑리,550-1,월랑수변공원,수변공원,36.8456119,127.0721158
충청남도,아산시,월랑리,703,달비체근린공원,근린공원,36.8545768,127.0744941
충청남도,아산시,배방읍,공수리 1512,다온근린공원,근린공원,36.77439519,127.0506067
충청남도,아산시,탕정면,명암리 1308,디스플레이시티 1,근린공원,36.817908,127.064414
충청남도,아산시,탕정면,갈산리 806,온샘근린공원,근린공원,36.79603789,127.055366
충청남도,아산시,북수리,1783,한빛근린공원(월천지구),근린공원,36.925417,127.051714
충청남도,아산시,배방읍,장재리 1197,신도시1호공원(용곡공원),근린공원,36.796614,127.092852
충청남도,아산시,배방읍,장재리 1343,신도시2호공원(지산공원),근린공원,36.79191227,127.0973916
충청남도,아산시,배방읍,장재리 1601,신도시3호공원(앙강공원),근린공원,36.785191,127.098848
충청남도,아산시,배방읍,장재리 1745,신도시4호공원(호수공원),근린공원,36.793114,127.101164
충청남도,아산시,배방읍,장재리 2078,신도시5호공원(아산역사공원),근린공원,36.798085,127.104244
충청남도,아산시,배방읍,장재리 1762,신도시6호공원(아산역사공원),근린공원,36.794668,127.106228
충청남도,아산시,배방읍,장재리 2089,신도시7호공원(아산역사공원),근린공원,36.790542,127.106238
충청남도,아산시,배방읍,장재리 1768,신도시8호공원(탑골재공원),근린공원,36.79576991,127.110237
충청남도,아산시,배방읍,휴대리 410-2일원,11호근린공원(탕정택지지구),근린공원,36.7818522,127.1050099
충청남도,아산시,배방읍,공수리 1439,배들소공원,소공원,36.772636,127.044211
충청남도,아산시,배방읍,공수리 1593,라온소공원,소공원,36.776031,127.056075
충청남도,아산시,배방읍,북수리 1618,라움소공원,소공원,36.772167,127.081019
충청남도,아산시,도고면,북수리 1670,미리내소공원,소공원,36.7686696,127.0717227
경상북도,구미시,지산동,847-72,지산샛강생태공원,수변공원,36.1357585857,128.3518755431
경상북도,구미시,옥계동,1308,도담공원,근린공원,36.1410710395,128.4230508367
경상북도,구미시,산동읍,신당리 1693,선비공원,근린공원,36.1562339,128.4354212
경상북도,구미시,산동읍,신당리 1641,무지개공원,어린이공원,36.1564855,128.4380816
경상북도,구미시,옥계동,1236,달빛공원,어린이공원,36.1428024495,128.4229606172
경상북도,구미시,옥계동,1085,솔찬공원,어린이공원,36.1447154288,128.4207216851
경상북도,구미시,고아읍,문성리 1775,문성지구 근린공원,근린공원,36.1535979,128.3491353
경상북도,구미시,산동읍,신당리 산81-1,서울나들공원(꿈을담은놀이터),근린공원,36.1562929,128.4254676
경상북도,구미시,산동읍,신당리 1723,산동물빛공원,근린공원,36.1590855,128.4304315
경상북도,구미시,산동읍,신당리 2021,원당공원,근린공원,36.1471582,128.4252945
충청남도,아산시,배방읍,공수리 1168,다모여어린이공원,어린이공원,36.77134697,127.0572981
충청남도,아산시,배방읍,공수리 637,형제어린이공원,어린이공원,36.772518,127.0616829
충청남도,아산시,배방읍,북수리 1278,풀내음어린이공원,어린이공원,36.771616,127.071569
충청남도,아산시,온천동,1379,새잎어린이공원,어린이공원,36.787515,126.998789
충청남도,아산시,온천동,1442,동글어린이공원,어린이공원,36.78984595,126.997842
충청남도,아산시,온천동,1458,녹색어린이공원,어린이공원,36.79001141,127.0000937
충청남도,아산시,온천동,1859,푸르미어린이공원,어린이공원,36.787538,127.003769
충청남도,아산시,모종동,618,드림어린이공원,어린이공원,36.78478119,127.019841
충청남도,아산시,온천동,578,제17호공원(어의정),어린이공원,36.776154,126.999145
충청남도,아산시,온천동,760,도담어린이공원,어린이공원,36.77850049,127.002632
충청남도,아산시,권곡동,531-3,바른뿌리어린이공원,어린이공원,36.787471,127.014068
충청남도,아산시,권곡동,409-3,방글어린이공원,어린이공원,36.79096415,127.0097393
충청남도,아산시,권곡동,622,햇살어린이공원,어린이공원,36.79358738,127.010656
충청남도,아산시,모종동,575-1,노니어린이공원,어린이공원,36.782526,127.013234
충청남도,아산시,모종동,568-6,못나루어린이공원,어린이공원,36.783155,127.016625
충청남도,아산시,모종동,572-2,볕뉘어린이공원,어린이공원,36.781958,127.015245
충청남도,아산시,권곡동,524-10,빛나라어린이공원,어린이공원,36.78935713,127.007454
충청남도,아산시,권곡동,537-7,또바기어린이공원,어린이공원,36.78822529,127.008647
충청남도,아산시,방축동,708,나비어린이공원,어린이공원,36.78501111,126.9911375
충청남도,아산시,실옥동,539,동화어린이공원,어린이공원,36.79023504,126.991185
충청남도,아산시,용화동,972,꽃분어린이공원,어린이공원,36.777835,127.008989
충청남도,아산시,용화동,1353(용화택지개발지구내),너더리어린이공원,어린이공원,36.772536,127.003042
충청남도,아산시,용화동,400-17,삼화어린이공원,어린이공원,36.773122,126.993552
충청남도,아산시,용화동,612,한마음어린이공원,어린이공원,36.77550772,126.998151
충청남도,아산시,용화동,711,용푸름어린이공원,어린이공원,36.773693,126.996801
충청남도,천안시,서북구,쌍용동 1280,솔내음공원(쌍용8),어린이공원,36.8028507,127.1234688
광주광역시,광산구,산정동,969-1 (하남지구),산정중앙,어린이공원,35.16838469,126.8042639
경기도,남양주시,다산동,6093,다산진건 어린이공원 6호,어린이공원,37.62191683,127.158012
경기도,남양주시,다산동,6033,체육공원 2호,체육공원,37.627789,127.160123
경기도,남양주시,진접읍,장현리 45-47,장승다담공원,역사공원,37.72960183,127.194169
경기도,남양주시,화도읍,녹촌리 556-1,녹촌제1호어린이공원,어린이공원,37.65112724,127.2984992
경기도,남양주시,조안면,능내리 131-1,능내공원,문화공원,37.52355832,127.2961297
경기도,남양주시,화도읍,월산리 1527-4,월산리4지구소공원,소공원,37.651867,127.336242
경기도,남양주시,가운동,421,다산지금 소공원 4호,소공원,37.60188971,127.1671974
경기도,남양주시,다산동,6154,다산진건 어린이공원 7호,어린이공원,37.61587015,127.1573076
경기도,남양주시,화도읍,창현리 778-3,도뮤토아파트어린이공원,어린이공원,37.64463773,127.3043904
경기도,남양주시,다산동,3207-3,문화공원/1,문화공원,37.6123567,127.167554
경기도,남양주시,화도읍,묵현리 604-14(604-15),경성큰마을소공원,소공원,37.65352885,127.2678908
경기도,남양주시,금곡동,434-3 일원,홍유릉역사공원,역사공원,37.6319105,127.2110939
경기도,남양주시,별내면,청학리 177-3,소공원/1,소공원,37.70974559,127.1130858
경기도,남양주시,평내동,598,체육공원,체육공원,37.6467584,127.2430898
인천광역시,부평구,부평동,산35-6,희망공원,근린공원,37.48526546,126.7125196
인천광역시,부평구,십정동,186-419,백운공원,근린공원,37.48219263,126.7030046
인천광역시,부평구,산곡동,261-1,마장공원,근린공원,37.50071118,126.7078504
인천광역시,부평구,부개동,446,밤골공원,근린공원,37.48374019,126.7337229
인천광역시,부평구,부평동,880,신트리공원,근린공원,37.50658091,126.7236393
인천광역시,부평구,갈산동,373-1,굴포공원,근린공원,37.5091768,126.7243372
인천광역시,부평구,갈산동,376,사근공원,근린공원,37.50862714,126.7243195
인천광역시,부평구,갈산동,130-1,갈산공원,근린공원,37.51941746,126.7257611
인천광역시,부평구,부개동,502-16,대촌공원,근린공원,37.4972794,126.7397023
경기도,의왕시,학의동,1134,별빛어린이공원,어린이공원,37.36974395,127.0085604
서울특별시,은평구,응암동751-22,,다래어린이공원,어린이공원,37.59242,126.910584
서울특별시,은평구,불광,339,연신어린이공원,어린이공원,37.600268,126.906472
서울특별시,은평구,녹번동,281-4,양천리누리터 어린이공원,어린이공원,37.640075,126.932882
서울특별시,은평구,응암동,240-7,응암3재건축구역내 어린이공원,어린이공원,37.5930200359,126.9221859255
서울특별시,은평구,응암동,767-1,응암10재개발구역내 어린이공원,어린이공원,37.618784,126.930834
서울특별시,은평구,응암동764-2,,응암1구역어린이공원,어린이공원,37.629366,126.927014
서울특별시,은평구,불광동,산42-5,북한산,근린공원,37.605799,126.940903
경기도,용인시,처인구,모현읍 왕산리 523-17 일원,소공원(외대공원 옆),소공원,37.33709866,127.2521688
경기도,용인시,처인구,백암면 근곡리 959,제일바이오 1호 소공원,소공원,37.17864482,127.3691492
세종특별자치시,고운동,1125,,문화-고운동 1125,문화공원,36.51557548,127.2297808
세종특별자치시,고운동,1355,,문화-고운동 1355,문화공원,36.51513138,127.2331116
세종특별자치시,아름동,1039,,문화-아름동 1039,문화공원,36.52021739,127.2500768
세종특별자치시,아름동,1033,,문화-아름동 1033,문화공원,36.52059116,127.2512706
세종특별자치시,아름동,1298,,문화-아름동 1298,문화공원,36.51517171,127.2454273
세종특별자치시,아름동,981,,문화-아름동 981,문화공원,36.5209197,127.2493917
세종특별자치시,어진동,534,,문1-13,문화공원,36.50377013,127.2601821
세종특별자치시,어진동,635,,문1-14,문화공원,36.49869666,127.2666522
세종특별자치시,어진동,633,,문1-15,문화공원,36.49929066,127.2668282
세종특별자치시,나성동,760,,문화-나성동 760,문화공원,36.49146586,127.2568878
세종특별자치시,나성동,735,,문화-나성동 735,문화공원,36.49085092,127.2559486
세종특별자치시,나성동,761,,문화-나성동 761,문화공원,36.49096517,127.2569364
세종특별자치시,나성동753,,,문화-나성동 753,문화공원,36.4840119,127.2591889
세종특별자치시,나성동,734,,문화-나성동 734,문화공원,36.49169784,127.2561064
세종특별자치시,다정동,957,,봄빛문화공원,문화공원,36.49373557,127.2431164
전라남도,광양시,광양읍,덕례리 1733-1,덕례2,어린이공원,34.963816,127.575539
전북특별자치도,익산시,낭산면,구평리 1552,한울공원,근린공원,36.04142909,126.9978739
경상남도,거창군,거창읍,대평리 1517,17호 공원,어린이공원,35.68634862,127.9255332
경상남도,거창군,거창읍,송정리 1105,송정1공원,수변공원,35.68141001,127.9020991
경상남도,거창군,거창읍,송정리 1121,송정2공원,수변공원,35.68040263,127.9014387
경상남도,거창군,거창읍,송정리 1130,송정3공원,소공원,35.68081918,127.9066314
경상남도,거창군,거창읍,송정리 1094,송정4공원,소공원,35.68031199,127.8986479
경상남도,거창군,거창읍,김천리 480,송정5공원,어린이공원,35.68139228,127.9111513
경상남도,거창군,거창읍,가지리 256,죽전공원,근린공원,35.69278028,127.9064203
경상남도,거창군,가조면,마상리 152,가조공원,어린이공원,35.70717934,128.0157479
경상남도,거창군,거창읍,대평리 1500-3,대평공원,어린이공원,35.68312051,127.9208656
경상남도,거창군,거창읍,대동리 986-1,소만1공원,어린이공원,35.69448317,127.9212869
경상남도,거창군,거창읍,대동리 993-4,소만2공원,어린이공원,35.69338502,127.9230347
경상남도,거창군,거창읍,상림리 773,책읽는공원,근린공원,35.69032647,127.9040224
경상남도,거창군,거창읍,상림리 852,10호공원,어린이공원,35.68665959,127.9021393
경상남도,거창군,거창읍,상림리 808,11호공원,어린이공원,35.68824678,127.9060504
대구광역시,서구,평리동,1057-3,들마을공원,어린이공원,35.873968,128.563818
대구광역시,서구,평리동,1198-5,신평공원,어린이공원,35.866312,128.5624687
대구광역시,서구,내당동,252-4,경운공원,어린이공원,35.861939,128.555177
대구광역시,서구,중리동,120-5,중리공원,어린이공원,35.863151,128.549491
대구광역시,서구,내당동,308-1,삼익공원,어린이공원,35.8601413,128.5501893
대구광역시,서구,내당동,11-14,황제공원,어린이공원,35.864069,128.565825
대구광역시,서구,비산동,1036,비산공원,어린이공원,35.887747,128.568576
대구광역시,서구,내당동,458-4,내삼공원,어린이공원,35.856076,128.548929
대구광역시,서구,중리동,721-2,일신공원,어린이공원,35.856433,128.544445
대구광역시,서구,중리동,26-2,서부12공원,어린이공원,35.8652121,128.5481632
울산광역시,중구,교동,131,도담공원,소공원,35.56394157,129.3142657
충청북도,제천시,하소동,165-19,하소제6어린이공원,어린이공원,37.13352727,128.1971014
충청북도,제천시,교동,40-59,교동제2어린이공원,어린이공원,37.1411041,128.218711
충청북도,제천시,하소동,209-3,영천제1어린이공원,어린이공원,37.13095792,128.1967613
충청북도,제천시,하소동,211-1,영천제2어린이공원,어린이공원,37.130589,128.197557
충청북도,제천시,강제동,733,강저제1근린공원,근린공원,37.12178477,128.2055549
충청북도,제천시,강제동,904,강저제2근린공원,근린공원,37.12004611,128.1959491
충청북도,제천시,영천동,2228,강저제1어린이공원,어린이공원,37.1235474,128.2039148
충청북도,제천시,강제동,896,강저제2어린이공원,어린이공원,37.121983,128.1997757
충청북도,제천시,강제동,800,강저제3어린이공원,어린이공원,37.120885,128.203907
충청북도,제천시,왕암동,1179,왕암제3어린이공원,어린이공원,37.15196399,128.154965
충청북도,제천시,왕암동,1326,왕암체육공원,체육공원,37.151025,128.1560516
경기도,하남시,창우동,520-5,꿈나라공원,어린이공원,37.53742616,127.2221663
경기도,하남시,창우동,521-7,꿈돌이공원,어린이공원,37.53645843,127.222966
경기도,하남시,덕풍동,680,한 솔 공 원,어린이공원,37.5356058,127.1955107
경기도,하남시,신장동,560-1,새 싹 공 원,어린이공원,37.54271723,127.2127507
세종특별자치시,다정동,908,,별찌뜰근린공원,근린공원,36.49933694,127.238134
세종특별자치시,다정동,915,,너비뜰근린공원,근린공원,36.49911588,127.242837
세종특별자치시,다정동,919,,오래뜰근린공원,근린공원,36.49880261,127.2470094
세종특별자치시,다정동,921,,품안뜰근린공원,근린공원,36.49731195,127.2520454
세종특별자치시,다정동,927,,달님뜰근린공원,근린공원,36.49430505,127.2523032
세종특별자치시,새롬동,559,,새롬뜰근린공원,근린공원,36.48925256,127.2526679
세종특별자치시,새롬동,576,,근린-새롬동 576,근린공원,36.48577981,127.2520503
세종특별자치시,새롬동,571,,가득뜰근린공원,근린공원,36.48674794,127.2542564
충청북도,충주시,연수동,1665,어린이공원/17,어린이공원,36.9818118,127.9451221
충청북도,충주시,목행동,669,어린이공원/18,어린이공원,37.01080254,127.9163492
충청북도,충주시,문화동,2595,어린이공원/19,어린이공원,36.96888837,127.927597
충청북도,충주시,교현동,619-1,어린이공원/20,어린이공원,36.97928759,127.9293046
충청북도,충주시,봉방동,95-3,어린이공원/21,어린이공원,36.97835131,127.9156675
충청북도,충주시,교현동,920,어린이공원/22,어린이공원,36.96662835,127.9431737
충청북도,충주시,교현동,1038,어린이공원/23,어린이공원,36.96599252,127.9456272
충청북도,충주시,교현동,1082-1,어린이공원/24,어린이공원,36.96471694,127.9446817
충청북도,충주시,봉방동,189,어린이공원/25,어린이공원,36.97529298,127.9136637
충청북도,충주시,봉방동,341,어린이공원/28,어린이공원,36.97361241,127.9128575
충청북도,충주시,봉방동,203,어린이공원/29,어린이공원,36.97459143,127.9163057
충청북도,충주시,봉방동,246,어린이공원/30,어린이공원,36.97188874,127.913906
충청북도,충주시,문화동,179,어린이공원/31,어린이공원,36.96771717,127.9183029
충청북도,충주시,호암동,산97-1,어린이공원/41,어린이공원,36.571101,127.555501
서울특별시,송파구,가락동,170-6,샛팽이,어린이공원,37.496755,127.1339104
서울특별시,송파구,석촌동,27,석촌,어린이공원,37.505901,127.0998172
서울특별시,송파구,마천동,128-2,섬굴,어린이공원,37.496925,127.149266
서울특별시,송파구,장지동,843-1,솔바람,어린이공원,37.47884273,127.129415
서울특별시,송파구,방이동,214,솔밭,어린이공원,37.509068,127.1236308
서울특별시,송파구,문정동,23-5,수정,어린이공원,37.48892043,127.126227
서울특별시,송파구,오금동,123-2,아랫말,어린이공원,37.50486252,127.137384
서울특별시,송파구,풍납동,306-9,아랫바람,어린이공원,37.532301,127.112232
서울특별시,송파구,석촌동,289-3,아름,어린이공원,37.50336748,127.107059
서울특별시,송파구,오금동,66-12,안골,어린이공원,37.502813,127.135319
서울특별시,송파구,가락동,152-3,안산골,어린이공원,37.497609,127.1266918
서울특별시,송파구,송파동,129,어사,어린이공원,37.50731372,127.113002
서울특별시,송파구,거여동,16,영풍,어린이공원,37.49513234,127.142498
서울특별시,송파구,방이동,121,옛동산,어린이공원,37.50964937,127.115877
서울특별시,송파구,오금동,84,오동나무,어린이공원,37.506227,127.1339065
서울특별시,송파구,석촌동,162,오봉산,어린이공원,37.50612827,127.1023092
서울특별시,송파구,마천동,45,용마,어린이공원,37.49984042,127.148556
서울특별시,송파구,풍납동,295-4,윗바람,어린이공원,37.53437064,127.112122
서울특별시,송파구,방이동,189,임금샘,어린이공원,37.51120967,127.125048
서울특별시,송파구,거여동,135-46,잔버들,어린이공원,37.497372,127.144299
서울특별시,송파구,송파동,188,중대,어린이공원,37.499678,127.115427
서울특별시,송파구,잠실본동,338,진달래,어린이공원,37.503675,127.086313
서울특별시,송파구,마천동,610,천상,어린이공원,37.494277,127.1590674
서울특별시,송파구,마천동,360,초록,어린이공원,37.495639,127.156954
서울특별시,송파구,거여동,7,큰바위,어린이공원,37.49811017,127.142529
서울특별시,송파구,가락동,185,투구봉,어린이공원,37.494001,127.135365
서울특별시,송파구,가락본동,118,팔각정,어린이공원,37.492637,127.124131
서울특별시,송파구,문정동,66,한샘,어린이공원,37.484765,127.1250089
서울특별시,송파구,거여동,293-2,향나무,어린이공원,37.48979171,127.1442044
서울특별시,은평구,녹번,158-1,새록어린이공원,어린이공원,37.625092,126.926178
경기도,오산시,가장동,375-7,가장근린공원,근린공원,37.161734,127.0401850762
경기도,오산시,원동641-5,,원동제3어린이공원,어린이공원,37.1373473661,127.0838706394
경기도,오산시,외삼미동,645,외삼미근린공원,근린공원,37.193834,127.062054
경기도,오산시,외삼미동,651,외삼미소공원,소공원,37.189891,127.063783
경기도,오산시,부산동,829,매화어린이공원,어린이공원,37.160192,127.081248
경기도,오산시,양산동,667-5,양산동 근린공원,근린공원,37.195742,127.031640224
경기도,오산시,양산동,667-2,양산 제1어린이공원,어린이공원,37.1976010597,127.0321915282
경기도,오산시,양산동,668-2,양산제1소공원,소공원,37.1974105258,127.035746
경기도,오산시,양산동,676,양산제2소공원,소공원,37.1927966825,127.034838
경기도,오산시,금암동,484,꽃다리공원,근린공원,37.1798714284,127.047792
경기도,오산시,내삼미동,899-3,필봉근린공원,근린공원,37.173543,127.0682010502
경기도,오산시,수청동,635-1,별어린이공원,어린이공원,37.167871197,127.067429
경기도,오산시,갈곶동,717,갈곶제2소공원,소공원,37.129547,127.071834
경기도,오산시,수청동,602,세교제1호소공원,소공원,37.1690918666,127.056886436
경기도,오산시,갈곶동,174,갈곶제1소공원,소공원,37.130357397,127.0671935263
경기도,오산시,청호동,334,청호제3어린이공원,어린이공원,37.130651,127.083142
경기도,오산시,외삼미동,640,유엔군초전기념공원,역사공원,37.184611,127.049023
경기도,오산시,지곶동,560-1,지곶동수변공원,수변공원,37.1722186066,127.0266122854
경기도,오산시,가장동,385-1,가장제2근린공원,근린공원,37.1679740991,127.0311397946
경기도,오산시,가장동,395-5,가장동수변공원,수변공원,37.1634050296,127.0348675876
경기도,오산시,금암동,512-3,세교제2호소공원,소공원,37.176844,127.044505422
경기도,오산시,원동,912,원동소공원,소공원,37.142302,127.090005
경기도,오산시,지곶동,576,지곶동 어린이공원,어린이공원,37.1687407045,127.0266340892
경기도,오산시,양산동,88,양산 제2어린이공원,어린이공원,37.191937,127.0327031311
경기도,오산시,부산동,792,부산제2어린이공원,어린이공원,37.152691,127.0911212518
경기도,오산시,부산동,797,부산동소공원,소공원,37.151007,127.0901966777
세종특별자치시,집현동,883-161답,일원(집현동 1208),문4-18,문화공원,36.484966,127.320916
세종특별자치시,집현동,883-161답,일원(집현동 1258),문4-19,문화공원,36.484966,127.320916
세종특별자치시,집현동,785-286전,"일원(집현동 1356, 1358)",어루뜰근린공원,근린공원,36.483005,127.321613
세종특별자치시,집현동,883-218답,일원(집현동 1342),별빛어린이공원,어린이공원,36.483975,127.319485
경기도,화성시,반송동,12,개나리공원,근린공원,37.21079193,127.0665744
경기도,화성시,석우동,50,하늘빛공원,근린공원,37.20989421,127.0772989
경기도,화성시,능동,1128,동탄 구봉산공원(나래울),근린공원,37.20582056,127.0515788
경기도,화성시,반송동,59,동탄센트럴파크,근린공원,37.20675447,127.0630117
경기도,화성시,반송동,108,노작공원,근린공원,37.202470075,127.0741916303
경기도,화성시,반송동,138,솔빛공원,근린공원,37.19624041,127.0712104
경기도,화성시,반송동,159-6,육탄10용사 기념공원,근린공원,37.19379152,127.0674777
경기도,화성시,반송동,198-1,탄요유적공원,근린공원,37.19002871,127.0701643
경기도,화성시,석우동,45,큰재봉공원,근린공원,37.21311449,127.0846242
경기도,화성시,석우동,29-3,동학산공원,근린공원,37.22067418,127.0791305
경기도,화성시,능동,1118,손바닥공원,근린공원,37.2092548432,127.0561049839
경기도,화성시,석우동,21-8,동탄13호 근린공원(초록공원),근린공원,37.22044467,127.0706875
경상북도,봉화군,봉화읍,내성리 산 16-1,내성공원,근린공원,36.89116568,128.7438007
경상북도,봉화군,봉화읍,내성리 449-5,내성제5호공원,어린이공원,36.88792265,128.7375757
경기도,수원시,권선구,권선동 1261,우솔,어린이공원,37.25244724,127.0287838
경기도,수원시,권선구,권선동 1185-2,권선,어린이공원,37.25347243,127.0230507
경기도,수원시,권선구,권선동 1333,아우름,어린이공원,37.25206241,127.0277848
경기도,수원시,권선구,권선동 1188-2,다정,어린이공원,37.25271498,127.0222966
경기도,수원시,권선구,세류동 463-1,버드내,어린이공원,37.25735256,127.0096088
경기도,수원시,권선구,평동 21-158,벌말,어린이공원,37.26018376,126.9960193
경기도,수원시,권선구,당수동 292-1,까치,어린이공원,37.29269733,126.9358111
경기도,수원시,권선구,입북동 811,갓띠,어린이공원,37.29619165,126.9593666
경기도,수원시,권선구,구운동 892,다온,어린이공원,37.28432415,126.9763281
경기도,수원시,권선구,구운동 910,꽃길,어린이공원,37.2825796,126.9735142
경기도,평택시,현덕면,권관리 773-4,소공원 2호(황해경제자유구역청 현덕지구),소공원,36.924402,126.906681
경기도,평택시,청북면,후사리 산84-10,소공원 7호(후사지구),소공원,37.034706,126.931324
경기도,평택시,청북면,후사리 산84-9,소공원 8호(후사지구),소공원,37.034892,126.92913
경기도,평택시,청북면,후사리 45-4,소공원 9호(후사지구),소공원,37.033994,126.928548
경기도,평택시,포승읍,만호리 681,지영희 소공원,소공원,36.96985,126.860485
경기도,평택시,안중읍,현화리 산398-2임,제1호 어린이공원(하북리),어린이공원,36.983801,126.906289
경기도,평택시,현덕면,화양리 산155,제2호 어린이공원 제131호(가재지구),어린이공원,36.982224,126.903473
경기도,평택시,현덕면,운정리 358-56전,제2호 어린이공원(견산리),어린이공원,36.974026,126.89823
경기도,평택시,현덕면,운정리 445-9답,제2호 어린이공원(브레인시티),어린이공원,36.970085,126.899159
경기도,평택시,현덕면,화양리 816-1답,제3호 어린이공원 제132호(가재지구),어린이공원,36.968075,126.904438
경기도,평택시,현덕면,화양리 868-14전,제3호 어린이공원(가곡리),어린이공원,36.964858,126.9052
경기도,평택시,현덕면,도대리 산81-2구,제3호 어린이공원(브레인시티),어린이공원,36.964889,126.902212
경상남도,산청군,단성면,묵곡리 938,묵곡공원,근린공원,35.2800276,127.9647323
경상남도,산청군,생초면,어서리 213,생초체육공원,체육공원,35.49289543,127.8384142
경상남도,산청군,신등면,양전리 43-2,장승배기생태공원,수변공원,35.38709463,128.0121845
경상남도,산청군,신등면,단계리 767-4,단계근린공원,근린공원,35.37703097,128.010943
경상남도,산청군,산청읍,옥산리 267,한마음공원,소공원,35.414304,127.874196
경상남도,산청군,산청읍,옥산리 449-10,한마음어린이공원,어린이공원,35.41530813,127.8748758
경상남도,산청군,생초면,어서리 777,생초조각공원,문화공원,35.49210913,127.8314383
경상남도,산청군,단성면,성내리 120,단성면문화공원,문화공원,35.29897036,127.9600644
경상남도,산청군,단성면,창촌리 834-13,창촌공원,수변공원,35.25860453,127.897938
경상남도,산청군,차황면,철수리 148-1,차황문화공원,문화공원,35.441859,127.9542999822
경상남도,산청군,신안면,중촌리 621,신안체육공원,체육공원,35.316216,127.9743251
경기도,남양주시,다산동,6171-1,다산지금 어린이공원 2호,어린이공원,37.61284364,127.165571
경기도,남양주시,가운동,산 36,다산지금 어린이공원 4호,어린이공원,37.60083789,127.1716939
경기도,남양주시,다산동,6236-1,다산지금 어린이공원 5호,어린이공원,37.59926958,127.173109
경상남도,창원시,성산구,사파동 33-21,어린이공원142,어린이공원,35.230242,128.701177
경상남도,창원시,성산구,신촌동 34-4,어린이공원143,어린이공원,35.201495,128.628225
경상남도,창원시,성산구,신촌동 33-3,어린이공원144,어린이공원,35.201192,128.628242
경상남도,창원시,성산구,신촌동 22-2,어린이공원232,어린이공원,35.201383,128.628745
충청북도,제천시,청전동,652,청전제4어린이공원,어린이공원,37.148907,128.210516
충청북도,제천시,청전동,416-3,청전제5어린이공원,어린이공원,37.14838645,128.205894
충청북도,제천시,청전동,791,청전제6어린이공원,어린이공원,37.147471,128.211221
충청북도,제천시,봉양읍,장평리 843-10,장평어린이공원,어린이공원,37.132464,128.128014
충청북도,제천시,왕암동,971,왕암제1근린공원,근린공원,37.148272,128.167818
충청북도,제천시,왕암동,906,왕암제2근린공원,근린공원,37.153739,128.171721
충청북도,제천시,신월동,1355,신월제1어린이공원,어린이공원,37.168475,128.1927061
충청북도,제천시,신월동,1403,신월제2어린이공원,어린이공원,37.169763,128.195664
충청북도,제천시,신월동,1276,신월제3어린이공원,어린이공원,37.170271,128.193071
충청북도,제천시,왕암동,988,왕암제3근린공원,근린공원,37.146017,128.170042
충청북도,제천시,왕암동,866,왕암제1어린이공원,어린이공원,37.15480297,128.170704
충청북도,제천시,천남동,24-3,뜨레어린이공원,어린이공원,37.1301489,128.1915891
경기도,하남시,창우동,518-4,은방울공원,어린이공원,37.54065829,127.2237555
전라남도,나주시,빛가람동,346-1,문화공원 제4호,문화공원,35.01395501,126.7949874
전라남도,나주시,공산면,신곡리 산2,삼한지테마공원,문화공원,34.97948996,126.5997029
전라남도,나주시,왕곡면,덕산리 822-7,공원1(혁신산단),소공원,34.9686077,126.6788937
전라남도,나주시,동수동,397-1,공원2(혁신산단),소공원,34.98026214,126.689062
전라남도,나주시,남평읍,교촌리 88,공원(교촌구역),소공원,35.040345,126.8450079
전라남도,나주시,다시면,월태리 596-19,공원,소공원,35.017659,126.635103
전라남도,나주시,다시면,옥당리 산56-7,공원,소공원,35.019167,126.620943
충청북도,충주시,연수동,1174,어린이공원/3,어린이공원,36.9831769,127.932016
충청북도,충주시,대소원면,본리 1066,어린이공원/3,어린이공원,36.98515911,127.8290226
충청북도,충주시,중앙탑면,용전리 690,어린이공원/3,어린이공원,37.01542621,127.8301411
충청북도,충주시,연수동,1221,어린이공원/4,어린이공원,36.98477331,127.9265229
충청북도,충주시,주덕읍,화곡리 1538,어린이공원/4,어린이공원,37.00628783,127.8223134
충청북도,충주시,칠금동,627,어린이공원/5,어린이공원,36.98500373,127.9186724
충청북도,충주시,주덕읍,화곡리 1384,어린이공원/5,어린이공원,37.00952993,127.8213685
충청북도,충주시,칠금동,632,어린이공원/6,어린이공원,36.98625277,127.9235262
충청북도,충주시,교현동,1341,어린이공원/7,어린이공원,36.98418523,127.9242874
충청북도,충주시,칠금동,1016,어린이공원/8,어린이공원,36.98151413,127.9164336
충청북도,충주시,칠금동,965,어린이공원/9,어린이공원,36.98134279,127.9204119
충청북도,충주시,연수동,1450,어린이공원/10,어린이공원,36.9852151,127.9386453
충청북도,충주시,연수동,1465,어린이공원/11,어린이공원,36.98338231,127.9384251
충청북도,충주시,연수동,1321,어린이공원/12,어린이공원,36.98792777,127.9424481
충청북도,충주시,연수동,1539,어린이공원/13,어린이공원,36.98392167,127.9408622
충청북도,충주시,연수동,1594,어린이공원/14,어린이공원,36.98530389,127.9401784
충청북도,충주시,연수동,1630,어린이공원/15,어린이공원,36.98321334,127.9451844
충청북도,충주시,연수동,1692,어린이공원/16,어린이공원,36.98170612,127.9411854
전라남도,나주시,빛가람동,710,공원(어8혁신),어린이공원,35.010596,126.788228
전라남도,나주시,빛가람동,808,공원(어9혁신),어린이공원,35.0105994,126.791022
전라남도,나주시,빛가람동,636,공원(어10혁신),어린이공원,35.00849081,126.787952
전라남도,나주시,빛가람동,677,공원(어11혁신),어린이공원,35.00848376,126.791326
전라남도,나주시,빛가람동,823,공원(어12혁신),어린이공원,35.01183811,126.794936
전라남도,나주시,남평읍,동사리 349,공원,어린이공원,35.04392578,126.8502829
전라남도,나주시,과원동,109-5,금성관 공원,역사공원,35.03335643,126.7165553
전라남도,나주시,죽림동,60-1,역사공원,역사공원,35.02849256,126.726553
전라남도,나주시,빛가람동,383,근린공원 제7호,근린공원,35.013724,126.780184
전라남도,나주시,빛가람동,536,근린공원 제8호,근린공원,35.01010864,126.775532
전라남도,나주시,빛가람동,552,근린공원 제9호,근린공원,35.01165238,126.7823066
전라남도,나주시,빛가람동,864,근린공원 제10호,근린공원,35.00969107,126.7990558
전라남도,나주시,빛가람동,497-1,근린공원 제11호,근린공원,35.00892356,126.7684506
전라남도,나주시,남평읍,동사리 410,공원,근린공원,35.04200233,126.8510807
전라남도,나주시,운곡동,240-7,공원(나주일반산단),근린공원,34.990116,126.6877303
전라남도,나주시,대호동,산62,성향공원,문화공원,35.04683607,126.722267
전라남도,나주시,빛가람동,22-1,문화공원 제1호,문화공원,35.02851994,126.7820571
전라남도,나주시,빛가람동,102-1,문화공원 제2호,문화공원,35.02758844,126.7893502
전라남도,나주시,빛가람동,227-4,문화공원 제3호,문화공원,35.02751948,126.7982579
인천광역시,미추홀구,학익동,721-6,모리포공원,어린이공원,37.439959,126.659325
인천광역시,미추홀구,학익동,721-5,한나루공원,어린이공원,37.440426,126.661866
인천광역시,미추홀구,도화동,699-14,쑥골공원,어린이공원,37.471253,126.669605
인천광역시,미추홀구,용현동,14,용남공원,어린이공원,37.450646,126.666069
인천광역시,미추홀구,용현동,666,제2용정공원,근린공원,37.450679,126.642827
인천광역시,미추홀구,주안동,1501,미니공원,어린이공원,37.449139,126.6850056
인천광역시,미추홀구,주안동,1418-93,사미공원,어린이공원,37.45008774,126.6727097
인천광역시,미추홀구,학익동,732-5,학익공원,어린이공원,37.44357933,126.6571792
인천광역시,미추홀구,학익동,738,매소홀어린이공원,어린이공원,37.44194456,126.654548
인천광역시,미추홀구,도화동,1007-3,화동공원,근린공원,37.473048,126.664747
인천광역시,미추홀구,용현동,664-1,다솜어린이공원,어린이공원,37.44765452,126.6458302
인천광역시,미추홀구,용현동,664-5,도담어린이공원,어린이공원,37.447073,126.642974
인천광역시,미추홀구,주안동,1562-1,한마음소공원,소공원,37.45141721,126.692443
인천광역시,미추홀구,주안동,19-81,돌샘어린이공원,어린이공원,37.46839049,126.6867093
광주광역시,남구,행암동,554,해마루,근린공원,35.1026758,126.8853872
광주광역시,남구,행암동,525,천변길,근린공원,35.10072577,126.8806817
광주광역시,남구,임암동,산51,효천,근린공원,35.10411589,126.8649723
광주광역시,남구,노대동,869,진월지구,소공원,35.10214473,126.9047763
광주광역시,남구,주월동,1309,주월,소공원,35.130898,126.903983
광주광역시,남구,양림동,203,양림 1,소공원,35.14118737,126.9171349
광주광역시,남구,서동,292,서동,소공원,35.13995016,126.9098291
광주광역시,남구,월산동,1034-1,월산 제2,어린이공원,35.1392906,126.8938258
광주광역시,남구,주월동,1281-1,봉선,어린이공원,35.132236,126.903833
서울특별시,강북구,송중동,1369-1,미아9-1,어린이공원,37.6207197,127.0335003
서울특별시,강북구,송중동,4-1,어울림,소공원,37.6168529,127.0355326
서울특별시,강북구,송천동,476-252,미아5구역,소공원,37.6125192,127.0267764
서울특별시,강북구,번동,산27-5,오동도시자연공원,기타,37.62379857,127.0341655
전라남도,나주시,죽림동,50,시민공원,근린공원,35.032289,126.7227475
전라남도,나주시,삼영동,174-5,영산포철도박물관공원,근린공원,35.005576,126.707935
전라남도,나주시,동수동,388-2,산단공원,근린공원,34.9839719,126.6863154
전라남도,나주시,송월동,산15-1,역전공원,근린공원,35.01288877,126.714545
전라남도,나주시,송월동,1076-4,공원(송월지구),근린공원,35.013937,126.714407
전라남도,나주시,왕곡면,덕산리 808,미래근린공원(혁신산단),근린공원,34.971512,126.689382
전라남도,나주시,왕곡면,덕산리839-1,덕실근린공원(혁신산단),근린공원,34.9689017,126.6774218
전라남도,나주시,남평읍,교원리 5-2,남평공원,근린공원,35.03721256,126.8494094
전라남도,나주시,빛가람동,19-1,근린공원 제1호,근린공원,35.028982,126.7798845
전라남도,나주시,빛가람동,37-4,근린공원 제2호,근린공원,35.029896,126.7887337
전라남도,나주시,빛가람동,202-2,근린공원 제3호,근린공원,35.02292509,126.7896102
전라남도,나주시,빛가람동,308,근린공원 제4호,근린공원,35.017359,126.7976049
전라남도,나주시,빛가람동,317,근린공원 제5호,근린공원,35.01447082,126.7965809
전라남도,나주시,빛가람동,845,근린공원 제6호,근린공원,35.01269092,126.796523
전라남도,해남군,화산면,방축리 91-1,화산근린공원,근린공원,34.48792084,126.518079
전북특별자치도,군산시,산북동,3632-3,사전안1길 공원,어린이공원,35.95660801,126.671389
전북특별자치도,군산시,산북동,3615-6,칠성안3길 공원,어린이공원,35.959835,126.6760969
전북특별자치도,군산시,산북동,3595,원산북1길 공원,어린이공원,35.963063,126.677023
전북특별자치도,군산시,산북동,3585-4,부원로 공원,어린이공원,35.96305185,126.6808529
전북특별자치도,군산시,산북동,3543-2,칠성안2길 공원,어린이공원,35.967226,126.681942
전북특별자치도,군산시,산북동,3532,칠성4길 공원,어린이공원,35.969019,126.677267
전북특별자치도,군산시,소룡동,1544,소룡길 공원,어린이공원,35.969507,126.6835488
전북특별자치도,군산시,소룡동,1554,소룡2길 공원,어린이공원,35.973479,126.677648
전북특별자치도,군산시,소룡동,1572,소룡안2길 공원,어린이공원,35.970541,126.680102
전북특별자치도,군산시,소룡동,1529-1,설림안4길 공원,어린이공원,35.973125,126.682354
전북특별자치도,군산시,경장동,494-18,백릉안2길 공원,어린이공원,35.972554,126.730517
전북특별자치도,군산시,조촌동,745-1,양안1길 공원,어린이공원,35.97087092,126.739489
전북특별자치도,군산시,서흥남동,843-18,풍남길 공원,어린이공원,35.975945,126.716363
전북특별자치도,군산시,문화동,886,문화1길 공원,어린이공원,35.976697,126.7049266
전북특별자치도,군산시,삼학동,813-10,삼화3길 공원,어린이공원,35.975881,126.7087031
전북특별자치도,군산시,내흥동,320-4,역사,역사공원,36.008071,126.7589306
전북특별자치도,군산시,오식도동,503-2,오식묘지,묘지공원,35.965034,126.5562804
전북특별자치도,군산시,오식도동,508,생말,체육공원,35.969941,126.569422
전북특별자치도,군산시,비응도동,36-7,새만금비응,근린공원,35.943889,126.538981
전북특별자치도,군산시,조촌동,2,금빛초등학교북측 공원,근린공원,35.98162066,126.743341
전북특별자치도,군산시,조촌동,3932,송정타워써미트동측 근린공원,근린공원,35.96237883,126.737472
전북특별자치도,군산시,미장동,542-2,미장아이파크남측 근린공원,근린공원,35.95990888,126.725574
전북특별자치도,군산시,미장동,500-1,미장초등학교동측 근린공원,근린공원,35.96538361,126.7287023
전북특별자치도,군산시,미장동,484-2,한일교회동측 근린공원,근린공원,35.967084,126.723873
경상남도,진주시,평거동,794-2번지,평거하늬공원,어린이공원,35.1721666379,128.0678764549
경상남도,진주시,대평면,대평리 510-1,대평한들어린이공원,어린이공원,35.2341873285,127.9602996389
경상남도,진주시,평거동,1078-5,평거누리빛공원,어린이공원,35.1668016167,128.042002914
경상남도,진주시,평거동,1086-8,평거꽃바람공원,어린이공원,35.1651923123,128.0408820999
경상남도,진주시,신안동,887-1,신안꽃보라공원,어린이공원,35.1821128157,128.0647460676
경상남도,진주시,가좌동,2018-4,가좌반딧불이공원,어린이공원,35.147869172,128.1079849087
경상남도,진주시,가좌동,1987,가좌새싹공원,어린이공원,35.1520047651,128.1109282376
경상남도,진주시,가좌동,2046-1,가좌소리바람공원,어린이공원,35.1500723956,128.1132331476
경상남도,진주시,가좌동,1953,가좌숲향공원,어린이공원,35.1555615838,128.1157296559
경상남도,진주시,신안동,436,신안아이누리공원,어린이공원,35.1852603796,128.0699264584
경상남도,진주시,남성동,212-9 일원,진주성공원,역사공원,35.1904337221,128.080222164
경상남도,진주시,대평면,대평리 706-5,남강선사유적공원,역사공원,35.2243843708,127.9619665891
경상남도,진주시,초전동,1664,초전역사이음공원,역사공원,35.2116410324,128.1058577988
경상남도,진주시,본성동,10-4,진주대첩기념공원,역사공원,35.190252764,128.0838567554
경상남도,진주시,정촌면,예하리 1408-1,정촌뿌리산단역사공원,역사공원,35.1122894228,128.1057120835
경상남도,진주시,상봉동,690-1,상봉황새등공원,역사공원,35.2025392302,128.0695697901
경상남도,진주시,망경동,110-1일원,남가람공원,문화공원,35.1872065622,128.0821762601
경상남도,진주시,가좌동,2072,가좌어울림공원,문화공원,35.1530562883,128.1186692695
경상남도,진주시,초전동,1707,초전풀잎공원,문화공원,35.2126817091,128.113760479
경상남도,진주시,충무공동,291,충무공동은하수공원,문화공원,35.1758099553,128.1427402596
경상남도,진주시,진성면,동산리 산139,월아산문화공원,문화공원,35.1998533438,128.1944372795
경상남도,진주시,가좌동,497-1,가좌볼래로문화공원,문화공원,35.1541246484,128.1053461899
전라남도,여수시,국동,193-20,구봉공원,소공원,34.735713,127.716029
전라남도,여수시,오림동,412,들꽃공원,어린이공원,34.756705,127.717154
전라남도,여수시,둔덕동,439-2,왕심천공원,어린이공원,34.77015769,127.6972201
전라남도,여수시,둔덕동,496-1,석교공원,어린이공원,34.768968,127.699928
전라남도,여수시,미평동,578-4,호암공원,어린이공원,34.765458,127.705559
전라남도,여수시,미평동,576-4,고락공원,어린이공원,34.76427322,127.703786
전라남도,여수시,미평동,592-4,소정공원,어린이공원,34.762249,127.706229
전라남도,여수시,학동,18-22,사벽공원,소공원,34.765202,127.667957
경상남도,진주시,강남동,245-110,철도문화공원,문화공원,35.1781644145,128.0893465537
서울특별시,강서구,화곡동,105-194,노을,어린이공원,37.539837,126.843928
서울특별시,강서구,화곡동,102-206,까치산,어린이공원,37.53828,126.844436
서울특별시,강서구,화곡동,61-96,비둘기,어린이공원,37.541392,126.846938
서울특별시,강서구,화곡동,46-41,큰별,어린이공원,37.544454,126.848941
서울특별시,강서구,화곡동,24-128,꿈돌이,어린이공원,37.546097,126.845352
서울특별시,강서구,화곡동,29-31,소나무,어린이공원,37.547058,126.847807
서울특별시,강서구,화곡동,772,산새,어린이공원,37.546268,126.850385
세종특별자치시,집현동,883-172답,"일원(집현동 1260, 1349)",애움뜰근린공원,근린공원,36.482864,127.319787
세종특별자치시,집현동,789-106도,일원(집현동 1362),가랑터소공원,문화공원,36.479704,127.320103
세종특별자치시,해밀동,723공,,문6-7,문화공원,36.522767,127.27835
세종특별자치시,해밀동,715공,,문6-8,문화공원,36.523182,127.278869
세종특별자치시,해밀동,764공,,문6-9,문화공원,36.525258,127.272399
세종특별자치시,해밀동,779공,,문6-10,문화공원,36.523211,127.274881
세종특별자치시,해밀동,747공,,문6-11,문화공원,36.523736,127.277577
세종특별자치시,해밀동,672공,,문6-3,문화공원,36.523011,127.277701
세종특별자치시,해밀동,698공,,문6-4,문화공원,36.522425,127.278969
세종특별자치시,해밀동,648공,,흰여울공원,수변공원,36.523887,127.269819
세종특별자치시,해밀동,652공,,흰여울공원,수변공원,36.524226,127.271303
세종특별자치시,해밀동,650공,,흰여울공원,수변공원,36.526328,127.262364
세종특별자치시,해밀동,653공,,흰여울공원,수변공원,36.522609,127.275838
세종특별자치시,해밀동,651공,,흰여울공원,수변공원,36.523051,127.276493
세종특별자치시,해밀동,654공,,흰여울공원,수변공원,36.525823,127.267647
세종특별자치시,해밀동,656공,,흰여울공원,수변공원,36.525823,127.267647
세종특별자치시,해밀동,690공,,흰여울공원,수변공원,36.525823,127.267647
세종특별자치시,해밀동,680공,,흰여울공원,수변공원,36.524056,127.266594
세종특별자치시,해밀동,689공,,흰여울공원,수변공원,36.524373,127.268667
경기도,안양시,만안구,안양동 897-24,양지어린이공원,어린이공원,37.400117,126.913616
경기도,안양시,만안구,안양3동 695-190 일원,꿈동산어린이공원,어린이공원,37.401412,126.915407
경기도,안양시,만안구,석수1동 382-15,호돌이어린이공원,어린이공원,37.431555,126.904693
경기도,안양시,만안구,박달동 114-4,한라비발디어린이공원,어린이공원,37.402229,126.902004
경기도,안양시,만안구,안양동 산82-2 일원,병목안시민공원,체육공원,37.385288,126.907674
경기도,안양시,만안구,석수3동 787-5 일원,꽃메산어린이공원,어린이공원,37.408172,126.899852
경기도,안양시,만안구,석수2동 485-20,동산어린이공원,어린이공원,37.426332,126.903299
경기도,안양시,만안구,안양동 782-19 일원,삼덕공원,근린공원,37.397381,126.916411
경기도,안양시,만안구,안양8동 1280-3,명학어린이공원,어린이공원,37.379716,126.935836
경기도,안양시,만안구,안양3동 908-78,달래2어린이공원,어린이공원,37.399898,126.911022
경기도,안양시,만안구,안양3동 908-64,달래1어린이공원,어린이공원,37.399599,126.911063
경기도,안양시,만안구,안양9동 976-8,효성어린이공원,어린이공원,37.392468,126.903645
경기도,안양시,만안구,박달1동 94-114,꽃동산어린이공원,어린이공원,37.401401,126.910713
경기도,안양시,만안구,안양동 873-39,개나리어린이공원,어린이공원,37.401509,126.915317
경기도,안양시,만안구,안양동 528,늘푸른어린이공원,어린이공원,37.387325,126.932907
경기도,안양시,만안구,석수동 751,청란어린이공원,어린이공원,37.408831,126.895449
경기도,안양시,만안구,석수동 765,충훈어린이공원,어린이공원,37.406515,126.897211
경기도,안양시,만안구,석수동 790,석수어린이공원,어린이공원,37.406122,126.900322
경기도,안양시,만안구,안양8동 1280,골안공원,근린공원,37.377365,126.936369
경기도,안양시,만안구,안양동 711-94,밤동산어린이공원,어린이공원,37.396405,126.917639
경기도,안양시,만안구,안양동 627-311,냉천어린이공원,어린이공원,37.395206,126.922031
경기도,안양시,만안구,석수동 295-1,갈뫼어린이공원,어린이공원,37.410823,126.907747
경기도,안양시,만안구,안양2동 824-11,새샘어린이공원,어린이공원,37.404989,126.913767
경기도,안양시,만안구,안양6동 521-1,노송어린이공원,어린이공원,37.386383,126.930565
경기도,안양시,만안구,안양동 396-1,교화어린이공원,어린이공원,37.393118,126.928904
경기도,안양시,만안구,안양동 산123-1 일원,소곡공원,근린공원,37.386161,126.926223
경기도,안양시,만안구,석수동 산11-2 일원,생태예술공원,문화공원,37.431302,126.942264
경기도,안양시,만안구,석수동 산162-2 일원,충훈공원,문화공원,37.410036,126.905692
경기도,안양시,만안구,안양2동 22-20 일원,낙원어린이공원,어린이공원,37.413341,126.920418
경기도,안양시,만안구,박달동 37 일원,한신어린이공원,어린이공원,37.404386,126.906675
경기도,안양시,만안구,박달동 929-9,친목어린이공원,어린이공원,37.409093,126.885709
경기도,안양시,만안구,석수동 423-59,솔개어린이공원,어린이공원,37.434332,126.901924
경기도,안양시,만안구,석수동 417-9,연현어린이공원,어린이공원,37.431056,126.900745
경기도,안양시,만안구,안양7동 1387,덕천1어린이공원,어린이공원,37.395755,126.929308
경기도,안양시,만안구,안양7동 1396,주접어린이공원,어린이공원,37.391465,126.933351
경기도,안양시,만안구,박달동 94-115일원,박달어린이공원,어린이공원,37.401111,126.909123
경기도,안양시,만안구,안양동 76-8,청원소공원,소공원,37.407508,126.918507
경기도,안양시,만안구,박달동 산89-1 일원,일직수변공원,수변공원,37.421545,126.912494
경기도,안양시,만안구,안양동 196-47,테크노벨리소공원,소공원,37.389027,126.936531
경기도,안양시,만안구,안양8동 572 일원,명학공원,근린공원,37.38414914,126.9325686
경기도,안양시,만안구,안양6동 585-2,푸르미어린이공원,어린이공원,37.388481,126.924005
경기도,안양시,만안구,안양6동 587-37 일원,하늘소공원,소공원,37.384931,126.921966
경기도,안양시,만안구,안양7동 1388,덕천2어린이공원,어린이공원,37.396177,126.929872
경기도,안양시,만안구,안양2동 33-1,삼영어린이공원,어린이공원,37.413021,126.914365
경기도,안양시,만안구,안양동 20-1 일원,제113호 어린이공원,어린이공원,37.413931,126.920024
경기도,안양시,만안구,안양동 1447,제22호 소공원,소공원,37.417611,126.9191393
경기도,안양시,만안구,안양7동 189번지 일원,동화 소공원,소공원,37.391822,126.940348
경기도,안양시,만안구,680-8번지 일원,삼막소공원30,소공원,37.42269905,126.9121397
경기도,안양시,만안구,석수동 689번지 일원,삼막소공원31,소공원,37.422699,126.912139
경기도,안양시,만안구,석수동 865,덕수소공원,소공원,37.433874,126.906241
경기도,안양시,만안구,안양동 1302,낙원소공원,소공원,37.417125,126.920016
서울특별시,성동구,용답동,128-3,용답휴식,근린공원,37.5699910562,127.0468202035
서울특별시,성동구,성수동2가,302-25,성수,근린공원,37.5447708559,127.0518410535
서울특별시,성동구,성수동1가,13-21,성원,어린이공원,37.55011556,127.0499031187
서울특별시,성동구,마장동,780-1,동마장,어린이공원,37.56622804,127.0456969
서울특별시,성동구,응봉동,228-23,응봉새말,어린이공원,37.5517516244,127.035857
서울특별시,성동구,사근동,291-10,사근,어린이공원,37.563417,127.0475948007
서울특별시,성동구,마장동,399-102,마장,어린이공원,37.5623345806,127.041500302
서울특별시,성동구,성수동2가,273-11,성삼,어린이공원,37.5419531271,127.0606154711
서울특별시,성동구,성수동2가,316-9,은행나무터,어린이공원,37.5436943891,127.05375094
서울특별시,성동구,성수동2가,280-12,아남,어린이공원,37.5473259773,127.0646690638
서울특별시,성동구,성수2가1동,327-3,열림,어린이공원,37.53962218,127.056782
서울특별시,성동구,응봉동,270,응봉개나리,어린이공원,37.548669709,127.0318721634
서울특별시,성동구,마장동,450-67,서마장,어린이공원,37.5715230338,127.0374346984
서울특별시,성동구,송정동,90-4,송정,어린이공원,37.5551916664,127.0703837381
서울특별시,성동구,하왕십리동,1055,미소,어린이공원,37.560510061,127.0235037355
서울특별시,성동구,응봉동,15-1,응삼,어린이공원,37.5543398304,127.0348841525
서울특별시,성동구,성수동1가,715-1,상원,어린이공원,37.5475329781,127.0483982207
서울특별시,성동구,마장동,827,보람,어린이공원,37.56613727,127.0381819106
서울특별시,성동구,성수동2가,844,무지개,어린이공원,37.5415739384,127.0534385882
광주광역시,동구,용산동,298-27,지원1-2,소공원,35.125408,126.930531
광주광역시,동구,용산동,293-3,지원1-3,소공원,35.125313,126.930964
광주광역시,동구,용산동,636-3,지원1-4,소공원,35.122524,126.9316854
광주광역시,동구,산수동,13-6,산수,소공원,35.15446428,126.9386637
광주광역시,동구,계림동,962,계림8,문화공원,35.15815221,126.913944
충청북도,청주시,흥덕구,가경동 1763,바이올린,어린이공원,36.618998,127.425615
충청북도,청주시,흥덕구,가경동 산91-7,홍골공원(94호),근린공원,36.612533,127.434011
충청북도,청주시,흥덕구,복대동 288-59,흥덕로공원,근린공원,36.642611,127.434592
충청북도,청주시,흥덕구,복대동 288-11,하복대공원,근린공원,36.6400675,127.4264265
충청북도,청주시,흥덕구,복대동 288-58,대농,어린이공원,36.644144,127.428946
충청북도,청주시,흥덕구,송정동 294-21,대농공원,근린공원,36.382481,127.268451
충청북도,청주시,서원구,사직동 241-6,135,어린이공원,36.64293332,127.4776618
충청북도,청주시,서원구,사직동 263-20,136,어린이공원,36.63800487,127.477931
충청북도,청주시,서원구,사직동 625-16,142,어린이공원,36.63110668,127.476815
충청북도,청주시,서원구,사직동 731-13,143,어린이공원,36.63078341,127.480127
충청북도,청주시,서원구,사직동 631-179,144,어린이공원,36.629261,127.469132
충청북도,청주시,서원구,사직동 817,제33호소공원,소공원,36.638378,127.474093
충청남도,계룡시,두마면,두계리 136-26,뒷골공원5,근린공원,36.273157,127.263741
충청남도,계룡시,금암동,11-1,새터산공원3,근린공원,36.27524985,127.2510874
충청남도,계룡시,엄사면,엄사리 18-4,엄사공원6,근린공원,36.286892,127.243694
충청남도,계룡시,금암동,175,배골공원7,어린이공원,36.272754,127.2474049
충청남도,계룡시,엄사면,엄사리 279,엄사1호공원1,어린이공원,36.287866,127.239895
충청남도,계룡시,엄사면,엄사리 226-28,엄사2호공원2,어린이공원,36.28307864,127.2385061
충청남도,계룡시,엄사면,엄사리 130,엄사3호공원4,어린이공원,36.2901659,127.2387112
충청남도,계룡시,엄사면,엄사리 252-1,엄사4호공원5,어린이공원,36.28878403,127.237566
충청남도,계룡시,엄사면,엄사리 264,엄사5호공원6,어린이공원,36.287445,127.2339731
충청남도,계룡시,두마면,입암리 140-1,대성공원1,묘지공원,36.244408,127.266165
충청남도,계룡시,두마면,농소리 1044,공원2,소공원,36.25873902,127.264523
충청남도,계룡시,두마면,농소리 1075,공원3,소공원,36.26589019,127.2583821
충청남도,계룡시,신도안면,남선리 1345,공원4,소공원,36.29690378,127.2413345
충청북도,청주시,흥덕구,오송읍 만수리 553,근린공원6(봉산공원),근린공원,36.632238,127.320953
충청북도,청주시,흥덕구,오송읍 연제리 730,돌다리,어린이공원,36.628431,127.327042
충청북도,청주시,흥덕구,오송읍 연제리 621,장작골공원(근린공원1),근린공원,36.383169,127.195497
충청북도,청주시,흥덕구,오송읍 연제리 641,근린공원2(쌍청공원),근린공원,36.634557,127.325587
충청북도,청주시,흥덕구,오송읍 연제리 630,근린공원3(연제공원),근린공원,36.381932,127.192471
충청북도,청주시,흥덕구,오송읍 연제리 883,근린공원4(오송호수공원),근린공원,36.63211823,127.3251296
충청북도,청주시,흥덕구,비하동 177-6,동양촌공원(69호),근린공원,36.373597,127.253138
충청북도,청주시,흥덕구,옥산면 오산리 114-1,오산근린공원,근린공원,36.395901,127.221626
충청북도,청주시,흥덕구,옥산면 오산리 171-4,조롱박,어린이공원,36.666624,127.367721
충청북도,청주시,흥덕구,옥산면 오산리 215-10,우주,어린이공원,36.6642174849,127.374250242
충청북도,청주시,흥덕구,옥산면 오산리 589-11,미리내,어린이공원,36.657504,127.369218
충청북도,청주시,흥덕구,옥산면 가락리 산65-3,옥산,어린이공원,36.6716096979,127.3832059192
충청북도,청주시,흥덕구,강서동 457,강서공원(76호),기타,36.372741,127.254946
충청북도,청주시,흥덕구,가경동 2067,송골공원(77호),근린공원,36.620158,127.431985
충청북도,청주시,흥덕구,가경동 1804,서현공원(78호),근린공원,36.364746,127.254824
충청북도,청주시,흥덕구,가경동 1760,자동차,어린이공원,36.612325,127.427612
충청북도,청주시,흥덕구,가경동 1924,서현,어린이공원,36.619849,127.429041
충청남도,당진시,합덕읍,운산리 251-1,공원:305(합덕:05 중동공원),어린이공원,36.8057117,126.7711133
충청남도,당진시,합덕읍,운산리 295-20,공원:306(합덕:06 중앙공원),어린이공원,36.80945161,126.773707
충청남도,아산시,인주면,걸매리 271일원1003,잎새달근린공원,근린공원,36.878048,126.868809
충청남도,아산시,인주면,대음리 198,해아름근린공원,근린공원,36.843719,126.8684529
충청남도,아산시,도고면,신언리826,자연애소공원,소공원,36.756709,126.8716039
충청남도,아산시,도고면,신언리816,숲속향기소공원,소공원,36.754926,126.871159
충청남도,아산시,온천동,266-133,남산근린공원,근린공원,36.781438,126.995383
충청남도,아산시,용화동,941(모아아파트앞),용화근린공원,근린공원,36.76906399,126.9961665
충청남도,아산시,용화동,1061(용화중),장골근린공원,근린공원,36.780379,126.996783
충청남도,아산시,배방읍,북수리 1471,가온어린이공원,어린이공원,36.774605,127.074051
충청남도,아산시,배방읍,북수리 1159,울림어린이공원,어린이공원,36.77121923,127.067961
충청남도,아산시,배방읍,북수리 1020,아띠어린이공원,어린이공원,36.77213303,127.065475
충청남도,아산시,배방읍,북수리 1376,이내어린이공원,어린이공원,36.77462271,127.070853
충청남도,아산시,탕정면,명암리 928-2,해밀어린이공원,어린이공원,36.79820424,127.060505
충청남도,아산시,탕정면,명암리 941-1,명암어린이공원,어린이공원,36.79720556,127.058318
충청남도,아산시,둔포면,석곡리 1447,아름어린이공원,어린이공원,36.921601,127.059742
충청남도,아산시,둔포면,석곡리 1804,행복그루어린이공원,어린이공원,36.92188648,127.0546998
충청남도,아산시,둔포면,석곡리 1796,한아름어린이공원,어린이공원,36.925259,127.054715
충청남도,아산시,둔포면,석곡리 1820,별빛어린이공원,어린이공원,36.922235,127.048953
충청남도,아산시,인주면,대음리 197-3,아인어린이공원,어린이공원,36.84480386,126.859363
충청남도,아산시,도고면,기곡리 324-3,미소어린이공원,어린이공원,36.760071,126.888119
충청남도,아산시,도고면,기곡리 317-5,달숲어린이공원,어린이공원,36.76030758,126.8839874
충청남도,아산시,신창면,남성리 833,온가람어린이공원,어린이공원,36.789515,126.952338
충청남도,아산시,온천동,1570,맑은어린이공원,어린이공원,36.788348,127.000878
충청남도,아산시,용화동,1572(신도브레뉴),동그라미근린공원,근린공원,36.773343,127.010238
충청남도,아산시,풍기동,441,풍기근린공원,근린공원,36.77397389,127.020324
충청남도,아산시,배방읍,공수리 629,늘해랑어린이공원,어린이공원,36.772209,127.0510439
충청남도,서천군,서천읍,군사리 529,9호공원,소공원,36.077357,126.6933934
충청남도,서천군,종천면,석촌리 산31,(종천2농단)1,소공원,36.11620687,126.7055322
충청남도,서천군,서면,월리 산28-1,(김가공농단)월리공원,소공원,36.160631,126.559813
충청남도,서천군,서천읍,군사리 산6,군사공원(1호),기타,36.08031592,126.6970782
충청남도,서천군,장항읍,신창리 422,장암공원,기타,36.00882978,126.6803947
충청남도,서천군,장항읍,화천리 산22-2,배수지공원,기타,36.01766864,126.6800896
충청남도,서천군,장항읍,송림리 산65,1호공원,근린공원,36.01551074,126.666744
충청남도,서천군,장항읍,옥남리 497,(산단)2호,근린공원,36.0396319,126.6717088
충청남도,서천군,장항읍,옥남리 29-2,(산단)3호,근린공원,36.035841,126.681238
충청남도,서천군,마서면,옥북리 738-65,(산단)4호,근린공원,36.04071124,126.6780404
충청남도,서천군,서천읍,사곡리 산10-2,사곡공원,체육공원,36.089047,126.690218
충청남도,서천군,서천읍,사곡리 306-1,3호공원(서천읍),어린이공원,36.08226961,126.6851509
충청남도,서천군,서천읍,군사리 623-2,5호공원(서천읍),어린이공원,36.074988,126.691944
충청남도,서천군,서천읍,군사리 858-1,8호공원(서천읍),어린이공원,36.07612615,126.6878213
충청남도,서천군,서천읍,군사리 225-2,구 역전공원,어린이공원,36.078588,126.701513
충청남도,서천군,서천읍,군사리 60-5,(신청사)어린이공원 2,어린이공원,36.075654,126.702956
충청남도,서천군,장항읍,원수리 303-3,장항 연안공원,소공원,36.005846,126.707362
충청남도,서천군,서천읍,군사리 51-8,(신청사) 소공원,소공원,36.074718,126.700881
충청남도,아산시,둔포면,석곡리 1481,둔포중앙공원,근린공원,36.919466,127.058855
충청남도,아산시,둔포면,석곡리1812,새바람근린공원,근린공원,36.9218906,127.051853
충청남도,아산시,둔포면,석곡리 1783,꿈마루근린공원,근린공원,36.925417,127.051714
충청남도,아산시,둔포면,"석곡리 1741,1742,1,743",둔포운용공원,근린공원,36.92765949,127.0578785
충청남도,아산시,인주면,걸매리 1023,둔치근린공원,근린공원,36.88532097,126.880485
충청남도,아산시,인주면,걸매리 1048,나래근린공원,근린공원,36.873148,126.8792239
충청남도,아산시,인주면,걸매리 997,틈새누리근린공원,근린공원,36.88067869,126.8670069
충청북도,청주시,상당구,용암동 1513,무궁화,어린이공원,36.362477,127.301049
충청북도,청주시,상당구,용암동 2097,보람,어린이공원,36.363258,127.303096
충청북도,청주시,상당구,용암동 2080,큰꿈,어린이공원,36.61155868,127.5092175
충청북도,청주시,상당구,용암동 2087,소망,어린이공원,36.362041,127.303581
충청북도,청주시,상당구,용암동 1986,무지개,어린이공원,36.60703887,127.5066171
충청북도,청주시,상당구,월오동 산2-1,25호목련공원(목련공원),묘지공원,36.643765,127.544213
경상북도,성주군,성주읍,성산리 822,고분군사적공원,역사공원,35.90626741,128.298736
경상남도,진주시,망경동,161-1,소망진산유등공원,문화공원,35.1840604795,128.0778333651
경상남도,진주시,충무공동,36,충무공동여울목공원,수변공원,35.1792799634,128.14064299
경상남도,진주시,충무공동,224,충무공동가람울공원,수변공원,35.1794076385,128.1430405665
경상남도,진주시,충무공동,291-1,총무공동담이울공원,수변공원,35.1725895669,128.1425607277
경상남도,진주시,정촌면,예하리 911-11 일원,강주연못공원,수변공원,35.1132079295,128.0948286939
경상남도,진주시,가좌동,2110,가좌물결소리공원,수변공원,35.1535973201,128.1198036553
경상남도,진주시,가좌동,2093,가좌바람소리공원,수변공원,35.1525400466,128.1215334486
경상남도,진주시,정촌면,예하리 1340,정촌화개공원,수변공원,35.1248867014,128.0997607819
경상남도,진주시,대평면,대평리 1798-1 일원,대평한들체육공원,체육공원,35.2302114953,127.9627605801
충청남도,서산시,팔봉면,어송리 1275-12,비도시-어린이공원3(미조성),어린이공원,36.81432981,126.3482113
충청남도,서산시,해미면,오학리 238-4,해미-소공원3,소공원,36.7188229,126.5525719
충청남도,서산시,해미면,읍내리 221-64,해미-소공원1,소공원,36.709638,126.545819
충청남도,서산시,해미면,읍내리 489-107,해미-소공원2,소공원,36.709177,126.5471201
충청남도,서천군,장항읍,옥남리 520,(산단)1호,어린이공원,36.040527,126.668613
충청남도,서산시,오남동,산54-3,서산-체육공원1(남부산단)(미조성),체육공원,36.73997907,126.4744763
충청남도,서산시,음암면,도당리 1293-16,비도시-소공원2,소공원,36.801107,126.517679
충청남도,서산시,음암면,도당리 1351-22,비도시-어린이공원7(미조성),어린이공원,36.79956743,126.5155088
충청남도,서산시,음암면,도당리 1550-86,비도시-어린이공원18,어린이공원,36.78690814,126.5092532
충청남도,서산시,음암면,도당리 1550-9,비도시-어린이공원17,어린이공원,36.78812167,126.5070471
충청남도,서산시,읍내동,136-1,서산-어린이공원5,어린이공원,36.781016,126.449068
충청남도,서산시,읍내동,136-4,서산-소공원7,소공원,36.780488,126.448336
충청남도,서산시,읍내동,20-7,서산-소공원1,소공원,36.776643,126.452182
충청남도,서산시,읍내동,40,서산-근린공원9,근린공원,36.77709738,126.449739
충청남도,서산시,읍내동,415-1,서산-어린이공원2,어린이공원,36.786588,126.446136
충청남도,서산시,읍내동,608-8,서산-근린공원6,근린공원,36.78375041,126.4463609
충청남도,서산시,읍내동,621-1,서산-근린공원5,근린공원,36.782968,126.443702
충청남도,서산시,읍내동,624-3,서산-어린이공원3,어린이공원,36.78434139,126.4448983
충청남도,서산시,읍내동,751-7,서산-어린이공원20,어린이공원,36.777119,126.442248
충청남도,서산시,읍내동,산2-2,서산-근린공원10(옥녀봉),근린공원,36.787854,126.448794
충청남도,서산시,인지면,야당리 553-141,비도시-어린이공원9(미조성),어린이공원,36.75041363,126.4271447
충청남도,서산시,지곡면,무장리 1698,산단1-체육공원5,체육공원,36.85023747,126.4551563
충청남도,서산시,지곡면,무장리 1732,산단1-소공원8,소공원,36.851978,126.461654
충청남도,서산시,지곡면,무장리 1757,산단1-소공원10,소공원,36.846893,126.458757
충청남도,서산시,지곡면,무장리 1770,산단1-소공원9,소공원,36.848279,126.457752
충청남도,서산시,지곡면,무장리 1797,산단1-근린공원6,근린공원,36.855631,126.458028
충청남도,서산시,지곡면,무장리 1803,산단1-소공원7,소공원,36.85554481,126.4609679
충청남도,서산시,지곡면,무장리 1825,산단1-소공원11,소공원,36.846354,126.456934
충청남도,서산시,지곡면,화천리 1457,산단1-근린공원2,근린공원,36.861165,126.439247
충청남도,서산시,지곡면,화천리 1459,산단1-근린공원1,근린공원,36.86104278,126.4378303
충청남도,서산시,지곡면,화천리 303-4,비도시-어린이공원1(미조성),어린이공원,36.86457367,126.4368759
충청남도,서산시,예천동,497-6,서산-어린이공원21,어린이공원,36.774285,126.447125
충청남도,서산시,예천동,9-3,서산-소공원10,소공원,36.765169,126.452317
충청남도,서산시,예천동,산7-25,서산-소공원13,소공원,36.774574,126.441644
충청남도,서산시,오남동,612-6,서산-근린공원2(미조성),근린공원,36.740767,126.467587
서울특별시,강서구,염창동,281-3,이수,어린이공원,37.548299,126.874234
서울특별시,강서구,염창동,267-24,백합,어린이공원,37.551163,126.869438
서울특별시,강서구,염창동,299-3,아리수,어린이공원,37.551693,126.875286
서울특별시,강서구,등촌동,639-2,등서,어린이공원,37.559235,126.854759
서울특별시,강서구,등촌동,646-41,백석,어린이공원,37.55261,126.863328
서울특별시,강서구,등촌동,641-5,등마루,어린이공원,37.556036,126.857412
서울특별시,강서구,등촌동,635-1,도림,어린이공원,37.555596,126.862861
서울특별시,강서구,등촌동,517-1,능안,어린이공원,37.546638,126.859908
서울특별시,강서구,등촌동,690-3,한마음,어린이공원,37.560521,126.843248
서울특별시,강서구,등촌동,707-2,새나라,어린이공원,37.561557,126.852004
서울특별시,강서구,등촌동,695-4,백합,어린이공원,37.559219,126.844996
서울특별시,강서구,등촌동,694-1,채송화,어린이공원,37.562841,126.846117
서울특별시,강서구,등촌동,705-3,푸르매,어린이공원,37.559023,126.847504
서울특별시,강서구,등촌동,688-3,새벗,어린이공원,37.560711,126.840304
서울특별시,강서구,등촌동,702-1,코끼리,어린이공원,37.563238,126.848535
서울특별시,강서구,화곡동,98-22,구름,어린이공원,37.543303,126.844116
서울특별시,강서구,화곡동,98-99,볏골,어린이공원,37.541815,126.844354
인천광역시,미추홀구,문학동,336-6,관청공원,어린이공원,37.43968751,126.680536
인천광역시,미추홀구,문학동,391-20,지석공원,어린이공원,37.436416,126.684392
인천광역시,미추홀구,주안동,26-44,염창공원,어린이공원,37.46640235,126.6764205
인천광역시,미추홀구,학익동,662,학산공원,어린이공원,37.43888579,126.6747258
인천광역시,미추홀구,용현동,615-1,용정공원,근린공원,37.450961,126.6419813
인천광역시,미추홀구,학익동,336-5일원,재넘이어린이공원,어린이공원,37.4472601,126.6606029
전북특별자치도,전주시,덕진구,진북동 834-60,숲정이공원,어린이공원,35.83032678,127.1302488
전북특별자치도,전주시,덕진구,중동 808,는들공원,근린공원,35.833529,127.0658053
전북특별자치도,전주시,덕진구,산정동 878-9,산정공원,어린이공원,35.83570289,127.170663
전북특별자치도,전주시,덕진구,우아동1가 1104-1,하인교공원,어린이공원,35.8249724,127.1713421
전북특별자치도,전주시,덕진구,우아동1가 1118-1,수성로공원,어린이공원,35.8263103,127.175069
전북특별자치도,전주시,덕진구,우아동1가 1124-5,호동골공원,어린이공원,35.8254205,127.1772739
전북특별자치도,전주시,덕진구,우아동2가 873-1,석소공원,어린이공원,35.8342553,127.1692889
전북특별자치도,전주시,덕진구,우아동2가 895-6,왜들공원,어린이공원,35.8321076,127.1719287
전북특별자치도,전주시,덕진구,우아동2가 910-4,오동제공원,어린이공원,35.8287199,127.1704995
전북특별자치도,전주시,덕진구,인후동1가 802-2,진버들공원,어린이공원,35.83554001,127.1633275
전북특별자치도,전주시,덕진구,인후동1가 843-1,북가재미공원,어린이공원,35.8319092,127.1614937
전북특별자치도,전주시,덕진구,인후동1가 845-3,도란길공원,어린이공원,35.8342223,127.1633686
전북특별자치도,전주시,덕진구,인후동1가 882-1,구총목공원,어린이공원,35.8292439,127.1625277
전북특별자치도,전주시,덕진구,인후동1가 890-2,꿈마을공원,어린이공원,35.8303238,127.1668328
전북특별자치도,전주시,덕진구,인후동1가 906-1,가재미공원,어린이공원,35.8261569,127.1621407
전북특별자치도,전주시,덕진구,인후동1가 918-2,하평공원,어린이공원,35.8280352,127.1654985
전북특별자치도,전주시,덕진구,인후동1가 943-6,한범로공원,어린이공원,35.8238151,127.1672959
전북특별자치도,전주시,덕진구,인후동1가 951-5,문화로공원,어린이공원,35.82710272,127.1700718
전북특별자치도,전주시,덕진구,우아동3가 756-5,북일길공원,어린이공원,35.8429704,127.1551273
전북특별자치도,전주시,덕진구,인후동1가 753-4,안골공원,어린이공원,35.84081571,127.1570832
전북특별자치도,전주시,덕진구,인후동1가 764-6,안골노인복지공원,어린이공원,35.8381589,127.1571397
경상남도,창원시,성산구,신월동 43,어린이공원114,어린이공원,35.229935,128.689651
부산광역시,기장군,정관읍,용수리 1356번지,나무누리공원,근린공원,35.339239,129.1774978
부산광역시,기장군,정관읍,모전리 756번지,죽향공원,근린공원,35.3368852,129.1613769
부산광역시,기장군,정관읍,방곡리 442번지,소두방공원,근린공원,35.3252902026,129.181730478
서울특별시,관악구,신림동,1678-12,남강,어린이공원,37.47350474,126.924653
서울특별시,관악구,신림동,1716-1,목화,어린이공원,37.46791528,126.942282
서울특별시,관악구,신림동,746-32,대협,어린이공원,37.47482451,126.913364
서울특별시,관악구,봉천동,196-240,인헌,어린이공원,37.475334,126.962545
서울특별시,관악구,봉천동,1526-1,충효,어린이공원,37.48101912,126.941048
서울특별시,관악구,신림동,321-5,해바라기,어린이공원,37.461967,126.930214
서울특별시,관악구,봉천동,1555-16,영락,어린이공원,37.47682732,126.943804
서울특별시,관악구,신림동,655-104,오성,어린이공원,37.467908,126.920805
서울특별시,관악구,신림동,254-256,미림,어린이공원,37.466517,126.935286
서울특별시,관악구,신림동,762-2,미성,소공원,37.477136,126.9137588
서울특별시,관악구,신림동,1685,약수,어린이공원,37.473131,126.912442
서울특별시,관악구,봉천동,661-118,삼육,소공원,37.487922,126.934307
서울특별시,관악구,신림동,395-35,양산,어린이공원,37.473626,126.932549
서울특별시,관악구,신림동,1704-4,합실,어린이공원,37.46514148,126.927068
서울특별시,관악구,봉천동,28-82,행운동,소공원,37.483375,126.959752
서울특별시,관악구,봉천동,1707-2,봉천,어린이공원,37.46931172,126.9643575
서울특별시,관악구,봉천동,1728-2,까치산,소공원,37.48311896,126.960301
서울특별시,관악구,남현동,612-52,남태령제2,소공원,37.471931,126.982172
서울특별시,관악구,남현동,1063-1,남현,소공원,37.47567778,126.9792771
경기도,하남시,신장동,562-1,한마음공원,어린이공원,37.54165176,127.2097506
경기도,하남시,덕풍동,363-25,자이공원,어린이공원,37.53996214,127.1973457
경기도,하남시,덕풍동,700,풍산지구 어린이1호,어린이공원,37.55529203,127.2011636
경상북도,구미시,도량동,산29,도량산림공원,근린공원,36.1412607907,128.3309138707
경상북도,구미시,선산읍,이문리 138-4,서당공원,어린이공원,36.2390717101,128.2944254213
경상북도,구미시,선산읍,동부리 342-8,유다리공원,어린이공원,36.2406733555,128.3027650559
경상북도,구미시,송정동,16,수도산공원,근린공원,36.1194536354,128.3415476105
경상북도,구미시,고아읍,문성리 산46,들성공원,근린공원,36.157204723,128.3435835286
경상북도,구미시,진평동,766,동락공원,근린공원,36.0994525824,128.401751052
경상북도,구미시,인의동,484-2,동그라미공원,어린이공원,36.1060522695,128.4252127083
충청북도,충주시,문화동,194,어린이공원/1,어린이공원,36.96834527,127.9163116
충청북도,충주시,대소원면,본리 719,어린이공원/1,어린이공원,36.98909541,127.8238719
충청북도,충주시,중앙탑면,용전리 792,어린이공원/1,어린이공원,37.01868094,127.8243737
충청북도,충주시,교현동,1150,어린이공원/2,어린이공원,36.98347539,127.9270373
충청북도,충주시,대소원면,본리 644,어린이공원/2,어린이공원,36.9877659,127.8289429
충청북도,충주시,중앙탑면,용전리 920,어린이공원/2,어린이공원,37.01894974,127.8285076
대구광역시,북구,국우동,1101-5,앵무새공원,어린이공원,35.9432040574,128.5723854849
대구광역시,북구,동천동,926-1,천서공원,어린이공원,35.9382181581,128.558312
대구광역시,북구,서변동,1725,도곡공원,어린이공원,35.9275280855,128.596129
대구광역시,북구,서변동,1735,성북공원,어린이공원,35.924617,128.595505
대구광역시,북구,서변동,1773,햇살공원,어린이공원,35.922827,128.597094
대구광역시,북구,서변동,1794,한솔공원,어린이공원,35.919226,128.597017
대구광역시,북구,서변동,1763,으뜸공원,어린이공원,35.91751449,128.5962036393
대구광역시,북구,동변동,659,동화공원,어린이공원,35.921245,128.6009233588
대구광역시,북구,동변동,691,꽃밭공원,어린이공원,35.920056,128.605362
대구광역시,북구,동변동,698,해오라기공원,어린이공원,35.916167,128.6042269529
대구광역시,북구,학정동,939-3,질마당공원,어린이공원,35.950722724,128.565939
대구광역시,북구,학정동,950,학정공원,어린이공원,35.9500174182,128.568078
대구광역시,북구,학정동,977,학공원,어린이공원,35.9480555288,128.566339
충청남도,서산시,성연면,해성리 648,산단2-소공원3,소공원,36.85983573,126.4802218
충청남도,서산시,예천동,1279-3,서산-어린이공원22,어린이공원,36.772158,126.450276
충청남도,서산시,예천동,1330,서산-어린이공원39,어린이공원,36.76856594,126.449134
충청남도,서산시,예천동,166,서산-소공원8,소공원,36.765827,126.447557
충청남도,서산시,예천동,200,서산-수변공원2,수변공원,36.762448,126.450703
충청남도,서산시,예천동,204-4,서산-수변공원1,수변공원,36.7622445,126.449361
충청남도,서산시,예천동,208,서산-소공원12,소공원,36.763313,126.449125
충청남도,서산시,예천동,217,서산-어린이공원48,어린이공원,36.765042,126.448633
충청남도,서산시,예천동,217,서산-소공원9,소공원,36.765042,126.448633
충청남도,서산시,예천동,227-4,서산-소공원11,소공원,36.763623,126.447305
충청남도,서산시,예천동,387-9,서산-어린이공원38,어린이공원,36.769519,126.444371
충청남도,서산시,예천동,464-2,서산-어린이공원37,어린이공원,36.76955788,126.446923
충청남도,서산시,예천동,475-8,서산-어린이공원35(미조성),어린이공원,36.77090779,126.443222
충청남도,천안시,서북구,쌍용1동 992,칸나공원(쌍용2),어린이공원,37.421986,127.879171
대구광역시,북구,국우동,1112,마당공원,어린이공원,35.947803,128.576319
대구광역시,북구,국우동,1110-1,까치공원,어린이공원,35.9494041451,128.5774636
대구광역시,북구,동천동,913-1,반딧불이공원,어린이공원,35.940002,128.558649
대구광역시,북구,동천동,915-2,동평공원,어린이공원,35.938227,128.560574
대구광역시,북구,구암동,787-2,사계절공원,어린이공원,35.9381022306,128.564823
대구광역시,북구,구암동,785-2,열림공원,어린이공원,35.940722,128.5676848403
대구광역시,북구,동천동,939,오뚜기공원,어린이공원,35.93639164,128.5577386
대구광역시,북구,구암동,789-3,뜨락공원,어린이공원,35.935579,128.564783
대구광역시,북구,구암동,808-1,비로실공원,어린이공원,35.938382,128.568549
대구광역시,북구,구암동,823-6,운곡공원,어린이공원,35.935429,128.567071
대구광역시,북구,구암동,799,솔밭공원,어린이공원,35.932303,128.563967
대구광역시,북구,국우동,1106,예삐공원,어린이공원,35.946833,128.5727316466
경상북도,구미시,구평동,1007,디딜방아공원,어린이공원,36.0918584477,128.4452620118
경상북도,구미시,구평동,1085,두꺼비공원,어린이공원,36.0896641146,128.4462120887
경상북도,구미시,구평동,939,늘푸른 공원,어린이공원,36.0937728086,128.4468937025
경상북도,구미시,임은동,819,수변공원,수변공원,36.0848166764,128.3671349109
경상북도,구미시,옥계동,884,나래공원,어린이공원,36.1395409451,128.4195022496
경상북도,구미시,선산읍,교리 1344,교우공원,어린이공원,36.2458017899,128.3048958797
경상북도,구미시,원평동,560-13,양지공원(갈뫼루),근린공원,36.1256502,128.358521
경상북도,구미시,봉곡동,413-1,둘모아공원,어린이공원,36.1484444969,128.3167773254
경상북도,구미시,봉곡동,765,다붓소공원,소공원,36.1558856845,128.3115403686
경상북도,구미시,봉곡동,766,다붓1공원,어린이공원,36.1565256175,128.3144490788
경상북도,구미시,봉곡동,767,다붓2공원,어린이공원,36.1548081316,128.3143129497
경상북도,구미시,광평동,77-21,이마트앞 소공원,소공원,36.1088784495,128.3643982818
경상북도,구미시,상모동,253-6,모로실공원,어린이공원,36.0869781252,128.3469366127
경상북도,구미시,고아읍,문성리 1212,외골공원,어린이공원,36.1641316645,128.3456528449
경상북도,구미시,고아읍,문성리 1333,인서공원,어린이공원,36.1643108625,128.351351127
경상북도,구미시,옥계동,941,해마루공원,근린공원,36.1432791737,128.4385850766
경상북도,구미시,옥계동,756-1,가람공원,어린이공원,36.1353282833,128.4233226513
경상북도,구미시,옥계동,742-1,청류공원,어린이공원,36.1375416802,128.4235248658
경상북도,구미시,옥계동,798-1,함박공원,어린이공원,36.1376096298,128.426590846
경상북도,구미시,도량동,231,봉수대공원,근린공원,36.1404395848,128.3227037984
경상북도,구미시,봉곡동,23,꿈동산공원,어린이공원,36.1400173434,128.3146141649
경상북도,구미시,도량동,223,뜨란채공원,어린이공원,36.1396516202,128.318447874
경상북도,구미시,봉곡동,16,참살이공원,어린이공원,36.1408057912,128.3126944052
경상북도,구미시,봉곡동,4,가시골공원,어린이공원,36.1427984075,128.3163822027
경상북도,구미시,도량동,218,자드락공원,어린이공원,36.1429219491,128.3199794364
경상북도,구미시,구평동,474-3,구평공원,근린공원,36.0908053868,128.4389512615
경상북도,구미시,구평동,443-1,구진벌공원,어린이공원,36.0949852921,128.4353371444
경상북도,구미시,구평동,464-2,다솜공원,어린이공원,36.0912224542,128.4411186242
경상북도,구미시,구평동,431-1,참빛공원,어린이공원,36.0945205371,128.438115238
경상북도,구미시,구평동,452,별빛공원,어린이공원,36.0928382387,128.4343054379
경상북도,구미시,도량동,867,하늘공원,어린이공원,36.1334236831,128.325599059
경상북도,구미시,사곡동,603-344,까치공원,어린이공원,36.0990328843,128.3557089117
충청북도,충주시,주덕읍,화곡리 1266,근린공원/4,근린공원,37.00118813,127.814307
충청북도,충주시,대소원면,영평리 876,근린공원/4,근린공원,36.9856486,127.8132322
충청북도,충주시,주덕읍,화곡리 1104,근린공원/5,근린공원,37.01579102,127.8073766
충청북도,충주시,교현동,383-15,근린공원/6(교현공원),근린공원,36.97847274,127.9336486
충청북도,충주시,교현동,산16-1,근린공원/7(만리공원),근린공원,36.582201,127.563101
충청북도,충주시,호암동,569,근린공원/9(호암공원),근린공원,36.96271929,127.9269064
충청북도,충주시,성내동,232-2,근린공원/10(중앙공원),근린공원,36.97094018,127.9357247
충청북도,충주시,목행동,산43-8,근린공원/12(가리공원),근린공원,37.01309405,127.9346757
충청북도,충주시,용탄동,1136,근린공원/13(용탄공원),근린공원,37.01227524,127.9432116
충청북도,충주시,교현동,179-1,근린공원/14(향교공원),근린공원,36.97424895,127.9390773
충청북도,충주시,연수동,929,근린공원/15(남양공원),근린공원,36.98472019,127.9314688
충청북도,충주시,금릉동,692,근린공원/16(금제공원),근린공원,36.98932722,127.9264378
충청북도,충주시,용탄동,산97-1,근린공원/18(삼봉공원),근린공원,37.01083366,127.9387626
충청북도,충주시,용탄동,산48,근린공원/19(둔지공원),근린공원,37.01307379,127.9533377
충청북도,충주시,칠금동,823,근린공원/20(금릉소공원),근린공원,36.98255033,127.9194651
충청북도,충주시,동량면,조동리 산153,근린공원/22(조동근린공원),근린공원,37.02364167,127.9717502
충청북도,충주시,연수동,산60-1,근린공원/26(동수공원),근린공원,36.98568589,127.9487682
충청북도,충주시,호암동,681-8,근린공원/27,근린공원,36.572801,127.552901
충청북도,충주시,호암동,699-8,근린공원/28,근린공원,36.571801,127.551701
충청북도,충주시,호암동,522-3,근린공원/29,근린공원,36.95427106,127.9284891
충청북도,충주시,호암동,523-1,근린공원/30,근린공원,36.571301,127.555201
충청북도,충주시,대소원면,본리 601,근린공원/이류3,근린공원,36.9953928,127.8345742
충청북도,충주시,대소원면,본리 1149,근린공원/이류6,근린공원,36.98350214,127.8311988
충청북도,충주시,엄정면,목계리 산35-1,근린공원(목계근린공원),근린공원,37.07529193,127.8900914
충청북도,충주시,호암동,229,기타 공원시설/1(수변공원),근린공원,36.572301,127.565001
충청북도,충주시,교현동,500-3,근린공원/27,근린공원,36.98039273,127.9364261
경기도,하남시,신장동,528-4,꿈동산공원,어린이공원,37.54030608,127.2152786
경기도,하남시,신장동,528-2,새희망공원,어린이공원,37.54074378,127.2208918
경기도,하남시,창우동,518-1,새나라공원,어린이공원,37.53952002,127.2281531
서울특별시,강북구,번2동,228,오얏골,어린이공원,37.6341439,127.0344484
서울특별시,강북구,번3동,240,벌리,어린이공원,37.6275219,127.0445034
서울특별시,강북구,번2동,235,벌말,어린이공원,37.6296813,127.0396722
서울특별시,강북구,번3동,244,오현,어린이공원,37.6245294,127.0466034
서울특별시,강북구,수유1동,49-7,색동,어린이공원,37.6331377,127.0205711
서울특별시,강북구,수유2동,252-19,흰구름,어린이공원,37.6455986,127.0205211
서울특별시,강북구,수유3동,194-41,희망,어린이공원,37.6407466,127.0243466
서울특별시,강북구,수유3동,172-209,은모루,어린이공원,37.642469,127.0267036
서울특별시,강북구,수유3동,25-1,소귀,어린이공원,37.6385644,127.0186984
서울특별시,강북구,수유3동,224-4,상산,어린이공원,37.6383561,127.0240152
서울특별시,강북구,수유2동,252-16,흰구름,소공원,37.6459856,127.0204707
서울특별시,강북구,인수동,605-209,보등골,어린이공원,37.6350571,127.0184273
서울특별시,강북구,수유1동,605-389,수유일공원,어린이공원,37.6307116,127.0170455
서울특별시,강북구,수유3동,134-40,새싹,어린이공원,37.6361119,127.0195804
서울특별시,강북구,인수동,516-44,푸른,어린이공원,37.6384972,127.0084905
서울특별시,강북구,수유동,281-2,무너미,어린이공원,37.6460654,127.0127414
서울특별시,강북구,수유1동,475-115,빨래골,어린이공원,37.6294229,127.0148533
서울특별시,강북구,수유2동,276-10,장미원,어린이공원,37.6464688,127.0157277
서울특별시,강북구,우이동,80,솔밭근린공원,근린공원,37.6530083,127.012253
서울특별시,강북구,송중동,128-8,송중동,어린이공원,37.6225901,127.0286277
서울특별시,강북구,수유3동,25-1,소귀,어린이공원,37.6385644,127.0186984
서울특별시,강북구,미아동,산108-19,북한산근린공원,근린공원,37.6210716,127.0083592
서울특별시,강북구,미아동,812-5,미아12-1,소공원,37.61628296,127.0195237
서울특별시,강북구,미아동,812-3,미아12-2,소공원,37.6167822,127.0214537
전북특별자치도,전주시,완산구,교동 54-16,이목대공원,소공원,35.8144091,127.1560596
전북특별자치도,전주시,완산구,고사동 324-14,역사도심공원,소공원,35.820872,127.140471
전북특별자치도,전주시,덕진구,덕진동1가 1316-2,덕진공원,근린공원,35.84749476,127.1210312
전북특별자치도,전주시,덕진구,팔복동2가 589,팔복첨단산업3-1,근린공원,35.85988555,127.0898288
전북특별자치도,전주시,덕진구,진북동 1031-5,진북공원,어린이공원,35.82791173,127.132693
전북특별자치도,전주시,덕진구,덕진동2가 산 27-1,가련산공원,근린공원,35.8436246,127.1192136
전북특별자치도,전주시,덕진구,중동 830,오공공원,근린공원,35.83284416,127.0536117
전북특별자치도,전주시,덕진구,중동 832,정문공원,근린공원,35.83277155,127.0665021
전북특별자치도,전주시,덕진구,금암동 756-4,금암공원,어린이공원,35.8368538,127.1294517
전북특별자치도,전주시,덕진구,인후동1가 산 4-6,인후공원,근린공원,35.8418516,127.1605317
전북특별자치도,전주시,덕진구,팔복동3가 산 238-1,황방산공원,근린공원,35.8393425,127.0974924
전북특별자치도,전주시,덕진구,금암동 1546-1,꾀꼬리공원,어린이공원,35.84330727,127.1372986
전북특별자치도,전주시,덕진구,금암동 1575-7,금암체련공원,어린이공원,35.83858803,127.1413128
전북특별자치도,전주시,덕진구,우아동3가 747-84,우아2공원,어린이공원,35.85063052,127.1547067
전북특별자치도,전주시,덕진구,우아동3가 743-23,소공공원,어린이공원,35.85382317,127.1568998
전북특별자치도,전주시,덕진구,우아동3가 744-139,동신공원,어린이공원,35.8508605,127.1586183
전북특별자치도,전주시,덕진구,우아동3가 747-84,우아1공원,어린이공원,35.85063052,127.1547065
전북특별자치도,전주시,덕진구,우아동3가 750-49,황산공원,어린이공원,35.8452209,127.1558857
전북특별자치도,전주시,덕진구,우아동3가 753-29,신기공원,어린이공원,35.84730413,127.1630224
전북특별자치도,전주시,덕진구,인후동2가 1544-8,구숙사공원,어린이공원,35.84090844,127.1471596
전북특별자치도,전주시,덕진구,인후동2가 1556-1,금평공원,어린이공원,35.8448602,127.1495855
충청남도,서산시,성연면,해성리 641,산단2-소공원2,소공원,36.86181595,126.4790708
충청남도,서산시,성연면,해성리 645,산단2-소공원4,소공원,36.86213661,126.4820529
경기도,구리시,인창동,309-2 일원,인창중앙공원,근린공원,37.60590072,127.1361322
경기도,구리시,교문동,산61-1,체육관근린공원,근린공원,37.59551726,127.135685
경기도,구리시,수택동,878,장자호수공원,근린공원,37.58524535,127.141773
경기도,구리시,수택동,산2-27,검배공원,근린공원,37.59843633,127.1477274
경기도,구리시,토평동,990-1,토평공원,근린공원,37.58941296,127.1500238
경기도,동두천시,생연동,산53,생연공원,근린공원,37.90263129,127.0635554
경기도,동두천시,동두천동,555-6,37호근린공원,근린공원,37.93850722,127.0523067
경기도,동두천시,동두천동,556-9,38호근린공원,근린공원,37.93719283,127.0532561
경기도,동두천시,상패동,9-3,상패수변공원,수변공원,37.91528144,127.054373
경기도,동두천시,상봉암동,36-33,소요산 야구공원,체육공원,37.95639713,127.0674648
경기도,동두천시,상봉암동,26,소요산 도시자연공원,기타,37.95207889,127.0657372
경기도,동두천시,생연동,715-5,생연지구 문화공원,문화공원,37.89707849,127.052806
경기도,가평군,북면,목동리 913-1,목동 근린공원,근린공원,37.889298,127.549627
경기도,가평군,가평읍,읍내리 365-1,참전비 공원,근린공원,37.825759,127.516316
경기도,가평군,청평면,상천리 1407-2,호명호수공원,문화공원,37.765767,127.459051
경기도,가평군,가평읍,대곡리 347,가평 체육공원,체육공원,37.825423,127.506958
경기도,가평군,상면,연하리 220,다목적 체육공원,체육공원,37.803599,127.348606
경기도,가평군,설악면,선촌리 32-4,설악 체육공원,체육공원,37.6842885119,127.4913715589
경기도,가평군,조종면,현리 477-71,하면 어린이공원,어린이공원,37.811145,127.350709
경기도,가평군,가평읍,달전리 705,제4호 문화공원,문화공원,37.80934,127.522061
경기도,가평군,가평읍,읍내리 395-1,가평 근린공원,근린공원,37.828971,127.515854
경기도,가평군,가평읍,대곡리 243-16,제5호 문화공원,문화공원,37.826413,127.513082
경기도,가평군,가평읍,대곡리 144-14,제6호 문화공원,문화공원,37.821859,127.513038
경기도,가평군,설악면,선촌리 589-1,설악 체육공원(제4호),체육공원,37.6817402896,127.4854867516
경기도,가평군,청평면,청평리 79-119,청평 어린이공원,어린이공원,37.735153,127.417674
경기도,가평군,가평읍,읍내리 1054,제12호 소공원,소공원,37.8310899616,127.5056817796
경기도,가평군,가평읍,읍내리 1055,제13호 소공원,소공원,37.8310899616,127.5056817796
경기도,하남시,천현동,615,꿈나무공원,어린이공원,37.53520565,127.2120699
경기도,하남시,신장동,527-2,새고향공원,어린이공원,37.54312025,127.218857
경기도,동두천시,상패동,2-29,상패1공원,어린이공원,37.91718845,127.0530097
경기도,동두천시,상패동,56-7,상패2공원,어린이공원,37.90746368,127.0488454
경기도,동두천시,광암동,182-2,광암공원,어린이공원,37.89374869,127.0887814
경기도,동두천시,동두천동,280,창말공원,어린이공원,37.932138,127.0569196
경기도,동두천시,지행동,668,생연1어린이공원,어린이공원,37.8966026,127.0470918
경기도,동두천시,지행동,690-2,생연2어린이공원,어린이공원,37.89290097,127.0484452
경기도,동두천시,생연동,715-3,생연3어린이공원,어린이공원,37.89748181,127.0545819
경기도,동두천시,지행동,692-3,생연4어린이공원,어린이공원,37.89462439,127.0548171
경기도,동두천시,지행동,717-6,도깨비어린이공원,어린이공원,37.88899306,127.0502318
경기도,동두천시,지행동,722-4,은혜갚은까치어린이공원,어린이공원,37.89053766,127.0534864
경기도,동두천시,송내동,664-3,은하수어린이공원,어린이공원,37.88724961,127.0500395
경기도,동두천시,송내동,665-2,햇님어린이공원,어린이공원,37.88729344,127.0530137
경기도,동두천시,송내동,696-1,선녀어린이공원,어린이공원,37.88505693,127.0532693
경기도,동두천시,지행동,334-8,지행1어린이공원,어린이공원,37.89160321,127.059508
경기도,동두천시,생연동,307-9,내행2어린이공원,어린이공원,37.89918802,127.0649563
경기도,동두천시,지행동,273-32,내행3어린이공원,어린이공원,37.89619115,127.0602514
경기도,동두천시,지행동,175,지행2어린이공원,어린이공원,37.888626,127.0642007
경기도,동두천시,생연동,736-7,33호어린이공원,어린이공원,37.89756762,127.0564555
경기도,동두천시,지행동,727,34호어린이공원,어린이공원,37.8950811,127.0568548
경기도,동두천시,송내동,699-15,35호어린이공원,어린이공원,37.88562481,127.0556654
경기도,동두천시,송내동,708-5,36호어린이공원,어린이공원,37.88238834,127.0554574
경기도,동두천시,동두천동,223-1,원터공원,근린공원,37.92825188,127.0521547
경기도,동두천시,생연동,714-6,생연1근린공원(어울림),근린공원,37.8981211964,127.0516975754
경기도,동두천시,지행동,691-6,시민근린공원,근린공원,37.89395806,127.051808
경기도,동두천시,지행동,717-4,송내1근린공원(꿈나무근린공원),근린공원,37.8921487798,127.0513976993
경기도,동두천시,송내동,666,강변(송내2)근린공원,근린공원,37.88475301,127.0491933
경기도,동두천시,상패동,산16,상패공원,근린공원,37.90802137,127.0457277
경기도,오산시,세교동,627,죽미체육공원1,체육공원,37.1794058787,127.0421265898
경기도,오산시,세교동,619,죽미체육공원2,체육공원,37.180621,127.0452716918
경기도,오산시,외삼미동,624-1,등불어린이공원,어린이공원,37.1877108967,127.0479414904
경기도,오산시,세교동,610-1,들판어린이공원,어린이공원,37.183226,127.0435577868
경기도,오산시,금암동,512-1,소리어린이공원,어린이공원,37.1775304664,127.0441456566
경기도,오산시,금암동,496-2,구름어린이공원,어린이공원,37.1782036,127.0483633704
경기도,오산시,금암동,515-1,바위어린이공원,어린이공원,37.1728070281,127.044992
경기도,오산시,금암동,486-1,산어린이공원,어린이공원,37.1791661735,127.0521548665
경기도,오산시,금암동,489,달빛어린이공원,어린이공원,37.1775863115,127.0545734812
경기도,오산시,내삼미동,888-3,바람어린이공원,어린이공원,37.1761985344,127.0552367157
경기도,오산시,금암동,534-3,동물어린이공원,어린이공원,37.1714896149,127.05016212
경기도,오산시,수청동,585-1,바다어린이공원,어린이공원,37.170613,127.057972647
경기도,오산시,수청동,590,무지개어린이공원,어린이공원,37.169201,127.057392434
경기도,오산시,내삼미동,896-1,샘물어린이공원,어린이공원,37.1733864837,127.064433893
경기도,오산시,외삼미동,636-1,UN참전기념공원,역사공원,37.1850433002,127.048527
경기도,오산시,갈곶동,108,갈곶어린이공원,어린이공원,37.1340384938,127.0664824878
경기도,오산시,청호동,324,청호제1어린이공원,어린이공원,37.131065,127.081581
경기도,오산시,청호동,323,청호제2어린이공원,어린이공원,37.131065,127.081581
경기도,오산시,고현동,271,고현어린이공원,어린이공원,37.1346180267,127.079586
경상남도,창원시,성산구,사파동 115,어린이공원134,어린이공원,35.222356,128.696864
경상남도,창원시,성산구,상남동 42-1,어린이공원135,어린이공원,35.220407,128.685959
경상남도,창원시,성산구,상남동 48,어린이공원136,어린이공원,35.214621,128.6883797743
경상남도,창원시,성산구,신월동 18,어린이공원107,어린이공원,35.227781,128.695847
경상남도,창원시,성산구,용호동 35,어린이공원(용호),어린이공원,35.239583,128.683782
경상남도,창원시,성산구,용호동 22-1,어린이공원112,어린이공원,35.237652,128.685844
경상남도,창원시,성산구,신월동 23,어린이공원113,어린이공원,35.227285,128.694591
경기도,평택시,오성면,창내리 21-63,창내2리 마을쉼터,기타,36.987835,127.019992
경기도,평택시,오성면,창내리 40-6,창내3리 마을쉼터,기타,36.996567,127.012236
경기도,평택시,오성면,창내리 94,창내4리 마을쉼터,기타,36.988795,127.02797
경기도,평택시,팽성읍,신대리 210-39,신대리문화공원,문화공원,36.943755,126.997047
경기도,평택시,용이동,660,용죽 역사공원(용죽지구),역사공원,36.997961,127.127348
경기도,평택시,포승읍,원정리 산109-37,원효대사 역사공원,역사공원,37.004727,126.822483
경기도,평택시,현덕면,운정리 272-5,1호 소공원(화양지구),소공원,36.977742,126.898161
경기도,평택시,현덕면,도대리 348전,2호 소공원(화양지구),소공원,36.966395,126.902177
경기도,평택시,청북읍,고렴리 1130,고렴산단 소공원(고렴산단),소공원,37.055594,126.93266
경기도,평택시,오성면,길음리 320-3,길음2리 소공원(길음지구),소공원,36.984956,126.970081
경기도,평택시,오성면,길음리 293-5,길음3리 소공원(길음지구),소공원,36.984836,126.969215
경기도,평택시,안중읍,대반리 622-3,대반5리 소공원(대반지구),소공원,36.979213,126.958015
경기도,평택시,안중읍,대반리 468-3,대반리 소공원(대반지구),소공원,36.980019,126.953661
경기도,평택시,오성면,양교리 915-47,소공원 1호(양교지구),소공원,37.021348,126.949833
경기도,평택시,현덕면,장수리 84-2,소공원 1호(황해경제자유구역 현덕지구),소공원,36.938793,126.896325
경기도,오산시,금암동,514,여계근린공원,근린공원,37.173118,127.0421032569
경기도,오산시,금암동,520,고인돌공원,역사공원,37.172348,127.0489503649
경기도,오산시,금암동,541,금바위공원,근린공원,37.170219,127.0470934403
경기도,오산시,내삼미동,879,문헌근린공원,근린공원,37.1742493501,127.053446
경기도,오산시,수청동,624,도원근린공원,근린공원,37.1709508034,127.066873
경기도,오산시,수청동,623-1,아래뜰근린공원,근린공원,37.1683443694,127.064641
경기도,오산시,세교동,622-2,은빛개울공원1,수변공원,37.1866748856,127.0404288266
경기도,오산시,금암동,511,은빛개울공원2,수변공원,37.177558,127.046336
경기도,오산시,내삼미동,895-1,안삼미근린공원,근린공원,37.1741017748,127.0621818868
강원특별자치도,원주시,문막읍,반계리 2255-18,작백소공원,소공원,37.29653821,127.7974628
강원특별자치도,원주시,문막읍,반계리 2275-3,반계소공원,소공원,37.29560605,127.7974472
강원특별자치도,원주시,문막읍,반계리 2265-1,연화소공원,소공원,37.30392003,127.8070569
강원특별자치도,원주시,문막읍,반계리 2262-4,취병소공원,소공원,37.30120842,127.8038764
강원특별자치도,원주시,단계동,1097,청곡근린공원,근린공원,37.34995115,127.924878
강원특별자치도,원주시,지정면,가곡리 1526,샘마루근린공원,근린공원,37.37847188,127.8746977
강원특별자치도,원주시,지정면,가곡리 1341,거울못근린공원,근린공원,37.37537114,127.8791587
강원특별자치도,원주시,지정면,신평리 1072,영산근린공원,근린공원,37.37381853,127.8915184
강원특별자치도,원주시,지정면,신평리 1165-1,신촌소공원,소공원,37.38487975,127.8786976
강원특별자치도,원주시,지정면,신평리 1159-66,재우룬소공원,소공원,37.38578138,127.8776335
강원특별자치도,원주시,지정면,가곡리 1546-1,솔경지3소공원,소공원,37.39178672,127.8774387
강원특별자치도,원주시,지정면,신평리 1159-34,아랫말소공원,소공원,37.3898086,127.8814842
강원특별자치도,원주시,지정면,가곡리 1470-3,참새골어린이공원,어린이공원,37.37461823,127.8701387
강원특별자치도,원주시,지정면,가곡리 1492,능마루어린이공원,어린이공원,37.38483165,127.8746784
전라남도,영암군,영암읍,동무리 160-1,근린공원1,근린공원,34.7996910118,126.6960890434
전라남도,영암군,영암읍,서남리 971,근린공원2,근린공원,34.799120105,126.6995029883
전라남도,영암군,삼호읍,용앙리 222,어린이공원6,어린이공원,34.746891,126.4729225595
전라남도,영암군,삼호읍,용당리 2173,근린공원11,근린공원,34.7453119314,126.3752309035
전라남도,영암군,삼호읍,용앙리 404,수변공원2,수변공원,34.7481423653,126.4623402838
전라남도,영암군,삼호읍,용앙리 287-5,소공원8,소공원,34.7474763,126.4697376922
전라남도,영암군,삼호읍,용앙리 156-1,소공원9,소공원,34.7433101,126.4711947
경기도,동두천시,생연동,810-5,소공원 41호,소공원,37.90122244,127.0499071
경기도,동두천시,지행동,214,행단공원,소공원,37.88796516,127.0686799
경기도,동두천시,생연동,704,소공원,소공원,37.89979566,127.055148
경기도,동두천시,동두천동,224-8,동두어린이공원,어린이공원,37.92568592,127.0526228
경기도,동두천시,생연동,796-47,사동어린이공원,어린이공원,37.89880675,127.0474992
경기도,동두천시,지행동,406-103,지행3어린이공원,어린이공원,37.88746326,127.0580085
강원특별자치도,원주시,단계동,909,단계조각근린공원,근린공원,37.34096572,127.9356896
강원특별자치도,원주시,일산동,367,일산근린공원,근린공원,37.34744945,127.940004
강원특별자치도,원주시,흥업면,매지리 1932,매화소공원,소공원,37.27871367,127.9101354
강원특별자치도,원주시,명륜동,387,갈색어린이공원,어린이공원,37.33515616,127.9424535
강원특별자치도,원주시,명륜동,485,새마을어린이공원,어린이공원,37.33309519,127.9452854
강원특별자치도,원주시,개운동,203-1,도말어린이공원,어린이공원,37.33967624,127.9621595
강원특별자치도,원주시,학성동,1065,학성근린공원,근린공원,37.35416729,127.9362475
강원특별자치도,원주시,무실동,1918,중앙근린공원,근린공원,37.33360618,127.9361309
강원특별자치도,원주시,단계동,1223,이화근린공원,근린공원,37.34170671,127.9297086
강원특별자치도,원주시,관설동,1751-3,단관(시민)근린공원,근린공원,37.31727374,127.9598962
강원특별자치도,원주시,태장동,1369,태장어린이공원,어린이공원,37.3854974,127.9502575
강원특별자치도,원주시,태장동,산54-9,태실어린이공원,어린이공원,37.38013226,127.9510268
강원특별자치도,원주시,우산동,287-1,꿈동산어린이공원,어린이공원,37.36546716,127.9380369
강원특별자치도,원주시,반곡동,1881,입춘내수변공원,수변공원,37.32431641,127.9796184
강원특별자치도,원주시,반곡동,1858-7,입춘내수변공원,수변공원,37.32671102,127.9767961
강원특별자치도,원주시,반곡동,1860-1,입춘내수변공원,수변공원,37.32636772,127.976411
강원특별자치도,원주시,지정면,가곡리 1357-4,딴똥구리소공원,소공원,37.37211593,127.8721139
강원특별자치도,원주시,지정면,가곡리 1393-1,여운터소공원,소공원,37.37331014,127.8761369
강원특별자치도,원주시,지정면,가곡리 1557-1,잿마루소공원,소공원,37.38550736,127.8762682
강원특별자치도,원주시,지정면,가곡리 1443,도오개소공원,소공원,37.38466655,127.8725453
강원특별자치도,원주시,지정면,가곡리 1576-1,매봉재소공원,소공원,37.38141459,127.8791747
강원특별자치도,원주시,지정면,가곡리 1433,능마루소공원,소공원,37.38733885,127.8717193
강원특별자치도,원주시,행구동,1029,행구수변공원,근린공원,37.34238325,127.996726
강원특별자치도,원주시,문막읍,동화리 1642-6,문막 11호 어린이공원,어린이공원,37.33589572,127.8388047
강원특별자치도,원주시,문막읍,동화리 1642-2,문막 12호 어린이공원,어린이공원,37.33575842,127.834845
서울특별시,관악구,신림동,241-13,도덕,문화공원,37.469331,126.938168
경기도,평택시,오성면,숙성리 753-6 753-7,숙성3리 마을쉼터,기타,36.994573,126.973234
경기도,평택시,오성면,숙성리 149-4,숙성5리 마을쉼터,기타,37.008186,126.982325
경기도,평택시,오성면,신리리 124-15,신2리 마을쉼터,기타,37.004945,127.008693
경기도,평택시,오성면,신리리 111-10,신3리 마을쉼터,기타,37.00329,127.015501
경기도,평택시,오성면,창내리 118-1,신4리 마을쉼터,기타,37.001443,127.019652
경기도,평택시,현덕면,신왕리 148,신왕2리 마을쉼터,기타,36.937995,126.969326
경기도,평택시,청북면,율북리 248-2,율북3리 마을쉼터,기타,37.068742,126.984326
경기도,평택시,청북면,율북리 94,율북5리 마을쉼터,기타,37.070018,126.978566
경기도,평택시,오성면,죽리리 75-16,죽5리 마을쉼터,기타,37.009495,126.977831
경기도,평택시,오성면,창내리 108-14,창내1리 마을쉼터,기타,36.995303,127.023224
강원특별자치도,원주시,단계동,854,장미근린공원,근린공원,37.34665495,127.931194
강원특별자치도,원주시,우산동,122-1,무지개어린이공원,어린이공원,37.37026556,127.9381137
강원특별자치도,원주시,단구동,1530-1,노랑어린이공원,어린이공원,37.32502791,127.943146
강원특별자치도,원주시,단구동,1555,하양어린이공원,어린이공원,37.32397842,127.9443239
강원특별자치도,원주시,단구동,1578-1,보라어린이공원,어린이공원,37.32291177,127.949662
강원특별자치도,원주시,판부면,서곡리 1993,파랑어린이공원,어린이공원,37.32007043,127.942632
강원특별자치도,원주시,판부면,서곡리 2022,남빛어린이공원,어린이공원,37.31809152,127.9489969
강원특별자치도,원주시,단구동,1542,초록어린이공원,어린이공원,37.32301617,127.9418011
강원특별자치도,원주시,단구동,1517-6,빨강어린이공원,어린이공원,37.32885973,127.9474821
강원특별자치도,원주시,문막읍,건등리 1707-1,문막어린이공원,어린이공원,37.31240294,127.8196788
강원특별자치도,원주시,단구동,산73,단구근린공원,근린공원,37.32720722,127.9505561
강원특별자치도,원주시,명륜동,산2-3,남산(원동)근린공원,근린공원,37.34296644,127.950858
강원특별자치도,원주시,태장동,산124-2,호국근린공원,근린공원,37.3653189,127.9526958
서울특별시,강남구,자곡동,615,숲자락근린공원,근린공원,37.47298119,127.0929684
서울특별시,강남구,자곡동,608,못골위근린공원,근린공원,37.47440226,127.0967379
서울특별시,강남구,자곡동,607,못골아래근린공원,근린공원,37.47330498,127.0997276
서울특별시,강남구,자곡동,647,안개근린공원,근린공원,37.47217989,127.1019482
서울특별시,강남구,자곡동,627,해찬솔근린공원,근린공원,37.47039047,127.0923987
서울특별시,강남구,세곡동,604-1,물맞이공원,수변공원,37.465664,127.097181
인천광역시,남동구,도림동,637-2,주적공원,어린이공원,37.41630518,126.729513
인천광역시,남동구,장수동,806-2,장수천공원,어린이공원,37.45282875,126.7492404
인천광역시,남동구,장수동,807-3,장수사거리공원,어린이공원,37.45015255,126.7492421
인천광역시,남동구,도림동,631,오봉공원,근린공원,37.41844881,126.7315058
인천광역시,남동구,서창동,558-1,서창공원,근린공원,37.43664867,126.7468117
인천광역시,남동구,만수동,984-9,담방문화공원,근린공원,37.44699717,126.7329807
인천광역시,남동구,논현동,642-3,푸른솔공원,어린이공원,37.39994921,126.7110573
인천광역시,남동구,논현동,634-4,논현공원(논현2택지),어린이공원,37.40237398,126.7201366
인천광역시,남동구,논현동,592-12,은봉공원,어린이공원,37.40794549,126.7242635
인천광역시,남동구,논현동,595-17,산마루공원,어린이공원,37.4089917,126.7305782
인천광역시,남동구,논현동,601-2,아랫말공원,어린이공원,37.4056914,126.7301715
인천광역시,남동구,논현동,600-7,동녘공원,어린이공원,37.40820531,126.7355586
인천광역시,남동구,논현동,599-6,방죽공원,어린이공원,37.40804471,126.7384684
인천광역시,남동구,논현동,682-2,너른들공원,어린이공원,37.40700366,126.7383575
인천광역시,남동구,논현동,655-1,소래공원,어린이공원,37.40217569,126.7318143
인천광역시,남동구,논현동,664-4,갯마을공원,어린이공원,37.40368631,126.7353962
인천광역시,남동구,도림동,631,오봉공원,어린이공원,37.41844881,126.7315058
인천광역시,남동구,논현동,586-12,가온공원,어린이공원,37.40507611,126.718241
인천광역시,남동구,논현동,583-1,호암공원,어린이공원,37.40492137,126.7134521
인천광역시,남동구,논현동,578-1,논현포대공원,근린공원,37.40804264,126.708025
인천광역시,남동구,논현동,594-24,논현중앙공원,근린공원,37.40706413,126.7249322
인천광역시,남동구,남동구,논현2동 641-1,호구포공원,근린공원,37.40060271,126.7154726
인천광역시,남동구,도림동,648-2,도림이공원,어린이공원,37.42203521,126.7283859
인천광역시,남동구,도림동,656-3,오재공원,어린이공원,37.42069797,126.7299503
인천광역시,남동구,도림동,674-1,도림산공원,어린이공원,37.41775015,126.7270127
인천광역시,남동구,구월동,620-13,남동문화공원,근린공원,37.44704741,126.7248703
경상남도,창원시,성산구,대원동 89,덕정공원,근린공원,35.222311,128.642969
경상남도,창원시,성산구,사파동 44-5,어린이공원33,어린이공원,35.228469,128.701897
경상남도,창원시,성산구,대원동 99-1,어린이공원30,어린이공원,35.233153,128.652634
경상남도,창원시,성산구,상남동 89-1,상남단정공원,근린공원,35.216266,128.686585
경상남도,창원시,성산구,상남동 85-4,어린이공원60,어린이공원,35.218134,128.685618
경상남도,창원시,성산구,안민동 194,어린이공원74,어린이공원,35.187024,128.688903
경상남도,창원시,성산구,대방동 250-1,대방체육공원,체육공원,35.216272,128.711179
경상남도,창원시,성산구,대방동 333-3,어린이공원80,어린이공원,35.215783,128.705849
경상남도,창원시,성산구,가음동 35-3,어린이공원81,어린이공원,35.206583,128.702162
경상남도,창원시,성산구,가음동 42-2,어린이공원82,어린이공원,35.205171,128.702336
경상남도,창원시,성산구,성주동 161,어린이공원84,어린이공원,35.195808,128.716264
경상남도,창원시,성산구,성주동 174-1,불모산 공원,근린공원,35.194644,128.721382
경상남도,창원시,성산구,성주동 155-2,어린이공원85,어린이공원,35.198161,128.716759
경상남도,창원시,성산구,성주동 172,어린이공원86,어린이공원,35.1928398559,128.721634
경상남도,창원시,성산구,성주동 118-7,제73호소공원,소공원,35.198227,128.709543
경상남도,창원시,성산구,대방동 370-3,어린이공원90,어린이공원,35.206503,128.711042
경상남도,창원시,성산구,남양동 33,어린이공원123,어린이공원,35.207821,128.703069
경상남도,창원시,성산구,남양동 21,어린이공원124,어린이공원,35.212374,128.700963
경상남도,창원시,성산구,사파동 18-1,어린이공원125,어린이공원,35.229789,128.697457
경상남도,창원시,성산구,반지동 51,어린이공원126,어린이공원,35.241141,128.663544
경상남도,창원시,성산구,반지동 53-3,어린이공원127,어린이공원,35.241109795,128.664834
경상남도,창원시,성산구,반지동 64-1,어린이공원128,어린이공원,35.238833,128.664043
경상남도,창원시,성산구,중앙동 37-4,어린이공원129,어린이공원,35.224774,128.673283
경상남도,창원시,성산구,중앙동 34-1,어린이공원130,어린이공원,35.224366,128.674497
경상남도,창원시,성산구,중앙동 20-2,어린이공원131,어린이공원,35.227394,128.675104
경상남도,창원시,성산구,사파동 72-1,어린이공원132,어린이공원,35.221795,128.702275
경상남도,창원시,성산구,사파동 109-1,어린이공원133,어린이공원,35.220745,128.699059
경상남도,창원시,성산구,두대동 산36-10,대상공원,근린공원,35.232092,128.656686
경상남도,창원시,성산구,용호동 3,용지공원,근린공원,35.231421,128.684873
부산광역시,기장군,정관읍,용수리 1405번지,물너울공원,근린공원,35.339239,129.1774978
부산광역시,기장군,정관읍,매학리 742번지,중앙공원,근린공원,35.3221873404,129.181897768
부산광역시,기장군,정관읍,용수리 1320번지,동그라미공원,어린이공원,35.339239,129.1774978
부산광역시,기장군,정관읍,매학리 722번지,햇동공원,어린이공원,35.3169318,129.1661425
광주광역시,동구,계림동,467-28,계림3-2,소공원,35.154999,126.916774
광주광역시,동구,산수동,368,동명1-1,소공원,35.15360545,126.924295
광주광역시,동구,동명동,228-11,동명1-2,소공원,35.151981,126.9215796
광주광역시,동구,소태동,230,지원3-1,소공원,35.12123006,126.9357376
광주광역시,동구,소태동,303,지원3-2,소공원,35.12121592,126.936784
광주광역시,동구,용산동,276-2,지원1-1,소공원,35.122048,126.932528
광주광역시,광산구,장덕동,1127,성덕,근린공원,35.1938398,126.8183493
광주광역시,광산구,장덕동,1681,수완호수,근린공원,35.18794733,126.8202489
광주광역시,광산구,신가동,1302 등 3,풍영정천변길,근린공원,35.18219991,126.8146128
광주광역시,광산구,수완동,919,완동,근린공원,35.1991050108,126.8273934329
대구광역시,북구,복현동,234-7,영진공원,어린이공원,35.8973898867,128.622502
대구광역시,북구,복현동,695,부엉이공원,어린이공원,35.8918713881,128.6274957982
대구광역시,북구,대현동,112-41,대현공원,어린이공원,35.8842065799,128.6105739134
대구광역시,북구,구암동,700,구암공원,어린이공원,35.926433,128.5590393171
대구광역시,북구,동천동,872-1,참물샘공원,어린이공원,35.93388153,128.5560777
대구광역시,북구,동천동,880-2,들말공원,어린이공원,35.932631,128.5587342
대구광역시,북구,구암동,655-2,운암공원,어린이공원,35.9308035247,128.557604
대구광역시,북구,구암동,695-4,진달래공원,어린이공원,35.92843098,128.558667
대구광역시,북구,구암동,662,해당화공원,어린이공원,35.927019,128.5524111601
대구광역시,북구,구암동,679,다람쥐공원,어린이공원,35.925998651,128.5552136
대구광역시,북구,읍내동,1295-6,말산공원,어린이공원,35.945945,128.547713
대구광역시,북구,관음동,1251,신락공원,어린이공원,35.94464743,128.5448628137
대구광역시,북구,관음동,1333,경로공원,어린이공원,35.940078,128.545049
대구광역시,북구,읍내동,1353,대천공원,어린이공원,35.9394384726,128.555231
대구광역시,북구,관음동,1358-4,가산공원,어린이공원,35.937173,128.5456325
대구광역시,북구,태전동,1027-1,새마을공원,어린이공원,35.92952211,128.5509992115
대구광역시,북구,태전동,1046-1,샛별공원,어린이공원,35.927589,128.5498676
대구광역시,북구,태전동,974,금정공원,어린이공원,35.926953,128.546255
대구광역시,북구,관음동,1290,송암공원,어린이공원,35.9431264833,128.5473317998
대구광역시,북구,관음동,1382,읍내공원,어린이공원,35.9404234927,128.549847642
대구광역시,북구,동천동,889-1,들꽃공원,어린이공원,35.945926,128.558193
대구광역시,북구,동천동,891-1,미소공원,어린이공원,35.945892,128.561755
대구광역시,북구,국우동,1079-2,둥근달공원,어린이공원,35.94527043,128.566215
대구광역시,북구,국우동,1085-1,미리내공원,어린이공원,35.94534452,128.571177
대구광역시,북구,침산동,1168-3,침산공원,근린공원,35.897221,128.5848591
대구광역시,북구,산격동,산 18-2,연암공원,근린공원,35.90053941,128.6049049
대구광역시,북구,산격동,산2-1,대불공원,근린공원,35.9055528429,128.6155319575
대구광역시,북구,태전동,938,태전공원,근린공원,35.931636,128.546161
대구광역시,북구,관음동,1372,관음공원,근린공원,35.935866,128.545127
대구광역시,북구,구암동,694,구암공원,근린공원,35.9285563361,128.5570849916
대구광역시,북구,산격동,1620,신기공원,근린공원,35.9074042331,128.6090478764
대구광역시,북구,구암동,775-6,함지공원,근린공원,35.942461,128.570489
대구광역시,북구,동천동,950-1,동천공원,근린공원,35.9343587058,128.559295
대구광역시,북구,서변동,1747,서변공원,근린공원,35.9217042471,128.5951738541
대구광역시,북구,동변동,678,동변공원,근린공원,35.919051383,128.602334
대구광역시,북구,매천동,671,매천공원,근린공원,35.9093024452,128.5447759176
대구광역시,북구,사수동,788,내곡공원,근린공원,35.9029310966,128.5133489
대구광역시,북구,사수동,809,한강공원,근린공원,35.8992664908,128.512748
대구광역시,북구,금호동,815,금호공원,근린공원,35.8953932576,128.5204747324
대구광역시,북구,칠성동2가,302-139,별별상상공원,어린이공원,35.8769661306,128.592385
대구광역시,북구,노원동3가,1019,팔달공원,어린이공원,35.89251817,128.5700007271
대구광역시,북구,노원동2가,31,무궁화공원,어린이공원,35.8926092648,128.5755689104
대구광역시,북구,노원동2가,267,해바라기공원,소공원,35.8889777577,128.574056
대구광역시,북구,산격동,1393,무지개공원,어린이공원,35.893546,128.608312
대구광역시,북구,산격동,1241-4,개나리공원,어린이공원,35.897252,128.6072658312
대구광역시,북구,복현동,439-1,장미공원,어린이공원,35.893369,128.617314
대구광역시,북구,복현동,201-1,들샘공원,어린이공원,35.89652885,128.6169042
광주광역시,동구,내남동,305,남계,어린이공원,35.09425388,126.938524
광주광역시,동구,내남동,554,내지,어린이공원,35.08930296,126.931882
광주광역시,동구,선교동,472-3,선교,어린이공원,35.088741,126.9483797
광주광역시,동구,용연동,278,용연,어린이공원,35.09444346,126.963056
광주광역시,동구,용산동,663,용산,어린이공원,35.11818544,126.9268395
광주광역시,동구,계림동,53,계림5-2,소공원,35.15854489,126.9250135
광주광역시,동구,산수동,380-18,산수1,소공원,35.15431915,126.926806
광주광역시,동구,계림동,196-11,계림7,소공원,35.157856,126.923602
광주광역시,동구,계림동,386-2,계림3-1,소공원,35.153674,126.919229
전북특별자치도,전주시,완산구,효자동2가 1-7,모꼬지공원,근린공원,35.81309246,127.1127717
전북특별자치도,전주시,완산구,효자동2가 306,우전공원,어린이공원,35.7991459,127.1041882
전북특별자치도,전주시,완산구,효자동2가 335,신주공원,어린이공원,35.8010698,127.1024329
전북특별자치도,전주시,완산구,효자동2가 산 139,천잠공원,근린공원,35.81021565,127.0844872
전북특별자치도,전주시,완산구,효자동2가 산 61,백로공원,근린공원,35.8008763,127.1074326
전북특별자치도,전주시,완산구,효자동3가 1407-3,모롱지공원,근린공원,35.83650064,127.1033146
전북특별자치도,전주시,완산구,효자동3가 1433,서중공원,어린이공원,35.8352748,127.1001981
전북특별자치도,전주시,완산구,효자동3가 1443-2,신덕공원,어린이공원,35.8341299,127.1025975
전북특별자치도,전주시,완산구,효자동3가 1473-4,양지뜸공원,어린이공원,35.8323436,127.0983313
전북특별자치도,전주시,완산구,효자동3가 1485,서곡공원,근린공원,35.8337889,127.1041528
전북특별자치도,전주시,완산구,효자동3가 1487,서곡공원,어린이공원,35.829822,127.0987812
전북특별자치도,전주시,완산구,효자동3가 1523-2,문학대2공원,근린공원,35.82766862,127.1097689
전북특별자치도,전주시,완산구,효자동3가 1526-1,마전숲,근린공원,35.8187033,127.1106341
전북특별자치도,전주시,완산구,효자동3가 1578,서부제5공원,근린공원,35.82960936,127.0970700298
전북특별자치도,전주시,완산구,효자동3가 1580,서부제4공원,근린공원,35.8302066,127.0996597
전북특별자치도,전주시,완산구,효자동3가 1587,문학대1공원,근린공원,35.82918842,127.1051164
전북특별자치도,전주시,완산구,효자동3가 1604-29,효자제1호공원,어린이공원,35.82710278,127.1014206
전북특별자치도,전주시,완산구,효자동3가 1615-22,효자제2호공원,어린이공원,35.826979,127.1033266
전북특별자치도,전주시,완산구,효자동3가 1641-7,효자제3호공원,어린이공원,35.82331738,127.0996972
전북특별자치도,전주시,완산구,효자동3가 1687-13,효자제4호공원,어린이공원,35.82000442,127.0996948
전북특별자치도,전주시,완산구,효자동3가 1713-18,효자제5호공원,어린이공원,35.8164307,127.0962956
전북특별자치도,전주시,완산구,효자동3가 1858,바위백이공원,근린공원,35.81700271,127.0999915
전북특별자치도,전주시,완산구,효자동3가 산 136-1,효자묘지공원,묘지공원,35.8268731,127.0914375
전북특별자치도,전주시,완산구,효자동2가 1364-2,효자공원,근린공원,35.8371983,127.1048155
전북특별자치도,전주시,완산구,효자동1가 655,풍남공원,어린이공원,35.80069621,127.1145129
전북특별자치도,전주시,완산구,효자동1가 659-4,효림공원,어린이공원,35.81029906,127.1267309
전북특별자치도,전주시,완산구,효자동1가 681,안행공원,어린이공원,35.80452048,127.1356336
전북특별자치도,전주시,완산구,효자동1가 690-5,은빛공원,어린이공원,35.8030586,127.1338644
전북특별자치도,전주시,완산구,효자동1가 산 132-1,안행공원,근린공원,35.80538046,127.1360226
전북특별자치도,전주시,완산구,효자동2가 1164-1,효자제8호공원,어린이공원,35.81300369,127.1086926
전북특별자치도,전주시,완산구,효자동2가 1191-3,한지공원,어린이공원,35.80737996,127.0956845
전북특별자치도,전주시,완산구,효자동2가 1192-2,선율공원,어린이공원,35.8091356,127.100273
전북특별자치도,전주시,완산구,효자동2가 1193-5,도화공원,어린이공원,35.8072501,127.0980844
전북특별자치도,전주시,완산구,효자동2가 1193-7,효열공원,근린공원,35.80675318,127.0990342
전북특별자치도,전주시,완산구,효자동2가 1200-1,솔바람공원,근린공원,35.8063416,127.0995211
전북특별자치도,전주시,완산구,효자동2가 1201-3,달맞이공원,어린이공원,35.8070229,127.1015881
전북특별자치도,전주시,완산구,효자동2가 1205-1,푸른연꽃공원,어린이공원,35.8037085,127.0990965
전북특별자치도,전주시,완산구,효자동2가 1247-13,효자제6호공원,어린이공원,35.8126301,127.099199
전북특별자치도,전주시,완산구,효자동2가 1260-18,효자제7호공원,어린이공원,35.8124352,127.1042459
전북특별자치도,전주시,완산구,효자동2가 1310,사이언스공원,어린이공원,35.809352,127.095438
전북특별자치도,전주시,완산구,효자동2가 1314-3,금파공원,어린이공원,35.80965192,127.098195
전북특별자치도,전주시,완산구,효자동2가 1314-7,물빛채공원,어린이공원,35.811213,127.101282
전북특별자치도,전주시,완산구,효자동2가 1314-8,이바디공원,근린공원,35.81069673,127.1011168
전북특별자치도,전주시,완산구,효자동2가 1315-5,토방공원,어린이공원,35.809807,127.101497
전북특별자치도,전주시,완산구,효자동2가 1322,불빛공원,어린이공원,35.805541,127.1024189
전북특별자치도,전주시,완산구,효자동2가 1329-7,나무향공원,어린이공원,35.809874,127.105874
전북특별자치도,전주시,완산구,효자동2가 1333-2,용호근린공원,근린공원,35.80689806,127.104279
전북특별자치도,전주시,완산구,태평동 293,태평공원,어린이공원,35.82405946,127.1376788
전북특별자치도,전주시,완산구,평화동1가 592-2,도화봉공원,어린이공원,35.79682285,127.1336338
전북특별자치도,전주시,완산구,평화동1가 597-6,평화제1공원,어린이공원,35.7967199,127.1331757
전북특별자치도,전주시,완산구,평화동1가 722-1,평화제2공원,어린이공원,35.7952008,127.1337134
전북특별자치도,전주시,완산구,평화동1가 740-1,감나무골공원,어린이공원,35.7947307,127.138129
전북특별자치도,전주시,완산구,평화동1가 745-1,평화1공원,어린이공원,35.79205926,127.1375172
전북특별자치도,전주시,완산구,평화동2가 230-133,신성공원,근린공원,35.79084629,127.1346697
전북특별자치도,전주시,완산구,평화동2가 846-1,새터공원,어린이공원,35.79201581,127.1296714
전북특별자치도,전주시,완산구,평화동2가 858-4,참새암공원,어린이공원,35.7918147,127.1351967
전북특별자치도,전주시,완산구,평화동2가 873-5,맏내공원,어린이공원,35.788911,127.1360995
전북특별자치도,전주시,완산구,평화동2가 889-6,평화3-1호공원,어린이공원,35.7861578,127.1318067
전북특별자치도,전주시,완산구,평화동2가 896-2,평화3-2호공원,어린이공원,35.7856694,127.1344426
전북특별자치도,전주시,완산구,평화동2가 897-2,평화3-3호공원,어린이공원,35.78341674,127.1323374
전북특별자치도,전주시,완산구,풍남동3가 102,중앙공원,역사공원,35.815519,127.1501926
전북특별자치도,전주시,완산구,풍남동3가 83-13,간납대1,소공원,35.8174482,127.1520713
전북특별자치도,전주시,완산구,풍남동3가 9-29,간납대2,소공원,35.81620926,127.1553713
전북특별자치도,전주시,완산구,효자동1가 551,신리공원,어린이공원,35.8048145,127.122346
전북특별자치도,전주시,완산구,효자동1가 567-1,성지산공원,근린공원,35.802042,127.1235308
전북특별자치도,전주시,완산구,효자동1가 576-4,양지공원,어린이공원,35.80241572,127.1183502
전북특별자치도,전주시,완산구,효자동1가 610,가절길공원,어린이공원,35.81192009,127.1159247
전북특별자치도,전주시,완산구,효자동1가 631,장성공원,어린이공원,35.80919207,127.1171132
전북특별자치도,전주시,완산구,효자동1가 634,효자공원,근린공원,35.81104873,127.1201511
전북특별자치도,전주시,완산구,효자동1가 653,효문공원,어린이공원,35.80235417,127.1152654
전라남도,광양시,광양읍,칠성리 1002-1,칠성11,어린이공원,34.977988639,127.581144
전라남도,광양시,광양읍,인서리 479-1,인서1,어린이공원,34.9679219604,127.5828065984
전라남도,광양시,광양읍,인서리 463-4,인서2,어린이공원,34.9692065713,127.5871528914
전라남도,광양시,광양읍,덕례리 1697,덕례1,어린이공원,34.9641818396,127.5729298496
충청남도,계룡시,두마면,입암리 630,공원5,소공원,36.25224221,127.2682701
충청남도,계룡시,신도안면,남선리 1259,공원7,소공원,36.29738147,127.2398812
충청남도,계룡시,두마면,농소리 185,공원9,소공원,36.259946,127.255807
충청남도,계룡시,신도안면,남선리 1312,남선소공원1,소공원,36.30202617,127.2456228
충청남도,계룡시,두마면,입암리 99,입암공원1,역사공원,36.249119,127.270743
충청남도,계룡시,금암동,22-1,금암공원1,수변공원,36.27429996,127.2586915
충청남도,계룡시,두마면,농소리 245-1,용수말2,수변공원,36.25633598,127.2541214
충청남도,계룡시,두마면,두계리 1-2,팥거리공원1,체육공원,36.263635,127.2788158
충청남도,계룡시,두마면,농소리 산11-5,공원11,근린공원,36.258773,127.2563677
충청남도,계룡시,두마면,농소리 1063,공원9,근린공원,36.26308322,127.2576623
충청남도,계룡시,두마면,농소리 산4,대실공원2,근린공원,36.260524,127.262853
충청남도,계룡시,두마면,두계리 136-152,두계공원4,근린공원,36.270631,127.267998
경기도,김포시,월곶면,고막리 산80,월곶조각공원,근린공원,37.72380989,126.5519064
경기도,김포시,통진읍,마송리 501,통진근린공원1호(마송근린1),근린공원,37.68853067,126.5931317
경기도,김포시,사우동,241-1,사우구획1(김포어린이1),어린이공원,37.6187098,126.716742
경기도,김포시,사우동,249-3,사우구획2(김포어린이2),어린이공원,37.6175036,126.715786
경기도,김포시,북변동,801,사우택지1(김포어린이6),어린이공원,37.628034,126.712755
경기도,김포시,북변동,804,사우택지2(김포어린이7),어린이공원,37.624664,126.7142013
경기도,김포시,북변동,813,사우택지3(김포어린이8),어린이공원,37.622105,126.716824
경기도,김포시,사우동,910,사우택지4(김포어린이9),어린이공원,37.61950978,126.722203
경기도,김포시,운양동,1287-1,한강근린9,근린공원,37.65199829,126.6973178
전북특별자치도,전주시,완산구,중화산동2가 573,메너머1길공원,어린이공원,35.82167593,127.1213322
전북특별자치도,전주시,완산구,중화산동2가 586,인정길공원,어린이공원,35.819395,127.1194681
전북특별자치도,전주시,완산구,중화산동2가 598,중산10길공원,어린이공원,35.81861931,127.1219537
전북특별자치도,전주시,완산구,중화산동2가 619,중산5길공원,어린이공원,35.81551245,127.1190226
전북특별자치도,전주시,완산구,중화산동2가 630,중산3길공원,어린이공원,35.8158115,127.1221999
전북특별자치도,전주시,완산구,중화산동2가 643,화산네거리공원,어린이공원,35.81349502,127.1212353
전북특별자치도,전주시,완산구,중화산동2가 655-4,근영공원,어린이공원,35.81734089,127.1248339
전북특별자치도,전주시,완산구,중화산동2가 662-5,한두평공원,어린이공원,35.8138669,127.1249097
전북특별자치도,전주시,완산구,중화산동2가 687,중산공원,근린공원,35.82481675,127.1215811
전북특별자치도,전주시,완산구,중화산동2가 702-1,매너머공원,어린이공원,35.8224944,127.1189399
전북특별자치도,전주시,완산구,중화산동2가 746-3,33호공원,근린공원,35.8223532,127.1144597
전북특별자치도,전주시,완산구,중화산동2가 757-1,111호공원,어린이공원,35.8202248,127.1172278
전북특별자치도,전주시,완산구,중화산동2가 763-4,110호공원,어린이공원,35.8196463,127.1147908
전북특별자치도,전주시,완산구,중화산동2가 775-3,112호공원,어린이공원,35.81814082,127.1168265
전북특별자치도,전주시,완산구,중화산동2가 819-1,109호공원,어린이공원,35.8210657,127.1147651
전북특별자치도,전주시,완산구,중화산동2가 산 83-1,화산공원,근린공원,35.819811,127.1272054
전북특별자치도,전주시,완산구,태평동 293,태평문화공원,문화공원,35.82405946,127.1376788
전북특별자치도,전주시,완산구,태평동 293,태평소공원,소공원,35.82405946,127.1376788
서울특별시,강북구,번1동,447-1,번남,어린이공원,37.6357586,127.0247969
서울특별시,강북구,번1동,417-27,논골,어린이공원,37.6386856,127.0279086
서울특별시,강북구,번1동,472-44,샛강,어린이공원,37.6395202,127.0329966
서울특별시,강북구,번동,산20-1,오동근린공원,근린공원,37.6292331,127.0330524
전북특별자치도,전주시,완산구,서서학동 986-6,흑석골,소공원,35.7976637,127.1494195
전북특별자치도,전주시,완산구,서신동 1018,고사평 동 공원,어린이공원,35.83820556,127.1086174
전북특별자치도,전주시,완산구,서신동 787-1,안터공원,어린이공원,35.83091122,127.1196293
전북특별자치도,전주시,완산구,서신동 794,도내기샘공원,근린공원,35.83172792,127.1168157
전북특별자치도,전주시,완산구,서신동 795,서신길공원,근린공원,35.83159158,127.1144504
전북특별자치도,전주시,완산구,서신동 834,전룡공원,어린이공원,35.82800698,127.1168991
전북특별자치도,전주시,완산구,서신동 844,용두길공원,어린이공원,35.82743631,127.1136139
전북특별자치도,전주시,완산구,서신동 8-4,바구멀,소공원,35.8283414,127.1252804
전북특별자치도,전주시,완산구,서신동 887-8,명당골공원,어린이공원,35.8261764,127.1192304
전북특별자치도,전주시,완산구,서신동 929-2,서여울길공원,어린이공원,35.8361108,127.1111833
전북특별자치도,전주시,완산구,서신동 944-1,고사평서 공원,어린이공원,35.8360794,127.1086379
전북특별자치도,전주시,완산구,서신동 960-3,서일공원,근린공원,35.83741908,127.1160863
전북특별자치도,전주시,완산구,서신동 962-5,서부공원,어린이공원,35.83436386,127.113067
전북특별자치도,전주시,완산구,서신동 965-4,선수촌공원,어린이공원,35.8347051,127.1191793
전북특별자치도,전주시,완산구,서신동 988,재뜸공원,어린이공원,35.82684179,127.1234647
전북특별자치도,전주시,완산구,서완산동2가 79-24,강당재,소공원,35.81082594,127.1338864
전북특별자치도,전주시,완산구,서완산동1가 525-6,가락구역,소공원,35.8127361,127.1384905
전북특별자치도,전주시,완산구,서완산동1가 574-3,가락구역,소공원,35.81186758,127.1382599
전북특별자치도,전주시,완산구,효자동1가 655,풍남,소공원,35.80069621,127.1145129
전북특별자치도,전주시,완산구,중인동 1129,모악산도립공원,근린공원,35.7583868,127.0913206
전북특별자치도,전주시,완산구,중화산동1가 150-3,다가공원,근린공원,35.814131,127.1377817
전북특별자치도,전주시,완산구,중화산동2가 547,선너머공원,근린공원,35.8098485,127.1265809
경상남도,창원시,성산구,남산동 산53,삼정자 공원,근린공원,35.200037,128.703575
울산광역시,중구,유곡동,203-3,유곡호국공원,근린공원,35.56149542,129.2989723
울산광역시,중구,유곡동,201-1,불선골공원,근린공원,35.56297482,129.2975393
울산광역시,중구,태화동,259-1,절터골,근린공원,35.56102794,129.2922737
울산광역시,중구,성안동,244,예술공원,근린공원,35.56754218,129.3215364
울산광역시,중구,태화동,산 35,태화근린공원,근린공원,35.555884,129.297891
울산광역시,중구,성안동,산139,함월근린공원,근린공원,35.570962,129.3183746
울산광역시,중구,학성동,387,장무공원,근린공원,35.558653,129.335661
울산광역시,중구,우정동,산28,무지공원,근린공원,35.568589,129.3091281
울산광역시,중구,다운동,산106,다운공원,근린공원,35.56483798,129.279153
울산광역시,중구,다운동,산61,4호근린공원,근린공원,35.57290972,129.2682928
울산광역시,중구,다운동,산 57,3호근린공원,근린공원,35.57611903,129.2684703
울산광역시,중구,태화동,91-2,태화루공원,역사공원,35.55338553,129.3076463
울산광역시,중구,북정동,1-3,북정공원,역사공원,35.55778844,129.320664
울산광역시,중구,다운동,산148,다운역사공원,역사공원,35.562661,129.263942
울산광역시,중구,다운동,681,다전생태공원,수변공원,35.566707,129.268825
울산광역시,중구,다운동,127,1호수변공원,수변공원,35.57797437,129.2668754
울산광역시,중구,유곡동,146,돌방공원,소공원,35.55860438,129.301835
울산광역시,중구,학성동,64,45소공원,소공원,35.555745,129.337768
울산광역시,중구,동동,830-7,어련공원(47호),소공원,35.574245,129.3500935
울산광역시,중구,동동,405,어련공원(48호),소공원,35.573613,129.3497739
울산광역시,중구,복산동,237,송림공원,소공원,35.56676782,129.3269281
울산광역시,중구,약사동,790,약사제당공원,소공원,35.570933,129.333014
울산광역시,중구,복산동,220-5,다소아공원,소공원,35.56628308,129.3253259
울산광역시,중구,약사동,851-4,유정공원,소공원,35.5703666,129.3320307
울산광역시,중구,우정동482-2,,혁신휴공원,소공원,35.563851,129.313169
울산광역시,중구,북정동,154-1,황새골공원,소공원,35.562411,129.320993
울산광역시,중구,약사동,533,다므기공원,소공원,35.574105,129.337747
울산광역시,중구,다운동,604-1,구름공원,근린공원,35.556339,129.271792
울산광역시,중구,복산1동,600,서덕출공원,근린공원,35.56077842,129.3243065
울산광역시,중구,학성동,73,학성공원,근린공원,35.5544614,129.3393135
울산광역시,중구,장현동,127,장현공원,근린공원,35.58977744,129.3426298
울산광역시,중구,약사동,327-6,새이골공원,근린공원,35.58221101,129.3339044
울산광역시,중구,복산동,704-2,달빛공원,근린공원,35.56490187,129.323038
울산광역시,중구,우정동,525-3,소바우공원,근린공원,35.56481536,129.3075099
울산광역시,중구,유곡동,54-3,공룡발자국공원,근린공원,35.562665,129.305909
경기도,안성시,공도읍,마정리 112-52,안성맞춤가족공원(17호근린공원),근린공원,37.01383053,127.2027162
경기도,안성시,옥산동,360,아양1호근린공원,근린공원,37.005561,127.251165
경기도,안성시,옥산동,318,아양2호근린공원,근린공원,37.005429,127.255073
경기도,안성시,도기동,산64,도례공원,근린공원,36.9920182,127.2570455
경기도,안성시,옥산동,365,알미산공원,근린공원,37.0042189,127.250314
경기도,안성시,옥산동,349,아양1호공원,어린이공원,37.003129,127.253786
경기도,안성시,옥산동,18-5,아양1호소공원,소공원,37.011779,127.250715
경기도,안성시,공도읍,진사리 354번지 일원,진사소공원,소공원,36.99472602,127.1511383
경기도,안성시,양성면,이현리 86-1 일원,40호 소공원,소공원,37.093859,127.215522
경기도,안성시,공도읍,만정리 703,퍼시스 소공원,소공원,37.004564,127.178776
경기도,안성시,석정동,331,16호공원,어린이공원,37.01372655,127.2608482
경기도,안성시,석정동,44-1,돌우물공원,근린공원,37.00910073,127.2650865
경기도,안성시,서운면,신능리 223-4,신능공원,근린공원,36.972749,127.267204
경기도,안성시,미양면,구수리 314,1호공원,근린공원,36.9734036,127.2645328
경기도,수원시,권선구,권선동 1239,솔밭,어린이공원,37.25368851,127.0383294
경기도,수원시,권선구,권선동 1232,효정,어린이공원,37.25494733,127.0333658
경기도,수원시,권선구,권선동 1273,꽃잎,어린이공원,37.24991194,127.0320242
경기도,수원시,권선구,권선동 1275,선일,어린이공원,37.2487464,127.0304415
경기도,수원시,권선구,권선동 1264,다솜,어린이공원,37.25010811,127.0284402
경상남도,창원시,의창구,북면 내곡리 218,어린이공원219,어린이공원,35.339583,128.591749
경상남도,창원시,의창구,북면 마산리 925,어린이공원220,어린이공원,35.335028,128.614007
경상남도,창원시,의창구,중동 793-1,중동1호문화공원,문화공원,35.258328,128.628492
경상남도,창원시,의창구,중동 775-5,중동2호문화공원,문화공원,35.259629,128.628138
경상남도,창원시,의창구,중동 793-3,중동1근린공원,근린공원,35.253611,128.628573
경상남도,창원시,의창구,중동 793-2,중동2근린공원,근린공원,35.256233,128.628451
경상남도,창원시,의창구,북면 감계리 286,공원80,근린공원,35.299142,128.585235
경상남도,창원시,의창구,동읍 화양리 184-2,어린이공원226,어린이공원,35.306164,128.654688
경상남도,창원시,의창구,동읍 석산리 163-2,어린이공원227,어린이공원,35.313941,128.660097
경상남도,창원시,의창구,동읍 월잠리 468-3,어린이공원228,어린이공원,35.303106,128.672536
경상남도,창원시,의창구,동읍 월잠리 176-2,어린이공원229,어린이공원,35.303449,128.685664
경상남도,창원시,의창구,대산면 제동리 212,어린이공원230,어린이공원,35.336056,128.712159
경상남도,창원시,의창구,동읍 화양리 672,단감테마공원,문화공원,35.297166,128.663379
경상남도,창원시,의창구,사림동 512-1,소공원92,소공원,35.233116,128.694182
경상남도,창원시,의창구,봉림동 246-5,지귀문화공원,문화공원,35.251083,128.6740097273
경상남도,창원시,의창구,북동 4,소공원106,소공원,35.266865,128.621763
경상남도,창원시,의창구,동정동 385-5,갓골소공원,소공원,35.265246,128.614261
경상남도,창원시,의창구,명곡동 산 21-17,어린이공원235,어린이공원,35.255298,128.646013
경상남도,창원시,의창구,명곡동 16-2,어린이공원236,어린이공원,35.2540999994,128.650594
경상남도,창원시,의창구,명곡동 248-5,소공원108,소공원,35.254339,128.644979
경상남도,창원시,의창구,북동 49-15,창원읍성 동문지 역사공원,역사공원,35.265966,128.623156
경상남도,창원시,의창구,동읍 덕산리 산 99-3,공원12,문화공원,35.269122,128.665185
경상남도,창원시,의창구,동읍 덕산리 648-1,공원112,소공원,35.268094,128.668483
경상남도,창원시,의창구,소계동 706-1,어린이공원240,어린이공원,35.258482,128.600788
경상남도,창원시,성산구,반송동 산45-4,반송공원,근린공원,35.240306,128.6743398493
경상남도,창원시,성산구,가음정동 산77-1,가음정공원,근린공원,35.212846,128.694976
경상남도,창원시,의창구,대산면 대방리 442,소공원38,소공원,35.344733,128.690558
경상남도,창원시,의창구,대산면 제동리 823-2,어린이공원214,어린이공원,35.331214,128.707658
경상남도,창원시,의창구,사림동 169,창원중앙역세권2호근린공원,근린공원,35.237602,128.700461
경상남도,창원시,의창구,사림동 518-2,창원중앙역세권1호근린공원,근린공원,35.236125,128.695453
경상남도,창원시,의창구,사림동 164-3,소공원50,소공원,35.238522,128.700058
경상남도,창원시,의창구,북면 동전리 156,소공원63,소공원,35.316873,128.601892
경상남도,창원시,의창구,북면 화천리 687-10,소공원64,소공원,35.315602,128.603373
경상남도,창원시,의창구,북면 화천리 637-4,소공원65,소공원,35.316218,128.605181
경상남도,창원시,의창구,북면 무동리 121-4,어린이공원218,어린이공원,35.320308,128.582229
서울특별시,마포구,아현동,768,쌍룡산공원,근린공원,37.552928,126.950388
서울특별시,마포구,성산동200-326,등 19필지,샛터공원,근린공원,37.566196,126.906188
서울특별시,마포구,대흥동,산1-30등17필지,노고산공원,근린공원,37.551503,126.943063
서울특별시,마포구,공덕동,470-1,큰더기어린이공원,어린이공원,37.550169,126.953199
서울특별시,마포구,공덕동,"467-1,2,3",공덕역어린이공원,어린이공원,37.545107,126.951301
서울특별시,마포구,마포동,350-5,마포어린이공원,어린이공원,37.535803,126.943667
서울특별시,마포구,도화동,533,복사꽃어린이공원,어린이공원,37.538935,126.946352
서울특별시,마포구,도화동,540,도화소어린이공원,어린이공원,37.541053,126.945355
서울특별시,마포구,도화동,555-1,삼개어린이공원,어린이공원,37.540357,126.945076
서울특별시,마포구,대흥동,660-1,대흥어린이공원,어린이공원,37.543749,126.943687
서울특별시,마포구,상암동1742,,목련어린이공원,어린이공원,37.58737473,126.880225
서울특별시,마포구,상암동1744,,산수유어린이공원,어린이공원,37.585485,126.879008
서울특별시,마포구,상암동1753,,산딸나무어린이공원,어린이공원,37.583547,126.877927
서울특별시,마포구,아현동,800-6,애오개도담어린이공원,어린이공원,37.553433,126.958529
서울특별시,마포구,아현동,769,쌍룡산어린이공원,어린이공원,37.552173,126.950512
서울특별시,마포구,용강동,63-2,토정어린이공원,어린이공원,37.540558,126.943411
서울특별시,마포구,아현동,802번지 일대,애오개어린이공원,어린이공원,37.555353,126.958672
서울특별시,마포구,망원동,458-64,망원어린이공원,어린이공원,37.552132,126.904303
대전광역시,유성구,원내동,340-7,청룡,어린이공원,36.29810698,127.3178355
대전광역시,유성구,원내동,206-5,원내,어린이공원,36.30068537,127.318238
대전광역시,유성구,도룡동387,,도룡,어린이공원,36.38693885,127.3758485
대전광역시,유성구,학하동,719-1,학하1(별밭),어린이공원,36.34076535,127.3058843
대전광역시,유성구,학하동715-1,,학하2(별빛),어린이공원,36.34192234,127.308408
대전광역시,유성구,학하동783-3,,학하3(월봉),어린이공원,36.33565882,127.3106361
대전광역시,유성구,학하동730,,학하4(호산),어린이공원,36.33867264,127.3062354
대전광역시,유성구,학하동745-5,,학하5(학하),어린이공원,36.33872741,127.3096866
대전광역시,유성구,학하동763-4,,학하6(학무정),어린이공원,36.33917321,127.3124223
대전광역시,유성구,학하동778-1,,학하7(영당말),어린이공원,36.33743411,127.3116482
대전광역시,유성구,계산동719,,계산1(계산),어린이공원,36.3431831,127.2995003
대전광역시,유성구,계산동,761-3,계산3(원계산),어린이공원,36.33642365,127.3000312
대전광역시,유성구,장대동,283-5,장대,어린이공원,36.35848435,127.3375921
대전광역시,유성구,지족동,920,은구비,역사공원,36.37503773,127.3233626
대전광역시,유성구,금고동,882,반려동물,기타공원,36.45638889,127.3863889
충청북도,충주시,교현동,714,근린공원/1(대가미공원),근린공원,36.98059297,127.9264543
충청북도,충주시,대소원면,본리 663,근린공원/1,근린공원,36.9910612,127.8252433
충청북도,충주시,중앙탑면,용전리 650,근린공원/1,근린공원,37.01177035,127.824319
충청북도,충주시,대소원면,본리 653,근린공원/2,근린공원,36.98936841,127.8288876
충청북도,충주시,대소원면,영평리 575,근린공원/2,근린공원,37.00200757,127.8326421
충청북도,충주시,대소원면,본리 640,근린공원/3,근린공원,36.98861049,127.8303383
충청북도,충주시,주덕읍,화곡리 1245,근린공원/3,근린공원,37.00618722,127.8190386
충청북도,충주시,대소원면,영평리 783,근린공원/3,근린공원,36.98989431,127.8228428
충청북도,충주시,교현동,365-3,근린공원/4(예성공원),근린공원,36.97477945,127.9338048
충청북도,충주시,대소원면,본리 633,근린공원/4,근린공원,36.98794298,127.834184
서울특별시,마포구,창전동,26-1,광흥창어린이공원,어린이공원,37.549512,126.930846
서울특별시,마포구,신수동,95-5일원,신수어린이공원,어린이공원,37.550366,126.933878
서울특별시,마포구,염리동,533-10,염리어린이공원,어린이공원,37.549782,126.9464197
서울특별시,마포구,공덕동,475-1일대,공덕소공원,소공원,37.548506,126.954637
서울특별시,마포구,신공덕동,176,만리재소공원,소공원,37.544438,126.955226
서울특별시,마포구,공덕동,470-3,단풍소공원,소공원,37.548729,126.953344
서울특별시,마포구,아현동,786,아현새싹소공원,소공원,37.551847,126.954409
서울특별시,마포구,아현동,776,아현초록소공원,소공원,37.554389,126.953208
서울특별시,마포구,용강동,506,용강나루소공원,소공원,37.541863,126.942271
서울특별시,마포구,용강동,507,용강소공원,소공원,37.543026,126.940308
서울특별시,마포구,대흥동,804-4,대흥소공원,소공원,37.548567,126.941091
서울특별시,마포구,신수동,460,복자기소공원,소공원,37.545885,126.936601
인천광역시,남동구,논현동,738-8,늘솔길공원,근린공원,37.39444172,126.7208398
인천광역시,남동구,논현동,756-5,한아름공원,근린공원,37.39575224,126.7284965
인천광역시,남동구,논현동,755-7,하늬공원,근린공원,37.39754685,126.7325644
인천광역시,남동구,논현동,775,해오름공원,근린공원,37.38725249,126.7269798
인천광역시,남동구,간석동,941-1,양지말소공원,소공원,37.46464672,126.7193036
인천광역시,남동구,간석동,941-2,한울소공원,소공원,37.46337665,126.7191906
인천광역시,남동구,고잔동,21-1,고잔,어린이공원,37.3952553,126.7243023
인천광역시,남동구,논현동,751-6,나루소공원,소공원,37.39910374,126.7341058
인천광역시,남동구,간석동,320-7,풀무골소공원,소공원,37.4643861,126.7049848
인천광역시,남동구,운연동,144-1,운연공원,어린이공원,37.43881917,126.7599709
인천광역시,남동구,서창동,637,흰여울공원,어린이공원,37.42986416,126.744066
인천광역시,남동구,서창동,648,숲속공원,어린이공원,37.42981317,126.7507746
인천광역시,남동구,서창동,698,누리공원,어린이공원,37.42249036,126.7414277
인천광역시,남동구,서창동,659,오름공원,어린이공원,37.42547207,126.7523905
인천광역시,남동구,서창동,716,하얀공원,어린이공원,37.41907805,126.7509852
인천광역시,남동구,서창동,746,메아리공원,어린이공원,37.4293702,126.759199
인천광역시,남동구,서창동,681,어울공원,근린공원,37.42759079,126.7461074
인천광역시,남동구,서창동,713,물빛공원,근린공원,37.42150292,126.7472921
인천광역시,남동구,서창동,701,갯골1호수변공원,수변공원,37.42255411,126.745896
인천광역시,남동구,서창동,684,물바람수변공원,수변공원,37.42728782,126.7494507
인천광역시,남동구,서창동,696,갯골2호수변공원,수변공원,37.42528943,126.7421829
인천광역시,남동구,서창동,693,갯골3호수변공원,수변공원,37.42496444,126.7440878
인천광역시,남동구,간석동,574-39,주원공원,어린이공원,37.46732404,126.701744
인천광역시,남동구,간석동,606-19,벌터고개공원,어린이공원,37.46580798,126.6972037
인천광역시,남동구,구월1동,1501,전재울공원,근린공원,37.44707758,126.7156897
충청남도,서산시,동문동,470-2,서산-어린이공원7,어린이공원,36.789543,126.458943
충청남도,서산시,동문동,470-23,서산-어린이공원8,어린이공원,36.788182,126.4603355
충청남도,서산시,동문동,812,서산-소공원3,소공원,36.785138,126.453873
충청남도,서산시,부석면,취평리 297-13,비도시-소공원5,소공원,36.71245974,126.3926071
충청남도,서산시,석남동,27-2,서산-어린이공원30,어린이공원,36.770745,126.453916
충청남도,서산시,석남동,4-2,서산-어린이공원26,어린이공원,36.77351604,126.4523251
충청남도,서산시,석남동,76-1,서산-어린이공원41,어린이공원,36.7664322,126.458685
충청남도,서산시,석림동,340-5,서산-소공원6,소공원,36.7686954,126.474603
충청남도,서산시,석림동,416-2,서산-어린이공원44,어린이공원,36.76737575,126.469284
충청남도,서산시,석림동,453-6,서산-어린이공원43,어린이공원,36.77041213,126.464773
충청남도,서산시,석림동,463-4,서산-어린이공원42,어린이공원,36.772326,126.4637158
충청남도,서산시,석림동,582-2,서산-어린이공원45,어린이공원,36.775967,126.467418
충청남도,서산시,석림동,636-1,서산-어린이공원29,어린이공원,36.776111,126.460937
충청남도,서산시,석림동,672-3,서산-어린이공원33,어린이공원,36.77344969,126.460497
충청남도,서산시,석림동,737-17,서산-어린이공원31,어린이공원,36.77143909,126.457192
충청남도,서산시,석림동,758-1,서산-근린공원8(미조성),근린공원,36.769933,126.460024
충청남도,서산시,성연면,오사리 1618,산단1-근린공원3,근린공원,36.845972,126.440484
충청남도,서산시,성연면,오사리 1620,산단1-근린공원4,근린공원,36.84481088,126.4410216
충청남도,서산시,성연면,오사리 1644,테크노-근린공원1,근린공원,36.83166953,126.449836
충청남도,서산시,성연면,오사리 1649,테크노-소공원5,소공원,36.828983,126.445688
충청남도,서산시,성연면,오사리 204-4,테크노-어린이공원4,어린이공원,36.828353,126.444843
충청남도,서산시,성연면,왕정리 605,테크노-소공원7,소공원,36.829904,126.457214
충청남도,서산시,성연면,왕정리 642,테크노-소공원6,소공원,36.830557,126.453464
충청남도,서산시,성연면,왕정리 711,테크노-근린공원2,근린공원,36.825324,126.452448
충청남도,서산시,성연면,일람리 1119,테크노-근린공원3,근린공원,36.822318,126.450303
충청남도,서산시,성연면,평리 40-2,비도시-어린이공원4(미조성),어린이공원,36.83736246,126.4645981
경상남도,창원시,의창구,봉림동 531,어린이공원172,어린이공원,35.254114,128.668875
경상남도,창원시,의창구,봉림동 699,빛고운 놀이터,어린이공원,35.252141,128.670914
경상남도,창원시,의창구,봉림동 791-19,어린이공원174,어린이공원,35.250947,128.664317
경상남도,창원시,의창구,명서동 25-2,어린이공원177,어린이공원,35.252279,128.641471
경상남도,창원시,의창구,북면 감계리 228,어린이공원194,어린이공원,35.302904,128.593025
경상남도,창원시,의창구,북면 감계리 278-1,소공원15,소공원,35.297255,128.593472
경상남도,창원시,의창구,북면 무동리 124-3,어린이공원196,어린이공원,35.317569,128.582194
경상남도,창원시,의창구,북면 감계리 231-6,어린이공원199,어린이공원,35.304503,128.599614
경상남도,창원시,의창구,북면 고암리 39-3,소공원28,소공원,35.308145,128.638322
경상남도,창원시,의창구,대산면 가술리 699-1,가술공원,근린공원,35.333417,128.698647
경상남도,창원시,의창구,명서동 111-4,어린이공원206,어린이공원,35.242765,128.641215
경상남도,창원시,의창구,명서동 111-3,어린이공원207,어린이공원,35.242526,128.641597
경상남도,창원시,의창구,대산면 일동리 840-2,어린이공원209,어린이공원,35.366469,128.693606
경상남도,창원시,의창구,대산면 일동리 843-1,소공원34,소공원,35.3670101284,128.693742
경상남도,창원시,의창구,대산면 대방리 529,소공원36,소공원,35.344225,128.693424
경상남도,창원시,의창구,대산면 대방리 526,소공원37,소공원,35.344224,128.692046
전북특별자치도,전주시,완산구,동서학동 860-2,산성 2,소공원,35.8078617,127.1571844
전북특별자치도,전주시,완산구,동서학동 산 157,산성공원,역사공원,35.7953531,127.1602416
전북특별자치도,전주시,완산구,동완산동 272-1,원각사,소공원,35.81141643,127.1428994
전북특별자치도,전주시,완산구,동완산동 산 121-1,완산공원,근린공원,35.80968239,127.1417695
전북특별자치도,전주시,완산구,삼천동1가 577,상산공원,어린이공원,35.80070049,127.1198769
전북특별자치도,전주시,완산구,삼천동1가 609,송정공원,어린이공원,35.79814472,127.1174232
전북특별자치도,전주시,완산구,삼천동1가 615-4,약수공원,어린이공원,35.79702585,127.1211804
전북특별자치도,전주시,완산구,삼천동1가 636,세내공원,어린이공원,35.7960636,127.124643
전북특별자치도,전주시,완산구,삼천동1가 659,그린공원,근린공원,35.79492105,127.1214675
전북특별자치도,전주시,완산구,삼천동1가 672-1,모퉁이공원,어린이공원,35.79372016,127.1181687
전북특별자치도,전주시,완산구,삼천동1가 707,거마공원,근린공원,35.7984286,127.1226567
전북특별자치도,전주시,완산구,삼천동1가 724-1,강변공원,근린공원,35.79913644,127.1109993
전북특별자치도,전주시,완산구,삼천동1가 732-5,곰솔나무길공원,문화공원,35.8003179,127.128379
전북특별자치도,전주시,완산구,삼천동1가 739,안행구획제1공원,어린이공원,35.8019499,127.1291837
전북특별자치도,전주시,완산구,삼천동1가 750-3,신안행로공원,어린이공원,35.799774,127.1314605
전북특별자치도,전주시,완산구,삼천동1가 765-1,삼천주공공원,어린이공원,35.794779,127.1114402
전북특별자치도,전주시,완산구,삼천동2가 43,함대공원,어린이공원,35.7947967,127.1070337
전북특별자치도,전주시,완산구,삼천동2가 78-3,효천공원,어린이공원,35.7954049,127.1049515
전북특별자치도,전주시,완산구,삼천동2가 산 82-1,삼천공원,근린공원,35.7847381,127.0935428
전북특별자치도,전주시,완산구,서서학동 102-2,불무 2,소공원,35.8048088,127.1465562
전북특별자치도,전주시,완산구,서서학동 358-14,재실구역,어린이공원,35.8021494,127.1482498
전북특별자치도,전주시,완산구,서서학동 369-3,불무 1,소공원,35.8042163,127.1466813
전북특별자치도,전주시,완산구,서서학동 산27-2,장승백이,소공원,35.8019409,127.1451674
전북특별자치도,전주시,완산구,남노송동 156-35,추심정 1,소공원,35.8188266,127.1548864
전북특별자치도,전주시,완산구,동서학동 314-1,학봉,소공원,35.8042205,127.1525704
전북특별자치도,전주시,완산구,동서학동 847-4,산성 1,소공원,35.8068432,127.1596261
경상남도,창원시,마산회원구,내서읍 중리 1124-1,중리체육공원,체육공원,35.244847,128.510194
경상남도,창원시,마산회원구,내서읍 삼계리 41,어린이공원64,어린이공원,35.227719,128.503191
경상남도,창원시,마산회원구,내서읍 삼계리 12,어린이공원65,어린이공원,35.233988,128.501188
경상남도,창원시,마산회원구,내서읍 삼계리 1,어린이공원66,어린이공원,35.237853,128.502725
경상남도,창원시,마산회원구,내서읍 삼계리 504-5,어린이공원75,어린이공원,35.231155,128.495101
경상남도,창원시,마산회원구,내서읍 삼계리 508-2,어린이공원76,어린이공원,35.230044,128.498632
경상남도,창원시,마산회원구,내서읍 삼계리 507-9,어린이공원77,어린이공원,35.227564,128.496537
경상남도,창원시,마산회원구,구암동 541,3.15공원,근린공원,35.252621,128.588086
경상남도,창원시,마산회원구,석전동 152-1,석전공원,근린공원,35.229771,128.569371
경상남도,창원시,마산회원구,양덕동 84-7,어린이공원184,어린이공원,35.224539,128.581474
경상남도,창원시,마산회원구,양덕동 84-2,어린이공원185,어린이공원,35.228822,128.582062
경상남도,창원시,마산회원구,석전동 298,소공원11,소공원,35.228939,128.569458
경상남도,창원시,마산회원구,석전동 302,소공원12,소공원,35.227921,128.569306
경상남도,창원시,마산회원구,석전동 306,소공원13,소공원,35.226992,128.570384
경상남도,창원시,마산회원구,석전동 310,소공원14,소공원,35.226809,128.571674
경상남도,창원시,마산회원구,회원동 321,어린이공원197,어린이공원,35.222907,128.5699895688
경상남도,창원시,마산회원구,회원동 597-8,소공원17,소공원,35.217431,128.564744
경상남도,창원시,마산회원구,회원동 477-10,소공원19,소공원,35.218574,128.567946
경상남도,창원시,마산회원구,회원동 214-19,소공원20,소공원,35.22310426,128.5703963
경상남도,창원시,마산회원구,내서읍 신감리 831,소공원29,소공원,35.196943,128.510048
경상남도,창원시,마산회원구,양덕동 412-8,양덕삼각지공원,근린공원,35.220507,128.588623
경상남도,창원시,마산회원구,합성동 358-1,어린이공원210,어린이공원,35.2461402006,128.588855
경상남도,창원시,마산회원구,석전동 240-3,어린이공원211,어린이공원,35.233073,128.574668
경상남도,창원시,마산회원구,내서읍 원계리 400-1,원계공원,근린공원,35.237496,128.505825
경상남도,창원시,마산회원구,내서읍 용담리 산67-3,소공원48,소공원,35.269523,128.499309
광주광역시,광산구,우산동,1590-1 (하남지구),서작,어린이공원,35.1590037,126.811121
광주광역시,광산구,신창동,855-22,풍영,어린이공원,35.18202662,126.8378881
광주광역시,광산구,고룡동,96-6,연동,어린이공원,35.2050711028,126.7786134998
광주광역시,광산구,고룡동,560-4,창암,어린이공원,35.20873873,126.7738383
광주광역시,광산구,도산동,1318,도산,어린이공원,35.13173758,126.7858744
광주광역시,광산구,월전동,1061,원두,근린공원,35.12046072,126.7768254
광주광역시,광산구,월전동,927,평동역,근린공원,35.12199293,126.764296
광주광역시,광산구,운남동,769-7 (운남지구),웃음꽃,어린이공원,35.17814574,126.818921
광주광역시,광산구,운남동,770-1 (운남지구),목련,어린이공원,35.17626492,126.8195567
광주광역시,광산구,운남동,771-4 (운남지구),꿈사랑,어린이공원,35.17781556,126.8221398
광주광역시,광산구,운남동,776-5 (운남지구),뭉게뭉게,어린이공원,35.17822307,126.8276327
광주광역시,광산구,운남동,777-4 (운남지구),여울빛,어린이공원,35.17669271,126.8279212
광주광역시,광산구,월계동,765-5,월계4,역사공원,35.21356307,126.8425376
광주광역시,광산구,신가동,1021-1,신가2,근린공원,35.184814,126.8413139
광주광역시,광산구,신가동,961-2(신가지구),가온,어린이공원,35.18575711,126.8319734
광주광역시,광산구,신가동,963-5(신가지구),신가,어린이공원,35.1826649,126.8278526
광주광역시,광산구,신가동,1004-6(신가지구),천사,어린이공원,35.18401509,126.8344846
광주광역시,광산구,신가동,1009(신가지구),선광,어린이공원,35.1829924635,126.8368847669
광주광역시,광산구,신창동,1108-2(신가지구),아람,어린이공원,35.18618214,126.8374221
광주광역시,광산구,신가동,981-1(신가지구),쉼목,어린이공원,35.187644375,126.8367679372
광주광역시,광산구,월곡동,"686-1, 684-1",제1풍영정,근린공원,35.1749867256,126.8121547867
광주광역시,광산구,운남동,"793-1, 780-1",제2풍영정,근린공원,35.1735408372,126.8137261517
광주광역시,광산구,월곡동,681-2,맑은샘,어린이공원,35.17877507,126.8106717
광주광역시,광산구,월곡동,685-2 (운남 2지구),야호숲,어린이공원,35.17336197,126.8107232
광주광역시,광산구,운남동,781-2 (운남 2지구),풍영정천,어린이공원,35.17791756,126.8141317
광주광역시,광산구,운남동,782-2 (운남 2지구),목련무지개,어린이공원,35.17782804,126.8160692
광주광역시,광산구,월곡동,520-1 (하남지구),다모아,어린이공원,35.17090964,126.8069498
광주광역시,광산구,월곡동,503 (하남지구),햇살,어린이공원,35.17400578,126.8068795
광주광역시,광산구,월곡동,608-1 (하남지구),월곡하늘,어린이공원,35.16724371,126.8101866
광주광역시,광산구,월곡동,575-10 (하남지구),월곡솔밭,어린이공원,35.16906865,126.8142918
광주광역시,광산구,비아동,667-1 (구획정리 9지구),빛뫼,어린이공원,35.22364542,126.8194476
광주광역시,광산구,비아동,695-1(구획정리 9지구),꽃밭등,어린이공원,35.22194514,126.8190402
광주광역시,광산구,비아동,689-3 (구획정리 9지구),조형,어린이공원,35.22077248,126.8173586
광주광역시,광산구,비아동,699-1 (구획정리 9지구),아산,어린이공원,35.22206078,126.8207994
광주광역시,광산구,비아동,710-1 (구획정리 9지구),비아,어린이공원,35.22109618,126.8222218
광주광역시,광산구,도산동,1287-5 (구획정리 10지구),도루메,어린이공원,35.1305658,126.7887934
광주광역시,광산구,도산동,1296-1 (구획정리 10지구),임방울,어린이공원,35.12833635,126.7896128
광주광역시,광산구,용동,669-1,용동,근린공원,35.1332539,126.7574347
광주광역시,광산구,장록동,751-1,월전,근린공원,35.13221129,126.7685877
광주광역시,광산구,옥동,1242-2,옥동1,근린공원,35.12584042,126.7610815
광주광역시,광산구,용동,684-1 (평동공단),용동,어린이공원,35.1332539,126.7574347
광주광역시,광산구,쌍암동,653-1,쌍암,근린공원,35.22222807,126.8442514
광주광역시,광산구,쌍암동,690,대상,근린공원,35.21990619,126.8473665
광주광역시,광산구,월계동,848-1,무양,근린공원,35.21089807,126.8398045
광주광역시,광산구,월계동,760-1,응암,근린공원,35.2168959353,126.8320336215
광주광역시,광산구,월계동,789-1 (첨단 1지구),도담,어린이공원,35.2099354,126.8345619288
광주광역시,광산구,월계동,815-1 (첨단 1지구),우리들,어린이공원,35.21255976,126.8376157
광주광역시,광산구,월계동,824-1,장고분,어린이공원,35.21288215,126.8409929
광주광역시,광산구,우산동,1572-4 (하남지구),어등,어린이공원,35.16489644,126.8082667
광주광역시,광산구,우산동,1602-1 (하남지구),수랑,어린이공원,35.1590717,126.8046111
경상북도,구미시,도량동,872,소공원12,소공원,36.1439961,128.3302699
전북특별자치도,익산시,함열읍,다송리 886-1,다송2공원(제4산단),소공원,36.03204459,126.955818
전북특별자치도,익산시,삼기면,오룡리 1108,누리공원,근린공원,36.03940234,126.9860273
전북특별자치도,익산시,삼기면,연동리 387-12,물결공원,근린공원,36.04217312,127.0034935
전북특별자치도,익산시,낭산면,용기리 1477,삼기공원,근린공원,36.0401401,126.9841866
전북특별자치도,익산시,삼기면,오룡리 266-5,새말공원,소공원,36.0253159,126.9865293
전북특별자치도,익산시,삼기면,오룡리 545-13,옛길공원,소공원,36.03771583,126.9912774
전북특별자치도,익산시,삼기면,오룡리 50-6,바람공원,소공원,36.0278733,126.9981681
전북특별자치도,익산시,낭산면,구평리 1519,두레공원,소공원,36.04822435,126.9981415
전북특별자치도,익산시,여산면,여산리 305-1,여산 숲정이 성지공원,역사공원,36.06177125,127.0835044
전북특별자치도,익산시,함열읍,와리 208-13,와리공원,소공원,36.07751423,126.9654647
전북특별자치도,익산시,함열읍,와리 154-7,돌숲공원,문화공원,36.07343819,126.9619405
전북특별자치도,익산시,부송동,216-161,제1호 수변공원,수변공원,35.960123,126.9970095
전북특별자치도,익산시,동산동,431,제2호 수변공원,수변공원,35.92649506,126.9632575
전북특별자치도,익산시,왕궁면,광암리 1409,근린공원1(국가식품클러스터),근린공원,35.97951727,127.0829077
전북특별자치도,익산시,왕궁면,광암리 1396,근린공원2(국가식품클러스터),근린공원,35.98539704,127.0850742
전북특별자치도,익산시,왕궁면,흥암리 510-2,소공원(국가식품클러스터),소공원,35.96830045,127.0892277
전북특별자치도,익산시,인화동2가,174-3,소공원(행복주택),소공원,35.92684521,126.9553346
전북특별자치도,익산시,왕궁면,광암리 1367,공원(왕궁농공단지),근린공원,35.9889484,127.0946397
전북특별자치도,익산시,왕궁면,왕궁리 887-5,근린공원3(국가식품클러스터),근린공원,35.97138646,127.0760032
전북특별자치도,익산시,용안면,동지산리 168,103호 공원(함열농공단지),근린공원,36.0899591,126.9601874
전북특별자치도,익산시,용안면,동지산리 144-1,104호 공원(함열농공단지),어린이공원,36.09201851,126.9631505
전북특별자치도,익산시,평화동,391-9,평화소공원1(무넘이지구),소공원,35.93312761,126.941149
전북특별자치도,익산시,평화동,391-9,평화소공원2(무넘이지구),소공원,35.93312761,126.941149
전북특별자치도,익산시,팔봉동,887,팔봉 제3공원(19호),근린공원,35.95628508,127.0177329
전북특별자치도,익산시,춘포면,신동리 703-1,팔봉제1공원(17호),근린공원,35.9507088,127.0159506
전북특별자치도,익산시,영등동,757-4,영등3차1호공원,어린이공원,35.9550155,126.9704958
전북특별자치도,익산시,어양동,695,어양3차1호공원,어린이공원,35.95925989,126.9842196
전북특별자치도,익산시,부송동,1079,부송3호 공원,근린공원,35.96244793,126.9871628
전북특별자치도,익산시,모현동1가,813,배산택지3호공원,근린공원,35.95286194,126.9390051
전북특별자치도,익산시,모현동2가,636,배산택지4호공원,근린공원,35.95632593,126.9382575
전북특별자치도,익산시,모현동2가,610,배산택지2호공원,근린공원,35.95907678,126.938783
전북특별자치도,익산시,모현동2가,580,배산택지1호공원,근린공원,35.95963525,126.9381973
전북특별자치도,익산시,모현동1가,874,배산택지6호공원,근린공원,35.95049382,126.9396808
전북특별자치도,익산시,모현동1가,863,배산택지5호공원,근린공원,35.95082476,126.9382529
전북특별자치도,익산시,모현동2가,582,배산택지1호공원,어린이공원,35.95935055,126.9383793
전북특별자치도,익산시,모현동2가,675,배산택지2호공원,어린이공원,35.95212683,126.9328206
전북특별자치도,익산시,모현동1가,853,배산택지3호공원,어린이공원,35.95097681,126.9395164
전북특별자치도,익산시,춘포면,쌍정리 649-7,1호공원 (왕궁온천),근린공원,35.92879914,127.0540029
전북특별자치도,익산시,왕궁면,온수리 603-1,2호공원 (왕궁온천),근린공원,35.92324097,127.0584636
전북특별자치도,익산시,춘포면,쌍정리 45-1,5호어린이공원 (왕궁온천),어린이공원,35.9229962,127.055745
전북특별자치도,익산시,왕궁면,온수리 594-7,2호어린이공원 (왕궁온천),어린이공원,35.925358,127.0582102
전북특별자치도,익산시,왕궁면,온수리 595-1,4호어린이공원 (왕궁온천),어린이공원,35.9247144,127.0577521
전북특별자치도,익산시,왕궁면,온수리 산46,3호어린이공원 (왕궁온천),어린이공원,35.92556722,127.0592827
전북특별자치도,익산시,왕궁면,온수리 130,1호어린이공원 (왕궁온천),어린이공원,35.9208928,127.0779121
전북특별자치도,익산시,석왕동,6-13,쌍릉공원,역사공원,35.9788581,127.0314937
전북특별자치도,익산시,함열읍,다송리 886-1,다송1공원(제4산단),근린공원,36.03204459,126.955818
경상북도,구미시,도량동,874,소공원11,소공원,36.1417526,128.3317927
경상북도,구미시,선산읍,이문리 799-6,단계공원,어린이공원,36.2359680556,128.2890448725
경상북도,구미시,고아읍,문성리 1553,문성지구 제1어린이공원,어린이공원,36.156234,128.3473305
경기도,양평군,용문면,마룡리 667-1,용문4호 어린이공원,어린이공원,37.49256049,127.5999707
경기도,김포시,운양동,1259-1,한강근린15,근린공원,37.65379397,126.692612
경기도,김포시,구래동,6874-18,한강근린2,근린공원,37.650647,126.6303504
경기도,김포시,구래동,6893-4,한강근린3,근린공원,37.63971883,126.6264526
경기도,김포시,구래동,637-11,한강근린4,근린공원,37.645349,126.621312
경기도,김포시,마산동,"634-1, 643-4",한강근린5,근린공원,37.64242826,126.6396941
경기도,김포시,마산동,641-1,한강근린6,근린공원,37.63996711,126.6414376
경기도,김포시,장기동,1888-15,한강근린7,근린공원,37.64117499,126.6589177
경기도,김포시,운양동,1304-3,한강근린8,근린공원,37.65440809,126.6757316
경기도,김포시,북변동,산5-1,북변근린공원(김포1호),근린공원,37.6305171,126.707063
경기도,김포시,하성면,석탄리 산109,하성근린공원(태산패밀리파크),근린공원,37.723421,126.629738
경기도,김포시,고촌읍,신곡리 1250,고촌근린공원(고촌11호),근린공원,37.59942793,126.7661085
경기도,수원시,권선구,서둔동 26-52,6호수변공원,수변공원,37.26240083,126.9915369
경기도,수원시,팔달구,고등동 42-140,팔달공원(장안공원+팔달공원+화서공원),근린공원,37.27823573,127.0101051
경기도,수원시,팔달구,인계동 1128,예술/효원공원,근린공원,37.25939225,127.0364507
경기도,수원시,팔달구,화서동 714,황새말공원,근린공원,37.286279,126.9811454
경기도,수원시,팔달구,화서동 410-6,서호꽃뫼공원,근린공원,37.28420801,126.9867613
경기도,수원시,팔달구,팔달로1가 6-1,종루공원,역사공원,37.28156226,127.0169524
경기도,수원시,팔달구,신풍동 221-8,3호역사공원,역사공원,37.28253808,127.0149731
경기도,수원시,영통구,매탄동 811,매탄,근린공원,37.26713341,127.0454804
경기도,수원시,영통구,매탄동 1210,매봉,근린공원,37.26961594,127.0550597
경기도,수원시,영통구,영통동 1054-4,청명,근린공원,37.26747912,127.0830811
경기도,수원시,영통구,영통동 948-2,황골,근린공원,37.26631944,127.0785929
경기도,수원시,영통구,영통동 1048-4,영통사,근린공원,37.25783542,127.0780384
경기도,수원시,영통구,영통동961-1,영통중앙,근린공원,37.25718685,127.0720587
강원특별자치도,춘천시,석사동,703,행복공원,어린이공원,37.861689,127.740293
경기도,양평군,용문면,다문리 240,다문 소공원 5,소공원,37.48057544,127.5951242
경기도,평택시,청북면,고잔리 1015-1,고잔7리 쉼터 마을쉼터,기타,37.038304,126.888793
경기도,평택시,오성면,교포리 52-6,교포1리 마을쉼터,기타,37.005897,127.002129
경기도,평택시,오성면,교포리 106-15,교포2리 마을쉼터,기타,37.008951,126.998124
경기도,평택시,오성면,교포리 108-17,교포3리 마을쉼터,기타,36.998716,126.998317
경기도,평택시,안중읍,금곡리 산119-1,금곡5리 쉼터,기타,36.995006,126.952739
경기도,평택시,오성면,길음리 81-1,길음1리 마을쉼터,기타,36.989066,126.963737
경기도,평택시,오성면,당거리 392-1,당거1리 마을쉼터,기타,36.987609,126.975933
경기도,평택시,오성면,숙성리 936-108,당거2리 마을쉼터,기타,36.994614,126.980216
경기도,평택시,오성면,당거리 9-2,당거3리 마을쉼터,기타,36.989333,127.006579
경기도,평택시,안중읍,대반리 17-3,대반1리 마을쉼터,기타,36.992125,126.949942
경기도,평택시,안중읍,대반리 208-8,대반2리 마을쉼터,기타,36.988675,126.95257
경기도,평택시,안중읍,대반리 503,대반3리 마을쉼터,기타,36.98449,126.952146
경기도,평택시,안중읍,대반리 409-4,대반6리 마을쉼터,기타,36.976822,126.943202
경기도,평택시,현덕면,덕목리 510-5,덕목3리 마을쉼터,기타,36.95236,126.956901
경기도,평택시,현덕면,덕목리 659-2,덕목4리 마을쉼터,기타,36.950413,126.95604
경기도,평택시,현덕면,덕목리 269,덕목5리 마을쉼터,기타,36.955062,126.965436
경기도,평택시,안중읍,안중리 280-3,따비쉼터,기타,36.988505,126.929101
경기도,평택시,안중읍,삼정리 75-4,삼정1리 마을쉼터,기타,36.966622,126.959255
경기도,평택시,오성면,숙성리 164,숙성1리 마을쉼터,기타,37.009159,126.981871
경기도,평택시,오성면,숙성리 622-24,숙성2리 마을쉼터,기타,37.002628,126.976534
경기도,용인시,처인구,백암면 근곡리 962,제일바이오 2호 소공원,소공원,37.17821692,127.3694099992
경기도,용인시,처인구,백암면 근창리 101-8 일원,백암소공원,소공원,37.16344789,127.3692366
경기도,용인시,처인구,역북동 385-5,소공원(제63호 새터말공원 옆),소공원,37.23892805,127.1915507
경기도,용인시,처인구,역북동 386-3,소공원(굿모닝빌 옆),소공원,37.23871671,127.1926468
경기도,용인시,처인구,역북동 430-14,역북소공원29호,소공원,37.23745663,127.194019
경기도,용인시,처인구,역북동 430-17 일원,역북소공원 30호,소공원,37.2374639,127.1946314
경기도,용인시,처인구,역북동 725-2 일원,소공원(제83호 벌터공원 옆),소공원,37.23430875,127.1904651
경기도,용인시,수지구,죽전동 1212 일원,대지산근린공원,근린공원,37.33043386,127.1186264
경기도,용인시,수지구,죽전동 1180,무지개근린공원,근린공원,37.33272621,127.1238583
경기도,용인시,수지구,신봉동 913,홍천말근린공원,근린공원,37.32192043,127.0782464
경기도,용인시,수지구,신봉동 877,수지생태공원,근린공원,37.32414401,127.0858969
경기도,용인시,수지구,신봉동 980 일원,도마치(신봉)공원,근린공원,37.32709966,127.0623948
경기도,용인시,수지구,신봉동 218-7,제80호 근린공원(신봉 힐링 공원),근린공원,37.33136502,127.0677977
경기도,용인시,수지구,성복동 773,토끼구름 근린공원(제76호),근린공원,37.31515706,127.0702089
경기도,용인시,수지구,성복동 735,신봉근린공원,근린공원,37.3184368,127.081607
경기도,용인시,수지구,상현동 1198,소실봉근린공원,근린공원,37.30765137,127.092408
경기도,용인시,수지구,상현동 57-1,상현근린공원,근린공원,37.31186204,127.0871219
경기도,용인시,수지구,상현동 37 일원,만현근린공원,근린공원,37.31064549,127.0899222
경기도,용인시,수지구,상현동 1151,서봉숲속공원,근린공원,37.29803997,127.0824677
경기도,용인시,수지구,상현동 1139,정암수목공원,근린공원,37.29763597,127.0774432
경기도,용인시,수지구,상현동 1104,절골근린공원,근린공원,37.31014855,127.0746268
경기도,용인시,수지구,동천동 927,수진근린공원,근린공원,37.33409662,127.0862523
세종특별자치시,다정동,955,,새글문화공원,문화공원,36.49314988,127.241282
세종특별자치시,다정동,942,,문화-다정동 942,문화공원,36.49484068,127.2485742
세종특별자치시,다정동,935,,문화-다정동 935,문화공원,36.49486886,127.2492715
세종특별자치시,보람동,773,,문3-2,문화공원,36.48014204,127.2931118
세종특별자치시,보람동,734,,문3-3,문화공원,36.4765739,127.2846971
세종특별자치시,집현동,1102,,집현문화공원,문화공원,36.49465632,127.3280523
세종특별자치시,집현동,1109,,사려울문화공원,문화공원,36.49412115,127.3287125
울산광역시,중구,복산동,295-1,새라공원,어린이공원,35.56800177,129.3287728
울산광역시,중구,유곡동,472-3,유곡공원,어린이공원,35.55951719,129.2947471
울산광역시,중구,약사동,884,부평공원,어린이공원,35.57202416,129.334168
울산광역시,중구,약사동,800-11,약사2 일단지 제1공원,어린이공원,35.57044571,129.335451
울산광역시,중구,학성동,196-1,학성소공원,기타,35.555858,129.3375284
울산광역시,중구,교동,402-1,한결공원,기타,35.558585,129.315861
울산광역시,중구,성안동,761,숯못생태공원,기타,35.578974,129.3133923
울산광역시,중구,반구동,452-1,반구정공원,기타,35.558774,129.345047
울산광역시,중구,학산동,18-1,학산공원,기타,35.552585,129.330169
울산광역시,중구,태화동,27-1,화진공원,기타,35.555843,129.305191
전라남도,담양군,금성면,금성리 501-1,공원-114,수변공원,35.3698357964,127.0416240502
전라남도,담양군,담양읍,지침리 84-6,공원-115,어린이공원,35.3177937377,126.984395575
전라남도,담양군,담양읍,가산리 983,공원-116,어린이공원,35.3110046207,126.9549877291
전라남도,담양군,담양읍,가산리 620-6,공원-117,어린이공원,35.3328020575,126.9475868223
전라남도,담양군,담양읍,가산리 498-7,공원-118,어린이공원,35.3186325931,126.9489092888
전라남도,담양군,담양읍,가산리 480-1,공원-119,어린이공원,35.321326182,126.9474887144
전라남도,담양군,담양읍,가산리 470-5,공원-120,어린이공원,35.3247800505,126.9421584306
전라남도,담양군,수북면,주평리 822-3,공원-121,어린이공원,35.3136538482,126.9345864367
전라남도,담양군,수북면,주평리 822-7,공원-122,어린이공원,35.3135614616,126.9355620972
전라남도,담양군,수북면,주평리 703-1,공원-123,어린이공원,35.3124086704,126.9383181335
전라남도,담양군,창평면,유천리 산 2-1,공원-124,역사공원,35.22205824,127.0212461732
전라남도,담양군,담양읍,삼만리 1239,공원-125,체육공원,35.3460360638,127.0095369538
전라남도,담양군,대덕면,매산리 산 32-1,공원-126,소공원,35.2523952609,127.0304020056
전라남도,담양군,대덕면,매산리 246,공원-127,소공원,35.2520802061,127.0283178996
전라남도,담양군,대덕면,매산리 산 32-1,공원-128,소공원,35.2523952609,127.0304020056
전라남도,담양군,대덕면,매산리 산 29-1,공원-129,소공원,35.2532129089,127.0314026681
전라남도,담양군,대덕면,매산리 산 29-1,공원-130,소공원,35.2532129089,127.0314026681
전라남도,담양군,대덕면,매산리 산 28-1,공원-131,소공원,35.2515616782,127.0326573893
전라남도,담양군,대덕면,매산리 산 21-1,공원-132,소공원,35.2530512056,127.0326404228
경상북도,구미시,고아읍,문성리 1147,지내공원,어린이공원,36.161506782,128.3445666518
전라남도,담양군,금성면,금성리 483-3,공원-85,소공원,35.3715316853,127.0408996827
전라남도,담양군,담양읍,지침리 175-1,공원-86,소공원,35.3196314066,126.9832365509
전라남도,담양군,담양읍,가산리 505-6,공원-87,소공원,35.3174461437,126.9498778856
전라남도,담양군,담양읍,가산리 505-6,공원-88,소공원,35.3174461437,126.9498778856
전라남도,담양군,봉산면,연동리 562,공원-89,소공원,35.2595474394,126.9615572493
전라남도,담양군,담양읍,양각리 164-1,공원-90,소공원,35.3201844312,126.9770700402
전라남도,담양군,봉산면,연동리 413-5,공원-91,소공원,35.2639214474,126.9589062685
전라남도,담양군,봉산면,연동리 376-3,공원-92,소공원,35.2652736325,126.9611005129
전라남도,담양군,대전면,응용리 283-3,공원-93,소공원,35.2486619396,126.8803476493
전라남도,담양군,대전면,병풍리 산 54-1,공원-94,소공원,35.2887301805,126.8960779164
전라남도,담양군,대전면,병풍리 산 79,공원-95,소공원,35.2854578409,126.8929819994
전라남도,담양군,대전면,중옥리 489,공원-96,소공원,35.2614007149,126.8851774344
전라남도,담양군,대전면,강의리 60-16,공원-97,소공원,35.265742498,126.9064767779
전라남도,담양군,대전면,월본리 498,공원-98,소공원,35.2754630362,126.8969110063
전라남도,담양군,대전면,월본리 798,공원-99,소공원,35.2717799449,126.9007498567
전라남도,담양군,대전면,월본리 339,공원-100,소공원,35.2736110947,126.9025491246
전라남도,담양군,대전면,월본리 553,공원-101,소공원,35.276035153,126.9014240733
전라남도,담양군,대전면,갑향리 494-1,공원-102,소공원,35.276485786,126.9117035014
전라남도,담양군,대전면,성산리 142,공원-103,소공원,35.2855589221,126.9169140476
전라남도,담양군,대전면,행성리 산 12-17,공원-104,소공원,35.2915972648,126.9152049068
전라남도,담양군,대전면,행성리 산 20-2,공원-105,소공원,35.2929091955,126.9131649809
전라남도,담양군,대전면,행성리 523-1,공원-106,소공원,35.2941162655,126.9115894434
전라남도,담양군,대전면,성산리 191,공원-107,소공원,35.287909817,126.9169958475
전라남도,담양군,대전면,강의리 53-9,공원-108,소공원,35.2666622781,126.9025322422
전라남도,담양군,대전면,응용리 243-10,공원-109,소공원,35.2505388224,126.8811819506
전라남도,담양군,대전면,중옥리 448,공원-110,소공원,35.261411604,126.8830225473
전라남도,담양군,대전면,태목리 361-8,공원-111,소공원,35.2601584937,126.8976284295
전라남도,담양군,대전면,성산리 438-7,공원-112,소공원,35.2814981707,126.9188756615
전라남도,담양군,금성면,원율리 344-6,공원-112,소공원,35.3580759998,127.0281106382
전라남도,담양군,고서면,보촌리 136-1,공원-113,수변공원,35.2218038245,126.9643005471
전라남도,담양군,창평면,해곡리 231-5,공원-55,소공원,35.2466898377,126.9778914928
전라남도,담양군,창평면,해곡리 489-1,공원-56,소공원,35.2490146637,126.9704848389
전라남도,담양군,가사문학면,가암리 170-9,공원-57,소공원,35.1531817864,127.0544258328
전라남도,담양군,가사문학면,가암리 산 148-1,공원-58,소공원,35.156102891,127.0535851631
전라남도,담양군,가사문학면,경상리 308-1,공원-59,소공원,35.1615729454,127.0417457221
전라남도,담양군,가사문학면,무동리 145-1,공원-60,소공원,35.1388855309,127.0468446242
전라남도,담양군,가사문학면,무동리 330-2,공원-61,소공원,35.1381155983,127.0443358472
전라남도,담양군,가사문학면,무동리 333-2,공원-62,소공원,35.1376135054,127.0439467604
전라남도,담양군,가사문학면,연천리 302-1,공원-63,소공원,35.1773161849,127.0206285605
전라남도,담양군,가사문학면,정곡리 335-1,공원-64,소공원,35.1646836945,127.0302170398
전라남도,담양군,가사문학면,정곡리 600-3,공원-65,소공원,35.1647665252,127.0351508484
전라남도,담양군,가사문학면,지곡리 315-3,공원-66,소공원,35.1879423212,127.0038752445
전라남도,담양군,대전면,대치리 1043-162,공원-67,소공원,35.2756218579,126.8814489819
전라남도,담양군,대전면,병풍리 132-3,공원-68,소공원,35.282758367,126.9004521946
전라남도,담양군,대전면,서옥리 828-11,공원-69,소공원,35.2593010745,126.8772152218
전라남도,담양군,대전면,응용리 254-14,공원-70,소공원,35.2510094158,126.8862483684
전라남도,담양군,대전면,태목리 488-2,공원-71,소공원,35.2601310107,126.889870999
전라남도,담양군,대전면,평장리 243-1,공원-72,소공원,35.2894943343,126.8779210466
전라남도,담양군,대전면,평장리 산 40-1,공원-73,소공원,35.2921257152,126.8820962119
전라남도,담양군,대전면,평장리 산 52-1,공원-74,소공원,35.2834883407,126.8802576899
전라남도,담양군,대전면,갑향리 663-1,공원-75,소공원,35.2804492709,126.9076056667
전라남도,담양군,봉산면,기곡리 317-8,공원-76,소공원,35.2680894548,126.9700139356
전라남도,담양군,봉산면,양지리 429-1,공원-77,소공원,35.2528944531,126.944367611
전라남도,담양군,수북면,오정리 519-20,공원-78,소공원,35.2951630587,126.9182033858
전라남도,담양군,창평면,오강리 13-10,공원-79,소공원,35.2240239931,127.008808555
전라남도,담양군,창평면,오강리 142,공원-80,소공원,35.2201973847,127.0071218942
전라남도,담양군,창평면,오강리 507-23,공원-81,소공원,35.2247651701,127.004350861
전라남도,담양군,창평면,유곡리 28-1,공원-82,소공원,35.2431413455,126.9954676536
전라남도,담양군,창평면,의항리 481-1,공원-83,소공원,35.2345477767,126.9974442513
전라남도,담양군,금성면,금성리 719,공원-84,소공원,35.3632214699,127.0417319057
전라남도,담양군,고서면,산덕리 282,공원-25,소공원,35.2240555533,126.9953476668
전라남도,담양군,고서면,산덕리 545-5,공원-26,소공원,35.2196434882,126.9951969145
전라남도,담양군,고서면,성월리 179-3,공원-27,소공원,35.2108596071,126.9792274909
전라남도,담양군,고서면,성월리 345-5,공원-28,소공원,35.2213809954,126.9668512059
전라남도,담양군,고서면,성월리 810-13,공원-29,소공원,35.2133274601,126.9721104081
전라남도,담양군,고서면,성월리 817-1,공원-30,소공원,35.2145845764,126.9708426943
전라남도,담양군,고서면,성월리 산 10,공원-31,소공원,35.2116026577,126.9764469517
전라남도,담양군,고서면,원강리 741-3,공원-32,소공원,35.2394447413,126.9433393234
전라남도,담양군,고서면,주산리 222-1,공원-33,소공원,35.2321358014,126.9578574616
전라남도,담양군,고서면,주산리 32-10,공원-34,소공원,35.2378872552,126.9582261432
전라남도,담양군,고서면,주산리 36-4,공원-35,소공원,35.2412546301,126.96075251
전라남도,담양군,고서면,주산리 산 12-3,공원-36,소공원,35.2328226701,126.9544874601
전라남도,담양군,봉산면,유산리 275,공원-37,소공원,35.2565570722,126.959432485
전라남도,담양군,봉산면,유산리 323-1,공원-38,소공원,35.2584224215,126.9595231404
전라남도,담양군,봉산면,삼지리 486-2,공원-39,소공원,35.2686182917,126.9378083325
전라남도,담양군,봉산면,삼지리 69-19,공원-40,소공원,35.2675211352,126.9422442591
전라남도,담양군,수북면,개동리 618-2,공원-41,소공원,35.2814991679,126.9385091258
전라남도,담양군,수북면,개동리 631-4,공원-42,소공원,35.282150382,126.9420644111
전라남도,담양군,수북면,고성리 600,공원-43,소공원,35.2850698466,126.9213913399
전라남도,담양군,수북면,고성리 658,공원-44,소공원,35.2834267664,126.9234582585
전라남도,담양군,수북면,오정리 745,공원-45,소공원,35.29774458,126.9082366267
전라남도,담양군,수북면,오정리 산 61-13,공원-46,소공원,35.2988494814,126.9122907195
전라남도,담양군,수북면,정중리 224-17,공원-47,소공원,35.2759704189,126.9301675635
전라남도,담양군,수북면,황금리 364-6,공원-48,소공원,35.2617944808,126.924560104
전라남도,담양군,수북면,황금리 634-1,공원-49,소공원,35.264620425,126.9257440384
전라남도,담양군,수북면,황금리 77,공원-50,소공원,35.269932733,126.9223884314
전라남도,담양군,수북면,정중리 219-24,공원-51,소공원,35.2734413732,126.9265443375
전라남도,담양군,창평면,유곡리 972,공원-52,소공원,35.2456357446,126.9870546699
전라남도,담양군,창평면,일산리 142,공원-53,소공원,35.2358052539,126.9938172886
전라남도,담양군,창평면,일산리 211-3,공원-54,소공원,35.2367458228,126.9889287998
경상남도,사천시,서금동,101-1,노산공원,근린공원,34.92489767,128.0743657
경상남도,사천시,서동,353,청널공원,근린공원,34.92727208,128.0646689
경상남도,사천시,동금동,236,통창공원,근린공원,34.92956537,128.0806035
경상남도,사천시,송포동,산164-6,모충공원,근린공원,34.96865969,128.0476578
경상남도,사천시,정동면,예수리 420,항공우주테마공원,문화공원,35.06929058,128.085655
전라남도,담양군,담양읍,백동리 255-3,공원-1,근린공원,35.3121223518,126.9832436493
전라남도,담양군,담양읍,향교리 산 62,공원-2,근린공원,35.32540542,126.9827118547
전라남도,담양군,담양읍,남산리 산 2-1,공원-3,근린공원,35.3169740413,126.9963491663
전라남도,담양군,대전면,평장리 산 12-1,공원-4,근린공원,35.3025481676,126.8778482481
전라남도,담양군,담양읍,삼만리 1029-3,공원-5,근린공원,35.3418505638,127.0015799236
전라남도,담양군,수북면,주평리 산 11,공원-6,근린공원,35.3142762454,126.9432362559
전라남도,담양군,무정면,오룡리 산 29,공원-7,묘지공원,35.2965110021,127.0168109138
전라남도,담양군,담양읍,객사리 211-25,공원-8,소공원,35.323596488,126.9833549486
전라남도,담양군,고서면,고읍리 625,공원-9,소공원,35.2054281005,126.9940438242
전라남도,담양군,고서면,교산리 304-4,공원-10,소공원,35.2208043467,126.9841419526
전라남도,담양군,고서면,교산리 361,공원-11,소공원,35.2159196736,126.9833139149
전라남도,담양군,고서면,교산리 403-40,공원-12,소공원,35.2144518883,126.9837956025
전라남도,담양군,고서면,교산리 산 4-2,공원-13,소공원,35.2228310539,126.9871850557
전라남도,담양군,고서면,금현리 산 116-1,공원-14,소공원,35.2026703534,126.9737546708
전라남도,담양군,고서면,금현리 산 164,공원-15,소공원,35.2063600587,126.9757318424
전라남도,담양군,고서면,동운리 26-4,공원-16,소공원,35.2299067585,126.9904669235
전라남도,담양군,고서면,동운리 271-7,공원-17,소공원,35.2367687873,126.9742435261
전라남도,담양군,고서면,동운리 288-19,공원-18,소공원,35.2354322322,126.9738929327
전라남도,담양군,고서면,보촌리 165-1,공원-19,소공원,35.2216284445,126.9631784453
전라남도,담양군,고서면,보촌리 538-2,공원-20,소공원,35.2194821988,126.9588883384
전라남도,담양군,고서면,보촌리 602-4,공원-21,소공원,35.2196914903,126.962883073
전라남도,담양군,고서면,보촌리 산 2,공원-22,소공원,35.219941497,126.9659391049
전라남도,담양군,고서면,산덕리 163-1,공원-23,소공원,35.2299635777,126.9951882811
전라남도,담양군,고서면,산덕리 32-1,공원-24,소공원,35.2315508487,126.9979651821
경상남도,사천시,정동면,예수리 550-10,반룡공원,근린공원,35.07204798,128.082786
경상남도,사천시,사남면,방지리 678,방지공원,근린공원,35.06302774,128.0515305
경상남도,사천시,용현면,덕곡리 567,용현택지근린1공원,근린공원,35.0045335931,128.0624254305
경상남도,사천시,용현면,송지리 1264,용현택지근린2공원,근린공원,35.00907281,128.0591944
경상남도,사천시,선구동,26-1,망산공원,근린공원,34.93136963,128.0733074
경상북도,구미시,고아읍,이례리 442,이리공원,소공원,36.2077778099,128.3253889683
전북특별자치도,익산시,금강동,535,수도산공원,근린공원,35.9342824,126.9770166
전북특별자치도,익산시,마동,134-3,마동공원,근린공원,35.94123279,126.967189
전북특별자치도,익산시,부송동,1042,부송2호,근린공원,35.9549268,126.9916765
전북특별자치도,익산시,부송동,1058-4,부송1호,근린공원,35.9547209,126.9961655
전북특별자치도,익산시,부송동,1033-3,부송지구공원,어린이공원,35.9586361,126.9894991
전북특별자치도,익산시,영등동,528-4,소라공원,근린공원,35.95212309,126.9645889
전북특별자치도,익산시,어양동,52,신흥공원,근린공원,35.94973086,126.9861275
전북특별자치도,익산시,영등동,814,영등시민공원,근린공원,35.96291592,126.9777362
전북특별자치도,익산시,어양동,481-1,어양공원,근린공원,35.95627579,126.9835102
전북특별자치도,익산시,영등동,853-5,영등2차2호공원,어린이공원,35.96025162,126.9805651
전북특별자치도,익산시,영등동,811-2,영등2차1호공원,어린이공원,35.9623753,126.973332
전북특별자치도,익산시,어양동,657-1,영등2차4호공원,어린이공원,35.9578082,126.9822908
전북특별자치도,익산시,어양동,631-1,영등2차3호공원,어린이공원,35.9616426,126.9819277
전북특별자치도,익산시,어양동,645-2,영등2차5호공원,어린이공원,35.95611064,126.979232
전북특별자치도,익산시,영등동,769,영등3차1호공원,근린공원,35.95645305,126.9742031
전북특별자치도,익산시,부송동,1111-4,부송3차공원,어린이공원,35.9617411,126.9915658
전북특별자치도,익산시,팔봉동,850,팔봉 제2공원(18호),근린공원,35.96176079,127.0045826
경상북도,경주시,안강읍,산대리 2382-5,나무어린이공원,어린이공원,36.003868,129.1987282
경상북도,경주시,안강읍,산대리 2399-2,열매어린이공원,어린이공원,36.00135002,129.1973804
경상북도,경주시,안강읍,산대리 2404-4,꽃밭어린이공원,어린이공원,36.001734,129.1945256
경상북도,경주시,건천읍,건천리 177-45,단석어린이공원,어린이공원,35.85245676,129.1052549
경상북도,경주시,시래동,1004,두림어린이공원,어린이공원,35.774167,129.308641
경상북도,경주시,건천읍,건천리 628,동심어린이공원,어린이공원,35.84692712,129.109081
경상북도,경주시,진현동,88,불국공원,근린공원,35.78708664,129.330037
경상북도,경주시,충효동,1-3,흥무공원,근린공원,35.84539602,129.1951202
경상북도,경주시,구황동,883-44,분황사지구공원,근린공원,35.84014882,129.2384489
경상북도,경주시,황성동,1164,현진어린이공원,어린이공원,35.883463,129.2197148
경상북도,경주시,구황동,2-4,신라왕경숲공원,문화공원,35.840791,129.2473168
경상북도,경주시,산내면,외칠리 14-15,외칠공원,수변공원,35.757105,129.0410778
경상북도,경주시,구황동,883-14,화랑공원,소공원,35.84357428,129.229269
경상북도,경주시,황성동,1073-6,황성2공원,소공원,35.871815,129.2148807
경상북도,경주시,황성동,1074-3,황성1공원,소공원,35.872593,129.2138095
경상북도,경주시,황성동,1241,1호어린이공원,어린이공원,35.8837543,129.2229952
경상북도,경주시,용강동,1504,2호어린이공원,어린이공원,35.88189002,129.2263997
경상북도,경주시,용강동,1672,3호어린이공원,어린이공원,35.8825826,129.230054
경상북도,경주시,용강동,1610,근린공원(용황휴포레),근린공원,35.8857335,129.2268798
경상북도,경주시,외동읍,모화리 1852,계동공원,근린공원,35.675639,129.332312
경상북도,경주시,안강읍,산대리 1956-10,칠평어린이공원,어린이공원,35.988881,129.2175641
경상북도,경주시,황성동,280-1,용황어린이공원,어린이공원,35.867166,129.218557
경상북도,경주시,용강동,1318-1,토용 어린이공원,어린이공원,35.863961,129.224096
경상북도,경주시,용강동,1333-1,용강고분공원,어린이공원,35.861339,129.224613
경상북도,경주시,용강동,1342-1,소금강어린이공원,어린이공원,35.860675,129.225871
경상북도,경주시,용강동,1350,대신어린이공원,어린이공원,35.861483,129.222049
경상북도,경주시,동천동,875-1,탈해어린이공원,어린이공원,35.85133755,129.2293943
경상북도,경주시,동천동,909,월성어린이공원,어린이공원,35.8498132,129.2297176
경상북도,경주시,동천동,916,금강어린이공원,어린이공원,35.8473858,129.2299065
경상북도,경주시,동천동,940,동원어린이공원,어린이공원,35.84588436,129.235519
경상북도,경주시,동천동,951,경동어린이공원,어린이공원,35.845591,129.233293
경상북도,경주시,현곡면,금장리 640-4,안현어린이공원,어린이공원,35.864243,129.201618
경상북도,경주시,현곡면,금장리 384-38,금장어린이공원,어린이공원,35.871652,129.202739
경상북도,경주시,황성동,477-5,황성어린이공원,어린이공원,35.8641579,129.215224
경상북도,경주시,충효동,2934,원당어린이공원,어린이공원,35.845827,129.176353
경상북도,경주시,충효동,2955,중앙어린이공원,어린이공원,35.845132,129.180885
경상북도,경주시,충효동,2968-2,충효어린이공원,어린이공원,35.844376,129.184052
경상북도,경주시,충효동,2999,현대어린이공원,어린이공원,35.84291348,129.187289
경상북도,경주시,충효동,3018,송화어린이공원,어린이공원,35.841031,129.189542
경상북도,경주시,양남면,나아리 958,나아공원,근린공원,35.70434323,129.4673456
경상북도,경주시,용강동,1282,용강어린이공원,어린이공원,35.88029086,129.231165
경상북도,경주시,용강동,1292-1,승삼어린이공원,어린이공원,35.87488057,129.2291158
경상북도,경주시,황성동,1070,형산강체육공원,체육공원,35.87794574,129.2205548
경상북도,경주시,시래동,1012,시래어린이공원,어린이공원,35.7722968,129.304814
경상북도,경주시,시래동,1083,구매어린이공원,어린이공원,35.771983,129.310281
경상북도,경주시,시래동,1107,영불어린이공원,어린이공원,35.7701618,129.308068
경상북도,경주시,안강읍,산대리 2379-2,새싹어린이공원,어린이공원,36.0042856,129.195667
경상북도,구미시,산동읍,신당리 2017,우항공원,근린공원,36.1529375,128.4316389
부산광역시,남구,문현동,1228-6,금융지구공원,문화공원,35.14654068,129.0644345
부산광역시,남구,감만동,463-1,감만당집마루 소공원,소공원,35.112918,129.080413
부산광역시,남구,용당동,24-2,무제등소공원,소공원,35.107143,129.104494
부산광역시,남구,대연동,1808-4,대연숲속소공원,소공원,35.137536,129.106734
부산광역시,남구,용호동,372-24,오솔소공원,소공원,35.120114,129.113082
부산광역시,남구,대연동,1046,소공원,소공원,35.129499,129.090434
부산광역시,남구,대연동,919-36,소공원,소공원,35.129533,129.0882899
부산광역시,남구,문현동,426-81,소공원,소공원,35.141583,129.069574
부산광역시,남구,대연동,1871,대연어린이공원,어린이공원,35.1371365,129.0796813
부산광역시,남구,대연동,1892,석포어린이공원,어린이공원,35.125859,129.0912389
부산광역시,남구,대연동,1896,초록어린이공원,어린이공원,35.12197316,129.0897906
부산광역시,남구,대연동,1898,대연6구역 소공원,소공원,35.12167453,129.0902971
부산광역시,남구,문현동,555-53,소공원,소공원,35.1445922,129.0715832
부산광역시,남구,문현동,758-11,문현IFC소공원1,소공원,35.143206,129.0640192
부산광역시,남구,문현동,786-32,문현IFC소공원2,소공원,35.14225619,129.0646803
부산광역시,남구,우암동,209-34,소공원,소공원,35.129139,129.071771
부산광역시,남구,우암동,129-56,소공원,소공원,35.12708417,129.0748972819
부산광역시,남구,우암동,110-5,우암1공원,어린이공원,35.12841827,129.0790723
부산광역시,남구,대연동,산166-6,공원,어린이공원,35.132607,129.083827
경상북도,경주시,노서동,129-20,노서 어린이공원,어린이공원,35.842019,129.206267
경상북도,경주시,진현동,651-11,불국소공원,어린이공원,35.78475067,129.3264839
경상북도,경주시,황성동,산1-1,황성공원,근린공원,35.85766728,129.2131344
경상북도,경주시,성건동626-16,,금성어린이공원,어린이공원,35.85435909,129.208446
경상북도,경주시,성건동639,,동문어린이공원,어린이공원,35.853381,129.213822
경상북도,경주시,동천동808-3,,보우 어린이공원,어린이공원,35.85438377,129.226335
경상북도,경주시,성건동716,,성건어린이공원,어린이공원,35.8509109,129.206071
경상북도,경주시,동천동798,,대안어린이공원,어린이공원,35.854143,129.2226219
경상북도,경주시,동천동770-3,,양정어린이공원,어린이공원,35.85719402,129.224728
경상북도,경주시,성건동692,,한빛어린이공원,어린이공원,35.853713,129.204216
서울특별시,영등포구,신길동,243-58,신길9구역 근린공원,근린공원,37.503954,126.9145992
서울특별시,영등포구,당산동5가,4-13,상아현대어린이공원,어린이공원,37.5300310535,126.9015928605
서울특별시,영등포구,대림동,1127-6,대림3주택어린이공원,어린이공원,37.494598,126.9081926161
서울특별시,영등포구,신길동,3126,신길8구역소공원,소공원,37.502528,126.912451
서울특별시,영등포구,신길동,3403,신길9구역소공원,소공원,37.502802,126.911686
서울특별시,영등포구,신길동,336-317,신길12구역소공원,소공원,37.504178,126.9067851
대구광역시,달서구,갈산동,산51-4,갈산근린공원,근린공원,35.83987211,128.5041448
대구광역시,달서구,호산동,349,강창근린공원,근린공원,35.85002518,128.4788716
대구광역시,달서구,호림동,13-11,성서아울렛근린공원,근린공원,35.83704876,128.4882971
대구광역시,달서구,대곡동,410,대곡근린공원,근린공원,35.80702352,128.5280624
대구광역시,달서구,대곡동,1088,한실근린공원,근린공원,35.80291546,128.5315768
대구광역시,달서구,도원동,1454,도원공원,근린공원,35.8062601,128.5435924
대구광역시,달서구,월성동,611-2,마을마당근린공원,근린공원,35.82455397,128.5268909
대구광역시,달서구,본리동,1205,무지개근린공원,근린공원,35.84084535,128.5292391
대구광역시,달서구,이곡동,1165,배실근린공원,근린공원,35.86047099,128.5011242
대구광역시,달서구,이곡동,산18-3,배실웨딩근린공원,근린공원,35.8626906,128.5048587
대구광역시,달서구,이곡동,1327,불미골근린공원,근린공원,35.86066879,128.5091644
대구광역시,달서구,호림동,1-6,상호림근린공원,근린공원,35.83872191,128.4796687
대구광역시,달서구,월암동,431,선돌근린공원,근린공원,35.82370008,128.5181108
대구광역시,달서구,용산동,505-2,선원근린공원,근린공원,35.85951129,128.5149226
대구광역시,달서구,송현동,산106-21,송현근린공원,근린공원,35.83328216,128.5557836
대구광역시,달서구,도원동,886-1,수밭근린공원,근린공원,35.79880604,128.548286
대구광역시,달서구,이곡동,1191-2,와룡아랫근린공원,근린공원,35.85575471,128.5007758
경상북도,구미시,인의동,274-4,비둘기공원,어린이공원,36.1118020748,128.4269602495
경상북도,구미시,고아읍,이례리 320-2,이례공원,어린이공원,36.2083116449,128.3292057785
경상북도,구미시,선산읍,교리 1194,향교공원,어린이공원,36.2505658605,128.3044696235
경상북도,구미시,도량동,862-5,문장골공원,어린이공원,36.1484435939,128.3313533451
경상북도,구미시,거의동,610-2,매화공원,어린이공원,36.1387556499,128.412092823
경상북도,구미시,옥계동,629-1,3-1-공원,어린이공원,36.1390561458,128.4144688259
경상북도,구미시,고아읍,문성리 56-11,연화공원,어린이공원,36.1606685324,128.3506092156
전북특별자치도,군산시,나운동,869-7,부곡로 공원,어린이공원,35.957172,126.687984
전북특별자치도,군산시,나운동,866-2,현충로 공원,어린이공원,35.960594,126.6885726
전북특별자치도,군산시,나운동,856-4,부곡3길 공원,어린이공원,35.961141,126.690801
전북특별자치도,군산시,나운동,850-1,부곡5길 공원,어린이공원,35.963248,126.689857
전북특별자치도,군산시,나운동,804-9,상나운2길 공원,어린이공원,35.963819,126.692608
전북특별자치도,군산시,나운동,841-4,하나운안2길 공원,어린이공원,35.963314,126.6949989
전북특별자치도,군산시,나운동,791-5,신설4길 공원,어린이공원,35.96621349,126.694077
전북특별자치도,군산시,나운동,781-1,신설1길 공원,어린이공원,35.968911,126.695862
전북특별자치도,군산시,나운동,776-3,상신안길 공원,어린이공원,35.96953295,126.693333
전북특별자치도,군산시,나운동,820-4,하신1길 공원,어린이공원,35.968455,126.699605
전북특별자치도,군산시,나운동,816-1,하신3길 공원,어린이공원,35.969067,126.701989
전북특별자치도,군산시,나운동,747-5,상신3길 공원,어린이공원,35.971326,126.696742
전북특별자치도,군산시,나운동,756-6,상신2길 공원,어린이공원,35.972929,126.693334
전북특별자치도,군산시,나운동,735-3,상신7길 공원,어린이공원,35.973935,126.696256
전북특별자치도,군산시,미룡동,860,칠성안4길 공원,어린이공원,35.956675,126.677229
서울특별시,영등포구,신길동,1980-1,(가칭)신길5재정비촉진구역 소공원,소공원,37.50373971,126.9175044
서울특별시,영등포구,신길동,541,(가칭)신길5구역어린이공원,어린이공원,37.503015,126.920286
경기도,평택시,현덕면,인광리 산85-57,인광 근린공원(안중송담지구),근린공원,36.975632,126.923791
경기도,평택시,청북면,옥길리 1096,테미 근린공원(청북지구 택지개발),근린공원,37.024696,126.913794
경기도,평택시,안중읍,현화리 637-12,학현 근린공원,근린공원,36.989762,126.917503
경기도,평택시,청북면,현곡리 453,현곡 근린공원(현곡산단),근린공원,37.036974,126.941669
경기도,평택시,청북면,현곡리 산90-13,현곡 근린공원(현곡산단),근린공원,37.044898,126.931852
경기도,평택시,안중읍,현화리 829,현화 근린공원(안중지구 택지개발),근린공원,36.980542,126.920402
경기도,평택시,오성면,숙성리 49,평택 도시농업공원,도시농업공원,37.014204,126.985097
서울특별시,관악구,봉천동,196-193,교체,어린이공원,37.4733206,126.9640439
서울특별시,관악구,봉천동,1557-34,청룡,어린이공원,37.477619,126.944732
서울특별시,관악구,신림동,231-6,연주대,소공원,37.469214,126.9420007
서울특별시,관악구,신림동,1542-1,태양,어린이공원,37.468445,126.936475
서울특별시,관악구,신림동,1555-1,사우촌,어린이공원,37.467506,126.934163
서울특별시,관악구,봉천동,1510,탑골,어린이공원,37.47451989,126.9611358
서울특별시,관악구,봉천동,148-103,장미,어린이공원,37.47914524,126.9624068
서울특별시,관악구,신림동,750-39,한라,어린이공원,37.475633,126.914788
서울특별시,관악구,신림동,98-402,서광,어린이공원,37.47521256,126.9427449
인천광역시,미추홀구,학익동,686-11,제운공원,어린이공원,37.438513,126.667366
인천광역시,미추홀구,학익동,693-3,학골공원,어린이공원,37.43881223,126.6627419
서울특별시,관악구,봉천동,635-309,은천,어린이공원,37.488223,126.942996
서울특별시,관악구,봉천동,635-37,국회단지,어린이공원,37.49031557,126.9431126
서울특별시,관악구,봉천동,877-21,송학,어린이공원,37.480272,126.9493248
서울특별시,관악구,신림동,408-10,신화,어린이공원,37.47672757,126.935702
서울특별시,관악구,신림동,675-200,미도,어린이공원,37.462803,126.915263
서울특별시,관악구,신림동,645-1,무궁화,어린이공원,37.46963167,126.9235717
서울특별시,관악구,신림동,산1-1,장군봉근린공원,근린공원,37.478631,126.939049
서울특별시,관악구,봉천동,1530-14,비안,어린이공원,37.480767,126.9401567
서울특별시,관악구,봉천동,1511-5,국사봉,어린이공원,37.48999461,126.934035
서울특별시,관악구,봉천동,산66-1,까치산근린공원,근린공원,37.47774405,126.9672315
서울특별시,관악구,신림동,1510-2,봉림,어린이공원,37.48272102,126.935717
서울특별시,관악구,신림동,1564-68,쑥고개,어린이공원,37.475822,126.940794
서울특별시,관악구,신림동,1563-56,난곡,어린이공원,37.47411595,126.9152598
서울특별시,관악구,신림동,744-1,신라,어린이공원,37.47360972,126.912623
서울특별시,관악구,봉천동,647-175,학다리,어린이공원,37.488732,126.937591
서울특별시,관악구,봉천동,850-8,용담,어린이공원,37.47550045,126.9436117
서울특별시,관악구,봉천동,196-2,원당,어린이공원,37.474839,126.963329
전북특별자치도,임실군,관촌면,덕천리 514,사선대공원,근린공원,35.67205403,127.2769656
전북특별자치도,임실군,오수면,오수리 33,공원,근린공원,35.54520338,127.3326779
전북특별자치도,임실군,오수면,오수리 332,원동산공원,어린이공원,35.5372736,127.3288592
전북특별자치도,임실군,관촌면,관촌리 1038-3,관촌어린이공원,어린이공원,35.67641434,127.2727289
전북특별자치도,임실군,운암면,쌍암리 854,생활권공원,근린공원,35.66070468,127.1585706
전북특별자치도,임실군,운암면,쌍암리 831-2,생활권공원,소공원,35.659023,127.1609714
전북특별자치도,임실군,임실읍,이도리 84-5,공원,소공원,35.616891,127.2875367
전북특별자치도,임실군,임실읍,이도리 217,공원,소공원,35.616736,127.2851024
전북특별자치도,임실군,임실읍,이도리 209-2,운수사공원,소공원,35.617878,127.2855868
전북특별자치도,임실군,임실읍,성가리 378-3,치즈공원,문화공원,35.6116209,127.274088
전북특별자치도,임실군,성수면,도인리 896-1,사계절장미원,문화공원,35.63116139,127.303569
전북특별자치도,임실군,운암면,운종리 295-7,공원,소공원,35.6066759,127.1123495
전북특별자치도,전주시,완산구,남노송동 102-13,추심정 2,소공원,35.8183021,127.1549494
경기도,안양시,만안구,석수동 497-5 일원,호암공원,근린공원,37.425992,126.906345
경기도,안양시,만안구,안양동 863 일원,안양친수공원,수변공원,37.409834,126.915374
경기도,안양시,만안구,석수동 543 일원,연현생태공원,수변공원,37.424947,126.897982
경기도,안양시,만안구,석수동 산24-25 일원,삼성천 예술문화공원,수변공원,37.420041,126.925756
경기도,안양시,만안구,안양동 1090-2 일원,창박골체육공원,체육공원,37.382725,126.902587
경기도,안양시,만안구,박달동 74-13,박달시장소공원,소공원,37.402921,126.912265
경기도,안양시,만안구,안양동 1151-6번지 일원,수리산성지공원,역사공원,37.371414,126.904694
경기도,안양시,동안구,호계2동 918-28,안말어린이공원,어린이공원,37.385238,126.950438
경기도,안양시,동안구,비산1동 455-3,어우리지어린이공원,어린이공원,37.400377,126.937327
경기도,안양시,동안구,비산1동 425-8,샘모루어린이공원,어린이공원,37.400544,126.940846
경기도,안양시,동안구,호계3동 813-8,포도원어린이공원,어린이공원,37.363834,126.962215
경기도,안양시,동안구,호계3동 805-14일원,호성어린이공원,어린이공원,37.365381,126.960904
경기도,안양시,동안구,호계3동 800-8일원,송암어린이공원,어린이공원,37.365737,126.960811
경기도,안양시,동안구,비산1동 1164,수풀내어린이공원,어린이공원,37.400624,126.930542
경기도,안양시,동안구,갈산동 1080,솔향어린이공원,어린이공원,37.385549,126.953689
경기도,안양시,동안구,갈산동 1113-1,흥안어린이공원,어린이공원,37.380527,126.968118
경기도,안양시,동안구,호계동 1093,갈산어린이공원,어린이공원,37.377411,126.961538
경기도,안양시,동안구,갈산동 1118-2,샘마을어린이공원,어린이공원,37.376659,126.966548
경기도,안양시,동안구,달안동 1100 일원,학운공원,근린공원,37.39885166,126.9472781
경기도,안양시,동안구,부림동 1589-2,평촌공원,근린공원,37.395375,126.956295
경기도,안양시,동안구,부흥동 1104-2,평화공원,근린공원,37.390027,126.948191
경기도,안양시,동안구,호계동 1053,희망공원,근린공원,37.385549,126.953689
경기도,안양시,동안구,평촌동 895,중앙공원,근린공원,37.390137,126.961331
경기도,안양시,동안구,달안동 1109-2,달안어린이공원,어린이공원,37.394627,126.951046
경기도,안양시,동안구,범계동 1053-5,범계어린이공원,어린이공원,37.386634,126.951499
경기도,안양시,동안구,범계동 1052-2,목련어린이공원,어린이공원,37.387475,126.954678
경기도,안양시,동안구,범계동 1054-4,꿈자람어린이공원,어린이공원,37.385395,126.955239
경기도,안양시,동안구,평안동 899-6,평안어린이공원,어린이공원,37.387261,126.960979
경기도,안양시,동안구,평안동 896-3,초원어린이공원,어린이공원,37.390902,126.964116
경기도,안양시,동안구,평안동 898-5,대원어린이공원,어린이공원,37.389662,126.965377
경기도,안양시,동안구,평안동 897-6,럭키어린이공원,어린이공원,37.390741,126.968951
경기도,안양시,동안구,신촌동 1055-2,신촌어린이공원,어린이공원,37.381207,126.954478
경기도,안양시,동안구,신촌동 1056-1,신기어린이공원,어린이공원,37.382127,126.956894
경기도,안양시,동안구,신촌동 1061,무궁화어린이공원,어린이공원,37.385549,126.953689
경기도,안양시,동안구,평촌동 905,귀인어린이공원,어린이공원,37.384511,126.961861
경기도,안양시,동안구,귀인동 927,먹거리촌어린이공원,어린이공원,37.385549,126.953689
경기도,안양시,동안구,귀인동 932-3,꿈마을어린이공원,어린이공원,37.385734,126.966924
경기도,안양시,동안구,평촌동 933-2,민백어린이공원,어린이공원,37.385673,126.969955
경기도,안양시,동안구,관양동 1439-6,보은어린이공원,어린이공원,37.402361,126.954877
경기도,안양시,동안구,관양2동 1486-6,향기어린이공원,어린이공원,37.402192,126.974054
경기도,안양시,동안구,관양2동 1501-9,새마을어린이공원,어린이공원,37.400344,126.975582
경기도,안양시,동안구,관양동 1509-1,인덕원어린이공원,어린이공원,37.397808,126.978497
경기도,안양시,동안구,부흥동 1102-6,관악어린이공원,어린이공원,37.394982,126.945634
경기도,안양시,동안구,부흥동 1103-3,부흥어린이공원,어린이공원,37.393404,126.947627
경기도,안양시,동안구,달안동 1101-3,희성어린이공원,어린이공원,37.397355,126.949504
경기도,안양시,동안구,부림동 1586-3,한가람어린이공원,어린이공원,37.398705,126.954179
경기도,안양시,동안구,부림동 1587-1,공작어린이공원,어린이공원,37.400371,126.958411
경기도,안양시,동안구,부림동 1588-4,부안어린이공원,어린이공원,37.398401,126.960052
경기도,안양시,동안구,비산3동 1041-2,꽃동산어린이공원,어린이공원,37.405259,126.950746
경기도,안양시,동안구,비산동 1051,다보란어린이공원,어린이공원,37.403131,126.952049
경기도,안양시,동안구,관양1동 1377,수목어린이공원,어린이공원,37.405105,126.953538
경기도,안양시,동안구,관양동 1393-4,해동어린이공원,어린이공원,37.407421,126.956118
경기도,안양시,동안구,관양동 1396-2,수촌어린이공원,어린이공원,37.405946,126.956623
경기도,안양시,동안구,관양1동 1413-2,관양어린이공원,어린이공원,37.407534,126.961578
경기도,안양시,동안구,관양동 1419-7,마분어린이공원,어린이공원,37.405433,126.962031
경상북도,구미시,진평동,111-3,희망공원,어린이공원,36.0947838731,128.4259551933
경상북도,구미시,진평동,175-6,토골공원,어린이공원,36.0940971255,128.4228510094
충청남도,서산시,예천동,1503,서산 제1호 수변공원,수변공원,36.76259609,126.4495679
충청남도,서산시,예천동,1721,서산 제2호 수변공원,수변공원,36.76238519,126.4502414
충청남도,서산시,대산읍,대죽리 1162,대산 제36호 체육공원,체육공원,36.99454451,126.4100591
충청남도,서산시,지곡면,무장리 1698,남1공원,체육공원,36.85023747,126.4551563
충청남도,서산시,석림동,758-1,석림공원,근린공원,36.76995218,126.4600165
대전광역시,유성구,구암동,614-6,인삼,어린이공원,36.34904416,127.3338495
대전광역시,유성구,봉명동,568-20,들말,어린이공원,36.35335337,127.3356958
대전광역시,유성구,구암동,609-1,진터,어린이공원,36.35163225,127.3357438
대전광역시,유성구,봉명동,557-5,구암,어린이공원,36.35114484,127.3388675
대전광역시,유성구,봉명동,560-14,원골,어린이공원,36.34912241,127.3398427
대전광역시,유성구,봉명동,451-6,봉명,어린이공원,36.35277897,127.3393885
대전광역시,유성구,원내동,81,솔마루,어린이공원,36.30377152,127.3205049
대전광역시,유성구,교촌동,638-1,교촌2(돌샘),어린이공원,36.30206883,127.3145629
대전광역시,유성구,교촌동,629,교촌1,어린이공원,36.30427459,127.3154677
서울특별시,광진구,자양동,510-38,자양12지구소공원(가칭),소공원,37.53699,127.068941
전북특별자치도,진안군,진안읍,군하리 34,월랑공원,체육공원,35.78714205,127.4264309
전북특별자치도,진안군,진안읍,군상리 산110,당산공원,소공원,35.79267283,127.4240517
전북특별자치도,진안군,용담면,송풍리 1182-3,용담체육공원,체육공원,35.95351869,127.5227715
전북특별자치도,진안군,용담면,송풍리 1221-6,용담가족테마공원,수변공원,35.95055211,127.5232448
전북특별자치도,진안군,진안읍,단양리 802,마이돈농촌테마공원,문화공원,35.771551,127.414511
전북특별자치도,진안군,진안읍,단양리 814,마이봉미로공원,문화공원,35.772481,127.417811
전라북도,순창군,순창읍,남계리 303-3,일품공원,근린공원,35.37633973,127.1481221
충청남도,서산시,대산읍,대죽리 1152,대산 제37호 소공원,소공원,36.99903819,126.4154681
충청남도,서산시,대산읍,대죽리 1166,대산 제38호 소공원,소공원,36.99704911,126.4090142
충청남도,서산시,읍내동,20-7,서산 제1호 소공원,소공원,36.776685,126.452173
충청남도,서산시,동문동982,,서산 제2호 소공원,소공원,36.77918616,126.4544102
충청남도,서산시,동문동,1267,서산 제3호 소공원,소공원,36.7842191,126.4539937
충청남도,서산시,석림동340-5,,서산 제6호 소공원,소공원,36.7686954,126.4746688
충청남도,서산시,읍내동136-4,,서산 제7호 소공원,소공원,36.78049181,126.4483386
충청남도,서산시,해미면,읍내리221-64,해미 제1호 소공원,소공원,36.70964827,126.5458235
충청남도,서산시,해미면,읍내리489-107,해미 제2호 소공원,소공원,36.70915382,126.5471201
충청남도,서산시,지곡면,무장리 1803,북2공원,소공원,36.85554481,126.4609679
충청남도,서산시,지곡면,무장리 1732,북3공원,소공원,36.8519501,126.461665
충청남도,서산시,지곡면,무장리 1770,남2공원,소공원,36.8482854,126.4577564
충청남도,서산시,지곡면,무장리 1757,남3공원,소공원,36.84684101,126.458735
충청남도,서산시,지곡면,무장리 1825,남4공원,소공원,36.84635688,126.4569304
충청남도,서산시,성연면,해성리 641,산단2 제2호 소공원,소공원,36.86181595,126.4790708
충청남도,서산시,성연면,해성리 648,산단2 제3호 소공원,소공원,36.85983573,126.4802218
충청남도,서산시,성연면,해성리 645,산단2 제4호 소공원,소공원,36.86213661,126.4820529
충청남도,서산시,성연면,오사리 1649,테크노 제5호 소공원,소공원,36.82899786,126.4456556
충청남도,서산시,성연면,왕정리 642,테크노 제6호 소공원,소공원,36.83059111,126.4534695
충청남도,서산시,성연면,왕정리 605,테크노 제7호 소공원,소공원,36.82996119,126.4572555
충청남도,서산시,음암면,도당리 1293-8,비도시 제2호 소공원,소공원,36.80104521,126.5178657
충청남도,서산시,고북면,가구리 624-25,비도시 제3호 소공원,소공원,36.67009401,126.5331501
충청남도,서산시,부석면,취평리 297-13,비도시 제5호 소공원,소공원,36.71245974,126.3926071
충청남도,서산시,예천동,1387,서산 제8호 소공원,소공원,36.76593681,126.4475952
충청남도,서산시,예천동,1581,서산 제9호 소공원,소공원,36.7650828,126.4490069
충청남도,서산시,예천동,1699,서산 제10호 소공원,소공원,36.76550173,126.4519159
충청남도,서산시,예천동,1457,서산 제11호 소공원,소공원,36.76357913,126.4473181
충청남도,서산시,예천동,1552,서산 제12호 소공원,소공원,36.76321915,126.4493618
충청남도,서산시,해미면,오학리 238-4,오학리소공원,소공원,36.7188229,126.5525719
충청남도,서산시,대산읍,대산리 1569,대산 제35호 수변공원,수변공원,36.93914769,126.4279552
충청남도,서산시,동문동,381-1,서산 제10호 어린이공원,어린이공원,36.78532659,126.4616753
충청남도,서산시,동문동,44-6,서산 제11호 어린이공원,어린이공원,36.78603556,126.4641387
충청남도,서산시,동문동,1260,서산 제15호 어린이공원,어린이공원,36.78222583,126.4672319
충청남도,서산시,동문동,301-4,서산 제17호 어린이공원,어린이공원,36.78096489,126.4610887
충청남도,서산시,동문동,225-3,서산 제18호 어린이공원,어린이공원,36.77886531,126.4632376
충청남도,서산시,동문동,295-6,서산 제19호 어린이공원,어린이공원,36.77686705,126.4645459
충청남도,서산시,읍내동751-7,,서산 제20호 어린이공원,어린이공원,36.77711898,126.4422827
충청남도,서산시,예천동497-6,,서산 제21호 어린이공원,어린이공원,36.77428979,126.4471269
충청남도,서산시,예천동1279-3,,서산 제22호 어린이공원,어린이공원,36.7721696,126.4502773
충청남도,서산시,동문동,1007-12,서산 제24호 어린이공원,어린이공원,36.77708785,126.4561624
충청남도,서산시,동문동,271-4,서산 제25호 어린이공원,어린이공원,36.77774777,126.4585419
충청남도,서산시,석남동,2-6(2-7),서산 제26호 어린이공원,어린이공원,36.77376247,126.452533
충청남도,서산시,석림동,636-1,서산 제29호 어린이공원,어린이공원,36.7761635,126.4609924
충청남도,서산시,석림동,737-8,서산 제31호 어린이공원,어린이공원,36.77164689,126.4571214
충청남도,서산시,석림동,672-10,서산 제33호 어린이공원,어린이공원,36.77319851,126.4608337
충청남도,서산시,예천동,464-2,서산 제37호 어린이공원,어린이공원,36.76955788,126.4469787
충청남도,서산시,예천동,1335,서산 제38호 어린이공원,어린이공원,36.76795177,126.4460441
충청남도,서산시,예천동1330(111-3)일원,,서산 제39호 어린이공원,어린이공원,36.76856594,126.4491291
충청남도,서산시,석남동,104-5,서산 제41호 어린이공원,어린이공원,36.76665432,126.4580407
충청남도,서산시,석림동463-4,,서산 제42호 어린이공원,어린이공원,36.77231419,126.4637158
충청남도,서산시,석림동,453-6,서산 제43호 어린이공원,어린이공원,36.77041213,126.4647673
충청남도,서산시,석림동,416-2,서산 제44호 어린이공원,어린이공원,36.76737575,126.4692824
충청남도,서산시,석림동582-2,,서산 제45호 어린이공원,어린이공원,36.77596455,126.4674882
충청남도,서산시,동문동,192-1,서산 제46호 어린이공원,어린이공원,36.7792621,126.4659363
충청남도,서산시,동문동,1269,서산 제47호 어린이공원,어린이공원,36.78444179,126.4569336
충청남도,서산시,예천동,1421,서산 제48호 어린이공원,어린이공원,36.76501257,126.4484362
충청남도,서산시,성연면,오사리 1694(204-4)일원,테크노 제4호 어린이공원,어린이공원,36.82736531,126.4448359
충청남도,서산시,음암면,도당리 1550-9,비도시 제17호 어린이공원,어린이공원,36.78812167,126.5070471
충청남도,서산시,음암면,도당리 1550-86,비도시 제18호 어린이공원,어린이공원,36.78690814,126.5092532
충청남도,서산시,읍내동,산2-2,옥녀봉공원(중앙공원),근린공원,36.7866418,126.4515185
충청남도,서산시,대산읍,대죽리 18-7,대죽공원,근린공원,37.00252287,126.4236634
충청남도,서산시,대산읍,대죽리 1129,대죽제2공원,근린공원,37.00166367,126.3874615
충청남도,서산시,읍내동,621-1,성암공원,근린공원,36.78296666,126.443701
충청남도,서산시,읍내동,608-8,명륜공원,근린공원,36.78375041,126.4463609
충청남도,서산시,동문동,161,동문공원,근린공원,36.78010625,126.468302
충청남도,서산시,읍내동40,,호수공원,근린공원,36.77709738,126.449739
충청남도,서산시,지곡면,화천리 1459,지곡1공원,근린공원,36.86104278,126.4378303
충청남도,서산시,지곡면,화천리 1457,지곡2공원,근린공원,36.86116795,126.4392462
충청남도,서산시,성연면,오사리 1618,성연1공원,근린공원,36.84597512,126.4404768
충청남도,서산시,성연면,오사리 1620,성연2공원,근린공원,36.84481088,126.4410216
충청남도,서산시,지곡면,무장리 1797,북1공원,근린공원,36.8556513,126.458065
충청남도,서산시,성연면,오사리 1793,테크노 제1호 근린공원,근린공원,36.82865018,126.4484025
충청남도,서산시,성연면,왕정리 711,테크노 제2호 근린공원,근린공원,36.8253192,126.4524562
충청남도,서산시,성연면,일람리 1119,테크노 제3호 근린공원,근린공원,36.82239481,126.4503018
충청남도,서산시,고북면,가구리 625-28,고북제2근린공원,근린공원,36.66780306,126.5345433
충청남도,서산시,대산읍,대로리 279-19,명지어린이공원,어린이공원,36.97076719,126.4108542
충청남도,서산시,대산읍,대산리 1498,대산 제33호 어린이공원,어린이공원,36.9397312,126.4261882
충청남도,서산시,대산읍,대산리 1735,대산 제34호 어린이공원,어린이공원,36.93800109,126.429692
충청남도,서산시,읍내동415-1,,서산 제2호 어린이공원,어린이공원,36.78659867,126.4461359
충청남도,서산시,읍내동624-3,,서산 제3호 어린이공원,어린이공원,36.78434139,126.4448983
충청남도,서산시,해미면,읍내리136-1,서산 제5호 어린이공원,어린이공원,36.7112716,126.5519533
충청남도,서산시,동문동470-2,,서산 제7호 어린이공원,어린이공원,36.78955106,126.4589366
충청남도,서산시,동문동470-23,,서산 제8호 어린이공원,어린이공원,36.78817605,126.4603355
충청남도,서산시,동문동,404-9,서산 제9호 어린이공원,어린이공원,36.78574625,126.4589739
충청북도,청주시,흥덕구,오송읍 만수리 745,오창 새싹,어린이공원,36.623971,127.327845
충청북도,청주시,흥덕구,신봉동 산35-4,운천공원,근린공원,36.383862,127.282184
충청북도,청주시,흥덕구,복대동 산42-1,복대공원,근린공원,36.375907,127.272109
충청북도,청주시,흥덕구,봉명동 산19-5,월명공원,근린공원,36.650904,127.447545
전라남도,여수시,소라면,죽림리 919,애아골공원,어린이공원,34.76172463,127.6278532
전라남도,여수시,소라면,죽림리 1219,산들공원,어린이공원,34.76147914,127.6377893
전라남도,여수시,소라면,죽림리 산118-1,천수골공원,어린이공원,34.75654848,127.6286997
전라남도,여수시,소라면,죽림리 산13,상하금공원,근린공원,34.76641948,127.6311336
전라남도,여수시,수정동,777-5,한려공원,어린이공원,34.74211805,127.7530226
경기도,남양주시,다산동,"4002-33,4002-34,4002-35,4002-36",도농 제3호공원,어린이공원,37.61101957,127.1562291
경기도,남양주시,퇴계원읍,퇴계원리 259-8,퇴계3호공원,어린이공원,37.6513146035,127.142909
경기도,남양주시,와부읍,도곡리 1114-2,도곡1공원,근린공원,37.5765337,127.220081
경기도,남양주시,금곡동,656,금곡물놀이장,어린이공원,37.6256228,127.2021588
경기도,남양주시,진접읍,장현리 677-2,진접물놀이장,어린이공원,37.7151558,127.1816603
경기도,남양주시,평내동,570-1,평내1호근린공원,근린공원,37.6443214,127.2309081
경기도,남양주시,호평동,620,중앙공원,근린공원,37.6588764,127.2422816
경기도,남양주시,화도읍,창현리 750,창현제3호어린이공원,어린이공원,37.6474158,127.3045481
경기도,남양주시,화도읍,창현리 763,창현제5호어린이공원,어린이공원,37.64598147,127.2989328
경기도,남양주시,화도읍,창현리 756,창현제4호어린이공원,어린이공원,37.6490079829,127.3013676
경기도,남양주시,호평동,193-18,호만5지구 어린이공원,어린이공원,37.65766554,127.2490132
경기도,남양주시,진건읍,사능리 1-1,영락공원,묘지공원,37.6642595,127.2048522
경기도,남양주시,진건읍,사능리 645-7,진건물놀이장,어린이공원,37.6551243,127.1800891
경기도,남양주시,퇴계원읍,퇴계원리 369-7,퇴계원 물놀이장 어린이공원,어린이공원,37.6589918545,127.1450118394
경기도,남양주시,호평동,458-4,호평lh1단지어린이공원,어린이공원,37.661727,127.240568
경기도,남양주시,와부읍,덕소리 606-15,덕소3호공원,어린이공원,37.588254,127.2097691
경기도,남양주시,별내면,청학리 419-3,청학2호공원,어린이공원,37.7095123,127.1157888
경기도,남양주시,별내면,청학리 411-2,청학4호공원,어린이공원,37.7081852,127.1202594
전라남도,광양시,성황동,1853-174,성황3,어린이공원,34.934974,127.678133
전라남도,광양시,성황동,412-2,성황6,어린이공원,34.9364555499,127.678335
전라남도,광양시,마동984-15,,마동저수지 생태공원 남측,어린이공원,34.9447514794,127.701617
전라남도,광양시,마동536,,마동저수지 생태공원 북측,어린이공원,34.9489103476,127.700629
전라남도,광양시,성황동,산323-68,성황4호,소공원,34.937727,127.674061
전라남도,광양시,성황동,산323-3,성황5호,소공원,34.936428,127.681446
전라남도,광양시,성황동,1853-101,도이1공원,근린공원,34.933639,127.675066
전라남도,광양시,성황동,1853-334,성황1호,근린공원,34.933385,127.676876
전라남도,광양시,중동,1774-5,중동17,어린이공원,34.9326862538,127.699361
전라남도,광양시,마동,700-10,마동 체육공원1,어린이공원,34.9527677986,127.6935953704
전라남도,광양시,마동,700-10,마동 체육공원2,어린이공원,34.9527677986,127.6935953704
전라남도,광양시,마동276-7,,가야산 시민휴식공간,어린이공원,34.9561775233,127.7107249701
강원특별자치도,동해시,구호동,234일원,북평산단제1공원,근린공원,37.48410943,129.1473433
강원특별자치도,동해시,구호동,218일원,북평산단제2공원(1호),근린공원,37.48341277,129.1355282
강원특별자치도,동해시,구미동,산33일원,북평산단제2공원(2호),근린공원,37.48767727,129.1380691
강원특별자치도,동해시,구호동,239일원,북평제2공원,근린공원,37.47203365,129.1410197
강원특별자치도,동해시,천곡동,산171-1일원,천곡공원,근린공원,37.52335282,129.1055098
강원특별자치도,동해시,추암동,477일원,추암공원,근린공원,37.47970361,129.1574628
강원특별자치도,동해시,평릉동,산44일원,평릉공원,근린공원,37.53414809,129.1083056
강원특별자치도,동해시,평릉동,463일원,하평공원,근린공원,37.53117666,129.1166906
강원특별자치도,동해시,망상동,528-7일원,망상뜰지구공원,근린공원,37.58396873,129.0955261
강원특별자치도,동해시,천곡동,산342-24,초록봉문화공원,문화공원,37.522040454,129.0708321391
강원특별자치도,동해시,송정동,1703일원,송정산단수변공원,수변공원,37.48675581,129.1223265
강원특별자치도,동해시,지가동,산70-3일원,가원습지생태공원,수변공원,37.47263848,129.1058807
경기도,남양주시,와부읍,덕소리 600-31,덕소2호공원,어린이공원,37.585772,127.2074266
경기도,남양주시,별내면,청학리 475,청학6호공원,어린이공원,37.7090457,127.1138874
경기도,남양주시,다산동,4002-16,도농 제2호공원,어린이공원,37.61101957,127.1562291
충청북도,청주시,청원구,율량동 1536,82호소공원,소공원,36.6639568435,127.4816259758
충청북도,청주시,청원구,율량동 산136-7,우암산근린공원,근린공원,36.391653,127.303764
경기도,김포시,구래동,6875-3,한강어린이1,어린이공원,37.6489476941,126.6311865731
경기도,김포시,마산동,615-4,한강어린이2,어린이공원,37.641411,126.635385
경기도,김포시,마산동,620-1,한강어린이4,어린이공원,37.64249909,126.6430566
경기도,김포시,마산동,646-8,한강어린이5,어린이공원,37.63638757,126.6449101
경기도,김포시,마산동,662-5,한강어린이7,어린이공원,37.63449687,126.6454444
경기도,김포시,장기동,1866-4,한강어린이8,어린이공원,37.65193038,126.6664531
경기도,김포시,장기동,2085-1,한강어린이9,어린이공원,37.63846795,126.682037
경기도,김포시,장기동,1300-10,한강어린이10,어린이공원,37.645198,126.656034
경기도,김포시,운양동,1326-2,한강어린이11,어린이공원,37.65145654,126.6837765
경기도,김포시,장기동,1313,장기근린공원(장기46호),근린공원,37.64799019,126.6636431
경기도,김포시,사우동,1482,김포소공원1-1,소공원,37.6215636378,126.7249607212
경기도,김포시,고촌읍,향산리 463-7,씨네문화공원1,문화공원,37.63080434,126.7398598
경기도,김포시,고촌읍,신곡리 산108,고촌1관문공원,문화공원,37.605291,126.7655735
경기도,김포시,고촌읍,신곡리 산112-1,고촌2관문공원,문화공원,37.60193464,126.7640696
경기도,김포시,고촌읍,신곡리 444-6,파르코스체육공원,체육공원,37.60842509,126.767315
경기도,김포시,대곶면,율생리 219-27,율생체육공원,체육공원,37.638648,126.594739
경기도,김포시,고촌읍,신곡리 1071,고촌어린이17,어린이공원,37.60204518,126.770953
경기도,김포시,장기동,1400,장기어린이1,어린이공원,37.644436,126.670351
경기도,김포시,장기동,1630,장기어린이2,어린이공원,37.643587,126.664539
경기도,김포시,장기동,1721,장기어린이4,어린이공원,37.63819872,126.663159
경기도,김포시,장기동,1593,장기근린1,근린공원,37.64194456,126.6717575
경기도,김포시,장기동,1763,장기근린3,근린공원,37.63845003,126.6608428
경기도,김포시,통진읍,서암리 1115,서암어린이,어린이공원,37.691098,126.603019
경기도,김포시,양촌읍,양곡리 1244,양곡어린이1,어린이공원,37.66059923,126.634153
경기도,김포시,양촌읍,양곡리 1289,양곡어린이2,어린이공원,37.65785902,126.629497
경기도,김포시,양촌읍,양곡리 1328,양곡어린이4,어린이공원,37.653534,126.630775
경기도,수원시,장안구,정자동 884-5,명인,어린이공원,37.29497112,126.9955839
경기도,김포시,고촌읍,신곡리 890,인향제1공원(고촌25호),근린공원,37.5958159309,126.7611690046
경기도,김포시,북변동,431-50,김포소공원1(북변소공원),소공원,37.6239161899,126.709291
경기도,김포시,고촌읍,신곡리 988,신곡6지구(26호)신곡3공원,어린이공원,37.591936,126.758741
경기도,김포시,고촌읍,향산리 936-15,향산지구 제1문화공원,문화공원,37.6200592791,126.7513796588
경기도,김포시,고촌읍,향산리 17-4,향산지구 제2어린이공원,어린이공원,37.6197164799,126.7508317
경기도,김포시,고촌읍,신곡리 1285,고촌어린이23,어린이공원,37.60427454,126.7681533
경기도,김포시,양촌읍,학운리 3152,양산근린5,근린공원,37.62193682,126.6297783
경기도,김포시,양촌읍,학운리 2763,양산근린2,근린공원,37.61980804,126.6184285
경기도,김포시,마산동,617-1,한강주제1,문화공원,37.64626036,126.633838
경기도,김포시,구래동,673-1,한강주제2,문화공원,37.636147,126.631322
경기도,김포시,장기동,642-1,한강주제4,문화공원,37.645086,126.683913
경기도,김포시,운양동,1246-1,한강주제6,수변공원,37.65478247,126.6993509
경기도,김포시,마산동,618-1,한강주제7,묘지공원,37.64706631,126.6391612
경기도,김포시,마산동,642-1,한강주제3,체육공원,37.6405998,126.6482894
경기도,김포시,마산동,652-1,한강소공원3,소공원,37.63506063,126.6438722
경기도,김포시,장기동,1886-9,한강소공원4,소공원,37.64512567,126.6638228
경기도,김포시,장기동,1898-6,한강소공원5,소공원,37.64834473,126.6718046
경기도,김포시,장기동,1940-4,한강소공원6,소공원,37.64746185,126.6750278
경기도,김포시,장기동,2033-1,한강소공원7,소공원,37.64073109,126.6734876
경기도,김포시,운양동,1310-9,한강소공원8,소공원,37.65113592,126.6888284
경기도,김포시,운양동,1292-4,한강소공원9,소공원,37.65190877,126.6937668
경기도,김포시,운양동,1317-1,한강소공원10,소공원,37.64912544,126.6946818
경기도,김포시,운양동,1262-6,한강소공원11,소공원,37.65347767,126.699825
경기도,김포시,운양동,644-5,한강소공원12,소공원,37.655168,126.677114
경기도,김포시,장기동,2039-5,한강소공원13,소공원,37.63888457,126.6739347
경기도,김포시,장기동,1993-1,한강소공원14,소공원,37.644906,126.669597
경기도,김포시,운양동,1285-12,한강소공원15,소공원,37.64975892,126.6974506
경기도,수원시,장안구,정자동 883-3,꽃뫼,어린이공원,37.29287891,126.9920965
경기도,김포시,풍무동,932,김포어린이44,어린이공원,37.608455,126.7255740502
경기도,김포시,고촌읍,향산리 109-15 일원,향산근린1,근린공원,37.621727,126.7410683
경기도,김포시,고촌읍,신곡리 1008-47 일원,신곡6지구(24호)신곡1공원,소공원,37.590035,126.761676
경기도,김포시,고촌읍,신곡리 1295-85 일원,신곡6지구(25호)신곡2공원,소공원,37.593645,126.754132
경기도,김포시,고촌읍,향산리 17-4 일원,향산지구 제1어린이공원,어린이공원,37.618245,126.748739
경기도,김포시,양촌읍,양곡리 1240,양곡근린3,근린공원,37.66162359,126.6314373
경기도,김포시,양촌읍,양곡리 1259,양곡택지5,근린공원,37.65585469,126.6322645
경기도,김포시,양촌읍,양곡리 1331,양곡택지6,근린공원,37.65334319,126.629642
경기도,김포시,통진읍,마송리 525,마송근린2,근린공원,37.68710695,126.5983879
경기도,김포시,통진읍,마송리 551,마송근린3,근린공원,37.6839591,126.6053702
경기도,김포시,통진읍,마송리 588,마송근린4,근린공원,37.68576215,126.6064561
경기도,김포시,장기동,1514,장기어린이5,어린이공원,37.643765,126.672515
경기도,김포시,장기동,1539,장기근린4,근린공원,37.64223325,126.673841
경기도,김포시,양촌읍,학운리 581,학운3체육공원11,체육공원,37.606917,126.607259
경기도,김포시,양촌읍,학운리 1621,학운3어린이60,어린이공원,37.606045,126.595042
경기도,김포시,장기동,1646,장기근린5,근린공원,37.641246,126.667537
경기도,김포시,고촌읍,신곡리 1249,고촌어린이19(수기1공원),어린이공원,37.60012704,126.767372
경기도,김포시,고촌읍,신곡리 1260,고촌어린이20(수기2공원),어린이공원,37.596805,126.770145
경기도,김포시,고촌읍,신곡리 1268,고촌어린이21(수기3공원),어린이공원,37.596252,126.767048
경기도,김포시,대곶면,대벽리 산66-56,항공소공원1,소공원,37.617583,126.580436
경기도,김포시,걸포동,1560,걸포어린이22,어린이공원,37.634949,126.7052284
경기도,김포시,고촌읍,신곡리 1106,신곡노을공원(고촌31호),근린공원,37.60413566,126.7726878
경기도,김포시,양촌읍,학운리 3021,양산근린3,근린공원,37.616571,126.6257771
경기도,김포시,양촌읍,학운리 3085,양산근린4,근린공원,37.61161432,126.6231118
경기도,김포시,고촌읍,태리 955-5,고촌어린이112,어린이공원,37.5873047,126.7560554
경기도,김포시,풍무동,771,풍무5지구(풍무4공원),근린공원,37.601321048,126.7244745938
경기도,김포시,감정동,산23-1,감정제3공원(김포21호),근린공원,37.634277,126.682223
경기도,김포시,통진읍,서암리 산47-1,서암체육공원,체육공원,37.704843,126.594518
경기도,김포시,장기동,1846,장기소공원1,소공원,37.645421,126.668148
경기도,김포시,월곶면,조강리 산4-1,애기봉평화공원,문화공원,37.71690003,126.550678
경기도,김포시,풍무동,769,김포어린이24,어린이공원,37.60312871,126.7224882
경기도,김포시,풍무동,774,김포어린이25,어린이공원,37.60304904,126.7265121
경기도,김포시,풍무동,801,김포어린이26,어린이공원,37.59786077,126.7252454
경기도,김포시,양촌읍,양곡리 1243,양곡택지4,근린공원,37.66042968,126.634371
경기도,김포시,통진읍,마송리 511,마송어린이1,어린이공원,37.687948,126.593549
경기도,김포시,통진읍,마송리 533,마송어린이2,어린이공원,37.685758,126.595901
경기도,김포시,통진읍,마송리 27-2,마송어린이3,어린이공원,37.68391859,126.602636
경기도,김포시,통진읍,마송리 564-1,마송어린이4,어린이공원,37.682417,126.607718
경기도,김포시,양촌읍,학운리 114-82,학운4어린이45,어린이공원,37.610718,126.616752
경기도,김포시,양촌읍,학운리 114-76,학운4어린이46,어린이공원,37.609897,126.618066
경기도,김포시,양촌읍,학운리 3152,양산체육공원6,체육공원,37.62193682,126.6297783
경기도,김포시,양촌읍,학운리 1624,학운3어린이61,어린이공원,37.606618,126.595505
경기도,김포시,양촌읍,학운리 1394,학운(3)산단(50호),근린공원,37.611763,126.601345
경기도,김포시,감정동,626-38,김포소공원31,소공원,37.61766905,126.702975
경기도,김포시,고촌읍,신곡리 1294,고촌문화공원1,문화공원,37.602789,126.7706291277
경기도,김포시,풍무동,1068,김포문화공원28,문화공원,37.6064784317,126.7326481
경기도,김포시,풍무동,1065,김포어린이43,어린이공원,37.6100628761,126.7303972112
경기도,수원시,장안구,정자동 921,청솔,어린이공원,37.29385892,126.9844114
서울특별시,동대문구,장안동,379,샛별,어린이공원,37.5678428,127.0674928343
서울특별시,동대문구,이문동,264-181,천장,어린이공원,37.5988944435,127.0538436211
서울특별시,동대문구,청량리동,산1-145,홍릉,근린공원,37.589583793,127.0435376259
서울특별시,동대문구,답십리동,산2-9,답십리,근린공원,37.573320107,127.0638171747
서울특별시,동대문구,전농동,산32-20,배봉산,근린공원,37.5812122452,127.0675943339
서울특별시,동대문구,장안동,93-29,미리내,어린이공원,37.5806911,127.0717358
서울특별시,동대문구,장안동,190-62,이슬,어린이공원,37.5678099,127.0635672748
서울특별시,동대문구,용두동,696-8,용머리,어린이공원,37.5727690875,127.0365661118
서울특별시,동대문구,장안동,164-1,장일,어린이공원,37.5698546,127.0651081
서울특별시,동대문구,휘경동,43-275,아름,어린이공원,37.5868279,127.0693157169
서울특별시,동대문구,답십리동,998-1,동산,어린이공원,37.5668782,127.0575108378
서울특별시,동대문구,용두동,715,용두희망,어린이공원,37.5801826883,127.0267395194
서울특별시,동대문구,제기동,132-1,방아다리,어린이공원,37.5851297,127.034885
서울특별시,동대문구,용두동,34-1,용두,근린공원,37.5732457315,127.0401114457
서울특별시,동대문구,전농동,553-1,텃골,근린공원,37.5775463,127.051609
서울특별시,동대문구,답십리동,294-69,새샘,근린공원,37.5689696,127.0549292
서울특별시,동대문구,답십리동,1004-4,장령당,소공원,37.5697319,127.0534938545
서울특별시,동대문구,휘경동,43-275,휘봉,어린이공원,37.5868939299,127.069321
서울특별시,동대문구,답십리동,1002-1,꿈동산,어린이공원,37.5732902468,127.0458182218
서울특별시,동대문구,회기동,351-6,작은언덕,소공원,37.5893275,127.0540547
서울특별시,동대문구,전농동,688-7,아름드리,어린이공원,37.5790248311,127.0596822635
서울특별시,동대문구,제기동,274-1,선농단,역사공원,37.5811837728,127.0318885094
서울특별시,동대문구,휘경동,368-4,내길,소공원,37.5902902588,127.0650994635
서울특별시,동대문구,휘경동,49-384,진달래,어린이공원,37.5844985096,127.068662556
서울특별시,동대문구,용두동,794-1,솔바람,소공원,37.5799175737,127.0304109566
서울특별시,동대문구,전농동,695-1,샛말,어린이공원,37.5774900018,127.050130802
서울특별시,동대문구,답십리동,1009-1,새움,어린이공원,37.5707601609,127.0486740836
부산광역시,북구,금곡동,1107,사랑공원,어린이공원,35.25412096,129.0143924
부산광역시,북구,화명동,188-2,강변둥지공원,어린이공원,35.24215478,129.0141821
부산광역시,북구,화명동,2263,백포공원,어린이공원,35.23778382,129.0109025
부산광역시,북구,만덕동,863-2,백운공원,어린이공원,35.20684342,129.041109
부산광역시,북구,금곡동,1115,민주공원,어린이공원,35.24886681,129.0146713
강원특별자치도,삼척시,정상동,457-2,교동2공원,어린이공원,37.447824,129.1765076
강원특별자치도,삼척시,교동,765-1,교동3공원,어린이공원,37.44767194,129.1727001
강원특별자치도,삼척시,도계읍,흥전리 80-3,흥전공원,어린이공원,37.21938464,129.0420598
강원특별자치도,삼척시,남양동,109,남양공원,근린공원,37.43979171,129.1653153
강원특별자치도,삼척시,도계읍,도계리 225-2,달전공원,어린이공원,37.2263615047,129.0563682819
강원특별자치도,삼척시,원덕읍,임원리 790,임원2공원,어린이공원,37.2360576,129.343546
강원특별자치도,삼척시,근덕면,교가리 1266-7,교가3공원,어린이공원,37.381202,129.2279994
강원특별자치도,삼척시,원덕읍,호산리 213-15,호산2공원,소공원,37.17559072,129.3337774
강원특별자치도,삼척시,교동,산142-3,교동소공원,소공원,37.45258353,129.1737723469
강원특별자치도,삼척시,당저동,78-7,당저2공원,소공원,37.447664842,129.1609992449
강원특별자치도,삼척시,정상동,82-2,이사부공원,역사공원,37.43551033,129.1844083
강원특별자치도,삼척시,교동,754,교동공원,근린공원,37.44908197,129.172312
강원특별자치도,삼척시,원덕읍,호산리 산17-3,호산공원,근린공원,37.17639332,129.3380984
강원특별자치도,삼척시,증산동,1,이사부사자공원,근린공원,37.4743588569,129.1601213012
강원특별자치도,삼척시,사직동,268,사직공원,근린공원,37.43559256,129.1689913
강원특별자치도,삼척시,성내동,9-3,죽서루공원,역사공원,37.440811,129.1605481
강원특별자치도,삼척시,원덕읍,임원리 산322-1,수로부인헌화공원,문화공원,37.23345701,129.3451827
대구광역시,달서구,도원동,1473,월배체육공원,체육공원,35.80159961,128.536496
대구광역시,달성군,화원읍,명곡리 55,명곡체육공원,체육공원,35.79768955,128.5036013
대구광역시,달성군,구지면,내리 산106,국가산단체육1공원,체육공원,35.63324566,128.4103084
대구광역시,달성군,다사읍,방천리 212,서재체육공원,체육공원,35.8841191,128.5048846
대구광역시,북구,연경동,820,연경체육공원,체육공원,35.94415265,128.6259337
대구광역시,중구,달성동,294-1,달성공원,근린공원,35.87339859,128.5759183
대구광역시,중구,포정동,21,경상감영공원,근린공원,35.87267485,128.5916855
대구광역시,중구,동인동2가,42,국채보상운동기념공원,근린공원,35.86930105,128.6017388
대구광역시,서구,이현동,산28-12,이현공원,근린공원,35.873385,128.543472
대구광역시,서구,평리동,707-49,당산목공원,어린이공원,35.877223,128.562568
대구광역시,서구,원대동3가,1458,원대제일공원,어린이공원,35.8835238,128.5770376
대구광역시,서구,내당동,2347,내당공원,어린이공원,35.8621174231,128.5595353847
대구광역시,서구,원대동3가,1381-2,원대공원,어린이공원,35.8869388402,128.571423
대구광역시,서구,비산동,519-9,비산소공원,소공원,35.877585,128.570057
대구광역시,서구,평리동,630-1,서부제3공원,소공원,35.8763874865,128.5493596
대구광역시,서구,평리동,628-13,평리4소공원,소공원,35.8765218483,128.5503105
대구광역시,서구,평리동,1499-8,평리6소공원,소공원,35.872066935,128.5516338
대구광역시,서구,원대동3가,1360-3,서부제15공원,소공원,35.8878226929,128.5732083218
대구광역시,서구,원대동3가,1415-44,서부제16공원,소공원,35.8857331282,128.5730249
대구광역시,서구,평리동,1230-1,평리공원,근린공원,35.8724502,128.5577302
대구광역시,서구,평리동,1531-13,평리7소공원,소공원,35.8703064029,128.5491391535
대구광역시,서구,중리동,산202,상리공원,근린공원,35.862094,128.530898
대구광역시,서구,내당동,463-7,감삼공원,근린공원,35.858669,128.5521819
대구광역시,서구,상리동,산268,가르뱅이공원,근린공원,35.879496,128.5242168
대구광역시,서구,평리동,1512-26,평오근린공원,근린공원,35.8720799548,128.5500367
대구광역시,서구,평리동,656-1,날뫼공원,어린이공원,35.8802726,128.565682
대구광역시,서구,평리동,694-7,개미산공원,어린이공원,35.877261,128.556977
강원특별자치도,삼척시,정상동,산38-1,정상공원,근린공원,37.43844473,129.1756875
강원특별자치도,삼척시,당저동,20,당저1공원,어린이공원,37.446299,129.169106
강원특별자치도,삼척시,정상동,450,정라공원,어린이공원,37.44271749,129.176575
강원특별자치도,삼척시,남양동,339-2,봉황공원,어린이공원,37.441366,129.169887
강원특별자치도,삼척시,사직동,437-2,사직1공원,어린이공원,37.43243491,129.1684899
강원특별자치도,삼척시,원당동,171,원당1공원,어린이공원,37.43899428,129.1534152
강원특별자치도,삼척시,교동,756,교동1공원,어린이공원,37.45018783,129.1740238
부산광역시,북구,금곡동,811-2,미래공원,어린이공원,35.25762202,129.0141258
부산광역시,북구,만덕동,925-2,동심초공원,어린이공원,35.2096799,129.0289059
부산광역시,북구,만덕동,872-3,동심공원,어린이공원,35.20899751,129.0387598
부산광역시,북구,덕천동,811-1,덕천공원,어린이공원,35.21058674,129.0170701
부산광역시,북구,덕천동,342-6,덕내공원,어린이공원,35.21380126,129.0137845
부산광역시,북구,화명동,311,대천천수변공원,어린이공원,35.24327534,129.0224416
부산광역시,북구,금곡동,1897,대천공원,어린이공원,35.241114,129.0114933
대구광역시,수성구,만촌동,1023-11,광명공원,어린이공원,35.860199,128.641572
대구광역시,수성구,만촌동,991-8,무열공원,어린이공원,35.865661,128.647851
대구광역시,수성구,황금동,750,동신공원,어린이공원,35.84755584,128.6188804
대구광역시,수성구,황금동,721,수목공원,어린이공원,35.8492952,128.6182606
대구광역시,수성구,황금동,802,황금공원,어린이공원,35.84577596,128.6193578
대구광역시,수성구,황금동,882-2,대경공원,어린이공원,35.84150877,128.6182059
대구광역시,수성구,중동,12,무궁화공원,어린이공원,35.850844,128.615914
대구광역시,수성구,중동,127,상록수공원,어린이공원,35.844165,128.615561
대구광역시,수성구,중동,171,중동공원,어린이공원,35.841633,128.615449
경기도,화성시,향남읍,상신리 1289-5,향남2지구 7호 어린이(열매달),어린이공원,37.10599747,126.8986871
경기도,화성시,능동,1081-2,미관광장 3호,기타(광장),37.21105932,127.0620409
경기도,화성시,능동,1115-2,미관광장 4호,기타(광장),37.20753706,127.0601512
경기도,화성시,능동,1153-13,미관광장 5호,기타(광장),37.19912385,127.0529956
경기도,화성시,반송동,38-1,미관광장 6호,기타(광장),37.21083617,127.0625157
경기도,화성시,반송동,35-1,미관광장 7호,기타(광장),37.21023062,127.0640343
경기도,화성시,반송동,34-1,미관광장 8호,기타(광장),37.2100303,127.0643858
경기도,화성시,반송동,7-13,미관광장 9호,기타(광장),37.21130675,127.0668666
경기도,화성시,반송동,23,미관광장 10호,기타(광장),37.20836831,127.0642801
부산광역시,북구,만덕동,831,한빛공원,어린이공원,35.21382724,129.0330222
부산광역시,북구,만덕동,922-2,한마음공원,어린이공원,35.21177941,129.031541
부산광역시,북구,만덕동,955-4,하얀마음공원,어린이공원,35.20529686,129.0336286
부산광역시,북구,만덕동,944-7,하늘공원,어린이공원,35.20306969,129.0358741
부산광역시,북구,구포동,1230-4,포천공원,어린이공원,35.19699994,129.0097491
부산광역시,북구,만덕동,956-1,파란마음공원,어린이공원,35.20837827,129.0356658
부산광역시,북구,덕천동,787,철쭉공원,어린이공원,35.21029607,129.0211800431
부산광역시,북구,금곡동,1884,천사공원,어린이공원,35.24436499,129.0107755
부산광역시,북구,화명동,750-1,직녀공원,어린이공원,35.23441688,129.0198797
부산광역시,북구,구포동,1200,음정공원,어린이공원,35.20611452,129.0102457
부산광역시,북구,금곡동,1116-1,율리공원,어린이공원,35.24819223,129.0144382
부산광역시,북구,화명동,1426-2,우신자연공원,어린이공원,35.23763153,129.0154303
부산광역시,북구,금곡동,98-2,우리공원,어린이공원,35.26023674,129.0152698
부산광역시,북구,화명동,2301-1,용당공원,어린이공원,35.23129716,129.0099322
부산광역시,북구,금곡동,1112-1,열린공원,어린이공원,35.25137122,129.0137086
부산광역시,북구,만덕동,943-3,신덕공원,어린이공원,35.20390278,129.0309305
부산광역시,북구,구포동,1214-39,시랑공원,어린이공원,35.20187899,129.0058005
부산광역시,북구,덕천동,809-2,쉼터공원,어린이공원,35.20970196,129.0175599
부산광역시,북구,덕천동,410-4,숙등공원,어린이공원,35.21138646,129.0145546
부산광역시,북구,화명동,2329,솔내음공원,어린이공원,35.21856941,129.0094446
부산광역시,북구,금곡동,97-2,솔공원,어린이공원,35.26318308,129.0196917
부산광역시,북구,화명동,2320,새싹공원,어린이공원,35.22337164,129.0064614
부산광역시,북구,만덕동,892,상록공원,어린이공원,35.20928321,129.0436398
부산광역시,북구,화명동,2321,수정근린공원,근린공원,35.22261326,129.0062975
부산광역시,북구,화명동,2304,현충근린공원,근린공원,35.22916235,129.0079977
부산광역시,북구,화명동,2260,명진근린공원,근린공원,35.2386335,129.0095397
부산광역시,북구,화명동,187,양달숲근린공원,근린공원,35.24460876,129.014908
부산광역시,북구,화명동,918-2,화명근린공원,근린공원,35.22421216,129.0148203
부산광역시,북구,만덕동,843,백양근린공원,근린공원,35.20724231,129.0377929
부산광역시,북구,덕천동,산93,덕천근린공원,근린공원,35.21692179,129.0073605
부산광역시,북구,덕천동,807,덕천개발지구(휴공원),근린공원,35.20795005,129.0131982
부산광역시,북구,금곡동,100-1,금곡근린공원,근린공원,35.25942702,129.0161609
부산광역시,북구,구포동,1250-18,구포생태근린공원,근린공원,35.19434626,129.0116428
부산광역시,북구,구포동,1245,백양숲공원,근린공원,35.19439942,129.0142700013
부산광역시,북구,만덕동,447-6,사기천소공원,소공원,35.214573,129.0438902
부산광역시,북구,구포동,882-30,거북소공원,소공원,35.19755725,129.0019476
부산광역시,북구,화명동,1417-12,와석소공원,소공원,35.2354418,129.0150153
부산광역시,북구,덕천동,819,덕천소공원,소공원,35.21377598,129.0092095
부산광역시,북구,만덕동,961-1,상학소공원,소공원,35.21652463,129.0338143
부산광역시,북구,만덕동,961-4,상계소공원,소공원,35.21584491,129.0331906
부산광역시,북구,만덕동,산30번지 일원,사기소공원,소공원,35.2163455,129.0431262
부산광역시,북구,덕천동,360-17번지 일원,의성1소공원,소공원,35.21399013,129.0169994
부산광역시,북구,덕천동,376-13번지 일원,의성2소공원,소공원,35.21324233,129.0169571
부산광역시,북구,금곡동,910-20번지,소공원,소공원,35.25455693,129.012177
부산광역시,북구,화명동,2311,희망공원,어린이공원,35.22628162,129.0095189
부산광역시,북구,금곡동,810-2,행복공원,어린이공원,35.25839307,129.0161711
부산광역시,북구,만덕동,853-1,함박공원,어린이공원,35.20597297,129.0386553
부산광역시,사상구,주례동,306,양지1공원,어린이공원,35.155144,129.0032654
부산광역시,사상구,주례동,314,양지2공원,어린이공원,35.15408151,129.0044646
부산광역시,사상구,주례동,961,주례백양공원,어린이공원,35.155438,128.9983131
부산광역시,사상구,주례동,"54-228, 237",다솜공원,어린이공원,35.149216,129.0156066
부산광역시,사상구,주례동,"54-230, 238",새싹공원,어린이공원,35.14908352,129.0146437
부산광역시,사상구,학장동,"168-5, 6, 20",구덕공원,어린이공원,35.1391941,128.9911134
부산광역시,사상구,학장동,168-9,구학공원,어린이공원,35.13574464,128.9919603
부산광역시,사상구,엄궁동,669-1,장밭갓공원,어린이공원,35.12893558,128.9781865
부산광역시,사상구,엄궁동,669-4,절골공원,어린이공원,35.12811765,128.9794237
부산광역시,사상구,엄궁동,674-2,다온공원,어린이공원,35.12621941,128.9770501
부산광역시,사상구,엄궁동,683-2,보듬공원,어린이공원,35.12452472,128.9691928
부산광역시,사상구,엄궁동,683-4,도담공원,어린이공원,35.12436409,128.9680361
부산광역시,사상구,엄궁동,726-2,나라어린이공원,어린이공원,35.12757501,128.9778343
부산광역시,사상구,감전동,41,사상공원,근린공원,35.159391,128.9933232
부산광역시,사상구,모라동,1365-1,모라공원,근린공원,35.183318,128.9905626
부산광역시,사상구,엄궁동,652-16,해름소공원,소공원,35.12486809,128.9656458
부산광역시,사상구,학장동,288-12,다누림공원,소공원,35.14744572,128.9948438
부산광역시,사상구,모라동,1375-3,모라벤처타워공원,소공원,35.19004594,128.9864313
부산광역시,사상구,주례동,1288-1,주감공원,소공원,35.15579312,128.9959911
부산광역시,사상구,모라동,1385,모라틔움공원,소공원,35.19167904,128.9941051
부산광역시,사상구,덕포동,"415-1, 413-1",부산도서관 인근 문화공원,문화공원,35.1735617,128.9849524
부산광역시,북구,화명동,2279,화명중앙공원,문화공원,35.23375269,129.0084538
부산광역시,북구,구포동,779-4,구포문화공원,문화공원,35.20078252,129.0020948
부산광역시,북구,만덕동,784,만덕사지당간지주역사공원,역사공원,35.21553348,129.0434376
부산광역시,북구,화명동,39-1,공립수목원,근린공원,35.25100773,129.0426586
부산광역시,북구,화명동,2328,화정근린공원,근린공원,35.22224877,129.0097404
경기도,화성시,기산동,478-2,기산1지구 소공원84호,소공원,37.22167107,127.0496213
경기도,화성시,기산동,478-6,기산1지구 소공원85호,소공원,37.21897844,127.0495889
경기도,화성시,병점동,532-11,벌말공원 (병점동 소공원),소공원,37.20044518,127.0367859
경기도,화성시,병점동,420,벌말 체육공원,기타(쌈지공원),37.20141003,127.0373523
경기도,화성시,진안동,692-326,진안동 쌈지공원,기타(쌈지공원),37.21116676,127.029367
경기도,화성시,기산동,446-3,기산동 쌈지공원,기타(쌈지공원),37.22733845,127.0378108
경기도,화성시,진안동,496,진안동 쌈지공원,기타(쌈지공원),37.21292378,127.0366711
경기도,화성시,능동,1221-1,능동 쌈지공원,기타(쌈지공원),37.21262377,127.0550892
경기도,화성시,병점동,756-33,병점지구 1호 유수지,기타,37.20133369,127.0290817
경기도,화성시,진안동,933,진안 공공공지,기타(공공공지),37.21789846,127.0314016
경기도,화성시,병점동,879,병점2지구 2호공공공지,기타(공공공지),37.20095486,127.0416482
경기도,화성시,병점동,878,병점2지구 3호공공공지,기타(공공공지),37.20099089,127.0402872
경기도,화성시,반월동,962-2,공공공지2호,기타(공공공지),37.22898191,127.0680177
경기도,화성시,병점동,351-8,병점역 공공공지,기타(공공공지),37.20727341,127.0348581
경기도,화성시,진안동,832-107,병점지구 1호 공공공지,기타(공공공지),37.20562954,127.027982
부산광역시,사상구,모라동,713-11,모라어울림공원,어린이공원,35.1842392,128.9836086
부산광역시,사상구,모라동,1325,야시곡공원,어린이공원,35.194794,128.9948069
부산광역시,사상구,모라동,1345-6,곡상골공원,어린이공원,35.19153821,128.9909285
부산광역시,사상구,모라동,1359,고동바위공원,어린이공원,35.188206,128.9902926
부산광역시,사상구,모라동,75-3,운수공원,어린이공원,35.18340104,129.0006778
부산광역시,사상구,모라동,75-5,모라백양공원,어린이공원,35.182139,129.0016374
부산광역시,사상구,모라동,75-15,서당골공원,어린이공원,35.18159924,129.0016108
부산광역시,사상구,덕포동,365-1,덕포공원,어린이공원,35.178556,128.9876612
부산광역시,사상구,덕포동,763,덕포체육공원,어린이공원,35.17759531,128.9892872
부산광역시,사상구,덕포동,776-1,덕포백양공원,어린이공원,35.174907,128.9895802
부산광역시,사상구,괘법동,537-2,창날공원,어린이공원,35.16389142,128.985594
부산광역시,사상구,주례동,294,창신공원,어린이공원,35.15560251,129.0045877
경기도,화성시,병점동,858-1,정든 어린이공원,어린이공원,37.20969877,127.0480854
경기도,화성시,병점동,859-4,목련 어린이공원,어린이공원,37.20579821,127.0459928
경기도,화성시,병점동,863-1,살구꽃 어린이공원,어린이공원,37.20600831,127.0443645
경기도,화성시,진안동,909-1,철쭉(무궁화) 어린이공원,어린이공원,37.21523998,127.0415623
경기도,화성시,병점동,840,안화 어린이공원,어린이공원,37.21326132,127.0430465
경기도,화성시,병점동,838,해당화 어린이공원,어린이공원,37.20989982,127.0444665
경기도,화성시,병점동,835-2,느치미 어린이공원,어린이공원,37.20962291,127.0421226
경기도,화성시,반월동,184-3,햇빛 어린이공원 (반월1호),어린이공원,37.23287214,127.0566915
경기도,화성시,반월동,859,사랑 어린이공원 (반월2호),어린이공원,37.23120689,127.0588902
경기도,화성시,반월동,167-1,꿈나라 어린이공원 (반월3호),어린이공원,37.23558191,127.0602722
경기도,화성시,반월동,165-58,자연 어린이공원 (반월4호),어린이공원,37.23362796,127.0578278
경기도,화성시,반월동,144-15,해오른 어린이공원 (반월5호),어린이공원,37.23291043,127.062729
경기도,화성시,반월동,881-2,반달 어린이공원 (두산1호),어린이공원,37.23514081,127.0669638
경기도,화성시,반월동,883-1,반달 어린이공원 (두산2호),어린이공원,37.23568108,127.0652413
경기도,화성시,반월동,885-1,푸르지오 어린이공원(당굴공원),어린이공원,37.23404177,127.0674358
경기도,화성시,반월동,873,행림 어린이공원,어린이공원,37.22395387,127.0511074
경기도,화성시,기산동,463-21,노을어린이공원 (틀뫼1호),어린이공원,37.22596502,127.0442622
경기도,화성시,기산동,383-2,푸른꿈어린이공원 (틀뫼2호),어린이공원,37.22773786,127.0459511
경기도,화성시,기산동,467-1,참누리어린이공원 (울트라1호),어린이공원,37.2200107,127.0504046
경기도,화성시,기산동,468-1,크로바어린이공원 (울트라2호),어린이공원,37.2196635,127.0525818
경기도,화성시,반월동,960-4,반월4지구 어린이공원(반다리공원),어린이공원,37.22394768,127.0602277
경기도,화성시,반월동,959-2,틀뫼3호공원,소공원,37.22810191,127.0465645
경기도,화성시,병점동,87,병점2지구 소공원,소공원,37.21074442,127.038889
경기도,화성시,반월동,944-2,sk뷰 소공원,소공원,37.22276443,127.054552
경기도,화성시,기산동,476-1,제86호 소공원(꽃마리),소공원,37.21860861,127.0530213
경기도,화성시,기산동,476-6,제87호 소공원(솜다리),소공원,37.21567945,127.0539039
경기도,화성시,반월동,965,소공원89호,소공원,37.22650887,127.0664309
경기도,화성시,송동,697-9,85호,기타(공공공지),37.16962452,127.0952107
경기도,화성시,송동,697-9,87호,기타(공공공지),37.16969664,127.0951657
경기도,화성시,송동,697-9,88호,기타(공공공지),37.16976873,127.0951658
경기도,화성시,장지동,1100,90호,기타(공공공지),37.15667464,127.1077129
경기도,화성시,장지동,1031-13,91호,기타(공공공지),37.15594811,127.1137909
경기도,화성시,장지동,1025-4,92호,기타(공공공지),37.15526378,127.1132946
경기도,화성시,장지동,971-8,93호,기타(공공공지),37.16168152,127.1109624
경기도,화성시,장지동,1022-8,94호,기타(공공공지),37.15616898,127.108883
경기도,화성시,장지동,1012-1,95호,기타(공공공지),37.15954653,127.1196955
경기도,화성시,오산동,1062-2,97호,기타(공공공지),37.19269727,127.087761
경기도,화성시,송동,682-3,98호,기타(공공공지),37.17348075,127.0955758
경기도,화성시,병점동,865,구봉산 근린공원,근린공원,37.20476123,127.0455665
경기도,화성시,병점동,823,병점 근린공원,근린공원,37.21234435,127.0461085
경기도,화성시,반월동,880-5,반월 중앙공원,근린공원,37.23607672,127.0661367
경기도,화성시,반월동,875,행복 근린공원,근린공원,37.22178835,127.0517644
경기도,화성시,진안동,141,다람산공원,근린공원,37.2173702,127.0336058
경기도,화성시,병점동,756-33,새봄공원(1호근린공원),근린공원,37.20133369,127.0290817
경기도,화성시,진안동,855-3,종이비행기 어린이공원,어린이공원,37.21689638,127.0376869
경기도,화성시,진안동,861-1,색종이 어린이공원,어린이공원,37.21450998,127.0365677
경기도,화성시,진안동,866-6,숨바꼭질 어린이공원,어린이공원,37.21482653,127.0395526
경기도,화성시,진안동,887-1,물빛 어린이공원,어린이공원,37.21176007,127.0419386
경기도,화성시,진안동,920,느티 어린이공원,어린이공원,37.21902633,127.0361218
경기도,화성시,진안동,916-1,은행 어린이공원,어린이공원,37.21724057,127.0399039
경기도,화성시,진안동,912-1,산수유 어린이공원,어린이공원,37.21720185,127.0434273
경기도,화성시,병점동,847-1,회화 어린이공원,어린이공원,37.21560433,127.0455844
경기도,화성시,병점동,855,장미 어린이공원,어린이공원,37.21278125,127.0478815
경기도,화성시,병점동,857,매화 어린이공원,어린이공원,37.21374599,127.0511359
경기도,화성시,송동,693-1,52호,기타(공공공지),37.17509432,127.1053969
경기도,화성시,산척동,699-1,53호,기타(공공공지),37.1750936,127.1062076
경기도,화성시,송동,693-3,54호,기타(공공공지),37.17282294,127.1062045
경기도,화성시,산척동,699-3,55호,기타(공공공지),37.17278617,127.1070151
경기도,화성시,장지동,966-1,56호,기타(공공공지),37.1628748,127.106731
경기도,화성시,장지동,964-2,57호,기타(공공공지),37.16262271,127.1065054
경기도,화성시,오산동,967-1526,59호,기타(공공공지),37.19401944,127.092314
경기도,화성시,오산동,989-2,60호,기타(공공공지),37.19276841,127.0890226
경기도,화성시,오산동,967-1541,61호,기타(공공공지),37.19346585,127.0910758
경기도,화성시,오산동,992-2,64호,기타(공공공지),37.18974353,127.085415
경기도,화성시,오산동,999-2,65호,기타(공공공지),37.19039111,127.0870376
경기도,화성시,송동,681-450,67호,기타(공공공지),37.17416729,127.0956889
경기도,화성시,오산동,1005-1,70호,기타(공공공지),37.18833383,127.0908644
경기도,화성시,오산동,1001-2,71호,기타(공공공지),37.18714561,127.0893313
경기도,화성시,오산동,1030-20,71호,기타(공공공지),37.1857292,127.1026187
경기도,화성시,목동,산96,71호,기타(공공공지),37.183393,127.1197405
경기도,화성시,오산동1031-16,,72호,기타(공공공지),37.18554973,127.1017626
경기도,화성시,오산동,1030-17,73호,기타(공공공지),37.18497321,127.1015816
경기도,화성시,오산동,1037-1,74호,기타(공공공지),37.18417754,127.1047338
경기도,화성시,오산동,1033-10,74호,기타(공공공지),37.18468304,127.1036984
경기도,화성시,오산동,1036-24,75호,기타(공공공지),37.1843234,127.102797
경기도,화성시,목동,261-2,76호,기타(공공공지),37.18221927,127.125193
경기도,화성시,목동,463-10,77호,기타(공공공지),37.17997748,127.1245475
경기도,화성시,산척동,688-6,79호,기타(공공공지),37.17833093,127.1131939
경기도,화성시,산척동,696-6,80호,기타(공공공지),37.17742884,127.1142736
경기도,화성시,송동,689-1,81호,기타(공공공지),37.17271888,127.1015652
경기도,화성시,산척동,산125,81호,기타(공공공지),37.17234817,127.1169231
경기도,화성시,장지동,921-1,84호,기타(공공공지),37.16464797,127.098537
울산광역시,북구,산하동,산106-5,숲속공원,어린이공원,35.628422,129.435525
울산광역시,북구,산하동,116,해오름공원,근린공원,35.63646325,129.4394931
울산광역시,북구,산하동,302,강동중앙공원,근린공원,35.630605,129.439257
울산광역시,북구,산하동,산112,산하누림공원,근린공원,35.625813,129.436101
울산광역시,북구,신천동,821-2,신천지구 내 어린이공원,어린이공원,35.63461449,129.3567428
울산광역시,북구,화봉동,산39-5,화산근린공원,근린공원,35.6006288,129.3714261
울산광역시,북구,화봉동,97-1,곡리근린공원,근린공원,35.60096914,129.368743
울산광역시,북구,송정동,459-1,대리근린공원,근린공원,35.59851082,129.3621956
울산광역시,북구,송정동,1104-75,봉산정근린공원,근린공원,35.59596062,129.3613744
울산광역시,북구,중산동159-9,,한울소공원,소공원,35.65026743,129.3525825
울산광역시,북구,매곡동,444-1,신기어린이공원,어린이공원,35.64689348,129.3550532
울산광역시,북구,중산동,37,새터어린이공원,어린이공원,35.64887261,129.3569246
울산광역시,북구,중산동,192-3,약수어린이공원,어린이공원,35.65492977,129.3530656
울산광역시,북구,송정동,1236-3,송정어린이공원,어린이공원,35.60515912,129.3658091
울산광역시,북구,송정동,1201-2,송령어린이공원,어린이공원,35.59690917,129.3607111
울산광역시,북구,화봉동,67-14,솔내소공원,소공원,35.59903807,129.371327
울산광역시,북구,송정동,421-1,솔향소공원,소공원,35.60045904,129.3645678
울산광역시,북구,송정동,1230-2,솔잎소공원,소공원,35.60223001,129.3634408
울산광역시,북구,천곡동,945-1,천곡샘골생태공원,근린공원,35.63835429,129.323763
울산광역시,북구,매곡동,479,매곡공원,근린공원,35.645422,129.350319
대전광역시,중구,대흥동,326-54,테미,근린공원,36.31917621,127.4218307
대전광역시,중구,태평동,421-5,버드내조폐,근린공원,36.32220433,127.388659
대전광역시,중구,침산동,364,뿌리,근린공원,36.28537962,127.3883
대전광역시,중구,문화동,1-256,문화1,근린공원,36.31288829,127.4117078
대전광역시,중구,문화동,338-2,문화2,근린공원,36.316592,127.4041865
대전광역시,중구,선화동,362-97,양지,근린공원,36.32481352,127.4159069
울산광역시,북구,화봉동,1469-1,한솔근린공원,근린공원,35.59244464,129.3658724
울산광역시,북구,연암동,1369,62호공원,근린공원,35.58164522,129.3736133
울산광역시,북구,효문동,989,89호공원,근린공원,35.56856852,129.3768467
울산광역시,북구,양정동,500-41,양정소공원,소공원,35.54975807,129.3854458
울산광역시,북구,염포동,524-4,중리소공원,소공원,35.52866877,129.398753
울산광역시,북구,천곡동,1157,천곡뜰소공원,소공원,35.6364618,129.3329932
울산광역시,북구,매곡동,884-6,매곡소공원,소공원,35.64095926,129.366747
울산광역시,북구,중산동,1284-7,햇빛어린이공원,어린이공원,35.65289183,129.3501658
울산광역시,북구,중산동,1285-7,별빛어린이공원,어린이공원,35.6523338,129.3500331
울산광역시,북구,중산동,1286-7,달빛어린이공원,어린이공원,35.65178894,129.3498379
울산광역시,북구,매곡동,917,중산소공원,소공원,35.64706042,129.3530357
울산광역시,북구,효문동,1040,효문1공원,소공원,35.56249255,129.3760355
울산광역시,북구,효문동,1043,효문2공원(효정공원),소공원,35.55993114,129.3751136
울산광역시,북구,신천동,800,신천1공원,소공원,35.64172962,129.3501395
울산광역시,북구,신천동,801,신천2공원,소공원,35.63950016,129.3507348
울산광역시,북구,매곡동,901,삼밭골공원,어린이공원,35.63517088,129.3608554
울산광역시,북구,호계동,1013-1,산방등대공원,어린이공원,35.63347036,129.3626177
울산광역시,북구,호계동,997,장등공원,어린이공원,35.63119434,129.3601516
울산광역시,북구,호계동,1028-1,봇골공원,어린이공원,35.63130961,129.3634159
울산광역시,북구,호계동,1041-1,당수골공원,어린이공원,35.62935259,129.3632364
울산광역시,북구,호계동,983,못안공원,근린공원,35.63363552,129.3594469
울산광역시,북구,호계동,1017,대동공원,근린공원,35.63247616,129.3642628
울산광역시,북구,호계동,1043,수성공원,근린공원,35.62823258,129.3618388
울산광역시,북구,신천동,590,신천공원(신천자연마당),근린공원,35.642914,129.345265
울산광역시,북구,산하동,397,몽돌공원,어린이공원,35.626826,129.441383
울산광역시,북구,산하동,산55,솔바람공원,어린이공원,35.635505,129.436016
울산광역시,북구,화봉동,424-1,송내공원,어린이공원,35.59232858,129.3625324
울산광역시,북구,화봉동,468-1,청솔공원,어린이공원,35.58853845,129.3700584
울산광역시,북구,연암동,378,상방공원,근린공원,35.58425629,129.368571
울산광역시,북구,화봉동,445-1,화봉공원,근린공원,35.58943549,129.3648249
울산광역시,북구,염포동,995-11,성내어린이공원,어린이공원,35.52393871,129.4016103
울산광역시,북구,호계동,669,수동공원,어린이공원,35.62489541,129.3574434
울산광역시,북구,호계동,263-2,우리공원,어린이공원,35.63174258,129.3560799
울산광역시,북구,호계동,262-1,희망공원,어린이공원,35.63153712,129.3535152
울산광역시,북구,호계동,256,오뚜기공원,어린이공원,35.62974926,129.3519602
울산광역시,북구,호계동,265-8,해맑은공원,어린이공원,35.63016398,129.3577975
울산광역시,북구,호계동,284-5,으뜸공원,어린이공원,35.62892516,129.3557885
울산광역시,북구,호계동,276-4,종달새공원,어린이공원,35.62772724,129.3532853
울산광역시,북구,중산동,569,중산어린이공원,어린이공원,35.66164585,129.3370105
울산광역시,북구,매곡동,351-9,매곡산단공원(매곡2),근린공원,35.64347912,129.367077
울산광역시,북구,신천동,114-5,신천어린이공원,어린이공원,35.64219111,129.3493598
울산광역시,북구,상안동,352,상안어린이공원,어린이공원,35.62762957,129.3443087
울산광역시,북구,매곡동,848,매곡1어린이공원,어린이공원,35.64352314,129.3536182
울산광역시,북구,신천동,784,신천소공원,소공원,35.64659206,129.3459848
울산광역시,북구,매곡동,산90,온누리공원,근린공원,35.64505397,129.3606976
울산광역시,북구,화봉동,1338-2,아람어린이공원,어린이공원,35.5960765,129.3661983
울산광역시,북구,화봉동,1339-3,아라어린이공원,어린이공원,35.59561286,129.3682584
울산광역시,북구,화봉동,1457-3,누리어린이공원,어린이공원,35.59120693,129.3702529
울산광역시,북구,화봉동,1471-1,가온어린이공원,어린이공원,35.5942997,129.3651248
울산광역시,북구,화봉동,1471-4,가람근린공원,근린공원,35.59411603,129.3618805
경기도,화성시,장지동,963-1,47호,기타(공공공지),37.16074956,127.1053319
경기도,화성시,청계동,543-0,58호,기타(공공공지),37.19407893,127.1156953
경기도,화성시,오산동,998-1,31호,기타(공공공지),37.18905699,127.0878019
경기도,화성시,오산동,972-2,32호,기타(공공공지),37.20451567,127.0922355
경기도,화성시,오산동,988-2,33호,기타(공공공지),37.19453196,127.0923135
경기도,화성시,오산동,972-1,35호,기타(공공공지),37.20451665,127.0909739
경기도,화성시,오산동,1051-1,36호,기타(공공공지),37.20408514,127.0896667
경기도,화성시,오산동,988-3,46호,기타(공공공지),37.19453293,127.091052
경기도,화성시,영천동,805-1,13호,기타(공공공지),37.20920502,127.0871042
경기도,화성시,산척동,729-1,13호,기타(공공공지),37.16600847,127.1089421
경기도,화성시,산척동,729-1,13호,기타(공공공지),37.16600851,127.1088971
경기도,화성시,영천동,790-1,14호,기타(공공공지),37.20830001,127.0923303
경기도,화성시,송동,725-13,28호,기타(공공공지),37.16590276,127.1062849
경기도,화성시,장지동,924-2,29호,기타(공공공지),37.16547037,127.1061491
경기도,화성시,장지동,968-2,30호,기타(공공공지),37.16532535,127.1070947
경기도,화성시,영천동,790-1,31호,기타(공공공지),37.20826393,127.0923753
경기도,화성시,오산동,998-1,31호,기타(공공공지),37.18898483,127.0878919
경기도,화성시,오산동,972-2,32호,기타(공공공지),37.20455168,127.0922806
경기도,화성시,오산동,988-2,33호,기타(공공공지),37.19460397,127.0924037
경기도,화성시,장지동,1053,34호,기타(공공공지),37.154085,127.1015853
경기도,화성시,오산동,972-1,35호,기타(공공공지),37.20444449,127.0910639
경기도,화성시,오산동,1051-1,36호,기타(공공공지),37.20412111,127.0897568
경기도,화성시,송동,697-8,3호,기타(공공공지),37.16901166,127.0953901
경기도,화성시,장지동,912-10,3호,기타(공공공지),37.16439822,127.0954293
경기도,화성시,장지동,912-10,47호,기타(공공공지),37.16454242,127.0953844
경기도,화성시,오산동,1030-19,49호,기타(공공공지),37.18576641,127.1012673
경기도,화성시,송동,692-2,50호,기타(공공공지),37.17538278,127.1052622
경기도,화성시,산척동,677-1,51호,기타(공공공지),37.17567047,127.1059832
경기도,화성시,청계동,543-0,13호(M),기타(공공공지),37.19407884,127.1157854
경기도,화성시,목동,118-28,13호,기타(공공공지),37.19151289,127.1220502
경기도,화성시,영천동662-1,,15호,기타(공공공지),37.20820451,127.0992058
경기도,화성시,영천동,681-9,16호,기타(공공공지),37.20619485,127.1117917
경기도,화성시,영천동,700-6,17호,기타(공공공지),37.20534352,127.1122755
경기도,화성시,영천동,701-14,18호,기타(공공공지),37.20574872,127.1128389
경기도,화성시,청계동,538-1,22호,기타(공공공지),37.19694674,127.1175939
경기도,화성시,청계동,552-1,23호,기타(공공공지),37.19799179,127.1175534
경기도,화성시,목동,123-1,24호,기타(공공공지),37.18965893,127.1235865
경기도,화성시,산척동,292,25호,기타(공공공지),37.17451476,127.119814
경기도,화성시,산척동,287,26호,기타(공공공지),37.17375238,127.1194383
경기도,화성시,산척동,산120-4,27호,기타(공공공지),37.17193122,127.1186683
경기도,화성시,영천동,766-9,35호(A),기타(공공공지),37.20215129,127.1281814
경기도,화성시,영천동,745-14,35호(B),기타(공공공지),37.20266363,127.1233783
경기도,화성시,영천동,746-0,40호,기타(공공공지),37.20301129,127.1217467
경기도,화성시,영천동,739-11,41호,기타(공공공지),37.20329112,127.1218133
경기도,화성시,영천동747-10,,42호,기타(공공공지),37.20405586,127.1244734
경기도,화성시,영천동,749-16,43호,기타(공공공지),37.20380008,127.1247511
경기도,화성시,영천동,750-11,44호,기타(공공공지),37.2031162,127.1249357
경기도,화성시,영천동757-6,,45호,기타(공공공지),37.20288885,127.127352
경기도,화성시,청계동,538-1,46호(A),기타(공공공지),37.19694674,127.1175939
경기도,화성시,청계동,552-1,46호(B),기타(공공공지),37.19799179,127.1175534
경기도,화성시,청계동,557-0,46호(C),기타(공공공지),37.19821766,127.121784
경기도,화성시,영천동,652-6,47호,기타(공공공지),37.20839817,127.0984508
경기도,화성시,청계동,564-2,47호(A),기타(공공공지),37.1931569,127.0990697
경기도,화성시,영천동662-1,,47호(E),기타(공공공지),37.20820451,127.0992058
경기도,화성시,오산동,1030-18,47호,기타(공공공지),37.1852617,127.1014018
경기도,화성시,산척동,675-1,47호,기타(공공공지),37.17714888,127.1052196
경기도,화성시,청계동,546-1,20호,기타(공공공지),37.20156456,127.1152247
경기도,화성시,청계동,546-1,21호,기타(공공공지),37.20156456,127.1152247
경기도,화성시,청계동,550-1,35호,기타(공공공지),37.20183476,127.1195156
경기도,화성시,청계동,550-1,35호,기타(공공공지),37.20183476,127.1195156
경기도,화성시,청계동,533-1,35호,기타(공공공지),37.20196736,127.1139456
경기도,화성시,청계동,513-1,35호,기타(공공공지),37.20243533,127.106477
경기도,화성시,청계동,512-1,37호,기타(공공공지),37.20305631,127.0992003
경기도,화성시,청계동,512-1,38호,기타(공공공지),37.20305631,127.0992003
경기도,화성시,청계동,513-1,39호,기타(공공공지),37.20243533,127.106477
경기도,화성시,청계동,520-1,46호,기타(공공공지),37.1956464,127.1018446
경기도,화성시,청계동,525-1,46호,기타(공공공지),37.19722877,127.1079552
경기도,화성시,청계동,546-1,46호,기타(공공공지),37.20156456,127.1152247
경기도,화성시,청계동,512-1,47호,기타(공공공지),37.20305631,127.0992003
경기도,화성시,청계동,519-1,47호,기타(공공공지),37.2006656,127.0998117
경기도,화성시,청계동,520-1,47호,기타(공공공지),37.1956464,127.1018446
경기도,화성시,청계동,520-1,48호,기타(공공공지),37.1956464,127.1018446
경기도,화성시,영천동,673-8,9호,기타(공공공지),37.20770938,127.1090049
경기도,화성시,영천동,717,10호,기타(공공공지),37.20928869,127.1140166527
경기도,화성시,영천동,717,11호,기타(공공공지),37.20928869,127.1140166527
경기도,화성시,영천동,662-1,13호(A),기타(공공공지),37.20820451,127.0992058
경기도,화성시,영천동,672-2,13호(B),기타(공공공지),37.20879772,127.1092100193
경기도,화성시,영천동,700-6,13호(C),기타(공공공지),37.20534352,127.1122755
경기도,화성시,영천동,677-1,13호(D),기타(공공공지),37.20508708,127.1117252
경기도,화성시,청계동,552-1,13호(H),기타(공공공지),37.19799179,127.1175534
경기도,화성시,청계동,552-1,13호(I),기타(공공공지),37.19799179,127.1175534
경기도,화성시,청계동,538-1,13호(J),기타(공공공지),37.19694674,127.1175939
경기도,화성시,청계동,538-1,13호(K),기타(공공공지),37.19694674,127.1175939
경기도,화성시,청계동,557-0,13호(L),기타(공공공지),37.19821757,127.1218742
경기도,화성시,장지동,974,장지체육공원,체육공원,37.1596989,127.1112747
경기도,화성시,오산동,1041-1,체육4호,체육공원,37.1856559,127.1040151
경기도,화성시,산척동,674-30,왕배산체육공원,체육공원,37.17889373,127.1249776
경기도,화성시,청계동,550-1,도담공원(6호),소공원,37.20183476,127.1195156
경기도,화성시,영천동,688-9,4호 소공원(지산말),소공원,37.20780171,127.1124913
경기도,화성시,영천동,704-8,5호 소공원(지산향기),소공원,37.20564036,127.113976
경기도,화성시,영천동,776,7호 소공원(한울),소공원,37.20419162,127.1285102
경기도,화성시,영천동,538-1,8호 소공원(청계사랑),소공원,37.20980194,127.1064365
경기도,화성시,영천동,552-1,9호 소공원(예솔),소공원,37.20798489,127.1029643
경기도,화성시,신동,703-4,물류단지내 소공원,소공원,37.17089117,127.1277172
경기도,화성시,송동,701,고샅공원,소공원,37.16843599,127.0941283
경기도,화성시,장지동,1002-7,장지빛공원,소공원,37.16077386,127.1178061
경기도,화성시,장지동,923-1,오순공원,소공원,37.16089641,127.1022699
경기도,화성시,장지동,928-3,도순공원,소공원,37.16060733,127.1031251
경기도,화성시,장지동,977-1,효행공원,소공원,37.15696049,127.1104152
경기도,화성시,장지동,983-8,노을공원,소공원,37.15940752,127.1144716
경기도,화성시,장지동,999-1,22호 소공원,소공원,37.16142293,127.1174919
경기도,화성시,목동,393-5,달무리공원(소공원10호),소공원,37.18264274,127.1205009
경기도,화성시,목동,산21-1,곱다시공원(소공원11호),소공원,37.18484828,127.1261451
경기도,화성시,동탄면,중리 827,중리 쌈지공원,기타(쌈지공원),37.21807594,127.1226272
경기도,화성시,청계동,20번지,광장2호,기타(광장),37.19531663,127.1023614
경기도,화성시,영천동,681-10,동탄2 택지 광장 1호,기타(광장),37.20716606,127.1111401
경기도,화성시,오산동,992-1,광장3호,기타(광장),37.1910768,127.085822
경기도,화성시,오산동,996-4,광장5호,기타(광장),37.18740001,127.0864935
경기도,화성시,청계동,546-1,13호,기타(공공공지),37.20156456,127.1152247
경기도,화성시,청계동,546-1,13호,기타(공공공지),37.20156456,127.1152247
경기도,화성시,청계동,533-1,13호,기타(공공공지),37.20196736,127.1139456
경기도,화성시,청계동,533-1,19호,기타(공공공지),37.20196736,127.1139456
경기도,화성시,장지동,962-9,꽃다지어린이공원,어린이공원,37.15855026,127.1061395
경기도,화성시,장지동,1017-6,꽃마리어린이공원,어린이공원,37.15735883,127.1083893
경기도,화성시,장지동,998-7,아람어린이공원,어린이공원,37.16153057,127.1179874
경기도,화성시,장지동,1029-3,달빛어린이공원,어린이공원,37.15544291,127.1144206
경기도,화성시,목동,256-1,햇살어린이공원(어린이2호),어린이공원,37.18173749,127.1249521
경기도,화성시,산척동,산155-24,샛별어린이공원(어린이3호),어린이공원,37.17277347,127.1228062
경기도,화성시,오산동,1060,여울공원,문화공원,37.19832066,127.0866412
경기도,화성시,영천동,670-2,치동천체육공원,체육공원,37.2058863,127.1068813
경기도,화성시,남양리,2157,10호어린이 살랑살랑 어린이공원,어린이공원,37.19556386,126.8305153
경기도,화성시,남양리,2313,9호어린이 반짝반짝 어린이공원,어린이공원,37.19913391,126.8243647
경기도,화성시,남양리,2301,8호어린이 방울방울 어린이공원,어린이공원,37.20133346,126.8221548
경기도,의왕시,내손동,843-1,민백공원,소공원,37.38695246,126.9751459
경기도,의왕시,포일동,638-2,두산위브공원,소공원,37.39172589,126.9793145
경기도,의왕시,오전동,897,아란공원,소공원,37.36165055,126.962679
경기도,의왕시,오전동,893,오전마구역 소공원,소공원,37.35092973,126.9730081
경기도,의왕시,삼동,588,늘타리공원,소공원,37.32068577,126.9582707
경기도,의왕시,학의동,1142-2,마실공원,소공원,37.36915975,127.0075282
경기도,의왕시,학의동,1072,향기공원,소공원,37.37303161,127.0150667
경기도,의왕시,이동,747,소공원65,소공원,37.33182203,126.956787
경기도,의왕시,삼동,750,소공원66,소공원,37.32965675,126.9542283
경기도,의왕시,삼동,748,소공원67,소공원,37.3293489,126.9546475
경기도,의왕시,포일동,646-1,노을빛공원,수변공원,37.40055682,126.9853646
경기도,의왕시,삼동,629,부곡공원,수변공원,37.31798015,126.9567633
경기도,의왕시,삼동,608,웃골공원,수변공원,37.31946101,126.9606831
경기도,의왕시,삼동,624,아랫골공원,수변공원,37.31739897,126.9582301
경기도,의왕시,학의동,1081,미소공원,수변공원,37.37364118,127.006973
경기도,의왕시,학의동,1098,여울공원,수변공원,37.37272849,127.0077017
경기도,의왕시,학의동,1114,은빛공원,수변공원,37.37208619,127.0037513
경기도,의왕시,학의동,1162,풍경공원,수변공원,37.36924143,127.003027
경기도,의왕시,학의동,1168,맞이공원,수변공원,37.36590371,127.0031657
경기도,의왕시,내손동,228-1,갈미한글공원,문화공원,37.37796498,126.9849552
경기도,의왕시,내손동,666,내손공원,체육공원,37.38728649,126.9831857
경기도,의왕시,왕곡동,270-2,고천체육공원,체육공원,37.34790019,126.9823494
경기도,의왕시,월암동,421,부곡체육공원,체육공원,37.31463423,126.9587538
강원도,철원군,갈말읍,지포리123,지포공원,어린이공원,38.14454398,127.3060977
강원도,철원군,갈말읍,군탄리1028-8,지포2공원,어린이공원,38.14767257,127.3020647
강원도,철원군,철원읍,화지리15-1,화지4공원,소공원,38.21403223,127.2194071
강원도,철원군,철원읍,화지리978,화지5공원,어린이공원,38.21135471,127.2200886
강원도,철원군,김화읍,학사리261-2,김화공원,어린이공원,38.24895256,127.4211853
강원도,철원군,서면,와수리 1192,와수제1공원,어린이공원,38.24238809,127.4392155
강원도,철원군,서면,와수리 1157-4,와수제2공원,어린이공원,38.23714021,127.4387249
강원도,철원군,서면,와수리2409-1,와수제5공원,어린이공원,38.24318517,127.4368805
강원도,철원군,서면,와수리 1338-1,와수제6공원,어린이공원,38.23058758,127.4317239
강원도,철원군,근남면,육단리 산1-2,육단1어린이공원,어린이공원,38.24149183,127.4676225
강원도,철원군,철원읍,화지리62-39,화지3공원,어린이공원,38.21296853,127.2109448
강원도,철원군,갈말읍,신철원리 721,명성공원,어린이공원,38.14307969,127.3108612
강원도,철원군,갈말읍,신철원리452-17,신철원공원(현충탑),근린공원,38.14942759,127.322872
강원도,철원군,갈말읍,군탄리253-1,군탄공원,근린공원,38.15841167,127.3143187
강원도,철원군,갈말읍,내대리550,역사공원4(승일공원),역사공원,38.18622233,127.302121
강원도,철원군,동송읍,오덕리 946-35,대교천공원,어린이공원,38.21211986,127.2245012
강원도,철원군,동송읍,이평리 859-3,사문안천공원,어린이공원,38.20753272,127.206828
강원도,철원군,서면,와수리 1247,남대공원(달빛공원),근린공원,38.23906591,127.4326904
강원도,철원군,동송읍,이평리 산 114,체육공원(하늘숲땅숲공원),근린공원,38.19964668,127.2058571
강원도,철원군,김화읍,청양리 3496,수변공원6,수변공원,38.24484374,127.3750829
강원도,철원군,동송읍,이평리 848-34,에너지공원,문화공원,38.20691194,127.2150255
강원도,철원군,철원읍,대마리 27-2,두루미평화공원,문화공원,38.26427015,127.1691448
경상남도,양산시,교동,156-3,춘추근린공원,근린공원,35.34866941,129.0287148
경상남도,양산시,북부동,486-2,신북안 어린이공원,어린이공원,35.34575999,129.0381876
경상남도,양산시,삼호동,991-3,삼호어린이공원,어린이공원,35.41051453,129.1691455
경상남도,양산시,명동,701-6,외홈어린이공원,어린이공원,35.4087825768,129.1669310859
경상남도,양산시,산막동,309-1,산막 어린이공원,어린이공원,35.37079292,129.0502023
경상남도,양산시,유산동,산50-1,유산근린공원,근린공원,35.36061975,129.033707
경상남도,양산시,물금읍,가촌리 527,가촌신기 어린이공원,어린이공원,35.32006917,128.9933979
경상남도,양산시,동면,석산리 864-6,곡리 어린이공원,어린이공원,35.3171339,129.0312685
경상남도,양산시,남부동,461-1,옹기골 어린이공원,어린이공원,35.33907485,129.0371051
경상남도,양산시,남부동,470-1,옥곡 어린이공원,어린이공원,35.33593409,129.0365737
경상남도,양산시,중부동,604-1,서일동 어린이공원,어린이공원,35.34044247,129.0354899
경상남도,양산시,하북면,지산리 5-2,삼방 어린이공원,어린이공원,35.49405695,129.0825719
경상남도,양산시,하북면,초산리 313-8,초산어린이공원,어린이공원,35.48418598,129.0885857
경상남도,양산시,물금읍,가촌리 554-5,새터 어린이공원,어린이공원,35.32028649,128.9918013
경상남도,양산시,상북면,석계리 237-12,꿈샘 어린이공원,어린이공원,35.41600226,129.0593322
경상남도,양산시,상북면,석계리 245-4,여울 어린이공원,어린이공원,35.41328129,129.0571387
경상남도,양산시,신기동,133,빛솔 어린이공원,어린이공원,35.35403651,129.0477522
경상남도,양산시,신기동,118,빛길 어린이공원,어린이공원,35.355386,129.047668
경상남도,양산시,동면,석산리 774-5,해강 어린이공원,어린이공원,35.31534843,129.0309876
경상남도,양산시,북정동,435,북정 근린공원,근린공원,35.36322077,129.0498922
경상남도,양산시,북정동,406,못안 어린이공원,어린이공원,35.36465263,129.0485404
경상남도,양산시,북정동,532-1,삼성 어린이공원,어린이공원,35.36138264,129.0486445
경상남도,양산시,북정동,552-8,중각단 어린이공원,어린이공원,35.35954752,129.0480182
경상남도,양산시,물금읍,가촌리 708-7,가촌 어린이공원,어린이공원,35.32335474,128.9938491
경상남도,양산시,북부동,697-1,서북안 어린이공원,어린이공원,35.34922332,129.0387104
경상남도,양산시,신기동,508-2,서중동 어린이공원,어린이공원,35.35496036,129.0401707
경상남도,양산시,신기동,508-7,중동 어린이공원,어린이공원,35.35273945,129.0393395
경상남도,양산시,신기동,511-2,한마음 어린이공원,어린이공원,35.3515322,129.0399488
경상남도,양산시,하북면,순지리 826-1,동부 어린이공원,어린이공원,35.4935491,129.0881099
경상남도,양산시,하북면,순지리 818-1,순지 어린이공원,어린이공원,35.4941223,129.0851777
경상남도,양산시,동면,석산리 517,한신 어린이공원,어린이공원,35.31310572,129.0316303
경상남도,양산시,동면,금산리 576-1,은행나무어린이공원(석산어린이공원),어린이공원,35.30928236,129.0291952
경상남도,양산시,동면,금산리 585-1,금산날뜰 어린이공원,어린이공원,35.30706168,129.0280721
경상남도,양산시,북정동,899-1,메타 어린이공원,어린이공원,35.35861062,129.0409714
경상남도,양산시,북정동,912-1,마로니에 어린이공원,어린이공원,35.35611303,129.041152
경상남도,양산시,북정동,907-5,신기당산 어린이공원,어린이공원,35.35595996,129.0437391
경상남도,양산시,교동,603,교동 어린이공원,어린이공원,35.34805531,129.0204959
경상남도,양산시,상북면,대석리 808-3,대석 어린이공원,어린이공원,35.39164029,129.0531667
경상남도,양산시,명동,455-2,명동공원,근린공원,35.4028744,129.1677143
경상남도,양산시,용당동,468-6,용당별빛공원,어린이공원,35.42777714,129.187206
경상남도,양산시,삼호동,1015-1,웃섬들어린이공원,어린이공원,35.41239206,129.1652199
경상남도,양산시,삼호동,1012-6,아랫섬어린이공원,어린이공원,35.41125592,129.1661082
경상남도,양산시,명동,1074-1,명동어린이공원,어린이공원,35.40542927,129.1702027
경상남도,양산시,주남동,646-4,주남행복어린이공원,어린이공원,35.4235375,129.1514099
경상남도,양산시,소주동,743-1,백동어린이공원,어린이공원,35.40658374,129.1538614
경상남도,양산시,평산동,87,아리골공원,어린이공원,35.38325989,129.1494436
경상남도,양산시,평산동,74-2,평산어린이공원,어린이공원,35.38329652,129.1530382
경상남도,양산시,평산동,105-5,평산음악공원,어린이공원,35.38071136,129.1507185
경상남도,양산시,평산동,346,평산휴먼시아어린이공원,어린이공원,35.37952356,129.1460135
경상남도,양산시,평산동,55,신명어린이공원,어린이공원,35.38604026,129.1548085
경상남도,양산시,평산동,142,한고을어린이공원,어린이공원,35.37998122,129.1532508
경상남도,양산시,평산동,646-3,내연어린이공원,어린이공원,35.37156797,129.1428771
경상남도,양산시,명동,1067-1,황새어린이공원,어린이공원,35.40778353,129.1690005
경상남도,양산시,남부동,601-2,삽량 근린공원,근린공원,35.33201743,129.0311347
경상남도,양산시,중부동,401-1,양주 근린공원,근린공원,35.3424482921,129.0330233522
경상남도,양산시,남부동,608-2,남부 어린이공원,어린이공원,35.33147091,129.0261396
경상남도,양산시,물금읍,물금리 162-1,황산 체육공원,어린이공원,35.30198745,128.9909861
경상남도,양산시,중부동,666-2,중앙 어린이공원,어린이공원,35.34010608,129.0317474
경상남도,양산시,삼호동,157,큰골근린공원,근린공원,35.41161583,129.1822946
경상남도,양산시,삼호동,886-1,중앙근린공원,근린공원,35.41003004,129.1747204
경상남도,양산시,삼호동,109-1,동부어린이공원,어린이공원,35.41691937,129.176647
인천광역시,계양구,병방동,367,병방공원,어린이공원,37.54814,126.738034
인천광역시,계양구,임학동,135,임학공원,어린이공원,37.548389,126.733413
인천광역시,계양구,병방동,432-4,학마을공원,어린이공원,37.544163,126.74203
인천광역시,계양구,용종동,213-1,초정공원,어린이공원,37.540964,126.741689
인천광역시,계양구,계산동,1084-1,은행공원,어린이공원,37.537515,126.739268
인천광역시,계양구,작전동,912-2,도두리공원,어린이공원,37.53136,126.738459
인천광역시,계양구,계산동,1067-1,개나리공원,어린이공원,37.538514,126.732612
인천광역시,계양구,계산동,1068-1+4,계산4공원,어린이공원,37.537914,126.733553
인천광역시,계양구,귤현동,509-5,샘터공원,어린이공원,37.567828,126.74514
인천광역시,계양구,귤현동,486-7,안골공원,어린이공원,37.569792,126.746641
인천광역시,계양구,귤현동,499-6,굴재공원,어린이공원,37.567896,126.749039
인천광역시,계양구,동양동,575-1,동양택지1공원,어린이공원,37.559059,126.753403
인천광역시,계양구,동양동,582-1,동양택지2공원,어린이공원,37.558658,126.758387
인천광역시,계양구,장기동,131,동산공원,어린이공원,37.579498,126.730646
인천광역시,계양구,장기동,124,장기공원,어린이공원,37.577702,126.731422
인천광역시,계양구,장기동,136,중앙공원,어린이공원,37.577607,126.734374
인천광역시,계양구,장기동,146,장터공원,어린이공원,37.578382,126.736734
인천광역시,계양구,동양동,592,양지말공원,어린이공원,37.563848,126.754115
인천광역시,계양구,동양동,607,모텡이공원,어린이공원,37.561596,126.754568
인천광역시,계양구,동양동,620-2,서녘공원,어린이공원,37.560911,126.757735
인천광역시,계양구,서운동,185-1,살나리공원,어린이공원,37.536298,126.746173
인천광역시,계양구,계산동,944-20,계산1호공원,어린이공원,37.542757,126.723728
인천광역시,계양구,귤현동,231,들놀이공원,어린이공원,37.565824,126.751777
인천광역시,계양구,박촌동,38,소양공원,어린이공원,37.558197,126.741599
인천광역시,계양구,병방동,33-2,양촌공원,어린이공원,37.548758,126.745885
인천광역시,계양구,박촌동,149-29,박촌공원,어린이공원,37.557544,126.747451
충청남도,홍성군,홍북읍,신경리 461-106일원,홍북2호 문화공원,문화공원,36.653899,126.663679
충청남도,홍성군,서부면,남당리 864번지 일원,해양공원,문화공원,36.5375881,126.4748624
충청남도,홍성군,서부면,어사리 490-1,어사리노을공원,수변공원,36.556225,126.468573
인천광역시,계양구,작전동,204,하마리공원,소공원,37.529764,126.729214
인천광역시,계양구,동양동,615-3,동양공원,소공원,37.561633,126.757908
인천광역시,계양구,용종동,224,용종5공원,소공원,37.542711,126.74272
인천광역시,계양구,서운동,93-2,살나리공원,소공원,37.537913,126.745137
인천광역시,계양구,하야동,64-29,하야공원,소공원,37.583303,126.78108
인천광역시,계양구,계산동,907-1,계산공원,체육공원,37.545046,126.728999
인천광역시,계양구,다남동,42-8,다남공원,체육공원,37.565632,126.720286
인천광역시,계양구,작전동,902,작전공원,문화공원,37.531146,126.735775
인천광역시,계양구,용종동,208,오조산공원,근린공원,37.540075,126.738621
인천광역시,계양구,계산동,1085-1,계양교통공원,근린공원,37.537198,126.741863
인천광역시,계양구,작전동,908,까치공원,근린공원,37.533006,126.737729
인천광역시,계양구,작전동,915-2,서운공원,근린공원,37.527778,126.740492
인천광역시,계양구,작전동,53-9,된밭공원,근린공원,37.533039,126.728486
인천광역시,계양구,동양동,588,동양공원,근린공원,37.561536,126.75937
인천광역시,계양구,효성동,산18,이촌공원,근린공원,37.536246,126.712058
인천광역시,계양구,작전동,750,갈개공원,근린공원,37.535545,126.720468
인천광역시,계양구,효성동,223,효성공원,어린이공원,37.526738,126.715671
인천광역시,계양구,작전동,414,작전공원,어린이공원,37.525675,126.725359
인천광역시,계양구,계산동,930-1,부일공원,어린이공원,37.544808,126.723221
인천광역시,계양구,계산동,949,안남공원,어린이공원,37.54123,126.727323
인천광역시,계양구,임학동,25,낙원공원,어린이공원,37.546462,126.737528
인천광역시,계양구,계산동,982,고향골공원,어린이공원,37.540569,126.719511
인천광역시,계양구,방축동,211,방축공원,어린이공원,37.550528,126.740316
충청남도,홍성군,홍북읍,신경리 1557,신리체육공원(홍성1),체육공원,36.648246,126.666316
충청남도,홍성군,홍북읍,신경리 198-115일원,나루공원(홍성2),체육공원,36.641796,126.673125
충청남도,홍성군,광천읍,옹암리 475,광천 5호 소공원,소공원,36.48769961,126.617557
충청남도,홍성군,서부면,남당리 859-3,남당리 5호소공원(남당유통형),소공원,36.538895,126.472284
충청남도,홍성군,서부면,남당리 509-14,남당리 4호소공원(남당취락),소공원,36.54056694,126.471532
충청남도,홍성군,홍성읍,고암리 1137,고암 2호 소공원,소공원,36.591093,126.6701356
충청남도,홍성군,홍성읍,옥암리 1377,옥암 1호소공원,소공원,36.593314,126.651349
충청남도,홍성군,갈산면,취생리 645,홍성산단 1호소공원,소공원,36.627802,126.532262
충청남도,홍성군,홍성읍,오관리 470-1,홍성읍 24호소공원(오관지구),소공원,36.597376,126.6639724
충청남도,홍성군,홍성읍,오관리 806-1,25호 소공원,소공원,36.60445188,126.6591555
충청남도,홍성군,광천읍,옹암리 509-15,광천 6호 소공원,소공원,36.48512015,126.6160376
충청남도,홍성군,서부면,거차리 405-38,7호 소공원,소공원,36.5608516,126.4706011
충청남도,홍성군,홍성읍,고암리 492-4,역세권1호 소공원,소공원,36.60240225,126.678417
충청남도,홍성군,홍성읍,고암리 475-1,역세권2호 소공원,소공원,36.6022418,126.6802195
충청남도,홍성군,홍성읍,고암리 431-1,역세권3호 소공원,소공원,36.59745492,126.6802622
충청남도,홍성군,홍성읍,고암리 463-3,역세권4호 소공원,소공원,36.60111632,126.6803345
충청남도,홍성군,홍성읍,오관리 359,오관공원,소공원,36.59705184,126.6659825
충청남도,홍성군,광천읍,신진리 398-2,신진공원,소공원,36.50578364,126.6231039
충청남도,홍성군,홍성읍,남장리 439-3,27호 소공원,소공원,36.57675699,126.652731
충청남도,홍성군,광천읍,신진리 380-14,신진제2공원,소공원,36.50803261,126.6239036
충청남도,홍성군,홍북읍,신경리 599,두레2소공원(홍성1),소공원,36.660257,126.682714
충청남도,홍성군,홍북읍,신경리 664,두레4소공원(홍성3),소공원,36.657683,126.683178
충청남도,홍성군,홍북읍,신경리 634,두레5소공원(홍성4),소공원,36.658983,126.682774
충청남도,홍성군,홍북읍,신경리 847,두레6소공원(홍성5),소공원,36.657681,126.685889
충청남도,홍성군,홍북읍,신경리 512-48일원,임시소공원1,소공원,36.6464626,126.6635056
충청남도,홍성군,홍북읍,신경리 512-52일원,임시소공원2,소공원,36.645986,126.6636032
충청남도,홍성군,홍성읍,오관리 1,천주교역사공원,역사공원,36.604529,126.668934
충청남도,홍성군,결성면,성곡리 20-1,만해공원,역사공원,36.5621415835,126.5529499222
충청남도,홍성군,홍북읍,신경리 886,홍예공원(홍성1),문화공원,36.654562,126.665506
경상남도,창원시,마산회원구,구암동 267-1,어린이공원16,어린이공원,35.254827,128.596874
경상남도,창원시,마산회원구,봉암동 450-19,어린이공원17,어린이공원,35.222823,128.596882
경상남도,창원시,마산회원구,봉암동 458-11,어린이공원18,어린이공원,35.2209004307,128.598109
경상남도,창원시,마산회원구,석전동 284-1,어린이공원19,어린이공원,35.227384,128.568555
경상남도,창원시,마산회원구,석전동 272-21,어린이공원20,어린이공원,35.231039,128.566801
경상남도,창원시,마산회원구,회성동 449-7,어린이공원21,어린이공원,35.233583,128.559093
경상남도,창원시,마산회원구,회성동 444-19,어린이공원22,어린이공원,35.233086,128.556988
경상남도,창원시,마산회원구,회원동 628-1,어린이공원23,어린이공원,35.221572,128.567144
경상남도,창원시,마산회원구,회원동 668-1,어린이공원24,어린이공원,35.219571,128.563833
경상남도,창원시,마산회원구,회원동 650,어린이공원25,어린이공원,35.216126,128.560009
경상남도,창원시,마산회원구,내서읍 중리 1037,어린이공원43,어린이공원,35.251237,128.511399
경상남도,창원시,마산회원구,내서읍 중리 1039,어린이공원44,어린이공원,35.249808,128.509247
경상남도,창원시,마산회원구,내서읍 중리 1048-2,어린이공원45,어린이공원,35.247165,128.507476
경상남도,창원시,마산회원구,내서읍 중리 1057,어린이공원46,어린이공원,35.243242,128.503984
경상남도,창원시,마산회원구,내서읍 상곡리 191,어린이공원47,어린이공원,35.245881,128.498901
경상남도,창원시,마산회원구,내서읍 상곡리 190-19,어린이공원48,어린이공원,35.244623,128.500579
경상남도,창원시,마산회원구,구암동 85-10,어린이공원10,어린이공원,35.249368,128.598071
경상남도,창원시,마산회원구,합성동 115-12,어린이공원12,어린이공원,35.243233,128.583336
경상남도,창원시,마산회원구,합성동 167-10,어린이공원13,어린이공원,35.241686,128.588593
경상남도,창원시,마산회원구,합성동 88-1,어린이공원14,어린이공원,35.239904,128.5810003205
경상남도,창원시,마산회원구,구암동 1336-2,어린이공원15,어린이공원,35.257361,128.597285
경상남도,양산시,삼호동,496,서창어린이공원,어린이공원,35.41447938,129.1735794
경상남도,양산시,삼호동,478-1,텃밭어린이공원,어린이공원,35.41331248,129.1754931
경상남도,양산시,삼호동,806-1,회양골어린이공원,어린이공원,35.41040323,129.1726179
경상남도,양산시,삼호동,124,대동어린이공원,어린이공원,35.41585327,129.1791484
경상남도,양산시,삼호동,872,군두바위어린이공원,어린이공원,35.40749816,129.1738233
경상남도,양산시,북정동,895-3,느티나무 어린이공원,어린이공원,35.35796189,129.042467
경상남도,양산시,주남동,53-3,대평어린이공원,어린이공원,35.41583476,129.1656134
경상남도,양산시,소주동,41-4,소주신기어린이공원,어린이공원,35.41419879,129.1635017
경상남도,양산시,물금읍,범어리 556,범어 근린공원,근린공원,35.32967502,129.000294
경상남도,양산시,물금읍,범어리 502-2,오봉산 어린이공원,어린이공원,35.33466536,129.0074976
경상남도,양산시,물금읍,범어리 506-6,주산지 어린이공원,어린이공원,35.33520781,129.002833
경상남도,양산시,물금읍,범어리 672-3,범어 어린이공원,어린이공원,35.33251365,129.0015553
경상남도,양산시,물금읍,범어리 532-1,신동중 어린이공원,어린이공원,35.33175555,128.9985142
경상남도,양산시,물금읍,범어리 630-6,서남 어린이공원,어린이공원,35.32851869,128.9977612
경상남도,양산시,동면,금산리 1460-2,금산 근린공원,근린공원,35.30857737,129.026129
경상남도,양산시,동면,석산리 1448-7,석산 근린공원(2호 근린공원),근린공원,35.32073421,129.0255272
경상남도,양산시,물금읍,범어리 2676-10,새싹 어린이공원,어린이공원,35.33270002,129.0136005
경상남도,양산시,물금읍,범어리 2679-1,범어 황산 어린이공원,어린이공원,35.33053248,129.0102221
경상남도,양산시,물금읍,범어리 2712-10,성산 어린이공원,어린이공원,35.32977171,129.0170039
경상남도,양산시,동면,금산리 1417-2,금산 어린이공원,어린이공원,35.31234485,129.022772
전라남도,해남군,화원면,구림리 산52-3,화원일반산업단지 내 근린공원,근린공원,34.73477099,126.3170277
전라남도,해남군,산이면,상공리 산20,산이 근린공원,근린공원,34.69155897,126.4088445
전라남도,해남군,산이면,구성리 548,산이 근린공원,근린공원,34.70517672,126.3914315
전라남도,해남군,산이면,구성리 87,산이 근린공원,근린공원,34.701057,126.4015724
전라남도,해남군,산이면,구성리 593,산이 근린공원,근린공원,34.71110731,126.388902
전라남도,해남군,산이면,구성리 산19-1,산이 근린공원,근린공원,34.71319853,126.390527
전라남도,해남군,산이면,구성리 448,산이 근린공원,근린공원,34.7142718,126.3967602
전라남도,해남군,산이면,상공리 산141-1,산이 근린공원,근린공원,34.68643044,126.397138
전라남도,해남군,산이면,대진리 1157,산이 근린공원,근린공원,34.69046544,126.416695
전라남도,해남군,산이면,상공리 산53,산이 근린공원,근린공원,34.68739595,126.415596
전라남도,해남군,산이면,덕송리 산45,산이 근린공원,근린공원,34.69943616,126.4425909
전라남도,해남군,산이면,덕송리 5-2,산이 근린공원,근린공원,34.69917279,126.4494645
전라남도,해남군,산이면,구성리 133-2,산이 근린공원,근린공원,34.703767,126.397805
전라남도,해남군,황산면,한자리 1637-1,고천암 자연생태공원,문화공원,34.52315394,126.4627186
전라남도,해남군,문내면,동외리 879,동외소공원,소공원,34.595716,126.313027
전라남도,해남군,해남읍,구교리 793-2,학동소공원,소공원,34.58091473,126.5782348
전라남도,해남군,마산면,상등리 1133,마산 소공원1,소공원,34.59074445,126.5571594
전라남도,해남군,마산면,상등리 349-18,마산 소공원2,소공원,34.59132345,126.5545833
전라남도,해남군,송지면,통호리 산2-31,휴양 소공원1,소공원,34.32675582,126.586806
전라남도,해남군,송지면,통호리 산2-31,휴양 소공원2,소공원,34.32675582,126.586806
전라남도,해남군,송지면,통호리 1-7,통호 소공원1,소공원,34.31981178,126.5892381
전라남도,해남군,산이면,구성리 565-2,산이 소공원,소공원,34.70778572,126.3855052
전라남도,해남군,산이면,구성리 642,산이 소공원,소공원,34.70459738,126.3880499
전라남도,해남군,산이면,구성리 642,산이 소공원,소공원,34.70459738,126.3880499
전라남도,해남군,산이면,구성리 641,산이 소공원,소공원,34.70735284,126.4059728
전라남도,해남군,산이면,구성리 641,산이 소공원,소공원,34.70735284,126.4059728
전라남도,해남군,산이면,구성리 401,산이 소공원,소공원,34.70786362,126.3967039
전라남도,해남군,산이면,구성리 258,산이 소공원,소공원,34.70385778,126.4035603
전라남도,해남군,산이면,상공리 1148,산이 소공원,소공원,34.691726,126.3881115
전라남도,해남군,산이면,덕송리 1088,산이 소공원,소공원,34.6996421,126.4297478
전라남도,해남군,산이면,덕송리 1088,산이 소공원,소공원,34.6996421,126.4297478
전라남도,해남군,산이면,덕송리 1088,산이 소공원,소공원,34.6996421,126.4297478
전라남도,해남군,해남읍,해리 474-5,해리동백어린이공원,어린이공원,34.57282044,126.6076736
전라남도,해남군,해남읍,해리 306-1,해리신금영어린이공원,어린이공원,34.56764413,126.6029859
전라남도,해남군,해남읍,남외리 114,오일시장어린이공원,어린이공원,34.56901098,126.595829
전라남도,해남군,해남읍,구교리 278-1,구교어린이공원,어린이공원,34.57765246,126.5966071
전라남도,해남군,해남읍,구교리 81-19,공간어린이공원,어린이공원,34.57850097,126.5938568
전라남도,해남군,해남읍,해리 283,해리소방어린이공원,어린이공원,34.56641434,126.6074142
전라남도,해남군,해남읍,남외리 457-1,남외어린이공원,어린이공원,34.574209,126.5893003
전라남도,해남군,해남읍,남외리 540-18,남동신명1어린이공원,어린이공원,34.56786157,126.5908657
전라남도,해남군,해남읍,남외리 543-2,남동신명2어린이공원,어린이공원,34.567417,126.5917903
전라남도,해남군,해남읍,고도리 478-4,고도외곽어린이공원,어린이공원,34.56461749,126.5970877
전라남도,해남군,해남읍,고도리 491-1,고도중앙어린이공원,어린이공원,34.56512302,126.6052866
전라남도,해남군,해남읍,해리 148-1,아이뜨락생태놀이터,어린이공원,34.57329226,126.6100274
전라남도,해남군,송지면,송호리 550,수변공원 황토1,어린이공원,34.32105349,126.5186721
전라남도,해남군,송지면,송호리 550,토우리공원 황토2,어린이공원,34.32105349,126.5186721
전라남도,해남군,송지면,송호리 550,어린이공원 황토3,어린이공원,34.32105349,126.5186721
전라남도,해남군,송지면,송호리 535-1,잔디공원 황토4,어린이공원,34.3208627,126.518557
전라남도,해남군,산이면,구성리 산10-1,산이 어린이공원,어린이공원,34.69587561,126.4032663
전라남도,해남군,산이면,구성리 282,산이 어린이공원,어린이공원,34.70484516,126.401471
전라남도,해남군,산이면,덕송리 1088,산이 어린이공원,어린이공원,34.6996421,126.4297478
경상남도,거제시,거제면,서상리 243-2,거제근린공원,근린공원,34.8531959,128.5939244
경상남도,거제시,고현동,1048,고현1호공원,근린공원,34.8952226,128.6309461
경상남도,거제시,고현동,산59-3,고현근린공원,근린공원,34.88390481,128.6140487
경상남도,거제시,장평동,145,장평근린공원,근린공원,34.8854668,128.6077263
경상남도,거제시,사등면,사곡리 832-21,두동근린공원(영진자이온),근린공원,34.8932104,128.566911
경상남도,거제면,옥산리,1516,다원공원(거제골프장),근린공원,34.8790753,128.5925329
경상남도,거제시,일운면,와현리 360,매미공원,근린공원,34.8134498,128.7078435
경상남도,거제시,아주동,352-19,아주공원,근린공원,34.86327909,128.6924441
경상남도,거제시,옥포동,산71-21,옥포 중앙공원,근린공원,34.89448557,128.7020823
경상남도,거제시,옥포동,1285,옥포제1공원,근린공원,34.9000405,128.6868285
경상남도,거제시,옥포동,875,옥포제2공원,근린공원,34.90176011,128.6967394
경상남도,거제시,상동동,369,독봉산 웰빙공원,근린공원,34.87921147,128.6332476
경상남도,거제시,장승포동,산1,장승포 해돋이공원,근린공원,34.86768014,128.7388849
경상남도,거제시,거제면,서상리 산13,서상지구 농어촌테마공원,근린공원,34.86012329,128.6052695
경상남도,거제시,아주동,1694-11,아주제1어린이공원,어린이공원,34.86569344,128.6893785
경상남도,거제시,아주동,1679-6,아주제2어린이공원,어린이공원,34.86730152,128.6844512
경상남도,거제시,아주동,1672,아주제3어린이공원,어린이공원,34.86820526,128.6793248
경상남도,거제시,아주동,1660-1,어린이공원,어린이공원,34.87550029,128.690444
경상남도,거제시,옥포동,1910-7,어린이공원,어린이공원,34.893167,128.6964117
경상남도,거제시,거제면,서정리 732-1,서정공원,어린이공원,34.84905752,128.5878606
경상남도,거제시,일운면,소동리 250-1,소동제2어린이공원,어린이공원,34.83865531,128.6970452
경상남도,거제시,고현동,968-1,신현제1어린이공원,어린이공원,34.889664,128.619569
경상남도,거제시,고현동,961-185,신현제2어린이공원,어린이공원,34.887864,128.620769
경상남도,거제시,장평동,174-1,신현제5어린이공원,어린이공원,34.88910584,128.609458
경상남도,거제시,장평동,58-14,신현제6어린이공원,어린이공원,34.89062956,128.615795
경상남도,거제시,장평동,600,신현제7어린이공원,어린이공원,34.89388807,128.6043209
경상남도,거제시,장평동,1203,신현제8어린이공원,어린이공원,34.89299482,128.614994
경상남도,거제시,고현동,1035-1,신현제9어린이공원,어린이공원,34.87751452,128.6262209
경상남도,거제시,상동동,482-9,신현제10어린이공원,어린이공원,34.87482277,128.629881
경상남도,거제시,장평동,151,신현제14어린이공원,어린이공원,34.88805853,128.6047839
경상남도,거제시,옥포동,1294-8,옥포제1어린이공원,어린이공원,34.89676168,128.688733
경상남도,거제시,옥포동,881-7,옥포제4어린이공원,어린이공원,34.896667,128.697361
경상남도,거제시,옥포동,513-5,옥포제5어린이공원,어린이공원,34.8961041,128.6913365
경상남도,거제시,옥포동,522-5,옥포제6어린이공원,어린이공원,34.89546884,128.6948507
경상남도,거제시,옥포동,517-3,옥포제7어린이공원,어린이공원,34.89502799,128.688089
경상남도,거제시,옥포동,536-39,옥포제8어린이공원,어린이공원,34.892733,128.690153
경상남도,거제시,옥포동,541-11,옥포제9어린이공원,어린이공원,34.892825,128.693372
경상남도,거제시,옥포동,552-8,옥포제10어린이공원,어린이공원,34.88867221,128.692722
경상남도,거제시,장평동,1-11,공원,어린이공원,34.89697757,128.613606
경상남도,거제시,고현동1064,,공원,어린이공원,34.896531,128.636467
경상남도,거제시,문동동,699-1,수변공원 물놀이장,어린이공원,34.86245496,128.6493465
경상남도,거제시,양정동,1095-30,양정어린이공원 물놀이장,어린이공원,34.866167,128.6525631
경상남도,거제시,연초면,오비리 1200,공원,소공원,34.91784315,128.6200071
경상남도,거제시,옥포동,산232,옥포제11공원,소공원,34.89657065,128.6859769
경상남도,거제시,연초면,오비리 1214,공원,소공원,34.915347,128.6185966
경상남도,거제시,옥포동,867-6,옥포제3공원(옥포제3어린이공원),소공원,34.897461,128.694439
경상남도,거제시,고현동,1090,소공원,소공원,34.879111,128.621044
경상남도,거제시,장평동,1219,소공원,소공원,34.88618701,128.604569
경상남도,거제시,장평동,1222,소공원,소공원,34.884969,128.607136
경상남도,거제시,고현동,산36-6,고현소공원,소공원,34.89085191,128.6315085
경상남도,거제시,사등면,사곡리 832-24,두동소공원,소공원,34.893433,128.5691096
경상남도,거제시,옥포동,874-18,소공원(옥포주공재건축),소공원,34.89844024,128.6950557
경상남도,거제시,상동동,930,소공원,소공원,34.862325,128.632708
경상남도,거제시,상동동,54-12,소공원,소공원,34.858051,128.6341754
경상남도,거제시,상동동,927-10,소공원,소공원,34.85962935,128.6309152
경상남도,거제시,상동동,927-5,소공원,소공원,34.861133,128.630681
경상남도,거제시,옥포동,산1-1,옥포대첩기념공원,역사공원,34.90219572,128.7140589
경상남도,거제시,하청면,연구리 산85-4,칠천량해전공원,역사공원,34.97766166,128.6282474
경상남도,거제시,능포동,산42-8,장승포 장미공원,문화공원,34.87736586,128.7358386
경상남도,거제시,능포동,120-14,장승포 조각공원,문화공원,34.881619,128.739539
경상남도,거제시,능포동,산1,능포 해양공원,수변공원,34.89101575,128.7484093
경상남도,거제시,거제면,서정리 790-1,스포츠 테마파크,체육공원,34.8518556,128.5815338
경상남도,거제시,둔덕면,하둔리 661-1,둔덕 체육공원,체육공원,34.83195292,128.502045
충청북도,보은군,보은읍,이평리 141-7,이평공원,근린공원,36.48331432,127.7272229
충청북도,보은군,보은읍,장신리 68-1,장신공원,근린공원,36.4826354871,127.711191754
충청북도,보은군,보은읍,삼산리 156-3,삼산공원,어린이공원,36.4846228444,127.7177412691
충청북도,보은군,보은읍,이평리 125,뱃들공원,문화공원,36.48694626,127.7241379
충청북도,보은군,보은읍,교사리 387,교사공원,체육공원,36.48941319,127.7143815
충청북도,보은군,보은읍,교사리 273,향교공원,근린공원,36.49397591,127.7150614
충청남도,보령시,대천동,605-35,대천동제5소공원,소공원,36.356049,126.582737
충청남도,보령시,대천동,459-35,대천동제4소공원,소공원,36.35519144,126.5916868152
충청남도,보령시,대천동,460-51,대천동제3소공원,소공원,36.3557679,126.5908885
충청남도,보령시,대천동,143-16,대천동제2소공원,소공원,36.35437508,126.5958268
충청남도,보령시,대천동,144-1,대천동제1소공원,소공원,36.35430647,126.595338
충청남도,보령시,동대동,737-1,신설동소공원4,소공원,36.35201198,126.6041245
충청남도,보령시,동대동,730,신설동소공원3,소공원,36.353351,126.6053484
충청남도,보령시,동대동,983-164,신설동소공원2,소공원,36.3539269,126.6044802
충청남도,보령시,동대동,658-2,신설동소공원1,소공원,36.35421876,126.6063467
충청남도,보령시,궁촌동,346,역전광장,근린공원,36.34207622,126.588372
충청남도,보령시,명천동,5-9,옥마공원,근린공원,36.33271982,126.6239939
충청남도,보령시,동대동,319-34,동대2공원,근린공원,36.35161465,126.6133156
충청남도,보령시,동대동,386-2,동대공원,근린공원,36.34736502,126.6113682
충청남도,보령시,궁촌동,352-2,궁촌공원,어린이공원,36.34351622,126.5917333
충청남도,보령시,동대동,1368,샘터공원,어린이공원,36.35091872,126.6080046
충청남도,보령시,동대동,1207,신설공원,어린이공원,36.35007207,126.6034995
충청남도,보령시,동대동,1757,샛별공원,어린이공원,36.34756191,126.6044758
충청남도,보령시,대천동,318-38,구시중앙공원,어린이공원,36.34807452,126.5918848
충청남도,보령시,대천동,134-7,봉산공원,어린이공원,36.3538231,126.5974447
충청남도,보령시,대천동,395-11,관촌공원,어린이공원,36.35397128,126.5890826
강원특별자치도,춘천시,석사동,668,푸르미공원,어린이공원,37.858152,127.744043
충청남도,보령시,죽정동,775-2,성지공원,어린이공원,36.36130532,126.6021239
충청남도,보령시,죽정동,675-10,죽정공원,어린이공원,36.36104068,126.6024815
충청남도,보령시,명천동,1011,코아루공원,어린이공원,36.33940258,126.6093841
충청남도,보령시,명천동,389-1,알라딘공원,어린이공원,36.34265098,126.6066418
충청남도,보령시,궁촌동,366,햇살공원,어린이공원,36.34261326,126.5986499
충청남도,보령시,동대동,928,여울공원,어린이공원,36.34361957,126.6049139
충청남도,보령시,동대동,1341,희망공원,어린이공원,36.34669855,126.6001264
충청남도,보령시,동대동,1973,원평공원,어린이공원,36.34897325,126.6139252
충청남도,보령시,동대동,1971,한성필공원,어린이공원,36.35119555,126.6160706
충청남도,보령시,동대동,1607,오랏공원,어린이공원,36.3485498,126.6084176
충청남도,보령시,동대동,1100,신설중앙공원,어린이공원,36.35203057,126.6053954
충청남도,보령시,웅천읍,대창리 375-14,웅천방축공원,어린이공원,36.23065265,126.6052704
충청남도,보령시,궁촌동,79-1,헌수공원,기타,36.34079934,126.5984529
충청남도,보령시,신흑동,766-30,보령신흑지구내소공원,소공원,36.32126011,126.5147807
충청남도,보령시,신흑동,766-97,보령신흑지구내소공원,소공원,36.31968757,126.5162243
충청남도,보령시,대천동,493-1,소미공원,어린이공원,36.35860396,126.5837181
강원특별자치도,춘천시,우두동,산 5,우두산공원,근린공원,37.916678,127.741485
강원특별자치도,춘천시,후평동,824-1 외1,폭포공원,근린공원,37.875965,127.753452
강원특별자치도,춘천시,석사동,757 일원,석사공원,근린공원,37.864667,127.752914
강원특별자치도,춘천시,석사동,658 외1,벌말공원,근린공원,37.858375,127.740139
강원특별자치도,춘천시,퇴계동,877,충혼공원,근린공원,37.860769,127.722928
강원특별자치도,춘천시,석사동,721-3,애막공원,근린공원,37.868119,127.757783
강원특별자치도,춘천시,퇴계동,990,무릉공원,근린공원,37.857062,127.738127
강원특별자치도,춘천시,삼천동,산9-3 일원,의암공원,근린공원,37.871744,127.709004
강원특별자치도,춘천시,퇴계동,1030,스무숲공원,근린공원,37.849638,127.744553
강원특별자치도,춘천시,퇴계동,997,지석공원,근린공원,37.851578,127.738543
강원특별자치도,춘천시,근화동,361-1,공지조각공원,근린공원,37.873245,127.712662
강원특별자치도,춘천시,소양로1가,산 1-1 일원,봉의산공원,근린공원,37.892057,127.731488
강원특별자치도,춘천시,동내면,거두리 1115,큰골공원,근린공원,37.855469,127.758341
강원특별자치도,춘천시,동면,장학리 999,너울숲공원,근린공원,37.894272,127.752041
강원특별자치도,춘천시,동내면,거두리 1156,거두리공원,근린공원,37.864537,127.781872
강원특별자치도,춘천시,서면,현암리 894,현암리공원,근린공원,37.887541,127.685784
강원특별자치도,춘천시,남산면,창촌리 686,창촌리공원,근린공원,37.766569,127.629747
강원특별자치도,춘천시,우두동,1120,공원,근린공원,37.910576,127.73366
강원특별자치도,춘천시,퇴계동,1237,공원,근린공원,37.856885,127.730417
강원특별자치도,춘천시,소양로4가,48,공원,어린이공원,37.877479,127.719493
강원특별자치도,춘천시,칠전동,426,의암도시자연공원(의암),기타,37.845143,127.690571
강원특별자치도,춘천시,퇴계동,산 44,퇴계도시자연공원(국사봉일원),기타,37.850944,127.722788
강원특별자치도,춘천시,효자동,531-25,문화공원,문화공원,37.873093,127.728415
강원특별자치도,춘천시,낙원동,95-1,문화공원,문화공원,37.877875,127.723407
강원특별자치도,춘천시,근화동,203,공원,문화공원,37.883892,127.720711
강원특별자치도,춘천시,동면,장학리 1008-1,공원,소공원,37.892574,127.754322
강원특별자치도,춘천시,요선동,2-12,공원,소공원,37.884375,127.728912
강원특별자치도,춘천시,서면,현암리 882,공원,소공원,37.892897,127.692348
강원특별자치도,춘천시,온의동,6-22,공원,소공원,37.869953,127.716367
강원특별자치도,춘천시,근화동,796-33,공원,소공원,37.892571,127.723891
강원특별자치도,춘천시,근화동,799-28 일원,공원,소공원,37.890938,127.724447
강원특별자치도,춘천시,소양로2가,179-20,공원,소공원,37.888411,127.723515
강원특별자치도,춘천시,약사동,156-4 일원,공원,소공원,37.872834,127.721012
강원특별자치도,춘천시,근화동,467-1 일원,공원,소공원,37.877478,127.716771
강원특별자치도,춘천시,근화동,464-1,공원,소공원,37.876663,127.716154
강원특별자치도,춘천시,소양로4가,90-1,공원,문화공원,37.8765774619,127.7200601609
강원특별자치도,춘천시,소양로4가,46,공원,소공원,37.876964,127.718200174
강원특별자치도,춘천시,근화동,242-1,공원,소공원,37.876938,127.716994
강원특별자치도,춘천시,소양로4가,97,공원,소공원,37.876374,127.718376
강원특별자치도,춘천시,남산면,방곡리 629-59,공원,소공원,37.793444,127.64298
강원특별자치도,춘천시,동산면,봉명리 1106,공원,소공원,37.765729,127.775718
강원특별자치도,춘천시,약사동,76-53 일원,공원,소공원,37.873899,127.724918
강원특별자치도,춘천시,약사동,68-98 일원,공원,소공원,37.874549,127.726019
강원특별자치도,춘천시,북산면,추곡리 135-2 일원,공원,소공원,37.869936,127.716268
강원특별자치도,춘천시,삼천동,795,공원,소공원,37.8682004967,127.7068058972
강원특별자치도,춘천시,석사동,978,공원,소공원,37.86415,127.748849
강원특별자치도,춘천시,동내면,학곡리 392-2 일원,공원,소공원,37.841586,127.756472
강원특별자치도,춘천시,온의동,597,공원,소공원,37.8687671214,127.7088652465
강원특별자치도,춘천시,동산면,군자리 1396,공원,소공원,37.745838,127.7164984949
강원특별자치도,춘천시,동내면,신촌리 641-118,공원,소공원,37.8546559344,127.785745
강원특별자치도,춘천시,효자동,680,공원,수변공원,37.871799,127.7249021555
강원특별자치도,춘천시,효자동,677,공원,수변공원,37.874548,127.728699966
강원특별자치도,춘천시,운교동,180,공원,수변공원,37.875738,127.733674
강원특별자치도,춘천시,효자동,701-2,한마음공원,어린이공원,37.866942,127.729913
강원특별자치도,춘천시,근화동,710-37 일원,근화동공원,어린이공원,37.883362,127.743862
강원특별자치도,춘천시,효자동,617-1,오동나무공원,어린이공원,37.873942,127.740583
강원특별자치도,춘천시,효자동,775,과학꿈나무공원,어린이공원,37.87277,127.739941
강원특별자치도,춘천시,근화동,747-3,앞두루공원,어린이공원,37.876721,127.712575
강원특별자치도,춘천시,후평동,753-7,뒤뜰공원,어린이공원,37.889844,127.752687
강원특별자치도,춘천시,후평동,67-15,푸른언덕공원,어린이공원,37.875673,127.74647
강원특별자치도,춘천시,근화동,793-1,근화동공원,어린이공원,37.892218,127.721462
강원특별자치도,춘천시,후평동,481-5,다람쥐공원,어린이공원,37.874233,127.747996
강원특별자치도,춘천시,후평동,808-2,대양공원,어린이공원,37.877284,127.755233
강원특별자치도,춘천시,후평동,858-3,말탕개미공원,어린이공원,37.882442,127.742095
부산광역시,연제구,연산동,2273,한빛공원,어린이공원,35.18905223,129.091121
부산광역시,연제구,연산동,2235-5,햇살공원,어린이공원,35.17787494,129.1119206
부산광역시,연제구,연산동,477-1,연잎공원,어린이공원,35.18596788,129.1080879
부산광역시,연제구,연산동,407,과정공원,어린이공원,35.18752618,129.1022898
부산광역시,연제구,연산동,2132-1,새싹공원,어린이공원,35.17559743,129.0927312
부산광역시,연제구,연산동,1478-1,꿈나무공원,어린이공원,35.18448121,129.0762522
부산광역시,연제구,연산동,631-6,연봉공원,어린이공원,35.18607288,129.0845711
부산광역시,연제구,연산동,789,늘푸른공원,어린이공원,35.17961902,129.0815429
부산광역시,연제구,거제동,1468-13,거제체육공원,체육공원,35.19497256,129.0819382
부산광역시,연제구,거제동,1480,어울림공원,어린이공원,35.1916864,129.0705333
부산광역시,연제구,거제동,1482-1,한마음공원,어린이공원,35.19351732,129.0727399973
서울특별시,금천구,독산동,373,감로천생태공원,근린공원,37.46964774,126.9078499
서울특별시,금천구,시흥동,산138-3,산기슭공원,근린공원,37.46364031,126.9076165
서울특별시,금천구,독산동,산118-4,금천체육공원,근린공원,37.468313,126.908522
서울특별시,금천구,시흥동,산116,삼성산시민휴식공원,근린공원,37.454747,126.9100496
서울특별시,금천구,독산동,산89-5,독산자연공원,근린공원,37.47348901,126.9072777
서울특별시,금천구,독산동,1086,독산근린공원,근린공원,37.46327361,126.8849344
서울특별시,금천구,시흥동,937-2,금천폭포공원,근린공원,37.44639673,126.9044447
서울특별시,금천구,가산동,148-11,조마,어린이공원,37.47561479,126.8955477
서울특별시,금천구,가산동,234-29,무아래,어린이공원,37.473337,126.893278
서울특별시,금천구,가산동,28-2,골말,어린이공원,37.482876,126.884528
서울특별시,금천구,독산동,1088-2,참새,어린이공원,37.45695474,126.8871937
서울특별시,금천구,독산동,1095-1,파랑새,어린이공원,37.454889,126.8888743
서울특별시,금천구,독산동,1112,철쭉,어린이공원,37.45288913,126.8896337
서울특별시,금천구,독산동,298-1,두산,어린이공원,37.47303262,126.8942618
전라남도,함평군,함평읍,수호리 164,화양근린공원,근린공원,35.05327637,126.5173162
전라남도,함평군,함평읍,기각리 906-7,기산근린공원,근린공원,35.06608092,126.5205148
전라남도,함평군,신광면,월암리 711,대동생태공원,근린공원,35.135314,126.511245
전라남도,함평군,함평읍,내교리 858,주공어린이공원,어린이공원,35.06140329,126.5180097
전라남도,함평군,학교면,학교리 878-254,학교어린이공원11,어린이공원,35.01431947,126.5350356
전라남도,함평군,학교면,학교리 878-250,학교어린이공원12,어린이공원,35.01473367,126.535185
전라남도,함평군,나산면,삼축리 1393-1,문화마을(삼축) 어린이공원 19,어린이공원,35.11877614,126.6079063
전라남도,함평군,월야면,용월리 240-1,달맞이공원,수변공원,35.164992,126.628261
전라남도,함평군,해보면,용산리 1059-12,해보농공,근린공원,35.1653769,126.6058941
전라남도,함평군,학교면,마산리 679-1,동함평산단1,근린공원,35.057237,126.5476106
전라남도,함평군,대동면,백호리 산48,동함평산단2,근린공원,35.0635643,126.551057
전라남도,함평군,함평읍,내교리 581-3,내교어린이공원,어린이공원,35.05892101,126.5170274
전라남도,함평군,월야면,외치리 984,국가어린이공원1,어린이공원,35.1755174977,126.6640479324
경상북도,안동시,태화동,692-33,경안공원,어린이공원,36.56990637,128.706857
경상북도,안동시,안기동,337-38,안기제1공원,어린이공원,36.577502,128.7167875
경상북도,안동시,안기동,223-33,안기제2공원,어린이공원,36.576833,128.7187286
경상북도,안동시,용상동,1561-6,용상2공원,어린이공원,36.558408,128.742913
경상북도,안동시,용상동,1602,용상3공원,어린이공원,36.55817977,128.746251
경상북도,안동시,용상동,1612-4,용상1공원,어린이공원,36.560445,128.745681
경상북도,안동시,태화동,238-1,태화공원,어린이공원,36.559499,128.7117543
경상북도,안동시,태화동,709-2,안기공원,어린이공원,36.57139156,128.7070501
경상북도,안동시,풍산읍,안교리 489-1,안교어린이공원,어린이공원,36.581287,128.568321
경상북도,안동시,태화동,666-1,태화4공원,어린이공원,36.5703138,128.708996
경상북도,안동시,운안동,401-42,운안어린이공원,어린이공원,36.569581,128.712229
경상북도,안동시,용상동,1225-2,용상5공원,어린이공원,36.55784168,128.7514204
경상북도,안동시,옥동,970,태화2공원,어린이공원,36.568121,128.697077
경상북도,안동시,용상동,600-9,용상6공원,어린이공원,36.554983,128.7628239
경상북도,안동시,태화동,891,태화3공원,어린이공원,36.565155,128.706401
서울특별시,양천구,신정3동,1320-9외 6필지,연의,근린공원,37.514067,126.830401
경상북도,안동시,옥동,983-5,옥동제6공원,어린이공원,36.560409,128.702727
경상북도,안동시,정하동,258-1,정상택지지구공원,근린공원,36.548604,128.7289684
경상북도,안동시,정하동,320-1,정상택지3공원,어린이공원,36.548157,128.7363895
경상북도,안동시,정하동,299-2,정상택지2공원,어린이공원,36.548622,128.7323019
경상북도,안동시,정하동,254-2,정상택지1공원,어린이공원,36.551105,128.733203
경상북도,안동시,송천동,950-5,송천3공원,어린이공원,36.54624956,128.7929679
경상북도,안동시,옥동,920-2,옥동제10공원,어린이공원,36.562624,128.692335
경상북도,안동시,옥동,927-1,옥동제8공원,어린이공원,36.560279,128.695766
경상북도,안동시,옥동,926-1,옥동제7공원,어린이공원,36.56300308,128.695835
경상북도,안동시,옥동,930-5,옥동제11공원,어린이공원,36.558669,128.692177
경상북도,안동시,옥동,920-5,옥동제9공원,어린이공원,36.561762,128.694819
경상북도,안동시,옥동,938-1,옥동근린공원,근린공원,36.55921255,128.693636
경상북도,안동시,도산면,동부리 산84-1,하프콤밸리공원,근린공원,36.70541496,128.8249567
경상북도,안동시,풍산읍,마애리 40-1,마애솔숲공원,문화공원,36.552198,128.591945
경상북도,안동시,풍산읍,괴정리 1008,만소근린공원,근린공원,36.59921352,128.5428656
경상북도,안동시,남후면,단호리 55-5,검암공원,문화공원,36.551988,128.630961
경상북도,안동시,안흥동,356-24,안흥공원,소공원,36.56130992,128.725299
경상북도,안동시,수하동,287,소공원1(수하지구),소공원,36.53999023,128.6916246
경상북도,안동시,수상동,669-1,소공원2(수하지구),소공원,36.54184878,128.6960141
경상북도,안동시,도산면,토계리 468-4,퇴계문화공원,문화공원,36.735499,128.847012
경상북도,안동시,남후면,무릉리 141-3,백조공원,수변공원,36.519721,128.6743132
경상북도,안동시,남후면,단호리 76-3,단호샌드파크,수변공원,36.555696,128.630287
경상북도,안동시,풍천면,갈전리 1305,근린공원1,근린공원,36.573018,128.494975
경상북도,안동시,풍천면,갈전리 1179,근린공원2,근린공원,36.5796486,128.499817
경상북도,안동시,풍천면,갈전리 1229,소공원1,소공원,36.578659,128.501537
경상북도,안동시,풍천면,갈전리 1492,어린이공원1,어린이공원,36.57399862,128.4979218
경상북도,안동시,풍천면,갈전리 1420,어린이공원2,어린이공원,36.57554033,128.500075
경상북도,안동시,풍천면,갈전리 1684,어린이공원3,어린이공원,36.572608,128.493822
경상북도,안동시,풍천면,갈전리 1719,소공원3,소공원,36.568736,128.505864
경상북도,안동시,풍천면,갈전리 1676,소공원2,소공원,36.569885,128.507056
경상북도,안동시,풍천면,갈전리 1707,수변공원2,수변공원,36.56994847,128.4982243
경상북도,안동시,풍천면,갈전리 1706,수변공원1,수변공원,36.57133885,128.4952328
경상북도,안동시,풍천면,갈전리 1731,수변공원3,수변공원,36.56853476,128.5020029
경상북도,안동시,정하동,236-1,원이엄마테마파크,역사공원,36.55362768,128.736411
경상북도,안동시,풍천면,갈전리 1626,소공원7,소공원,36.57059921,128.500468
경상북도,안동시,풍천면,갈전리 1531,소공원4,소공원,36.573275,128.500351
경상북도,안동시,풍천면,가곡리 1201,소공원8,소공원,36.574543,128.5116205
경상북도,안동시,풍천면,갈전리 1545,소공원5,소공원,36.572835,128.4998217
경상북도,안동시,풍천면,갈전리 1603,소공원6,소공원,36.57174412,128.498907
경상북도,안동시,풍천면,도양리 1416,수변공원4,수변공원,36.563212,128.4727656
경상북도,안동시,임하면,금소리 1028-1,안동포 문화공원,문화공원,36.505498,128.8475553
경상북도,안동시,운흥동,145-3,운흥소공원,소공원,36.564476,128.732191
경상북도,안동시,옥야동,296-3,옥야소공원,소공원,36.564082,128.721441
경상북도,안동시,성곡동,815-1,개목나루문화공원,문화공원,36.578899,128.764586
경상북도,안동시,서후면,금계리 874,임란역사문화공원,역사공원,36.609537,128.666128
전라남도,보성군,득량면,비봉리 512,비봉근린공원,근린공원,34.71013181,127.1958184
전라남도,보성군,벌교읍,장좌리 651,장좌어린이공원,어린이공원,34.8393855793,127.3455171059
전라남도,보성군,보성읍,보성리 729,보성3소공원,소공원,34.77125267,127.0817352
전라남도,보성군,벌교읍,벌교리 188,벌교3소공원,소공원,34.84874524,127.3390365
전라남도,보성군,벌교읍,벌교리 187,벌교4소공원,소공원,34.84861706,127.339285
전라남도,보성군,조성면,동촌리 159-1,동곡소공원,소공원,34.77817342,127.2051029
전라남도,보성군,회천면,동율리 780,동율소공원,소공원,34.67371907,127.0924292
전라남도,보성군,조성면,조성리 1255,조성농동단지공원,소공원,34.80991266,127.2494392
전라남도,보성군,벌교읍,회정리 357-2,벌교문화공원,문화공원,34.8492033,127.3522185
전라남도,보성군,회천면,영천리 730,판소리테마파크,문화공원,34.68025715,127.0701383
전라남도,보성군,득량면,예당리 3039-8,예당생태 근린공원,근린공원,34.75764178,127.2223732
울산광역시,울주군,언양읍,서부리 402,소공원1,소공원,35.56934857,129.1175271
울산광역시,울주군,언양읍,동부리 497,동부소공원2,소공원,35.57369418,129.1251875
울산광역시,울주군,두동면,삼정리 산141-2,망향소공원4,소공원,35.65070806,129.1782409
울산광역시,울주군,범서읍,굴화리 741,소공원20,소공원,35.54794361,129.2494588
울산광역시,울주군,삼남읍,신화리 1604-1,도호소공원21,소공원,35.5493640723,129.1409377753
울산광역시,울주군,온양읍,대안리 506,대안2지구소공원26,소공원,35.41187831,129.2839138
울산광역시,울주군,범서읍,굴화리 755-6,느티공원42,소공원,35.5515156,129.2531617
울산광역시,울주군,범서읍,굴화리 748-8,바램공원43,소공원,35.5528405,129.253972
울산광역시,울주군,언양읍,서부리 291-33,서부2지구소공원54,소공원,35.56805064,129.115403
울산광역시,울주군,두서면,활천리 815-4,열박공원57,소공원,35.69723763,129.1915221
울산광역시,울주군,서생면,신암리 260-9,소공원63,소공원,35.348399,129.329207
울산광역시,울주군,두동면,봉계리 642,소공원68,소공원,35.71193823,129.2066576
울산광역시,울주군,삼남읍,교동리1701-3,교동소공원74,소공원,35.5553914457,129.1276879007
울산광역시,울주군,온양읍,대안리 20,소공원76,소공원,35.41044164,129.2920345
울산광역시,울주군,두서면,활천리 산57,공원84,소공원,35.704936,129.193403
울산광역시,울주군,상북면,양등리 823-2,상천공원95,소공원,35.60762882,129.072699
울산광역시,울주군,언양읍,반천리 산161-3,반천소공원100,소공원,35.560527,129.148777
울산광역시,울주군,범서읍,천상리 649-2,마루공원27,어린이공원,35.56167388,129.226291
울산광역시,울주군,범서읍,천상리 603-6,한울공원28,어린이공원,35.56297233,129.2240371
경기도,군포시,금정동,875-10,느티울공원,근린공원,37.3542339,126.9281697
울산광역시,울주군,범서읍,천상리 609-7,누리공원29,어린이공원,35.56377169,129.2283578
울산광역시,울주군,범서읍,천상리 354,비나리공원30,어린이공원,35.56393547,129.2280477
울산광역시,울주군,범서읍,구영리 404-1,호연공원31,어린이공원,35.56796036,129.2493381
울산광역시,울주군,범서읍,구영리 401-1,뒷산공원32,어린이공원,35.56928825,129.247818
울산광역시,울주군,범서읍,구영리 396-3,중앙공원33,어린이공원,35.5667732,129.2471968
울산광역시,울주군,범서읍,구영리 377-3,밤밭골공원34,어린이공원,35.56911759,129.2445219
울산광역시,울주군,범서읍,구영리 384-1,주개네공원35,어린이공원,35.568222,129.242778
울산광역시,울주군,청량읍,상남리 757-17,초록공원168,어린이공원,35.49022051,129.3060265
울산광역시,울주군,청량읍,상남리 814-1,나슬공원169,어린이공원,35.48545441,129.3049336
울산광역시,울주군,청량읍,상남리 811-5,눈솔공원170,어린이공원,35.48602597,129.306959
울산광역시,울주군,청량읍,상남리 893-1,도래공원171,어린이공원,35.48303121,129.3066787
울산광역시,울주군,청량읍,상남리 806-9,미리내공원172,어린이공원,35.48569795,129.302191
울산광역시,울주군,온양읍,망양리 765,나래공원173,어린이공원,35.4566238779,129.2954520015
울산광역시,울주군,온양읍,망양리 792,노을공원174,어린이공원,35.45283797,129.2968948
울산광역시,울주군,온양읍,망양리 784,도란공원175,어린이공원,35.453899994,129.2941884
울산광역시,울주군,온양읍,망양리 796,모이공원177,어린이공원,35.45029188,129.295774425
울산광역시,울주군,온산읍,덕신리 1329-3,솔찬공원179,어린이공원,35.44207759,129.3067434
울산광역시,울주군,온산읍,덕신리 1329-7,해련공원180,어린이공원,35.44202348,129.3085645
울산광역시,울주군,온산읍,덕신리 1348-8,영남공원181,어린이공원,35.4384808,129.3058524
울산광역시,울주군,온산읍,덕신리 1301-6,온덕공원182,어린이공원,35.4353551,129.311563
울산광역시,울주군,온산읍,덕신리 334-11,신경공원183,어린이공원,35.432422,129.306017
울산광역시,울주군,온산읍,덕신리 271-4,다한공원184,어린이공원,35.432892,129.3117406
울산광역시,울주군,온산읍,덕신리 296-10,신온공원185,어린이공원,35.429988,129.308678
울산광역시,울주군,온산읍,덕신리 423-5,용방소공원186,어린이공원,35.4276159,129.3078799575
울산광역시,울주군,온양읍,대안리 404-2,종달공원187,어린이공원,35.40928184,129.2832327
경기도,군포시,당정동,352-13,대영소공원(소공원9),소공원,37.35309414,126.9563751
울산광역시,울주군,온양읍,대안리 408-3,토리공원188,어린이공원,35.407758,129.2842229
울산광역시,울주군,온양읍,대안리 183-1,한내공원189,어린이공원,35.409766,129.286838
울산광역시,울주군,온양읍,대안리 178-4,보예공원190,어린이공원,35.40974873,129.2904548
울산광역시,울주군,온양읍,대안리 197-4,겨루공원191,어린이공원,35.40767434,129.287654
울산광역시,울주군,온양읍,대안리 207,누림공원192,어린이공원,35.40577259,129.286091
울산광역시,울주군,온양읍,운화리 7-11,수련공원193,어린이공원,35.41248535,129.277908
울산광역시,울주군,온양읍,대안리 561-1,진이공원194,어린이공원,35.413788,129.2837275
울산광역시,울주군,범서읍,굴화리 50-1,파랑새공원207,어린이공원,35.55552623,129.2608823
울산광역시,울주군,언양읍,동부리 255-5,솔가지공원235,어린이공원,35.566731,129.1263628
울산광역시,울주군,언양읍,서부리 234-6,지석공원236,어린이공원,35.569283,129.111319
울산광역시,울주군,언양읍,서부리 242-9,대암공원237,어린이공원,35.568056,129.110716
울산광역시,울주군,언양읍,서부리 353-2,방천공원238,어린이공원,35.56669354,129.114361
울산광역시,울주군,언양읍,서부리 259-5,남천공원239,어린이공원,35.565585,129.112161
울산광역시,울주군,삼남읍,교동리 1560-1,옥선공원240,어린이공원,35.561971,129.1146116227
울산광역시,울주군,삼남읍,교동리 1564-1,도손공원241,어린이공원,35.5612282924,129.1172041291
울산광역시,울주군,삼남읍,교동리 1570-3,마리공원242,어린이공원,35.5600046432,129.120216
울산광역시,울주군,삼남읍,교동리 1592-1,매디공원243,어린이공원,35.559374881,129.117971
울산광역시,울주군,삼남읍,교동리 1584-1,한서공원244,어린이공원,35.559871,129.114036
울산광역시,울주군,삼남읍,교동리 1605-3,아리솔공원245,어린이공원,35.558177,129.114513
울산광역시,울주군,삼남읍,교동리 1608-4,초롱공원246,어린이공원,35.556684,129.112676
울산광역시,울주군,삼남읍,교동리 1621-1,들샘공원247,어린이공원,35.556431,129.1158951568
울산광역시,울주군,삼남읍,교동리 1614-4,해늘공원248,어린이공원,35.5566946407,129.118376
울산광역시,울주군,삼남읍,교동리 1628-1,옥토끼공원249,어린이공원,35.5547127454,129.116952
울산광역시,울주군,삼남읍,교동리 1644-4,원화공원250,어린이공원,35.553776,129.115235
울산광역시,울주군,삼남읍,교동리 1637-4,홍단심공원251,어린이공원,35.5549893565,129.1136941472
울산광역시,울주군,삼남읍,교동리 1649-1,청조공원252,어린이공원,35.5533971545,129.112373
울산광역시,울주군,언양읍,동부리 358-2,해산공원253,어린이공원,35.5728724,129.121462
울산광역시,울주군,언양읍,송대리 344,명바우공원254,어린이공원,35.57136495,129.1199963
울산광역시,울주군,언양읍,동부리 371-1,북문공원255,어린이공원,35.57088779,129.123284
울산광역시,울주군,언양읍,동부리 378-1,숲뒷들공원256,어린이공원,35.570727,129.1267374
울산광역시,울주군,언양읍,동부리 347-1,서문공원257,어린이공원,35.569242,129.119266
울산광역시,울주군,언양읍,동부리 383-1,노동공원258,어린이공원,35.568869,129.126501
울산광역시,울주군,삼남읍,방기리 596,새터공원259,어린이공원,35.5110792612,129.082299
울산광역시,울주군,삼남읍,방기리 972-7,중방공원260,어린이공원,35.508665,129.0825217
울산광역시,울주군,삼남읍,방기리 543-1,버들공원261,어린이공원,35.5086809466,129.0858837895
울산광역시,울주군,삼남읍,방기리 955-8,상방공원262,어린이공원,35.509446,129.0799244066
울산광역시,울주군,삼남읍,방기리 968-5,하방공원263,어린이공원,35.506505,129.0818769
울산광역시,울주군,삼남읍,방기리 953-7,운곡공원264,어린이공원,35.50726133,129.079363
울산광역시,울주군,삼남읍,방기리 623-3,방터공원265,어린이공원,35.51023369,129.0863699622
울산광역시,울주군,온산읍,화산리 1000-1,내동공원266,어린이공원,35.441494,129.3346009
울산광역시,울주군,서생면,진하리 76-1,솔잎공원267,어린이공원,35.38573527,129.346538
울산광역시,울주군,서생면,진하리 78-1,든솔공원268,어린이공원,35.38548321,129.3446716
울산광역시,울주군,서생면,진하리 421-3,갈밭공원269,어린이공원,35.38766839,129.340532
울산광역시,울주군,서생면,나사리 457-2,솔암공원289,어린이공원,35.35358358,129.346708
울산광역시,울주군,웅촌면,곡천리 901-3,곰터공원290,어린이공원,35.4623855331,129.206143
울산광역시,울주군,범서읍,굴화리 755-7,장검공원295,어린이공원,35.5508794,129.2530972
울산광역시,울주군,범서읍,구영리 717-5,갓골공원298,어린이공원,35.57704455,129.239701
울산광역시,울주군,범서읍,구영리 211-2,서남공원299,어린이공원,35.57133949,129.2468097
울산광역시,울주군,범서읍,구영리 136-2,모두박공원300,어린이공원,35.56549997,129.2506754
울산광역시,울주군,범서읍,천상리 270,가온공원318,어린이공원,35.56278886,129.232492
울산광역시,울주군,삼남읍,교동리 1697-8,상평공원358,어린이공원,35.555977,129.127934
울산광역시,울주군,삼남읍,교동리 1678-2,하평공원359,어린이공원,35.5588328918,129.129965
울산광역시,울주군,범서읍,굴화리 227-1,꿈마루공원360,어린이공원,35.55286962,129.2526163
울산광역시,울주군,언양읍,남부리 336-159,언양어린이공원366,어린이공원,35.5615173922,129.1299763595
전북특별자치도,무주군,무주읍,당산리 1192,한풍루공원,근린공원,36.003762,127.662557
전북특별자치도,무주군,무주읍,읍내리 1428,어린이공원,어린이공원,36.008983,127.665598
전북특별자치도,무주군,무주읍,읍내리 681,제일공원,근린공원,36.01146024,127.6605801
전북특별자치도,무주군,안성면,장기리 산 16-1,단지공원,근린공원,35.861545,127.6592666
전북특별자치도,무주군,무주읍,읍내리 67-2,무주공원,근린공원,36.00930536,127.6684269
전북특별자치도,무주군,무주읍,읍내리 294-22,소공원,소공원,36.00940224,127.663876
전북특별자치도,무주군,무주읍,읍내리 266-1,소공원,소공원,36.008443,127.6652871
전북특별자치도,무주군,무주읍,읍내리 831-2,벽천공원,소공원,36.00923239,127.659961
전북특별자치도,무주군,무주읍,읍내리 837-6,벽천공원,소공원,36.0086181,127.659697
전북특별자치도,무주군,설천면,소천리 983-1,어린이공원,어린이공원,36.010824,127.788932
전북특별자치도,무주군,무주읍,당산리 378-1,생태모험공원,문화공원,36.00441544,127.678244
부산광역시,연제구,연산동,2373,연산공원,소공원,35.1730354118,129.0801392
부산광역시,연제구,연산동,2350,하늘빛공원,어린이공원,35.1737381542,129.0830880644
부산광역시,연제구,연산동,2347,수련둘소공원,소공원,35.1802933387,129.0839563
부산광역시,연제구,연산동,2345,수련하나소공원,소공원,35.17927812,129.0843819
부산광역시,연제구,연산동,2349,물만골소공원,소공원,35.18062696,129.082731
부산광역시,연제구,연산동,2318,강변공원,소공원,35.18398875,129.1135507
부산광역시,연제구,연산동,2223,토곡근린공원,근린공원,35.17955738,129.1092524
부산광역시,연제구,연산동,2313,연천공원,소공원,35.18974006,129.0996952
부산광역시,연제구,연산동,2307,월륜공원,소공원,35.18356594,129.1125046
부산광역시,연제구,연산동,2304,연이공원,소공원,35.17412087,129.0835229
부산광역시,연제구,연산동,2274,옛골공원,소공원,35.18727453,129.0902746
부산광역시,연제구,연산동,2272,쌍미공원,소공원,35.18810088,129.0876026
부산광역시,연제구,연산동,1431-1,연화공원,소공원,35.17886494,129.0764976
부산광역시,연제구,연산동,2314,한들공원,어린이공원,35.19029035,129.0957541
대구광역시,달서구,이곡동,1189-3,샛별어린이공원,어린이공원,35.85760607,128.5038436
부산광역시,남구,문현동,96-3,해솔어린이공원,어린이공원,35.14203831,129.079284
부산광역시,남구,문현동,136-8,문현어린이공원,어린이공원,35.142741,129.073677
부산광역시,남구,문현동,189-22,개나리어린이공원,어린이공원,35.138072,129.073376
부산광역시,남구,문현동,189-16,통일동산어린이공원,어린이공원,35.139757,129.0730801
부산광역시,남구,용호동,산27,이기대공원,수변공원,35.12367789,129.1229501
부산광역시,남구,대연동,산180,대연2공원,근린공원,35.13074664,129.082289
부산광역시,남구,용호동,176-21,용호공원,근린공원,35.126895,129.109629
부산광역시,남구,용호동,176-9,분포공원,근린공원,35.13067776,129.1074982
부산광역시,남구,문현동,21-10,어린이공원1,어린이공원,35.147056,129.073571
부산광역시,남구,문현동,558-20,어린이공원2,어린이공원,35.145593,129.071143
부산광역시,남구,대연동,706-5,평화공원,근린공원,35.125799,129.100282
부산광역시,남구,용호동,544-6,미르아토어린이공원,어린이공원,35.112869,129.111903
부산광역시,남구,감만동,176-24,감만A어린이공원,어린이공원,35.117437,129.084186
부산광역시,남구,감만동,225-7,감만B어린이공원,어린이공원,35.112435,129.083668
부산광역시,남구,용호동,950,오륙도해맞이소공원,소공원,35.10248663,129.122349
부산광역시,남구,용호동,473,솔뫼어린이공원,어린이공원,35.121847,129.115151
부산광역시,남구,문현동,1227-1,동천문화공원,문화공원,35.14865604,129.0643778
부산광역시,남구,대연동,1864,대연문화공원,문화공원,35.13962157,129.103957
부산광역시,남구,대연동,1860,대연혁신도시 어린이공원,어린이공원,35.14232896,129.0999842
부산광역시,남구,대연동,243-10,대동골소공원,소공원,35.151303,129.088969
인천광역시,동구,화수동,140-1,화도진공원,근린공원,37.48148073,126.6283533
인천광역시,동구,송림동,318,인천교공원,근린공원,37.47784433,126.6696185
인천광역시,동구,송현동,163,송현공원,근린공원,37.47777345,126.639225
인천광역시,동구,만석동,7-16,괭이부리소공원,소공원,37.4856259,126.6233374
인천광역시,동구,만석동,9-549,만석소공원,소공원,37.48518647,126.6243999
인천광역시,동구,송림동,2-26,송희마을소공원,소공원,37.4786382377,126.6536745537
인천광역시,동구,화평동,1-5,화수13공원,어린이공원,37.48044325,126.633242
인천광역시,동구,창영동,21-15,창영공원,어린이공원,37.47077768,126.6391049
인천광역시,동구,송림동,339-8,궁현공원,어린이공원,37.4808543,126.6501009
인천광역시,동구,송현동,1-173,돌산공원,어린이공원,37.48241465,126.642195
인천광역시,동구,송현동,60,수문통공원,어린이공원,37.4801533,126.6359776
인천광역시,동구,만석동,43-14,만석공원,어린이공원,37.48325962,126.6195363
인천광역시,동구,화수동,7-7,화수3공원,어린이공원,37.48567321,126.6293667
인천광역시,동구,송현동,85-16,솔마루공원,어린이공원,37.4761662024,126.6355019539
전북특별자치도,군산시,내흥동,538-1,내흥동공원,소공원,35.992815,126.7591033
전북특별자치도,군산시,내흥동,915-1,내흥동공원,소공원,35.9964665,126.7516291
전북특별자치도,군산시,내흥동,367-11,내흥동공원,소공원,36.003396,126.759171
전북특별자치도,군산시,미장동,482,미장휴먼시아내 공원,소공원,35.96369046,126.723329
전북특별자치도,군산시,나운동,835,나운제2소공원,소공원,35.964497,126.697575
전북특별자치도,군산시,나운동,835,나운제1소공원,소공원,35.964497,126.697575
전북특별자치도,군산시,월명동,25-4,돈방석숯불갈비앞 공원,소공원,35.98485064,126.7060054
전북특별자치도,군산시,비응도동,91,비응로공원,소공원,35.934547,126.5261485
전북특별자치도,군산시,미장동,559,대원칸타빌동측 공원,소공원,35.9614909,126.735417
전북특별자치도,군산시,조촌동,3936-3,송정타워써미트북측 공원,소공원,35.96261523,126.736339
전북특별자치도,군산시,미장동,508,미장동공원,소공원,35.96642381,126.732832
경상북도,울릉군,울릉읍,도동리 374-1,저동근린공원,근린공원,37.49384686,130.9059539
경상북도,울릉군,울릉읍,사동리 647-1,사동근린공원,근린공원,37.46382352,130.8759026
경상북도,울릉군,서면,남양리 597-2,남양어린이공원,어린이공원,37.46556193,130.8386897
경상북도,울릉군,서면,남서리 54,남서어린이공원,어린이공원,37.46886927,130.8347966
경상북도,울릉군,서면,태하리 509-5,태하어린이공원,어린이공원,37.51293922,130.8016634
경상북도,울릉군,북면,현포리 540-3,현포어린이공원,어린이공원,37.5127161,130.8007375
경상북도,울릉군,북면,천부리 790-34,천부어린이공원,어린이공원,37.53784618,130.8718627
경상북도,울릉군,울릉읍,사동리 910,사동소공원,소공원,37.47450696,130.8884622
경상북도,울릉군,서면,남양리 181,통구미소공원,소공원,37.4630322,130.8556888
경상북도,울릉군,북면,현포리 502-2,현포문화공원,문화공원,37.52470067,130.8268595
경상북도,울릉군,서면,남양리 153-18,통구미수변공원,수변공원,37.46064326,130.857851
경상북도,울릉군,북면,천부리 678-1,천부체육공원,체육공원,37.53799344,130.8703392
충청남도,천안시,동남구,원성동 244-8,문성소공원,소공원,36.80968397,127.1542359
충청남도,천안시,동남구,문화동 183,원성5어린이공원,어린이공원,36.811701,127.156501
충청남도,천안시,서북구,백석동 1218,노태공원,근린공원,36.835801,127.126201
충청남도,천안시,동남구,신부동 987,신부2공원,어린이공원,36.8156267408,127.1612674761
충청남도,천안시,부대동,1035,잠자리공원,어린이공원,36.848501,127.149301
충청남도,천안시,부대동,1067,무당벌레공원,어린이공원,36.842801,127.1490101
충청남도,천안시,성성동,976,성성2지구 어린이공원,어린이공원,36.842301,127.1241001
충청남도,천안시,성정동,1569,두정4공원,어린이공원,36.827701,127.147201
충청남도,천안시,쌍용동,1551,월봉공원,어린이공원,36.796801,127.114301
충청남도,천안시,성거읍,신월리 406-36,신월2공원,어린이공원,36.869101,127.151501
충청남도,천안시,삼룡동,250-5,마틴공원,역사공원,36.790401,127.163201
충청남도,천안시,서북구,부대동 1051,숲향기공원,소공원,36.845201,127.152501
충청남도,천안시,동남구,신부동 989,신부11공원,소공원,36.8176096493,127.1636270012
충청남도,천안시,동남구,안서동 228-6,안서2공원,소공원,36.8303657417,127.1791710561
충청남도,천안시,동남구,구성동 533,청수소공원,소공원,36.7956602862,127.1564783334
충청남도,천안시,서북구,성거읍 오목리 235,성거1호소공원,소공원,36.893301,127.206801
충청남도,천안시,서북구,성거읍 오목리 254,성거2호소공원,소공원,36.892401,127.210701
경상북도,울릉군,울릉읍,도동리 586-2,도동근린공원,근린공원,37.48161585,130.8997121
경기도,화성시,향남읍,장짐리 200-6,장짐 어린이공원,어린이공원,37.13569293,126.9071042
경기도,화성시,향남읍,행정리 423,벌말 어린이공원(1호),어린이공원,37.1297507,126.9143791
경기도,화성시,향남읍,행정리 454,송곡 어린이공원(2호),어린이공원,37.12670197,126.9141106
경기도,화성시,향남읍,행정리 464,작은배틀 어린이공원(3호),어린이공원,37.12523219,126.9171158
경기도,화성시,향남읍,행정리 475-1,댓골 어린이공원(4호),어린이공원,37.13243841,126.9236446
경기도,화성시,향남읍,행정리 495-14,행정 어린이공원(5호),어린이공원,37.12551535,126.9229047
경기도,화성시,향남읍,행정리 483,도이 어린이공원(6호),어린이공원,37.12772257,126.9279099
경기도,화성시,향남읍,행정리 517,돌내 어린이공원(7호),어린이공원,37.12457862,126.9259789
경기도,화성시,향남읍,행정리 466,교통 어린이공원(8호),어린이공원,37.12539803,126.9184706
경기도,화성시,향남읍,행정리 478,도원체육공원,체육공원,37.13261278,126.9280086
경기도,화성시,향남읍,장짐리 213-26,완두콩 소공원,소공원,37.13823501,126.910596
경기도,화성시,향남읍,발안리 306,발안유적공원,소공원,37.13053699,126.9033565
경기도,화성시,향남읍,제암리 478-1,제암리 쌈지공원,기타,37.12856823,126.9047729
경기도,화성시,향남읍,도이리 240-3,향남 쌈지공원(궁도장),기타,37.13912864,126.9290863
경기도,화성시,구문천리,604-167,구문천3리 쌈지공원,기타,37.07093279,126.8932832
경기도,화성시,향남읍,평리 123-3,평리 공공공지,기타,37.13037546,126.9076108
경기도,화성시,향남읍,하길리 1446,향남2지구 1호근린(해찬벌공원),근린공원,37.12040477,126.9157085
경기도,화성시,향남읍,하길리 1507-1,향남2지구 2호근린(방축공원),근린공원,37.11161795,126.9160156
경기도,화성시,향남읍,하길리 1512,향남2지구 3호근린(오음공원),근린공원,37.11425001,126.9032194
경기도,화성시,향남읍,상신리 1257,향남2지구 4호근린(신정공원),근린공원,37.10323928,126.9088759
경기도,화성시,향남읍,상신리 1308,향남2지구 5호근린(한우리공원),근린공원,37.1002071,126.8969145
경기도,화성시,향남읍,상신리 1329-1,향남2지구 6호근린(손개공원),근린공원,37.10118288,126.8938518
경기도,화성시,향남읍,하길리 1508,향남2지구 1호주제(하길문화공원),근린공원,37.11194757,126.9148216
경기도,화성시,향남읍,하길리 1508,향남2지구 2호주제(풍경공원),근린공원,37.11194757,126.9148216
경기도,화성시,향남읍,하길리 1441-3,향남2지구 1호 어린이(견우직녀달),어린이공원,37.11997468,126.9114104
경기도,화성시,향남읍,하길리 1452,향남2지구 2호 어린이(누리달),어린이공원,37.117158,126.9160259
경기도,화성시,향남읍,하길리 1476,향남2지구 3호 어린이(타오름달),어린이공원,37.11375803,126.906615
경기도,화성시,향남읍,하길리 1505-1,향남2지구 4호 어린이(푸른달),어린이공원,37.11080941,126.9192451
경기도,화성시,향남읍,상신리 1274,향남2지구 5호 어린이(잎새달),어린이공원,37.10721002,126.9025489
경기도,화성시,향남읍,상신리 1264,향남2지구 6호 어린이(물오름달),어린이공원,37.10538793,126.9028323
경기도,화성시,서신면,장외리 642,전곡공원 1호,근린공원,37.18745111,126.6659872
경기도,화성시,서신면,전곡리 800,전곡2호 근린공원,근린공원,37.18806903,126.6548596
경기도,화성시,서신면,장외리 631,전곡공원 4호,근린공원,37.17869018,126.6771436
경기도,화성시,서신면,전곡리 1052,전곡1호 어린이공원,어린이공원,37.18888481,126.6559733
경기도,화성시,서신면,전곡리 867,전곡3호 어린이공원,어린이공원,37.18674003,126.6539156
경기도,화성시,서신면,전곡리 920,전곡4호 어린이공원,어린이공원,37.18497383,126.6522074
경기도,화성시,서신면,전곡리 1112,전곡공원 3호,체육공원,37.18475336,126.6765076
경기도,화성시,서신면,전곡리 1097,전곡공원 2호,소공원,37.19000175,126.6739801
경기도,화성시,서신면,전곡리 1091-4,전곡공원 5호,소공원,37.19094262,126.6599928
경기도,화성시,서신면,제부리 40-37,제부도 쌈지공원,기타,37.16623043,126.6260631
경기도,화성시,서신면,매화리 292-2,매화 쌈지공원,기타,37.16733322,126.7078546
경기도,화성시,서신면,매화리 214-4,바다뜰 쌈지공원,기타,37.16865459,126.7084656
경기도,화성시,서신면,송교리 380,제부교차로 공공공지,기타,37.17228761,126.6586255
경기도,화성시,전곡리,1091-5,전곡리 공공공지,기타,37.1907814,126.6595448
경기도,화성시,서신면,제부리 190-223,매바위 광장,기타,37.15987169,126.6189327
경기도,화성시,서신면,전곡리 1090,전곡일반광장,기타,37.18955439,126.6558339
경기도,화성시,마도면,쌍송리 673,마도근린공원,근린공원,37.18190846,126.7899034
경기도,화성시,마도면,청원리 1516,화성 바이오밸리 1호 근린공원,근린공원,37.16983466,126.7621011
경기도,화성시,마도면,청원리 1512,화성 바이오밸리 2호 체육공원,체육공원,37.16973832,126.7710944
경기도,화성시,마도면,청원리 1508,화성 바이오밸리 3호 수변공원,수변공원,37.17533854,126.7704798
경기도,화성시,향남읍,발안리 251,옴뿌리산 근린공원,근린공원,37.13335332,126.8982207
경기도,화성시,향남읍,하길리 1409-1,하길 근린공원,근린공원,37.08920562,126.9113808
경기도,화성시,향남읍,구문천리 929-18,구문천 근린공원,근린공원,37.08567333,126.9053525
경기도,화성시,향남읍,행정리 460,향남1지구 1호근린(용현공원),근린공원,37.12391708,126.9135864
경기도,화성시,향남읍,행정리 444,향남1지구 2호근린(평원공원),근린공원,37.12791854,126.9174141
경기도,화성시,향남읍,행정리 490,향남1지구 3호근린(살구꽃공원),근린공원,37.12917664,126.9247698
경기도,화성시,향남읍,행정리 525,향남1지구 4호근린(나래공원),근린공원,37.12425649,126.9281412
경기도,화성시,향남읍,발안리 263,배틀 어린이공원,어린이공원,37.13296857,126.8997891
경기도,화성시,향남읍,발안리 296,무궁화 어린이공원,어린이공원,37.13070235,126.9015518
경기도,화성시,향남읍,발안리 307,도와지뜰 어린이공원,어린이공원,37.12940369,126.9042973
경기도,화성시,향남읍,장짐리 235,미소 어린이공원,어린이공원,37.14004254,126.9120306
부산광역시,남구,대연동,779-1,UN기념공원,묘지공원,35.12739751,129.0960638
경기도,화성시,남양리,2273-1,광장4호,기타,37.20643178,126.8256149
경기도,화성시,남양리,2038,남양1호 근린공원,근린공원,37.20549505,126.8291693
경기도,화성시,남양리,2057-1,남양2-1호 근린공원,근린공원,37.20294018,126.8296846
경기도,화성시,남양리,2145,남양2-2호 근린공원,근린공원,37.20174476,126.8320206
경기도,화성시,남양리,2060,남양3호 근린공원,근린공원,37.20216094,126.8306353
경기도,화성시,남양리,2015,남양1호 어린이공원,어린이공원,37.20344041,126.8248523
경기도,화성시,남양리,2036,남양2호 어린이공원,어린이공원,37.20479503,126.8288277
경기도,화성시,남양리,2042,남양3호 어린이공원,어린이공원,37.2069053,126.8299787
경기도,화성시,남양리,2066,남양4호 어린이공원,어린이공원,37.20249927,126.8295087
경기도,화성시,남양리,2053,남양5호 어린이공원,어린이공원,37.20436259,126.8323577
경기도,화성시,남양리,1865-19,남양 우림아파트 소공원,소공원,37.20380791,126.8041822
경기도,화성시,남양리,1865-21,남양천 소공원,기타,37.20252988,126.8025235
경기도,화성시,남양리,1868,남양 비석공원,기타,37.20685612,126.8121005
경기도,화성시,남양리,727-1,한가울 쌈지공원,기타,37.20479086,126.8073865
경기도,화성시,송산면,사강리 299-3,송산 3.1 기념공원,근린공원,37.21714851,126.7315478
경기도,화성시,송산면,독지리 173-2,송산 쌈지공원,기타,37.2528847,126.6923171
경기도,화성시,황계동,152-116,황계공원,기타,37.22224836,127.0171919
경기도,화성시,안녕동,119-4,안녕동 쌈지공원(3),기타,37.19348646,127.0047469
경기도,화성시,송산동,202-9,원송산 마을 쌈지공원(송산동 쌈지),기타,37.20989759,127.0093243
경기도,화성시,안녕동,178-178,남산공단 공영주차장 위 공원,기타,37.19555253,126.9895015
경기도,화성시,기안동,332-1,광도 쌈지공원,기타,37.22748788,126.9724874
경기도,화성시,송산동,164-21,한승미메이드 공공공지,기타,37.20891077,127.0131703
경기도,화성시,정남면,귀래리 100-1,귀래생태공원,수변공원,37.13708977,127.0018903
경기도,화성시,정남면,보통리 335-1,보통리 쌈지공원,기타,37.18219957,126.973112
경기도,화성시,정남면,관항리 144,관항리 쌈지공원,기타,37.17879774,126.9758514
경기도,화성시,정남면,괘랑리 26-42,괘랑리 쌈지공원,기타,37.18756493,127.0055038
경기도,화성시,정남면,음양리 884,1호 근린공원,근린공원,37.14637723,127.0228274
경기도,화성시,정남면,음양리 932,1호 문화공원,문화공원,37.14190606,127.0312001
경기도,화성시,정남면,음양리 930,2호 문화공원,문화공원,37.14403264,127.0308858
경기도,화성시,정남면,음양리 873,3호 문화공원,문화공원,37.1459439,127.0267443
경기도,화성시,정남면,음양리 905,4호 문화공원,문화공원,37.1434214,127.0245824
경기도,화성시,정남면,음양리 954,5호 문화공원,문화공원,37.14295234,127.0269234
경기도,화성시,정남면,음양리 952,1호 공공공지,기타,37.14183492,127.0273732
경기도,화성시,정남면,음양리 963,2호 공공공지,기타,37.14187102,127.0271031
경기도,화성시,정남면,음양리 965,3호 공공공지,기타,37.14122273,127.0249868
경기도,화성시,정남면,음양리 979,4호 공공공지,기타,37.14116877,127.0244691
경기도,화성시,능동,1084,독재울공원,근린공원,37.21386234,127.0591077
경기도,화성시,봉담읍,동화리 305-6,동화리 공공공지 3호,기타,37.22189906,126.959473
경기도,화성시,봉담읍,동화리 392,동화리 공공공지 4호,기타,37.22322423,126.9572485
경기도,화성시,봉담읍,동화리 397,동화리 공공공지 5호,기타,37.22278062,126.9564825
경기도,화성시,봉담읍,수영리 412-1,수인선 상부 공원,기타,37.24097625,126.9530704
경기도,화성시,봉담읍,상리 713,삼봉근린공원(제1호),근린공원,37.2258752,126.9440211
경기도,화성시,봉담읍,수영리 698,들녘오름공원(제2호),근린공원,37.22778904,126.952268
경기도,화성시,봉답읍,상리 654-3,도란도란어린이공원(제1호),어린이공원,37.23607447,126.9427964
경기도,화성시,봉담읍,수영리 690-1,무럭무럭어린이공원(제2호),어린이공원,37.22544569,126.950737
경기도,화성시,봉담읍,상리 632-10,하늘하늘어린이공원(제3호),어린이공원,37.22144319,126.9465031
경기도,화성시,봉담읍,수영리 650-68,오순도순어린이공원(지구외),어린이공원,37.22319306,126.9482131
경기도,화성시,봉담읍,상리 716,생태체육공원,체육공원,37.2247931,126.9422641
경기도,화성시,봉담읍,상리 708,어울림문화공원,문화공원,37.23052411,126.9429809
경기도,화성시,봉담읍,상리 627-11,풀내음 소공원,소공원,37.22353284,126.944789
경기도,화성시,봉담읍,상리 687-5,봉담2 공공공지1호,기타,37.22562346,126.9451931
경기도,화성시,봉담읍,상리 688-3,봉담2 공공공지2호,기타,37.22580404,126.9460043
경기도,화성시,송산동,224,현충공원,근린공원,37.20589597,127.022022
경기도,화성시,송산동,155-27,서작현 어린이공원,어린이공원,37.20658302,127.0145576
경기도,화성시,안녕동,213,솔뫼 어린이공원,어린이공원,37.20012743,127.0073277
경기도,화성시,기안동,896,야생초 어린이공원,어린이공원,37.22029034,126.9890035
경기도,화성시,기안동,903,수국 어린이공원,어린이공원,37.22175123,126.9856081
경기도,화성시,기안동,914,미로 어린이공원,어린이공원,37.22473333,126.9761949
경기도,화성시,기안동,918,솔빛 어린이공원,어린이공원,37.22354427,126.9758262
경기도,화성시,기안동,915,나눔 어린이공원,어린이공원,37.22312562,126.9748557
경기도,화성시,기안동,916,별향 어린이공원,어린이공원,37.22232251,126.9750449
경기도,화성시,기안동,917,해피트리 어린이공원,어린이공원,37.22291055,126.9790327
경기도,화성시,기안동,329-5,광도아파트 어린이공원,어린이공원,37.227142,126.9732011
경기도,화성시,안녕동,225,안녕일공원,수변공원,37.20185343,127.0084568
경기도,화성시,기안동,927,기배역사공원,역사공원,37.21471432,126.9837766
경기도,화성시,배양동,69-6,품못골저수지 쉼터,기타,37.22028487,126.9904169
경기도,화성시,안녕동,71-780,동문아파트 소공원,기타,37.20184937,127.0224043
경기도,화성시,안녕동,190-102,안녕동 쌈지공원(1),기타,37.2008477,127.0243654
경기도,화성시,안녕동,190-77,안녕동 쌈지공원(2),기타,37.19889843,127.0239242
경기도,화성시,장안면,독정리 276-27,알음공원,소공원,37.07276751,126.8669733
경기도,화성시,장안면,금의리 761-1,장안(금의)산단 소공원,소공원,37.11364171,126.8390948
경기도,화성시,우정읍,주곡리 932,주곡문화공원,소공원,37.12485471,126.7948603
경기도,화성시,우정읍,조암리 793,조암 1호 공공공지,기타,37.08790992,126.8228186
경기도,화성시,우정읍,조암리 798,조암 2호 공공공지,기타,37.08725025,126.8227378
경기도,화성시,우정읍,조암리 794,조암 3호 공공공지,기타,37.08777974,126.8255456
경기도,화성시,우정읍,매향리 184-1,매향리평화생태공원,문화공원,37.04466537,126.7545854
경기도,화성시,봉담읍,상리 22-10,봉담호수공원,근린공원,37.21976581,126.9512128
경기도,화성시,봉담읍,동화리 573,동화마을 생태공원,근린공원,37.21346548,126.9576087
경기도,화성시,봉담읍,수영리 672-3,한울1호공원,어린이공원,37.23409174,126.9560401
경기도,화성시,봉담읍,수영리 673-2,한울2호공원,어린이공원,37.23741359,126.9541996
경기도,화성시,봉담읍,수영리 676,한울2-1호공원,어린이공원,37.2373581,126.954659
경기도,화성시,봉담읍,수영리 406-6,봉담수영 어린이공원,어린이공원,37.24172932,126.9547203
경기도,화성시,봉담읍,와우리 52-5,와우남촌 어린이공원,어린이공원,37.21680945,126.9767956
경기도,화성시,봉담읍,와우리 590-1,봉담아이파크어린이공원(하늘공원),어린이공원,37.21250301,126.9722471
경기도,화성시,봉담읍,상리 619,봉담상리 어린이공원,어린이공원,37.21772429,126.9474786
경기도,화성시,봉담읍,상리 22-76,봉담호수 어린이공원,어린이공원,37.21904601,126.9519703
경기도,화성시,봉담읍,동화리 565,피아노숲공원(1호),어린이공원,37.21846305,126.9558658
경기도,화성시,봉담읍,동화리 578,달그림자공원(2호),어린이공원,37.21573902,126.9588942
경기도,화성시,봉담읍,동화리 613,물소리공원(3호) → 동화어린이공원,어린이공원,37.21741785,126.9609388
경기도,화성시,봉답읍,동화리 605,산새들공원(4호),어린이공원,37.21485312,126.9608385
경기도,화성시,봉답읍,동화리 633,솔향기공원(5호),어린이공원,37.21306947,126.9621463
경기도,화성시,봉담읍,수영리 680,한울3호어린이공원,어린이공원,37.23557941,126.9567392
경기도,화성시,봉담읍,와우리 215,해오름공원,소공원,37.21626252,126.969966
경기도,화성시,봉담읍,동화리 398-2,신동아 파밀리에아파트 소공원,소공원,37.22108085,126.9574283
경기도,화성시,봉담읍,와우리 217,와우리 소공원,소공원,37.21630102,126.9694235
경기도,화성시,봉담읍,와우리 595,와우리 문화공원(코리요 문화공원),문화공원,37.21578942,126.9673131
경기도,화성시,봉담읍,상리 15-38,협성대 앞 쌈지공원,기타,37.21533368,126.9523073
경기도,화성시,봉담읍,동화리 562-15,동화리 어린이놀이터(동화리 쌈지공원),기타,37.22077669,126.9553656
경기도,화성시,봉담읍,동화리 301-13,동화리 공공공지 1호,기타,37.22341893,126.9581062
경기도,화성시,봉담읍,동화리 301-15,동화리 공공공지 2호,기타,37.22273764,126.9589085
경기도,화성시,향남읍,상신리 1249-2,향남2지구 1호 소공원,소공원,37.11081918,126.9022408
경기도,화성시,향남읍,하길리 1468,향남2지구 1호광장,기타,37.11546787,126.9135494
경기도,화성시,향남읍,상신리 1320-6,향남2지구 2호광장,기타,37.0997695,126.9016718
경기도,화성시,향남읍,하길리 1529-1,향남2지구 1호 공공공지,기타,37.10801727,126.9085284
경기도,화성시,향남읍,하길리 1531,향남2지구 2호 공공공지,기타,37.10725324,126.9090024
경기도,화성시,향남읍,하길리 1544,향남2지구 3호 공공공지,기타,37.10670627,126.9081747
경기도,화성시,향남읍,하길리 1539-2,향남2지구 4호 공공공지,기타,37.10705453,126.9079434
경기도,화성시,향남읍,하길리 1537-8,향남2지구 5호 공공공지,기타,37.10682583,126.9072403
경기도,화성시,향남읍,하길리 1551,향남2지구 6호 공공공지,기타,37.10597722,126.908621
경기도,화성시,향남읍,하길리 1547-23,향남2지구 7호 공공공지,기타,37.10548284,126.9095273
경기도,화성시,향남읍,하길리 1444-2,향남2지구 2-1호 공공공지,기타,37.1208695,126.9144009
경기도,화성시,향남읍,하길리 1455-7,향남2지구 주택단지 공공공지,기타,37.11774804,126.9163425
경기도,화성시,향남읍,상신리 942-6,상신2리 쌈지공원,기타,37.09500475,126.8943558
경기도,화성시,향남읍,상신리 654-1,상신3리 쌈지공원,기타,37.1002012,126.9056187
경기도,화성시,양감면,요당리 102,요당지구 소공원,소공원,37.06523172,126.9392783
경기도,화성시,양감면,신왕리 678-5,양감쌈지공원1호,기타,37.08163296,126.9447523
경기도,화성시,양감면,사창리 1039-48,양감쌈지공원2호,기타,37.1072889,126.970441
경기도,화성시,팔탄면,구장리 783-1,구장리 코리요놀이터,기타,37.16275471,126.9054957
경기도,화성시,팔탄면,구장리 1029-13,구장 쌈지공원,기타,37.16116892,126.9059971
경기도,화성시,장안면,금의리 760-3,장안 1호근린공원,근린공원,37.11345479,126.8423573
경기도,화성시,장안면,수촌리 1466,장안근린 1호,근린공원,37.10985119,126.8473263
경기도,화성시,장안면,수촌리 1470-1,장안근린 2호,근린공원,37.10472944,126.8488242
경기도,화성시,우정읍,조암리 391-14,쌍봉산 근린공원,근린공원,37.08976969,126.817696
경기도,화성시,우정읍,조암리 791-5,조암1호 근린공원,근린공원,37.08884692,126.8255708
경기도,화성시,우정읍,조암리 266-51,조암 어린이공원,어린이공원,37.08516916,126.8186356
경기도,화성시,우정읍,조암리 790,조암 2호 어린이공원,어린이공원,37.09081593,126.8241887
경기도,화성시,우정읍,조암리 792-1,조암 3호 어린이공원,어린이공원,37.089447,126.8225527
경기도,화성시,우정읍,조암리 798-11,조암 4호 어린이공원,어린이공원,37.08596871,126.8229186
경기도,화성시,우정읍,조암리 808-3,조암 5호 어린이공원,어린이공원,37.08536792,126.8212054
경기도,화성시,장안면,사랑리 689,장안남산 체육공원,체육공원,37.07821751,126.834711
경기도,화성시,장안면,수촌리 1018-7,수촌소공원,소공원,37.09646372,126.8481179
부산광역시,남구,용호동,409-5,솔밭어린이공원,어린이공원,35.120074,129.109518
경기도,화성시,향남읍,상신리 1301-11,향남2지구 8호 어린이(시샘달),어린이공원,37.10356094,126.8995773
경기도,화성시,향남읍,상신리 1329-2,향남2지구 9호 어린이(하늘연달),어린이공원,37.10121628,126.8956483
경기도,화성시,향남읍,상신리 1330-1,향남2지구 10호 어린이(미름달),어린이공원,37.09910524,126.8968809
경기도,화성시,향남읍,상신리 1319,향남2지구 11호 어린이(해솟음달),어린이공원,37.09895905,126.9011577
경기도,화성시,향남읍,상신리 1229-6,상신리 어린이공원,어린이공원,37.0954684,126.8843402
경기도,화성시,향남읍,상신리 1254,향남2지구 3호주제(화합체육),체육공원,37.10542997,126.905648
경기도,화성시,남양리,2323-1,광장3호,기타,37.19771636,126.8283399
충청남도,홍성군,홍북읍,신경리 1503,숲속의성공원(홍북12호),어린이공원,36.639444,126.685271
충청남도,홍성군,홍북읍,신경리 948,웅덩이공원(홍북3호),어린이공원,36.65120033,126.684213
충청남도,홍성군,홍북읍,신경리 1371,지형놀이공원(홍북10호),어린이공원,36.645698,126.676651
충청남도,홍성군,광천읍,광천리 32-4,광천생활체육공원(광천1호),체육공원,36.50626006,126.6350386
충청남도,홍성군,홍북읍,신경리 934,신리천공원(홍북근린3호),근린공원,36.653942,126.681202
충청남도,홍성군,홍북읍,신경리 1172,신리천공원(홍북근린5호),근린공원,36.64942104,126.6734093
충청남도,홍성군,홍북읍,신경리 1201,자경천1공원(홍북근린6호),근린공원,36.647994,126.675595
충청남도,홍성군,홍북읍,신경리 1375,자경천2공원(홍북근린7호),근린공원,36.641983,126.682822
충청남도,홍성군,홍북읍,상하리 산15-1,하산공원(홍북근린9호),근린공원,36.641322,126.666229
충청남도,홍성군,홍북읍,신경리 1203,한울공원(홍북근린4호),근린공원,36.648897,126.679875
충청남도,홍성군,홍성읍,고암리 981,고암어린이공원,어린이공원,36.60081432,126.6745874
충청남도,홍성군,홍성읍,옥암리 963,남문공원,어린이공원,36.59653757,126.6548113
충청남도,홍성군,홍성읍,남장리 111-9,남장어린이공원,어린이공원,36.591829,126.665057
충청남도,홍성군,광천읍,소암리 349-1,광천4호 어린이공원,어린이공원,36.50098914,126.6364595
충청남도,홍성군,홍성읍,월산리 858-5,월산어린이공원,어린이공원,36.60030556,126.6513217
충청남도,홍성군,홍성읍,남장리 528,남장골어린이공원,어린이공원,36.587287,126.664107
충청남도,홍성군,홍성읍,남장리 599,숲자락어린이공원,어린이공원,36.586978,126.668698
충청남도,홍성군,홍성읍,대교리 540,대교제2공원,어린이공원,36.60331803,126.6704498
충청남도,홍성군,홍성읍,옥암리 1177,옥암 1호어린이공원,어린이공원,36.590757,126.646564
충청남도,홍성군,홍성읍,옥암리 1255,옥암 2호어린이공원,어린이공원,36.593095,126.6523459
충청남도,홍성군,홍성읍,옥암리 1073,옥암어린이공원,어린이공원,36.59523073,126.657157
충청남도,홍성군,홍북읍,신경리 948,웅덩이공원(홍북3호),어린이공원,36.65120033,126.684213
충청남도,홍성군,홍북읍,신경리 1371,지형놀이공원(홍북10호),어린이공원,36.645698,126.676651
충청남도,홍성군,홍북읍,신경리 720,구리구리숲공원(홍북1호),어린이공원,36.659104,126.684758
충청남도,홍성군,홍북읍,신경리 975,기차바람길공원(홍북6호),어린이공원,36.647746,126.6845998
충청남도,홍성군,홍북읍,신경리 1069,나뭇잎공원(홍북7호),어린이공원,36.645487,126.685671
충청남도,홍성군,홍북읍,신경리 1429,모래언덕공원(홍북11호),어린이공원,36.63999846,126.683957
충청남도,홍성군,홍북읍,신경리 1334,물빛공원(홍북9호),어린이공원,36.641115,126.686243
충청남도,홍성군,홍북읍,신경리 803,방울숲공원(홍북2호),어린이공원,36.65942234,126.685398
충청남도,홍성군,홍북읍,신경리 1128,숲속마을놀이터공원(홍북5호),어린이공원,36.648595,126.686977
충청남도,홍성군,홍북읍,신경리 1278,숲소리놀이터공원(홍북8호),어린이공원,36.642798,126.685816
충청남도,홍성군,홍북읍,신경리 1074,숲속소리공원(홍북4호),어린이공원,36.650199,126.686744
대전광역시,중구,선화동,317-32,소담,소공원,36.3317797,127.4147269
대전광역시,중구,대사동,135-131,보문3구역제2호,소공원,36.31645815,127.4243543
대전광역시,중구,대사동,213-3,보문3구역제3호,소공원,36.31481294,127.4238107
대전광역시,중구,대흥동,215,우리들,문화공원,36.32742481,127.4254561
대전광역시,중구,목달동,444-2,산서,체육공원,36.27395335,127.3994246
충청남도,태안군,태안읍,동문리 898-4,어린이3호공원,어린이공원,36.745776,126.305085
충청남도,태안군,태안읍,동문리 888-6,어린이4호공원,어린이공원,36.74795906,126.3060339
충청남도,태안군,태안읍,남문리 706-6,어린이5호공원,어린이공원,36.747017,126.3013524
충청남도,태안군,태안읍,남문리 682-1,어린이6호공원,어린이공원,36.74933221,126.2974129
충청남도,태안군,태안읍,남문리 458-1,어린이9호공원,어린이공원,36.75428601,126.2927719
충청남도,태안군,안면읍,승언리 1121-2,어린이13호공원,어린이공원,36.51757985,126.344488
충청남도,홍성군,갈산면,상촌리 산12-1,갈산공원(갈산근린1호),근린공원,36.60996173,126.5480776
충청남도,홍성군,홍성읍,남장리 601,숲자락근린공원,근린공원,36.58650804,126.669452
충청남도,홍성군,결성면,읍내리 319-1,석당공원(결성근린1호),근린공원,36.523292,126.545695
충청남도,홍성군,홍성읍,고암리 664-2,역재방죽공원(홍성근린8호),근린공원,36.592255,126.676184
충청남도,홍성군,광천읍,소암리 산34,염산공원(광천근린1호),근린공원,36.5106231,126.6386421
충청남도,홍성군,광천읍,옹암리 산8-1,옹암공원(광천근린2호),근린공원,36.49504297,126.6283553
충청남도,홍성군,홍성읍,월산리 849,월산근린공원,근린공원,36.60169908,126.648049
충청남도,홍성군,갈산면,취생리 산133-2,홍성산단 1호근린공원,근린공원,36.628613,126.534556
충청남도,홍성군,홍성읍,대교리 410-2,노변공원,근린공원,36.6043428,126.6638341
충청남도,홍성군,홍성읍,오관리 98,홍주공원(홍성근린6호),근린공원,36.601719,126.661389
충청남도,홍성군,서부면,상황리 629-13,속동해안공원,근린공원,36.57237392,126.4659197
충청남도,홍성군,홍북읍,신경리 545,내포시민1공원(홍북근린1호),근린공원,36.660663,126.678872
충청남도,홍성군,홍북읍,신경리 547,내포시민2공원(홍북근린2호),근린공원,36.66101698,126.680346
충청남도,홍성군,홍북읍,신경리 198-110일원,산학1공원(홍북근린11호),근린공원,36.637261,126.676472
충청남도,홍성군,홍북읍,신경리 198-3일원,산학2공원(홍북근린14호),근린공원,36.635625,126.677661
충청남도,홍성군,홍북읍,신경리 198-142일원,산학3공원(홍북근린12호),근린공원,36.636937,126.669078
대전광역시,중구,중촌동,102-3,솔밭,어린이공원,36.33873507,127.4128583
대전광역시,중구,산성동,36-2,당대,어린이공원,36.30850149,127.3912687
대전광역시,중구,산성동,118-7,원대,어린이공원,36.30536325,127.3852674
대전광역시,중구,산성동,122-14,멋티,어린이공원,36.30369409,127.3841993
대전광역시,중구,산성동,299-28,탑골,어린이공원,36.304774,127.3914287
대전광역시,중구,석교동,98-3,범골,어린이공원,36.3074662,127.4445946
대전광역시,중구,문화동,756,신촌,어린이공원,36.3105057,127.4010639
대전광역시,중구,문화동,776,속리,어린이공원,36.30858849,127.3998382
대전광역시,중구,문화동,783,마루메기,어린이공원,36.30710811,127.3973277
대전광역시,중구,안영동,650,안영1,어린이공원,36.291709,127.3802525
대전광역시,중구,안영동,664,안영2,어린이공원,36.2900922,127.3793931
대전광역시,중구,안영동,694,안영3,어린이공원,36.2865539,127.3795965
대전광역시,중구,사정동,360,사정1,어린이공원,36.30016887,127.384277
대전광역시,중구,사정동,407,사정2,어린이공원,36.29645357,127.3874974
대전광역시,중구,사정동,488,사정3,어린이공원,36.29518691,127.3836277
대전광역시,중구,목동,359,목동,어린이공원,36.33462201,127.4111824
대전광역시,중구,대흥동,914,대흥1,어린이공원,36.32100708,127.4268988
대전광역시,중구,유천동,315-1,중평,어린이공원,36.3204444,127.3943406
대전광역시,중구,오류동,185-1,오류,어린이공원,36.3267523,127.4038692
대전광역시,중구,석교동,378-66,석교1,소공원,36.308419,127.4358566
대전광역시,중구,석교동,246-15,석교2,소공원,36.307566,127.436862
대전광역시,중구,부사동,575-8,부사1,소공원,36.31208001,127.4305306
대전광역시,중구,부사동,231-7,부사2,소공원,36.311541,127.4305738
대전광역시,중구,부사동,575-41,부사3,소공원,36.310353,127.4298565
대전광역시,중구,부사동,575-19,부사4,소공원,36.311155,127.4305166
대전광역시,중구,문화동,231-11,문화3,소공원,36.312917,127.4112951
대전광역시,중구,문화동,산25-1,문화4,소공원,36.30257456,127.4066212
대전광역시,중구,문화동,187-21,문화5,소공원,36.31305278,127.4099939
대전광역시,중구,목동,59-3,목동,소공원,36.33759864,127.4049686
대전광역시,중구,목동,363 -1,목동1,소공원,36.33575298,127.4083025
충청남도,천안시,동남구,"신부동 888,889",성정9공원(신부9),어린이공원,36.82241649,127.1501549
충청남도,천안시,동남구,쌍용동 551-4,차돌공원(쌍용1),어린이공원,36.80315305,127.1330378
충청남도,천안시,동남구,"안서동206-21,207-4",상암공원(안서4),어린이공원,36.82906533,127.1872497
충청남도,천안시,동남구,용곡동 581,용소공원(용곡6),어린이공원,36.79126094,127.1359727
충청남도,천안시,동남구,용곡동 585,미르공원(용곡8),어린이공원,36.78192336,127.1395056
충청남도,천안시,동남구,용곡동 586,용곡9공원,어린이공원,36.78168821,127.1368979
충청남도,천안시,서북구,불당동 1752,하늘소리공원,어린이공원,36.81039905,127.1026269
충청남도,천안시,서북구,"불당동 1506, 1800",수피아공원,근린공원,36.82145798,127.1013969
충청남도,천안시,서북구,"불당동 1512,1547,1612",아름드리공원,근린공원,36.81807892,127.1037003
충청남도,천안시,서북구,"불당동 1484,1490,1493,1499",능수버들공원,근린공원,36.8197019,127.1102883
충청남도,천안시,서북구,불당동 1851,하늘맞이공원,근린공원,36.80493403,127.1040358
충청남도,천안시,서북구,"불당동 1641,1642,1643,1855",물총새공원,근린공원,36.81067673,127.1076169
충청남도,천안시,동남구,안서동 212-2,안서3공원,어린이공원,36.82840832,127.1861935
충청남도,천안시,서북구,성성동 829,성성1지구 근린공원,근린공원,36.84114572,127.1229798
충청남도,천안시,서북구,성성동 711,성성3지구 근린공원,근린공원,36.84091033,127.1306767
충청남도,천안시,서북구,"백석동 747,748,749,751,751-7(일부)",백석공원,근린공원,36.83303341,127.1090661
충청남도,천안시,서북구,두정동 2057,두정10공원,소공원,36.82681344,127.1507137
충청남도,천안시,서북구,성성동 791,성성4지구 어린이공원,어린이공원,36.84053144,127.1368524
대전광역시,중구,중촌동,471-32,중촌,근린공원,36.33959777,127.4041513
대전광역시,중구,대흥동,160,대흥,어린이공원,36.32595427,127.4284328
대전광역시,중구,선화동,162-1,푸른,어린이공원,36.33495783,127.4167617
대전광역시,중구,용두동,162-1,용머리,어린이공원,36.3318289,127.4029316
대전광역시,중구,태평동,266-3,평리,어린이공원,36.3249041,127.3988703
대전광역시,중구,문화동,458-14,천근,어린이공원,36.31120689,127.4021425
대전광역시,중구,문화동,484-8,옥미,어린이공원,36.30786228,127.4028235
대전광역시,중구,문화동,563-3,모산,어린이공원,36.30643997,127.3987895
대전광역시,중구,유천동,275-5,버드내,어린이공원,36.3126778,127.3961958
대전광역시,중구,중촌동,85,무릉,어린이공원,36.34223449,127.41059
충청남도,천안시,동남구,봉명동 492,봉서공원(봉명3),어린이공원,36.81188172,127.1314459
충청남도,천안시,동남구,사직동 284-39,남산공원,근린공원,36.79990886,127.1492892
충청남도,천안시,동남구,삼룡동 291-4,삼거리공원,근린공원,36.7842348,127.1677013
충청남도,천안시,동남구,성남면 대화리 313,생활권공원,근린공원,36.74246074,127.2550095
충청남도,천안시,동남구,성남면 대화리 315-3,생활권공원,소공원,36.73967848,127.2598375
충청남도,천안시,동남구,성남면 대화리 376,생활권공원,근린공원,36.73608467,127.2584033
충청남도,천안시,동남구,성남면 용원리 668,천안온천중앙공원,근린공원,36.75775287,127.226103
충청남도,천안시,동남구,수신면 신풍리 575,생활권공원,소공원,36.738997,127.265699
충청남도,천안시,동남구,신방동 1073,소리공원,어린이공원,36.77733308,127.1303595
충청남도,천안시,동남구,신방동 1392,산마루공원,어린이공원,36.77260848,127.1287885
충청남도,천안시,동남구,신방동 1600,무지개공원,어린이공원,36.77615328,127.1366574
충청남도,천안시,동남구,신방동 1894,중앙공원,근린공원,36.77188155,127.1311692
충청남도,천안시,동남구,신방동 1925,꽃내음공원,어린이공원,36.77099675,127.130926
충청남도,천안시,동남구,신방동 896,신방2공원,어린이공원,36.79303234,127.1317174
충청남도,천안시,동남구,신방동 898,신방3공원,어린이공원,36.79156533,127.1295179
충청남도,천안시,동남구,신방동 906,용곡2공원,어린이공원,36.79006316,127.1311197
충청남도,천안시,동남구,신방동 912,용곡3공원,어린이공원,36.78808682,127.1307424
충청남도,천안시,동남구,신방동 919,신방1공원,어린이공원,36.78689368,127.1264314
충청남도,천안시,동남구,신방동 945,건강공원,근린공원,36.77849432,127.1329266
충청남도,천안시,동남구,신방동 1766,해오름공원,어린이공원,36.77393902,127.1370182
충청남도,천안시,동남구,신부동 228,천호지공원,근린공원,36.83282894,127.1673226
충청남도,천안시,동남구,신부동 460-4,신부문화공원,문화공원,36.81811752,127.1561499
충청남도,천안시,동남구,신부동 497-1,신부1공원,어린이공원,36.8199695,127.1622323
충청남도,천안시,동남구,신부동 542,신부6공원,어린이공원,36.82367368,127.1553114
충청남도,천안시,동남구,신부동 671,신부8공원,어린이공원,36.82273168,127.1601651
충청남도,천안시,동남구,신부동 749,편지공원(신부7),어린이공원,36.82183871,127.1573718
충청남도,천안시,동남구,"신부동 811, 815, 673",신부공원,근린공원,36.82002434,127.1596481
충청남도,천안시,서북구,쌍용동2095,쌍용10공원,어린이공원,36.78655184,127.1168556
충청남도,천안시,서북구,쌍용동2101,노리공원(쌍용29),어린이공원,36.81023993,127.1212463
충청남도,천안시,서북구,쌍용동2102,휴공원(쌍용28),어린이공원,36.80773081,127.1182827
충청남도,천안시,서북구,직산읍 모시리 274,제5호 근린공원,근린공원,36.86707309,127.1231424
충청남도,천안시,서북구,"직산읍 모시리 292,294, 차암동 402-4, 402-5",제1호 근린공원,근린공원,36.86104443,127.118435
충청남도,천안시,서북구,"직산읍 모시리 305, 318",제2호 근린공원,근린공원,36.86152881,127.1213239
충청남도,천안시,서북구,직산읍 삼은리 507,테크노파크공원,근린공원,36.88805834,127.159965
충청남도,천안시,서북구,직산읍 신갈리 232,제3호 근린공원,근린공원,36.86692239,127.1138805
충청남도,천안시,서북구,직산읍 신갈리 244,제4호 근린공원,근린공원,36.86311483,127.1144627
충청남도,천안시,서북구,차암동 439,산동공원,소공원,36.84255343,127.1040256
충청남도,천안시,서북구,차암동 495,차암밤개울공원(밤개울),어린이공원,36.83979934,127.1017479
충청남도,천안시,동남구,신방동 1521,신방문화공원,근린공원,36.77441534,127.1307313
충청남도,천안시,서북구,직산읍 삼은리 510,삼은공원,근린공원,36.88805834,127.159965
충청남도,천안시,서북구,차암동 547,차암공원,근린공원,36.84369393,127.1069876
충청남도,천안시,동남구,병천면 병천리 289-12,아우내기념공원,역사공원,36.75963221,127.2963822
충청남도,천안시,서북구,성정동 354,천안축구센터(성정공원),체육공원,36.82143955,127.1457671
충청남도,천안시,서북구,성거읍 요방리 산6-12,망향의동산,묘지공원,36.8507044,127.1880666
충청남도,천안시,서북구,백석동 1166,한들공원,수변공원,36.82630064,127.1203901
충청남도,천안시,서북구,성정동 436-10,장수공원(성정12),어린이공원,36.82466212,127.1352857
충청남도,천안시,서북구,쌍용동 1924,희망공원(쌍용11),어린이공원,36.80175945,127.1184506
충청남도,천안시,동남구,다가동 377-1,일봉공원(다가2),어린이공원,36.79957837,127.1358968
충청남도,천안시,동남구,다가동 391-1,다가공원(다가1),어린이공원,36.79987952,127.1412769
충청남도,천안시,동남구,다가동 409-9,다가말공원(다가3),어린이공원,36.79805389,127.1382049
충청남도,천안시,동남구,다가동 462-45,천안천공원,어린이공원,36.79557786,127.1503113
충청남도,천안시,동남구,봉명동 209-3,봉명공원(봉명1),어린이공원,36.80631114,127.1348289
충청남도,천안시,동남구,봉명동 255,개목공원(봉명2),어린이공원,36.81630853,127.1321837
충청남도,천안시,동남구,봉명동 426,솔모루공원(봉명5),어린이공원,36.81338306,127.1327823
충청남도,천안시,서북구,성정동 844,도원공원(성정13),어린이공원,36.82121552,127.1347063
충청남도,천안시,서북구,성정동 955,안식의공원(성정14),어린이공원,36.81975764,127.1325045
충청남도,천안시,서북구,성환읍 매주리 241-5,매주1공원,어린이공원,36.90286119,127.1319511
충청남도,천안시,서북구,성환읍 성월리 93-28,성환4공원,근린공원,36.9123306727,127.1344771
충청남도,천안시,서북구,쌍용동 1133,으뜸공원(쌍용6),어린이공원,36.80261738,127.1283264
충청남도,천안시,서북구,쌍용동 1188,사랑공원(쌍용3),어린이공원,36.80166126,127.129647
충청남도,천안시,서북구,쌍용동 1234,장미공원(쌍용7),어린이공원,36.80064921,127.1270596
충청남도,천안시,서북구,쌍용동 388-18,무궁화공원(쌍용4),어린이공원,36.79535988,127.1308284
충청남도,천안시,서북구,쌍용동 847,개나리공원(봉명4),어린이공원,36.80853465,127.129991
충청남도,천안시,서북구,쌍용동 890,비둘기공원(쌍용5),어린이공원,36.80690075,127.1304068
충청남도,천안시,서북구,쌍용동 992,칸나공원(쌍용2),어린이공원,36.80461835,127.1313067
충청남도,천안시,서북구,쌍용동 1280,솔내음공원(쌍용8),어린이공원,36.80293991,127.123755
충청남도,천안시,서북구,쌍용동 1291,노을공원(쌍용9),어린이공원,36.80168839,127.1244925
충청남도,천안시,서북구,쌍용동 1408,쌍용13공원,어린이공원,36.80021882,127.1199722
충청남도,천안시,서북구,쌍용동 1523,쌍용14공원,어린이공원,36.79834861,127.1194762
충청남도,천안시,서북구,쌍용동 1563,방아다리공원(쌍용4),근린공원,36.79288169,127.118357
충청남도,천안시,서북구,쌍용동 1589,쌍용18공원,어린이공원,36.79183976,127.1150204
충청남도,천안시,서북구,쌍용동 1617,쌍용16공원,어린이공원,36.7921683,127.1181583
충청남도,천안시,서북구,쌍용동 1867,쌍용15공원,어린이공원,36.78915016,127.1157155
충청남도,천안시,서북구,쌍용동 1916,초록공원(쌍용25),어린이공원,36.80445287,127.1210322
충청남도,천안시,서북구,쌍용동 1919,단풍공원(쌍용26),어린이공원,36.80636249,127.1182784
충청남도,천안시,서북구,백석동 1071,유통단지공원,근린공원,36.83597896,127.1216692
충청남도,천안시,서북구,쌍용동 1926,늘푸른공원(쌍용12),어린이공원,36.80414803,127.1196108
충청남도,천안시,서북구,쌍용동 2046-4,쌍용17공원,어린이공원,36.78972074,127.1237436
충청남도,천안시,서북구,쌍용동 619,쌍용20공원,어린이공원,36.79550938,127.1240826
충청남도,천안시,서북구,쌍용동 656,쌍용19공원,어린이공원,36.79802859,127.1222635
충청남도,천안시,서북구,쌍용동 산85,쌍용공원,근린공원,36.81053313,127.1305003
충청북도,진천군,진천읍,장관리 880,장관 어린이공원2,어린이공원,36.87364054,127.4398006
충청북도,진천군,덕산읍,신척리 864,신척산업단지 제1호근린공원,근린공원,36.92699599,127.4870377
충청북도,진천군,덕산읍,신척리 908,신척산업단지 제2호근린공원,근린공원,36.91912407,127.4872671
충청북도,진천군,덕산읍,신척리 960,신척산업단지 어린이공원,어린이공원,36.917355,127.492146
충청북도,진천군,이월면,삼용리 1276,산수산업단지 제1호근린공원,근린공원,36.90647328,127.4823407
충청북도,진천군,덕산읍,산수리 1102,산수산업단지 제2호근린공원,근린공원,36.89637908,127.484561
충청북도,진천군,덕산읍,산수리 1065,산수산업단지 제1호 소공원,소공원,36.90021534,127.4815987
충청북도,진천군,덕산읍,두촌리 2406,혜윰공원,어린이공원,36.90923836,127.5308577
충청북도,진천군,덕산읍,두촌리 2304,한울공원,어린이공원,36.90860603,127.5289056
인천광역시,계양구,서운동,210,길머리공원,소공원,37.535953,126.753471
인천광역시,계양구,서운동,221-7,목숙교공원,소공원,37.530902,126.754827
인천광역시,계양구,서운동,215,거여목공원,체육공원,37.534047,126.756463
인천광역시,계양구,서운동,223,장두못공원,근린공원,37.529493,126.74813
인천광역시,계양구,서운동,223-1,장성제공원,근린공원,37.529492,126.74813
인천광역시,계양구,상야동,12-9,상야공원,어린이공원,37.580616,126.778864
인천광역시,계양구,갈현동,산52-9,갈현체육공원,체육공원,37.576735,126.7300301453
인천광역시,계양구,귤현동,산 10-5,귤현공원,근린공원,37.567293,126.747116
인천광역시,계양구,서운동16-9,,도두머리공원,근린공원,37.527673,126.745215
인천광역시,계양구,귤현동,212-2일원,귤현1공원,어린이공원,37.568514,126.750446
인천광역시,계양구,귤현동,228일원,귤현2공원,어린이공원,37.566854,126.749699
인천광역시,계양구,귤현동,산9일원,귤현3공원,어린이공원,37.564738,126.74841
인천광역시,계양구,효성동,268-9일원,쑥쑥공원,어린이공원,37.528281,126.715082
인천광역시,계양구,효성동,72-9,꿈나무공원,어린이공원,37.529688,126.711728
대구광역시,수성구,만촌동,1017-2,동원공원,어린이공원,35.86218307,128.643211
울산광역시,북구,연암동,311,안산공원,어린이공원,35.58161235,129.3689358
울산광역시,북구,화봉동,649,통새미공원,어린이공원,35.59087332,129.3604763
부산광역시,북구,덕천동,814-2,기비골공원,어린이공원,35.21803874,129.021114
부산광역시,북구,금곡동,53-2,금빛공원,어린이공원,35.26798628,129.0198289
부산광역시,북구,화명동,306,그린달님공원,어린이공원,35.2451383,129.0238495
부산광역시,북구,화명동,513,그린꽃님공원,어린이공원,35.23998415,129.022576
부산광역시,북구,구포동,1260-19,구삼공원,어린이공원,35.19586792,129.0067365
부산광역시,북구,금곡동,92-1,공창공원,어린이공원,35.26369535,129.0167932
부산광역시,북구,화명동,731,견우공원,어린이공원,35.23680814,129.0179882
부산광역시,북구,금곡동,57-2,건강공원,어린이공원,35.26381864,129.0212822
부산광역시,북구,구포동,1075-17,거북공원,어린이공원,35.20217234,128.9954043
부산광역시,북구,만덕동,912-1,개나리공원,어린이공원,35.21094624,129.0273294
부산광역시,북구,만덕동,960-4,풀소리공원,어린이공원,35.21648039,129.0358237
부산광역시,북구,만덕동,959-13,물소리공원,어린이공원,35.21409371,129.0376935
부산광역시,북구,만덕동,960-6,새소리공원,어린이공원,35.2147643,129.033067
부산광역시,북구,만덕동,812,물샘공원,어린이공원,35.21837007,129.039483
부산광역시,서구,암남동,124-1,송도공원,근린공원,35.07664188,129.0233998
부산광역시,서구,서대신동3가,산 2-3,중앙공원(대신공원),근린공원,35.12393472,129.0184838
부산광역시,서구,암남동,산193,암남공원,근린공원,35.0616574,129.0149368
부산광역시,서구,서대신동3가,산60,엄광산어린이공원,어린이공원,35.13270638,129.0096327
부산광역시,서구,암남동,776,솔바람공원,소공원,35.07929269,129.0224286
부산광역시,서구,암남동,777,솔마루공원,소공원,35.07929269,129.0224286
부산광역시,서구,남부민동,611-340,톤즈공원,문화공원,35.08259435,129.0235512
울산광역시,북구,연암동,404-2,두부곡어린이공원,어린이공원,35.58642088,129.3652557
울산광역시,북구,연암동,292,잠실공원,어린이공원,35.58560676,129.3710676
울산광역시,북구,연암동,379-5,늘푸른공원,어린이공원,35.58310419,129.3659296
부산광역시,북구,덕천동,814-7,남산정공원,어린이공원,35.21574398,129.0227987
부산광역시,북구,덕천동,813,꿈마루공원,어린이공원,35.205895,129.0118896
부산광역시,북구,덕천동,805,꿈나래공원,어린이공원,35.20600869,129.0132406
대구광역시,달서구,월성동,364-3,광수어린이공원,어린이공원,35.82894498,128.5338024
대구광역시,달서구,죽전동,261-2,거인나라어린이공원,어린이공원,35.85229653,128.5349085
대구광역시,달서구,신당동,1683,계골산어린이공원,어린이공원,35.86066937,128.4995988
대구광역시,달서구,감삼동,295-8,곤충어린이공원,어린이공원,35.8453232,128.5424058
대구광역시,달서구,용산동,892-2,공룡어린이공원,어린이공원,35.85346555,128.5338486
대구광역시,달서구,본리동,1212-1,구마어린이공원,어린이공원,35.83839511,128.5292253
대구광역시,달서구,송현동,1918-2,구암어린이공원,어린이공원,35.82668111,128.5462775
대구광역시,달서구,장기동,846,궁전어린이공원,어린이공원,35.84277797,128.5343833
대구광역시,달서구,장기동,825-5,길우어린이공원,어린이공원,35.84275444,128.5279853
대구광역시,달서구,이곡동,1349-7,꿈터어린이공원,어린이공원,35.86013139,128.5132131
대구광역시,달서구,도원동,1428-1,나래어린이공원,어린이공원,35.80777965,128.5301225
대구광역시,달서구,이곡동,1314-2,늘푸른어린이공원,어린이공원,35.86040328,128.5046762
대구광역시,달서구,두류동,1213,능금어린이공원,어린이공원,35.85950078,128.5709285
대구광역시,달서구,상인동,1404,달배어린이공원,어린이공원,35.81678158,128.5374229
대구광역시,달서구,두류동,636-3,달서어린이공원,어린이공원,35.8518362,128.5522069
대구광역시,달서구,두류동,1168-55,달서1어린이공원,어린이공원,35.85340991,128.5716664
대구광역시,달서구,상인동,1569,당산어린이공원,어린이공원,35.81066019,128.5477227
대구광역시,달서구,대곡동,1095,샘골어린이공원,어린이공원,35.80325293,128.5287039
대구광역시,달서구,대곡동,1119,새터어린이공원,어린이공원,35.79843011,128.5296582
대구광역시,달서구,송현동,1955-1,전원어린이공원,어린이공원,35.82284289,128.5499033
대구광역시,달서구,죽전동,253-1,대림어린이공원,어린이공원,35.85223055,128.5387276
충청남도,천안시,서북구,성정동 673-6,꽃구름공원(성정5),어린이공원,36.82053462,127.1377404
충청남도,천안시,서북구,성정동 691,구름공원(성정6),어린이공원,36.81951717,127.1440834
충청남도,천안시,서북구,성정동 694-8,성정8길공원(성정7),어린이공원,36.81834723,127.1414165
충청남도,천안시,서북구,성정동 707-4,성정3길공원(성정8),어린이공원,36.8175629,127.1371068
충청남도,천안시,서북구,성정동 715-21,성정12길공원(성정9),어린이공원,36.81490756,127.141009
충청남도,천안시,서북구,성거읍 천흥리 316-2,천흥공원,근린공원,36.88334666,127.2106850879
충청남도,천안시,서북구,성정동 1030,개목10길공원(성정15),어린이공원,36.8177524,127.1343417
충청남도,천안시,서북구,성정동 737-4,양지길시장공원(성정10),어린이공원,36.81304386,127.1375533
충청남도,천안시,서북구,성정동 746-6,양지10길공원(성정11),어린이공원,36.81033756,127.1395581
충청남도,천안시,서북구,성정동 1137,숲정이공원(두정7),어린이공원,36.82964343,127.1344315
충청남도,천안시,서북구,성정동 1180,고우니공원(성정18),어린이공원,36.82737689,127.1355899
충청남도,천안시,서북구,성정동 124-22,선영9길공원(성정16),어린이공원,36.8145536,127.145861
충청남도,천안시,서북구,성정동 1285,청사공원,근린공원,36.82939874,127.1395244
충청남도,천안시,서북구,성정동 626-3,서부공원(성정2),어린이공원,36.8249311,127.1400675
충청남도,천안시,서북구,성정동 637,인쇄창공원(성정1),어린이공원,36.82469886,127.146845
충청남도,천안시,서북구,성정동 646-2,푸르내공원(성정3),어린이공원,36.82326054,127.1383488
충청남도,천안시,서북구,성정동 657-3,목련공원(성정4),어린이공원,36.82220565,127.1407705
경기도,화성시,장지동,1088,장지2호공원,근린공원,37.16059748,127.113888
경기도,화성시,장지동,1073,장지1호공원,근린공원,37.16380296,127.1162346
경기도,화성시,영천동,816-2,돌모루공원(3호),근린공원,37.20808825,127.086382
경기도,화성시,오산동,1012-2,방교공원(11호),근린공원,37.18386722,127.0873904
경기도,화성시,오산동,1016,방교공원(11호),근린공원,37.18451176,127.0924798
경기도,화성시,오산동,1082,신리천공원(13호),근린공원,37.18388932,127.1045983
경기도,화성시,목동,398-8,신리천공원(13호),근린공원,37.18378108,127.1047333
경기도,화성시,목동,산35,목동공원(19호),근린공원,37.18876206,127.1263948
경기도,화성시,영천동,622,선납숲공원(2호),근린공원,37.21173666,127.1067902
경기도,화성시,오산동,752-10,자라뫼공원(10호),근린공원,37.19347937,127.0842033
경기도,화성시,영천동,740-11,동탄2지구 1호 어린이공원(안골),어린이공원,37.20364912,127.1231662
경기도,화성시,오산동,1004,감배산1호 어린이공원,어린이공원,37.19301415,127.0973575
경기도,화성시,동탄면,오산리 966,감배산2호 어린이공원,어린이공원,37.19276164,127.0976275
경기도,화성시,송동,711-6,소라어린이공원,어린이공원,37.16562384,127.0952057
경기도,화성시,장지동,939-5,도란어린이공원,어린이공원,37.15971063,127.0979902
경기도,화성시,능동,1129-1,동탄6호 공공공지,기타(공공공지),37.20663971,127.0520406
경기도,화성시,석우동,59-6,동탄7호 공공공지,기타(공공공지),37.20772526,127.0775618
경기도,화성시,방교동,762,너른공원(동탄산단2호근린),근린공원,37.18294581,127.0901041
경기도,화성시,방교동,799,소라공원(동탄산단3호근린),근린공원,37.16743638,127.0831682
경기도,화성시,방교동,857,송리공원(동탄산단4호근린),근린공원,37.16838175,127.0870611
경기도,화성시,방교동,861,송방공원(동탄산단5호근린),근린공원,37.16806002,127.0904654
경기도,화성시,방교동,802-1,동지공원(동탄산단6호근린),근린공원,37.16325542,127.083079
경기도,화성시,방교동,876-2,방아다리공원(동탄산단1호근린),근린공원,37.18334921,127.0884537
경기도,화성시,청계동,527,청계중앙공원,근린공원,37.19990417,127.1076758
경기도,화성시,영천동,660,치동천1호(4호),근린공원,37.20606224,127.0964809
경기도,화성시,영천동,816,치동천1호(4호),근린공원,37.206067,127.0902548
경기도,화성시,영천동,636-256,치동천1호(4호),근린공원,37.20594851,127.0935473
경기도,화성시,영천동,664-1,치동천2호(5호),근린공원,37.20658604,127.1000852
경기도,화성시,영천동,677-1,치동천3호(6호),근린공원,37.20508708,127.1117252
경기도,화성시,청계동,557,솔향기(9호),근린공원,37.19824127,127.1219131
경기도,화성시,청계동,548,감배산(12호),근린공원,37.19529082,127.1024523
경기도,화성시,오산동,1022-1,감배산(12호),근린공원,37.19287006,127.0972672
경기도,화성시,신동,703-4,물류단지내 근린공원,근린공원,37.17089117,127.1277172
경기도,화성시,송동727,,동탄호수공원(근린23호),근린공원,37.1688624,127.101515
경기도,화성시,송동,766,송방천공원,근린공원,37.16768828,127.1234014
경기도,화성시,산척동,753,왕배산1호공원,근린공원,37.17750555,127.109364
경기도,화성시,송동,691-1,배마루공원,근린공원,37.17383665,127.1010262
경기도,화성시,산척동,762,산척공원,근린공원,37.17397064,127.1123316
경기도,화성시,송동,682-4,태봉산공원,근린공원,37.17311867,127.0976022
경기도,화성시,산척동,730-1,산척에움길공원,근린공원,37.16697674,127.1141227
경기도,화성시,장지동,1068,송동공원,근린공원,37.16302376,127.101282
경기도,화성시,장지동,1064,장지이웃공원,근린공원,37.16107237,127.1070887
경기도,화성시,석우동,56-2,미관광장 21호,기타(광장),37.20804693,127.0738975
경기도,화성시,반송동,83-2,미관광장 22호,기타(광장),37.20785845,127.0730934
경기도,화성시,석우동,56-4,미관광장 23호,기타(광장),37.20691145,127.0756864
경기도,화성시,석우동,58-2,미관광장 24호,기타(광장),37.20660878,127.076194
경기도,화성시,반송동,88-7,미관광장 25호(북광장),기타(광장),37.20596735,127.0735665
경기도,화성시,반송동,104-7,미관광장 26호(남광장),기타(광장),37.20083002,127.0723739
경기도,화성시,반송동,102-3,미관광장 27호,기타(광장),37.19941433,127.071088
경기도,화성시,반송동,140-3,미관광장 28호,기타(광장),37.19894854,127.0711984
경기도,화성시,반송동,132-1,미관광장 29호,기타(광장),37.19900839,127.0717057
경기도,화성시,반송동,132-3,미관광장 30호,기타(광장),37.19958146,127.0738593
경기도,화성시,반송동,132-6,미관광장 31호,기타(광장),37.19790561,127.0748641
경기도,화성시,반송동,118-8,미관광장 32호,기타(광장),37.19676202,127.076854
경기도,화성시,반송동,131-29,미관광장 33호,기타(광장),37.1954855,127.0787895
경기도,화성시,반송동,222-2,미관광장 34호,기타(광장),37.19517702,127.0784695
경기도,화성시,반송동,126-4,미관광장 35호,기타(광장),37.19486769,127.0808844
경기도,화성시,반송동,192-1,미관광장 36호,기타(광장),37.18939758,127.0744696
경기도,화성시,능동,1113-7,미관광장 37호,기타(광장),37.20954666,127.0611573
경기도,화성시,능동,1114-7,미관광장 38호,기타(광장),37.20901263,127.060923
경기도,화성시,반송동,41-7,미관광장 39호,기타(광장),37.20944412,127.0616222
경기도,화성시,반송동,43-7,미관광장 40호,기타(광장),37.20891841,127.0613558
경기도,화성시,동탄면,석우리 22,미관광장 41호,기타(광장),37.21702662,127.0864372
경기도,화성시,능동,1090,미관광장 42호,기타(광장),37.21392201,127.0561444
경기도,화성시,반송동,42-4,미관광장 43호,기타(광장),37.20788826,127.0644588
경기도,화성시,반송동,200-4,미관광장 44호,기타(광장),37.19084521,127.0754687
경기도,화성시,능동,1052-7,동탄1호 공공공지,기타(공공공지),37.22039463,127.0588485
경기도,화성시,능동,1093-14,동탄2호 공공공지,기타(공공공지),37.21716338,127.0555448
경기도,화성시,반송동,77-12,동탄3호 공공공지,기타(공공공지),37.19790978,127.0651828
경기도,화성시,석우동,18-9,동탄4호 공공공지,기타(공공공지),37.22262767,127.0747923
경기도,화성시,반송동,22-1,미관광장 11호,기타(광장),37.20893745,127.0668763
경기도,화성시,반송동,19-2,미관광장 12호,기타(광장),37.20800808,127.0688252
경기도,화성시,반송동,71-1,미관광장 13호,기타(광장),37.20177939,127.0610538
경기도,화성시,반송동,159-2,미관광장 14호,기타(광장),37.19522156,127.0695118
경기도,화성시,반송동,190-1,미관광장 15호,기타(광장),37.18898924,127.071847
경기도,화성시,반송동,175-3,미관광장 16호,기타(광장),37.18791011,127.0703295
경기도,화성시,반송동,215-2,미관광장 17호,기타(광장),37.19114638,127.075849972
경기도,화성시,반송동,135-2,미관광장 18호,기타(광장),37.19542128,127.0700232
경기도,화성시,반송동,84-2,미관광장 19호,기타(광장),37.20783779,127.0694519
경기도,화성시,석우동,55-2,미관광장 20호,기타(광장),37.20825049,127.0735399
충청남도,당진시,송산면,가곡리 산54-8,공원:송산2 일반산업단지:2(파도공원),근린공원,36.96874692,126.6915638
충청남도,당진시,송산면,유곡리 194-1,공원:송산2 일반산업단지:3(나리공원),어린이공원,36.9637969,126.6938612
충청남도,당진시,송산면,유곡리 산5-7,공원:송산2 일반산업단지:3(자연공원),소공원,36.96687327,126.6908439
충청남도,당진시,송산면,유곡리 536,공원:송산2 일반산업단지:4(꾀꼬리공원),소공원,36.9657385,126.6909246
충청남도,당진시,송산면,유곡리 495-1,공원:송산2 일반산업단지:4(두레공원),어린이공원,36.9617478,126.6918969
충청남도,당진시,합덕읍,소소리 662,공원:합덕일반산업단지:3(공원),소공원,36.8172445,126.7462397
충청남도,당진시,송산면,가곡리 46-51,공원:송산2 일반산업단지:4(호수공원),근린공원,36.99070048,126.682546
충청남도,당진시,송산면,유곡리 216-2,공원:송산2 일반산업단지:5(나라공원),어린이공원,36.9617526,126.6938131
충청남도,당진시,송산면,유곡리 530-2,공원:송산2 일반산업단지:5(명랑공원),소공원,36.9649116,126.6909279
충청남도,당진시,송산면,유곡리 489,공원:송산2 일반산업단지:6(희망공원),소공원,36.9620435,126.6909671
충청남도,당진시,송산면,유곡리 485-7,공원:송산2 일반산업단지:7(누리공원),소공원,36.9592673,126.6909362
충청남도,당진시,송산면,유곡리 385,공원:송산2 일반산업단지:8(두어기공원),소공원,36.9582193,126.6896627
충청남도,당진시,송산면,유곡리 410-34,공원:송산2 일반산업단지:9,소공원,36.958308,126.6935418
충청남도,당진시,송악읍,한진리 404,공원:아산국가산단(고대:7)(고대공원),근린공원,36.97310699,126.7587494
충청남도,당진시,송악읍,한진리 403-4,공원:아산국가산단(고대:9)(해안공원),근린공원,36.97606241,126.7775934
충청남도,당진시,송악읍,복운리 1631-1,공원:아산국가산단(부곡:1)(제1호어린이공원),어린이공원,36.94275369,126.7806741
충청남도,당진시,송악읍,부곡리 566,공원:아산국가산단(부곡:6)(상록수공원),근린공원,36.9607283,126.7805193
충청남도,당진시,송악읍,복운리 1656,공원:아산국가산단(부곡:8)(한진공원),근린공원,36.94328671,126.7846042
충청남도,당진시,합덕읍,석우리 산 165-1,공원:합덕인더스파크일반산업단지:1(공원),소공원,36.472826,126.444476
충청남도,당진시,합덕읍,석우리 산 165-1,공원:합덕인더스파크일반산업단지:2(공원),소공원,36.471417,126.445266
충청남도,당진시,합덕읍,석우리 1134,공원:합덕일반산업단지:1(공원),근린공원,36.81662243,126.7416645
충청남도,당진시,합덕읍,소소리 661,공원:합덕일반산업단지:2(공원),소공원,36.81837772,126.7466618
충청남도,당진시,합덕읍,소소리 680,공원:합덕일반산업단지:4(공원),체육공원,36.81671867,126.749597
충청남도,당진시,합덕읍,소소리 681,공원:합덕일반산업단지:5(공원),체육공원,36.81557298,126.7498128
충청남도,당진시,송산면,가곡리 536,공원:현대제철산업단지:1(송산제1공원),근린공원,36.99749051,126.6844395
강원특별자치도,인제군,남면,신남리 233-1,신남공원,근린공원,37.97298055,128.0849951
강원특별자치도,인제군,인제읍,합강리 221-13,합강공원,근린공원,38.0770009,128.1861246
강원특별자치도,인제군,북면,원통리 679-12,중앙공원(북면 제2공원),어린이공원,38.1231816868,128.2069938114
강원특별자치도,인제군,북면,원통리 789-1,원통 제1공원,어린이공원,38.11842825,128.2014556
강원특별자치도,인제군,인제읍,상동리 42-4,인제 제1공원,어린이공원,38.06940274,128.1749698
강원특별자치도,인제군,인제읍,상동리 산15-1,충혼탑공원,근린공원,38.07121146,128.1671914
강원특별자치도,인제군,남면,신남리 304-19,신남 제2공원,어린이공원,37.96624211,128.0803958425
강원특별자치도,인제군,북면,원통리 1707,원통공원(농공단지),어린이공원,38.11629797,128.2015633
강원특별자치도,인제군,인제읍,합강리 278-1,인제 제3공원,어린이공원,38.07465232,128.183007
강원특별자치도,인제군,북면,원통리 1653-1,원통 제5공원,어린이공원,38.1291527,128.2200208
강원특별자치도,인제군,인제읍,상동리 424-2,인제 제6공원,어린이공원,38.06339679,128.172517
강원특별자치도,인제군,인제읍,남북리 801,인제 제2공원,어린이공원,38.0636212,128.1668999
강원특별자치도,인제군,북면,원통리 459-88,테마근린공원,근린공원,38.11965865,128.2063654
강원특별자치도,인제군,남면,신남리 328-1,신남 제3공원,어린이공원,37.96524891,128.0838724
강원특별자치도,인제군,상남면,상남리 135-10,상남 제1공원,근린공원,37.87377142,128.2591099548
강원특별자치도,인제군,기린면,현리 785,기린근린공원,근린공원,37.9491700969,128.3133009953
강원특별자치도,인제군,서화면,천도리 616-3,천도 제1공원,어린이공원,38.2200058542,128.210109
부산광역시,수영구,망미동,198-1,강변공원,어린이공원,35.178768,129.116922
부산광역시,수영구,망미동,417-1,과정공원,어린이공원,35.17466466,129.1085446
부산광역시,수영구,광안동,180-1,파랑새공원,어린이공원,35.151799,129.1127574
부산광역시,수영구,수영동,231,수영공원,근린공원,35.171212,129.1139531
부산광역시,수영구,망미동,824-8,햇살공원,어린이공원,35.172688,129.0991924
부산광역시,수영구,광안동,260-2,광안공원,근린공원,35.153412,129.118511
부산광역시,수영구,민락동,336-43,널구지공원,어린이공원,35.16325038,129.129053
부산광역시,수영구,민락동,110-18,수변공원,어린이공원,35.155489,129.134419
부산광역시,수영구,광안동,743-5,호암공원,근린공원,35.158241,129.1115509
부산광역시,수영구,망미동,640-13,망미공원,근린공원,35.17375404,129.1046625
부산광역시,수영구,망미동,640-11,망미공원,어린이공원,35.17417547,129.1070611
부산광역시,수영구,남천동,152,늘푸른공원,어린이공원,35.141811,129.113478
부산광역시,수영구,민락동,770,백산어린이공원,어린이공원,35.16490476,129.123828
부산광역시,수영구,광안동,1302-9,광안1동 소공원,소공원,35.16527632,129.1111741
부산광역시,수영구,민락동,779,너울공원,어린이공원,35.167248,129.1208004
부산광역시,수영구,망미동,1163,해오름공원,소공원,35.1779103,129.1000294
부산광역시,수영구,망미동,1169,배산공원,소공원,35.17729239,129.1013635
부산광역시,수영구,망미동,1184,만남의 공원,소공원,35.17320406,129.1022351
부산광역시,수영구,망미동,1181,희망공원,소공원,35.17405109,129.1026273
부산광역시,수영구,광안동,1336,라온공원,어린이공원,35.1578284,129.1075342
부산광역시,수영구,남천동,393-40,쉼마루소공원,소공원,35.14267307,129.1055963
부산광역시,수영구,남천동,615,오솔길공원,소공원,129.1037423,35.14151512
부산광역시,수영구,수영동,119,팽나무공원,소공원,129.1187913,35.17064498
서울특별시,마포구,현석동,1-5,현석어린이공원,어린이공원,37.544342,126.933325
서울특별시,마포구,창전동,35-28,창전어린이공원,어린이공원,37.550161,126.929162
서울특별시,마포구,상수동,72-7,와우어린이공원,어린이공원,37.548829,126.925356
서울특별시,마포구,서교동,391-1,서교어린이공원,어린이공원,37.552019,126.915475
서울특별시,마포구,서교동,479-1,잔다리어린이공원,어린이공원,37.554524,126.9125323
서울특별시,마포구,동교동,168-1,윗잔다리어린이공원,어린이공원,37.557013,126.925668
서울특별시,마포구,동교동,197-17,동교어린이공원,어린이공원,37.560093,126.923451
서울특별시,마포구,서교동,489,합정어린이공원,어린이공원,37.551673,126.913138
경기도,수원시,장안구,영화동 229-1,거북,어린이공원,37.29306205,127.0148778
경기도,수원시,장안구,천천동 336-1,화산,어린이공원,37.29115659,126.9805545
경기도,수원시,장안구,천천동 336-2,정천,어린이공원,37.29115659,126.9805545
경기도,수원시,장안구,율전동 601,율전,어린이공원,37.29924994,126.9643046
경기도,수원시,장안구,이목동 332-1,해드림,어린이공원,37.31218176,126.9830698
경기도,수원시,장안구,이목동 519-5,해늘찬,어린이공원,37.31414983,126.9846442
경기도,수원시,장안구,정자동 945-2,노루말,어린이공원,37.30949297,126.9823575
경기도,수원시,장안구,정자동 945-10,오리뜰,어린이공원,37.30544929,126.983509
경기도,수원시,권선구,세류동 1280-1,기차놀이,어린이공원,37.2598756,127.0080277
경기도,수원시,권선구,권선동 985,장대산,어린이공원,37.25903418,127.0212921
경기도,수원시,권선구,권선동 1059,전원,어린이공원,37.25539377,127.0223372
경기도,수원시,권선구,세류동 1106,문화,어린이공원,37.25265544,127.0173046
경기도,수원시,권선구,권선동 946,중앙,어린이공원,37.26240021,127.0227361
경기도,수원시,권선구,권선동 1045,세곡,어린이공원,37.25644901,127.0273183
경기도,수원시,권선구,세류동 1156,신곡,어린이공원,37.24498949,127.0163291
경기도,수원시,권선구,세류동 1135,재간령,어린이공원,37.24951633,127.0143373
경기도,수원시,권선구,세류동 1086,장승배기,어린이공원,37.25592118,127.0179275
경기도,수원시,권선구,구운동 487,은하수,어린이공원,37.27982195,126.9734779
경기도,수원시,권선구,구운동 524,하구운,어린이공원,37.27633658,126.9728353
경기도,수원시,권선구,구운동 510,칙칙폭폭,어린이공원,37.27600935,126.976222
경기도,수원시,권선구,권선동 1163-7,용화출,어린이공원,37.25632088,127.0339841
경기도,수원시,권선구,곡반정동 523,안용,어린이공원,37.24340039,127.0322652
경기도,안양시,동안구,관양1동 1430-5,중촌어린이공원,어린이공원,37.405877,126.965564
경기도,안양시,동안구,관양동 1436-13,황금어린이공원,어린이공원,37.405615,126.968483
경기도,안양시,동안구,관양1동 1401,노을어린이공원,어린이공원,37.403511,126.957429
경기도,안양시,동안구,관양동 1447-10,동안어린이공원,어린이공원,37.402909,126.960603
경기도,안양시,동안구,관양2동 1460-7,증촌어린이공원,어린이공원,37.403708,126.965895
경기도,안양시,동안구,관양동 1471,부림어린이공원,어린이공원,37.403637,126.969859
경기도,안양시,동안구,관양2동 1478,한미어린이공원,어린이공원,37.402978,126.972333
경기도,안양시,동안구,비산3동 1057,은하수어린이공원,어린이공원,37.401277,126.951719
경기도,안양시,동안구,호계2동 165-8 일원,호계공원,근린공원,37.379959,126.943599
경기도,안양시,동안구,호계동 1112 일원,자유공원,근린공원,37.379981,126.964031
경기도,안양시,동안구,비산동 산167 일원,임곡공원,근린공원,37.40374257,126.9364338
경기도,안양시,동안구,비산3동 249-6 일원,운곡공원,근린공원,37.402573,126.948587
경기도,안양시,동안구,비산동 1016,너랑나랑어린이공원,어린이공원,37.407752,126.948797
경기도,안양시,동안구,호계동 533-17,금성어린이공원,어린이공원,37.373875,126.951141
경기도,안양시,동안구,관양동 1702,초롱어린이공원,어린이공원,37.385549,126.953689
경기도,안양시,동안구,관양동 1660,동편공원,근린공원,37.385549,126.953689
경기도,안양시,동안구,관양동 1692,소능골소공원,소공원,37.385549,126.953689
경기도,안양시,동안구,호계1동 1292 일원,호돌어린이공원,어린이공원,37.376485,126.956752
경기도,안양시,동안구,호계동 1027-18,조일소공원,소공원,37.370536,126.947693
경기도,안양시,동안구,평촌동 72-5,상평촌어린이공원,어린이공원,37.395312,126.976501
경기도,안양시,동안구,평촌동 75-16,벌말소공원,소공원,37.394653,126.977084
경기도,안양시,동안구,관양동 1688 일원,해오름공원,문화공원,37.407168,126.968921
경기도,안양시,동안구,비산2동 414-2 일원,105호 어린이공원,어린이공원,37.398018,126.938093
경기도,안양시,동안구,관양2동 224-21,대륭소공원,소공원,37.397683,126.973997
경기도,안양시,동안구,호계동 1303,제116호어린이공원,어린이공원,37.385549,126.953689
경기도,안양시,동안구,호계동 1308,제24호 소공원,소공원,37.37329949,126.9543518
경기도,안양시,동안구,호계동 1304,제25호 소공원,소공원,37.385549,126.953689
경기도,안양시,동안구,호계동 1305,제26호 소공원,소공원,37.385549,126.953689
경기도,안양시,동안구,"호계1동 1284,1288",도담도담어린이공원,어린이공원,37.375776,126.959192
경기도,안양시,동안구,관양동 1802-1,오비즈소공원,소공원,37.399262,126.969548
경기도,안양시,동안구,호계동 168-9 일원,샛터공원,수변공원,37.379035,126.941888
경기도,안양시,동안구,비산동 564-1 일원,샘모루공원,수변공원,37.397752,126.931516
경기도,안양시,동안구,달안동 1116 일원,학의천 무릉공원,수변공원,37.39885166,126.9472781
경기도,안양시,동안구,비산동 1196,수명어린이공원,어린이공원,37.400831,126.931102
경기도,안양시,동안구,관양동 1741 일원,평촌스마트스퀘어체육공원,체육공원,37.398717,126.964391
경기도,안양시,동안구,호계3동 658-4번지 일원,가람소공원,소공원,37.366389,126.953781
경기도,안양시,동안구,관양동 1675,간촌공원,근린공원,37.410985,126.968101
경기도,안양시,동안구,비산2동 422-9번지 일원,56호 소공원,소공원,37.395987,126.939711
경기도,안양시,동안구,비산동 122-3번지 일원,내비산마을(제60),소공원,37.409618,126.948027
경기도,안양시,동안구,호계3동 660-15번지,맑은내소공원,소공원,37.366419,126.955071
경기도,안양시,동안구,비산동 산168-10번지 일원,힐링공원,근린공원,37.408538,126.930141
충청남도,서천군,장항읍,원수리 927-2,용당공원,소공원,36.006113,126.704992
충청남도,서천군,장항읍,옥남리 520,(산단)1호,어린이공원,36.040527,126.668613
충청남도,서천군,장항읍,옥남리 산3,(산단)2호,어린이공원,36.035863,126.671152
충청남도,서천군,서천읍,군사리 529,9호공원,소공원,36.077357,126.6933934
충청남도,서천군,종천면,석촌리 산31,(종천2농단)1,소공원,36.11620687,126.7055322
충청남도,서천군,서면,월리 산28-1,(김가공농단)월리공원,소공원,36.160631,126.5598126
충청남도,서천군,서천읍,군사리 산6,군사공원(1호),기타,36.08031592,126.6970782
충청남도,서천군,장항읍,신창리 422,장암공원,기타,36.00882978,126.6803947
충청남도,서천군,장항읍,화천리 산22-2,배수지공원,기타,36.01766864,126.6800896
충청남도,서천군,장항읍,송림리 산65,1호공원,근린공원,36.01551074,126.666744
충청남도,서천군,장항읍,옥남리 200,(산단)1호,근린공원,36.038041,126.674809
충청남도,서천군,장항읍,옥남리 497,(산단)2호,근린공원,36.039632,126.6718202
충청남도,서천군,장항읍,옥남리 29-2,(산단)3호,근린공원,36.035841,126.6812376
충청남도,서천군,마서면,옥북리 738-65,(산단)4호,근린공원,36.04071124,126.6780404
충청남도,서천군,서천읍,사곡리 산10-2,사곡공원,체육공원,36.0887138537,126.6915529893
충청남도,서천군,서천읍,사곡리 306-1,3호공원(서천읍),어린이공원,36.08226961,126.6851509
충청남도,서천군,서천읍,군사리 623-2,5호공원(서천읍),어린이공원,36.07498779,126.6919439
충청남도,서천군,서천읍,군사리 858-1,8호공원(서천읍),어린이공원,36.07612615,126.6878213
충청남도,서천군,서천읍,군사리 224-1,구 역전공원,어린이공원,36.07925754,126.7017266
충청남도,서천군,서천읍,군사리 60-5,(신청사)어린이공원 2,어린이공원,36.07565399,126.7029558
충청남도,서천군,장항읍,원수리 303-3,장항 연안공원,소공원,36.00584594,126.7073617
충청남도,서천군,서천읍,군사리 51-8,(신청사) 소공원,소공원,36.0747183,126.7008813
충청남도,논산시,연무읍,안심리 75,중앙공원,체육공원,36.1258737,127.095625
충청남도,논산시,연산면,연산리 179-1,연산 1호 근린공원(연산근린공원),근린공원,36.21499247,127.2190498
충청남도,논산시,강경읍,황산리 81-23,강경 1호 역사공원(황산공원),근린공원,36.1563345,127.0097903
충청남도,논산시,강경읍,북옥리 113,강경 2호 근린공원(북옥공원),근린공원,36.1645297,127.0122886
충청남도,논산시,대교동,250-22,2호 어린이공원,어린이공원,36.2099195,127.0886507
충청남도,논산시,취암동,1029-1,7호 어린이공원,어린이공원,36.2078137,127.097703
충청남도,논산시,취암동,1034-1,8호 어린이공원,어린이공원,36.20550863,127.093924
충청남도,논산시,취암동,1043-13,9호 어린이공원,어린이공원,36.2024825,127.091103
충청남도,논산시,취암동,1052-4,10호 어린이공원,어린이공원,36.1999488,127.089765
충청남도,논산시,연무읍,마산리 산 6-19,연무 3호 근린공원(마산공원),근린공원,36.1265583,127.1004664
충청남도,논산시,연무읍,동산리 883-9,1호 어린이공원,어린이공원,36.1322712,127.1024878
충청남도,논산시,강경읍,남교리 89-1,2호 어린이공원,어린이공원,36.1597818,127.019143
충청남도,논산시,강산동,560,11호 어린이공원,어린이공원,36.1945888,127.0876906
충청남도,논산시,강산동,624,12호 어린이공원,어린이공원,36.1932702,127.086173
충청남도,논산시,강산동,644,13호 어린이공원,어린이공원,36.1923143,127.089653
충청남도,논산시,내동,1070,14호 어린이공원,어린이공원,36.1913314,127.090765
충청남도,논산시,내동,678,15호 어린이공원,어린이공원,36.187463,127.100048
충청남도,논산시,내동,916,16호 어린이공원,어린이공원,36.1843216,127.099384
충청남도,논산시,내동,610,17호 어린이공원,어린이공원,36.1866485,127.103215
충청남도,논산시,대교동,332,18호 어린이공원,어린이공원,36.2110049,127.090649
충청남도,논산시,내동,272-3,20호 어린이공원,어린이공원,36.19126118,127.0969957
충청남도,논산시,취암동,1068-1,취암 어린이공원,어린이공원,36.2014088,127.0934471
충청남도,논산시,취암동,1079-7,취암27 어린이공원,어린이공원,36.1989787,127.092567
충청남도,논산시,취암동,1086-3,취암28 어린이공원,어린이공원,36.20159113,127.096594
충청남도,논산시,내동,1115,내동2지구 1호 근린공원(내동공원),근린공원,36.1818742531,127.1052800173
충청남도,논산시,내동,1103,보금자리주택지구 놀이터1,어린이공원,36.181722,127.101248
충청남도,논산시,내동,1110,보금자리주택지구 놀이터2,어린이공원,36.1785371,127.104408
충청남도,논산시,내동,1117,보금자리주택지구 놀이터3,어린이공원,36.18059091,127.1046616
충청남도,논산시,연무읍,마산리 661-9번지,연무 2호 소공원,소공원,36.1161239,127.0982742
충청남도,논산시,연무읍,금곡리 78-25,연무 3호 문화공원(육군훈련소 체험문화공원),근린공원,36.1128037,127.097812
충청남도,논산시,성동면,원북리 875-3,논산2일반산단 1호 소공원,소공원,36.2188434,127.0393302
충청남도,논산시,연무읍,동산리 977,동산일반산단 1호 근린공원,근린공원,36.1302683,127.1356792
충청남도,논산시,연무읍,동산리 996,동산일반산단 2호 어린이공원,어린이공원,36.1282852,127.131708
충청남도,논산시,연무읍,죽본리 811,동산일반산단 3호 어린이공원,어린이공원,36.13350625,127.1329115
충청남도,논산시,성동면,원북리 858-3,논산일반산단 1호 소공원,소공원,36.2220513,127.050913
충청남도,논산시,성동면,원남리 1212-8,논산2일반산단 1호 근린공원,근린공원,36.2163231,127.0438601
충청남도,논산시,성동면,원남리 1211-17,논산2일반산단 2호 소공원,소공원,36.2148391,127.0437079
충청남도,논산시,연무읍,마산리 661-9,2호 소공원,소공원,36.1161238,127.0981288
충청남도,논산시,취암동,621-59,6호 소공원,소공원,36.2020489,127.086238
충청남도,논산시,대교동,176-13,7호 소공원,소공원,36.2074642,127.080181
충청남도,논산시,관촉동,296-1,논산 6호 근린공원(시민공원),근린공원,36.193106,127.1072722
충청남도,논산시,강경읍,염천리 20,강경 1호 문화공원(강경젓갈 문화체험공원),근린공원,36.1609786,127.014622
충청남도,논산시,연무읍,죽평리 390,연무 1호 문화공원(육군훈련소 상징공원),근린공원,36.1088436,127.098653
충청남도,논산시,연무읍,황화정리 971-41,연무 2호 문화공원(육군훈련소 상징공원),근린공원,36.1054371,127.098953
충청남도,논산시,대교동,339,10호 소공원,소공원,36.211278,127.0899127
충청남도,논산시,양촌면,거사리 536,소공원(국방대학교),소공원,36.1803901,127.211721
충청남도,논산시,내동,72-14,11호 소공원,소공원,36.176751,127.102983
충청남도,논산시,노성면,읍내리 8-7 일원,1호 소공원[노성특화농공단지],소공원,36.26716605,127.130076
충청남도,논산시,연산면,임리 74,비도시 5호 문화공원(돈암서원공원),근린공원,36.2097895,127.181012
충청남도,논산시,노성면,교촌리 346-10,비도시 6호 문화공원(노성산 애향공원),근린공원,36.2835939,127.127356
충청남도,논산시,연무읍,마전리 452-1,비도시 1호 문화공원(야황지공원),근린공원,36.09751943,127.0925097
충청남도,논산시,양촌면,도평리 308-1,비도시 3호 소공원,소공원,36.1450101,127.2245366
충청남도,논산시,연산면,임리 6-4,비도시 7호 소공원(연산문화마을),소공원,36.2120548,127.1829931
충청남도,논산시,상월면,신충리 522-3,비도시 9호 상월 근린공원,근린공원,36.29497075,127.1393209
충청남도,논산시,강경읍,태평리 25,강경 소공원,소공원,36.15904881,127.0165747
충청남도,당진시,수청동,867,공원:138(수청지구),소공원,36.89729841,126.6471116
충청남도,당진시,수청동,849-32,공원:139(수청지구),소공원,36.89346951,126.6468852
충청남도,당진시,수청동,산178,공원:140(수청2지구),근린공원,36.88923325,126.6515761
충청남도,당진시,수청동,261,공원:141(수청2지구),어린이공원,36.887243,126.656975
충청남도,당진시,수청동,228,공원:142(수청2지구),소공원,36.88803898,126.653543
충청남도,당진시,채운동,256-3,공원:143,소공원,36.89294605,126.625155
충청남도,당진시,수청동,368-2,공원:154(수청1지구),소공원,36.90113307,126.6563345
충청남도,당진시,읍내동,37,공원:144(읍내1지구),어린이공원,36.89573899,126.6396608
충청남도,당진시,수청동,591-2,공원:145(수청1지구),소공원,36.89753061,126.6481818
충청남도,당진시,수청동,484-13,공원:146(수청1지구),어린이공원,36.90185176,126.6538896
충청남도,당진시,수청동,368-1,공원:147(수청1지구),어린이공원,36.90001325,126.6570265
충청남도,당진시,수청동,596,공원:148(수청1지구),어린이공원,36.89732419,126.6491392
충청남도,당진시,수청동,549,공원:149(수청1지구),어린이공원,36.89717148,126.652101
충청남도,당진시,수청동,634-1,공원:150(수청1지구),어린이공원,36.89388422,126.6500026
충청남도,당진시,수청동,335-1,공원:151(수청1지구),어린이공원,36.8941085,126.6534648
충청남도,당진시,수청동,655-27,공원:152(수청1지구),어린이공원,36.89295638,126.6484534
충청남도,당진시,원당동,1225,공원:122(당진:25 원당공원),근린공원,36.8990408,126.6402792
충청남도,당진시,원당동,1250,공원:123(당진:26 소망공원),어린이공원,36.90218215,126.6447176
충청남도,당진시,원당동,1247,공원:124(당진:27 사랑공원),어린이공원,36.89954459,126.6425936
충청남도,당진시,원당동,1176,공원:125(당진:28 호서공원),어린이공원,36.90124818,126.6397852
충청남도,당진시,수청동,1110,공원:126(대덕수청지구 도시개발사업:29),수변공원,36.88535613,126.642096
충청남도,당진시,대덕동,1809,공원:127(대덕수청지구 도시개발사업:30),수변공원,36.88415878,126.6418173
충청남도,당진시,대덕동,1810,공원:128(대덕수청지구 도시개발사업:31),수변공원,36.8840367,126.644066
충청남도,당진시,대덕동,1881,공원:129(대덕수청지구 도시개발사업:32/봉암),근린공원,36.88232986,126.6401298
경기도,의정부시,민락동,897,푸른물빛근린공원,근린공원,37.75279931,127.1186476
경기도,의정부시,민락동,900,민락문화근린공원,근린공원,37.7505773,127.1206704
경기도,의정부시,민락동,887,푸른마당근린공원,근린공원,37.74777177,127.1075216
경기도,의정부시,금오동,145-7,광역행정타운 문화공원,문화공원,37.7546091,127.070548
경기도,의정부시,민락동,731-1,송산1호수변공원,수변공원,37.7445007,127.0856606
경기도,의정부시,민락동,888,활기체육공원,체육공원,37.74921166,127.1093239
경기도,의정부시,민락동,785,한터어린이공원,어린이공원,37.7452201,127.0904094
경기도,의정부시,민락동,798,너나들이어린이공원,어린이공원,37.7439161,127.094504
경기도,의정부시,민락동,802,민락교통어린이공원,어린이공원,37.7433132,127.0967431
경기도,의정부시,낙양동,713,초록어린이공원,어린이공원,37.748231,127.0964034
경기도,의정부시,민락동,832,늘품어린이공원,어린이공원,37.7467442,127.0959479
경기도,의정부시,민락동,826,잎새어린이공원,어린이공원,37.74702407,127.0976313
경기도,의정부시,낙양동,748,오색어린이공원,어린이공원,37.75930374,127.1161873
경기도,의정부시,낙양동,752,물향기어린이공원,어린이공원,37.75333397,127.1129611
경기도,의정부시,민락동,892,넘실어린이공원,어린이공원,37.751427,127.1146979
경기도,의정부시,민락동,872,솔향어린이공원,어린이공원,37.7459225,127.1080918
경기도,의정부시,용현동,550-2,송산지구1호소공원,소공원,37.74078106,127.0862705
경기도,의정부시,금오동,482-1,광역행정타운1호소공원,소공원,37.75555902,127.0684079
경기도,의정부시,금오동,산31-18,광역행정타운1호소공원,소공원,37.757511,127.0693707
경기도,의정부시,자일동,69-43,귀락문화공원,문화공원,37.77046737,127.1194797
경기도,의정부시,의정부동,222-19,역전근린공원,근린공원,37.73978221,127.0468652
부산광역시,남구,대연동,1346-305,대연공원,근린공원,35.13769668,129.0945678
부산광역시,남구,대연동,산210-4,당곡공원,역사공원,35.12349905,129.0908733
부산광역시,남구,대연동,1727-1,대일어린이공원,어린이공원,35.134016,129.0954482
부산광역시,남구,대연동,1475-2,못골어린이공원,어린이공원,35.139799,129.090081
경기도,의정부시,민락동,698,승지문화공원,문화공원,37.73940195,127.0941041
경기도,의정부시,민락동,706-1,오동어린이공원,어린이공원,37.7405795,127.0911125
경기도,의정부시,녹양동,385-1,장미어린이공원,어린이공원,37.75793498,127.0316068
경기도,의정부시,녹양동,380-1,무지개문화공원,문화공원,37.75930209,127.0334413
경기도,의정부시,용현동,547-6,어룡문화공원,문화공원,37.7480354,127.0833333
경기도,의정부시,민락동,735-2,중보뜰어린이공원,어린이공원,37.7437445,127.0887161
경기도,의정부시,민락동,756-5,사계어린이공원,어린이공원,37.73673283,127.0901573
경기도,의정부시,민락동,757-3,부용문화공원,문화공원,37.734875,127.0914371
경기도,의정부시,신곡2동,801-6,새말소공원,소공원,37.7474225,127.0685301
경기도,의정부시,신곡2동,758-2,열린문화공원,문화공원,37.7495437,127.0686771
경기도,의정부시,신곡2동,767-4,상록어린이공원,어린이공원,37.7510436,127.0773381
경기도,의정부시,신곡2동,774-2,샛별문화공원,문화공원,37.7514505,127.081332
경기도,의정부시,신곡2동,789,효자어린이공원,어린이공원,37.7351108,127.0630256
경기도,의정부시,금오동,456,상금오어린이공원,어린이공원,37.75610809,127.0774808
경기도,의정부시,녹양동,410-2,방아어린이공원,어린이공원,37.76018161,127.0369631
경기도,의정부시,장암동,387-2,수락어린이공원,어린이공원,37.6893693,127.0521801
경기도,의정부시,의정부동,530,문화어린이공원,어린이공원,37.73545162,127.0359431
경기도,의정부시,녹양동,337,무궁화소공원,소공원,37.75763883,127.0380115
경기도,의정부시,금오동,464-4,금오소공원,소공원,37.74853359,127.0597694
경기도,의정부시,호원동,251-26,안말2지구1소공원,소공원,37.71398578,127.0428305
경기도,의정부시,호원동,242-7,안말2지구2소공원,소공원,37.71086792,127.0441951
경기도,의정부시,의정부1동,199-6,중앙문화공원,문화공원,37.7299234,127.0827268
경기도,의정부시,낙양동,670-8,민락2수변공원,수변공원,37.746433,127.0898407
경기도,의정부시,민락동,855,하늘능선근린공원,근린공원,37.74514581,127.1061274
경기도,의정부시,민락동,878,송산사지근린공원,근린공원,37.74757496,127.109907
경기도,의정부시,낙양동,730,초록누리근린공원,근린공원,37.75372543,127.1056221
경기도,의정부시,호원2동,420,금빛어린이공원,어린이공원,37.7129836,127.0331721
경기도,의정부시,호원1동,465,장수원어린이공원,어린이공원,37.7129836,127.0331721
경기도,의정부시,호원1동,467-10,중랑천어린이공원,어린이공원,37.7018623,127.048094
경기도,의정부시,의정부2동,482,의서어린이공원,어린이공원,37.7355459,127.0412962
경기도,의정부시,의정부2동,514,만남문화공원,문화공원,37.7355459,127.0412962
경기도,의정부시,의정부2동,509-6,달님문화공원,문화공원,37.7365036,127.0406233
경기도,의정부시,의정부2동,569-4,선행문화공원,문화공원,37.7380778,127.0911275
경기도,의정부시,의정부2동,559-4,우정어린이공원,어린이공원,37.7462154,127.0278416
경기도,의정부시,의정부2동,546-2,홍익문화공원,문화공원,37.7216484,127.1014362
경기도,의정부시,의정부2동,538-6,문예문화공원,문화공원,37.7341501,127.0373068
경기도,의정부시,의정부2동,579-3,소망어린이공원,어린이공원,37.7378512,127.0945748
경기도,의정부시,의정부2동,584-7,꿈나무문화공원,문화공원,37.7383292,127.0570623
경기도,의정부시,의정부2동,596,한길문화공원,문화공원,37.7355459,127.0412962
경기도,의정부시,의정부2동,606-3,범골어린이공원,어린이공원,37.7319157,127.039523
경기도,의정부시,신곡2동,682-2,동오리어린이공원,어린이공원,37.741516,127.0549081
경기도,의정부시,신곡2동,687-2,바랑골어린이공원,어린이공원,37.7402182,127.0591453
경기도,의정부시,신곡2동,684-1,행복어린이공원,어린이공원,37.7430305,127.0585015
경기도,의정부시,신곡2동,669-2,꿈문화공원,문화공원,37.7447545,127.0576344
경기도,의정부시,신곡2동,685-3,능골문화공원,문화공원,37.7430489,127.0610315
경기도,의정부시,신곡1동,727-2,바리소리어린이공원,어린이공원,37.7282576,127.0621395
경기도,의정부시,신곡1동,702-4,하늘빛어린이공원,어린이공원,37.7326045,127.0561978
경기도,의정부시,신곡1동,725-1,청룡어린이공원,어린이공원,37.7285405,127.0570458
경기도,의정부시,민락동,691-2,민락문화공원,문화공원,37.74125282,127.0916256
경기도,의정부시,민락동,692-5,평화어린이공원,어린이공원,37.74080296,127.0947716
경기도,의정부시,민락동,695-2,점말문화공원,문화공원,37.7404471,127.0967046
경기도,의정부시,신곡2동,797,청사초롱근린공원,근린공원,37.7351108,127.0630256
경기도,의정부시,낙양동,"692-1, 13",곤제근린공원,근린공원,37.7467415,127.0849074
경기도,의정부시,민락동,736-2,다리목근린공원,근린공원,37.73975019,127.0892671
경기도,의정부시,녹양동,399,해오름근린공원,근린공원,37.76244377,127.0348045
경기도,의정부시,녹양동,406-3,군마근린공원,근린공원,37.76255448,127.0421271
경기도,의정부시,장암동,411-38,옥수당근린공원,근린공원,37.688101,127.0534503
경기도,의정부시,의정부동,253-35 일원,캠프라과디아체육공원,체육공원,37.742803,127.041457
경기도,의정부시,신곡동,615-78,신곡어린이공원,어린이공원,37.73457298,127.0547151
경기도,의정부시,의정부동,225-39,희망어린이공원,어린이공원,37.74537481,127.0480262
경기도,의정부시,금오동,284-12 일원,꽃동네어린이공원,어린이공원,37.7520362,127.0596368
경기도,의정부시,금오동,254-1,하금오어린이공원,어린이공원,37.75440258,127.0598947
경기도,의정부시,가능동,611,색동어린이공원,어린이공원,37.75281385,127.0372587
경기도,의정부시,가능동,635,동심어린이공원,어린이공원,37.75258177,127.0405235
경기도,의정부시,가능동,679,어수정어린이공원,어린이공원,37.74731362,127.0329939
경기도,의정부시,가능동,709,토끼어린이공원,어린이공원,37.74525104,127.0299766
경기도,의정부시,의정부동,402,벌말어린이공원,어린이공원,37.74524054,127.0389879
경기도,의정부시,가능동,650-7,백합어린이공원,어린이공원,37.74802198,127.0415085
경기도,의정부시,녹양동,348,느티나무어린이공원,어린이공원,37.75735861,127.0351743
경기도,의정부시,가능1동,656,새싹어린이공원,어린이공원,37.7387661,127.0159233
경기도,의정부시,가능1동,362-170,공룡어린이공원,어린이공원,37.753618,127.0332996
경기도,의정부시,호원2동,341-11,호동어린이공원,어린이공원,37.7289424,127.044967
경기도,의정부시,장암동,17-27,장암어린이공원,어린이공원,37.72537009,127.0572262
경기도,의정부시,용현동,산21-2 일원,마골어린이공원,어린이공원,37.7392824,127.0838922
경기도,의정부시,용현동,391-24,공고개어린이공원,어린이공원,37.73513068,127.0796100154
경기도,의정부시,용현동,24-10 일원,탑돌어린이공원,어린이공원,37.7326578,127.0864085
대구광역시,중구,공평동,15,2.28기념 중앙공원,근린공원,35.86921437,128.5971838
대구광역시,남구,대명동,산227-5,앞산공원,근린공원,35.82897118,128.5890355
대구광역시,달서구,두류동,597,두류공원,근린공원,35.8524881,128.5571927
대구광역시,동구,율하동,1626,율하체육공원,체육공원,35.85992537,128.6928379
대구광역시,수성구,대흥동,산35,대구체육공원,체육공원,35.82976814,128.6901638
경상남도,창녕군,창녕읍,교상리 28-33,만옥정공원,근린공원,35.540667,128.5022464
경상남도,창녕군,창녕읍,교리 451-2,문화공원,근린공원,35.54840401,128.4974034
경상남도,창녕군,창녕읍,술정리 18,당산공원,어린이공원,35.54074851,128.4952287
경상남도,창녕군,영산면,동리 1,작약공원(함박산테마공원),근린공원,35.45553582,128.5358875
경상남도,창녕군,남지읍,남지리 970-3,남지공원,어린이공원,35.390474,128.4752084
경상남도,창녕군,남지읍,마산리 992-7,대신공원,어린이공원,35.38962845,128.470207
경상남도,창녕군,남지읍,남지리 989-9,동포공원,어린이공원,35.39261289,128.478411
경상남도,창녕군,남지읍,남지리 987-12,서동공원,어린이공원,35.39083954,128.478016
경상남도,창녕군,남지읍,마산리 1003-5,홍포공원,어린이공원,35.39159299,128.472136
경상남도,창녕군,도천면,도천리 301-4,도천공원,어린이공원,35.433583,128.518099
경기도,의정부시,의정부2동,산4-5번지 일원,직동근린공원,근린공원,37.7632536,127.0888515
경기도,의정부시,신곡2동,산25-1번지 일원,추동근린공원,근린공원,37.7419198,127.0704451
경기도,의정부시,의정부동,14-12,중랑천근린공원,근린공원,37.74448638,127.0536318
경기도,의정부시,의정부2동,553,백석천근린공원,근린공원,37.7355459,127.0412962
경기도,의정부시,신곡1동,724-1,장암발곡근린공원,근린공원,37.7276918,127.0535716
경기도,의정부시,민락동,696-1,오목문화근린공원,근린공원,37.7386003,127.0944644
경기도,의정부시,용현동,523,용현근린공원,근린공원,37.7439283,127.0812741
경기도,의정부시,금오동,469-1,천보근린공원,근린공원,37.7510749071,127.0643941341
경기도,의정부시,금오동,476-3,상록근린공원,근린공원,37.75391277,127.0749162
경기도,의정부시,신곡2동,812,열린맘근린공원,근린공원,37.7351108,127.0630256
경상북도,예천군,호명면,산합리 871,소공원5(도청신도시2),소공원,36.56636989,128.475134
경상북도,예천군,보문면,승본리 610,신월소공원(2농공단지 지구단위),소공원,36.66618829,128.490856
경상북도,예천군,호명면,오천리 197,호명1 소공원(호명지구 지구단위),소공원,36.59523471,128.4701239
경상북도,예천군,호명면,오천리 59-1,호명2 소공원(호명지구 지구단위),소공원,36.59178945,128.4732089
경상북도,예천군,예천읍,남본리 200-13,오층석탑공원(예천도시),역사공원,36.65177354,128.4547632
경상북도,예천군,호명면,금능리 796,공원1(도청신도시1),수변공원,36.57575209,128.463969
경상북도,예천군,호명면,금능리 803,공원2(도청신도시1),수변공원,36.57436412,128.4693087
경상북도,예천군,호명면,산합리 1505,공원3(도청신도시1),수변공원,36.57442708,128.4743119
경상북도,예천군,호명면,산합리 1508,공원4(도청신도시1),수변공원,36.57401402,128.475673
경상북도,예천군,호명면,산합리 1507,공원5(도청신도시1),수변공원,36.57428894,128.4865548
경상북도,예천군,호명면,산합리 1509,공원6(도청신도시1),수변공원,36.57387196,128.4861652
경상북도,예천군,호명면,산합리 1500,공원7(도청신도시1),수변공원,36.57305685,128.4901857
경상북도,예천군,호명면,산합리 1449,공원8(도청신도시1),수변공원,36.57518487,128.4906532
경상북도,예천군,호명면,산합리 1448,공원9(도청신도시1),수변공원,36.57615241,128.4908523
경상남도,산청군,산청읍,산청리 25,산청공원,근린공원,35.4188149,127.8763054
경기도,남양주시,호평동,산5-36(5-7일원),동양파라곤근린공원,근린공원,37.6685608,127.2502428
경기도,남양주시,진접읍,금곡리 2067-1,금곡산업단지소공원1,소공원,37.7104379,127.2143691
경기도,남양주시,진접읍,금곡리 2070,금곡산업단지소공원2,소공원,37.7092353,127.2133635
경기도,남양주시,화도읍,월산리 1528-4,근린공원/366,근린공원,37.653182,127.3416641
경기도,남양주시,화도읍,월산리 1528-3,문화공원/367,문화공원,37.65351626,127.3376956
경기도,남양주시,다산동,4265-27,소공원/3,소공원,37.606258,127.151062
경기도,남양주시,화도읍,창현리 778-4,소공원/393,소공원,37.6449393,127.3066532
경기도,남양주시,지금동,340-22,다산지금 소공원 1호,소공원,37.62122544,127.1631068
경기도,남양주시,지금동,137-1,다산지금 소공원 2호,소공원,37.60984959,127.1667456
경기도,남양주시,지금동,161-1,다산지금 소공원 3호,소공원,37.61171442,127.1700916
경기도,남양주시,다산동,3718-1,어린이공원/3,어린이공원,37.60899645,127.1683374
경기도,남양주시,다산동,6121,다산지금 어린이공원 1호,어린이공원,37.619353,127.163451
제주특별자치도,서귀포시,보성리,2491,10호 소공원,소공원,33.28390118,126.2702678
충청남도,공주시,신관동,649-1,덕성공원,어린이공원,36.473778,127.134121
충청남도,공주시,신관동,21,신금2공원,어린이공원,36.472539,127.145129
충청남도,공주시,신관동,589-5,관골1공원,어린이공원,36.471882,127.130154
충청남도,공주시,신관동,366-6,신관공원,근린공원,36.47438396,127.1312259
경상북도,예천군,예천읍,남본리 93-2,남본어린이공원(예천도시),어린이공원,36.648196,128.4596122
경상북도,예천군,예천읍,대심리 626,대심제1어린이공원(예천도시),어린이공원,36.65105617,128.4342129
경상북도,예천군,예천읍,동본리 453,동본어린이공원(예천도시),어린이공원,36.65737093,128.4594243
경상북도,예천군,호명면,황지리 1024,미호주민공원(미호위락휴양단지 지구단위),어린이공원,36.65700939,128.5165732
경상북도,예천군,예천읍,동본리 491-3,백전어린이공원(예천도시),어린이공원,36.66199171,128.4619564
경상북도,예천군,은풍면,송월리 103-6,새달감공원1(하리송월 지구단위),어린이공원,36.74949375,128.4272639
경상북도,예천군,은풍면,송월리 91-14,새달감공원2(하리송월 지구단위),어린이공원,36.74924056,128.4298126
경상북도,예천군,호명면,산합리 산108-1,어린이공원 7(도청신도시2),어린이공원,36.56786278,128.4693514
경상북도,예천군,호명면,산합리 798-24,어린이공원 8(도청신도시2),어린이공원,36.56834312,128.4755098
경상북도,예천군,호명면,산합리 334-26,어린이공원4(도청신도시2),어린이공원,36.57356219,128.481661
경상북도,예천군,호명면,산합리 361,어린이공원5(도청신도시2),어린이공원,36.57060279,128.4858281
경상북도,예천군,호명면,산합리 산113,어린이공원6(도청신도시2),어린이공원,36.57044368,128.4710707
경상북도,예천군,호명면,산합리 1196,공원1(도청신도시1),소공원,36.57667842,128.477155
경상북도,예천군,예천읍,대심리 409-3,대심1 소공원(군청이전지구),소공원,36.64836569,128.4388154
경상북도,예천군,예천읍,대심리 375-6,대심2 소공원(군청이전지구),소공원,36.64732128,128.4393684
경상북도,예천군,호명면,산합리 455-1,소공원 2(도청신도시2),소공원,36.57300223,128.4787965
경상북도,예천군,호명면,금능리 산79,소공원 6(도청신도시2),소공원,36.57263489,128.4655969
경상북도,예천군,호명면,산합리 331,소공원3(도청신도시2),소공원,36.57326554,128.4850555
경상북도,예천군,호명면,산합리 418-1,소공원4(도청신도시2),소공원,36.56888698,128.4785411
인천광역시,부평구,삼산동,390-7,동화놀이공원,어린이공원,37.52250237,126.744854
서울특별시,서초구,신원동,626,벌  말,소공원,37.4491584629,127.057867369
서울특별시,서초구,잠원동,161-1,잠원성심,소공원,37.5178265757,127.0135614306
서울특별시,서초구,잠원동,162-1,잠원흥동,소공원,37.5077429564,127.000447078
서울특별시,서초구,방배동,3283-2,방배경남,소공원,37.4773470727,126.9996234699
서울특별시,서초구,반포동,1-13,원베일리,소공원,37.507505654,126.9996531315
서울특별시,서초구,우면동,749,우  면,수변공원,37.4561305715,127.0109898245
서울특별시,서초구,내곡동,188-6,신원천,수변공원,37.4835872,127.0326987
서울특별시,서초구,신원동,298-1,청  계,수변공원,37.451649011,127.052939707
서울특별시,서초구,원지동,28,서초종합체육공원,체육공원,37.4589545777,127.0423060717
전라남도,장흥군,장흥읍,해당리 556,바이오산단 체육공원,체육공원,34.6882926674,126.9329754278
전라남도,장흥군,장평면,봉림리 843,장평제2농공단지,소공원,34.8054549,126.9310488
전라남도,장흥군,안양면,비동리 산66-1,숨쉼터,문화공원,34.6783090402,126.9613453181
전라남도,장흥군,안양면,비동리 산66-1,약초테마공원,문화공원,34.6783090402,126.9613453181
경상북도,예천군,호명면,산합리 431-1,공원 4(도청신도시2),근린공원,36.57037118,128.4773378
경상북도,예천군,호명면,산합리 산100,공원 5(도청신도시2),근린공원,36.56696548,128.4792219
경상북도,예천군,호명면,산합리 84-3,공원 6(도청신도시2),근린공원,36.57095779,128.490732
경상북도,예천군,호명면,금능리 747,공원1(도청신도시1),체육공원,36.57630367,128.4671861
경상북도,예천군,호명면,산합리 1384,공원2(도청신도시1),근린공원,36.57729587,128.4848494
경상북도,예천군,호명면,산합리 1396,공원3(도청신도시1),근린공원,36.57873082,128.4922364
경상북도,예천군,예천읍,남본리 176-1,남산공원(예천도시),근린공원,36.65215765,128.4570244
경상북도,예천군,예천읍,서본리 240,서본공원(예천도시),근린공원,36.6512480356,128.4464765379
경상북도,예천군,용궁면,읍부리 402,읍부공원(용궁도시),근린공원,36.60908087,128.2738212
경상북도,예천군,호명면,오천리 산23,호명근린공원(호명지구 지구단위),근린공원,36.59176367,128.4691127
경상북도,예천군,호명면,산합리 1302,공원1(도청신도시1),어린이공원,36.57676511,128.4794415
경상북도,예천군,호명면,산합리 1470,공원2(도청신도시1),어린이공원,36.57476831,128.4769639
경상북도,예천군,호명면,산합리 1485,공원3(도청신도시1),어린이공원,36.5747144,128.4826216
서울특별시,서초구,우면동,60,바우뫼,어린이공원,37.4706523559,127.0234499068
서울특별시,서초구,우면동,70-1,동  문,어린이공원,37.4725722685,127.0266908006
서울특별시,서초구,우면동,55,효  자,어린이공원,37.4735198769,127.0244307208
서울특별시,서초구,내곡동,168-10,능  안,어린이공원,37.4545086001,127.0657519065
서울특별시,서초구,방배동,960-14,효  령,어린이공원,37.4836597205,126.9883998715
서울특별시,서초구,서초동,1686-10,새  싹,어린이공원,37.4975074154,127.0182663813
서울특별시,서초구,우면동,716,섶다리,어린이공원,37.4636900538,127.0275358037
서울특별시,서초구,우면동,732,샛  말,어린이공원,37.4619375387,127.0245635438
서울특별시,서초구,서초동,1301-25,누리숲,어린이공원,37.5020145615,127.0210886407
서울특별시,서초구,방배동,424-29,햇  님,어린이공원,37.4829733526,126.9851406066
서울특별시,서초구,내곡동,412,아  람,어린이공원,37.451419514,127.0650827842
서울특별시,서초구,신원동,572,가  온,어린이공원,37.4538505653,127.0590230944
서울특별시,서초구,서초동,1755-2,으  뜸,어린이공원,37.4889304447,127.0284191304
서울특별시,서초구,서초동,1335,서초무지개,어린이공원,37.4835872,127.0326987
서울특별시,서초구,염곡동,53-3,언  남,소공원,37.4638716295,127.0547305247
서울특별시,서초구,염곡동,56-3,느티나무,소공원,37.4639707136,127.054562605
서울특별시,서초구,반포동,30-28,오솔길,소공원,37.5033516424,127.0147080157
서울특별시,서초구,우면동,669,큰마을,소공원,37.4669491284,127.0212330991
서울특별시,서초구,서초동,1500-6,꽃마을1,소공원,37.4904879964,127.0071045811
서울특별시,서초구,서초동,1499-17,꽃마을2,소공원,37.4909416848,127.0056374106
서울특별시,서초구,우면동,793,솔  말,소공원,37.4597298283,127.025986106
서울특별시,서초구,방배동,424-30,달  님,소공원,37.4835872,126.9864630764
서울특별시,서초구,잠원동,158-1,잠  원,소공원,37.5157961895,127.0118739449
서울특별시,서초구,잠원동,159-1,서릿개,소공원,37.5132007129,127.0057006672
서울특별시,서초구,잠원동,160-3,누  에,소공원,37.509171249,127.0084300173
서울특별시,서초구,방배동,3278-1,새  봄,소공원,37.4792377881,127.0023586282
서울특별시,서초구,내곡동,403,햇  살,소공원,37.4547722437,127.0648717619
서울특별시,서초구,신원동,664,산  새,소공원,37.4459695762,127.0576451934
서울특별시,서초구,내곡동,156-8,홍씨마을,어린이공원,37.4531671963,127.0656581599
서울특별시,서초구,내곡동,1-2173,아랫샘,어린이공원,37.4607101716,127.0720756314
서울특별시,서초구,내곡동,1-2128,윗  샘,어린이공원,37.4584885872,127.0716789159
서울특별시,서초구,방배동,2956-4,남태령,어린이공원,37.4664255364,126.9883749135
서울특별시,서초구,양재동,9-29,양  재,어린이공원,37.4833596482,127.039292269
서울특별시,서초구,양재동,376-3,동  산,어린이공원,37.4713608503,127.0450508219
서울특별시,서초구,양재동,205-4,잔  디,어린이공원,37.4662436679,127.0354768734
서울특별시,서초구,양재동,325,계  리,어린이공원,37.4696654832,127.0405692854
서울특별시,서초구,반포동,789,나  리,어린이공원,37.5052815188,126.9890691182
서울특별시,서초구,반포동,842,만  남,어린이공원,37.5015911889,126.9857678215
서울특별시,서초구,반포동,1041,푸  른,어린이공원,37.5007109879,126.9912369414
서울특별시,서초구,반포동,1088,초  롱,어린이공원,37.5007109879,126.9912369414
서울특별시,서초구,반포동,1226,한  수,어린이공원,37.5015911889,126.9857678215
서울특별시,서초구,반포동,4-2,파랑새,어린이공원,37.5051177479,126.994822743
서울특별시,서초구,잠원동,72-1,반  원,어린이공원,37.5091727773,127.003676541
서울특별시,서초구,반포동,915,장  미,어린이공원,37.5052815188,126.9890691182
서울특별시,서초구,양재동,90-1,비  석,어린이공원,37.4787665644,127.0410897473
서울특별시,서초구,양재동,399,구  룡,어린이공원,37.4716396072,127.0485046841
서울특별시,서초구,서초동,1712-1,교  대,어린이공원,37.4943024358,127.0115430877
서울특별시,서초구,잠원동,72-4,코  아,어린이공원,37.5089193957,127.0040223971
서울특별시,서초구,반포동,53-1,미  도,어린이공원,37.5017906053,127.0107365324
서울특별시,서초구,양재동,260,개  뜰,어린이공원,37.4739906676,127.0411987885
서울특별시,서초구,양재동,298,버  들,어린이공원,37.4737866548,127.0457122882
서울특별시,서초구,양재동,370-4,샛  별,어린이공원,37.4703105604,127.044612228
서울특별시,서초구,양재동,357,두둑재,어린이공원,37.467942197,127.0440433356
서울특별시,서초구,양재동,66-4,횃  불,어린이공원,37.4783029387,127.0375086861
서울특별시,서초구,양재동,218-3,용  말,어린이공원,37.462834924,127.0346811277
서울특별시,서초구,잠원동,70-6,새  터,어린이공원,37.5080907042,127.0068091662
서울특별시,서초구,잠원동,70-7,늘푸른,어린이공원,37.5083037052,127.0055352086
서울특별시,서초구,잠원동,70-8,아  름,어린이공원,37.5074305715,127.0047589172
서울특별시,서초구,방배동,593-43,동  덕,어린이공원,37.4755627164,126.9937092168
서울특별시,서초구,서초동,1359-12,사도감,어린이공원,37.4857832015,127.0312470814
서울특별시,서초구,서초동,1455-4,예  술,어린이공원,37.4833042916,127.0146704518
서울특별시,서초구,서초동,1484-14,신  중,어린이공원,37.4823707628,127.0106930423
서울특별시,서초구,서초동,1556-5,장  안,어린이공원,37.4916994766,127.0114439842
서울특별시,서초구,서초동,1343-8,마산말,어린이공원,37.4871947772,127.0267204049
서울특별시,서초구,서초동,1627-4,분토골,어린이공원,37.488378862,127.0174569856
서울특별시,서초구,서초동,1488-4,상명달,어린이공원,37.4821552536,127.0056396372
서울특별시,서초구,서초동,1547-2,궁  현,어린이공원,37.4883428335,127.0103823107
서울특별시,서초구,서초동,1518-1,하명달,어린이공원,37.4858349861,127.0054546494
서울특별시,서초구,서초동,1436-6,당  골,어린이공원,37.48545764,127.0225089517
서울특별시,서초구,반포동,30-5,고무래,어린이공원,37.5035404452,127.0154237814
서울특별시,서초구,잠원동,30-10,싸리재,어린이공원,37.5134223199,127.0182497587
서울특별시,서초구,잠원동,33-6,주  흥,어린이공원,37.5121330877,127.0166761868
서울특별시,서초구,반포동,720,언구비,어린이공원,37.5089340748,127.0201712143
서울특별시,서초구,반포동,86-1,청  룡,어린이공원,37.4958717834,126.999721285
서울특별시,서초구,반포동,71-6,서  래,어린이공원,37.498272505,127.0003099481
서울특별시,서초구,양재동,103-4,종  열,어린이공원,37.4740451059,127.0337156622
서울특별시,서초구,우면동,46-12,암  산,어린이공원,37.4732747722,127.0256785689
서울특별시,서초구,우면동,211,성형촌,어린이공원,37.466329649,127.0199789465
서울특별시,서초구,우면동,598-3,식유촌,어린이공원,37.4578878107,127.0133849777
서울특별시,서초구,우면동,491,송  동,어린이공원,37.4611116554,127.0155506904
서울특별시,서초구,신원동,500-5,세  원,어린이공원,37.4559439824,127.0499505788
서울특별시,서초구,신원동,445,본마을,어린이공원,37.4545418823,127.0531676781
서울특별시,서초구,원지동,419-7,원  터,어린이공원,37.4435890073,127.0552646858
서울특별시,서초구,신원동,251,청계숲,어린이공원,37.4474486133,127.0580069345
서울특별시,서초구,신원동,9-2,새쟁이,어린이공원,37.4355854981,127.0686480407
서울특별시,서초구,염곡동,143-9,염  곡,어린이공원,37.463154595,127.054386912
서울특별시,서초구,내곡동,192-1,안  골,어린이공원,37.4561949295,127.0631859522
경기도,남양주시,일패동,860-9,일패근린공원,근린공원,37.62471533,127.1695773
서울특별시,서초구,양재동,72,방아다리2,근린공원,37.4780473587,127.0352142765
서울특별시,서초구,양재동,261-22,양재천,근린공원,37.4766194114,127.0422083118
서울특별시,서초구,양재동,237,마  방,근린공원,37.472309066,127.0382418728
서울특별시,서초구,양재동,311,양  재,근린공원,37.4718934166,127.042430141
서울특별시,서초구,서초동,1324-1,용허리,근린공원,37.4942807374,127.0230154033
서울특별시,서초구,서초동,1313-17,명  달,근린공원,37.4990529249,127.0211214817
서울특별시,서초구,잠원동,51-3,사평리,근린공원,37.5198769095,127.0147323334
서울특별시,서초구,잠원동,62-5,잠  원,근린공원,37.5129242322,127.0101419757
서울특별시,서초구,잠원동,58-14,신  동,근린공원,37.5143620076,127.0145570582
서울특별시,서초구,양재동,390,고인돌,근린공원,37.4712537032,127.0467743787
서울특별시,서초구,양재동,105,바우뫼,근린공원,37.4745667064,127.0344602554
서울특별시,서초구,반포동,63-2,서래골,근린공원,37.5016296259,127.0030008296
서울특별시,서초구,잠원동,50-4,명  주,근린공원,37.5171749665,127.0151419225
서울특별시,서초구,반포동,18-5,신반포,근린공원,37.501644632,126.998977033
서울특별시,서초구,반포동,20-46,원  촌,근린공원,37.505917339,127.0102448719
서울특별시,서초구,우면동,694,태  봉,근린공원,37.4638204393,127.0227554597
서울특별시,서초구,우면동,729,섬  들,근린공원,37.462749659,127.0264455422
서울특별시,서초구,우면동,703,망  루,근린공원,37.4641050718,127.0203438255
서울특별시,서초구,우면동,777,송  동,근린공원,37.4587945239,127.0203372714
서울특별시,서초구,반포동,2-15,세  빛,근린공원,37.5049090704,126.9921285039
서울특별시,서초구,방배동,산23-1,서리풀,근린공원,37.4846544468,127.0004196458
서울특별시,서초구,방배동,산75-1,도구머리,근린공원,37.4795576296,126.9881614491
서울특별시,서초구,방배동,821-1,뒷  벌,어린이공원,37.4909076363,126.9869295554
서울특별시,서초구,방배동,463-14,청  두,어린이공원,37.4806264371,126.9850072048
서울특별시,서초구,방배동,859-1,가  꿀,어린이공원,37.4879703097,126.9875857663
서울특별시,서초구,방배동,794-16,새  말,어린이공원,37.4933153456,126.9886122727
서울특별시,서초구,방배동,144-18,너른골,어린이공원,37.487553338,126.9947018389
서울특별시,서초구,방배동,985-3,정  문,어린이공원,37.481156754,126.9996186051
서울특별시,서초구,방배동,979-44,안  산,어린이공원,37.4800989985,126.9924823395
서울특별시,서초구,방배동,537-50,방  현,어린이공원,37.4784996689,126.9916732869
서울특별시,용산구,이태원동,191-3,이태원부군당,역사공원,37.535801,126.989755
서울특별시,용산구,효창동,286-7,이봉창역사공원,역사공원,37.54010272,126.960877
서울특별시,용산구,한강로2가,424-1,신용산가로공원,기타,37.52947726,126.9690828
서울특별시,용산구,한강로3가,65-690,한강로가로공원,기타,37.524249,126.963959
서울특별시,용산구,용산동5가,30-4,한마음어린이공원,어린이공원,37.52856458,126.9696756
서울특별시,용산구,효창동,287-2,우정소공원,소공원,37.540454,126.9640942
서울특별시,용산구,효창동,287-6,녹색소공원,소공원,37.53937577,126.9625188
경상북도,의성군,의성읍,원당리 127,구봉공원,근린공원,36.3548946,128.6906327
경상북도,의성군,단북면,노연리 381,노연공원,근린공원,36.39123821,128.4297386
경상북도,의성군,가음면,장리 1353-8,근린공원,근린공원,36.23458311,128.7244072
경상북도,의성군,안평면,창길리 산74,창길공원,어린이공원,36.37790768,128.5830023
경상북도,의성군,비안면,서부리 35,어린이공원,어린이공원,36.32482044,128.4947479
경상북도,의성군,옥산면,정자리 273,정자공원,어린이공원,36.39473934,128.8009331
경상북도,의성군,사곡면,양지리 374-1,어린이공원,어린이공원,36.30639038,128.790195
경상북도,의성군,춘산면,옥정리 384-2,어린이공원,어린이공원,36.23911519,128.8152994
경상북도,의성군,옥산면,입암리 1105-90,입암공원,어린이공원,36.40072319,128.8023212
경상북도,의성군,의성읍,후죽리 678-2,후죽공원,소공원,36.34985399,128.6959925
경상북도,의성군,금성면,하리 663-6,조문국소공원,소공원,36.28151728,128.6770713
경상남도,함양군,함양읍,운림리 349-1,상림근린공원,근린공원,35.52372642,127.7218597
경상남도,함양군,함양읍,용평리 66-2,하림공원,근린공원,35.51110129,127.7400745
경상남도,함양군,함양읍,백연리 106-2,충혼탑어린이공원,어린이공원,35.514948,127.726059
경상남도,함양군,수동면,화산리 1248-1,화산공원,역사공원,35.52316045,127.7886678
경상남도,함양군,함양읍,교산리 937-5,최치원공원,역사공원,35.526398,127.722826
서울특별시,서초구,반포동,114-3,반  포,근린공원,37.4988531476,126.9905156578
서울특별시,서초구,양재동,62,방아다리1,근린공원,37.4783358876,127.0355876233
서울특별시,용산구,용산동3가,1-96,삼각지어린이공원,어린이공원,37.534406,126.9754551
서울특별시,용산구,한남동,산8-1,응봉공원,근린공원,37.544987,127.0047763
서울특별시,용산구,용산동6가,69-163,동빙고공원,근린공원,37.517396,126.983984
서울특별시,용산구,동자동,50,두텁바위어린이공원,어린이공원,37.552054,126.972944
서울특별시,용산구,효창동,5-712,효창어린이공원,어린이공원,37.54279367,126.9585555
서울특별시,용산구,이촌동,301-60,이촌공원,어린이공원,37.518766,126.979792
서울특별시,용산구,이촌동,399,새푸리공원,소공원,37.5215843,126.967831
서울특별시,용산구,도원동,21,도원어린이공원,어린이공원,37.537154,126.9546234
서울특별시,용산구,이촌동,408,강변공원,소공원,37.521338,126.975039
서울특별시,용산구,한강로1가,30-3,솔밭어린이공원,어린이공원,37.537229,126.973668
서울특별시,용산구,신창동,100,신창동어린이공원,어린이공원,37.5366983,126.954145
서울특별시,용산구,용산동5가,24-2,서빙고공원,근린공원,37.524782,126.9712832
서울특별시,용산구,한강로3가,63-388,기와터공원,근린공원,37.52581297,126.969661
서울특별시,용산구,문배동,24-1,문배어린이공원,어린이공원,37.536628,126.9698073
서울특별시,용산구,서계동,276-7,서계가로어린이공원,어린이공원,37.551285,126.964252
서울특별시,용산구,후암동,406-80,후암어린이공원,어린이공원,37.54722997,126.9836734
서울특별시,용산구,이촌동,417,비상공원,소공원,37.522342,126.971394
서울특별시,용산구,이촌동,425,청탑공원,소공원,37.517808,126.977273
서울특별시,용산구,이촌동,429,사촌공원,소공원,37.520666,126.9709256
서울특별시,용산구,이촌동,421,강변복지공원,소공원,37.521114,126.9658983
서울특별시,용산구,이촌동,437,이촌한우리공원,소공원,37.5172264,126.981103
서울특별시,용산구,문배동,45,해님공원,소공원,37.539145,126.970123
서울특별시,용산구,문배동,46,달님공원,소공원,37.538428,126.969601
서울특별시,용산구,문배동,11-1,별님공원,소공원,37.538165,126.969201
서울특별시,용산구,이태원동,260-87,이태원마을숲,소공원,37.5412484,126.991493
서울특별시,용산구,한남동,1-32,독서당공원,소공원,37.5345083,127.012481
서울특별시,용산구,한남동,15-5,한남공원,소공원,37.537238,127.013882
서울특별시,용산구,이태원동,190-11,이태원어린이놀이터,소공원,37.535685,126.989937
서울특별시,용산구,한강로동,65-587,한강대로공원,소공원,37.524103,126.963575
경기도,양주시,옥정동,1027-1,옥정제3어린이공원(모정느티나무),어린이공원,37.83137715,127.0982334
경기도,양주시,고암동,612,옥정제4어린이공원(산울림),어린이공원,37.83054481,127.0748659
경기도,양주시,옥정동,1073-3,옥정제6어린이공원(초록숲),어린이공원,37.81698153,127.0960511
경기도,양주시,옥정동,1064-3,옥정제7어린이공원(오르락내리락),어린이공원,37.81699094,127.0981075
경기도,양주시,옥정동,1076-1,옥정제8어린이공원(보물섬),어린이공원,37.81565759,127.0960379
경기도,양주시,옥정동,1081-3,옥정제9어린이공원(파란하늘),어린이공원,37.81560662,127.0981172
경기도,양주시,고암동,595-7,옥정제10어린이공원(고암),어린이공원,37.83192069,127.0731079
경기도,양주시,남면,신산리 329-9,신산체육공원,소공원,37.89312856,126.9725958
경기도,양주시,고암동,140-8,고암 소공원(엄상마을),소공원,37.83139226,127.0682311
경기도,양주시,덕정동,419,덕정 소공원(서희아파트),소공원,37.85022908,127.061934
경기도,양주시,고암동,607-1,옥정 제1소공원,소공원,37.83079373,127.0733125
경기도,양주시,남면,황방리 214-7,조소앙선생기념공원,역사공원,37.92167975,126.9946023
경기도,양주시,광사동,697,고읍 문화공원,문화공원,37.79076117,127.0853308
경기도,양주시,옥정동,970-3,옥정호수공원,문화공원,37.82008694,127.1001548
경기도,양주시,옥정동,950-7,옥정 제7호 광장,기타,37.82689741,127.0905802
경기도,양주시,옥정동,1030-3,옥정 제8호 광장,기타,37.82747556,127.0973221
경기도,양주시,옥정동,977-11,제3호 공공공지,기타,37.83909802,127.0914523
경기도,양주시,옥정동,1042-1,옥정제8근린공원(규율),근린공원,37.82727565,127.1000289
경기도,양주시,옥정동,941-1,옥정제10근린공원(옥정저류지),근린공원,37.8127369,127.0829093
경기도,양주시,옥정동,939-2,옥정제11근린공원(마라니),근린공원,37.81472077,127.0882876
경기도,양주시,옥정동,1082-1,옥정제12근린공원(꿈나래),근린공원,37.81432231,127.0949317
경기도,양주시,옥정동,883,옥정제1근린공원(옥정생태숲),근린공원,37.82690291,127.0836194
경기도,양주시,옥정동,889,옥정제5근린공원(독바위),근린공원,37.82419984,127.0759899
경기도,양주시,고암동,121-3,고암제3어린이공원,어린이공원,37.83593352,127.0692996
경기도,양주시,고암동,580-2,조은어린이공원,어린이공원,37.83566734,127.0745056
경기도,양주시,고암동,589,하늘빛어린이공원,어린이공원,37.83230553,127.0718673
경기도,양주시,고암동,581-5,행복어린이공원,어린이공원,37.83391059,127.076151
경기도,양주시,덕계동,425-9,금광어린이공원,어린이공원,37.8181154,127.049372
경기도,양주시,덕계동,446-3,범양제1어린이공원,어린이공원,37.8210693,127.0499211
경기도,양주시,덕계동,436-10,범양제2어린이공원,어린이공원,37.82176257,127.0520459
경기도,양주시,덕계동,576-3,신도어린이공원,어린이공원,37.8250987,127.0409319
경기도,양주시,만송동,699,고읍제1어린이공원,어린이공원,37.7948428,127.0849688
경기도,양주시,고읍동,444,고읍제2어린이공원,어린이공원,37.8006488,127.0786558
경기도,양주시,만송동,682,고읍제3어린이공원,어린이공원,37.8006342,127.0831238
경기도,양주시,광사동,671-4,고읍제4어린이공원,어린이공원,37.79216839,127.0801175
경기도,양주시,광사동,682,고읍제5어린이공원,어린이공원,37.7893648,127.0807275
경기도,양주시,광사동,707,고읍제6어린이공원,어린이공원,37.78727299,127.0814294
경기도,양주시,광적면,석우리712-1,가납제1어린이공원,어린이공원,37.82727274,126.981239
경기도,양주시,광적면,가납리838-2,가납제2어린이공원,어린이공원,37.82565584,126.9832093
경기도,양주시,광적면,가납리853-4,가납제3어린이공원,어린이공원,37.8257206,126.9852181
경기도,양주시,광적면,석우리708-2,가납제4어린이공원,어린이공원,37.82811966,126.9835058
경기도,양주시,광적면,가납리732-18,가래비어린이공원,어린이공원,37.8227271,126.9854022
경기도,양주시,광적면,가납리857,가석제1어린이공원,어린이공원,37.82330807,126.9827108
경기도,양주시,광적면,가납리862-5,가석제2어린이공원,어린이공원,37.82194464,126.9854099
경기도,양주시,광적면,가납리901,가석제3어린이공원,어린이공원,37.8202209,126.9837105
경기도,양주시,백석읍,방성리82,방성어린이공원,어린이공원,37.80495403,126.9993418
경기도,양주시,은현면,선암리321-43,선암제2어린이공원,어린이공원,37.87261502,127.025305
서울특별시,강동구,명일1동,315-1,샘물공원,어린이공원,37.5510159,127.1447414
서울특별시,강동구,명일1동,326-10,염주골공원,어린이공원,37.549932,127.1456059
서울특별시,강동구,성내1동,463-4,성내천공원,어린이공원,37.526764,127.123929
서울특별시,강동구,암사1동,468-2,새장터공원,어린이공원,37.55212624,127.130563
서울특별시,강동구,암사2동,515,광나루공원,어린이공원,37.5500717,127.1255454
서울특별시,강동구,암사1동,453-8,볕우물공원,어린이공원,37.553613,127.135704
서울특별시,강동구,암사3동,449-8,구암공원,어린이공원,37.556567,127.137608
서울특별시,강동구,암사3동,440,선사공원,어린이공원,37.55576061,127.1299975
서울특별시,강동구,천호2동,363-5,천사공원,어린이공원,37.54380935,127.1284086
서울특별시,강동구,천호2동,300,고분다리공원,어린이공원,37.54540502,127.131821
서울특별시,강동구,천호2동,305-11,동산공원,어린이공원,37.547119,127.129682
서울특별시,강동구,천호2동,338-19,광진공원,어린이공원,37.542946,127.122505
경기도,양주시,덕정동,286-31,덕정제4어린이공원,어린이공원,37.84002896,127.0635452
경기도,양주시,덕정동,235-2,덕정제5어린이공원,어린이공원,37.83611308,127.0652023
경기도,양주시,덕정동,210-1,덕정제6어린이공원,어린이공원,37.83372627,127.0680138
경기도,양주시,고암동,121-4,고암제2어린이공원,어린이공원,37.83631109,127.0719199
서울특별시,용산구,동자동,24-11,동자어린이공원,어린이공원,37.55008633,126.973945
서울특별시,용산구,이태원동,286-1,이태원어린이공원,어린이공원,37.538407,126.989041
서울특별시,용산구,동자동,8,새꿈어린이공원,어린이공원,37.552563,126.974476
서울특별시,용산구,청파동3가,118-102,돌모루어린이공원,어린이공원,37.542772,126.9685904
서울특별시,용산구,신계동,55,신계공원,역사공원,37.535079,126.966284
서울특별시,용산구,이태원동,463,소월길어린이공원,어린이공원,37.543563,126.989243
서울특별시,용산구,이촌동,301-86,꿈나무공원,어린이공원,37.520795,126.971721
서울특별시,용산구,이촌동,206-1,새싹어린이공원,어린이공원,37.526961,126.954522
서울특별시,강동구,명일1동,312-30,고명공원,어린이공원,37.552473,127.143352
서울특별시,강동구,둔촌동,산140,일자산공원,근린공원,37.5330568,127.1513563
서울특별시,강동구,상일동,135,명일공원,근린공원,37.5512577,127.1634092
서울특별시,강동구,명일1동,312-206,명우공원,어린이공원,37.551537,127.141455
서울특별시,강동구,천호1동,47-23,혜림공원,어린이공원,37.54460149,127.139905
서울특별시,강동구,성내3동,405-18,성안공원,어린이공원,37.531369,127.134773
서울특별시,강동구,성내3동,424,선린공원,어린이공원,37.52851478,127.132711
서울특별시,강동구,성내3동,444-6,보람공원,어린이공원,37.52471702,127.131302
서울특별시,강동구,성내3동,512,안말공원,어린이공원,37.531236,127.129903
서울특별시,강동구,성내1동,566,샛별공원,어린이공원,37.526993,127.127036
서울특별시,강동구,길동,405-21,달님공원,어린이공원,37.53621038,127.142551
서울특별시,강동구,길동,340-17,무궁화공원,어린이공원,37.5423345,127.1454038
서울특별시,강동구,길동,365-6,희망공원,어린이공원,37.53897711,127.142255
서울특별시,강동구,길동,386-1,성심공원,어린이공원,37.53831458,127.137376
경기도,하남시,감일동,536,벌말천 수변공원(수변2호공원),수변공원,37.51052186,127.1627976
경기도,하남시,풍산동,623,세미 근린공원,근린공원,37.54575728,127.1950813
경기도,하남시,감일동,504,능안 근린공원,근린공원,37.51009736,127.1529834
강원특별자치도,영월군,북면,문곡리 1740,북면문곡리공원,소공원,37.2128659,128.4278146
강원특별자치도,영월군,산솔면,연상리 434-4,삼거리소공원,소공원,37.1982528831,128.6172936354
강원특별자치도,영월군,영월읍,덕포리 505-12,누비어린이공원,어린이공원,37.18161851,128.482157
강원특별자치도,영월군,상동읍,구래리 산1-37,옥수정어린이공원,어린이공원,37.13166954,128.8341709
강원특별자치도,영월군,영월읍,하송리 217-4,별빛폭포어린이공원,어린이공원,37.18233875,128.4607741
강원특별자치도,영월군,영월읍,덕포리 646,해찬솔어린이공원,어린이공원,37.174044,128.4801054
강원특별자치도,영월군,영월읍,덕포리 429,별바라기어린이공원,어린이공원,37.18363195,128.4873295
경기도,하남시,덕풍동,855,방탱이 공원,어린이공원,37.55832214,127.2024382
경기도,하남시,덕풍동,882,실바람 공원,어린이공원,37.55712458,127.203937
경기도,하남시,덕풍동,903,나룰 공원,어린이공원,37.5563328,127.2050914
경기도,하남시,풍산동,636,현안1지구 누리봄공원,어린이공원,37.54294281,127.1941493
경기도,하남시,풍산동,632,현안1지구 늘봄공원,어린이공원,37.54427045,127.194271
경기도,하남시,선동,413,미사 한강 1호 공원,근린공원,37.57655745,127.1788434
경기도,하남시,선동,417,미사 한강 2호 공원,근린공원,37.57676685,127.1807342
경기도,하남시,망월동,832,미사 한강 5호 공원,근린공원,37.57866668,127.1915726
경기도,하남시,풍산동,537,미사 숲 공원,근린공원,37.55514407,127.1905257
경기도,하남시,망월동,838,미사 누리 1호 공원,근린공원,37.57451938,127.1876226
경기도,하남시,망월동,955,미사 누리 2호 공원,근린공원,37.56761783,127.187303
경기도,하남시,선동,421,미사 한강 3호 공원,문화공원,37.57979906,127.1872643
경기도,하남시,망월동,899-1,문화공원 11호,문화공원,37.57294647,127.188595
경기도,하남시,망월동,1024,미사 수변 10호 공원,수변공원,37.56882789,127.1828441
경기도,하남시,망월동,1057,미사 수변 11호 공원,수변공원,37.566033,127.1842461
경기도,하남시,풍산동,538,미사 수변 12호 공원,수변공원,37.55626589,127.1904409
경기도,하남시,풍산동,584,미사 수변 13호 공원,수변공원,37.5510559,127.1899443
경기도,하남시,망월동,739-1,미사호수공원,근린공원,37.56245134,127.1876476
경기도,하남시,선동,421-1,미사 한강 4호 공원,체육공원,37.57784853,127.1884904
경기도,하남시,학암동,654-1,위례근린공원5호,근린공원,37.48171772,127.1481596
경기도,하남시,학암동,670,위례근린공원6호,근린공원,37.47611133,127.1499838
경기도,하남시,학암동,674,위례근린공원9호,근린공원,37.47198165,127.161839
경기도,하남시,감이동,469-1,정림근린공원(근린2호공원),근린공원,37.50700655,127.1634932
경기도,하남시,감이동,492,새소리근린공원(근린4호공원),근린공원,37.5031861,127.1669841
경기도,하남시,감일동,448-1,으뜸소공원,소공원,37.51047013,127.1515202
경기도,하남시,감이동,456,감일문화공원,문화공원,37.50794112,127.1598711
경기도,하남시,감이동,444,역사공원,역사공원,37.50826863,127.1555614
경기도,하남시,풍산동,468,미사역사공원(일가기념관),역사공원,37.5587997,127.1832271
경기도,하남시,덕풍동,947-2,교회터소공원(소공원214),소공원,37.53947815,127.1974141
경기도,하남시,광암동,399-6,초이산단 소공원,소공원,37.52872703,127.1728007
충청북도,괴산군,괴산읍,대사리 63-4,문화공원,문화공원,36.79791659,127.7890893
충청북도,괴산군,괴산읍,대사리 59-1,소공원,소공원,36.79928985,127.7887988
경기도,하남시,신장동,520-2,신장근린공원,근린공원,37.53787971,127.2143771
경기도,하남시,창우동,521-4,창우근린공원,근린공원,37.53771863,127.2244033
경기도,하남시,미사동,15,미사근린공원,근린공원,37.55362591,127.2132296
경기도,하남시,덕풍동,732,풍산지구근린1호,근린공원,37.5543847,127.2013921
경기도,하남시,덕풍동,776,풍산지구근린2호,근린공원,37.55052835,127.2012278
경기도,하남시,덕풍동,739,풍산지구근린3호,근린공원,37.55337669,127.2084378
경기도,하남시,덕풍동,824,풍산지구근린4호,근린공원,37.54678459,127.2098866
경기도,하남시,덕풍동,435-219,덕풍근린공원,근린공원,37.5351431,127.1984486
경기도,하남시,덕풍동,산34-3,덕풍소공원(소공원209),소공원,37.54560272,127.1984033
경기도,하남시,신장동,575,문화소공원,소공원,37.54434562,127.2090768
경기도,하남시,신장동,585,신평소공원,소공원,37.54377047,127.2113145
경기도,하남시,신장동,594,신평어린이공원,어린이공원,37.54395999,127.2131206
경기도,하남시,신장동,608,국제자매도시공원,근린공원,37.54448924,127.2213179
경기도,하남시,신장동,27,문화공원,문화공원,37.54654765,127.2205018
경기도,하남시,덕풍동,694,현안사업 2지구 문화공원,문화공원,37.54475416,127.2068381
경기도,하남시,신장동,596,덕풍수변공원1,수변공원,37.54523599,127.2160641
경기도,하남시,신장동,600,덕풍수변공원2,수변공원,37.5450126,127.2175878
경기도,하남시,선동,444,달빛 공원,소공원,37.57377827,127.1791051
경기도,하남시,선동,425,초록숲 공원,소공원,37.57516842,127.1857696
경기도,하남시,망월동,936,숲내음 공원,소공원,37.57067072,127.1923635
경기도,하남시,풍산동,484,느티나무 공원,소공원,37.55563836,127.1850578
경기도,하남시,망월동,1178,미사 중앙초 공원,소공원,37.55961878,127.1982417
경기도,하남시,덕풍동,921,뜨락 1호 공원,소공원,37.55675767,127.2005004
경기도,하남시,덕풍동,924,뜨락 2호 공원,소공원,37.55710428,127.2010714
경기도,하남시,덕풍동,929,뜨락 3호 공원,소공원,37.55744153,127.201432
경기도,하남시,덕풍동,903,나룰 공원,소공원,37.5563328,127.2050914
경기도,하남시,망월동,867,꿈마루 공원,어린이공원,37.57534218,127.191302
충청북도,청주시,청원구,오창읍 각리 647-2,알록달록,어린이공원,36.708461,127.417802
충청북도,청주시,청원구,오창읍 각리 637-7,하이츠빌,어린이공원,36.707755,127.424415
충청북도,청주시,청원구,오창읍 각리 683-3,우림1차,어린이공원,36.708664,127.427124
충청북도,청주시,청원구,오창면 각리 636-1,양청공원,근린공원,36.423047,127.252841
충청북도,청주시,청원구,오창읍 각리 639-3,각리공원,근린공원,36.422261,127.263131
충청북도,청주시,청원구,오창읍 각리 637-3,안골공원,근린공원,36.422519,127.252554
충청북도,청주시,청원구,오창읍 각리 646-4,태실공원,근린공원,36.422141,127.252786
충청북도,청주시,청원구,오창읍 양청리 726-5,호암,어린이공원,36.717634,127.419968
충청북도,청주시,청원구,오창읍 양청리 696,시제,어린이공원,36.722971,127.424756
충청북도,청주시,청원구,오창읍 양청리 710,언덕,어린이공원,36.719929,127.420318
충청북도,청주시,청원구,오창읍 양청리 676-5,샛골,어린이공원,36.723976,127.437272
충청북도,청주시,청원구,오창읍 주성리 312,송대공원,근린공원,36.432107,127.263356
충청북도,청주시,청원구,오창읍 양청리 744-1,용림,어린이공원,36.719529,127.422231
충청북도,청주시,청원구,오창읍 양청리 767-1,꿈누리,어린이공원,36.719367,127.426308
충청북도,청주시,청원구,주중동 산141-1,오동공원(55호),근린공원,36.68856826,127.4825268
충청북도,청주시,청원구,정북동 352,정북동토성,역사공원,36.688611,127.456217
충청북도,청주시,흥덕구,문암동 100,문암,기타,36.6763892174,127.4473097043
충청북도,청주시,흥덕구,성화동 763,맹꽁이,기타,36.364644,127.276821
충청북도,청주시,청원구,내수읍 구성리 산3,구성공원,근린공원,36.705523,127.510051
충청북도,청주시,청원구,내수읍 원통리 산126,원통공원,근린공원,36.413345,127.301956
충청북도,청주시,청원구,오창읍 신평리 63-5,신평공원,근린공원,36.696751,127.444695
충청북도,청주시,청원구,오창읍 창리 9-18,창말,어린이공원,36.739091,127.455796
충청북도,청주시,청원구,내덕동 201-31,제72호소공원,소공원,36.6561956344,127.4923815765
충청북도,청주시,청원구,오창읍 장대리 353-1,알쏭달쏭,어린이공원,36.74092434,127.4519207
충청북도,청주시,청원구,주성동 435,주성,어린이공원,36.405041,127.304361
충청북도,괴산군,연풍면,행촌리 591,연풍공원,근린공원,36.7652137,127.9991944
충청북도,괴산군,괴산읍,동부리 437-1,보훈공원,근린공원,36.814353,127.792307
충청북도,괴산군,괴산읍,서부리 188-5,2호공원,근린공원,36.81232456,127.7857649
충청북도,괴산군,괴산읍,제월리 891,3호공원,근린공원,36.81987613,127.8190436
충청북도,괴산군,칠성면,율지리 산15-4,제1호근린공원,근린공원,36.76787635,127.8674792
충청북도,괴산군,칠성면,율지리 산20,제2호근린공원,근린공원,36.7695933,127.8691148
충청북도,괴산군,칠성면,율원리 산2-30,제3호근린공원,근린공원,36.76898144,127.8638459
충청북도,괴산군,청천면,선평리 290-11,시장공원,어린이공원,36.65735761,127.7376005
충청북도,괴산군,청안면,읍내리 1510,공원,어린이공원,36.77609032,127.6368051
충청북도,괴산군,괴산읍,제월리 877,1호공원,소공원,36.82655642,127.8137468
충청북도,괴산군,괴산읍,제월리 906,2호공원,소공원,36.82320167,127.8156855
충청북도,괴산군,장연면,오가리 455,장연소공원,소공원,36.8238801,127.9531988
충청북도,괴산군,청안면,조천리 산7-4,공원,근린공원,36.785249,127.6421773
충청북도,괴산군,청안면,청용리 산17-4,공원,소공원,36.79202597,127.6429577
충청북도,괴산군,괴산읍,능촌리 1049,발효소공원,소공원,36.84034239,127.8211291
충청북도,괴산군,칠성면,율지리 산14,제1호소공원,소공원,36.77078647,127.8751659
충청북도,괴산군,칠성면,도정리 212-4,칠성공원,역사공원,36.7859461,127.8643504
충청북도,괴산군,괴산읍,검승리 산26-1,성불산생태공원,문화공원,36.80890965,127.8458153
충청북도,괴산군,불정면,목도리 303-3,공원,문화공원,36.87051771,127.8545309
충청북도,괴산군,괴산읍,능촌리 1073,발효문화공원,문화공원,36.84016924,127.8232113
충청북도,괴산군,청천면,청천리 50,청천문화공원,문화공원,36.65907561,127.7391054
충청북도,괴산군,괴산읍,대사리 78-1,수변공원,수변공원,36.7974953,127.7895847
서울특별시,양천구,신정3동,1293-4,학마을,어린이공원,37.508919,126.843669
서울특별시,양천구,신정3동,1260,신기,어린이공원,37.514092,126.854244
서울특별시,양천구,신정3동,"521, 621일대",계남,근린공원,37.513745,126.844816
서울특별시,양천구,신정3동,1283-1,푸른,어린이공원,37.511603,126.837445
서울특별시,양천구,신정3동,1284-1,신이,어린이공원,37.512521,126.837529
서울특별시,양천구,신정3동,1286,넘은들,근린공원,37.512951,126.840441
서울특별시,양천구,신정3동,1316-2,하늘마루,어린이공원,37.512571,126.831703
경기도,수원시,장안구,정자동 887-2,두견,어린이공원,37.29150236,126.9974648
서울특별시,양천구,신월4동,426-4,남도,어린이공원,37.524405,126.840798
서울특별시,양천구,신월4동,515,문화,어린이공원,37.521202,126.842733
서울특별시,양천구,신월4동,531,꿀벌,어린이공원,37.519986,126.842014
서울특별시,양천구,신월4동,542,당곡,어린이공원,37.518649,126.840006
서울특별시,양천구,신월5동,13-1,당뒤,어린이공원,37.541496,126.828616
서울특별시,양천구,신월5동,56-1,방아다리,어린이공원,37.538641,126.828308
서울특별시,양천구,신월5동,65,송죽,어린이공원,37.539399,126.833858
서울특별시,양천구,신월5동,73-2,신오,어린이공원,37.538178,126.831469
서울특별시,양천구,신월6동,1004,강월,어린이공원,37.515639,126.836422
서울특별시,양천구,신월6동,1012-2,강신,어린이공원,37.515669,126.838421
서울특별시,양천구,신월7동,922-1,아동,어린이공원,37.523024,126.833504
서울특별시,양천구,신월7동,956,한울,근린공원,37.519698,126.832681
서울특별시,양천구,신월7동,977,오솔길,근린공원,37.521068,126.836526
서울특별시,양천구,신월7동,985,금실,어린이공원,37.518409,126.837199
서울특별시,양천구,신월7동,987,독서,근린공원,37.519783,126.834992
서울특별시,양천구,신월7동,987-2,신월,근린공원,37.517521,126.833892
서울특별시,양천구,신월7동,904-1,곰달래,근린공원,37.524918,126.833053
서울특별시,양천구,신월7동,936,양지,근린공원,37.522204,126.830867
서울특별시,양천구,신월동,산85-4 일대,온수도시자연공원,도시농업공원,37.505895,126.840021
서울특별시,양천구,신정1동,1017-5,해태,어린이공원,37.521748,126.862147
서울특별시,양천구,신정1동,1050-3,양명,어린이공원,37.519271,126.854392
서울특별시,양천구,신정1동,310-7,신트리,근린공원,37.514686,126.856359
서울특별시,양천구,신정1동,311-1,꿈나무,어린이공원,37.517641,126.858518
서울특별시,양천구,신정1동,312-2,개나리,어린이공원,37.517709,126.862844
서울특별시,양천구,신정1동,313-2,꽃사과,어린이공원,37.520069,126.864623
서울특별시,양천구,신정1동,1033-18,단지,어린이공원,37.519694,126.854131
서울특별시,양천구,신정2동,128-198,신정,어린이공원,37.520437,126.874778
서울특별시,양천구,신정2동,119-3,신세계,어린이공원,37.521691,126.875895
서울특별시,양천구,신정3동,1195,꽃사슴,어린이공원,37.521702,126.848443
서울특별시,강동구,강일동,378,구름공원,어린이공원,37.566745,127.179213
충청북도,진천군,덕산읍,두촌리 2998,아람공원,어린이공원,36.89617598,127.5322342
충청북도,진천군,광혜원면,죽현리 130,죽현산업단지 소공원,소공원,36.95057688,127.4216798
충청북도,진천군,덕산읍,두촌리 3069,우율공원,소공원,36.910847,127.530723
충청북도,진천군,진천읍,읍내리 199-1,읍내4리 소공원,소공원,36.86116615,127.443199
경기도,양주시,덕계동,467,덕계 근린공원,근린공원,37.82147118,127.0453314
경기도,양주시,덕정동,208-12,봉우 근린공원,근린공원,37.83675528,127.0673381
경기도,양주시,고암동,581-4,고암 근린공원,근린공원,37.8356898,127.0770618
경기도,양주시,고읍동,445,고읍제1근린공원(푸르네),근린공원,37.80037493,127.0784966
경기도,양주시,광사동,659,고읍제2근린공원(하늘물),근린공원,37.79168894,127.0847499
경기도,양주시,광사동,683,고읍제3근린공원(토리),근린공원,37.79153653,127.0811258
경기도,양주시,광사동,714,고읍제4근린공원(나누리),근린공원,37.79289402,127.0774851
경기도,양주시,광사동,731,고읍제5근린공원(나리),근린공원,37.78579872,127.0818324
경기도,양주시,백석읍,홍죽리 952,홍죽산업단지 근린공원,근린공원,37.80153484,126.9655042
경기도,양주시,옥정동,879-1,옥정제3근린공원(새빛뜰),근린공원,37.82670727,127.0849262
경기도,양주시,옥정동,943-1,옥정제2근린공원(자연나음),근린공원,37.83595335,127.0899452
경기도,양주시,옥정동,952-2,옥정제4근린공원(능호관이인상),근린공원,37.82839074,127.0937926
경기도,양주시,옥정동,962-3,옥정제7근린공원(가온길),근린공원,37.82612883,127.093305
경기도,양주시,옥정동,962-6,옥정제9근린공원(꼬꼬지길),근린공원,37.82275504,127.0929027
경기도,양주시,은현면,용암리 185,용암리 비위생매립지 공원,근린공원,37.8631288,127.0463638
경기도,양주시,덕정동,164-3,덕정제1어린이공원,어린이공원,37.83905138,127.0669993
경기도,양주시,덕정동,118-4,덕정제2어린이공원,어린이공원,37.84658164,127.0643502
경기도,양주시,덕정동,536-1,덕정제3어린이공원(일성트루엘),어린이공원,37.84263199,127.0696198
경기도,남양주시,다산동,"715, 717, 724, 726, 736, 739",중앙근린공원,근린공원,37.60388452,127.1575713
경기도,남양주시,지금동,719,황금산 문화공원,문화공원,37.60533594,127.1681642
경기도,남양주시,퇴계원읍,퇴계원리 370-5,도제원지구 수변공원,수변공원,37.64445412,127.1470021
경기도,남양주시,다산동,6047,다산진건 어린이공원 4호,어린이공원,37.62663218,127.1600322
경기도,남양주시,다산동,6016,다산진건 근린공원 1호,근린공원,37.62955509,127.1493838
경기도,남양주시,다산동,6057,다산진건 근린공원 3호,근린공원,37.62468258,127.154401
경기도,남양주시,다산동,6083,다산진건 근린공원 6호,근린공원,37.6222488,127.149464
경기도,남양주시,다산동,6211-1,다산진건 근린공원 2호,근린공원,37.6036077713,127.1724009508
경기도,남양주시,다산동,6107,다산지금 근린공원 1호,근린공원,37.622056708,127.1635975034
경기도,남양주시,다산동,산 2098-9,다산지금 근린공원 2호,근린공원,37.60558007,127.174025
경기도,남양주시,가운동,산 17-3,다산지금 근린공원 3호,근린공원,37.59816839,127.1753807
경기도,남양주시,가운동,529,다산지금 근린공원 4호,근린공원,37.595773,127.1685188
경기도,남양주시,다산동,"6003, 6005",수변공원 1호,수변공원,37.62935399,127.1468621
경기도,남양주시,다산동,"6022, 6074",수변공원 2호,수변공원,37.6232428,127.1442049
경기도,남양주시,다산동,4347-1,체육공원 1호,체육공원,37.6169742,127.1491078
경기도,남양주시,별내동,1044,별내택지소공원3,소공원,37.6467404,127.1109594
경기도,남양주시,화도읍,창현리 315,사용종료매립장근린공원,근린공원,37.63484215,127.3105237
경기도,남양주시,오남읍,오남리 858,오남체육 근린공원,근린공원,37.6939541,127.1973734
경기도,남양주시,진건읍,사능리 107,사능역사공원,역사공원,37.64653875,127.1970835
경기도,남양주시,호평동,679,구석기역사공원,역사공원,37.6581514,127.2545505
경기도,남양주시,화도읍,차산리 83-2,광암저수지,수변공원,37.63723456,127.303008
경기도,남양주시,화도읍,월산리 601,모란공원,묘지공원,37.64612379,127.322341
경기도,남양주시,별내면,광전리 199-21,체육공원,체육공원,37.6976067,127.128038
경기도,남양주시,별내면,광전리 63-2,에코랜드 체육공원,체육공원,37.702665,127.128951
경기도,남양주시,와부읍,덕소리 97-7,체육공원,체육공원,37.5893857,127.2256748
경기도,남양주시,진건읍,용정리 산164,체육공원,체육공원,37.66392027,127.1932982
경기도,남양주시,화도읍,묵현리 22-11,소공원050,소공원,37.6679485,127.3016151406
경기도,남양주시,별내동,918,별내택지 근린공원4,근린공원,37.65657399,127.1215905
경기도,남양주시,별내동,1016-3,별내택지 근린공원6,근린공원,37.6472205,127.1246392
경기도,남양주시,별내동,1074,별내택지 근린공원5,근린공원,37.6540409,127.1157796
경기도,남양주시,별내동,861,별내택지 체육공원,체육공원,37.66427015,127.1201524
경기도,남양주시,별내동858,,별내택지체육공원1,체육공원,37.664986,127.118584
경기도,남양주시,별내동910,,별내택지 체육공원3,체육공원,37.65972854,127.1213588
경기도,남양주시,별내동908,,별내택지 체육공원4,체육공원,37.66009632,127.1234243
경기도,남양주시,화도읍,묵현리 625-2,마석신도2차1호소공원,소공원,37.6629166,127.2986365
경기도,남양주시,화도읍,묵현리 625-4,마석신도2차2호소공원,소공원,37.6620664,127.3000791
경기도,남양주시,화도읍,녹촌리 23-3,녹촌제2호어린이공원,어린이공원,37.65005469,127.2979429
경기도,남양주시,화도읍,녹촌리 205-1,녹촌제3호어린이공원,어린이공원,37.65131177,127.2920754
경기도,남양주시,화도읍,녹촌리 214-10,녹촌제1호근린공원,근린공원,37.65160078,127.2941944
경기도,남양주시,오남읍,오남리 889-1,오남1소공원,소공원,37.69634712,127.1981943
경기도,남양주시,오남읍,오남리 889-2,오남2소공원,소공원,37.6950591,127.2024424
경기도,남양주시,다산동,4435-8,부영7단지 어린이공원,어린이공원,37.61011255,127.1549769
경기도,남양주시,진접읍,연평리 847,소공원,소공원,37.7059876,127.1844277
경기도,남양주시,오남읍,양지리 512-29,오남근린공원,근린공원,37.6979608,127.1978694
경기도,남양주시,진접읍,팔야리 836-7,소공원,소공원,37.7504642,127.232058
경기도,남양주시,진접읍,팔야리 835-4,소공원,소공원,37.75091044,127.2333075
경기도,남양주시,호평동,615-2,호평제6호공원,어린이공원,37.6604797,127.2441656
경기도,남양주시,진접읍,금곡리 978,진접3호두리공원,근린공원,37.722121,127.1965461
경기도,남양주시,진접읍,금곡리 1105,진접5호청솔공원,근린공원,37.7114666,127.2016379
경기도,남양주시,진접읍,금곡리 1091,진접6호은빛공원,근린공원,37.7142154,127.1951621
경기도,남양주시,진접읍,금곡리 1118,진접4호해참공원,근린공원,37.7189556,127.2050662
경기도,남양주시,진접읍,금곡리 1077,진접2호에버그린파크,근린공원,37.7156886058,127.1929223207
경기도,남양주시,진접읍,금곡리 963,진접1호하늘아리공원,근린공원,37.7123112,127.1845458
경기도,남양주시,다산동,672-1,가운택지 문화공원,문화공원,37.60239551,127.1587777
경기도,남양주시,진건읍,진관리 985-3,소공원,소공원,37.63716861,127.1564086
서울특별시,동대문구,전농동,675,이삭,어린이공원,37.5787496869,127.0495026005
서울특별시,동대문구,답십리동,952-5,쉼터,어린이공원,37.5648469701,127.0593170789
서울특별시,동대문구,장안동,300,장안,근린공원,37.5771652926,127.0709026361
서울특별시,동대문구,장안동,356,장평,근린공원,37.5674881309,127.0737397772
서울특별시,동대문구,장안동,449,미나리,어린이공원,37.5638584042,127.067902
서울특별시,동대문구,장안동,386,장미,어린이공원,37.5716161977,127.0691871981
경기도,남양주시,별내동,1130,별내택지어린이공원4,어린이공원,37.6577684,127.1147836
경기도,남양주시,별내동,1038-3,별내택지어린이공원7,어린이공원,37.6460333,127.1154635
경기도,남양주시,별내동,1162,별내택지어린이공원1,어린이공원,37.66493242,127.1102842655
경기도,남양주시,별내동,904,별내택지어린이공원5,어린이공원,37.66061894,127.1268115
경기도,남양주시,별내동,818,별내택지 근린공원1,근린공원,37.67007379,127.116929
경기도,남양주시,별내동,956-5,별내택지 근린공원2,근린공원,37.6595533,127.1278149
경기도,남양주시,별내동,939,별내택지 근린공원3,근린공원,37.65493394,127.1270364
경기도,남양주시,별내동,988,별내택지 근린공원7,근린공원,37.64392211,127.1283003
전라남도,여수시,문수동,310-2,원앙공원,어린이공원,34.756925,127.7021582
전라남도,여수시,문수동,675-2,흥화뒤뜰공원,어린이공원,34.751775,127.697391
전라남도,여수시,문수동,675-3,흥화공원,어린이공원,34.750929,127.6983648
전라남도,여수시,여서동,489-2,현대공원,어린이공원,34.748136,127.695341
전라남도,여수시,여서동,489-3,대치공원,어린이공원,34.746547,127.6992099714
전라남도,여수시,여서동,496-2,여서공원,어린이공원,34.747647,127.7035615
전라남도,여수시,학동,162,거북선공원,근린공원,34.7616301,127.6677149
전라남도,여수시,돌산읍,우두리 1117-2,강남정공원,근린공원,34.716008,127.749932
전라남도,여수시,돌산읍,우두리 1004-1,백초공원,어린이공원,34.72505735,127.7468144
전라남도,여수시,돌산읍,우두리 1017,진두공원,어린이공원,34.722828,127.749277
전라남도,여수시,돌산읍,우두리 1077,상포공원,어린이공원,34.720356,127.754561
전라남도,여수시,돌산읍,우두리 1107,동백공원,어린이공원,34.71726771,127.754061
서울특별시,중구,만리동2가,6-1,손기정체육공원,체육공원,37.55592073,126.9645377
서울특별시,중구,의주로2가,16-2,서소문역사공원,역사공원,37.56056785,126.9688672
서울특별시,중구,삼각동,118,한빛미디어파크,역사공원,37.56800871,126.9851012
서울특별시,중구,정동,15-1,정동역사공원,역사공원,37.56773915,126.9713585
서울특별시,중구,순화동,216-2,순화문화공원,문화공원,37.56013992,126.9715294
서울특별시,중구,저동1가,91-2,명동문화공원,문화공원,37.56472834,126.9869241
서울특별시,중구,남대문로5가,831-1,남대문로5가문화공원,문화공원,37.56472834,126.9869241
서울특별시,동대문구,청량리동,산1-1,청량,근린공원,37.5957317516,127.0448296044
서울특별시,동대문구,신설동,109-4,우산각,어린이공원,37.5738565548,127.0241852123
서울특별시,동대문구,용두동,138-61,느티나무,어린이공원,37.5789855529,127.032565
서울특별시,동대문구,장안동,402,안골,어린이공원,37.5652643611,127.0643819023
서울특별시,동대문구,장안동,325,마로니에,어린이공원,37.5749393,127.0737197757
서울특별시,동대문구,장안동,303,늘푸른,어린이공원,37.5761895896,127.0715753563
서울특별시,동대문구,장안동,343,늘봄,어린이공원,37.5713223988,127.0725892839
서울특별시,동대문구,장안동,348,한내,어린이공원,37.5678945563,127.0711622919
경기도,평택시,소사동,산6,마을마당 문화공원(소사2지구),문화공원,36.990495,127.131715
경기도,평택시,용이동,752,신흥 문화공원(신흥지구),문화공원,37.00097,127.145431
경기도,평택시,신대동,368-18,고잔 소공원,소공원,36.996702,127.068161
경기도,오산시,원동,806-1,원동어린이1공원,어린이공원,37.134801585,127.0724202102
경기도,오산시,원동,807-3,원동어린이2공원,어린이공원,37.131757,127.0707987988
경기도,오산시,오산동,920-1,운암제1근린공원,근린공원,37.156014,127.076412
경기도,오산시,원동,814-1,운암제2근린공원,근린공원,37.1482103696,127.0771323113
경기도,오산시,오산동,914,운암제1어린이 공원,어린이공원,37.157136,127.0769902375
경기도,오산시,부산동,778-3,운암제2어린이 공원,어린이공원,37.1585336634,127.079407
경기도,오산시,부산동,779-2,운암제3어린이 공원,어린이공원,37.153553,127.077639
경기도,오산시,오산동,922-3,운암제4어린이 공원,어린이공원,37.1517487108,127.0751324683
경기도,오산시,오산동,923-3,운암제5어린이 공원,어린이공원,37.150961,127.076871
경기도,오산시,원동,815-3,운암제6어린이 공원,어린이공원,37.144826,127.076892
경기도,오산시,갈곶동,290-6,갈곶근린공원,근린공원,37.1294939155,127.075123685
경기도,오산시,궐동,706,궐동제7어린이공원,어린이공원,37.155445,127.0548475481
경기도,오산시,내삼미동,851,수청제2어린이공원,어린이공원,37.175985,127.057072
경기도,양주시,덕계동,995,회천 제6호 어린이공원,어린이공원,37.811107,127.057175
경기도,양주시,덕계동,938,회천 제7호 수변공원,수변공원,37.816801101,127.053824217
경기도,양주시,덕계동,881-8,회천 제7호 어린이공원,어린이공원,37.817724,127.050887
인천광역시,중구,송학동,1가 11-1,자유공원,근린공원,37.47457949,126.6226894
인천광역시,중구,율목동,244-1,율목공원,어린이공원,37.47040288,126.6328233
인천광역시,중구,도원동,30-49,도원공원,어린이공원,37.46710636,126.6381621
인천광역시,중구,운서동,2652,앵두공원,어린이공원,37.50302273,126.4896082
인천광역시,중구,운서동,2725-2,초롱공원,어린이공원,37.4994107,126.4893832
서울특별시,강동구,강일동,산19,능골공원,근린공원,37.556768,127.174727
경기도,평택시,팽성읍,석근리 8-9,석근1리 마을쉼터,기타,36.939908,127.054346
경기도,평택시,팽성읍,석봉리 123-5,석봉리 마을쉼터,기타,36.983403,127.043641
경기도,평택시,팽성읍,신대리 225-2,신대1리 마을쉼터,기타,36.947249,127.000419
경기도,평택시,팽성읍,신대리 211-53,신대2리 마을쉼터,기타,36.946419,126.999132
경기도,평택시,팽성읍,안정리 100-8,안정4리 마을쉼터,기타,36.96173,127.040502
경기도,평택시,유천동,788,유천동 마을쉼터,기타,36.973241,127.102948
경기도,평택시,비전동,600-25,자란쌈지 마을쉼터,기타,36.99745,127.09446
경기도,평택시,팽성읍,평궁리 474-12,평궁리 마을쉼터,기타,36.971743,127.088742
경기도,평택시,팽성읍,함정리 155-11,함정리 마을쉼터,기타,36.953171,127.01421
경기도,평택시,청북면,율북리 산41,율북 묘지공원,묘지공원,37.071975,126.969708
경기도,평택시,팽성읍,내리 산3-3,내리 문화공원,문화공원,36.975255,127.032559
경기도,남양주시,퇴계원읍,퇴계원리 366-1,퇴계원 2지구 어린이공원,어린이공원,37.6583559159,127.1468125297
경기도,남양주시,호평동,264-1,임광그대가 어린이공원,어린이공원,37.6628369,127.2493213
경기도,남양주시,다산동,4436-3,다산센트레빌 APT 어린이공원,어린이공원,37.60735593,127.154575
경기도,남양주시,진접읍,부평리 755,부평1어린이공원,어린이공원,37.74150278,127.199637
경기도,남양주시,진접읍,부평리 759,부평1지구근린공원,근린공원,37.7393691,127.2023225
경기도,남양주시,화도읍,마석우리 598-2,신도어린이공원,어린이공원,37.6604736,127.3055972
경기도,남양주시,화도읍,창현리 645-19,이안어린이공원,어린이공원,37.64221861,127.3039419
경기도,남양주시,별내동,886,별내택지 소공원1,소공원,37.67491691,127.1336222
경기도,남양주시,별내동,941-2,별내택지소공원2,소공원,37.65518368,127.128043
경기도,남양주시,별내동,838-9,별내택지어린이공원2,어린이공원,37.6660172,127.1153041
경기도,남양주시,별내동,1092,별내택지어린이공원6,어린이공원,37.6510798,127.1144787
서울특별시,양천구,목4동,767-1,정목,어린이공원,37.536923,126.868305
서울특별시,양천구,목4동,772-1,모세미,어린이공원,37.535262,126.868644
서울특별시,양천구,목4동,791-22,마장,어린이공원,37.533508,126.864686
서울특별시,양천구,목5동,906,파리,문화공원,37.534645,126.877186
서울특별시,양천구,목5동,910,목마,근린공원,37.538161,126.885426
서울특별시,양천구,목5동,901-2,햇님,어린이공원,37.539933,126.879386
서울특별시,양천구,목5동,902-2,별님,어린이공원,37.537814,126.875231
서울특별시,양천구,목5동,903-2,영도,어린이공원,37.535067,126.872941
서울특별시,양천구,목5동,904-1,진달래,어린이공원,37.531972,126.870154
서울특별시,양천구,목5동,911-5,달님,어린이공원,37.535171,126.885482
서울특별시,양천구,목5동,912-1,장미,어린이공원,37.534427,126.882744
서울특별시,양천구,목5동,913-1,은하수,어린이공원,37.533387,126.878583
서울특별시,양천구,신월1동,100-1,신대,어린이공원,37.534828,126.832752
서울특별시,양천구,신월1동,119,돌다리,어린이공원,37.531941,126.835812
서울특별시,양천구,신월1동,230-1,반곡,어린이공원,37.529181,126.835481
서울특별시,양천구,신월1동,234-11외 4,곰달래,어린이공원,37.528711,126.837905
서울특별시,양천구,신월1동,240,신월,어린이공원,37.527015,126.838167
서울특별시,양천구,신월2동,459,신곡,어린이공원,37.526252,126.845112
서울특별시,양천구,신월2동,471,꽃동산,어린이공원,37.526443,126.848436
서울특별시,양천구,신월2동,486,신장,어린이공원,37.524231,126.842737
서울특별시,양천구,신월2동,1063-3,신월2동소공원,소공원,37.517502,126.848298
서울특별시,양천구,신월3동,156,남부,어린이공원,37.534821,126.826044
서울특별시,양천구,신월3동,196,경인,어린이공원,37.532106,126.828788
서울특별시,양천구,신월4동,422-1,태양,어린이공원,37.524353,126.838614
경기도,수원시,장안구,정자동 924,솔뫼,어린이공원,37.2934661,126.9869171
경기도,수원시,장안구,정자동 873-2,연꽃,어린이공원,37.29914994,126.9946448
경기도,수원시,장안구,정자동 870-2,대평,어린이공원,37.29674446,126.9889194
경기도,수원시,장안구,정자동 879-2,백설,어린이공원,37.29513422,126.9911147
충청북도,증평군,증평읍,초중리 606-2,초중제5호어린이공원,어린이공원,36.776701,127.571515
충청북도,증평군,증평읍,초중리 598-2,초중제6호어린이공원,어린이공원,36.77909829,127.5750694
충청북도,증평군,도안면,화성리 619,화성소공원,소공원,36.8142834,127.6125206
충청북도,증평군,증평읍,미암리 1065,미암소공원,소공원,36.795399,127.5932808
충청북도,증평군,증평읍,미암리 1056,미암공원,근린공원,36.79860407,127.590807
충청북도,증평군,증평읍,송산리 894,무지개공원,어린이공원,36.792873,127.583651
충청북도,증평군,증평읍,송산리 718,딩딩동공원,어린이공원,36.790824,127.5753099
충청북도,증평군,증평읍,송산리 765,새싹공원,어린이공원,36.792773,127.578976
충청북도,증평군,증평읍,송산리 817,송산공원,근린공원,36.79108769,127.580514
충청북도,증평군,증평읍,송산리 725,한울공원,근린공원,36.788792,127.576563
충청북도,증평군,증평읍,송산리 823,대마산들공원,근린공원,36.79427344,127.5833204
충청북도,증평군,증평읍,율리 809,별천지공원,근린공원,36.71608418,127.6374333
충청북도,증평군,증평읍,율리 514,봉천생태하천공원,수변공원,36.7164656,127.638416
충청북도,증평군,도안면,노암리 895,노암제1호소공원,소공원,36.81691126,127.589269
충청북도,증평군,도안면,노암리 912,노암제2호소공원,소공원,36.81936418,127.5956198
충청북도,증평군,도안면,노암리 903,노암근린공원,근린공원,36.82196197,127.5935037
충청북도,증평군,증평읍,증평리 80,단군전역사공원,역사공원,36.78119822,127.583059
충청북도,증평군,증평읍,덕상리 730-3,자전거공원,문화공원,36.76739401,127.604767
충청북도,증평군,도안면,석곡리 569,연병호선생역사공원,역사공원,36.82987679,127.6196445
충청북도,증평군,증평읍,미암리 1074,단지바우제1호소공원,소공원,36.79553579,127.590835
충청북도,증평군,증평읍,미암리 591-2,단지바우제2호소공원,소공원,36.79480405,127.5909036
충청북도,증평군,도안면,화성리 437,연제근상사호국공원,역사공원,36.8154972,127.6098628
서울특별시,노원구,상계동,산3-1,수락산<시공원>,기타,37.691731,127.0660338
서울특별시,노원구,중계동,산101-1,불암산<시공원>,기타,37.6548441824,127.0811811566
서울특별시,노원구,월계동,산108,영축산<시공원>,근린공원,37.62834719,127.057541
서울특별시,노원구,월계동,산1,초안산<시공원>,근린공원,37.64354845,127.0514587
서울특별시,은평구,구산동,345-6,구산동마을공원확대,기타공원,37.61512,126.90778
서울특별시,은평구,구산동,153-2,구산초교앞마을마당,기타공원,37.595602,126.919066
서울특별시,은평구,대조동,240-3,팜스퀘어 소공원,기타공원,37.597018,126.906734
서울특별시,은평구,신사2동,163-51,신사2동 공공공지,기타공원,37.593894,126.908112
서울특별시,은평구,응암동,365-30,오손길마을마당,기타공원,37.591562,126.902567
서울특별시,은평구,녹번동,153-1,평화공원,기타공원,37.6051488334,126.9230105
서울특별시,은평구,갈현동,397,물빛공원,기타공원,37.6189620031,126.9211621249
대구광역시,군위군,군위읍,동부리 376-3,동부제1어린이공원,어린이공원,36.23775316,128.5707855
대구광역시,군위군,군위읍,서부리 365-1,서부제2어린이공원,어린이공원,36.2352952,128.564392
대구광역시,군위군,군위읍,서부리 427-3,서부제3어린이공원,어린이공원,36.237895,128.565894
전북특별자치도,고창군,고창읍,석정리 131-2,외정공원,수변공원,35.431305,126.742774
전북특별자치도,고창군,고창읍,덕산리 6-1,공원,근린공원,35.427324,126.6993173
전북특별자치도,고창군,대산면,매산리 198-41,공원,소공원,35.339432,126.597932
전북특별자치도,고창군,대산면,매산리 193-16,공원,소공원,35.338803,126.597111
경상남도,남해군,남해읍,서변리 산 1-1,남산공원,근린공원,34.832928,127.8939509
경상남도,남해군,남해읍,북변리 611-2,봉황산공원,근린공원,34.8422695,127.8918647
경상남도,남해군,남해읍,차산리 746,차산공원,근린공원,34.84218638,127.9012598
서울특별시,중구,신당동,851-9,꿈누리어린이공원,어린이공원,37.5606932,127.0203973
서울특별시,중구,신당동,852-4,동화어린이공원,어린이공원,37.56049514,127.0181196
서울특별시,중구,순화동,217-6,순화어린이공원,어린이공원,37.56343951,126.9712668
충청북도,제천시,왕암동,1390,왕암제5근린공원,근린공원,37.147112,128.147723
충청북도,제천시,왕암동,1402,왕암제1소공원,소공원,37.151306,128.144493
충청북도,제천시,왕암동,1364,왕암제2소공원,소공원,37.14417159,128.156818
충청북도,제천시,왕암동,1108,왕암제3소공원,소공원,37.154154,128.154326
충청북도,제천시,왕암동,1177,왕암제4소공원,소공원,37.152959,128.154774
충청북도,제천시,왕암동,1227,왕암제5소공원,소공원,37.15290212,128.156172
충청북도,제천시,화산동,산 11-1,남천역사공원,역사공원,37.132999,128.2156971
충청북도,제천시,금성면,양화리 967,양화수변공원,수변공원,37.07573709,128.1967514
충청북도,제천시,고암동,1272,소공원1(고암오네뜨아파트),소공원,37.15967888,128.221398
충청북도,제천시,고암동,1270,소공원2(고암오네뜨아파트),소공원,37.158537,128.2194942
충청북도,제천시,장락동,1052,소공원3(신안실크밸리),소공원,37.153051,128.223272
충청북도,제천시,장락동,1055,소공원4(신안실크밸리),소공원,37.152576,128.224827
충청북도,제천시,장락동,1053,소공원5(신안실크밸리),소공원,37.152518,128.2230046
충청북도,제천시,신월동,산56-7,중앙2근린공원,근린공원,37.157988,128.189001
충청북도,제천시,천남동,산 3-43,천남어린이공원,어린이공원,37.13324506,128.193063
경기도,하남시,덕풍동,709,풍산지구 어린이2호,어린이공원,37.54651905,127.1984291
경기도,하남시,덕풍동,716,풍산지구 어린이3호,어린이공원,37.55483256,127.2007147
경기도,하남시,덕풍동,770-2,풍산지구 어린이4호,어린이공원,37.54546042,127.2060842
경기도,하남시,덕풍동,745-1,풍산지구 어린이5호,어린이공원,37.55148919,127.2087956
경기도,하남시,덕풍동,749,풍산지구 어린이6호,어린이공원,37.55159944,127.2108421
경기도,하남시,덕풍동,795,풍산지구 어린이7호,어린이공원,37.54855826,127.209193
경기도,하남시,덕풍동,812,풍산지구 어린이8호,어린이공원,37.54771867,127.2101297
서울특별시,중구,을지로5가,40-3,훈련원공원,근린공원,37.56922545,127.0053319
서울특별시,중구,신당동,산 2-6,응봉근린공원,근린공원,37.56251273,127.0250052
서울특별시,중구,신당5동,산12-63,무학봉공원,근린공원,37.56251273,127.0250052
서울특별시,중구,을지로2가,203-1,저동1소공원,소공원,37.56595598,126.9896256
서울특별시,중구,을지로2가,203-4,저동2소공원,소공원,37.56526144,126.9888661
서울특별시,중구,저동2가,89-1,저동3소공원,소공원,37.56563762,126.9890554
서울특별시,중구,쌍림동,292-2,쌍림동소공원,소공원,37.56350445,127.0030963
서울특별시,중구,태평로1가,2-2,무교2소공원,소공원,37.56883648,126.9776038
서울특별시,중구,의주로1가,44-2,경찰기념공원,소공원,37.56056785,126.9688672
서울특별시,중구,정동,1-73,진달래소공원,소공원,37.56801264,126.9747535
서울특별시,중구,다산동,432-1918,마루소공원,소공원,37.55116553,127.0043988
서울특별시,중구,만리동2가,285(231-2),만리소공원(만리2구역1),소공원,37.55446168,126.9658367
서울특별시,중구,만리동2가,281(211),만리소공원(만리2구역2),소공원,37.55446168,126.9658367
서울특별시,중구,만리동2가,12-53,만리2구역3(가칭)_만리1,소공원,37.55446168,126.9658367
서울특별시,중구,서소문동,116,서소문구역 제5지구(가칭),소공원,37.56288231,126.9754281
서울특별시,중구,신당동,856-6,신당제11구역1(가칭),소공원,37.56221478,127.0255059
서울특별시,중구,신당동,856-2,신당제11구역2(가칭),소공원,37.56312028,127.0255232
서울특별시,중구,다동51-1,,다동근린공원,근린공원,37.56779209,126.9805245
서울특별시,중구,예관동,53-4,세운3소공원,소공원,37.5645401,126.997423
서울특별시,중구,충무로5가,21,묵정어린이공원,어린이공원,37.56368166,126.9998022
서울특별시,중구,광희1가,242,쌍림어린이공원,어린이공원,37.56415396,127.0049461
서울특별시,중구,황학동,755,황학어린이공원,어린이공원,37.56748267,127.0180129
서울특별시,중구,정동,34-31,배재어린이공원,어린이공원,37.56440726,126.9726897
서울특별시,중구,청구동,842-1,청구어린이공원,어린이공원,37.55566197,127.0138185
서울특별시,중구,다산동,432-540,충현어린이공원,어린이공원,37.55110795,127.0056933
서울특별시,중구,신당5동,123-1,다산어린이공원,어린이공원,37.56375032,127.0186793
서울특별시,중구,다산동,432-917,늘푸른어린이공원,어린이공원,37.55110795,127.0056933
서울특별시,중구,저동1가,1-14,저동어린이공원,어린이공원,37.56474547,126.9878944
경기도,파주시,문산읍,내포리 1637-3,당동산업단지1호,어린이공원,37.8384293965,126.77977265
경기도,파주시,문산읍,당동리 943,당동리어린이집,어린이공원,37.8627358986,126.771753888
경기도,파주시,문산읍,선유리 1359,선유어린이공원,어린이공원,37.8639814314,126.8009023475
경기도,파주시,문산읍,선유리 1354,양우공원,어린이공원,37.8600065895,126.7945985599
경기도,파주시,문산읍,선유리 1396,선유제3호어린이공원,어린이공원,37.8649055818,126.7991824426
경기도,파주시,문산읍,선유리 1407,선유5-1어린이공원,어린이공원,37.8675826207,126.8039846345
경기도,파주시,파주읍,연풍리 483-1,동광어린이공원,어린이공원,37.8310314639,126.8327088643
경기도,파주시,파주읍,향양리 700-2,선유산업단지5호 어린이공원,어린이공원,37.8533519663,126.8086445652
경기도,파주시,탄현면,법흥리 1701,통일동산 어린이공원,어린이공원,37.7761546885,126.7043095845
경기도,파주시,와동동,1319,금잔디어린이공원,어린이공원,37.7326311354,126.7558792848
경기도,파주시,목동동,662,해솔어린이공원,어린이공원,37.7263368224,126.7463049918
경기도,파주시,동패동,1770,한울어린이공원,어린이공원,37.7086685698,126.7413720996
경기도,파주시,와동동,1335,가람어린이공원,어린이공원,37.734215239,126.7641600218
경기도,파주시,다율동,1038-1,꿈누리어린이공원,어린이공원,37.736917467,126.728981858
경기도,파주시,법원읍,가야리 378-1,법원어린이공원,어린이공원,37.8489106766,126.8668529284
경기도,파주시,조리읍,봉일천리 306,봉일천어린이공원,어린이공원,37.7444610529,126.8136993054
경기도,파주시,조리읍,봉일천리 272,조리어린이공원,어린이공원,37.7466136708,126.8093686429
경기도,파주시,와동동,1476,운정지구 역사공원6,역사공원,37.7312020343,126.7680534046
경기도,파주시,장단면,노상리 517,도라산평화공원,역사공원,37.8984762045,126.7142024009
경기도,파주시,목동동,639,북두레공원,역사공원,37.7310602622,126.7487583733
경기도,파주시,목동동,666,남두레공원,역사공원,37.728666279,126.7466704224
경기도,파주시,야당동,1022,새암공원,역사공원,37.7097358778,126.7472066036
경기도,파주시,와동동,1339,미래내공원,역사공원,37.7305123429,126.763396159
경기도,파주시,목동동,896,도래공원,역사공원,37.7340809163,126.7392879233
경기도,파주시,법원읍,법원리 산 40-3,법원 체육공원,체육공원,37.8482071271,126.8837154638
경기도,파주시,동패동,1800,운정건강공원 1,체육공원,37.7154813274,126.741985759
경기도,파주시,목동동,1083,운정건강공원 2,체육공원,37.7202523102,126.7462958584
경기도,고양시,일산동구,중산동 1600번지,중산 9(중산추만),어린이공원,37.68576605,126.780228
경기도,고양시,일산동구,마두동 819,정발산,근린공원,37.66318155,126.7805324
경기도,고양시,일산동구,백석동 1195번지,안산,문화공원,37.64665861,126.7840125
경기도,고양시,일산동구,백석동 1350번지,알미,근린공원,37.64588208,126.783097
경기도,고양시,일산동구,장항동 903번지,호수,근린공원,37.64947299,126.7680833
경기도,고양시,일산동구,장항동 905번지,호수,근린공원,37.65049642,126.7697348
경기도,고양시,일산동구,장항동 906번지,호수,근린공원,37.66444643,126.7604431
경기도,고양시,일산동구,정발산동 1123번지,매봉재,어린이공원,37.67520793,126.7778151
경기도,고양시,일산동구,정발산동 1159번지,두루미,어린이공원,37.67142927,126.7761671
경기도,고양시,일산동구,정발산동 1241번지,사재,어린이공원,37.67260753,126.7818175
경기도,고양시,일산동구,정발산동 1329번지,수정,어린이공원,37.66827162,126.7785766
경기도,고양시,일산동구,정발산동 698번지,닥밭,어린이공원,37.667494,126.7725147
경기도,고양시,일산동구,정발산동 812,장항,어린이공원,37.66643553,126.7755653
경기도,고양시,일산동구,중산동 1565번지,중산 2(중산안골),체육공원,37.69157053,126.7798982
경기도,고양시,일산동구,풍동 1240-3,산수유,어린이공원,37.673448,126.8016509
경기도,고양시,일산동구,풍동 1248번지,목련,어린이공원,37.672816,126.7976815
경기도,고양시,일산동구,풍동 1259,느티나무(풍동),어린이공원,37.67028123,126.7984263
경기도,고양시,일산동구,풍동 1262,이팝나무,어린이공원,37.67010435,126.8006537
경기도,고양시,일산동구,풍동 1269번지,벚나무(풍동),어린이공원,37.66782817,126.797268
경기도,고양시,일산동구,풍동 1287번지,소나무(풍동),어린이공원,37.66460357,126.7977643
경기도,고양시,일산동구,풍동 1299번지,참나무(풍동),어린이공원,37.66587888,126.8006283
경기도,고양시,일산동구,풍동 1228번지,달맞이,근린공원,37.67457585,126.8021803
경기도,고양시,일산동구,풍동 1257번지,식골,근린공원,37.67072982,126.7971233
경기도,고양시,일산동구,백석동 1189번지,백송,어린이공원,37.65091175,126.7892352
경기도,고양시,일산동구,백석동 1206번지,방기,어린이공원,37.64851724,126.7848251
경기도,고양시,일산동구,백석동 1233번지,백석,근린공원,37.64871522,126.7948256
경기도,고양시,일산동구,백석동 1269번지,간이,어린이공원,37.64615882,126.7880046
경기도,고양시,일산동구,백석동 1348번지,용천,어린이공원,37.64218842,126.7832665
경기도,고양시,일산동구,백석동 1437번지,향나무(알미),어린이공원,37.64457307,126.7801183
경기도,고양시,일산동구,장항동 873번지,낙민,근린공원,37.65071295,126.7744934
경기도,고양시,일산동구,장항동 879번지,낙민(부촌),어린이공원,37.64699729,126.7772696
경기도,고양시,일산동구,"정발산동 1299,1280,1270번지",밤가시,어린이공원,37.66947831,126.7826296
경기도,고양시,일산동구,중산동 1553,중산태미(중산4),근린공원,37.69821033,126.7829969
경기도,고양시,일산동구,중산동 1554-3,중산 3(중산테미어린이),어린이공원,37.6932086,126.7824585
경기도,고양시,일산동구,중산동 1555-1,중산 1(중산마루),어린이공원,37.69746259,126.7806215
경기도,고양시,일산동구,중산동 1556-1,중산 2(중산안골),어린이공원,37.69501351,126.7793364
경기도,고양시,일산동구,중산동 1566-1,중산 6(중산더부골),어린이공원,37.68872808,126.7789273
경기도,고양시,일산동구,중산동 1573-2,중산 5(중산안학),어린이공원,37.69160785,126.781618
경기도,고양시,일산동구,중산동 1574-1,중산 7(중산어린이),어린이공원,37.68900805,126.7818312
경기도,고양시,일산동구,중산동 1575-1번지,중산 4(중산오름),어린이공원,37.6929569,126.7827654
경기도,고양시,일산동구,중산동 1575-5,중산 8(중산삼애),어린이공원,37.6879102,126.7828258
경기도,고양시,덕양구,향동동 135-6,향동어린이1,어린이공원,37.60191332,126.8912592
경기도,고양시,덕양구,향동동 138-1,향동지구 소공원1,소공원,37.60155224,126.890535
경기도,고양시,덕양구,향동동 183,향동수변1,수변공원,37.60622784,126.8809811
경기도,고양시,덕양구,향동동 218-22,향동지구 소공원2,소공원,37.59955904,126.8981137
경기도,고양시,덕양구,향동동 236-56,향동근린1,근린공원,37.59480549,126.8921983
경기도,고양시,덕양구,향동동 24-1,향동근린2,근린공원,37.60622784,126.8809811
경기도,고양시,덕양구,향동동 328-4,향동수변2,수변공원,37.59833648,126.8913099
경기도,고양시,덕양구,향동동 333,향동어린이2,어린이공원,37.59877702,126.8903127
경기도,고양시,덕양구,향동동 356,향동체육공원,체육공원,37.59617108,126.8881199
경기도,고양시,덕양구,원흥동 472-8,삼송소공원3,소공원,37.64872956,126.8699946
경기도,고양시,덕양구,도내동 1038,어린이공원2(도담)(향동보금자리),어린이공원,37.6299236,126.871982
경기도,고양시,덕양구,원흥동 126-3,삼송소공원5,소공원,37.65171621,126.8709802
경기도,고양시,덕양구,고양동 557,소공원337,소공원,37.7089543,126.9050251
경기도,고양시,덕양구,주교동 296번지,배다리,어린이공원,37.66253375,126.8294252
경기도,고양시,덕양구,내유동 769-5번지,내유동문화공원,문화공원,37.73129325,126.8483937
경기도,고양시,일산동구,마두동 756번지,모범,어린이공원,37.65538327,126.7857887
경기도,고양시,일산동구,마두동 780번지,마두,근린공원,37.6548517,126.7857903
경기도,고양시,일산동구,마두동 790번지,마두(말머리),어린이공원,37.6529072,126.7817958
경기도,고양시,일산동구,마두동 791번지,강촌,근린공원,37.6533324,126.7810761
경기도,고양시,일산동구,마두동 837번지,냉천,어린이공원,37.6648701,126.7858478
경기도,고양시,일산동구,마두동 874번지,설촌,어린이공원,37.66203522,126.7886259
경기도,고양시,일산동구,마두동 958번지,능안,어린이공원,37.65982036,126.7832599
경기도,고양시,일산동구,마두동 992번지,안골,어린이공원,37.65747204,126.7784665
경기도,고양시,일산동구,백석동 1137번지,청천,어린이공원,37.65263254,126.794239
경기도,고양시,일산동구,백석동 1156번지,검바골,어린이공원,37.64863305,126.7911069
경기도,고양시,덕양구,성사동 873,주공1,어린이공원,37.66062952,126.8402255
경기도,고양시,덕양구,동산동 349,삼송어린이3(동산),어린이공원,37.64331059,126.8847162
경기도,고양시,덕양구,동산동 371-1363,삼송근린4(동산꽃맞이/밥할머니),근린공원,37.64352626,126.8880924
경기도,고양시,덕양구,삼송동 321,삼송근린3(세솔),근린공원,37.65190143,126.8892505
경기도,고양시,덕양구,삼송동 369번지,삼송어린이2(달걀부리),어린이공원,37.64195969,126.8762715
경기도,고양시,덕양구,삼송동 339,삼송근린2(덕수),근린공원,37.64676832,126.8801913
경기도,고양시,덕양구,신원동 596,삼송근린5(송강이야기),근린공원,37.66690836,126.8812963
경기도,고양시,덕양구,신원동 607번지,삼송근린6(조관),근린공원,37.66638285,126.8863592
경기도,고양시,덕양구,신원동 646,삼송어린이1(한우물),어린이공원,37.66153013,126.8882056
경기도,고양시,덕양구,신원동 610,삼송근린7(신원),근린공원,37.66781318,126.8902247
경기도,고양시,덕양구,신원동 665,삼송근린8(한우물숲길),근린공원,37.65974226,126.8897026
경기도,고양시,덕양구,오금동 625,삼송근린9(오금),근린공원,37.65988303,126.9048529
경기도,고양시,덕양구,오금동 679번지,삼송근린11(오금상촌),근린공원,37.66307242,126.9188102
경기도,고양시,덕양구,"오금동 산79-1,669",삼송근린10(소청),근린공원,37.66014546,126.9129564
경기도,고양시,덕양구,삼송동 334,삼송근린1(송현),근린공원,37.64876791,126.8774365
경기도,고양시,덕양구,삼송동 128-5,삼송소공원1,소공원,37.65218549,126.889031
경기도,고양시,덕양구,삼송동 303-11,삼송소공원2,소공원,37.65332913,126.8884173
경기도,고양시,덕양구,덕은동 9-211번지,화전1,어린이공원,37.5976936,126.8785618
경기도,고양시,덕양구,오금동 산107-1,삼송근린12(당고개),근린공원,37.66216438,126.9048144
경기도,고양시,덕양구,도내동 980,원흥지구수변공원(도래울바람물),수변공원,37.62921735,126.8750463
경기도,고양시,덕양구,도내동 996번지,원흥근린1(도래울석탄),근린공원,37.6297314,126.8662456
경기도,고양시,덕양구,도내동 1078,원흥근린2(도래울의장대),근린공원,37.62932677,126.8706765
경기도,고양시,덕양구,도내동 740,어린이공원1(고운)(향동보금자리),어린이공원,37.61630168,126.8571776
경기도,고양시,덕양구,도내동 1101번지,원흥근린3(도래울의장대),근린공원,37.62784737,126.8735354
경기도,고양시,덕양구,원흥동 718,원흥지구 소공원,소공원,37.63732953,126.8717047
경기도,고양시,덕양구,행신동 924번지,가라산,근린공원,37.62518207,126.841994
경기도,고양시,덕양구,행신동 935번지,참나무(능곡),어린이공원,37.62483133,126.838474
경기도,고양시,덕양구,행신동 954번지,단풍나무,어린이공원,37.62269983,126.8384469
경기도,고양시,덕양구,행신동 970번지,벚나무(능곡),어린이공원,37.62219264,126.8427752
경기도,고양시,덕양구,행신동 975,살구나무,어린이공원,37.61897283,126.8392334
경기도,고양시,덕양구,행신동 978번지,행신,근린공원,37.61919277,126.8366268
경기도,고양시,덕양구,행신동 988,회화나무,어린이공원,37.62027602,126.8359194
경기도,고양시,덕양구,화정동 1128번지,은행나무,어린이공원,37.62865494,126.8357424
경기도,고양시,덕양구,화정동 1131번지,백양,근린공원,37.62780403,126.8348018
경기도,고양시,덕양구,화정동 1136번지,소나무(능곡),어린이공원,37.62652494,126.8331235
경기도,고양시,덕양구,고양동 1131,벽제,어린이공원,37.71495433,126.9031066
경기도,고양시,덕양구,고양동 729,벽제2,어린이공원,37.71127083,126.9035569
경기도,고양시,덕양구,행신동 1068-1,밤나무공원,어린이공원,37.62086283,126.852481
경기도,고양시,덕양구,행신동 1074-1번지,햇살공원,어린이공원,37.61977212,126.8450412
경기도,고양시,덕양구,행신동 1088-1,서정나루공원,어린이공원,37.61471947,126.8465358
경기도,고양시,덕양구,행신동 1096-1,서정어린이공원,어린이공원,37.61495523,126.8488538
경기도,고양시,덕양구,행신동 1101-1번지,서두마루공원,어린이공원,37.61833519,126.8536525
경기도,고양시,덕양구,행신동 1110번지,작은봉화공원,어린이공원,37.61412262,126.8511236
경기도,고양시,덕양구,"행신동 1089,1089-1",행신나루,근린공원,37.61593951,126.8484009
경기도,고양시,덕양구,행신동 1092-1번지,서두물,근린공원,37.61744579,126.850653
경기도,고양시,덕양구,행신동 1098-1번지,서두나루,근린공원,37.61474888,126.8483479
경기도,고양시,덕양구,"행신동 1071,1071-1",서정,근린공원,37.61735828,126.8489586
경기도,고양시,덕양구,성사동 863,원당2,소공원,37.66064814,126.8412199
경기도,고양시,덕양구,성사동 865,원당1,어린이공원,37.65864506,126.8418105
경기도,고양시,덕양구,행신동 633-98,주택재개발(195호),어린이공원,37.62080644,126.8310364
충청북도,청주시,청원구,오창읍 성재리 산28-1,어린이공원,어린이공원,36.732118,127.343189
충청북도,청주시,청원구,오창읍 성재리 산30,성재공원,근린공원,36.434141,127.211346
대구광역시,달서구,장기동,814-2,파랑새어린이공원,어린이공원,35.84660896,128.5264676
대구광역시,달서구,월성동,277-1,평화어린이공원,어린이공원,35.83033101,128.5311067
대구광역시,달서구,본동,790,피터팬공원,어린이공원,35.83612875,128.5394597
대구광역시,달서구,월성동,84-3,학산어린이공원,어린이공원,35.83125335,128.526949
대구광역시,달서구,본동,616-5,한마음어린이공원,어린이공원,35.83194458,128.5343244
대구광역시,달서구,용산동,419-2,한마음어린이공원,어린이공원,35.85747934,128.5172805
대구광역시,달서구,상인동,1522-1,한빛어린이공원,어린이공원,35.81403472,128.5465971
대구광역시,달서구,도원동,1429-3,한실들어린이공원,어린이공원,35.80748077,128.5328045
대구광역시,달서구,이곡동,1192-1,햇님어린이공원,어린이공원,35.85578072,128.5064521
대구광역시,달서구,상인동,1442,해바라기어린이공원,어린이공원,35.8153351,128.5329095
대구광역시,달서구,월성동,273-1,효성어린이공원,어린이공원,35.83157674,128.5298707
대구광역시,달서구,두류동,496-11,희망공원,어린이공원,35.85461884,128.551679
대구광역시,달서구,도원동,1473,월배체육공원,체육공원,35.80159607,128.536496
서울특별시,양천구,목1동,921,오목,근린공원,37.527761,126.873091
서울특별시,양천구,목1동,925-1,무지개,어린이공원,37.528935,126.867044
서울특별시,양천구,목2동,199-51,용왕산,근린공원,37.541663,126.875061
서울특별시,양천구,목2동,517 외 37,목동,근린공원,37.546529,126.879301
서울특별시,양천구,목2동,946-1,달마을,근린공원,37.543331,126.868045
서울특별시,양천구,목3동,611-1,한두,어린이공원,37.549391,126.865352
서울특별시,양천구,목3동,646-23,백석,어린이공원,37.545356,126.864912
서울특별시,양천구,목3동,712-1,무궁화,어린이공원,37.541877,126.864247
서울특별시,양천구,목3동,965-1,목동누리,어린이공원,37.546104,126.865222
서울특별시,양천구,목4동,724-1,나말,어린이공원,37.538689,126.864464
경기도,고양시,덕양구,화정동 962번지,화정 16(배꽃),어린이공원,37.63668391,126.8353033
경기도,고양시,덕양구,행신동 694번지,행신 1(번데미),어린이공원,37.61724568,126.8298323
경기도,고양시,덕양구,행신동 698번지,번데미,근린공원,37.61616477,126.8298491
경기도,고양시,덕양구,행신동 701번지,행신 2(장고뫼),어린이공원,37.61394057,126.8310223
경기도,고양시,덕양구,행신동 772번지,차장,근린공원,37.61672981,126.8333705
경기도,고양시,덕양구,행신동 734번지,행신 3(무원),어린이공원,37.61794344,126.8327666
경기도,고양시,덕양구,행신동 755번지,행신 4(용마루),어린이공원,37.6160194,126.835666
경기도,고양시,덕양구,행신동 768번지,행신 6(용현),어린이공원,37.61423444,126.837541
경기도,고양시,덕양구,행신동 775번지,행신 5(행신),어린이공원,37.61822666,126.8368437
경기도,고양시,덕양구,행신동 782번지,행신 7(소만),어린이공원,37.61652686,126.8404084
경기도,고양시,덕양구,행신동 786번지,행신 8(화신),어린이공원,37.61405336,126.8402054
경기도,고양시,덕양구,행신동 792번지,행신 9(행복),어린이공원,37.61677906,126.8438132
경기도,고양시,덕양구,행신동 800번지,가라뫼,근린공원,37.61471614,126.8440441
경기도,고양시,덕양구,화정동 852번지,화수,근린공원,37.6443587,126.8378964
경기도,고양시,덕양구,화정동 859번지,달빛,근린공원,37.64524087,126.8310394
경기도,고양시,덕양구,화정동 867번지,꽃물,근린공원,37.64105095,126.8295741
경기도,고양시,덕양구,화정동 872번지,은빛,근린공원,37.63813832,126.8367593
경기도,고양시,덕양구,화정동 943번지,별빛,근린공원,37.63246586,126.825461
경기도,고양시,덕양구,화정동 950,꽃우물,근린공원,37.62818981,126.8278501
경기도,고양시,덕양구,화정동 985,화정중앙,근린공원,37.63095824,126.8317291
경기도,고양시,덕양구,화정동 989번지,옥빛,근린공원,37.6330491,126.8361768
경기도,고양시,덕양구,행신동 1002번지 샘터마을3단지아파트,느티나무(능곡),어린이공원,37.62539857,126.8317576
경기도,고양시,덕양구,행신동 898,밤나무(능곡),어린이공원,37.62804311,126.8385337
경기도,고양시,덕양구,행신동 906,자작나무,어린이공원,37.62610342,126.8433305
경기도,고양시,덕양구,토당동 3-39번지,지도,근린공원,37.62199707,126.8271981
경기도,고양시,덕양구,행주외동 61,행주산성,역사공원,37.60075156,126.8236634
경기도,고양시,덕양구,고양동 30번지,고양,근린공원,37.70591982,126.9006419
경기도,고양시,덕양구,성사동 산32-7,자전거,체육공원,37.6624079,126.8449287
경기도,고양시,덕양구,성사동 705번지,주교 2,어린이공원,37.65496341,126.838164
경기도,고양시,덕양구,주교동 610,주교 1,어린이공원,37.65635454,126.8343115
경기도,고양시,덕양구,주교동 619-3번지,주교 3,어린이공원,37.65805134,126.8366476
경기도,고양시,덕양구,토당동 838번지,토당 1,어린이공원,37.6268293,126.8220485
경기도,고양시,덕양구,토당동 847번지,토당 3,어린이공원,37.62614212,126.8250996
경기도,고양시,덕양구,토당동 862-3,토당 5,어린이공원,37.61908314,126.8234098
경기도,고양시,덕양구,토당동 874-2,토당 4,어린이공원,37.62076042,126.8259534
경기도,고양시,덕양구,토당동 885-6,토당 6,어린이공원,37.61841189,126.8263211
경기도,고양시,덕양구,토당동 896,토당 2,어린이공원,37.62745594,126.8258131
경기도,고양시,덕양구,고양동 328,고양제1,어린이공원,37.70462893,126.8968093
경기도,고양시,덕양구,성사동 728번지,성사 1(어울림),어린이공원,37.65351498,126.8332399
경기도,고양시,덕양구,성사동 729번지,성사 3(성라어린이),어린이공원,37.65123386,126.8359284
경기도,고양시,덕양구,성사동 735번지,성사 2(별모래),어린이공원,37.65152384,126.8332572
경기도,고양시,덕양구,화정동 853번지,화정 11(화수어린이),어린이공원,37.64477234,126.8373176
경기도,고양시,덕양구,화정동 857번지,화정 10(달빛어린이),어린이공원,37.64784757,126.834354
경기도,고양시,덕양구,화정동 869번지,화정 12(진달래),어린이공원,37.64413544,126.8343009
경기도,고양시,덕양구,화정동 890번지,화정 13(개나리),어린이공원,37.63927225,126.8347402
경기도,고양시,덕양구,화정동 921번지,화정 14(용정),어린이공원,37.63953885,126.8306516
경기도,고양시,덕양구,화정동 937번지,화정 15(민들레),어린이공원,37.63652325,126.8274793
경기도,고양시,덕양구,화정동 949번지,화정 18(꽃우물어린이),어린이공원,37.62865718,126.8272144
경기도,고양시,덕양구,화정동 954번지,화정 17(별빛어린이),어린이공원,37.63290261,126.8296879
경기도,김포시,운양동,153-1,한강근린10,근린공원,37.648552,126.695976
경기도,김포시,운양동,1986,한강근린11,근린공원,37.659337,126.683227
경기도,김포시,양촌읍,양곡리 471,양촌어린이24,어린이공원,37.657424,126.625493
경기도,김포시,장기동,1868-3,한강근린16,근린공원,37.64896722,126.6646424
경기도,김포시,마산동,615-8,한강근린17,근린공원,37.64303442,126.6369573
경기도,김포시,장기동,2047-6,한강소공원18,소공원,37.6400828,126.6734708
경기도,김포시,장기동,1944-6,한강소공원19,소공원,37.64588068,126.6757983
경기도,김포시,장기동,1979-4,한강소공원20,소공원,37.644906,126.669597
경기도,김포시,운양동,1270-12,한강소공원21,소공원,37.65276517,126.6966771
제주특별자치도,서귀포시,보성리,2506,11호 소공원,소공원,33.28397823,126.2692568
제주특별자치도,서귀포시,보성리,2523,12호 소공원,소공원,33.27990832,126.2708271
제주특별자치도,서귀포시,보성리,2399,1호 어린이공원,어린이공원,33.29262851,126.2815805
제주특별자치도,서귀포시,보성리,2451,2호 어린이공원,어린이공원,33.28200551,126.2748602
제주특별자치도,서귀포시,보성리,2516,3호 어린이공원,어린이공원,33.28112476,126.271173
제주특별자치도,서귀포시,구억리,1107,1호 근린공원,근린공원,33.29769179,126.2834034
충청북도,청주시,청원구,내수읍 초정리 340-6,5호공원,소공원,36.433051,127.366471
충청북도,청주시,청원구,내수읍 초정리 331-1,6호공원,소공원,36.425355,127.364341
제주특별자치도,서귀포시,구억리,1144,2호 근린공원,근린공원,33.28563532,126.2850593
제주특별자치도,서귀포시,구억리,1146,3호 근린공원,근린공원,33.28669362,126.283096
제주특별자치도,서귀포시,보성리,2419,4호 근린공원,근린공원,33.28710123,126.2774028
제주특별자치도,서귀포시,보성리,2533,5호 근린공원,근린공원,33.27854482,126.2699158
제주특별자치도,서귀포시,구억리,1124,6호 근린공원,근린공원,33.28911699,126.2871876
제주특별자치도,서귀포시,구억리,1170,7호 근린공원,근린공원,33.28431566,126.2803979
제주특별자치도,서귀포시,강정동,4361-4,제일강정푸른꿈공원,근린공원,33.2381696042,126.4766172539
경기도,의왕시,왕곡동,591,현충탑공원,근린공원,37.34762923,126.9798334
경기도,의왕시,월암동,543-3,자연학습공원,근린공원,37.30710897,126.9531542
경기도,의왕시,내손동,765,갈미문학공원,근린공원,37.37915592,126.9769937
경기도,의왕시,내손동,781,갈미중앙공원,근린공원,37.37678998,126.9739846
경기도,의왕시,내손동,722,언덕공원,근린공원,37.38225836,126.9760992
경기도,의왕시,내손동,847-1,빛솔공원,근린공원,37.38730197,126.9772247
경기도,의왕시,학의동,산75-5,백운호수공원,근린공원,37.37966245,127.0059513
경기도,의왕시,청계동,993,한직공원,근린공원,37.38953862,126.9999537
경기도,의왕시,청계동,974,가막들공원,근린공원,37.39163105,126.9956956
경기도,의왕시,포일동,647-1,물빛공원,근린공원,37.39905763,126.9849477
경기도,의왕시,포일동,654,산빛공원,근린공원,37.39916058,126.9880189
경기도,의왕시,초평동,278-1,왕송호수공원,근린공원,37.31254878,126.9444365
경기도,의왕시,포일동,687,포일근린공원,근린공원,37.39570002,126.9817196
경기도,의왕시,왕곡동,601,자연애공원,어린이공원,37.34350832,126.9791938
경기도,의왕시,오전동,840,오전로가족공원,어린이공원,37.35736964,126.9689033
경기도,의왕시,오전동,845-3,오전초교앞공원,어린이공원,37.35462824,126.9713688
경기도,고양시,덕양구,성사동 267,성라,근린공원,37.64921093,126.8456417
경기도,고양시,덕양구,주교동 313-16번지,마상,근린공원,37.66014949,126.8330165
서울특별시,강서구,개화동,산17,개화,근린공원,37.588011,126.805798
서울특별시,강서구,화곡동,산199,등마루,근린공원,37.552521,126.855152
서울특별시,강서구,가양동,1459-9,공암나루,근린공원,37.570635,126.849087
서울특별시,강서구,가양동,1471,구암,근린공원,37.567599,126.853729
서울특별시,강서구,가양동,1485-5,황금내,근린공원,37.561783,126.864104
서울특별시,강서구,등촌동,690-5,원당,근린공원,37.559782,126.842567
서울특별시,강서구,등촌동,687-4,등촌,근린공원,37.563683,126.841391
서울특별시,강서구,등촌동,706,서낭당,근린공원,37.558865,126.849984
서울특별시,강서구,방화동,855,방화,근린공원,37.580907,126.81412
서울특별시,강서구,방화동,842,옹기골,근린공원,37.573562,126.821695
서울특별시,강서구,등촌동,630-14,매화,근린공원,37.557535,126.852151
서울특별시,강서구,화곡동,산162-1,까치산,근린공원,37.536938,126.843936
서울특별시,강서구,내발산동,748,수명산,근린공원,37.550967,126.829893
서울특별시,강서구,내발산동,739,발산,근린공원,37.55454,126.825837
서울특별시,강서구,마곡동,255-1,서울식물원,근린공원,37.569824,126.83183
서울특별시,강서구,방화동,210-1,마곡나루,근린공원,37.566183,126.813091
광주광역시,북구,동림동,1328,유림소공원,소공원,35.17333665,126.8647658
광주광역시,북구,동림동,1342,동림동1소공원,소공원,35.1746173,126.8627817082
광주광역시,북구,풍향동,810,풍향골어린이공원,어린이공원,35.16328488,126.9282949
광주광역시,북구,중흥동,842,중흥근린공원,근린공원,35.1700033429,126.9136389108
광주광역시,북구,중흥동,826,중흥제1소공원,소공원,35.1730203,126.9132721549
광주광역시,북구,중흥동,831,중흥제2소공원,소공원,35.1729718361,126.9139501005
광주광역시,북구,용두동,1117,신평소공원,소공원,35.21090876,126.8714468
광주광역시,북구,용두동,1124,용두어린이공원,어린이공원,35.2201188,126.8751478
광주광역시,북구,동림동,290-2,죽림소공원,소공원,35.1748992,126.8661707
충청북도,청주시,청원구,오창읍 구룡리 413,무지개,어린이공원,36.712489,127.416023
충청북도,청주시,청원구,오창읍 양청리753,문화휴식공원,근린공원,36.7139703,127.4234544
충청북도,청주시,청원구,오창읍 양청리 811,진통공원,근린공원,36.711831,127.431334
충청북도,청주시,청원구,오창면 구룡리 375,오창중앙공원,근린공원,36.424297,127.251401
경기도,평택시,고덕면,여염리 1666공,임주 소공원(고덕일반산업단지 소공원2),소공원,37.037126,127.048316
경기도,평택시,서탄면,장등리 466-8,장등1리 소공원,소공원,37.074458,127.023535
경기도,평택시,서탄면,장등리 451-9,장등2리 소공원,소공원,37.073978,127.025434
경기도,평택시,진위면,하북리 140-11,제5호 소공원(진위역),소공원,37.110518,127.062712
경기도,평택시,진위면,하북리 170-1,제6호 소공원(진위역),소공원,37.110428,127.062125
경기도,파주시,탄현면,법흥리 1571,약산공원,어린이공원,37.772466074,126.7052695911
경기도,파주시,탄현면,법흥리 1578,여치공원,어린이공원,37.7707815018,126.7037493265
경기도,파주시,탄현면,법흥리 1596,소금쟁이공원,어린이공원,37.7694974583,126.7012271435
경기도,파주시,탄현면,성동리 693-20,탄현지방산업단지 어린이공원,어린이공원,37.7930158403,126.6931506951
경기도,파주시,월롱면,덕은리 1286,덕은 어린이공원,어린이공원,37.8120100997,126.7739729042
세종특별자치시,조치원읍,봉산리,산65,서북부 제1호 소공원,소공원,36.60265842,127.273409
세종특별자치시,조치원읍,봉산리,산62,서북부 제2호 소공원,소공원,36.60911653,127.2807629
세종특별자치시,조치원읍,봉산리,산18-7,서북부 제3호 소공원,소공원,36.60131676,127.2715937
세종특별자치시,조치원읍,봉산리,산62,서북부 제4호 소공원,소공원,36.60911653,127.2807629
세종특별자치시,아름동,813,,수변-아름동 813,수변공원,36.52032994,127.2445589
세종특별자치시,아름동,811-1,,수변-아름동 811,수변공원,36.51992376,127.2453495
대구광역시,남구,대명동,444-1,대덕공원,어린이공원,35.83852208,128.581824
대구광역시,남구,대명동,895,안지랑공원,어린이공원,35.83833677,128.5741367
대구광역시,남구,대명동,1180-1,관문공원,어린이공원,35.83624135,128.5606358
대구광역시,남구,대명동,1540,백합공원,어린이공원,35.83269131,128.5640623
대구광역시,남구,대명동,1224-8,앵두마을공원,어린이공원,35.8439276,128.5722939
대구광역시,남구,대명동,3038-1,성명공원,어린이공원,35.8476391,128.5713899
대구광역시,남구,대명동,1980,상록소공원,소공원,35.84972678,128.5902875
대구광역시,남구,대명동,2003-1,영선공원,소공원,35.853885,128.5915237
대구광역시,남구,봉덕동,1643,삼정골소공원,소공원,35.837875,128.595446
대구광역시,남구,봉덕동,1651,용두소공원,소공원,35.837963,128.605043
대구광역시,남구,대명동,1501-2,빨래터공원,문화공원,35.832124,128.5656916
대구광역시,남구,대명동,1743-27,대명소공원,소공원,35.849715,128.5826574
대구광역시,남구,대명동,3074,골안공원,어린이공원,35.83512428,128.5642892
대구광역시,남구,대명동,3068,상록소공원,소공원,35.84949056,128.5902433
전북특별자치도,고창군,고창읍,석교리 산 10,새마을공원,근린공원,35.442191,126.697528
전북특별자치도,고창군,고창읍,월곡리 587,월곡공원,근린공원,35.438772,126.711801
전북특별자치도,고창군,고창읍,월곡리 1009,월곡1공원,근린공원,35.43357362,126.714254
전북특별자치도,고창군,고창읍,읍내리 137,고창읍성,문화공원,35.432607,126.703879
전북특별자치도,고창군,고수면,봉산리 1517-1,근린공원,문화공원,35.413059,126.671831
전북특별자치도,고창군,흥덕면,흥덕리 산2-8,흥덕공원,근린공원,35.52458075,126.7006824
전북특별자치도,고창군,고창읍,읍내리 1180,덕산공원,어린이공원,35.42703733,126.6955878
전북특별자치도,고창군,고창읍,교촌리 459,월곡공원,어린이공원,35.436268,126.709708
전북특별자치도,고창군,고창읍,월곡리 756,월곡공원,어린이공원,35.436185,126.7140989
전북특별자치도,고창군,흥덕면,동사리 437-35,공원,어린이공원,35.51871246,126.704135
전북특별자치도,고창군,고창읍,월곡리 985,월곡2공원,소공원,35.43181571,126.718274
서울특별시,은평구,불광,331-106,불광동마을마당,기타공원,37.618267,126.932812
서울특별시,은평구,역촌,2-108,역촌동마을마당,기타공원,37.619234,126.936128
서울특별시,은평구,갈현,526-6,갈현동마을마당,기타공원,37.619234,126.936128
서울특별시,은평구,신사,200-170,신사2동마을마당,기타공원,37.61227,126.939287
서울특별시,은평구,역촌2,62-21,역촌2동마을마당,기타공원,37.616903,126.928972
서울특별시,은평구,응암,97-17,응암1동마을마당,기타공원,37.630017,126.930244
서울특별시,은평구,불광3,480-181,불광3동마을숲마을마당,기타공원,37.587015,126.923141
서울특별시,은평구,대조,214-8,대조동청사옆마을마당,기타공원,37.644332,126.918009
서울특별시,은평구,불광2,137-5,연천초교앞마을마당,기타공원,37.605192,126.923387
서울특별시,은평구,구산동,340-1,구산동마을공원,기타공원,37.601518,126.929762
서울특별시,은평구,녹번동,74-5,도원극장옆마을마당,기타공원,37.605848,126.926897
서울특별시,은평구,응암3동,337-52,응암3동마을마당,기타공원,37.605954,126.927616
서울특별시,은평구,구산동,산41-19,구현초교 앞마을마당,기타공원,37.616116,126.930421
서울특별시,은평구,녹번동,104-7,녹번동마을마당,기타공원,37.608536,126.907223
서울특별시,은평구,불광3동,69,연신초교옆마을마당,기타공원,37.610501,126.918888
서울특별시,은평구,구산동,27-7,구산동청사앞소공원,기타공원,37.599395,126.932051
세종특별자치시,도담동,404,,수1-2,수변공원,36.52464905,127.2614957
세종특별자치시,어진동,504,,수1-5,수변공원,36.50746288,127.2595029
세종특별자치시,어진동,525,,수1-6,수변공원,36.5075951,127.2601602
세종특별자치시,다정동,923,,빛가람수변공원,수변공원,36.49496405,127.2556922
세종특별자치시,다정동,922,,수변-다정동 922,수변공원,36.49671531,127.2535467
세종특별자치시,나성동,828,,수변-나성동 828,수변공원,36.4929781,127.2593169
세종특별자치시,반곡동,869,,보슬수변공원,수변공원,36.49923441,127.3181522
세종특별자치시,나성동,3-2,,수변-나성동 3-2,수변공원,36.48909862,127.2696995
경상북도,구미시,상모동,22-1,상모공원,어린이공원,36.0881724198,128.3534749903
경상북도,구미시,상모동,63-1,여울공원,어린이공원,36.0892814958,128.3574349288
경상북도,구미시,임은동,444-5,오양공원,어린이공원,36.0887048992,128.3596868537
경상북도,구미시,상모동,69-1,한울공원,어린이공원,36.0872489803,128.3568063487
경상북도,구미시,상모동,16-11,햇빛공원,어린이공원,36.0905156326,128.3532136016
경상북도,구미시,상모동,76-2,다숲공원,어린이공원,36.0838798706,128.3552050947
경상북도,구미시,옥계동,548,고운하늘공원,어린이공원,36.1485689539,128.4167161181
경상북도,구미시,옥계동,571,한울공원,어린이공원,36.1453787344,128.4154201292
경상북도,구미시,고아읍,원호리 446,원호공원,근린공원,36.1494741308,128.331822119
경상북도,구미시,고아읍,원호리 424,평성공원,어린이공원,36.1519095367,128.3274226424
경기도,파주시,금촌동,991,후곡어린이공원,어린이공원,37.7519785099,126.7690476484
경기도,파주시,금촌동,999,서원어린이공원,어린이공원,37.7494750942,126.7711234501
경기도,파주시,금촌동,1002,쇠재어린이공원,어린이공원,37.7519889536,126.7740564463
경기도,파주시,금촌동,1027,향교어린이공원,어린이공원,37.7488187189,126.7752072777
경기도,파주시,금릉동,442-1,금능어린이공원,어린이공원,37.7518721959,126.7798037883
경기도,파주시,아동동,339-4,미우공원,어린이공원,37.76143649,126.7781388321
경기도,파주시,아동동,358-6,천수공원,어린이공원,37.7661934703,126.7785955278
경기도,파주시,금촌동,779,문화공원,어린이공원,37.7588138398,126.7796133226
경기도,파주시,금촌동,794-1,동현공원,어린이공원,37.7565447705,126.7811596082
경기도,파주시,금촌동,764-6,명동공원,어린이공원,37.7598723286,126.7755591569
경기도,파주시,금촌동,775-1,금정공원,어린이공원,37.7576123501,126.7769838091
경기도,파주시,금촌동,789-1,금화공원,어린이공원,37.7556846237,126.7754987793
경기도,파주시,금촌동,935-1,신화공원,어린이공원,37.7600950242,126.769797193
경기도,파주시,금촌동,941-16,새꽃공원,어린이공원,37.7584779159,126.7697371572
경기도,파주시,금촌동,957-1,한마음공원,어린이공원,37.7570947807,126.7725004115
경기도,파주시,금촌동,424-33,새말어린이공원,어린이공원,37.7699460873,126.7718779928
경기도,파주시,탄현면,법흥리 1734,풍뎅이공원,어린이공원,37.7731999076,126.701241987
강원특별자치도,원주시,무실동,1673,기름어린이공원,어린이공원,37.33303854,127.9217779
강원특별자치도,원주시,무실동,1666,푸름어린이공원,어린이공원,37.33216249,127.9243978
강원특별자치도,원주시,단구동,1620-5,박경리문학공원,근린공원,37.32276957,127.9597297
강원특별자치도,원주시,단구동,1610-4,하늘어린이공원,어린이공원,37.32542592,127.9559833
강원특별자치도,원주시,단구동,1678-3,새싹어린이공원,어린이공원,37.32079828,127.9556458
강원특별자치도,원주시,관설동,1792-2,관설어린이공원,어린이공원,37.31515812,127.9594363
강원특별자치도,원주시,관설동,1693,나옹정어린이공원,어린이공원,37.31864609,127.9629855
강원특별자치도,원주시,지정면,간현리 870,간현근린공원,근린공원,37.3630494,127.8372631
강원특별자치도,원주시,행구동,1783-15,영냉이어린이공원,어린이공원,37.34416057,127.9736521
강원특별자치도,원주시,반곡동,1798-4,입춘어린이공원,어린이공원,37.33756852,127.9654353
강원특별자치도,원주시,단계동,1095-2,백간어린이공원,어린이공원,37.35040914,127.9262189
강원특별자치도,원주시,문막읍,건등리 1698,나리어린이공원,어린이공원,37.31455143,127.8202354
강원특별자치도,원주시,문막읍,동화리 1544,건등산어린이공원,어린이공원,37.32737718,127.8272502
강원특별자치도,원주시,문막읍,동화리 1539-3,나비어린이공원,어린이공원,37.32364788,127.830187
강원특별자치도,원주시,단계동,806-2,초롱어린이공원,어린이공원,37.35439422,127.9285189
강원특별자치도,원주시,단계동,807-2,한빛어린이공원,어린이공원,37.35226145,127.9313978
강원특별자치도,원주시,단계동,817,평원어린이공원,어린이공원,37.34984092,127.9296766
강원특별자치도,원주시,단계동,823,소망어린이공원,어린이공원,37.34938195,127.9323502
강원특별자치도,원주시,단계동,903,이화어린이공원,어린이공원,37.34160038,127.9337481
강원특별자치도,원주시,단계동,933,달빛어린이공원,어린이공원,37.33807086,127.9346483
강원특별자치도,원주시,봉산동,1196-1,봉산어린이공원,어린이공원,37.34270326,127.9662199
강원특별자치도,원주시,단계동,1083,햇빛어린이공원,어린이공원,37.35357747,127.9333201
강원특별자치도,원주시,봉산동,1201-1,동산어린이공원,어린이공원,37.34158532,127.9674736
경기도,하남시,덕풍동,946-4,하남해터지구,어린이공원,37.54365667,127.2039837
강원특별자치도,원주시,반곡동,1809-12,서리실근린공원,근린공원,37.32917782,127.9770779
강원특별자치도,원주시,반곡동,1979-3,봉황소공원,소공원,37.33162581,127.9923106
강원특별자치도,원주시,반곡동,2017-1,진골소공원,소공원,37.32677249,127.9962316
강원특별자치도,원주시,반곡동,2003-3,두둑소공원,소공원,37.32508579,127.993612
강원특별자치도,원주시,반곡동,2021-1,달마중소공원,소공원,37.32386745,127.9937632
강원특별자치도,원주시,단계동,1104,백간근린공원,근린공원,37.34825227,127.9260839
강원특별자치도,원주시,무실동,1764,시청근린공원,근린공원,37.34079994,127.9202246
강원특별자치도,원주시,무실동,1768-1,만대근린공원,근린공원,37.33893139,127.9274151
강원특별자치도,원주시,무실동,1761-1,박건호근린공원,근린공원,37.33737666,127.9219674
강원특별자치도,원주시,문막읍,동화리 1679-4,동화산단근린공원,근린공원,37.32940376,127.8440677
강원특별자치도,원주시,무실동,1733-3,무실어린이공원,어린이공원,37.33772425,127.928544
강원특별자치도,원주시,문막읍,동화리 1681-1,동화산단어린이공원,어린이공원,37.33321811,127.8425443
강원특별자치도,원주시,무실동,1826,무삼근린공원,근린공원,37.33346317,127.9318687
강원특별자치도,원주시,무실동,1884,삼곡근린공원,근린공원,37.32428601,127.9310132
강원특별자치도,원주시,무실동,1778,방울꽃어린이공원,어린이공원,37.33746368,127.9311936
강원특별자치도,원주시,무실동,1789,한글어린이공원,어린이공원,37.33619074,127.932631
강원특별자치도,원주시,무실동,1846-2,어깨동무어린이공원,어린이공원,37.3324958,127.9288432
강원특별자치도,원주시,무실동,1841,짝지어린이공원,어린이공원,37.33182269,127.929801
강원특별자치도,원주시,무실동,1912,튼튼어린이공원,어린이공원,37.32815859,127.9271187
강원특별자치도,원주시,무실동,1868-4,우리산이야기어린이공원,어린이공원,37.32728537,127.9308522
강원특별자치도,원주시,무실동,1645-1,아름어린이공원,어린이공원,37.33431779,127.9266157
강원특별자치도,원주시,태장동,2706,북원어린이공원,어린이공원,37.38572626,127.9540005
강원특별자치도,원주시,태장동,2709,태봉어린이공원,어린이공원,37.38484999,127.9533863
강원특별자치도,원주시,단구동,1474-3,희망어린이공원,어린이공원,37.3212713,127.9661747
강원특별자치도,원주시,반곡동,1853-1,양지뜰소공원,소공원,37.32699838,127.9833015
강원특별자치도,원주시,반곡동,2054-15,웃만이소공원,소공원,37.32001848,127.9740734
강원특별자치도,원주시,반곡동,1818-8,앞산들어린이공원,어린이공원,37.33671715,127.9828188
강원특별자치도,원주시,반곡동,2011-4,해오름어린이공원,어린이공원,37.3261258,127.9950489
강원특별자치도,원주시,반곡동,2038-14,보름달어린이공원,어린이공원,37.32141033,127.9913482
강원특별자치도,원주시,반곡동,1938,둥지어린이공원,어린이공원,37.32908993,127.9888591
강원특별자치도,원주시,반곡동,1889,미리내문화공원,문화공원,37.32480055,127.9825461
강원특별자치도,원주시,반곡동,1995-29,뱅이둑수변공원,수변공원,37.32732851,127.9944293
강원특별자치도,원주시,반곡동,1995-26,뱅이둑수변공원,수변공원,37.32703348,127.9945481
강원특별자치도,원주시,반곡동,1917,뱅이둑수변공원,수변공원,37.32683062,127.9915335
강원특별자치도,원주시,반곡동,1919,뱅이둑수변공원,수변공원,37.32656372,127.9916391
강원특별자치도,원주시,반곡동,1910-5,뱅이둑수변공원,수변공원,37.32627343,127.9898555
강원특별자치도,원주시,반곡동,1907,뱅이둑수변공원,수변공원,37.32656144,127.9898872
강원특별자치도,원주시,반곡동,1894-1,두물수변공원,수변공원,37.32435385,127.9845453
강원특별자치도,원주시,반곡동,1880-11,입춘내수변공원,수변공원,37.32467744,127.9798586
강원특별자치도,원주시,무실동,1808,옛놀이어린이공원,어린이공원,37.33118617,127.9351145
강원특별자치도,원주시,우산동,820,매봉산어린이공원,어린이공원,37.36395023,127.9344616
강원특별자치도,원주시,흥업면,흥업리 1840,흥대어린이공원,어린이공원,37.30013384,127.920152
강원특별자치도,원주시,흥업면,흥업리 1836,울업어린이공원,어린이공원,37.30054093,127.9209708
강원특별자치도,원주시,반곡동,1822-3,가래실근린공원,근린공원,37.331305,127.9843465
강원특별자치도,원주시,반곡동,1963-4,봉두근린공원,근린공원,37.33150324,127.9875597
강원특별자치도,원주시,반곡동,1993-5,금두근린공원,근린공원,37.3295591,127.9954924
강원특별자치도,원주시,반곡동,"2001-30,1915",뒷골근린공원,근린공원,37.32419441,127.9926207
강원특별자치도,원주시,반곡동,2040,삼보근린공원,근린공원,37.32141139,127.990728
강원특별자치도,원주시,반곡동,2042-1,삼생근린공원,근린공원,37.32122305,127.9821805
강원특별자치도,원주시,반곡동,2047-11,버들만이근린공원,근린공원,37.32090787,127.9793234
경상북도,영천시,채신동,749-6,채신1 공원,근린공원,35.9163463,128.9537267
경상북도,영천시,채신동,765-1,채신2 공원,근린공원,35.91166873,128.9561283
경상북도,영천시,채신동,769,채신3 공원,근린공원,35.9066803,128.9551743
경상북도,영천시,야사동,186-2,문화1 공원,어린이공원,35.97352652,128.9463624
경상북도,영천시,야사동,186-5,문화2 공원,어린이공원,35.97410544,128.9467264
경상북도,영천시,망정동,518-4,망정 제1공원,어린이공원,35.98792815,128.9523307
경상북도,영천시,망정동,409-16,망정 제2공원,어린이공원,35.99001433,128.9559115
경상북도,영천시,망정동,417-5,망정 제3공원,어린이공원,35.9874905,128.9561796
경상북도,영천시,야사동,334-39,야사공원,어린이공원,35.97403848,128.9429982
경상북도,영천시,문외동,5-4,문외공원,어린이공원,35.97411828,128.9371938
경상북도,영천시,문내동,13-1,문내외 제1공원,어린이공원,35.97424095,128.9314416
경상북도,영천시,문외동,247-7,문내외 제2공원,어린이공원,35.97276408,128.9350035
경상북도,영천시,도남동,173-2,도남공원,어린이공원,35.930033,128.9380006
경상북도,영천시,금노동,604-17,주남공원,어린이공원,35.95937515,128.9317581
경상북도,영천시,도남동,76,봉동공원,어린이공원,35.93293538,128.9411421
경상북도,영천시,교촌동,11-36,마현산공원,근린공원,35.97237908,128.9264017
경상북도,영천시,문외동,155-1,중앙공원,소공원,35.97064626,128.935336
경상북도,영천시,망정동,416,망정우로지공원,근린공원,35.9841893,128.9552749
경상북도,영천시,금노동,542-13,담안길공원,소공원,35.96113628,128.930274
경상북도,영천시,금노동,556,금노공원,소공원,35.96216975,128.927663
경상북도,영천시,완산동,1471,완산1공원,소공원,35.96705384,128.9460251
경상북도,영천시,완산동,1465,완산2공원,소공원,35.9669394,128.9415408
경상북도,영천시,완산동,1435,완산근린공원,근린공원,35.96275495,128.942252
경상북도,영천시,화룡동,산43,화룡공원,근린공원,35.97784256,128.9222649
강원특별자치도,원주시,반곡동,2036-11,음달말소공원,소공원,37.32085356,127.992011
경상남도,함안군,대산면,구혜리 309-5,구혜4공원(매산어린이),어린이공원,35.35491434,128.4264242
경상남도,함안군,대산면,구혜리 402,구혜3공원(구혜어린이),어린이공원,35.3578832,128.4244534
경상남도,함안군,가야읍,도항리 325,도항3공원,소공원,35.27433129,128.4006908
경상남도,함안군,여항면,내곡리 산 267-2,외암공원,소공원,35.19627741,128.4449406
경상남도,함안군,군북면,소포리 1612-3,봉국공원,소공원,35.26916628,128.347295
경상남도,함안군,가야읍,도항리 718,역사문화체험파크,역사공원,35.26829385,128.4024436
경상남도,함안군,군북면,명관리 산 152-1,함안독립공원,역사공원,35.22851276,128.3362179
경상남도,함안군,산인면,송정리 1087-1,다목적활력공원,문화공원,35.28212422,128.4245068
경상남도,함안군,칠서면,청계리 704-4,호국공원,문화공원,35.33375804,128.4975946
경상남도,함안군,함안면,괴산리 547,괴항공원,역사공원,35.25542023,128.4227474
경상남도,함안군,가야읍,검암리 402-1,검암공원,어린이공원,35.27250826,128.4214489
경상남도,함안군,가야읍,도항리 173-13,충의공원,근린공원,35.28044551,128.4064658
경상남도,함안군,가야읍,도항리 319-2,도항1공원,어린이공원,35.27629762,128.4002655
경상남도,함안군,가야읍,도항리 338-1,도항2공원,어린이공원,35.27353721,128.3981491
경상남도,함안군,칠서면,대치리 347,대치공원,근린공원,35.36343159,128.4889492
경상남도,함안군,칠서면,대치리 281,대치공원,체육공원,35.3725525,128.4765731
경상남도,함안군,산인면,입곡리 1121,입곡문화공원,문화공원,35.26102391,128.4457315
경상남도,함안군,함안면,북촌리 1007-7,서촌공원,소공원,35.24185861,128.4220974
경상남도,함안군,대산면,구혜리 163,대산체육공원(구혜공원),체육공원,35.35572454,128.4325664
경상남도,함안군,함안면,강명리 473,호국공원,역사공원,35.219108,128.437113
경상남도,함안군,가야읍,가야리 233-1,연꽃테마공원,근린공원,35.28058916,128.3949437
경상남도,함안군,칠원읍,오곡리 87-17,오곡1공원(아파트 내),어린이공원,35.27510588,128.5203401
경상남도,함안군,칠원읍,오곡리 171,오곡2공원,어린이공원,35.27686174,128.5176059
경상남도,함안군,산인면,입곡리 산137-1,입곡어린이공원,어린이공원,35.263907,128.4488213
충청북도,제천시,왕암동,1329,왕암제4근린공원,근린공원,37.15074428,128.1553207
대전광역시,대덕구,오정동496-1,,오정,어린이공원,36.34610385,127.415024
대전광역시,대덕구,비래동122-3,,새터,어린이공원,36.35593054,127.4466581
대전광역시,대덕구,비래동138-4,,원비래,어린이공원,36.35593576,127.4517066
대전광역시,대덕구,송촌동290-1,,홈통골,어린이공원,36.35670165,127.4431071
대전광역시,대덕구,송촌동224-5,,금바위,어린이공원,36.35800263,127.4406081
대전광역시,대덕구,중리동223-1,,한촌,어린이공원,36.35715604,127.4217361
대전광역시,대덕구,중리동254-8,,나래,어린이공원,36.35744608,127.4301009
대전광역시,대덕구,중리동,435-1,다정,어린이공원,36.36000426,127.4213844
대전광역시,대덕구,중리동201-6,,중앙,어린이공원,36.36001763,127.4275163
대전광역시,대덕구,중리동174-1,,만남,어린이공원,36.36146494,127.4301685
대전광역시,대덕구,중리동144-2,,초원,어린이공원,36.36441938,127.428954
대전광역시,대덕구,중리동378-12,,미래,어린이공원,36.36442717,127.4234349
대전광역시,대덕구,중리동398-18,,보라,어린이공원,36.36154109,127.4228206
대전광역시,대덕구,중리동105-6,,초록,어린이공원,36.36338878,127.4323971
대전광역시,대덕구,법동280-1,,바우배기,어린이공원,36.37332634,127.4260658
대전광역시,대덕구,법동283-2,,매봉,어린이공원,36.37071721,127.426763
경상남도,함안군,칠원읍,구성리 980,남구공원(LH내),어린이공원,35.30425708,128.5233568
경상남도,함안군,대산면,하기리 810-2,악양생태공원,근린공원,35.34043514,128.3963971
경상남도,함안군,산인면,입곡리 1156,온새미로공원,근린공원,35.26163805,128.450026
경상남도,함안군,칠원읍,무기리 산 246,칠원공원,근린공원,35.29408232,128.5322762
경상남도,함안군,칠원읍,용산리 산 4,삼칠공원,근린공원,35.30928432,128.5134894
경기도,고양시,일산서구,대화동 2330번지,고양생태,근린공원,37.68394896,126.7441279
경기도,고양시,일산서구,대화동 2337번지,고양피크닉시민공원,근린공원,37.68536054,126.7486216
경기도,고양시,일산동구,중산동 1853,파란,소공원,37.67939508,126.7904581
경기도,고양시,일산동구,마두동 111-2(725),백마,근린공원,37.656886,126.790753
경기도,고양시,일산서구,대화동 1050-176 일원,국제전시장,근린공원,37.665586,126.756364
경기도,고양시,일산동구,중산동 1795,하늘(일산2-3),근린공원,37.677272,126.784189
경기도,고양시,일산동구,장항동 1097일원(1785-1),수변공원,근린공원,37.659647,126.758559
경기도,고양시,일산서구,대화동 2721일원,킨텍스2단계(킨텍스온누리),근린공원,37.663949,126.746905
경기도,고양시,일산동구,중산동 1832 일원,모당,근린공원,37.678206,126.780128
경기도,고양시,일산동구,풍동 800,풍동,어린이공원,37.663053,126.7957747
경기도,고양시,일산서구,덕이동 338-21,덕이어린이1(샘물),어린이공원,37.70386405,126.7526057
경기도,고양시,일산서구,탄현동 1637,탄현주상복합(탄현통나무),어린이공원,37.69514584,126.7641204
전라남도,나주시,남평읍,서산리 5,공원,수변공원,35.036915,126.853037
전라남도,나주시,대호동,1047,대호공원,어린이공원,35.043319,126.717523
전라남도,나주시,송월동,1131,송월동1 어린이공원,어린이공원,35.02221164,126.714684
전라남도,나주시,송월동,1195,송월동3 어린이공원(송월지구),어린이공원,35.019344,126.717624
전라남도,나주시,송월동,1341,공원(송월지구),어린이공원,35.01750605,126.716188
전라남도,나주시,이창동,743,이창동제1 어린이공원,어린이공원,34.995422,126.709256
전라남도,나주시,이창동,721,이창동제3 어린이공원,어린이공원,34.994935,126.7058223
전라남도,나주시,이창동,91,이창동제4 어린이공원,어린이공원,34.997024,126.715737
전라남도,나주시,빛가람동,62,공원(어1혁신),어린이공원,35.029503,126.795111
전라남도,나주시,빛가람동,156,공원(어2혁신),어린이공원,35.024556,126.7781053
전라남도,나주시,빛가람동,409,공원(어3혁신),어린이공원,35.014864,126.776146
전라남도,나주시,빛가람동,432,공원(어4혁신),어린이공원,35.014653,126.773969
전라남도,나주시,빛가람동,451,공원(어5혁신),어린이공원,35.01379959,126.773083
전라남도,나주시,빛가람동,745,공원(어6혁신),어린이공원,35.01246942,126.788222
대전광역시,동구,판암동,838,판암양지공원,근린공원,36.31944092,127.4606772
대전광역시,동구,추동,328,대청호자연공원,수변공원,36.37282584,127.474462
대전광역시,동구,대동,90-3,은가비공원,소공원,36.32697852,127.4440803
대전광역시,동구,대동,82-40,산새들공원,소공원,36.32667667,127.444965
대전광역시,동구,판암동,285-1,마루공원,소공원,36.3211885,127.462454
대전광역시,동구,신흥동,161-381,신대공원,소공원,36.3240337,127.444051
대전광역시,동구,대성동,81,대성공원,어린이공원,36.29889,127.458671
대전광역시,동구,신흥동,126-4,신흥공원,문화공원,36.3243989,127.445211
대전광역시,동구,대별동,산 5-8,대별공원,수변공원,36.27675516,127.4628875
대전광역시,동구,하소동,920,하소공원,소공원,36.22045138,127.4408674
대전광역시,동구,용운동,785,용천공원,기타,36.32755503,127.4633729
대전광역시,동구,홍도동,156-5,홍도공원,소공원,36.34728042,127.4238528
대전광역시,동구,판암동,862,늘봄공원,어린이공원,36.31767992,127.4580733
대전광역시,동구,용운동,산 43-1,대동하늘공원,근린공원,36.33050317,127.4526745
대전광역시,동구,홍도동,1011,휴리움공원,소공원,36.34560436,127.4270722
대전광역시,동구,가양동,24-1,꼼지락공원,소공원,36.3496503,127.445031
충청북도,증평군,증평읍,증평리 485-1,삼일공원,어린이공원,36.781479,127.5862625
충청북도,증평군,증평읍,장동리 926,장동어린이공원,어린이공원,36.78776234,127.590486
충청북도,증평군,증평읍,장동리 931,대성베르힐공원,어린이공원,36.7902234508,127.5912122189
충청북도,증평군,증평읍,송산리 1037,천변공원,근린공원,36.78941487,127.5813775
충청북도,증평군,증평읍,초중리 554-1,초중제1호어린이공원,어린이공원,36.779636,127.568813
충청북도,증평군,증평읍,초중리 545-1,초중제2호어린이공원,어린이공원,36.782117,127.572454
충청북도,증평군,증평읍,초중리 536-1,초중제3호어린이공원,어린이공원,36.77720931,127.567655
충청북도,증평군,증평읍,초중리 578-2,초중제4호어린이공원,어린이공원,36.77914576,127.571929
경기도,고양시,일산서구,주엽동 52번지,강재,어린이공원,37.67254864,126.7633732
경기도,고양시,일산서구,주엽동 55번지,궁골,어린이공원,37.66966031,126.7699016
경기도,고양시,일산서구,주엽동 77,문화,근린공원,37.67543441,126.7648512
경기도,고양시,일산서구,주엽동 78번지,강선,근린공원,37.67117101,126.7620628
경기도,고양시,일산서구,주엽동 91번지,회화,어린이공원,37.66549413,126.763545
경기도,고양시,일산서구,탄현동 1580번지,숯고개,근린공원,37.69071006,126.7649935
경기도,고양시,일산서구,가좌동 1098번지,가좌,근린공원,37.68619741,126.7216817
경기도,고양시,일산서구,대화동 1495-1,송포,근린공원,37.67030086,126.7301278
경기도,고양시,일산서구,대화동 1653-6,호미걸이,근린공원,37.67214029,126.7340445
경기도,고양시,일산서구,대화동 2314번지,레포츠,체육공원,37.66991791,126.7371001
경기도,고양시,일산서구,덕이동 374-12,덕이어린이4(한별),어린이공원,37.69818595,126.7531957
경기도,고양시,일산서구,덕이동 582-2,덕이어린이3(잎새),어린이공원,37.69871779,126.7525033
경기도,고양시,일산서구,덕이동 산131-7,덕이근린2,근린공원,37.69601631,126.7494325
경기도,고양시,일산서구,덕이동 산142-4,덕이어린이2(아지랑이),어린이공원,37.69942629,126.7524671
경기도,고양시,일산서구,덕이동 산145-1,덕이근린1,근린공원,37.70169688,126.754474
경기도,고양시,일산서구,탄현동 1634-1,탄현일단의주택지168(탄현용현),어린이공원,37.70351395,126.7645746
경기도,고양시,일산서구,탄현동 1634-2,탄현일단의주택지168(탄현호곡),어린이공원,37.70212398,126.7661657
경기도,고양시,일산서구,대화동 2725,킨텍스수변공원(국제전시2단계),수변공원,37.66199587,126.7396843
경기도,고양시,일산서구,대화동 2708,국제전시2단계(제1호체육공원),체육공원,37.6639667,126.7364513
경기도,고양시,일산서구,덕이동 265번지,킨텍스2단계(킨텍스온누리),역사공원,37.69328797,126.7589475
경기도,고양시,일산서구,탄현동 173-3,탄현주상복합(숯고개향나무),어린이공원,37.69335193,126.7635462
경기도,고양시,일산서구,대화동 2600-1,문화공원1,문화공원,37.66849283,126.7418374
경기도,고양시,일산서구,대화동 2600-2,문화공원2,문화공원,37.66736675,126.7444235
경기도,고양시,일산서구,대화동 2718,국제전시2단계(제1호문화공원),문화공원,37.66684436,126.743246
경기도,고양시,일산서구,대화동 2316번지,농업체험,근린공원,37.67473275,126.7387386
경기도,고양시,일산서구,탄현동 1501번지,탄현 6(탄중),어린이공원,37.69423204,126.7709827
경기도,고양시,일산서구,탄현동 1554,탄현 2(황룡산),어린이공원,37.6975013,126.7713453
경기도,고양시,일산서구,일산동 1557-1,중산 10(한뫼),어린이공원,37.6944898,126.777247
경기도,고양시,일산서구,일산동 1558번지,중산 10(한뫼),근린공원,37.69355743,126.7762593
경기도,고양시,일산서구,대화동 2008번지,호미걸이(새말),어린이공원,37.68443535,126.7577169
경기도,고양시,일산서구,대화동 2065번지,토성,어린이공원,37.68417826,126.7541354
경기도,고양시,일산서구,대화동 2092번지,왕산,어린이공원,37.68187568,126.7515212
경기도,고양시,일산서구,대화동 2104번지,성저,근린공원,37.68232402,126.7562364
경기도,고양시,일산서구,대화동 2113번지,가와지,어린이공원,37.67989046,126.7557898
경기도,고양시,일산서구,대화동 2166번지,장성,어린이공원,37.67679795,126.7538503
경기도,고양시,일산서구,대화동 2201번지,대화,근린공원,37.6742656,126.7538961
경기도,고양시,일산서구,대화동 2211번지,양촌,어린이공원,37.67815864,126.7491532
경기도,고양시,일산서구,대화동 2235,김서,어린이공원,37.67363707,126.7460472
경기도,고양시,일산서구,대화동 2241번지,장촌,근린공원,37.67402156,126.7515073
경기도,고양시,일산서구,대화동 2265번지,강서,어린이공원,37.67219634,126.750729
경기도,고양시,일산서구,일산동 1043번지,도화,어린이공원,37.68229664,126.7622449
경기도,고양시,일산서구,일산동 1095번지,윗말,어린이공원,37.6771276,126.7736303
경기도,고양시,일산서구,일산동 1400,후동,근린공원,37.6784201,126.7669398
경기도,고양시,일산서구,주엽동 39번지,이물재,어린이공원,37.67265539,126.7718758
경기도,고양시,일산서구,주엽동 10번지,문촌,어린이공원,37.67482614,126.7581874
경기도,고양시,일산서구,주엽동 118번지,주엽,근린공원,37.66760303,126.7594579
경기도,고양시,일산서구,주엽동 130번지,백암,어린이공원,37.66954988,126.7553261
경기도,고양시,일산서구,주엽동 34번지,오거리,어린이공원,37.67618198,126.7647349
경기도,고양시,일산서구,주엽동 34번지,오마,어린이공원,37.67618198,126.7647349
경기도,고양시,일산동구,식사동 1475번지,식사(은행마을공원),근린공원,37.67004199,126.8063409
경기도,고양시,일산동구,중산동 1685,하늘자전거(일산2-6),어린이공원,37.67951849,126.7801215
경기도,고양시,일산동구,중산동 1702번지,하늘장미(일산2-5),어린이공원,37.68051807,126.7846273
경기도,고양시,일산동구,중산동 1712번지,안곡습지,수변공원,37.68479831,126.7849888
경기도,고양시,일산동구,중산동 1716,소개울(일산2-1),근린공원,37.68307892,126.7824518
경기도,고양시,일산동구,중산동 1736번지,개나리(일산2-4),어린이공원,37.68382499,126.7901512
경기도,고양시,일산동구,중산동 1798번지,성아(일산2-2),근린공원,37.67821107,126.789259
경기도,고양시,일산동구,중산동 1803,하늘별무리(일산2-7),어린이공원,37.67670638,126.7864298
경기도,고양시,일산동구,풍동 184,풍동(풍식사2),문화공원,37.66450853,126.8035678
경기도,고양시,일산동구,식사동 1478,식사근린1(어침이),근린공원,37.68539245,126.8122132
경기도,고양시,일산동구,식사동 1588번지,식사어린이1(상상),어린이공원,37.67456234,126.8075159
경기도,고양시,일산동구,식사동 1496,식사어린이2(식사숲속),어린이공원,37.68095775,126.8149843
경기도,고양시,일산동구,식사동 1509,식사어린이3(바람놀이),어린이공원,37.68185273,126.8112637
경기도,고양시,일산동구,식사동 1502,식사어린이4(과학),어린이공원,37.68062413,126.8148151
경기도,고양시,일산동구,식사동 1511,식사어린이5(올림푸스놀이),어린이공원,37.68293348,126.8224274
경기도,고양시,일산동구,식사동 1566,식사어린이6(저현),어린이공원,37.67170877,126.8118225
경기도,고양시,일산동구,식사동 1535,식사근린2(식사중앙),근린공원,37.67713276,126.8119333
경기도,고양시,일산동구,"식사동 1569,1578",식사근린3(방아고개),근린공원,37.67423648,126.8110443
경기도,고양시,일산동구,장항동 845,일산문화공원,근린공원,37.65948674,126.7726989
경기도,고양시,일산동구,백석동 1237-1,문화공원(요진Y-City),문화공원,37.64336554,126.7920516
경기도,고양시,일산서구,탄현동 산16,탄현근린,근린공원,37.69998903,126.7752129
경기도,고양시,일산서구,탄현동 1475번지,탄현 1(황룡),어린이공원,37.697663,126.7673758
경기도,고양시,일산서구,탄현동 1478번지,탄현 3(현중),어린이공원,37.69559116,126.7675316
경기도,고양시,일산서구,탄현동 1486번지,탄현 4(숯고개),어린이공원,37.6937357,126.7662094
경기도,고양시,일산서구,탄현동 1495번지,탄현 5(탄현),어린이공원,37.69382211,126.7688736
경기도,수원시,권선구,서둔동 327,52호소공원,소공원,37.26559631,126.9943438
경기도,수원시,권선구,서둔동 321-4,53호소공원,소공원,37.26581247,126.9948279
경기도,수원시,팔달구,화서동 767,16호소공원,소공원,37.28391618,126.9944429
경기도,수원시,팔달구,남수동 11-515,49호소공원,소공원,37.28304593,127.0217246
경기도,수원시,팔달구,북수동 69,67호소공원,소공원,37.28609837,127.0162903
경기도,수원시,팔달구,지동 465,73호소공원,소공원,37.28273023,127.0240013
경기도,수원시,영통구,영통동 1167,영덕소공원,소공원,37.2655479553,127.0759126
경기도,수원시,영통구,망포동 478,10호소공원,소공원,37.23940506,127.0636435
경기도,수원시,영통구,영통동 1157,17호소공원,소공원,37.24431656,127.0622548
경기도,수원시,영통구,망포동 434,19호소공원,소공원,37.24371555,127.0630328
경기도,군포시,당정동,1020-1,울림어린이공원,어린이공원,37.34088576,126.9494649
경기도,군포시,당동,968-2,당거리어린이공원,어린이공원,37.34503393,126.939301
경기도,군포시,산본동,1266,한얼어린이공원,어린이공원,37.36637628,126.9360033
경기도,군포시,금정동,724-6,안금정어린이공원,어린이공원,37.36388083,126.9422315
경기도,군포시,산본동,1152-6,계룡어린이공원,어린이공원,37.3549311,126.9223956
경기도,군포시,당동,873-2,당골어린이공원,어린이공원,37.344051,126.941878
경기도,군포시,당정동,967-4,달님어린이공원,어린이공원,37.347138,126.954332
경기도,군포시,산본동,1092-1,장미어린이공원,어린이공원,37.367061,126.9312772
서울특별시,마포구,합정동,394-1,양화어린이공원,어린이공원,37.55035357,126.908449
경상북도,칠곡군,왜관읍,석전리 792,왜관공원,어린이공원,35.9986154,128.398044
경상북도,칠곡군,왜관읍,삼청리 477-7,삼청제1공원,어린이공원,35.983819,128.425973
경상북도,칠곡군,왜관읍,왜관리 1449,왜관제4어린이공원,어린이공원,35.978114,128.400493
경상북도,칠곡군,왜관읍,왜관리 1542,왜관소공원,소공원,35.975735,128.399525
경상북도,칠곡군,왜관읍,아곡리 829,아곡1소공원,소공원,36.010701,128.430388
경상북도,칠곡군,왜관읍,아곡리 816,아곡2소공원,소공원,36.006775,128.432897
경상북도,칠곡군,지천면,연화리 1035,연화공원(소공원),소공원,35.953046,128.457239
경상북도,칠곡군,왜관읍,삼청리 1100,한실공원,근린공원,35.97068,128.42981
경상북도,칠곡군,왜관읍,낙산리 1027,왜관3공단-1호공원,체육공원,35.93122,128.41803
경상북도,칠곡군,왜관읍,낙산리 1115,왜관3공단-2호공원,소공원,35.93007,128.42228
경상북도,칠곡군,왜관읍,낙산리 1066,왜관3공단-3호공원,소공원,35.92674,128.4171
경상북도,칠곡군,왜관읍,낙산리 1162-2,왜관3공단-4호공원,근린공원,35.92478,128.41944
경상북도,칠곡군,석적읍,중리 443-9,중리3공단소공원,소공원,36.08076,128.40357
경상북도,칠곡군,석적읍,중리 247-3,중리제5공원(테니스장공원),어린이공원,36.072663,128.414084
경상북도,칠곡군,석적읍,중리 263-2,중리제6공원(배수지공원),어린이공원,36.073197,128.408574
경상북도,칠곡군,석적읍,남율리 143,남율제1공원,어린이공원,36.066919,128.401796
경상북도,칠곡군,석적읍,남율리 산38,남율제2공원,어린이공원,36.070102,128.409498
경상북도,칠곡군,석적읍,남율리 235,남율제3공원,어린이공원,36.064404,128.402607
경상북도,칠곡군,석적읍,남율리 산 45-13,남율제4공원,어린이공원,36.066446,128.409255
경상북도,칠곡군,석적읍,남율리 산 44-20,남율제5공원,어린이공원,36.067938,128.41145
경상북도,칠곡군,석적읍,중리 161-16,중리제7공원(장승백이공원),어린이공원,36.077882,128.401534
경상북도,칠곡군,석적읍,중리 172-3,중리제8공원(신맞이공원),어린이공원,36.076899,128.403741
경상북도,칠곡군,석적읍,중리 170-6,중리제9공원(큰골공원),어린이공원,36.07559,128.402091
경상북도,칠곡군,왜관읍,낙산리 690-1,낙산공원,근린공원,35.937875,128.408417
경상북도,성주군,성주읍,학산리 755,학산체육공원,체육공원,35.94080893,128.2909231
경상북도,칠곡군,석적읍,중리 495-5,동락공원,근린공원,36.086275,128.400711
경상북도,칠곡군,북삼읍,인평리 705-3,인평제2공원(한마음공원),어린이공원,36.06346,128.333056
경상북도,칠곡군,북삼읍,숭오리 15-1,인평제3공원(허브공원),어린이공원,36.069315,128.333963
경상북도,칠곡군,북삼읍,인평리 676-1,인평제4공원(그루터기공원),어린이공원,36.068418,128.34079
경상북도,칠곡군,북삼읍,인평리 1087,인평제5공원(해오름1공원),어린이공원,36.068779,128.349499
경상북도,칠곡군,북삼읍,인평리 21-1,인평제2공원(체육공원),근린공원,36.0726696242,128.340833
경상북도,칠곡군,왜관읍,금산리 986,금산공원,근린공원,35.9664140138,128.4170024951
경상북도,칠곡군,북삼읍,인평리 1073-1,인평제7공원(나눔공원),어린이공원,36.069458,128.34254
경상북도,칠곡군,북삼읍,인평리 1074-1,인평제8공원(하늘공원),어린이공원,36.071558,128.346447
경상북도,칠곡군,왜관읍,삼청리 410-23,삼청리어린이공원,어린이공원,35.982605,128.423181
경상북도,칠곡군,북삼읍,인평리 271-2,인평제9공원(늘푸른공원),어린이공원,36.071101,128.335123
경상북도,칠곡군,북삼읍,숭오리 26-10,인평제10공원(다모아공원),어린이공원,36.065143,128.334862
경상북도,칠곡군,북삼읍,숭오리 21-8,인평제11공원(두리공원),어린이공원,36.066858,128.336729
경상북도,칠곡군,북삼읍,인평리 671-1,인평제12공원(은하수공원),어린이공원,36.070112,128.338176
경상북도,칠곡군,북삼읍,인평리 1025,인평제13공원(초록공원),어린이공원,36.071802,128.346819
경상북도,칠곡군,북삼읍,인평리 1033,인평제14공원(해오름2공원),어린이공원,36.0684,128.350415
경상북도,칠곡군,석적읍,중리 187,중리제1공원(섬계공원),어린이공원,36.075865,128.409697
경상북도,칠곡군,석적읍,중리 211,중리제2공원(광암공원),어린이공원,36.075593,128.414563
경상북도,칠곡군,석적읍,중리 230,중리제3공원(화산서당공원),어린이공원,36.076219,128.419742
경상북도,칠곡군,석적읍,중리 238-4,중리제4공원(게이트볼장공원),어린이공원,36.073796,128.421529
서울특별시,마포구,상암동,1618-1,산사나무소공원,소공원,37.575268,126.896265
서울특별시,마포구,현석동,225-2일대,현석소공원,소공원,37.542983,126.934492
서울특별시,마포구,노고산동,57-53,노고산소공원,소공원,37.555063,126.935013
서울특별시,마포구,노고산동,123-1일원,무쇠막소공원,소공원,37.552612,126.934174
서울특별시,마포구,대흥동,18-101일대,독막소공원,소공원,37.554491,126.943779
서울특별시,마포구,공덕동,479-1,아소정소공원,소공원,37.545468,126.9481693
서울특별시,마포구,공덕동,479-4,큰우물소공원,소공원,37.545536,126.9496393
서울특별시,마포구,염리동,532-8,소금동네소공원,소공원,37.554097,126.9462813
서울특별시,마포구,염리동,533-1,쌍룡산소공원,소공원,37.55174941,126.9501341
서울특별시,마포구,신정동,76-1,밤섬문화공원,문화공원,37.542784,126.931869
서울특별시,마포구,창전동,165-5,서강나루문화공원,문화공원,37.54527293,126.931077
서울특별시,마포구,당인동,27-9,당인동문화공원,문화공원,37.545411,126.920154
서울특별시,마포구,상암동,1594,가온문화공원,문화공원,37.581827,126.887611
서울특별시,마포구,상암동,1611,DMC문화공원,문화공원,37.578087,126.892245
서울특별시,마포구,상암동,"1608,1609",물빛문화공원,문화공원,37.58003606,126.893162
서울특별시,마포구,상암동,670,휴암문화공원,문화공원,37.584722,126.8781707
서울특별시,마포구,서교동,359,홍익문화공원,문화공원,37.552186,126.922987
서울특별시,마포구,합정동,139-21 일대,양화진역사공원,역사공원,37.545546,126.911201
서울특별시,마포구,합정동145-3,등 10필지,외국인묘지공원,묘지공원,37.546524,126.911775
서울특별시,아현동,591-62일대,,아현어울림소공원,소공원,37.5563985,126.9507057
전라남도,강진군,강진읍,남성리 산5,보은산공원,근린공원,34.65915103,126.7640508
전라남도,강진군,마량면,마량리 산134-2,북산공원,근린공원,34.45968534,126.816904
전라남도,강진군,강진읍,평동리 141-7,평동공원,소공원,34.63450208,126.7691948
전라남도,강진군,성전면,송학리 841,산단2공원,소공원,34.67836937,126.7388701
전라남도,강진군,성전면,송학리 841,산단3공원,소공원,34.67836937,126.7388701
전라남도,강진군,칠량면,송로리 1186,9소공원,소공원,34.58950499,126.7916519
전라남도,강진군,칠량면,송로리 1201,10소공원,소공원,34.58786051,126.7883608
전라남도,강진군,칠량면,송로리 363-13,11소공원,소공원,34.59371451,126.7896351
전라남도,강진군,도암면,석문리 산58-2,석문공원,수변공원,34.56363879,126.7234768
전라남도,강진군,강진읍,서성리 200-10,모란공원,문화공원,34.64147583,126.764148
제주특별자치도,서귀포시,신효동,1192-5,월라봉공원,근린공원,33.270519,126.604565
제주특별자치도,서귀포시,서귀동,165-1,제석공원,어린이공원,33.246128,126.566356
제주특별자치도,서귀포시,서홍동,820-1,삼매봉공원,근린공원,33.243883,126.547508
제주특별자치도,서귀포시,서귀동,산 1,새섬공원,수변공원,33.2368203,126.5628406
제주특별자치도,서귀포시,성산읍,오조리 314,식산공원,근린공원,33.465822,126.919471
제주특별자치도,서귀포시,중문동,2200-2,중문공원,근린공원,33.249929,126.419358
제주특별자치도,서귀포시,동홍동,646-1,문부공원,근린공원,33.25431516,126.5699892
제주특별자치도,서귀포시,동홍동,1437,장수공원,체육공원,33.25765258,126.5654618
제주특별자치도,서귀포시,강정동,1480,강창학공원,체육공원,33.261172,126.4995073
제주특별자치도,서귀포시,대정읍,인성리 393-1,인성공원,소공원,33.246941,126.276308
충청남도,당진시,읍내동,37,공원:144(읍내1지구),어린이공원,36.895739,126.639661
충청남도,당진시,수청동,591-2,공원:145(수청1지구),소공원,36.897531,126.648182
충청남도,당진시,수청동,484-13,공원:146(수청1지구),어린이공원,36.901852,126.6538896
충청남도,당진시,수청동,368-1,공원:147(수청1지구),어린이공원,36.900013,126.657027
충청남도,당진시,수청동,596,공원:148(수청1지구),어린이공원,36.897324,126.649139
충청남도,당진시,수청동,549,공원:149(수청1지구),어린이공원,36.897171,126.652101
충청남도,당진시,수청동,634-1,공원:150(수청1지구),어린이공원,36.893884,126.650003
충청남도,당진시,수청동,335-1,공원:151(수청1지구),어린이공원,36.894109,126.653465
충청남도,당진시,수청동,655-27,공원:152(수청1지구),어린이공원,36.892956,126.648453
충청남도,당진시,수청동,651-6,공원:153(수청1지구),근린공원,36.892391,126.651763
충청남도,당진시,읍내동,454-5,공원:155(당진도시지역),소공원,36.897079,126.628855
충청남도,당진시,읍내동,232-85,공원:156호,문화공원,36.893971,126.631946
충청남도,당진시,채운동,992-1,공원:157호,수변공원,36.9029601,126.624909
충청남도,당진시,읍내동,454-3,공원:158(당진도시지역),소공원,36.897175,126.628892
충청남도,당진시,채운동,산65-4,공원:159,어린이공원,36.889859,126.624476
충청남도,당진시,우두동,439-3,공원:160(당진2지구),어린이공원,36.904545,126.628961
충청남도,당진시,우두동,395-8,공원:161(당진2지구),수변공원,36.9056242,126.6320634
충청남도,당진시,우두동,388,공원:161(당진2지구),수변공원,36.9060315,126.6336315
서울특별시,강서구,화곡동,산60-1,우장,근린공원,37.55282,126.843808
서울특별시,강서구,가양동,산4-7,궁산,근린공원,37.574254,126.841332
서울특별시,강서구,염창동,산24-1,염창,근린공원,37.557765,126.868792
서울특별시,강서구,방화동,산97-1,꿩고개,근린공원,37.578139,126.816895
서울특별시,강서구,화곡동,산1,봉제산,근린공원,37.540731,126.858825
충청남도,당진시,수청동,867,공원:138(수청지구),소공원,36.897298,126.647112
충청남도,당진시,수청동,849-32,공원:139(수청지구),소공원,36.8934595,126.646885
충청남도,당진시,수청동,산178,공원:140(수청2지구),근린공원,36.889233,126.651576
충청남도,당진시,수청동,261,공원:141(수청2지구),어린이공원,36.887243,126.656975
충청남도,당진시,수청동,228,공원:142(수청2지구),소공원,36.888039,126.653543
충청남도,당진시,채운동,256-3,공원:143,소공원,36.892946,126.625155
충청남도,당진시,수청동,368-2,공원:144(수청1지구),소공원,36.901133,126.656335
세종특별자치시,보람동,731,,아울뜰근린공원,근린공원,36.47616367,127.2805666
세종특별자치시,보람동,782,,보람뜰근린공원,근린공원,36.47608771,127.2926124
세종특별자치시,보람동,717,,새숨뜰근린공원,근린공원,36.48054748,127.290939
세종특별자치시,보람동,714,,호려울뜰근린공원,근린공원,36.48301236,127.295459
세종특별자치시,소담동,591,,사랑뜰근린공원,근린공원,36.48336136,127.3028296
세종특별자치시,다정동,995,,별찌뜰근린공원,근린공원,36.49935779,127.2400217
세종특별자치시,다정동,984,,너비뜰근린공원,근린공원,36.49924812,127.2407803
세종특별자치시,반곡동,846,,모개뜰근린공원,근린공원,36.49348461,127.3025214
세종특별자치시,반곡동,847,,수루배뜰근린공원,근린공원,36.49276794,127.3039392
세종특별자치시,반곡동,856,,재께뜰근린공원,근린공원,36.49962326,127.3121559
세종특별자치시,반곡동,832,,오롯뜰근린공원,근린공원,36.48467348,127.3147006
세종특별자치시,금남면,용포리,124번지,금남근린공원,근린공원,36.46445142,127.2793641
제주특별자치도,서귀포시,성산읍,시흥리 12,시흥공원,체육공원,33.477752,126.906884
제주특별자치도,서귀포시,서귀동,304-4,천지공원,어린이공원,33.251183,126.558513
제주특별자치도,서귀포시,서귀동,277-1,중앙공원,어린이공원,33.25014898,126.5632305
제주특별자치도,서귀포시,동홍동,199-3,동홍공원,어린이공원,33.250911,126.575266
제주특별자치도,서귀포시,동홍동,82-2,태양공원,어린이공원,33.257854,126.573162
제주특별자치도,서귀포시,동홍동,87-4,희망공원,어린이공원,33.257862,126.571005
제주특별자치도,서귀포시,동홍동,100-3,동광공원,어린이공원,33.257504,126.576386
제주특별자치도,서귀포시,동홍동,420-1,양지공원,어린이공원,33.256336,126.575635
제주특별자치도,서귀포시,동홍동,435-4,여명공원,어린이공원,33.255901,126.573145
제주특별자치도,서귀포시,토평동,3273-1,토평근린공원,근린공원,33.292899,126.580805
제주특별자치도,서귀포시,서호동,1150,미래1공원,어린이공원,33.259306,126.512596
제주특별자치도,서귀포시,강정동,138,문화2공원,어린이공원,33.257703,126.508212
제주특별자치도,서귀포시,서호동,1453,미래2공원,어린이공원,33.257275,126.511551
제주특별자치도,서귀포시,서호동,1473-4,신학공원,어린이공원,33.251734,126.512106
제주특별자치도,서귀포시,강정동,169-8,대청공원,어린이공원,33.253406,126.505164
제주특별자치도,서귀포시,강정동,123,문화1공원,어린이공원,33.259772,126.508654
제주특별자치도,서귀포시,법환동,731-2,시민공원,근린공원,33.256333,126.510749
제주특별자치도,서귀포시,강정동,176,문화공원,근린공원,33.24973351,126.5079623
제주특별자치도,서귀포시,안덕면,덕수리 613-2,조각공원,문화공원,33.251221,126.323177
제주특별자치도,서귀포시,대정읍,하모리 2140,하모공원,어린이공원,33.218571,126.252728
제주특별자치도,서귀포시,동홍동,1460,굴왓공원,어린이공원,33.258621,126.561953
제주특별자치도,서귀포시,동홍동,1493,장수1공원,어린이공원,33.255604,126.562498
제주특별자치도,서귀포시,동홍동,1685,동홍동공원,어린이공원,33.265622,126.562788
제주특별자치도,서귀포시,안덕면,사계리 3589,사계어린이공원,어린이공원,33.249817,126.321784
전라남도,나주시,남평읍,동사리 47,공원,수변공원,35.040297,126.850359
전라남도,나주시,남평읍,동사리 402,공원,수변공원,35.04058665,126.8507439
전라남도,나주시,남평읍,동사리 402,공원,수변공원,35.04058665,126.8507439
전라남도,나주시,남평읍,동사리 415,공원,수변공원,35.03941851,126.8522649
제주특별자치도,서귀포시,강정동,1584,엉또공원,근린공원,33.268127,126.500813
제주특별자치도,서귀포시,강정동,산1,서건도공원,소공원,33.229983,126.4986771
제주특별자치도,서귀포시,서귀동,70-1,자구리공원,근린공원,33.243482,126.569065
제주특별자치도,서귀포시,서홍동,470,걸매생태공원,근린공원,33.249984,126.555064
제주특별자치도,서귀포시,동홍동,401,태평공원,근린공원,33.250707,126.570389
제주특별자치도,서귀포시,남원읍,남원리 2379-3,큰엉공원,근린공원,33.273365,126.703749
제주특별자치도,서귀포시,표선면,표선리 44-4,표선공원,근린공원,33.325612,126.839341
제주특별자치도,서귀포시,서호동,1507-9,바당어린이공원,어린이공원,33.257628,126.519696
제주특별자치도,서귀포시,서호동,1533,오름어린이공원,어린이공원,33.253594,126.522031
제주특별자치도,서귀포시,서호동,1543,송이마당어린이공원,어린이공원,33.247812,126.522437
제주특별자치도,서귀포시,서호동,1598,설문대공원,근린공원,33.258294,126.516786
제주특별자치도,서귀포시,서호동,1599,감귤길공원,근린공원,33.25642952,126.5167887
제주특별자치도,서귀포시,서호동,1601,바람모루공원,근린공원,33.25374856,126.5165644
제주특별자치도,서귀포시,서호동,1609,숨골공원,근린공원,33.248163,126.515915
제주특별자치도,서귀포시,서호동,1602,삼다체육공원,체육공원,33.252546,126.516191
제주특별자치도,서귀포시,강정동,199-1,바다어린이공원,어린이공원,33.252325,126.5024641
제주특별자치도,서귀포시,강정동,191-1,숲속어린이공원,어린이공원,33.254233,126.503736
제주특별자치도,서귀포시,강정동,201,강정제1호공원,근린공원,33.25362217,126.504811
제주특별자치도,서귀포시,서홍동,653-1,칠십리공원,근린공원,33.244971,126.556156
제주특별자치도,서귀포시,서귀동,799-3,샛기정공원,근린공원,33.245738,126.559316
제주특별자치도,서귀포시,구억리,1085,1호 소공원,소공원,33.29574177,126.293146
인천광역시,부평구,십정동,398-9,하정놀이공원,어린이공원,37.47376542,126.7010222
인천광역시,부평구,십정동,304-4,하동놀이공원,어린이공원,37.47220088,126.6977239
인천광역시,부평구,부평동,산8-1,만월공원,어린이공원,37.48402095,126.7280489
인천광역시,부평구,부평동,948,꿈나무공원,어린이공원,37.50274849,126.7251051
인천광역시,부평구,부개동,148-50,한가람공원,어린이공원,37.4909379,126.7346955
인천광역시,부평구,부개동,132-6,아름어린이공원,어린이공원,37.4940704,126.7356518
인천광역시,부평구,산곡동,176-54,숲속어린이공원,어린이공원,37.5061655,126.695292
인천광역시,부평구,삼산동,209-4,삼산어린이공원,어린이공원,37.5198515,126.7352473
인천광역시,부평구,십정동,186-238,슬아어린이공원,어린이공원,37.48387271,126.7043897
인천광역시,부평구,구산동,368,거북 1 공원,소공원,37.47612698,126.7512234
인천광역시,부평구,구산동,364,거북 2 공원,소공원,37.47564977,126.750329
인천광역시,부평구,청천동,68-17,맑은내생태공원,기타,37.51935166,126.6923933
인천광역시,부평구,산곡동,58-3,뫼골문화공원,문화공원,37.51388097,126.7007686
인천광역시,부평구,십정동,436-1,한마음어린이공원,어린이공원,37.47815205,126.701593
인천광역시,부평구,십정동,219-175,우물터어린이공원,어린이공원,37.478347,126.695047
인천광역시,부평구,부개동,120-343,늘푸른소공원,소공원,37.49317568,126.738967
인천광역시,부평구,산곡동,산63-3,장고개공원,근린공원,37.49432104,126.6921141
인천광역시,부평구,청천동,산4-6,나비어린이공원,어린이공원,37.52051537,126.6968372
인천광역시,부평구,부평6동,604-40번지,이야기꽃어린이공원,어린이공원,37.4885231,126.7262459
인천광역시,부평구,산곡동,539,성벽어린이공원,어린이공원,37.5126208354,126.6981569
인천광역시,부평구,산곡동,538,나무소공원,소공원,37.5134548,126.6984776
인천광역시,부평구,부평동,산11-11번지,산들바람소공원,소공원,37.4840075,126.727528
전라남도,나주시,노안면,장동리 602,공원,소공원,35.068432,126.7399021
전라남도,나주시,노안면,장동리 606,공원,소공원,35.06973247,126.741822
전라남도,나주시,대호동,86,대호수변공원,수변공원,35.040515,126.7201703
전라남도,나주시,남평읍,대교리 48-32,남평실개천공원,수변공원,35.044092,126.8457524
전라남도,나주시,남평읍,동사리 101,공원,수변공원,35.042355,126.847766
인천광역시,부평구,삼산동,389-7,가족놀이공원,어린이공원,37.52115142,126.7431421
인천광역시,부평구,삼산동,391-4,도드리놀이공원,어린이공원,37.52059312,126.745863
인천광역시,부평구,삼산동,393-6,은행나무놀이공원,어린이공원,37.51769328,126.7448241
인천광역시,부평구,삼산동,393-3,나래놀이공원,어린이공원,37.51917191,126.7465599
인천광역시,부평구,삼산동,427-6,햇살공원,어린이공원,37.51621305,126.7330929
인천광역시,부평구,삼산동,445-7,여울공원,어린이공원,37.51364399,126.7383779
인천광역시,부평구,삼산동,448-9,새싹공원,어린이공원,37.51398326,126.7398045
인천광역시,부평구,삼산동,456-11,동심공원,어린이공원,37.50957268,126.7421002
인천광역시,부평구,삼산동,453-7,무지개공원,어린이공원,37.50886664,126.7360227
인천광역시,부평구,삼산동,496,사랑샘공원,어린이공원,37.52074798,126.7359252
인천광역시,부평구,부개동,331,마분놀이공원,어린이공원,37.48537713,126.7405375
인천광역시,부평구,부개동,494-2,대동놀이공원,어린이공원,37.49014047,126.7406513
인천광역시,부평구,부개동,514,부이어린이공원,어린이공원,37.49014369,126.7393634
인천광역시,부평구,부개동,120-342,세모공원,어린이공원,37.48933377,126.7386285
인천광역시,부평구,부개동,496-12,신궁동놀이공원,어린이공원,37.5046018,126.7393003
인천광역시,부평구,부개동,498-3,개울놀이공원,어린이공원,37.50282159,126.7379889
인천광역시,부평구,부개동,499-3,새울놀이공원,어린이공원,37.50340259,126.7406037
인천광역시,부평구,부개동,499-5,동소정놀이공원,어린이공원,37.50165922,126.7412273
인천광역시,부평구,부개동,500-5,등세이놀이공원,어린이공원,37.49983348,126.7391195
인천광역시,부평구,부개동,501-4,새말놀이공원,어린이공원,37.49902687,126.7412278
인천광역시,부평구,부개동,502-23,비둘기놀이공원,어린이공원,37.49643562,126.7377609
인천광역시,부평구,일신동,411,일신놀이공원,어린이공원,37.48283216,126.7418457
인천광역시,부평구,구산동,361,구산어린이공원,어린이공원,37.47562302,126.7486421
인천광역시,부평구,십정동,356-6,방죽놀이공원,어린이공원,37.47162574,126.6950089
인천광역시,부평구,십정동,280,열우물놀이공원,어린이공원,37.4752229,126.6959847
인천광역시,부평구,십정동,388,수정놀이공원,어린이공원,37.47629319,126.7017789
대전광역시,대덕구,법동205-5,,효심,어린이공원,36.36534226,127.4316084
대전광역시,대덕구,신탄진동132-1,,용정이,어린이공원,36.44982538,127.4330484
대전광역시,대덕구,신탄진동21,,신탄진1,어린이공원,36.45004051,127.4360138
대전광역시,대덕구,석봉동184-1,,망골,어린이공원,36.44717328,127.4264865
대전광역시,대덕구,평촌동537-1,,무지개,어린이공원,36.43555301,127.4228632
대전광역시,대덕구,덕암동16-1,,덕암,어린이공원,36.44244826,127.4261525
대전광역시,대덕구,덕암동22-5,,새뜸,어린이공원,36.44294052,127.421442
대전광역시,대덕구,목상동185-3,,목상,어린이공원,36.44637388,127.412508
대전광역시,대덕구,목상동174,,여태말,어린이공원,36.44645457,127.4106921
대전광역시,대덕구,법동440-3,,증척골,어린이공원,36.37265166,127.4301092
대전광역시,대덕구,중리동388-17,,중리,근린공원,36.36307194,127.4281536
대전광역시,대덕구,중리동101-1,,쌍청,근린공원,36.36427903,127.4343041
대전광역시,대덕구,법동284-2,,안산,근린공원,36.36823931,127.4271819
대전광역시,대덕구,문평동42-4,,문평,근린공원,36.44258427,127.397914
대전광역시,대덕구,문평동78-5,,새일,근린공원,36.44804459,127.4030224
대전광역시,대덕구,법동441-2,,응봉,근린공원,36.37124012,127.4326149
대전광역시,대덕구,송촌동443-1,,소리,근린공원,36.36775161,127.4371424
대전광역시,대덕구,비래동108,,비래,근린공원,36.35825134,127.4468471
대전광역시,대덕구,오정동,산17-27,오정,근린공원,36.3622001,127.4160931
대전광역시,대덕구,신탄진동,산33-1,평촌1,근린공원,36.44309915,127.4344703
대전광역시,대덕구,오정동274-1,,통매바위,어린이공원,36.35416603,127.4130442
대전광역시,대덕구,오정동311-6,,노촌,어린이공원,36.35246721,127.4084888
대전광역시,대덕구,오정동382-3,,봉촌,어린이공원,36.35167862,127.414214
대전광역시,대덕구,오정동453-1,,새말,어린이공원,36.34900648,127.417675
대전광역시,대덕구,미호동,433,미호만남,문화공원,36.45944046,127.4648644
대전광역시,대덕구,신탄진동137-5,,안골,문화공원,36.4490201,127.432778
대전광역시,대덕구,비래동,산 26-27,길치,문화공원,36.45944046,127.4648644
대전광역시,대덕구,목상동,875,목상,체육공원,36.44445106,127.4117808
대전광역시,대덕구,송촌동24,,송촌,체육공원,36.36705566,127.4462271
대전광역시,대덕구,송촌동494-2,,여수금,어린이공원,36.36579896,127.4458476
대전광역시,대덕구,대화동16-145,,대화1,소공원,36.36431024,127.416677
대전광역시,대덕구,송촌동461-2,,학댕이,어린이공원,36.36904622,127.4415081
대전광역시,대덕구,송촌동505-1,,진가쟁이,어린이공원,36.36299344,127.445386
대전광역시,대덕구,송촌동552,,상수골,어린이공원,36.36109892,127.4469027
대전광역시,대덕구,중리동490-1,,청솔,어린이공원,36.36433735,127.4353153
대전광역시,대덕구,중리동498-1,,정려,어린이공원,36.36361816,127.4361712
대전광역시,대덕구,송촌동475-1,,송촌,어린이공원,36.36390654,127.439654
대전광역시,대덕구,송촌동488-1,,대양,어린이공원,36.3619651,127.4396486
대전광역시,대덕구,신일동1690-4,,4공단,어린이공원,36.43378665,127.4061471
대전광역시,대덕구,석봉동202-1,,등마루,어린이공원,36.45155964,127.4250572
대전광역시,대덕구,석봉동,415-51,석봉,어린이공원,36.44982635,127.4273789
대전광역시,대덕구,대화동,35-139,대화쌈지,어린이공원,36.36383933,127.4151439
대전광역시,대덕구,대화동,35-936,대화,어린이공원,36.3653698,127.4151909
대전광역시,대덕구,읍내동204,,효자2,어린이공원,36.380023,127.4193753
대전광역시,대덕구,읍내동219-5,,효자2,소공원,36.37932419,127.4215641
대전광역시,대덕구,법동286,,범샛골,어린이공원,36.36729802,127.4287994
대전광역시,대덕구,법동191-2,,한마음,어린이공원,36.37002762,127.4322335
대전광역시,대덕구,법동197-1,,소롱골,어린이공원,36.36695556,127.4326739
대전광역시,대덕구,법동195-2,,범바위,어린이공원,36.36592472,127.4357964
대전광역시,대덕구,신탄진동,56-4,용정이,체육공원,36.44982538,127.4330484
대전광역시,대덕구,미호동,57,대청,기타,36.47362538,127.4735679
대전광역시,대덕구,평촌동,산4-1,평촌1,기타,36.43784036,127.4355417
대전광역시,대덕구,대화동243-1,,대화동2구역,어린이공원,36.36358487,127.412637
대전광역시,대덕구,읍내동574-1,,후곡,소공원,36.37825278,127.4272986
대전광역시,대덕구,읍내동517-9,,임천마당,소공원,36.3777763,127.4292596
대전광역시,대덕구,대화동236,,대화2-1,소공원,36.36541839,127.4099679
대전광역시,대덕구,대화동,35-466,대화2-2,소공원,36.36573663,127.4121333
대전광역시,대덕구,석봉동306-31,,공원(석봉B),소공원,36.44862002,127.4248397
대전광역시,대덕구,석봉동,482,공원(석봉1),소공원,36.45533448,127.4249756
대전광역시,대덕구,법동284-10,,공원(법동),소공원,36.3675269,127.4248477
대전광역시,대덕구,와동,39,공원(와동),소공원,36.39835755,127.4255348
대전광역시,대덕구,송촌동463,,동춘당,역사공원,36.3653937,127.4402103
대전광역시,대덕구,미호동643-2,,로하스가족,문화공원,36.45651553,127.4741555
충청남도,논산시,내동,227-2,먹골3호소공원,소공원,36.18466482,127.101041
충청남도,논산시,내동,226-2,먹골4호소공원,소공원,36.184831,127.101548
충청남도,논산시,내동,175-3,먹골5호소공원,소공원,36.184309,127.103115
충청남도,논산시,내동,1264,11호 소공원,소공원,36.176977,127.102930037
충청남도,논산시,강경읍,동흥리 131-3,강경 1호 소공원,소공원,36.165254,127.015538
충청남도,논산시,강경읍,태평리 36,강경 2호 소공원,소공원,36.159538,127.016993
충청남도,논산시,연무읍,마산리 661-9,연무 2호 소공원,소공원,36.116127,127.098133
충청남도,논산시,연무읍,동산리 996,동산일반산단 2호 어린이공원,어린이공원,36.128272,127.131797
충청남도,논산시,연무읍,죽본리 811,동산일반산단 3호 어린이공원,어린이공원,36.133506,127.132963
충청남도,논산시,연산면,연산리 517-22,연산 2호 소공원,소공원,36.215757,127.213656
충청남도,논산시,연산면,청동리 127-54,연산 3호 소공원,소공원,36.213749,127.203057
충청남도,논산시,연산면,연산리 517-43,연산 5호 소공원,소공원,36.214139,127.217498
충청남도,논산시,성동면,원북리 875-3,논산2일반산단 1호 소공원,소공원,36.218828,127.039343
충청남도,논산시,성동면,원남리 1211-17,논산2일반산단 2호 소공원,소공원,36.214832,127.043719
충청남도,논산시,성동면,원북리 858-3,논산일반산단 1호 소공원,소공원,36.222017,127.050913
충청남도,논산시,양촌면,거사리 536,거사소공원,소공원,36.180386,127.211703
충청남도,논산시,양촌면,도평리 308-1,양촌소공원,소공원,36.14504107,127.224581
충청남도,논산시,노성면,읍내리 8-7,노성 소공원,소공원,36.267169,127.1300806
충청남도,논산시,연무읍,양지리 산12,연무 소공원,소공원,36.124913,127.1440408
충청남도,당진시,수청동,산148,공원:102(당진:02 계림공원),근린공원,36.897445,126.645093
충청남도,논산시,연무읍,안심리 77-4,연무 8호 어린이공원,어린이공원,36.124239,127.096758
충청남도,논산시,화지동,31-9,논산 2호 소공원,소공원,36.208304,127.090864
충청남도,논산시,취암동,621-59,논산 6호 소공원,소공원,36.202018,127.086249
충청남도,논산시,대교동,176-13,논산 7호 소공원,소공원,36.207434,127.080192
충청남도,논산시,대교동,339,논산 10호 소공원,소공원,36.211278,127.089912
충청남도,논산시,내동,478-1,먹골1호소공원,소공원,36.183046,127.100059
충청남도,논산시,내동,420-3,먹골2호소공원,소공원,36.184429,127.100835
강원특별자치도,고성군,거진읍,거진리 447-1,자산교 소공원,소공원,38.4380808335,128.4486387846
강원특별자치도,고성군,거진읍,송포리 138-3,거진랜드마크 공원,소공원,38.4286327176,128.4566034045
강원특별자치도,고성군,거진읍,대대리 12,북천 수변공원,소공원,38.3983014612,128.4649149458
강원도,고성군,거진읍,대대리 197-3,대대리 소공원,소공원,38.3940059484,128.4623910854
강원특별자치도,고성군,거진읍,거진리 246-1,거진 어린이공원,어린이공원,38.4488869417,128.4548036981
강원특별자치도,고성군,거진읍,거진리 506,새뜰마을 녹색쌈지숲,소공원,38.4451417898,128.4492229904
강원특별자치도,고성군,현내면,초도리 산2-2,초도리 통일공원,소공원,38.4931695068,128.4282730264
강원특별자치도,고성군,죽왕면,오봉리 1-4,새마을지도자 공원,소공원,38.3467920873,128.5090809638
강원특별자치도,고성군,죽왕면,오호리 68-3,오호리 붕어섬 소공원,소공원,38.3262719608,128.5263178078
강원특별자치도,고성군,죽왕면,공현진리 355-4,공현진 농어촌마을 다목적광장,소공원,38.3571799334,128.508320431
강원특별자치도,고성군,죽왕면,문암진리 134-24,문암2리 소공원,소공원,38.2957229625,128.5469942838
강원특별자치도,고성군,토성면,용촌리 45,용촌리 장승 소공원,소공원,38.2302680652,128.5807196522
강원특별자치도,고성군,토성면,아야진리 25-1,아야진항 소공원,소공원,38.2731803249,128.5562014358
강원특별자치도,고성군,토성면,아야진리 230-8,아야진 금강용궁 테마공원,문화공원,38.2746844173,128.5542437463
강원특별자치도,고성군,토성면,천진리 145-6,천진리 전통마을숲,기타,38.2587497671,128.5562169365
강원특별자치도,고성군,토성면,봉포리 17-3,봉포 해풍공원,근린공원,38.2496518359,128.5676056018
강원특별자치도,강릉시,향호리,산58-6,향호소공원,소공원,37.91628385,128.8092478
강원특별자치도,강릉시,견소동,산 1-3,안목 해맞이 소공원,소공원,37.77415457,128.9451035
강원특별자치도,강릉시,미노리,397-21,사천소공원,소공원,37.81990216,128.8511888
강원특별자치도,강릉시,운정동,246-1,운전공원,소공원,37.78500336,128.8926508
강원특별자치도,강릉시,강문동,41-18,초당 분수공원,소공원,37.78709116,128.9231582
강원특별자치도,강릉시,성남동14-2,,장안공원,소공원,37.75410886,128.9017928
강원특별자치도,강릉시,포남동,"1314, 1315",송정 조각쉼터,소공원,37.7695424,128.917399
강원특별자치도,강릉시,병산동,524-4,덕봉공원,소공원,37.76190775,128.9351968
강원특별자치도,강릉시,죽헌동,472-2,사모정공원,소공원,37.78143455,128.8662393
강원특별자치도,강릉시,학동,산 42-1,보인계비 공원,소공원,37.76020005,128.9321117
강원특별자치도,강릉시,사천진리,70-1,사천 돌공원,소공원,37.83781211,128.8713865
강원특별자치도,강릉시,지변동,625-1,지변동 소공원,소공원,37.77577479,128.8757364
강원특별자치도,강릉시,강문동,산1 일원,경포2공원,기타,37.80239228,128.911058
강원특별자치도,강릉시,교동,1878-2,19호 광장,기타,37.7656396,128.8771942
강원특별자치도,강릉시,교동,1887-1,20호 광장,기타,37.7635313,128.8766777
강원특별자치도,강릉시,교동,1875-6,21호 광장,기타,37.7653706,128.8755657
강원특별자치도,강릉시,교동,1891-1,22호 광장,기타,37.76427536,128.8750279
강원특별자치도,고성군,간성읍,흘리 137-8,흘리 은행나무 소공원,소공원,38.2442819249,128.3662341022
강원특별자치도,고성군,간성읍,신안리 134-2,고성경찰서 소공원,소공원,38.3765562448,128.4768843667
강원특별자치도,고성군,간성읍,상리 500,토골샘터 쌈지공원,소공원,38.3771015907,128.4657900864
강원특별자치도,고성군,간성읍,하리 28,연당마을 녹색쌈지공원,소공원,38.3787357156,128.4669079148
강원특별자치도,고성군,간성읍,상리 500,금수리1길 녹색쌈지공원,소공원,38.3771015907,128.4657900864
강원도,고성군,간성읍,동호리 12-1,남천하구 체육공원,체육공원,38.3858511304,128.4945555245
강원특별자치도,고성군,간성읍,하리 2-3,하리 소공원,소공원,38.3797698861,128.4684434931
강원특별자치도,고성군,간성읍,신안리 170,달홀공원,근린공원,38.3769106182,128.4738860015
강원도,고성군,거진읍,대대리 510-8,대대리 충혼탑 소공원,소공원,38.3940807516,128.4617000945
강원특별자치도,강릉시,교동,1774,37호 어린이공원,어린이공원,37.7611781,128.8748848
강원특별자치도,강릉시,교동,1761,38호 어린이공원,어린이공원,37.76429682,128.883629
강원특별자치도,강릉시,노암동,"722-4,5",42호 어린이공원,어린이공원,37.7482009,128.8960565
강원특별자치도,강릉시,교항리,328-2,교항6 어린이공원,어린이공원,37.88409521,128.8238183
강원특별자치도,강릉시,주문리,316-2,주문2 어린이공원,어린이공원,37.89210167,128.8268128
강원특별자치도,강릉시,유천동,780,44호 어린이공원,어린이공원,37.76057029,128.8698689
강원특별자치도,강릉시,홍제동,1038,45호 어린이공원,어린이공원,37.75507303,128.8691014
강원특별자치도,강릉시,홍제동,1042,46호 어린이공원,어린이공원,37.75486136,128.8698497
강원특별자치도,강릉시,사천진리,86-58,사천진공원,어린이공원,37.83588599,128.8751091
강원특별자치도,강릉시,교항리,1263-9,교항7어린이공원,어린이공원,37.86947265,128.8232447
강원특별자치도,강릉시,영진리,360-52,영진1호 어린이공원,어린이공원,37.87265375,128.8334233
강원특별자치도,강릉시,홍제동,111-32번지,소공원,소공원,37.74984047,128.8844587
강원특별자치도,강릉시,홍제동,192-5번지,소공원,소공원,37.75423165,128.8857586
강원특별자치도,강릉시,홍제동,202-4번지,소공원,소공원,37.75490496,128.8867194
강원특별자치도,강릉시,주문진읍,교항리 1264,주문진 2 소공원,소공원,37.86928403,128.8251672
강원특별자치도,강릉시,주문진읍,교항리 1266-9,주문진 3 소공원,소공원,37.86863489,128.8265379
강원특별자치도,강릉시,주문진읍,교항리 1266-10,주문진 4 소공원,소공원,37.86716303,128.825771
강원특별자치도,강릉시,송정동,산104-13번지,소공원,소공원,37.7748307,128.9331274
강원특별자치도,강릉시,청량동,586-2,청량소공원,소공원,37.74717309,128.911297
강원특별자치도,강릉시,안현동,94-145,경포생태공원,소공원,37.80322891,128.9046851
강원특별자치도,강릉시,안현동,82-13,경포인공폭포공원,소공원,37.80916058,128.9015268
강원특별자치도,강릉시,남문동,187-1,남문동 쌈지공원,소공원,37.75013334,128.8922601
강원특별자치도,강릉시,유천동,669,옥포도공원,소공원,37.77321676,128.853231
강원특별자치도,강릉시,대전동,396,목포도공원,소공원,37.78536819,128.8505257
강원특별자치도,강릉시,유산동,453-2,섬석소공원,소공원,37.74221294,128.9186536
강원특별자치도,강릉시,정동진리,547-44,정동진 소공원,소공원,37.71112903,129.010988
강원특별자치도,강릉시,금진리,690-1,옥계 해수욕장 소공원,소공원,37.62340061,129.041053
강원특별자치도,강릉시,동덕리,446,연곡면 소공원,소공원,37.85844346,128.8372635
강원특별자치도,강릉시,포남동,1111,27호 어린이공원,어린이공원,37.76727213,128.9045977
강원특별자치도,강릉시,교동,997,32호 어린이공원,어린이공원,37.75614186,128.8877969
강원특별자치도,강릉시,교동,1820-2,33호 어린이공원,어린이공원,37.76847374,128.8774259
강원특별자치도,강릉시,교동,1899-2,34호 어린이공원,어린이공원,37.76323294,128.8734935
강원특별자치도,강릉시,교동,1752,35호 어린이공원,어린이공원,37.76649514,128.8844088
강원특별자치도,강릉시,교동,1855-4,36호 어린이공원,어린이공원,37.76459938,128.8812667
충청남도,천안시,서북구,백석동 899,백석2공원,근린공원,36.82159432,127.1258294
충청남도,천안시,서북구,백석동 911,백석51호공원,어린이공원,36.82032106,127.1197166
충청남도,천안시,서북구,백석동 916,백석53호공원,어린이공원,36.82265357,127.1192719
충청남도,천안시,서북구,백석동931,백석1공원,어린이공원,36.82786179,127.1163585
충청남도,천안시,서북구,백석동 948,백석9공원,어린이공원,36.83110628,127.1251004
충청남도,천안시,서북구,백석동 999,환서공원,어린이공원,36.8285051,127.1213211
충청남도,천안시,서북구,백석동 1168,송골공원,어린이공원,36.82615712,127.1212098
충청남도,천안시,서북구,불당동 1279,불당3공원,근린공원,36.79778441,127.0978903
충청남도,천안시,서북구,불당동 1282,불당4공원,근린공원,36.7938883,127.0980431
충청남도,천안시,서북구,"불당동 1451, 1458",불당6공원,근린공원,36.79883227,127.1025983
충청남도,천안시,동남구,풍세면 보성리 818,3호공원,근린공원,36.72544763,127.0960662
충청남도,천안시,동남구,풍세면 보성리 822,4호공원,근린공원,36.72039278,127.1056328
충청남도,천안시,동남구,풍세면 용정리 1017,돈마루공원(7호),소공원,36.73072005,127.097051
충청남도,천안시,동남구,풍세면 용정리 1040,용두공원(5호),소공원,36.72944017,127.1046241
충청남도,천안시,동남구,풍세면 용정리 970,1호공원,근린공원,36.73437632,127.1052847
충청남도,천안시,서북구,불당동 743,불당2공원,근린공원,36.81061544,127.1130795
충청남도,천안시,서북구,"불당동 761, 815",쌍불공원,근린공원,36.80675949,127.1152104
충청남도,천안시,서북구,"불당동 909, 871 일원",천변공원,근린공원,36.80500227,127.1085552
충청남도,천안시,서북구,불당동1409,불당공원(불당1),어린이공원,36.79909367,127.106862
충청남도,천안시,서북구,성거읍 신월리 3-25,신월공원(신월1),어린이공원,36.8787392316,127.1596644973
충청남도,논산시,연무읍,동산리 883-9,연무 1호 어린이공원,어린이공원,36.132251,127.102496
충청남도,논산시,내동,1117,보금자리주택지구 놀이터3,어린이공원,36.18059091,127.104687
충청남도,논산시,강경읍,남교리 89-1,강경 2호 어린이공원,어린이공원,36.159783,127.019142
강원특별자치도,강릉시,포남동,1192,5호 어린이공원,어린이공원,37.76952861,128.9155386
강원특별자치도,강릉시,포남동,1182-9,6호 어린이공원,어린이공원,37.7688105,128.9124818
강원특별자치도,강릉시,포남동,1175-5,7호 어린이공원,어린이공원,37.76974847,128.9103821
강원특별자치도,강릉시,포남동,1159,8호 어린이공원,어린이공원,37.76679847,128.9072227
강원특별자치도,강릉시,포남동,1119-5,9호 어린이공원,어린이공원,37.76470205,128.9043346
강원특별자치도,강릉시,포남동,1130-15,10호 어린이공원,어린이공원,37.76194897,128.9045033
강원특별자치도,강릉시,포남동,898-18,11호 어린이공원,어린이공원,37.7615384,128.9060709
강원특별자치도,강릉시,노암동,835-1,12호 어린이공원,어린이공원,37.74517257,128.9043657
강원특별자치도,강릉시,내곡동,620,13호 어린이공원,어린이공원,37.73980835,128.8779379
강원특별자치도,강릉시,홍제동,997-4,14호 어린이공원,어린이공원,37.7537476,128.8816452
강원특별자치도,강릉시,교동,1727,16호 어린이공원,어린이공원,37.7584539,128.8807657
강원특별자치도,강릉시,포남동,1293,17호 어린이공원,어린이공원,37.77289055,128.914161
강원특별자치도,강릉시,포남동,1293-3,18호 어린이공원,어린이공원,37.77082368,128.9144459
강원특별자치도,강릉시,포남동,1307-4,19호 어린이공원,어린이공원,37.77117786,128.917189
강원특별자치도,강릉시,입암동,710-3,25호 어린이공원,어린이공원,37.75744185,128.9210125
강원특별자치도,강릉시,노암동,643 일원,남산근린공원,근린공원,37.74662696,128.8935233
강원특별자치도,강릉시,교동,산 153-3 일원,교동1근린공원,근린공원,37.76484931,128.8953987
강원특별자치도,강릉시,교동,산141번지,교동2근린공원,근린공원,37.76954665,128.8991973
강원특별자치도,강릉시,교동,1813-1 일원,교동3근린공원,근린공원,37.7698998,128.8764523
강원특별자치도,강릉시,교동,1796-7 일원,교동4근린공원,근린공원,37.76971222,128.8814349
강원특별자치도,강릉시,유천동,785 일원,유천공원,근린공원,37.76112564,128.8668088
강원특별자치도,강릉시,유천동,791,오솔길공원,근린공원,37.76284333,128.8719436
강원특별자치도,강릉시,대전동,926번지,대전공원,근린공원,37.79595487,128.8584509
강원특별자치도,강릉시,입암동,산102 일원,성덕공원,문화공원,37.7519985,128.9150045
강원특별자치도,강릉시,교동,1071-1 일원,교동7공원,문화공원,37.761049219,128.884188408
강원특별자치도,강릉시,초당동,461-1,경포생태습지공원,문화공원,37.79639358,128.9083805
강원특별자치도,강릉시,교동,156-11,말나눔터공원,문화공원,37.75901589,128.8951756
강원특별자치도,강릉시,임당동,1-17,소나무숲길공원,문화공원,37.75817986,128.8956328
강원특별자치도,강릉시,임당동,106-1,임당공원,문화공원,37.75589225,128.8974693
강원특별자치도,강릉시,금학동,9-9,역사문화공원,문화공원,37.75538612,128.8981649
강원특별자치도,강릉시,성남동,51-18,생활문화공원,문화공원,37.75385997,128.8997874
강원특별자치도,강릉시,노암동,270-3 일원,월화공원,문화공원,37.75044723,128.9034596
강원특별자치도,강릉시,포남동,1223-1,2호 어린이공원,어린이공원,37.77862084,128.9153514
강원특별자치도,강릉시,포남동,1071,3호 어린이공원,어린이공원,37.7740841,128.9112603
강원특별자치도,강릉시,포남동,1096,4호 어린이공원,어린이공원,37.76981871,128.9037116
충청북도,청주시,청원구,오창읍 주성리 394,안골,소공원,36.444561,127.273364
충청북도,청주시,청원구,오창읍 주성리 355,주성2,소공원,36.443981,127.272342
충청북도,청주시,청원구,오창읍 주성리 418,주성1,소공원,36.443171,127.272843
충청북도,청주시,청원구,오창읍 주성리 572,주성3,소공원,36.434746,127.276321
충청북도,청주시,청원구,오창읍 송대리 346,반송저류,근린공원,36.432062,127.272411
충청북도,청주시,청원구,오창읍 성산리 산72,159호 수변공원,수변공원,36.739597,127.406653
충청북도,청주시,청원구,오창읍 성산리 산76-1,160호 수변공원,수변공원,36.736963,127.407466
충청북도,청주시,청원구,내수읍 초정리 300,한글,어린이공원,36.717609,127.603378
충청북도,청주시,청원구,내수읍 초정리 45-4,초록향기,어린이공원,36.722422,127.605053
충청북도,청주시,흥덕구,강내면 월곡리 409,월곡,어린이공원,36.6218861601,127.3692448956
충청북도,청주시,흥덕구,옥산면 오산리 215-10,우주,어린이공원,36.6642174849,127.374250242
충청남도,홍성군,홍북읍,신경리 599,두레2소공원(홍성1),소공원,36.660258,126.682714
충청남도,홍성군,홍북읍,신경리 664,두레4소공원(홍성3),소공원,36.657683,126.683178
충청남도,홍성군,홍북읍,신경리 634,두레5소공원(홍성4),소공원,36.658983,126.682775
충청남도,홍성군,홍북읍,신경리 847,두레6소공원(홍성5),소공원,36.657682,126.685889
충청남도,홍성군,홍북읍,신경리 512-48일원,소공원,소공원,36.6464277,126.6635076
충청남도,홍성군,홍북읍,신경리 512-52일원,소공원,소공원,36.384553,126.394835
충청남도,홍성군,홍성읍,오관리 1,천주교역사공원,역사공원,36.604529,126.668934
충청남도,결성면,성곡리,20-1,만해공원,역사공원,36.334434,126.339821
충청남도,홍성군,홍북읍,신경리 886,홍예공원(홍성1),문화공원,36.654563,126.665507
충청남도,홍성군,홍북읍,신경리 461-106일원,(홍성2),문화공원,36.391378,126.395092
충청남도,홍성군,서부면,남당리 864,해양공원,문화공원,36.53742442,126.474902
충청남도,홍성군,서부면,어사리 490-1,어사리노을공원,수변공원,36.556226,126.468574
충청남도,홍성군,홍북읍,신경리 1128,숲속마을놀이터공원(홍북5호),어린이공원,36.648595,126.686977
충청남도,홍성군,홍북읍,신경리 1278,숲소리놀이터공원(홍북8호),어린이공원,36.642799,126.685816
충청남도,홍성군,홍북읍,신경리 1074,숲속소리공원(홍북4호),어린이공원,36.650199,126.686744
충청남도,홍성군,홍북읍,신경리 1503,숲속의성공원(홍북12호),어린이공원,36.639445,126.685272
충청남도,홍성군,홍북읍,신경리 948,웅덩이공원(홍북3호),어린이공원,36.65120033,126.684213
충청남도,홍성군,홍북읍,신경리 1371,지형놀이공원(홍북10호),어린이공원,36.645698,126.676651
충청남도,홍성군,홍성읍,소향리 393-103,홍주숲공원,어린이공원,36.364347,126.382915
충청남도,홍성군,광천읍,광천리 32-4,광천생활체육공원(광천1호),체육공원,36.50626006,126.6350386
충청남도,홍성군,홍북읍,신경리 1557,신리체육공원(홍성1),체육공원,36.648246,126.666317
충청남도,홍성군,홍북읍,신경리 198-115일원,나루공원(홍성2),체육공원,36.641796,126.673126
충청남도,홍성군,광천읍,옹암리 475,광천 5호 소공원,소공원,36.48769961,126.617557
충청남도,홍성군,서부면,남당리 859-3,남당리 5호소공원(남당유통형),소공원,36.538895,126.472284
충청남도,홍성군,서부면,남당리 509-14,남당리 4호소공원(남당취락),소공원,36.54056694,126.471532
충청남도,홍성군,홍성읍,고암리 1137,고암 2호 소공원,소공원,36.591093,126.6701356
충청남도,홍성군,홍성읍,옥암리 1377,옥암 1호소공원,소공원,36.593314,126.6513692
충청남도,홍성군,갈산면,취생리 645,홍성산단 1호소공원,소공원,36.627803,126.532263
충청남도,홍성군,홍성읍,오관리 470-1,홍성읍 24호소공원(오관지구),소공원,36.597377,126.663981
충청남도,홍성군,홍성읍,오관리 806-1,25호 소공원,소공원,36.60445188,126.6591555
충청남도,홍성군,광천읍,옹암리 509-15,광천 6호 소공원,소공원,36.48512015,126.6160376
충청남도,홍성군,서부면,거차리 405-38,7호 소공원,소공원,36.5608516,126.4706011
충청남도,홍성군,홍성읍,고암리 492-4,역세권1호 소공원,소공원,36.60240225,126.678417
충청남도,홍성군,홍성읍,고암리 475-1,역세권2호 소공원,소공원,36.6022418,126.6802195
충청남도,홍성군,홍성읍,고암리 431-1,역세권3호 소공원,소공원,36.59746488,126.6802622
충청남도,홍성군,홍성읍,고암리 463-1,역세권4호 소공원,소공원,36.60166062,126.6804551
충청남도,홍성군,홍성읍,오관리 359,오관공원,소공원,36.59705184,126.6659825
충청남도,홍성군,광천읍,신진리 398-2,신진공원,소공원,36.50578364,126.6231039
충청남도,홍성군,홍성읍,남장리 439-3,27호 소공원,소공원,36.57675699,126.652731
경기도,구리시,갈매동,613,안말공원,어린이공원,37.63081645,127.1154485
충청남도,홍성군,홍북읍,신경리 1069,나뭇잎공원(홍북7호),어린이공원,36.645487,126.685671
충청남도,홍성군,홍북읍,신경리 1429,모래언덕공원(홍북11호),어린이공원,36.63999846,126.683958
충청남도,홍성군,홍북읍,신경리 1334,물빛공원(홍북9호),어린이공원,36.641116,126.686244
충청남도,홍성군,홍북읍,신경리 803,방울숲공원(홍북2호),어린이공원,36.65942234,126.685398
충청남도,홍성군,홍성읍,고암리 981,고암어린이공원,어린이공원,36.60081432,126.6745874
충청남도,홍성군,홍성읍,옥암리 963,남문공원,어린이공원,36.59653757,126.6548113
충청남도,홍성군,홍성읍,남장리 111-9,남장어린이공원,어린이공원,36.5918468,126.665057
충청남도,홍성군,광천읍,소암리 349-1,광천4호 어린이공원,어린이공원,36.50098914,126.6364595
충청남도,홍성군,홍성읍,월산리 858-5,월산어린이공원,어린이공원,36.60030556,126.6513217
충청남도,홍성군,홍성읍,남장리 528,남장골어린이공원,어린이공원,36.587287,126.664108
충청남도,홍성군,홍성읍,남장리 599,숲자락어린이공원,어린이공원,36.586978,126.668699
충청남도,홍성군,홍성읍,대교리 625,대교공원(홍성18호),어린이공원,36.60289662,126.6729908
충청남도,홍성군,홍성읍,대교리 540,대교제2공원,어린이공원,36.60331803,126.6704498
충청남도,홍성군,홍성읍,옥암리 1177,옥암 1호어린이공원,어린이공원,36.590758,126.646564
충청남도,홍성군,홍성읍,옥암리 1255,옥암 2호어린이공원,어린이공원,36.593095,126.6523459
충청남도,홍성군,홍성읍,옥암리 1073,옥암어린이공원,어린이공원,36.59523073,126.657157
충청남도,홍성군,홍북읍,신경리 948,웅덩이공원(홍북3호),어린이공원,36.65120033,126.684213
충청남도,홍성군,홍북읍,신경리 1371,지형놀이공원(홍북10호),어린이공원,36.645698,126.676651
충청남도,홍성군,홍북읍,신경리 720,구리구리숲공원(홍북1호),어린이공원,36.659104,126.684759
충청남도,홍성군,홍북읍,신경리 975,기차바람길공원(홍북6호),어린이공원,36.647746,126.6845998
충청남도,논산시,취암동,1086-3,논산 취암28 어린이공원,어린이공원,36.20159113,127.096596
충청남도,논산시,내동,1103,보금자리주택지구 놀이터1,어린이공원,36.181719,127.101242
충청남도,논산시,내동,1110,보금자리주택지구 놀이터2,어린이공원,36.178565,127.104405
경기도,안산시,상록구,본오동 45-6,각골공원,근린공원,37.29129177,126.8741507
경기도,안산시,상록구,본오동 723,반월공원,근린공원,37.28986972,126.869552
경기도,안산시,상록구,본오동 879-4,상록수공원,문화공원,37.299643,126.862742
경기도,안산시,상록구,본오동 산39,본오공원,근린공원,37.300955,126.868576
경기도,안산시,상록구,본오동 산80-1,오목골공원,근린공원,37.288462,126.860578
경기도,안산시,상록구,부곡동 709,성호공원,문화공원,37.328654,126.858672
경기도,안산시,상록구,부곡동 719,시낭공원,근린공원,37.33545156,126.8577855
경기도,안산시,상록구,부곡동 산50,부곡공원,근린공원,37.331737,126.869158
경기도,안산시,상록구,사동 1253-6,은하수공원,근린공원,37.3022084,126.854258
경기도,안산시,상록구,사동 1554,마로니에공원,근린공원,37.30350697,126.838133
경기도,안산시,상록구,사동 1583,석호공원,근린공원,37.302353,126.843962
경기도,안산시,상록구,사동 산83-8,감골공원,근린공원,37.292802,126.852217
경기도,안산시,상록구,성포동 582,성포공원,근린공원,37.32221093,126.8420673
경기도,안산시,상록구,성포동 589,성어공원,근린공원,37.318477,126.844317
경기도,안산시,상록구,성포동 산39-1,노적봉공원,근린공원,37.320194,126.854342
경기도,안산시,상록구,월피동 산 45,광덕공원,근린공원,37.3325124,126.8417092
경기도,안산시,상록구,사동 1535-1,용하공원,근린공원,37.3054955,126.8554443
경기도,안산시,상록구,이동 711,이동공원,근린공원,37.30956022,126.8485748
경기도,안산시,상록구,일동 산 136,점섬공원,근린공원,37.318861,126.860693
경기도,안산시,상록구,일동 산70-1,구룡공원,근린공원,37.307242,126.863315
경기도,안산시,상록구,본오동 669,소반월,어린이공원,37.287618,126.865102
경기도,안산시,상록구,본오동 676,해란,어린이공원,37.286348,126.865163
경기도,안산시,상록구,본오동 685,기양죽,어린이공원,37.286221,126.867784
경기도,안산시,상록구,부곡동 540,시랑,어린이공원,37.332476,126.864825
경기도,안산시,상록구,사동 1150,학사,어린이공원,37.299951,126.838802
충청북도,청주시,흥덕구,복대동 1353,신율봉공원,근린공원,36.374582,127.265609
충청북도,청주시,흥덕구,봉명동 1286,백봉공원,근린공원,36.383622,127.273778
충청북도,청주시,흥덕구,봉명동 1677,봉송,어린이공원,36.64487212,127.4594417
충청북도,청주시,흥덕구,봉명동 1435,좋은,어린이공원,36.64576522,127.4624484
충청북도,청주시,흥덕구,봉명동 187-2,봉명,어린이공원,36.382008,127.274127
충청북도,청주시,흥덕구,운천동 722,산정마을,어린이공원,36.384481,127.283038
충청북도,청주시,흥덕구,운천동 1435,수안들,어린이공원,36.384949,127.284149
충청북도,청주시,흥덕구,운천동 1162,가강골,어린이공원,36.383758,127.284131
충청북도,청주시,청원구,오창읍 주성리 565,창말,어린이공원,36.741349,127.446641
충청북도,청주시,청원구,오창읍 주성리 649,동성공원,근린공원,36.435113,127.263327
충청북도,청주시,청원구,오창읍 주성리 553,인골저류,근린공원,36.435846,127.272353
충청북도,청주시,청원구,오창읍 주성리 576,주성공원,근린공원,36.435113,127.263327
경기도,남양주시,화도읍,마석우리 346,마석제1호어린이공원,어린이공원,37.6596308,127.3027924
경기도,남양주시,화도읍,마석우리 568,마석제3호어린이공원(물놀이장),어린이공원,37.6557032,127.2995458
경기도,남양주시,화도읍,마석우리 356,마석제2호어린이공원,어린이공원,37.6592161,127.3041157
경기도,남양주시,와부읍,도곡리 1092,도곡2호공원,어린이공원,37.5762227,127.2245209
경기도,남양주시,오남읍,양지리 807-8,양지근린공원,근린공원,37.69879296,127.1945427
경기도,남양주시,화도읍,묵현리 95-8,묵현2지구도시공사어린이공원,어린이공원,37.6628496,127.2967637
경기도,남양주시,오남읍,오남리 732-1,오남2지구 어린이공원,어린이공원,37.695049654,127.2069476252
경기도,남양주시,화도읍,묵현리 456-8,묵현2리어린이공원(물놀이장),어린이공원,37.65770572,127.2739943
경기도,남양주시,다산동,751,가운택지 어린이공원,어린이공원,37.59727068,127.1587666
경기도,남양주시,다산동,"758, 761, 762, 764",바람근린공원,근린공원,37.60380641,127.1540006
경기도,남양주시,진접읍,장현리 90-2,장현4어린이공원,어린이공원,37.73077783,127.1924898
경기도,남양주시,진접읍,금곡리 1054-4,진접4호솔빛공원,어린이공원,37.7164475,127.2028681
경기도,남양주시,진접읍,금곡리 1037-18,진접5호아쿠아키즈파크,어린이공원,37.719012,127.2016274
경기도,남양주시,진접읍,금곡리 1119,진접7호숲속공원,어린이공원,37.7239485,127.2104548
전라남도,여수시,화장동,765-4,입덕공원,어린이공원,34.77321011,127.6420754
전라남도,여수시,화장동,894-78,두암공원,어린이공원,34.769553,127.6417448
충청남도,공주시,유구읍,석남리 366-2,바람공원,어린이공원,36.550014,126.948197
전라남도,여수시,화장동,857-1,화치공원,어린이공원,34.775201,127.6417842
전라남도,여수시,화장동,872-1,효성공원,어린이공원,34.774437,127.639177
전라남도,여수시,화장동,888-6,신풍공원,어린이공원,34.772256,127.6401951
전라남도,목포시,옥암동,1318,옥암지구3호,어린이공원,34.80918937,126.4565424
충청북도,옥천군,이원면,건진리 739-40,건진공원,근린공원,36.2507342732,127.6156474261
충청북도,옥천군,이원면,이원리 503,옥천묘목공원,근린공원,36.24660998,127.6268656
충청북도,옥천군,청산면,백운리 347,청산백운공원,소공원,36.347451,127.7948286856
충청북도,옥천군,청산면,인정리 1365,소공원,소공원,36.3325871,127.7929487
서울특별시,영등포구,신길동,455-1,신일어린이공원,어린이공원,37.510022,126.9221917
서울특별시,영등포구,여의도동,56,자매근린공원,근린공원,37.5180208997,126.9309951295
서울특별시,영등포구,문래동3가,66,문래근린공원,근린공원,37.517456,126.894267
서울특별시,영등포구,신길동,341-3,신길근린공원,근린공원,37.501712,126.905408
서울특별시,영등포구,당산동3가,385,당산근린공원,근린공원,37.52521794,126.8951468
서울특별시,영등포구,신길동,4934-4,메낙골근린공원,근린공원,37.50701967,126.915244
서울특별시,영등포구,영등포동6가,65-1,중앙어린이공원,어린이공원,37.52147175,126.9032729
서울특별시,영등포구,여의도동,50-2,평화어린이공원,어린이공원,37.52135273,126.9373261
서울특별시,영등포구,여의도동,50-3,자유어린이공원,어린이공원,37.521353,126.937326
서울특별시,영등포구,당산6가,10-7,강마을어린이공원,어린이공원,37.532972,126.906681
서울특별시,영등포구,양평동1가,205,양남어린이공원,어린이공원,37.523205,126.888303
경기도,안산시,상록구,사동 1165-6,한양나래,어린이공원,37.300388,126.841988
충청남도,계룡시,두마면,입암리 630,공원5,소공원,36.25224221,127.2682701
충청남도,계룡시,신도안면,남선리 1259,공원7,소공원,36.29738147,127.2398812
충청남도,계룡시,두마면,농소리 185,공원9,소공원,36.259946,127.255807
충청남도,계룡시,신도안면,남선리 1312,남선소공원1,소공원,36.30202617,127.2456228
충청남도,계룡시,두마면,입암리 99,입암공원1,역사공원,36.249119,127.270743
충청남도,계룡시,금암동,22-1,금암공원1,수변공원,36.27429996,127.2586915
충청남도,계룡시,두마면,농소리 245-1,용수말2,수변공원,36.25633598,127.2541214
충청남도,계룡시,두마면,두계리 1-2,팥거리공원1,체육공원,36.263635,127.2788158
충청남도,공주시,금성동,산5-1,사적공원(기존 도시자연공원),기타,36.46441502,127.1158907
충청남도,공주시,옥룡동,산22-1,중앙공원(기존 도시자연공원),기타,36.45052648,127.1318518
충청남도,공주시,중동,257,3.1중앙공원,소공원,36.45253783,127.125423
충청남도,공주시,이인면,만수리 산37-1,검상농공근린공원,근린공원,36.41974949,127.075082
충청남도,공주시,정안면,보물리 521,공원,근린공원,36.60199444,127.1226215
충청남도,공주시,의당면,가산리 68,공원,근린공원,36.55019696,127.1780112
충청남도,공주시,월송동,672,돝음별공원,근린공원,36.47274035,127.1535139
충청남도,공주시,반포면,봉곡리 산7-1,반포공원,근린공원,36.40464062,127.2484926
충청남도,공주시,반포면,봉곡리 산18-2,봉곡공원,근린공원,36.407259,127.242655
충청남도,공주시,신관동,366-6,신관공원,근린공원,36.474307,127.1312576
충청남도,공주시,금흥동,667,풀향기숲공원,근린공원,36.47909509,127.1536691
충청남도,공주시,탄천면,안영리 788,탄천1근린공원,근린공원,36.30323576,127.0555376
충청남도,공주시,탄천면,안영리 806,탄천2근린공원,근린공원,36.30573617,127.0607914
충청남도,공주시,월송동,621,숲속놀이터,어린이공원,36.47573552,127.1543991
충청남도,공주시,신관동,589-5,관골1공원,어린이공원,36.471869,127.130171
충청남도,공주시,신관동,665,관골2공원,어린이공원,36.47519177,127.135573
충청남도,공주시,신관동,649-1,덕성공원,어린이공원,36.473767,127.134118
충청남도,공주시,금성동,192-4,미나리공원,어린이공원,36.46305177,127.122472
충청남도,당진시,송악읍,반촌리 988,공원:608(송악:09 소공원),소공원,36.904179,126.695052
광주광역시,북구,오치동,913-19,박들어린이공원,어린이공원,35.19121644,126.9033484
광주광역시,북구,오치동,934-1,상오치어린이공원,어린이공원,35.18843337,126.9104000112
광주광역시,북구,오치동,990-1,하오치어린이공원,어린이공원,35.1857983,126.9072609
광주광역시,북구,오치동,927-1,샛터어린이공원,어린이공원,35.18946341,126.9076891
광주광역시,북구,오치동,946-9,차돌(독)어린이공원,어린이공원,35.18923418,126.9037787
광주광역시,북구,두암동,969-4,두암제1근린공원,근린공원,35.1651036,126.9376496
광주광역시,북구,두암동,975-6,군황어린이공원,어린이공원,35.16212651,126.9396407
광주광역시,북구,두암동,968-5,송학어린이공원,어린이공원,35.16528946,126.9345848
광주광역시,북구,문흥동,1009-1,문화근린공원,근린공원,35.183912455,126.9175413366
광주광역시,북구,문흥동,787-7,개나리어린이공원,어린이공원,35.1806318,126.9170025
광주광역시,북구,우산동,633-2,사랑어린이공원,어린이공원,35.17800347,126.9187881
광주광역시,북구,용봉동,1270,용봉어린이공원,어린이공원,35.18242782,126.9142522
광주광역시,북구,우산동,631-2,현대어린이공원,어린이공원,35.179792,126.919952
광주광역시,북구,우산동,633-5,충효어린이공원,어린이공원,35.17600435,126.9185708
광주광역시,북구,두암동,969-10,삼정어린이공원,어린이공원,35.16769944,126.9375115
광주광역시,북구,두암동,969-9,장수어린이공원,어린이공원,35.1619848,126.9387013
광주광역시,북구,오룡동,1113,첨단체육공원,체육공원,35.22054602,126.8587669
광주광역시,북구,문흥동,995-4,느티나무어린이공원,어린이공원,35.18438492,126.9241219
광주광역시,북구,문흥동,985-2,늘푸른어린이공원,어린이공원,35.1877446,126.927436
광주광역시,북구,문흥동,996-4,동심어린이공원,어린이공원,35.18626587,126.9224162
광주광역시,북구,문흥동,993-1,문산어린이공원,어린이공원,35.1866576,126.9261857
광주광역시,북구,문흥동,972-2,바느실어린이공원,어린이공원,35.19022191,126.923831
광주광역시,북구,문흥동,1010-3,소망어린이공원,어린이공원,35.1846753,126.9214515
광주광역시,북구,문흥동,970-1,송정어린이공원,어린이공원,35.19067459,126.9213228
광주광역시,북구,오치동,1018-2,오정어린이공원,어린이공원,35.18744328,126.914786
광주광역시,북구,문흥동,1004-7,장미어린이공원,어린이공원,35.1857752,126.919437
광주광역시,북구,문흥동,955-1,진달래어린이공원,어린이공원,35.18696036,126.920325
광주광역시,북구,문흥동,1011-6,철쭉어린이공원,어린이공원,35.18254778,126.9211128
광주광역시,북구,문흥동,1011-4,백일홍어린이공원,어린이공원,35.18267635,126.9247646
광주광역시,북구,일곡동,850-1,일곡제1근린공원,근린공원,35.2079765048,126.8954455859
광주광역시,북구,일곡동,820-2,일곡제2근린공원,근린공원,35.20650134,126.8983947
광주광역시,북구,일곡동,848-3,일곡제3근린공원,근린공원,35.2025932,126.8962296
광주광역시,북구,동림동,1147-3,동산어린이공원,어린이공원,35.18838989,126.8653074
광주광역시,북구,동림동,1146-2,산동어린이공원,어린이공원,35.19166525,126.8658821
광주광역시,북구,동림동,1158-1,푸른어린이공원,어린이공원,35.18822305,126.8676792
광주광역시,북구,동림동,1161-2,한마음어린이공원,어린이공원,35.188748,126.8696723
광주광역시,북구,삼각동,792-1,가작어린이공원,어린이공원,35.19845708,126.8996346
광주광역시,북구,일곡동,818-2,당산어린이공원,어린이공원,35.2098103,126.8991742
광주광역시,북구,일곡동,849-7,들샘어린이공원,어린이공원,35.2059169,126.8970029
광주광역시,북구,삼각동,777-2,비둘기어린이공원,어린이공원,35.2010078,126.8973384
광주광역시,북구,삼각동,809-9,삼각어린이공원,어린이공원,35.2007347,126.9012956
광주광역시,북구,일곡동,816-2,서일어린이공원,어린이공원,35.2127526,126.9004852
광주광역시,북구,일곡동,857-1,소소리어린이공원,어린이공원,35.21097051,126.8918963
광주광역시,북구,삼각동,770-2,용수어린이공원,어린이공원,35.2001125,126.8952973
광주광역시,북구,일곡동,825-1,월산어린이공원,어린이공원,35.20540546,126.8995643
광주광역시,북구,일곡동,917-1,일곡어린이공원,어린이공원,35.20861847,126.8927955
광주광역시,북구,일곡동,902-1,일동어린이공원,어린이공원,35.20682933,126.8914005
광주광역시,북구,일곡동,814-2,한새어린이공원,어린이공원,35.21310759,126.897398
광주광역시,북구,용봉동,1407-5,용봉꿈자람어린이공원,어린이공원,35.1761984,126.8955415
광주광역시,북구,용봉동,1417-1,용봉동어린이공원,어린이공원,35.1832391,126.9026351
광주광역시,북구,용봉동,1368-1,용봉동부어린이공원,어린이공원,35.18044947,126.897079
광주광역시,북구,용봉동,1335-1,용봉북어린이공원,어린이공원,35.1836928,126.896518
광주광역시,북구,용봉동,1392-1,용봉서부어린이공원,어린이공원,35.1774602,126.8926149
광주광역시,북구,용봉동,1363-1,용봉중앙어린이공원,어린이공원,35.17982462,126.8937886
광주광역시,북구,오룡동,1117,영산강대상근린공원,근린공원,35.21958358,126.8587095
경기도,안산시,단원구,선부동 1188-1,군자주공6소공원1,소공원,37.3313623,126.8028035
경기도,안산시,단원구,선부동 1188-3,군자주공6소공원2,소공원,37.33153195,126.8072713
경기도,안산시,단원구,성곡동 836,76호 소공원,소공원,37.30584009,126.7321704
경기도,안산시,단원구,고잔동 578-2,적금공원,소공원,37.32302986,126.8260744
경기도,안산시,단원구,선부동 1189-2,군자주공7`소공원1,소공원,37.33417027,126.8062715
경기도,안산시,단원구,선부동 1189-4,군자주공7소공원2,소공원,37.33344965,126.8063862
경기도,안산시,단원구,원시동 715-6,원시가로공원,소공원,37.31664009,126.7827506
경기도,안산시,단원구,원시동 448-5,산성공원,소공원,37.31098064,126.7971947
경기도,안산시,단원구,원곡동 1002-2,원곡2소공원,소공원,37.32503069,126.7990181
광주광역시,북구,본촌동,2849,본촌생태어린이공원,어린이공원,35.217929,126.8796804
광주광역시,북구,본촌동,3076,부용어린이공원,어린이공원,35.21520243,126.8839979
광주광역시,북구,본촌동,2990,본촌어린이공원,어린이공원,35.21505962,126.8804465
광주광역시,북구,본촌동,3080,가마어린이공원,어린이공원,35.2119028,126.8842861
광주광역시,북구,양산동,764,효솔어린이공원,어린이공원,35.2107348,126.8822436
광주광역시,북구,양산동,837,양지어린이공원,어린이공원,35.2095229,126.8767582
광주광역시,북구,양산동,1006,양산달빛어린이공원,어린이공원,35.2074071,126.8783718
광주광역시,북구,양산동,1090,본촌산단어린이공원,어린이공원,35.20582249,126.8744383
광주광역시,북구,양산동,1154,양지소공원,소공원,35.2047155,126.8814528
광주광역시,북구,신용동,680,신용빛고을근린공원,근린공원,35.2077934,126.8613964
광주광역시,북구,연제동,1020,연제근린공원,근린공원,35.19498645,126.8615525
광주광역시,북구,신용동,649,신용강변근린공원,근린공원,35.21087193,126.8566575
광주광역시,북구,신용동,658,신용어린이공원,어린이공원,35.21073342,126.8582945
광주광역시,북구,신용동,670,신복어린이공원,어린이공원,35.21244366,126.8619682
광주광역시,북구,신용동,740,건국어린이공원,어린이공원,35.21053915,126.8648313
광주광역시,북구,연제동,1059,양산체육공원,체육공원,35.1994359,126.8612305
광주광역시,북구,용두동,311-36,신평어린이공원,어린이공원,35.2106034,126.8713823
광주광역시,북구,임동,639,임동어린이공원,어린이공원,35.1622202886,126.8967707321
경기도,안산시,단원구,신길동 1575,어울림,어린이공원,37.333039,126.788621
경기도,안산시,단원구,신길동 1682,잠자리,어린이공원,37.333473,126.785759
경기도,안산시,단원구,초지동 682,소리,어린이공원,37.31440799,126.813976
경기도,안산시,단원구,초지동 707-1,파도,어린이공원,37.314347,126.817541
경기도,안산시,단원구,신길동 1536,신길역사공원,역사공원,37.335677,126.785667
경기도,안산시,단원구,목내동 521-3,늘봄공원,근린공원,37.2959519,126.768418
경기도,안산시,단원구,성곡동 793,온누리공원,체육공원,37.3009789,126.7579152
경기도,안산시,단원구,성곡동 802-5,해봉공원,문화공원,37.303902,126.746371
경기도,안산시,단원구,성곡동 808-7,샘물공원,수변공원,37.307827,126.732471
경기도,안산시,단원구,성곡동 818-3,단비공원,근린공원,37.30940766,126.7247082
경기도,안산시,단원구,대부북동 1984,방아머리공원,문화공원,37.289422,126.580999
경기도,안산시,단원구,초지동 590,초지1문화공원,문화공원,37.322585,126.806747
경기도,안산시,단원구,초지동 606-9,초지상문화공원,문화공원,37.322585,126.806747
경기도,안산시,단원구,초지동 606-3,초지상소공원2,소공원,37.322585,126.806747
경기도,안산시,단원구,고잔동 782-5,도토리공원,소공원,37.307241,126.832012
경기도,안산시,단원구,원곡동 852,원곡3문화공원,문화공원,37.324755,126.803681
경기도,안산시,단원구,원곡동 854,원곡3소공원,소공원,37.323728,126.804429
경기도,안산시,단원구,초지동 595-3,초지1소공원,소공원,37.322585,126.806747
경기도,안산시,단원구,초지동 606-5,초지상소공원,소공원,37.322585,126.808241
경기도,안산시,단원구,초지동 797,초지 솔밭소공원,소공원,37.32703059,126.8040409291
경기도,안산시,단원구,고잔동 851-1,중앙주공2-1소공원,소공원,37.3199104995,126.8372350291
경기도,안산시,단원구,고잔동 851-4,중앙주공2-2소공원,소공원,37.3192781936,126.8410244
경기도,안산시,단원구,선부동 1185,원선소공원,소공원,37.32950278,126.806137
경기도,안산시,단원구,초지동 801-1,군자주공5소공원,소공원,37.3275688852,126.8045229241
경기도,안산시,단원구,고잔동 853-1,힐스중앙소공원,소공원,37.3199725435,126.8368272202
경기도,안산시,단원구,고잔동 852-3,고잔소공원,소공원,37.32317414,126.8271130711
경기도,안산시,단원구,원곡동 994-12,유통업무지구 소공원2,소공원,37.3242287026,126.7935312505
경기도,안산시,단원구,와동 791,슬기나,어린이공원,37.347032,126.819659
경기도,안산시,단원구,와동 843,방죽,어린이공원,37.332944,126.8174479
경기도,안산시,단원구,원곡동 745,주택희망,어린이공원,37.332005,126.792271
경기도,안산시,단원구,원곡동 774,관산꿈동산,어린이공원,37.33070202,126.797133
경기도,안산시,단원구,원곡동 795-1,다문화,어린이공원,37.329075,126.790354
경기도,안산시,단원구,원곡동 805-2,군자샛별,어린이공원,37.328192,126.792975
경기도,안산시,단원구,초지동 607-1,바람,어린이공원,37.324266,126.807502
경기도,안산시,단원구,와동 102,와개,어린이공원,37.342434,126.8294304
경기도,안산시,단원구,와동 710-4,광덕산밑,어린이공원,37.337512,126.829366
경기도,안산시,단원구,와동 749,큰고개,어린이공원,37.338713,126.821885
경기도,안산시,단원구,와동 809,왜둘기,어린이공원,37.34261261,126.819266
경기도,안산시,단원구,와동 818,늘봄,어린이공원,37.338302,126.818127
경기도,안산시,단원구,와동 99-7,강서,어린이공원,37.341313,126.8271991
경기도,안산시,단원구,초지동 723-1,둔배미공원,근린공원,37.310739,126.816402
경기도,안산시,단원구,와동 95-3,와동제2공원,근린공원,37.343607,126.834817
경기도,안산시,단원구,고잔동 369,행복,어린이공원,37.332056,126.831482
경기도,안산시,단원구,고잔동 697,햇살,어린이공원,37.313561,126.823623
경기도,안산시,단원구,고잔동 735,중앙역,어린이공원,37.31341613,126.837965
경기도,안산시,단원구,고잔동 754,이삭길,어린이공원,37.313207,126.839885
경기도,안산시,단원구,선부동 971-20,지곡,어린이공원,37.33620684,126.803399
경기도,안산시,단원구,신길동 1384-12,신길달맞이,어린이공원,37.33812515,126.761634
경기도,안산시,단원구,신길동 1417-25,능길해맞이,어린이공원,37.33623433,126.764723
경기도,안산시,단원구,신길동 1496,공룡,어린이공원,37.336632,126.779513
경기도,안산시,단원구,신길동 1514,연꽃,어린이공원,37.334978,126.780422
경기도,안산시,단원구,신길동 1547,해솔,어린이공원,37.338056,126.787479
경기도,안산시,단원구,신길동 1562,동화,어린이공원,37.337659,126.789111
경기도,화성시,남양리,2264,소공원1호,소공원,37.20517639,126.8227457
경기도,화성시,남양리,2271-1,소공원2호,소공원,37.20611799,126.8242395
경기도,화성시,남양리,2320-6,공공공지1호,기타,37.19941408,126.8267235
경기도,화성시,남양리,2322-1,공공공지2호,기타,37.1985005,126.8276667
경기도,화성시,남양리,2232-7,광장1호,기타,37.2094188,126.8318285
경기도,화성시,남양리,2231,광장2호,기타,37.2105511,126.8313632
경기도,평택시,팽성읍,남산리 561-1,남산1호 소공원(팽성6호),소공원,36.954545,127.063028
경기도,평택시,팽성읍,남산리 564,남산2호 소공원(팽성7호),소공원,36.953862,127.064383
경기도,평택시,팽성읍,노와리 460-3,노와이주1호 소공원(노와지구13호),소공원,36.946808,127.092641
경기도,평택시,팽성읍,노와리 461-17,노와이주2호 소공원(노와지구14호),소공원,36.946282,127.093677
경기도,평택시,팽성읍,두정리 45-1,두정1리 소공원,소공원,36.940061,127.038337
경기도,평택시,비전동,839-10,등꽃향기 소공원,소공원,36.99402,127.111466
경기도,평택시,비전동,953 954,롯데캐슬 소공원,소공원,36.99979,127.096026
경기도,평택시,팽성읍,본정리 산9-2,본정리 소공원,소공원,36.94882,127.010414
경기도,평택시,동삭동,산15-1,상서재3호 소공원(동삭2지구),소공원,37.016989,127.096875
경기도,평택시,동삭동,179-1,소공원 1호(동삭 세교지구),소공원,37.004417,127.091063
경기도,평택시,세교동,산6-2,잔다리 소공원,소공원,37.010682,127.090992
경기도,평택시,팽성읍,본정리 4-4,소공원1호(두정지구),소공원,36.945392,127.021142
경기도,평택시,팽성읍,본정리 27-1임,소공원2호(두정지구),소공원,36.945744,127.023017
경기도,평택시,팽성읍,본정리 31-3답,소공원3호(두정지구),소공원,36.946666,127.023092
경기도,평택시,팽성읍,송화리 834,송화 소공원,소공원,36.961321,127.053609
경기도,평택시,신대동,8-7,통복1 소공원,소공원,36.997714,127.082209
경기도,평택시,소사동,122-1,어울림 소공원(소사2지구),소공원,36.989273,127.124384
경기도,평택시,포승읍,원정리 221-85,원정(포승)소공원(쌍용지구),소공원,36.999847,126.838805
경기도,평택시,포승읍,원정리 281-1,원정22호 소공원(쌍용지구),소공원,36.996347,126.840059
경기도,평택시,팽성읍,원정리 87-2,원정리 소공원,소공원,36.974819,127.04034
경기도,평택시,팽성읍,추팔리 296-1,추팔 소공원,소공원,36.96384,127.075481
경기도,평택시,통복동,242-2,화촌1 소공원,소공원,36.992578,127.072429
경기도,평택시,통복동,242-6,화촌2 소공원,소공원,36.992284,127.072444
경기도,평택시,비전동,999공,1호 물빛1 수변공원(소사벌택지  이곡수변),수변공원,37.005251,127.10066
경기도,김포시,걸포동,262-2,걸포3지구 걸포마루공원,근린공원,37.63365761,126.7028179
경기도,김포시,양촌읍,대포리 457,대포산단 근린공원,근린공원,37.612034962,126.6288134754
경기도,김포시,사우동,산 15-2,사우5A 45호 근린공원,근린공원,37.61419028,126.7183756
경기도,김포시,고촌읍,향산리 586-43,시네폴리스 근린공원1호,근린공원,37.63036323,126.7347124
경기도,김포시,양촌읍,학운리 517,학운4-1 근린공원,근린공원,37.6076729,126.6166755
경기도,김포시,양촌읍,학운리 3838,학운3소공원51,소공원,37.606765727,126.5962535954
경기도,김포시,고촌읍,신곡리 1008-47,신곡6지구(24호)신곡1공원,소공원,37.5896478214,126.762079596
경기도,김포시,고촌읍,신곡리 1295-85,신곡6지구(25호)신곡2공원,소공원,37.59368651,126.7537810019
경기도,김포시,월곶면,고막리 산50-2,고막지구 소공원,소공원,37.73390966,126.564983
경기도,김포시,양촌읍,학운리 517,학운(6)산단(52호),소공원,37.60137825,126.5994366
경기도,김포시,걸포동,730,시네폴리스 체육공원1호,체육공원,37.63689064,126.7229695
경기도,김포시,양촌읍,대포리 439,대포산단 수변공원,수변공원,37.6180937157,126.6311043966
충청북도,옥천군,옥천읍,가풍리 1116,소공원,소공원,36.2731649835,127.5915403
충청북도,옥천군,옥천읍,가풍리 1128,소공원,소공원,36.2742909122,127.5914739809
충청북도,옥천군,옥천읍,가풍리 산3-1,소공원,소공원,36.2770351,127.5929233
충청북도,옥천군,옥천읍,구일리 450,소공원,소공원,36.2814338,127.5908121
충청북도,옥천군,옥천읍,금구리 103-6,옥천중앙공원,근린공원,36.295866929,127.5738131883
충청북도,옥천군,옥천읍,금구리 49-1,구일천생태공원,소공원,36.3002387143,127.5715165138
충청북도,옥천군,옥천읍,금구리 57-22,금구1어린이공원,어린이공원,36.2983516,127.5694173
충청북도,옥천군,옥천읍,대천리 403-18,대천어린이공원,어린이공원,36.2908166,127.5711719375
충청북도,옥천군,옥천읍,삼양리 125,향수공원,근린공원,36.3082736341,127.5729751481
충청북도,옥천군,옥천읍,상계리 22-1,지용문학공원,문화공원,36.318114,127.5842293
충청북도,옥천군,옥천읍,서대리 433,소공원,소공원,36.2766638,127.5873238
충청북도,옥천군,옥천읍,수북리 39,옥천선사공원,역사공원,36.3156553,127.6102954275
충청북도,옥천군,옥천읍,장야리 346-6,장야어린이공원,어린이공원,36.2961594992,127.5753744277
충청북도,옥천군,옥천읍,죽향리 45-22,친수공원,수변공원,36.3170484087,127.5818015657
경기도,수원시,장안구,정자동 880-1,동신,어린이공원,37.29483221,126.9901113
경기도,안산시,단원구,고잔동 505-3,보배,어린이공원,37.330923,126.8290125
경기도,안산시,단원구,선부동 1010,거미울,어린이공원,37.341678,126.802482
경기도,안산시,단원구,고잔동 662-1,화랑,어린이공원,37.325994,126.820789
경기도,안산시,단원구,선부동 1025,석수,어린이공원,37.343339,126.805023
경기도,안산시,단원구,초지동 740,풍경공원,근린공원,37.30595881,126.8158053
경기도,안산시,단원구,고잔동 624,황금,어린이공원,37.332075,126.829755
경기도,안산시,단원구,고잔동 647,해송,어린이공원,37.329532,126.839302
경기도,안산시,단원구,고잔동 651-6,안식,어린이공원,37.3289121,126.8189999
경기도,안산시,단원구,선부동 1056-7,경일,어린이공원,37.345534,126.806873
경기도,안산시,단원구,선부동 1060,정지막골,어린이공원,37.340348,126.808162
경기도,안산시,단원구,선부동 1093,달미,어린이공원,37.344067,126.816072
경기도,안산시,단원구,와동 724,와동,어린이공원,37.333075,126.825215
경기도,안산시,단원구,와동 803-7,여울,어린이공원,37.344225,126.820527
경기도,안산시,단원구,고잔동 산20,중앙공원,근린공원,37.325514,126.8301899
경기도,안산시,단원구,와동 778,샘터,어린이공원,37.34502295,126.822185
경기도,안산시,단원구,와동 833,기쁨,어린이공원,37.33254617,126.820799
경기도,안산시,단원구,와동 123,복지,어린이공원,37.339797,126.827943
경기도,안산시,단원구,선부동 1105,샘물,어린이공원,37.347213,126.816169
경기도,안산시,단원구,선부동 980-5,뗏골,어린이공원,37.339032,126.795692
경기도,안산시,단원구,원곡동 816,나무,어린이공원,37.327244,126.794524
경기도,안산시,단원구,원곡동 836,양지,어린이공원,37.326404,126.797889
경기도,안산시,단원구,원곡동 850,원곡,어린이공원,37.323728,126.804429
경기도,안산시,단원구,초지동 746,원포공원,근린공원,37.301607,126.808119
경기도,안산시,단원구,성곡동 696,22호근린공원,근린공원,37.32351434,126.7366709
경기도,안산시,단원구,선부동 1123-7,선삼로,어린이공원,37.346708,126.811284
서울특별시,강서구,공항동,1220,마곡하늬,근린공원,37.556699,126.812659
경기도,안산시,상록구,이동 703-3,무지개,어린이공원,37.31051887,126.849279
경기도,안산시,상록구,건건동 709-1,건건동소공원,소공원,37.307469,126.905393
경기도,안산시,상록구,성포동 747-7,성포주공3-1,소공원,37.31948297,126.8457162
경기도,안산시,상록구,성포동 747-2,성포주공3-3,소공원,37.32008394,126.8484315
경기도,안산시,상록구,건건동 992,반달공원,근린공원,37.309328,126.902804
경기도,안산시,상록구,건건동 940-48,용담마을,소공원,37.301158,126.899906
경기도,안산시,상록구,본오동 990-7,해란공원,근린공원,37.284674,126.8645096
경기도,안산시,단원구,원곡동 산35-11,원곡공원,문화공원,37.332829,126.795195
경기도,안산시,단원구,고잔동 713-2,고잔공원,근린공원,37.30905585,126.823263
경기도,안산시,단원구,고잔동 777,민속공원,근린공원,37.30775997,126.8363326
경기도,안산시,단원구,고잔동 산83,원고잔공원,근린공원,37.325687,126.824255
경기도,안산시,단원구,선부동 산119,샛터공원,근린공원,37.33769909,126.806548
경기도,안산시,단원구,선부동 산168,선부제1공원,근린공원,37.33106173,126.808455
경기도,안산시,단원구,선부동 산170-1,선부제2공원,근린공원,37.33115252,126.810685
경기도,안산시,단원구,선부동 산90,정지제2공원,근린공원,37.342735,126.811273
경기도,안산시,단원구,선부동 산90-3,정지제1공원,근린공원,37.340612,126.810064
경기도,안산시,단원구,와동 151,사세충렬문공원,근린공원,37.337445,126.830588
경기도,안산시,단원구,와동 37-2,와동묘지공원,묘지공원,37.342558,126.833769
경기도,안산시,단원구,와동 787,와동제1공원,근린공원,37.348287,126.8234463
경기도,안산시,단원구,와동 813-1,와동공원,근린공원,37.340018,126.820303
경기도,안산시,단원구,원곡동 산 100-1,백운공원,근린공원,37.31983473,126.8031041
경기도,안산시,단원구,원시동 산37,전망대공원,근린공원,37.303039,126.791241
경기도,안산시,단원구,선부동 993,못골,어린이공원,37.338069,126.803786
경기도,안산시,단원구,와동 261-2,만남,어린이공원,37.339711,126.830104
경기도,안산시,단원구,와동 765-6,꿈동산,어린이공원,37.341993,126.823112
경기도,안산시,단원구,신길동 1748,신길공원,근린공원,37.33164174,126.7554699
서울특별시,서대문구,창천동,57-18,창천문화공원,문화공원,37.5568595,126.935161
서울특별시,서대문구,연희동,산118-1,궁동근린공원,근린공원,37.5687539,126.9195783
서울특별시,서대문구,북아현동,210-24,명수어린이공원,어린이공원,37.560086,126.9507473
서울특별시,서대문구,대현동,146,대현문화공원,문화공원,37.55779769,126.945455
서울특별시,서대문구,홍제동,277-82,문화촌어린이공원,어린이공원,37.59512829,126.947351
서울특별시,서대문구,홍제동,287-121,불천어린이공원,어린이공원,37.59743951,126.948142
서울특별시,서대문구,북가좌동,3-39,은가어린이공원,어린이공원,37.58280507,126.919472
서울특별시,서대문구,홍은동,산11-313,백련근린공원,근린공원,37.5906206,126.9333684
서울특별시,서대문구,연희동,109-2,동구물어린이공원,어린이공원,37.571323,126.928045
서울특별시,서대문구,연희동,123-5,궁뜰어린이공원,어린이공원,37.56901942,126.9304024
서울특별시,서대문구,연희동,86-3,궁말어린이공원,어린이공원,37.571041,126.9336096
서울특별시,서대문구,연희동,73-8,대궐재어린이공원,어린이공원,37.574059,126.937078
서울특별시,서대문구,연희동,446-182,연희어린이공원,어린이공원,37.567723,126.921481
서울특별시,서대문구,북가좌동,318-1,신가어린이공원,어린이공원,37.580122,126.9083536
서울특별시,서대문구,북가좌동,325-20,해담는어린이공원,어린이공원,37.58242478,126.9104505
서울특별시,서대문구,연희동,151-49,다람쥐어린이공원,어린이공원,37.576037,126.934403
서울특별시,서대문구,홍제동,156-363,모랫재어린이공원,어린이공원,37.582955,126.9447011
서울특별시,서대문구,홍제동,322-72,상암곡어린이공원,어린이공원,37.582828,126.942227
서울특별시,서대문구,홍은동,405-3,홍남어린이공원,어린이공원,37.57799976,126.9291972
서울특별시,서대문구,홍은동,408-4,홍연어린이공원,어린이공원,37.58012707,126.926801
서울특별시,서대문구,홍은동,421-1,백련어린이공원,어린이공원,37.582234,126.9240153
서울특별시,서대문구,남가좌동,368,남이마을어린이공원,어린이공원,37.579028,126.919623
서울특별시,서대문구,남가좌동,326-8,연남어린이공원,어린이공원,37.5782157,126.925305
서울특별시,서대문구,홍은동,455-4,실락어린이공원,어린이공원,37.594473,126.943334
서울특별시,서대문구,창천동,4-54,바람산어린이공원,어린이공원,37.558263,126.9402044
서울특별시,서대문구,현저동,101,독립근린공원,근린공원,37.57610554,126.9554446
서울특별시,서대문구,남가좌동,376-4,가좌어린이공원,어린이공원,37.57586791,126.9205476
서울특별시,서대문구,남가좌동,377-3,개나리어린이공원,어린이공원,37.57778288,126.9177748
서울특별시,서대문구,창천동,4-55,창천근린공원,근린공원,37.55787373,126.9402803
서울특별시,서대문구,홍제동,454-2,홍제근린공원,근린공원,37.59485485,126.9530472
서울특별시,서대문구,합동,118-1,기차길옆소공원,소공원,37.56222543,126.9653523
서울특별시,서대문구,영천동,263,독립문어린이공원,어린이공원,37.571549,126.9604898
서울특별시,서대문구,연희동,519-7,연서어린이공원,어린이공원,37.57210598,126.9233003
서울특별시,서대문구,북가좌동,459-1,북가좌정원지구어린이공원,어린이공원,37.579749,126.9167807
서울특별시,서대문구,홍은동,8-158,홍은동어린이공원,어린이공원,37.601593,126.950296
서울특별시,서대문구,홍제동,469-1,아름다운소공원,소공원,37.58485193,126.9471888
서울특별시,서대문구,북가좌동,480,중앙근린공원,근린공원,37.57514307,126.9133826
서울특별시,서대문구,남가좌동,379-3,솟대어린이공원,어린이공원,37.572759,126.9128368
서울특별시,서대문구,북가좌동,475,나비울어린이공원,어린이공원,37.57480967,126.909632
서울특별시,서대문구,홍은동,산1-549,홍은3소공원,소공원,37.59965931,126.9433995
서울특별시,서대문구,북가좌동,338-21,거꾸로어린이공원,어린이공원,37.58503469,126.913284
서울특별시,서대문구,홍제동,280-2,문화소공원,소공원,37.59467058,126.948792
서울특별시,서대문구,남가좌동,382-5,한울소공원,소공원,37.57089843,126.9165627
서울특별시,서대문구,홍제동,451-1,무궁화소공원,소공원,37.58489844,126.9401841
서울특별시,서대문구,홍은동,445-3,하늘소공원,소공원,37.59385753,126.942133
서울특별시,서대문구,남가좌동,383-2,모래내어린이공원,어린이공원,37.57238084,126.9137262
충청남도,천안시,동남구,청당동 602,청당3공원,근린공원,36.78902577,127.157086
충청남도,천안시,동남구,청당동 608,청당4공원,근린공원,36.79017695,127.1599074
충청남도,천안시,동남구,청당동 651,청당골공원(청당5),어린이공원,36.7854313,127.1600478
충청남도,천안시,동남구,청당동 776,청당6공원,어린이공원,36.7833179,127.1606646
충청남도,천안시,동남구,청당동 870,뒷들공원(청당7),어린이공원,36.78240981,127.1622429
충청남도,천안시,동남구,청수동 264,구성2공원,어린이공원,36.7898576,127.155911
충청남도,천안시,동남구,청수동 270,청수2공원,근린공원,36.78771751,127.1495476
충청남도,천안시,동남구,청수동 330,청수1공원,어린이공원,36.78844866,127.1534604
충청남도,천안시,동남구,풍세면 보성리 731,2호공원,근린공원,36.72473183,127.1027875
충청남도,천안시,동남구,풍세면 용정리 989,솔모랭이공원(6호),소공원,36.73332384,127.1005473
충청남도,천안시,동남구,유량동 산1-1,태조산공원,근린공원,36.82207666,127.1889559
충청남도,천안시,서북구,두정동 1205,행복공원,어린이공원,36.83617615,127.1402341
충청남도,천안시,서북구,두정동 1560,부대2공원,어린이공원,36.8374277,127.1447366
충청남도,천안시,서북구,두정동 1696,산새공원(부대1),어린이공원,36.83718258,127.1493473
충청남도,천안시,서북구,두정동 2038,정담은공원(두정1),어린이공원,36.83315568,127.1496841
충청남도,천안시,서북구,두정동 2046,두정8공원,어린이공원,36.83127472,127.1499307
충청남도,천안시,서북구,"두정동 397-1, 396-1",두정공원,근린공원,36.83481083,127.1541727
충청남도,천안시,서북구,두정동 615,말우물공원(백석4),어린이공원,36.82630777,127.1286182
충청남도,천안시,서북구,두정동 681,두정오성공원(두정6),어린이공원,36.83263767,127.1303627
충청남도,천안시,서북구,두정동869,원두정먹거리공원(두정5),어린이공원,36.83177162,127.1364262
충청남도,천안시,서북구,두정동 985,북부제1공원,근린공원,36.83459674,127.1346155
충청남도,천안시,서북구,백석동 1012,새가라공원,어린이공원,36.8310767,127.1215017
충청남도,천안시,서북구,백석동 1001,나비공원,소공원,36.8275688618,127.1230131131
충청남도,천안시,서북구,두정동 771,백석56호공원,어린이공원,36.83121644,127.1314071
충청남도,천안시,서북구,두정동 833,백석55호공원,어린이공원,36.83064073,127.1362931
충청남도,천안시,서북구,백석동 895,백석54호공원,어린이공원,36.82268029,127.1213657
경기도,안산시,상록구,본오동 916,신선,어린이공원,37.289427,126.864926
경기도,안산시,상록구,본오동 940,산우물,어린이공원,37.288175,126.858513
경기도,안산시,상록구,사동 1188-5,서암,어린이공원,37.302132,126.848988
경기도,안산시,상록구,사동 1202,푸른,어린이공원,37.302526,126.851509
경기도,안산시,상록구,사동 1379-5,항가울,어린이공원,37.286717,126.845547
경기도,안산시,상록구,일동 111-4,수리실,어린이공원,37.31503014,126.870318
경기도,안산시,상록구,일동 125,구룡,어린이공원,37.312143,126.869063
경기도,안산시,상록구,일동 578,식물원,어린이공원,37.315236,126.8636064
경기도,안산시,상록구,일동 594,호동,어린이공원,37.314747,126.865806
경기도,안산시,상록구,사동 1510-12,사동7호공원,수변공원,37.296556,126.816798
경기도,안산시,상록구,사동 1512-2,사동8호공원,근린공원,37.29409072,126.8225099737
경기도,안산시,상록구,수암동 460-11,수암소공원,소공원,37.365618,126.878904
경기도,안산시,상록구,팔곡이동 산66-15,팔곡산공원,근린공원,37.297387,126.878433
경기도,안산시,상록구,팔곡일동 681-1,팔곡,어린이공원,37.297578,126.887507
경기도,안산시,상록구,수암동 485,원당,어린이공원,37.362813,126.881263
경기도,안산시,상록구,수암동 497,안산큰,어린이공원,37.36221973,126.8773776
경기도,안산시,상록구,장상동 533,장상,어린이공원,37.36033083,126.872301
경기도,안산시,상록구,사동 1522,천문,어린이공원,37.305885,126.845761
경기도,안산시,상록구,사동 1575,꿈동산,어린이공원,37.302661,126.839348
경기도,안산시,상록구,이동 631,달집,어린이공원,37.312791,126.843366
경기도,안산시,상록구,이동 652-1,갯벌,어린이공원,37.312768,126.847529
경기도,안산시,상록구,이동 679,소나무,어린이공원,37.308483,126.846015
경기도,의왕시,학의동,1092,달빛어린이공원,어린이공원,37.37341955,127.0090721
경기도,의왕시,학의동,1051,하늘빛어린이공원,어린이공원,37.37479341,127.0109921
경기도,의왕시,오전동,231-1,보식골로어린이공원,어린이공원,37.35892407,126.9698071
경기도,의왕시,이동,218-111,금천마을2-1호공원,소공원,37.32895823,126.9507337
경기도,의왕시,이동,204-37,금천마을2-2호공원,소공원,37.32926621,126.9525044
경기도,의왕시,내손동,710-15,복지공원,소공원,37.38671302,126.980976
경기도,안산시,상록구,사동 1427-6,항호,어린이공원,37.283774,126.846821
경기도,안산시,상록구,월피동 454-7,원앙,어린이공원,37.333853,126.8502942
경기도,안산시,상록구,월피동 462,성모,어린이공원,37.334521,126.852253
경기도,안산시,상록구,일동 612-3,안골,어린이공원,37.309695,126.871785
경기도,안산시,상록구,본오동 846-4,백두령,어린이공원,37.290682,126.870805
경기도,안산시,상록구,부곡동 639-7,새말,어린이공원,37.33380501,126.865828
경기도,안산시,상록구,부곡동 703,점성,어린이공원,37.321781,126.858855
경기도,안산시,상록구,사동 1242,용신,어린이공원,37.300318,126.856843
경기도,안산시,상록구,사동 1266-7,상수리,어린이공원,37.298146,126.857971
경기도,안산시,상록구,사동 1316,문학,어린이공원,37.294616,126.8517045
경기도,안산시,상록구,월피동 441,부루지,어린이공원,37.330349,126.851812
경기도,안산시,상록구,월피동 491,화목,어린이공원,37.336204,126.845558
경기도,안산시,상록구,월피동 510,한빛,어린이공원,37.334294,126.846569
경기도,안산시,상록구,일동 102-5,성태산,어린이공원,37.315334,126.872603
경기도,안산시,상록구,본오동 764,약수,어린이공원,37.295876,126.874738
경기도,안산시,상록구,본오동 775,패랭이,어린이공원,37.293789,126.874447
경기도,안산시,상록구,본오동 887-6,산정,어린이공원,37.292797,126.860948
경기도,안산시,상록구,본오동 908,분오,어린이공원,37.29094773,126.864125
경기도,안산시,상록구,본오동 950,샘골,어린이공원,37.286426,126.862952
경기도,안산시,상록구,본오동 976,이호,어린이공원,37.283313,126.858081
경기도,안산시,상록구,부곡동 601,부곡,어린이공원,37.323018,126.8604524
경기도,안산시,상록구,부곡동 732,월피,어린이공원,37.334357,126.858629
경기도,안산시,상록구,사동 1340,시곡,어린이공원,37.294529,126.8558686
경기도,안산시,상록구,월피동 471,행운,어린이공원,37.33689144,126.854439
경기도,안산시,상록구,월피동 478,월성,어린이공원,37.337035,126.852632
경기도,안산시,상록구,본오동 717,신성,어린이공원,37.287934,126.867068
경기도,안산시,상록구,이동 582-2,매화,어린이공원,37.305824,126.859186
경기도,안산시,상록구,일동 560,성호,어린이공원,37.316986,126.861567
경기도,안산시,상록구,이동 544-2,석삼말,어린이공원,37.310568,126.862497
경기도,안산시,상록구,일동 658,상록수,어린이공원,37.305801,126.864229
경기도,안산시,상록구,부곡동 659-7,정재2,어린이공원,37.33462934,126.863197
경기도,안산시,상록구,월피동 507,월광,어린이공원,37.335622,126.843772
경기도,안산시,상록구,이동 531,이동,어린이공원,37.311774,126.858916
경기도,안산시,상록구,본오동 1130,장수,어린이공원,37.300738,126.874163
경기도,안산시,상록구,본오동 793-3,각골,어린이공원,37.295642,126.870803
경기도,안산시,상록구,본오동 802-4,양지,어린이공원,37.297774,126.869565
경기도,안산시,상록구,본오동 836,배기,어린이공원,37.292392,126.870588
경기도,안산시,상록구,부곡동 615,부남,어린이공원,37.326809,126.860579
경기도,안산시,상록구,부곡동 690,아람,어린이공원,37.324912,126.858413
경기도,안산시,상록구,사동 1406-9,감골,어린이공원,37.283245,126.852715
경기도,안산시,상록구,사동 1413,장화,어린이공원,37.283287,126.849613
경기도,안산시,상록구,일동 619-7,웃말,어린이공원,37.308007,126.870513
경기도,안산시,상록구,사동 1513,호수공원,근린공원,37.30210932,126.830076
경기도,안산시,상록구,본오동 818-6,놀애별,어린이공원,37.29557523,126.868419
경기도,안산시,상록구,본오동 852,장곡,어린이공원,37.290898,126.867908
경기도,안산시,상록구,부곡동 650,정재1,어린이공원,37.336831,126.865714
경기도,안산시,상록구,부곡동 669-4,태마당,어린이공원,37.331816,126.8620077
경기도,안산시,상록구,일동 547-7,첨성,어린이공원,37.318413,126.861884
경기도,안산시,상록구,본오동 865,고산,어린이공원,37.292528,126.864992
경기도,안산시,상록구,본오동 925-2,선암,어린이공원,37.289357,126.862551
경기도,안산시,상록구,사동 1287,산구비,어린이공원,37.29691535,126.845978
경기도,안산시,상록구,사동 1296-5,후곡,어린이공원,37.296489,126.849794
서울특별시,성북구,삼선동1가,303,삼선,어린이공원,37.58323585,127.0103900048
서울특별시,성북구,안암동2가,140-3,범바위,어린이공원,37.58549036,127.0214092
서울특별시,성북구,보문동7가,108-2,꿈나라,어린이공원,37.58029718,127.023018
서울특별시,성북구,정릉3동,895-2,배밭골,어린이공원,37.60812583,126.9986863
서울특별시,성북구,하월곡동,96-78,동산,어린이공원,37.60459386,127.034528
서울특별시,성북구,하월곡동,산2-140,밤골,어린이공원,37.607541,127.039921
서울특별시,성북구,상월곡동,97-37,햇살,어린이공원,37.60591304,127.0485162
서울특별시,성북구,상월곡동,상월곡동 101-6,향기,어린이공원,37.60920187,127.045461
서울특별시,성북구,길음동,1288-11,맑은소리,소공원,37.6102529793,127.0270613079
서울특별시,성북구,길음동,1287-3,별빛누리,소공원,37.6076019888,127.0161349324
서울특별시,성북구,석관동,410-3,돌이음,소공원,37.6069042987,127.0652172965
서울특별시,성북구,석관동,410-4,도란도란,소공원,37.60567055,127.0653635713
서울특별시,성북구,장위동,319-2,상길례,문화공원,37.6197214078,127.0453688602
서울특별시,성북구,성북동,산 25-1,북악산,근린공원,37.59555894,126.9864035
서울특별시,성북구,정릉동,산1-1,북한산,근린공원,37.61906876,127.0054953
서울특별시,성북구,성북동,산25-1,삼청,근린공원,37.59555894,126.9864035
경상남도,통영시,당동,321,당동공원,근린공원,34.83704069,128.4061134
경상남도,통영시,용남면,장문리 995,원문공원,근린공원,34.8692203,128.4176014
경상남도,통영시,서호동,9,문화공원,근린공원,34.8444535,128.4200172
경상남도,통영시,정량동,683,망일공원,근린공원,34.84428513,128.4422951
경상남도,통영시,도남동,349-1,미륵공원,근린공원,34.82665041,128.4251243
경상남도,통영시,광도면,안정리 2051,안정근린공원,근린공원,34.95141203,128.4127051
경상남도,통영시,동호동,230-1,남망산공원,문화공원,34.84232391,128.4286276
경상남도,통영시,도천동,148,도천테마파크,문화공원,34.83842732,128.4136274
경상남도,통영시,용남면,동달리 1438,용남 2공원,소공원,34.87239623,128.4433922
충청북도,청주시,상당구,방서동 248-4,방서6공원,수변공원,36.602127,127.499951
충청북도,청주시,상당구,평촌동 219-23,방서7공원,수변공원,36.598543,127.500153
충청북도,청주시,상당구,평촌동 5-22,방서8공원,수변공원,36.599155,127.503386
충청북도,청주시,상당구,평촌동 51-6,방서9공원,수변공원,36.598027,127.500861
충청북도,청주시,상당구,평촌동 219-10,방서10공원,수변공원,36.598651,127.504083
충청북도,청주시,상당구,용암동 770-53,수변공원18,수변공원,36.616383,127.521644
충청북도,청주시,상당구,용암동 135,수변공원19,수변공원,36.616223,127.526137
충청북도,청주시,상당구,운동동 산15-4,97호공원,근린공원,36.363119,127.313749
충청북도,청주시,상당구,운동동 산12-8,98호공원,근린공원,36.362909,127.312237
충청북도,청주시,상당구,운동동 398-2,163,어린이공원,36.607829,127.519471
충청북도,청주시,상당구,운동동 398-3,164,어린이공원,36.602558,127.506321
충청북도,청주시,상당구,운동동 398-4,165,어린이공원,36.603901,127.543816
충청북도,청주시,상당구,운동동 369-6,2호,역사공원,36.6064701,127.5165206
충청북도,청주시,상당구,문의면 남계리 산48-1,84호공원,소공원,36.538675,127.490034
충청북도,청주시,상당구,문의면 남계리 산53,85호공원,소공원,36.540031,127.487722
충청북도,청주시,상당구,수동 126,우암산삼일역사,역사공원,36.641534,127.495282
충청북도,청주시,상당구,용정동 241-2,봉화근린공원,근린공원,36.372173,127.313698
충청북도,청주시,상당구,용정동 산110-8,로드파크 가로공원,기타,36.634571,127.478453
충청북도,청주시,흥덕구,봉명동 968,천수골,어린이공원,36.64065778,127.4642607
충청북도,청주시,흥덕구,봉명동 1030,새로나,어린이공원,36.64083216,127.4675984
충청북도,청주시,흥덕구,봉명동 808,민들레,어린이공원,36.382166,127.275797
충청북도,청주시,흥덕구,봉명동 1211,무궁화,어린이공원,36.637948,127.463465
충청북도,청주시,흥덕구,봉명동 1106,목련,어린이공원,36.63928054,127.4624901
충청북도,청주시,흥덕구,복대동 23,죽천,어린이공원,36.634764,127.4423283
충청북도,청주시,흥덕구,복대동 161,서원,어린이공원,36.63314904,127.4464827
충청북도,청주시,흥덕구,복대동 835,왕대골,어린이공원,36.636358,127.4525903
충청남도,홍성군,홍북읍,신경리 1375,자경천2공원(홍북근린7호),근린공원,36.641984,126.682822
충청남도,홍성군,홍북읍,상하리 산15-1,하산공원(홍북근린9호),근린공원,36.641322,126.666229
충청남도,홍성군,홍북읍,신경리 1203,한울공원(홍북근린4호),근린공원,36.648897,126.679875
경기도,광주시,송정동,206-1,송정지구 6호 소공원,소공원,37.42087226,127.2537156
경기도,광주시,송정동,178-1,송정지구 7호 소공원,소공원,37.42347165,127.2555593
경기도,광주시,고산동,391,고산1호 근린공원,근린공원,37.37383491,127.2295401
경기도,광주시,고산동,347,고산1호 어린이공원,어린이공원,37.37531428,127.2297847
경기도,광주시,고산동,415-2,고산5호 어린이공원,어린이공원,37.3732268,127.2261026
경기도,광주시,역동,176-36,역말소공원,소공원,37.39970991,127.2533142
경기도,광주시,역동,169-6,장터말소공원,소공원,37.40455682,127.2540873
경기도,광주시,장지동,760,장지1호 어린이공원,어린이공원,37.39205071,127.2344587
경기도,광주시,장지동,761,장지1호 소공원,소공원,37.3903613,127.235176
경기도,광주시,신현동,1239,신현1지구 3호 소공원,소공원,37.35898432,127.1541376
경기도,광주시,추자동,584,추자1호 소공원,소공원,37.360711,127.2175111
경기도,광주시,추자동,587,추자1호 어린이공원,어린이공원,37.35964262,127.2198751
경기도,광주시,곤지암읍,곤지암리 445-27,곤지암 근린공원,근린공원,37.34890875,127.339854
경기도,광주시,역동,117-6,역동1호 소공원,소공원,37.39886239,127.2484512
경기도,광주시,역동,266,역동1호 근린공원,근린공원,37.39726115,127.2460389
경기도,광주시,태전동,696-1,태전1호 어린이공원,어린이공원,37.38715905,127.2318658
경기도,광주시,태전동,697-4,태전2호 어린이공원,어린이공원,37.38771969,127.2349544
경기도,광주시,태전동,734,태전3호 어린이공원,어린이공원,37.38516191,127.2295938
경기도,광주시,태전동,714,태전7호 어린이공원,어린이공원,37.3821563,127.2357786
경기도,광주시,태전동,261-177,태전8호 어린이공원,어린이공원,37.390611,127.2297245
경기도,광주시,도척면,노곡리 241-1,노곡어린이공원,어린이공원,37.30407337,127.330635
경기도,광주시,초월읍,쌍동리 398,쌍동1지구 소공원,소공원,37.40297688,127.2993401
경기도,광주시,곤지암읍,신대리 285,신대지구 소공원,소공원,37.40297688,127.2993401
경기도,광주시,곤지암읍,수양리 281-7,수양리 무궁화공원,소공원,37.33225166,127.3815037
경기도,광주시,역동,176-115,역들소공원,소공원,37.39953824,127.251302
경기도,광주시,역동,185-20,역승소공원,소공원,37.39486534,127.2490445
경기도,광주시,역동,273-125,역뜰어린이공원,어린이공원,37.40550287,127.2526434
경기도,광주시,역동,176-25,도람근린공원,근린공원,37.40051409,127.2505951
경기도,광주시,송정동,329-2,송정지구 1호 어린인공원,어린이공원,37.42560231,127.257182
경기도,광주시,송정동,317-1,송정지구 1호 소공원,소공원,37.42450556,127.2567596
경기도,광주시,송정동,218-5,송정지구 2호 소공원,소공원,37.42171408,127.2570583
경기도,광주시,송정동,153,송정지구 3호 소공원,소공원,37.42004746,127.2542503
경기도,광주시,송정동,319-4,송정지구 4호 소공원,소공원,37.42483971,127.255806
경기도,광주시,송정동,198-1,송정지구 5호 소공원,소공원,37.422111,127.2545795
경기도,광주시,태전동,694-1,태전9지구 제1소공원,소공원,37.38505268,127.2363817
경기도,광주시,태전동,694-2,태전9지구 제2소공원,소공원,37.38505268,127.2363817
경기도,광주시,쌍령동,503-1,쌍령1호 어린이공원,어린이공원,37.39894672,127.2703878
경기도,광주시,태전동,701,태전5지구 1호근린공원,근린공원,37.38050108,127.228981
경기도,광주시,태전동,701-12,태전5지구 4호어린인공원,어린이공원,37.38050108,127.228981
경기도,광주시,태전동,698-5,태전5지구 5호어린이공원,어린이공원,37.38561027,127.2309259
경기도,광주시,태전동,702-12,태전6지구 2호근린공원,근린공원,37.38089973,127.2301341
경기도,광주시,태전동,704-3,태전6지구 6호어린이공원,어린이공원,37.37917481,127.2276112
경기도,광주시,오포읍,양벌리 1106-1,양벌지구 양벌어린이공원,어린이공원,37.37920758,127.2579969
경상북도,고령군,다산면,좌학리 191,좌학근린공원,근린공원,35.822665398,128.4444660958
경상북도,고령군,다산면,곽촌리 357-1,다산1공원,어린이공원,35.831149,128.449584
충청남도,계룡시,두마면,농소리 산11-5,공원11,근린공원,36.258773,127.2563677
충청남도,계룡시,두마면,농소리 1063,공원9,근린공원,36.26308322,127.2576623
충청남도,계룡시,두마면,농소리 산4,대실공원2,근린공원,36.260524,127.262853
충청남도,계룡시,두마면,두계리 136-152,두계공원4,근린공원,36.270631,127.267998
충청남도,계룡시,두마면,두계리 136-26,뒷골공원5,근린공원,36.273157,127.263741
충청남도,계룡시,금암동,11-1,새터산공원3,근린공원,36.27524985,127.2510874
충청남도,계룡시,엄사면,엄사리 18-4,엄사공원6,근린공원,36.286892,127.243694
충청남도,계룡시,금암동,175,배골공원7,어린이공원,36.272754,127.2474049
충청남도,계룡시,엄사면,엄사리 279,엄사1호공원1,어린이공원,36.287866,127.239895
충청남도,계룡시,엄사면,엄사리 226-28,엄사2호공원2,어린이공원,36.28307864,127.2385061
충청남도,계룡시,엄사면,엄사리 130,엄사3호공원4,어린이공원,36.2901659,127.2387112
충청남도,계룡시,엄사면,엄사리 252-1,엄사4호공원5,어린이공원,36.28878403,127.237566
충청남도,계룡시,엄사면,엄사리 264,엄사5호공원6,어린이공원,36.287445,127.2339731
충청남도,계룡시,두마면,입암리 140-1,대성공원1,묘지공원,36.244408,127.266165
충청남도,계룡시,두마면,농소리 1044,공원2,소공원,36.25873902,127.264523
충청남도,계룡시,두마면,농소리 1075,공원3,소공원,36.26589019,127.2583821
충청남도,계룡시,신도안면,남선리 1345,공원4,소공원,36.29690378,127.2413345
전라남도,여수시,봉산동,산46-1,한산공원(구봉산),근린공원,34.73806637,127.7140665
전라남도,여수시,미평동,723,양지공원,어린이공원,34.771326,127.7032876
전라남도,여수시,미평동,674,평지공원,어린이공원,34.768747,127.705158
전라남도,여수시,문수동,453,둥둥재공원,어린이공원,34.754911,127.6929537
전라남도,여수시,문수동,473-1,코아루공원,어린이공원,34.753622,127.694752
전라남도,여수시,소호동,1205,항호공원,어린이공원,34.74757677,127.6561547
전라남도,여수시,안산동,459,심곡공원,어린이공원,34.758292,127.6462646
전라남도,여수시,미평동,775,고인돌공원,어린이공원,34.77196387,127.7006388
전라남도,여수시,돌산읍,우두리 1133-2,청솔공원,어린이공원,34.71817445,127.756858
전라남도,여수시,돌산읍,우두리 1131,진모공원,어린이공원,34.715264,127.7573185
경상남도,창원시,의창구,서상동 산 33,남산공원,근린공원,35.257674,128.619197
경상남도,창원시,의창구,도계동 305-4,어린이공원27,어린이공원,35.260652,128.633595
경상남도,창원시,의창구,도계동 398-1,어린이공원28,어린이공원,35.257692,128.638075
경상남도,창원시,의창구,도계동 413-4,어린이공원29,어린이공원,35.257068,128.640606
경상남도,창원시,의창구,봉림동 602-6,한들공원,근린공원,35.255975,128.667911
경상남도,창원시,의창구,팔용동 165-9,어린이공원31,어린이공원,35.258761,128.610676
경상남도,창원시,의창구,팔용동 182,어린이공원32,어린이공원,35.260312,128.613588
경상남도,창원시,의창구,팔용동 196,어린이공원39,어린이공원,35.260889,128.616997
경상남도,창원시,의창구,소답동 123-13,어린이공원69,어린이공원,35.266306,128.626391
경상남도,창원시,의창구,소답동 128-5,어린이공원70,어린이공원,35.267244,128.627802
경상남도,창원시,의창구,소답동 114-4,어린이공원71,어린이공원,35.261833,128.626196
경상남도,창원시,의창구,소답동 153-3,어린이공원72,어린이공원,35.262893,128.630142
경상남도,창원시,의창구,소답동 131-12,어린이공원73,어린이공원,35.265872,128.627454
경상남도,창원시,의창구,도계동 378-4,도계체육공원,체육공원,35.258352,128.641193
경상남도,창원시,의창구,소계동 790-3,소계공원,체육공원,35.260552,128.594495
전라남도,무안군,무안읍,교촌리 127-21,불무공원,근린공원,34.9895593,126.4736134
전라남도,무안군,일로읍,월암리 186-410,일로공원,근린공원,34.84822267,126.492141
전라남도,무안군,망운면,목동리 506-2,망운목동공원,근린공원,35.01307082,126.3942787
전라남도,무안군,몽탄면,몽강리 217-11,석정포,문화공원,34.918533,126.5098518
전라남도,무안군,일로읍,청호리 109-28,주룡나루,문화공원,34.79716235,126.514655
전라남도,무안군,망운면,목동리 435,목동 소공원,소공원,35.01447175,126.3928994
전라남도,무안군,현경면,외반리 575-1,현경 외반 소공원,소공원,35.02224668,126.4120336
전라남도,무안군,청계면,도림리 529-60,청계 도림 소공원,소공원,34.91301785,126.4306696
전라남도,무안군,일로읍,월암리 326-1,일로 월암 소공원 1,소공원,34.851246,126.496286
전라남도,무안군,일로읍,월암리 206-15,일로 월암 소공원 2,소공원,34.85077666,126.493009
전라남도,무안군,무안읍,성내리 59,무안 성내 소공원,소공원,34.99224688,126.4758552
전라남도,무안군,삼향읍,남악리 2324,어린이공원7,어린이공원,34.80715063,126.4685167
전라남도,무안군,삼향읍,남악리 1837,어린이공원9,어린이공원,34.80897388,126.4749255
전라남도,무안군,삼향읍,남악리 1585,어린이공원8,어린이공원,34.813165,126.473233
전라남도,무안군,삼향읍,남악리 2312,어린이공원8,어린이공원,34.80937553,126.4687028
전라남도,무안군,삼향읍,남악리 1588,해뜨는언덕공원,근린공원,34.8119912,126.4755946
전라남도,무안군,삼향읍,남악리 2621,남악수변공원,근린공원,34.80127165,126.4604343
전라남도,무안군,삼향읍,남악리 2286,대죽도 남악 중앙공원,근린공원,34.80842315,126.4609533
전라남도,무안군,운남면,연리 406-4,운남공원,어린이공원,34.96233808,126.341282
전라남도,무안군,해제면,유월리 1-1,갯벌생태공원,근린공원,35.1033241,126.331942
전라남도,무안군,삼향읍,남악리 1498,죽산 망향공원,근린공원,34.81229022,126.4691519
전라남도,무안군,삼향읍,남악리 2548,남악공원,근린공원,34.80490376,126.4617122
경상남도,창원시,의창구,사화동 산 6-6,사화공원,근린공원,35.245934,128.630036
경상남도,창원시,의창구,퇴촌동 산 73,용동공원,근린공원,35.2459596336,128.694817
충청북도,청주시,상당구,용암동 759-7,방서1공원,수변공원,36.611494,127.498612
충청북도,청주시,상당구,용암동 1100-72,방서2공원,수변공원,36.608191,127.499182
충청북도,청주시,상당구,용암동 1100-78,방서3공원,수변공원,36.607349,127.499203
충청북도,청주시,상당구,방서동 228-2,방서4공원,수변공원,36.605216,127.499295
충청북도,청주시,상당구,방서동 238-9,방서5공원,수변공원,36.604232,127.499453
전라남도,곡성군,옥과면,옥과리 104-9,옥과공원,소공원,35.27670418,127.1356428
전라남도,곡성군,오곡면,송정리 225,심청마을1,소공원,35.22983691,127.3605646
전라남도,곡성군,오곡면,송정리 213,심청마을2,소공원,35.23068244,127.358101
전라남도,곡성군,오곡면,송정리 217,심청마을3,소공원,35.23022536,127.3579712
전라남도,곡성군,오산면,운곡리 88-10,운곡1,소공원,35.26937365,127.1143041
전라남도,곡성군,오산면,운곡리 88-16,운곡2,소공원,35.2673642,127.1137286
전라남도,곡성군,오곡면,오지리 770-5,문화공원1,문화공원,35.27753157,127.3082867
전라남도,곡성군,석곡면,연반리 산19,헬스팜1,소공원,35.1818735,127.2472755
전라남도,곡성군,석곡면,연반리 310,헬스팜2,소공원,35.17933198,127.2450338
전라남도,곡성군,오곡면,오지리 135,침실습지,수변공원,35.27019246,127.3264084
충청남도,천안시,동남구,용곡동 597,용곡공원(용곡4),어린이공원,36.78741709,127.1355518
충청남도,천안시,동남구,용곡동 601,눈들공원(용곡1),어린이공원,36.79261113,127.1392161
충청남도,천안시,동남구,원성동 214-3,원성소공원,소공원,36.81341463,127.159059
충청남도,천안시,동남구,원성동 482-6,원성공원(원성2),어린이공원,36.80788022,127.1636754
충청남도,천안시,동남구,원성동 573-1,꽃재공원(원성4),어린이공원,36.80085077,127.1616121
충청남도,천안시,동남구,원성동 631,화령공원(원성3),어린이공원,36.80298234,127.1620753
충청남도,천안시,동남구,청당동 120-8,청당2공원,어린이공원,36.77805306,127.153995
충청남도,천안시,동남구,청당동 142-9,청당1공원,어린이공원,36.78023537,127.1554992
충청남도,천안시,동남구,청당동 437,청당4공원,어린이공원,36.78001608,127.1424508
충청남도,천안시,동남구,청당동 474,청당1공원,근린공원,36.7865994936,127.1535373093
충청남도,천안시,동남구,청당동 546,청당2공원,근린공원,36.7833326,127.1578937
광주광역시,광산구,흑석동,산 48,흑석,근린공원,35.1828082329,126.8084698811
광주광역시,광산구,운남동,523-1,소공원1,소공원,35.1759273924,126.8234556
광주광역시,광산구,운남동,524-19,소공원2,소공원,35.17527441,126.8246387
광주광역시,광산구,운남동,521-2,소공원4,소공원,35.173584073,126.8229784579
광주광역시,광산구,운남동,544-26,소공원5,소공원,35.1728819359,126.822407995
광주광역시,광산구,운남동,515-12,소공원7,소공원,35.17195277,126.8179442
광주광역시,광산구,산정동,151-20,소공원1 (하남성심병원 부지일원),소공원,35.1657886883,126.8007794
광주광역시,광산구,덕림동,1154,빛그린,근린공원,35.18026861,126.6776893
광주광역시,광산구,하남동,519,하신,근린공원,35.18793673,126.797053
광주광역시,광산구,신가동,878-1,행복,어린이공원,35.1820895258,126.8237493874
광주광역시,광산구,신가동,916-7,행운,어린이공원,35.1795817457,126.8257846967
광주광역시,광산구,삼거동,859,꽃구름소공원,소공원,35.1654645,126.6733099
광주광역시,광산구,운남동,276,공원(운남재개발),소공원,35.1768690968,126.823025
광주광역시,광산구,연산동,1137-27,두산,근린공원,35.10972799,126.7497706
광주광역시,광산구,연산동,1137-21,화전,근린공원,35.11373042,126.7570455
광주광역시,광산구,도천동,102-1,도천1제,소공원,35.2164048104,126.8207909
광주광역시,광산구,하남동,184-1,한밭,어린이공원,35.16872986,126.7965787
광주광역시,광산구,하남동,224,검바우,어린이공원,35.16945297,126.7969246
광주광역시,광산구,도산동,883-12,소공원(도산7통 주거환경개선),소공원,35.13345442,126.7940463
광주광역시,광산구,운남동,803,소공원A,소공원,35.17426374,126.8245896
광주광역시,광산구,삼거동,760,삼암,역사공원,35.16656956,126.6745818
광주광역시,광산구,우산동,660-1,꿈나눔,어린이공원,35.1643647708,126.8147835592
광주광역시,광산구,운남동,804,소공원B,소공원,35.17388854,126.8252997
광주광역시,광산구,도산동,980-8,서동,소공원,35.13371065,126.785254
광주광역시,광산구,덕림동,1112,수성,역사공원,35.18539977,126.672128
광주광역시,광산구,송정동,521-9,용보촌,소공원,35.13713046,126.8024516
광주광역시,광산구,장덕동,992-6,하남1,소공원,35.1888063,126.806605288
광주광역시,광산구,장덕동,982-11,하남2,소공원,35.1934998409,126.8075163047
광주광역시,광산구,선암동,73-1,선운2,소공원,35.14535094,126.7817026005
광주광역시,광산구,지정동,1076-5,평지,어린이공원,35.13269102,126.7152651
광주광역시,광산구,지평동,588-1,가삼,어린이공원,35.15382453,126.718889
광주광역시,광산구,지평동,193,운평,어린이공원,35.15226209,126.7318828
광주광역시,광산구,지평동,678-3,지정,어린이공원,35.15724583,126.7128933636
광주광역시,광산구,진곡동,249,진곡,어린이공원,35.211277514,126.7897861554
광주광역시,광산구,하산동,588,기룡,어린이공원,35.10022606,126.7627746338
광주광역시,광산구,용봉동,273-2,용봉,어린이공원,35.07405771,126.7688722
광주광역시,광산구,선암동,544,선운,근린공원,35.14810487,126.7690505
광주광역시,광산구,선암동,584,선운소공원,소공원,35.14877419,126.7718951
광주광역시,광산구,선암동,637,우주,어린이공원,35.14641907,126.7753424
광주광역시,광산구,선암동,542,무지개,어린이공원,35.14650606,126.7785246
광주광역시,광산구,선암동,550,풍물,어린이공원,35.15028721,126.7760451
광주광역시,광산구,박호동,576,송산,근린공원,35.1641834622,126.7372951
광주광역시,광산구,삼거동,676,빛고을산단체육,체육공원,35.16651629,126.6760589
광주광역시,광산구,흑석동,723,하나울,근린공원,35.18336879,126.8026331
광주광역시,광산구,신창동,910,신창매결소공원,소공원,35.18872107,126.8408106
광주광역시,광산구,우산동,1622,송정소공원,소공원,35.15224353,126.8120006
광주광역시,광산구,우산동,1599-5,우산소공원,소공원,35.15992228,126.8075159
광주광역시,광산구,수완동,918,수완,체육공원,35.20042404,126.825239
광주광역시,광산구,진곡동,556,진곡,근린공원,35.21012185,126.7849692
광주광역시,광산구,진곡동,596,고룡,근린공원,35.20617663,126.7827418
광주광역시,광산구,진곡동,620,시례,근린공원,35.20165986,126.7865874
광주광역시,광산구,오선동,587,발산제,근린공원,35.19860302,126.7934521
광주광역시,광산구,오선동,589,표산,근린공원,35.194235856,126.7918588433
광주광역시,광산구,오선동,740,고저골,근린공원,35.19304272,126.7901274
광주광역시,광산구,오선동,688,진곡,소공원,35.20095796,126.7914549624
광주광역시,광산구,용동,680-2,천하,근린공원,35.13059212,126.7512693
경기도,이천시,증포동,488,증포센트럴숲공원,소공원,37.2881255244,127.458503
경기도,이천시,안흥동,274-1,롯데캐슬1차소공원,소공원,37.2750099183,127.454094
경기도,이천시,증포동,493,한양수자인문화공원,문화공원,37.2903066056,127.4472294054
경기도,이천시,관고동,246-7,설봉아랫마을문화공원,문화공원,37.278645,127.432927
경기도,이천시,진리동,140,복하천제2수변공원,수변공원,37.2681206788,127.4605276355
경기도,이천시,안흥동,40,복하천제4수변공원,수변공원,37.2746644684,127.465747
경기도,이천시,부발읍,신원리 569-4,신원지구공원,어린이공원,37.2965885231,127.5069818053
경기도,이천시,부발읍,산촌리 산21,효양공원(서희테마파크),근린공원,37.2728276441,127.4846865359
전북특별자치도,부안군,부안읍,동중리 서외리 행안면 역리 190전 일원,서림공원,근린공원,35.7329193,126.731487
전북특별자치도,부안군,부안읍,서외리 455-83번지 일원,매창공원,문화공원,35.7209372,126.7282973
전북특별자치도,부안군,부안읍,동중리 239-2번지 일원,부안공원,문화공원,35.7310821,126.7342023
전북특별자치도,부안군,행안면,역리 123-3대 일원,제3농공단지,문화공원,35.7380051,126.7276523
전북특별자치도,부안군,백산면,용계리 산9임,백산공원,근린공원,35.719531,126.8065894
전북특별자치도,부안군,변산면,대항리 산110-1임,제1호근린공원,근린공원,35.6815594,126.5356747
전북특별자치도,부안군,변산면,대항리 529-1대,제2호근린공원,근린공원,35.6803815,126.5313881
전북특별자치도,부안군,변산면,지서리 509-10번지 일원,제3호근린공원,근린공원,35.6803815,126.5313881
전북특별자치도,부안군,계화면,창북리 484대,중앙공원,근린공원,35.7605095,126.698533
전북특별자치도,부안군,동진면,봉황리 357-2임,봉황공원,근린공원,35.7494981,126.7366991
전북특별자치도,부안군,계화면,계화리 산67임,계화공원,근린공원,35.7916062,126.632929
전북특별자치도,부안군,계화면,의복리 109-2임,동돈공원,근린공원,35.7539747,126.6397581
전북특별자치도,부안군,계화면,의복리 3-2임,돈지공원,근린공원,35.7543065,126.647679
전북특별자치도,부안군,진서면,곰소리 산1임,범산공원,근린공원,35.5922462,126.6145055
전북특별자치도,부안군,하서면,백련리 1113-2번지 일원,백련공원,체육공원,35.7147319,126.6001006
충청북도,청주시,청원구,오창읍 장대리 산4,장대공원,어린이공원,36.741349,127.446639
서울특별시,성북구,길음동,909,길빛,근린공원,37.60976006,127.0265188
서울특별시,성북구,정릉동,1021-2,정릉동,근린공원,37.61846189,127.0045308
서울특별시,성북구,보문동6가,458-3,자주바위,어린이공원,37.58287149,127.0178925
서울특별시,성북구,장위동,219-223,동방,어린이공원,37.61664297,127.0435038
서울특별시,성북구,하월곡동,산2-1,오동,근린공원,37.61064628,127.0404131
서울특별시,성북구,돈암1동,산6-1,개운산,근린공원,37.59720671,127.0257184
서울특별시,성북구,상월곡동,산8-10,청량,근린공원,37.60635811,127.0539954
서울특별시,성북구,하월곡동,90-206,모랫말,근린공원,37.604825,127.032787
서울특별시,성북구,하월곡동,225-2,아름드리,근린공원,37.60992341,127.037977
서울특별시,성북구,보문동6가,458-4,숭인,근린공원,37.58287311,127.0178911
충청북도,청주시,청원구,율량동 2580,산성공원(84호),근린공원,36.393018,127.303644
충청북도,청주시,청원구,율량동 2237,율봉공원(85호),근린공원,36.6654362991,127.502180804
충청북도,청주시,청원구,율량동 2454,우암산,어린이공원,36.392077,127.304663
충청북도,청주시,청원구,율량동 2202,석산,어린이공원,36.394345,127.301097
충청북도,청주시,청원구,율량동 1940,신흥,어린이공원,36.395294,127.300591
충청북도,청주시,청원구,율량동2363,산성,어린이공원,36.392756,127.303683
충청북도,청주시,청원구,주중동 1021,주중공원(83호),근린공원,36.401739,127.294381
충청북도,청주시,청원구,율량동2079,율량공원(86호),근린공원,36.395132,127.307591
충청북도,청주시,청원구,주중동 851,푸른,어린이공원,36.401426,127.292008
충청북도,청주시,청원구,주중동 1002,주중,어린이공원,36.408611,127.293441
충청북도,청주시,청원구,우암동 391-21,청암공원(90호),근린공원,36.64919044,127.483075
충청북도,청주시,청원구,우암동 373-2,수반들,어린이공원,36.65452477,127.4814017
충청북도,청주시,청원구,우암동205-1,양지,어린이공원,36.385063,127.294036
충청북도,청주시,청원구,우암동 303-10,서답골,소공원,36.64960559,127.494366
충청북도,청주시,청원구,내덕동 750-8,보성1,소공원,36.392341,127.283662
충청북도,청주시,청원구,내덕동 750-5,보성2,소공원,36.392428,127.283816
충청북도,청주시,청원구,내덕동 406-14,천주교,소공원,36.392629,127.292975
충청북도,청주시,청원구,내덕동 404-18,밤고개,소공원,36.392601,127.292644
충청북도,청주시,청원구,율량동 1043-2,신흥,소공원,36.395156,127.294375
충청북도,청주시,청원구,북이면 신대리 301-28,신대,소공원,36.441047,127.323455
충청북도,청주시,청원구,내수읍 초정리 64-2,공원,문화공원,36.7212362728,127.6012913105
충청북도,청주시,청원구,오창읍 장대리 327-30,바람개비,어린이공원,36.743272,127.454623
충청북도,청주시,청원구,주성동 294-1,78호소공원,소공원,36.404164,127.305421
충청북도,청주시,청원구,내수읍 마산리 27-9,숨바꼭질(마산2공원),어린이공원,36.719454,127.538864
충청북도,청주시,청원구,내수읍 마산리 118,알록달록(마산1공원),어린이공원,36.720305,127.534207
충청북도,청주시,청원구,내수읍 마산리 139-6,148호소공원,소공원,36.431366,127.325471
서울특별시,성북구,돈암동,626-2,새소리,어린이공원,37.600751,127.0254039
서울특별시,성북구,종암동,104-6,종암,어린이공원,37.60012565,127.0372515
서울특별시,성북구,길음동,1190,솔향기,어린이공원,37.608108,127.0213064
서울특별시,성북구,길음동,591-17,해맑은,어린이공원,37.6085186,127.020925
서울특별시,성북구,정릉동,169-6,한울,어린이공원,37.605709,127.013709
서울특별시,성북구,정릉동,170-10,솔숲,어린이공원,37.60480863,127.014971
서울특별시,성북구,보문동3가,229-1,동망봉,어린이공원,37.5838591,127.017073
서울특별시,성북구,장위동,317-1,맑은숲,어린이공원,37.62144056,127.0463288
서울특별시,성북구,석관동,407-6,화랑,어린이공원,37.60715757,127.0547542
서울특별시,성북구,정릉동,1035-5,매화,어린이공원,37.60011962,127.0207412
서울특별시,성북구,종암동,133-5,고암,어린이공원,37.59998725,127.0318095
서울특별시,성북구,종암동,135-4,옛시장,어린이공원,37.60232547,127.0339269
서울특별시,성북구,성북동,168-274,성북,근린공원,37.595122,127.0072875
서울특별시,성북구,길음동,1284-14,늘푸른,어린이공원,37.60850569,127.0204223
서울특별시,성북구,길음동,1284-1,아름,어린이공원,37.6075975691,127.0164324099
서울특별시,성북구,종암동,134-3,벌집,어린이공원,37.599625,127.0367262
서울특별시,성북구,종암동,134-8,일신,어린이공원,37.59999069,127.0395876
서울특별시,성북구,길음동,1285-9,길음골,소공원,37.60944177,127.0193237
서울특별시,성북구,길음동,1285-10,길섶,소공원,37.61057497,127.0186126
서울특별시,성북구,하월곡동,230-1,잔월,소공원,37.6040624,127.031506
서울특별시,성북구,길음동,1284-13,행복한,소공원,37.60822513,127.0195532
서울특별시,성북구,길음동,1284-6,두레,소공원,37.60655851,127.0176651
서울특별시,성북구,삼선동3가,116-1,돌마루,소공원,37.5880187,127.012142
서울특별시,성북구,돈암동,644-2,되너미,소공원,37.5992171047,127.0137028
서울특별시,성북구,정릉동,1039,꿈빛,소공원,37.60224083,127.0116561
전라남도,여수시,수정동,781,엑스포공원,수변공원,34.74372293,127.7523691
전라남도,여수시,수정동,778,신항공원,수변공원,34.74654715,127.7488902
전라남도,여수시,웅천동,1692,웅천친수공원,근린공원,34.74594621,127.6693094
전라남도,여수시,경호동,960,내동공원,소공원,34.7176574,127.7261215
전라남도,여수시,경호동,959,외동공원,소공원,34.7171768,127.7270266
전라남도,여수시,덕충동,2093,꽃가람공원,근린공원,34.75232508,127.7446769
전라남도,여수시,덕충동,2086,하늘길공원,근린공원,34.75170797,127.7401469
전라남도,여수시,덕충동,2027,도담공원,어린이공원,34.75489021,127.7464736
전라남도,여수시,덕충동,2039,늘품공원,어린이공원,34.75285688,127.7426977
전라남도,여수시,덕충동,2061,초록아침공원,소공원,34.75614894,127.7467122
전라남도,여수시,덕충동,2000,문화공원,문화공원,34.75218956,127.7465005
전라남도,여수시,율촌면,신풍리 13-57,손양원목사 유적공원,역사공원,34.839231,127.6334444
전라남도,여수시,율촌면,조화리 58-16,율촌 조화공원,근린공원,34.88463716,127.5802167
전라남도,여수시,소라면,대포리 15-2,대포공원,근린공원,34.81707474,127.623068
전라남도,여수시,소라면,덕양리 1412-24,덕양 양지바름공원,근린공원,34.79933725,127.6317837
전라남도,여수시,선원동,849-2,선원 뜨레공원,근린공원,34.770831,127.655264
전라남도,여수시,만흥동,산204-2,만흥공원,근린공원,34.770469,127.7295892
전라남도,여수시,미평동,400-2,미평공원,문화공원,34.76658074,127.7057209
전라남도,여수시,만흥동,산190-4,오림터널공원,문화공원,34.766466,127.723196
전라남도,여수시,율촌면,여동리 390,장도공원,근린공원,34.889902,127.599811
전라남도,여수시,문수동,78-15,문수공원1,어린이공원,34.758964,127.709651
전라남도,여수시,문수동,61-4,문수공원2,어린이공원,34.760031,127.705747
전라남도,여수시,중앙동,385-6,이순신장군공원,수변공원,34.738802,127.7366067
전라남도,여수시,학동,192,부등공원,소공원,34.75880504,127.656692
전라남도,여수시,선원동,150-20,약수공원,소공원,34.766443,127.655366
전라남도,여수시,봉강동,578-9,봉강공원,어린이공원,34.74353011,127.7200201
전라남도,여수시,학동,210-1,연화공원,어린이공원,34.758792,127.660589
전라남도,여수시,화장동,851,대통공원,어린이공원,34.77606574,127.6435769
인천광역시,연수구,송도동,11-10,새롬공원(송도27호),근린공원,37.37755303,126.641923
인천광역시,연수구,송도동,9-8,송도  8호 어린이공원,어린이공원,37.3802555,126.645541
인천광역시,연수구,송도동,9-30,송도  9호 어린이공원,어린이공원,37.378233,126.6489854
인천광역시,연수구,옥련동,산63-2,청룡공원,어린이공원,37.423492,126.6579566
인천광역시,연수구,송도동,116,도담도담어린이공원(송도 15호 어린이공원),근린공원,37.38350683,126.6182251
인천광역시,연수구,송도동,80,송도33호공원,근린공원,37.39977537,126.6277112
인천광역시,연수구,송도동,217-2,첨단산업클러스터단지 1호 근린공원,근린공원,37.362684,126.6497224
인천광역시,연수구,송도동,219-1,첨단산업클러스터단지 2호 근린공원,근린공원,37.36163702,126.650388
인천광역시,연수구,청학동,465-1,하나공원,어린이공원,37.4191238,126.6701747
인천광역시,연수구,동춘동,940-1,봉재공원,어린이공원,37.40683307,126.667857
인천광역시,연수구,동춘동,917-1,청은공원,어린이공원,37.41340363,126.6726354
인천광역시,연수구,동춘동,929-1,풍림공원,어린이공원,37.39948027,126.6718242
인천광역시,연수구,동춘동,943-1,동남공원,어린이공원,37.40247251,126.6694709
인천광역시,연수구,동춘동,923-4,청량공원,어린이공원,37.41136066,126.6735479
인천광역시,연수구,선학동,403-14,느티나무공원,어린이공원,37.426552,126.697011
인천광역시,연수구,선학동,409-5,원도장공원,어린이공원,37.4241186,126.6967523
인천광역시,연수구,선학동,391,선유공원,어린이공원,37.43001665,126.6966251
인천광역시,연수구,청학동,570-11,솔샘공원,어린이공원,37.423543,126.665338
인천광역시,연수구,청학동,564-1,승정공원,어린이공원,37.42583627,126.664131
인천광역시,연수구,청학동,559-2,향나무공원,어린이공원,37.425686,126.661709
인천광역시,연수구,옥련동,644-5,옥련공원,어린이공원,37.42510112,126.653811
인천광역시,연수구,연수동,636,연수체육공원,체육공원,37.407803,126.685517
인천광역시,연수구,송도동,"19-4, 13",송도  12호 어린이공원,어린이공원,37.39802178,126.6376099
인천광역시,연수구,송도동,19-8,송도  13호 어린이공원,어린이공원,37.39464032,126.6425438
인천광역시,연수구,연수동,578,문화공원,근린공원,37.41812199,126.6823541
인천광역시,연수구,동춘동,938-2,동춘공원,근린공원,37.40873816,126.6701075
서울특별시,양천구,신정3동,1322-10,숲속,어린이공원,37.514551,126.830941
서울특별시,양천구,신정3동,767,넓은들,어린이공원,37.511317,126.839385
서울특별시,양천구,신정3동,831,신정3동소공원,소공원,37.50612432,126.8339302
서울특별시,양천구,신정4동,876-1,동개울,어린이공원,37.527916,126.856519
서울특별시,양천구,신정4동,888-1,오구,어린이공원,37.527272,126.861874
서울특별시,양천구,신정4동,896-22,홍익,어린이공원,37.528547,126.862274
서울특별시,양천구,신정4동,910-9,앞산,어린이공원,37.526441,126.858307
서울특별시,양천구,신정4동,920-3,진주,어린이공원,37.526494,126.855036
서울특별시,양천구,신정4동,936-13,음골,어린이공원,37.527336,126.851231
서울특별시,양천구,신정4동,949-4,안산,어린이공원,37.524593,126.856172
서울특별시,양천구,신정4동,955-1,새뚝,어린이공원,37.524029,126.857728
서울특별시,양천구,신정4동,975-30,은행정,어린이공원,37.522027,126.855022
서울특별시,양천구,신정4동,990-1,아랫말,어린이공원,37.525063,126.861828
서울특별시,양천구,신정6동,320,양천,근린공원,37.518124,126.867861
서울특별시,양천구,신정6동,314-1,꿈동산,어린이공원,37.521912,126.867457
서울특별시,양천구,신정6동,327-1,다람쥐,어린이공원,37.513482,126.866021
서울특별시,양천구,신정6동,328-1,까치,어린이공원,37.514958,126.868243
서울특별시,양천구,신정6동,329-2,꿈나래,어린이공원,37.516283,126.869774
서울특별시,양천구,신정6동,330-1,기린,어린이공원,37.516283,126.869774
서울특별시,양천구,신정6동,332-1,사슴,어린이공원,37.515672,126.873427
서울특별시,양천구,신정7동,162-56,갈산,근린공원,37.508129,126.869032
서울특별시,양천구,신정7동,325-2,목련,어린이공원,37.511439,126.858322
서울특별시,양천구,신정7동,326-2,호돌이,어린이공원,37.512426,126.861336
서울특별시,양천구,신정7동,1306-2,세양,어린이공원,37.506814,126.864025
서울특별시,양천구,신정7동,171-61,신정7동소공원,소공원,37.5092629,126.8688037
경기도,군포시,부곡동,1216,산마루어린이공원,어린이공원,37.33761478,126.9341771
경기도,군포시,부곡동,1226,체육공원1(당동2지구),체육공원,37.33876324,126.9364804
경기도,군포시,금정동,844-1,한얼공원,근린공원,37.36258429,126.9332329
경기도,양평군,양평읍,양근리 234-2,갈산공원,근린공원,37.48602014,127.4930432
경기도,양평군,양평읍,양근리 559,물안개공원,근린공원,37.49832405,127.4771678
경기도,양평군,용문면,다문리 산10-1,다문공원,근린공원,37.48900176,127.5969299978
경기도,양평군,양평읍,백안리 산44,쉬자(백운테마)파크,근린공원,37.51286353,127.5351429
경기도,양평군,개군면,하자포리 425-15,개군레포츠공원,체육공원,37.434561,127.530986
경기도,양평군,양서면,용담리 535-13,6호 체육공원,체육공원,37.54161411,127.3232377
경기도,양평군,청운면,여물리 113,청운체육공원,체육공원,37.552732,127.7031341
경기도,양평군,강하면,운심리 56,강하 체육공원,체육공원,37.497212,127.4131433
경기도,양평군,양평읍,공흥리 산6-1,양근문화공원(16호),문화공원,37.49770668,127.4940007
경기도,양평군,양평읍,공흥리 711-4,양근문화공원(17호),문화공원,37.498442,127.494222
경기도,양평군,용문면,다문리 821-4,문화공원7,문화공원,37.47734702,127.5917454
경기도,양평군,용문면,광탄리 666,광탄1호 소공원,소공원,37.50986583,127.626083
서울특별시,동대문구,휘경동,372-2,휘경,어린이공원,37.5898404,127.0638031
서울특별시,동대문구,장안동,587-1,장이,소공원,37.5690595,127.069425
서울특별시,동대문구,휘경동,375-1,휘경마당,소공원,37.5898404,127.0638031
서울특별시,동대문구,용두동,795-2,용두5구역,어린이공원,37.5756117,127.0350625
서울특별시,동대문구,용두동,765-12,용두6구역,소공원,37.5789781965,127.0265650495
서울특별시,동대문구,답십리동,53-43,용두6구역 대체공원,소공원,37.5723427542,127.0583285711
서울특별시,동대문구,답십리동,471,간데메,근린공원,37.5727809772,127.0490643204
전라남도,곡성군,곡성읍,교촌리 36,교죽공원,근린공원,35.28169292,127.2864494
전라남도,곡성군,곡성읍,승법리 37-3,충의공원,근린공원,35.27655388,127.3003734
전라남도,곡성군,오곡면,오지리 647,오지공원,소공원,35.27112853,127.3176314
전라남도,곡성군,옥과면,리문리 253-3,리문공원,어린이공원,35.27517412,127.1377266
전라남도,곡성군,죽곡면,태평리 799,햇살공원,소공원,35.1442978,127.3141291
전라남도,곡성군,곡성읍,교촌리 47,곡성생활체육공원,체육공원,35.28268888,127.2850753
전라남도,곡성군,곡성읍,묘천리 76,묘천공원,근린공원,35.27884561,127.2995398
충청북도,청주시,흥덕구,봉명동 225,봉서,어린이공원,36.638358,127.4566301
충청북도,청주시,흥덕구,봉명동 515,너나다,어린이공원,36.383294,127.287461
충청북도,청주시,흥덕구,봉명동 665,신나네,어린이공원,36.6441096759,127.4645734
충청북도,청주시,상당구,금천동 261-90,쇠내울,소공원,36.630386539,127.5030186778
충청북도,청주시,상당구,남일면 송암리 571,솔마을,어린이공원,36.589501,127.512741
충청북도,청주시,상당구,남일면 효촌리 45-52,효촌,어린이공원,36.585279,127.510721
경기도,남양주시,별내면,청학리 410,청학공원,근린공원,37.7108087,127.1204179
경기도,남양주시,별내면,청학리 409-4,청학3호공원,어린이공원,37.71018669,127.1176621
경기도,남양주시,별내면,청학리 420-2,청학1호공원,어린이공원,37.70974568,127.1130988
경기도,남양주시,와부읍,덕소리 111-4,덕소5호공원,어린이공원,37.58496715,127.2129819
경기도,남양주시,화도읍,창현리 744,창현제2호어린이공원,어린이공원,37.6495911,127.303723
경기도,남양주시,화도읍,창현리 770,창현제6호어린이공원,어린이공원,37.64433776,127.3006787
경기도,남양주시,화도읍,창현리 722,창현제1호어린이공원,어린이공원,37.6513568,127.3024202
경기도,남양주시,별내면,청학리 350-4,청학5호공원,어린이공원,37.7112326,127.1145394
경기도,남양주시,다산동,"4002-27,4002-28",도농 제1호공원,어린이공원,37.61102092,127.1562274
경기도,남양주시,다산동,4002-7,도농 제4호공원,어린이공원,37.61101957,127.1562291
경기도,남양주시,화도읍,마석우리 551,진영공원,근린공원,37.65815984,127.2995319
경기도,남양주시,평내동,585-4,평내1호어린이공원,어린이공원,37.6470343,127.2367724
경기도,남양주시,평내동,592,평내택지소공원,소공원,37.6464488,127.2393903
경기도,남양주시,평내동,566,평내3호공원,어린이공원,37.643211,127.234748
경기도,남양주시,평내동,617-5,평내5호공원,어린이공원,37.6400366,127.2361973
경기도,남양주시,평내동,564-1,평내4호공원,어린이공원,37.6417717,127.2353984
경기도,남양주시,호평동,614,호평1호공원,어린이공원,37.6611005,127.2438936
경기도,남양주시,호평동,627-1,호평제3호어린이공원,어린이공원,37.65547409,127.2416723
경기도,남양주시,호평동,675,호평제2호어린이공원,어린이공원,37.6566311,127.2493145
경기도,남양주시,호평동,647,호평4호공원,어린이공원,37.6552573,127.2461546
경기도,남양주시,평내동,560,평내2호공원,근린공원,37.64219204,127.2306887
전라남도,고흥군,도화면,당오리 산 46-26,도화소공원3,소공원,34.51006121,127.3225495
전라남도,고흥군,도화면,당오리 산 46-28,도화소공원4,소공원,34.50958576,127.322628
전라남도,고흥군,동강면,장덕리 345-7,동강특화농공단지 소공원,소공원,34.80449214,127.3432315
전라남도,고흥군,대서면,상남리 산 93,대서농공단지 소공원,소공원,34.75925297,127.326309
서울특별시,서대문구,남가좌동,385-2,가재울어린이공원,어린이공원,37.57309232,126.9191177
서울특별시,서대문구,북아현동,216-59,북아현어린이공원,어린이공원,37.55849107,126.9517607
서울특별시,서대문구,북아현동,147-48,한성어린이공원,어린이공원,37.55900376,126.955252
서울특별시,서대문구,북아현동,216-37,너른바위어린이공원,어린이공원,37.55832008,126.9522503
서울특별시,서대문구,북아현동176-25,,복주산근린공원,근린공원,37.56181347,126.9551252
서울특별시,서대문구,북아현동136-3,,아현역소공원,소공원,37.55768632,126.9559516
서울특별시,서대문구,남가좌동,388-7,남가좌동소공원,소공원,37.58077778,126.9196878886
서울특별시,서대문구,남가좌동,224-114,남가좌동어린이공원,어린이공원,37.57760952,126.9178882
서울특별시,서대문구,연희동,717-50,연희푸르지오어린이공원,어린이공원,37.57668706,126.9300362
광주광역시,광산구,산수동,544,"용산,용수",어린이공원,35.1934540903,126.744214081
광주광역시,광산구,산수동,223-6,입석,어린이공원,35.18319772,126.7475909189
광주광역시,광산구,삼도동,689,도야,어린이공원,35.12843185,126.6935798
광주광역시,광산구,삼도동,210-1,회룡,어린이공원,35.1189320554,126.6935015237
광주광역시,광산구,송대동,338-2,"대촌,송정",어린이공원,35.10144843,126.7915177
광주광역시,광산구,송산동,753-1,"내,세,송동",어린이공원,35.16028021,126.7164862
광주광역시,광산구,송산동,537,죽산,어린이공원,35.16829356,126.7262977
광주광역시,광산구,신동,384,동복서복,어린이공원,35.1104059911,126.6990706
광주광역시,광산구,신룡동,329-1,신촌,어린이공원,35.2223224453,126.7748015813
광주광역시,광산구,오산동,698-1,본촌1,어린이공원,35.22395955,126.7259802
광주광역시,광산구,오운동,748,"광암,복림",어린이공원,35.14771664,126.6875984
광주광역시,광산구,연산동,305,두산,어린이공원,35.1083083406,126.7585734653
광주광역시,광산구,용곡동,567,기곡,어린이공원,35.1323097,126.7392363
광주광역시,광산구,용곡동,781,용곡,어린이공원,35.1252691366,126.7422668694
광주광역시,광산구,유계동,240-4,유림1,어린이공원,35.10047956,126.786758
광주광역시,광산구,유계동,241-6,유림2,어린이공원,35.1003103817,126.7903132912
대전광역시,유성구,전민동,466-2,아리,어린이공원,36.40045242,127.4060215
대전광역시,유성구,전민동,265,산수,어린이공원,36.40014915,127.3958454
대전광역시,유성구,전민동,369-1,전광,어린이공원,36.39774367,127.4032017
대전광역시,유성구,전민동,346-6,전민,어린이공원,36.39837317,127.401121
대전광역시,유성구,신성동,151,말바위,어린이공원,36.38849431,127.3524075
대전광역시,유성구,신성동,129,숯골,어린이공원,36.39080086,127.3504822
대전광역시,유성구,신성동,141-4,주막,어린이공원,36.38976802,127.3479716
대전광역시,유성구,장대동,480,장대4(동자산),어린이공원,36.36107492,127.3336915
대전광역시,유성구,장대동,364,장고개,어린이공원,36.35935053,127.3394779
대전광역시,유성구,장대동,345,호미,어린이공원,36.36314601,127.3399159
대전광역시,유성구,장대동,323-1,꼭두배,어린이공원,36.36468289,127.3348408
대전광역시,유성구,궁동,72-3,활골,어린이공원,36.36400143,127.3512283
대전광역시,유성구,어은동,108,어은,어린이공원,36.36266251,127.3553511
대전광역시,유성구,덕명동,598,덕명2(화산),어린이공원,36.34909693,127.2988885
대전광역시,유성구,복용동,586,복용4(박산),어린이공원,36.3435646,127.311815
대전광역시,유성구,복용동,612-1,복용3(와룡),어린이공원,36.34144381,127.3141852
대전광역시,유성구,복용동,599-1,복용2(기은),어린이공원,36.34256502,127.3163997
대전광역시,유성구,구암동,668,구암1(로봇),어린이공원,36.35947342,127.3071748
대전광역시,유성구,덕명동,584,덕명6(미로),어린이공원,36.3561129,127.3085651
대전광역시,유성구,덕명동,527,덕명3(시간),어린이공원,36.35734756,127.3045785
대전광역시,유성구,덕명동,507,덕명5(숲속),어린이공원,36.35987299,127.3031845
대전광역시,유성구,구암동,625-3,구암2(궁말),어린이공원,36.35170911,127.3298052
대전광역시,유성구,원신흥동,554,흥도,어린이공원,36.33389114,127.3396595
대전광역시,유성구,구암동,628-1,남산,어린이공원,36.34965155,127.3282513
대전광역시,유성구,구암동,"603-1, 19",삼정,어린이공원,36.35287684,127.3310427
대전광역시,유성구,구암동,588-9,창리,어린이공원,36.35510592,127.3331963
대전광역시,유성구,구암동,618-1,방죽,어린이공원,36.35063856,127.3320868
충청북도,음성군,맹동면,두성리 1421,도라샘공원,소공원,36.90794964,127.5506151
충청북도,음성군,생극면,신양리 450-1,신양리1호소공원,소공원,37.0348061,127.6041111
충청북도,음성군,맹동면,두성리 1067,윗맹골공원,수변공원,36.9142628,127.5480436
충청북도,음성군,대소면,태생리 729,공원,소공원,36.96362097,127.4924339
충청북도,음성군,생극면,신양리 439-19,공원,소공원,37.03378172,127.605958
대전광역시,유성구,관평동,670,배울골,어린이공원,36.41977551,127.3882225
대전광역시,유성구,관평동,667,한들,어린이공원,36.42028761,127.3843936
대전광역시,유성구,봉산동,297,봉산2(둥구나무),어린이공원,36.43981623,127.3840904
대전광역시,유성구,봉산동,216,봉산,어린이공원,36.43586088,127.3879925
대전광역시,유성구,봉산동,186,장성,어린이공원,36.43786012,127.3875943
대전광역시,유성구,송강동,184,송강,어린이공원,36.43333533,127.3857184
대전광역시,유성구,송강동,200-3,엉고개,어린이공원,36.43147032,127.3840713
경기도,양주시,옥정동,908,옥정제6근린공원(선돌),근린공원,37.82286486,127.0868367
서울특별시,영등포구,당산동4가,85,새말소공원,소공원,37.531292,126.8975129
서울특별시,영등포구,당산동4가,98-1,이음소공원,소공원,37.527424,126.902467
서울특별시,영등포구,당산동5가,9-3,당산나루소공원,소공원,37.532814,126.900128
서울특별시,영등포구,문래동5가,67-2,(가칭)모아미래도 소공원,소공원,37.51655014,126.8871262
서울특별시,영등포구,당산동4가,99-1,(가칭)당산4구역 소공원,소공원,37.528846,126.903737
서울특별시,영등포구,신길동,4950-1,(가칭)신길7재정비촉진구역 소공원,소공원,37.501274,126.9162891
서울특별시,영등포구,신길동,4945-1,(가칭)신길11재정비촉진구역 소공원,소공원,37.504638,126.906631
서울특별시,영등포구,영등포동7가,205-1,아크로타워 역사공원,역사공원,37.52257451,126.9077566
경기도,여주시,상동,373-8,5호공원,어린이공원,37.2918843,127.6412891
경기도,여주시,하동,412-1,7호공원,어린이공원,37.29628178,127.6300342
경기도,여주시,하동,422,9호공원,어린이공원,37.29997479,127.6241111
경기도,여주시,오학동,419,10호공원,어린이공원,37.3039552,127.6464464
경기도,여주시,오학동,403,14호공원,어린이공원,37.30194807,127.6473666
경기도,여주시,하동,431-4,17호공원,어린이공원,37.30124439,127.6227795
경기도,여주시,가남읍,태평리 174,태평근린공원,근린공원,37.20429471,127.5455125
경기도,여주시,가남읍,태평리 95-1,태평4호공원,어린이공원,37.20414094,127.5482748
경기도,여주시,가남읍,태평리 769,태평5호공원,어린이공원,37.20673404,127.5450164
경기도,여주시,점동면,청안리 651-1,청안어린이공원,어린이공원,37.20516085,127.6605313
경기도,여주시,점봉동,233,여주IC앞소공원,소공원,37.25405325,127.6478322
경기도,여주시,현암동,674,법무단지앞 소공원1,소공원,37.311933,127.6314914
경기도,여주시,현암동,679,법무단지앞 소공원2,소공원,37.31272411,127.6344258
경기도,여주시,연양동,8,금은모래강변공원,근린공원,37.2893752,127.6719507
경기도,여주시,교동,115-1,여주18호 어린이공원,어린이공원,37.27838407,127.6331283
경기도,여주시,교동,115-15,여주22호 어린이공원,어린이공원,37.2768225,127.6328215
경기도,여주시,상동,132,영월근린공원,근린공원,37.29441991,127.6476579
경기도,여주시,상동,352,여주근린공원,근린공원,37.29395607,127.6404539
경기도,여주시,상동,282-4,1호공원,어린이공원,37.29580238,127.6395941
경기도,여주시,하동,121-4,2호공원,어린이공원,37.30114377,127.6288253
경기도,여주시,창동,145,3호공원,어린이공원,37.2942728,127.6334509
경기도,여주시,홍문동,283,4호공원,어린이공원,37.2908183,127.6378157
세종특별자치시,집현동,1122,,보두리문화공원,문화공원,36.49277408,127.3257827
세종특별자치시,집현동,1118,,보두리문화공원,문화공원,36.49235652,127.3275886
세종특별자치시,집현동,1123,,보두리문화공원,문화공원,36.49239342,127.3257547
세종특별자치시,집현동,1125,,보두리문화공원,문화공원,36.4919784,127.3275638
세종특별자치시,반곡동,1013,,넘나들문화공원,문화공원,36.49350418,127.3123047
세종특별자치시,반곡동,930,,반곡새싹문화공원,문화공원,36.49428178,127.3140622
세종특별자치시,반곡동,1015,,연이음문화공원,문화공원,36.49440996,127.311155
세종특별자치시,반곡동,1014,,해솔문화공원,문화공원,36.49424677,127.311853
세종특별자치시,반곡동,898,,숲가람문화공원,문화공원,36.49615819,127.311565
세종특별자치시,집현동,1164,,너스레문화공원,문화공원,36.49885205,127.3309313
울산광역시,중구,약사동,421-2,태봉공원,어린이공원,35.57869983,129.3378573
울산광역시,중구,약사동,349-1,원악공원,어린이공원,35.58022492,129.3360101
전라남도,광양시,광양읍,구산리 766,구산1,어린이공원,34.9821878645,127.5794751
전라남도,광양시,광양읍,칠성리 993-1,구산2,어린이공원,34.98036262,127.5802393
전라남도,광양시,광양읍,칠성리 1005-5,구산3,어린이공원,34.97860227,127.5795144
전라남도,광양시,광양읍,구산리 844-1,구산29,어린이공원,34.97628626,127.5771277
전라남도,광양시,광양읍,구산리 792-1,구산30,어린이공원,34.98062401,127.5776202
전라남도,광양시,광양읍,구산리 813-1,구산31,어린이공원,34.97822167,127.5763402
전라남도,광양시,광양읍,구산리 825-4,구산32,어린이공원,34.97757539,127.5745473
전라남도,광양시,광양읍,칠성리 960,칠성5,어린이공원,34.9700147947,127.579557
전라남도,광양시,광양읍,칠성리 949-5,칠성6,어린이공원,34.97160911,127.5801523
전라남도,광양시,광양읍,칠성리 944-4,칠성7,어린이공원,34.97349329,127.5801866
전라남도,광양시,광양읍,칠성리 936-1,칠성8,어린이공원,34.97354681,127.5774155
전라남도,광양시,광양읍,칠성리 928-3,칠성9,어린이공원,34.97504848,127.5789301
대전광역시,유성구,노은동,490,창뜰,어린이공원,36.37169651,127.3169739
대전광역시,유성구,용산동,667,방아다리,어린이공원,36.41806292,127.3934879
대전광역시,유성구,관평동,1007,윗관들,어린이공원,36.42313245,127.3908391
대전광역시,유성구,관평동,894,아래관들,어린이공원,36.42419071,127.3862921
전라남도,여수시,선원동,1240-1,선원공원,어린이공원,34.773771,127.651066
전라남도,여수시,화장동,815-7,화산공원,어린이공원,34.770757,127.643487
전라남도,여수시,화장동,735,화장공원,어린이공원,34.772651,127.647584
전라남도,여수시,봉산동,265-1,봉산공원,어린이공원,34.73422304,127.722081
전라남도,여수시,연등동,729-5,연등공원,소공원,34.754711,127.7275845
전라남도,여수시,국동,193-481,제일공원,소공원,34.732555,127.716041
전라남도,여수시,국동,193-133,행복공원,소공원,34.733913,127.714443
전라남도,여수시,국동,193-311,녹색공원,소공원,34.7338711,127.7154682
전라남도,여수시,국동,193-413,국화공원,소공원,34.73440141,127.717231
경상북도,청송군,청송읍,월막리 179-3,월막공원,근린공원,36.4330222,129.0591832
경기도,부천시,원미구,약대동 208,163호,소공원,37.51013546,126.770524
경기도,부천시,원미구,중동 1116-5,167호,소공원,37.4949573,126.7788737
경기도,부천시,소사구,심곡본동 820-3,251호,소공원,37.47779151,126.7740213
경기도,부천시,원미구,원미동 39-5,267호,소공원,37.50046531,126.7905179
경기도,부천시,소사구,범박동 8-7,287호,체육공원,37.47315454,126.8155002
경기도,부천시,원미구,원미동 196-4,290호,어린이공원,37.48991315,126.7876817
경기도,부천시,소사구,소사본동 53,291호,어린이공원,37.48228881,126.8018687
경기도,부천시,소사구,소사본동 212-6,292호,어린이공원,37.47151701,126.7927479
경기도,부천시,원미구,역곡동 45-11,293호,어린이공원,37.48473659,126.8063972
경기도,부천시,원미구,도당동 214-6,294호,어린이공원,37.51448452,126.7748681
경기도,부천시,소사구,송내동 594-5,295호,어린이공원,37.48161758,126.7728995
경기도,부천시,소사구,송내동 569-1,296호,어린이공원,37.48505211,126.7736312
경기도,부천시,소사구,송내동 670,297호,어린이공원,37.48569595,126.7469322
경기도,부천시,오정구,고강동 302-1,298호,어린이공원,37.52245643,126.8122875
경기도,부천시,오정구,내동 54-3,299호,어린이공원,37.5163915,126.7746023
경기도,부천시,오정구,내동 359,300호,어린이공원,37.52226008,126.7894539
경기도,부천시,오정구,내동 80,301호,어린이공원,37.52055686,126.776273
경기도,부천시,원미구,중동 788,306호,근린공원,37.48863335,126.7706577
경기도,부천시,오정구,여월동 297,가마골,어린이공원,37.51590027,126.8004156
경기도,부천시,원미구,중동 1030-2,계남,근린공원,37.50657956,126.7592023
경기도,부천시,오정구,고강동 산90,고강선사유적,근린공원,37.52437653,126.8186500028
경기도,부천시,오정구,고강동 250-17,고강취락,소공원,37.53177034,126.8227869
경기도,부천시,오정구,삼정동48-227,고라개,어린이공원,37.52696573,126.7720155
경기도,부천시,오정구,고강동 389,고리울,어린이공원,37.52669874,126.8208159
경기도,부천시,소사구,괴안동 262,괴안체육,체육공원,37.47622631,126.8110247
강원특별자치도,양구군,양구읍,하리 643,하리수변공원,수변공원,38.12695023,127.9917117
경기도,부천시,원미구,상동 396,구지,근린공원,37.49186556,126.7538802
경기도,부천시,원미구,중동 1029-2,금강,어린이공원,37.5066649,126.7630642
경기도,부천시,원미구,중동 1051-3,길주,근린공원,37.50811884,126.7726873
경기도,부천시,오정구,작동 417,깊은샘,어린이공원,37.50945881,126.8113446
경기도,부천시,원미구,"약대동 215,215-1",꽃구지,어린이공원,37.50980096,126.7746541
경기도,부천시,원미구,중동 824,꽃마을,어린이공원,37.48670561,126.767188
경기도,부천시,소사구,소사본동 401-4,꽃별,어린이공원,37.46663698,126.8020315
경기도,부천시,원미구,중동 1097-2,꿈마을,어린이공원,37.49874118,126.7819755
경기도,부천시,원미구,중동 1293-3,꿈빛,소공원,37.50848516,126.7752198
경기도,부천시,오정구,오정동 749,꿈자람,어린이공원,37.5331252,126.7866327
경기도,부천시,원미구,약대동 217-6,낙타,어린이공원,37.51482251,126.7671984
경기도,부천시,오정구,내동 309,내동,어린이공원,37.52041091,126.7848622
경기도,부천시,오정구,"내동294, 295",내촌,어린이공원,37.52251493,126.784963
경기도,부천시,원미구,중동 729,넘말,어린이공원,37.49516118,126.7622004
경기도,부천시,오정구,오정동 764,누른말,근린공원,37.53082695,126.781213
경기도,부천시,원미구,상동 558-1,다복한,어린이공원,37.50095098,126.7541505
경기도,부천시,소사구,송내동 371-1,다산,어린이공원,37.4858079,126.7657029
경기도,부천시,소사구,소사본동 403-1,다솜,어린이공원,37.46734747,126.8001232
경기도,부천시,원미구,상동 500-7,다정한,어린이공원,37.51195992,126.7591652
경기도,부천시,원미구,중동 1115,달빛,근린공원,37.49634185,126.7792216
경기도,부천시,오정구,오정동 114-7,덕산,어린이공원,37.528922179,126.7921401329
경기도,부천시,원미구,중동 1040-1,덕유,어린이공원,37.50845545,126.7672912
경기도,부천시,원미구,중동 1291,도담,어린이공원,37.48925488,126.769689
경기도,부천시,원미구,도당동 산25-5,도당,근린공원,37.51704947,126.7931946
경기도,부천시,원미구,역곡동 115,도요새,어린이공원,37.48855054,126.8148803
경기도,부천시,소사구,심곡본동 808,도원,어린이공원,37.47644535,126.7734359
경기도,부천시,오정구,오정동 722,동산,어린이공원,37.53040096,126.7845231
경기도,부천시,원미구,도당동 59,동화,어린이공원,37.52057124,126.7896871
경기도,부천시,소사구,송내동 702-2,두리,어린이공원,37.48494846,126.7513285
경기도,부천시,오정구,여월동 314,둥지,어린이공원,37.51035555,126.8025253
경기도,부천시,오정구,고강동 225-7,뒷골취락,소공원,37.53452871,126.8187498
경기도,부천시,소사구,소사본동 411-8,뜰안,어린이공원,37.47042339,126.8013098
경기도,부천시,원미구,상동 525-5,라일락,어린이공원,37.51020081,126.7513637
경기도,부천시,원미구,심곡동 324,먹적골,어린이공원,37.49087096,126.7732007
경기도,부천시,오정구,원종동 269,먼마루,어린이공원,37.52659869,126.8076181
경기도,부천시,소사구,괴안동 14-2,목일신,근린공원,37.48138339,126.8182852
경기도,부천시,원미구,중동 1175-1,무지개,어린이공원,37.49759475,126.7642492
경기도,부천시,소사구,옥길동 707-1,물모퉁이,소공원,37.46954724,126.8190659
경기도,부천시,원미구,중동 1179-1,미리내,어린이공원,37.4995776,126.7722067
경기도,부천시,소사구,옥길동 775-1,미소,소공원,37.46682033,126.8131485
경기도,부천시,소사구,범박동 210,바람개비,소공원,37.47338043,126.8122247
경기도,부천시,오정구,작동 390,바람모퉁이,어린이공원,37.51204113,126.8076781
경기도,부천시,원미구,상동 398-1,반달,어린이공원,37.49035314,126.7483671
경기도,부천시,소사구,소사본동 425,백동단지,소공원,37.47560403,126.7999202
경기도,부천시,원미구,상동 571-5,백송마을,어린이공원,37.4977531,126.7483604697
경기도,부천시,소사구,옥길동 752-1,버들,근린공원,37.46105888,126.8255451
경기도,부천시,원미구,중동 1100-1,벌막,근린공원,37.49539834,126.7802607
경기도,부천시,소사구,소사본동 408-4,벌말,어린이공원,37.47302371,126.8022154
경기도,부천시,원미구,중동 1172-2,보람,어린이공원,37.49755703,126.7595799925
경기도,부천시,원미구,중동 1088,보배,어린이공원,37.50183378,126.7810488
경기도,부천시,원미구,중동 1212,복사골,근린공원,37.49314025,126.7759044
경기도,부천시,원미구,심곡동 103,봄비,어린이공원,37.49213703,126.7828788
경기도,부천시,원미구,심곡동 344-9,비둘기,어린이공원,37.48825963,126.7750246
경기도,부천시,원미구,역곡동 53-11,사래울,어린이공원,37.48617581,126.8082479
경기도,부천시,오정구,여월동 339,사루개,어린이공원,37.51079624,126.8068061
경기도,부천시,소사구,옥길동 712-3,사태말별빛,소공원,37.46758816,126.8197004
경기도,부천시,소사구,송내동 407,산골,어린이공원,37.4816639,126.7598262
경기도,부천시,소사구,송내동 409-4,산끝,어린이공원,37.48241547,126.756526
경기도,부천시,소사구,옥길동 773,산들역사,문화공원,37.46266239,126.8138408
경기도,부천시,소사구,소사본동 산74-4,산새체육,체육공원,37.47390562,126.7894458
경기도,부천시,원미구,중동 899,산우물,어린이공원,37.48620645,126.7725923
경기도,부천시,원미구,약대동 195,살말,어린이공원,37.51178353,126.7674321
경기도,부천시,원미구,상동 295,상동,어린이공원,37.49041087,126.7610281
경기도,부천시,원미구,상동 549,상동호수,근린공원,37.50612373,126.7441496
경기도,부천시,오정구,삼정동 284,상산,어린이공원,37.51875938,126.7678798
경기도,부천시,원미구,중동 1198,새싹,어린이공원,37.49289837,126.7705263
경기도,부천시,오정구,오정동 591,새터,어린이공원,37.52656071,126.7838364
경기도,부천시,원미구,중동 1072,샛별,어린이공원,37.50716881,126.7760795
경기도,부천시,원미구,상동 466,서촌,근린공원,37.48824957,126.751048
경기도,부천시,소사구,송내동 688-1,서촌말,어린이공원,37.48700751,126.7437418
경기도,부천시,원미구,상동 416,석천,근린공원,37.49573044,126.7598453
경기도,부천시,원미구,중동 1051-2,설악,어린이공원,37.50870038,126.7706825
경기도,부천시,오정구,작동 48-3,성곡,어린이공원,37.51772214,126.8162976
경기도,부천시,소사구,심곡본동 산2-29,성무정공원,근린공원,37.47837495,126.7856866
경기도,부천시,소사구,송내동 675,성주,어린이공원,37.47817386,126.7699064
경기도,부천시,소사구,심곡본동 530-146,성주산아이숲터,어린이공원,37.4788976725,126.7842737298
경기도,부천시,소사구,소사본동 407-5,세치,어린이공원,37.47290785,126.8052599913
경기도,부천시,소사구,송내동 317-1,소담 소공원,소공원,37.48500939,126.7550131
경기도,부천시,원미구,상동 233,소망,어린이공원,37.49205017,126.7629374
경기도,부천시,소사구,소사본동 334-3,소사대공원,근린공원,37.46794208,126.7966443
경기도,부천시,소사구,소사본동 157,소새울,근린공원,37.47665529,126.7986998
경기도,부천시,소사구,소사본동 135-14,소안,어린이공원,37.47566377,126.8003564
경기도,부천시,원미구,소사동 32,소원,어린이공원,37.48490447,126.7969642
경기도,부천시,소사구,소사본동 401-2,소일,어린이공원,37.46881271,126.8037243
경기도,부천시,소사구,소사본동 232-31,소중,어린이공원,37.46978744,126.7945122
경기도,부천시,원미구,중동 1184-4,소향,근린공원,37.497595,126.7728867
경기도,부천시,원미구,상동 462,솔안,근린공원,37.48807829,126.7572853
경기도,부천시,소사구,송내동 335,솔안말,어린이공원,37.48580572,126.7587106
경기도,부천시,소사구,송내동 449-28,송내,근린공원,37.47780823,126.7644203
경기도,부천시,오정구,고강동 190-11,수주,근린공원,37.53004693,126.8125369
경기도,부천시,원미구,중동 1220,심곡천,문화공원,37.49369103,126.7799284
경기도,부천시,원미구,역곡동 24-67,안곡,어린이공원,37.49068423,126.8161954
경기도,부천시,원미구,중동 1169,안중근,근린공원,37.5044416,126.7590373
경기도,부천시,소사구,계수동 74,앞들수변공원,수변공원,37.45950281,126.8120605
경기도,부천시,원미구,중동 1049,약대,근린공원,37.51108609,126.7677408
경기도,부천시,원미구,약대동 216-2,약수,어린이공원,37.51706267,126.7663362
경기도,부천시,소사구,송내동 377-8,양안,어린이공원,37.48436362,126.7676647
경기도,부천시,소사구,송내동 599-2,양은리,어린이공원,37.48047075,126.7738681
경기도,부천시,소사구,괴안동 251-7,양지,어린이공원,37.47656281,126.8135362
경기도,부천시,원미구,중동 1108,어울림,근린공원,37.49986753,126.7782659
경기도,부천시,오정구,원종동 472,어울마당,어린이공원,37.52814621,126.8044156
경기도,부천시,원미구,약대동 216-7,억새,어린이공원,37.51537136,126.7693176
경기도,부천시,오정구,여월동 318,여월근린,근린공원,37.51364095,126.8017452
경기도,부천시,오정구,여월동 321,여월체육,체육공원,37.51433963,126.8045264
경기도,부천시,원미구,역곡동 304,역곡,문화공원,37.4882859821,126.8034295866
경기도,부천시,원미구,중동 1099,연꽃,어린이공원,37.49702766,126.7819354
경기도,부천시,오정구,오정동 1-3,오정대,근린공원,37.52978294,126.7961418
경기도,부천시,원미구,중동 1075,옥산,어린이공원,37.50400066,126.7783727
경기도,부천시,소사구,옥길동 735,용못내,근린공원,37.46798953,126.8261054
경기도,부천시,소사구,괴안동 263,웃고얀,근린공원,37.47591785,126.8099646
경기도,부천시,원미구,약대동 203,원골,어린이공원,37.51079829,126.7721797
경기도,부천시,원미구,원미동 15,원미,문화공원,37.4979854,126.7990398
경기도,부천시,원미구,원미동 127-5,원미별빛,어린이공원,37.492266925,126.7876697951
경기도,부천시,오정구,원종동 358,원종,어린이공원,37.51822156,126.8080743
경기도,부천시,원미구,상동 620-3,원천,근린공원,37.48990424,126.7456056
경기도,부천시,소사구,소사본동 179-1,윗소사,어린이공원,37.47405996,126.7945736
경기도,부천시,소사구,심곡본동 652-2,율곡,어린이공원,37.48042485,126.7788935
경기도,부천시,오정구,원종동 산59,은데미,근린공원,37.52052725,126.8116148
경기도,부천시,원미구,역곡동 22,은빛,어린이공원,37.48407297,126.8022151
경기도,부천시,원미구,중동 1038-1,은하,어린이공원,37.50737104,126.7654099
경기도,부천시,소사구,소사본동 138-4,은하수,어린이공원,37.47765816,126.7967783
경기도,부천시,원미구,원미동 57,은행,어린이공원,37.49618326,126.7908677
경기도,부천시,원미구,심곡동 302,은혜,어린이공원,37.49258722,126.7755416
경기도,부천시,오정구,작동 10-3,작동,어린이공원,37.51936599,126.8152776
경기도,부천시,원미구,중동 737,장말,어린이공원,37.4943548,126.7650916
경기도,부천시,소사구,옥길동 762,장승백이,소공원,37.46063786,126.8174657
경기도,부천시,원미구,상동 595-2,전원,어린이공원,37.49359134,126.7431171
경기도,부천시,오정구,작동 367,전원1단지,어린이공원,37.5113600031,126.8133078
경기도,부천시,오정구,작동 344,전원2단지,어린이공원,37.51074933,126.8098951
경기도,부천시,오정구,작동 371-4,전원3단지,어린이공원,37.50767072,126.8124199
경기도,부천시,오정구,작동 382,전원4단지,어린이공원,37.50749562,126.8110247
경기도,부천시,오정구,여월동 309,점말,어린이공원,37.51105326,126.7995059
경기도,부천시,소사구,심곡본동 818,정명,어린이공원,37.47611493,126.774793
경기도,부천시,오정구,작동 36,종점,어린이공원,37.51808708,126.8196658
경기도,부천시,원미구,중동 778-3,중동1-1공원,소공원,37.49117784,126.770638
경기도,부천시,원미구,중동 1177,중앙,근린공원,37.5006043,126.7637161
경기도,부천시,원미구,중동 1052-1,중흥,어린이공원,37.50690932,126.7722814
경기도,부천시,소사구,범박동 234-2,지석,근린공원,37.46610168,126.8156301
경기도,부천시,원미구,상동526-2,진달래,근린공원,37.51004985,126.7558496
경기도,부천시,원미구,심곡동 428-2,진말,어린이공원,37.49099867,126.7798906
경기도,부천시,오정구,"오정동 793, 794",찬들,근린공원,37.53098876,126.7663133
경기도,부천시,원미구,중동 1192,청실,어린이공원,37.49400295,126.7694372
경기도,부천시,오정구,작동 404,청포도,어린이공원,37.50966154,126.8082809
경기도,부천시,원미구,춘의동 산33,최희섭,근린공원,37.5039738,126.8035195
경기도,부천시,원미구,상동 431,태양,어린이공원,37.48972966,126.7594041
경기도,부천시,소사구,심곡본동 산52,펄벅,근린공원,37.47406905,126.7786682
경기도,부천시,소사구,송내동 463-107,편한,어린이공원,37.47895273,126.7665136
경기도,부천시,원미구,중동 1185,푸른,어린이공원,37.49619693,126.7726105
경기도,부천시,원미구,상동 520-13,푸른솔,어린이공원,37.5135949,126.7518591
경기도,부천시,원미구,상동 570-6,하얀마을,어린이공원,37.49766935,126.7552214
경기도,부천시,소사구,괴안동 124-2,한림,어린이공원,37.48314014,126.8145669
경기도,부천시,원미구,중동 1217,한마음,어린이공원,37.49413234,126.7775203
경기도,부천시,원미구,상동 391-4,한아름,어린이공원,37.49626175,126.7511739
경기도,부천시,소사구,옥길동 749,함박,근린공원,37.46365069,126.823002
경기도,부천시,소사구,범박동 232-8,햇살,어린이공원,37.46807765,126.814545
경기도,부천시,원미구,상동 426,행복,어린이공원,37.49173384,126.7598388
경기도,부천시,원미구,상동 550-6,행복한,어린이공원,37.50127997,126.7495194
경기도,부천시,원미구,상동323-12,행운,어린이공원,37.48771934,126.7616778
경기도,부천시,소사구,범박동 225-3,화목한,어린이공원,37.46956561,126.8129017
경기도,부천시,소사구,심곡본동 530-379,활터,어린이공원,37.47946223,126.7850631
경기도,부천시,원미구,심곡동 159,흥천,어린이공원,37.48918807,126.7847181
경기도,부천시,오정구,여월동 44-79,111호,소공원,37.51856321,126.7986224
경기도,부천시,오정구,여월동 243-9,114호,소공원,37.50732667,126.8048875
경기도,부천시,원미구,도당동 271-5,강남,어린이공원,37.50885143,126.7816837
경기도,부천시,소사구,괴안동 203-2,168호,어린이공원,37.48902384,126.820366
경기도,부천시,소사구,송내동 397-4,189호,어린이공원,37.48223073,126.763356
경기도,부천시,소사구,심곡본동 산69-1일원,289호,어린이공원,37.47409334,126.7744102
경기도,과천시,갈현동,677,에어드리공원,근린공원,37.4187451,126.9897155
경기도,과천시,별양동,2,중앙공원,근린공원,37.4323292,126.9966058
경기도,과천시,원문동,1,청사앞소공원,근린공원,37.42493813,126.9898527
경기도,과천시,과천동,484,남태령2소공원,소공원,37.45212629,126.9941408
경기도,과천시,과천동,375-2,뒷골4소공원,소공원,37.4553783,127.0015303
경기도,과천시,과천동,549-23,삼거리소공원,소공원,37.4468679,126.993337
경기도,과천시,과천동,386-7,뒷골1어린이공원,어린이공원,37.458211,127.001033
경기도,과천시,문원동,155-3,문원어린이공원,어린이공원,37.4219709,127.0087757
경기도,과천시,주암동,19-2,죽바위1 어린이공원,어린이공원,37.45869339,127.033938
경기도,과천시,문원동,324-15,사기막골1 어린이공원,어린이공원,37.41954475,126.999142
경기도,과천시,주암동,184-2,죽바위2역사공원,역사공원,37.45300477,127.0287473
경기도,과천시,관문동,3,관문체육공원,체육공원,37.4413646,126.9963478
경기도,과천시,문원동,20,문원체육공원,체육공원,37.4279215,127.0036606
경기도,과천시,관문동,3,관문어린이문화공원,문화공원,37.4413646,126.9963478
경기도,과천시,별양동,3-1,7-2단지 소공원,소공원,37.4330799,126.9978258
경기도,과천시,중앙동,98,1단지 소공원,소공원,37.4322076218,126.989539
경기도,과천시,과천동,579-2,남태령3소공원,소공원,37.4519988,126.9930527
경기도,과천시,과천동,144-13,광창1어린이공원,어린이공원,37.4476561,127.0102624
경기도,과천시,원문동,2,2단지 소공원,소공원,37.4230629409,126.9908331982
전북특별자치도,남원시,도통동,502,도통근린공원,근린공원,35.4210387724,127.3921762209
전북특별자치도,남원시,금지면,옹정리 301-3,김주열열사 추모공원,역사공원,35.3573602564,127.3036297346
강원특별자치도,양구군,양구읍,상리 587,정림공원1,어린이공원,38.0995161,127.9881744
전북특별자치도,남원시,향교동,1052-5,향교 1호,어린이공원,35.4151518579,127.3881527765
전북특별자치도,남원시,향교동,1060-4,향교 4호,어린이공원,35.4136970604,127.3905248274
전북특별자치도,남원시,도통동,510-4,도통 1호,어린이공원,35.4171252963,127.3901077795
전북특별자치도,남원시,도통동,521,도통2호,어린이공원,35.4157728663,127.3925303354
전북특별자치도,남원시,도통동,502,도통 3호,어린이공원,35.4210387724,127.3921762209
전북특별자치도,남원시,도통동,612-5,도통 4호,어린이공원,35.4139934215,127.3938252869
전북특별자치도,남원시,도통동,608-9,도통 5호,어린이공원,35.4143295557,127.395715983
전북특별자치도,남원시,도통동,575,도통 6호,어린이공원,35.4190468176,127.3990703634
전북특별자치도,남원시,도통동,564,도통 7호,어린이공원,35.4203021915,127.3998532584
전북특별자치도,남원시,노암동,597-32,노암 1호,어린이공원,35.3952280394,127.373883566
전북특별자치도,남원시,이백면,서곡리 601-1,이백서곡,어린이공원,35.4271314615,127.4351955366
전북특별자치도,남원시,주천면,송치리 1271-1,주천송치,어린이공원,35.3891745878,127.409379356
강원특별자치도,양구군,양구읍,상리 604-6,정림공원2,어린이공원,38.09610866,127.9906036
전북특별자치도,완주군,고산면,읍내리 산1-1,고운산근린공원,근린공원,35.9808294,127.2129122
경상남도,김해시,삼계동,산 4-1,삼계근린공원,근린공원,35.25679338,128.8773218
경상남도,김해시,삼정동,639-5,삼중공원,어린이공원,35.232066,128.901972
경상남도,김해시,삼정동,643-4,삼성공원,어린이공원,35.23174032,128.899672
경상남도,김해시,삼정동,654-5,소방공원,어린이공원,35.229478,128.902097
경상남도,김해시,삼정동,658-5,동사공원,어린이공원,35.229405,128.899767
경상남도,김해시,관동동,421-1,덕정공원,근린공원,35.18008851,128.7979675
경상남도,김해시,관동동,448-7,정자나무공원,근린공원,35.177728,128.794261
경상남도,김해시,부곡동,881-4,가마실공원,근린공원,35.202264,128.801101
경상남도,김해시,외동,1260-4,서광공원,어린이공원,35.23285813,128.869956
경상남도,김해시,동상동,1122-1,봉우공원,어린이공원,35.241029,128.883173
경상남도,김해시,내동,1073-1,우암공원,어린이공원,35.24411036,128.866934
경상남도,김해시,내동,1087-1,송이공원,어린이공원,35.240657,128.863535
경상남도,김해시,내동,1109-1,선학공원,어린이공원,35.2369968,128.8604075
경상남도,김해시,내동,1115-1,애기등공원,어린이공원,35.23791492,128.862354
경상남도,김해시,내동,1132-1,다솔공원,어린이공원,35.240854,128.868833
경상남도,김해시,내동,1146-3,가야공원,어린이공원,35.236421,128.869851
경상남도,김해시,외동,1202-1,파랑공원,어린이공원,35.23369814,128.8585264
경상남도,김해시,외동,1228,거인공원,어린이공원,35.233056,128.853786
경상남도,김해시,외동,1249-3,봉명공원,어린이공원,35.232265,128.863611
경상남도,김해시,외동,1250-2,한주공원,어린이공원,35.23286123,128.862441
경상남도,김해시,외동,1261-10,흥부공원,어린이공원,35.231883,128.866584
경상남도,김해시,외동,707,경운공원,근린공원,35.23685332,128.8527199867
경상남도,김해시,어방동,1103-3,해금공원,어린이공원,35.234017,128.903817
경상남도,김해시,어방동,1109-4,삼부공원,어린이공원,35.23159142,128.9041187
경상남도,김해시,어방동,1114-6,공단공원,어린이공원,35.229436,128.904107
경상남도,김해시,어방동,1129-17,자성공원,어린이공원,35.238362,128.9038096
경상남도,김해시,삼계동,1459-5,희망공원,어린이공원,35.26276954,128.8727014
경상남도,김해시,동상동,1103-1,호계공원,어린이공원,35.24000241,128.886227
경상남도,김해시,삼방동,26,삼안공원,어린이공원,35.2417006,128.915329
경상남도,김해시,삼방동,233,고천공원,어린이공원,35.244239,128.913553
경상남도,김해시,봉황동,158,봉황대공원,근린공원,35.230423,128.8765049
경상남도,김해시,삼정동,593-6,삼정공원,어린이공원,35.231791,128.896432
경상남도,김해시,삼정동,600-11,화인공원,어린이공원,35.229349,128.895109
경상남도,김해시,삼정동,605-4,활천공원,어린이공원,35.22912826,128.897951
경상남도,김해시,내동,1116-2,거북공원,근린공원,35.236198,128.865751
경상남도,김해시,내동,1125-1,소바우공원,근린공원,35.24031652,128.865399
경상남도,김해시,내동,1137-1,해반공원,근린공원,35.239029,128.870637
경상남도,김해시,내동,1146-7,공주공원,근린공원,35.234794,128.867922
경상남도,김해시,내동,709,연지공원,근린공원,35.2450686,128.8676693
경상남도,김해시,외동,1205,함박공원,근린공원,35.23361541,128.8565733
경상남도,김해시,외동,1261-7,한글문화공원,근린공원,35.23184079,128.8705349
경상남도,김해시,구산동,430-1,구산제3공원,어린이공원,35.250834,128.873555
경상남도,김해시,구산동,248-12,구지공원,어린이공원,35.24593344,128.872007
경상남도,김해시,구산동,281,새동네공원,어린이공원,35.248125,128.8706365
경상남도,김해시,구산동,311,목화골공원,어린이공원,35.2470637,128.873656
경상남도,김해시,관동동,산 59,반룡산공원,근린공원,35.180665,128.805346
경상남도,김해시,삼문동,62-8,능동공원(구 파크뷰공원),근린공원,35.195035,128.7968885
경상남도,김해시,구산동,319,구산제2공원,어린이공원,35.24741917,128.8761269
경상남도,김해시,구산동,407,구산제5공원,어린이공원,35.252403,128.872286
경상남도,김해시,구산동,416,구산제4공원,어린이공원,35.251428,128.873671
경상남도,김해시,어방동,721-7,구주공공원,어린이공원,35.24575084,128.8766700379
경상남도,김해시,어방동,1090,송림공원,어린이공원,35.236225,128.9015716
경상남도,김해시,어방동,364-1,남경공원,어린이공원,35.240181,128.9028586
경상남도,김해시,어방동,507-4,덕숭공원,어린이공원,35.238674,128.900573
경상남도,김해시,어방동,721-7,주공공원,어린이공원,35.237247,128.898568
서울특별시,용산구,서계동,226-3,청파문화공원,문화공원,37.553546,126.9682992
충청남도,부여군,장암면,정암리 662-3,와요지공원,역사공원,36.24525848,126.9152019
충청남도,서산시,고북면,가구리 624-25,비도시-소공원3,소공원,36.67009401,126.5331501
충청남도,서산시,고북면,가구리 624-29,비도시-어린이공원11,어린이공원,36.669861,126.533033
충청남도,서산시,고북면,가구리 625-28,비도시-근린공원7,근린공원,36.667813,126.534543
충청남도,서산시,대산읍,대로리 266-6,대산-어린이공원25,어린이공원,36.97052431,126.4111521
충청남도,서산시,대산읍,대산리 1498,대산-어린이공원33,어린이공원,36.939758,126.426177
충청남도,서산시,대산읍,대산리 1735,대산-어린이공원34,어린이공원,36.938067,126.429692
충청남도,서산시,대산읍,대산리 935,대산-수변공원35,수변공원,36.940006,126.427658
충청남도,서산시,대산읍,대산리 산170-1,대산-근린공원2(미조성),근린공원,36.937148,126.428868
충청남도,서산시,대산읍,대죽리 1129,대산-근린공원32(미조성),근린공원,37.001663,126.387462
충청남도,서산시,대산읍,대죽리 1152,대산-소공원37,소공원,36.999096,126.4154681
충청남도,서산시,대산읍,대죽리 1162,대산-체육공원36,체육공원,36.994551,126.410019
충청남도,서산시,대산읍,대죽리 1166,대산-소공원38,소공원,36.997055,126.409014
충청남도,서산시,대산읍,대죽리 18-7,대산-근린공원27,근린공원,37.002524,126.423663
충청남도,서산시,대산읍,대죽리 775-12,대산-문화공원1,문화공원,36.994052,126.388024
충청남도,서산시,동문동,1007-12,서산-어린이공원24,어린이공원,36.777087,126.4561624
충청남도,서산시,동문동,1260,서산-어린이공원15,어린이공원,36.78222583,126.467234
충청남도,서산시,동문동,161,서산-근린공원7,근린공원,36.780125,126.468302
충청남도,서산시,동문동,192-1,서산-어린이공원46,어린이공원,36.7792621,126.4659363
충청남도,서산시,동문동,225-3,서산-어린이공원18,어린이공원,36.778821,126.4632376
충청남도,서산시,동문동,271-4,서산-어린이공원25,어린이공원,36.777748,126.458542
충청남도,서산시,동문동,295-6,서산-어린이공원19,어린이공원,36.776874,126.464535
충청남도,서산시,동문동,331-5,서산-어린이공원17,어린이공원,36.780919,126.461364
충청남도,서산시,동문동,381-3,서산-어린이공원10,어린이공원,36.785204,126.461718
충청남도,서산시,동문동,404-3,서산-어린이공원9,어린이공원,36.785831,126.458544
충청남도,서산시,동문동,44-6,서산-어린이공원11,어린이공원,36.786066,126.464147
충청남도,당진시,우두동,475-1,공원:161(당진2지구),수변공원,36.905904,126.626916
충청남도,당진시,합덕읍,운산리 28-1,공원:301(합덕:01 하운공원),근린공원,36.801054,126.778304
충청남도,당진시,합덕읍,운산리 941-6,공원:302(합덕:02 운산공원),근린공원,36.8058004,126.765264
충청남도,당진시,우강면,창리 366-30,공원:303(합덕:03 교동(소들)공원),근린공원,36.806719,126.778973
충청남도,당진시,합덕읍,운산리 321-6,공원:304(합덕:04 서동공원),어린이공원,36.810072,126.768326
경상남도,김해시,삼정동,산33,남산공원,근린공원,35.231171,128.8913454
경상남도,김해시,삼방동,161-2,인제공원,어린이공원,35.247556,128.905055
경상남도,김해시,삼방동,690-2,동원공원,어린이공원,35.247787,128.911442
경상남도,김해시,삼방동,691-1,한일공원,어린이공원,35.25004493,128.9105546
경상남도,김해시,내동,130-6,홍익공원,어린이공원,35.245151,128.8654433
경상남도,김해시,삼방동,678-3,정자공원,어린이공원,35.247316,128.908195
경상남도,김해시,외동,696-7,은하공원,어린이공원,35.235101,128.8526079
경상남도,김해시,내동,144,수인공원,근린공원,35.243466,128.8615017
경상남도,김해시,삼방동,674-1,삼방공원,근린공원,35.250162,128.907326
경상남도,김해시,외동,674-2,지성공원,어린이공원,35.238535,128.855206
경상남도,김해시,외동,1368,외동1단지공원,어린이공원,35.228323,128.870226
경상남도,김해시,봉황동,17-13,봉황공원,어린이공원,35.22739831,128.878093
경상남도,김해시,부원동,607-8,부원공원,어린이공원,35.227441,128.883762
경상남도,김해시,대성동,483,백운공원,어린이공원,35.242819,128.881281
경상남도,김해시,삼정동,46-5,산정공원,어린이공원,35.23595841,128.897543
경상남도,김해시,삼정동,75-1,유신공원,어린이공원,35.234114,128.894469
경상남도,김해시,삼정동,99-1,복음공원,어린이공원,35.230991,128.8925157
경상남도,김해시,삼방동,192,대동공원,근린공원,35.24456328,128.910444
경상남도,김해시,부원동,619-4,다전공원,어린이공원,35.229012,128.887151
경상남도,김해시,부원동,628-3,팔각공원,어린이공원,35.228525,128.890749
경상남도,김해시,삼방동,179-2,제말공원,어린이공원,35.243503,128.908131
경상남도,김해시,삼방동,198,문화공원,어린이공원,35.242858,128.912475
부산광역시,강서구,대저2동,3136-1,상방공원,소공원,35.172659,128.9525034
부산광역시,강서구,대저2동,3136-3,덕두공원,소공원,35.17090941,128.9535289
부산광역시,강서구,명지동,3602-3,해오라기공원,소공원,35.09386757,128.9093268
부산광역시,강서구,대저2동,3146-2,근린공원,근린공원,35.165806,128.953667
부산광역시,강서구,동선동,1068-2,샛바람길공원,소공원,35.05485993,128.8352848
부산광역시,강서구,명지동,1396,명지소공원,소공원,35.10758714,128.926612
부산광역시,강서구,명지동,3229-21,바다공원,근린공원,35.08735018,128.8996067
부산광역시,강서구,명지동,3230-12,에디슨공원,어린이공원,35.087519,128.897994
부산광역시,강서구,명지동,3231-1,링컨공원,어린이공원,35.08555226,128.897768
부산광역시,강서구,명지동,3232-7,늘품공원,어린이공원,35.084518,128.900585
부산광역시,강서구,명지동,3233-1,별무리공원,어린이공원,35.083143,128.901138
부산광역시,강서구,명지동,3575-1,물떼새공원,소공원,35.10014847,128.925143
부산광역시,동구,수정동,707-37,중앙공원,근린공원,35.13257724,129.0390617
부산광역시,동구,범일동,590-5,부산진성공원,근린공원,35.13574252,129.0604498
부산광역시,동구,좌천동,745-4,좌천더숲어린이공원,어린이공원,35.13681529,129.0521561
부산광역시,동구,범일동,산81-28,증산공원,근린공원,35.13740399,129.050407
부산광역시,동구,좌천동1167,,좌천범일어린이공원,어린이공원,35.13139818,129.0557555
부산광역시,동구,좌천동,931-9,좌천해마루공원,소공원,35.13584114,129.0473998
전라남도,영광군,영광읍,도동리 365,영광생활체육공원,체육공원,35.27024742,126.5150141
전라남도,영광군,영광읍,남천리 92-1,영광우산근린공원,근린공원,35.27233461,126.5067239
전라남도,영광군,백학리,287,영광성산근린공원,근린공원,35.280812,126.510421
경상남도,김해시,서상동,312,왕릉공원,근린공원,35.23487875,128.877207
경상남도,김해시,진영읍,진영리 121-2,진영공원,근린공원,35.3005101592,128.7259651
경기도,김포시,장기동,2001-1,한강근린13,근린공원,37.6417666992,126.6766150175
전라남도,여수시,소라면,죽림리 1221,신송공원,어린이공원,34.76157913,127.6380638
전라남도,여수시,광무동,377-1,솔래공원,소공원,34.742307,127.723593
전라남도,여수시,서교동,966-1,서교공원,소공원,34.742351,127.7245206
전라남도,여수시,국동,954-44,민들레공원,소공원,34.731309,127.7129453
전라남도,여수시,수정동,693-1,삼거리공원,소공원,34.7442194,127.7462839
전라남도,여수시,수정동,525,수정공원,소공원,34.74361537,127.7482247
전라남도,여수시,관문동,131,관문공원,소공원,34.742011,127.7475608
전라남도,여수시,소라면,죽림리 1219,조산들공원,어린이공원,34.76147914,127.6377893
전라남도,여수시,소라면,관기리 578,관기공원,근린공원,34.744131,127.6244051
전라남도,여수시,종화동,526-7,종포해양공원,수변공원,34.7379571,127.7441697
전라남도,여수시,둔덕동,476-3,순교지공원,역사공원,34.76851723,127.695675
전라남도,여수시,소라면,죽림리 산 129-11,구름질공원,어린이공원,34.75547177,127.6250883
전라남도,여수시,소라면,관기리 산19-20,오리박골공원,어린이공원,34.75247854,127.6254835
전라남도,여수시,소라면,관기리 496-1,사랑댕이공원,어린이공원,34.74605084,127.625501
전라남도,여수시,소라면,관기리 262,상관공원,어린이공원,34.74940271,127.630867
전라남도,여수시,미평동,466,귀인쉼터공원,소공원,34.766763,127.7087992
전라남도,여수시,소라면,관기리 산 12-9,하관공원,소공원,34.751509,127.620592
전라남도,여수시,소라면,관기리 983-10,성본공원,어린이공원,34.744861,127.621746
전라남도,여수시,남산동,282,남산공원,근린공원,34.73525398,127.7297148
전라남도,여수시,시전동,산134,망마공원,근린공원,34.75441015,127.6704022
전라남도,여수시,웅천동,1865-1,이순신공원,근린공원,34.74308074,127.6789361
전라남도,여수시,학동,산9,안산공원,근린공원,34.758922,127.6589432
전라남도,여수시,학동,316,용기공원,근린공원,34.75815647,127.6619008
전라남도,여수시,웅천동,산268-1,두력공원,근린공원,34.73813217,127.6722146
전라남도,여수시,소호동,산161,가덕공원,근린공원,34.741017,127.6578447
전라남도,여수시,웅천동,1902,장도공원,근린공원,34.74321278,127.6647123
전라남도,여수시,화장동,산42-2,무선산공원,근린공원,34.7805406,127.6425354
전라남도,여수시,소라면,죽림리 1205,하금공원,어린이공원,34.76223346,127.6369382
대전광역시,유성구,죽동722-1,,소마잽이,어린이공원,36.37165832,127.3390733
대전광역시,유성구,지족동,1084,뒷골,어린이공원,36.3759566,127.3055244
대전광역시,유성구,지족동,1075,도리미,어린이공원,36.37922885,127.3040968
대전광역시,유성구,죽동699-5,,대울,어린이공원,36.3697194,127.3372175
대전광역시,유성구,죽동,690,군량들,어린이공원,36.36977864,127.334899
대전광역시,유성구,용산동,723,오랭이,어린이공원,36.41721736,127.397375
대전광역시,유성구,용산동,717,용산골,어린이공원,36.41935256,127.3990201
대전광역시,유성구,하기동,515,하기,어린이공원,36.38841674,127.3205286
대전광역시,유성구,궁동,499,은골,어린이공원,36.35980732,127.3505818
대전광역시,유성구,도룡동,398,장수,어린이공원,36.3839794,127.3782617
대전광역시,유성구,죽동,617,저들이,어린이공원,36.3806477133,127.3247599316
대전광역시,유성구,하기동,562,아래텃골,어린이공원,36.38705392,127.3314199
대전광역시,유성구,하기동,550,윗텃골,어린이공원,36.38878237,127.330936
대전광역시,유성구,하기동,539,초숯골,어린이공원,36.38740332,127.3245948
대전광역시,유성구,반석동,655,반석,어린이공원,36.38968104,127.3146544
대전광역시,유성구,반석동,627,양지말,어린이공원,36.39330599,127.3129893
대전광역시,유성구,반석동,615,회병골,어린이공원,36.39336532,127.3096393
대전광역시,유성구,지족동,878,안산,어린이공원,36.37808911,127.3197154
대전광역시,유성구,지족동,859,지족실,어린이공원,36.37792677,127.3174433
대전광역시,유성구,지족동,845,새미래,어린이공원,36.38193709,127.3174084
대전광역시,유성구,지족동,890,죽궁이,어린이공원,36.37377204,127.3158636
대전광역시,유성구,노은동,556-1,수정,어린이공원,36.36490747,127.3158078
대전광역시,유성구,노은동,536-5,속들,어린이공원,36.36818322,127.3216509
대전광역시,유성구,노은동,509-7,덕미,어린이공원,36.36834029,127.3161569
대전광역시,유성구,노은동,522-1,노은,어린이공원,36.37069815,127.3207603
대전광역시,유성구,노은동,520-2,논골,어린이공원,36.37187661,127.320115
전라남도,목포시,상동,1119-2,달맞이공원,근린공원,34.79487484,126.4273014
전라남도,목포시,상동,1100,신도심2단계공원,근린공원,34.80005352,126.4220599915
전라남도,목포시,산정동,267-13,청호공원,근린공원,34.80753335,126.3872529
전라남도,목포시,죽교동,산42-2,유달공원,근린공원,34.789763,126.3722172
전라남도,목포시,옥암동,1369,부흥산공원,근린공원,34.803944,126.438946
대전광역시,유성구,봉명동,614,선들,소공원,36.35851913,127.3441648
대전광역시,유성구,봉명동,1045-8,동방,소공원,36.34520429,127.343541
대전광역시,유성구,봉명동,1045-16,느리울,소공원,36.34463054,127.342454
대전광역시,유성구,봉명동,1045-1,구천봉,소공원,36.34520223,127.3423481
대전광역시,유성구,용산동,708,14(연양골),소공원,36.41706662,127.3978668
대전광역시,유성구,용산동,701,13(안터),소공원,36.41791723,127.3985516
대전광역시,유성구,용산동,694,12(원용산),소공원,36.41893101,127.3994247
대전광역시,유성구,용산동,686,11(용산),소공원,36.42032916,127.3996705
대전광역시,유성구,봉명동,646,벌구,소공원,36.35766483,127.3493635
대전광역시,유성구,봉명동,537-4,온천,소공원,36.35621259,127.3442844
대전광역시,유성구,봉명동,547-8,삼보,소공원,36.35374682,127.3449513
대전광역시,유성구,봉명동,542-1,용반,소공원,36.35289967,127.3480933
대전광역시,유성구,궁동,428-1,봉암,소공원,36.3616422,127.3516601
대전광역시,유성구,반석동,712,도림,소공원,36.38888889,127.3077778
대전광역시,유성구,지족동,1109,안샘,수변공원,36.3895493989,127.304534073
대전광역시,유성구,원신흥동,492-1,작은내,수변공원,36.33878217,127.3378371
대전광역시,유성구,상대동,581,쑥들,수변공원,36.33374319,127.330265
대전광역시,유성구,덕명동,507,덕명,어린이공원,36.35988814,127.3031845
대전광역시,유성구,문지동,637-7,문지,어린이공원,36.39523883,127.4071167
대전광역시,유성구,문지동,664,강변,어린이공원,36.39647573,127.4091963
대전광역시,유성구,덕명동,612,덕명,어린이공원,36.3454391089,127.3032524
대전광역시,유성구,지족동,1073,응굴천,어린이공원,36.38116034,127.3042193
대전광역시,유성구,지족동,1111,우산봉,어린이공원,36.3895494,127.3045341
경기도,오산시,수청동,565,수청제4어린이공원,어린이공원,37.1716379959,127.0593786948
경기도,오산시,궐동,624,궐동제3어린이공원,어린이공원,37.1606916158,127.0575394051
경기도,오산시,궐동,660,궐동제4어린이공원,어린이공원,37.1590538673,127.0568086423
경기도,오산시,궐동,656,궐동제5어린이공원,어린이공원,37.15795895,127.060024
경기도,오산시,부산동,479-6,부산어린이공원,어린이공원,37.1525467904,127.0881616051
경기도,오산시,가수동,14-5,가수제2어린이공원,어린이공원,37.147756,127.0488645273
경기도,오산시,원동,404-7,원동제1근린공원,근린공원,37.1384815783,127.0709834146
경기도,오산시,세교동,620,죽미근린공원,근린공원,37.1826002246,127.0460472938
경기도,오산시,금암동,497,느티근린공원,근린공원,37.1769761649,127.050179686
경기도,연천군,전곡읍,은대리 573,은대근린공원,근린공원,38.02808666,127.0649738
경기도,연천군,신서면,대광리 1318-42,신서수변공원,수변공원,38.18767638,127.1062843
경기도,연천군,연천읍,고문리 898,1호 소공원(고문리),소공원,38.06237861,127.1289215
경기도,연천군,군남면,옥계리 1259-9,23호 소공원(로하스파크),소공원,38.12852638,127.0456059
경기도,연천군,군남면,옥계리 1259-9,24호 소공원(로하스파크),소공원,38.12852638,127.0456059
경기도,연천군,전곡읍,은대리 2052-2,코아루 아파트 소공원,소공원,38.033266,127.054587
경기도,연천군,전곡읍,전곡리 708,석미3차 아파트 소공원,소공원,38.018969,127.075143
경기도,연천군,연천읍,차탄리 624,연천어린이공원,어린이공원,38.10060873,127.0772496
경기도,연천군,전곡읍,전곡리 704-1,휴먼시아 어린이공원,어린이공원,38.01804816,127.0703264
경기도,연천군,전곡읍,전곡리 263-3,조흥어린이공원(전곡6호),어린이공원,38.01981881,127.0698103
경기도,연천군,전곡읍,전곡리 411-11,명정어린이공원,어린이공원,38.03227566,127.0728127
경기도,연천군,전곡읍,전곡리 324-98,전곡어린이공원(전곡5호),어린이공원,38.02171542,127.0754043
경기도,연천군,연천읍,현가리 57-1,현가근린공원,근린공원,38.10909932,127.0789878
경기도,연천군,전곡읍,전곡리 355-1,전곡근린공원,근린공원,38.02962375,127.0739306
경기도,연천군,연천읍,옥산리 423-1,옥산근린공원,근린공원,38.09628893,127.0782339
경기도,연천군,백학면,통구리 1071-10,백학근린공원,근린공원,38.01519005,126.922946
서울특별시,도봉구,도봉2동,626-22,서울북부지방검찰청주변녹지,기타,37.6756414,127.0466808
부산광역시,강서구,명지동,3235-1,맹꽁어린이공원,어린이공원,35.080752,128.897908
부산광역시,강서구,명지동,3236-1,명호어린이공원,어린이공원,35.08066501,128.900785
부산광역시,강서구,명지동,3241-1,등대공원,어린이공원,35.080713,128.906433
부산광역시,강서구,명지동,3242-4,도담공원,어린이공원,35.079992,128.9104877
부산광역시,강서구,명지동,3243-3,남명공원,어린이공원,35.083292,128.909979
부산광역시,강서구,명지동,3244-1,갈대성공원,어린이공원,35.083147,128.906046
부산광역시,강서구,명지동,3247,명지공원,근린공원,35.087763,128.9085249
부산광역시,강서구,명지동,3308-3,철새탐방공원,문화공원,35.08408028,128.9118101
부산광역시,강서구,미음동,1531,장전공원,근린공원,35.16168262,128.8615873
부산광역시,강서구,미음동,1536-1,탑동공원,근린공원,35.16194516,128.8585526
부산광역시,강서구,명지동,3577-1,돛단배공원,어린이공원,35.09594065,128.9002654
부산광역시,강서구,미음동,1553-7,남강공원,문화공원,35.156126,128.856431
부산광역시,강서구,미음동,1559,와룡공원,근린공원,35.15653403,128.853379
부산광역시,강서구,미음동,1528-3,범방공원,문화공원,35.160474,128.863743
부산광역시,강서구,구랑동,1199-7,구랑공원,문화공원,35.13117903,128.8529028
부산광역시,강서구,구랑동,1218,압곡공원,근린공원,35.12848615,128.8442359
부산광역시,강서구,대저1동,1330-5,서연정공원,소공원,35.21647893,128.969512
부산광역시,강서구,대저2동,1870-67,용두공원,어린이공원,35.183679,128.956007
부산광역시,강서구,대저2동,2407-1,새동내공원,어린이공원,35.174568,128.950612
경기도,김포시,마산동,621-1,한강근린12,근린공원,37.64092255,126.6437674
서울특별시,성동구,금호동4가,산 27,달맞이,근린공원,37.5433496006,127.0193024442
서울특별시,성동구,하왕십리동,890-243,무학봉,근린공원,37.5612312466,127.0259523173
서울특별시,성동구,금호동3가,1266,금호,근린공원,37.5490411673,127.0190198709
부산광역시,강서구,송정동,"1455, 1476",송정공원,근린공원,35.10048771,128.8243905
부산광역시,강서구,범방동,1899-1,죽곡공원,소공원,35.147447,128.878631
부산광역시,강서구,송정동,1625,희망공원,근린공원,35.09309167,128.8531419
부산광역시,강서구,송정동,1718,보람공원,근린공원,35.088095,128.843216
부산광역시,강서구,명지동,3513-3,봄뜰공원,어린이공원,35.10559621,128.9258286
부산광역시,강서구,신호동,234-6,소정공원,어린이공원,35.08443652,128.879222
부산광역시,강서구,신호동,263-1,소담공원,어린이공원,35.080557,128.878164
부산광역시,강서구,신호동,315-1,신호공원,근린공원,35.08217087,128.8708641
부산광역시,강서구,신호동,315-7,신호공원,근린공원,35.08268678,128.8695172
부산광역시,강서구,지사동,1175,가람공원,어린이공원,35.14995875,128.8202445
부산광역시,강서구,지사동,1180,지사공원(2호근린공원),근린공원,35.15133835,128.8314007
부산광역시,강서구,지사동,1185-2,선비공원,어린이공원,35.15097229,128.8394872
부산광역시,강서구,지사동,1189-7,꿈나래공원,어린이공원,35.149803,128.835211
부산광역시,강서구,지사동,1258,신명공원(1호근린공원),근린공원,35.147492,128.825637
부산광역시,강서구,명지동,3234-1,큰나무공원,어린이공원,35.08309131,128.897766
부산광역시,강서구,명지동,3483-4,옛터공원,어린이공원,35.107713,128.9219154
경기도,김포시,풍무동,765,풍무제1어린이공원,어린이공원,37.603603,126.7264061
부산광역시,강서구,명지동,3409,파도공원,어린이공원,35.09346196,128.9159765
부산광역시,강서구,명지동,3455-5,두루미공원,소공원,35.09569613,128.923634
부산광역시,강서구,범방동,1998,녹산고향동산,문화공원,35.15428075,128.8861797
부산광역시,강서구,미음동,1684,수참공원,소공원,35.15294993,128.8683978
부산광역시,강서구,지사동,1279,숲길공원,근린공원,35.14716022,128.8243936
부산광역시,강서구,천성동,1642-3,해관공원,소공원,35.03849192,128.814867
부산광역시,강서구,화전동,554-3,화암공원,근린공원,35.110563,128.877536
부산광역시,강서구,화전동,582-1,화전공원,근린공원,35.105611,128.879107
부산광역시,강서구,화전동,597-2,화연공원,근린공원,35.1021469,128.879468
부산광역시,강서구,화전동,606,화동공원,어린이공원,35.11124213,128.886451
부산광역시,강서구,생곡동,1531-5,생활공원,문화공원,35.1352029,128.8852347
부산광역시,강서구,생곡동,1539-1,한적공원,소공원,35.13196464,128.880666
부산광역시,강서구,생곡동,1539-7,불미공원,소공원,35.13148096,128.8811555
부산광역시,강서구,생곡동,1537-2,생곡공원,소공원,35.13199275,128.8817074
부산광역시,강서구,미음동,1647,미음공원,소공원,35.14698172,128.8636758
부산광역시,강서구,녹산동,1338-12,웃들공원,근린공원,35.11506377,128.8823946
부산광역시,강서구,범방동,1903-3,마비등공원,소공원,35.146778,128.881378
부산광역시,강서구,범방동,1911-16,석말공원,소공원,35.14495637,128.879017
부산광역시,강서구,범방동,1903-3,세산공원,소공원,35.146754,128.8813045
부산광역시,강서구,범방동,1920,우열등공원,소공원,35.13986929,128.885057
부산광역시,강서구,범방동,1851,범방어린이공원,어린이공원,35.152202,128.883356
충청북도,청주시,흥덕구,복대동 1101,마당이마,어린이공원,36.6300283966,127.4434994306
충청북도,청주시,흥덕구,비하동 678-3,청향,어린이공원,36.63740847,127.4200295
충청북도,청주시,흥덕구,복대동 1987,버드나무,어린이공원,36.62765528,127.4417733
충청북도,청주시,흥덕구,복대동 2171,냉경,어린이공원,36.627223,127.442539
충청북도,청주시,흥덕구,복대동 2340,명경,어린이공원,36.62510349,127.448471
충청북도,청주시,흥덕구,봉명동 2150,주현,어린이공원,36.6477528,127.4552284
충청북도,청주시,흥덕구,봉명동 2028,백봉,어린이공원,36.64841208,127.4593553
충청북도,청주시,흥덕구,가경동 1331,풍산,어린이공원,36.372953,127.268911
충청북도,청주시,흥덕구,가경동 824,풍광,어린이공원,36.374048,127.261469
충청북도,청주시,흥덕구,가경동 767,형석,어린이공원,36.374279,127.262287
충청북도,청주시,흥덕구,가경동 1192,세원,어린이공원,36.373439,127.262435
충청북도,청주시,서원구,사직동 639-13,호국공원(92호),근린공원,36.63050528,127.4739715
강원도,평창군,진부면,송정리 2515,송정4공원,소공원,37.6352816464,128.5625617
강원도,평창군,진부면,송정리 2531,송정5공원,소공원,37.6326993707,128.5611614189
강원도,평창군,대화면,대화리 407-1,대화체육공원,체육공원,37.5021105782,128.4597399425
충청북도,청주시,서원구,수곡동 329,산남주공,어린이공원,36.365936,127.285479
충청북도,청주시,서원구,개신동 505,장구봉공원,근린공원,36.371626,127.265177
충청북도,청주시,서원구,수곡동 740,무터골,어린이공원,36.61888713,127.4705289
충청북도,청주시,서원구,수곡동 778,한마음,어린이공원,36.365578,127.283058
충청북도,청주시,서원구,수곡동 1000,청실,어린이공원,36.365149,127.283599
충청북도,청주시,서원구,수곡동 984,방죽말,어린이공원,36.61452688,127.4738558
충청북도,청주시,서원구,분평동 1197,비전공원,근린공원,36.364111,127.294342
충청북도,청주시,흥덕구,모충동 산462-28,매봉공원,근린공원,36.623341,127.473094
충청북도,청주시,흥덕구,신봉동 산 7-3,명심공원,근린공원,36.655369,127.462394
충청북도,청주시,흥덕구,복대동 1671,여수동,어린이공원,36.630631,127.4498985
충청북도,청주시,흥덕구,복대동 1829,옷샘,어린이공원,36.372865,127.265985
부산광역시,강서구,범방동,1891,사구범방대수변공원,수변공원,35.149228,128.8857877
부산광역시,강서구,범방동,1913,가리새수변공원,수변공원,35.14278145,128.8874917
부산광역시,강서구,명지동,3403,물결공원,근린공원,35.09398169,128.9125905
부산광역시,강서구,미음동,1659,태야공원,근린공원,35.14594508,128.8730082
부산광역시,강서구,명지동,3398,소리공원,근린공원,35.097566,128.9121426
부산광역시,강서구,명지동,3392,울림공원,근린공원,35.09900855,128.9259889
부산광역시,강서구,명지동,3439,너울공원,근린공원,35.09581412,128.925039
부산광역시,강서구,명지동,3428-4,나뭇잎공원,어린이공원,35.094776,128.921641
부산광역시,강서구,명지동,3349,큰배공원,어린이공원,35.10259051,128.921011
부산광역시,강서구,명지동,3313-9,꽃게공원,어린이공원,35.1114825,128.9210893
부산광역시,강서구,명지동,3406,꿀벌공원,어린이공원,35.093227,128.9147464
인천광역시,남동구,구월동,1390,반월공원,어린이공원,37.44694465,126.6951423
인천광역시,남동구,구월동,1377-5,구월예술공원,어린이공원,37.44596018,126.6966056
인천광역시,남동구,구월동,1350,구월문화공원,어린이공원,37.44875336,126.6980307
인천광역시,남동구,만수동,1005-1,새골공원,어린이공원,37.45042788,126.7398942
인천광역시,남동구,만수동,1033,담방공원,어린이공원,37.44519587,126.7411194
인천광역시,남동구,만수동,1049-1,골마루공원,근린공원,37.43927377,126.7362519
인천광역시,남동구,만수동,1078-13,시영공원,어린이공원,37.44599078,126.7339681
인천광역시,남동구,만수동,1109-2,창대공원,어린이공원,37.44774761,126.7365758
인천광역시,남동구,만수동,1086-2,장승백이공원,어린이공원,37.4457195,126.7371325
인천광역시,남동구,만수동,1096,대덕공원,어린이공원,37.4461762,126.740157
인천광역시,남동구,만수동,1022-4,남동공원,어린이공원,37.44459647,126.7379915
인천광역시,남동구,장수동,766-1,장자공원,어린이공원,37.45354749,126.7495907
인천광역시,남동구,장수동,768,큰우물공원,어린이공원,37.45222033,126.7520379
인천광역시,남동구,서창동,598,구룡공원,어린이공원,37.43839923,126.746477
인천광역시,남동구,서창동,573-1,선래공원,어린이공원,37.43334194,126.7518873
인천광역시,남동구,서창동,573-1,걸재공원,어린이공원,37.43330912,126.7518561
인천광역시,남동구,서창동,580-2,장아공원,어린이공원,37.43147977,126.7517353
인천광역시,남동구,논현동,564-2,앞골공원,어린이공원,37.40983956,126.7134086
인천광역시,남동구,논현동,564-4,신흥공원,어린이공원,37.4085597,126.7137934
인천광역시,남동구,논현동,563-4,아담공원,어린이공원,37.41187635,126.7111312
인천광역시,남동구,논현동,555,새진매공원,어린이공원,37.415805,126.7129017
인천광역시,남동구,논현동,553-1,갯골공원,근린공원,37.41566328,126.7121488
인천광역시,남동구,논현동,563-1,사리울공원,근린공원,37.41337816,126.7113878
인천광역시,남동구,도림동629-4,,도림1공원,어린이공원,37.4207565,126.7317858
전북특별자치도,군산시,지곡동,610,제60공원,어린이공원,35.950098,126.713949
전북특별자치도,군산시,지곡동,156-5,동지곡길 공원,어린이공원,35.95440511,126.707262
전북특별자치도,군산시,오식도동,677-4,분멀2길 공원,어린이공원,35.96297562,126.570943
전북특별자치도,군산시,오식도동,634-5,요죽2길 공원,어린이공원,35.96262834,126.564021
전북특별자치도,군산시,오식도동,615-2,요죽4길 공원,어린이공원,35.964548,126.563865
전북특별자치도,군산시,오식도동,806-4,요죽5길 공원,어린이공원,35.966955,126.564687
전북특별자치도,군산시,오식도동,805-2,요죽길 공원,어린이공원,35.969774,126.563793
전북특별자치도,군산시,지곡동,564-1,신평3길 공원,어린이공원,35.958202,126.712377
전북특별자치도,군산시,지곡동,531,상지곡안3길 공원,어린이공원,35.957196,126.709411
전북특별자치도,군산시,지곡동,510-5,상지곡안2길 공원,어린이공원,35.958761,126.7065729
전북특별자치도,군산시,나운동,155-8,동원중 뒤 공원,어린이공원,35.959125,126.701853
전북특별자치도,군산시,나운동,153-10,늘푸른공원,어린이공원,35.960746,126.6983089
전북특별자치도,군산시,나운동,45-5,나운주공4차 공원,어린이공원,35.96720877,126.709969
전북특별자치도,군산시,나운동,45-3,나운주공5차 공원,어린이공원,35.96879711,126.708469
전북특별자치도,군산시,조촌동,919-4,동검다메길 공원,어린이공원,35.970604,126.742288
전북특별자치도,군산시,조촌동,949-5,부골3길 공원,어린이공원,35.974097,126.740526
전북특별자치도,군산시,조촌동,876,검다메2길 공원,어린이공원,35.968854,126.739522
전북특별자치도,군산시,조촌동,897,신촌2길 공원,어린이공원,35.96589408,126.7368976
전북특별자치도,군산시,조촌동,890-4,조촌3길 공원,어린이공원,35.96726301,126.735169
전북특별자치도,군산시,조촌동,867-15,조촌안1길 공원,어린이공원,35.96894059,126.736817
전북특별자치도,군산시,조촌동,848-5,조촌안5길 공원,어린이공원,35.970575,126.735185
전북특별자치도,군산시,조촌동,852,조촌안3길 공원,어린이공원,35.972267,126.736707
전북특별자치도,군산시,조촌동,845,조촌안4길 공원,어린이공원,35.973546,126.734946
전북특별자치도,군산시,조촌동,837,조촌5길 공원,어린이공원,35.974853,126.736677
전라남도,목포시,산정동,1459,삼학도공원,근린공원,34.784253,126.3920107
전라남도,목포시,옥암동,981,하당공원,근린공원,34.80740107,126.4337247
전라남도,목포시,옥암동,1021,둥근공원,근린공원,34.80501622,126.4339328
전라남도,목포시,연산동,1297,삽진공원,근린공원,34.82368128,126.3819448
서울특별시,금천구,시흥동,970-3,진달래,어린이공원,37.434878,126.904883
서울특별시,금천구,시흥동,169-21,단군,어린이공원,37.45569721,126.9086585
서울특별시,금천구,시흥동,3-17,산장,어린이공원,37.46089265,126.9124998
서울특별시,금천구,시흥동,3-82,장미,어린이공원,37.46163335,126.912238
서울특별시,금천구,시흥동,4-128,신흥,어린이공원,37.45990738,126.907849
서울특별시,금천구,시흥동,4-28,효봉,어린이공원,37.46069907,126.910507
서울특별시,금천구,시흥동,791-35,송록,어린이공원,37.46134022,126.906169
서울특별시,금천구,시흥동,817,느티나무,어린이공원,37.45613382,126.906735
서울특별시,금천구,시흥동,836,은행,어린이공원,37.45204371,126.9071079
서울특별시,금천구,시흥동,925-32,별장길,어린이공원,37.448147,126.908596
서울특별시,금천구,독산동,1151,금나래중앙,문화공원,37.45807525,126.8949359
서울특별시,금천구,독산동,1149,도하,소공원,37.458753,126.8953896
서울특별시,금천구,시흥동,963-1,박미사랑,소공원,37.43762998,126.904519
서울특별시,금천구,독산동,1160-2,독산,문화공원,37.4639174149,126.8926887443
부산광역시,강서구,명지동,3604-4,도요새공원,소공원,35.0918359,128.9084248
부산광역시,강서구,명지동,3483-5,1호 문화공원,문화공원,35.1075331,128.9220272
부산광역시,강서구,대저2동,3146-2,금호공원,근린공원,35.16580654,128.9536671
부산광역시,강서구,대저1동,1318-82,연정1공원,소공원,35.218336,128.968132
부산광역시,강서구,범방동,1859-14,범방소공원,소공원,35.15072479,128.8833845
부산광역시,강서구,범방동,1923,가리새공원,소공원,35.138436,128.890437
부산광역시,강서구,범방동,1875-4,금병공원,어린이공원,35.149572,128.882679
서울특별시,금천구,독산동,999-11,다람쥐,어린이공원,37.46824515,126.8908193
서울특별시,금천구,독산동,1038-9,푸른골,어린이공원,37.466546,126.9032037
서울특별시,금천구,독산동,1063-14,무지개,어린이공원,37.46282267,126.9009392
서울특별시,금천구,독산동,1067-9,옥계,어린이공원,37.460149,126.900302
서울특별시,금천구,독산동,378-291,무궁화,어린이공원,37.46442655,126.9044106
서울특별시,금천구,독산동,378-4,정훈,어린이공원,37.46567731,126.9063221
서울특별시,금천구,독산동,378-434,꿈나무,어린이공원,37.46346975,126.9049179
서울특별시,금천구,독산동,883-9,목화,어린이공원,37.477455,126.907262
서울특별시,금천구,독산동,993-29,동산,어린이공원,37.47292006,126.9059645
서울특별시,금천구,독산동,160-6,남문,어린이공원,37.472321,126.900396
서울특별시,금천구,독산동,964,구룡,어린이공원,37.477891,126.9027669
서울특별시,금천구,독산동,980-44,반수,어린이공원,37.4740151,126.902233
서울특별시,금천구,독산동,925-2,한사랑,어린이공원,37.467716,126.904573
서울특별시,금천구,독산동,189-1,쌈지,어린이공원,37.47090493,126.9039831
서울특별시,금천구,독산동,196-8,소망,어린이공원,37.46936829,126.9016706
서울특별시,금천구,시흥동,986-2,남서울,어린이공원,37.448336,126.902123
서울특별시,금천구,시흥동,855,새재미,어린이공원,37.45884579,126.904239
서울특별시,금천구,시흥동,871-24,해태,어린이공원,37.457773,126.901866
서울특별시,금천구,시흥동,893,부장천,어린이공원,37.45266794,126.9044062
서울특별시,금천구,시흥동,1026-3,풍림,어린이공원,37.44783408,126.9017969
서울특별시,금천구,시흥동,1027-2,중앙,어린이공원,37.44641126,126.9016027
서울특별시,금천구,시흥동,943-16,꾸러기,어린이공원,37.44316993,126.905877
서울특별시,금천구,시흥동,947-4,비둘기,어린이공원,37.441597,126.906264
서울특별시,금천구,시흥동,959-2,까치,어린이공원,37.439645,126.904994
경상남도,김해시,동상동,1109-3,차밭공원,어린이공원,35.238428,128.8887885
인천광역시,강화군,강화읍,관청리 51,관청근린공원,근린공원,37.74886852,126.4923256
인천광역시,강화군,강화읍,관청리 782-1,북산공원,역사공원,37.7553283747,126.4820161585
인천광역시,강화군,강화읍,관청리 486-2,강화읍소공원,소공원,37.7480141,126.4860645162
경기도,군포시,금정동,871-15,다산어린이공원,어린이공원,37.35020136,126.9307674
경기도,군포시,산본동,1155-2,가야어린이공원,어린이공원,37.35144813,126.9245881
경기도,군포시,산본동,1066-1,골안어린이공원,어린이공원,37.37416491,126.930087
경기도,군포시,산본동,1156-9,도장어린이공원,어린이공원,37.34985516,126.9272173
경기도,군포시,산본동,1156-13,한라어린이공원,어린이공원,37.34848569,126.9259948
경기도,군포시,산본동,1156-16,진달래어린이공원,어린이공원,37.34678448,126.9253533
경기도,군포시,산본동,1155-9,쉼터어린이공원,어린이공원,37.34457754,126.9233054
경기도,군포시,산본동,1239,슬기어린이공원,어린이공원,37.37091779,126.9359794
경기도,군포시,산본동,214,회목안어린이공원,어린이공원,37.37081936,126.9374389
경기도,군포시,금정동,697,삼성어린이공원,어린이공원,37.36847922,126.9421552
경기도,군포시,산본동,1074,수리약수터어린이공원,어린이공원,37.37366869,126.9281293
경기도,군포시,산본동,1033,진설미어린이공원,어린이공원,37.36769479,126.9396794
경기도,군포시,산본동,212-5,태을어린이공원,어린이공원,37.36623705,126.9356734
경기도,군포시,금정동,80-1,은혜어린이공원,어린이공원,37.36653538,126.9433166
경기도,군포시,금정동,906,수정어린이공원,어린이공원,37.36549533,126.9447057
경기도,군포시,금정동,707-8,빌라어린이공원,어린이공원,37.36465922,126.9391766
경기도,군포시,금정동,711-4,밤골어린이공원,어린이공원,37.3626063,126.9393014
경기도,군포시,금정동,714,느티울어린이공원,어린이공원,37.361515,126.9376809
경기도,군포시,금정동,759,하니어린이공원,어린이공원,37.36254401,126.9433668
경기도,군포시,산본동,1088-1,목련어린이공원,어린이공원,37.36987586,126.9269028
경기도,군포시,금정동,768-11,점말어린이공원,어린이공원,37.36288471,126.9460287
경기도,군포시,당정동,977-3,햇님어린이공원,어린이공원,37.34806584,126.9571357
경기도,군포시,당정동,982-2,동산어린이공원,어린이공원,37.34700355,126.9567894
경기도,군포시,당정동,1003-2,별님어린이공원,어린이공원,37.34527928,126.9510066
경기도,군포시,당정동,1014-2,새싹어린이공원,어린이공원,37.34351572,126.9491359
서울특별시,마포구,상수동,402-2,상수나루소공원,소공원,37.54610993,126.926336
충청북도,청주시,흥덕구,운천동 950,연당리,어린이공원,36.64394525,127.4742864
충청북도,청주시,흥덕구,운천동 1487,절터,어린이공원,36.384712,127.284885
충청북도,청주시,흥덕구,운천동 1570,장대들,어린이공원,36.384028,127.284886
충청북도,청주시,흥덕구,운천동 1100,돌아바위,어린이공원,36.645241,127.477239
충청북도,청주시,흥덕구,강내면 월곡리150-115,강내공원,근린공원,36.623911,127.373022
충청북도,청주시,흥덕구,강내면 탑연리 389,미소,어린이공원,36.622678,127.361904
충청북도,청주시,흥덕구,강내면 월곡리 304-2,월곡,어린이공원,36.62188616,127.3692449
충청북도,청주시,흥덕구,강내면 월곡리 246-1,은하수,어린이공원,36.622592,127.361972
충청북도,청주시,서원구,수곡동 산22,잠두봉공원,근린공원,36.61318042,127.4850971
충청북도,청주시,서원구,개신동 산71-1,삼선당공원,근린공원,36.371021,127.272534
충청북도,청주시,서원구,사직동 604-26,사직단공원,문화공원,36.63518703,127.4786068
충청북도,청주시,서원구,수곡동 84-4,수곡,어린이공원,36.62031306,127.4843861
충청북도,청주시,서원구,사직동 산 126-9,사직2공원,근린공원,36.6345137738,127.4732900905
충청북도,청주시,서원구,사창동 182,천수골,어린이공원,36.63794468,127.461194
충청북도,청주시,서원구,성화동 80-9,구룡공원,근린공원,36.362985,127.272516
충청북도,청주시,서원구,분평동 1104,분평 새동네,어린이공원,36.61268924,127.4764021
충청북도,청주시,서원구,수곡동 316,활장,어린이공원,36.365766,127.283751
충청북도,청주시,서원구,수곡동 336,안말,어린이공원,36.365311,127.284552
경기도,평택시,안중읍,안중리 산78-8,안송 근린공원(안중송담지구),근린공원,36.983437,126.929102
경기도,평택시,안중읍,현화리 823-2,안중 근린공원(안중지구 택지개발),근린공원,36.985234,126.920612
경기도,평택시,포승읍,도곡리 1108,여술 근린공원(포승공단),근린공원,36.9907,126.841361
경기도,평택시,오성면,양교리 1095,오성 근린공원(오성산단),근린공원,37.02465,126.948927
경기도,평택시,안중읍,학현리 산6,용성 근린공원,근린공원,37.001685,126.93512
경기도,평택시,안중읍,학현리 산65-1,율리 근린공원,근린공원,36.99126,126.927811
경기도,평택시,청북면,어연리 898-1,개나리 근린공원(청북 어연한산공단),근린공원,37.051436,126.977508
경기도,평택시,현덕면,장수리 264-18,근린공원 1호(황해자유구역 현덕지구),근린공원,36.93667,126.914174
경기도,평택시,현덕면,권관리 824,근린공원 2호(황해자유구역 현덕지구),근린공원,36.929521,126.907927
경기도,평택시,현덕면,권관리 705,근린공원 3호(황해자유구역 현덕지구),근린공원,36.92473,126.912089
경기도,평택시,안중읍,안중리 산17-1,금곡 근린공원,근린공원,36.994316,126.940887
경기도,평택시,청북면,현곡리 산94-7,능안 근린공원,근린공원,37.043283,126.928905
경기도,평택시,포승읍,도곡리 1110,도곡 근린공원(포승공단),근린공원,36.989362,126.847404
경기도,평택시,청북면,옥길리 1155,뚝넘어 근린공원(청북지구 택지개발),근린공원,37.024696,126.913794
경기도,평택시,포승읍,만호리 산9-1,만호 근린공원(포승2산단),근린공원,36.967071,126.861402
경기도,평택시,청북면,현곡리 산10-5,무릉 근린공원,근린공원,37.040094,126.94137
경기도,평택시,포승읍,원정리 1355,번제 근린공원(포승공단),근린공원,36.984383,126.833052
경기도,평택시,청북면,어연리 888,비둘기 근린공원(청북 어연한산공단),근린공원,37.049486,126.972925
경기도,평택시,청북면,옥길리 1173,살박 근린공원(청북지구 택지개발),근린공원,37.024696,126.913794
경기도,평택시,청북면,옥길리 1142,새터 근린공원(청북지구 택지개발),근린공원,37.024696,126.913794
경기도,평택시,안중읍,송담리 724,송담 근린공원(안중송담지구),근린공원,36.972729,126.936473
경기도,평택시,청북면,옥길리 1124,수촌 근린공원(청북지구 택지개발),근린공원,37.024696,126.913794
경기도,평택시,포승읍,만호리 589,신당 근린공원(포승공단),근린공원,36.970051,126.84749
인천광역시,남동구,논현동,774-4,별빛공원,어린이공원,37.39389107,126.7288965
인천광역시,남동구,논현동,755-5,물방울공원,어린이공원,37.39741006,126.7290785
인천광역시,남동구,논현동,749-5,돌섬공원,어린이공원,37.39805872,126.7281969
인천광역시,남동구,논현동,740-3,모험공원,어린이공원,37.39601681,126.7238383
인천광역시,남동구,논현동,739-5,바람공원,어린이공원,37.39405618,126.7228194
전라남도,목포시,산정동,1301,자명,소공원,34.792649,126.396825
전라남도,목포시,산정동,1645-1,새뜰,소공원,34.806744,126.371451
전라남도,목포시,산정동,1678-3,인덕,소공원,34.80470019,126.373353
전라남도,목포시,산정동,1681-1,서부,소공원,34.804277,126.372307
전라남도,목포시,산정동,1688,북항,소공원,34.803254,126.374406
전라남도,목포시,산정동,1696-6,홍일,소공원,34.802873,126.375908
전라남도,목포시,산정동,1701,북산,소공원,34.802257,126.376618
전라남도,목포시,용당동,1180-26,100호,소공원,34.810369,126.3890145
전라남도,목포시,용당동,1179-2,101호,소공원,34.809674,126.388518
전라남도,목포시,죽동,115,죽동,소공원,34.792486,126.3811704
전라남도,목포시,상동,163-1,중화마을,소공원,34.81106831,126.4161581
전라남도,목포시,죽교동,580-1,돌골,소공원,34.80043598,126.375591
전라남도,목포시,연산동,2019,130호,소공원,34.81986492,126.3823661
전라남도,목포시,산정동,1654-1,터진목,소공원,34.805177,126.370758
전라남도,목포시,산정동,1668-4,어울림,소공원,34.805702,126.372669
전라남도,목포시,대성동,190-1,대성공원,소공원,34.802085,126.383702
전라남도,목포시,용당동,1071-6,왕자,소공원,34.79859731,126.398849
전라남도,목포시,연산동,산45-4,산정공원,근린공원,34.813896,126.389158
전라남도,목포시,상동,산44,양을공원,근린공원,34.81497226,126.408269
전라남도,목포시,산정동,226-71,용당공원,근린공원,34.80411064,126.3883789
전라남도,목포시,용해동,산75-1,갓바위공원,근린공원,34.79580173,126.414341
전라남도,목포시,옥암동,1059,부주산공원,근린공원,34.81286113,126.4303902
인천광역시,남동구,고잔동,697-19,유수지공원,근린공원,37.39541081,126.6844504
인천광역시,남동구,고잔동,722,복지공원,근린공원,37.39374483,126.6966427
인천광역시,남동구,남촌동,376,남촌공원,어린이공원,37.43295029,126.7160442
인천광역시,남동구,구월동,1341-9,지상공원,어린이공원,37.44913496,126.6935579
경상남도,창원시,의창구,팔용동 72-1,평산공원,근린공원,35.251463,128.6150603714
전라남도,목포시,옥암동,1328,옥암지구4호,어린이공원,34.80785269,126.4578679
전라남도,목포시,옥암동,1326,옥암지구5호,어린이공원,34.806106,126.4572808
전라남도,목포시,달동,1330-26,신항,어린이공원,34.758265,126.3583907
전라남도,목포시,달동,1330-33,희망,어린이공원,34.756868,126.356691
전라남도,목포시,달동,1336-13,하나,어린이공원,34.753601,126.357286
전라남도,목포시,달동,1337-132,우정,어린이공원,34.75309949,126.360863
전라남도,목포시,용해동,1000-1,용해,어린이공원,34.81916155,126.3958718
전라남도,목포시,용해동,1028,호반,어린이공원,34.81456662,126.3937641
전라남도,목포시,용해동,1053,도담,어린이공원,34.820329,126.394009
전라남도,목포시,연산동,1976,향기,어린이공원,34.816449,126.391938
전라남도,목포시,연산동,1922,늘품,어린이공원,34.81890544,126.389948
전라남도,목포시,연산동,2040,백련,어린이공원,34.81906214,126.3903357
전라남도,목포시,산정동,1315,새빛,소공원,34.79092164,126.396849
전라남도,목포시,산정동,1332,남해,소공원,34.789456,126.396756
광주광역시,서구,농성동311-1,,상록,근린공원,35.15564453,126.8886003
광주광역시,서구,치평동,1204,평화,근린공원,35.15654877,126.8516013
광주광역시,남구,구동,1,아시아다문화커뮤니티,문화공원,35.1484404,126.9094431
광주광역시,남구,양림동,201-87,양림,문화공원,35.14043027,126.916169
광주광역시,남구,구동,21-1,광주,역사공원,35.14707323,126.9100957
광주광역시,남구,구동,24,아시아전통문화,역사공원,35.14550428,126.908944
광주광역시,남구,사동,177,사직,역사공원,35.14330864,126.9103826
광주광역시,남구,봉선동,1016,봉선,근린공원,35.13051709,126.9110622
광주광역시,남구,봉선동,134,유안,근린공원,35.1231668,126.9166045
광주광역시,남구,노대동,727,풀빛,근린공원,35.11004546,126.9008268
광주광역시,남구,노대동,826,하늘빛,근린공원,35.10845728,126.906528
광주광역시,남구,노대동,865,물빛,근린공원,35.10513061,126.9045796
광주광역시,남구,봉선동,88,봉선2,근린공원,35.11966885,126.9173913
광주광역시,남구,행암동,520,향등마을,근린공원,35.10169582,126.8807379
경상북도,성주군,성주읍,금산리 산12-1,학산공원,근린공원,35.93828351,128.2881028
경상북도,성주군,성주읍,예산리 516,세록공원,근린공원,35.92712369,128.2766026
경상북도,성주군,수륜면,신파리 56-6,신파2공원,소공원,35.833154273,128.193305773
경상북도,성주군,성주읍,금산리 713,금산소공원,소공원,35.94416857,128.2852061
경상북도,성주군,성주읍,학산리 313-5,학산소공원,소공원,35.9386935,128.2972273
경상북도,성주군,성주읍,백전리 684,예산공원 2,어린이공원,35.92292982,128.2814898
경상북도,성주군,성주읍,예산리 791-4,사곡공원,어린이공원,35.91999524,128.2811854
경상북도,성주군,대가면,옥성리 755-3,옥성1공원,어린이공원,35.909413633,128.2296464772
경상북도,성주군,성주읍,성산리 2099-1,사곡공원,어린이공원,35.91874934,128.2904848
경상북도,성주군,성주읍,예산리 849,예산공원 3,어린이공원,35.92621782,128.2844768
경상북도,성주군,성주읍,백전리 646,백전공원 2,어린이공원,35.92185864,128.0925404
경상북도,성주군,대가면,옥성리 755-1,옥성2공원,어린이공원,35.909449,128.229542
대전광역시,유성구,송강동,9,송강,근린공원,36.43500958,127.3840999631
대전광역시,유성구,신성동,206,금성,근린공원,36.3864519,127.348055
대전광역시,유성구,원신흥동,523,덜레기,근린공원,36.33374562,127.3461432
대전광역시,유성구,대정동,305,한샘,근린공원,36.31503197,127.3202293
대전광역시,유성구,원내동,358,진잠,근린공원,36.29461195,127.3206065
대전광역시,유성구,문지동,673,민마루,근린공원,36.39222566,127.4074416
대전광역시,유성구,봉명동,496-39,유림,문화공원,36.360804786,127.3592862198
대전광역시,유성구,죽동,731-2,죽동지구(1),문화공원,36.37516435,127.3398679
대전광역시,유성구,상대동,488,도안,문화공원,36.33686038,127.3353396
대전광역시,유성구,궁동,413-7,욧골,문화공원,36.36270039,127.3486739
대전광역시,유성구,봉명동,574,유성온천,문화공원,36.35523616,127.3452875
대전광역시,유성구,죽동,608-1,대전노은2(지울),소공원,36.38192746,127.3268489
대전광역시,유성구,장동,470,추목천,소공원,36.39565086,127.355715
대전광역시,유성구,봉명동,1044-1,창골,소공원,36.3447499,127.3428541
대구광역시,달성군,구지면,고봉리 998,국가산단 3근린공원,근린공원,35.64674171,128.4289884
대구광역시,달성군,구지면,창리 1349,국가산단2어린이공원,어린이공원,35.66333451,128.409168
대구광역시,달성군,구지면,창리 1425,국가산단4어린이공원,어린이공원,35.6580362,128.4140006
대구광역시,달성군,구지면,창리 1450,국가산단5어린이공원,어린이공원,35.65957016,128.4175322
대구광역시,달성군,구지면,응암리 1232,국가산단 2근린공원,근린공원,35.65254931,128.4107183
대구광역시,달성군,구지면,창리 1398,국가산단3어린이공원,어린이공원,35.66147176,128.4133822
대구광역시,달성군,구지면,응암리 1269,국가산단문화공원,문화공원,35.65368502,128.4253619
전북특별자치도,장수군,장계면,장계리 1-3,장계공원,근린공원,35.72771983,127.5923992
전북특별자치도,장수군,장수읍,두산리 산 2,의암공원,근린공원,35.6411154,127.5181094
전북특별자치도,장수군,장계면,장계리 587,장계어린이공원,어린이공원,35.7353782,127.5848383
전북특별자치도,임실군,임실읍,이도리 산28-1,1호공원(봉황공원),근린공원,35.61581085,127.2797664
충청북도,단양군,단양읍,상진리 1017,상진공원(소금정),근린공원,36.97525436,128.3646957
충청북도,단양군,매포읍,우덕리 991,우덕 제1,근린공원,37.01388758,128.3081196
충청북도,단양군,매포읍,우덕리 995,우덕 제2,근린공원,37.013933,128.311165
충청북도,단양군,매포읍,평동리 산 79,평동근린공원,근린공원,37.030253,128.2992325
충청북도,단양군,단양읍,도담리 169-18,도담 제2,어린이공원,36.998368,128.349204
충청북도,단양군,단양읍,도담리 132-9,도담 제3,어린이공원,36.999151,128.353409
충청북도,단양군,단양읍,도담리 171-1,도담 제4,어린이공원,37.000525,128.349151
충청북도,단양군,단양읍,도담리 185-14,도담 제5,어린이공원,37.003643,128.349064
충청북도,단양군,단양읍,도담리 114-10,도담 제6,어린이공원,37.00413663,128.354115
충청북도,단양군,단양읍,도담리 산 10-10,도담 제7,어린이공원,37.00335191,128.3610234
충청북도,단양군,매포읍,하시리 348-3,하시,어린이공원,37.03749718,128.308691
인천광역시,강화군,강화읍,월곳리 753-1,강화산단체육공원,체육공원,37.76347347,126.4961179
인천광역시,강화군,강화읍,갑곳리 443-1,갑룡공원,어린이공원,37.74240384,126.5038493
인천광역시,강화군,강화읍,신문리 505-3,남산근린공원,근린공원,37.74198178,126.4804194
광주광역시,동구,수기동,138,천변,수변공원,35.14992915,126.909264
광주광역시,동구,계림동,730,푸른길,근린공원,35.16393122,126.9168657
광주광역시,동구,산수동,401-1,산수,근린공원,35.15478679,126.9292655
광주광역시,서구,쌍촌동,1268,5·18 기념,근린공원,35.15830536,126.8575559
경상북도,성주군,성주읍,경산리 446-1,성밖숲공원,근린공원,35.91625048,128.2794456
울산광역시,남구,옥동,146-1,울산대공원,근린공원,35.530972,129.2939697
울산광역시,남구,옥동,산5,울산체육공원,체육공원,35.53526659,129.2595309
울산광역시,울주군,삼동면,조일리 1533,울산하늘공원,묘지공원,35.47085304,129.1336801
충청북도,단양군,단양읍,도전리 495,도전 제1,어린이공원,36.9797131,128.369729
충청북도,단양군,단양읍,도전리 10,도전 제2,어린이공원,36.97780846,128.3641168
충청북도,단양군,단양읍,별곡리 639,도전 제3,어린이공원,36.9876179,128.370169
충청북도,단양군,단양읍,상진리 583,상진 제2,어린이공원,36.97999747,128.3531587
충청북도,단양군,단양읍,상진리 806,상진 제3,어린이공원,36.9779218,128.3579169
충청북도,단양군,단양읍,별곡리 309-1,별곡 제3,어린이공원,36.986597,128.3691294
충청북도,단양군,매포읍,평동리 101-3,평동 제1,어린이공원,37.02827509,128.306257
충청북도,단양군,매포읍,평동리 164-5,평동 제2,어린이공원,37.033551,128.304694
충청북도,단양군,매포읍,평동리 272-13,평동 제3,어린이공원,37.03310711,128.3012617
충청북도,단양군,매포읍,평동리 1103,평동 제4,어린이공원,37.0355236,128.2982318
충청북도,단양군,매포읍,평동리 1344,평동 제5,어린이공원,37.031108,128.295619
충청북도,단양군,매포읍,평동리 1265-3,평동 제6,소공원,37.03433576,128.296267
충청북도,단양군,단양읍,별곡리 산 15,대성산근린공원,근린공원,36.98385522,128.3604077
충청북도,단양군,단양읍,도담리 산 10-74,도담공원,근린공원,37.00213106,128.3519079
충청남도,부여군,부여읍,동남리 604-3,송림공원,문화공원,36.27434916,126.900015
충청남도,부여군,부여읍,쌍북리 156-3,소공원 5,소공원,36.28435974,126.9245397
충청남도,부여군,부여읍,쌍북리 157-1,소공원 3,소공원,36.28439905,126.9246682
충청남도,부여군,부여읍,쌍북리 203,소공원 4,소공원,36.28464253,126.924743
충청남도,부여군,부여읍,쌍북리 619,남령공원,근린공원,36.281229,126.916806
충청남도,부여군,부여읍,쌍북리 718-14,소공원 1,소공원,36.28483471,126.9267683
충청남도,부여군,부여읍,쌍북리 718-5,소공원 2,소공원,36.28414404,126.926888
충청남도,부여군,부여읍,쌍북리 730,어린이 공원 6,어린이공원,36.282986,126.923309
충청북도,청주시,서원구,현도면 노산리 818-1,54호소공원,소공원,36.272353,127.263781
충청북도,청주시,서원구,현도면 노산리 산53,55호소공원,소공원,36.45926437,127.4465031186
대전광역시,유성구,복용동,568,복용1,근린공원,36.3433012,127.3096238
대전광역시,유성구,덕명동,509,덕명1(송숲),근린공원,36.3596343758,127.3039634
대전광역시,유성구,관평동,886,장배기,근린공원,36.42772123,127.3862532
대전광역시,유성구,하기동,543,퇴고개,근린공원,36.39047163,127.3258043
대전광역시,유성구,지족동,994,소라실,근린공원,36.38676685,127.3125287
대전광역시,유성구,궁동,477,장현,근린공원,36.36132686,127.3430567
대전광역시,유성구,봉명동,698,갑천,근린공원,36.35725765,127.3543806
대전광역시,유성구,지족동,837,갈마봉,근린공원,36.38401905,127.3174236
대전광역시,유성구,지족동,871-6,두루봉,근린공원,36.38149444,127.3206556
대전광역시,유성구,전민동,463-2,왕골,근린공원,36.40062677,127.3991284
대전광역시,유성구,전민동,467-2,엑스포,근린공원,36.3993172309,127.4059813477
대전광역시,유성구,궁동,390,궁동,근린공원,36.36408602,127.3492662
대전광역시,유성구,구성동,20,성두산,근린공원,36.37236361,127.3685423
대전광역시,유성구,신성동,11,신성,근린공원,36.37545364,127.3497938
대전광역시,유성구,하기동,517,송림,근린공원,36.38620154,127.319542
대전광역시,유성구,관평동,771,동화울수변,근린공원,36.4243927,127.3940968
대전광역시,유성구,탑립동,712,청벽산,근린공원,36.41505737,127.4033683
경상남도,김해시,진영읍,하계리 752-3,하계 농공단지 소공원,소공원,35.28027105,128.7265035
경상남도,김해시,삼계동,1557,두곡공원,근린공원,35.2701487286,128.870263
경상남도,김해시,흥동,408-3,흥동 소공원,소공원,35.22134755,128.8636039
경상남도,김해시,삼문동,119 일원,능동체육공원,근린공원,35.201171,128.797966
경상남도,김해시,부곡동,805-3,장구공원,어린이공원,35.203391,128.802594
경상남도,김해시,무계동,71-5,무계소공원,소공원,35.201283132,128.818433
경상남도,김해시,신문동,1326,마을마당공원,수변공원,35.193839,128.809748
경상남도,김해시,대청동,334-3,댕기공원,어린이공원,35.1819165577,128.7980496251
경상남도,김해시,삼문동,1274,덕산아내소공원,소공원,35.1938532101,128.7920012718
경상남도,김해시,율하동,1407 일원,율하천공원,근린공원,35.175773,128.810981
경상남도,김해시,율하동,1410 일원,학교가는길(구관동),근린공원,35.173606,128.810824
경상남도,김해시,율하동,1420 일원,학교가는길(신리),근린공원,35.170342,128.817776
경상남도,김해시,장유동,973,모산공원,근린공원,35.1672724189,128.8219200755
경상남도,김해시,장유동,995,솔마루공원,근린공원,35.1643458695,128.8315112596
경상남도,김해시,관동동,434,도담공원,어린이공원,35.1777258607,128.788470641
경상남도,김해시,관동동,1075-7,화촌공원,어린이공원,35.1776066296,128.810589
경상남도,김해시,율하동,1308-9,고인돌공원,어린이공원,35.170663,128.810179
경상남도,김해시,장유동,968,우리들공원,어린이공원,35.1741599284,128.824591
경상남도,김해시,장유동,984,밤톨공원,어린이공원,35.165436759,128.8236084126
경상남도,김해시,장유동,992,물꽃공원,어린이공원,35.1677833474,128.831559
경상남도,김해시,율하동,1350-2,율하유적공원,소공원,35.171627,128.815001
경상남도,김해시,장유동,1033,소담공원,소공원,35.171662,128.825692
경상남도,김해시,장유동,1034,장유마을공원,수변공원,35.1726167595,128.8280961983
경상남도,김해시,장유동,1048,뜰천유수지,수변공원,35.1724914974,128.826602
인천광역시,남동구,간석동,508-30,동일공원,어린이공원,37.4555575,126.6984799
인천광역시,남동구,간석3동,91-2,애향공원,어린이공원,37.4664334,126.713414
인천광역시,남동구,간석동,610,석정공원,어린이공원,37.46799875,126.6971154
인천광역시,남동구,만수동,96,인수공원,어린이공원,37.45334737,126.7378312
인천광역시,남동구,간석동,242,양지공원,어린이공원,37.4665085,126.7062617
인천광역시,남동구,간석동,439,이화공원,어린이공원,37.46291227,126.7033636
인천광역시,남동구,만수동,37,아단공원,어린이공원,37.45606528,126.7328485
인천광역시,남동구,만수동,28,둥지공원,어린이공원,37.45826887,126.7347245
인천광역시,남동구,만수동,15,만수공원,근린공원,37.45855212,126.7367259
인천광역시,남동구,고잔동,626-7,월례공원,근린공원,37.40676501,126.6894304
인천광역시,남동구,논현동,445,남동공단공원,근린공원,37.40827038,126.6997001
인천광역시,남동구,남촌동,605,승기공원,근린공원,37.4232077,126.704707
인천광역시,남동구,남촌동,624-2,염골공원,근린공원,37.41625991,126.7050165
인천광역시,미추홀구,학익동,52-7,나리공원,어린이공원,37.44036588,126.6748498
인천광역시,미추홀구,문학동,403-15,산성공원,어린이공원,37.434773,126.686625
인천광역시,미추홀구,용현동,621-38,낙섬공원,어린이공원,37.452747,126.636291
인천광역시,미추홀구,용현동,622-34,보람공원,어린이공원,37.453903,126.637155
인천광역시,미추홀구,용현동,623-141,새싹공원,어린이공원,37.454945,126.638868
인천광역시,미추홀구,용현동,619-2,햇님공원,어린이공원,37.451449,126.636003
인천광역시,미추홀구,학익동,51,선비공원,어린이공원,37.44151017,126.6756033
인천광역시,미추홀구,학익동,709-2,스승공원,어린이공원,37.437841,126.6561692
인천광역시,미추홀구,학익동,712,노적공원,어린이공원,37.43760706,126.6526999
인천광역시,미추홀구,학익동,677-3,묵동공원,어린이공원,37.439235,126.6710834
인천광역시,미추홀구,학익동,704-3,양토공원,어린이공원,37.438253,126.6585122
인천광역시,남동구,만수동,810-3,박촌공원,어린이공원,37.4453646,126.7460233
인천광역시,남동구,구월동,1248-39,양계공원,어린이공원,37.4596078,126.7194402
인천광역시,남동구,간석동,587,간석육교공원,어린이공원,37.46541871,126.6983168
인천광역시,남동구,만수동,111-113,동부초교3호,어린이공원,37.4604591,126.7265942
인천광역시,남동구,만수동,822-31,돌골공원,어린이공원,37.4619408,126.7364266
인천광역시,남동구,남촌동,308-1,소촌공원,어린이공원,37.43043644,126.7151643
인천광역시,남동구,남촌동,558-1,하촌은행나무공원,어린이공원,37.4285039,126.7136059
인천광역시,남동구,만수동,985,신촌공원,어린이공원,37.44741294,126.7323582
인천광역시,남동구,만수동,1-110,만부1호공원,어린이공원,37.46612975,126.7385544
인천광역시,남동구,만수동,1-106,만부2호공원,어린이공원,37.46633407,126.7387333
인천광역시,남동구,간석동,746-11,비선거리공원,어린이공원,37.4609039,126.6977135
인천광역시,남동구,만수동,1117-3,향촌소공원,소공원,37.46118857,126.7321956
인천광역시,남동구,간석동,939-5,하늘공원,어린이공원,37.45715432,126.7101596
인천광역시,남동구,수산동,72-8,경신지구공원,어린이공원,37.44358145,126.7249032
인천광역시,남동구,도림동,104,도림1지구공원,어린이공원,37.42466977,126.7320568
인천광역시,남동구,논현동,765-4,꿈꾸는공원,어린이공원,37.38514449,126.7213891
인천광역시,남동구,논현동,757-2,푸른공원,어린이공원,37.39286071,126.7267418
인천광역시,남동구,논현동,642-3,섬꽃공원,어린이공원,37.39995792,126.7110919
경상남도,창원시,의창구,봉곡동 5,어린이공원83,어린이공원,35.248737,128.655481
대전광역시,유성구,방현동,416,구레들,근린공원,36.40656733,127.3755667
대전광역시,유성구,지족동,1064,고래들,근린공원,36.3867201,127.3102485
대전광역시,유성구,계산동,728,학산,근린공원,36.34164725,127.3012367
대전광역시,유성구,상대동,486,천년,근린공원,36.34206743,127.3343494
대전광역시,유성구,상대동,458-2,상대,근린공원,36.34441607,127.3319725
대전광역시,유성구,봉명동,1025-1,용반들,근린공원,36.35202153,127.3422891
대전광역시,유성구,구암동,산21-44 일원,복용,근린공원,36.35361426,127.3146979
충청남도,보령시,명천동,1418,생활권공원 47호,소공원,36.335128,126.607691
충청남도,보령시,신흑동,766-30,보령신흑지구내소공원(2),소공원,36.321269,126.5147702
충청남도,보령시,신흑동,766-97,보령신흑지구내소공원(1),소공원,36.31968757,126.516203
충청남도,보령시,오천면,영보리 455-3(임) 일원,근린공원(영보일반산업단지),근린공원,36.420441,126.493712
충청남도,보령시,웅천읍,구룡리 산177-2,근린공원1(웅천일반산업단지),근린공원,36.24343398,126.5712032
충청남도,보령시,웅천읍,구룡리 142-20일원,소공원2(보령웅천일반산업단지),소공원,36.242166,126.576441
충청남도,보령시,웅천읍,구룡리 378-6일원,소공원1(보령웅천일반산업단지),소공원,36.239481,126.577929
충청남도,보령시,웅천읍,대창리 375-14,방축공원,어린이공원,36.230657,126.6052964
충청남도,보령시,웅천읍,대창리 467-5 일원,역전공원,소공원,36.2347253,126.6017678
충청남도,보령시,웅천읍,대천리 산15,화락산공원,근린공원,36.237686,126.587255
충청남도,보령시,주교면,관창리 1239,공원1(관창공단),근린공원,36.37460135,126.5709115
충청남도,보령시,주포면,관산리 291-1,공원(관창공단),근린공원,36.40445644,126.577325
충청남도,보령시,주포면,관산리 산6-30,공원(관창공단),어린이공원,36.406378,126.582671
충청남도,보령시,주포면,봉당리 산18-1,공원(관창공단),어린이공원,36.408313,126.581363
충청남도,보령시,죽정동,675-10,죽정공원,어린이공원,36.361024,126.602486
충청남도,보령시,죽정동,693-13,용못공원,어린이공원,36.357495,126.602748
충청남도,보령시,죽정동,775-2,성지공원,어린이공원,36.36130532,126.6021239
충청남도,부석면,취평리,353-3,비도시-어린이공원14(미조성),어린이공원,36.7166679,126.3948811
충청남도,부여군,규암면,규암리 147-2,수북공원,근린공원,36.275553,126.890243
충청남도,부여군,부여읍,동남리 117,서동공원,역사공원,36.271459,126.913691
충청남도,부여군,부여읍,동남리 373,백제탑공원,근린공원,36.279025,126.912881
충청남도,서산시,동문동,982,서산-소공원2,소공원,36.779188,126.4544102
충청북도,음성군,삼성면,덕정리 1297,제6호공원,소공원,37.0150561,127.4935281
충청북도,음성군,맹동면,동성리 272,꽃보라공원,소공원,36.91492253,127.5393984
충청북도,음성군,맹동면,두성리 1125,옛말공원,소공원,36.91204966,127.5514426
충청북도,음성군,맹동면,두성리 1152,산노리공원,소공원,36.91209308,127.5526542
충청북도,음성군,맹동면,동성리 294,해찬솔공원,소공원,36.91309966,127.5375367
충청북도,음성군,맹동면,동성리 430,호드기공원,소공원,36.9124491,127.5370642
충청남도,보령시,대천동,493-1,소미공원,어린이공원,36.358613,126.583721
충청남도,보령시,대천동,605-35,대천동 제5소공원,소공원,36.356075,126.582726
충청남도,보령시,동대동,1100,신설중앙공원,어린이공원,36.352061,126.605394
충청남도,보령시,동대동,1207,신설공원,어린이공원,36.350072,126.6034995
충청남도,보령시,동대동,1341,희망공원,어린이공원,36.346697,126.600128
충청남도,보령시,동대동,1368,샘터공원,어린이공원,36.35091872,126.6080046
충청남도,보령시,동대동,1607,오랏공원,어린이공원,36.348581,126.608418
충청남도,보령시,동대동,1757,샛별공원,어린이공원,36.34756191,126.604487
충청남도,보령시,동대동,319-34,동대2공원,근린공원,36.351672,126.613315
충청남도,보령시,동대동,1971,한성필공원,어린이공원,36.35119229,126.6160855
충청남도,보령시,동대동,1968,동대공원,근린공원,36.34736502,126.6113682
충청남도,보령시,동대동,658-2,신설동 소공원(1),소공원,36.35420395,126.6063704
충청남도,보령시,동대동,730,신설동 소공원(3),소공원,36.353337,126.605368
충청남도,보령시,동대동,737-1,신설동 소공원(4),소공원,36.35203768,126.6041206
충청남도,보령시,동대동,928,여울공원,어린이공원,36.34361957,126.604914
충청남도,보령시,동대동,983-164,신설동 소공원(2),소공원,36.35395166,126.6044802
충청남도,보령시,동대동,1974,원평공원,어린이공원,36.3501656,126.6142727
충청남도,보령시,명천동,1011,코아루공원,어린이공원,36.339404,126.6093911
충청남도,보령시,명천동,1395 일원,생활권공원 43호,근린공원,36.336563,126.609344
충청남도,보령시,명천동,1382 일원,생활권공원 42호,근린공원,36.338122,126.606832
충청남도,보령시,명천동,389-1,알라딘공원,어린이공원,36.342635,126.606634
충청남도,보령시,명천동,414,갈매기공원,어린이공원,36.341358,126.603616
충청남도,보령시,명천동,1399,생활권공원 45호,어린이공원,36.338889,126.603586
충청남도,보령시,명천동,5-9,옥마공원,근린공원,36.33271982,126.6239599
충청남도,보령시,명천동,1387,생활권공원 46호,어린이공원,36.337063,126.604265
충청남도,보령시,명천동,1419,생활권공원 48호,소공원,36.3332938,126.6165308
충청남도,서산시,동문동,878-2,서산-어린이공원47,어린이공원,36.785493,126.457177
대구광역시,달성군,구지면,응암리 1215-5,주거단지4호공원,어린이공원,35.65446299,128.4167039
대구광역시,달성군,구지면,예현리 760-1,산업단지제3호공원,근린공원,35.63829717,128.4269635
대구광역시,달성군,구지면,내리 837,산업단지제4호공원,근린공원,35.64043837,128.4074936
대구광역시,달성군,구지면,창리 1356,국가산단 1근린공원,근린공원,35.65906793,128.4032582
경상남도,김해시,진영읍,본산리 735-2,진영본산마을쉼터,수변공원,35.31866879,128.7506185
경상남도,김해시,진례면,담안리 1430-13 (일원),담안공원,소공원,35.2474954,128.7859504
경상남도,김해시,부원동,1053,부원공원,어린이공원,35.22525777,128.8841127
경상남도,김해시,주촌면,농소리 624-1,소공원,소공원,35.2137468,128.8264679
경상남도,김해시,주촌면,망덕리 874-4,소공원,소공원,35.2176476,128.8269944
경상남도,김해시,진영읍,본산리 산4-9 (일원),봉화공원,역사공원,35.31508431,128.7748275
경상남도,김해시,생림면,나전리 354-6,소공원,소공원,35.29049855,128.8835291
경상남도,김해시,봉황동,916,소공원,소공원,35.2246003,128.8805032784
경상남도,김해시,봉황동,955,소공원,소공원,35.2243866,128.8776377
경상남도,김해시,상동면,매리 1271,소공원,소공원,35.3288261,128.9603471
경상남도,김해시,상동면,매리 1277,소공원,소공원,35.329075,128.9606489
경상남도,김해시,상동면,여차리 1597,소공원,소공원,35.35627812,128.9014689
경상남도,김해시,상동면,여차리 1604,소공원,소공원,35.3558789,128.9018626
경상남도,김해시,진례면,고모리 1568-1,소공원,소공원,35.27673142,128.7725868
경상남도,김해시,주촌면,망덕리 911,소공원,소공원,35.22326843,128.8235444
경상남도,김해시,주촌면,덕암리 1002,소공원,소공원,35.2565542655,128.8261223
경상남도,김해시,주촌면,덕암리 1012,소공원,소공원,35.2600239735,128.8274787976
경상남도,김해시,진례면,담안리 1565-4,공원4-11,소공원,35.260846,128.7725314
경상남도,김해시,진영읍,진영리 1619-1,아름공원,어린이공원,35.30767881,128.7334103
경상남도,김해시,진영읍,진영리 1796,납작개어린이공원,어린이공원,35.31146284,128.7366314
경상남도,김해시,진영읍,진영리 275-34 (일원),진영역사공원,근린공원,35.3031306607,128.7321087279
경상남도,김해시,삼계동,822,신명공원(삼계소공원),소공원,35.27645842,128.8673607
경상남도,김해시,삼정동,493-40,소공원,소공원,35.2261227,128.8947153
경상남도,산청군,시천면,사리 900-48,선비촌공원,근린공원,35.27502451,127.8471361
경기도,평택시,비전동,610-1,거꾸로 어린이공원(지제세교지구),어린이공원,36.995889,127.093712
경기도,평택시,소사동,525,건지 어린이공원,어린이공원,36.989393,127.124254
경기도,평택시,소사동,23-4,경남아너스빌 어린이공원,어린이공원,36.988838,127.130491
경기도,평택시,비전동,879-2,골목길 어린이공원(용죽지구),어린이공원,36.994734,127.115778
경기도,평택시,팽성읍,송화리 778-1,광말 어린이공원,어린이공원,36.963975,127.059345
경기도,평택시,비전동,969공,그린 어린이공원(소사벌택지 11호),어린이공원,37.007471,127.10402
경기도,평택시,신대동,418-9,긴둥골 어린이공원(안중지구 택지개발),어린이공원,36.99526,127.066754
경기도,평택시,합정동,908-4,길마 어린이공원(청북지구 택지개발),어린이공원,36.98986,127.102063
인천광역시,남동구,구월동,1522,찬우물공원,근린공원,37.4425783,126.7175748
대전광역시,서구,도안동,971,옥녀봉,체육공원,36.33173992,127.3448293
대전광역시,서구,관저동,1580,하늘아래,체육공원,36.29278461,127.3335882
대전광역시,서구,도마동,137-47,도마실,체육공원,36.31332357,127.3853478
대전광역시,서구,괴정동,425-1,우정,기타,36.33980957,127.388738
대전광역시,서구,도안동,2377,아름드리,소공원,36.314569214,127.351525836
대전광역시,서구,도마동,105-8,도솔마을,소공원,36.317378,127.3748901723
대전광역시,유성구,죽동,712-1,죽동,근린공원,36.37388629,127.3367342
대전광역시,유성구,자운동,555,자운,근린공원,36.39655426,127.3511269
대전광역시,유성구,장동,451,오리골,근린공원,36.40046264,127.3624534
대전광역시,유성구,신성동,494,수천이들,근린공원,36.39380996,127.3532001
대전광역시,유성구,죽동,682,서당골,근린공원,36.37023058,127.3318974
대전광역시,유성구,지족동,1067,해랑숲,근린공원,36.38644766,127.3081881
대전광역시,유성구,죽동,655,두레샘골,근린공원,36.38091432,127.336131
대전광역시,유성구,지족동,1085,덕산,근린공원,36.37543213,127.3067306
대전광역시,유성구,죽동,666,대골,근린공원,36.37556866,127.3342338
대전광역시,서구,도안동,1354,도안숲,소공원,36.31878054,127.3424648
대전광역시,서구,가수원동,1072,용소,수변공원,36.32495028,127.3467505
서울특별시,송파구,송파동,34,동호수,어린이공원,37.50991906,127.1070996
서울특별시,송파구,거여동,28-7,모슬,어린이공원,37.492376,127.145466
서울특별시,송파구,방이동,150,몽촌,어린이공원,37.51293389,127.114841
서울특별시,송파구,가락동,134,무궁화,어린이공원,37.49319401,127.127074
서울특별시,송파구,장지동,838-1,문현,어린이공원,37.481238,127.128143
서울특별시,송파구,문정동,47,반딧불,어린이공원,37.48788796,127.1241012
서울특별시,송파구,방이동,70-1,방잇골,어린이공원,37.51341106,127.110304
서울특별시,송파구,가락본동,28,방죽,어린이공원,37.500653,127.122796
서울특별시,송파구,거여동,291-1,배미골,어린이공원,37.490834,127.1471347
서울특별시,송파구,송파동,178,배밭,어린이공원,37.50160666,127.115347
서울특별시,송파구,장지동,854-2,버들,어린이공원,37.478761,127.133147
서울특별시,송파구,오금동,132,벌말,어린이공원,37.501638,127.140281
서울특별시,송파구,오금동,27,복숭아,어린이공원,37.506812,127.131379
서울특별시,송파구,가락본동,85,봉우리,어린이공원,37.496495,127.119238
서울특별시,송파구,잠실본동,296,부렴,어린이공원,37.505621,127.079254
서울특별시,송파구,방이동,195,비둘기,어린이공원,37.512742,127.123352
서울특별시,송파구,가락본동,96-15,비석거리,어린이공원,37.494525,127.117497
서울특별시,송파구,잠실본동,220,뽕밭,어린이공원,37.507773,127.081067
서울특별시,송파구,삼전동,70,삼밭,어린이공원,37.49951865,127.092841
서울특별시,송파구,삼전동,95,삼밭나루,어린이공원,37.505115,127.091718
서울특별시,송파구,삼전동,51,삼전,어린이공원,37.50181092,127.090203
서울특별시,송파구,삼전동,110-7,삼학사,어린이공원,37.506232,127.095323
서울특별시,송파구,잠실본동,209-4,새마을,어린이공원,37.508222,127.086579
서울특별시,송파구,가락동,145-10,새말,어린이공원,37.494731,127.125727
서울특별시,송파구,송파동,107,새싹,어린이공원,37.50482351,127.112722
서울특별시,송파구,가락본동,51,샛별,어린이공원,37.497957,127.121754
경상남도,김해시,지내동,541-18,소공원,소공원,35.2356582,128.9202954
경상남도,김해시,진영읍,여래리 992 (일원),대창들공원,근린공원,35.3091272,128.7395933
경상남도,김해시,불암동,229-50,불암수변공원2,수변공원,35.21782383,128.9222041
경상남도,김해시,주촌면,선지리 1409,무지개공원,근린공원,35.2402274465,128.8346594187
경상남도,김해시,주촌면,선지리 1458,주동어린이공원,어린이공원,35.234231,128.842041
경상남도,김해시,주촌면,선지리 1512,선지공원,근린공원,35.2295148,128.8449028
경상남도,김해시,주촌면,천곡리 1547,선천들공원,근린공원,35.2304711562,128.8382272
경상남도,김해시,주촌면,천곡리 1597,덕교어린이공원,어린이공원,35.225715,128.844313
경상남도,김해시,주촌면,농소리 631-3,어린이공원,어린이공원,35.20976086,128.8346421
경상남도,김해시,주촌면,망덕리 871-4,소공원,소공원,35.2234721,128.8281037
경상남도,김해시,진영읍,진영리 1363-1,진산어린이공원,어린이공원,35.3090765,128.7241961
경상남도,김해시,진영읍,본산리 1551,용성어린이공원,어린이공원,35.31512298,128.7385879
경상남도,김해시,진영읍,여래리 996,야시골어린이공원,어린이공원,35.30701962,128.7384192
경상남도,김해시,진영읍,진영리 1282-1,장등바람공원,근린공원,35.3103395,128.7197767
경상남도,김해시,진영읍,진영리 1701-7,서재골 어린이공원,어린이공원,35.31254274,128.729196
경상남도,김해시,진영읍,진영리 1707,정창골 어린이공원,어린이공원,35.31207977,128.7315657
경상남도,김해시,진영읍,진영리 1718-4,오리방어린이공원,어린이공원,35.31316269,128.7394801
경상남도,김해시,진영읍,진영리 1754,주호공원,근린공원,35.31615096,128.7370551
경상남도,김해시,진영읍,진영리 1777,동어지곡류어린이공원,어린이공원,35.3146138,128.7412811
경상남도,김해시,풍유동,887,풍유1공원,어린이공원,35.22353514,128.8469056
경상남도,김해시,풍유동,964,풍유2공원,어린이공원,35.22242211,128.8449471
경상남도,김해시,삼정동,358,소공원,소공원,35.22715272,128.9011539
경상남도,김해시,삼정동,448-4,소공원,소공원,35.2270718,128.896991
경상남도,김해시,삼정동,449-1,소공원,소공원,35.2264512,128.8973142
경상남도,김해시,진영읍,본산리 1704,진영본산농공 소공원,소공원,35.31963187,128.7564278
경상남도,김해시,진영읍,본산리 1723,진영본산농공 소공원,소공원,35.32053011,128.7590658
경상남도,김해시,생림면,마사리 186-1,송촌 마을숲(장수공원),소공원,35.36688662,128.8285314
경상남도,김해시,주촌면,내삼리 651,주촌수변공원,수변공원,35.23515686,128.8211193
경상남도,김해시,진영읍,진영리 1586-13,주천공원,어린이공원,35.3098659,128.7267594
경상남도,김해시,진영읍,진영리 1599-1,진등공원,어린이공원,35.30819628,128.7269105
경상남도,김해시,진영읍,진영리 1614-4,서어지공원,근린공원,35.30794065,128.7313717
경상남도,김해시,한림면,장방리 1955-5,한림공원,어린이공원,35.32205217,128.8014648
경상남도,김해시,풍유동,69-2,느타리공원,어린이공원,35.221577,128.850568
경상남도,김해시,흥동,415-7,창의뜰공원,어린이공원,35.22178511,128.865037
경상남도,김해시,흥동,45-3,비비추공원,어린이공원,35.221216,128.855694
경상남도,김해시,흥동,56-5,아이뜰공원,어린이공원,35.22220225,128.8607124
경상남도,김해시,불암동,213-5,불암공원,어린이공원,35.22205983,128.9257146
경상남도,김해시,화목동,1053-3,아이공원,어린이공원,35.20822324,128.8504265
경상남도,김해시,화목동,356-2,꼬꼬마공원,어린이공원,35.201016,128.849277
경상남도,김해시,이동,186-3,방울공원,어린이공원,35.194059,128.842517
경상남도,김해시,화목동,589-3,나래공원,어린이공원,35.196248,128.844055
경상남도,김해시,구산동,1073 (일원),도드리공원,어린이공원,35.25546409,128.8641327
경상남도,김해시,구산동,1078,남산바위공원,어린이공원,35.24835349,128.866382
경상남도,김해시,내동,170,내동공원,어린이공원,35.241011,128.859418
경상남도,김해시,전하동,453,유민공원,어린이공원,35.223398,128.872041
경상남도,김해시,관동동,1105-3(1호어린이공원),죽림공원,어린이공원,35.177696,128.815307
경상남도,김해시,관동동,1123-1,율하체육공원,체육공원,35.17819762,128.821321
경상남도,김해시,관동동,448-7,정자나무공원,어린이공원,35.177728,128.794261
경상남도,김해시,율하동,"1363-1(5호, 어린이공원)",정자배기공원,어린이공원,35.16829255,128.814028
경상남도,김해시,율하동,"1414(3호, 어린이공원)",율천공원,어린이공원,35.173583,128.811633
경상남도,김해시,율하동,"1425(7호, 어린이공원)",신리공원,어린이공원,35.172617,128.819889
경상남도,김해시,율하동,"1428 (6호, 어린이공원)",수남공원,어린이공원,35.169037,128.817416
경상남도,김해시,진영읍,진영리 1557,수홍공원,어린이공원,35.30536751,128.724561
경상남도,김해시,진영읍,여래리 849,금병공원,근린공원,35.29508814,128.7366158
경상남도,김해시,진영읍,진영리 1758,본산공원,근린공원,35.31369044,128.7414699
경상남도,김해시,생림면,봉림리 703-1,생림공원,근린공원,35.3279985464,128.8480560505
경상남도,김해시,삼방동,646,신어공원,어린이공원,35.252766,128.908652
경상남도,김해시,삼방동,563-8,신어2공원,어린이공원,35.252862,128.905499
경상남도,김해시,삼방동,592-4,신어1공원,어린이공원,35.249657,128.904936
경상남도,김해시,부원동,116-5,남지공원,어린이공원,35.230675,128.888872
경상남도,김해시,지내동,311-15,지내공원,어린이공원,35.23188666,128.920383
경상남도,김해시,삼계동,1492-2,참나리공원,어린이공원,35.259595,128.866198
경상남도,김해시,삼계동,1437,화정공원,근린공원,35.26212698,128.866243
경상남도,김해시,구산동,1052-2,하늬공원,어린이공원,35.255376,128.867439
경상남도,김해시,구산동,1061,구름송이공원,어린이공원,35.250602,128.8706468
경상남도,김해시,삼계동,1423,나눔공원,어린이공원,35.26811043,128.863255
경상남도,김해시,삼계동,1427-1,둥지공원,어린이공원,35.26521805,128.863841
경상남도,김해시,삼계동,1428-3,달개비공원,어린이공원,35.26835647,128.868247
경상남도,김해시,삼계동,1438-1,띠앗공원,어린이공원,35.26395776,128.866167
경상남도,김해시,삼계동,1439-3,한마음공원,어린이공원,35.26509226,128.8685053
경상남도,김해시,삼계동,1454-4,어리연공원,어린이공원,35.262974,128.875059
경상남도,김해시,삼계동,1459-5,희망공원,어린이공원,35.262757,128.872705
경상남도,김해시,삼계동,1504-2,매정공원,어린이공원,35.257873,128.871191
경상남도,김해시,삼계동,1515-1,미리내공원,어린이공원,35.259919,128.873751
경상남도,김해시,삼계동,1520-7,수리공원,근린공원,35.262142,128.869225
경상남도,김해시,삼계동,1410-3,초롱별공원,어린이공원,35.272212,128.8638838
경상남도,김해시,화목동,703-3,바람개비공원,어린이공원,35.198136,128.846074
경상남도,김해시,이동,112-10,해님공원,어린이공원,35.19211804,128.8405226
경상남도,김해시,흥동,913-2,우리마당공원,어린이공원,35.211567,128.852364
경상남도,김해시,화목동,309-5,꽃샘공원,어린이공원,35.199285,128.847985
경상남도,김해시,화목동,487-2,애기나리공원,어린이공원,35.20510157,128.851011
경상남도,김해시,화목동,585-6,동심공원,어린이공원,35.208295,128.852341
경상남도,산청군,신안면,하정리 산38,적벽산공원,근린공원,35.30404652,127.971483
경상남도,통영시,광도면,죽림리 1574-3,내죽도공원,수변공원,34.88129712,128.4207613
경상남도,통영시,북신동,706,북신공원,어린이공원,34.85636443,128.4247898
경상남도,통영시,용남면,동달리 1007,동달공원,어린이공원,34.86839509,128.4425612
경상남도,통영시,도남동,484-1,도남2공원,어린이공원,34.8277235,128.4224514
경상남도,통영시,봉평동,81-1,도남1공원,어린이공원,34.83148034,128.4205355
경상남도,통영시,무전동,1064,북신1공원,어린이공원,34.86197248,128.4268587
경상남도,통영시,무전동,1015-2,북신2공원,어린이공원,34.8588362,128.4218807
경상남도,통영시,광도면,죽림리 1568,죽림5공원,어린이공원,34.88344862,128.4159328
경상남도,통영시,광도면,죽림리 1577-2,죽림3공원,어린이공원,34.87837015,128.4142225
경상남도,통영시,광도면,죽림리 1576,죽림4공원,어린이공원,34.88222458,128.4158265
경상남도,통영시,광도면,죽림리 1570-12,죽림6공원,어린이공원,34.88535849,128.4187625
경상남도,통영시,광도면,죽림리 1582-89,죽림7공원,어린이공원,34.8757672769,128.4204447
경상남도,통영시,항남동,129-2,한산대첩병선마당공원,역사공원,34.84040523,128.4246281
경상남도,통영시,산양읍,남평리 754,산양공원,체육공원,34.80031829,128.396332
경상남도,통영시,북신동,715,북신3공원,어린이공원,34.8517225,128.4257606733
경상남도,통영시,용남면,동달리 1438-2,소공원21,소공원,34.8721514385,128.4439719483
인천광역시,미추홀구,주안동,660-241,수봉공원,근린공원,37.460187,126.664212
인천광역시,미추홀구,주안동,1578,석바위공원,근린공원,37.454245,126.693651
인천광역시,미추홀구,주안동,824,미추홀공원,근린공원,37.446271,126.6702513
인천광역시,미추홀구,주안동,824,미추홀공원,근린공원,37.446271,126.6702513
인천광역시,미추홀구,주안동,281,주안공원,어린이공원,37.462849,126.676809
인천광역시,미추홀구,주안동,1619,다솔공원,어린이공원,37.46082955,126.6950954
인천광역시,미추홀구,관교동,471,관교공원,어린이공원,37.445956,126.6908331
인천광역시,미추홀구,관교동,495,승학공원,어린이공원,37.44230331,126.693859
인천광역시,미추홀구,관교동,516-2,신비공원,어린이공원,37.445281,126.687507
경기도,용인시,수지구,동천동 931,동천2(동막)근린공원,근린공원,37.33169853,127.0912338
경기도,용인시,수지구,성복동 481-28,제63호(매봉) 근린공원(성서63),근린공원,37.31532965,127.0634084
경기도,용인시,기흥구,동백동 603,가람(2)근린공원,근린공원,37.28405956,127.1560393
경기도,용인시,기흥구,동백동 595,내꽃(3)근린공원,근린공원,37.28228497,127.1624172
경기도,용인시,기흥구,동백동 589,산오름(4)근린공원,근린공원,37.27926372,127.1645326
경기도,용인시,기흥구,동백동 577,다올(1)근린공원,근린공원,37.28611421,127.1577228
경기도,용인시,기흥구,동백동 693,동백꽃담 근린공원(동백지구 지구단위),근린공원,37.28371816,127.1487838
경기도,용인시,기흥구,농서동 450 일원,농서근린공원,근린공원,37.23229772,127.0730898
경기도,용인시,기흥구,구갈동 598 일원,강남근린공원,근린공원,37.27274411,127.1295592
경기도,용인시,기흥구,구갈동 569,김혁근린공원,근린공원,37.27591933,127.1278028
경기도,용인시,기흥구,구갈동 350,관곡근린공원,근린공원,37.28174279,127.1132592
경기도,용인시,기흥구,공세동 701,공세근린공원,근린공원,37.24568857,127.1151800385
경기도,용인시,수지구,상현동 833,서원근린공원,근린공원,37.30113642,127.0794962
경기도,용인시,수지구,풍덕천동 696 일원,수지근린공원,근린공원,37.32415318,127.0912003
경기도,용인시,수지구,풍덕천동 689 일원,새마을근린공원,근린공원,37.32877627,127.0949135
경기도,용인시,수지구,풍덕천동 1033 일원,정평근린공원,근린공원,37.31717279,127.0839499
경기도,용인시,수지구,죽전동 1340 일원,비발디근린공원,근린공원,37.32544816,127.1264739
경기도,용인시,수지구,죽전동 1314 일원,죽전중앙공원,근린공원,37.32164475,127.1210527
경기도,용인시,수지구,죽전동 1298 일원,푸르내공원,근린공원,37.32347685,127.112554
경기도,용인시,기흥구,신갈동 164,갈천근린공원,근린공원,37.28423587,127.1102244
경기도,용인시,기흥구,서천동 820,서그네근린공원,근린공원,37.23441987,127.0794192
경기도,용인시,기흥구,서천동 802 일원,남산근린공원,근린공원,37.23532362,127.0728929
경기도,용인시,기흥구,서천동 752 일원,서천근린공원,근린공원,37.23715224,127.0703077
경기도,용인시,기흥구,상하동 661,상하근린공원,근린공원,37.25947775,127.1373763
경기도,용인시,기흥구,상갈동 496 일원,상갈근린공원,근린공원,37.26914663,127.1104379
경기도,용인시,기흥구,상갈동 495,용뫼근린공원,근린공원,37.26397806,127.1083241
경기도,용인시,기흥구,상갈동 464 일원,통삼근린공원,근린공원,37.26154349,127.1111467
경상남도,통영시,도산면,법송리 1379,20호 소공원,소공원,34.89210663,128.375041
경상남도,통영시,무전동,1053,북신공원,수변공원,34.86276598,128.4208341
경상남도,통영시,미수동,913-22,해양관광공원,근린공원,34.82984394,128.4060523
충청남도,당진시,합덕읍,소소리 661,공원:합덕일반산업단지:2(공원),소공원,36.818378,126.746662
충청남도,당진시,합덕읍,소소리 662,공원:합덕일반산업단지:3(공원),소공원,36.817245,126.7462412
충청남도,당진시,합덕읍,소소리 680,공원:합덕일반산업단지:4(공원),체육공원,36.816719,126.749597
충청남도,당진시,합덕읍,소소리 681,공원:합덕일반산업단지:5(공원),체육공원,36.815573,126.749813
충청남도,당진시,송산면,가곡리 536,공원:현대제철산업단지:1(송산제1공원),근린공원,36.997491,126.684431
충청남도,대산읍,대죽리,640-16,대산-소공원36,소공원,37.005712,126.244011
충청남도,대산읍,대죽리,640-16,대산-소공원41,소공원,37.005732,126.244121
충청남도,보령시,궁촌동,352-2,궁촌공원,어린이공원,36.34351622,126.5917305
충청남도,보령시,궁촌동,366,햇살공원,어린이공원,36.342612,126.598651
충청남도,보령시,궁촌동,79-1,궁촌동 역사공원,역사공원,36.34079934,126.5984529
충청남도,보령시,남포면,옥서리 329-1,남포공원,어린이공원,36.30442654,126.604119
충청남도,보령시,대천동,134-7,봉산어린이공원,어린이공원,36.3538231,126.597425
충청남도,보령시,대천동,143-16,대천동 제2소공원,소공원,36.354377,126.595834
충청남도,보령시,대천동,144-1,대천동 제1소공원,소공원,36.35430647,126.595331
충청남도,보령시,대천동,318-38,구시중앙공원,어린이공원,36.348067,126.591862
충청남도,보령시,대천동,387-19,대천공원,근린공원,36.35568616,126.585241
충청남도,보령시,대천동,395-11,관촌공원,어린이공원,36.353969,126.589045
충청남도,보령시,대천동,459-35,대천동 제4소공원,소공원,36.355397,126.592134
충청남도,보령시,대천동,460-51,대천동 제3소공원,소공원,36.355764,126.590883
경상남도,김해시,삼문동,568-4,하늘나리공원,어린이공원,35.194464,128.805559
경상남도,김해시,삼문동,582-1,개미공원,어린이공원,35.192059,128.8066819
경상남도,김해시,삼문동,583-2,수우공원,어린이공원,35.19087183,128.8070004
경상남도,김해시,삼문동,60-2,단비공원,어린이공원,35.198696,128.803625
경상남도,김해시,삼문동,61-6,샘터공원,어린이공원,35.1962504,128.800954
경상남도,김해시,삼문동,62-13,솜다리공원,어린이공원,35.19450806,128.795534
경상남도,김해시,삼문동,81-1,내원골공원,어린이공원,35.197179,128.7957968
경상남도,김해시,삼문동,96-1,소리공원,어린이공원,35.198843,128.7988294
경상남도,김해시,동상동,496-3,동상3공원,어린이공원,35.236353,128.890297
경상남도,김해시,동상동,639-5,동상2공원,어린이공원,35.23310317,128.889085
경상남도,김해시,봉황동,295-13,봉황동 소공원,소공원,35.2316557,128.8785196
경상남도,김해시,불암동,57-2,불암동 양장골 쉼터,소공원,35.224689,128.9272795
경상남도,김해시,삼방동,20-9,삼안동 공공용지소공원,소공원,35.2418839,128.9165864
경상남도,김해시,삼정동,11-10 (일원),고갯마루 소공원,소공원,35.2353997,128.8930753
경상남도,김해시,흥동,11-2,당산공원,어린이공원,35.22276831,128.8673296
경상남도,김해시,삼문동,695,젤미공원,근린공원,35.1957256,128.8049437
경상남도,김해시,관동동,452-8,맞담공원,어린이공원,35.177155,128.797714
경상남도,김해시,관동동,457-12,구실공원,어린이공원,35.177759,128.8017854
경상남도,김해시,관동동,460-1,관동고분공원,근린공원,35.176923,128.800072
경상남도,김해시,내덕동,223-4,바위공원,근린공원,35.204703,128.816533
경상남도,김해시,내덕동,238-3,숲정이공원,어린이공원,35.206013,128.818633
경상남도,김해시,대청동,283-2,새싹공원,어린이공원,35.189097,128.795218
경상남도,김해시,대청동,299,대청공원,근린공원,35.19158188,128.7975714
경상남도,김해시,대청동,320-3,청미래공원,어린이공원,35.188318,128.799954
경상남도,김해시,대청동,321-3,또바기공원,어린이공원,35.186942,128.7954081
경상남도,김해시,대청동,331-1,참샘공원,어린이공원,35.18522238,128.7994156
경상남도,김해시,대청동,333-5,솔바람공원,어린이공원,35.18441758,128.796391
경상남도,김해시,대청동,"364 (296, 308 일원)",수변공원,근린공원,35.188627,128.7999579
경상남도,김해시,무계동,156-4,돌마루공원,어린이공원,35.202708,128.812845
경상남도,김해시,부곡동,1157-4,알로기공원,어린이공원,35.203084,128.8065132
경상남도,김해시,부곡동,1162-2,산돌림공원,어린이공원,35.201723,128.809266
경상남도,김해시,부곡동,1165,반달공원,어린이공원,35.20000344,128.808371
경상남도,김해시,부곡동,801-7,무지개공원,어린이공원,35.20888124,128.8009405
경상남도,김해시,부곡동,802-4,신명공원,어린이공원,35.207279,128.804742
경상남도,김해시,부곡동,803-4,달래공원,어린이공원,35.204854,128.800643
경상남도,김해시,부곡동,806-10,아람치공원,어린이공원,35.205265,128.803942
광주광역시,북구,신안동,148,태봉어린이공원,어린이공원,35.1629176,126.9030896
광주광역시,북구,중흥동,714-1,미리내어린이공원,어린이공원,35.15991098,126.9080981
광주광역시,북구,양산동,288-3,본촌근린공원,근린공원,35.2025333785,126.8736607
광주광역시,북구,운암동,95,운암어린이공원,어린이공원,35.17397818,126.8814556
광주광역시,북구,운암동,449-3,버들어린이공원,어린이공원,35.1724838,126.8837449
광주광역시,북구,운암동,478-1,지우어린이공원,어린이공원,35.1754882,126.8840764
광주광역시,북구,신안동,471-1,신안어린이공원,어린이공원,35.1716172,126.8982976
광주광역시,북구,중흥동,347-1,효동어린이공원,어린이공원,35.1682873,126.9092391
광주광역시,북구,우산동,228-1,우산근린공원,근린공원,35.1756255,126.9262421
광주광역시,북구,임동,226-9,천변공원,수변공원,35.16048452,126.8940836
광주광역시,북구,용봉동,158-6,용흥어린이공원,어린이공원,35.1763308,126.9139155
광주광역시,북구,두암동,588-5,꿈동산어린이공원,어린이공원,35.1771361,126.9331745
광주광역시,북구,두암동,595-5,무등어린이공원,어린이공원,35.17740483,126.9366873
광주광역시,북구,두암동,564-1,희망어린이공원,어린이공원,35.1795632,126.9278995
광주광역시,북구,운암동,산 94,운암제3근린공원,근린공원,35.18019638,126.8758031
광주광역시,북구,우산동,602-1,우리어린이공원,어린이공원,35.18009214,126.9211878
광주광역시,북구,동림동,37-54,운암산근린공원,근린공원,35.18641271,126.8666936
광주광역시,북구,일곡동,산116,일곡근린공원,근린공원,35.21312901,126.8917475
광주광역시,북구,매곡동,83-3,하백어린이공원,어린이공원,35.1912495,126.8909254
광주광역시,북구,연제동,47-4,외촌어린이공원,어린이공원,35.1951436,126.8711708
광주광역시,북구,두암동,950,무진어린이공원,어린이공원,35.1705937,126.9358188
광주광역시,북구,두암동,952,부영어린이공원,어린이공원,35.16865389,126.9356359
광주광역시,북구,두암동,951,초롱어린이공원,어린이공원,35.16925738,126.9382919
광주광역시,북구,문흥동,925-6,평교어린이공원,어린이공원,35.17949232,126.9249169
광주광역시,북구,우산동,203-1,그린어린이공원,어린이공원,35.1743275,126.9245834
광주광역시,북구,두암동,854-8,둘리어린이공원,어린이공원,35.1708251,126.9316297
광주광역시,북구,두암동,829-8,새싹어린이공원,어린이공원,35.17424756,126.9320593
광주광역시,북구,두암동,890-4,어울림어린이공원,어린이공원,35.1688205,126.927779
인천광역시,서구,청라동,116-1,연일공원,근린공원,37.5406974,126.6554122
인천광역시,서구,청라동,105-151,문점공원,근린공원,37.52295456,126.6282657
인천광역시,서구,청라동,178-6,포리공원,근린공원,37.52767778,126.6428138
인천광역시,서구,청라동,7-3,금산공원,근린공원,37.5551403,126.625411
인천광역시,서구,청라동,137-3,용머리공원,근린공원,37.53565781,126.6603341
인천광역시,서구,청라동,8-129,까투렴공원,근린공원,37.54439514,126.6217846
인천광역시,서구,청라동,20-1,처녀자리공원,어린이공원,37.54058488,126.6208535
인천광역시,서구,청라동,29-33,천칭자리공원,어린이공원,37.5402432,126.6230541
인천광역시,서구,청라동,46-50,북두칠성공원,어린이공원,37.5402588,126.6266205
인천광역시,서구,청라동,84-12,황소자리공원,어린이공원,37.53876426,126.627701
인천광역시,서구,청라동,71-47,전갈자리공원,어린이공원,37.540271,126.6299053
인천광역시,서구,청라동,111-23,염소자리공원,어린이공원,37.54049664,126.6426464
인천광역시,서구,청라동,140-3,물병자리공원,어린이공원,37.53836207,126.6427153
인천광역시,서구,청라동,144-13,백조자리공원,어린이공원,37.53631142,126.642685
인천광역시,서구,청라동,125-5,뜰어린이공원,어린이공원,37.5376797,126.6548499
인천광역시,서구,청라동,131-1,능안어린이공원,어린이공원,37.5399442,126.660289968
인천광역시,서구,청라동,131-29,봉수대공원,어린이공원,37.5383939,126.6618315
인천광역시,서구,청라동,192-2,거울어린이공원,어린이공원,37.5281894,126.6548912
인천광역시,서구,청라동,103-4,흰여울공원,어린이공원,37.5279411,126.6267344
인천광역시,서구,청라동,103-24,물고기자리공원,어린이공원,37.52656032,126.6272089
인천광역시,서구,청라동,104-55,사자자리공원,어린이공원,37.5207561,126.6239982
인천광역시,서구,청라동,104-155,물방울공원,어린이공원,37.5213691,126.6261902
인천광역시,서구,청라동,105-68,모래성공원,어린이공원,37.5248577,126.6306565
광주광역시,북구,용봉동,1227-8,반룡어린이공원,어린이공원,35.18002403,126.9026336
광주광역시,북구,용봉동,1232-6,봉곡어린이공원,어린이공원,35.18001568,126.9000072
광주광역시,북구,용봉동,1250-6,새봄어린이공원,어린이공원,35.1778426,126.9005515
광주광역시,북구,용봉동,1214,용주어린이공원,어린이공원,35.18222629,126.9042239
광주광역시,북구,오치동,981-6,고운어린이공원,어린이공원,35.18627549,126.9102511
충청북도,음성군,음성읍,평곡리 산16,수정공원,근린공원,36.93578521,127.7067433
충청북도,음성군,금왕읍,무극리 286-1,무극공원,근린공원,36.9948521,127.5931678
충청북도,음성군,금왕읍,오선리 530,내송공원,근린공원,36.98333523,127.5815154
충청북도,음성군,금왕읍,무극리 519-4,무극 제2근린공원,근린공원,36.98976955,127.5882186
충청북도,음성군,금왕읍,금석리 546,근린공원,근린공원,36.9901101,127.6040921
충청북도,음성군,대소면,오류리 835,오류공원,근린공원,36.97281759,127.4726096
충청북도,음성군,맹동면,동성리 12,뒷골공원,근린공원,36.9180661,127.540916
충청북도,음성군,맹동면,동성리 223,실거울공원,근린공원,36.9167331,127.5433364
충청북도,음성군,맹동면,두성리 1041,선들골공원,근린공원,36.91560637,127.5548991
충청북도,음성군,맹동면,동성리 247,찬샘골공원,근린공원,36.91390953,127.5405611
충청북도,음성군,맹동면,동성리 529,윗말공원,근린공원,36.91183686,127.534978
충청북도,음성군,맹동면,두성리 1501,남천공원,근린공원,36.90430338,127.5454888
충청북도,음성군,음성읍,읍내리 603-3,남천공원,어린이공원,36.9375752,127.6870741
충청북도,음성군,음성읍,읍내리 295-5,문화공원,어린이공원,36.93717301,127.6944616
충청북도,음성군,음성읍,읍내리 384-1,오성공원,어린이공원,36.92972542,127.6914391
충청북도,음성군,금왕읍,무극리 67-41,무극 제6 어린이공원,어린이공원,36.9899691,127.593560011
충청북도,음성군,금왕읍,무극리 700,무극제10 어린이공원,어린이공원,36.99009784,127.5856139
충청북도,음성군,금왕읍,금석리 479,어린이 공원,어린이공원,36.99128082,127.6040858
충청북도,음성군,금왕읍,금석리 545,어린이 공원,어린이공원,36.98952542,127.6033561
충청북도,음성군,대소면,태생리 664,1호어린이공원,어린이공원,36.96455457,127.4940372
충청북도,음성군,맹동면,동성리 222,푸르내공원,어린이공원,36.91669063,127.5474561
충청북도,음성군,맹동면,동성리 102,마루공원,어린이공원,36.91710882,127.5392801
충청북도,음성군,맹동면,동성리 335,가온들공원,어린이공원,36.91572968,127.5377897
충청북도,음성군,맹동면,동성리 404,아름공원,어린이공원,36.9135211,127.5362041
충청북도,음성군,맹동면,두성리 1212,아름드리공원,어린이공원,36.91140041,127.5454101
충청북도,음성군,맹동면,쌍정리 684-5,어린이공원,어린이공원,36.92809924,127.5622762
인천광역시,서구,마전동,127-1,마전지구3호 어린이공원,어린이공원,37.61167416,126.6621117
인천광역시,서구,마전동,100-9,마전지구4호 어린이공원,어린이공원,37.61211212,126.6636616
인천광역시,서구,마전동,산 74-1,마전지구5호 어린이공원,어린이공원,37.61370127,126.6578739
인천광역시,서구,마전동,75-1,마전지구6호 어린이공원,어린이공원,37.61431762,126.6552669
인천광역시,서구,오류동,1751-8,밭고잔공원,어린이공원,37.59646892,126.626822
인천광역시,서구,오류동,1708-12,봉화공원,어린이공원,37.59873298,126.6366252
인천광역시,서구,석남동,222,신석체육공원,체육공원,37.5078633,126.6656091
인천광역시,서구,당하동,1041,원당지구 5호 어린이공원,어린이공원,37.59058589,126.7008355
인천광역시,서구,가좌동,30-130,진주체육공원,체육공원,37.49121182,126.6808644
인천광역시,서구,가좌동,219,가좌공원,근린공원,37.48863024,126.6812545
인천광역시,서구,당하동,1067-4,당하어린이공원,어린이공원,37.5842079,126.6791439
인천광역시,서구,가좌동,157,감중공원,어린이공원,37.49314463,126.6737637
인천광역시,서구,청라동,11-29,청라1호공원,근린공원,37.53152887,126.6034799
인천광역시,서구,경서동,996,경서근린공원,근린공원,37.55670473,126.6687691
인천광역시,서구,오류동,1656-4,반월공원(나),근린공원,37.5944608,126.616871
인천광역시,서구,오류동,1665-2,한들방죽공원(라),근린공원,37.5904312,126.621691
인천광역시,서구,오류동,1611-4,백석공원(마),근린공원,37.58971146,126.5997688
인천광역시,서구,검암동,636-6,검암소공원,소공원,37.5597432,126.6754821
인천광역시,서구,오류동,1579-1,경서1공원(아라뱃길 물류단지),근린공원,37.56143004,126.6188103
인천광역시,서구,오류동,1545-4,경서2공원(아라뱃길 물류단지),근린공원,37.56615691,126.609919
인천광역시,서구,불로동,793-2,불로4호소공원,소공원,37.61057466,126.6857177
인천광역시,서구,불로동,831,불로5호소공원,소공원,37.61315197,126.6871272
인천광역시,서구,오류동,1727-7,버들공원,어린이공원,37.59565578,126.636467
인천광역시,서구,오류동,1722-11,대촌공원,근린공원,37.59558706,126.6336177
인천광역시,서구,가좌동,585-55,소염도공원,소공원,37.48634578,126.6664339
인천광역시,서구,청라동,8-126,늘푸른공원,근린공원,37.54230862,126.6235125
인천광역시,서구,청라동,9-92,사염공원,근린공원,37.54237626,126.6493445
전북특별자치도,익산시,영등동,691-1,남부1호공원,어린이공원,35.953164,126.9764808
전북특별자치도,익산시,인화동1가,168-1,영등1차 1호공원,어린이공원,35.9311344,126.945985
전북특별자치도,익산시,어양동,594-2,영등1차 2호공원,어린이공원,35.9534224,126.9794857
전북특별자치도,익산시,함열읍,와리 154-7,중앙공원,근린공원,36.07343819,126.9619405
전북특별자치도,익산시,주현동,248,마동2호공원,어린이공원,35.9336323,126.9596907
전북특별자치도,익산시,마동350,,마동3호공원,어린이공원,35.93521271,126.9632965
전북특별자치도,익산시,마동,332,마동1호공원,어린이공원,35.9361459,126.9608325
전북특별자치도,익산시,동산동,1049-1,마동4호공원,어린이공원,35.932436,126.9622017
전북특별자치도,익산시,부송동,265-15,팔봉공원,근린공원,35.96450133,126.9945958
전북특별자치도,익산시,석왕동,235-13,익산묘지공원,묘지공원,35.97255928,127.0171795
전북특별자치도,익산시,용제동,583,제2공단,근린공원,35.95133082,126.9999321
전북특별자치도,익산시,팔봉동,839-1,용제 공원,근린공원,35.95227859,127.0039586
인천광역시,서구,불로동,803-4,불로지구5호 어린이공원,어린이공원,37.61215454,126.689229
인천광역시,서구,원당동,811-2,원당지구 1호공원,근린공원,37.59507942,126.6908204
인천광역시,서구,원당동,824-11,원당지구 2호공원,근린공원,37.59444584,126.698606
인천광역시,서구,원당동,849,원당지구 3호공원,근린공원,37.59811318,126.7022858
인천광역시,서구,원당동,805-3,원당지구 4호 어린이공원,어린이공원,37.59931561,126.6984068
인천광역시,서구,당하동,1097-1,당하지구 1호공원,근린공원,37.59186624,126.6741366
인천광역시,서구,마전동,1062-1,당하지구2호 어린이공원,어린이공원,37.59492972,126.6777007
인천광역시,서구,당하동,1099-4,당하지구3호 어린이공원,어린이공원,37.59091115,126.6785574
인천광역시,서구,당하동,1112-1,당하지구4호 어린이공원,어린이공원,37.58920266,126.6780356
인천광역시,서구,당하동,1077-10,당하지구5호 어린이공원,어린이공원,37.59293488,126.6731833
인천광역시,서구,당하동,1075-21,당하지구6호 어린이공원,어린이공원,37.5911071,126.6700029
인천광역시,서구,당하동,1087-1,당하지구7호 어린이공원,어린이공원,37.58887806,126.6709325
인천광역시,서구,마전동,198,마전지구2호 어린이공원,어린이공원,37.61222651,126.664535
서울특별시,광진구,능동,242-26,능동소공원,소공원,37.55243686,127.082877
서울특별시,광진구,구의동,668-5,홍련산의소공원,소공원,37.54613706,127.0886173
서울특별시,광진구,자양동,854-1,뚝섬유원지역쉼터소공원,소공원,37.53189643,127.0673192
서울특별시,광진구,중곡동,30-79,중곡역소공원(가칭),소공원,37.56587772,127.08494
서울특별시,광진구,광장동,242-1,온달공원,어린이공원,37.54598669,127.1040763
서울특별시,광진구,광장동,387-1,평강공원,어린이공원,37.54811752,127.1005781
서울특별시,광진구,자양동,74-21,약초원공원,어린이공원,37.532914,127.0664003
서울특별시,광진구,자양동,619-20,정말공원,어린이공원,37.53316616,127.0781758
서울특별시,광진구,자양동,630,자마장공원,어린이공원,37.53444854,127.0821916
서울특별시,광진구,자양동,804-10,장독골공원,어린이공원,37.5356422,127.0778292
서울특별시,광진구,자양동,686-52,언덕배기공원,어린이공원,37.53214981,127.0879487
서울특별시,광진구,자양동,651-50,금모래공원,어린이공원,37.53030963,127.0825402
서울특별시,광진구,자양동,582-19,동자공원,어린이공원,37.5318659,127.0742753
서울특별시,광진구,자양동,5-7,노유산공원,어린이공원,37.5391102,127.0685096
서울특별시,광진구,화양동,110-34,화양동정자마당소공원,소공원,37.54652182,127.0718116
서울특별시,광진구,능동,369-12,능동정자마당소공원,소공원,37.55343589,127.0793355
서울특별시,광진구,구의동,589-4,구의가로휴식소공원,소공원,37.53641296,127.0933277
서울특별시,광진구,자양동,553-22,약초원소공원,소공원,37.53498194,127.0679085
서울특별시,광진구,자양동,859-1,세모꼴소공원,소공원,37.53839854,127.0815488
대전광역시,서구,도마동,207-3,송산,어린이공원,36.321391,127.371471
대전광역시,서구,도마동,45-1,용화,어린이공원,36.32160423,127.374508
대전광역시,서구,도마동,132-4,도화,어린이공원,36.315805,127.380843
대전광역시,서구,도마동,165-1,제비네,어린이공원,36.312823,127.375135
대전광역시,서구,가장동,38-57,들말,어린이공원,36.328903,127.382327
대전광역시,서구,탄방동,68-1,탄방,어린이공원,36.34299944,127.3946323
서울특별시,관악구,신림동,1441-42,새들,어린이공원,37.48863225,126.925741
서울특별시,관악구,신림동,1418-1,색동,어린이공원,37.486533,126.932555
서울특별시,관악구,신림동,539-14,새숲,어린이공원,37.4824133,126.9130864
서울특별시,관악구,신림동,94-252,장군봉,소공원,37.4781262,126.939008
인천광역시,서구,경서동,760,아랫말공원(경서4호),어린이공원,37.55564913,126.655858
인천광역시,서구,검암동,657-2,과기공원,어린이공원,37.5584481,126.674965
인천광역시,서구,검암동,607-2,간재울공원,어린이공원,37.56392844,126.6743722
인천광역시,서구,경서동,739,넘말공원(경서2호),어린이공원,37.5576935,126.6556841
인천광역시,서구,경서동,719-1,진포공원(경서1호),어린이공원,37.5606277,126.651839
인천광역시,서구,검암동,534-3,허암공원,어린이공원,37.5650713,126.6836893
인천광역시,서구,경서동,745,쑥공원(경서3호),어린이공원,37.55655153,126.6537471
인천광역시,서구,검암동,613-5,중동공원,어린이공원,37.56503283,126.677202
인천광역시,서구,검암동,681,빈정공원,어린이공원,37.55565876,126.6720414
인천광역시,서구,왕길동,661-3,검단2지구 1호근린공원,근린공원,37.59951696,126.6575727
인천광역시,서구,마전동,994,검단2지구 2호근린공원,근린공원,37.60303311,126.6647548
인천광역시,서구,금곡동,727-8,검단1지구 금곡공원,어린이공원,37.6056199,126.6554225
인천광역시,서구,마전동,907,검단1지구 1호 어린이공원,어린이공원,37.60502992,126.6572723
인천광역시,서구,마전동,906,검단1지구 5호 어린이공원,어린이공원,37.6059872,126.6578525
인천광역시,서구,마전동,929-1,검단1지구 6호 어린이공원,어린이공원,37.604402,126.6606377
인천광역시,서구,석남동,560-5,석남공원,어린이공원,37.50090652,126.6779763
인천광역시,서구,왕길동,649-4,왕길공원,근린공원,37.6009358,126.6517492
인천광역시,서구,왕길동,641-13,종다리공원,어린이공원,37.60116273,126.6544993
인천광역시,서구,왕길동,634-2,왕길새싹공원,어린이공원,37.60249879,126.651206
인천광역시,서구,마전동,999-6,검단2지구 1호 어린이공원,어린이공원,37.59706457,126.6705316
인천광역시,서구,마전동,1023,검단2지구 2호 어린이공원,어린이공원,37.59558375,126.6693753
인천광역시,서구,마전동,1007-11,검단2지구 3호 어린이공원,어린이공원,37.5958847,126.6732323
인천광역시,서구,오류동,1765,금호공원(오류지구 어린이공원),어린이공원,37.59756157,126.6373716
인천광역시,서구,불로동,766-1,불로지구1호 어린이공원,어린이공원,37.61423698,126.6820637
인천광역시,서구,불로동,773-8,불로지구2호 어린이공원,어린이공원,37.6137045,126.6842508
인천광역시,서구,불로동,785-10,불로지구3호 어린이공원,어린이공원,37.61215221,126.6853666
인천광역시,서구,불로동,793-2,불로지구4호 어린이공원,어린이공원,37.6105344,126.6857177
강원특별자치도,춘천시,석사동,647-5,곰도리공원,어린이공원,37.859871,127.741206
전북특별자치도,익산시,황등면,동연리 236-17,황등공원,근린공원,36.0122688,126.9389384
전북특별자치도,익산시,춘포면,춘포리 933,춘포공원,근린공원,35.9008256,127.0098667
전북특별자치도,익산시,용안면,교동리 309-1,무학공원,근린공원,36.1196024,126.9503023
전북특별자치도,익산시,여산면,제남리 394-2,여산공원,근린공원,36.0610653,127.0766477
전북특별자치도,익산시,모현동2가,22,모인공원,근린공원,35.9584553111,126.9518906561
전북특별자치도,익산시,송학동,531-1,송학공원,근린공원,35.9398192,126.9274914
전북특별자치도,익산시,마동,367,동산1호 공원,근린공원,35.93490618,126.9686251
전북특별자치도,익산시,동산동,213-8,동산2호 공원,근린공원,35.93038786,126.9640437
전북특별자치도,익산시,신동,774-7,신동6호,어린이공원,35.9593148,126.9659244
전북특별자치도,익산시,신동,802-3,신동3호,어린이공원,35.96030876,126.9590974
전북특별자치도,익산시,신동,823-12,신동8호,어린이공원,35.9598594,126.9562694
전북특별자치도,익산시,신동,777-13,신동5호,어린이공원,35.960119,126.963999
전북특별자치도,익산시,신동,783-7,신동4호,어린이공원,35.9610306,126.9606906
전북특별자치도,익산시,신동,792-27,신동9호,어린이공원,35.9633588,126.956454
전북특별자치도,익산시,신동,737-2,신동2호,어린이공원,35.95746751,126.9557643
전북특별자치도,익산시,남중동,538-15,신동1호,어린이공원,35.9548188,126.9606523
전북특별자치도,익산시,신동,814-4,신동7호,어린이공원,35.9576186,126.9647748
전북특별자치도,익산시,함열읍,남당리 산64-1,남당공원,근린공원,36.07452406,126.980164
전북특별자치도,익산시,인화동1가,202,남부6호공원,어린이공원,35.9283162,126.947182
전북특별자치도,익산시,인화동2가,106-7,남부5호공원,어린이공원,35.9276219,126.9532902
전북특별자치도,익산시,동산동,1099-1,남부4호공원,어린이공원,35.92812939,126.957319
전북특별자치도,익산시,인화동2가,93,남부3호공원,어린이공원,35.929352,126.9531478
전북특별자치도,익산시,인화동1가,187,남부2호공원,어린이공원,35.9300149,126.9508274
인천광역시,서구,가좌동,307,장고개공원,어린이공원,37.49028156,126.6877521
인천광역시,서구,가좌동,606-3,인천교공원,근린공원,37.47555946,126.6772099
인천광역시,서구,심곡동,284,심곡공원,어린이공원,37.5443051,126.6807747
인천광역시,서구,심곡동,290-5,탁옥공원,어린이공원,37.54501705,126.6833389
인천광역시,서구,심곡동,343-1,용두공원,어린이공원,37.54124079,126.6718078
인천광역시,서구,공촌동,304,갈매공원,어린이공원,37.55267952,126.6849923
인천광역시,서구,연희동,688-6,길쌈공원,어린이공원,37.54801021,126.6758533
인천광역시,서구,심곡동,252-1,녹성공원,어린이공원,37.54298427,126.6742632
인천광역시,서구,연희동,698,월촌공원,어린이공원,37.5507274,126.6812468
인천광역시,서구,연희동,685,주자공원,어린이공원,37.55028838,126.6759574
인천광역시,서구,심곡동,260,새말공원,어린이공원,37.5413277,126.6754746
인천광역시,서구,심곡동,238-5,갈마공원,어린이공원,37.54642692,126.6737576
인천광역시,서구,연희동,707,간촌공원,어린이공원,37.54923531,126.6785431
인천광역시,서구,공촌동,313,공촌공원,어린이공원,37.55115706,126.6844019
인천광역시,서구,심곡동,292,절골공원,어린이공원,37.5427482,126.6825351
인천광역시,서구,심곡동,330-3,군도공원,어린이공원,37.54507039,126.6706773
인천광역시,서구,심곡동,336-2,주마공원,어린이공원,37.54339478,126.6714835
인천광역시,서구,연희동,735-2,계명공원,어린이공원,37.54952377,126.6720153
인천광역시,서구,연희동,733-3,대평공원,어린이공원,37.54938247,126.6701658
인천광역시,서구,심곡동,258-6,샘내공원,어린이공원,37.54135608,126.6726703
인천광역시,서구,가정동,545,서인공원,어린이공원,37.52218518,126.6860632
인천광역시,서구,검암동,496,상동공원,근린공원,37.56623904,126.6779228
인천광역시,서구,경서동,678,서부산단공원,근린공원,37.5554991,126.639501
인천광역시,서구,검암동,594-2,장모루공원,근린공원,37.56753728,126.6749646
인천광역시,서구,검암동,619-5,검바위공원,어린이공원,37.5625871,126.6755015
인천광역시,서구,검암동,504-1,삽지공원,어린이공원,37.56761772,126.6811448
충청남도,당진시,송산면,유곡리 232-17,공원:송산2 일반산업단지:12,소공원,36.95876058,126.6945857
인천광역시,부평구,십정동,산50,십정공원,근린공원,37.4753494,126.7064449
인천광역시,남동구,논현동,1-17,소래습지생태공원,근린공원,37.40736572,126.7463366
인천광역시,미추홀구,관교동,14,중앙공원,근린공원,37.44078785,126.6986523
인천광역시,중구,신흥동3가,69,남항공원,근린공원,37.43526306,126.6286205
인천광역시,미추홀구,학익동,96-7,문학공원,근린공원,37.43560317,126.6705461
인천광역시,연수구,연수동,137-3,장미공원,근린공원,37.42663202,126.6778426
인천광역시,연수구,동춘동,49,청능공원,근린공원,37.4165829,126.6695291
인천광역시,중구,북성동1가,99,월미공원,근린공원,37.47110094,126.6038829
인천광역시,계양구,계산동,산52-1,계양근린공원,근린공원,37.550131,126.7233835
인천광역시,서구,연희동,산129,연희근린공원,근린공원,37.54285215,126.6628278
인천광역시,서구,연희동,200,경명공원,근린공원,37.5508632,126.6696767
인천광역시,서구,가좌동,산150-3,장고개근린공원,근린공원,37.49474058,126.6911607
인천광역시,서구,왕길동,산106-4,마전근린공원,근린공원,37.59770496,126.6604742
인천광역시,서구,심곡동,301-3,모통공원,어린이공원,37.54218954,126.6789196
인천광역시,서구,신현동,산33,원신공원,근린공원,37.51562511,126.6632612
인천광역시,서구,석남동,521-1,신촌공원,어린이공원,37.50775539,126.6702832
인천광역시,서구,석남동,483,석남체육공원,어린이공원,37.5109009,126.6748921
인천광역시,서구,연희동,산50,서곶공원,근린공원,37.54710428,126.6810847
인천광역시,서구,가좌동,198-11,건지공원,어린이공원,37.49399764,126.6794013
인천광역시,서구,가좌동,397,한신공원,어린이공원,37.48452032,126.6876014
경기도,군포시,산본동,1151-8,수리어린이공원,어린이공원,37.35764614,126.9177418
경기도,군포시,금정동,689,소공원17,소공원,37.37253321,126.9441165
인천광역시,부평구,부평동,산57-1,인천가족공원,묘지공원,37.47748021,126.7167687
인천광역시,연수구,송도동,24-5,센트럴파크,근린공원,37.39036508,126.6435679
인천광역시,연수구,송도동,5-1,해돋이공원,근린공원,37.38582193,126.6590477
인천광역시,연수구,송도동,9-1,미추홀공원,근린공원,37.38238717,126.6494992
인천광역시,연수구,송도동,2-1,새아침공원,근린공원,37.39798134,126.6536494
인천광역시,연수구,송도동,3-41,신송공원,근린공원,37.39049361,126.6584207
인천광역시,연수구,송도동,1,달빛공원,근린공원,37.39543995,126.6593123
인천광역시,연수구,송도동,26-1,달빛축제공원,근린공원,37.40785375,126.6325097
인천광역시,연수구,송도동,12-8,솔찬공원,근린공원,37.3725361,126.6278979
인천광역시,연수구,송도동,191-1,글로벌파크,근린공원,37.3762118,126.6594509
인천광역시,중구,운남동,1640-1,씨사이드파크,근린공원,37.47860421,126.5571779
인천광역시,중구,운서동,3124-1,은골공원,근린공원,37.48574899,126.4952777
인천광역시,중구,중산동,1911-4,박석공원,근린공원,37.4990143,126.5632013
인천광역시,서구,청라동,106-2,청라호수공원,근린공원,37.5306152,126.6362978
인천광역시,서구,청라동,165-15,문화공원 1호(녹청문화공원),문화공원,37.53300872,126.6548677
인천광역시,서구,청라동,155-19,문화공원 2호(창해문화공원),문화공원,37.5329593,126.6426227
인천광역시,서구,청라동,92-20,문화공원 3호(정서진공원),문화공원,37.5329043,126.625708
인천광역시,남동구,장수동,산78,인천대공원,근린공원,37.45859492,126.7519687
인천광역시,부평구,부평동,299,부평공원,근린공원,37.4895567,126.7146464
인천광역시,부평구,청천동,71-12,원적산공원,근린공원,37.5132106,126.6915019
경기도,군포시,산본동,855,초막골공원,근린공원,37.35449855,126.9191952
경기도,군포시,대야미동,598-3,소공원15,소공원,37.31763847,126.9129988
경기도,군포시,당정동,1009-5,소공원16,소공원,37.34463992,126.9490982
경기도,군포시,도마교동,479-2,뒷골소공원(소공원3),소공원,37.31488049,126.9231213
경기도,군포시,도마교동,458-3,제1호어린이공원(송정지구),어린이공원,37.31839731,126.9210932
경기도,군포시,둔대동,354-3,반월호수공원,수변공원,37.32458238,126.8899642
경기도,군포시,도마교동,460-2,송정능말공원,근린공원,37.31799907,126.9222631
경기도,군포시,산본동,1119-5,궁내공원,근린공원,37.36512806,126.9218252
경기도,군포시,부곡동,1246-1,고랑치기공원,근린공원,37.32664758,126.941678
경기도,군포시,산본동,1065,능안공원,근린공원,37.37215635,126.932147
경기도,군포시,당정동,181-44,한우물공원(당정2지구),근린공원,37.35816507,126.9523333
경기도,군포시,당정동,761,당정공원,근린공원,37.34411877,126.9474786
경기도,군포시,도마교동,455,송정중앙공원,근린공원,37.31948821,126.9208344
경기도,군포시,부곡동,1087,부곡공원,근린공원,37.32508903,126.9367035
경기도,군포시,산본동,1145-7,도장공원,근린공원,37.35585005,126.9280617
경기도,군포시,산본동,1151-2,둔전공원,근린공원,37.35813658,126.9216181
경기도,군포시,산본동,1153,철쭉공원,근린공원,37.353185,126.9257606
경기도,군포시,산본동,1057-19,매화어린이공원,어린이공원,37.37434811,126.9366993
경기도,군포시,산본동,1112-4,광정어린이공원,어린이공원,37.3667968,126.9244545
경기도,군포시,산본동,1120-5,주몽어린이공원,어린이공원,37.36462911,126.9274545
경기도,군포시,산본동,1119-1,백두어린이공원,어린이공원,37.36405812,126.9242592
경기도,군포시,산본동,1148-1,묘향어린이공원,어린이공원,37.3613915,126.9204273
경기도,군포시,산본동,1146-6,우륵어린이공원,어린이공원,37.36041923,126.9267759
경기도,군포시,금정동,870-1,한솔어린이공원,어린이공원,37.35859084,126.9435709
경기도,군포시,당동,859,희망어린이공원,어린이공원,37.3561658,126.9416995
경기도,군포시,금정동,849-3,무궁화어린이공원,어린이공원,37.35812447,126.9371635
경기도,군포시,금정동,872-1,충무어린이공원,어린이공원,37.35692269,126.934426
경기도,군포시,산본동,1145-17,세종어린이공원,어린이공원,37.35840613,126.9276072
경기도,군포시,산본동,1151-3,한양어린이공원,어린이공원,37.35843964,126.922638
전북특별자치도,정읍시,수성동,918-3,수성공원,어린이공원,35.58437332,126.8550441
전북특별자치도,정읍시,수성동,918-5,제일공원,어린이공원,35.58294269,126.855563
전북특별자치도,정읍시,장명동,1-4,장명1호공원(말고개),어린이공원,35.56824281,126.8635318
전북특별자치도,정읍시,수성동,963-2,달빛공원,어린이공원,35.57786655,126.8525536
광주광역시,광산구,신촌동,1207,신촌,근린공원,35.14182051,126.8050113
광주광역시,광산구,산월동,산 26,봉산,근린공원,35.20296875,126.8452505
광주광역시,광산구,소촌동,산 48-38,수랑,근린공원,35.15471851,126.8041667
광주광역시,광산구,신촌동,산 95-10,송정,근린공원,35.1481195122,126.8003328
광주광역시,광산구,우산동,1025-1 (광산 제1지구),무돌,어린이공원,35.1579651443,126.8095027472
광주광역시,광산구,우산동,1039-1 (광산 제1지구),대덕,어린이공원,35.15554893,126.814889
광주광역시,광산구,우산동,1045-2 (광산 제1지구),꿈꾸는,어린이공원,35.15495583,126.8114953
광주광역시,광산구,우산동,1066-4 (광산 제1지구),칙칙폭폭,어린이공원,35.15262524,126.8146289
광주광역시,광산구,우산동,1072-4 (광산 제1지구),별빛,어린이공원,35.1525415508,126.8115597578
광주광역시,광산구,우산동,1076-1 (광산 제1지구),자유,어린이공원,35.1536016123,126.8087811156
광주광역시,광산구,신촌동,산20-1 (광산 제1지구),용아,어린이공원,35.14655966,126.8109668
광주광역시,광산구,신촌동,884-1 (광산 제1지구),다정한,어린이공원,35.15018972,126.8064665
광주광역시,광산구,하남동,499-3,하남,근린공원,35.1915598757,126.7929899051
광주광역시,광산구,월곡동,587,월곡,근린공원,35.16753211,126.8144718
광주광역시,광산구,월곡동,539,산정,근린공원,35.16924523,126.8065723
광주광역시,광산구,안청동,736-1,안청,근린공원,35.21298184,126.8023712
경기도,용인시,기흥구,보정동 1303,해솔근린공원,근린공원,37.30843116,127.1124712
경기도,용인시,기흥구,보정동 1287 일원,은솔근린공원,근린공원,37.30997236,127.1070788
경기도,용인시,기흥구,보정동 1269,큰솔근린공원,근린공원,37.31666958,127.1122078
경기도,용인시,기흥구,보정동 1227,소담근린공원,근린공원,37.31829652,127.1235683
경기도,용인시,기흥구,보라동 619 일원,생태마당근린공원,근린공원,37.24841567,127.1090237
경기도,용인시,기흥구,보라동 604 일원,건강마당근린공원,근린공원,37.250922,127.113169
경기도,용인시,기흥구,마북동 650 일원,마북근린공원,근린공원,37.29777752,127.1145296
경기도,용인시,기흥구,마북동 637,구교동근린공원,근린공원,37.30308842,127.117913
경기도,용인시,기흥구,동백동 660 일원,석교(5-2)근린공원,근린공원,37.27998756,127.1583442
경기도,용인시,기흥구,동백동 657,새물(5-1)근린공원,근린공원,37.28128998,127.1559389
경기도,용인시,기흥구,중동 862,한숲(6-3)근린공원,근린공원,37.27389677,127.1571253
경기도,용인시,기흥구,중동 843,호수(7-2)근린공원,근린공원,37.27670429,127.150849
경기도,용인시,기흥구,중동 833-1,튼싹(7-1)근린공원,근린공원,37.2776957,127.1522687
경기도,용인시,기흥구,중동 1099,동진원1공원,근린공원,37.28617383,127.1452561
경기도,용인시,기흥구,중동 1096-1 일원,동진원2공원,근린공원,37.28107184,127.1442402
경기도,용인시,기흥구,중동 1087 일원,보담(7-3)근린공원,근린공원,37.26915085,127.1527597
경기도,용인시,기흥구,중동 1086,늘찬(7-3)근린공원,근린공원,37.27196334,127.1500935
경기도,용인시,기흥구,중동 1049,토리(8)근린공원,근린공원,37.26511891,127.1559112
경기도,용인시,기흥구,중동 1044,한길찬(9)근린공원,근린공원,37.26105926,127.1601699
경기도,용인시,기흥구,영덕동 1234 일원,자은근린공원,근린공원,37.27441383,127.0860219
경기도,용인시,기흥구,영덕동 1210 일원,덕골근린공원,근린공원,37.27703074,127.0753082
경기도,용인시,기흥구,영덕동 1026,샘골근린공원,근린공원,37.27257814,127.0771559
경기도,용인시,기흥구,영덕동 1329 일원,숲자람터 근린공원(영덕1근린공원),근린공원,37.26755638,127.0969496
경기도,용인시,기흥구,신갈동 산14,만골근린공원,근린공원,37.28617851,127.1135998
경기도,용인시,기흥구,신갈동 699,새천년근린공원,근린공원,37.28733865,127.1193516
경기도,용인시,기흥구,신갈동 683,신릉근린공원,근린공원,37.29013472,127.1134642
경기도,용인시,기흥구,신갈동 488-10,제72호 근린공원(신갈공원),근린공원,37.27745327,127.0967086
경기도,용인시,처인구,역북동 805,동산근린공원(역북도시개발사업 근린공원 2호),근린공원,37.23196827,127.1852694
경기도,용인시,처인구,역북동 733,번암근린공원,근린공원,37.23913972,127.1949872
경기도,용인시,처인구,역북동 810,역동근린공원(역북도시개발사업 근린공원 1호),근린공원,37.23262946,127.1831391
경기도,용인시,처인구,역북동 780 일원,역북지구 근린공원(역북1지구),근린공원,37.24417614,127.1954468
경기도,용인시,처인구,남사읍 완장리 952-4,남사아곡 제2호 근린공원(한숲 햇빛공원),근린공원,37.1563139,127.1747863
경기도,용인시,처인구,남사읍 완장리 949-1,남사아곡 제1호 근린공원(한숲산내음 공원),근린공원,37.15896686,127.1705878
경기도,용인시,처인구,남사읍 아곡리 705-1,남사아곡 제4호 근린공원(한숲물방울공원),근린공원,37.14987257,127.171328
경기도,용인시,처인구,남사읍 아곡리 685 일원,남사아곡 제5호 근린공원(한숲하늘공원),근린공원,37.15593879,127.1676607
경기도,용인시,처인구,남사읍 아곡리 681-1 일원,남사아곡 제3호 근린공원(한숲 물빛공원),근린공원,37.15437919,127.1698962
경기도,용인시,처인구,역북동 469-1 일원,능말근린공원,근린공원,37.23815449,127.198833
경기도,용인시,처인구,양지면 양지리 산32-6번지 일원,제31호 근린공원(양지공원),근린공원,37.23578482,127.2873273
경기도,용인시,기흥구,청덕동 521 일원,도담근린공원,근린공원,37.2941962,127.1454048
경기도,용인시,기흥구,청덕동 496,꽃내음근린공원,근린공원,37.29966594,127.1534983
경기도,용인시,기흥구,청덕동 486 일원,풀벌레근린공원,근린공원,37.29784722,127.1490009
경기도,용인시,기흥구,청덕동 564 일원,아람근린공원,근린공원,37.29427188,127.1533356
경기도,용인시,기흥구,중동 921,해놀(6-2)근린공원,근린공원,37.27414594,127.1580486
경기도,용인시,기흥구,중동 877 일원,한들(5-3)근린공원,근린공원,37.27784837,127.159087
인천광역시,연수구,청학동,504-6,청학사거리공원,소공원,37.42575623,126.6687481
인천광역시,연수구,동춘동,1147-1,동춘5공원,소공원,37.40277417,126.6664903
인천광역시,연수구,동춘동,1132,동춘1근린공원,근린공원,37.40701685,126.6645954
인천광역시,연수구,동춘동,1145,동춘2근린공원,근린공원,37.40484473,126.6669928
인천광역시,연수구,동춘동,1136-2,동춘3공원,어린이공원,37.40836368,126.6655132
인천광역시,연수구,동춘동,1147-2,동춘4공원,어린이공원,37.40256971,126.6668787
인천광역시,연수구,청학동,101-2,물푸레공원(청학6호),소공원,37.424822,126.6600932
인천광역시,연수구,송도동,187-6,첨단산업클러스터단지(B) 4호 근린공원,근린공원,37.37416967,126.6713793
인천광역시,연수구,송도동,10-35,소리공원(송도26호공원),근린공원,37.38063187,126.6401227
인천광역시,연수구,선학동,210-4,별빛공원,근린공원,37.42901005,126.6985718
인천광역시,연수구,동춘동,56,동곡공원,어린이공원,37.41591466,126.6724399
인천광역시,연수구,송도동,16-5,송도  10호 어린이공원,어린이공원,37.40253015,126.642605
인천광역시,연수구,송도동,100-1,송도  14호 어린이공원,어린이공원,37.38789642,126.631432
인천광역시,연수구,송도동,30-7,송도  17호 어린이공원,어린이공원,37.39685789,126.6300329
인천광역시,연수구,송도동,16-14,송도  11호 어린이공원,어린이공원,37.39961709,126.6469166
인천광역시,연수구,송도동,112-3,송도  16호 어린이공원,어린이공원,37.38162523,126.6321172
인천광역시,연수구,송도동,176-4,테크노파크(T.P.)확대조성단지 2호 소공원,소공원,37.37929858,126.6617767
인천광역시,연수구,송도동,7-32,테크노공원(송도7호),어린이공원,37.38544346,126.651069
인천광역시,연수구,동춘동,559-22,푸른송도배수지공원,근린공원,37.40049177,126.6636112
인천광역시,연수구,송도동,199-2,첨단산업클러스터3호 근린공원,근린공원,37.36801326,126.6633868
인천광역시,연수구,송도동,191-7,첨단산업클러스터2호어린이공원,어린이공원,37.37381957,126.656893
인천광역시,연수구,송도동,190-1,송도누리공원,문화공원,37.37860635,126.6555701
인천광역시,연수구,옥련동,582-2,대암공원,문화공원,37.4164139,126.6541196
인천광역시,연수구,송도동,192-4,첨단산업클러스터5호 근린공원,근린공원,37.37239029,126.655518
인천광역시,연수구,송도동,158-3,국제화복합단지 2호 근린공원,근린공원,37.38430919,126.6599332
인천광역시,연수구,송도동,159-2,국제화복합단지 3호 근린공원,근린공원,37.38287603,126.6637329
인천광역시,연수구,송도동,166,국제화복합단지 4호 근린공원,근린공원,37.38147206,126.6658968
인천광역시,연수구,송도동,147,국제화복합단지 1호 근린공원,근린공원,37.38816404,126.6680747
인천광역시,연수구,송도동,2-8,먼우금공원(송도1호),어린이공원,37.39431587,126.6543238
인천광역시,연수구,송도동,3-11,꽃마을공원(송도2호),어린이공원,37.39227517,126.6508774
인천광역시,연수구,송도동,2-10,파도놀이공원(송도3호),어린이공원,37.39269943,126.656993
인천광역시,연수구,송도동,3-39,뱃놀이공원(송도4호),어린이공원,37.39082882,126.6550783
인천광역시,연수구,송도동,2-13,도담공원(송도5호),어린이공원,37.39015256,126.6610995
인천광역시,연수구,송도동,3-45,새터공원(송도6호),어린이공원,37.3882466,126.6592976
인천광역시,연수구,옥련동,238-1,새싹공원,어린이공원,37.42617195,126.6491617
인천광역시,중구,운남동,1733-36,영종하늘도시 17호,소공원,37.4848069,126.5447632
인천광역시,중구,운남동,1727-29,영종하늘도시 18호,소공원,37.4845999,126.5451334
인천광역시,중구,중산동,1945,영종하늘도시 26호,소공원,37.49363769,126.5790311
인천광역시,중구,운서동,3012-9,나비의꿈공원,어린이공원,37.50184253,126.5031475
인천광역시,중구,운남동,1643-1,해저대탐험공원,어린이공원,37.4763299,126.5311004
인천광역시,중구,운서동,3076-3,스파이더맨공원,어린이공원,37.49221122,126.5067019
인천광역시,중구,운남동,1764-6,날아라부메랑공원,어린이공원,37.48436623,126.5490243
인천광역시,중구,운남동,1696-3,동물의숲공원,어린이공원,37.47544577,126.5191944
인천광역시,중구,중산동,1914-5,마법의성공원,어린이공원,37.49702826,126.5702894
인천광역시,중구,운서동,3020-1,영종하늘도시 1호,근린공원,37.50036085,126.5012368
인천광역시,중구,운남동,1598-6,영종하늘도시 6호,근린공원,37.48180523,126.5047629
인천광역시,중구,운남동,1604-3,영종하늘도시 8호,근린공원,37.47550762,126.508795
인천광역시,중구,운남동,1697-4,영종하늘도시 10호,근린공원,37.47946052,126.5239245
인천광역시,중구,운남동,1654-3,영종하늘도시 11호,근린공원,37.48381815,126.5312884
인천광역시,중구,운남동,1690-14,영종하늘도시 14호,근린공원,37.48043144,126.5152632
인천광역시,중구,중산동,1960-6,영종하늘도시 15호,근린공원,37.48569764,126.5643358
인천광역시,중구,중산동,1935-13,영종하늘도시 21호,근린공원,37.49882536,126.5769702
인천광역시,중구,중산동,1938-39,영종하늘도시 22호,근린공원,37.49640288,126.578086
인천광역시,중구,운서동3076-1,,영종하늘도시 27호,근린공원,37.49449481,126.5079085
인천광역시,중구,운남동,1766-3,영종하늘도시 29호,근린공원,37.48825833,126.5468859
인천광역시,중구,중산동,1959-2,영종하늘도시 33호,근린공원,37.49219374,126.575593
인천광역시,중구,운남동,1745-10,영종하늘도시 34호,근린공원,37.48208223,126.5404028
인천광역시,중구,운남동,1681-9,영종하늘도시 35호,근린공원,37.48016056,126.5091137
인천광역시,중구,중산동,1926-19,영종하늘도시 36호,근린공원,37.49713743,126.5759112
인천광역시,중구,운남동,1722-84,영종하늘도시 37호,근린공원,37.4791058523,126.5336431875
인천광역시,중구,운남동1649-1,,영종하늘도시 38호,근린공원,37.48627044,126.5308996
경기도,연천군,연천읍,차탄리 산1-8,망곡근린공원,근린공원,38.10312064,127.0674795
경기도,군포시,당정동,1012-2,여울어린이공원,어린이공원,37.34283923,126.950086
경기도,군포시,당동,1025,산마을어린이공원,어린이공원,37.3419403,126.9354786
경기도,군포시,부곡동,1207,산이슬어린이공원,어린이공원,37.33812901,126.9322811
경기도,군포시,금정동,755,제일어린이공원,어린이공원,37.3605339,126.9469011
경기도,군포시,금정동,775-3,도기어린이공원,어린이공원,37.36041929,126.9474294
경기도,군포시,당동,734-2,동막골어린이공원,어린이공원,37.35737344,126.9461388
경기도,군포시,당동,757,당너머어린이공원,어린이공원,37.3534734,126.9409564
경기도,군포시,당동,779,당말어린이공원,어린이공원,37.35266206,126.946689
경기도,군포시,당동,773-4,효자어린이공원,어린이공원,37.35164847,126.943331
경기도,군포시,부곡동,1181-2,산울림어린이공원,어린이공원,37.33499529,126.9309226
경기도,군포시,대야미동,635-1,금산어린이공원,어린이공원,37.33355146,126.9156371
경기도,군포시,대야미동,636-5,노산어린이공원,어린이공원,37.3306159,126.9156633
경기도,군포시,대야미동,661-1,웃말어린이공원,어린이공원,37.32629519,126.9174065
경기도,군포시,대야미동,655-3,마루터기어린이공원,어린이공원,37.32788655,126.9189736
경기도,군포시,대야미동,651-1,용바위어린이공원,어린이공원,37.32894593,126.919648
경기도,군포시,산본동,1091-2,샘터어린이공원,어린이공원,37.36686724,126.9286413
경기도,군포시,부곡동,1081,새터어린이공원,어린이공원,37.32294891,126.9329679
경기도,군포시,부곡동,1083,물빛어린이공원,어린이공원,37.32250882,126.9353223
경기도,군포시,부곡동,1121,하늘어린이공원,어린이공원,37.32479214,126.9456064
경기도,군포시,도마교동,471-5,새골소공원(소공원11),소공원,37.31482224,126.9256007
경기도,군포시,당정동,1043,대우전자부품지구공원,소공원,37.35034435,126.9530458
경기도,군포시,당정동,1016-4,소공원12,소공원,37.34260816,126.9489396
경기도,군포시,부곡동,1112,백일홍어린이공원,어린이공원,37.32314464,126.9411386
경기도,군포시,부곡동,1130-2,눈꽃어린이공원,어린이공원,37.32572104,126.9462225
경기도,군포시,당정동,181-5,참그루소공원(당정2지구),소공원,37.35816507,126.9523333
경기도,군포시,당정동,1090,꽃아름소공원(당정2지구),소공원,37.35871991,126.9510137
경기도,군포시,금정동,871-6,오금공원,근린공원,37.35229789,126.9349648
경기도,군포시,금정동,850-2,재궁공원,근린공원,37.35844953,126.9395325
경기도,군포시,산본동,1122,중앙공원,근린공원,37.36158178,126.9287049
충청남도,당진시,송산면,유곡리 산7-1,공원:송산2 일반산업단지:2(꿈공원),어린이공원,36.96661971,126.6934082
경상북도,경산시,중산동,709,중산다올공원(중산2공원),어린이공원,35.83263879,128.7217224
경상북도,경산시,백천동,625,백천공원,어린이공원,35.80390003,128.7418078
경상북도,경산시,백천동,626,백천1공원,어린이공원,35.80227668,128.7420318
경상북도,경산시,백천동,627,백천2공원,어린이공원,35.80173763,128.7441819
경상북도,경산시,백천동,577-1,백천제1공원,어린이공원,35.80299716,128.736981
경상북도,경산시,백천동,591-1,백천제2공원,어린이공원,35.80190319,128.7398742
경상북도,경산시,상방동,133-1,상방공원,어린이공원,35.81202758,128.7421675
경상북도,경산시,삼남동,148-14,서상공원,어린이공원,35.81388734,128.736967
경상북도,경산시,계양동,69-2,계양7공원,어린이공원,35.83256714,128.746415
경상북도,경산시,대평동,428-2,대평1공원,어린이공원,35.83859037,128.7319848
경상북도,경산시,대평동,435-6,대평2공원,어린이공원,35.83633548,128.7332405
경상북도,경산시,임당동,631-1,제1호어린이공원,어린이공원,35.84097469,128.7505838
경상북도,경산시,조영동,575,제2호어린이공원,어린이공원,35.84027457,128.7536961
경상북도,경산시,중방동,890,중방공원,어린이공원,35.83247371,128.7369131
경상북도,경산시,중방동,854-1,중방1공원,어린이공원,35.82575767,128.7338848
경상북도,경산시,중방동,836-6,중방3공원,어린이공원,35.82923454,128.737003
경상북도,경산시,하양읍,남하리 525-7,남하1공원,어린이공원,35.88681529,128.7711328
경상북도,경산시,하양읍,동서리 523-1,동서1공원,어린이공원,35.91895534,128.8213142
경상북도,경산시,하양읍,청천리 583,청천1공원,어린이공원,35.87820352,128.7609598
경상북도,경산시,압량읍,압량리 129,압량1어린이공원,어린이공원,35.84733536,128.7710819
경상북도,경산시,압량읍,부적리 112,압량2어린이공원,어린이공원,35.84768551,128.765047
경상북도,경산시,압량읍,부적리 807-12,압량3어린이공원,어린이공원,35.8449503,128.7688943
경상북도,경산시,계양동,693-5,계양5공원,어린이공원,35.81530784,128.7500233
경상북도,경산시,정평동,21-1,정평2공원,어린이공원,35.84022254,128.7253322
경상북도,경산시,평산동,700,사동2지구4공원[들뫼공원],어린이공원,35.80717887,128.7609529
경상북도,경산시,평산동,696,사동2지구5공원[산마루공원],어린이공원,35.80735928,128.7624371
경상북도,경산시,평산동,752,사동2지구6공원[바래미공원],어린이공원,35.80565137,128.7611104
경상북도,경산시,사동,44,사동2지구7공원[새미골공원],어린이공원,35.81308036,128.7563388
경상북도,경산시,옥산동,123-10,기찻길도담공원,어린이공원,35.82317946,128.7263427
경상북도,경산시,사정동,199-3,사정1공원,어린이공원,35.81674665,128.7261642
경상북도,경산시,사정동,12,사정2공원,어린이공원,35.82230595,128.7290000081
경상북도,경산시,옥곡동,819-4,서부제1공원,어린이공원,35.81612382,128.7325088
경상북도,경산시,옥곡동,813-1,서부제2공원,어린이공원,35.8152114,128.7300619
경상북도,경산시,옥곡동,85-2,옥곡1공원,어린이공원,35.8149146,128.7273058
경상북도,경산시,옥곡동,85-11,옥곡2공원,어린이공원,35.8118248,128.7296852
경상북도,경산시,옥산동,842,옥산1공원,어린이공원,35.8234567,128.718329
경상북도,경산시,옥산동,884-3,옥산2공원,어린이공원,35.8197982,128.7230486
경상북도,경산시,옥산동,853-1,옥산3공원,어린이공원,35.82471674,128.7222631
경상북도,경산시,옥산동,750,옥산4공원,어린이공원,35.82559323,128.7289226
경상북도,경산시,중산동,35-2,옥산5공원,어린이공원,35.83143997,128.7250634
경상북도,경산시,중산동,36-3,옥산6공원,어린이공원,35.83019931,128.7278185
경상북도,경산시,정평동,158-9,정평1공원,어린이공원,35.83586089,128.7273997
경상북도,경산시,정평동,222-91,중산공원,어린이공원,35.83031295,128.7287956
경상북도,경산시,중산동,642,중산제1어린이공원,어린이공원,35.82933302,128.720612
경상북도,경산시,중산동,667,중산제2어린이공원,어린이공원,35.82618708,128.7167513
경상북도,경산시,중산동,708,중산나래공원(중산1공원),어린이공원,35.83285035,128.7178414
경상북도,경산시,자인면,북사리 65-4,북사공원,어린이공원,35.82286339,128.8207533
경상북도,경산시,삼북동,276-5,중앙1공원,어린이공원,35.8190905,128.7401737
경상북도,경산시,중방동,881-12,중앙2공원,어린이공원,35.8216855,128.7390605
경상북도,경산시,중방동,845-3,중앙3공원,어린이공원,35.82633375,128.7385252
경상북도,경산시,계양동,671,계양1공원,어린이공원,35.82150244,128.7494406
경상북도,경산시,계양동,677-5,계양2공원,어린이공원,35.81989586,128.7488513
경상북도,경산시,계양동,684-3,계양4공원,어린이공원,35.81682463,128.7471808
경상북도,경산시,계양동,686-4,계양6공원,어린이공원,35.81739289,128.7503023
경상북도,경산시,사동,572,사동1공원,어린이공원,35.8194993,128.754467
경상북도,경산시,사동,566,사동2공원,어린이공원,35.81842197,128.7572033
경상북도,경산시,사동,577-2,사동3공원,어린이공원,35.81772063,128.7541012
경상북도,경산시,사동,581-2,사동4공원,어린이공원,35.81687076,128.7569992
경상북도,경산시,사동,596,사동5공원,어린이공원,35.81556854,128.7554995
경상북도,경산시,사동,605,사동6공원,어린이공원,35.81414163,128.7548042
경상북도,경산시,삼풍동,505-1,사동7공원,어린이공원,35.82273518,128.7543701
경상북도,경산시,삼풍동,514-1,사동8공원,어린이공원,35.82104877,128.7564643
경상북도,경산시,사동,643-1,사동9공원,어린이공원,35.81603349,128.7634569
경상북도,경산시,사동,659-2,사동10공원,어린이공원,35.81474178,128.7586426
경상북도,경산시,사동,668-1,사동11공원,어린이공원,35.81206021,128.7606604
경상북도,경산시,사동,22,사동2지구1공원[까치목공원],어린이공원,35.81153371,128.7535215
경상북도,경산시,사동,288,사동2지구2공원[솔바람공원],어린이공원,35.80662691,128.7549363
경상북도,경산시,사동,185,사동2지구3공원[하얀꽃공원],어린이공원,35.80983478,128.7610526
경상북도,경산시,하양읍,동서리 747-2,동서2공원,어린이공원,35.91583779,128.8245631
경상북도,경산시,하양읍,양지리 299,제1어린이공원[하주어린이공원],어린이공원,35.92063896,128.8123565
경상북도,경산시,하양읍,서사리 401,제2어린이공원[움찬어린이공원],어린이공원,35.91705054,128.8025299681
경상북도,경산시,하양읍,동서리 1054-7,동서3공원,어린이공원,35.91889089,128.8281172
경상북도,경산시,진량읍,대원리 486,대원7호공원,어린이공원,35.85677389,128.821894
경상북도,경산시,진량읍,선화리 2228,선화어린이공원,어린이공원,35.87548021,128.8028366
경상북도,경산시,진량읍,신상리 346-1,신상1공원,어린이공원,35.87472053,128.8202969
경상북도,경산시,진량읍,신상리 336-1,신상2공원,어린이공원,35.87552175,128.8241208
경상북도,경산시,진량읍,신상리 410-1,신상3공원,어린이공원,35.87320669,128.8207318
경상북도,경산시,진량읍,신상리 363-1,신상4공원,어린이공원,35.87295928,128.8241196
경상북도,경산시,진량읍,신제리 596,신제8호공원,어린이공원,35.85776804,128.837088
경상북도,경산시,진량읍,문천리 834,어린이공원1,어린이공원,35.87843654,128.8423807
경상북도,경산시,진량읍,광석리 632,어린이공원2,어린이공원,35.85764002,128.8387603
경상북도,경산시,진량읍,광석리 801,어린이공원3,어린이공원,35.85554619,128.8391123
경상북도,경산시,압량읍,신대리 632,"신대,부적1공원",어린이공원,35.8388243,128.7647294
경상북도,경산시,압량읍,신대리 470,"신대,부적2공원",어린이공원,35.84086913,128.7634112
경상북도,경산시,압량읍,신대리 508,"신대,부적3공원",어린이공원,35.840321,128.7654425
경상북도,경산시,압량읍,신대리 416,"신대,부적4공원",어린이공원,35.84282975,128.7645397
경상북도,경산시,압량읍,부적리 382,제3호어린이공원,어린이공원,35.84331822,128.7578079
경상북도,경산시,압량읍,부적리 525-8,조영4공원,어린이공원,35.83943073,128.7602852
경상북도,경산시,압량읍,부적리 413-34,조영1공원,어린이공원,35.84179921,128.7565833
경상북도,경산시,자인면,동부리 160-1,동부공원,어린이공원,35.81693827,128.8242818
경상북도,경산시,중산동,676,중산3공원[중산제3근린공원],근린공원,35.83095459,128.7150078
경상북도,경산시,임당동,648,임당공원,근린공원,35.84220722,128.7524167
경상북도,경산시,임당동,578,임당제3공원,근린공원,35.84195622,128.7469849
경상북도,경산시,하양읍,금락리 123-8,금락공원,근린공원,35.91152341,128.8128038
경상북도,경산시,압량읍,압량리 179,압량공원,근린공원,35.84778162,128.7682429
경상북도,경산시,와촌면,소월리 산 92,지식5공원,근린공원,35.94821474,128.8286434
경상북도,경산시,와촌면,소월리 산 6,지식6공원,근린공원,35.9487745,128.8318759
경상북도,경산시,와촌면,소월리 산 83,지식7공원,근린공원,35.94703949,128.8251773
경상북도,경산시,자인면,북사리 346,북사공원,근린공원,35.82321144,128.8156175
경상북도,경산시,자인면,서부리 72-1,서부공원,근린공원,35.81802794,128.8205358
경상북도,경산시,사정동,236-1,성암산공원,근린공원,35.81491684,128.7218172
경상북도,경산시,상방동,65-3,상방공원,근린공원,35.81479372,128.743395
경상북도,경산시,대정동,539-3,대임1,근린공원,35.84045017,128.7374093
경상북도,경산시,임당동,358-1,대임2,근린공원,35.83824632,128.7386033
경상북도,경산시,대정동,526-11,대임3,근린공원,35.84239307,128.7404373
경상북도,경산시,임당동,350-11,대임4,근린공원,35.83926496,128.741719
경상북도,경산시,임당동,467-12,대임5,근린공원,35.84239767,128.7434892
경상북도,경산시,임당동,433-2,대임6,근린공원,35.8392542,128.7449887
경상북도,경산시,임당동,742,대임7,근린공원,35.83920199,128.7482158
경상북도,경산시,대동,242-3,대임8,근린공원,35.83263524,128.751618
경상북도,경산시,임당동,676-1,임당제2공원,근린공원,35.8398055,128.7497055
경상북도,경산시,조영동,556,조영공원,근린공원,35.84386476,128.7540629
경상북도,경산시,하양읍,금락리 595,금락1공원,어린이공원,35.91422169,128.8232367
경상북도,경산시,하양읍,금락리 116-178,금락2공원,어린이공원,35.91166516,128.8185263
경상북도,경산시,하양읍,금락리 403-1,금락3공원,어린이공원,35.91081535,128.8217777
경상북도,경산시,하양읍,금락리 394-5,금락4공원,어린이공원,35.91110106,128.8249574
경상북도,경산시,하양읍,금락리 409-5,금락5공원,어린이공원,35.90869403,128.8177614
경상북도,경산시,하양읍,서사리 348,제1근린공원[도리근린공원],근린공원,35.91761297,128.8109287
경상북도,경산시,하양읍,양지리 268,제2근린공원[양지근린공원],근린공원,35.91992414,128.8102152
경상북도,경산시,하양읍,서사리 283,제3근린공원[서사근린공원],근린공원,35.9186833,128.8059868
경상북도,경산시,하양읍,대학리 1322,지식9공원,근린공원,35.93248141,128.8253224
경상북도,경산시,진량읍,신제리 811,근린공원1,근린공원,35.86179252,128.8382312
경상북도,경산시,진량읍,문천리 913,근린공원2,근린공원,35.87252819,128.8420287
경상북도,경산시,진량읍,신상리 1189,신상공원,근린공원,35.87065243,128.831944
경상북도,경산시,진량읍,신제리 545,신제제1공원,근린공원,35.86307902,128.8337182
경상북도,경산시,진량읍,신제리 563,신제제2공원,근린공원,35.85913672,128.8355585
경상북도,경산시,진량읍,신상리 685-17,진량공원,근린공원,35.87157454,128.8174276
경상북도,경산시,압량읍,부적리 264-2,마위공원,근린공원,35.8453484,128.7624034
경상북도,경산시,와촌면,덕촌리 1090,지식8공원,근린공원,35.93928657,128.8307255
경상북도,경산시,와촌면,소월리 1547,지식12공원,근린공원,35.94297651,128.8272904
경상북도,경산시,남산면,남곡리 440-1,경산에코토피아,근린공원,35.76864942,128.8489613
경상북도,경산시,계양동,325,남매공원,근린공원,35.82783954,128.7443806
경상북도,경산시,사동,20,말매못공원,근린공원,35.8128204,128.7537697
경상북도,경산시,사동,655-1,사동공원,근린공원,35.8153127,128.7619175
경상북도,경산시,사동,189,솔숲구릉공원,근린공원,35.80736182,128.7549933
경상북도,경산시,옥산동,866-4,옥산공원,근린공원,35.82246301,128.7243561
경상북도,경산시,옥산동,725-1,중산공원,근린공원,35.82857716,128.7266793
경상북도,경산시,중산동,674,중산공원[중산제1근린공원],근린공원,35.82926115,128.7170184
경상북도,경산시,중산동,653,중산2공원[중산제2근린공원],근린공원,35.82703403,128.7225256
서울특별시,종로구,평창동,산6-17,북한산공원,근린공원,37.601976,126.980549
서울특별시,종로구,동숭동,1-124,마로니에공원,문화공원,37.580336,127.002513
서울특별시,종로구,평창동,568-2,후창공원,소공원,37.6101992,126.9646152
서울특별시,종로구,서린동,82,서린공원,소공원,37.569989,126.980784
서울특별시,종로구,신문로1가,174-7,덕수공원,소공원,37.569254,126.974735
서울특별시,종로구,평창동,108-3,평창공원,소공원,37.61062979,126.9778078
서울특별시,종로구,송월동,145-2,달바위공원,소공원,37.57065597,126.9654229
서울특별시,종로구,송월동,145-3,솔빛공원,소공원,37.569973,126.965539
서울특별시,종로구,행촌동,211-4,소담공원,소공원,37.572146,126.9616546
서울특별시,종로구,부암동,262-1,부암튼튼공원,소공원,37.59228294,126.9645674
서울특별시,종로구,무악동,46-71,의주공원,소공원,37.57384186,126.960267
서울특별시,종로구,창신동,23-362,창신공원,어린이공원,37.57798312,127.012931
서울특별시,종로구,무악동,산2-83,무악공원,어린이공원,37.57745181,126.960547
서울특별시,종로구,창신동,611-19,낙산공원,어린이공원,37.579546,127.010184
서울특별시,종로구,평창동,470,참샘골공원,어린이공원,37.61517106,126.9746192
서울특별시,종로구,평창동,495-4,감나무골공원,어린이공원,37.61276822,126.970377
서울특별시,종로구,옥인동,187-2,옥인공원,어린이공원,37.58231136,126.9623815
서울특별시,종로구,명륜1가,23-9,명륜공원,어린이공원,37.588055,126.998279
서울특별시,종로구,평창동,327-1,새마을공원,어린이공원,37.606448,126.964642
서울특별시,종로구,무악동,55-1,인왕공원,어린이공원,37.577468,126.956975
서울특별시,종로구,연지동,136-92,연지1공원,어린이공원,37.57418874,127.001063
서울특별시,종로구,명륜3가,53-2,경학공원,어린이공원,37.584487,126.996902
서울특별시,종로구,창신동,산6-25,지봉골공원,어린이공원,37.578947,127.014468
서울특별시,종로구,신문로2가,160-1,신문로공원,어린이공원,37.569026,126.9724105
서울특별시,종로구,신문로2가,2-1,경희궁공원,역사공원,37.571769068,126.9679848745
서울특별시,종로구,숭인동,238-1,동묘공원,역사공원,37.573162,127.018284
서울특별시,종로구,신문로1가,240-2,도렴공원,역사공원,37.5708883872,126.9739643945
서울특별시,종로구,인사동,275,공평공원,역사공원,37.571239,126.985571
강원특별자치도,춘천시,소양로2가,93-67,공원,어린이공원,37.886657,127.726645
강원특별자치도,춘천시,소양로4가,40-19 일원,공원,어린이공원,37.877558,127.720363
강원특별자치도,춘천시,근화동,231-53 일원,공원,어린이공원,37.877479,127.719495
강원특별자치도,춘천시,효자동,491-61 일원,공원,어린이공원,37.874051,127.732136
강원특별자치도,춘천시,약사동,161-5 일원,공원,어린이공원,37.871505,127.722481
강원특별자치도,춘천시,효자동,591-41 일원,공원,어린이공원,37.871033,127.721532
강원특별자치도,춘천시,동내면,학곡리 산13-3 일원,공원,어린이공원,37.838971,127.756089
강원특별자치도,춘천시,소양로2가,162-2 일원,역사공원,역사공원,37.885201,127.724621
강원특별자치도,춘천시,송암동,산51 일원,의암체육공원,체육공원,37.851831,127.693209
강원특별자치도,춘천시,동내면,거두리 산1 일원,동내체육공원,체육공원,37.854343,127.807279
강원특별자치도,춘천시,동면,감정리 736 일원,손흥민체육공원,체육공원,37.901609,127.778379
강원특별자치도,춘천시,온의동,596,공원,어린이공원,37.867331,127.7107810311
서울특별시,종로구,와룡동,2-71,창덕공원,근린공원,37.578868,126.989712
서울특별시,종로구,청진동,146-3,청진공원,근린공원,37.571415,126.9799007
서울특별시,종로구,원서동,181,원서공원,근린공원,37.578234,126.988566
서울특별시,종로구,종로2가,38-1,탑골공원,근린공원,37.570612,126.9880601
서울특별시,종로구,연지동,1-38,연지공원,근린공원,37.575758,127.0008075
서울특별시,종로구,내수동,71-2,내수어울공원,근린공원,37.57368596,126.9703773
서울특별시,종로구,내수동,73-3,내수공원,근린공원,37.5723883,126.9715781
서울특별시,종로구,사직동,1-28,사직공원,근린공원,37.57628582,126.9682319
서울특별시,종로구,송월동,1-2,월암공원,근린공원,37.57077796,126.9657457
서울특별시,종로구,삼청동,산2-1,삼청공원,근린공원,37.58769948,126.983451
서울특별시,종로구,명륜3가,53-52,와룡공원,근린공원,37.591168,126.990122
서울특별시,종로구,숭인동,58,숭인공원,근린공원,37.57756126,127.0181626
서울특별시,종로구,종로6가,70,흥인지문공원,근린공원,37.57253066,127.0085453
서울특별시,종로구,수송동,80-7,수송공원,근린공원,37.57375558,126.981143
서울특별시,종로구,옥인동,179-1,인왕산공원,근린공원,37.58302366,126.9634885
강원특별자치도,춘천시,퇴계동,984,무릉2공원,어린이공원,37.857686,127.736776
강원특별자치도,춘천시,석사동,814,봄내공원,어린이공원,37.855742,127.740881
강원특별자치도,춘천시,석사동,821,태극공원,어린이공원,37.85472,127.743566
강원특별자치도,춘천시,석사동,846,새로움공원,어린이공원,37.85351,127.747695
강원특별자치도,춘천시,칠전동,529-3,신남공원,어린이공원,37.842993,127.710914
강원특별자치도,춘천시,칠전동,572-1,양지공원,어린이공원,37.843265,127.716356
강원특별자치도,춘천시,칠전동,615-1,강남새싹공원,어린이공원,37.841162,127.715915
강원특별자치도,춘천시,칠전동,537-1,느티나무공원,어린이공원,37.844089,127.712954
강원특별자치도,춘천시,칠전동,619-1,솔밭공원,어린이공원,37.840832,127.712883
강원특별자치도,춘천시,퇴계동,981,철길따라공원,어린이공원,37.858499,127.734148
강원특별자치도,춘천시,석사동,867,스무숲송화공원,어린이공원,37.852774,127.740906
강원특별자치도,춘천시,석사동,874,스무숲솔바람공원,어린이공원,37.851422,127.743153
강원특별자치도,춘천시,퇴계동,1022,스무숲공원,어린이공원,37.848985,127.742461
강원특별자치도,춘천시,석사동,894,스무숲솔빛공원,어린이공원,37.850942,127.745799
강원특별자치도,춘천시,퇴계동,1037,대룡공원,어린이공원,37.846894,127.743601
강원특별자치도,춘천시,석사동,938,스무숲햇살공원,어린이공원,37.849401,127.749153
강원특별자치도,춘천시,퇴계동,1044,중앙공원,어린이공원,37.855986,127.735379
강원특별자치도,춘천시,퇴계동,1056,한들공원,어린이공원,37.86295,127.732157
강원특별자치도,춘천시,동내면,거두리 931-2,너나공원,어린이공원,37.854306,127.751643
강원특별자치도,춘천시,동내면,거두리 993,동내대룡공원,어린이공원,37.851782,127.754859
강원특별자치도,춘천시,온의동,6-23,공원(풍물시장),어린이공원,37.86889,127.716805
강원특별자치도,춘천시,동내면,거두리 1015,못밖공원,어린이공원,37.858321,127.756561
강원특별자치도,춘천시,동내면,거두리 1092,가마바위공원,어린이공원,37.854939,127.755762
강원특별자치도,춘천시,동면,장학리 992,푸른숲공원,어린이공원,37.896812,127.752649
강원특별자치도,춘천시,후평동,913,후평어린이공원,어린이공원,37.8795751566,127.7521059683
강원특별자치도,춘천시,온의동,6-32,온누리공원,어린이공원,37.86824,127.719475
강원특별자치도,춘천시,우두동,1109,공원,어린이공원,37.907723,127.7380762365
강원특별자치도,춘천시,소양로2가,180-11 일원,공원,어린이공원,37.522648,127.435521
강원특별자치도,춘천시,후평동,868,세실공원,어린이공원,37.877266,127.758108
강원특별자치도,춘천시,후평동,879-3,호반공원,어린이공원,37.874797,127.758739
강원특별자치도,춘천시,퇴계동,1147,남춘천공원,어린이공원,37.86509,127.728102
강원특별자치도,춘천시,퇴계동,1157,우묵들1공원,어린이공원,37.867088,127.724259
강원특별자치도,춘천시,퇴계동,1154,우묵들2공원,어린이공원,37.865907,127.725608
강원특별자치도,춘천시,퇴계동,1185,우묵들3공원,어린이공원,37.865777,127.72313
강원특별자치도,춘천시,온의동,527,열린공원,어린이공원,37.86224,127.721315
강원특별자치도,춘천시,퇴계동,911,남부새싹공원,어린이공원,37.859591,127.725674
강원특별자치도,춘천시,온의동,552,언덕공원,어린이공원,37.858556,127.720084
강원특별자치도,춘천시,온의동,542,은행나무공원,어린이공원,37.860795,127.719852
강원특별자치도,춘천시,우두동,1050,드림공원,어린이공원,37.901144,127.727914
강원특별자치도,춘천시,우두동,1064-1,상록공원,어린이공원,37.899744,127.729527
강원특별자치도,춘천시,후평동,896,동부공원,어린이공원,37.871509,127.754944
강원특별자치도,춘천시,후평동,897,진선2공원,어린이공원,37.873659,127.755497
강원특별자치도,춘천시,후평동,898,진선1공원,어린이공원,37.87214,127.756927
강원특별자치도,춘천시,석사동,775,석사새싹공원,어린이공원,37.861517,127.746381
강원특별자치도,춘천시,석사동,763,양지공원,어린이공원,37.862296,127.751103
강원특별자치도,춘천시,석사동,741-6,우석새싹공원,어린이공원,37.865739,127.751332
강원특별자치도,춘천시,석사동,731,미리네공원,어린이공원,37.866303,127.753757
강원특별자치도,춘천시,석사동,722-3,어울림공원,어린이공원,37.867173,127.756485
강원특별자치도,춘천시,석사동,727-3,나누미공원,어린이공원,37.868929,127.755793
강원특별자치도,춘천시,사농동,158-2,해오름공원,어린이공원,37.912081,127.724888
강원특별자치도,춘천시,우두동,291,우두제4공원,어린이공원,37.904819,127.742251
강원특별자치도,춘천시,우두동,339-15,새청공원,어린이공원,37.897703,127.739227
강원특별자치도,춘천시,동면,만천리 979,만천제1공원,어린이공원,37.882952,127.759639
강원특별자치도,춘천시,동면,만천리 986,만천제2공원,어린이공원,37.87868,127.764537
강원특별자치도,춘천시,퇴계동,966,무릉1공원,어린이공원,37.860188,127.736628
광주광역시,서구,풍암동,1056,개나리,어린이공원,35.120501,126.8776872
광주광역시,서구,풍암동,1165,금당,어린이공원,35.12780503,126.883968
광주광역시,서구,금호동,811,금호,어린이공원,35.12925074,126.8571496
광주광역시,서구,금호동,833,달맞이,어린이공원,35.12383597,126.8591944
광주광역시,서구,풍암동,1129,당산,어린이공원,35.12401153,126.8815859
광주광역시,서구,풍암동,1062,살구,어린이공원,35.12080041,126.8825173
광주광역시,서구,풍암동,1008,새롬,어린이공원,35.12270918,126.868453
광주광역시,서구,풍암동,947,운리,어린이공원,35.12281877,126.8647779
광주광역시,서구,풍암동,1052,희망,어린이공원,35.12350596,126.876195
광주광역시,서구,금호동,749,금부,어린이공원,35.13463818,126.857329
광주광역시,서구,금호동,771-1,풍금,어린이공원,35.13311149,126.8609287
광주광역시,서구,쌍촌동,1344-6,상일,어린이공원,35.12289012,126.8647779
광주광역시,서구,쌍촌동,1358,서광,어린이공원,35.157198,126.8644969
광주광역시,서구,쌍촌동,1326-1,유촌,어린이공원,35.16086468,126.8577838
광주광역시,서구,유촌동,857,극락,어린이공원,35.165255,126.8584369
광주광역시,서구,유촌동,873,유덕,어린이공원,35.164624,126.8619757
광주광역시,서구,풍암동,903,새누리,어린이공원,35.121169,126.863672
광주광역시,서구,금호동,862,햇살,어린이공원,35.16086468,126.8577838
광주광역시,서구,금호동,890,화개,어린이공원,35.12390516,126.856268
광주광역시,서구,치평동,1280-1,원마륵,어린이공원,35.144901,126.841092
광주광역시,서구,동천동,503,백구,어린이공원,35.17038594,126.8586783
광주광역시,서구,동천동,539,자미,어린이공원,35.16970318,126.8616675
광주광역시,서구,쌍촌동,1205,쌍학,어린이공원,35.14337133,126.8764191
광주광역시,서구,쌍촌동,1213,효광,어린이공원,35.14600926,126.8631693
광주광역시,서구,화정동,914-1,맛고을,어린이공원,35.14286812,126.8723439
광주광역시,서구,화정동,903-1,학생독립,어린이공원,35.143864,126.867287
광주광역시,서구,쌍촌동,1233-11,새싹,어린이공원,35.14717048,126.8666378
광주광역시,서구,화정동,929-2,우정,어린이공원,35.13748182,126.8717175
광주광역시,서구,쌍촌동,1236-1,믿음,어린이공원,35.14506561,126.860862
광주광역시,서구,금호동,741-2,반달,어린이공원,35.1365010707,126.8573986817
광주광역시,서구,쌍촌동,1258-3,사랑,어린이공원,35.14120992,126.8605182
광주광역시,서구,쌍촌동,1246-2,소망,어린이공원,35.14344799,126.8587973
광주광역시,서구,금호동,743-1,푸름,어린이공원,35.13720954,126.8610334
광주광역시,서구,금호동,721-1,해님,어린이공원,35.1365010707,126.8573986817
광주광역시,서구,농성동,417-8,농성공단,어린이공원,35.15982261,126.8848429
광주광역시,서구,풍암동,30-2,풍암,어린이공원,35.13052374,126.8839083
광주광역시,서구,치평동,1192,느티나무,어린이공원,35.159801,126.846567
광주광역시,서구,쌍촌동,1302-2,무지개,어린이공원,35.15319791,126.8598394
광주광역시,서구,쌍촌동,1288-2,오월,어린이공원,35.15587992,126.862207
광주광역시,서구,치평동,1168-3,운천,어린이공원,35.15329763,126.8465895
광주광역시,서구,치평동,1166-10,장수,어린이공원,35.15714776,126.8433994
광주광역시,서구,치평동,1171-9,치평,어린이공원,35.149654867,126.8439698586
광주광역시,서구,치평동,1174-1,해오리,어린이공원,35.14655021,126.8439587
광주광역시,서구,풍암동,1065,풍암,근린공원,35.15221868,126.8422202
광주광역시,서구,유촌동,840-2,상무2지구근린1,근린공원,35.16205659,126.8541858
광주광역시,서구,쌍촌동,1313-1,상무2지구근린2,근린공원,35.12487292,126.8791753
광주광역시,서구,쌍촌동,1337-1,상무2지구근린3,근린공원,35.161629,126.861471
광주광역시,서구,쌍촌동,1339,상무2지구근린4,근린공원,35.16154016,126.8636304
광주광역시,서구,유촌동,869,상무4지구근린1,근린공원,35.16287824,126.8590196
광주광역시,서구,농성동311-1,,상록,근린공원,35.15564453,126.8886003
광주광역시,서구,치평동,1204,평화,근린공원,35.15654724,126.8516163
광주광역시,서구,동천동,508,죽림,근린공원,35.1682265,126.8573846
광주광역시,서구,동천동,660,유적,근린공원,35.15498216,126.8884415
광주광역시,서구,양동,346,천변,수변공원,35.15564453,126.8886003
광주광역시,서구,쌍촌동,869-9,상무,수변공원,35.15654724,126.8516022
광주광역시,서구,매월동,519-1,전평제,수변공원,35.11557813,126.8484198
광주광역시,서구,농성동,669-3,농성,어린이공원,35.148223,126.887055
광주광역시,서구,내방동,837,내방,어린이공원,35.15314897,126.8724926
광주광역시,서구,쌍촌동,967,쌍촌,어린이공원,35.15154893,126.8601455
광주광역시,서구,화정동,892,꿈마당,어린이공원,35.14086813,126.8769884
광주광역시,서구,화정동,895,염주,어린이공원,35.1482234,126.8870553
광주광역시,서구,화정동,891,콩콩,어린이공원,35.1433713331,126.8764191454
광주광역시,서구,화정동,802,효행,어린이공원,35.15154575,126.8601455
광주광역시,서구,화정동,894,화방,어린이공원,35.140983,126.874497
광주광역시,서구,화정동,1081,주동,어린이공원,35.14088192,126.884702
울산광역시,남구,선암동,476-2,선암호수공원,근린공원,35.51690092,129.3224822
울산광역시,남구,신정동,1885,옥신공원,소공원,35.53304933,129.2964054
울산광역시,남구,황성동,27-2,황암공원,소공원,35.46944144,129.3674555
울산광역시,남구,황성동,27-4,황성공원,소공원,35.46926428,129.3723462
울산광역시,남구,황성동,724-1,세죽공원,소공원,35.47053025,129.3529687
울산광역시,남구,여천동,758-5,나눔공원,소공원,35.51747655,129.3450859
울산광역시,남구,용연동,490-2,용연공원,소공원,35.47626136,129.3608571
울산광역시,남구,신정동,1892,푸른공원,소공원,35.53612013,129.3029321
울산광역시,남구,신정동,333,신정공원,어린이공원,35.54797653,129.3164717
울산광역시,남구,두왕동,767-1,함박산공원,근린공원,35.508586,129.2998126
울산광역시,남구,두왕동,749-2,미골공원,근린공원,35.51294108,129.2945684
울산광역시,남구,신정동,1895,동산공원,소공원,35.53671685,129.3050659
울산광역시,남구,무거동,1605,옥현공원,소공원,35.54043674,129.2653608
울산광역시,남구,야음동,913,대현공원,어린이공원,35.52276899,129.3271992
울산광역시,남구,야음동,927,도산골공원,어린이공원,35.52913946,129.328009
울산광역시,남구,신정동,1899,상아공원,소공원,35.53796323,129.3012593
울산광역시,남구,신정동,1912,번영공원,소공원,35.54783883,129.3231747
울산광역시,남구,두왕동,778,소공원,소공원,35.51601607,129.2990537
울산광역시,남구,야음동,940,야음4지구소공원,소공원,35.52500537,129.316907
울산광역시,남구,신정동,산96-1,남산공원,근린공원,35.54368149,129.3009227
울산광역시,남구,장생포동,산1,장생포공원,근린공원,35.50536618,129.3773702
광주광역시,서구,화정동,843,염주,근린공원,35.14159896,126.8792537
광주광역시,서구,쌍촌동,1268,5·18 기념,근린공원,35.15830536,126.8575559
광주광역시,서구,치평동1162,,시민,근린공원,35.15574851,126.8585843
광주광역시,서구,금호동,789,마재,근린공원,35.15221868,126.8422202
광주광역시,서구,풍암동,1126,신암,근린공원,35.1533934,126.8410957
울산광역시,남구,신정동,34-73,삼신공원,소공원,35.54600195,129.3228611
울산광역시,남구,달동,1373-1,어울공원,어린이공원,35.53202979,129.3245611
울산광역시,남구,옥동,258-3,격동공원,어린이공원,35.53383964,129.2892057
울산광역시,남구,옥동,263-2,새싹공원,어린이공원,35.53342541,129.2924419
울산광역시,남구,삼산동,1648-1,만남공원,어린이공원,35.53791209,129.3501303
울산광역시,남구,삼산동,195,벽파공원,어린이공원,35.54201838,129.3525432
울산광역시,남구,삼산동,205-1,편백공원,어린이공원,35.54238185,129.3469742
울산광역시,남구,삼산동,200-1,해죽공원,어린이공원,35.54222187,129.3498935
울산광역시,남구,삼산동,182-2,다감공원,어린이공원,35.54471121,129.3458111
울산광역시,남구,삼산동,182-3,다정공원,어린이공원,35.54462617,129.3469677
울산광역시,남구,삼산동,172-2,오산공원,어린이공원,35.54384883,129.3511893
울산광역시,남구,삼산동,1654-4,이수공원,어린이공원,35.53532657,129.3499939
울산광역시,남구,옥동,산93,옥동공원,묘지공원,35.54230684,129.2828909
울산광역시,남구,옥동,산30-1,울산체육공원,체육공원,35.53507261,129.2646259
울산광역시,남구,무거동,477-3,구슬공원,어린이공원,35.5448751,129.2628625
울산광역시,남구,무거동,470,샘골공원,어린이공원,35.54017772,129.2651362
울산광역시,남구,무거동,488-12,약수공원,어린이공원,35.53868535,129.258749
울산광역시,남구,무거동,479,옥산공원,어린이공원,35.54191154,129.2634263
울산광역시,남구,무거동,475-1,옥현공원,근린공원,35.53913491,129.2648772
울산광역시,남구,무거동,275-2,굴화공원,어린이공원,35.55451024,129.2624057
울산광역시,남구,무거동,281-1,누리에공원,어린이공원,35.55200835,129.2620466
울산광역시,남구,무거동,261,굴화강변공원,어린이공원,35.55530564,129.2660414
울산광역시,남구,삼산동,164,감나무공원,어린이공원,35.54387455,129.3537151
울산광역시,남구,신정동,1847-1,거마공원,어린이공원,35.54068616,129.2976962
울산광역시,남구,부곡동,19-5,대현공원,근린공원,35.49878267,129.3455444
울산광역시,남구,무거동,1225,와와공원,문화공원,35.54982979,129.2788864
울산광역시,남구,신정동,324,중앙공원,소공원,35.5477928,129.3132297
울산광역시,남구,황성동,693,처용공원,문화공원,35.46746115,129.3508536
울산광역시,남구,달동,1332-2,비둘기공원,어린이공원,35.54258379,129.3320571
울산광역시,남구,달동,1345-6,왕생이공원,어린이공원,35.5400934,129.3296233
울산광역시,남구,달동,1352-1,정다운공원,어린이공원,35.54176284,129.3345689
울산광역시,남구,달동,1349-2,햇살공원,어린이공원,35.54023667,129.3323932
울산광역시,남구,달동,1392-3,느티공원,어린이공원,35.53293804,129.3199339
울산광역시,남구,달동,1407-1,다문화공원,어린이공원,35.53345362,129.317296
울산광역시,남구,달동,1377-6,하나공원,어린이공원,35.53212247,129.328532
울산광역시,남구,달동,134-1,동평공원,어린이공원,35.53452471,129.3240067
울산광역시,남구,달동,118-2,쉼터공원,어린이공원,35.53559536,129.3266376
울산광역시,남구,달동,119-3,희망공원,어린이공원,35.53395749,129.3272281
울산광역시,남구,무거동,1206,가시나무공원,어린이공원,35.54957434,129.2757618
울산광역시,남구,무거동,1170-1,솔숲공원,어린이공원,35.55006859,129.2716553
울산광역시,남구,무거동,1260-3,정광공원,어린이공원,35.54630138,129.2848405
울산광역시,남구,삼산동,1553-1,이슬공원,어린이공원,35.54299687,129.3411288
울산광역시,남구,삼산동,1560-5,포그니공원,어린이공원,35.54150912,129.3430834
울산광역시,남구,삼산동,1549-1,풀빛공원,어린이공원,35.5433708,129.3387074
울산광역시,남구,삼산동,1534,한마음공원,어린이공원,35.54455171,129.3428885
울산광역시,남구,삼산동,1573-1,한빛공원,어린이공원,35.54189774,129.3365232
울산광역시,남구,무거동,1548-4,늘봄공원,어린이공원,35.55227799,129.2560841
울산광역시,남구,무거동,1534,별빛공원,어린이공원,35.55138028,129.2591913
울산광역시,남구,무거동,1525,해연공원,어린이공원,35.55017447,129.2615728
울산광역시,남구,성암동,205-1,용연제2공원,근린공원,35.48332047,129.3500412
울산광역시,남구,삼산동,1595,갈밭공원,어린이공원,35.53510743,129.346246
울산광역시,남구,삼산동,1601-4,삼산공원,어린이공원,35.53450159,129.3429713
울산광역시,남구,무거동,1466-1,바라미공원,어린이공원,35.54807683,129.2672679
울산광역시,남구,무거동,1472-1,삼한공원,어린이공원,35.54760372,129.2652305
울산광역시,남구,무거동,1442-1,삼호공원,어린이공원,35.55022441,129.2665659
울산광역시,남구,무거동,575-1,산학공원,어린이공원,35.5386066,129.2539074
울산광역시,남구,무거동,579-1,전골공원,어린이공원,35.54017248,129.2553016
울산광역시,남구,무거동,625-15,진등공원,어린이공원,35.54032308,129.2598673
울산광역시,남구,무거동,327-26,신복공원,소공원,35.55114598,129.2643491
울산광역시,남구,야음동,753-7,수암공원,어린이공원,35.52142413,129.3212878
울산광역시,남구,옥동,146-1,울산대공원,근린공원,35.53098401,129.2939177
울산광역시,남구,무거동,832-1,문수공원,어린이공원,35.54913976,129.2545131
울산광역시,남구,무거동,837,헐수정공원,어린이공원,35.54738532,129.2585332
울산광역시,남구,옥동,128-2,쇠터공원,어린이공원,35.53101141,129.2956558
울산광역시,남구,달동,773-3,동백공원,어린이공원,35.53232865,129.322901
울산광역시,남구,삼산동,1476-5,늘푸른공원,어린이공원,35.53734762,129.3369026
울산광역시,남구,옥동,279-4,움골공원,어린이공원,35.53703452,129.2870305
울산광역시,남구,옥동,1388-16,은월공원,어린이공원,35.53745101,129.2944252
울산광역시,남구,옥동,585-1,질골공원,어린이공원,35.53657185,129.2890007
울산광역시,남구,달동,1293-3,동그라미공원,어린이공원,35.53400255,129.3318377
울산광역시,남구,달동,1268-7,목화공원,어린이공원,35.53631167,129.3311914
울산광역시,남구,달동,1307-5,새롬공원,어린이공원,35.53419054,129.3397376
울산광역시,남구,달동,1303-4,아름공원,어린이공원,35.5344258,129.3378544
울산광역시,남구,달동,1260-1,자두공원,어린이공원,35.53677824,129.3342888
울산광역시,남구,달동,1289-4,초록빛공원,어린이공원,35.53469312,129.3343309
울산광역시,남구,삼산동,1459-2,가람공원,어린이공원,35.54782507,129.334889
울산광역시,남구,삼산동,1463-1,강변공원,어린이공원,35.54595386,129.3323042
울산광역시,남구,삼산동,1490-1,벚꽃공원,어린이공원,35.54747457,129.3297209
울산광역시,남구,삼산동,1495-1,웨딩테마공원,어린이공원,35.5477557,129.3264852
울산광역시,남구,삼산동,1461-2,은비공원,어린이공원,35.54487717,129.3333192
울산광역시,남구,용연동,580-1,배남공원,근린공원,35.48518867,129.3585024
울산광역시,남구,여천동,355-5,여천1호공원,근린공원,35.5216459,129.3466934
울산광역시,남구,달동,1337-9,마단공원,어린이공원,35.54126301,129.3292343
경상북도,영덕군,영덕읍,남석리 18-1,남석어린이공원,어린이공원,36.40908444,129.3688526
경상북도,영덕군,영해면,성내리 산49-3,성내공원,근린공원,36.53056698,129.403867
경상북도,영덕군,축산면,축산리 산25,축산공원,근린공원,36.51109257,129.4457725
경상북도,영덕군,남정면,장사리 295-1,장사2호 어린이공원,어린이공원,36.28567636,129.371154
경상북도,영덕군,남정면,장사리 67-69,장사1호 어린이공원,어린이공원,36.28384241,129.3739495
경상북도,영덕군,병곡면,백석리 298-6,백석 1공원(백석지구),어린이공원,36.61731127,129.4119801
경상북도,영덕군,병곡면,병곡리 34-4,병곡1호 어린이공원,어린이공원,36.60027294,129.414812
경상북도,영덕군,영덕읍,덕곡리 129-13,덕곡제1어린이공원,어린이공원,36.41205257,129.3723374
경상북도,영덕군,영덕읍,우곡리 574,우곡제1어린이공원,어린이공원,36.40801857,129.3750006
경상북도,영덕군,창수면,신기리 63-1,신기1호 어린이공원,어린이공원,36.54667153,129.3472207
경상북도,영덕군,남정면,부흥리 153-3,부흥3호공원,소공원,36.29021007,129.3763777
경상북도,영덕군,남정면,부흥리 96-1,부흥2호공원,소공원,36.29210294,129.377301
경상북도,영덕군,남정면,장사리 2-1,부흥1호공원,소공원,36.28935653,129.373762
경상북도,영덕군,병곡면,병곡리 1-3,백석 4공원(백석지구),소공원,36.6071138,129.4146093
경상북도,영덕군,강구면,금호리 1402,소공원1(로하스농공단지),소공원,36.39479541,129.3776173
경상북도,영덕군,병곡면,백석리 472-1,백석 3공원(백석지구),소공원,36.61028444,129.4135005
경상북도,영덕군,병곡면,백석리 727-2,백석 2공원(백석지구),소공원,36.61243309,129.4125138
경상북도,영덕군,영덕읍,우곡리 525,우곡 제1소공원,소공원,36.40877987,129.374727
경상북도,영덕군,영덕읍,우곡리 575,우곡 제2소공원,소공원,36.40740718,129.3749042
경상북도,영덕군,영덕읍,매정리 1175,소공원1(제2농공단지),소공원,36.45098626,129.4073249
경상북도,영덕군,영덕읍,창포리 산29,산림생태 문화공원,근린공원,36.41857593,129.4190435
경상북도,영덕군,강구면,강구리 302,강구제2소공원,소공원,36.35972637,129.3859779
경상북도,영덕군,강구면,강구리 산45,강구제1소공원,소공원,36.35989132,129.3846257
울산광역시,남구,신정동,689-4,청솔공원,어린이공원,35.53661289,129.3101994
울산광역시,남구,신정동,161-1,비단공원,어린이공원,35.54291934,129.3200912
울산광역시,남구,달동,416-1,문화공원,근린공원,35.54289852,129.3270779
울산광역시,남구,신정동,1557-11,감골공원,어린이공원,35.54098433,129.2985953
울산광역시,남구,신정동,1316-35,봉월공원,어린이공원,35.54244422,129.3044988
울산광역시,남구,신정동,1891,푸른공원,어린이공원,35.53650067,129.3029689
울산광역시,남구,신정동,78-4,무둔실공원,어린이공원,35.54556741,129.3205712
경상북도,경산시,진량읍,신상리 854,신상소공원,소공원,35.87962068,128.8146391
경상북도,경산시,압량읍,금구리 506,금구공원,소공원,35.85619495,128.7541208
경상북도,경산시,압량읍,부적리 65-4,압량1소공원,소공원,35.85019674,128.7663047
경상북도,경산시,압량읍,부적리 214-1,압량2소공원,소공원,35.84542005,128.7649358
경상북도,경산시,압량읍,신대리 181,압량3소공원,소공원,35.84399016,128.769483
경상북도,경산시,압량읍,압량리 171,압량4소공원,소공원,35.85094397,128.7702869
경상북도,경산시,압량읍,의송리 48-2,의송1공원,소공원,35.85797502,128.8006547
경상북도,경산시,압량읍,현흥리 761,현창2공원,소공원,35.86349873,128.7720657
경상북도,경산시,자인면,단북리 산 53-2,단북소공원,소공원,35.83735395,128.8141564
경상북도,경산시,자인면,북사리 456,북사1소공원,소공원,35.81963545,128.8174869
경상북도,경산시,자인면,서부리 60,북사2소공원,소공원,35.81908565,128.8182313
경상북도,경산시,대정동,1003,대임1,소공원,35.84158783,128.7340619
경상북도,경산시,대평동,228,대임2,소공원,35.83958179,128.7337591
경상북도,경산시,대평동,216-2,대임3,소공원,35.83769104,128.7346765
경상북도,경산시,대동,250-13,대임4,소공원,35.83665715,128.7497349
경상북도,경산시,대동,100-1,대임5,소공원,35.83592131,128.7503856
경상북도,경산시,대동,232-5,대임6,소공원,35.83330537,128.7519977
경상북도,경산시,대정동,511-6,대임7,소공원,35.84388294,128.7405701
경상북도,경산시,대평동,107-17,대평 제1공원,소공원,35.84302981,128.7303482
경상북도,경산시,대평동,70-5,대평 제2공원,소공원,35.84195751,128.7289933
경상북도,경산시,대평동,93-3,대평 제3공원,소공원,35.840655,128.7303865
경상북도,경산시,남산면,인흥리 250,삼성현역사공원,역사공원,35.80168834,128.7966117
경상북도,경산시,하양읍,서사리 296,제1문화공원,문화공원,35.91881897,128.812111
경상북도,경산시,진량읍,선화리 1999,선화1수변공원,수변공원,35.87576729,128.8070832
경상북도,경산시,진량읍,황제리 274,서차지수변공원,수변공원,35.85743277,128.8138685
경상북도,경산시,하양읍,서사리 353,제1체육공원,체육공원,35.91676734,128.8065017
경상북도,영덕군,영해면,괴시리 340,괴시공원,근린공원,36.54288003,129.4193865
경상북도,영덕군,강구면,강구리 산67,강구공원,근린공원,36.36298776,129.3899579
경상북도,영덕군,영덕읍,화개리 산9,화개공원,근린공원,36.41827093,129.3694607
경상북도,경산시,하양읍,서사리 279,제1소공원[홈실소공원],소공원,35.9180281,128.8023851
경상북도,경산시,진량읍,신상리 산 136-3,경산1-1 산단 소공원,소공원,35.86891486,128.8193687
경상북도,경산시,진량읍,신상리 1248,선화2소공원,소공원,35.87510816,128.8085839
경상북도,경산시,진량읍,선화리 2121,선화3소공원,소공원,35.87451904,128.8088231
경상북도,경산시,진량읍,신상리 1257,선화4소공원,소공원,35.8747237,128.8097235
경상북도,경산시,압량읍,현흥리 526-2,현창1공원,소공원,35.86405851,128.7669697
경상북도,경산시,와촌면,소월리 1484,지식13공원,소공원,35.95106266,128.8349826
경상북도,경산시,와촌면,소월리 527,지식14공원,소공원,35.95363221,128.8283496
경상북도,경산시,와촌면,소월리 522-1,지식15공원,소공원,35.95250327,128.8283755
경상북도,경산시,와촌면,소월리 164-1,지식16공원,소공원,35.95225325,128.8304387
경상북도,경산시,자인면,서부리 771,자인1소공원,소공원,35.81565477,128.8189207
경상북도,경산시,자인면,동부리 508,자인2소공원,소공원,35.81554064,128.8253239
경상북도,경산시,여천동,350-7,화장품단지 공원1,소공원,35.79183279,128.7893868
경상북도,경산시,중산동,659,중산소공원,소공원,35.82616894,128.7208401
경상북도,경산시,중산동,707,중산하늬공원,소공원,35.83283581,128.7170864
경상북도,경산시,중산동,694,중산1소공원,소공원,35.83458859,128.7244451
경상북도,경산시,계양동,749,소공원25(대학소공원),소공원,35.83308617,128.7440764
경상북도,경산시,계양동,806,소공원26(호반소공원),소공원,35.83163226,128.7437728
경상북도,경산시,중방동,925,경산서희소공원,소공원,35.82803994,128.7336085
경상북도,경산시,하양읍,환상리 505-7,고낭이공원,소공원,35.8745517,128.7797754
경상북도,경산시,하양읍,남하리 481-1,남하2공원,소공원,35.88454752,128.7727518
경상북도,경산시,하양읍,청천리 595,청천2공원,소공원,35.87745288,128.7588639
경상북도,경산시,하양읍,청천리 552-1,청천3공원,소공원,35.88098398,128.7657645
경상북도,경산시,하양읍,환상리 189-3,환상1공원,소공원,35.88150723,128.7854955
경상북도,경산시,하양읍,환상리 578-1,환상2공원,소공원,35.879506,128.7849498
경상북도,경산시,하양읍,환상리 281-6,환상3공원,소공원,35.8839018,128.7910517
경상북도,경산시,하양읍,환상리 90-3,환상4공원,소공원,35.88457234,128.7890947
경상북도,경산시,진량읍,당곡리 10-1,당곡소공원,소공원,35.85375609,128.8139859
경기도,시흥시,신천동,870-1,산호공원,어린이공원,37.432542,126.789033
경기도,시흥시,신천동,84-5,백제공원,문화공원,37.434045,126.791764
경기도,시흥시,신천동,890-1,신일공원,어린이공원,37.43102709,126.790866
경기도,시흥시,신천동,851-7,포도원공원,어린이공원,37.43524385,126.7862446
경기도,시흥시,정왕동,2160,정왕동 체육3공원,체육공원,37.33875951,126.755514
경기도,시흥시,대야동,459,대야공원,어린이공원,37.446845,126.788558
경기도,시흥시,대야동,470-2,연합공원,문화공원,37.44466211,126.7888213
경기도,시흥시,대야동,500,뱀내공원,어린이공원,37.442359,126.7876756
경기도,시흥시,신천동,764,신천공원,어린이공원,37.438037,126.784955
경기도,시흥시,신천동,736,삼미공원,어린이공원,37.440032,126.784084
경기도,시흥시,신천동,742,신라공원,문화공원,37.440746,126.7817066
경기도,시흥시,신천동,753,벌터공원,어린이공원,37.439437,126.779951
경기도,시흥시,신천동,702,소래공원,어린이공원,37.44426059,126.7822302
경기도,시흥시,신천동,775,현진공원,어린이공원,37.438448,126.7876226
경기도,시흥시,대야동,444-13,대골공원,어린이공원,37.44854955,126.7906203
경기도,시흥시,거모동,1715-1,안골공원,어린이공원,37.34921229,126.7858034
경기도,시흥시,거모동,1722-5,내곡공원,어린이공원,37.348184,126.783237
경기도,시흥시,거모동,1735-3,한우물공원,어린이공원,37.34500351,126.783233
경기도,시흥시,거모동,1739-1,석곡공원,어린이공원,37.343985,126.781132
경기도,시흥시,거모동,1754-1,거모공원,어린이공원,37.343039,126.784341
경기도,시흥시,거모동,1768-5,태봉공원,어린이공원,37.34211063,126.786824
경기도,시흥시,거모동,1775-2,도일공원,어린이공원,37.3401446,126.7858389
경기도,시흥시,정왕동,1998-5,옥터공원,어린이공원,37.34644588,126.6896503
경기도,시흥시,정왕동,2040-1,오이도공원,어린이공원,37.34186447,126.690127
경기도,시흥시,은행동,551,비둘기공원,근린공원,37.44211319,126.7943282
경기도,시흥시,은행동,538-4,은행공원,어린이공원,37.44243637,126.7984214
경기도,시흥시,정왕동,2246-1,정왕1공원,어린이공원,37.3571747,126.752319
경기도,시흥시,정왕동,2253-4,정왕2공원,어린이공원,37.35875938,126.754915
부산광역시,기장군,기장읍,동부리 428,동부근린공원,근린공원,35.25007433,129.2153044
부산광역시,기장군,장안읍,길천리 산 109-9,길천공원,근린공원,35.32779759,129.2843173
부산광역시,기장군,장안읍,장안리 697,명례공원,근린공원,35.36617696,129.2530917
부산광역시,기장군,장안읍,명례리 893,울례공원,근린공원,35.37513002,129.2502451
부산광역시,기장군,장안읍,반룡리 870,구기공원,근린공원,35.33366888,129.2627488
부산광역시,기장군,장안읍,월내리 662-3,월내공원,근린공원,35.32458309,129.2599127
부산광역시,기장군,장안읍,장안리 산 53-1,불광산근린공원,근린공원,35.377115,129.2325453
부산광역시,기장군,정관읍,달산리 1036,근린공원,근린공원,35.31742069,129.1863713
부산광역시,기장군,정관읍,달산리 1096,정관제1호공원,근린공원,35.3173771,129.1931154
부산광역시,기장군,정관읍,달산리 1245,강변공원,근린공원,35.32017985,129.1952393
부산광역시,기장군,정관읍,매학리 709,윗골공원,근린공원,35.3238211,129.177611
부산광역시,기장군,정관읍,매학리 742,중앙공원,근린공원,35.322188,129.1818961
충청남도,금산군,금산읍,중도리 211-1,중도아동공원,어린이공원,36.10804368,127.4940868
충청남도,금산군,금산읍,아인리 637,아인수림공원,어린이공원,36.1091411,127.4795853
충청남도,금산군,금산읍,아인리 666,아인친수공원,어린이공원,36.10699225,127.4821011
충청남도,금산군,추부면,마전리 564-6,마전6호 어린이공원,어린이공원,36.19181909,127.4656457
충청남도,금산군,추부면,마전리 505-4,마전8호 어린이공원,어린이공원,36.188116,127.4648811
충청남도,금산군,금산읍,하옥리 291-3,남산공원,근린공원,36.0976758614,127.4910493985
충청남도,금산군,금산읍,상리 산3-6,비호산공원,근린공원,36.11204299,127.4901942
경기도,시흥시,신천동,818-1,도원공원,어린이공원,37.43830459,126.7775548
경기도,시흥시,신천동,826-1,상아공원,문화공원,37.43606214,126.7776186
경기도,시흥시,신천동,821-5,신흥공원,어린이공원,37.43700868,126.778368
경기도,시흥시,신천동,843-19,새말공원,어린이공원,37.436735,126.783227
경기도,시흥시,신천동,857-1,둥지공원,어린이공원,37.436498,126.7889771
경기도,시흥시,신천동,944,복음공원,어린이공원,37.43508018,126.7904053
경기도,시흥시,신천동,947,복음자리공원,어린이공원,37.43557374,126.7908195
부산광역시,기장군,기장읍,동부리 160,통일공원,어린이공원,35.24599964,129.2156441
부산광역시,기장군,기장읍,동부리 362-8,무궁화공원,어린이공원,35.24683781,129.2180415
부산광역시,기장군,기장읍,동부리 376-6,동해공원,어린이공원,35.2492351,129.2187875
부산광역시,기장군,기장읍,서부리 62-6,수령공원,어린이공원,35.24727931,129.2099571
부산광역시,기장군,기장읍,서부리 105,주공공원,어린이공원,35.2449941,129.2100891
부산광역시,기장군,기장읍,서부리 403,남산공원,어린이공원,35.2505951,129.2102831
부산광역시,기장군,정관읍,모전리 674,솔빛공원,근린공원,35.34237246,129.1627777
부산광역시,기장군,정관읍,모전리 677,물빛공원,근린공원,35.34093214,129.1665054
부산광역시,기장군,정관읍,모전리 726,솔마루공원,근린공원,35.33632361,129.1648789
부산광역시,기장군,정관읍,모전리 756,죽향공원,근린공원,35.3332331,129.1696399
부산광역시,기장군,정관읍,방곡리 442,소두방공원,근린공원,35.32529082,129.1817313
부산광역시,기장군,정관읍,용수리 1354,구목정공원,근린공원,35.32444477,129.1734904
부산광역시,기장군,정관읍,용수리 1356,나무누리공원,근린공원,35.327531,129.1660343
부산광역시,기장군,정관읍,용수리 1405,물너울공원,근린공원,35.3203296,129.1730771
부산광역시,기장군,철마면,고촌리 683,거님길공원,근린공원,35.23803877,129.1692506
부산광역시,기장군,기장읍,교리 325,희망공원,어린이공원,35.2532881,129.213168
부산광역시,기장군,기장읍,교리 341,우정공원,어린이공원,35.25342658,129.2165471
부산광역시,기장군,기장읍,교리 346,소망공원,어린이공원,35.2517341,129.2160541
부산광역시,기장군,기장읍,교리 358,충효공원,어린이공원,35.2537151,129.2190711
부산광역시,기장군,기장읍,내리 773,물결마당공원,어린이공원,35.20571237,129.2048021
부산광역시,기장군,기장읍,내리 788,뜰마루마당공원,어린이공원,35.20541285,129.2068557
부산광역시,기장군,기장읍,교리 산 34-8,교리근린공원,근린공원,35.25526503,129.2143411
부산광역시,기장군,기장읍,내리 800,굿거리언덕공원,근린공원,35.19873169,129.207608
부산광역시,기장군,기장읍,내리 802,솔바람언덕공원,근린공원,35.20856226,129.2049563
경기도,시흥시,정왕동,2299-4,정왕3공원,어린이공원,37.35304645,126.740217
부산광역시,기장군,기장읍,청강리 22-2,현대공원,어린이공원,35.2433921,129.2201996
부산광역시,기장군,기장읍,청강리 149,도라지공원,어린이공원,35.2360871,129.2213661
부산광역시,기장군,기장읍,청강리 188,덕발공원,어린이공원,35.23528153,129.2224012
부산광역시,기장군,기장읍,청강리 295,개나리공원,어린이공원,35.23746387,129.2175711
부산광역시,기장군,기장읍,청강리 143,진달래공원,어린이공원,35.23980222,129.2225149
부산광역시,기장군,장안읍,월내리 257-6,월내공원,어린이공원,35.32897223,129.2798411
부산광역시,기장군,장안읍,임랑리 386-1,효암공원,어린이공원,35.3150477,129.2595161
부산광역시,기장군,장안읍,좌천리 72-12,좌천3어린이공원,어린이공원,35.31093947,129.2405198
부산광역시,기장군,일광면,삼성리 46-1,별님공원,어린이공원,35.26473152,129.2350143
부산광역시,기장군,일광면,이천리 844,강송정공원,어린이공원,35.26548722,129.2355213
부산광역시,기장군,일광면,이천리 925,햇님공원,어린이공원,35.26797029,129.2361182
부산광역시,기장군,정관읍,매학리 769-5,뵤뵤공원,어린이공원,35.3200411,129.1829511
부산광역시,기장군,정관읍,달산리 1054,제1호어린이공원,어린이공원,35.31521992,129.1818252
부산광역시,기장군,정관읍,달산리 1124-7,제2호어린이공원,어린이공원,35.32013941,129.204051
부산광역시,기장군,정관읍,달산리 1198,나래울공원,어린이공원,35.3208811,129.1847064
부산광역시,기장군,기장읍,내리 797,꽃내음마당공원,어린이공원,35.2019611,129.2069131
부산광역시,기장군,기장읍,대라리 124-3,아름공원,어린이공원,35.24152444,129.2142111
부산광역시,기장군,기장읍,대라리 171,해바라기공원,어린이공원,35.23617435,129.2153827
부산광역시,기장군,기장읍,대라리 182,민들레공원,어린이공원,35.2357811,129.2120221
부산광역시,기장군,기장읍,대라리 246,은하수공원,어린이공원,35.2389282,129.2096572
부산광역시,기장군,기장읍,대라리 922,봉대공원,어린이공원,35.24187393,129.2086019
부산광역시,기장군,기장읍,대라리 1004,백두공원,어린이공원,35.2409766,129.2109708
부산광역시,기장군,기장읍,동부리 138,비둘기공원,어린이공원,35.24735554,129.2149956
부산광역시,기장군,기장읍,동부리 141-1,새마을공원,어린이공원,35.24525627,129.2183895
부산광역시,기장군,기장읍,대라리 산6-1,사라수변공원,수변공원,35.23822973,129.2049569
부산광역시,기장군,철마면,안평리 12-5,안평수변공원,수변공원,35.25044355,129.1840536
부산광역시,기장군,대변리,245-25,월드컵기념등대공원,근린공원,35.2203901,129.2344866
부산광역시,기장군,일광면,이천리 692,일광이천생태공원,소공원,35.2714082,129.2350173
부산광역시,기장군,서부리,223-6,용소웰빙공원,소공원,35.29197733,129.2133031
부산광역시,기장군,일광읍,삼성리 860,후동앞뜰공원,근린공원,35.25919116,129.2233657301
부산광역시,기장군,일광읍,횡계리 302,횡계공원,근린공원,35.27033504,129.2216789613
부산광역시,기장군,일광읍,삼성리 849,후동숲공원,근린공원,35.26234432,129.2254439
부산광역시,기장군,일광읍,삼성리 790,삼성숲공원,근린공원,35.26340476,129.222333008
부산광역시,기장군,일광읍,삼성리 751,떡곡숲공원,근린공원,35.2631439176,129.2188056063
부산광역시,기장군,정관읍,달산리 1208,동구래공원,어린이공원,35.31854956,129.1882085
부산광역시,기장군,정관읍,매학리 722,햇돌공원,어린이공원,35.31981854,129.1755274
부산광역시,기장군,정관읍,매학리 796,애솔공원,어린이공원,35.3188404,129.1826084
부산광역시,기장군,정관읍,모전리 690,모전공원,어린이공원,35.33641556,129.1705005
부산광역시,기장군,정관읍,모전리 709,바람개비공원,어린이공원,35.3396806,129.1587328
부산광역시,기장군,정관읍,모전리 718,둥지공원,어린이공원,35.34010345,129.1617723
부산광역시,기장군,정관읍,모전리 733,새늘공원,어린이공원,35.33474186,129.1634449
부산광역시,기장군,정관읍,모전리 773,하늘아리공원,어린이공원,35.33121835,129.1652844
부산광역시,기장군,정관읍,방곡리 389-3,옛터공원,어린이공원,35.32647927,129.1899849
부산광역시,기장군,정관읍,방곡리 411,꽃보라공원,어린이공원,35.32305743,129.1874162
부산광역시,기장군,정관읍,용수리 1277,산골공원,어린이공원,35.32959312,129.1812926
부산광역시,기장군,정관읍,용수리 1290-3,어울공원,어린이공원,35.32749948,129.1799784
부산광역시,기장군,정관읍,용수리 1300,해오름공원,어린이공원,35.32727921,129.1815608
부산광역시,기장군,정관읍,용수리 1320,동그라미공원,어린이공원,35.32632549,129.1750687
부산광역시,기장군,정관읍,용수리 1361,해밀공원,어린이공원,35.32563042,129.1686472
전북특별자치도,군산시,미장동,554-5,95호 공원,어린이공원,35.961096,126.732018
전북특별자치도,군산시,미장동,538-5,94호 공원,어린이공원,35.962657,126.727914
전북특별자치도,군산시,미장동,487,93호 공원,어린이공원,35.966231,126.725861
전북특별자치도,군산시,내초동,319,54호 공원,어린이공원,35.950265,126.596068
전북특별자치도,군산시,내흥동,304-6,53호 공원,어린이공원,36.006081,126.759074
전북특별자치도,군산시,개정면,통사리 579-15,83호 공원,어린이공원,35.954123,126.801587
전북특별자치도,군산시,수송동,870-4,수송안8길 공원,어린이공원,35.961816,126.718327
전북특별자치도,군산시,수송동,838-5,동수송7길 공원,어린이공원,35.965836,126.718329
전북특별자치도,군산시,수송동,817,남수송4길 공원,어린이공원,35.960659,126.713767
전북특별자치도,군산시,수송동,793,남수송5길 공원,어린이공원,35.960818,126.710129
전북특별자치도,군산시,수송동,798-6,축동1길 공원,어린이공원,35.965254,126.713671
전북특별자치도,군산시,나운동,1529,서수송1길 공원,어린이공원,35.965054,126.706756
전북특별자치도,군산시,미룡동,885-1,황룡안길 공원,어린이공원,35.94415438,126.686269
전북특별자치도,군산시,미룡동,897-3,미룡주공1차 공원,어린이공원,35.94039037,126.6877612
전북특별자치도,군산시,미룡동,900-5,황룡2길 공원,어린이공원,35.941039,126.690467
전북특별자치도,군산시,미룡동,900-3,미룡주공3차 공원,어린이공원,35.94300031,126.690135
전북특별자치도,군산시,미룡동,896-2,미룡주공2차 공원,어린이공원,35.944097,126.688211
전북특별자치도,군산시,미룡동,378-1,미제4길 공원,어린이공원,35.945598,126.689539
대구광역시,달성군,현풍읍,중리 446-3,뫼비우스공원,어린이공원,35.69925394,128.4547915
대구광역시,달성군,현풍읍,중리 487-3,에코트리공원,어린이공원,35.6914677,128.4497568
대구광역시,달성군,가창면,상원리 446,창산박실1공원,어린이공원,35.77835319,128.663952
대구광역시,달성군,가창면,행정리 961-21,행정1공원,어린이공원,35.77859445,128.6546178
대구광역시,달성군,하빈면,무등리 587-7,무등공원,어린이공원,35.91779875,128.4658163
대구광역시,달성군,하빈면,동곡리 179-3,삼태장터우목제1공원,어린이공원,35.87991606,128.4167693
대구광역시,달성군,하빈면,동곡리 635-7,안마원동곡양지마공원,소공원,35.86495166,128.4153728
대구광역시,달성군,구지면,창리 601,창리공원,어린이공원,35.65974702,128.4070119
대구광역시,달성군,구지면,내리 840,산업단지제1호공원,근린공원,35.64037812,128.418421
대구광역시,달성군,구지면,예현리 768-8,산업단지제2호공원,근린공원,35.63320022,128.4256759
대구광역시,달성군,구지면,응암리 1181-3,주거단지1호공원,어린이공원,35.65375074,128.4136242
대구광역시,달성군,구지면,응암리 1191-5,주거단지2호공원,어린이공원,35.65667762,128.4146167
대구광역시,달성군,구지면,응암리 1198-4,주거단지3호공원,어린이공원,35.65847415,128.4168922
강원특별자치도,양양군,강현면,강선리 7-3,물치공원,어린이공원,38.150693,128.598996
강원특별자치도,양양군,양양읍,송암리 423-1,청곡공원,어린이공원,38.089612,128.628534
부산광역시,기장군,장안읍,오리 1119-4,오리중앙공원,근린공원,35.3594053443,129.2717619
부산광역시,기장군,일광읍,삼성리 775,아랫바람공원,어린이공원,35.2680829,129.2239698
부산광역시,기장군,일광읍,삼성리 775번지,볕바라기공원,어린이공원,35.2680829,129.2239698
부산광역시,기장군,일광읍,삼성리 801번지,아라공원,어린이공원,35.26093526,129.2203895
부산광역시,기장군,정관읍,용수리 1394,얼레공원,어린이공원,35.3224931,129.1712167
부산광역시,기장군,철마면,고촌리 657,소나무공원,어린이공원,35.23994259,129.1716249
부산광역시,기장군,기장읍,청강리 3-16,청강소공원,소공원,35.24462913,129.2205265
부산광역시,기장군,일광면,신평리 11-1,신평소공원,소공원,35.29267691,129.2600243
부산광역시,기장군,철마면,웅천리 215,연꽃공원,소공원,35.29640393,129.1694732
부산광역시,기장군,정관읍,두명리 254-28,두명소공원,소공원,35.36180647,129.1466728
경기도,시흥시,정왕동,2307-3,정왕4공원,어린이공원,37.35370263,126.7430443
부산광역시,금정구,남산동,987-5,형제공원,어린이공원,35.266603,129.087772
부산광역시,금정구,금사동,115-2,화랑공원,어린이공원,35.214929,129.1166613
부산광역시,금정구,선동,1000,신천공원,소공원,35.27571656,129.117538
부산광역시,금정구,회동동,553,회동첨단공원,소공원,35.23344085,129.127999
부산광역시,금정구,회동동,558,동대공원,소공원,35.23063876,129.1261312
부산광역시,금정구,금사동,566,금사소공원,소공원,35.22362722,129.1115824
부산광역시,금정구,두구동,산 80,부산묘지공원,묘지공원,35.27279032,129.0972141
부산광역시,금정구,부곡동,64-31,너울소공원,소공원,35.24198217,129.0914307
충청남도,청양군,청양읍,읍내리 216-13,제1어린이공원,어린이공원,36.45273244,126.8015043
충청남도,청양군,청양읍,읍내리 184-11,제2어린이공원,어린이공원,36.44911804,126.800216
충청남도,청양군,청양읍,읍내리 167-89,제3어린이공원,어린이공원,36.449281,126.8044217
충청남도,청양군,청양읍,교월리 203-1,제4어린이공원,어린이공원,36.4477414375,126.8083312023
충청남도,청양군,청양읍,교월리 59,지천생태공원,근린공원,36.45349758,126.811661
충청남도,청양군,청양읍,벽천리 766,벽천1공원,소공원,36.437889,126.797178
충청남도,청양군,청양읍,벽천리 767,벽천2공원,소공원,36.43750711,126.7973099538
충청남도,청양군,청양읍,읍내리 388-7,읍내1공원,소공원,36.4453203497,126.7989839734
충청남도,청양군,청양읍,읍내리 380-1,읍내2공원,소공원,36.44480767,126.8004332
충청남도,청양군,정산면,서정리 101-5,정산 어린이공원,어린이공원,36.4130777,126.9479927
충청남도,청양군,청양읍,읍내리 15-10,제3소공원,소공원,36.4536083,126.8079633
강원특별자치도,양양군,양양읍,군행리 25-1,현산공원,근린공원,38.074339,128.617722
강원특별자치도,양양군,강현면,강선리 991,물치3공원,근린공원,38.152087,128.601755
강원특별자치도,양양군,현남면,인구리 1-1,해상2호공원,근린공원,37.972175,128.763829
강원특별자치도,양양군,양양읍,구교리 200,구교공원,어린이공원,38.079051,128.623947
강원특별자치도,양양군,강현면,물치리 227,물치4공원,어린이공원,38.152853,128.6047
강원특별자치도,양양군,현남면,인구리 642,인구어린이공원,어린이공원,37.967286,128.762303
경기도,시흥시,정왕동,2322-3,정왕5공원,어린이공원,37.35198074,126.743859
부산광역시,금정구,부곡동,296-2,가마실공원,어린이공원,35.22804416,129.0917065
부산광역시,금정구,부곡동,255-8,공수물공원,어린이공원,35.231648,129.092102
부산광역시,금정구,구서동,1050,구서공원,어린이공원,35.251219,129.087464
부산광역시,금정구,부곡동,956,구월공원,어린이공원,35.2234468,129.0981642
부산광역시,금정구,구서동,458-2,금정공원,어린이공원,35.244967,129.087965
부산광역시,금정구,금사동,25-5,금천공원,어린이공원,35.223792,129.114729
부산광역시,금정구,부곡동,26-11,기찰공원,어린이공원,35.24182299,129.0943291
부산광역시,금정구,장전동,220-2,까치공원,어린이공원,35.23800895,129.086307
부산광역시,금정구,남산동,988-4,남산공원,어린이공원,35.266611,129.086972
부산광역시,금정구,청룡동,49,놀이마당공원,어린이공원,35.27601498,129.087134
부산광역시,금정구,남산동,975-4,다람쥐공원,어린이공원,35.269483,129.087828
부산광역시,금정구,남산동,989-12,달님공원,어린이공원,35.266616,129.0857946
부산광역시,금정구,금사동,86,보람공원,어린이공원,35.21692815,129.1120436
부산광역시,금정구,장전동,724,비석바위공원,어린이공원,35.22876335,129.0812262
부산광역시,금정구,회동동,145-9,상록수공원,어린이공원,35.229023,129.122052
부산광역시,금정구,구서동,637-1,샘골공원,어린이공원,35.260673,129.087471
부산광역시,금정구,서동,131-12,서명상상공원,어린이공원,35.216475,129.106535
부산광역시,금정구,구서동,1023-42,두실새싹공원,어린이공원,35.257982,129.0856979
부산광역시,금정구,부곡동,961,숲속공원,어린이공원,35.21944676,129.096175
부산광역시,금정구,남산동,967-1,요산꽃님공원,어린이공원,35.271819,129.086971
부산광역시,금정구,구서동,1030-1,우성공원,어린이공원,35.255578,129.086254
부산광역시,금정구,금사동,27-9,은빛공원,어린이공원,35.224242,129.113042
부산광역시,금정구,두구동,1217-2,조리공원,어린이공원,35.3036335,129.111567
부산광역시,금정구,서동,141-22,평화공원,어린이공원,35.21884849,129.1068253
부산광역시,금정구,남산동,979-5,푸른솔밭공원,어린이공원,35.26885382,129.086384
부산광역시,금정구,두구동,1210-1,푸조나무숲공원,어린이공원,35.30327415,129.1125364
경상북도,상주시,무양동,289,무양 제2공원,어린이공원,36.4189494,128.150328
경상북도,상주시,공성면,이화리 940,산현 제2공원,어린이공원,36.277531,128.0936998
경상북도,상주시,무양동,308,무양 제4공원,어린이공원,36.42332125,128.1539814
경상북도,상주시,가장동,724,가장공원,어린이공원,36.37727321,128.149432
경상북도,상주시,함창읍,구향리 610,성동 제2공원,어린이공원,36.57152638,128.1832663
경상북도,상주시,화서면,상용리 700,화서2소공원,소공원,36.44565588,127.9328026
경상북도,상주시,가장동,748,가장공원,소공원,36.37675914,128.147935
경상북도,상주시,함창읍,오동리 853,함창2,소공원,36.5633416,128.1940797
경상북도,상주시,낙동면,낙동리 211,이야기,소공원,36.3652413137,128.3083457095
경상북도,상주시,함창읍,구향리 160-1,함창 구향,소공원,36.5670838479,128.1772276426
경상북도,상주시,함창읍,오사리 229-8,함창오사,소공원,36.5617907,128.1779230432
경상북도,상주시,냉림동,77-3,냉림1,소공원,36.4223597,128.1641883
경상북도,상주시,냉림동,139-14,냉림2,소공원,36.4232237,128.1639421
경상북도,상주시,냉림동,146-16,냉림3,소공원,36.4240764,128.1633679
경상북도,상주시,성하동,2-16,성하1,소공원,36.4144936,128.1646781
경상북도,상주시,성하동,6-5,상산,소공원,36.4152177186,128.163855104
경상북도,상주시,낙양동,21-4,낙양동녹색쌈지공원,문화공원,36.41410158,128.150546
경상북도,상주시,복룡동,161-75,태평성대 경상감영공원,문화공원,36.41981692,128.1797938
경상북도,상주시,함창읍,교촌리 1,곤충테마생태공원,문화공원,36.57998203,128.1628112
경상북도,상주시,중동면,회상리 791-1,회상나루 관광지 공원,문화공원,36.44753605,128.2634184
경상북도,상주시,서성동,163-48,왕산공원,역사공원,36.41675468,128.1617311
경상북도,상주시,외남면,소은리 441,호랑이와곶감테마공원,역사공원,36.37533424,128.1028597
경상북도,상주시,복룡동,230-5,복룡유적1,역사공원,36.4167591902,128.1708505
경상북도,상주시,복룡동,252,복룡유적2,역사공원,36.4200107,128.1706041
경상북도,상주시,복룡동,130,복룡생활체육공원,체육공원,36.4222709734,128.1833447134
부산광역시,금정구,장전동,산 46-2,금강공원,근린공원,35.2263915,129.0623779
부산광역시,금정구,장전동,산 30,장전공원,근린공원,35.23537237,129.0675686
부산광역시,금정구,금사동,산 7-9,명장공원,근린공원,35.21243295,129.1096663
대구광역시,달성군,유가읍,봉리 624,테크노폴리스중앙공원,근린공원,35.69141534,128.4595877
대구광역시,달성군,유가읍,상리 916,과학관공원,근린공원,35.68891332,128.4577938
대구광역시,달성군,유가읍,금리 1172,옥녀공원,근린공원,35.67737154,128.455651
대구광역시,달성군,유가읍,유곡리 1159-2,유곡공원,근린공원,35.67373523,128.4508542
대구광역시,달성군,유가읍,봉리 574,아폴로공원,어린이공원,35.6992024,128.4579982
대구광역시,달성군,유가읍,쌍계리 620-3,만유인력공원,어린이공원,35.70092949,128.463497
대구광역시,달성군,유가읍,봉리 603-3,풍차공원,어린이공원,35.69518511,128.464968
대구광역시,달성군,유가읍,봉리 605-1,자연에너지공원,어린이공원,35.69517977,128.4656595
대구광역시,달성군,유가읍,금리 1148-9,우주선공원,어린이공원,35.67426721,128.453788
대구광역시,달성군,유가읍,상리 950-8,천문의기공원,어린이공원,35.68791234,128.4606624
대구광역시,달성군,옥포읍,본리리 2644,본리1공원,어린이공원,35.79178526,128.4649784
대구광역시,달성군,옥포읍,본리리 2599,본리2공원,어린이공원,35.79386411,128.4653595
대구광역시,달성군,옥포읍,강림리 1101,옥포1근린공원,근린공원,35.78133849,128.4396673
대구광역시,달성군,옥포읍,교항리 3000,옥포2근린공원,근린공원,35.7830556,128.4490623
대구광역시,달성군,옥포읍,교항리 2896,옥포3근린공원,근린공원,35.7833184,128.4420036
대구광역시,달성군,옥포읍,교항리 2963,옥포4근린공원,근린공원,35.77976461,128.4403351
대구광역시,달성군,옥포읍,본리리 2594,본리3공원,어린이공원,35.79520528,128.4652062
대구광역시,달성군,옥포읍,반송리 105-1,반송1공원,소공원,35.75594338,128.4993381
대구광역시,달성군,옥포읍,강림리 1167,옥포1공원,어린이공원,35.77901232,128.4367935
대구광역시,달성군,옥포읍,강림리 1203,옥포2공원,어린이공원,35.77768514,128.4362203
대구광역시,달성군,옥포읍,교항리 3014,옥포1공원,소공원,35.7856582,128.4487781
대구광역시,달성군,현풍읍,중리 312-6,중리공원,어린이공원,35.69382661,128.4460433
대구광역시,달성군,현풍읍,원교리 38,원교공원,어린이공원,35.69370353,128.4423363
대구광역시,달성군,현풍읍,상리 320,상리공원,어린이공원,35.70083045,128.4502895
대구광역시,달성군,현풍읍,상리 953,과학기술원공원,근린공원,35.70563874,128.455011
대구광역시,달성군,현풍읍,중리 483-3,고래들공원,근린공원,35.69519774,128.4520952
대구광역시,달성군,현풍읍,중리 506-3,포산공원,근린공원,35.68956485,128.4570958
인천광역시,연수구,송도동,24-5,센트럴파크,근린공원,37.39226675,126.636342
인천광역시,연수구,송도동,5-1,해돋이공원,근린공원,37.3885069,126.6547092
인천광역시,연수구,송도동,9-1,미추홀공원,근린공원,37.38238888,126.6494992
인천광역시,연수구,송도동,2-1,새아침공원,근린공원,37.39613488,126.6561184
인천광역시,연수구,송도동,3-41,신송공원,근린공원,37.39049262,126.6584198
인천광역시,연수구,송도동,1,달빛공원,근린공원,37.39543995,126.6593123
인천광역시,연수구,송도동,13-20,솔찬공원,근린공원,37.36667165,126.6385425
인천광역시,연수구,송도동,191-1,글로벌파크,근린공원,37.37627624,126.6594134
인천광역시,연수구,송도동,330-1,랜드마크시티1호 체육공원,체육공원,37.41253666,126.6325869
인천광역시,연수구,송도동,326,랜드마크시티3호 근린공원,근린공원,37.40830622,126.6208503
인천광역시,연수구,송도동,116,랜드마크시티 3호 수변공원,수변공원,37.38350683,126.6182251
인천광역시,연수구,송도동,308-2,랜드마크시티 1호 수변공원,수변공원,37.41225764,126.6101271
전북특별자치도,완주군,봉동읍,둔산리 946,배매산 자연공원,근린공원,35.9495969,127.1182195
전북특별자치도,완주군,봉동읍,용암리 823,중앙공원,근린공원,35.94312932,127.1268386
전북특별자치도,완주군,봉동읍,용암리 766-1,매동공원,근린공원,35.952055,127.1407432
전북특별자치도,완주군,봉동읍,용암리 818,명동자연공원,근린공원,35.94483988,127.1181844
전북특별자치도,완주군,봉동읍,용암리 829,학골공원,근린공원,35.9433504,127.1372115
전북특별자치도,완주군,봉동읍,용암리 840,다복공원,근린공원,35.9395532,127.1319158
전북특별자치도,완주군,봉동읍,구암리 산123-1,완주공설공원묘지,묘지공원,35.93914397,127.1001896
전북특별자치도,완주군,삼례읍,신금리 산73-1,삼례신금근린공원,근린공원,35.92163053,127.0940231
광주광역시,서구,동천동,609,화추,어린이공원,35.17095087,126.8642108
광주광역시,서구,동천동,646,행자,어린이공원,35.1706037,126.869378
광주광역시,서구,동천동,729,강나루,어린이공원,35.1695636,126.8730533
광주광역시,서구,농성동,73-1,경열,어린이공원,35.153118,126.891822
광주광역시,서구,화정동,1621,U대회,어린이공원,35.144733,126.8850615
광주광역시,서구,양동,367-32,양1동 1,소공원,35.170924,126.8642121
광주광역시,서구,덕흥동,447-1,덕흥동 1,소공원,35.166008,126.837597
광주광역시,서구,덕흥동,454,덕흥동 2,소공원,35.166619,126.837582
광주광역시,서구,농성동,30-10,농성1동,소공원,35.156464,126.8913076
광주광역시,서구,유촌동,518,유촌동,소공원,35.15424133,126.8991313
광주광역시,서구,농성동,74-12,농성1동 2,소공원,35.15338773,126.8923048
광주광역시,서구,서창동,464-3,서창동 1,소공원,35.10729831,126.822745
광주광역시,서구,화정동1618,,U대회1,소공원,35.1468975,126.8836504
광주광역시,서구,농성동,704,농성동,소공원,35.1561163,126.8882777
광주광역시,서구,마륵동,813,마륵,소공원,35.14084835,126.8517039736
광주광역시,서구,쌍촌동,993-1,518,역사공원,35.1502524,126.8662999
경상북도,상주시,화서면,상현리 377-1,태봉공원,근린공원,36.44420407,127.9466135
경상북도,상주시,신봉동,산2-1,남산공원,근린공원,36.40516088,128.1548067
경상북도,상주시,은척면,남곡리 670,2호근린공원,근린공원,36.53427125,128.034946
경상북도,상주시,은척면,남곡리 675,1호근린공원,근린공원,36.53647053,128.0372586
경상북도,상주시,공성면,옥산리 143,옥산공원,어린이공원,36.284899,128.095225
경상북도,상주시,냉림동,73-6,냉림 제2 공원,어린이공원,36.42159037,128.1648437
경상북도,상주시,낙양동,115,낙양 감나무,어린이공원,36.411634,128.153604
경상북도,상주시,성동동,67-3,성동공원,어린이공원,36.414907,128.169173
경상북도,상주시,무양동,1-300,무양 제1 공원,어린이공원,36.422207,128.152094
경상북도,상주시,무양동,280,무양 제3공원,어린이공원,36.417526,128.152998
경기도,성남시,중원구,은행동 2525,은행제11호공원,소공원,37.45403,127.165077
경기도,성남시,중원구,은행동 2509,은행제13호공원,소공원,37.455319,127.167225
경기도,성남시,중원구,은행동 2473,은행제14호공원,소공원,37.456135,127.170652
경기도,성남시,중원구,은행동 2519,은행제15호공원,소공원,37.454429,127.163581
경기도,성남시,중원구,은행동 2506,은행제16호공원,소공원,37.455843,127.168025
경기도,성남시,중원구,하대원동 16,여수지구 제1호공원,소공원,37.427954,127.133029
경기도,성남시,중원구,금광동 1004,단남소공원,소공원,37.4433441357,127.1636195538
경기도,성남시,중원구,중앙동 3004,제일어린이공원,어린이공원,37.4391951761,127.148498927
경기도,성남시,중원구,금광동 499,박석어린이공원,어린이공원,37.44389,127.165608
경기도,성남시,중원구,금광동 1625,금상어린이공원,어린이공원,37.443769,127.162335
경기도,성남시,중원구,금광동 1007,금상소공원,소공원,37.4434547945,127.1634770044
경기도,성남시,분당구,율동 311,율동공원,근린공원,37.383356,127.150004
경기도,성남시,분당구,이매동 산57,서현공원,근린공원,37.390178,127.129466
경기도,성남시,분당구,야탑동 195,탑골공원,근린공원,37.406531,127.151957
경기도,성남시,분당구,야탑동 195-1,성지공원,근린공원,37.407976,127.157143
경기도,성남시,분당구,야탑동 271,상희공원,근린공원,37.410878,127.141375
경기도,성남시,분당구,서현동 342,점골공원,근린공원,37.377513,127.140739
경기도,성남시,분당구,분당동 88,태현공원,근린공원,37.369517,127.143651
경기도,성남시,분당구,분당동 64-1,맹산공원,근린공원,37.369439,127.132685
경기도,성남시,분당구,분당동 37,당골공원,근린공원,37.372735,127.129174
경기도,성남시,분당구,"수내동 65, 66",중앙공원,근린공원,37.380307,127.121179
경기도,성남시,분당구,"수내동 42, 43",황새울공원,체육공원,37.383255,127.118144
경기도,성남시,분당구,수내동 49-1,마루공원,근린공원,37.381629,127.112979
경기도,성남시,분당구,정자동 103,능골공원,근린공원,37.370374,127.11655
경기도,성남시,분당구,정자동 252,정자공원,근린공원,37.355728,127.121478
경기도,성남시,분당구,정자동 253,주택공원,근린공원,37.357603,127.11251
경기도,평택시,현덕면,운정리 산63-3,3호 뜸이기뜰 근린공원(화양지구),근린공원,36.982419,126.901233
경기도,평택시,현덕면,화양리 산161,4호 개랑뜰 근린공원(화양지구),근린공원,36.979132,126.903779
경기도,평택시,현덕면,운정리 산40-1,5호 흰여울뜰 근린공원(화양지구),근린공원,36.975961,126.899459
경기도,평택시,현덕면,운정리 산20,6호 늘솔길뜰 근린공원 (화양지구),근린공원,36.97196,126.898366
경기도,평택시,현덕면,운정리 산2-1,7호 갈매빛뜰 근린공원 (화양지구),근린공원,36.967529,126.900795
경기도,평택시,청북면,옥길리 1090,가사 근린공원(청북지구 택지개발),근린공원,37.019934,126.909408
인천광역시,남동구,구월동,349-231,모래마을2호,어린이공원,37.45280947,126.7236545
인천광역시,남동구,구월동,349-652,모래마을3호,어린이공원,37.45310786,126.7235776
인천광역시,남동구,간석동,33-4,용광공원,어린이공원,37.4609452,126.7149809
인천광역시,남동구,구월동,1215-32,독점공원,어린이공원,37.45220822,126.713608
인천광역시,남동구,만수동,842-22,화교공원,어린이공원,37.46330391,126.7264011
인천광역시,중구,운남동,1668-3,영종하늘도시 19호,소공원,37.48294166,126.5216142
인천광역시,중구,운서동,3051-26,영종하늘도시 20호,소공원,37.49740248,126.5026449
인천광역시,중구,운서동,3061-5,영종하늘도시 21호,소공원,37.49589364,126.5017221
인천광역시,중구,운서동,3068-2,영종하늘도시 22호,소공원,37.49386683,126.5007575
인천광역시,중구,운서동,3115-4,영종하늘도시 23호,소공원,37.48914132,126.4953889
인천광역시,중구,운북동1279,,미단시티 1호,근린공원,37.5182364676,126.5359036
인천광역시,중구,운북동,1280-3,미단시티 2호,근린공원,37.5170958263,126.5322437756
인천광역시,중구,운북동,1270-3,미단시티 3호,근린공원,37.5254472074,126.5242280054
인천광역시,중구,운북동,1273,미단시티 4호,근린공원,37.5254995484,126.522546849
인천광역시,중구,운북동,1274-1,미단시티 5호,근린공원,37.5246758536,126.5211357219
인천광역시,중구,운북동,1275-1,미단시티 6호,근린공원,37.5239628508,126.5199418887
인천광역시,중구,운북동,1285-5,미단시티 7호,근린공원,37.52345798,126.5172543
인천광역시,중구,운북동,1265-5,미단시티 8호,근린공원,37.52877363,126.5144327
인천광역시,중구,운북동,1297-3,미단시티 1호 공원,어린이공원,37.52658812,126.5139242
인천광역시,중구,운북동,1278-4,미단시티 1호,소공원,37.5210282,126.5397227
인천광역시,중구,운북동,1296,미단시티 2호,소공원,37.52716903,126.513794
인천광역시,중구,운북동,1351-13,미단시티 9호,근린공원,37.53124982,126.5063238
인천광역시,중구,운북동,1352-7,미단시티 10호,근린공원,37.5295477684,126.5060689186
인천광역시,중구,운북동,1353-11,미단시티 11호,근린공원,37.5258236836,126.5019474644
인천광역시,중구,운북동,1366-7,미단시티 12호,근린공원,37.5236555333,126.5098731075
인천광역시,중구,운북동,1353-2,미단시티 13호,근린공원,37.530155785,126.5024906657
인천광역시,중구,운북동,1353-14,미단시티 2호 공원,어린이공원,37.52690176,126.5025149
인천광역시,중구,운남동,1696-6,영종하늘도시 6호,소공원,37.47402974,126.5199439
인천광역시,중구,운남동,1700-2,영종하늘도시 9호,소공원,37.47831713,126.5269758
인천광역시,중구,운남동,1703-4,영종하늘도시 10호,소공원,37.47712574,126.5274515
인천광역시,중구,운남동,1731-1,영종하늘도시 15호,소공원,37.48413971,126.5421307
인천광역시,중구,운남동,1734-5,영종하늘도시 16호,소공원,37.48552281,126.5431704
충청북도,청주시,흥덕구,화계동 22-1,화계공원(61호),근린공원,36.391379,127.264783
충청북도,청주시,흥덕구,외북동 산2-3,외북공원(63호),근린공원,36.391151,127.253628
충청북도,청주시,흥덕구,오송읍 만수리 512,근린공원5(만수공원),근린공원,36.374204,137.202661
충청북도,청주시,흥덕구,복대동 2685,동터골,어린이공원,36.374968,127.255243
충청북도,청주시,서원구,성화동 334,달천,어린이공원,36.615106,127.446814
충청북도,청주시,서원구,죽림동 294,월천,어린이공원,36.613495,127.443376
충청북도,청주시,서원구,성화동 624,장전공원(70호),근린공원,36.355466,127.264032
충청북도,청주시,서원구,성화동 630,성화공원(71호),근린공원,36.353553,127.265279
충청북도,청주시,서원구,성화동 437,장전,어린이공원,36.617339,127.454982
충청북도,청주시,서원구,성화동 613,긴발재,어린이공원,36.618095,127.460161
충청북도,청주시,서원구,성화동 636,사리골,어린이공원,36.612296,127.453972
충청북도,청주시,서원구,산남동 995,해너미,어린이공원,36.608182,127.466834
충청북도,청주시,서원구,산남동 674,솔빛,어린이공원,36.611482,127.461442
충청북도,청주시,서원구,산남동 639,개구리,어린이공원,36.612352,127.468627
충청북도,청주시,서원구,산남동 367,산남공원(79호),근린공원,36.368661,127.284194
충청북도,청주시,서원구,산남동 864,탑골,어린이공원,36.609625,127.468463
충청북도,청주시,서원구,현도면 매봉리 142,해오름,어린이공원,36.476021,127.425206
충청북도,청주시,서원구,성화동 937,성화갓골(97호),근린공원,36.363539,127.271411
충청북도,청주시,서원구,성화동 1036,성화 다안채,어린이공원,36.612551,127.452165
충청북도,청주시,서원구,성화동 938,호반,어린이공원,36.614311,127.449511
충청북도,청주시,서원구,현도면 선동리 206,50호소공원,소공원,36.291241,127.254964
충청북도,청주시,서원구,현도면 선동리 487,51호소공원,소공원,36.285915,127.253664
충청북도,청주시,서원구,현도면 시목리 295-1,49호소공원,소공원,36.292431,127.245369
충청북도,청주시,서원구,현도면 양지리 253-2,52호소공원,소공원,36.272593,127.245434
충청북도,청주시,서원구,현도면 양지리 334,53호소공원,소공원,36.271781,127.245189
경기도,성남시,중원구,여수동 산10,여수지구4호(여수울)공원,근린공원,37.421284,127.132334
경기도,성남시,중원구,도촌동 654,도촌 제1호(섬말)공원,근린공원,37.418028,127.153515
경기도,성남시,중원구,도촌동 659,도촌 제2호(독고개)공원,근린공원,37.417914,127.156094
경기도,성남시,중원구,도촌동 648,도촌 제3호(이왕이)공원,근린공원,37.412701,127.16258
경기도,성남시,중원구,하대원동 249-1,둔촌공원,어린이공원,37.427597,127.151702
경기도,성남시,중원구,도촌동 653,도촌동어 1(여울)공원,어린이공원,37.415574,127.149143
경기도,성남시,중원구,도촌동 652,도촌동어 2(산바람)공원,어린이공원,37.413127,127.149834
경기도,성남시,중원구,도촌동 655,도촌동어 3(솔바람)공원,어린이공원,37.415848,127.153507
경기도,성남시,중원구,도촌동 658,도촌동어 4(금잉어)공원,어린이공원,37.415546,127.156876
경기도,성남시,중원구,도촌동 664,도촌동어 5(약수터)공원,어린이공원,37.411496,127.166749
경기도,성남시,중원구,중앙동 548,삼창아파트공원,어린이공원,37.437152,127.148536
경기도,성남시,중원구,성남동 4868,도란도란,어린이공원,37.430282,127.126276
경기도,성남시,중원구,여수동 355,여수지구3호(한아름)공원,어린이공원,37.417819,127.125934
경기도,성남시,중원구,여수동 538,여수지구4호(따르릉)공원,어린이공원,37.419697,127.131519
경기도,성남시,중원구,여수동 579,여수지구5호(사각사각)공원,어린이공원,37.418458,127.134345
경기도,성남시,중원구,은행동 1409,은행2동(달빛)공원,어린이공원,37.455361,127.165366
경기도,성남시,중원구,은행동 2467,은행정이 공원,어린이공원,37.45708,127.168977
경기도,성남시,중원구,여수동 614,종알종알 공원,어린이공원,37.416841,127.136303
경기도,성남시,중원구,중앙동 549,힐스,소공원,37.437366,127.149018
경기도,성남시,중원구,금광동 653,금상(금광1주택재개발 정비사업),소공원,37.441761,127.163492
경기도,성남시,중원구,은행동 2521,은행제1호공원,소공원,37.454403,127.163934
경기도,성남시,중원구,은행동 2515,은행제2호공원,소공원,37.454626,127.164068
경기도,성남시,중원구,은행동 2523,은행제3호공원,소공원,37.453984,127.16457
경기도,성남시,중원구,은행동 2478,은행제5호공원,소공원,37.456579,127.167578
경기도,성남시,중원구,은행동 2465,은행제7호공원,소공원,37.456747,127.170222
경기도,성남시,중원구,은행동 2482,은행제8호공원,소공원,37.455904,127.169284
경기도,성남시,중원구,은행동 2487,은행제9호공원,소공원,37.45679,127.164208
경기도,성남시,수정구,복정동 697,복우물공원,어린이공원,37.455513,127.128097
경기도,성남시,수정구,단대동 100-1,미소공원,어린이공원,37.448976,127.155941
경기도,성남시,수정구,창곡동 589,위례 제2호(한빛),어린이공원,37.464595,127.1477968618
경기도,성남시,수정구,창곡동 542,위례 제3호(서일로)(미인수),어린이공원,37.467783889,127.1385762883
경기도,성남시,수정구,상적동 335-8,옛골 제2호 어린이공원,어린이공원,37.426082,127.069046
경기도,성남시,수정구,고등동 605-2일원,고등(고등1호),어린이공원,37.426836,127.096793
경기도,성남시,수정구,단대동 101-2,단대지구1호(하늘빛)공원,소공원,37.451885,127.158146
경기도,성남시,수정구,산성동 570-4,소공원1(산성2도시환경개선사업),소공원,37.455512,127.153801
경기도,성남시,수정구,산성동 580,소공원2(산성2도시환경개선사업),소공원,37.455187,127.153219
경기도,성남시,수정구,"심곡동 338-3, 338-8, 338-11",보호수쉼터소공원,소공원,37.449656,127.101111
경기도,성남시,수정구,단대동 168-6,단대동소공원1,소공원,37.447361,127.156311
경기도,성남시,수정구,단대동 171-2,단대동소공원2,소공원,37.447711,127.157211
경기도,성남시,수정구,신흥동 6950,영장산,소공원,37.455511,127.1492621899
경기도,성남시,수정구,수진동 4763,수진소공원,소공원,37.434052,127.125007
경기도,성남시,수정구,"오야동 245-20, 245-21, 245-27, 245-45",오야4호소공원,소공원,37.454546,127.105915
경기도,성남시,수정구,고등동 605-2,고등 어린이공원,어린이공원,37.42684,127.096899163
경기도,성남시,수정구,상적동 275-15,옛골 제1호 어린이공원,어린이공원,37.427217,127.070988
경기도,성남시,중원구,하대원동 108-4,대원공원,근린공원,37.431304,127.145548
경기도,성남시,중원구,여수동 414-2,여수공원,근린공원,37.422403,127.139699
경기도,성남시,중원구,금광동 2449,황송공원,근린공원,37.445848,127.170448
경기도,성남시,중원구,은행동 199-1,은행공원,근린공원,37.453195,127.169027
경기도,성남시,중원구,금광동 2483,자혜공원,근린공원,37.451544,127.171673
경기도,성남시,중원구,상대원동 28,사기막골공원,근린공원,37.445805,127.182277
경기도,성남시,중원구,성남동 4861,여수지구1호(모란)공원,근린공원,37.431095,127.124411
경기도,성남시,중원구,성남동 4872,여수지구2호(모란생태)공원,근린공원,37.428535,127.124343
경기도,성남시,중원구,여수동 372,여수지구3호(시청)공원,근린공원,37.419118,127.124016
경기도,성남시,분당구,정자동 183-1,금곡공원,체육공원,37.356903,127.109201
부산광역시,사하구,감천동,31-5,안골새공원,소공원,35.08676318,129.0066229
부산광역시,사하구,감천동,140-2,팽나무공원,소공원,35.08365279,129.0067331
부산광역시,사하구,괴정동,581-28,괴정공원,소공원,35.09885482,128.981424
부산광역시,사하구,괴정동,578-17,괴정동 노인복지관 앞 공원,소공원,35.09929699,128.9822368
부산광역시,사하구,괴정동,571-11,괴정시장 소공원,소공원,35.09895971,128.9839915
부산광역시,사하구,감천동,234-3,느티나무공원,소공원,35.08189642,129.0061393
부산광역시,사하구,괴정동,566-31,괴정동 주민센터 앞 어린이공원,어린이공원,35.09732806,128.9826348
부산광역시,사하구,신평동,354-4,하늘땅별땅공원,어린이공원,35.09239159,128.9685874
부산광역시,사하구,구평동,500,구평 근린공원,근린공원,35.08404677,128.9840683
부산광역시,사하구,감천동,11-113,감천 문화마을 공원,도시농업공원,35.09509787,129.0065728
부산광역시,사하구,괴정동,545-7,괴정동 경로당 공원,소공원,35.0964051,128.9879387
부산광역시,사하구,괴정동,534-23,괴정동 사거리 앞 공원,어린이공원,35.0966311,128.9891855
부산광역시,사하구,하단동,1149-38,을숙도기후생태교육공원,어린이공원,35.11187696,128.9475378
부산광역시,사하구,괴정동,535-15,괴정초등학교 앞 공원,기타,35.095919,128.989031
부산광역시,사하구,괴정동,537-43,괴정동 우체국 앞 공원,기타,35.09487182,128.9887278
경기도,성남시,수정구,시흥동 산22,삼평공원,근린공원,37.415798,127.106469
경기도,성남시,수정구,양지동 972,양지공원,체육공원,37.463643,127.163643
경기도,성남시,수정구,단대동 193,단대공원,근린공원,37.454788,127.158822
경기도,성남시,수정구,태평동 산50-5,영장공원,근린공원,37.452124,127.134601
경기도,성남시,수정구,신흥동 2345,희망대공원,근린공원,37.4464072997,127.151766616
경기도,성남시,수정구,수진동 산41-3,수진공원,근린공원,37.435939,127.125624
경기도,성남시,수정구,창곡동 산33,위례 제10호공원,근린공원,37.467162,127.161086
경기도,성남시,수정구,창곡동 521-3,위례역사공원,역사공원,37.468578,127.146402
경기도,성남시,수정구,복정동 635,복정공원,어린이공원,37.467711,127.127863
경기도,성남시,수정구,복정동 638,복고개공원,어린이공원,37.466443,127.129674
경기도,성남시,수정구,복정동 648,기왓골공원,어린이공원,37.463756,127.127892
경기도,성남시,수정구,복정동670,주산도공원,어린이공원,37.460965,127.128979
부산광역시,사하구,다대동,1549-1,응봉공원,어린이공원,35.051547,128.9611951
부산광역시,사하구,다대동,1548-16,조성공원,어린이공원,35.049851,128.964541
부산광역시,사하구,구평동,201,씨앗공원,어린이공원,35.0772519,128.9902516
부산광역시,사하구,구평동,514,풀꽃공원,어린이공원,35.08016379,128.9876754
부산광역시,사하구,구평동,511,열매공원,어린이공원,35.07985262,128.9897589
부산광역시,사하구,장림1동,1139,보림공원,어린이공원,35.083125,128.967299
부산광역시,사하구,장림1동,1125,장림공원,어린이공원,35.081885,128.965455
부산광역시,사하구,다대동,1585,통일아시아드공원,근린공원,35.05940439,128.980029
부산광역시,사하구,당리동,309-5,희망공원,어린이공원,35.106979,128.972764
부산광역시,사하구,다대동,86-6,하늘공원,어린이공원,35.065074,128.983259
부산광역시,사하구,감천동,94-1,해찬나래공원,어린이공원,35.084778,129.006885
부산광역시,사하구,당리동,63-41,마루공원,소공원,35.105999,128.977225
부산광역시,사하구,다대동,1608,홍티문화공원,문화공원,35.06214616,128.958709
부산광역시,사하구,다대동,1548-1,아미산전망대공원,근린공원,35.052768,128.960765
부산광역시,사하구,괴정동,67-1,부민산공원,근린공원,35.106485,129.009191
부산광역시,사하구,괴정동,1244-5,회화나무 샘터공원,소공원,35.09783262,128.9911235
부산광역시,사하구,다대동,120-5,낫개가로공원,기타,35.06167938,128.9791584
부산광역시,사하구,괴정1동,534-4,정자공원,어린이공원,35.054792,128.581911
부산광역시,사하구,다대동1492,,경도공원,수변공원,35.026944,128.970656
부산광역시,사하구,하단동,786-1,에덴유원지,기타,35.10916745,128.9622817
부산광역시,사하구,당리동348-6,,샛별공원,어린이공원,35.102435,128.981566
부산광역시,사하구,하단1동,601,햇님공원,어린이공원,35.103375,128.960513
부산광역시,사하구,감천1동,502-37,꽃님공원,어린이공원,35.089506,129.002408
부산광역시,사하구,다대1동,953-1,열림공원,어린이공원,35.055378,128.967465
부산광역시,사하구,다대1동,940,꿈동산공원,어린이공원,35.057912,128.969115
부산광역시,사하구,다대동,1668,초롱공원,어린이공원,35.06108667,128.9715905
부산광역시,사하구,다대동,1525-1,고니나루쉼터,문화공원,35.070053,128.9531706
부산광역시,사하구,다대동,1674번지,다대포해변공원,수변공원,35.0556365,128.9674986
부산광역시,사하구,구평동,497,구평뜰공원,소공원,35.08636471,128.9849736
부산광역시,사하구,다대2동80-1,,등나무공원,어린이공원,35.067935,128.980451
충청남도,부여군,규암면,오수리 528,아름마을 2호 소공원,소공원,36.3040937529,126.8902565501
충청남도,부여군,규암면,오수리 538-1,아름마을 3호 소공원,소공원,36.3043184221,126.8931961506
충청남도,부여군,규암면,오수리 578,아름마을 4호 소공원,소공원,36.3013025411,126.8934789342
충청남도,부여군,규암면,오수리 635,아름마을 5호 소공원,소공원,36.2991023999,126.8935069606
충청남도,부여군,규암면,오수리 593,아름마을 6호 소공원,소공원,36.3007140218,126.8921866128
충청남도,부여군,부여읍,동남리 181,서동공원,역사공원,36.27189228,126.9106567
충청남도,부여군,장암면,정암리 662-3,와요지공원,역사공원,36.24525848,126.9152019
충청남도,부여군,규암면,호암리 152-8,호암1호수변공원,수변공원,36.30722943,126.9198931
충청남도,부여군,초촌면,추양리 499-5,초촌소공원1(문화마을),소공원,36.26275155,127.0208404
충청남도,부여군,초촌면,추양리 500-5,초촌소공원2(문화마을),소공원,36.26267328,127.0219524
충청남도,부여군,석성면,증산리 1479,석성소공원1(문화마을),소공원,36.24976935,127.0018928
충청남도,부여군,규암면,오수리 481-5,규암소공원1(문화마을),소공원,36.30367597,126.894233797
충청남도,부여군,규암면,오수리 482-5,규암소공원2(문화마을),소공원,36.3035046,126.8945882
부산광역시,사하구,다대동,86-1,더불어공원,어린이공원,35.066746,128.982562
부산광역시,사하구,다대동,1548-10,다대포 근린공원,근린공원,35.050161,128.9622379
부산광역시,사하구,다대동,929,아미산자생식물원,근린공원,35.060864,128.9704912
부산광역시,사하구,장림동,산145,제2운동공원,근린공원,35.07672674,128.9568783
부산광역시,사하구,다대동,103,제3체육공원,체육공원,35.063486,128.959731
부산광역시,사하구,하단동1184-4,,해바라기공원,어린이공원,35.099274,128.9579866
부산광역시,사하구,다대동,113-16,솔밭공원,어린이공원,35.061665,128.974551
부산광역시,사하구,다대동,113-7,해송공원,어린이공원,35.06599316,128.978826
부산광역시,사하구,다대동,113-4,은빛공원,어린이공원,35.067211,128.9780924
부산광역시,사하구,다대동,94-7,새싹공원,어린이공원,35.063202,128.9875317
부산광역시,사하구,다대동,94-1,다송공원,어린이공원,35.068593,128.980615
부산광역시,사하구,다대동,94-3,두송공원,어린이공원,35.0661161,128.9854785
부산광역시,사하구,신평동,651-9,신평레포츠공원,체육공원,35.09339926,128.9598379
부산광역시,사하구,다대동,85-14,공간공원,어린이공원,35.066227,128.9805543
부산광역시,사하구,다대동,1552-3,대성공원,어린이공원,35.048715,128.967364
부산광역시,사하구,다대동,1550-5,중현공원,어린이공원,35.051391,128.967095
경기도,시흥시,정왕동,1878-1,정왕동 체육4공원,체육공원,37.36540222,126.7311343
경기도,시흥시,정왕동,1886-1,정왕동 체육5공원,체육공원,37.364027,126.728511
경기도,시흥시,하중동,872-2,하중어린이공원,어린이공원,37.39119172,126.8072188
경기도,시흥시,죽율동,765,생금공원,어린이공원,37.350594,126.758275
경기도,시흥시,죽율동,755,죽율공원,어린이공원,37.34805344,126.7621865
경기도,시흥시,정왕동,2759,꿈누리공원,어린이공원,37.3191123,126.697642
경기도,시흥시,정왕동,2788,꿈자람공원,어린이공원,37.31664596,126.7031618
경기도,시흥시,정왕동,2810,꿈물결공원,어린이공원,37.31781215,126.696343
경기도,시흥시,정왕동,2022-6,오이도공원,문화공원,37.3420815,126.6902007
경기도,시흥시,조남동,175-5,조남소공원,소공원,37.3807067,126.8554643
경기도,시흥시,정왕동,2408,해담공원,어린이공원,37.37924736,126.7278446
경기도,시흥시,정왕동,2417,꿈마루공원,어린이공원,37.37845513,126.7297082
경기도,시흥시,정왕동,2449,갯마루공원,어린이공원,37.37709889,126.7299812
경기도,시흥시,정왕동,2517-2,도란1공원,소공원,37.36919352,126.7285868
경기도,시흥시,정왕동,2589-1,라온공원,소공원,37.35367684,126.7054514
경기도,시흥시,장곡동,724-32,갯골생태공원,근린공원,37.38979099,126.7812554
경기도,시흥시,정왕동,914,오이도선사유적공원,역사공원,37.34564215,126.6953015
충청남도,부여군,부여읍,쌍북리 619,남령공원,근린공원,36.28124385,126.9168591
충청남도,부여군,부여읍,동남리 373,백제탑공원,근린공원,36.27902527,126.9128806
충청남도,부여군,규암면,규암리 147-2,수북공원,근린공원,36.27555426,126.8902416
충청남도,부여군,규암면,오수리 516,아름마을 1호 근린공원,근린공원,36.3039813308,126.8883067646
충청남도,부여군,부여읍,쌍북리 730,6호어린이공원,어린이공원,36.28298639,126.9233096
충청남도,부여군,규암면,신리 726,신리어린이공원,어린이공원,36.30142239,126.8957718
충청남도,부여군,규암면,오수리 637,아름마을 1호 어린이공원,어린이공원,36.2987181988,126.8925926166
충청남도,부여군,규암면,오수리 558,아름마을 2호 어린이공원,어린이공원,36.302148128,126.891397077
충청남도,부여군,규암면,오수리 519,아름마을 3호 어린이공원,어린이공원,36.3052411063,126.8898773318
충청남도,부여군,부여읍,쌍북리 50,8호소공원,소공원,36.28616248,126.9292074
충청남도,부여군,규암면,호암리 116-3,호암1호소공원,소공원,36.31094149,126.9207641
충청남도,부여군,규암면,오수리 540,아름마을 1호 소공원,소공원,36.3029259911,126.8944164571
경기도,시흥시,목감동,421,꿈자람공원,어린이공원,37.38380568,126.8636846
경기도,시흥시,정왕동,876-131,시화 1소공원,소공원,37.34811134,126.748363
경기도,시흥시,정왕동,2798,나래농업공원,도시농업공원,37.31547989,126.7042199
경기도,시흥시,신천동,57,신천근린공원,근린공원,37.43575318,126.785457
경기도,시흥시,은행동,56-1,은계중앙공원(3호근린),근린공원,37.44140275,126.800828
경기도,시흥시,정왕동,1872-1,시화 2소공원,소공원,37.357584,126.7339528
경기도,시흥시,거모동,1508-8,파코스,소공원,37.3456361,126.785128
경기도,시흥시,하상동,산11-3,연성1지구 소공원,소공원,37.39048724,126.8106263
경기도,시흥시,하상동,343-36,태평공원,근린공원,37.38891057,126.8122948
경기도,시흥시,정왕동,2506,배곧생명,근린공원,37.3720054638,126.7218464284
경기도,시흥시,정왕동,2478,두드림,근린공원,37.3757836242,126.7280165685
경기도,시흥시,정왕동,2488,차오름,근린공원,37.37377977,126.7313455
경기도,시흥시,산현동,496,도담공원,어린이공원,37.37352073,126.8421847
경기도,시흥시,정왕동,2590,한울공원,수변공원,37.3568974727,126.7034526772
경기도,시흥시,정왕동,2385,숲속향기공원,근린공원,37.3826809,126.733108
경기도,시흥시,정왕동,2464,물빛공원,근린공원,37.37501628,126.7351915
경기도,시흥시,정왕동,1775-22,너울길공원,근린공원,37.35991941,126.7189733
경기도,시흥시,정왕동,1771-8,옥구가람공원,근린공원,37.35679879,126.713218
경기도,시흥시,정왕동,2579-2,갈대하늘공원,근린공원,37.35863879,126.7103801
경기도,시흥시,정왕동,2134,문화공원,문화공원,37.33327055,126.746155
경기도,시흥시,정왕동,2659,힘찬공원,체육공원,37.318068,126.704841
경기도,시흥시,산현동,519,해찬공원,어린이공원,37.37289246,126.8477485
경기도,시흥시,조남동,681,을미공원,어린이공원,37.37153568,126.854846
경기도,시흥시,조남동,722,수풀안공원,어린이공원,37.37865922,126.863483
경기도,시흥시,조남동,689,다니공원,체육공원,37.37581307,126.856496
경기도,시흥시,조남동,705,새미공원,체육공원,37.37743285,126.8574734
경기도,시흥시,산현동,493,물왕소공원,소공원,37.377381,126.8430459
경기도,시흥시,목감동,400,남왕소공원,소공원,37.38364942,126.860952
경기도,시흥시,산현동,495,새늘공원,문화공원,37.37795182,126.8461768
경기도,시흥시,조남동,649,문화2공원,문화공원,37.37763818,126.8499161
경기도,시흥시,은행동,600,웃터골공원,근린공원,37.444342,126.800385
경기도,시흥시,하중동,848,샛말공원,근린공원,37.395022,126.804842
경기도,시흥시,하중동,826-2,관곡공원,어린이공원,37.399501,126.800632
경기도,시흥시,하중동,880-2,성마루공원,어린이공원,37.39089464,126.8052669
경기도,시흥시,하상동,367,연꽃공원,어린이공원,37.39567434,126.8109963
경기도,시흥시,하상동,372,하상공원,어린이공원,37.39183522,126.813879
경기도,시흥시,장현동,529-1,새재공원,어린이공원,37.38267479,126.801305
경기도,시흥시,장곡동,798-2,매꼴공원,어린이공원,37.38116792,126.780663
경기도,시흥시,장곡동,825-2,진말공원,어린이공원,37.37804654,126.7874296
경기도,시흥시,장곡동,815,장곡공원,어린이공원,37.37901167,126.784077
경기도,시흥시,장곡동,796,새싹공원,어린이공원,37.38092325,126.7825507
경기도,시흥시,정왕동,2606-3,나래솔공원,근린공원,37.323213,126.704112
경기도,시흥시,정왕동,2795,하늬공원,근린공원,37.31709175,126.700533
경기도,시흥시,정왕동,2598-3,해미공원,수변공원,37.32715586,126.6995232
경기도,시흥시,정왕동,2609-6,물비늘,수변공원,37.32097243,126.7095464
경기도,시흥시,능곡동,489,제1호공원,근린공원,37.37608302,126.812551
경기도,시흥시,능곡동,617,영모재공원,근린공원,37.36967888,126.8172387
경기도,시흥시,능곡동,552,승지공원,근린공원,37.371378,126.813132
경기도,시흥시,능곡동,766,중앙공원,근린공원,37.368046,126.8137034
경기도,시흥시,능곡동,781,능골공원,근린공원,37.36553942,126.8082886
경기도,시흥시,능곡동,495,목실공원,어린이공원,37.3737267,126.813248
경기도,시흥시,능곡동,777,실개울공원,어린이공원,37.36560354,126.8104717
경기도,시흥시,능곡동,793,가래울공원,어린이공원,37.36511658,126.8138104
경기도,시흥시,거모동,1352,산들공원,근린공원,37.34710847,126.7807902
경기도,시흥시,미산동,산12-6,솔숲공원,근린공원,37.41892174,126.7916299
경기도,시흥시,미산동,350-16,해가든공원,어린이공원,37.420317,126.7954977
경기도,시흥시,조남동,670,산현공원,근린공원,37.375453,126.851181
경기도,시흥시,목감동,398,목감공원,근린공원,37.385593,126.861279
경기도,시흥시,정왕동,2312-4,정왕6공원,어린이공원,37.35264631,126.7456561
경기도,시흥시,정왕동,1845-1,중앙공원,근린공원,37.34955724,126.7354085
경기도,시흥시,정왕동,1848-2,서촌공원,근린공원,37.34892119,126.7264112
경기도,시흥시,정왕동,1358,희망공원,근린공원,37.33593345,126.715039
경기도,시흥시,정왕동,1800-5,젊음과패기의 공원,근린공원,37.34774613,126.7398198
경기도,시흥시,정왕동,1787-4,평안공원,근린공원,37.339462,126.741902
경기도,시흥시,정왕동,1368,소망공원,근린공원,37.33418417,126.7263363
경기도,시흥시,정왕동,1873-1,송운공원,근린공원,37.35833842,126.7323096
경기도,시흥시,정왕동,1581,군서공원,근린공원,37.344111,126.745326
경기도,시흥시,정왕동,1512,큰솔공원,근린공원,37.343621,126.753604
경기도,시흥시,정왕동,1942-3,동보공원,근린공원,37.35501153,126.7164091
경기도,시흥시,정왕동,1878-3,함현공원,근린공원,37.365328,126.733162
경기도,시흥시,정왕동,2138,옥구공원,근린공원,37.354515,126.709913
경기도,시흥시,정왕동,1872-7,사랑공원,어린이공원,37.35539691,126.733836
경기도,시흥시,정왕동,1871-2,시흥공원,어린이공원,37.35197956,126.730352
경기도,시흥시,정왕동,1542-5,해공원,어린이공원,37.34176763,126.755992
경기도,시흥시,정왕동,1412-9,새싹공원,어린이공원,37.340119,126.751166
경기도,시흥시,정왕동,1504-2,달공원,어린이공원,37.345364,126.7548827
경기도,시흥시,정왕동,1192-1,별공원,어린이공원,37.345619,126.750813
경기도,시흥시,정왕동,1569-10,꿈동산공원,어린이공원,37.345619,126.750813
경기도,시흥시,정왕동,1207-1,무지개공원,어린이공원,37.34656969,126.746975
경기도,시흥시,정왕동,1825-2,연못공원,어린이공원,37.34846767,126.7448524
경기도,시흥시,정왕동,1607,군서희망공원,어린이공원,37.3457771,126.7424281
경기도,시흥시,정왕동,1878-6,함현공원,어린이공원,37.36579704,126.7357929
경기도,시흥시,정왕동,1877-6,함송공원,어린이공원,37.36341337,126.7341486
경기도,시흥시,정왕동,1876-5,온들녘공원,어린이공원,37.36104853,126.731569
경기도,시흥시,정왕동,1875-6,풀잎사랑공원,어린이공원,37.358559,126.7293111
경기도,시흥시,정왕동,1867-4,서해공원,어린이공원,37.35476263,126.7247245
전라남도,순천시,풍덕동,324-1번지,제21수변공원,수변공원,34.9364605,127.5027233
전라남도,순천시,해룡면,선월리 122-8(해룡산단 배수지부근),30공원,근린공원,34.9049531,127.569771
전라남도,순천시,해룡면,호두리1144-2,소공원26,소공원,34.9009563,127.5651533
전라남도,순천시,풍덕동,1137(오천택지),27공원,근린공원,34.9379746,127.4982994
전라남도,순천시,풍덕동,1105-7,28공원,근린공원,34.9372864,127.4940452
전라남도,순천시,오천동,805-16(오천택지),29공원,근린공원,34.9343377,127.4938921
전라남도,순천시,오천동,712-6(오천택지),오천공원,어린이공원,34.9316929,127.4954077
전라남도,순천시,해룡면,상삼리 413번지 일원,68공원,어린이공원,34.9453053,127.5349296
전라남도,순천시,해룡면,선월리 산39-3번지 일원,31공원,근린공원,34.9098291,127.5590082
전라남도,순천시,해룡면,신성리921+ 931,32공원,근린공원,34.9004458,127.5844114
전라남도,순천시,해룡면,신성리911,33공원,근린공원,34.91818572,127.5827963
전라남도,순천시,덕암동404-1,,69공원,어린이공원,34.9490596,127.5079401
전라남도,순천시,매곡동456-7,,소공원1,소공원,34.9630218,127.486023
전라남도,순천시,매곡동8-2,,소공원2,소공원,34.9634251,127.4882597
전라남도,순천시,석현동463,,소공원3,소공원,34.97148057,127.4768671
전라남도,순천시,조곡동420-9(둑실A),,소공원8,소공원,34.95604905,127.4931039
전라남도,순천시,조곡동,424-4,소공원9,소공원,34.9569815,127.4930383
경상남도,통영시,도산면,법송리 1373,18호 소공원,소공원,34.89289238,128.3713355
전라남도,순천시,왕지동895,,왕운공원,근린공원,34.97460438,127.5244829
전라남도,순천시,왕지동,846,범암1공원,어린이공원,34.9734354,127.5262772
전라남도,순천시,왕지동,847,범암2공원,어린이공원,34.972535,127.5261848
전라남도,순천시,왕지동,765-9(조례+왕지지구),70공원,어린이공원,34.9724281,127.5243826
전라남도,순천시,조례동,276-10(조례+왕지지구),74공원,어린이공원,34.96538869,127.5289659
전라남도,순천시,조례동,산28-5(조례+왕지지구),75공원,어린이공원,34.96647426,127.532476
전라남도,순천시,왕지동859,,운곡1공원,어린이공원,34.97039623,127.5265537
전라남도,순천시,왕지동874,,운곡2공원,어린이공원,34.96855516,127.5240101
전라남도,순천시,해룡면,신대리2090,21공원,근린공원,34.93149774,127.5518244
전라남도,순천시,해룡면,신대리2099,22공원,근린공원,34.9286524,127.5509654
전라남도,순천시,해룡면,신대리2161,23공원,근린공원,34.9252751,127.5491937
전라남도,순천시,해룡면,신대리2013,79공원,어린이공원,34.931306,127.5536927
전라남도,순천시,해룡면,신대리2027,80공원,어린이공원,34.92837098,127.5527897
전라남도,순천시,해룡면,신대리2044,81공원,어린이공원,34.927661,127.5473219
전라남도,순천시,해룡면,신대리2063,제1수변공원,수변공원,34.93770532,127.547632
전라남도,순천시,해룡면,신대리2069-1,제2수변공원,수변공원,34.9337742,127.5473612
전라남도,순천시,금곡동,314-2,매산공원,근린공원,34.956158,127.4768544
전라남도,순천시,조곡동210,,장대공원(A지구),근린공원,34.95014426,127.4949088
전라남도,순천시,석현동,159번지,제5수변공원,수변공원,34.9732656,127.4856071
전라남도,순천시,석현동,3번지,제6수변공원,수변공원,34.9695155,127.4883213
충청북도,청주시,상당구,서문동 119,중앙공원,근린공원,36.6329763098,127.4877793524
충청북도,청주시,상당구,용암동 2075,원봉공원,근린공원,36.363362,127.305268
충청북도,청주시,상당구,영운동 산62,영운공원,근린공원,36.379091,127.308741
충청북도,청주시,상당구,용정동 252,96호공원(김수녕양궁장),체육공원,36.6265125,127.5269309
충청북도,청주시,상당구,수동 283-3,상당공원,근린공원,36.63668949,127.4920338
충청북도,청주시,상당구,대성동 109-102,당산공원,근린공원,36.375527,127.294952
충청북도,청주시,상당구,용암동 2102,중흥공원,근린공원,36.363723,127.303238
충청북도,청주시,상당구,용암동 1591,망골공원,근린공원,36.61097206,127.5030615
충청북도,청주시,상당구,용암동 1705,대머리공원,근린공원,36.60577862,127.5020442
충청북도,청주시,상당구,용암동 2061,꿈나무,어린이공원,36.361581,127.304212
충청북도,청주시,상당구,용암동 1166,한아름,어린이공원,36.61517591,127.5028294
충청북도,청주시,흥덕구,복대동 3369,연초공원,근린공원,36.381635,127.262365
충청북도,청주시,흥덕구,봉명동 2392,덕암,어린이공원,36.654622,127.458184
충청북도,청주시,흥덕구,봉명동 2558,꿈동산,어린이공원,36.650658,127.459817
충청북도,청주시,흥덕구,가경동 1692,감나무실,근린공원,36.365379,127.262258
충청북도,청주시,흥덕구,가경동 1579-1,뜨란채,어린이공원,36.618942,127.440571
충청북도,청주시,흥덕구,가경동 1582,서경,어린이공원,36.617558,127.441363
충청북도,청주시,흥덕구,가경동 1694,푸른,어린이공원,36.615645,127.440432
충청북도,청주시,흥덕구,복대동 3321,짐대,어린이공원,36.638209,127.434436
충청북도,청주시,흥덕구,복대동 3249,중간,어린이공원,36.640024,127.430991
충청북도,청주시,흥덕구,휴암동 산82-20,휴암공원(65호),근린공원,36.372891,127.243809
충청북도,청주시,흥덕구,내곡동 산13-26,내곡공원(62호),근린공원,36.395267,127.255344
충청북도,청주시,흥덕구,상신동 산27,상신공원(58호),근린공원,36.395796,127.261621
충청북도,청주시,흥덕구,문암동 산35,송절공원(59호),근린공원,36.395642,127.271241
충청북도,청주시,흥덕구,송절동 산96,백로공원(60호),근린공원,36.394129,127.272554
충청북도,청주시,흥덕구,남촌동 산9,남촌공원(64호),근린공원,36.392901,127.251938
충청북도,영동군,황간면,남성리 154-2,황간남성근린공원,근린공원,36.2286939,127.9148511
충청북도,영동군,용산면,구촌리 172-4,구촌문화공원,문화공원,36.2608324,127.8270796
전라남도,순천시,연향동1593,,호반1공원,어린이공원,34.9416076,127.5263085
전라남도,순천시,연향동1627-1,,호반2공원,어린이공원,34.9407321,127.5299768
전라남도,순천시,연향동1620,,율산공원,어린이공원,34.9395224,127.5236359
전라남도,순천시,연향동1630,,호반3공원,어린이공원,34.9390524,127.5286511
전라남도,순천시,연향동,1435-8,구암공원,어린이공원,34.94731623,127.5129777
전라남도,순천시,해룡면,상삼리619+ 조례동1622,상삼1공원,근린공원,34.95055724,127.5317415
전라남도,순천시,연향동,1441,금당공원,근린공원,34.9506022,127.5255549
전라남도,순천시,해룡면,상삼리690,버드네공원,근린공원,34.94655431,127.5277623
전라남도,순천시,조례동1822,,왕지공원,근린공원,34.95514622,127.5341582
전라남도,순천시,연향동1485,,대석공원,어린이공원,34.94749284,127.5237258
전라남도,순천시,연향동1498,,제일공원,어린이공원,34.9452188,127.5237941
전라남도,순천시,연향동1508,,남부공원,어린이공원,34.9452589,127.5259636
전라남도,순천시,해룡면,상삼리692,매동공원,어린이공원,34.944834,127.5304983
전라남도,순천시,조례동1806,,수매골공원,어린이공원,34.9568655,127.5328665
전라남도,순천시,연향동1632,,호반4공원,근린공원,34.93861291,127.5295201
전라남도,순천시,연향동1694+,1301,연향3근린공원,근린공원,34.93795406,127.5104675
전라남도,순천시,덕월동,1374,덕월공원,어린이공원,34.93157223,127.4893307
전라남도,순천시,연향동1693,,연향3어린이공원,어린이공원,34.93377505,127.5152863
경상남도,통영시,광도면,죽림리 1576,죽림소공원,소공원,34.88222458,128.4158265
전라남도,순천시,용당동569,,용당공원,어린이공원,34.9738812,127.4919304
전라남도,순천시,덕월동331-20+,산21-1+ 331-15,소라공원,어린이공원,34.9296697,127.4875802
전라남도,순천시,가곡동115-1,,가곡공원,어린이공원,34.9857176,127.4841589
전라남도,순천시,조례동1730-5,,비봉공원,어린이공원,34.9703702,127.5200549
전라남도,순천시,조례동1385-9,,운동공원,어린이공원,34.95686965,127.5146244
전라남도,순천시,석현동894-8,,향림공원,어린이공원,34.9749182,127.4732878
전라남도,순천시,가곡동,962,고지공원,어린이공원,34.98130343,127.4837886
전라남도,순천시,가곡동991,,신기안동네공원,어린이공원,34.97547527,127.4801942
전라남도,순천시,가곡동998,,신기공원,어린이공원,34.9745273,127.4832637
전라남도,순천시,연향동1356,,은성공원,어린이공원,34.9489524,127.5158688
전라남도,순천시,연향동1368,,천주공원,어린이공원,34.94580869,127.5157803
전라남도,순천시,연향동1392,,성광공원,어린이공원,34.94380488,127.5157056
전라남도,순천시,연향동1383,,부영1공원,어린이공원,34.94694406,127.520818
전라남도,순천시,연향동,1385,부영2공원,어린이공원,34.94481426,127.5204571
전라남도,순천시,연향동1402,,강남공원,어린이공원,34.9429821,127.5137896
전라남도,순천시,연향동1352,,동성공원,근린공원,34.94891327,127.5172537
전라남도,순천시,해룡면,상삼리612,시무골공원,어린이공원,34.95073374,127.527413
전라남도,순천시,해룡면,상삼리635,가장골공원,어린이공원,34.9484877,127.5272493
전라남도,순천시,조례동1614,,못안공원,어린이공원,34.9543731,127.5289577
전라남도,순천시,해룡면,상삼리655,옹기터공원,어린이공원,34.9478782,127.5311227
전라남도,순천시,해룡면,상삼리620,상삼2공원,어린이공원,34.9501657,127.5319428
전라남도,순천시,해룡면,상삼리665,버드네2공원,어린이공원,34.9467436,127.5279474
전라남도,순천시,조례동1660,,서당골공원,어린이공원,34.9625715,127.5162345
전라남도,순천시,조례동1663,,송정공원,어린이공원,34.96129508,127.5137776
전라남도,순천시,조례동1710-1,,동산공원,어린이공원,34.95317735,127.5159105
전라남도,순천시,조례동,1717,장자보공원,어린이공원,34.9547222,127.5194718
전라남도,순천시,조례동1688-1,,신월공원,어린이공원,34.957423,127.5188556
경기도,성남시,분당구,삼평동 677,판교제21호(물방울)공원,어린이공원,37.401685,127.111352
경기도,성남시,분당구,운중동 307-3,판교제23호(운중)공원,어린이공원,37.392651,127.060237
경기도,성남시,분당구,운중동 956-1,판교제1호체육공원,체육공원,37.392381,127.07029
경기도,성남시,분당구,운중동 954,판교제2호체육공원,체육공원,37.390854,127.070047
경기도,성남시,분당구,운중동 921-3,판교제3호체육공원,체육공원,37.38906,127.070094
경기도,성남시,분당구,야탑동 산 82,남서울묘지공원,묘지공원,37.401818,127.16197
경기도,성남시,분당구,판교동 499,판교역사공원,역사공원,37.401083,127.095548
경기도,성남시,분당구,대장동 242-1 일원,판교대장공원,근린공원,37.414086,127.122035
경기도,성남시,분당구,백현동 516-21,백현공원,근린공원,37.383608,127.096884
경기도,성남시,수정구,태평동 7277,태평공원,근린공원,37.441631,127.121985
경기도,성남시,수정구,고등동 588 일원,고등공원,근린공원,37.429234,127.099317
경기도,성남시,수정구,고등동 606 일원,고산공원,근린공원,37.425167,127.097762
전라남도,순천시,조례동1867,,조례호수공원,근린공원,34.96604411,127.5220334
전라남도,순천시,장천동,81,장천공원,어린이공원,34.94902761,127.4872361
전라남도,순천시,풍덕동885,,역전공원,어린이공원,34.944428,127.5014529
전라남도,순천시,풍덕동1274-1,,조산공원,어린이공원,34.9421407,127.4974988
전라남도,순천시,인제동375-5,,인제공원,어린이공원,34.94440264,127.4932266
전라남도,순천시,풍덕동1287,,풍덕공원,어린이공원,34.9398952,127.4984331
전라남도,순천시,풍덕동,1263-9,상풍공원,어린이공원,34.9468775,127.4950608
전라남도,순천시,풍덕동1283,,중풍공원,어린이공원,34.9414246,127.4942333
전라남도,순천시,남정동,543-4,신흥공원,어린이공원,34.93824327,127.4906111
전라남도,순천시,행동65-7,,행동공원,소공원,34.9550673,127.4825614
전라남도,순천시,저전동238-1,,저전공원,어린이공원,34.94749381,127.4839458
경기도,성남시,분당구,금곡동 175,야생화공원,어린이공원,37.351584,127.106627
경기도,성남시,분당구,구미동 230,무지개공원,어린이공원,37.339794,127.122776
경기도,성남시,분당구,구미동 279,덕봉공원,어린이공원,37.342224,127.125836
경기도,성남시,분당구,구미동 239,넘말공원,어린이공원,37.340482,127.124787
경기도,성남시,분당구,구미동 252,큰골공원,어린이공원,37.340131,127.126082
경기도,성남시,분당구,운중동 889,판교제1호(바람길)공원,어린이공원,37.39212,127.066689
경기도,성남시,분당구,"운중동 900, 900-5",판교제2호(물빛)공원,어린이공원,37.391069,127.067669
경기도,성남시,분당구,운중동 1012,판교제3호(눈꽃)공원,어린이공원,37.391558,127.083936
경기도,성남시,분당구,운중동 1044,판교제4호(도담)공원,어린이공원,37.388761,127.082157
경기도,성남시,분당구,판교동 597,판교제5호(너울)공원,어린이공원,37.38988,127.091489
경기도,성남시,분당구,판교동 573,판교제6호(너른들)공원,어린이공원,37.390392,127.099199
경기도,성남시,분당구,판교동 547,판교제7호(미르)공원,어린이공원,37.394973,127.099255
경기도,성남시,분당구,판교동 532,판교제8호(봄볕)공원,어린이공원,37.398333,127.097366
경기도,성남시,분당구,판교동 487,판교제9호(바람개비)공원,어린이공원,37.402457,127.094782
경기도,성남시,분당구,삼평동 707,판교제10호(송현)공원,어린이공원,37.404491,127.114948
경기도,성남시,분당구,삼평동 731,판교제11호(삼평)공원,어린이공원,37.399529,127.115373
경기도,성남시,분당구,백현동 548,판교제12호(숲안)공원,어린이공원,37.389019,127.115853
경기도,성남시,분당구,백현동 606,판교제13호(올망졸망)공원,어린이공원,37.386703,127.115853
경기도,성남시,분당구,백현동 571,판교제14호(정자목)공원,어린이공원,37.384917,127.110541
경기도,성남시,분당구,백현동 584,판교제15호(보물섬)공원,어린이공원,37.383944,127.113065
경기도,성남시,분당구,판교동 647,판교제16호(낙생)공원,어린이공원,37.386871,127.100263
경기도,성남시,분당구,삼평동 729,판교제17호(붓들)공원,어린이공원,37.399576,127.118123
경기도,성남시,분당구,삼평동 614,판교제18호(빛나래)공원,어린이공원,37.405346,127.098792
경기도,성남시,분당구,삼평동 620,판교제19호(우주)공원,어린이공원,37.404027,127.101405
경기도,성남시,분당구,삼평동 699,판교제20호(달팽이)공원,어린이공원,37.404453,127.108016
인천광역시,중구,운서동,3033-4,잎새바람공원,어린이공원,37.49699326,126.4994867
인천광역시,중구,운서동,3050-1,우주탐험공원,어린이공원,37.49402028,126.4977659
인천광역시,중구,운서동,3081-1,과일천국공원,어린이공원,37.49335425,126.5061947
인천광역시,중구,운서동,3083-10,지도여행공원,어린이공원,37.49150465,126.5045792
인천광역시,중구,운남동,1684-10,무지개길공원1,어린이공원,37.48145908,126.5133909
인천광역시,중구,운남동,1690-14,무지개길공원2,어린이공원,37.48043144,126.5152632
인천광역시,중구,운서동,3110,착시나라공원,어린이공원,37.48996059,126.4937786
인천광역시,중구,운남동,1750-12,갯벌놀이공원,어린이공원,37.48001373,126.5433825
인천광역시,중구,운남동,1757-7,철새공원,어린이공원,37.48270765,126.5484128
인천광역시,중구,중산동,1894-15,꽃대궐공원,어린이공원,37.49589133,126.5638693
인천광역시,중구,운남동,1674-6,비행기공원,어린이공원,37.48083435,126.5184019
인천광역시,중구,운남동,1657-36,기린공원,어린이공원,37.482284,126.5254794
인천광역시,중구,운남동,1618-1,캐리비안해적공원,어린이공원,37.47173821,126.5156592
인천광역시,중구,운남동,1631-9,크라켄공원,어린이공원,37.47154831,126.5206536
인천광역시,중구,중산동,1909-25,인디언공원,어린이공원,37.49926293,126.5673499
인천광역시,중구,중산동,1903-9,옹달샘공원,어린이공원,37.49725951,126.5658659
인천광역시,중구,중산동,1887-7,비밀의벽공원,어린이공원,37.49405819,126.5700345
인천광역시,중구,운서동,3038-6,영종하늘도시 1호,소공원,37.49567456,126.4999821
인천광역시,중구,운남동,1660-1,영종하늘도시 2호,소공원,37.48319647,126.5226911
인천광역시,중구,운북동,1338-2,영종하늘도시 3호,소공원,37.5055464,126.4992547
인천광역시,중구,운남동,1747-11,영종하늘도시 5호,소공원,37.48280559,126.5458341
인천광역시,중구,운남동,1707-2,영종하늘도시 8호,소공원,37.47564583,126.5228568
인천광역시,중구,운남동,1741-2,영종하늘도시 11호,소공원,37.48247928,126.5421773
인천광역시,중구,운서동,3044-1,영종하늘도시 12호,소공원,37.49509062,126.4982615
인천광역시,중구,운서동,3045-1,영종하늘도시 13호,소공원,37.4949557,126.4994313
인천광역시,중구,운서동,3118-6,영종하늘도시 14호,소공원,37.48849543,126.4964822
전라남도,여수시,화장동,945-1,선사유적공원,근린공원,34.778642,127.6463716
전라남도,여수시,중흥동,1250-5,중흥공원,어린이공원,34.837036,127.693611
전라남도,여수시,평여동,641-5,평여2공원(망향공원),어린이공원,34.81233523,127.670953
전라남도,여수시,중흥동,101-2,신촌공원,어린이공원,34.82505028,127.6870258
전라남도,여수시,중흥동,1696-2,삼일공원,역사공원,34.83706556,127.6937461
전라남도,여수시,웅천동,624,오충사공원,역사공원,34.75110145,127.680627
전라남도,여수시,웅천동,1684,청소년문화공원,근린공원,34.74744791,127.6743325
전라남도,여수시,웅천동,1816-1,암골못공원,근린공원,34.751053,127.687097
전라남도,여수시,웅천동,1836,웅천못공원,근린공원,34.74899974,127.6908833
전라남도,여수시,웅천동,1899-2,해변공원,수변공원,34.73993966,127.675185
전라남도,여수시,웅천동,1849,자당공원,역사공원,34.74189305,127.684722
전라남도,여수시,소라면,죽림리 1169,죽림근린공원,근린공원,34.76308166,127.6349321
전라남도,여수시,소라면,죽림리 1151,상금천공원,어린이공원,34.76463598,127.6356668
전라남도,여수시,소라면,죽림리 1140,차동공원,어린이공원,34.76515084,127.6373094
전라남도,여수시,소라면,죽림리 1197,시구들공원,어린이공원,34.76366217,127.6391227
경기도,수원시,권선구,고색동 1129,고색중보들,근린공원,37.24822973,126.9900297
경기도,수원시,권선구,고색동 931,들바람,근린공원,37.24072849,126.9787184
경기도,수원시,권선구,곡반정동 546,고렴,근린공원,37.24063001,127.0292104
경기도,수원시,권선구,금곡동 1059,산울림공원,근린공원,37.27698626,126.938702
경기도,수원시,권선구,금곡동 1096,가온공원,근린공원,37.27260543,126.9490445
경기도,수원시,권선구,호매실동 1358,호매실공원,근린공원,37.27119348,126.948787
경기도,수원시,권선구,금곡동 1148,매화공원,근린공원,37.26952284,126.9498476
경기도,수원시,권선구,금곡동 1068,바람소리공원,근린공원,37.27705532,126.9457828
경기도,수원시,권선구,호매실동 1370,사랑뜰공원,근린공원,37.26498272,126.9577427
경기도,수원시,권선구,권선동 1344,마중공원,근린공원,37.2385727,127.0192999653
경기도,수원시,권선구,고색동 1189,대부둑공원,근린공원,37.25489133,126.970192
대구광역시,달성군,논공읍,금포리 2502,금포6공원,어린이공원,35.7715844,128.4290474
대구광역시,달성군,논공읍,금포리 2494,금포7공원,어린이공원,35.7730946,128.428986
대구광역시,달성군,다사읍,서재리 693-18,서재공원,근린공원,35.875469,128.4942566
대구광역시,달성군,다사읍,매곡리 1516-2,죽곡1공원,어린이공원,35.86618525,128.4646089
대구광역시,달성군,다사읍,매곡리 1529,죽곡2공원,어린이공원,35.86382179,128.4673107
대구광역시,달성군,다사읍,매곡리 1540-1,죽곡3공원,어린이공원,35.86230886,128.4664539
대구광역시,달성군,다사읍,매곡리 1543-1,죽곡4공원,어린이공원,35.85977401,128.4657714
대구광역시,달성군,다사읍,매곡리 1538-1,죽곡5공원,어린이공원,35.85760013,128.4686333
대구광역시,달성군,다사읍,세천리 547,다사공원,근린공원,35.87238182,128.4639828
대구광역시,달성군,다사읍,매곡리 1535,매곡공원,근린공원,35.86209875,128.4696783
대구광역시,달성군,다사읍,세천리 1706,세천2호공원,어린이공원,35.87715837,128.471598
대구광역시,달성군,다사읍,세천리 1589,세천3호공원,어린이공원,35.87270449,128.4790584
대구광역시,달성군,다사읍,세천리 1601,세천4호공원,어린이공원,35.87192883,128.4742034
대구광역시,달성군,다사읍,세천리 1676,세천1호공원,어린이공원,35.87602572,128.4723488
대구광역시,달성군,다사읍,박곡리 192-1,박실공원,소공원,35.88711637,128.488436
대구광역시,달성군,다사읍,문양리 540-4,본마을공원,소공원,35.86169798,128.4382917
대구광역시,달성군,다사읍,죽곡리 821-1,대실공원,근린공원,35.85397577,128.4692929
대구광역시,달성군,다사읍,죽곡리 822-1,죽곡공원,근린공원,35.85217965,128.4661401
대구광역시,달성군,다사읍,죽곡리 산 11-1,죽림공원,어린이공원,35.85005495,128.4642703
대구광역시,달성군,다사읍,죽곡리 824-7,모암공원,어린이공원,35.85165038,128.4676867
대구광역시,달성군,다사읍,세천리 1696-1,세천공원,어린이공원,35.87278933,128.4763216
대구광역시,달성군,다사읍,세천리 289,세천늪공원,근린공원,35.87980784,128.4707424
대구광역시,달성군,다사읍,세천리 1694-1,첨단산업단지공원,근린공원,35.86922417,128.4753453
대구광역시,달성군,다사읍,죽곡리 858-1,강정공원,어린이공원,35.84912372,128.4677471
대구광역시,달성군,다사읍,방천리 419-26,서재체육공원,체육공원,35.88428804,128.5032013
대구광역시,달성군,유가읍,쌍계리 646,비슬구천공원,근린공원,35.69946587,128.4638699
대구광역시,달성군,유가읍,봉리 597-1,비슬공원,근린공원,35.6953065,128.4578827
경기도,평택시,서정동,1125,제1호 어린이공원(브레인시티),어린이공원,37.058838,127.060253
경기도,평택시,현덕면,장수리 353-3,문화공원 2호(황해경제구역 현덕지구),문화공원,36.933907,126.903334
경기도,평택시,칠원동,417-1,신촌 쇠물뿌리 체육공원(신촌지구  동부 102호),체육공원,37.02408,127.103756
경기도,평택시,도일동,582-3,제1호 체육공원(브레인시티),체육공원,37.049115,127.106627
경기도,평택시,가재동,128,제2호 체육공원(브레인시티),체육공원,37.038626,127.087233
경기도,평택시,안중읍,현화리 산350-4임,1호 도란뜰 근린공원(화양지구),근린공원,36.987556,126.90609
경기도,평택시,현덕면,운정리 산72-1,2호 근린공원 (화양지구),근린공원,36.986097,126.899903
인천광역시,남동구,구월동,1304-25,모래마을1호,어린이공원,37.45312823,126.723794
인천광역시,중구,운남동,1508,오가공원,어린이공원,37.49505197,126.5308652
인천광역시,중구,운남동,1533,은방울공원,어린이공원,37.49232952,126.5310761
인천광역시,중구,운남동,1543,진달래공원,어린이공원,37.49209604,126.5283644
인천광역시,중구,운남동,1551,운남제1호공원,근린공원,37.49088179,126.5310506
인천광역시,중구,운남동,1680-4,큰말공원,근린공원,37.4768762,126.5131651
인천광역시,중구,운남동,1740-19,안양골공원,근린공원,37.48359714,126.5450208
인천광역시,중구,중산동,1871-6,구석말공원,근린공원,37.48564112,126.5526025
인천광역시,중구,중산동,1880-4,선사공원,근린공원,37.4951776,126.5549014
인천광역시,중구,중산동,1887-16,배곶공원,근린공원,37.49334972,126.5652165
인천광역시,중구,중산동,1912-1,월촌공원,근린공원,37.50057434,126.5693242
인천광역시,중구,중산동,1958-7,방죽공원,근린공원,37.49281711,126.5721494
인천광역시,중구,운남동,1711-62,갯벌공원,근린공원,37.48255921,126.5370957
인천광역시,중구,중산동,1878-2,파크골프공원,근린공원,37.48978153,126.554357
인천광역시,중구,운남동,1681-3,새부리공원,근린공원,37.47968895,126.5129791
인천광역시,중구,운남동,1680-3,반길안공원,근린공원,37.47840641,126.5149274
인천광역시,중구,중산동,1878-3,하늘체육공원,체육공원,37.48817317,126.5560402
인천광역시,중구,운서동,3052-6,자전거공원,어린이공원,37.49850897,126.5035312
인천광역시,중구,운서동,3034,날아라UFO공원,어린이공원,37.49666953,126.5002014
경기도,평택시,장당동,469-2,우주별 어린이공원(소사벌택지 8호),어린이공원,37.047925,127.056432
경기도,평택시,장안동,620,원앙 어린이공원,어린이공원,37.061018,127.0807
경기도,평택시,서정동,881,원이충 어린이공원,어린이공원,37.063619,127.054832
경기도,평택시,가재동,442,원장당 어린이공원(장당 1호),어린이공원,37.04381,127.07656
경기도,평택시,장안동,60-1,원정 어린이공원(포승공단),어린이공원,37.057468,127.092162
경기도,평택시,진위면,하북리 94-1,원평14통(삽다리) 어린이공원,어린이공원,37.112162,127.06363
경기도,평택시,가재동,534,유통단지 어린이공원(동부 83호),어린이공원,37.042838,127.074142
경기도,평택시,진위면,견산리 393,은실 어린이공원,어린이공원,37.108089,127.072214
경기도,평택시,장안동,211-3,은행 어린이공원,어린이공원,37.05084,127.088939
경기도,평택시,가재동,산88-2,이곡 어린이공원,어린이공원,37.041139,127.078272
경기도,평택시,진위면,가곡리 79-1,이충 어린이공원,어린이공원,37.112042,127.088413
경기도,평택시,장안동,산129-2,자미 어린이공원(청북지구 택지개발),어린이공원,37.051702,127.092865
경기도,평택시,진위면,봉남리 444-1,작골 어린이공원(청북지구 택지개발),어린이공원,37.098858,127.088341
경기도,평택시,도일동,965-5,잔다리 어린이공원,어린이공원,37.054273,127.097759
경기도,평택시,지산동,1088,장당 택지지구 어린이공원,어린이공원,37.079122,127.061846
경기도,평택시,지산동,689-3,장미 어린이공원,어린이공원,37.077063,127.059261
경기도,평택시,지산동,1092,장안하늘채 어린이공원(동부 18호),어린이공원,37.075343,127.063361
경기도,평택시,지산동,1237-4,장터골 어린이공원(안중지구 택지개발),어린이공원,37.080461,127.077329
경기도,평택시,서정동,790,점촌 어린이공원,어린이공원,37.070013,127.059013
경기도,평택시,서정동,855,정글 어린이공원(소사벌택지 12호),어린이공원,37.064395,127.059783
경기도,평택시,서정동,1119,정원 어린이공원,어린이공원,37.071931,127.062913
경기도,평택시,서정동,833,제1호 어린이공원 제130호(가재지구),어린이공원,37.067101,127.055243
인천광역시,남동구,만수동,111-452,동부초교2호,어린이공원,37.46283521,126.7270081
경기도,평택시,칠원동,250-8,어린이공원(통복지구),어린이공원,37.021009,127.110292
경기도,평택시,서정동,906,어울림 어린이공원(현촌지구),어린이공원,37.061307,127.057443
경기도,평택시,칠원동,산36-7,어인남 어린이공원,어린이공원,37.027298,127.10385
경기도,평택시,칠원동,128-2,어제 3호 어린이공원(모산영신지구),어린이공원,37.02738,127.104663
경기도,평택시,독곡동,472,오좌 어린이공원,어린이공원,37.084521,127.063593
경기도,평택시,서정동,868,옹기 어린이공원,어린이공원,37.065383,127.05756
경기도,평택시,서정동,809,용이1호 어린이공원(용이지구),어린이공원,37.06473,127.064543
경기도,평택시,장당동,631-1,용이2호 어린이공원(용이지구),어린이공원,37.048934,127.057736
경기도,평택시,도일동,1167-1,용이3호 어린이공원(용이지구),어린이공원,37.040157,127.100104
경기도,평택시,이충동,590,용이4호 어린이공원(용이지구),어린이공원,37.063458,127.066653
인천광역시,중구,운서동,2705-2,모란공원,어린이공원,37.4961381,126.4915469
인천광역시,중구,운서동,2743-2,매화공원,어린이공원,37.50092289,126.4876078
인천광역시,중구,운서동,2747-7,나리공원,어린이공원,37.4978014,126.4834584
인천광역시,중구,운서동,2776-1,창포공원,어린이공원,37.4923136,126.4844559
인천광역시,중구,운서동,2746-4,유수지공원,근린공원,37.49966379,126.480475
인천광역시,중구,운서동,2709-1,영마루공원,근린공원,37.49564134,126.4875425
인천광역시,중구,운서동,2787-4,앞마루공원,근린공원,37.49430175,126.4877598
인천광역시,중구,운서동,2788-5,뒷마루공원,근린공원,37.49145945,126.4876069
인천광역시,중구,운서동,2905,눈돌공원,어린이공원,37.48422918,126.5090904
인천광역시,중구,운서동,2895-15,용샘공원,어린이공원,37.48459863,126.5122676
인천광역시,중구,운서동,2915,큰말공원,어린이공원,37.48181912,126.5101199
경기도,성남시,분당구,수내동 127,푸른공원,어린이공원,37.368347,127.125026
경기도,성남시,분당구,수내동 110,수내공원,어린이공원,37.365138,127.127793
경기도,성남시,분당구,정자동 108,철쭉공원,어린이공원,37.36662,127.122276
경기도,성남시,분당구,정자동 114,한솔공원,어린이공원,37.366657,127.116956
경기도,성남시,분당구,정자동 91-1,느티마을공원,어린이공원,37.366344,127.11179
경기도,성남시,분당구,정자동 72,백현공원,어린이공원,37.371093,127.112209
경기도,성남시,분당구,정자동 145,봉우재공원,어린이공원,37.360864,127.112759
경기도,성남시,분당구,정자동 196,정든공원,어린이공원,37.361635,127.116607
경기도,성남시,분당구,정자동 204,불정공원,어린이공원,37.361641,127.120905
경기도,성남시,분당구,정자동 239,산자락공원,어린이공원,37.359016,127.124492
경기도,성남시,분당구,정자동 182,늘푸른공원,어린이공원,37.358198,127.106423
경기도,성남시,분당구,금곡동 135,앞구미공원,어린이공원,37.353656,127.113421
경기도,성남시,분당구,금곡동 146,청솔공원,어린이공원,37.351566,127.110778
경기도,성남시,분당구,구미동 32,뒷구미공원,어린이공원,37.348983,127.111281
경기도,성남시,분당구,구미동 51,벌말공원,어린이공원,37.347643,127.11087
경기도,성남시,분당구,구미동 73,까치마을공원,어린이공원,37.351106,127.118161
경기도,성남시,분당구,구미동 87,샘터공원,어린이공원,37.348802,127.118613
경기도,성남시,분당구,구미동 108,하얀공원,어린이공원,37.344952,127.118066
경기도,성남시,분당구,구미동 114,오리공원,어린이공원,37.344489,127.114141
경기도,성남시,분당구,구미동 138,수평공원,어린이공원,37.344918,127.111015
경기도,성남시,분당구,구미동 206,구미공원,어린이공원,37.337381,127.117348
경기도,성남시,분당구,구미동 281,골안공원,어린이공원,37.343102,127.124566
경기도,성남시,분당구,구미동 294,불곡공원,어린이공원,37.344699,127.126552
경기도,성남시,분당구,금곡동 183,파랑새공원,어린이공원,37.355144,127.106409
경기도,성남시,분당구,이매동 134,아름공원,어린이공원,37.402507,127.123017
경기도,성남시,분당구,이매동 144,매송공원,어린이공원,37.397615,127.122966
경기도,성남시,분당구,이매동 114,방아다리공원,어린이공원,37.397729,127.1258
경기도,성남시,분당구,이매동 148,이매길공원,어린이공원,37.393041,127.122257
경기도,성남시,분당구,이매동 119,구렛들공원,어린이공원,37.392358,127.124986
경기도,성남시,분당구,이매동 125,누엣길공원,어린이공원,37.389888,127.125635
경기도,성남시,분당구,서현동 78-4,솔밭공원,어린이공원,37.384611,127.1305
경기도,성남시,분당구,서현동 324,소공원공원,어린이공원,37.379521,127.136855
경기도,성남시,분당구,서현동 332,점골공원,어린이공원,37.376945,127.139984
경기도,성남시,분당구,분당동 101,양지공원,어린이공원,37.375174,127.144216
경기도,성남시,분당구,서현동 89-6,서현공원,어린이공원,37.382049,127.127045
경기도,성남시,분당구,서현동 94-1,분당공원,어린이공원,37.379099,127.131212
경기도,성남시,분당구,서현동 294,효자공원,어린이공원,37.376108,127.134976
경기도,성남시,분당구,서현동 302-1,서당공원,어린이공원,37.375182,127.134508
경기도,성남시,분당구,서현동 317-1,양영공원,어린이공원,37.373407,127.139339
경기도,성남시,분당구,서현동 314-1,수련공원,어린이공원,37.372477,127.14052
경기도,성남시,분당구,서현동 309,미래공원,어린이공원,37.371071,127.136006
경기도,성남시,분당구,분당동 194-3,안말공원,어린이공원,37.372686,127.143112
경기도,성남시,분당구,분당동 89,장안공원,어린이공원,37.370698,127.141045
경기도,성남시,분당구,분당동 124,동문공원,어린이공원,37.369265,127.146561
경기도,성남시,분당구,분당동 162,태현공원,어린이공원,37.367651,127.142454
경기도,성남시,분당구,분당동 179,선지봉공원,어린이공원,37.365555,127.141337
경기도,성남시,분당구,수내동 31,초림공원,어린이공원,37.375373,127.117613
경기도,성남시,분당구,수내동 26,햇빛공원,어린이공원,37.374582,127.116869
경기도,성남시,분당구,수내동 62,내정공원,어린이공원,37.372091,127.121449
전라남도,진도군,의신면,돈지리 산61-3,돈지공원,근린공원,34.44202848,126.2776189
전라남도,진도군,지산면,인지리 389,인지공원,근린공원,34.4298593,126.1657691
전라남도,진도군,진도읍,동외리 463,진도공원,근린공원,34.4897513,126.2705159
전라남도,진도군,고군면,고성리 산141,석현공원,근린공원,34.49747242,126.3130037
전라남도,진도군,임회면,석교리 산90-3,석교공원,근린공원,34.407954,126.1885624
전라남도,진도군,고군면,오산리 1434-1,오산공원,어린이공원,34.49460971,126.3416315
전라남도,진도군,군내면,녹진리 산7-3,녹진공원,어린이공원,34.5697508,126.2982658
전라남도,화순군,화순읍,광덕리 62,남산공원,근린공원,35.05904242,126.9862929
전라남도,화순군,화순읍,동구리 26,동구리호수공원,근린공원,35.0746406,126.9886635
전라남도,화순군,화순읍,만연리 232,광덕제1어린이공원,어린이공원,35.05956578,126.9929474
전라남도,화순군,화순읍,광덕리 363,광덕제2어린이공원,어린이공원,35.05645965,126.9913554
전라남도,화순군,화순읍,일심리 780,광덕제3어린이공원,어린이공원,35.05658408,126.9937649
전라남도,화순군,화순읍,신기리 405-1,신기제1어린이공원,어린이공원,35.0654426,126.990813
전라남도,화순군,화순읍,일심리 873-1,신기제2어린이공원,어린이공원,35.0612894,126.9980267
전라남도,화순군,화순읍,강정리 253-2,연양체육공원,체육공원,35.04541746,126.9683157
강원특별자치도,원주시,무실동,1653,너름근린공원,근린공원,37.33452034,127.9231346
강원특별자치도,원주시,무실동,1640-1,두름어린이공원,어린이공원,37.33686423,127.9250698
강원특별자치도,원주시,무실동,1644-1,구름어린이공원,어린이공원,37.33606611,127.9252742
강원특별자치도,원주시,개운동,438,개운어린이공원,어린이공원,37.33352376,127.9504146
강원특별자치도,원주시,명륜동,산169,명륜어린이공원,어린이공원,37.33425914,127.9405782
강원특별자치도,원주시,명륜동,836-2,주황어린이공원,어린이공원,37.32736113,127.9407893
강원특별자치도,원주시,단구동,1462-4,단구어린이공원,어린이공원,37.33033771,127.9524532
강원특별자치도,원주시,단계동,791,단계어린이공원,어린이공원,37.34503336,127.9356879
서울특별시,관악구,신림동,483-14,남부,어린이공원,37.48480913,126.920679
광주광역시,광산구,신창동,1173 등 5,역사,근린공원,35.19467258,126.8452966
광주광역시,광산구,신창동,1262,생태,근린공원,35.1941378249,126.8361305624
광주광역시,광산구,신창동,1112 (신창지구),가족,어린이공원,35.19885678,126.8386205
광주광역시,광산구,신창동,1170 (신창지구),용수,어린이공원,35.19668169,126.841870215
광주광역시,광산구,신창동,1269 (신창지구),생태,어린이공원,35.1941378249,126.8361305624
광주광역시,광산구,신창동,1231 (신창지구),솔솔,어린이공원,35.1934514923,126.8382155
광주광역시,광산구,신가동,1031 (신창지구),초록,어린이공원,35.18880493,126.8348428
광주광역시,광산구,신창동,1210-3 (신창지구),그린나래,어린이공원,35.1890856369,126.8380742
광주광역시,광산구,장덕동,1112,솔무,근린공원,35.19905395,126.8156063
광주광역시,광산구,장덕동,1048,신완,근린공원,35.1971337837,126.8132442739
광주광역시,광산구,장덕동,1308,잿등,근린공원,35.19420011,126.8127531
광주광역시,광산구,장덕동,1495,장덕,근린공원,35.18612707,126.8122464
광주광역시,광산구,장덕동,1295,원당산,근린공원,35.19123284,126.8163332
경기도,성남시,분당구,야탑동 178,양촌공원,어린이공원,37.406996,127.1469996261
경기도,성남시,분당구,야탑동 301,중탑공원,어린이공원,37.412079,127.135996
경기도,성남시,분당구,야탑동 385,탑공원,어린이공원,37.411659,127.131784
경기도,성남시,분당구,야탑동 534,종달새공원,어린이공원,37.406468,127.123285
경기도,성남시,분당구,야탑동 509,오야소공원,어린이공원,37.407939,127.126884
경기도,성남시,분당구,야탑동 529,무잡모퉁이공원,어린이공원,37.407294,127.127017
경기도,성남시,분당구,야탑동 516,장승백이공원,어린이공원,37.409522,127.131019
경기도,성남시,분당구,야탑동 524,무장들공원,어린이공원,37.407739,127.131019
경기도,성남시,분당구,야탑동 521,탑골공원,어린이공원,37.408353,127.136329
경기도,성남시,분당구,야탑동 167,목련공원,어린이공원,37.407838,127.13939
경기도,성남시,분당구,야탑동 164,신일공원,어린이공원,37.407194,127.144109
경기도,성남시,분당구,이매동 103,과수원공원,어린이공원,37.402458,127.125995
충청남도,당진시,송산면,가곡리 산54-8,공원:송산2 일반산업단지:2(파도공원),근린공원,36.968747,126.691564
충청남도,당진시,송산면,유곡리 194-1,공원:송산2 일반산업단지:3(나리공원),어린이공원,36.963797,126.693861
충청남도,당진시,송산면,유곡리 산5-7,공원:송산2 일반산업단지:3(자연공원),소공원,36.96687327,126.690844
충청남도,당진시,송산면,유곡리 536,공원:송산2 일반산업단지:4(꾀꼬리공원),소공원,36.965739,126.690925
충청남도,당진시,송산면,유곡리 495-1,공원:송산2 일반산업단지:4(두레공원),어린이공원,36.961748,126.691897
충청남도,당진시,송산면,가곡리 46-51,공원:송산2 일반산업단지:4(호수공원),근린공원,36.99071711,126.682546
충청남도,당진시,송산면,유곡리 216-2,공원:송산2 일반산업단지:5(나라공원),어린이공원,36.961753,126.693813
충청남도,당진시,송산면,유곡리 530-2,공원:송산2 일반산업단지:5(명랑공원),소공원,36.964912,126.690928
충청남도,당진시,송산면,유곡리 489,공원:송산2 일반산업단지:6(희망공원),소공원,36.962044,126.690967
충청남도,당진시,송산면,유곡리 485-7,공원:송산2 일반산업단지:7(누리공원),소공원,36.959267,126.690936
충청남도,당진시,송산면,유곡리 385,공원:송산2 일반산업단지:8(두어기공원),소공원,36.958219,126.689663
충청남도,당진시,송산면,유곡리 410-34,공원:송산2 일반산업단지:9,소공원,36.958308,126.6935418
충청남도,당진시,송악읍,한진리 404,공원:아산국가산단(고대:7)(고대공원),근린공원,36.973107,126.758749
충청남도,당진시,송악읍,한진리 403-4,공원:아산국가산단(고대:9)(해안공원),근린공원,36.976062,126.7775934
충청남도,당진시,송악읍,복운리 1631-1,공원:아산국가산단(부곡:1)(제1호어린이공원),어린이공원,36.942754,126.780674
충청남도,당진시,송악읍,부곡리 566,공원:아산국가산단(부곡:6)(상록수공원),근린공원,36.960728,126.780519
충청남도,당진시,송악읍,복운리 1656,공원:아산국가산단(부곡:8)(한진공원),근린공원,36.94328671,126.7846042
충청남도,당진시,합덕읍,석우리 산165-1,공원:합덕인더스파크일반산업단지:1(공원),소공원,36.472826,126.444476
충청남도,당진시,합덕읍,석우리 산165-1,공원:합덕인더스파크일반산업단지:2(공원),소공원,36.471417,126.445266
충청남도,당진시,합덕읍,석우리 1134,공원:합덕일반산업단지:1(공원),근린공원,36.816622,126.741665
서울특별시,송파구,마천동,344,남천,어린이공원,37.501303,127.1527103
서울특별시,송파구,장지동,123-1,늘봄,어린이공원,37.487571,127.133988
서울특별시,송파구,가락동,198,능골,어린이공원,37.493129,127.133207
서울특별시,송파구,가락동,165-4,대건,어린이공원,37.4971171,127.1320317
서울특별시,송파구,마천동,583,도담,어린이공원,37.49962097,127.159557
서울특별시,송파구,석촌동,258,돌마리,어린이공원,37.5006205,127.103249
서울특별시,송파구,마천동,375,돌무데기,어린이공원,37.492001,127.155103
충청남도,당진시,고대면,용두리 506,공원:822(용두리지구),소공원,36.925068,126.605035
충청남도,당진시,합덕읍,신리 70-8,공원:823(신리성지 7),역사공원,36.762616,126.771104
충청남도,당진시,우강면,송산리 147,공원:824(솔뫼성지),역사공원,36.819068,126.784592
충청남도,당진시,석문면,통정리 325-4,공원:825(통정리지구 1),근린공원,36.977702,126.593941
충청남도,당진시,석문면,통정리 산107-2,공원:826(통정리지구),어린이공원,36.984468,126.588329
충청남도,당진시,석문면,통정리 401-2,공원:827(통정리지구),어린이공원,36.98317988,126.591022
충청남도,당진시,석문면,통정리 산172-8,공원:828(통정리지구),어린이공원,36.9806388,126.5929853
충청남도,당진시,석문면,통정리 1160,공원:829(통정리지구),소공원,36.982446,126.587091
충청남도,당진시,석문면,통정리 338-17,공원:830(통정리지구),소공원,36.9766263,126.591625
충청남도,당진시,대호지면,조금리 산43-1,공원:831(창의사 역사공원),역사공원,36.903561,126.512878
충청남도,당진시,송악읍,고대리 167-120,공원:당진1철강 산업단지:공1,소공원,36.983085,126.739148
충청남도,당진시,석문면,통정리 1838,공원:석문국가산업단지:1(도량개들어린이공원),어린이공원,36.976855,126.589531
충청남도,당진시,석문면,통정리 1347,공원:석문국가산업단지:1(통정공원),근린공원,36.99731253,126.591159
충청남도,당진시,석문면,통정리 1505,공원:석문국가산업단지:2(석문공원),근린공원,37.00197892,126.5942953
충청남도,당진시,석문면,장고항리 1208,공원:석문국가산업단지:3(달맞이공원),근린공원,37.020935,126.580791
충청남도,당진시,석문면,장고항리 1430,공원:석문국가산업단지:4(해맞이공원),근린공원,37.023453,126.579568
충청남도,당진시,석문면,삼봉리 2240,공원:석문국가산업단지:5(솔숲공원),근린공원,37.011299,126.574763
충청남도,당진시,석문면,삼봉리 2151,공원:석문국가산업단지:6(삼봉공원),근린공원,37.011157,126.561294
충청남도,당진시,고대면,성산리 1630,공원:석문국가산업단지:7(진골공원),근린공원,36.976605,126.5813581
충청남도,당진시,석문면,통정리 2029,공원:석문국가산업단지:8(옛토성공원),근린공원,36.973918,126.590689
충청남도,당진시,송산면,동곡리 산73-1,공원:송산2 일반산업단지:1(공원),근린공원,36.9703534,126.7001301
충청남도,당진시,송산면,유곡리 산1-2,공원:송산2 일반산업단지:1(미래공원),어린이공원,36.965951,126.687917
충청남도,당진시,송산면,동곡리 165-39,공원:송산2 일반산업단지:1(파란공원),문화공원,36.974148,126.7022105
충청남도,당진시,송산면,유곡리 410-41,공원:송산2 일반산업단지:10,소공원,36.958969,126.692285
충청남도,당진시,송산면,유곡리 1444,공원:송산2 일반산업단지:11,소공원,36.959509,126.693025
충청남도,당진시,송산면,유곡리 232-17,공원:송산2 일반산업단지:12,소공원,36.958761,126.694586
충청남도,당진시,송산면,유곡리 산7-1,공원:송산2 일반산업단지:2(꿈공원),어린이공원,36.96661675,126.693408
충청남도,당진시,송악읍,기지시리 347,공원:609(송악:줄다리기공원),역사공원,36.905427,126.688826
충청남도,당진시,송악읍,중흥리 81-1,공원:701(중흥:1 공원),근린공원,36.929764,126.749989
충청남도,당진시,송악읍,중흥리 산110,공원:706(중흥:06 중흥공원),소공원,36.926337,126.743306
충청남도,당진시,순성면,봉소리 57-6,공원:801(봉소리지구 3),어린이공원,36.843872,126.7105935
충청남도,당진시,송악읍,한진리 108,공원:802(한진리지구 9),소공원,36.969695,126.7800797
충청남도,당진시,송악읍,한진리 377-7,공원:803(한진리지구 10),소공원,36.969254,126.779331
충청남도,당진시,송악읍,한진리 374,공원:804(한진리지구 11),소공원,36.971315,126.7800499
충청남도,당진시,송악읍,한진리 374,공원:805(한진리지구 12),소공원,36.971315,126.7800499
충청남도,당진시,송악읍,한진리85-1,공원:806(한진리지구 14),어린이공원,36.971088,126.779259
충청남도,당진시,송산면,상거리 311-7,공원:807(상거리지구 5),어린이공원,36.932884,126.682807
충청남도,당진시,송산면,상거리 103-3,공원:808(상거리지구 6),소공원,36.925441,126.685154
충청남도,당진시,송산면,상거리103-3,공원:809(상거리지구 7),소공원,36.925441,126.685154
충청남도,당진시,정미면,덕마리 305-2,공원:810(덕마리지구 1),근린공원,36.85269014,126.600463
충청남도,당진시,정미면,덕마리 305-2,공원:811(덕마리지구 2),근린공원,36.85269014,126.600463
충청남도,당진시,정미면,덕마리343-9,공원:812(덕마리지구 13),어린이공원,36.848864,126.598645
충청남도,당진시,신평면,운정리 214-5,공원:813(바다공원),근린공원,36.891829,126.822607
충청남도,당진시,신평면,매산리 516-40,공원:814(매산지구:행담2공원),소공원,36.940926,126.8095297
충청남도,당진시,신평면,남산리 3,공원:815(남산지구 소공원),소공원,36.876972,126.779649
충청남도,당진시,신평면,남산리 산86-7,공원:816(남산지구 어린이공원),어린이공원,36.87328796,126.780432
충청남도,당진시,신평면,신흥리 446-87,공원:817(남산지구 어린이공원),어린이공원,36.87772468,126.784268
충청남도,당진시,고대면,용두리 산20-1,공원:818(용두리지구),근린공원,36.92597838,126.599685
충청남도,당진시,고대면,용두리 668-3,공원:819(용두리지구),어린이공원,36.925591,126.597317
충청남도,당진시,고대면,용두리 586-1,공원:820(용두리지구),어린이공원,36.928862,126.601746
충청남도,당진시,고대면,용두리 산13-6,공원:821(용두리지구),소공원,36.926969,126.603778
경기도,평택시,독곡동,489,앞마당 어린이공원(용죽지구),어린이공원,37.081727,127.064462
경기도,평택시,지산동,1026,어린이공원 1호(황해경제자유구역 현덕지구),어린이공원,37.081061,127.059896
경기도,평택시,칠원동,산39-4,어린이공원(주공2단지재개발),어린이공원,37.022154,127.108465
울산광역시,중구,학성동,156-4,옥성공원,어린이공원,35.553545,129.335227
울산광역시,중구,학성동,463-1,행복공원,어린이공원,35.555329,129.332933
울산광역시,중구,우정동,281-45,우암공원,어린이공원,35.556238,129.311049
울산광역시,중구,반구동,677,서원공원,어린이공원,35.55641318,129.3461976
울산광역시,중구,장현동,189,앞들공원,어린이공원,35.588946,129.345664
울산광역시,중구,장현동,156-1,장티공원,어린이공원,35.58848845,129.3427747
울산광역시,중구,서동,597-4,다벗공원,어린이공원,35.58164748,129.3377756
광주광역시,동구,학동,625,학머리,어린이공원,35.135958,126.9269173
광주광역시,동구,계림동,1730,풍향,어린이공원,35.160909,126.927968
광주광역시,동구,산수동,708,율곡,어린이공원,35.15985601,126.9372678
광주광역시,동구,월남동,623,월남,어린이공원,35.10339656,126.938209
광주광역시,동구,학동,810,학운1,소공원,35.13049928,126.933169
광주광역시,동구,학동,781-15,학운2,소공원,35.13140446,126.932773
광주광역시,동구,학동,782-1,학운3,소공원,35.131232,126.9327996
광주광역시,동구,서석동,106-14,서남2-1,소공원,35.144371,126.922377
광주광역시,동구,서석동,117-2,서남2-2,소공원,35.144162,126.922333
광주광역시,동구,산수동,489-16,산수1동 3-1,소공원,35.154726,126.923214
광주광역시,동구,산수동,487-21,산수1동 3-2,소공원,35.154847,126.922527
광주광역시,동구,산수동,490-7,산수1동 3-3,소공원,35.15488243,126.923236
광주광역시,동구,용산동,226,지원2,소공원,35.11908285,126.930703
광주광역시,동구,산수동,363-11,동명 2-1,소공원,35.152792,126.9261039
광주광역시,동구,동명동,207-70,동명 2-2,소공원,35.152636,126.924836
광주광역시,동구,학동,1013,학동,역사공원,35.13113755,126.9263174
광주광역시,동구,학동,998,천변,수변공원,35.13960745,126.9192263
광주광역시,동구,학동,724-9,학동,근린공원,35.13303885,126.9347467
광주광역시,동구,계림동,68-6,계림4,근린공원,35.16087747,126.924069
광주광역시,동구,용산동,662,용산,근린공원,35.11967302,126.9241534
광주광역시,동구,동명동,80-15,동명,어린이공원,35.148794,126.9280029
강원도,평창군,대화면,대화리 1954-8,대화5공원,어린이공원,37.4901495375,128.4537223581
강원도,평창군,대화면,신리 664-1,신리제1어린이공원,어린이공원,37.529803676,128.4560533686
강원도,평창군,대관령면,횡계리 261-1,횡계제5어린이공원,어린이공원,37.668003034,128.7131239886
강원도,평창군,대관령면,횡계리 294-4,횡계제6어린이공원,어린이공원,37.675681204,128.7039029327
강원도,평창군,대관령면,횡계리 675,횡계제7어린이공원,어린이공원,37.6638753035,128.7133002526
강원도,평창군,용평면,재산리 1427-2,재산어린이공원,어린이공원,37.5640484895,128.4302283698
강원도,평창군,용평면,장평리 365-12,장평제1소공원,소공원,37.5874025936,128.4146072228
강원도,평창군,용평면,장평리 산144,장평제2소공원,소공원,37.5891319235,128.4173196874
강원도,평창군,용평면,장평리 317-21,장평제3소공원,소공원,37.5826981756,128.4114244136
강원도,평창군,봉평면,면온리 679-8,면온소공원,소공원,37.5641225558,128.349646254
강원도,평창군,평창읍,하리 132-1,하리소공원,소공원,37.3685624471,128.3940954446
강원도,평창군,진부면,송정리 1227,송정1공원,소공원,37.6462685777,128.5738247704
강원도,평창군,진부면,송정리 1252-4,송정2공원,소공원,37.6466916794,128.5716265351
강원도,평창군,진부면,송정리 1323,송정3공원,소공원,37.6424629213,128.570725898
강원특별자치도,속초시,동명동,374-2,탑공원,근린공원,38.2102104,128.5935765
강원특별자치도,속초시,조양동,1529,조양공원,근린공원,38.1881167,128.5904444
강원특별자치도,속초시,대포동,835-6,해맞이공원,근린공원,38.1631289,128.6085042
강원특별자치도,속초시,대포동,993,대포동역사공원,역사공원,38.17560532,128.6092058
강원특별자치도,속초시,도문동,996,도문동문화공원,문화공원,38.16642208,128.5753831
강원특별자치도,속초시,대포동,937,대포동수변공원,수변공원,38.17584448,128.6100737
전북특별자치도,익산시,현영동,169,배산 공원,근린공원,35.95988861,126.9403708
전북특별자치도,익산시,신용동,535,북일공원,근린공원,35.969643,126.9502539236
전북특별자치도,익산시,함열읍,와리 532-20,함열공원,근린공원,36.0827881,126.9583587
전북특별자치도,익산시,금마면,서고도리 216-10,보덕공원,근린공원,35.995109,127.0470874
전북특별자치도,익산시,금마면,동고도리 562,금마공원,근린공원,35.99530083,127.0542674
전라남도,광양시,광양읍,초남리 765,초남2공단,근린공원,34.9365337124,127.6050905067
강원특별자치도,속초시,교동,926-6,어린이공원3,어린이공원,38.2020495,128.5673435
강원특별자치도,속초시,교동,944,어린이공원4,어린이공원,38.2006268,128.5692289
강원특별자치도,속초시,교동,907-6,어린이공원5,어린이공원,38.2009148,128.5777368
강원특별자치도,속초시,노학동,152-1,어린이공원6,어린이공원,38.194763,128.5642445
강원특별자치도,속초시,교동,961-2,어린이공원7,어린이공원,38.1965516,128.5741019
강원특별자치도,속초시,교동,972,어린이공원8,어린이공원,38.1941002,128.5742229
강원특별자치도,속초시,조양동,1564,어린이공원10,어린이공원,38.18783047,128.5709154
강원특별자치도,속초시,조양동,1499-1,어린이공원12,어린이공원,38.1902545,128.5792271
강원특별자치도,속초시,조양동,1501-1,어린이공원13,어린이공원,38.18818477,128.5821813
강원특별자치도,속초시,조양동,1511-1,어린이공원14,어린이공원,38.1879238,128.5879322
강원특별자치도,속초시,조양동,1536,어린이공원15,어린이공원,38.188469,128.5931176
강원특별자치도,속초시,조양동,1571-1,어린이공원16,어린이공원,38.1874823,128.5972332
강원특별자치도,속초시,교동,902,어린이공원22,어린이공원,38.20643963,128.5793192
강원특별자치도,속초시,교동,798-26,어린이공원23,어린이공원,38.2024269,128.5704341
강원특별자치도,속초시,교동,800-34,어린이공원24,어린이공원,38.2009339,128.5710866
강원특별자치도,속초시,중앙동,469-16,어린이공원25,어린이공원,38.20717166,128.5910514
강원특별자치도,속초시,조양동,산278,논산공원,근린공원,38.1863533,128.5853385
강원특별자치도,속초시,영랑동,1-1,영금공원,근린공원,38.2132196,128.5995724
강원특별자치도,속초시,금호동,산278,영랑공원,근린공원,38.2096457,128.5698878
강원특별자치도,속초시,교동,775,만리공원,근린공원,38.20404078,128.5697157
강원특별자치도,속초시,동명동,산60-1,중앙공원,근린공원,38.21431471,128.5846041
전라남도,광양시,광양읍,우산리 산39-6,우산,문화공원,34.98530609,127.5863987197
경기도,평택시,비전동,867,44호 어린이공원(고덕국제화지구 율포리),어린이공원,36.997892,127.113339
경기도,평택시,죽백동,722-1공,45호 어린이공원(고덕국제화지구 율포리),어린이공원,37.007835,127.114714
경기도,평택시,세교동,190-4,46호 어린이공원(고덕국제화지구  해창리),어린이공원,37.003291,127.077025
경기도,평택시,비전동,1087공,47호 어린이공원(고덕국제화지구 당현리),어린이공원,37.001007,127.110353
경기도,평택시,동삭동,657-1,48호 어린이공원(고덕국제화지구 율포리),어린이공원,37.010922,127.093456
경기도,평택시,지제동,640-3답,49호 어린이공원(율포리),어린이공원,37.015581,127.073583
경기도,평택시,용이동,588-2,4호 어린이공원(화양지구),어린이공원,37.00204,127.133739
경기도,평택시,소사동,107-9,50호 어린이공원(고덕국제화지구  해창리),어린이공원,36.9924,127.129384
경기도,평택시,합정동,969,5호 어린이공원(화양지구),어린이공원,36.98861,127.112957
경기도,평택시,비전동,631-1,6호 어린이공원(화양지구),어린이공원,36.995846,127.088908
경기도,평택시,용이동,673,7호 어린이공원(화양지구),어린이공원,36.994217,127.12794
경기도,평택시,팽성읍,송화리 786-2,8호 어린이공원(서정동),어린이공원,36.960478,127.058004
경기도,평택시,세교동,562-6,8호 어린이공원(화양지구),어린이공원,36.99999,127.081609
경기도,평택시,동삭동,678-3,9호 어린이공원(서정동),어린이공원,37.01181,127.099547
경기도,평택시,팽성읍,객사리 88-2,JC 어린이공원,어린이공원,36.965569,127.064853
경기도,평택시,비전동,885-1,가족 어린이공원,어린이공원,36.99242,127.116668
경기도,평택시,동삭동,산88-1,가족(제2호) 어린이공원(영신지구),어린이공원,37.020748,127.079647
경기도,평택시,동삭동,695-8,개나리 어린이공원,어린이공원,37.008235,127.095028
대전광역시,서구,가수원동,925,윗용소,어린이공원,36.30788283,127.3496123
대전광역시,서구,변동,45-1,변정,어린이공원,36.32330852,127.382723
경기도,성남시,분당구,구미동 19,머내과학기술공원,근린공원,37.346685,127.106273
경기도,성남시,분당구,구미동 67,벌말공원,근린공원,37.348126,127.115298
경기도,성남시,분당구,"구미동 193-1, 2",오리공원,근린공원,37.341398,127.112007
경기도,성남시,분당구,구미동 209,진고개공원,근린공원,37.335621,127.114174
경기도,성남시,분당구,구미동 217,석촌공원,근린공원,37.336715,127.119794
경기도,성남시,분당구,구미동 299,구미공원,근린공원,37.342161,127.121948
경기도,성남시,분당구,야탑동422-3,맹산2공원,근린공원,37.405225,127.142006
경기도,성남시,분당구,수내동122,수내공원,근린공원,37.368142,127.128609
경기도,성남시,분당구,운중동 872,판교제1호(청계)공원,근린공원,37.39417,127.067968
경기도,성남시,분당구,운중동 953,판교제2호(운중)공원,근린공원,37.39004,127.075108
경기도,성남시,분당구,운중동 915,판교제3호(두밀)공원,근린공원,37.385294,127.07064
경기도,성남시,분당구,운중동 990,판교제4호(판교)공원,근린공원,37.3948997201,127.0835156568
경기도,성남시,분당구,삼평동 697,판교제6호(붓들)공원,근린공원,37.405929,127.107187
경기도,성남시,분당구,삼평동 717-2,판교제7호(송현)공원,근린공원,37.40903,127.117509
경기도,성남시,분당구,삼평동 637,판교제8호(화랑)공원,근린공원,37.397084,127.106227
경기도,성남시,분당구,백현동 542-1,판교제9호(나들이)공원,근린공원,37.394668,127.114921
경기도,성남시,분당구,백현동 523,판교제10호(낙생대)공원,근린공원,37.387525,127.107667
경기도,성남시,분당구,삼평동 669,판교제11호(판교테크노파크)공원,근린공원,37.398906,127.109224
경기도,성남시,분당구,야탑동 332,꿈동산공원,어린이공원,37.414578,127.126079
경기도,성남시,분당구,야탑동 337,하늘공원,어린이공원,37.414789,127.130737
경기도,성남시,분당구,야탑동 340,야탑공원,어린이공원,37.414125,127.13078
경기도,성남시,분당구,야탑동 206,연꽃공원,어린이공원,37.415454,127.137173
경기도,성남시,분당구,야탑동 214-1,매향공원,어린이공원,37.414721,127.137386
경기도,성남시,분당구,야탑동 208,새싹공원,어린이공원,37.415457,127.141081
경기도,성남시,분당구,야탑동 213-1,숲속공원,어린이공원,37.414024,127.140386
부산광역시,해운대구,중동,1830,922호소공원,소공원,35.1613725097,129.1692307796
부산광역시,해운대구,중동,1833,920호소공원,소공원,35.1601790384,129.1702614681
부산광역시,해운대구,중동,1838,921호소공원,소공원,35.1599489588,129.1676789873
부산광역시,해운대구,재송동,1352,소공원,소공원,35.1914571,129.1171145722
부산광역시,해운대구,석대동,624,소공원(951),소공원,35.22070778,129.1184021
부산광역시,해운대구,재송동,산51,재송소공원,소공원,35.1878414,129.1322709
부산광역시,해운대구,좌동,1447-1,자유공원,어린이공원,35.1677819,129.1848492
부산광역시,해운대구,좌동,1322,직녀공원,어린이공원,35.17125289,129.1805602
부산광역시,해운대구,좌동,1376,소담공원,어린이공원,35.17851458,129.1665199
부산광역시,해운대구,좌동,1347-4,웃음누리공원,어린이공원,35.16847014,129.1673318
부산광역시,해운대구,좌동,1349,푸른공원,어린이공원,35.17199733,129.1683664
부산광역시,해운대구,좌동,1364,해바람공원,어린이공원,35.17105879,129.163919
부산광역시,해운대구,좌동,1416,미리내공원,어린이공원,35.17826585,129.1791161
부산광역시,해운대구,좌동,1397,산들공원,어린이공원,35.17935913,129.1723708
부산광역시,해운대구,좌동,1311,견우공원,어린이공원,35.17152923,129.1799416
부산광역시,해운대구,송정동,"305-5,22",솔바람공원,어린이공원,35.18029774,129.1983501
부산광역시,해운대구,반여동,1635,노을공원,어린이공원,35.20209966,129.1235168
부산광역시,해운대구,반여동,1620,바람공원,어린이공원,35.20451896,129.1219044
부산광역시,해운대구,반여동,1663,별바라기공원,어린이공원,35.19818054,129.1185131
부산광역시,해운대구,반여동,1659,새싹공원,어린이공원,35.1966116,129.1243500245
부산광역시,해운대구,반여동,1640,한마음공원,어린이공원,35.2005549,129.120578
부산광역시,해운대구,반여동,1291-2,희망공원,어린이공원,35.197702,129.1334271
부산광역시,해운대구,반여동,1601-2,꿈에공원,어린이공원,35.20118385,129.1322645
부산광역시,해운대구,반여동,1594-68,으뜸공원,어린이공원,35.199106,129.1344203
부산광역시,해운대구,반송동,산51-120,꽃다래공원,어린이공원,35.2188983,129.1558447239
부산광역시,해운대구,반송동,873,운봉공원,어린이공원,35.2303502,129.1618731
부산광역시,해운대구,반송동,891,꽃망울공원,어린이공원,35.22818449,129.1590067
부산광역시,해운대구,재송동,1160-1,별천지공원,어린이공원,35.19158333,129.1327515
부산광역시,해운대구,재송동,1040-4,푸른숲공원,어린이공원,35.191395,129.1265798
부산광역시,해운대구,재송동,1057-19,한빛공원,어린이공원,35.1884197,129.1246118
부산광역시,해운대구,우동,1407-12,제니스소공원(1),소공원,35.15731827,129.1441783
부산광역시,해운대구,우동,1407-13,제니스소공원(2),소공원,35.15589121,129.1459399975
부산광역시,해운대구,우동,598-17,솔밭소공원,소공원,35.1643689,129.1620958
서울특별시,성북구,석관동,산1-77,돌뫼,어린이공원,37.60510034,127.0528072
경기도,포천시,일동면,기산리 287-28,기산근린공원,근린공원,37.95389695,127.3183645
부산광역시,해운대구,좌동,1390,대천산림문화공원,문화공원,35.1813394289,129.1678282851
부산광역시,해운대구,우동710-3,,동백공원,근린공원,35.15259434,129.1525397
부산광역시,해운대구,우동,703-1,해운대공원,근린공원,35.15825347,129.1564918
부산광역시,해운대구,우동,1494,APEC나루공원,근린공원,35.16790825,129.1273173
부산광역시,해운대구,우동,993-31,동래-해운대공원,근린공원,35.16181249,129.1464404252
부산광역시,해운대구,중동,1762,오산공원,근린공원,35.16713479,129.1732319
부산광역시,해운대구,좌동,1325,부흥공원,근린공원,35.16893565,129.1818791
부산광역시,해운대구좌동,1371-1,,장산공원,근린공원,35.17440803,129.1651705
부산광역시,해운대구,좌동,1381,대천공원,근린공원,35.18163195,129.1670878
부산광역시,해운대구,반여동,1630,반여공원,근린공원,35.1994919,129.1236657
부산광역시,해운대구,반여동,1634,아시아선수촌공원,근린공원,35.20216233,129.1226305
부산광역시,해운대구,반여동,산110-2,초록공원,근린공원,35.2031394724,129.1367113721
부산광역시,해운대구,석대동,24,해운대수목원,근린공원,35.2299145255,129.1350077788
부산광역시,해운대구,반송동,844-2,반송근린공원,근린공원,35.22024108,129.1592756
부산광역시,해운대구,반송동,882(반송택지개발지구),담안골공원,근린공원,35.2277501,129.163538
부산광역시,해운대구,우동,1408-2,아이파크공원,어린이공원,35.1577488,129.1434158
부산광역시,해운대구,우동,759-15,운촌어린이공원,어린이공원,35.1585421,129.1521893
부산광역시,해운대구,우동,1536,도담공원,어린이공원,35.1683485566,129.1427665034
부산광역시,해운대구,중동,1508-10,다소미공원,어린이공원,35.1575399,129.1763098
부산광역시,해운대구,중동,1816,미소공원,어린이공원,35.16153597,129.1776534
부산광역시,해운대구,중동,1516-1,바다내음공원,어린이공원,35.1612302,129.1720429
부산광역시,해운대구,좌동,1311,견우공원,어린이공원,35.17152923,129.1799416
부산광역시,해운대구,좌동,1293,햇살공원,어린이공원,35.1753801,129.1746027
부산광역시,해운대구,좌동,1334,거미줄공원,어린이공원,35.1656385,129.1790889
부산광역시,해운대구,좌동1336,,꿈나무공원,어린이공원,35.1663624,129.1776921
부산광역시,해운대구,좌동,1437-3,누림공원,어린이공원,35.17311197,129.1842377
부산광역시,해운대구,좌동,1452,와우공원,어린이공원,35.16504225,129.1811558
경기도,포천시,신북면,계류리 23-13,신북 제3공원,어린이공원,37.943244,127.1890246258
경기도,포천시,소흘읍,송우리 110-71,소흘 제5공원,어린이공원,37.828965,127.1488017946
경기도,포천시,소흘읍,송우리 455-1,소흘 제6공원,어린이공원,37.825348258,127.144643
경기도,포천시,신읍동,227-3,신읍공원,어린이공원,37.903962,127.202954
경기도,포천시,관인면,초과리 산3,초과공원,근린공원,38.156661,127.247443
경기도,포천시,영북면,운천리 산17-1,운천공원,근린공원,38.089037,127.276013
경기도,포천시,이동면,장암리 460,장암공원,근린공원,38.0314546211,127.361943
경기도,포천시,영중면,양문리 산19-2,영중공원,근린공원,38.0074736529,127.250307
경기도,포천시,일동면,기산리 산138-1,기산공원,근린공원,37.9539018191,127.317013
경기도,포천시,신읍동,108-15,포천체육공원,체육공원,37.89390637,127.1977855
경기도,포천시,선단동,산39,선단공원,근린공원,37.85622036,127.159816
경기도,포천시,군내면,용정리 489,근린공원3,근린공원,37.8754143076,127.205699164
경기도,포천시,신읍동,425,근린공원(39),근린공원,37.88934351,127.1905619551
경기도,포천시,군내면,구읍리617-2,어린이공원,어린이공원,37.88976034,127.2055442304
경기도,포천시,군내면,하성북리 637-5,청성역사공원,역사공원,37.892594,127.210097351
경기도,포천시,가산면,방축리 산16-1,화봉공원,근린공원,37.841649,127.175685
경기도,포천시,군내면,하성북리 552,어린이공원,어린이공원,37.89978338,127.2116956209
경기도,포천시,군내면,하성북리 742-5,어린이공원,어린이공원,37.90023495,127.2104246286
경기도,포천시,소흘읍,송우리 37-12,어린이공원,어린이공원,37.8359279,127.1516838
경기도,포천시,소흘읍,송우리 43,어린이공원,어린이공원,37.83651426,127.149426561
경기도,포천시,신읍동,402-4,어린이공원,어린이공원,37.88799858,127.1968866102
경기도,포천시,신읍동,430-2,어린이공원,어린이공원,37.88911103,127.1938129679
경기도,포천시,이동면,장암리 517-8,이동어린이공원1,어린이공원,38.03474185,127.3681846
경기도,포천시,군내면,용정리 491,근린공원2,근린공원,37.8796087214,127.199960034
경기도,포천시,선단동,"산41, 706-4번지 일원",선단동문화공원,문화공원,37.85478377,127.1563885
경기도,포천시,선단동,427-1,어린이공원,어린이공원,37.85477443,127.1639341
서울특별시,성북구,석관동,168-86,샛별,어린이공원,37.614016,127.0642987
대구광역시,달성군,논공읍,금포리 2467,금포1공원,어린이공원,35.7745353,128.4269991
대구광역시,달성군,논공읍,금포리 2486,금포2공원,어린이공원,35.77181926,128.4267239
대구광역시,달성군,논공읍,금포리 2459,금포3공원,어린이공원,35.77680877,128.429633
대구광역시,달성군,논공읍,금포리 2440,금포4공원,어린이공원,35.77333429,128.4254959
대구광역시,달성군,논공읍,금포리 2481,금포5공원,어린이공원,35.76985898,128.4275016
서울특별시,강북구,미아동,258-148,미아도심소,어린이공원,37.62544556,127.0313106
서울특별시,강북구,미아동,258-236,오패,어린이공원,37.6223139,127.0323129
서울특별시,강북구,미아동,222-20,한빛,어린이공원,37.6275981,127.0229662
서울특별시,강북구,미아동,165-3,운산,어린이공원,37.6321329,127.025456
서울특별시,강북구,송천동,329-15,솔샘,어린이공원,37.6184142,127.0270508
서울특별시,강북구,미아동,309-43,으뜸,어린이공원,37.6236134,127.0262421
서울특별시,강북구,미아동,159-71,세일,어린이공원,37.6338794,127.0252746
서울특별시,강북구,미아동,산108-19,북한산도시자연공원,기타,37.6210716,127.0083592
서울특별시,강북구,삼양동,776-17,청암,어린이공원,37.6241079,127.0171437
서울특별시,강북구,송천동,707-73,응달마을,어린이공원,37.618455,127.024343
서울특별시,강북구,삼양동,791-1776,하늘,어린이공원,37.6247032,127.012899
서울특별시,강북구,송중동,92-7,송월,어린이공원,37.6163653,127.0321067
서울특별시,강북구,삼양동,791-1467,소망,소공원,37.6258055,127.0154221
서울특별시,강북구,삼양동,791-1712,미래,소공원,37.6246182,127.0145881
서울특별시,강북구,삼양동,797-9,늘푸른,소공원,37.6254089,127.0197435
서울특별시,강북구,삼각산동,813-6,폭포,소공원,37.612576,127.021656
서울특별시,강북구,삼각산동,811-7,꼭지,소공원,37.6188024,127.017338
서울특별시,강북구,삼각산동,811-8,테두리,어린이공원,37.6186251,127.0176915
서울특별시,강북구,삼각산동,811-13,고갯마루,어린이공원,37.6164203,127.0169389
서울특별시,강북구,송중동,8-73,미아,어린이공원,37.6152567,127.0375807
서울특별시,강북구,송중동,71-1,미,소공원,37.6137937,127.0305656
전라남도,해남군,북평면,남창리 439-1,북평근린공원,근린공원,34.40820737,126.6271905
전라남도,장성군,사거리,691,북이1호공원,소공원,35.426397,126.807416
전라남도,장성군,북일면,성덕리 산108-27,웰빙공원,소공원,35.3798172,126.7676027
전라남도,장성군,삼계면,주산리 635,상무공원,체육공원,35.250924,126.670695
경기도,포천시,소흘읍,송우리 728-9,솔모루공원,근린공원,37.827697,127.138654527
경기도,포천시,영북면,운천리 산17-1,운천 제2공원,어린이공원,38.089037,127.276013
경기도,포천시,영북면,운천리 548-4,운천 제3공원,어린이공원,38.08797516,127.2706517
경기도,포천시,일동면,기산리 96-119,일동 제1공원,어린이공원,37.95917021,127.3139973967
경기도,포천시,선단동,667,선단 제2공원,어린이공원,37.8583380872,127.1551334285
경기도,포천시,소흘읍,송우리 725-5,소흘 제1공원(솔방울공원),어린이공원,37.833845,127.1459901826
경기도,포천시,소흘읍,송우리 727-3,소흘 제2공원(노을공원),어린이공원,37.8328123964,127.141855
경기도,포천시,소흘읍,송우리 725-8,소흘 제3공원(물방울공원),어린이공원,37.832803,127.149662
경기도,포천시,소흘읍,송우리 729-10,소흘 제4공원(은행나무공원),어린이공원,37.8289236507,127.1414474701
경기도,포천시,소흘읍,송우리 730-2,소흘 제7공원(아우라지공원),어린이공원,37.824269,127.139125671
경기도,포천시,선단동,808-40,선단 제1공원,어린이공원,37.8591427451,127.1504285073
경기도,포천시,소흘읍,이동교리 산1,소흘체육공원,체육공원,37.82426366,127.1255178
경기도,포천시,선단동,9-9,선단 제3공원,어린이공원,37.857594,127.1723679035
경기도,포천시,선단동,433-3,선단제4공원,어린이공원,37.854638,127.163716
경기도,포천시,소흘읍,송우리 726-4,태봉근린공원,근린공원,37.83309387,127.1436888
경기도,포천시,선단동,23,선단 제5공원,어린이공원,37.849509,127.1658008708
경기도,포천시,가산면,마산리 455-1,마산공원,어린이공원,37.8471575469,127.182715
경기도,포천시,가산면,방축리 43-1,방축공원,어린이공원,37.8406116,127.1781444
경기도,포천시,영북면,운천리 470-13,운천 제1공원,어린이공원,38.0931381765,127.2708473596
경기도,포천시,신북면,계류리 60,신북 제1공원,어린이공원,37.94650259,127.187985
경기도,포천시,신북면,계류리 21-2,신북 제2공원,어린이공원,37.945522,127.188897
경상남도,통영시,도산면,법송리 1409,법송공원,소공원,34.8909710217,128.3682282316
대구광역시,동구,도동,산 46,용암산성 산림휴양공원,기타,35.920039,128.671269
서울특별시,광진구,자양동,199-4,성화공원,어린이공원,37.53620746,127.061859
서울특별시,광진구,자양동,689-6,양마장공원,어린이공원,37.5308707,127.0887271
서울특별시,광진구,자양동,792-1,자양공원,어린이공원,37.5335548,127.0698629
서울특별시,광진구,화양동,32-1,가중나무공원,어린이공원,37.54651869,127.0677034
서울특별시,광진구,화양동,12-55,한아름공원,어린이공원,37.5443368,127.0704685
서울특별시,광진구,화양동,45-3,햇님공원,어린이공원,37.5426933,127.0670227
서울특별시,광진구,화양동,8-36,화양공원,어린이공원,37.54160778,127.0696005
서울특별시,광진구,군자동,159-1,남일공원,어린이공원,37.5559474,127.0736903
서울특별시,광진구,군자동,115-1,군자공원,어린이공원,37.55456506,127.0728509
서울특별시,광진구,중곡동,232-44,중곡공원,어린이공원,37.5645362,127.079141
서울특별시,광진구,중곡동,695,배나무터공원,어린이공원,37.56834108,127.0802695
서울특별시,광진구,중곡동,100-16,해오름공원,어린이공원,37.55678467,127.0921845
서울특별시,광진구,중곡동,51-6,한마음공원,어린이공원,37.5595627,127.083993
서울특별시,광진구,중곡동,68-19,긴고랑공원,어린이공원,37.55888021,127.0910186
서울특별시,광진구,구의동,216-5,개나리공원,어린이공원,37.538013,127.0923645
서울특별시,광진구,구의동,223-4,목련공원,어린이공원,37.54064005,127.0906545
서울특별시,광진구,구의동,206-10,무궁화공원,어린이공원,37.5412468,127.0945509
서울특별시,광진구,구의동,590-2,장미공원,어린이공원,37.5362728,127.0901418
서울특별시,광진구,구의동,227-13,푸른동산공원,어린이공원,37.5429034,127.0911933
서울특별시,광진구,구의동,60-8,구둘공원,어린이공원,37.5481208,127.0921708
서울특별시,광진구,구의동,560-5,산마루공원,어린이공원,37.55507,127.095143
서울특별시,광진구,구의동,546-2,구의공원,어린이공원,37.53650324,127.0947414
서울특별시,광진구,구의동,249-25,명성공원,어린이공원,37.541424,127.0867221
부산광역시,부산진구,가야동,156 일원,몰리소공원,소공원,35.15251389,129.0299297
부산광역시,부산진구,초읍동,산66-1,초연공원,근린공원,35.1800522908,129.0488899167
부산광역시,부산진구,전포동,109-1,양정공원,근린공원,35.1679602928,129.0681369556
부산광역시,부산진구,초읍동,43,어린이대공원,근린공원,35.1827189858,129.0469946162
부산광역시,부산진구,가야동,669-11,가야산책공원,근린공원,35.1477989,129.0274101742
부산광역시,부산진구,개금동,56,개금숲길공원,근린공원,35.1610077,129.0260603
부산광역시,부산진구,양정동,산73-28,화지공원,근린공원,35.17523615,129.0619366
부산광역시,부산진구,당감동,794-2,백양가족공원,근린공원,35.1735180733,129.0289001432
부산광역시,부산진구,범전동,200,시민공원,근린공원,35.16545561,129.0558558
부산광역시,부산진구,전포동,산65-3,돌산공원,근린공원,35.1493767202,129.0720579865
부산광역시,부산진구,초읍동,181-1,백양어린이공원,어린이공원,35.1812528,129.0520713609
부산광역시,부산진구,개금동,53-4,개나리어린이공원,어린이공원,35.1607473327,129.0290480064
부산광역시,부산진구,당감동,516-5,솔바람어린이공원,어린이공원,35.161250281,129.0315579888
부산광역시,부산진구,개금동,1-2,화목어린이공원,어린이공원,35.1624500325,129.0227771969
부산광역시,부산진구,개금동,1-10,까치어린이공원,어린이공원,35.1635241897,129.0258829155
부산광역시,부산진구,당감동,794-1,백두어린이공원,어린이공원,35.1723937,129.0256641874
부산광역시,부산진구,당감동,796-3,미리내어린이공원,어린이공원,35.1718501,129.0290792
서울특별시,관악구,봉천동,산 103-52,상도근린공원,근린공원,37.491879,126.9414281
서울특별시,관악구,신림동,1580-22,호박골,어린이공원,37.48197587,126.923932
서울특별시,관악구,신림동,103-141,해태,어린이공원,37.472323,126.940612
서울특별시,관악구,봉천동,662-122,당곡,어린이공원,37.48872668,126.9335718
서울특별시,관악구,남현동,602-143,군아파트,어린이공원,37.471823,126.978932
서울특별시,관악구,남현동,602-196,상록,어린이공원,37.472906,126.980544
서울특별시,관악구,남현동,602-333,남현,어린이공원,37.47191194,126.981333
서울특별시,관악구,남현동,1083-1,예촌,어린이공원,37.47453441,126.9768782
서울특별시,관악구,신림동,652-160,난우,어린이공원,37.466402,126.921869
경상남도,의령군,의령읍,동동리 191,공원3,어린이공원,35.31954864,128.2795754
경상남도,의령군,의령읍,동동리 187-20,공원4,어린이공원,35.3199245,128.2802641
경상남도,의령군,의령읍,동동리 187-6,공원5,어린이공원,35.3219814,128.2802587
경상남도,의령군,의령읍,동동리 1658,공원1,소공원,35.31849917,128.2699334
경상남도,의령군,의령읍,동동리 1714,공원2,소공원,35.31887224,128.2712422
경상남도,의령군,의령읍,동동리 1574,공원3,소공원,35.31975735,128.2714759
경상남도,의령군,의령읍,동동리 1560,공원4,소공원,35.32045937,128.2712101
경상남도,의령군,의령읍,동동리 219-2,공원5,소공원,35.3222475,128.2767837
경상남도,의령군,의령읍,동동리 207-1,공원6,소공원,35.3222539,128.2779503
경상남도,의령군,의령읍,동동리 2,공원7,소공원,35.32391308,128.2807416
경상남도,의령군,의령읍,동동리 187-9,공원8,소공원,35.3213631,128.2797164
경상남도,의령군,의령읍,동동리 187-13,공원9,소공원,35.3209179,128.2802625
경상남도,의령군,정곡면,백곡리 1069-1,백곡소공원,소공원,35.34903944,128.3565809
경상남도,의령군,대의면,추산리 산95,추산소공원,소공원,35.36126173,128.1043583
경상남도,의령군,대의면,추산리 산86,부곡소공원,소공원,35.36268822,128.1082411
경상남도,의령군,대의면,추산리 347,대의소공원,소공원,35.363503,128.1023651
경상남도,의령군,의령읍,서동리 524,서동소공원,소공원,35.31816374,128.2536979
대구광역시,달성군,화원읍천내리,38,천내1공원,어린이공원,35.80488917,128.5001945
대구광역시,달성군,화원읍,천내리 110,천내2공원,어린이공원,35.8067921,128.495812
대구광역시,달성군,화원읍,명곡리 140,명곡1공원,어린이공원,35.79714138,128.5003393
대구광역시,달성군,화원읍,명곡리 115,명곡2공원,어린이공원,35.79888076,128.4978216
대구광역시,달성군,화원읍,명곡리 103,명곡3공원,어린이공원,35.79902958,128.495734
대구광역시,달성군,화원읍,명곡리 131,명곡4공원,어린이공원,35.79577718,128.494511
대구광역시,달성군,화원읍,명곡리 220-2,명곡5공원,어린이공원,35.79751876,128.492416
대구광역시,달성군,화원읍,본리리 113-3,본리미리내공원,어린이공원,35.80254052,128.509841
대구광역시,달성군,화원읍,본리리 95,본리예슬공원,어린이공원,35.80138585,128.5084012
대구광역시,달성군,논공읍,본리리 산50,달성공단(단지내)공원,근린공원,35.73771573,128.4620453
대구광역시,달성군,논공읍,북리 803-79,북리공원,어린이공원,35.72981057,128.4424924
부산광역시,영도구,동삼동,510-36,중리어린이공원,어린이공원,35.0747356,129.0713706
부산광역시,영도구,동삼동,510-4,와치어린이공원,어린이공원,35.07578869,129.0677495
부산광역시,영도구,동삼동,510-29,푸른어린이공원,어린이공원,35.0740081,129.0675833
부산광역시,영도구,동삼동,1174-6,하리지구 소공원,소공원,35.06972055,129.0815802
부산광역시,영도구,동삼동,1179,하리지구 소공원,소공원,35.06865839,129.0824214
부산광역시,영도구,봉래동4가,119,푸른소공원,소공원,35.093015,129.046409
부산광역시,영도구,봉래동4가,164-13,하늘소공원,소공원,35.092063051,129.049227
대전광역시,동구,홍도동,111-1,동산공원,어린이공원,36.34733097,127.4209003
대전광역시,동구,홍도동,142-4,홍도공원,어린이공원,36.34443276,127.422135
대전광역시,동구,용전동,132-3,용전공원,어린이공원,36.3513955,127.4336621
대전광역시,동구,용전동,177-12,진등공원,어린이공원,36.35124803,127.4304311
대전광역시,동구,가양동,35-1,흥룡공원,어린이공원,36.35184921,127.4483209
대전광역시,동구,가양동,430-6,매봉공원,어린이공원,36.34816016,127.4427395
대전광역시,동구,성남동,495-1,성남공원,어린이공원,36.34811713,127.4369008
대전광역시,동구,가양동,652-4,가팔공원,어린이공원,36.34438053,127.449889
대전광역시,동구,가양동,161-1,유림공원,역사공원,36.34781711,127.452714
대전광역시,동구,자양동,111-5,무궁화공원,어린이공원,36.33305266,127.4512567
대전광역시,동구,용운동,389-2,용운공원,근린공원,36.32570311,127.4638526
대전광역시,동구,용운동,284-1,도리공원,어린이공원,36.32944383,127.4613736
대전광역시,동구,용운동,377-7,선암공원,어린이공원,36.32602972,127.4603026
대전광역시,동구,판암동,205,판암공원,어린이공원,36.3167065,127.4627218
전라남도,순천시,연향동1055-1,,명말2공원,소공원,34.94077365,127.5128339
전라남도,순천시,주암면,창촌리,청수거북이공원,역사공원,35.0585847,127.2813107
전라남도,순천시,서면,선평리 818,강청공원,수변공원,34.9872296,127.4993829
전라남도,순천시,매곡동,549-1,동천고수부지,수변공원,34.96287044,127.4886346
전라남도,장성군,장성읍,영천리 산202-1 외 19필,장성공원,근린공원,35.2963899,126.7826422
전라남도,장성군,장성읍,수산리1 외 21필,동산동원,근린공원,35.3269965,126.805463
전라남도,장성군,장성읍,영천리1479-68 외 2필,영천1호공원,어린이공원,35.3040925,126.7830892
전라남도,장성군,장성읍,영천리산200-1 외 7필,영천9호공원,어린이공원,35.2963899,126.7826422
전라남도,장성군,남면,덕성리971-6 외 3필,회신1호공원,소공원,35.2533858,126.7845892
전라남도,장성군,동화면,남평리1068,남평문화공원,소공원,35.274554,126.7289176
전라남도,장성군,동화면,남평리 1059-2,남평공원,체육공원,35.2738902,126.7317369
전라남도,장성군,황룡면,장산리 731,장산1호,소공원,35.2952873,126.7716348
전라남도,장성군,황룡면,장산리 682-5,장산2호공원,소공원,35.2957826,126.7674396
전라남도,장성군,황룡면,장산리 697-1,장산공원,근린공원,35.2955934,126.7694446
전라남도,장성군,삼서면,유평리 760-9,유평3공원,소공원,35.2494009,126.627693
전라남도,장성군,삼서면,유평리759-1,유평4공원,소공원,35.2502251,126.6291484
전라남도,장성군,삼서면,유평리760-9,유평5공원,소공원,35.2494009,126.627693
전라남도,장성군,삼서면,유평리 762-6,유평1공원,문화공원,35.2486094,126.6292885
전라남도,장성군,삼서면,유평리 166-1,유평2공원,체육공원,35.2464262,126.6275252
전라남도,장성군,삼서면,유평리 349-1 외 72필,유평지구농어촌테마공원,문화공원,35.2462895,126.6297821
전라남도,장성군,남면,삼태리 325-6 외 35필,나노1호공원,근린공원,35.2393982,126.832041
전라남도,장성군,남면,삼태리 산97 외 23필,나노2호공원,근린공원,35.235111,126.832159
전라남도,장성군,남면,삼태리 산46-2 외 19필,나노3호공원,근린공원,35.242815,126.834673
전라남도,장성군,삼계면,주산리 408 외 34필,평화공원,역사공원,35.248714,126.6717206
전라남도,장성군,북하면,덕재리 1100-4,덕재공원,소공원,35.4120156,126.8527497
전라남도,장성군,삼서면,유평리 757-12,유평6공원,소공원,35.2469445,126.6289722
전라남도,장성군,수옥리,865-4,평림댐공원,수변공원,35.285855,126.684203
경기도,평택시,고덕면,해창리 490-2대,소사1 어린이공원(소사지구),어린이공원,37.042464,127.014761
경기도,평택시,고덕면,율포리 438-11임,소사뜰 어린이공원(소사2지구),어린이공원,37.047403,127.030629
경기도,평택시,고덕면,율포리 376전,소사벌 어린이공원,어린이공원,37.0503,127.034107
경기도,평택시,고덕면,해창리 61-1답,송담4로 어린이공원(안중송담지구),어린이공원,37.031237,127.031844
경기도,평택시,고덕면,당현리 524-2답,송담5길 어린이공원(안중 송담지구),어린이공원,37.064697,127.031864
경기도,평택시,고덕면,율포리 480답,송담6길 어린이공원(안중 송담지구),어린이공원,37.049688,127.025091
경기도,평택시,고덕면,율포리 106답,송담8길 어린이공원(안중 송담지구),어린이공원,37.042946,127.042342
경기도,평택시,고덕면,해창리 382존,송담9길 어린이공원(안중 송담지구),어린이공원,37.036711,127.023278
경기도,평택시,서정동,692-5대,송북 어린이공원,어린이공원,37.071243,127.059738
경기도,평택시,서정동,산127-13임,송천 어린이공원,어린이공원,37.061306,127.043194
경기도,평택시,지산동,1136,송화 어린이공원,어린이공원,37.077127,127.066247
경기도,평택시,이충동,631,수촌1 어린이공원(수촌지구),어린이공원,37.057816,127.063011
경기도,평택시,장당동,641-9,수촌2 어린이공원(수촌지구),어린이공원,37.051757,127.064859
경기도,평택시,이충동,676,숲속 어린이공원(소사벌택지 1호),어린이공원,37.058548,127.069157
경기도,평택시,이충동,687,신대쌈지 어린이공원,어린이공원,37.060955,127.069178
경기도,평택시,서정동,845,신서 어린이공원,어린이공원,37.066265,127.061203
경기도,평택시,칠원동,393-4,신작 어린이공원,어린이공원,37.026563,127.109632
경기도,평택시,칠원동,388-4,신촌 새마답 어린이공원(신촌지구 동부 103호),어린이공원,37.024643,127.109529
경기도,평택시,고덕면,두릉리 797-1,신촌 장자울 어린이공원(신촌지구 동부 104호),어린이공원,37.06351,127.027702
경기도,평택시,지산동,1260,신흥 어린이공원(신흥지구),어린이공원,37.082884,127.068815
경기도,평택시,장당동,632-1,안정 어린이공원(안정지구 6호),어린이공원,37.051373,127.061853
경기도,평택시,칠원동,산62-3,안중 22호 어린이공원(인광지구),어린이공원,37.035098,127.105155
경기도,평택시,서정동,786,암석 제3호 어린이공원(영신지구),어린이공원,37.069903,127.055693
인천광역시,남동구,만수동,111-185,동부초교1호,어린이공원,37.462136,126.7266065
전라남도,순천시,저전동148-2,,소공원18,소공원,34.9521669,127.482496
전라남도,순천시,조곡동263-34,,소공원19,소공원,34.9514657,127.4959893
전라남도,순천시,금곡동13-5,,소공원20,소공원,34.9561634436,127.4786803393
전라남도,순천시,석현동228-2,,소공원21,소공원,34.97172787,127.4791387
전라남도,순천시,행동,4-9번지 일원,소공원22,소공원,34.9567379,127.4824129
전라남도,순천시,매곡동178-9,,소공원23,소공원,34.9600092,127.4808261
전라남도,순천시,해룡면,상삼리 산19-11,소공원25,소공원,34.94940584,127.5348143
전라남도,순천시,해룡면,선월리 403-3,소공원27,소공원,34.91305071,127.5578719
전라남도,순천시,해룡면,선월리 414-16,소공원28,소공원,34.913124,127.5593073
전라남도,순천시,해룡면,호두리1177-3,소공원29,소공원,34.8924771,127.5854189
전라남도,순천시,해룡면,호두리1160-4,소공원30,소공원,34.8965478,127.5864344
전라남도,순천시,해룡면,호두리1158-1,소공원31,소공원,34.8959585,127.5832937
전라남도,순천시,해룡면,상삼리 산35-34,소공원32,소공원,34.9434211,127.5340275
전라남도,순천시,덕암동404-5,,소공원33,소공원,34.948826,127.5081909
전라남도,순천시,덕월동636-3,,소공원34,소공원,34.92747563,127.4865199
전라남도,순천시,연향동1281-1,,소공원37,소공원,34.9488721,127.5109705
전라남도,순천시,덕월동,636-3,소공원36,소공원,34.9274671,127.4865339
전라남도,순천시,홍내동,661-15,도깨비공원,소공원,34.9179615,127.4956527
전라남도,순천시,옥천동128-2,,소공원43,소공원,34.9524281,127.4787999
전라남도,순천시,동외동,67-15,소공원45,소공원,34.9530599,127.4882871
전라남도,순천시,해룡면,상내리 820,와온공원,소공원,34.8500247,127.5239612
전라남도,순천시,선평리,42-3,소공원44,소공원,34.9823794,127.504105
전라남도,순천시,해룡면,상삼리 930,83공원,어린이공원,34.94309795,127.5302007
전라남도,순천시,서면,선평리 818,강청수변공원,수변공원,34.9872296,127.4993829
전라남도,순천시,매곡동,549-1,동천그린웨이,수변공원,34.96287044,127.4886346
전라남도,순천시,연향동1092-1,,명말1공원,소공원,34.93895282,127.5140952
경상남도,통영시,광도면,황리 1350-74,황리공원,소공원,34.96412246,128.4049749
울산광역시,동구,방어동,214,상진공원,체육공원,35.481672,129.422393
울산광역시,동구,전하동,641-3,주택재건축공원,소공원,35.51018672,129.425758
울산광역시,동구,화정동,659-41,월봉골공원,어린이공원,35.49234632,129.425388
울산광역시,동구,일산동,443,일산천 문화공원,기타,35.50514949,129.4230837
울산광역시,동구,화정동,664-14,목장공원,소공원,35.492166,129.423036
울산광역시,동구,방어동,1522,하늘마루공원,소공원,35.49001447,129.4248292
울산광역시,동구,동부동,161,남목생활공원,어린이공원,35.54155702,129.433402
경상남도,의령군,의령읍,하리 산68,남산공원,근린공원,35.31085225,128.2624748
경상남도,의령군,의령읍,중동리 164,중동공원,근린공원,35.32405834,128.2608622
경상남도,의령군,의령읍,무전리 124-16,무전공원,근린공원,35.31676033,128.2832355
경상남도,의령군,의령읍,정암리 29,의령관문 및 정암유적지,문화공원,35.31479416,128.294448
경상남도,의령군,의령읍,무전리 116,전통농경문화테마파크,문화공원,35.31929045,128.2843411
경상남도,의령군,대의면,마쌍리 733-1,대의체육공원,체육공원,35.3724018,128.1027599
경상남도,의령군,부림면,입산리 15-1,설뫼지구 농어촌테마공원,역사공원,35.45900385,128.3520816
경상남도,의령군,유곡면,세간리 809-5,곽재우 장군 문화공원,문화공원,35.43951969,128.3447432
경상남도,의령군,의령읍,동동리 1723,근린공원1,근린공원,35.31950337,128.274237
경상남도,의령군,의령읍,동동리 253-2,근린공원2,근린공원,35.3189368,128.2761723
경상남도,의령군,의령읍,동동리 230-1,근린공원3,근린공원,35.3208258,128.2756924
경상남도,의령군,의령읍,동동리 221-2,근린공원4,근린공원,35.3215243,128.276785
경상남도,의령군,의령읍,동동리 1718,공원1,어린이공원,35.3183054,128.2712848
경상남도,의령군,의령읍,동동리 1571,공원2,어린이공원,35.31975317,128.2712782
전라남도,순천시,생목동15-5(생목),,소공원10,소공원,34.9522255,127.5099042
전라남도,순천시,연향동,116-5(연향),소공원11,소공원,34.9373408,127.5248775
전라남도,순천시,인제동,123-7(인제),소공원12,소공원,34.9461767,127.4828767
전라남도,순천시,남정동210(남정),,소공원13,소공원,34.9429227,127.4865159
전라남도,순천시,인제동,359-36(상인제),소공원14,소공원,34.9441953,127.4812481
전라남도,순천시,저전동,260-6(갈마골),소공원15,소공원,34.9463227,127.4826429
전라남도,순천시,저전동128-2,,소공원17,소공원,34.95168551,127.4809682
경기도,평택시,서정동,617-7답,백로 어린이공원(청북지구 택지개발),어린이공원,37.068493,127.047609
경기도,평택시,고덕면,여염리 326-4답,비전 어린이공원,어린이공원,37.039568,127.045056
경기도,평택시,고덕면,율포리 184-6장,비파 어린이공원(청북지구 택지개발),어린이공원,37.045928,127.031262
경기도,평택시,고덕면,좌교리 270답,사랑방 어린이공원(용죽지구),어린이공원,37.040669,127.029528
경기도,평택시,고덕면,해창리 15-2장,삼각 어린이공원,어린이공원,37.031435,127.026598
경기도,평택시,고덕면,해창리 733-27임,상가 어린이공원,어린이공원,37.026212,127.016897
경기도,평택시,고덕면,여염리 373-2답,상서재 어린이공원(서재지구 75호),어린이공원,37.036401,127.044059
경기도,평택시,고덕면,여염리 산66임,새터말 어린이공원,어린이공원,37.035739,127.043912
경기도,평택시,고덕면,여염리 296-2답,새한 어린이공원,어린이공원,37.041939,127.048848
경기도,평택시,장당동,531답,색동(제1호) 어린이공원(영신지구),어린이공원,37.046524,127.053769
경기도,평택시,서정동,678-36대,샛별 어린이공원(서재지구 78호),어린이공원,37.071243,127.059738
경기도,평택시,서정동,산126-4과,서당제 어린이공원(안중지구 택지개발),어린이공원,37.061627,127.043251
경기도,평택시,고덕면,두릉리 산42임,서재초 어린이공원(동삭2지구),어린이공원,37.058579,127.028561
경기도,평택시,고덕면,두릉리 631-1답,서정 어린이공원,어린이공원,37.055653,127.025264
경기도,평택시,고덕면,두릉리 593-4답,성동 어린이공원,어린이공원,37.055621,127.023015
서울특별시,강동구,명일2동,236,방아다리공원,어린이공원,37.548156,127.153648
서울특별시,강동구,둔촌2동,79-4,둔촌공원,어린이공원,37.531437,127.143288
서울특별시,강동구,암사동,518-1,암사동공원,소공원,37.54888077,127.1233123
서울특별시,강동구,암사3동,400-1,솔말소공원,근린공원,37.556493,127.139147
서울특별시,강동구,암사1동,413-4,솜다래공원,근린공원,37.553691,127.141229
서울특별시,강동구,암사3동,414-20,암사공원,근린공원,37.5565294,127.1417157
서울특별시,강동구,천호1동,221-3,천일공원,어린이공원,37.54498878,127.1362629
서울특별시,강동구,천호3동,167-195,당말공원,어린이공원,37.53912769,127.133246
서울특별시,강동구,강일동,333-1,다솜공원,어린이공원,37.546877,127.167582
서울특별시,강동구,강일동,317-1,꽃보라공원,어린이공원,37.565352,127.175724
서울특별시,강동구,강일동,448-1,윤슬공원,어린이공원,37.562677,127.177545
서울특별시,강동구,강일동,429-1,꿈터공원,어린이공원,37.560861,127.180266
서울특별시,강동구,천호2동,569-1,나루공원,어린이공원,37.547038,127.123604
서울특별시,강동구,강일동,332-5,강일공원,근린공원,37.569526,127.1744407
서울특별시,강동구,강일동,산8-1,벌말공원,근린공원,37.559936,127.177202
서울특별시,강동구,암사1동,산59-2,암사공원,어린이공원,37.552756,127.137981
서울특별시,강동구,강일동,산11-6,강덕공원,근린공원,37.558585,127.174682
울산광역시,동구,서부동,522-7,남목1동 쌈지공원,기타,35.539507,129.4221242
울산광역시,동구,동부동,산164-7,남목3동 쌈지공원,기타,35.546632,129.4312054
울산광역시,동구,방어동,59-2,댕바위공원,어린이공원,35.48948355,129.4302699922
울산광역시,동구,방어동,59-3,꽃받등공원,어린이공원,35.48859436,129.429575
울산광역시,동구,방어동,60-3,둠뫼공원,어린이공원,35.490176,129.427412
울산광역시,동구,방어동,96,숲거랑공원,어린이공원,35.486959,129.430353
울산광역시,동구,동부동,98,쇠평공원,소공원,35.55079762,129.4340167
울산광역시,동구,동부동,112,쇠평공원,어린이공원,35.552554,129.434098
울산광역시,동구,전하동,627,주택재건축공원,어린이공원,35.510967,129.422564
울산광역시,동구,주전동,646,주전큰골어린이공원,어린이공원,35.552493,129.452676
울산광역시,동구,전하동,300-233,바드래공원,어린이공원,35.51694799,129.426961
울산광역시,동구,방어동,1012,화암추공원,어린이공원,35.48239565,129.4091804
울산광역시,동구,방어동,산5-3,슬도공원,소공원,35.478237,129.431061
울산광역시,동구,방어동,169-1,동진마을쉼터,기타,35.485035,129.4297261
울산광역시,동구,주전동,산206-14,주전공원,근린공원,35.54979927,129.4541904
울산광역시,동구,전하동,660-3,산성이공원,어린이공원,35.508166,129.4215596
울산광역시,동구,서부동,산10-11,큰골공원,소공원,35.543512,129.4230915
울산광역시,동구,화정동,산33,방어진도시자연공원구역,기타,35.51113343,129.4107693
울산광역시,동구,동부동,426-1,감나무골공원,어린이공원,35.54703798,129.424391
경기도,평택시,비전동,784,2호 어린이공원(화양지구),어린이공원,37.001483,127.092427
경기도,평택시,동삭동,402-4,30호 어린이공원(고덕국제화지구  율포리),어린이공원,37.014959,127.091348
경기도,평택시,동삭동,474,31호 어린이공원(고덕국제화지구 (좌교리),어린이공원,37.020406,127.087155
경기도,평택시,팽성읍,노와리 460-1,32호 어린이공원(고덕국제화지구  해창리),어린이공원,36.946748,127.092348
경기도,평택시,동삭동,683-1,33호 어린이공원(고덕국제화지구  해창리),어린이공원,37.008536,127.092566
경기도,평택시,팽성읍,안정리 44-17,34호 어린이공원(고덕국제화지구  여염리),어린이공원,36.96358,127.045791
경기도,평택시,군문동,368,35호 어린이공원(여염리),어린이공원,36.986733,127.082337
경기도,평택시,팽성읍,안정리 98-9,36호 어린이공원(여염리),어린이공원,36.960841,127.041475
경기도,평택시,소사동,산156-2,37호 어린이공원(장당동),어린이공원,36.987296,127.118765
경기도,평택시,동삭동,342-4,38호 어린이공원(서정동),어린이공원,37.02067,127.095856
경기도,평택시,비전동,888-1,39호 어린이공원(서정동),어린이공원,36.992456,127.118302
경기도,평택시,죽백동,720-1공,3호 어린이공원(세교지구),어린이공원,37.008997,127.111722
경기도,평택시,평택동,312,3호 어린이공원(화양지구),어린이공원,36.989339,127.087918
경기도,평택시,동삭동,41,40호 어린이공원(고덕국제화지구 두릉리),어린이공원,37.013973,127.101586
경기도,평택시,비전동,1020공,41호 어린이공원(고덕국제화지구 두릉리),어린이공원,37.00305,127.103288
경기도,평택시,소사동,95-1,42호 어린이공원(고덕국제화지구 두릉리),어린이공원,36.988779,127.126921
경기도,평택시,비전동,852,43호 어린이공원(고덕국제화지구 해창리),어린이공원,36.992207,127.111111
인천광역시,남동구,구월1동,1531,아시아드선수촌공원,근린공원,37.439662,126.710389
광주광역시,남구,행암동,504,향등,어린이공원,35.100576,126.878811
광주광역시,남구,노대동,841,달맞이,어린이공원,35.106545,126.905473
광주광역시,남구,노대동,834,쟁이마당,어린이공원,35.10544299,126.9087419
광주광역시,남구,노대동,768,조각배,어린이공원,35.10306606,126.9009774
광주광역시,남구,봉선동,1064-3,봉선2지구,어린이공원,35.121908,126.915923
광주광역시,남구,지석동,325-5,대촌,어린이공원,35.08418469,126.8294499
광주광역시,남구,행암동,542,풀향기,어린이공원,35.0978149,126.883219
광주광역시,남구,행암동,637,늘품,어린이공원,35.103547,126.890608
광주광역시,남구,봉선동,1086,불로,어린이공원,35.11979006,126.9119073
광주광역시,남구,봉선동,510-1,조봉,어린이공원,35.1233695,126.9077442
광주광역시,남구,진월동,878,대성,어린이공원,35.12024661,126.8941058
광주광역시,남구,임암동,742,화방,어린이공원,35.10554108,126.8733589
광주광역시,남구,임암동,812,꿈나무,어린이공원,35.10561807,126.8768267
광주광역시,남구,임암동,729,산돌,어린이공원,35.1031799,126.870631
광주광역시,남구,임암동,880,임암,어린이공원,35.10135039,126.8732838
광주광역시,남구,양과동,1237-7,빛고을농촌테마,도시농업공원,35.084787,126.867948
광주광역시,북구,생용동,658,우치,근린공원,35.22431388,126.8942421
광주광역시,북구,수곡동,산30-4,망월,묘지공원,35.23498253,126.9330441
광주광역시,북구,오룡동,1113,교통,근린공원,35.22054602,126.8587669
광주광역시,북구,운정동,산34,국립5·18민주묘지,묘지공원,35.23520798,126.9420302
광주광역시,북구,효령동,96,제2시립(영락),묘지공원,35.2332222,126.9206273
광주광역시,광산구,월계동,765-5,월계4,역사공원,35.21356424,126.8425399
광주광역시,남구,봉선동,54-1,봉선배수지,어린이공원,35.1214405,126.9224691
울산광역시,중구,우정동,444,우정공원,어린이공원,35.56040372,129.3109801
울산광역시,중구,유곡동,72,평동공원,어린이공원,35.55918531,129.3037674
울산광역시,중구,반구동,38-3,구교공원,어린이공원,35.563911,129.341885
경기도,평택시,서정동,산110-4임,물장구 어린이공원(소사벌택지 10호),어린이공원,37.066367,127.048
경기도,평택시,고덕면,두릉리 529-1답,미로 어린이공원(서재지구 79호),어린이공원,37.055543,127.017238
경기도,평택시,고덕면,좌교리 399-1답,미리내 어린이공원(지제세교지구),어린이공원,37.044118,127.013642
경기도,평택시,고덕면,해창리 485-1장,바다 어린이공원(현촌지구),어린이공원,37.041406,127.01406
경기도,평택시,고덕면,해창리 437-1답,방아다리 어린이공원(장당 2호),어린이공원,37.036903,127.017934
경기도,평택시,고덕면,여염리 산60임,방죽골 어린이공원(안중지구 택지개발),어린이공원,37.037592,127.046179
경기도,평택시,서정동,산1-1임,배꽃 어린이공원(소사2지구),어린이공원,37.071496,127.065145
경기도,평택시,고덕면,율포리 334-2전,배당지 어린이공원(청북지구 택지개발),어린이공원,37.051333,127.041019
경기도,평택시,서정동,632답,배미 어린이공원,어린이공원,37.065532,127.043825
충청북도,청주시,청원구,내수읍 초정리 산23-3,초정공원(151호),근린공원,36.7214463041,127.6059502699
충청북도,청주시,청원구,내수읍 초정리 92-5,4호공원,소공원,36.434071,127.362304
충청북도,청주시,상당구,용정동 1142,용성공원,어린이공원,36.373149,127.318411
충청북도,청주시,상당구,용정동 1213,중고개공원,어린이공원,36.373272,127.311764
충청북도,청주시,상당구,탑동 345,벚나무길,소공원,36.373873,127.301372
충청북도,청주시,상당구,탑동 346,탑,소공원,36.373208,127.309921
충청북도,청주시,상당구,주중동1024,마로니에(87호),근린공원,36.409941,127.294711
충청북도,청주시,상당구,문화동 50-1,제3호소공원,소공원,36.374681,127.294092
충청북도,청주시,상당구,탑동 336-6,제4호소공원,소공원,36.374365,127.295238
충청북도,청주시,상당구,탑동 217-6,제5호소공원,소공원,36.62802848,127.4953596
충청북도,청주시,상당구,탑동 247-1,탑동,어린이공원,36.62955524,127.4974623
충청북도,청주시,상당구,탑동 95-3,일신여중,소공원,36.372973,127.301811
충청북도,청주시,상당구,대성동 125-1,고덕,소공원,36.375243,127.295749
충청북도,청주시,상당구,영운동 61-1,영우리,어린이공원,36.371231,127.303029
충청북도,청주시,상당구,영운동 73-13,청운,소공원,36.365871,127.302541
충청북도,청주시,상당구,영운동 116-14,청남,소공원,36.370991,127.304931
충청북도,청주시,상당구,금천동 122-6,금남,소공원,36.378841,127.302541
충청북도,청주시,상당구,용담동 324-48,소망,소공원,36.374227,127.302146
충청북도,청주시,상당구,용담동 154-11,라일락,소공원,36.375833,127.302128
충청북도,청주시,상당구,용담동 352-5,가좌골,소공원,36.375114,127.301847
충청북도,청주시,상당구,금천동 209-7,75호소공원,소공원,36.62722168,127.5029569
충청북도,청주시,상당구,금천동 261-68,제29호소공원,소공원,36.626827,127.499654
충청북도,청주시,상당구,용담동 496,호미공원,어린이공원,36.631365,127.514505
충청북도,청주시,상당구,낭성면 이목리 15,87호소공원,소공원,36.371496,127.361893
충청북도,청주시,상당구,운동동 65-9,79호소공원,소공원,36.60565244,127.5279067
충청북도,청주시,상당구,주성동 253-8,제39호소공원,소공원,36.403642,127.301121
충청북도,청주시,상당구,외남동 산18,제37호소공원,소공원,36.700741,127.486463
충청북도,청주시,상당구,외남동 산18-4,제38호소공원,소공원,36.415174,127.292059
충청북도,청주시,상당구,미원면 미원리 산26-1,미원공원,근린공원,36.373553,127.399591
충청북도,청주시,상당구,미원면 미원리 681,숲울림,어린이공원,36.634769,127.655768
충청북도,청주시,상당구,미원면 미원리 560-3,미원 새싹,어린이공원,36.637701,127.660358
충청북도,청주시,상당구,미원면 미원리 236,걸리버,어린이공원,36.635767,127.661694
충청북도,청주시,상당구,금천동 314,사랑,어린이공원,36.373541,127.304213
충청북도,청주시,상당구,금천동 331,늘푸름,어린이공원,36.372252,127.304726
충청북도,청주시,상당구,금천동 449,으뜸,어린이공원,36.371305,127.304552
충청북도,청주시,상당구,용담동 429,명암,어린이공원,36.387421,127.304306
충청북도,청주시,상당구,용담동 422,희망,어린이공원,36.374151,127.304151
충청북도,청주시,상당구,용암동 2353,샛별,어린이공원,36.61720256,127.5085615
충청북도,청주시,상당구,용암동 2662,용정,어린이공원,36.371151,127.312291
충청북도,청주시,상당구,용정동 1054,바래미,어린이공원,36.372061,127.318751
충청북도,청주시,상당구,금천동 330,금천배수지(41호),근린공원,36.372297,127.305835
충청북도,청주시,상당구,용암동 2539,용암교통공원(42호),근린공원,36.61791928,127.5120629
충청북도,청주시,상당구,탑동 327-5,가로공원,기타,36.6251058711,127.4981121393
충청북도,청주시,상당구,남주동 593-5,남주동,어린이공원,36.63120467,127.4838058
충청북도,청주시,상당구,지북동 산26-2,지북공원,근린공원,36.352656,127.315861
충청북도,청주시,상당구,용정동 476,호미골공원,체육공원,36.63130405,127.5159618
충청북도,청주시,상당구,용암동 2916,신영,어린이공원,36.364006,127.295757
충청북도,청주시,상당구,수동 112-8,수동공원(52호),근린공원,36.646323,127.494059
충청북도,청주시,상당구,수동 112-8,수동,어린이공원,36.382994,127.294691
경상북도,울진군,죽변면,후정리 1266,해양바이오농공단지2공원,소공원,37.0655992,129.4057551
경상북도,울진군,북면,부구리 산2-2,흥부만세공원,역사공원,37.10689235,129.3733463
경기도,안성시,죽산면,죽산리 482-1 일원,죽산연못공원,어린이공원,37.076584,127.424483
경상북도,포항시,북구,장성동 1410-12,장성현대,어린이공원,36.0831943196,129.394135373
경상북도,포항시,북구,장성동 1422-7,장성천마로,어린이공원,36.080381,129.395247
경기도,구리시,인창동,668-3,주공6단지공원,어린이공원,37.60553815,127.1439628
경기도,구리시,인창동,491,아름공원,어린이공원,37.61090762,127.1323979
경기도,구리시,인창동,474-1,건영공원,어린이공원,37.61277405,127.1370201
경기도,구리시,갈매동,"641, 652",섬말공원,역사공원,37.627669,127.116962
경기도,구리시,갈매동,660,도당공원,역사공원,37.62619056,127.1185549
경기도,구리시,갈매동,663,마골공원,역사공원,37.623736,127.114253
경기도,구리시,교문동,3-2번지,교문동 체육공원,체육공원,37.59556232,127.1362762
경기도,구리시,사노동,37-1,사노동체육공원,체육공원,37.63557367,127.1471454
경기도,구리시,인창동,622-28,인창체육공원,체육공원,37.604761,127.1299544
경상북도,울진군,울진읍,연지리 820-6,연지공원,근린공원,36.99465357,129.4065593
경상북도,울진군,근남면,산포리 667,망양공원,근린공원,36.965299,129.413854
경상북도,울진군,후포면,후포리 산141-9,후포공원,근린공원,36.68078721,129.4619186
경상북도,울진군,울진읍,읍내리 384-3,읍내 4공원,어린이공원,36.99119225,129.3956196
경상북도,울진군,평해읍,평해리 868-1,송능공원,어린이공원,36.72332823,129.4400137
경상북도,울진군,북면,나곡리 184,나곡제1공원,어린이공원,37.11002079,129.3697186
경상북도,울진군,북면,나곡리 202,나곡제2공원,어린이공원,37.11002079,129.3697186
경상북도,울진군,북면,부구리 산7,부구제2공원,어린이공원,37.10599525,129.3677821
경상북도,울진군,죽변면,죽변리 433-4,중앙공원,어린이공원,37.06088124,129.4191561
경상북도,울진군,죽변면,후정리 40-1,북부공원,어린이공원,37.0662987,129.4172479
경상북도,울진군,후포면,삼율리 530-27,삼율제1어린이공원,어린이공원,36.68439657,129.4407398
경상북도,울진군,평해읍,평해리 1467,평해1소공원,소공원,36.73275811,129.4393249
경상북도,울진군,죽변면,후정리 1209,신울진공원,소공원,37.06388754,129.4128835
경상북도,울진군,기성면,구산리 312-140,구산소공원,소공원,36.75401437,129.4674293
경상북도,울진군,죽변면,후정리 1259,해양바이오농공단지1공원,소공원,37.06622732,129.4054826
전라남도,여수시,율촌면,가장리 2002-1,가장공원,어린이공원,34.84932752,127.556763
전라남도,여수시,안산동,735,동동공원,근린공원,34.75280079,127.656241
전라남도,여수시,안산동,717-6,장성공원,어린이공원,34.75520818,127.654279
인천광역시,중구,중산동,1967-1,씨사이드파크,근린공원,37.481753,126.5658118
인천광역시,중구,운서동,"3100, 3073-1, 3124-1",은골공원,근린공원,37.4893448282,126.5012194
인천광역시,중구,중산동,"1889-4, 1911-4",박석공원,근린공원,37.49473516,126.5637807
서울특별시,강남구,신사동,625-5,신사무궁화공원,어린이공원,37.524131,127.0319138
서울특별시,강남구,신사동,597,신사까치공원,어린이공원,37.52342193,127.029229
서울특별시,강남구,신사동,609-2,신사개나리공원,어린이공원,37.52567303,127.029443
서울특별시,강남구,압구정동,466,압구정목련공원,어린이공원,37.53268534,127.0322088
서울특별시,강남구,압구정동,459,압구정은행나무공원,어린이공원,37.53072221,127.0314438
서울특별시,강남구,삼성동,55-1,삼성목련공원,어린이공원,37.518515,127.0538884
서울특별시,강남구,삼성동,85,삼성까치공원,어린이공원,37.51841744,127.0605431
서울특별시,강남구,청담동,94-4,청담은행나무공원,어린이공원,37.525154,127.0442417
서울특별시,강남구,청담동,51,청담목련공원,어린이공원,37.52300518,127.0498445
서울특별시,강남구,도곡동,455,도곡까치공원,어린이공원,37.483326,127.0451093
서울특별시,강남구,도곡동,415-3,도곡목련공원,어린이공원,37.484915,127.0443053
서울특별시,강남구,역삼동,780-25,역삼장미공원,어린이공원,37.495327,127.0447331
서울특별시,강남구,역삼동,824-10,역삼까치공원,어린이공원,37.4972618,127.0307401
서울특별시,강남구,역삼동,830-23,역삼무궁화공원,어린이공원,37.493835,127.032209
서울특별시,강남구,역삼동,739-15,역삼개나리공원,어린이공원,37.497571,127.0362551
서울특별시,강남구,역삼동,836-21,역삼소나무공원,어린이공원,37.49099783,127.0336992
서울특별시,강남구,역삼동,611,역삼은행나무공원,어린이공원,37.505409,127.0312225
서울특별시,강남구,대치동,929-10,대치목련공원,어린이공원,37.49982553,127.0581713
서울특별시,강남구,대치동,1014-4,대치까치공원,어린이공원,37.496941,127.059198
서울특별시,강남구,대치동,899-25,대치은행나무공원,어린이공원,37.501649,127.0515319
강원특별자치도,속초시,청호동,433-21,청호2소공원,소공원,38.19406699,128.6003163
강원특별자치도,속초시,영랑동,323,영랑소공원,소공원,38.21380411,128.5941608
강원특별자치도,속초시,금호동,488-124,금호2소공원,소공원,38.20540562,128.5875131
강원특별자치도,속초시,교동,627-252,교동소공원,소공원,38.2030371,128.5793203
강원특별자치도,속초시,금호동,489-53,중앙동재개발소공원2,소공원,38.2082016,128.5914281
경기도,평택시,진위면,마산리 336,진위3일반산단1호 소공원(진위3일반산업단지),소공원,37.08922,127.094889
경기도,평택시,진위면,마산리 산52,진위3일반산단2호 소공원(진위3일반산업단지),소공원,37.083073,127.098124
경기도,평택시,칠원동,58-1 58-3 50 49-6,칠원 소공원,소공원,37.032005,127.100642
경기도,평택시,서정동,833,풍진 소공원(신설),소공원,37.067101,127.055243
경기도,평택시,칠원동,451-2,상서재 2호 수변공원(동삭2지구),수변공원,37.027392,127.115756
경기도,평택시,고덕면,궁리 424-25,소풍정원,수변공원,37.011844,127.020575
경기도,평택시,고덕면,율포리 65답,수변공원 10호(고덕국제화지구 율포리),수변공원,37.042043,127.044785
경기도,평택시,고덕면,여염리 281-8답,수변공원 11호(고덕국제화지구 여염리),수변공원,37.042913,127.047362
경기도,평택시,고덕면,율포리 산11-5임,수변공원 12호(고덕국제화지구 율포리),수변공원,37.04237,127.043867
경기도,평택시,장당동,559-1대,수변공원 13호(고덕국제화지구  장당동),수변공원,37.041184,127.07125
경기도,평택시,고덕면,율포리 2-6목,수변공원 14호(고덕국제화지구  율포리),수변공원,37.0499,127.043385
경기도,평택시,장당동,524-58답,수변공원 15호(고덕국제화지구  장당동),수변공원,37.04907,127.052502
경기도,평택시,고덕면,해창리 99답,수변공원 1호(고덕국제화지구 해창리),수변공원,37.027325,127.029194
경기도,평택시,고덕면,궁리 303-2목,수변공원 2호(고덕국제화지구 궁리),수변공원,37.027408,127.0333
경기도,평택시,고덕면,해창리 66답,수변공원 3호(고덕국제화지구 해창리),수변공원,37.030342,127.031781
경기도,평택시,고덕면,궁리 310답,수변공원 4호(고덕국제화지구 궁리),수변공원,37.030414,127.033791
경기도,평택시,고덕면,좌교리 94답,수변공원 5호(고덕국제화지구 좌교리),수변공원,37.033702,127.036699
경기도,평택시,고덕면,여염리 377답,수변공원 6호(고덕국제화지구 여염리),수변공원,37.035169,127.042966
경기도,평택시,고덕면,여염리 362-1답,수변공원 7호(고덕국제화지구 여염리),수변공원,37.036833,127.041657
경기도,평택시,고덕면,율포리 98답,수변공원 8호(고덕국제화지구 율포리),수변공원,37.041322,127.042695
경기도,평택시,고덕면,여염리 315답,수변공원 9호(고덕국제화지구 여염리),수변공원,37.040832,127.045428
경기도,평택시,도일동,983-7,수변공원(브레인시티),수변공원,37.048381,127.098853
경기도,평택시,칠원동,289-25,수촌1 수변공원(수촌지구),수변공원,37.020343,127.113678
경기도,평택시,가재동,479-1,제1호 수변공원(가재지구 128호),수변공원,37.042328,127.077653
경기도,평택시,가재동,479-1,제2호 수변공원(가재지구 129호),수변공원,37.042328,127.077653
경기도,평택시,칠원동,286,통복2 수변공원(수촌지구),수변공원,37.020802,127.113503
전라남도,여수시,경호동,239-1,오복공원,근린공원,34.70926791,127.7222542
전라남도,여수시,경호동,193-3,대경도공원,근린공원,34.70787432,127.722684
전라남도,여수시,율촌면,월산리 1485-2,월산공원,어린이공원,34.881379,127.563271
전라남도,여수시,화장동,949,성산공원,근린공원,34.77438325,127.647573
전라남도,여수시,시전동,109,여천체육공원,체육공원,34.758831,127.6782512
전라남도,여수시,신기동,4,주공공원,어린이공원,34.765323,127.6759785
전라남도,여수시,신기동,5,들몰공원,어린이공원,34.76521557,127.679023
전라남도,여수시,신기동,7,기전공원,어린이공원,34.763401,127.679249
전라남도,여수시,신기동,132,월하공원,어린이공원,34.75643988,127.6729824
전라남도,여수시,신기동,119,시목공원,어린이공원,34.75946948,127.6717571
전라남도,여수시,신기동,61,망마공원,어린이공원,34.760649,127.669779
전라남도,여수시,신기동,35,신기공원,어린이공원,34.76360947,127.6716994
전라남도,여수시,신기동,30,학류정공원,어린이공원,34.764318,127.6707799
전라남도,여수시,신기동,141,신화공원,소공원,34.755803,127.6675895
전라남도,여수시,학동,113,안산공원,소공원,34.759361,127.6561066
전라남도,여수시,율촌면,월산리 1503,대초공원,어린이공원,34.88328539,127.5726225
전라남도,여수시,둔덕동,649,민드래미공원,어린이공원,34.765846,127.6898805
전라남도,여수시,둔덕동,656,녹지원공원,어린이공원,34.766679,127.6909962
강원특별자치도,태백시,황지동,619,바람불이소공원,소공원,37.17499834,128.996668
강원특별자치도,태백시,장성동,271,장성농공단지소공원,소공원,37.1079003,128.9961331
강원특별자치도,태백시,황지동,270-38,솔바람공원,소공원,37.1770027,128.9863938
경상남도,진주시,충무공동,183,물초울공원,근린공원,35.1825307895,128.14428158
경상남도,진주시,가좌동,2013,가좌뜰향공원,근린공원,35.1473101693,128.1047969299
경상남도,진주시,가좌동,1965,가좌희망공원,근린공원,35.1523691742,128.1151847284
경상남도,진주시,가좌동,1948,가좌함박웃음공원,근린공원,35.1560788682,128.1154054063
경상남도,진주시,가좌동,2115,가좌들빛공원,근린공원,35.1550688118,128.1190422885
경상남도,진주시,초전동,1689,초전해오름공원,근린공원,35.2151029387,128.1096850034
울산광역시,중구,남외동,996-8,남외공원,어린이공원,35.564901,129.3443943
울산광역시,중구,서동,41-1,황방공원,어린이공원,35.582147,129.344534
울산광역시,중구,서동,60-8,삼일공원,어린이공원,35.579214,129.345486
울산광역시,중구,서동,69-1,서동공원,어린이공원,35.577626,129.342726
울산광역시,중구,성안동,784-1,참새미공원,어린이공원,35.580136,129.313336
울산광역시,중구,성안동,790-8,당고개공원,어린이공원,35.578289,129.310563
울산광역시,중구,성안동,794-3,숯못공원,어린이공원,35.577601,129.312711
울산광역시,중구,성안동,809-3,함월공원,어린이공원,35.575284,129.310679
울산광역시,중구,성안동,833-6,장암공원,어린이공원,35.572931,129.311713
울산광역시,중구,성안동,858-2,금호공원,어린이공원,35.575549,129.305157
울산광역시,중구,성안동,854-6,햇빛공원,어린이공원,35.57376882,129.306687
울산광역시,중구,성안동,873-3,적십자공원,어린이공원,35.573245,129.309615
울산광역시,중구,성안동,373-6,칠암공원,어린이공원,35.581065,129.320311
울산광역시,중구,성안동,370-2,청구뜰공원,어린이공원,35.578575,129.3153313
울산광역시,중구,성안동,470-1,평산공원,어린이공원,35.58007751,129.324881
울산광역시,중구,성안동,477-1,애니원공원,어린이공원,35.57913232,129.3215712
울산광역시,중구,성안동,489-5,백양공원,어린이공원,35.5774529,129.320191
울산광역시,중구,성안동,486-5,복지공원,어린이공원,35.576366,129.322351
울산광역시,중구,성안동,502-1,마루공원,어린이공원,35.57580937,129.3195768
울산광역시,중구,성안동,508-1,새일내공원,어린이공원,35.574448,129.317067
울산광역시,중구,성안동,517,독수리공원,어린이공원,35.572171,129.316209
울산광역시,중구,남외동,502-3,정지말공원,어린이공원,35.5654398,129.3498653
울산광역시,중구,남외동,501-2,해오름공원,어린이공원,35.56718585,129.3463337
경기도,평택시,세교동,55,잔다리 근린공원,근린공원,37.004773,127.087643
경기도,평택시,팽성읍,남산리 산49-1,남산 근린공원,근린공원,36.954556,127.054893
경기도,평택시,팽성읍,송화리 789,남산공원,근린공원,36.961612,127.060809
경기도,평택시,팽성읍,안정리 78-27,농성 근린공원,근린공원,36.965206,127.043748
경기도,평택시,비전동,1005-1 1028-3 1089-3,다솜 근린공원(소사벌택지 1호),근린공원,37.002667,127.093562
경기도,평택시,죽백동,728공,당산 근린공원(소사벌택지 3호),근린공원,37.009141,127.116307
광주광역시,동구,운림동,693,무지개,어린이공원,35.130862,126.944456
경기도,이천시,관고동,356,설봉공원,근린공원,37.2794565,127.4275533
경기도,이천시,창전동,503,온천공원,근린공원,37.28219691,127.4523174
경기도,이천시,진리동,140,수변공원,수변공원,37.2681203,127.4605268
경기도,이천시,창전동,139,심포니공원,어린이공원,37.2822978,127.4457782
경기도,이천시,창전동,76,이수흥공원,어린이공원,37.2824765,127.4420405
경기도,이천시,관고동,21,희망공원,어린이공원,37.2820958,127.4361472
경기도,이천시,관고동,11,한아름공원,어린이공원,37.2807419,127.4396981
경기도,이천시,중리동,15,꿈나무공원,어린이공원,37.2785611,127.4388194
경기도,이천시,중리동,210,남천공원,어린이공원,37.2780103,127.444436
경기도,이천시,창전동,408,향교공원,어린이공원,37.2849017,127.4375887
경기도,이천시,창전동,414-13,개나리공원,어린이공원,37.2838603,127.4394771
경기도,이천시,창전동,423,달맞이공원,어린이공원,37.2858539,127.4432146
경기도,이천시,창전동,432-10,체육공원,어린이공원,37.2859688,127.4459699
경기도,이천시,창전동,435-8,태극공원,어린이공원,37.2841229,127.4454011
경기도,이천시,창전동,446,북새말공원,어린이공원,37.2854015,127.4494321
경기도,이천시,창전동,455,동새말공원,어린이공원,37.2822743,127.4491159
울산광역시,중구,복산동,32-5,계변공원,어린이공원,35.562217,129.335674
울산광역시,중구,반구동,108-19,송학공원,어린이공원,35.559211,129.338841
울산광역시,중구,복산동,354,손골공원,어린이공원,35.56168635,129.328151
울산광역시,중구,복산동,205-1,도화공원,어린이공원,35.566009,129.331938
울산광역시,중구,복산동,180-2,단장공원,어린이공원,35.569929,129.3338501
울산광역시,중구,우정동,460-1,불선바위공원,어린이공원,35.56162611,129.313125
울산광역시,중구,반구동,784-7,내황공원,어린이공원,35.551913,129.345635
울산광역시,중구,태화동,453-10,신기공원,어린이공원,35.54996583,129.294481
울산광역시,중구,태화동,478-1,새터공원,어린이공원,35.55093029,129.296879
울산광역시,중구,태화동,929,다사랑공원,어린이공원,35.5564873,129.2790693
울산광역시,중구,태화동,856,명난공원,어린이공원,35.555808,129.283071
울산광역시,중구,태화동,834-1,난곡공원,어린이공원,35.554146,129.286409
울산광역시,중구,태화동,715,명정공원,어린이공원,35.552305,129.2909945
울산광역시,중구,다운동,516-1,운곡공원,어린이공원,35.55868026,129.2749641
울산광역시,중구,다운동,600-10,양지공원,어린이공원,35.55676197,129.271539
울산광역시,중구,다운동,579,구루미공원,어린이공원,35.560591,129.269327
울산광역시,중구,다운동,765-1,무궁화공원,어린이공원,35.565135,129.2668652
울산광역시,중구,다운동,800,다정공원,어린이공원,35.563511,129.265438
울산광역시,중구,남외동,8-8,곽남공원,어린이공원,35.575266,129.341653
전라남도,화순군,화순읍,수만리 산183-3,수만리 생태숲공원,근린공원,35.0868010423,127.0012061113
경기도,용인시,수지구,동천동 872,동천체육공원(60호),체육공원,37.33434752,127.0962632
경기도,용인시,수지구,풍덕천동 1239,토월체육공원,체육공원,37.32823032,127.0837278
경기도,용인시,수지구,풍덕천동 1237,꿈마중 어린이공원(풍덕천3지구),어린이공원,37.32736874,127.0990622
경기도,용인시,수지구,상현동 1185,역사공원,역사공원,37.29946291,127.0647442
경기도,용인시,처인구,역북동 807 일원,역북문화공원(역북도시개발사업),문화공원,37.2300682,127.1856861
경기도,용인시,처인구,역북동 816,신대 문화공원,문화공원,37.23963089,127.1894643
경기도,용인시,기흥구,청덕동 545-1 일원,뜨락문화공원,문화공원,37.29142687,127.1456969
경기도,용인시,수지구,풍덕천동 1088,신정문화공원,문화공원,37.32027656,127.0946856
경기도,용인시,처인구,이동읍 서리 산4-8번지 일원,서울묘지공원,묘지공원,37.2201686,127.1743465
경기도,용인시,처인구,모현읍 초부리 산67-6번지 일원,용인묘지공원,묘지공원,37.29542684,127.2560058
경기도,용인시,처인구,모현읍 오산리 325-4 일원,천주교묘지공원,묘지공원,37.3211043,127.1465269
경기도,용인시,수지구,동천동 산53-1 일원,성심묘지공원,묘지공원,37.34932658,127.0627334
경기도,용인시,처인구,포곡읍 둔전리 422-2,둔천체육공원(73호),체육공원,37.26587757,127.2147921
경기도,용인시,처인구,포곡읍 금어리 373,체육공원(78호),체육공원,37.27709181,127.248353
경기도,용인시,처인구,삼가동 268-26 일원,삼가체육공원,체육공원,37.23823531,127.1693019
경기도,용인시,기흥구,보라동 661,나곡체육공원,체육공원,37.25528897,127.1172631
경기도,용인시,수지구,풍덕천동 산12-1일원,수지체육공원(62호),체육공원,37.32925181,127.0972735
경기도,용인시,수지구,죽전동 555-4,죽전체육공원(61호),체육공원,37.33001542,127.1133709
경기도,용인시,수지구,신봉동 963,신봉체육공원,체육공원,37.32893441,127.0671418
경기도,용인시,수지구,신봉동 900,홍천어린이공원,어린이공원,37.32561629,127.0763629
경기도,용인시,수지구,신봉동 881,신리어린이공원,어린이공원,37.32278053,127.0815119
경기도,용인시,수지구,신봉동 148-2 일원,중말어린이공원,어린이공원,37.3282169,127.0744288
경기도,용인시,수지구,성복동 774,효자어린이공원,어린이공원,37.31486483,127.0711523
경기도,용인시,수지구,성복동 755 일원,제90호 어린이공원,어린이공원,37.31601735,127.0607586
경기도,용인시,수지구,성복동 295 일원,제22호 어린이공원,어린이공원,37.31890862,127.0665555
경기도,용인시,수지구,성복동 283-1 일원,제104호 어린이공원(성서어린이공원),어린이공원,37.31584106,127.0690596
경기도,용인시,수지구,성복동 387-16,제21호 어린이공원(별다올어린이공원),어린이공원,37.32136741,127.0608357
경기도,용인시,수지구,상현동1212 일원,심곡 어린이공원,어린이공원,37.30500263,127.0717838
경기도,용인시,수지구,상현동 1145-4,보물선어린이공원,어린이공원,37.3002739,127.0815408
경기도,용인시,수지구,상현동 1123,기차놀이어린이공원,어린이공원,37.29989407,127.0733899988
경기도,용인시,수지구,상현동 1114,거북이어린이공원,어린이공원,37.29724499,127.0659549
경기도,용인시,수지구,상현동 1109,어린이공원,어린이공원,37.30135828,127.076264
경기도,용인시,수지구,동천동 968 일원,손초어린이공원,어린이공원,37.33881269,127.0842762
경기도,용인시,수지구,동천동 955-2,빛가람어린이공원,어린이공원,37.33408757,127.0907194
경기도,용인시,수지구,동천동 934,한빛어린이공원,어린이공원,37.3351647,127.0886676
경기도,용인시,수지구,동천동 865,손곡어린이공원,어린이공원,37.33746586,127.0954561
경기도,용인시,수지구,죽전동 1308,숫내어린이공원,어린이공원,37.32355497,127.1217166
경기도,용인시,수지구,죽전동 1271,나비어린이공원,어린이공원,37.32536949,127.1148241
경기도,용인시,수지구,죽전동 1264 일원,내대지어린이공원,어린이공원,37.32445013,127.1186669
경기도,용인시,수지구,죽전동 1234,은행골어린이공원,어린이공원,37.32792161,127.1237621
경기도,용인시,수지구,죽전동 1220,방아어린이공원,어린이공원,37.32994085,127.1255687
경기도,용인시,수지구,죽전동 1196,죽전 제13 어린이공원,어린이공원,37.33110471,127.1236056
경기도,용인시,수지구,죽전동 1192,무등치어린이공원,어린이공원,37.33122358,127.1258884
경기도,용인시,수지구,죽전동 1181,대덕어린이공원,어린이공원,37.33441353,127.1246123
경기도,용인시,수지구,죽전동 1167,새터어린이공원,어린이공원,37.33375754,127.1190452
경기도,용인시,수지구,죽전동 1166,작은막어린이공원,어린이공원,37.333591,127.1228917
경기도,용인시,수지구,신봉동 984,도마치어린이공원,어린이공원,37.32708712,127.065109
경기도,용인시,수지구,신봉동 977,상보골어린이공원,어린이공원,37.32897765,127.0635819
경기도,용인시,수지구,신봉동 958,양지말어린이공원,어린이공원,37.32923778,127.0699471
경기도,용인시,수지구,신봉동 947,품목골 어린이공원,어린이공원,37.33176736,127.0650965
경기도,용인시,수지구,신봉동 943,신봉어린이공원,어린이공원,37.32926433,127.0723013
경기도,용인시,수지구,신봉동 921,신일어린이공원,어린이공원,37.32827138,127.0773125
경기도,용인시,수지구,신봉동 918,바지산어린이공원,어린이공원,37.32022512,127.0775121
경기도,용인시,수지구,풍덕천동 733-1,달빛공원,어린이공원,37.32647645,127.0997944
경기도,용인시,수지구,풍덕천동 727,풍덕천공원,어린이공원,37.3239504,127.0993477
경기도,용인시,수지구,풍덕천동 721,토월공원,어린이공원,37.32311784,127.0972933
경기도,용인시,수지구,풍덕천동 700-2,중앙공원,어린이공원,37.32633581,127.0961596
경기도,군포시,산본동,1146-20,솔거어린이공원,어린이공원,37.36069398,126.924894
경기도,군포시,당동,873-1,옥천어린이공원,어린이공원,37.34544253,126.9435847
경기도,군포시,산본동,1063-1,백합어린이공원,어린이공원,37.36770094,126.9329212
경기도,군포시,당동,763-27,안골어린이공원,어린이공원,37.35137526,126.941161
경기도,군포시,산본동,1065-3,능내어린이공원,어린이공원,37.36924017,126.9313359
경기도,군포시,당동,791,도랫말어린이공원,어린이공원,37.34974003,126.9411652
경기도,군포시,당동,900-1,앞산어린이공원,어린이공원,37.349127,126.9457714
경기도,군포시,당동,910,새마을어린이공원,어린이공원,37.34772762,126.9474665
경기도,군포시,당동,918,교전어린이공원,어린이공원,37.34703606,126.944433
경기도,군포시,당동,741,참말어린이공원,어린이공원,37.35656849,126.9449544
경기도,군포시,당동,755,웃터어린이공원,어린이공원,37.35416313,126.9433254
경기도,군포시,당동,948-4,월구지어린이공원,어린이공원,37.35262523,126.9395104
경기도,군포시,당동,951-1,토오골어린이공원,어린이공원,37.35068688,126.9391993
경기도,군포시,당동,980-2,해오름어린이공원,어린이공원,37.34823199,126.9473354
경기도,군포시,당동,982-3,샛터말어린이공원,어린이공원,37.34536125,126.9382353
경기도,군포시,당동,886-1,방아어린이공원,어린이공원,37.34507441,126.9469476
경기도,군포시,당동,874-1,신기어린이공원,어린이공원,37.34286142,126.9407942
경기도,군포시,당동,882,샘들어린이공원,어린이공원,37.3422031,126.9433963
경기도,군포시,산본동,80-3,노루목어린이공원,어린이공원,37.37319798,126.9383136
경기도,군포시,산본동,242,바위백이어린이공원,어린이공원,37.37046299,126.9425773
경기도,군포시,산본동,1145-13,을지어린이공원,어린이공원,37.35674143,126.9271891
경기도,군포시,금정동,876-1,율곡어린이공원,어린이공원,37.35404473,126.9321243
경기도,군포시,금정동,875-3,퇴계어린이공원,어린이공원,37.35334734,126.9301532
경기도,군포시,금정동,871-9,소월어린이공원,어린이공원,37.35136878,126.9325016
서울특별시,마포구,상수동,399,상수소공원,소공원,37.545926,126.927163
경상북도,포항시,북구,장성동 1371-1,장량근린,근린공원,36.08683861,129.386812
경상북도,포항시,북구,장성동 1390-1,장성법원로,어린이공원,36.0860635133,129.389675
경상북도,포항시,북구,장성동 1400-2,장성장량로,어린이공원,36.083635,129.390442
부산광역시,중구,대청로116번길,13,용두산공원,근린공원,35.1002085571,129.0322777511
부산광역시,중구,영주동,239-114,중앙공원,근린공원,35.1096029,129.0281365
부산광역시,중구,영주동,274-11,영주어린이공원,어린이공원,35.1115211,129.0307744
부산광역시,중구,동광동5가,14-1,오름소공원,소공원,35.10853818,129.0328293
부산광역시,부산진구,당감동,796-1,색동어린이공원,어린이공원,35.1728201,129.0301309
부산광역시,부산진구,부암동,721,은하수어린이공원,어린이공원,35.1746046,129.0317164302
부산광역시,부산진구,부암동,726,동양어린이공원,어린이공원,35.1762116706,129.0299758
부산광역시,부산진구,연지동,48,연지어린이공원,어린이공원,35.1730456705,129.0557013
부산광역시,부산진구,양정동,91-2,꿈동산어린이공원,어린이공원,35.1744213954,129.0774871
부산광역시,부산진구,전포동,415-7,전포2-1재개발,어린이공원,35.1541799,129.0711269
부산광역시,부산진구,가야동,553,가야감고개공원,문화공원,35.1480244312,129.0336272568
부산광역시,부산진구,양정동,528,양지공원,소공원,35.1720457052,129.0806132836
부산광역시,부산진구,전포동,925,전포2-1재개발공원,소공원,35.15325551,129.0701524
부산광역시,부산진구,전포동,913,전포2-1재개발공원,소공원,35.1574957787,129.069780019
부산광역시,부산진구,전포동,917,전포2-1재개발공원,소공원,35.1577583504,129.0706738402
서울특별시,강북구,미아동,258-56,벽오산,어린이공원,37.6275862,127.0302734
서울특별시,도봉구,쌍문동,490-27,쌍문1동,기타,37.6545297,127.0163509
서울특별시,도봉구,창동,700-87,창5동,기타,37.6520013,127.0387085
서울특별시,도봉구,도봉동,630-1,도봉2동,기타,37.6768238,127.0490433
서울특별시,도봉구,방학동,265-4,방학1동,기타,37.661482,127.0371404
서울특별시,도봉구,도봉동,638-1,도봉1동(2),기타,37.6862776,127.0408206
서울특별시,도봉구,쌍문동,259-6,쌍문4동(1),기타,37.6569337,127.0280205
서울특별시,도봉구,쌍문동,245-2,쌍문4동(2),기타,37.6590534,127.0287138
서울특별시,도봉구,쌍문동,69-59,쌍문2동,기타,37.6553216,127.0347283
서울특별시,도봉구,방학동,490-8,발바닥공원,기타,37.6591413,127.0279921
서울특별시,도봉구,방학동,678,방학사계광장,기타,37.6624333,127.0418448
서울특별시,도봉구,도봉2동,41,도봉산역 만남의광장,기타,37.6882419,127.0467981
서울특별시,도봉구,창4동,181-38,창동 공원,기타,37.6601682,127.045372
서울특별시,도봉구,방학1동,714-15,방학동 공원,기타,37.6644754,127.0454838
서울특별시,도봉구,방학3동,443,방학3동 가로공원,기타,37.6634352,127.0276147
서울특별시,도봉구,도봉1동,279,도봉마루공원,기타,37.6877313,127.0439158
서울특별시,도봉구,쌍문3동,346-3,한전변전소 자투리땅 휴게공원,기타,37.6482319,127.0268292
서울특별시,도봉구,방학3동,547,원당샘공원,기타,37.6607526,127.0220787
서울특별시,도봉구,방학1동,725-31,도로개설잔여부 휴게공원,기타,37.6611929,127.0505123
대구광역시,달서구,성당동,497,성당천체어린이공원,어린이공원,35.84200641,128.5518277
대구광역시,달서구,용산동,416-2,성산어린이공원,어린이공원,35.85552969,128.5174753
대구광역시,달서구,용산동,412-2,성지어린이공원,어린이공원,35.85262104,128.5176316
대구광역시,달서구,송현동,1982-1,솔밭어린이공원,어린이공원,35.82909768,128.5540824
대구광역시,달서구,상인동,1543,송림어린이공원,어린이공원,35.81565645,128.5484527
대구광역시,달서구,월성동,500-1,송일어린이공원,어린이공원,35.82413307,128.5328213
대구광역시,달서구,송현동,1977,송지어린이공원,어린이공원,35.82616872,128.5558955
대구광역시,달서구,송현동,1035-21,송학1어린이공원,어린이공원,35.83616843,128.5551428
대구광역시,달서구,도원동,928,수밭1어린이공원,어린이공원,35.79812414,128.5488381
대구광역시,달서구,신당동,1759-1,신당어린이공원,어린이공원,35.85842521,128.498908
서울특별시,도봉구,창동,367,뱃 골,어린이공원,37.6465834,127.0450164
서울특별시,도봉구,창동,368,밤 골,어린이공원,37.6487859,127.0458545
서울특별시,도봉구,창동,381,창 골,어린이공원,37.6430752,127.0486262
서울특별시,도봉구,창동,449-103,신 창,어린이공원,37.6400636,127.040857
서울특별시,도봉구,창동,458-6,물방울,어린이공원,37.6375725,127.0412883
서울특별시,도봉구,창동,553-8,장 미,어린이공원,37.6381458,127.036365
서울특별시,도봉구,창동,608-5,창고개,어린이공원,37.6447409,127.0393257
서울특별시,도봉구,창동,624-16,다람쥐,어린이공원,37.6452098,127.0349159
서울특별시,도봉구,창동,630-4,달 내,어린이공원,37.6427555,127.0352756
서울특별시,도봉구,창동,663-1,꿈동산,어린이공원,37.6501236,127.0368382
서울특별시,도봉구,창동,715-17,미 화,어린이공원,37.6549516,127.0397052
서울특별시,도봉구,창동,505-12,창3 마을공원,소공원,37.6333294,127.0412078
서울특별시,도봉구,창동,582-22,창2 마을공원,소공원,37.6412657,127.0362989
서울특별시,도봉구,도봉동,470,무수울 소공원,소공원,37.6778355,127.0338381
서울특별시,도봉구,도봉동,429-3,무수골 소공원,소공원,37.6784430342,127.0389232659
서울특별시,도봉구,쌍문동,732-1,쌍문1구역 소공원,소공원,37.6489288,127.0219352
서울특별시,도봉구,도봉동,8번지,다락원 체육공원,체육공원,37.6907728498,127.046562363
서울특별시,도봉구,도봉동,4,서울 창포원,기타,37.6892727,127.0475814
서울특별시,도봉구,방학동,306-24,방학3동,기타,37.6633231,127.0292778
서울특별시,도봉구,도봉동,282-275,도봉1동(1),기타,37.6875164,127.0428127
광주광역시,남구,월산동,1048-121,세은 4,어린이공원,35.13650477,126.8958808
광주광역시,남구,월산동,1047-13,세은 5,어린이공원,35.136694,126.893469
광주광역시,남구,봉선동,484-4,방죽,어린이공원,35.12340907,126.9124924
광주광역시,남구,방림동,553,방림 제2,어린이공원,35.13084515,126.9147666
광주광역시,남구,방림동,557,방림 제3,어린이공원,35.1297325,126.9168392
광주광역시,남구,봉선동,986,봉선제1,어린이공원,35.13029289,126.9089521
광주광역시,남구,봉선동,1031,봉선제2,어린이공원,35.12884249,126.9124866
광주광역시,남구,봉선동,1008,봉선제3,어린이공원,35.12732521,126.9084332
광주광역시,남구,진월동,481-27,현대,어린이공원,35.116541,126.8992735
서울특별시,도봉구,창동,33-4,유 만,어린이공원,37.650387,127.0529829
서울특별시,도봉구,창동,38-4,대 창,어린이공원,37.64436,127.0522814
서울특별시,도봉구,창동,307,창 원,어린이공원,37.6529957,127.0403553
서울특별시,도봉구,창동,347-3,은행나무,어린이공원,37.6496529,127.0437757
서울특별시,도봉구,창동,354,반 석,어린이공원,37.6471171,127.0412529
강원도,평창군,평창읍,중리 산11-1,평창공원,근린공원,37.3724930243,128.4046945267
강원도,평창군,대화면,대화리 406,대화공원,근린공원,37.5016653524,128.4588378196
강원도,평창군,봉평면,창동리 408-1,가산문화근린공원,근린공원,37.6143101668,128.3755396807
강원도,평창군,진부면,하진부리 산16,진부공원,근린공원,37.6406160547,128.5591335888
강원도,평창군,대관령면,수하리 145-1,올림픽빌리지공원,근린공원,37.659144386,128.6977260684
강원도,평창군,평창읍,중리 249,중리공원,어린이공원,37.369566975,128.4017197222
강원도,평창군,평창읍,종부리 508-13,종부리공원,어린이공원,37.3605265376,128.3876033158
경상북도,포항시,북구,양덕동 654-2,양덕 성곡,어린이공원,36.090153,129.394132
경상북도,포항시,북구,양덕동 655-1,물빛근린(장량2근린),근린공원,36.091079,129.396687
경상북도,포항시,북구,양덕동 680-3,양덕 연오랑,어린이공원,36.088864,129.389502
경상북도,포항시,북구,양덕동 778-1,양덕 세오녀,어린이공원,36.087622,129.390967
경상북도,포항시,북구,양덕동 786-2,양덕 갈매기,어린이공원,36.088175,129.394575
경상북도,포항시,북구,용흥동 145-26,용흥용당,어린이공원,36.028888,129.357293
경상북도,포항시,북구,우현동 538-1,우현서,어린이공원,36.055653,129.357375
경상북도,포항시,북구,우현동 543,우현5,어린이공원,36.053361,129.3600087114
경상북도,포항시,북구,우현동 553,우방아이유쉘소공원,소공원,36.0509553549,129.3596207
경상북도,포항시,북구,장성동 1345,장성성당,어린이공원,36.070791,129.3705617713
경상북도,포항시,북구,장성동 1354-1,장성럭키,어린이공원,36.066287,129.380269
경상북도,포항시,북구,장성동 1365-1,장성신제지,어린이공원,36.069719,129.378522
전북특별자치도,정읍시,시기동,81-7,정읍사공원,문화공원,35.55073015,126.8615763
전북특별자치도,정읍시,수성동,931,수성공원,근린공원,35.58216187,126.8538212
전북특별자치도,정읍시,하북동,858-1,공단공원,근린공원,35.5941738,126.8687801
전북특별자치도,정읍시,수성동,947-3,두산공원,어린이공원,35.5796117,126.8546554
전북특별자치도,정읍시,수성동,986-4,무지개공원,어린이공원,35.58701697,126.858958
전북특별자치도,정읍시,수성동,993-5,행복공원,어린이공원,35.58502319,126.8619807
전북특별자치도,정읍시,수성동,1003-1,멧골공원,어린이공원,35.5839691,126.8641495
전북특별자치도,정읍시,수성동,1018-4,마곡공원,어린이공원,35.58359974,126.8624995
전북특별자치도,정읍시,수성동,1031-1,녹색공원,어린이공원,35.5834117,126.8588898
전북특별자치도,정읍시,수성동,1042-1,쉼터공원,어린이공원,35.58140897,126.8573178
전북특별자치도,정읍시,수성동,917-2,사랑공원,어린이공원,35.58445371,126.8559354
서울특별시,도봉구,도봉1동,산29-2,북한산 국립공원,기타,37.6920803,127.0312043
서울특별시,도봉구,창동,산24 초안산근린공원,초안산근린공원,근린공원,37.6474261,127.0414291
서울특별시,도봉구,쌍문동,산80,쌍문근린공원,근린공원,37.6541919,127.0290879
서울특별시,도봉구,창동,28,월천근린공원,근린공원,37.6472711141,127.0523186642
서울특별시,도봉구,도봉동,653,누 원,어린이공원,37.6803963,127.0500458
서울특별시,도봉구,도봉동,289-5,새동네,어린이공원,37.6889748,127.0431725
서울특별시,도봉구,도봉동,570-13,무지개,어린이공원,37.6856475,127.0450237
서울특별시,도봉구,도봉동,576-13,서 원,어린이공원,37.6838254,127.0433093
서울특별시,도봉구,도봉동,585-2,무 수,어린이공원,37.6806313,127.0427453
서울특별시,도봉구,도봉동,614-37,해 태,어린이공원,37.6720052,127.0412072
서울특별시,도봉구,도봉동,625-123,갈대밭,어린이공원,37.6743303,127.0458103
서울특별시,도봉구,방학동,304-20,방 학,어린이공원,37.6631059,127.0322622
서울특별시,도봉구,방학동,611-5,샘 말,어린이공원,37.6684889,127.0315749
서울특별시,도봉구,방학동,638-12,개나리,어린이공원,37.6673406,127.0371512
서울특별시,도봉구,방학동,644-28,생잇들,어린이공원,37.6689795,127.039176
서울특별시,도봉구,방학동,655-31,무궁화,어린이공원,37.6678419,127.0421955
서울특별시,도봉구,방학동,663,뒷 말,어린이공원,37.6637475,127.0336461
서울특별시,도봉구,방학동,681-13,사 슴,어린이공원,37.6644567,127.041749
서울특별시,도봉구,방학동,694-9,소 망,어린이공원,37.6635246,127.0369361
서울특별시,도봉구,방학동,735-4,학 골,어린이공원,37.6635246,127.0369361
서울특별시,도봉구,방학1동,717-1,금성윗들,어린이공원,37.6676592,127.0447831
서울특별시,도봉구,쌍문동,709-32,노 해,어린이공원,37.6609382,127.0396947
서울특별시,도봉구,쌍문동,139-101,둥근달,어린이공원,37.6497343,127.0301124
서울특별시,도봉구,쌍문동,286-32,꽃동네,어린이공원,37.6506429,127.0229685
서울특별시,도봉구,쌍문동,315-362,샛 별,어린이공원,37.6480726,127.0291963
서울특별시,도봉구,창동,27-2,효 자,어린이공원,37.6500558,127.0510344
서울특별시,도봉구,창동,30-1,모 랫,어린이공원,37.6468286,127.0517995
경기도,용인시,수지구,풍덕천동 695 일원,방죽골공원,어린이공원,37.32528666,127.0897424
경기도,용인시,수지구,풍덕천동 692-2,도장골공원,어린이공원,37.32702396,127.0928494
경기도,용인시,수지구,풍덕천동 678-1,독골공원,어린이공원,37.33226573,127.1006463
경기도,용인시,수지구,풍덕천동 663-2,삼풍동공원,어린이공원,37.33103309,127.095357
경기도,용인시,수지구,풍덕천동 1155,임진,어린이공원,37.31800062,127.0938102
경기도,용인시,수지구,풍덕천동 1122,햇빛공원,어린이공원,37.31633826,127.0883859
경기도,용인시,수지구,풍덕천동 1056,별빛공원,어린이공원,37.32048432,127.0878211
경기도,용인시,수지구,풍덕천동 1044 일원,무진이,어린이공원,37.3176541,127.0859569
경기도,용인시,수지구,풍덕천동 1015,새말공원,어린이공원,37.32252082,127.0896848
경기도,용인시,수지구,죽전동 1484,죽전어린이공원,어린이공원,37.32973049,127.1168463
경기도,용인시,수지구,죽전동 1370,안터어린이공원,어린이공원,37.33081636,127.1302587
경기도,용인시,수지구,죽전동 1366,완장어린이공원,어린이공원,37.33032846,127.1332567
경기도,용인시,수지구,죽전동 1317,안골어린이공원,어린이공원,37.32222262,127.124556
경기도,용인시,기흥구,구갈동 602,제53호 어린이공원(강남),어린이공원,37.26990964,127.1303828
경기도,용인시,기흥구,구갈동 584,제52호 어린이공원(갈곡),어린이공원,37.2718928,127.1296066
경기도,용인시,기흥구,구갈동 549,제51호 어린이공원(하늘채),어린이공원,37.27800797,127.1294644
경기도,용인시,기흥구,구갈동 407-1,제47호 어린이공원(관곡),어린이공원,37.27474613,127.1110766
경기도,용인시,기흥구,구갈동 393-1,제44호 어린이공원(관아),어린이공원,37.27797535,127.1106917
경기도,용인시,기흥구,구갈동 383-1,제49호 어린이공원(한성),어린이공원,37.27790162,127.1142422
경기도,용인시,기흥구,구갈동 375-2,제50호 어린이공원(안마을),어린이공원,37.27770845,127.1167415
경기도,용인시,기흥구,구갈동 344-1,제34호 어린이공원(가현),어린이공원,37.28323909,127.112493
경기도,용인시,기흥구,구갈동 276-1,제48호 어린이공원(캐슬),어린이공원,37.27719669,127.1185095
경기도,용인시,기흥구,구갈동 271,제36호 어린이공원(내기),어린이공원,37.28133463,127.1203325
경기도,용인시,기흥구,구갈동 669,도담도담어린이공원(기흥역세권),어린이공원,37.27333429,127.1171579
경기도,용인시,기흥구,공세동 697,공세제2호 어린이공원(자봉),어린이공원,37.24365623,127.1114359
경기도,용인시,기흥구,공세동 695,공세제3호 어린이공원(버들),어린이공원,37.24027341,127.1106946
경기도,용인시,기흥구,공세동 681 일원,보라5어린이공원(하늘마루),어린이공원,37.24239879,127.1071025
경기도,용인시,기흥구,공세동 678 일원,보라4어린이공원(자작너울),어린이공원,37.243998,127.1098123
경기도,용인시,기흥구,공세동 712 일원,공세제1호 어린이공원(탑실),어린이공원,37.24540615,127.1207862
서울특별시,강동구,명일2동,37,원터공원,근린공원,37.5524155,127.1430368
서울특별시,강동구,고덕동,310,송림공원,근린공원,37.55504732,127.1539494
서울특별시,강동구,고덕1동,493,까치공원,근린공원,37.557079,127.149995
서울특별시,강동구,고덕1동,497,두레공원,근린공원,37.558206,127.152203
서울특별시,강동구,고덕1동,648,동자공원,근린공원,37.559711,127.152467
서울특별시,강동구,고덕2동,287,샘터공원,근린공원,37.561901,127.159087
서울특별시,강동구,고덕2동,296,방죽공원,근린공원,37.5591586,127.1598268
서울특별시,강동구,고덕2동,229 외1,동명공원,근린공원,37.561146,127.164455
서울특별시,강동구,상일동,188,상일공원,근린공원,37.5469247,127.167312
서울특별시,송파구,신천동,11 일원,장미아파트2호,어린이공원,37.520392,127.103546
서울특별시,송파구,마천동,327-7 일대,거여2(거마재정비),소공원,37.491039,127.156702
서울특별시,송파구,마천동,363-2 일대,거여3(거마재정비),소공원,37.494838,127.155509
서울특별시,송파구,마천동,364-8 일대,거여4(거마재정비),소공원,37.494411,127.156222
서울특별시,송파구,마천동,276 일대,거여5(거마재정비),소공원,37.491148,127.157751
서울특별시,송파구,마천동,586 일대,거여6(거마재정비),소공원,37.497464,127.154635
서울특별시,송파구,문정동,123 일대,문정동136 소공원,소공원,37.487951,127.133264
서울특별시,송파구,잠실동,27 일원,잠실주공5단지 소공원,소공원,37.513067,127.098124
서울특별시,송파구,장지동,393임 일원,송례(위례 근린공원8호),근린공원,37.477529,127.141005
서울특별시,송파구,신천동,7-15,신천어린이교통,근린공원,37.516022,127.101762
서울특별시,송파구,방이동,125,방이동고분,역사공원,37.50757311,127.1181634
서울특별시,송파구,석촌동,248,백제초기적석총,역사공원,37.50214179,127.102815
서울특별시,송파구,마천동,~ 한강합류점,성내천,기타,37.500542,127.139533
서울특별시,송파구,방이동,88-3 외,올림픽공원,기타,37.520341,127.115518
서울특별시,송파구,장지동,~ 한강합류점,탄천,기타,37.499063,127.088061
서울특별시,송파구,마천동,364-5 일대,두레어린이공원,어린이공원,37.494278,127.156245
강원특별자치도,양구군,양구읍,상리 531,상리공원,어린이공원,38.1057714,127.9859281
서울특별시,강동구,천호1동,21-192,천일골목공원,어린이공원,37.5405287,127.1314181
서울특별시,강동구,천호1동,21-194,천호삼거리공원,어린이공원,37.545489,127.138494
서울특별시,강동구,천호1동,21-197,천호큰골목공원,어린이공원,37.545101,127.138573
서울특별시,강동구,천호1동,231-14,천암공원,어린이공원,37.547844,127.136878
서울특별시,강동구,성내1동,533,성내공원,근린공원,37.529486,127.126516
서울특별시,강동구,명일1동,288,샛마을공원,근린공원,37.550106,127.147099
서울특별시,강동구,천호2동,431-2,화랑공원,어린이공원,37.540033,127.123192
서울특별시,강동구,고덕1동,536,꿈나래공원,어린이공원,37.5608275,127.153742
서울특별시,강동구,고덕1동,308,곰돌이공원,어린이공원,37.556235,127.154997
서울특별시,강동구,고덕2동,253,한우물공원,어린이공원,37.561635,127.162736
서울특별시,강동구,고덕2동,219,무지개공원,어린이공원,37.559162,127.164191
서울특별시,강동구,고덕2동,178,말우물공원,어린이공원,37.560012,127.169476
서울특별시,강동구,상일동,122,미리내공원,어린이공원,37.554712,127.167908
서울특별시,강동구,상일동,132,동자공원,어린이공원,37.552388,127.167009
서울특별시,강동구,상일동,278,게내공원,어린이공원,37.549262,127.171472
서울특별시,강동구,상일동,177,까치공원,어린이공원,37.547741,127.1621552
서울특별시,강동구,상일동,175,하늬공원,어린이공원,37.546126,127.1597286
서울특별시,강동구,명일2동,258,파랑새공원,어린이공원,37.547964,127.150864
서울특별시,강동구,명일2동,55,은하수공원,어린이공원,37.552017,127.1435031
서울특별시,강동구,명일2동,43,진달래공원,어린이공원,37.5521507,127.1436747
충청북도,음성군,음성읍,읍내리 817-242,설성공원,근린공원,36.93278938,127.6910182
서울특별시,용산구,효창동,255,효창공원,근린공원,37.544278,126.959255
서울특별시,용산구,후암동,190-1,새나라어린이공원,어린이공원,37.548319,126.9763669
서울특별시,용산구,원효로3가,1-139,늘푸른어린이공원,어린이공원,37.53479369,126.956553
경상북도,포항시,남구,해도동 42-2,해도무지개,어린이공원,36.026828,129.369454
경상북도,포항시,남구,효자동 573,효자,어린이공원,36.007402,129.3374054128
경상북도,포항시,남구,효자동 582,효자 전희,어린이공원,36.0067826243,129.3421092022
경상북도,포항시,남구,효자동 592,효자 가람,어린이공원,36.0054162669,129.3357319926
경상북도,포항시,남구,효자동 604,효자 웰빙,어린이공원,36.0053326977,129.3416477995
경상북도,포항시,북구,두호동 1022-6,두호sk소공원,소공원,36.060968,129.3721990827
경상북도,포항시,북구,두호동 1023-6,두호용두산,어린이공원,36.060832,129.374063
경상북도,포항시,북구,두호동 1073,두호관주당,어린이공원,36.0688976772,129.382769
경상북도,포항시,북구,두호동 1080-1,두호갓뒷골,어린이공원,36.067396,129.3817294651
경상북도,포항시,북구,두호동 1084-2,두호희망봉,어린이공원,36.064556,129.381182
경상북도,포항시,북구,두호동 1097-1,두호성실,어린이공원,36.0674202666,129.372495
경상북도,포항시,북구,두호동 1101,두호아이파크,어린이공원,36.065335,129.374492
경상북도,포항시,북구,두호동 1105-3,두호창펄리,어린이공원,36.062892,129.3754592141
경상북도,포항시,북구,득량동 303-9,득량꿈별,어린이공원,36.0312458586,129.3434192653
경상북도,포항시,북구,양덕동 1196,양덕서초,어린이공원,36.085731,129.393266
경상북도,포항시,북구,양덕동 1533,양덕남로,어린이공원,36.079323,129.398582
경상북도,포항시,북구,양덕동 1814,양덕풍림,어린이공원,36.082812,129.403884
경상북도,포항시,북구,양덕동 1850,양덕30근린(양덕체육),근린공원,36.081053,129.404205
경상북도,포항시,북구,양덕동 2028,양덕양덕중,어린이공원,36.0842056474,129.407992
경상북도,포항시,북구,양덕동 2119,양덕한마음,어린이공원,36.080534,129.408306
경상북도,포항시,북구,양덕동 334-1,햇살근린(장량1근린),근린공원,36.0917775967,129.3810303303
경상북도,포항시,북구,양덕동 336-4,양덕 사랑골,어린이공원,36.091205,129.384235
경상북도,포항시,북구,양덕동 467-2,양덕 북시골,어린이공원,36.0898939913,129.3849243792
경상북도,포항시,북구,양덕동 651-2,양덕 불미골,어린이공원,36.0904722125,129.391707147
경상북도,포항시,남구,청림동 3-248,청림몰개월,소공원,35.9964046239,129.4125216803
경상북도,포항시,남구,해도동 104-1,해도형산,어린이공원,36.0165087,129.3685883
경상북도,포항시,남구,해도동 202-1,해도근린,근린공원,36.0105214452,129.3684318973
경상북도,포항시,남구,해도동 29-5,해도운하,소공원,36.0221103372,129.375171
경상북도,포항시,남구,해도동 30-2,해도장수1,어린이공원,36.022686,129.3750314
경상북도,포항시,남구,해도동 30-2,해도5,어린이공원,36.0226876,129.3750314
부산광역시,영도구,동삼동,1124-3,절영어린이공원,어린이공원,35.07191238,129.0611745
부산광역시,영도구,동삼동,510-28,동삼공원,근린공원,35.073341,129.0676059
대전광역시,동구,세천동,산 43-3,식장산공원,문화공원,36.30426429,127.483362
대전광역시,동구,판암동,496-25,판암공원,근린공원,36.31867733,127.4541818
대전광역시,동구,구도동,379,꽃그늘공원,소공원,36.27181157,127.468597
대전광역시,동구,낭월동,362,낭월3호공원,어린이공원,36.28207248,127.4662622
충청북도,제천시,장락동,1027,장락제5어린이공원,어린이공원,37.15689983,128.226167
충청북도,제천시,청전동,497-25,청전제7어린이공원,어린이공원,37.144851,128.206121
충청북도,제천시,하소동,107-9,하소제1어린이공원,어린이공원,37.14128438,128.1979149
충청북도,제천시,동현동,281,동현제1어린이공원,어린이공원,37.132705,128.218045
충청북도,제천시,하소동,354,하소제3어린이공원,어린이공원,37.144433,128.198588
충청북도,제천시,하소동,348,하소제4어린이공원,어린이공원,37.145407,128.1968179
충청북도,제천시,교동,산13,교동근린공원,근린공원,37.13722192,128.2185609
충청북도,제천시,장락동,659-17,장락제1근린공원,근린공원,37.14815866,128.2211168
충청북도,제천시,장락동,산53-1,장락제2근린공원,근린공원,37.15437895,128.221352
충청북도,제천시,중앙로2가,26-1,중앙근린공원,근린공원,37.13923321,128.210774
충청북도,제천시,청전동,산25,청전근린공원(시민공원),근린공원,37.15069117,128.2179518
충청북도,제천시,수산면,내리 산44,수산근린공원,근린공원,36.9310712,128.1780712
충청북도,제천시,덕산면,도전리 367,덕산근린공원,근린공원,36.909867,128.166412
충청북도,제천시,화산동,416,화산제1어린이공원,어린이공원,37.130675,128.210039
충청북도,제천시,화산동,801,화산제2어린이공원,어린이공원,37.127979,128.210041
충청북도,제천시,화산동,684,화산제3어린이공원,어린이공원,37.12830936,128.2177794
충청북도,제천시,화산동,939,화산제4어린이공원,어린이공원,37.12652282,128.214307
충청북도,제천시,고암동,1168-7,고암제1어린이공원,어린이공원,37.159217,128.215691
충청북도,제천시,청전동,592,청전제2어린이공원,어린이공원,37.15697421,128.215482
충청북도,제천시,청전동,583-1,청전제3어린이공원,어린이공원,37.15492599,128.2145275
충청북도,제천시,장락동,850,장락제3근린공원,근린공원,37.15110713,128.2216654
충청북도,제천시,장락동,788,장락제1어린이공원,어린이공원,37.150494,128.2201345
충청북도,제천시,교동,92-1,교동제1어린이공원,어린이공원,37.14153887,128.215443
충청북도,제천시,서부동,945,서부어린이공원,어린이공원,37.134946,128.201359
충청북도,제천시,신백동,206,신백제1어린이공원,어린이공원,37.12969532,128.2242281
충청북도,제천시,고암동,1269,장락제3어린이공원,어린이공원,37.15982178,128.219049
충청북도,제천시,장락동,609-7,장락제4어린이공원,어린이공원,37.15850653,128.223181
세종특별자치시,대평동,660,,함뱅이뜰근린공원,근린공원,36.46660071,127.2693359
세종특별자치시,대평동,673,,두레뜰근린공원,근린공원,36.47345674,127.2742186
세종특별자치시,대평동,661,,주비뜰근린공원,근린공원,36.46777045,127.2745557
경상북도,포항시,남구,오천읍 원리 944,오천갯목,어린이공원,35.966864,129.406617
경상북도,포항시,남구,오천읍 원리 979,원동11근린,근린공원,35.965607399,129.402366
경상북도,포항시,남구,오천읍 원리 987,오천복지,어린이공원,35.9657193159,129.408228
경상북도,포항시,남구,오천읍 원리565-1,원동 땅공원,어린이공원,35.981742,129.400711
경상북도,포항시,남구,이동 650,이동사랑,어린이공원,36.029667,129.337668
경상북도,포항시,남구,이동 659,이동이화,어린이공원,36.027085,129.339531
경상북도,포항시,남구,인덕동 349,원동 바다공원,어린이공원,35.984801,129.399601
경상북도,포항시,남구,일월동 679-277,청림일월,어린이공원,35.993923,129.4204392
경상북도,포항시,남구,지곡동 470,지곡라근린공원(체육공원),근린공원,36.0330028609,129.3211485428
경상북도,포항시,남구,지곡동 470-1,지곡체육,어린이공원,36.033112,129.320351
경상북도,포항시,남구,지곡동 471-1,지곡중앙,어린이공원,36.031001,129.323056
경상북도,포항시,남구,지곡동 485,지곡마근린공원,근린공원,36.0262084572,129.3244391104
경상북도,포항시,남구,지곡동 642-1,지곡그린빌라,어린이공원,36.029059,129.317709
경상북도,포항시,남구,지곡동 653-1,지곡근린공원,근린공원,36.027679,129.321846
경상북도,포항시,남구,지곡동 965-1,지곡스틸,어린이공원,36.033341,129.313441
경상북도,포항시,남구,청림동 1179-15,청림찬내,어린이공원,35.991228,129.404821
경상북도,안동시,송현동,295-3,송현제1공원,어린이공원,36.570212,128.698559
경상북도,안동시,송현동,316-2,태화1공원,어린이공원,36.569922,128.6957348
경상북도,안동시,태화동,648-121,태화5공원,어린이공원,36.567719,128.704156
경상북도,안동시,옥동,611-1,옥동제2공원,어린이공원,36.56476371,128.7025869
경상북도,안동시,옥동,638-2,옥동제1공원,어린이공원,36.56183115,128.7046455
경상북도,안동시,옥동,768-2,옥동제4공원,어린이공원,36.5615941,128.699566
경상북도,안동시,옥동,765-1,옥동제3공원,어린이공원,36.56438987,128.7001153
경상북도,안동시,옥동,794-1,옥동제5공원,어린이공원,36.56059266,128.7002996
경상북도,포항시,남구,연일읍 동문리 9-2,연일근린,근린공원,35.9959100213,129.35105524
경상북도,포항시,남구,연일읍 유강리 601,연일용잠,어린이공원,36.004523,129.313939
경상북도,포항시,남구,연일읍 유강리 601-2,연일노적봉,어린이공원,36.0048139616,129.3168366272
경상북도,포항시,남구,연일읍 유강리 601-4,연일풋살,어린이공원,36.003962,129.319132
경상북도,포항시,남구,연일읍 유강리 601-5,연일버드마,어린이공원,36.004339,129.320048
경상북도,포항시,남구,오천읍 문덕리 1188-488,오천천마,어린이공원,35.949642,129.408872
경상북도,포항시,남구,오천읍 문덕리 197-1,오천포은,어린이공원,35.9640590121,129.404031
경상북도,포항시,남구,오천읍 문덕리 219-5,오천문덕,어린이공원,35.9619026702,129.401607
경상북도,포항시,남구,오천읍 문덕리 256-4,오천갈매기,어린이공원,35.963087,129.4066977877
경상북도,포항시,남구,오천읍 문덕리 298-1,오천장미,어린이공원,35.9612873632,129.405965
경상북도,포항시,남구,오천읍 문덕리 319-6,오천해송,어린이공원,35.959933,129.4044140153
경상북도,포항시,남구,오천읍 문덕리 338-1,오천해병,어린이공원,35.958675,129.401049
경상북도,포항시,남구,오천읍 문덕리 357-1,오천원효,어린이공원,35.958617,129.404365
경상북도,포항시,남구,오천읍 문덕리 383-1,문덕근린,근린공원,35.9560872338,129.400884
경상북도,포항시,남구,오천읍 문덕리 404-5,오천오어사,어린이공원,35.956161,129.404842
경상북도,포항시,남구,오천읍 용덕리 303-11,용덕1,어린이공원,35.972116,129.4165283
경상북도,포항시,남구,오천읍 원리 1135,오천원동,어린이공원,35.9740116266,129.403451
경상북도,포항시,남구,오천읍 원리 1328,오천충무,어린이공원,35.972447,129.405541
경상북도,포항시,남구,오천읍 원리 1429,원동7근린,근린공원,35.9723166696,129.408939403
경상북도,포항시,남구,오천읍 원리 28-2,원동1근린공원,근린공원,35.979274,129.405173
경상북도,포항시,남구,오천읍 원리 518,원동 역사공원,역사공원,35.979557,129.400937
경상북도,포항시,남구,오천읍 원리 518,원동 역사공원,역사공원,35.979557,129.400937
경상북도,포항시,남구,오천읍 원리 903-4,오천냉천,어린이공원,35.969608,129.408562
경상북도,포항시,남구,오천읍 원리 919,오천일월,어린이공원,35.968823,129.406353
경상북도,포항시,남구,대잠동 1001-1,대잠1,어린이공원,36.020079068,129.3438590143
경상북도,포항시,남구,대잠동 1013,대잠센트럴,어린이공원,36.0216664542,129.3384171644
경상북도,포항시,남구,대잠동 160-53,대잠포스코,어린이공원,36.012768,129.339312
경상북도,포항시,남구,대잠동 462-3,이동체육,어린이공원,36.02409876,129.3400887
경상북도,포항시,남구,대잠동 668-32,대잠행복,어린이공원,36.014201,129.337695
경상북도,포항시,남구,대잠동 780-201,대잠화목,어린이공원,36.011971,129.335738
경상북도,포항시,남구,대잠동 973-2,대잠소망,어린이공원,36.016649,129.342051
경상북도,포항시,남구,대잠동 979,대잠희망,어린이공원,36.0152693298,129.341719
경상북도,포항시,남구,동해면 공당리 339,블루밸리 소공원,소공원,35.9648454413,129.4992743721
경상북도,포항시,남구,동해면 공당리 895-20,블루밸리 1호 근린공원,근린공원,35.9596967755,129.5017931987
경상북도,포항시,남구,동해면 공당리 988,블루밸리 3호 근린공원,근린공원,35.9550000571,129.5017761482
경상북도,포항시,남구,동해면 공당리 산59,블루밸리 체육공원,체육공원,35.9646539617,129.4945692928
경상북도,포항시,남구,동해면 임곡리 123,연오랑세오녀테마공원,문화공원,36.0021980793,129.4588877051
경상북도,포항시,남구,상도동 18-125,상도,어린이공원,36.015415,129.359215
경상북도,포항시,남구,상도동 18-63,상도섬안,어린이공원,36.016775,129.357694
경상북도,포항시,남구,상도동 588-3,상도1,어린이공원,36.0112201,129.3470514597
경상북도,포항시,남구,상도동 645,상도뱃머리,어린이공원,36.011273,129.352631
경상북도,포항시,남구,상도동 676,상도코아루,어린이공원,36.0095393074,129.346933
경상북도,포항시,남구,송도동 413-16,송도솔바람,어린이공원,36.0356959,129.3724137
경상북도,포항시,남구,송도동 448-1,송도바닷바람,어린이공원,36.032071,129.3737050112
경상북도,포항시,남구,송도동 508-1,송도강바람,어린이공원,36.0265748574,129.3779155553
서울특별시,송파구,문정동,142 일대,문정동136 어린이공원,어린이공원,37.487357,127.134752
서울특별시,송파구,신천동,20-4 일원,잠실진주,어린이공원,37.518792,127.108557
서울특별시,송파구,신천동,7 일원,장미아파트1호,어린이공원,37.518333,127.099146
대전광역시,동구,낭월동,566,낭월4호공원,어린이공원,36.27928115,127.4669333
대전광역시,동구,용운동,659,용수골공원,어린이공원,36.33344181,127.4557371
대전광역시,동구,용운동,705,도시개발공원,어린이공원,36.33360827,127.4543333
대전광역시,동구,가오동,302,가오67호공원,근린공원,36.30587223,127.4598458
대전광역시,동구,가오동,558,가오65호공원,근린공원,36.30596914,127.4584895
대전광역시,동구,대성동,132,가오66호공원,근린공원,36.30378666,127.4593704
대전광역시,동구,가오동,473,가오30호공원,어린이공원,36.31050422,127.4560908
대전광역시,동구,가오동,587,가오31호공원,어린이공원,36.30737671,127.4552656
대전광역시,동구,천동,527,샘골공원,근린공원,36.31526166,127.4474696
대전광역시,동구,삼성동,478,삼성공원,근린공원,36.34146311,127.4227475
대전광역시,동구,낭월동,492,낭월7호공원,어린이공원,36.27866708,127.464948
대전광역시,동구,낭월동,642,낭월8호공원,어린이공원,36.27827667,127.4701193
대전광역시,동구,대동,355-21,대동공원,어린이공원,36.32402502,127.4470600037
대전광역시,동구,상소동,1,상소공원,문화공원,36.23799686,127.4689692
대전광역시,동구,자양동,94-6,동광공원,어린이공원,36.3365512,127.4491373
대전광역시,동구,구도동,388,구도공원,근린공원,36.27026476,127.4690091
대전광역시,동구,낭월동,810,옥토끼공원,어린이공원,36.2754382,127.4673949
대전광역시,동구,구도동,367,팽나무공원,수변공원,36.27072766,127.4717217
대구광역시,달서구,상인동,1557-1,서광어린이공원,어린이공원,35.81139438,128.5471541
대구광역시,달서구,대곡동,1016-1,서산어린이공원,어린이공원,35.80722675,128.5202436
대구광역시,달서구,용산동,582,서촌어린이공원,어린이공원,35.85949187,128.5226048
대구광역시,달서구,성당동,599-5,성당소어린이공원,어린이공원,35.84270993,128.5462204
전라남도,나주시,빛가람동,774,공원(어7혁신),어린이공원,35.01247425,126.791016
울산광역시,동구,방어동,1080-13,문재공원,어린이공원,35.486552,129.418101
울산광역시,동구,방어동,121-2,목거랑공원,어린이공원,35.48725393,129.427792
울산광역시,동구,전하동,688-4,산시공원,어린이공원,35.505661,129.426847
울산광역시,동구,화정동,168-11,대송공원,어린이공원,35.499403,129.422039
울산광역시,동구,동부동,666-2,쟁골공원,어린이공원,35.54482029,129.429652
울산광역시,동구,화정동,148-3,댄밖공원,어린이공원,35.50306228,129.418872
울산광역시,동구,화정동,161-2,부엉이공원,어린이공원,35.501524,129.417124
울산광역시,동구,방어동,1118,쿵구공원,어린이공원,35.48666243,129.410631
울산광역시,동구,방어동,1000-6,미암공원,어린이공원,35.48053451,129.412851
울산광역시,동구,방어동,1029,끝작공원,어린이공원,35.47888607,129.4116869
울산광역시,동구,전하동,647-1,무지개공원,소공원,35.510162,129.426346
울산광역시,동구,화정동,873-8,절골공원,어린이공원,35.49273392,129.4204794
울산광역시,동구,전하동,636-1,한빛공원,어린이공원,35.511226,129.428321
울산광역시,동구,서부동,248-46,가족공원,어린이공원,35.524027,129.429431
울산광역시,동구,전하동,301-62,범골공원,어린이공원,35.516261,129.426271
울산광역시,동구,전하동,544,돌안공원,어린이공원,35.514191,129.426823
울산광역시,동구,전하동,550-146,산성공원,어린이공원,35.513744,129.424515
울산광역시,동구,화정동,146-8,갓안공원,어린이공원,35.502689,129.421533
울산광역시,동구,동부동,426-1,감나무골체육소공원,체육공원,35.54703798,129.424391
울산광역시,동구,방어동,1105-3,후릉공원,어린이공원,35.48751472,129.4124426
울산광역시,동구,방어동,산51,동뫼산공원,근린공원,35.292006,129.253943
울산광역시,동구,방어동,1059,촛등공원,어린이공원,35.476161,129.4111147
울산광역시,동구,전하동,765-4,늘푸른공원1,소공원,35.51348214,129.422453
울산광역시,동구,전하동,755-1,늘푸른공원2,소공원,35.51510297,129.421587
울산광역시,동구,전하동,756-24,늘푸른공원3,소공원,35.515245,129.421433
울산광역시,동구,전하동,748-1,늘푸른공원4,소공원,35.515735,129.423553
울산광역시,동구,전하동,738-1,산생공원,소공원,35.510588,129.420411
강원특별자치도,화천군,사내면,사창리 산45,사내근린공원,근린공원,38.0745399827,127.5239485975
강원특별자치도,화천군,상서면,산양리 산49,산양근린공원,근린공원,38.202703,127.664607
강원특별자치도,화천군,화천읍,아리 256-1,화천 어린이공원1,어린이공원,38.105568,127.707075
강원특별자치도,화천군,화천읍,신읍리 658-4,화천 어린이공원4,어린이공원,38.1142155394,127.7026240062
강원특별자치도,화천군,하남면,위라리 486,화천체육공원,체육공원,38.096847,127.702393
강원특별자치도,화천군,화천읍,하리 산1,화천근린공원,근린공원,38.1044562171,127.702157133
강원특별자치도,화천군,화천읍,신읍리 626-1,신읍1 어린이공원,어린이공원,38.113795,127.697401
강원특별자치도,화천군,화천읍,신읍리 599,신읍2 어린이공원,어린이공원,38.116759,127.698624
강원특별자치도,화천군,사내면,사창리 246-3,사창 어린이공원,어린이공원,38.065699,127.524847
강원특별자치도,화천군,화천읍,아리 244-1,청수원,어린이공원,38.107484,127.705804
강원특별자치도,화천군,사내면,사창리 969-4,사내 어린이공원,소공원,38.069006,127.523321
강원특별자치도,화천읍,아리,244-1,아리공원,소공원,38.107484,127.705804
울산광역시,동구,화정동,846-12,화정공원,근린공원,35.49787755,129.423265
울산광역시,동구,방어동,926-1,꽃나루공원,근린공원,35.4881314,129.4205769
울산광역시,동구,서부동,산56,비석골공원,근린공원,35.54064924,129.4136046
울산광역시,동구,방어동,1089-1,복지불공원,어린이공원,35.484807,129.4194506
울산광역시,동구,일산동,536-3,번덕공원,어린이공원,35.501889,129.425536
울산광역시,동구,동부동,산147,옥류공원,어린이공원,35.54430347,129.4242544
울산광역시,동구,화정동,608-14,대청공원,어린이공원,35.499052,129.4251277
울산광역시,동구,화정동,634-6,대천공원,어린이공원,35.497552,129.424431
울산광역시,동구,방어동,983,가재돌공원,어린이공원,35.4837996,129.4099272
울산광역시,동구,방어동,909-16,까치공원,어린이공원,35.489691,129.422051
울산광역시,동구,방어동,977-1,꽃바우공원,어린이공원,35.484113,129.412091
울산광역시,동구,방어동,1093-8,남진공원,어린이공원,35.48508648,129.4170969
울산광역시,동구,방어동,1154-3,삼섬공원,어린이공원,35.48313861,129.413519
서울특별시,강남구,수서동,722,탄천근린공원,근린공원,37.487436,127.1064899
서울특별시,강남구,일원동,732,한솔근린공원,근린공원,37.481203,127.0787962
서울특별시,강남구,논현동,26,학동근린공원,근린공원,37.51548988,127.0252037
서울특별시,강남구,삼성동,14,삼성은행나무근린공원,근린공원,37.51651533,127.0457554
서울특별시,강남구,도곡동,산31-1,도곡근린공원,근린공원,37.48946129,127.0440022
서울특별시,강남구,도곡동,550,싸리고개근린공원,근린공원,37.48962828,127.0363246
서울특별시,강남구,압구정동,480,갈매기근린공원,근린공원,37.53139874,127.0345365
서울특별시,강남구,역삼동,713-15,도성근린공원,근린공원,37.5003029,127.0488318
서울특별시,강남구,역삼동,755-9,송운근린공원,근린공원,37.4993173,127.0490489
서울특별시,강남구,역삼동,754-7,언주근린공원,근린공원,37.49864145,127.0475791
서울특별시,강남구,역삼동,755-7,영동근린공원,근린공원,37.49801996,127.0486499
서울특별시,강남구,신사동,649-9,도산근린공원,근린공원,37.523911,127.0356032
서울특별시,강남구,역삼동,757-1,길섶근린공원,근린공원,37.49757437,127.0489095
서울특별시,강남구,도곡동,527-7,매봉근린공원,근린공원,37.492112,127.0504068
서울특별시,강남구,삼성동,11-3,배꽃근린공원,근린공원,37.51628496,127.0446033
서울특별시,강남구,삼성동,7-4,반달근린공원,근린공원,37.5162258,127.0428717
서울특별시,강남구,삼성동,16-4,샘터근린공원,근린공원,37.51542123,127.0474657
서울특별시,강남구,삼성동,50-3,학봉근린공원,근린공원,37.51303694,127.0521038
서울특별시,강남구,대치동,888-3,큰골근린공원,근린공원,37.49397694,127.054871
서울특별시,강남구,역삼동,765-30,새뜰근린공원,근린공원,37.49660384,127.0510177
서울특별시,강남구,수서동,749,수서제2근린공원,근린공원,37.48359088,127.0887929
서울특별시,강남구,일원동,732-3,수서택지개발(대모산부근),근린공원,37.48093233,127.0805118
서울특별시,강남구,수서동,737-1,수서택지개발(광평부근),근린공원,37.48674541,127.0971098
서울특별시,강남구,세곡동,525-1,세곡동 근린공원1,근린공원,37.46058474,127.1038574
서울특별시,강남구,세곡동,산1-7,강남세곡체육공원,체육공원,37.466699083,127.111479477
서울특별시,강남구,수서동,산10-1,광평공원,근린공원,37.48651921,127.0921363
광주광역시,광산구,산막동,621-1,원산막,어린이공원,35.1972409168,126.7643949279
경기도,오산시,부산동,825,오산문화공원,문화공원,37.159283,127.078894
경기도,오산시,오산동,750,맑음터 공원,문화공원,37.1412617296,127.0639341402
경기도,오산시,가장동,382-4,가장동 체육공원,체육공원,37.164782,127.041189
경기도,오산시,궐동,산 12-5,궐동공원,문화공원,37.1610926801,127.0598917582
경기도,오산시,내삼미동,산70-3,죽미령평화공원,역사공원,37.1836866991,127.051753381
경기도,오산시,청학동,134-2,세교2지구 제5호 어린이공원,어린이공원,37.1534121257,127.0537855637
경기도,오산시,청학동,111,세교2지구 소공원1,소공원,37.1552430606,127.051884
경기도,오산시,청학동,125-2,세교2지구 소공원2,소공원,37.153601,127.051882
경기도,오산시,청학동,162,세교2지구 소공원3,소공원,37.151936261,127.052831083
경기도,오산시,원동,715-8,수변공원 154호,수변공원,37.140907,127.091507
경기도,오산시,갈곶동,246-1,어린이공원 155호,어린이공원,37.128731,127.071512
경기도,오산시,서동,60,어린이공원 156호,어린이공원,37.1545401227,127.0450910231
경기도,오산시,궐동,산45-3,세교2지구 체육공원,체육공원,37.163352,127.0484591571
서울특별시,송파구,가락본동,14,훙이,어린이공원,37.501139,127.1247542
서울특별시,송파구,마천동,578,늘푸른,소공원,37.49861927,127.1557171
서울특별시,송파구,방이동,42-2,평화,소공원,37.516291,127.1119805
서울특별시,송파구,오금동,97-21 일원,오금지구 수변공원,수변공원,37.507619,127.136866
서울특별시,송파구,마천동,277-52,돌무데기놀이터,기타,37.492024,127.1572039
서울특별시,송파구,풍납동,483-4,풍납타이어,기타,37.535938,127.121564
서울특별시,송파구,가락동,479,가락1(시영아파트),근린공원,37.49761457,127.1025318
서울특별시,송파구,문정동,481,문이,근린공원,37.484857,127.113722
서울특별시,송파구,거여동,491임 일원,위례 근린공원1호,근린공원,37.483179,127.144136
서울특별시,송파구,거여동,산26-7임 일원,위례 근린공원3호,근린공원,37.490844,127.139533
서울특별시,송파구,잠실동,27 일원,잠실주공5단지 근린공원,근린공원,37.512706,127.095491
서울특별시,송파구,거여동,200-4 일대,향유(거마재정비),근린공원,37.494489,127.147614
서울특별시,송파구,가락동,479,가락1(시영아파트),어린이공원,37.49761457,127.1025318
충청남도,예산군,삽교읍,목리 1276,내포7(하늘놀이공원),어린이공원,36.66846437,126.685394
충청남도,예산군,삽교읍,목리 1808,내포9(숲속하늘소공원),어린이공원,36.66910085,126.687341
충청남도,예산군,삽교읍,목리 1933,내포11(사슴벌레공원),어린이공원,36.66753876,126.6881518
충청남도,예산군,삽교읍,목리 1067,내포12(개미공원),어린이공원,36.66325506,126.6826389
충청남도,예산군,삽교읍,목리 1140,내포13(나비공원),어린이공원,36.66340573,126.6844092
충청남도,예산군,예산읍,산성리 697-1,예산10(10호소공원),소공원,36.69179804,126.8295134
충청남도,예산군,예산읍,예산리 770,예산17(17호소공원),소공원,36.68273504,126.845831
충청남도,예산군,예산읍,예산리 802,예산18(18호소공원),소공원,36.67939916,126.8431825
충청남도,예산군,예산읍,예산리 803,예산19(19호소공원),소공원,36.67880106,126.8430324
충청남도,예산군,예산읍,예산리 777,예산21(21호소공원),소공원,36.68088045,126.8448499
충청남도,예산군,예산읍,예산리 772,예산22(22호소공원),소공원,36.68191856,126.8462763
충청남도,예산군,삽교읍,신가리 24-148,삽교7(7호소공원),소공원,36.68439235,126.7446157
충청남도,예산군,삽교읍,신가리 20-24,삽교10(10호소공원),소공원,36.68530932,126.7493378
충청남도,예산군,삽교읍,효림리 560,삽교11(11호소공원),소공원,36.67462713,126.7508166
충청남도,예산군,응봉면,주령리 410,삽교12(12호소공원),소공원,36.67064392,126.7595314
충청남도,예산군,삽교읍,신가리 1-3,삽교14(14호소공원),소공원,36.67947821,126.7509943
충청남도,예산군,삽교읍,효림리 540,삽교15(15호소공원),소공원,36.67043518,126.751208
충청남도,예산군,덕산면,신평리 175-8,덕산4(4호소공원),소공원,36.69376606,126.663061
충청남도,예산군,덕산면,신평리 179-1,덕산5(5호소공원),소공원,36.69356342,126.663387
충청남도,예산군,삽교읍,목리 1007,내포1(두레1소공원),소공원,36.66292078,126.6814975
충청남도,예산군,삽교읍,목리 1243,내포2(두레3소공원),소공원,36.66032238,126.6854692
충청남도,예산군,고덕면,지곡리 438,예당2(2호소공원),소공원,36.76004967,126.724315
충청남도,예산군,고덕면,오추리 815,예당3(3호소공원),소공원,36.76915219,126.7267079
충청남도,예산군,예산읍,관작리 288-9,예산1(동학농민혁명기념공원),역사공원,36.71576908,126.8423874
충청남도,예산군,예산읍,산성리 275-56,예산2(산성공원),역사공원,36.69222413,126.8230439
경상북도,포항시,남구,구룡포읍 구평리 617-1,블루밸리3,어린이공원,35.9446374578,129.528315026
경상북도,포항시,남구,구룡포읍 성동리 1391,블루밸리2,어린이공원,35.9584563522,129.5058097231
경상북도,포항시,남구,구룡포읍 하정리 129,구룡포솔머리,어린이공원,35.9698429,129.551204
경상북도,포항시,남구,구룡포읍 하정리 65,구룡포당사포,어린이공원,35.9732486,129.5494594
경상북도,포항시,남구,대도동 171-2,대도,어린이공원,36.011268,129.361726
경상북도,포항시,남구,대도동 54-2,대도 큰섬마을,어린이공원,36.023708,129.364147
경상북도,포항시,남구,대도동 56-7,대도대해,어린이공원,36.02244192,129.364291
경상북도,포항시,남구,대도동 638,대도영암,어린이공원,36.011199,129.3569967561
경상북도,포항시,남구,대송면 옥명리 524,대각근린,근린공원,35.9641034411,129.3813339817
경상북도,포항시,남구,대송면 옥명리 582-2,공단1근린,근린공원,35.957075,129.3884434834
경상북도,포항시,남구,대송면 옥명리 584-1,공단근린,근린공원,35.9498919865,129.3829952759
충청남도,예산군,예산읍,예산리 산13-1,예산1(중앙공원),근린공원,36.68327393,126.8420678
충청남도,예산군,예산읍,산성리 122,예산4(예산공원),근린공원,36.6872539,126.8380071
충청남도,예산군,예산읍,향천리 산 66-2,예산12(삽티공원),근린공원,36.67813077,126.8580339
충청남도,예산군,예산읍,대회리 294-4,예산13(대회공원),근린공원,36.67416554,126.8561493
충청남도,예산군,삽교읍,신가리 266-46,삽교9(9호근린공원),근린공원,36.68546479,126.7382239
충청남도,예산군,삽교읍,목리 687-31,내포1(수암천공원),근린공원,36.66854081,126.6678232
충청남도,예산군,삽교읍,목리 923,내포2(목리천공원),근린공원,36.66128683,126.6735692
충청남도,예산군,고덕면,오추리 816,예당1(근린공원),근린공원,36.76478307,126.7222481
충청남도,예산군,예산읍,산성리 858,예산5(5호어린이공원),어린이공원,36.69091708,126.8326322
충청남도,예산군,예산읍,신례원리 262-48,예산7(상록공원),어린이공원,36.72500861,126.8404102
충청남도,예산군,삽교읍,효림리 535,삽교13(13호어린이공원),어린이공원,36.67170401,126.7514443
충청남도,예산군,삽교읍,목리 산 75-13,내포4(쇠똥구리공원),어린이공원,36.66566492,126.6716835
충청남도,예산군,삽교읍,목리 880,내포5(소금쟁이공원),어린이공원,36.66621793,126.6777794
충청남도,예산군,삽교읍,목리 838,내포6(풍뎅이숲공원),어린이공원,36.66640993,126.6814927
전북특별자치도,군산시,미장동,513-2,미장동공원,소공원,35.965947,126.7321931
전북특별자치도,군산시,미장동,517,미장동공원,소공원,35.965602,126.731714
전북특별자치도,군산시,미장동,516-5,미장동공원,소공원,35.965473,126.730884
전북특별자치도,군산시,미장동,515-6,미장동공원,소공원,35.965466,126.730197
전북특별자치도,군산시,미장동,495-12,미장동공원,소공원,35.965457,126.729409
전북특별자치도,군산시,옥구읍,어은리 2087,어은리공원,소공원,35.893703,126.674632
전북특별자치도,군산시,옥구읍,어은리 2052,어은리공원,소공원,35.894465,126.674265
전북특별자치도,군산시,옥구읍,어은리 2068,어은리공원,소공원,35.894078,126.673541
전북특별자치도,군산시,금광동,156-57,금광동공원,소공원,35.982219,126.708927
전북특별자치도,군산시,비응도동,80-5,비응남로공원,소공원,35.939679,126.528607
전북특별자치도,군산시,비응도동,101,비응동로공원,소공원,35.937709,126.5328417
전북특별자치도,군산시,조촌동,2,제92호,어린이공원,35.98162066,126.743341
전북특별자치도,군산시,조촌동,2,제91호,어린이공원,35.98162066,126.743341
전북특별자치도,군산시,미장동,529-4,98호 공원,어린이공원,35.962973,126.732199
전북특별자치도,군산시,미장동,558-1,97호 공원,어린이공원,35.9604195,126.735388
전북특별자치도,군산시,미장동,506,96호 공원,어린이공원,35.967995,126.729868
대구광역시,수성구,상동,17,희망공원,어린이공원,35.83928311,128.6151487
대구광역시,수성구,상동,54,청소년공원,어린이공원,35.83673574,128.6134592
대구광역시,수성구,상동,343,들안길공원,어린이공원,35.83400502,128.613471
대구광역시,수성구,상동,400-1,덕화공원,어린이공원,35.831948,128.615616
대구광역시,수성구,두산동,41,샛터공원,어린이공원,35.837827,128.6209927
대구광역시,수성구,두산동,141,아랫마을공원,어린이공원,35.83417949,128.6196665
대구광역시,수성구,두산동,155,끝동공원,어린이공원,35.832236,128.618209
대구광역시,수성구,지산동,1013,지산공원,어린이공원,35.83494085,128.6269448
대구광역시,수성구,지산동,1184-5,현대공원,어린이공원,35.82258001,128.6253161
대구광역시,수성구,지산동,1211-2,거성공원,어린이공원,35.81985812,128.6358618
